timestamp,source,scan_id,poll_interval_sec,route,direction,station_index,staCode,busPlate,status,speed
2026-07-26T08:12:42.824Z,cloudflare_catchup,cloudflare_catchup_20260726081142_11-15-H1-H2-101-102-39-73,60,73,0,1,T556,AB6049,1,4
2026-07-26T08:12:42.824Z,cloudflare_catchup,cloudflare_catchup_20260726081142_11-15-H1-H2-101-102-39-73,60,73,0,6,T423,AA7224,0,35
2026-07-26T08:12:42.824Z,cloudflare_catchup,cloudflare_catchup_20260726081142_11-15-H1-H2-101-102-39-73,60,73,0,8,T431,AA6710,0,44
2026-07-26T08:12:42.824Z,cloudflare_catchup,cloudflare_catchup_20260726081142_11-15-H1-H2-101-102-39-73,60,73,0,9,M172/16,AA2654,0,16
2026-07-26T08:12:42.824Z,cloudflare_catchup,cloudflare_catchup_20260726081142_11-15-H1-H2-101-102-39-73,60,73,0,11,M231,AB6393,0,40
2026-07-26T08:12:42.824Z,cloudflare_catchup,cloudflare_catchup_20260726081142_11-15-H1-H2-101-102-39-73,60,73,0,11,M231,AA7619,0,26
2026-07-26T08:12:42.824Z,cloudflare_catchup,cloudflare_catchup_20260726081142_11-15-H1-H2-101-102-39-73,60,73,0,15,T430,AB6171,0,48
2026-07-26T08:12:42.824Z,cloudflare_catchup,cloudflare_catchup_20260726081142_11-15-H1-H2-101-102-39-73,60,73,0,21,T552,AA5945,1,44
2026-07-26T08:13:43.545Z,cloudflare_catchup,cloudflare_catchup_20260726081142_11-15-H1-H2-101-102-39-73,60,73,0,1,T556,AB6049,1,38
2026-07-26T08:13:43.545Z,cloudflare_catchup,cloudflare_catchup_20260726081142_11-15-H1-H2-101-102-39-73,60,73,0,7,T421,AA7224,0,34
2026-07-26T08:13:43.545Z,cloudflare_catchup,cloudflare_catchup_20260726081142_11-15-H1-H2-101-102-39-73,60,73,0,8,T431,AA6710,0,45
2026-07-26T08:13:43.545Z,cloudflare_catchup,cloudflare_catchup_20260726081142_11-15-H1-H2-101-102-39-73,60,73,0,9,M172/16,AA2654,0,46
2026-07-26T08:13:43.545Z,cloudflare_catchup,cloudflare_catchup_20260726081142_11-15-H1-H2-101-102-39-73,60,73,0,11,M231,AB6393,0,41
2026-07-26T08:13:43.545Z,cloudflare_catchup,cloudflare_catchup_20260726081142_11-15-H1-H2-101-102-39-73,60,73,0,12,M219,AA7619,1,21
2026-07-26T08:13:43.545Z,cloudflare_catchup,cloudflare_catchup_20260726081142_11-15-H1-H2-101-102-39-73,60,73,0,16,T328,AB6171,1,2
2026-07-26T08:13:43.545Z,cloudflare_catchup,cloudflare_catchup_20260726081142_11-15-H1-H2-101-102-39-73,60,73,0,22,T553,AA5945,0,33
2026-07-26T08:14:44.482Z,cloudflare_catchup,cloudflare_catchup_20260726081142_11-15-H1-H2-101-102-39-73,60,73,0,2,T557,AB6049,0,28
2026-07-26T08:14:44.482Z,cloudflare_catchup,cloudflare_catchup_20260726081142_11-15-H1-H2-101-102-39-73,60,73,0,7,T421,AA7224,0,48
2026-07-26T08:14:44.482Z,cloudflare_catchup,cloudflare_catchup_20260726081142_11-15-H1-H2-101-102-39-73,60,73,0,9,M172/16,AA2654,0,27
2026-07-26T08:14:44.482Z,cloudflare_catchup,cloudflare_catchup_20260726081142_11-15-H1-H2-101-102-39-73,60,73,0,9,M172/16,AA6710,1,4
2026-07-26T08:14:44.482Z,cloudflare_catchup,cloudflare_catchup_20260726081142_11-15-H1-H2-101-102-39-73,60,73,0,11,M231,AB6393,0,48
2026-07-26T08:14:44.482Z,cloudflare_catchup,cloudflare_catchup_20260726081142_11-15-H1-H2-101-102-39-73,60,73,0,12,M219,AA7619,0,8
2026-07-26T08:14:44.482Z,cloudflare_catchup,cloudflare_catchup_20260726081142_11-15-H1-H2-101-102-39-73,60,73,0,16,T328,AB6171,0,47
2026-07-26T08:14:44.482Z,cloudflare_catchup,cloudflare_catchup_20260726081142_11-15-H1-H2-101-102-39-73,60,73,0,23,T554,AA5945,0,36
2026-07-26T08:15:45.229Z,cloudflare_catchup,cloudflare_catchup_20260726081142_11-15-H1-H2-101-102-39-73,60,73,0,3,T558,AB6049,0,49
2026-07-26T08:15:45.229Z,cloudflare_catchup,cloudflare_catchup_20260726081142_11-15-H1-H2-101-102-39-73,60,73,0,7,T421,AA7224,0,31
2026-07-26T08:15:45.229Z,cloudflare_catchup,cloudflare_catchup_20260726081142_11-15-H1-H2-101-102-39-73,60,73,0,9,M172/16,AA2654,0,25
2026-07-26T08:15:45.229Z,cloudflare_catchup,cloudflare_catchup_20260726081142_11-15-H1-H2-101-102-39-73,60,73,0,9,M172/16,AA6710,0,45
2026-07-26T08:15:45.229Z,cloudflare_catchup,cloudflare_catchup_20260726081142_11-15-H1-H2-101-102-39-73,60,73,0,11,M231,AB6393,0,47
2026-07-26T08:15:45.229Z,cloudflare_catchup,cloudflare_catchup_20260726081142_11-15-H1-H2-101-102-39-73,60,73,0,12,M219,AA7619,0,11
2026-07-26T08:15:45.229Z,cloudflare_catchup,cloudflare_catchup_20260726081142_11-15-H1-H2-101-102-39-73,60,73,0,17,T420,AB6171,1,45
2026-07-26T08:15:45.229Z,cloudflare_catchup,cloudflare_catchup_20260726081142_11-15-H1-H2-101-102-39-73,60,73,0,24,T555/2,AA5945,0,40
2026-07-26T08:16:46.120Z,cloudflare_catchup,cloudflare_catchup_20260726081142_11-15-H1-H2-101-102-39-73,60,73,0,3,T558,AB6049,0,24
2026-07-26T08:16:46.120Z,cloudflare_catchup,cloudflare_catchup_20260726081142_11-15-H1-H2-101-102-39-73,60,73,0,8,T431,AA7224,0,44
2026-07-26T08:16:46.120Z,cloudflare_catchup,cloudflare_catchup_20260726081142_11-15-H1-H2-101-102-39-73,60,73,0,9,M172/16,AA2654,0,28
2026-07-26T08:16:46.120Z,cloudflare_catchup,cloudflare_catchup_20260726081142_11-15-H1-H2-101-102-39-73,60,73,0,9,M172/16,AA6710,0,44
2026-07-26T08:16:46.120Z,cloudflare_catchup,cloudflare_catchup_20260726081142_11-15-H1-H2-101-102-39-73,60,73,0,11,M231,AB6393,0,31
2026-07-26T08:16:46.120Z,cloudflare_catchup,cloudflare_catchup_20260726081142_11-15-H1-H2-101-102-39-73,60,73,0,13,M50,AA7619,0,35
2026-07-26T08:16:46.120Z,cloudflare_catchup,cloudflare_catchup_20260726081142_11-15-H1-H2-101-102-39-73,60,73,0,18,T422,AB6171,1,49
2026-07-26T08:16:46.120Z,cloudflare_catchup,cloudflare_catchup_20260726081142_11-15-H1-H2-101-102-39-73,60,73,0,25,T550/4,AA5945,1,0
2026-07-26T08:17:46.807Z,cloudflare_catchup,cloudflare_catchup_20260726081142_11-15-H1-H2-101-102-39-73,60,73,0,4,T551/1,AB6049,0,45
2026-07-26T08:17:46.807Z,cloudflare_catchup,cloudflare_catchup_20260726081142_11-15-H1-H2-101-102-39-73,60,73,0,8,T431,AA7224,0,49
2026-07-26T08:17:46.807Z,cloudflare_catchup,cloudflare_catchup_20260726081142_11-15-H1-H2-101-102-39-73,60,73,0,9,M172/16,AA6710,0,39
2026-07-26T08:17:46.807Z,cloudflare_catchup,cloudflare_catchup_20260726081142_11-15-H1-H2-101-102-39-73,60,73,0,10,M247,AA2654,0,25
2026-07-26T08:17:46.807Z,cloudflare_catchup,cloudflare_catchup_20260726081142_11-15-H1-H2-101-102-39-73,60,73,0,13,M50,AA7619,0,8
2026-07-26T08:17:46.807Z,cloudflare_catchup,cloudflare_catchup_20260726081142_11-15-H1-H2-101-102-39-73,60,73,0,15,T430,AB6393,0,42
2026-07-26T08:17:46.807Z,cloudflare_catchup,cloudflare_catchup_20260726081142_11-15-H1-H2-101-102-39-73,60,73,0,18,T422,AB6171,0,22
2026-07-26T08:17:46.807Z,cloudflare_catchup,cloudflare_catchup_20260726081142_11-15-H1-H2-101-102-39-73,60,73,0,25,T550/4,AA5945,1,0
2026-07-26T08:18:47.605Z,cloudflare_catchup,cloudflare_catchup_20260726081142_11-15-H1-H2-101-102-39-73,60,73,0,4,T551/1,AB6049,0,47
2026-07-26T08:18:47.605Z,cloudflare_catchup,cloudflare_catchup_20260726081142_11-15-H1-H2-101-102-39-73,60,73,0,8,T431,AA7224,0,45
2026-07-26T08:18:47.605Z,cloudflare_catchup,cloudflare_catchup_20260726081142_11-15-H1-H2-101-102-39-73,60,73,0,9,M172/16,AA6710,0,28
2026-07-26T08:18:47.605Z,cloudflare_catchup,cloudflare_catchup_20260726081142_11-15-H1-H2-101-102-39-73,60,73,0,11,M231,AA2654,0,3
2026-07-26T08:18:47.605Z,cloudflare_catchup,cloudflare_catchup_20260726081142_11-15-H1-H2-101-102-39-73,60,73,0,13,M50,AA7619,0,5
2026-07-26T08:18:47.605Z,cloudflare_catchup,cloudflare_catchup_20260726081142_11-15-H1-H2-101-102-39-73,60,73,0,15,T430,AB6393,0,9
2026-07-26T08:18:47.605Z,cloudflare_catchup,cloudflare_catchup_20260726081142_11-15-H1-H2-101-102-39-73,60,73,0,19,T424,AB6171,1,41
2026-07-26T08:18:47.605Z,cloudflare_catchup,cloudflare_catchup_20260726081142_11-15-H1-H2-101-102-39-73,60,73,0,25,T550/4,AA5945,1,0
2026-07-26T08:19:48.393Z,cloudflare_catchup,cloudflare_catchup_20260726081142_11-15-H1-H2-101-102-39-73,60,73,0,4,T551/1,AB6049,0,48
2026-07-26T08:19:48.393Z,cloudflare_catchup,cloudflare_catchup_20260726081142_11-15-H1-H2-101-102-39-73,60,73,0,8,T431,AA7224,0,38
2026-07-26T08:19:48.393Z,cloudflare_catchup,cloudflare_catchup_20260726081142_11-15-H1-H2-101-102-39-73,60,73,0,9,M172/16,AA6710,0,47
2026-07-26T08:19:48.393Z,cloudflare_catchup,cloudflare_catchup_20260726081142_11-15-H1-H2-101-102-39-73,60,73,0,11,M231,AA2654,0,4
2026-07-26T08:19:48.393Z,cloudflare_catchup,cloudflare_catchup_20260726081142_11-15-H1-H2-101-102-39-73,60,73,0,13,M50,AA7619,0,39
2026-07-26T08:19:48.393Z,cloudflare_catchup,cloudflare_catchup_20260726081142_11-15-H1-H2-101-102-39-73,60,73,0,16,T328,AB6393,0,41
2026-07-26T08:19:48.393Z,cloudflare_catchup,cloudflare_catchup_20260726081142_11-15-H1-H2-101-102-39-73,60,73,0,19,T424,AB6171,0,47
2026-07-26T08:19:48.393Z,cloudflare_catchup,cloudflare_catchup_20260726081142_11-15-H1-H2-101-102-39-73,60,73,0,25,T550/4,AA5945,1,0
2026-07-26T08:20:49.285Z,cloudflare_catchup,cloudflare_catchup_20260726081142_11-15-H1-H2-101-102-39-73,60,73,0,5,T425,AB6049,1,33
2026-07-26T08:20:49.285Z,cloudflare_catchup,cloudflare_catchup_20260726081142_11-15-H1-H2-101-102-39-73,60,73,0,8,T431,AA7224,0,41
2026-07-26T08:20:49.285Z,cloudflare_catchup,cloudflare_catchup_20260726081142_11-15-H1-H2-101-102-39-73,60,73,0,9,M172/16,AA6710,0,23
2026-07-26T08:20:49.285Z,cloudflare_catchup,cloudflare_catchup_20260726081142_11-15-H1-H2-101-102-39-73,60,73,0,12,M219,AA2654,1,7
2026-07-26T08:20:49.285Z,cloudflare_catchup,cloudflare_catchup_20260726081142_11-15-H1-H2-101-102-39-73,60,73,0,13,M50,AA7619,0,43
2026-07-26T08:20:49.285Z,cloudflare_catchup,cloudflare_catchup_20260726081142_11-15-H1-H2-101-102-39-73,60,73,0,16,T328,AB6393,0,2
2026-07-26T08:20:49.285Z,cloudflare_catchup,cloudflare_catchup_20260726081142_11-15-H1-H2-101-102-39-73,60,73,0,19,T424,AB6171,0,50
2026-07-26T08:20:49.285Z,cloudflare_catchup,cloudflare_catchup_20260726081142_11-15-H1-H2-101-102-39-73,60,73,0,25,T550/4,AA5945,1,0
2026-07-26T08:21:50.080Z,cloudflare_catchup,cloudflare_catchup_20260726081142_11-15-H1-H2-101-102-39-73,60,73,0,1,T556,AB6613,1,27
2026-07-26T08:21:50.080Z,cloudflare_catchup,cloudflare_catchup_20260726081142_11-15-H1-H2-101-102-39-73,60,73,0,5,T425,AB6049,0,36
2026-07-26T08:21:50.080Z,cloudflare_catchup,cloudflare_catchup_20260726081142_11-15-H1-H2-101-102-39-73,60,73,0,9,M172/16,AA6710,0,32
2026-07-26T08:21:50.080Z,cloudflare_catchup,cloudflare_catchup_20260726081142_11-15-H1-H2-101-102-39-73,60,73,0,9,M172/16,AA7224,1,32
2026-07-26T08:21:50.080Z,cloudflare_catchup,cloudflare_catchup_20260726081142_11-15-H1-H2-101-102-39-73,60,73,0,12,M219,AA2654,0,4
2026-07-26T08:21:50.080Z,cloudflare_catchup,cloudflare_catchup_20260726081142_11-15-H1-H2-101-102-39-73,60,73,0,13,M50,AA7619,0,34
2026-07-26T08:21:50.080Z,cloudflare_catchup,cloudflare_catchup_20260726081142_11-15-H1-H2-101-102-39-73,60,73,0,17,T420,AB6393,1,8
2026-07-26T08:21:50.080Z,cloudflare_catchup,cloudflare_catchup_20260726081142_11-15-H1-H2-101-102-39-73,60,73,0,19,T424,AB6171,0,47
2026-07-26T08:22:50.751Z,cloudflare_catchup,cloudflare_catchup_20260726081142_11-15-H1-H2-101-102-39-73,60,73,0,1,T556,AB6613,1,12
2026-07-26T08:22:50.751Z,cloudflare_catchup,cloudflare_catchup_20260726081142_11-15-H1-H2-101-102-39-73,60,73,0,6,T423,AB6049,1,29
2026-07-26T08:22:50.751Z,cloudflare_catchup,cloudflare_catchup_20260726081142_11-15-H1-H2-101-102-39-73,60,73,0,9,M172/16,AA7224,0,42
2026-07-26T08:22:50.751Z,cloudflare_catchup,cloudflare_catchup_20260726081142_11-15-H1-H2-101-102-39-73,60,73,0,10,M247,AA6710,0,27
2026-07-26T08:22:50.751Z,cloudflare_catchup,cloudflare_catchup_20260726081142_11-15-H1-H2-101-102-39-73,60,73,0,12,M219,AA2654,0,3
2026-07-26T08:22:50.751Z,cloudflare_catchup,cloudflare_catchup_20260726081142_11-15-H1-H2-101-102-39-73,60,73,0,13,M50,AA7619,0,26
2026-07-26T08:22:50.751Z,cloudflare_catchup,cloudflare_catchup_20260726081142_11-15-H1-H2-101-102-39-73,60,73,0,18,T422,AB6393,0,49
2026-07-26T08:22:50.751Z,cloudflare_catchup,cloudflare_catchup_20260726081142_11-15-H1-H2-101-102-39-73,60,73,0,20,T559,AB6171,1,25
2026-07-26T08:23:51.627Z,cloudflare_catchup,cloudflare_catchup_20260726081142_11-15-H1-H2-101-102-39-73,60,73,0,1,T556,AB6613,1,12
2026-07-26T08:23:51.627Z,cloudflare_catchup,cloudflare_catchup_20260726081142_11-15-H1-H2-101-102-39-73,60,73,0,7,T421,AB6049,1,8
2026-07-26T08:23:51.627Z,cloudflare_catchup,cloudflare_catchup_20260726081142_11-15-H1-H2-101-102-39-73,60,73,0,9,M172/16,AA7224,0,47
2026-07-26T08:23:51.627Z,cloudflare_catchup,cloudflare_catchup_20260726081142_11-15-H1-H2-101-102-39-73,60,73,0,11,M231,AA6710,0,10
2026-07-26T08:23:51.627Z,cloudflare_catchup,cloudflare_catchup_20260726081142_11-15-H1-H2-101-102-39-73,60,73,0,13,M50,AA2654,1,28
2026-07-26T08:23:51.627Z,cloudflare_catchup,cloudflare_catchup_20260726081142_11-15-H1-H2-101-102-39-73,60,73,0,14,M172/7,AA7619,0,5
2026-07-26T08:23:51.627Z,cloudflare_catchup,cloudflare_catchup_20260726081142_11-15-H1-H2-101-102-39-73,60,73,0,18,T422,AB6393,0,4
2026-07-26T08:23:51.627Z,cloudflare_catchup,cloudflare_catchup_20260726081142_11-15-H1-H2-101-102-39-73,60,73,0,21,T552,AB6171,0,47
2026-07-26T08:24:52.416Z,cloudflare_catchup,cloudflare_catchup_20260726081142_11-15-H1-H2-101-102-39-73,60,73,0,1,T556,AB6613,1,12
2026-07-26T08:24:52.416Z,cloudflare_catchup,cloudflare_catchup_20260726081142_11-15-H1-H2-101-102-39-73,60,73,0,7,T421,AB6049,0,46
2026-07-26T08:24:52.416Z,cloudflare_catchup,cloudflare_catchup_20260726081142_11-15-H1-H2-101-102-39-73,60,73,0,9,M172/16,AA7224,0,46
2026-07-26T08:24:52.416Z,cloudflare_catchup,cloudflare_catchup_20260726081142_11-15-H1-H2-101-102-39-73,60,73,0,11,M231,AA6710,0,23
2026-07-26T08:24:52.416Z,cloudflare_catchup,cloudflare_catchup_20260726081142_11-15-H1-H2-101-102-39-73,60,73,0,13,M50,AA2654,0,15
2026-07-26T08:24:52.416Z,cloudflare_catchup,cloudflare_catchup_20260726081142_11-15-H1-H2-101-102-39-73,60,73,0,14,M172/7,AA7619,0,5
2026-07-26T08:24:52.416Z,cloudflare_catchup,cloudflare_catchup_20260726081142_11-15-H1-H2-101-102-39-73,60,73,0,18,T422,AB6393,0,31
2026-07-26T08:24:52.416Z,cloudflare_catchup,cloudflare_catchup_20260726081142_11-15-H1-H2-101-102-39-73,60,73,0,22,T553,AB6171,0,34
2026-07-26T08:25:53.345Z,cloudflare_catchup,cloudflare_catchup_20260726081142_11-15-H1-H2-101-102-39-73,60,73,0,1,T556,AB6613,1,46
2026-07-26T08:25:53.345Z,cloudflare_catchup,cloudflare_catchup_20260726081142_11-15-H1-H2-101-102-39-73,60,73,0,7,T421,AB6049,0,48
2026-07-26T08:25:53.345Z,cloudflare_catchup,cloudflare_catchup_20260726081142_11-15-H1-H2-101-102-39-73,60,73,0,9,M172/16,AA7224,0,15
2026-07-26T08:25:53.345Z,cloudflare_catchup,cloudflare_catchup_20260726081142_11-15-H1-H2-101-102-39-73,60,73,0,12,M219,AA6710,1,20
2026-07-26T08:25:53.345Z,cloudflare_catchup,cloudflare_catchup_20260726081142_11-15-H1-H2-101-102-39-73,60,73,0,13,M50,AA2654,0,9
2026-07-26T08:25:53.345Z,cloudflare_catchup,cloudflare_catchup_20260726081142_11-15-H1-H2-101-102-39-73,60,73,0,14,M172/7,AA7619,0,15
2026-07-26T08:25:53.345Z,cloudflare_catchup,cloudflare_catchup_20260726081142_11-15-H1-H2-101-102-39-73,60,73,0,19,T424,AB6393,0,44
2026-07-26T08:25:53.345Z,cloudflare_catchup,cloudflare_catchup_20260726081142_11-15-H1-H2-101-102-39-73,60,73,0,23,T554,AB6171,0,43
2026-07-26T08:27:22.135Z,cloudflare_catchup,cloudflare_catchup_20260726081142_11-15-H1-H2-101-102-39-73,60,73,0,4,T551/1,AB6613,0,38
2026-07-26T08:27:22.135Z,cloudflare_catchup,cloudflare_catchup_20260726081142_11-15-H1-H2-101-102-39-73,60,73,0,8,T431,AB6049,0,33
2026-07-26T08:27:22.135Z,cloudflare_catchup,cloudflare_catchup_20260726081142_11-15-H1-H2-101-102-39-73,60,73,0,9,M172/16,AA7224,0,13
2026-07-26T08:27:22.135Z,cloudflare_catchup,cloudflare_catchup_20260726081142_11-15-H1-H2-101-102-39-73,60,73,0,12,M219,AA6710,0,1
2026-07-26T08:27:22.135Z,cloudflare_catchup,cloudflare_catchup_20260726081142_11-15-H1-H2-101-102-39-73,60,73,0,13,M50,AA2654,0,11
2026-07-26T08:27:22.135Z,cloudflare_catchup,cloudflare_catchup_20260726081142_11-15-H1-H2-101-102-39-73,60,73,0,14,M172/7,AA7619,0,43
2026-07-26T08:27:22.135Z,cloudflare_catchup,cloudflare_catchup_20260726081142_11-15-H1-H2-101-102-39-73,60,73,0,19,T424,AB6393,0,49
2026-07-26T08:27:22.135Z,cloudflare_catchup,cloudflare_catchup_20260726081142_11-15-H1-H2-101-102-39-73,60,73,0,24,T555/2,AB6171,0,34
2026-07-26T08:29:01.781Z,cloudflare_catchup,cloudflare_catchup_20260726081142_11-15-H1-H2-101-102-39-73,60,73,0,4,T551/1,AB6613,0,47
2026-07-26T08:29:01.781Z,cloudflare_catchup,cloudflare_catchup_20260726081142_11-15-H1-H2-101-102-39-73,60,73,0,8,T431,AB6049,0,47
2026-07-26T08:29:01.781Z,cloudflare_catchup,cloudflare_catchup_20260726081142_11-15-H1-H2-101-102-39-73,60,73,0,9,M172/16,AA7224,0,33
2026-07-26T08:29:01.781Z,cloudflare_catchup,cloudflare_catchup_20260726081142_11-15-H1-H2-101-102-39-73,60,73,0,13,M50,AA2654,0,44
2026-07-26T08:29:01.781Z,cloudflare_catchup,cloudflare_catchup_20260726081142_11-15-H1-H2-101-102-39-73,60,73,0,13,M50,AA6710,0,48
2026-07-26T08:29:01.781Z,cloudflare_catchup,cloudflare_catchup_20260726081142_11-15-H1-H2-101-102-39-73,60,73,0,14,M172/7,AA7619,0,48
2026-07-26T08:29:01.781Z,cloudflare_catchup,cloudflare_catchup_20260726081142_11-15-H1-H2-101-102-39-73,60,73,0,20,T559,AB6393,1,3
2026-07-26T08:29:01.781Z,cloudflare_catchup,cloudflare_catchup_20260726081142_11-15-H1-H2-101-102-39-73,60,73,0,25,T550/4,AB6171,1,0
2026-07-26T08:30:02.614Z,cloudflare_catchup,cloudflare_catchup_20260726081142_11-15-H1-H2-101-102-39-73,60,73,0,0,T550/4,AB6136,1,4
2026-07-26T08:30:02.614Z,cloudflare_catchup,cloudflare_catchup_20260726081142_11-15-H1-H2-101-102-39-73,60,73,0,6,T423,AB6613,1,47
2026-07-26T08:30:02.614Z,cloudflare_catchup,cloudflare_catchup_20260726081142_11-15-H1-H2-101-102-39-73,60,73,0,8,T431,AB6049,0,46
2026-07-26T08:30:02.614Z,cloudflare_catchup,cloudflare_catchup_20260726081142_11-15-H1-H2-101-102-39-73,60,73,0,9,M172/16,AA7224,0,6
2026-07-26T08:30:02.614Z,cloudflare_catchup,cloudflare_catchup_20260726081142_11-15-H1-H2-101-102-39-73,60,73,0,13,M50,AA2654,0,27
2026-07-26T08:30:02.614Z,cloudflare_catchup,cloudflare_catchup_20260726081142_11-15-H1-H2-101-102-39-73,60,73,0,13,M50,AA6710,0,38
2026-07-26T08:30:02.614Z,cloudflare_catchup,cloudflare_catchup_20260726081142_11-15-H1-H2-101-102-39-73,60,73,0,14,M172/7,AA7619,0,13
2026-07-26T08:30:02.614Z,cloudflare_catchup,cloudflare_catchup_20260726081142_11-15-H1-H2-101-102-39-73,60,73,0,22,T553,AB6393,1,42
2026-07-26T08:30:02.614Z,cloudflare_catchup,cloudflare_catchup_20260726081142_11-15-H1-H2-101-102-39-73,60,73,0,25,T550/4,AB6171,1,0
2026-07-26T08:31:01.742Z,cloudflare_catchup,cloudflare_catchup_20260726081142_11-15-H1-H2-101-102-39-73,60,73,0,1,T556,AB6136,1,25
2026-07-26T08:31:01.742Z,cloudflare_catchup,cloudflare_catchup_20260726081142_11-15-H1-H2-101-102-39-73,60,73,0,6,T423,AB6613,0,45
2026-07-26T08:31:01.742Z,cloudflare_catchup,cloudflare_catchup_20260726081142_11-15-H1-H2-101-102-39-73,60,73,0,8,T431,AB6049,0,43
2026-07-26T08:31:01.742Z,cloudflare_catchup,cloudflare_catchup_20260726081142_11-15-H1-H2-101-102-39-73,60,73,0,10,M247,AA7224,1,35
2026-07-26T08:31:01.742Z,cloudflare_catchup,cloudflare_catchup_20260726081142_11-15-H1-H2-101-102-39-73,60,73,0,13,M50,AA2654,0,42
2026-07-26T08:31:01.742Z,cloudflare_catchup,cloudflare_catchup_20260726081142_11-15-H1-H2-101-102-39-73,60,73,0,13,M50,AA6710,0,44
2026-07-26T08:31:01.742Z,cloudflare_catchup,cloudflare_catchup_20260726081142_11-15-H1-H2-101-102-39-73,60,73,0,15,T430,AA7619,1,44
2026-07-26T08:31:01.742Z,cloudflare_catchup,cloudflare_catchup_20260726081142_11-15-H1-H2-101-102-39-73,60,73,0,22,T553,AB6393,0,22
2026-07-26T08:31:01.742Z,cloudflare_catchup,cloudflare_catchup_20260726081142_11-15-H1-H2-101-102-39-73,60,73,0,25,T550/4,AB6171,1,0
2026-07-26T08:32:02.574Z,cloudflare_catchup,cloudflare_catchup_20260726081142_11-15-H1-H2-101-102-39-73,60,73,0,1,T556,AB6136,0,46
2026-07-26T08:32:02.574Z,cloudflare_catchup,cloudflare_catchup_20260726081142_11-15-H1-H2-101-102-39-73,60,73,0,7,T421,AB6613,0,32
2026-07-26T08:32:02.574Z,cloudflare_catchup,cloudflare_catchup_20260726081142_11-15-H1-H2-101-102-39-73,60,73,0,8,T431,AB6049,0,17
2026-07-26T08:32:02.574Z,cloudflare_catchup,cloudflare_catchup_20260726081142_11-15-H1-H2-101-102-39-73,60,73,0,11,M231,AA7224,1,46
2026-07-26T08:32:02.574Z,cloudflare_catchup,cloudflare_catchup_20260726081142_11-15-H1-H2-101-102-39-73,60,73,0,13,M50,AA2654,0,18
2026-07-26T08:32:02.574Z,cloudflare_catchup,cloudflare_catchup_20260726081142_11-15-H1-H2-101-102-39-73,60,73,0,13,M50,AA6710,0,35
2026-07-26T08:32:02.574Z,cloudflare_catchup,cloudflare_catchup_20260726081142_11-15-H1-H2-101-102-39-73,60,73,0,15,T430,AA7619,0,39
2026-07-26T08:32:02.574Z,cloudflare_catchup,cloudflare_catchup_20260726081142_11-15-H1-H2-101-102-39-73,60,73,0,23,T554,AB6393,0,33
2026-07-26T08:32:02.574Z,cloudflare_catchup,cloudflare_catchup_20260726081142_11-15-H1-H2-101-102-39-73,60,73,0,25,T550/4,AB6171,1,0
2026-07-26T08:33:01.683Z,cloudflare_catchup,cloudflare_catchup_20260726081142_11-15-H1-H2-101-102-39-73,60,73,0,2,T557,AB6136,1,22
2026-07-26T08:33:01.683Z,cloudflare_catchup,cloudflare_catchup_20260726081142_11-15-H1-H2-101-102-39-73,60,73,0,7,T421,AB6613,0,47
2026-07-26T08:33:01.683Z,cloudflare_catchup,cloudflare_catchup_20260726081142_11-15-H1-H2-101-102-39-73,60,73,0,9,M172/16,AB6049,1,3
2026-07-26T08:33:01.683Z,cloudflare_catchup,cloudflare_catchup_20260726081142_11-15-H1-H2-101-102-39-73,60,73,0,11,M231,AA7224,0,29
2026-07-26T08:33:01.683Z,cloudflare_catchup,cloudflare_catchup_20260726081142_11-15-H1-H2-101-102-39-73,60,73,0,13,M50,AA6710,0,8
2026-07-26T08:33:01.683Z,cloudflare_catchup,cloudflare_catchup_20260726081142_11-15-H1-H2-101-102-39-73,60,73,0,14,M172/7,AA2654,0,31
2026-07-26T08:33:01.683Z,cloudflare_catchup,cloudflare_catchup_20260726081142_11-15-H1-H2-101-102-39-73,60,73,0,15,T430,AA7619,0,30
2026-07-26T08:33:01.683Z,cloudflare_catchup,cloudflare_catchup_20260726081142_11-15-H1-H2-101-102-39-73,60,73,0,24,T555/2,AB6393,0,17
2026-07-26T08:34:02.262Z,cloudflare_catchup,cloudflare_catchup_20260726081142_11-15-H1-H2-101-102-39-73,60,73,0,3,T558,AB6136,0,46
2026-07-26T08:34:02.262Z,cloudflare_catchup,cloudflare_catchup_20260726081142_11-15-H1-H2-101-102-39-73,60,73,0,7,T421,AB6613,0,48
2026-07-26T08:34:02.262Z,cloudflare_catchup,cloudflare_catchup_20260726081142_11-15-H1-H2-101-102-39-73,60,73,0,9,M172/16,AB6049,0,37
2026-07-26T08:34:02.262Z,cloudflare_catchup,cloudflare_catchup_20260726081142_11-15-H1-H2-101-102-39-73,60,73,0,11,M231,AA7224,0,34
2026-07-26T08:34:02.262Z,cloudflare_catchup,cloudflare_catchup_20260726081142_11-15-H1-H2-101-102-39-73,60,73,0,13,M50,AA6710,0,44
2026-07-26T08:34:02.262Z,cloudflare_catchup,cloudflare_catchup_20260726081142_11-15-H1-H2-101-102-39-73,60,73,0,14,M172/7,AA2654,0,42
2026-07-26T08:34:02.262Z,cloudflare_catchup,cloudflare_catchup_20260726081142_11-15-H1-H2-101-102-39-73,60,73,0,16,T328,AA7619,1,3
2026-07-26T08:34:02.262Z,cloudflare_catchup,cloudflare_catchup_20260726081142_11-15-H1-H2-101-102-39-73,60,73,0,25,T550/4,AB6393,1,0
2026-07-26T08:35:02.824Z,cloudflare_catchup,cloudflare_catchup_20260726081142_11-15-H1-H2-101-102-39-73,60,73,0,3,T558,AB6136,0,29
2026-07-26T08:35:02.824Z,cloudflare_catchup,cloudflare_catchup_20260726081142_11-15-H1-H2-101-102-39-73,60,73,0,8,T431,AB6613,0,39
2026-07-26T08:35:02.824Z,cloudflare_catchup,cloudflare_catchup_20260726081142_11-15-H1-H2-101-102-39-73,60,73,0,9,M172/16,AB6049,0,39
2026-07-26T08:35:02.824Z,cloudflare_catchup,cloudflare_catchup_20260726081142_11-15-H1-H2-101-102-39-73,60,73,0,12,M219,AA7224,1,1
2026-07-26T08:35:02.824Z,cloudflare_catchup,cloudflare_catchup_20260726081142_11-15-H1-H2-101-102-39-73,60,73,0,13,M50,AA6710,0,4
2026-07-26T08:35:02.824Z,cloudflare_catchup,cloudflare_catchup_20260726081142_11-15-H1-H2-101-102-39-73,60,73,0,14,M172/7,AA2654,0,49
2026-07-26T08:35:02.824Z,cloudflare_catchup,cloudflare_catchup_20260726081142_11-15-H1-H2-101-102-39-73,60,73,0,16,T328,AA7619,0,44
2026-07-26T08:35:02.824Z,cloudflare_catchup,cloudflare_catchup_20260726081142_11-15-H1-H2-101-102-39-73,60,73,0,25,T550/4,AB6393,1,0
2026-07-26T08:36:02.430Z,cloudflare_catchup,cloudflare_catchup_20260726081142_11-15-H1-H2-101-102-39-73,60,73,0,4,T551/1,AB6136,1,31
2026-07-26T08:36:02.430Z,cloudflare_catchup,cloudflare_catchup_20260726081142_11-15-H1-H2-101-102-39-73,60,73,0,8,T431,AB6613,0,48
2026-07-26T08:36:02.430Z,cloudflare_catchup,cloudflare_catchup_20260726081142_11-15-H1-H2-101-102-39-73,60,73,0,9,M172/16,AB6049,0,41
2026-07-26T08:36:02.430Z,cloudflare_catchup,cloudflare_catchup_20260726081142_11-15-H1-H2-101-102-39-73,60,73,0,12,M219,AA7224,0,4
2026-07-26T08:36:02.430Z,cloudflare_catchup,cloudflare_catchup_20260726081142_11-15-H1-H2-101-102-39-73,60,73,0,14,M172/7,AA2654,0,46
2026-07-26T08:36:02.430Z,cloudflare_catchup,cloudflare_catchup_20260726081142_11-15-H1-H2-101-102-39-73,60,73,0,14,M172/7,AA6710,1,7
2026-07-26T08:36:02.430Z,cloudflare_catchup,cloudflare_catchup_20260726081142_11-15-H1-H2-101-102-39-73,60,73,0,17,T420,AA7619,1,31
2026-07-26T08:36:02.430Z,cloudflare_catchup,cloudflare_catchup_20260726081142_11-15-H1-H2-101-102-39-73,60,73,0,25,T550/4,AB6393,1,0
2026-07-26T08:37:01.794Z,cloudflare_catchup,cloudflare_catchup_20260726081142_11-15-H1-H2-101-102-39-73,60,73,0,4,T551/1,AB6136,0,49
2026-07-26T08:37:01.794Z,cloudflare_catchup,cloudflare_catchup_20260726081142_11-15-H1-H2-101-102-39-73,60,73,0,8,T431,AB6613,0,47
2026-07-26T08:37:01.794Z,cloudflare_catchup,cloudflare_catchup_20260726081142_11-15-H1-H2-101-102-39-73,60,73,0,9,M172/16,AB6049,0,36
2026-07-26T08:37:01.794Z,cloudflare_catchup,cloudflare_catchup_20260726081142_11-15-H1-H2-101-102-39-73,60,73,0,13,M50,AA7224,1,30
2026-07-26T08:37:01.794Z,cloudflare_catchup,cloudflare_catchup_20260726081142_11-15-H1-H2-101-102-39-73,60,73,0,14,M172/7,AA2654,0,29
2026-07-26T08:37:01.794Z,cloudflare_catchup,cloudflare_catchup_20260726081142_11-15-H1-H2-101-102-39-73,60,73,0,14,M172/7,AA6710,0,42
2026-07-26T08:37:01.794Z,cloudflare_catchup,cloudflare_catchup_20260726081142_11-15-H1-H2-101-102-39-73,60,73,0,17,T420,AA7619,0,46
2026-07-26T08:37:01.794Z,cloudflare_catchup,cloudflare_catchup_20260726081142_11-15-H1-H2-101-102-39-73,60,73,0,25,T550/4,AB6393,1,0
2026-07-26T08:38:02.376Z,cloudflare_catchup,cloudflare_catchup_20260726081142_11-15-H1-H2-101-102-39-73,60,73,0,0,T550/4,AA5945,1,7
2026-07-26T08:38:02.376Z,cloudflare_catchup,cloudflare_catchup_20260726081142_11-15-H1-H2-101-102-39-73,60,73,0,4,T551/1,AB6136,0,38
2026-07-26T08:38:02.376Z,cloudflare_catchup,cloudflare_catchup_20260726081142_11-15-H1-H2-101-102-39-73,60,73,0,8,T431,AB6613,0,46
2026-07-26T08:38:02.376Z,cloudflare_catchup,cloudflare_catchup_20260726081142_11-15-H1-H2-101-102-39-73,60,73,0,9,M172/16,AB6049,0,25
2026-07-26T08:38:02.376Z,cloudflare_catchup,cloudflare_catchup_20260726081142_11-15-H1-H2-101-102-39-73,60,73,0,13,M50,AA7224,0,47
2026-07-26T08:38:02.376Z,cloudflare_catchup,cloudflare_catchup_20260726081142_11-15-H1-H2-101-102-39-73,60,73,0,14,M172/7,AA6710,0,45
2026-07-26T08:38:02.376Z,cloudflare_catchup,cloudflare_catchup_20260726081142_11-15-H1-H2-101-102-39-73,60,73,0,15,T430,AA2654,1,39
2026-07-26T08:38:02.376Z,cloudflare_catchup,cloudflare_catchup_20260726081142_11-15-H1-H2-101-102-39-73,60,73,0,18,T422,AA7619,0,12
2026-07-26T08:38:02.376Z,cloudflare_catchup,cloudflare_catchup_20260726081142_11-15-H1-H2-101-102-39-73,60,73,0,25,T550/4,AB6393,1,0
2026-07-26T08:39:01.785Z,cloudflare_catchup,cloudflare_catchup_20260726081142_11-15-H1-H2-101-102-39-73,60,73,0,1,T556,AA5945,1,19
2026-07-26T08:39:01.785Z,cloudflare_catchup,cloudflare_catchup_20260726081142_11-15-H1-H2-101-102-39-73,60,73,0,4,T551/1,AB6136,0,38
2026-07-26T08:39:01.785Z,cloudflare_catchup,cloudflare_catchup_20260726081142_11-15-H1-H2-101-102-39-73,60,73,0,8,T431,AB6613,0,46
2026-07-26T08:39:01.785Z,cloudflare_catchup,cloudflare_catchup_20260726081142_11-15-H1-H2-101-102-39-73,60,73,0,9,M172/16,AB6049,0,17
2026-07-26T08:39:01.785Z,cloudflare_catchup,cloudflare_catchup_20260726081142_11-15-H1-H2-101-102-39-73,60,73,0,13,M50,AA7224,0,2
2026-07-26T08:39:01.785Z,cloudflare_catchup,cloudflare_catchup_20260726081142_11-15-H1-H2-101-102-39-73,60,73,0,14,M172/7,AA6710,0,45
2026-07-26T08:39:01.785Z,cloudflare_catchup,cloudflare_catchup_20260726081142_11-15-H1-H2-101-102-39-73,60,73,0,15,T430,AA2654,0,48
2026-07-26T08:39:01.785Z,cloudflare_catchup,cloudflare_catchup_20260726081142_11-15-H1-H2-101-102-39-73,60,73,0,19,T424,AA7619,0,47
2026-07-26T08:40:02.587Z,cloudflare_catchup,cloudflare_catchup_20260726081142_11-15-H1-H2-101-102-39-73,60,73,0,1,T556,AA5945,0,29
2026-07-26T08:40:02.587Z,cloudflare_catchup,cloudflare_catchup_20260726081142_11-15-H1-H2-101-102-39-73,60,73,0,5,T425,AB6136,0,40
2026-07-26T08:40:02.587Z,cloudflare_catchup,cloudflare_catchup_20260726081142_11-15-H1-H2-101-102-39-73,60,73,0,9,M172/16,AB6049,0,27
2026-07-26T08:40:02.587Z,cloudflare_catchup,cloudflare_catchup_20260726081142_11-15-H1-H2-101-102-39-73,60,73,0,9,M172/16,AB6613,1,18
2026-07-26T08:40:02.587Z,cloudflare_catchup,cloudflare_catchup_20260726081142_11-15-H1-H2-101-102-39-73,60,73,0,13,M50,AA7224,0,23
2026-07-26T08:40:02.587Z,cloudflare_catchup,cloudflare_catchup_20260726081142_11-15-H1-H2-101-102-39-73,60,73,0,14,M172/7,AA6710,0,47
2026-07-26T08:40:02.587Z,cloudflare_catchup,cloudflare_catchup_20260726081142_11-15-H1-H2-101-102-39-73,60,73,0,15,T430,AA2654,0,39
2026-07-26T08:40:02.587Z,cloudflare_catchup,cloudflare_catchup_20260726081142_11-15-H1-H2-101-102-39-73,60,73,0,19,T424,AA7619,0,45
2026-07-26T08:41:01.693Z,cloudflare_catchup,cloudflare_catchup_20260726081142_11-15-H1-H2-101-102-39-73,60,73,0,2,T557,AA5945,1,24
2026-07-26T08:41:01.693Z,cloudflare_catchup,cloudflare_catchup_20260726081142_11-15-H1-H2-101-102-39-73,60,73,0,6,T423,AB6136,0,36
2026-07-26T08:41:01.693Z,cloudflare_catchup,cloudflare_catchup_20260726081142_11-15-H1-H2-101-102-39-73,60,73,0,9,M172/16,AB6613,0,42
2026-07-26T08:41:01.693Z,cloudflare_catchup,cloudflare_catchup_20260726081142_11-15-H1-H2-101-102-39-73,60,73,0,10,M247,AB6049,1,24
2026-07-26T08:41:01.693Z,cloudflare_catchup,cloudflare_catchup_20260726081142_11-15-H1-H2-101-102-39-73,60,73,0,13,M50,AA7224,0,36
2026-07-26T08:41:01.693Z,cloudflare_catchup,cloudflare_catchup_20260726081142_11-15-H1-H2-101-102-39-73,60,73,0,14,M172/7,AA6710,0,46
2026-07-26T08:41:01.693Z,cloudflare_catchup,cloudflare_catchup_20260726081142_11-15-H1-H2-101-102-39-73,60,73,0,16,T328,AA2654,0,49
2026-07-26T08:41:01.693Z,cloudflare_catchup,cloudflare_catchup_20260726081142_11-15-H1-H2-101-102-39-73,60,73,0,19,T424,AA7619,0,45
2026-07-26T08:42:02.372Z,cloudflare_catchup,cloudflare_catchup_20260726081142_11-15-H1-H2-101-102-39-73,60,73,0,2,T557,AA5945,0,25
2026-07-26T08:42:02.372Z,cloudflare_catchup,cloudflare_catchup_20260726081142_11-15-H1-H2-101-102-39-73,60,73,0,7,T421,AB6136,0,24
2026-07-26T08:42:02.372Z,cloudflare_catchup,cloudflare_catchup_20260726081142_11-15-H1-H2-101-102-39-73,60,73,0,9,M172/16,AB6613,0,45
2026-07-26T08:42:02.372Z,cloudflare_catchup,cloudflare_catchup_20260726081142_11-15-H1-H2-101-102-39-73,60,73,0,11,M231,AB6049,1,36
2026-07-26T08:42:02.372Z,cloudflare_catchup,cloudflare_catchup_20260726081142_11-15-H1-H2-101-102-39-73,60,73,0,13,M50,AA7224,0,48
2026-07-26T08:42:02.372Z,cloudflare_catchup,cloudflare_catchup_20260726081142_11-15-H1-H2-101-102-39-73,60,73,0,15,T430,AA6710,1,41
2026-07-26T08:42:02.372Z,cloudflare_catchup,cloudflare_catchup_20260726081142_11-15-H1-H2-101-102-39-73,60,73,0,16,T328,AA2654,0,36
2026-07-26T08:42:02.372Z,cloudflare_catchup,cloudflare_catchup_20260726081142_11-15-H1-H2-101-102-39-73,60,73,0,20,T559,AA7619,1,31
2026-07-26T08:43:01.823Z,cloudflare_catchup,cloudflare_catchup_20260726081142_11-15-H1-H2-101-102-39-73,60,73,0,3,T558,AA5945,0,48
2026-07-26T08:43:01.823Z,cloudflare_catchup,cloudflare_catchup_20260726081142_11-15-H1-H2-101-102-39-73,60,73,0,7,T421,AB6136,0,49
2026-07-26T08:43:01.823Z,cloudflare_catchup,cloudflare_catchup_20260726081142_11-15-H1-H2-101-102-39-73,60,73,0,9,M172/16,AB6613,0,47
2026-07-26T08:43:01.823Z,cloudflare_catchup,cloudflare_catchup_20260726081142_11-15-H1-H2-101-102-39-73,60,73,0,11,M231,AB6049,0,5
2026-07-26T08:43:01.823Z,cloudflare_catchup,cloudflare_catchup_20260726081142_11-15-H1-H2-101-102-39-73,60,73,0,13,M50,AA7224,0,32
2026-07-26T08:43:01.823Z,cloudflare_catchup,cloudflare_catchup_20260726081142_11-15-H1-H2-101-102-39-73,60,73,0,15,T430,AA6710,0,39
2026-07-26T08:43:01.823Z,cloudflare_catchup,cloudflare_catchup_20260726081142_11-15-H1-H2-101-102-39-73,60,73,0,18,T422,AA2654,1,47
2026-07-26T08:43:01.823Z,cloudflare_catchup,cloudflare_catchup_20260726081142_11-15-H1-H2-101-102-39-73,60,73,0,21,T552,AA7619,1,46
2026-07-26T08:44:02.482Z,cloudflare_catchup,cloudflare_catchup_20260726081142_11-15-H1-H2-101-102-39-73,60,73,0,4,T551/1,AA5945,1,21
2026-07-26T08:44:02.482Z,cloudflare_catchup,cloudflare_catchup_20260726081142_11-15-H1-H2-101-102-39-73,60,73,0,7,T421,AB6136,0,48
2026-07-26T08:44:02.482Z,cloudflare_catchup,cloudflare_catchup_20260726081142_11-15-H1-H2-101-102-39-73,60,73,0,9,M172/16,AB6613,0,48
2026-07-26T08:44:02.482Z,cloudflare_catchup,cloudflare_catchup_20260726081142_11-15-H1-H2-101-102-39-73,60,73,0,12,M219,AB6049,1,28
2026-07-26T08:44:02.482Z,cloudflare_catchup,cloudflare_catchup_20260726081142_11-15-H1-H2-101-102-39-73,60,73,0,13,M50,AA7224,0,27
2026-07-26T08:44:02.482Z,cloudflare_catchup,cloudflare_catchup_20260726081142_11-15-H1-H2-101-102-39-73,60,73,0,16,T328,AA6710,0,48
2026-07-26T08:44:02.482Z,cloudflare_catchup,cloudflare_catchup_20260726081142_11-15-H1-H2-101-102-39-73,60,73,0,18,T422,AA2654,0,9
2026-07-26T08:44:02.482Z,cloudflare_catchup,cloudflare_catchup_20260726081142_11-15-H1-H2-101-102-39-73,60,73,0,22,T553,AA7619,0,1
2026-07-26T08:45:03.258Z,cloudflare_catchup,cloudflare_catchup_20260726081142_11-15-H1-H2-101-102-39-73,60,73,0,0,T550/4,AB6664,1,13
2026-07-26T08:45:03.258Z,cloudflare_catchup,cloudflare_catchup_20260726081142_11-15-H1-H2-101-102-39-73,60,73,0,4,T551/1,AA5945,0,45
2026-07-26T08:45:03.258Z,cloudflare_catchup,cloudflare_catchup_20260726081142_11-15-H1-H2-101-102-39-73,60,73,0,8,T431,AB6136,0,33
2026-07-26T08:45:03.258Z,cloudflare_catchup,cloudflare_catchup_20260726081142_11-15-H1-H2-101-102-39-73,60,73,0,9,M172/16,AB6613,0,9
2026-07-26T08:45:03.258Z,cloudflare_catchup,cloudflare_catchup_20260726081142_11-15-H1-H2-101-102-39-73,60,73,0,12,M219,AB6049,0,17
2026-07-26T08:45:03.258Z,cloudflare_catchup,cloudflare_catchup_20260726081142_11-15-H1-H2-101-102-39-73,60,73,0,13,M50,AA7224,0,37
2026-07-26T08:45:03.258Z,cloudflare_catchup,cloudflare_catchup_20260726081142_11-15-H1-H2-101-102-39-73,60,73,0,16,T328,AA6710,0,7
2026-07-26T08:45:03.258Z,cloudflare_catchup,cloudflare_catchup_20260726081142_11-15-H1-H2-101-102-39-73,60,73,0,18,T422,AA2654,0,33
2026-07-26T08:45:03.258Z,cloudflare_catchup,cloudflare_catchup_20260726081142_11-15-H1-H2-101-102-39-73,60,73,0,23,T554,AA7619,0,8
2026-07-26T08:46:02.320Z,cloudflare_catchup,cloudflare_catchup_20260726081142_11-15-H1-H2-101-102-39-73,60,73,0,1,T556,AB6664,0,8
2026-07-26T08:46:02.320Z,cloudflare_catchup,cloudflare_catchup_20260726081142_11-15-H1-H2-101-102-39-73,60,73,0,4,T551/1,AA5945,0,47
2026-07-26T08:46:02.320Z,cloudflare_catchup,cloudflare_catchup_20260726081142_11-15-H1-H2-101-102-39-73,60,73,0,8,T431,AB6136,0,44
2026-07-26T08:46:02.320Z,cloudflare_catchup,cloudflare_catchup_20260726081142_11-15-H1-H2-101-102-39-73,60,73,0,9,M172/16,AB6613,0,46
2026-07-26T08:46:02.320Z,cloudflare_catchup,cloudflare_catchup_20260726081142_11-15-H1-H2-101-102-39-73,60,73,0,12,M219,AB6049,0,27
2026-07-26T08:46:02.320Z,cloudflare_catchup,cloudflare_catchup_20260726081142_11-15-H1-H2-101-102-39-73,60,73,0,14,M172/7,AA7224,1,10
2026-07-26T08:46:02.320Z,cloudflare_catchup,cloudflare_catchup_20260726081142_11-15-H1-H2-101-102-39-73,60,73,0,17,T420,AA6710,0,25
2026-07-26T08:46:02.320Z,cloudflare_catchup,cloudflare_catchup_20260726081142_11-15-H1-H2-101-102-39-73,60,73,0,19,T424,AA2654,0,45
2026-07-26T08:46:02.320Z,cloudflare_catchup,cloudflare_catchup_20260726081142_11-15-H1-H2-101-102-39-73,60,73,0,23,T554,AA7619,0,42
2026-07-26T08:47:01.851Z,cloudflare_catchup,cloudflare_catchup_20260726081142_11-15-H1-H2-101-102-39-73,60,73,0,1,T556,AB6664,0,42
2026-07-26T08:47:01.851Z,cloudflare_catchup,cloudflare_catchup_20260726081142_11-15-H1-H2-101-102-39-73,60,73,0,4,T551/1,AA5945,0,38
2026-07-26T08:47:01.851Z,cloudflare_catchup,cloudflare_catchup_20260726081142_11-15-H1-H2-101-102-39-73,60,73,0,8,T431,AB6136,0,47
2026-07-26T08:47:01.851Z,cloudflare_catchup,cloudflare_catchup_20260726081142_11-15-H1-H2-101-102-39-73,60,73,0,9,M172/16,AB6613,0,32
2026-07-26T08:47:01.851Z,cloudflare_catchup,cloudflare_catchup_20260726081142_11-15-H1-H2-101-102-39-73,60,73,0,13,M50,AB6049,1,9
2026-07-26T08:47:01.851Z,cloudflare_catchup,cloudflare_catchup_20260726081142_11-15-H1-H2-101-102-39-73,60,73,0,14,M172/7,AA7224,0,15
2026-07-26T08:47:01.851Z,cloudflare_catchup,cloudflare_catchup_20260726081142_11-15-H1-H2-101-102-39-73,60,73,0,18,T422,AA6710,0,39
2026-07-26T08:47:01.851Z,cloudflare_catchup,cloudflare_catchup_20260726081142_11-15-H1-H2-101-102-39-73,60,73,0,19,T424,AA2654,0,45
2026-07-26T08:47:01.851Z,cloudflare_catchup,cloudflare_catchup_20260726081142_11-15-H1-H2-101-102-39-73,60,73,0,24,T555/2,AA7619,0,44
2026-07-26T08:48:02.454Z,cloudflare_catchup,cloudflare_catchup_20260726081142_11-15-H1-H2-101-102-39-73,60,73,0,2,T557,AB6664,0,26
2026-07-26T08:48:02.454Z,cloudflare_catchup,cloudflare_catchup_20260726081142_11-15-H1-H2-101-102-39-73,60,73,0,5,T425,AA5945,0,41
2026-07-26T08:48:02.454Z,cloudflare_catchup,cloudflare_catchup_20260726081142_11-15-H1-H2-101-102-39-73,60,73,0,8,T431,AB6136,0,44
2026-07-26T08:48:02.454Z,cloudflare_catchup,cloudflare_catchup_20260726081142_11-15-H1-H2-101-102-39-73,60,73,0,10,M247,AB6613,1,25
2026-07-26T08:48:02.454Z,cloudflare_catchup,cloudflare_catchup_20260726081142_11-15-H1-H2-101-102-39-73,60,73,0,13,M50,AB6049,0,26
2026-07-26T08:48:02.454Z,cloudflare_catchup,cloudflare_catchup_20260726081142_11-15-H1-H2-101-102-39-73,60,73,0,14,M172/7,AA7224,0,45
2026-07-26T08:48:02.454Z,cloudflare_catchup,cloudflare_catchup_20260726081142_11-15-H1-H2-101-102-39-73,60,73,0,19,T424,AA2654,0,45
2026-07-26T08:48:02.454Z,cloudflare_catchup,cloudflare_catchup_20260726081142_11-15-H1-H2-101-102-39-73,60,73,0,19,T424,AA6710,0,41
2026-07-26T08:48:02.454Z,cloudflare_catchup,cloudflare_catchup_20260726081142_11-15-H1-H2-101-102-39-73,60,73,0,25,T550/4,AA7619,1,0
2026-07-26T08:49:01.854Z,cloudflare_catchup,cloudflare_catchup_20260726081142_11-15-H1-H2-101-102-39-73,60,73,0,3,T558,AB6664,0,50
2026-07-26T08:49:01.854Z,cloudflare_catchup,cloudflare_catchup_20260726081142_11-15-H1-H2-101-102-39-73,60,73,0,7,T421,AA5945,1,45
2026-07-26T08:49:01.854Z,cloudflare_catchup,cloudflare_catchup_20260726081142_11-15-H1-H2-101-102-39-73,60,73,0,8,T431,AB6136,0,47
2026-07-26T08:49:01.854Z,cloudflare_catchup,cloudflare_catchup_20260726081142_11-15-H1-H2-101-102-39-73,60,73,0,11,M231,AB6613,1,12
2026-07-26T08:49:01.854Z,cloudflare_catchup,cloudflare_catchup_20260726081142_11-15-H1-H2-101-102-39-73,60,73,0,13,M50,AB6049,0,48
2026-07-26T08:49:01.854Z,cloudflare_catchup,cloudflare_catchup_20260726081142_11-15-H1-H2-101-102-39-73,60,73,0,14,M172/7,AA7224,0,46
2026-07-26T08:49:01.854Z,cloudflare_catchup,cloudflare_catchup_20260726081142_11-15-H1-H2-101-102-39-73,60,73,0,19,T424,AA6710,0,40
2026-07-26T08:49:01.854Z,cloudflare_catchup,cloudflare_catchup_20260726081142_11-15-H1-H2-101-102-39-73,60,73,0,20,T559,AA2654,1,15
2026-07-26T08:49:01.854Z,cloudflare_catchup,cloudflare_catchup_20260726081142_11-15-H1-H2-101-102-39-73,60,73,0,25,T550/4,AA7619,1,0
2026-07-26T08:50:02.683Z,cloudflare_catchup,cloudflare_catchup_20260726081142_11-15-H1-H2-101-102-39-73,60,73,0,3,T558,AB6664,0,13
2026-07-26T08:50:02.683Z,cloudflare_catchup,cloudflare_catchup_20260726081142_11-15-H1-H2-101-102-39-73,60,73,0,7,T421,AA5945,0,46
2026-07-26T08:50:02.683Z,cloudflare_catchup,cloudflare_catchup_20260726081142_11-15-H1-H2-101-102-39-73,60,73,0,9,M172/16,AB6136,1,30
2026-07-26T08:50:02.683Z,cloudflare_catchup,cloudflare_catchup_20260726081142_11-15-H1-H2-101-102-39-73,60,73,0,11,M231,AB6613,0,26
2026-07-26T08:50:02.683Z,cloudflare_catchup,cloudflare_catchup_20260726081142_11-15-H1-H2-101-102-39-73,60,73,0,13,M50,AB6049,0,39
2026-07-26T08:50:02.683Z,cloudflare_catchup,cloudflare_catchup_20260726081142_11-15-H1-H2-101-102-39-73,60,73,0,14,M172/7,AA7224,0,47
2026-07-26T08:50:02.683Z,cloudflare_catchup,cloudflare_catchup_20260726081142_11-15-H1-H2-101-102-39-73,60,73,0,19,T424,AA6710,0,40
2026-07-26T08:50:02.683Z,cloudflare_catchup,cloudflare_catchup_20260726081142_11-15-H1-H2-101-102-39-73,60,73,0,21,T552,AA2654,0,42
2026-07-26T08:50:02.683Z,cloudflare_catchup,cloudflare_catchup_20260726081142_11-15-H1-H2-101-102-39-73,60,73,0,25,T550/4,AA7619,1,0
2026-07-26T08:51:01.753Z,cloudflare_catchup,cloudflare_catchup_20260726081142_11-15-H1-H2-101-102-39-73,60,73,0,4,T551/1,AB6664,0,41
2026-07-26T08:51:01.753Z,cloudflare_catchup,cloudflare_catchup_20260726081142_11-15-H1-H2-101-102-39-73,60,73,0,7,T421,AA5945,0,47
2026-07-26T08:51:01.753Z,cloudflare_catchup,cloudflare_catchup_20260726081142_11-15-H1-H2-101-102-39-73,60,73,0,9,M172/16,AB6136,0,43
2026-07-26T08:51:01.753Z,cloudflare_catchup,cloudflare_catchup_20260726081142_11-15-H1-H2-101-102-39-73,60,73,0,12,M219,AB6613,1,22
2026-07-26T08:51:01.753Z,cloudflare_catchup,cloudflare_catchup_20260726081142_11-15-H1-H2-101-102-39-73,60,73,0,13,M50,AB6049,0,49
2026-07-26T08:51:01.753Z,cloudflare_catchup,cloudflare_catchup_20260726081142_11-15-H1-H2-101-102-39-73,60,73,0,14,M172/7,AA7224,0,47
2026-07-26T08:51:01.753Z,cloudflare_catchup,cloudflare_catchup_20260726081142_11-15-H1-H2-101-102-39-73,60,73,0,20,T559,AA6710,1,47
2026-07-26T08:51:01.753Z,cloudflare_catchup,cloudflare_catchup_20260726081142_11-15-H1-H2-101-102-39-73,60,73,0,23,T554,AA2654,1,28
2026-07-26T08:51:01.753Z,cloudflare_catchup,cloudflare_catchup_20260726081142_11-15-H1-H2-101-102-39-73,60,73,0,25,T550/4,AA7619,1,0
2026-07-26T08:52:02.331Z,cloudflare_catchup,cloudflare_catchup_20260726081142_11-15-H1-H2-101-102-39-73,60,73,0,4,T551/1,AB6664,0,49
2026-07-26T08:52:02.331Z,cloudflare_catchup,cloudflare_catchup_20260726081142_11-15-H1-H2-101-102-39-73,60,73,0,7,T421,AA5945,0,45
2026-07-26T08:52:02.331Z,cloudflare_catchup,cloudflare_catchup_20260726081142_11-15-H1-H2-101-102-39-73,60,73,0,9,M172/16,AB6136,0,48
2026-07-26T08:52:02.331Z,cloudflare_catchup,cloudflare_catchup_20260726081142_11-15-H1-H2-101-102-39-73,60,73,0,12,M219,AB6613,0,8
2026-07-26T08:52:02.331Z,cloudflare_catchup,cloudflare_catchup_20260726081142_11-15-H1-H2-101-102-39-73,60,73,0,13,M50,AB6049,0,34
2026-07-26T08:52:02.331Z,cloudflare_catchup,cloudflare_catchup_20260726081142_11-15-H1-H2-101-102-39-73,60,73,0,14,M172/7,AA7224,0,48
2026-07-26T08:52:02.331Z,cloudflare_catchup,cloudflare_catchup_20260726081142_11-15-H1-H2-101-102-39-73,60,73,0,21,T552,AA6710,1,4
2026-07-26T08:52:02.331Z,cloudflare_catchup,cloudflare_catchup_20260726081142_11-15-H1-H2-101-102-39-73,60,73,0,23,T554,AA2654,0,38
2026-07-26T08:52:02.331Z,cloudflare_catchup,cloudflare_catchup_20260726081142_11-15-H1-H2-101-102-39-73,60,73,0,25,T550/4,AA7619,1,0
2026-07-26T08:53:01.743Z,cloudflare_catchup,cloudflare_catchup_20260726081142_11-15-H1-H2-101-102-39-73,60,73,0,0,T550/4,AB6393,1,3
2026-07-26T08:53:01.743Z,cloudflare_catchup,cloudflare_catchup_20260726081142_11-15-H1-H2-101-102-39-73,60,73,0,4,T551/1,AB6664,0,45
2026-07-26T08:53:01.743Z,cloudflare_catchup,cloudflare_catchup_20260726081142_11-15-H1-H2-101-102-39-73,60,73,0,8,T431,AA5945,0,47
2026-07-26T08:53:01.743Z,cloudflare_catchup,cloudflare_catchup_20260726081142_11-15-H1-H2-101-102-39-73,60,73,0,9,M172/16,AB6136,0,37
2026-07-26T08:53:01.743Z,cloudflare_catchup,cloudflare_catchup_20260726081142_11-15-H1-H2-101-102-39-73,60,73,0,12,M219,AB6613,0,8
2026-07-26T08:53:01.743Z,cloudflare_catchup,cloudflare_catchup_20260726081142_11-15-H1-H2-101-102-39-73,60,73,0,13,M50,AB6049,0,40
2026-07-26T08:53:01.743Z,cloudflare_catchup,cloudflare_catchup_20260726081142_11-15-H1-H2-101-102-39-73,60,73,0,15,T430,AA7224,0,32
2026-07-26T08:53:01.743Z,cloudflare_catchup,cloudflare_catchup_20260726081142_11-15-H1-H2-101-102-39-73,60,73,0,22,T553,AA6710,0,41
2026-07-26T08:53:01.743Z,cloudflare_catchup,cloudflare_catchup_20260726081142_11-15-H1-H2-101-102-39-73,60,73,0,24,T555/2,AA2654,0,46
2026-07-26T08:54:02.252Z,cloudflare_catchup,cloudflare_catchup_20260726081142_11-15-H1-H2-101-102-39-73,60,73,0,1,T556,AB6393,1,22
2026-07-26T08:54:02.252Z,cloudflare_catchup,cloudflare_catchup_20260726081142_11-15-H1-H2-101-102-39-73,60,73,0,5,T425,AB6664,0,40
2026-07-26T08:54:02.252Z,cloudflare_catchup,cloudflare_catchup_20260726081142_11-15-H1-H2-101-102-39-73,60,73,0,8,T431,AA5945,0,46
2026-07-26T08:54:02.252Z,cloudflare_catchup,cloudflare_catchup_20260726081142_11-15-H1-H2-101-102-39-73,60,73,0,9,M172/16,AB6136,0,44
2026-07-26T08:54:02.252Z,cloudflare_catchup,cloudflare_catchup_20260726081142_11-15-H1-H2-101-102-39-73,60,73,0,13,M50,AB6049,0,22
2026-07-26T08:54:02.252Z,cloudflare_catchup,cloudflare_catchup_20260726081142_11-15-H1-H2-101-102-39-73,60,73,0,13,M50,AB6613,0,30
2026-07-26T08:54:02.252Z,cloudflare_catchup,cloudflare_catchup_20260726081142_11-15-H1-H2-101-102-39-73,60,73,0,15,T430,AA7224,0,26
2026-07-26T08:54:02.252Z,cloudflare_catchup,cloudflare_catchup_20260726081142_11-15-H1-H2-101-102-39-73,60,73,0,23,T554,AA6710,0,38
2026-07-26T08:54:02.252Z,cloudflare_catchup,cloudflare_catchup_20260726081142_11-15-H1-H2-101-102-39-73,60,73,0,25,T550/4,AA2654,1,0
2026-07-26T08:55:02.984Z,cloudflare_catchup,cloudflare_catchup_20260726081142_11-15-H1-H2-101-102-39-73,60,73,0,1,T556,AB6393,0,31
2026-07-26T08:55:02.984Z,cloudflare_catchup,cloudflare_catchup_20260726081142_11-15-H1-H2-101-102-39-73,60,73,0,6,T423,AB6664,0,23
2026-07-26T08:55:02.984Z,cloudflare_catchup,cloudflare_catchup_20260726081142_11-15-H1-H2-101-102-39-73,60,73,0,8,T431,AA5945,0,47
2026-07-26T08:55:02.984Z,cloudflare_catchup,cloudflare_catchup_20260726081142_11-15-H1-H2-101-102-39-73,60,73,0,9,M172/16,AB6136,0,42
2026-07-26T08:55:02.984Z,cloudflare_catchup,cloudflare_catchup_20260726081142_11-15-H1-H2-101-102-39-73,60,73,0,13,M50,AB6613,0,41
2026-07-26T08:55:02.984Z,cloudflare_catchup,cloudflare_catchup_20260726081142_11-15-H1-H2-101-102-39-73,60,73,0,14,M172/7,AB6049,1,8
2026-07-26T08:55:02.984Z,cloudflare_catchup,cloudflare_catchup_20260726081142_11-15-H1-H2-101-102-39-73,60,73,0,16,T328,AA7224,0,4
2026-07-26T08:55:02.984Z,cloudflare_catchup,cloudflare_catchup_20260726081142_11-15-H1-H2-101-102-39-73,60,73,0,24,T555/2,AA6710,0,31
2026-07-26T08:55:02.984Z,cloudflare_catchup,cloudflare_catchup_20260726081142_11-15-H1-H2-101-102-39-73,60,73,0,25,T550/4,AA2654,1,0
2026-07-26T08:56:02.496Z,cloudflare_catchup,cloudflare_catchup_20260726081142_11-15-H1-H2-101-102-39-73,60,73,0,2,T557,AB6393,1,23
2026-07-26T08:56:02.496Z,cloudflare_catchup,cloudflare_catchup_20260726081142_11-15-H1-H2-101-102-39-73,60,73,0,7,T421,AB6664,1,29
2026-07-26T08:56:02.496Z,cloudflare_catchup,cloudflare_catchup_20260726081142_11-15-H1-H2-101-102-39-73,60,73,0,8,T431,AA5945,0,44
2026-07-26T08:56:02.496Z,cloudflare_catchup,cloudflare_catchup_20260726081142_11-15-H1-H2-101-102-39-73,60,73,0,9,M172/16,AB6136,0,9
2026-07-26T08:56:02.496Z,cloudflare_catchup,cloudflare_catchup_20260726081142_11-15-H1-H2-101-102-39-73,60,73,0,13,M50,AB6613,0,18
2026-07-26T08:56:02.496Z,cloudflare_catchup,cloudflare_catchup_20260726081142_11-15-H1-H2-101-102-39-73,60,73,0,14,M172/7,AB6049,0,2
2026-07-26T08:56:02.496Z,cloudflare_catchup,cloudflare_catchup_20260726081142_11-15-H1-H2-101-102-39-73,60,73,0,16,T328,AA7224,0,36
2026-07-26T08:56:02.496Z,cloudflare_catchup,cloudflare_catchup_20260726081142_11-15-H1-H2-101-102-39-73,60,73,0,25,T550/4,AA2654,1,0
2026-07-26T08:56:02.496Z,cloudflare_catchup,cloudflare_catchup_20260726081142_11-15-H1-H2-101-102-39-73,60,73,0,25,T550/4,AA6710,1,0
2026-07-26T08:57:02.183Z,cloudflare_catchup,cloudflare_catchup_20260726081142_11-15-H1-H2-101-102-39-73,60,73,0,3,T558,AB6393,1,41
2026-07-26T08:57:02.183Z,cloudflare_catchup,cloudflare_catchup_20260726081142_11-15-H1-H2-101-102-39-73,60,73,0,7,T421,AB6664,0,21
2026-07-26T08:57:02.183Z,cloudflare_catchup,cloudflare_catchup_20260726081142_11-15-H1-H2-101-102-39-73,60,73,0,8,T431,AA5945,0,46
2026-07-26T08:57:02.183Z,cloudflare_catchup,cloudflare_catchup_20260726081142_11-15-H1-H2-101-102-39-73,60,73,0,9,M172/16,AB6136,0,34
2026-07-26T08:57:02.183Z,cloudflare_catchup,cloudflare_catchup_20260726081142_11-15-H1-H2-101-102-39-73,60,73,0,13,M50,AB6613,0,35
2026-07-26T08:57:02.183Z,cloudflare_catchup,cloudflare_catchup_20260726081142_11-15-H1-H2-101-102-39-73,60,73,0,14,M172/7,AB6049,0,39
2026-07-26T08:57:02.183Z,cloudflare_catchup,cloudflare_catchup_20260726081142_11-15-H1-H2-101-102-39-73,60,73,0,17,T420,AA7224,1,37
2026-07-26T08:57:02.183Z,cloudflare_catchup,cloudflare_catchup_20260726081142_11-15-H1-H2-101-102-39-73,60,73,0,25,T550/4,AA2654,1,0
2026-07-26T08:57:02.183Z,cloudflare_catchup,cloudflare_catchup_20260726081142_11-15-H1-H2-101-102-39-73,60,73,0,25,T550/4,AA6710,1,0
2026-07-26T08:58:02.507Z,cloudflare_catchup,cloudflare_catchup_20260726081142_11-15-H1-H2-101-102-39-73,60,73,0,3,T558,AB6393,0,37
2026-07-26T08:58:02.507Z,cloudflare_catchup,cloudflare_catchup_20260726081142_11-15-H1-H2-101-102-39-73,60,73,0,7,T421,AB6664,0,44
2026-07-26T08:58:02.507Z,cloudflare_catchup,cloudflare_catchup_20260726081142_11-15-H1-H2-101-102-39-73,60,73,0,9,M172/16,AA5945,1,2
2026-07-26T08:58:02.507Z,cloudflare_catchup,cloudflare_catchup_20260726081142_11-15-H1-H2-101-102-39-73,60,73,0,10,M247,AB6136,1,7
2026-07-26T08:58:02.507Z,cloudflare_catchup,cloudflare_catchup_20260726081142_11-15-H1-H2-101-102-39-73,60,73,0,13,M50,AB6613,0,48
2026-07-26T08:58:02.507Z,cloudflare_catchup,cloudflare_catchup_20260726081142_11-15-H1-H2-101-102-39-73,60,73,0,14,M172/7,AB6049,0,45
2026-07-26T08:58:02.507Z,cloudflare_catchup,cloudflare_catchup_20260726081142_11-15-H1-H2-101-102-39-73,60,73,0,18,T422,AA7224,1,46
2026-07-26T08:58:02.507Z,cloudflare_catchup,cloudflare_catchup_20260726081142_11-15-H1-H2-101-102-39-73,60,73,0,25,T550/4,AA2654,1,0
2026-07-26T08:58:02.507Z,cloudflare_catchup,cloudflare_catchup_20260726081142_11-15-H1-H2-101-102-39-73,60,73,0,25,T550/4,AA6710,1,0
2026-07-26T08:59:01.877Z,cloudflare_catchup,cloudflare_catchup_20260726081142_11-15-H1-H2-101-102-39-73,60,73,0,4,T551/1,AB6393,0,21
2026-07-26T08:59:01.877Z,cloudflare_catchup,cloudflare_catchup_20260726081142_11-15-H1-H2-101-102-39-73,60,73,0,7,T421,AB6664,0,49
2026-07-26T08:59:01.877Z,cloudflare_catchup,cloudflare_catchup_20260726081142_11-15-H1-H2-101-102-39-73,60,73,0,9,M172/16,AA5945,0,36
2026-07-26T08:59:01.877Z,cloudflare_catchup,cloudflare_catchup_20260726081142_11-15-H1-H2-101-102-39-73,60,73,0,10,M247,AB6136,0,22
2026-07-26T08:59:01.877Z,cloudflare_catchup,cloudflare_catchup_20260726081142_11-15-H1-H2-101-102-39-73,60,73,0,13,M50,AB6613,0,46
2026-07-26T08:59:01.877Z,cloudflare_catchup,cloudflare_catchup_20260726081142_11-15-H1-H2-101-102-39-73,60,73,0,14,M172/7,AB6049,0,49
2026-07-26T08:59:01.877Z,cloudflare_catchup,cloudflare_catchup_20260726081142_11-15-H1-H2-101-102-39-73,60,73,0,19,T424,AA7224,1,45
2026-07-26T08:59:01.877Z,cloudflare_catchup,cloudflare_catchup_20260726081142_11-15-H1-H2-101-102-39-73,60,73,0,25,T550/4,AA6710,1,0
2026-07-26T09:00:02.608Z,cloudflare_catchup,cloudflare_catchup_20260726081142_11-15-H1-H2-101-102-39-73,60,73,0,4,T551/1,AB6393,0,50
2026-07-26T09:00:02.608Z,cloudflare_catchup,cloudflare_catchup_20260726081142_11-15-H1-H2-101-102-39-73,60,73,0,8,T431,AB6664,1,4
2026-07-26T09:00:02.608Z,cloudflare_catchup,cloudflare_catchup_20260726081142_11-15-H1-H2-101-102-39-73,60,73,0,9,M172/16,AA5945,0,38
2026-07-26T09:00:02.608Z,cloudflare_catchup,cloudflare_catchup_20260726081142_11-15-H1-H2-101-102-39-73,60,73,0,11,M231,AB6136,1,30
2026-07-26T09:00:02.608Z,cloudflare_catchup,cloudflare_catchup_20260726081142_11-15-H1-H2-101-102-39-73,60,73,0,13,M50,AB6613,0,8
2026-07-26T09:00:02.608Z,cloudflare_catchup,cloudflare_catchup_20260726081142_11-15-H1-H2-101-102-39-73,60,73,0,14,M172/7,AB6049,0,48
2026-07-26T09:00:02.608Z,cloudflare_catchup,cloudflare_catchup_20260726081142_11-15-H1-H2-101-102-39-73,60,73,0,19,T424,AA7224,0,48
2026-07-26T09:00:02.608Z,cloudflare_catchup,cloudflare_catchup_20260726081142_11-15-H1-H2-101-102-39-73,60,73,0,25,T550/4,AA6710,1,0
2026-07-26T09:01:01.840Z,cloudflare_catchup,cloudflare_catchup_20260726081142_11-15-H1-H2-101-102-39-73,60,73,0,4,T551/1,AB6393,0,50
2026-07-26T09:01:01.840Z,cloudflare_catchup,cloudflare_catchup_20260726081142_11-15-H1-H2-101-102-39-73,60,73,0,8,T431,AB6664,0,43
2026-07-26T09:01:01.840Z,cloudflare_catchup,cloudflare_catchup_20260726081142_11-15-H1-H2-101-102-39-73,60,73,0,9,M172/16,AA5945,0,40
2026-07-26T09:01:01.840Z,cloudflare_catchup,cloudflare_catchup_20260726081142_11-15-H1-H2-101-102-39-73,60,73,0,11,M231,AB6136,0,1
2026-07-26T09:01:01.840Z,cloudflare_catchup,cloudflare_catchup_20260726081142_11-15-H1-H2-101-102-39-73,60,73,0,14,M172/7,AB6049,0,47
2026-07-26T09:01:01.840Z,cloudflare_catchup,cloudflare_catchup_20260726081142_11-15-H1-H2-101-102-39-73,60,73,0,14,M172/7,AB6613,0,9
2026-07-26T09:01:01.840Z,cloudflare_catchup,cloudflare_catchup_20260726081142_11-15-H1-H2-101-102-39-73,60,73,0,19,T424,AA7224,0,46
2026-07-26T09:02:02.630Z,cloudflare_catchup,cloudflare_catchup_20260726081142_11-15-H1-H2-101-102-39-73,60,73,0,0,T550/4,AA7619,0,1
2026-07-26T09:02:02.630Z,cloudflare_catchup,cloudflare_catchup_20260726081142_11-15-H1-H2-101-102-39-73,60,73,0,5,T425,AB6393,1,7
2026-07-26T09:02:02.630Z,cloudflare_catchup,cloudflare_catchup_20260726081142_11-15-H1-H2-101-102-39-73,60,73,0,8,T431,AB6664,0,48
2026-07-26T09:02:02.630Z,cloudflare_catchup,cloudflare_catchup_20260726081142_11-15-H1-H2-101-102-39-73,60,73,0,9,M172/16,AA5945,0,16
2026-07-26T09:02:02.630Z,cloudflare_catchup,cloudflare_catchup_20260726081142_11-15-H1-H2-101-102-39-73,60,73,0,12,M219,AB6136,1,6
2026-07-26T09:02:02.630Z,cloudflare_catchup,cloudflare_catchup_20260726081142_11-15-H1-H2-101-102-39-73,60,73,0,14,M172/7,AB6613,0,46
2026-07-26T09:02:02.630Z,cloudflare_catchup,cloudflare_catchup_20260726081142_11-15-H1-H2-101-102-39-73,60,73,0,15,T430,AB6049,0,46
2026-07-26T09:02:02.630Z,cloudflare_catchup,cloudflare_catchup_20260726081142_11-15-H1-H2-101-102-39-73,60,73,0,19,T424,AA7224,0,41
2026-07-26T09:03:01.847Z,cloudflare_catchup,cloudflare_catchup_20260726081142_11-15-H1-H2-101-102-39-73,60,73,0,1,T556,AA7619,1,28
2026-07-26T09:03:01.847Z,cloudflare_catchup,cloudflare_catchup_20260726081142_11-15-H1-H2-101-102-39-73,60,73,0,5,T425,AB6393,0,42
2026-07-26T09:03:01.847Z,cloudflare_catchup,cloudflare_catchup_20260726081142_11-15-H1-H2-101-102-39-73,60,73,0,8,T431,AB6664,0,45
2026-07-26T09:03:01.847Z,cloudflare_catchup,cloudflare_catchup_20260726081142_11-15-H1-H2-101-102-39-73,60,73,0,9,M172/16,AA5945,0,48
2026-07-26T09:03:01.847Z,cloudflare_catchup,cloudflare_catchup_20260726081142_11-15-H1-H2-101-102-39-73,60,73,0,12,M219,AB6136,0,14
2026-07-26T09:03:01.847Z,cloudflare_catchup,cloudflare_catchup_20260726081142_11-15-H1-H2-101-102-39-73,60,73,0,14,M172/7,AB6613,0,44
2026-07-26T09:03:01.847Z,cloudflare_catchup,cloudflare_catchup_20260726081142_11-15-H1-H2-101-102-39-73,60,73,0,15,T430,AB6049,0,39
2026-07-26T09:03:01.847Z,cloudflare_catchup,cloudflare_catchup_20260726081142_11-15-H1-H2-101-102-39-73,60,73,0,20,T559,AA7224,1,32
2026-07-26T09:04:02.503Z,cloudflare_catchup,cloudflare_catchup_20260726081142_11-15-H1-H2-101-102-39-73,60,73,0,1,T556,AA7619,0,31
2026-07-26T09:04:02.503Z,cloudflare_catchup,cloudflare_catchup_20260726081142_11-15-H1-H2-101-102-39-73,60,73,0,6,T423,AB6393,0,39
2026-07-26T09:04:02.503Z,cloudflare_catchup,cloudflare_catchup_20260726081142_11-15-H1-H2-101-102-39-73,60,73,0,8,T431,AB6664,0,44
2026-07-26T09:04:02.503Z,cloudflare_catchup,cloudflare_catchup_20260726081142_11-15-H1-H2-101-102-39-73,60,73,0,9,M172/16,AA5945,0,35
2026-07-26T09:04:02.503Z,cloudflare_catchup,cloudflare_catchup_20260726081142_11-15-H1-H2-101-102-39-73,60,73,0,12,M219,AB6136,0,27
2026-07-26T09:04:02.503Z,cloudflare_catchup,cloudflare_catchup_20260726081142_11-15-H1-H2-101-102-39-73,60,73,0,14,M172/7,AB6613,0,47
2026-07-26T09:04:02.503Z,cloudflare_catchup,cloudflare_catchup_20260726081142_11-15-H1-H2-101-102-39-73,60,73,0,16,T328,AB6049,0,50
2026-07-26T09:04:02.503Z,cloudflare_catchup,cloudflare_catchup_20260726081142_11-15-H1-H2-101-102-39-73,60,73,0,20,T559,AA7224,0,46
2026-07-26T09:05:03.258Z,cloudflare_catchup,cloudflare_catchup_20260726081142_11-15-H1-H2-101-102-39-73,60,73,0,2,T557,AA7619,0,34
2026-07-26T09:05:03.258Z,cloudflare_catchup,cloudflare_catchup_20260726081142_11-15-H1-H2-101-102-39-73,60,73,0,7,T421,AB6393,0,39
2026-07-26T09:05:03.258Z,cloudflare_catchup,cloudflare_catchup_20260726081142_11-15-H1-H2-101-102-39-73,60,73,0,9,M172/16,AA5945,0,34
2026-07-26T09:05:03.258Z,cloudflare_catchup,cloudflare_catchup_20260726081142_11-15-H1-H2-101-102-39-73,60,73,0,9,M172/16,AB6664,1,27
2026-07-26T09:05:03.258Z,cloudflare_catchup,cloudflare_catchup_20260726081142_11-15-H1-H2-101-102-39-73,60,73,0,13,M50,AB6136,1,29
2026-07-26T09:05:03.258Z,cloudflare_catchup,cloudflare_catchup_20260726081142_11-15-H1-H2-101-102-39-73,60,73,0,14,M172/7,AB6613,0,47
2026-07-26T09:05:03.258Z,cloudflare_catchup,cloudflare_catchup_20260726081142_11-15-H1-H2-101-102-39-73,60,73,0,16,T328,AB6049,0,9
2026-07-26T09:05:03.258Z,cloudflare_catchup,cloudflare_catchup_20260726081142_11-15-H1-H2-101-102-39-73,60,73,0,22,T553,AA7224,0,30
2026-07-26T09:06:02.474Z,cloudflare_catchup,cloudflare_catchup_20260726081142_11-15-H1-H2-101-102-39-73,60,73,0,3,T558,AA7619,0,23
2026-07-26T09:06:02.474Z,cloudflare_catchup,cloudflare_catchup_20260726081142_11-15-H1-H2-101-102-39-73,60,73,0,7,T421,AB6393,0,45
2026-07-26T09:06:02.474Z,cloudflare_catchup,cloudflare_catchup_20260726081142_11-15-H1-H2-101-102-39-73,60,73,0,9,M172/16,AA5945,0,33
2026-07-26T09:06:02.474Z,cloudflare_catchup,cloudflare_catchup_20260726081142_11-15-H1-H2-101-102-39-73,60,73,0,9,M172/16,AB6664,0,2
2026-07-26T09:06:02.474Z,cloudflare_catchup,cloudflare_catchup_20260726081142_11-15-H1-H2-101-102-39-73,60,73,0,13,M50,AB6136,0,36
2026-07-26T09:06:02.474Z,cloudflare_catchup,cloudflare_catchup_20260726081142_11-15-H1-H2-101-102-39-73,60,73,0,14,M172/7,AB6613,0,24
2026-07-26T09:06:02.474Z,cloudflare_catchup,cloudflare_catchup_20260726081142_11-15-H1-H2-101-102-39-73,60,73,0,17,T420,AB6049,0,31
2026-07-26T09:06:02.474Z,cloudflare_catchup,cloudflare_catchup_20260726081142_11-15-H1-H2-101-102-39-73,60,73,0,23,T554,AA7224,0,30
2026-07-26T09:07:01.773Z,cloudflare_catchup,cloudflare_catchup_20260726081142_11-15-H1-H2-101-102-39-73,60,73,0,3,T558,AA7619,0,41
2026-07-26T09:07:01.773Z,cloudflare_catchup,cloudflare_catchup_20260726081142_11-15-H1-H2-101-102-39-73,60,73,0,7,T421,AB6393,0,47
2026-07-26T09:07:01.773Z,cloudflare_catchup,cloudflare_catchup_20260726081142_11-15-H1-H2-101-102-39-73,60,73,0,9,M172/16,AB6664,0,46
2026-07-26T09:07:01.773Z,cloudflare_catchup,cloudflare_catchup_20260726081142_11-15-H1-H2-101-102-39-73,60,73,0,11,M231,AA5945,1,33
2026-07-26T09:07:01.773Z,cloudflare_catchup,cloudflare_catchup_20260726081142_11-15-H1-H2-101-102-39-73,60,73,0,13,M50,AB6136,0,6
2026-07-26T09:07:01.773Z,cloudflare_catchup,cloudflare_catchup_20260726081142_11-15-H1-H2-101-102-39-73,60,73,0,15,T430,AB6613,0,41
2026-07-26T09:07:01.773Z,cloudflare_catchup,cloudflare_catchup_20260726081142_11-15-H1-H2-101-102-39-73,60,73,0,18,T422,AB6049,0,33
2026-07-26T09:07:01.773Z,cloudflare_catchup,cloudflare_catchup_20260726081142_11-15-H1-H2-101-102-39-73,60,73,0,24,T555/2,AA7224,1,2
2026-07-26T09:08:02.487Z,cloudflare_catchup,cloudflare_catchup_20260726081142_11-15-H1-H2-101-102-39-73,60,73,0,4,T551/1,AA7619,0,45
2026-07-26T09:08:02.487Z,cloudflare_catchup,cloudflare_catchup_20260726081142_11-15-H1-H2-101-102-39-73,60,73,0,8,T431,AB6393,1,2
2026-07-26T09:08:02.487Z,cloudflare_catchup,cloudflare_catchup_20260726081142_11-15-H1-H2-101-102-39-73,60,73,0,9,M172/16,AB6664,0,33
2026-07-26T09:08:02.487Z,cloudflare_catchup,cloudflare_catchup_20260726081142_11-15-H1-H2-101-102-39-73,60,73,0,11,M231,AA5945,0,37
2026-07-26T09:08:02.487Z,cloudflare_catchup,cloudflare_catchup_20260726081142_11-15-H1-H2-101-102-39-73,60,73,0,13,M50,AB6136,0,7
2026-07-26T09:08:02.487Z,cloudflare_catchup,cloudflare_catchup_20260726081142_11-15-H1-H2-101-102-39-73,60,73,0,15,T430,AB6613,0,10
2026-07-26T09:08:02.487Z,cloudflare_catchup,cloudflare_catchup_20260726081142_11-15-H1-H2-101-102-39-73,60,73,0,19,T424,AB6049,0,8
2026-07-26T09:08:02.487Z,cloudflare_catchup,cloudflare_catchup_20260726081142_11-15-H1-H2-101-102-39-73,60,73,0,24,T555/2,AA7224,0,45
2026-07-26T09:09:01.668Z,cloudflare_catchup,cloudflare_catchup_20260726081142_11-15-H1-H2-101-102-39-73,60,73,0,4,T551/1,AA7619,0,43
2026-07-26T09:09:01.668Z,cloudflare_catchup,cloudflare_catchup_20260726081142_11-15-H1-H2-101-102-39-73,60,73,0,8,T431,AB6393,0,42
2026-07-26T09:09:01.668Z,cloudflare_catchup,cloudflare_catchup_20260726081142_11-15-H1-H2-101-102-39-73,60,73,0,9,M172/16,AB6664,0,31
2026-07-26T09:09:01.668Z,cloudflare_catchup,cloudflare_catchup_20260726081142_11-15-H1-H2-101-102-39-73,60,73,0,13,M50,AB6136,0,4
2026-07-26T09:09:01.668Z,cloudflare_catchup,cloudflare_catchup_20260726081142_11-15-H1-H2-101-102-39-73,60,73,0,13,M50,AA5945,1,44
2026-07-26T09:09:01.668Z,cloudflare_catchup,cloudflare_catchup_20260726081142_11-15-H1-H2-101-102-39-73,60,73,0,16,T328,AB6613,0,47
2026-07-26T09:09:01.668Z,cloudflare_catchup,cloudflare_catchup_20260726081142_11-15-H1-H2-101-102-39-73,60,73,0,19,T424,AB6049,0,45
2026-07-26T09:09:01.668Z,cloudflare_catchup,cloudflare_catchup_20260726081142_11-15-H1-H2-101-102-39-73,60,73,0,25,T550/4,AA7224,1,0
2026-07-26T09:10:02.569Z,cloudflare_catchup,cloudflare_catchup_20260726081142_11-15-H1-H2-101-102-39-73,60,73,0,0,T550/4,AA2654,1,21
2026-07-26T09:10:02.569Z,cloudflare_catchup,cloudflare_catchup_20260726081142_11-15-H1-H2-101-102-39-73,60,73,0,4,T551/1,AA7619,0,43
2026-07-26T09:10:02.569Z,cloudflare_catchup,cloudflare_catchup_20260726081142_11-15-H1-H2-101-102-39-73,60,73,0,8,T431,AB6393,0,47
2026-07-26T09:10:02.569Z,cloudflare_catchup,cloudflare_catchup_20260726081142_11-15-H1-H2-101-102-39-73,60,73,0,9,M172/16,AB6664,0,47
2026-07-26T09:10:02.569Z,cloudflare_catchup,cloudflare_catchup_20260726081142_11-15-H1-H2-101-102-39-73,60,73,0,13,M50,AB6136,0,47
2026-07-26T09:10:02.569Z,cloudflare_catchup,cloudflare_catchup_20260726081142_11-15-H1-H2-101-102-39-73,60,73,0,13,M50,AA5945,0,40
2026-07-26T09:10:02.569Z,cloudflare_catchup,cloudflare_catchup_20260726081142_11-15-H1-H2-101-102-39-73,60,73,0,16,T328,AB6613,0,3
2026-07-26T09:10:02.569Z,cloudflare_catchup,cloudflare_catchup_20260726081142_11-15-H1-H2-101-102-39-73,60,73,0,19,T424,AB6049,0,44
2026-07-26T09:10:02.569Z,cloudflare_catchup,cloudflare_catchup_20260726081142_11-15-H1-H2-101-102-39-73,60,73,0,25,T550/4,AA7224,1,0
2026-07-26T09:11:01.884Z,cloudflare_catchup,cloudflare_catchup_20260726081142_11-15-H1-H2-101-102-39-73,60,73,0,0,T550/4,AA2654,0,36
2026-07-26T09:11:01.884Z,cloudflare_catchup,cloudflare_catchup_20260726081142_11-15-H1-H2-101-102-39-73,60,73,0,5,T425,AA7619,0,20
2026-07-26T09:11:01.884Z,cloudflare_catchup,cloudflare_catchup_20260726081142_11-15-H1-H2-101-102-39-73,60,73,0,8,T431,AB6393,0,43
2026-07-26T09:11:01.884Z,cloudflare_catchup,cloudflare_catchup_20260726081142_11-15-H1-H2-101-102-39-73,60,73,0,9,M172/16,AB6664,0,9
2026-07-26T09:11:01.884Z,cloudflare_catchup,cloudflare_catchup_20260726081142_11-15-H1-H2-101-102-39-73,60,73,0,13,M50,AB6136,0,39
2026-07-26T09:11:01.884Z,cloudflare_catchup,cloudflare_catchup_20260726081142_11-15-H1-H2-101-102-39-73,60,73,0,13,M50,AA5945,0,13
2026-07-26T09:11:01.884Z,cloudflare_catchup,cloudflare_catchup_20260726081142_11-15-H1-H2-101-102-39-73,60,73,0,17,T420,AB6613,0,10
2026-07-26T09:11:01.884Z,cloudflare_catchup,cloudflare_catchup_20260726081142_11-15-H1-H2-101-102-39-73,60,73,0,19,T424,AB6049,0,47
2026-07-26T09:11:01.884Z,cloudflare_catchup,cloudflare_catchup_20260726081142_11-15-H1-H2-101-102-39-73,60,73,0,25,T550/4,AA7224,1,0
2026-07-26T09:12:02.513Z,cloudflare_catchup,cloudflare_catchup_20260726081142_11-15-H1-H2-101-102-39-73,60,73,0,1,T556,AA2654,0,36
2026-07-26T09:12:02.513Z,cloudflare_catchup,cloudflare_catchup_20260726081142_11-15-H1-H2-101-102-39-73,60,73,0,6,T423,AA7619,0,9
2026-07-26T09:12:02.513Z,cloudflare_catchup,cloudflare_catchup_20260726081142_11-15-H1-H2-101-102-39-73,60,73,0,8,T431,AB6393,0,48
2026-07-26T09:12:02.513Z,cloudflare_catchup,cloudflare_catchup_20260726081142_11-15-H1-H2-101-102-39-73,60,73,0,9,M172/16,AB6664,0,31
2026-07-26T09:12:02.513Z,cloudflare_catchup,cloudflare_catchup_20260726081142_11-15-H1-H2-101-102-39-73,60,73,0,13,M50,AB6136,0,21
2026-07-26T09:12:02.513Z,cloudflare_catchup,cloudflare_catchup_20260726081142_11-15-H1-H2-101-102-39-73,60,73,0,13,M50,AA5945,0,8
2026-07-26T09:12:02.513Z,cloudflare_catchup,cloudflare_catchup_20260726081142_11-15-H1-H2-101-102-39-73,60,73,0,18,T422,AB6613,0,8
2026-07-26T09:12:02.513Z,cloudflare_catchup,cloudflare_catchup_20260726081142_11-15-H1-H2-101-102-39-73,60,73,0,20,T559,AB6049,0,32
2026-07-26T09:12:02.513Z,cloudflare_catchup,cloudflare_catchup_20260726081142_11-15-H1-H2-101-102-39-73,60,73,0,25,T550/4,AA7224,1,0
2026-07-26T09:13:01.880Z,cloudflare_catchup,cloudflare_catchup_20260726081142_11-15-H1-H2-101-102-39-73,60,73,0,1,T556,AA2654,0,37
2026-07-26T09:13:01.880Z,cloudflare_catchup,cloudflare_catchup_20260726081142_11-15-H1-H2-101-102-39-73,60,73,0,7,T421,AA7619,0,42
2026-07-26T09:13:01.880Z,cloudflare_catchup,cloudflare_catchup_20260726081142_11-15-H1-H2-101-102-39-73,60,73,0,9,M172/16,AB6664,0,36
2026-07-26T09:13:01.880Z,cloudflare_catchup,cloudflare_catchup_20260726081142_11-15-H1-H2-101-102-39-73,60,73,0,9,M172/16,AB6393,1,34
2026-07-26T09:13:01.880Z,cloudflare_catchup,cloudflare_catchup_20260726081142_11-15-H1-H2-101-102-39-73,60,73,0,13,M50,AB6136,0,39
2026-07-26T09:13:01.880Z,cloudflare_catchup,cloudflare_catchup_20260726081142_11-15-H1-H2-101-102-39-73,60,73,0,13,M50,AA5945,0,34
2026-07-26T09:13:01.880Z,cloudflare_catchup,cloudflare_catchup_20260726081142_11-15-H1-H2-101-102-39-73,60,73,0,18,T422,AB6613,0,8
2026-07-26T09:13:01.880Z,cloudflare_catchup,cloudflare_catchup_20260726081142_11-15-H1-H2-101-102-39-73,60,73,0,22,T553,AB6049,0,30
2026-07-26T09:13:01.880Z,cloudflare_catchup,cloudflare_catchup_20260726081142_11-15-H1-H2-101-102-39-73,60,73,0,25,T550/4,AA7224,1,0
2026-07-26T09:14:02.395Z,cloudflare_catchup,cloudflare_catchup_20260726081142_11-15-H1-H2-101-102-39-73,60,73,0,3,T558,AA2654,1,2
2026-07-26T09:14:02.395Z,cloudflare_catchup,cloudflare_catchup_20260726081142_11-15-H1-H2-101-102-39-73,60,73,0,7,T421,AA7619,0,46
2026-07-26T09:14:02.395Z,cloudflare_catchup,cloudflare_catchup_20260726081142_11-15-H1-H2-101-102-39-73,60,73,0,9,M172/16,AB6393,1,7
2026-07-26T09:14:02.395Z,cloudflare_catchup,cloudflare_catchup_20260726081142_11-15-H1-H2-101-102-39-73,60,73,0,10,M247,AB6664,0,25
2026-07-26T09:14:02.395Z,cloudflare_catchup,cloudflare_catchup_20260726081142_11-15-H1-H2-101-102-39-73,60,73,0,13,M50,AA5945,0,47
2026-07-26T09:14:02.395Z,cloudflare_catchup,cloudflare_catchup_20260726081142_11-15-H1-H2-101-102-39-73,60,73,0,14,M172/7,AB6136,1,15
2026-07-26T09:14:02.395Z,cloudflare_catchup,cloudflare_catchup_20260726081142_11-15-H1-H2-101-102-39-73,60,73,0,19,T424,AB6613,0,47
2026-07-26T09:14:02.395Z,cloudflare_catchup,cloudflare_catchup_20260726081142_11-15-H1-H2-101-102-39-73,60,73,0,23,T554,AB6049,0,38
2026-07-26T09:15:03.099Z,cloudflare_catchup,cloudflare_catchup_20260726081142_11-15-H1-H2-101-102-39-73,60,73,0,3,T558,AA2654,0,31
2026-07-26T09:15:03.099Z,cloudflare_catchup,cloudflare_catchup_20260726081142_11-15-H1-H2-101-102-39-73,60,73,0,7,T421,AA7619,0,48
2026-07-26T09:15:03.099Z,cloudflare_catchup,cloudflare_catchup_20260726081142_11-15-H1-H2-101-102-39-73,60,73,0,9,M172/16,AB6393,0,30
2026-07-26T09:15:03.099Z,cloudflare_catchup,cloudflare_catchup_20260726081142_11-15-H1-H2-101-102-39-73,60,73,0,11,M231,AB6664,1,36
2026-07-26T09:15:03.099Z,cloudflare_catchup,cloudflare_catchup_20260726081142_11-15-H1-H2-101-102-39-73,60,73,0,13,M50,AA5945,0,44
2026-07-26T09:15:03.099Z,cloudflare_catchup,cloudflare_catchup_20260726081142_11-15-H1-H2-101-102-39-73,60,73,0,14,M172/7,AB6136,1,3
2026-07-26T09:15:03.099Z,cloudflare_catchup,cloudflare_catchup_20260726081142_11-15-H1-H2-101-102-39-73,60,73,0,19,T424,AB6613,0,39
2026-07-26T09:15:03.099Z,cloudflare_catchup,cloudflare_catchup_20260726081142_11-15-H1-H2-101-102-39-73,60,73,0,24,T555/2,AB6049,1,38
2026-07-26T09:16:02.344Z,cloudflare_catchup,cloudflare_catchup_20260726081142_11-15-H1-H2-101-102-39-73,60,73,0,4,T551/1,AA2654,1,6
2026-07-26T09:16:02.344Z,cloudflare_catchup,cloudflare_catchup_20260726081142_11-15-H1-H2-101-102-39-73,60,73,0,8,T431,AA7619,1,37
2026-07-26T09:16:02.344Z,cloudflare_catchup,cloudflare_catchup_20260726081142_11-15-H1-H2-101-102-39-73,60,73,0,9,M172/16,AB6393,0,44
2026-07-26T09:16:02.344Z,cloudflare_catchup,cloudflare_catchup_20260726081142_11-15-H1-H2-101-102-39-73,60,73,0,11,M231,AB6664,0,15
2026-07-26T09:16:02.344Z,cloudflare_catchup,cloudflare_catchup_20260726081142_11-15-H1-H2-101-102-39-73,60,73,0,14,M172/7,AB6136,0,40
2026-07-26T09:16:02.344Z,cloudflare_catchup,cloudflare_catchup_20260726081142_11-15-H1-H2-101-102-39-73,60,73,0,14,M172/7,AA5945,0,42
2026-07-26T09:16:02.344Z,cloudflare_catchup,cloudflare_catchup_20260726081142_11-15-H1-H2-101-102-39-73,60,73,0,19,T424,AB6613,0,46
2026-07-26T09:16:02.344Z,cloudflare_catchup,cloudflare_catchup_20260726081142_11-15-H1-H2-101-102-39-73,60,73,0,24,T555/2,AB6049,0,42
2026-07-26T09:17:01.874Z,cloudflare_catchup,cloudflare_catchup_20260726081142_11-15-H1-H2-101-102-39-73,60,73,0,1,T556,AA6710,1,47
2026-07-26T09:17:01.874Z,cloudflare_catchup,cloudflare_catchup_20260726081142_11-15-H1-H2-101-102-39-73,60,73,0,4,T551/1,AA2654,0,46
2026-07-26T09:17:01.874Z,cloudflare_catchup,cloudflare_catchup_20260726081142_11-15-H1-H2-101-102-39-73,60,73,0,8,T431,AA7619,0,44
2026-07-26T09:17:01.874Z,cloudflare_catchup,cloudflare_catchup_20260726081142_11-15-H1-H2-101-102-39-73,60,73,0,9,M172/16,AB6393,0,45
2026-07-26T09:17:01.874Z,cloudflare_catchup,cloudflare_catchup_20260726081142_11-15-H1-H2-101-102-39-73,60,73,0,12,M219,AB6664,0,30
2026-07-26T09:17:01.874Z,cloudflare_catchup,cloudflare_catchup_20260726081142_11-15-H1-H2-101-102-39-73,60,73,0,14,M172/7,AB6136,0,44
2026-07-26T09:17:01.874Z,cloudflare_catchup,cloudflare_catchup_20260726081142_11-15-H1-H2-101-102-39-73,60,73,0,14,M172/7,AA5945,0,7
2026-07-26T09:17:01.874Z,cloudflare_catchup,cloudflare_catchup_20260726081142_11-15-H1-H2-101-102-39-73,60,73,0,20,T559,AB6613,1,36
2026-07-26T09:17:01.874Z,cloudflare_catchup,cloudflare_catchup_20260726081142_11-15-H1-H2-101-102-39-73,60,73,0,25,T550/4,AB6049,1,0
2026-07-26T09:18:02.434Z,cloudflare_catchup,cloudflare_catchup_20260726081142_11-15-H1-H2-101-102-39-73,60,73,0,1,T556,AA6710,0,44
2026-07-26T09:18:02.434Z,cloudflare_catchup,cloudflare_catchup_20260726081142_11-15-H1-H2-101-102-39-73,60,73,0,4,T551/1,AA2654,0,47
2026-07-26T09:18:02.434Z,cloudflare_catchup,cloudflare_catchup_20260726081142_11-15-H1-H2-101-102-39-73,60,73,0,8,T431,AA7619,0,47
2026-07-26T09:18:02.434Z,cloudflare_catchup,cloudflare_catchup_20260726081142_11-15-H1-H2-101-102-39-73,60,73,0,9,M172/16,AB6393,0,48
2026-07-26T09:18:02.434Z,cloudflare_catchup,cloudflare_catchup_20260726081142_11-15-H1-H2-101-102-39-73,60,73,0,12,M219,AB6664,0,10
2026-07-26T09:18:02.434Z,cloudflare_catchup,cloudflare_catchup_20260726081142_11-15-H1-H2-101-102-39-73,60,73,0,14,M172/7,AB6136,0,47
2026-07-26T09:18:02.434Z,cloudflare_catchup,cloudflare_catchup_20260726081142_11-15-H1-H2-101-102-39-73,60,73,0,14,M172/7,AA5945,0,36
2026-07-26T09:18:02.434Z,cloudflare_catchup,cloudflare_catchup_20260726081142_11-15-H1-H2-101-102-39-73,60,73,0,21,T552,AB6613,1,36
2026-07-26T09:18:02.434Z,cloudflare_catchup,cloudflare_catchup_20260726081142_11-15-H1-H2-101-102-39-73,60,73,0,25,T550/4,AB6049,1,0
2026-07-26T09:19:02.318Z,cloudflare_catchup,cloudflare_catchup_20260726081142_11-15-H1-H2-101-102-39-73,60,73,0,2,T557,AA6710,0,43
2026-07-26T09:19:02.318Z,cloudflare_catchup,cloudflare_catchup_20260726081142_11-15-H1-H2-101-102-39-73,60,73,0,4,T551/1,AA2654,0,43
2026-07-26T09:19:02.318Z,cloudflare_catchup,cloudflare_catchup_20260726081142_11-15-H1-H2-101-102-39-73,60,73,0,8,T431,AA7619,0,45
2026-07-26T09:19:02.318Z,cloudflare_catchup,cloudflare_catchup_20260726081142_11-15-H1-H2-101-102-39-73,60,73,0,9,M172/16,AB6393,0,22
2026-07-26T09:19:02.318Z,cloudflare_catchup,cloudflare_catchup_20260726081142_11-15-H1-H2-101-102-39-73,60,73,0,13,M50,AB6664,1,18
2026-07-26T09:19:02.318Z,cloudflare_catchup,cloudflare_catchup_20260726081142_11-15-H1-H2-101-102-39-73,60,73,0,14,M172/7,AB6136,0,48
2026-07-26T09:19:02.318Z,cloudflare_catchup,cloudflare_catchup_20260726081142_11-15-H1-H2-101-102-39-73,60,73,0,14,M172/7,AA5945,0,46
2026-07-26T09:19:02.318Z,cloudflare_catchup,cloudflare_catchup_20260726081142_11-15-H1-H2-101-102-39-73,60,73,0,23,T554,AB6613,1,37
2026-07-26T09:19:02.318Z,cloudflare_catchup,cloudflare_catchup_20260726081142_11-15-H1-H2-101-102-39-73,60,73,0,25,T550/4,AB6049,1,0
2026-07-26T09:20:03.242Z,cloudflare_catchup,cloudflare_catchup_20260726081142_11-15-H1-H2-101-102-39-73,60,73,0,3,T558,AA6710,0,48
2026-07-26T09:20:03.242Z,cloudflare_catchup,cloudflare_catchup_20260726081142_11-15-H1-H2-101-102-39-73,60,73,0,5,T425,AA2654,0,41
2026-07-26T09:20:03.242Z,cloudflare_catchup,cloudflare_catchup_20260726081142_11-15-H1-H2-101-102-39-73,60,73,0,8,T431,AA7619,0,48
2026-07-26T09:20:03.242Z,cloudflare_catchup,cloudflare_catchup_20260726081142_11-15-H1-H2-101-102-39-73,60,73,0,9,M172/16,AB6393,0,24
2026-07-26T09:20:03.242Z,cloudflare_catchup,cloudflare_catchup_20260726081142_11-15-H1-H2-101-102-39-73,60,73,0,13,M50,AB6664,0,44
2026-07-26T09:20:03.242Z,cloudflare_catchup,cloudflare_catchup_20260726081142_11-15-H1-H2-101-102-39-73,60,73,0,14,M172/7,AB6136,0,16
2026-07-26T09:20:03.242Z,cloudflare_catchup,cloudflare_catchup_20260726081142_11-15-H1-H2-101-102-39-73,60,73,0,14,M172/7,AA5945,0,46
2026-07-26T09:20:03.242Z,cloudflare_catchup,cloudflare_catchup_20260726081142_11-15-H1-H2-101-102-39-73,60,73,0,23,T554,AB6613,0,44
2026-07-26T09:20:03.242Z,cloudflare_catchup,cloudflare_catchup_20260726081142_11-15-H1-H2-101-102-39-73,60,73,0,25,T550/4,AB6049,1,0
2026-07-26T09:21:02.110Z,cloudflare_catchup,cloudflare_catchup_20260726081142_11-15-H1-H2-101-102-39-73,60,73,0,3,T558,AA6710,0,27
2026-07-26T09:21:02.110Z,cloudflare_catchup,cloudflare_catchup_20260726081142_11-15-H1-H2-101-102-39-73,60,73,0,6,T423,AA2654,0,33
2026-07-26T09:21:02.110Z,cloudflare_catchup,cloudflare_catchup_20260726081142_11-15-H1-H2-101-102-39-73,60,73,0,9,M172/16,AB6393,0,8
2026-07-26T09:21:02.110Z,cloudflare_catchup,cloudflare_catchup_20260726081142_11-15-H1-H2-101-102-39-73,60,73,0,9,M172/16,AA7619,1,34
2026-07-26T09:21:02.110Z,cloudflare_catchup,cloudflare_catchup_20260726081142_11-15-H1-H2-101-102-39-73,60,73,0,13,M50,AB6664,0,35
2026-07-26T09:21:02.110Z,cloudflare_catchup,cloudflare_catchup_20260726081142_11-15-H1-H2-101-102-39-73,60,73,0,14,M172/7,AA5945,0,47
2026-07-26T09:21:02.110Z,cloudflare_catchup,cloudflare_catchup_20260726081142_11-15-H1-H2-101-102-39-73,60,73,0,15,T430,AB6136,1,46
2026-07-26T09:21:02.110Z,cloudflare_catchup,cloudflare_catchup_20260726081142_11-15-H1-H2-101-102-39-73,60,73,0,24,T555/2,AB6613,0,39
2026-07-26T09:21:02.110Z,cloudflare_catchup,cloudflare_catchup_20260726081142_11-15-H1-H2-101-102-39-73,60,73,0,25,T550/4,AB6049,1,0
2026-07-26T09:22:02.342Z,cloudflare_catchup,cloudflare_catchup_20260726081142_11-15-H1-H2-101-102-39-73,60,73,0,0,T550/4,AA7224,1,17
2026-07-26T09:22:02.342Z,cloudflare_catchup,cloudflare_catchup_20260726081142_11-15-H1-H2-101-102-39-73,60,73,0,4,T551/1,AA6710,1,7
2026-07-26T09:22:02.342Z,cloudflare_catchup,cloudflare_catchup_20260726081142_11-15-H1-H2-101-102-39-73,60,73,0,7,T421,AA2654,0,6
2026-07-26T09:22:02.342Z,cloudflare_catchup,cloudflare_catchup_20260726081142_11-15-H1-H2-101-102-39-73,60,73,0,9,M172/16,AA7619,0,16
2026-07-26T09:22:02.342Z,cloudflare_catchup,cloudflare_catchup_20260726081142_11-15-H1-H2-101-102-39-73,60,73,0,11,M231,AB6393,1,37
2026-07-26T09:22:02.342Z,cloudflare_catchup,cloudflare_catchup_20260726081142_11-15-H1-H2-101-102-39-73,60,73,0,13,M50,AB6664,0,43
2026-07-26T09:22:02.342Z,cloudflare_catchup,cloudflare_catchup_20260726081142_11-15-H1-H2-101-102-39-73,60,73,0,14,M172/7,AA5945,0,45
2026-07-26T09:22:02.342Z,cloudflare_catchup,cloudflare_catchup_20260726081142_11-15-H1-H2-101-102-39-73,60,73,0,15,T430,AB6136,0,45
2026-07-26T09:22:02.342Z,cloudflare_catchup,cloudflare_catchup_20260726081142_11-15-H1-H2-101-102-39-73,60,73,0,25,T550/4,AB6613,1,0
2026-07-26T09:23:01.841Z,cloudflare_catchup,cloudflare_catchup_20260726081142_11-15-H1-H2-101-102-39-73,60,73,0,0,T550/4,AA7224,0,17
2026-07-26T09:23:01.841Z,cloudflare_catchup,cloudflare_catchup_20260726081142_11-15-H1-H2-101-102-39-73,60,73,0,4,T551/1,AA6710,0,46
2026-07-26T09:23:01.841Z,cloudflare_catchup,cloudflare_catchup_20260726081142_11-15-H1-H2-101-102-39-73,60,73,0,7,T421,AA2654,0,49
2026-07-26T09:23:01.841Z,cloudflare_catchup,cloudflare_catchup_20260726081142_11-15-H1-H2-101-102-39-73,60,73,0,9,M172/16,AA7619,0,48
2026-07-26T09:23:01.841Z,cloudflare_catchup,cloudflare_catchup_20260726081142_11-15-H1-H2-101-102-39-73,60,73,0,11,M231,AB6393,0,19
2026-07-26T09:23:01.841Z,cloudflare_catchup,cloudflare_catchup_20260726081142_11-15-H1-H2-101-102-39-73,60,73,0,13,M50,AB6664,0,48
2026-07-26T09:23:01.841Z,cloudflare_catchup,cloudflare_catchup_20260726081142_11-15-H1-H2-101-102-39-73,60,73,0,15,T430,AA5945,0,37
2026-07-26T09:23:01.841Z,cloudflare_catchup,cloudflare_catchup_20260726081142_11-15-H1-H2-101-102-39-73,60,73,0,16,T328,AB6136,1,31
2026-07-26T09:23:01.841Z,cloudflare_catchup,cloudflare_catchup_20260726081142_11-15-H1-H2-101-102-39-73,60,73,0,25,T550/4,AB6613,1,0
2026-07-26T09:24:02.449Z,cloudflare_catchup,cloudflare_catchup_20260726081142_11-15-H1-H2-101-102-39-73,60,73,0,1,T556,AA7224,1,21
2026-07-26T09:24:02.449Z,cloudflare_catchup,cloudflare_catchup_20260726081142_11-15-H1-H2-101-102-39-73,60,73,0,4,T551/1,AA6710,0,32
2026-07-26T09:24:02.449Z,cloudflare_catchup,cloudflare_catchup_20260726081142_11-15-H1-H2-101-102-39-73,60,73,0,7,T421,AA2654,0,48
2026-07-26T09:24:02.449Z,cloudflare_catchup,cloudflare_catchup_20260726081142_11-15-H1-H2-101-102-39-73,60,73,0,9,M172/16,AA7619,0,45
2026-07-26T09:24:02.449Z,cloudflare_catchup,cloudflare_catchup_20260726081142_11-15-H1-H2-101-102-39-73,60,73,0,12,M219,AB6393,1,9
2026-07-26T09:24:02.449Z,cloudflare_catchup,cloudflare_catchup_20260726081142_11-15-H1-H2-101-102-39-73,60,73,0,13,M50,AB6664,0,26
2026-07-26T09:24:02.449Z,cloudflare_catchup,cloudflare_catchup_20260726081142_11-15-H1-H2-101-102-39-73,60,73,0,16,T328,AB6136,0,45
2026-07-26T09:24:02.449Z,cloudflare_catchup,cloudflare_catchup_20260726081142_11-15-H1-H2-101-102-39-73,60,73,0,16,T328,AA5945,1,36
2026-07-26T09:24:02.449Z,cloudflare_catchup,cloudflare_catchup_20260726081142_11-15-H1-H2-101-102-39-73,60,73,0,25,T550/4,AB6613,1,0
2026-07-26T09:25:03.104Z,cloudflare_catchup,cloudflare_catchup_20260726081142_11-15-H1-H2-101-102-39-73,60,73,0,1,T556,AA7224,0,28
2026-07-26T09:25:03.104Z,cloudflare_catchup,cloudflare_catchup_20260726081142_11-15-H1-H2-101-102-39-73,60,73,0,4,T551/1,AA6710,0,47
2026-07-26T09:25:03.104Z,cloudflare_catchup,cloudflare_catchup_20260726081142_11-15-H1-H2-101-102-39-73,60,73,0,7,T421,AA2654,0,31
2026-07-26T09:25:03.104Z,cloudflare_catchup,cloudflare_catchup_20260726081142_11-15-H1-H2-101-102-39-73,60,73,0,9,M172/16,AA7619,0,46
2026-07-26T09:25:03.104Z,cloudflare_catchup,cloudflare_catchup_20260726081142_11-15-H1-H2-101-102-39-73,60,73,0,12,M219,AB6393,0,6
2026-07-26T09:25:03.104Z,cloudflare_catchup,cloudflare_catchup_20260726081142_11-15-H1-H2-101-102-39-73,60,73,0,13,M50,AB6664,0,3
2026-07-26T09:25:03.104Z,cloudflare_catchup,cloudflare_catchup_20260726081142_11-15-H1-H2-101-102-39-73,60,73,0,16,T328,AB6136,0,27
2026-07-26T09:25:03.104Z,cloudflare_catchup,cloudflare_catchup_20260726081142_11-15-H1-H2-101-102-39-73,60,73,0,16,T328,AA5945,0,49
2026-07-26T09:25:03.104Z,cloudflare_catchup,cloudflare_catchup_20260726081142_11-15-H1-H2-101-102-39-73,60,73,0,25,T550/4,AB6613,1,0
2026-07-26T09:26:02.373Z,cloudflare_catchup,cloudflare_catchup_20260726081142_11-15-H1-H2-101-102-39-73,60,73,0,2,T557,AA7224,0,26
2026-07-26T09:26:02.373Z,cloudflare_catchup,cloudflare_catchup_20260726081142_11-15-H1-H2-101-102-39-73,60,73,0,5,T425,AA6710,0,47
2026-07-26T09:26:02.373Z,cloudflare_catchup,cloudflare_catchup_20260726081142_11-15-H1-H2-101-102-39-73,60,73,0,8,T431,AA2654,0,40
2026-07-26T09:26:02.373Z,cloudflare_catchup,cloudflare_catchup_20260726081142_11-15-H1-H2-101-102-39-73,60,73,0,9,M172/16,AA7619,0,49
2026-07-26T09:26:02.373Z,cloudflare_catchup,cloudflare_catchup_20260726081142_11-15-H1-H2-101-102-39-73,60,73,0,12,M219,AB6393,0,4
2026-07-26T09:26:02.373Z,cloudflare_catchup,cloudflare_catchup_20260726081142_11-15-H1-H2-101-102-39-73,60,73,0,13,M50,AB6664,0,41
2026-07-26T09:26:02.373Z,cloudflare_catchup,cloudflare_catchup_20260726081142_11-15-H1-H2-101-102-39-73,60,73,0,16,T328,AA5945,0,11
2026-07-26T09:26:02.373Z,cloudflare_catchup,cloudflare_catchup_20260726081142_11-15-H1-H2-101-102-39-73,60,73,0,17,T420,AB6136,1,26
2026-07-26T09:26:02.373Z,cloudflare_catchup,cloudflare_catchup_20260726081142_11-15-H1-H2-101-102-39-73,60,73,0,25,T550/4,AB6613,1,0
2026-07-26T09:27:01.834Z,cloudflare_catchup,cloudflare_catchup_20260726081142_11-15-H1-H2-101-102-39-73,60,73,0,3,T558,AA7224,0,47
2026-07-26T09:27:01.834Z,cloudflare_catchup,cloudflare_catchup_20260726081142_11-15-H1-H2-101-102-39-73,60,73,0,6,T423,AA6710,1,12
2026-07-26T09:27:01.834Z,cloudflare_catchup,cloudflare_catchup_20260726081142_11-15-H1-H2-101-102-39-73,60,73,0,8,T431,AA2654,0,50
2026-07-26T09:27:01.834Z,cloudflare_catchup,cloudflare_catchup_20260726081142_11-15-H1-H2-101-102-39-73,60,73,0,9,M172/16,AA7619,0,3
2026-07-26T09:27:01.834Z,cloudflare_catchup,cloudflare_catchup_20260726081142_11-15-H1-H2-101-102-39-73,60,73,0,13,M50,AB6393,1,36
2026-07-26T09:27:01.834Z,cloudflare_catchup,cloudflare_catchup_20260726081142_11-15-H1-H2-101-102-39-73,60,73,0,14,M172/7,AB6664,0,7
2026-07-26T09:27:01.834Z,cloudflare_catchup,cloudflare_catchup_20260726081142_11-15-H1-H2-101-102-39-73,60,73,0,17,T420,AA5945,1,43
2026-07-26T09:27:01.834Z,cloudflare_catchup,cloudflare_catchup_20260726081142_11-15-H1-H2-101-102-39-73,60,73,0,18,T422,AB6136,0,47
2026-07-26T09:28:02.454Z,cloudflare_catchup,cloudflare_catchup_20260726081142_11-15-H1-H2-101-102-39-73,60,73,0,4,T551/1,AA7224,1,9
2026-07-26T09:28:02.454Z,cloudflare_catchup,cloudflare_catchup_20260726081142_11-15-H1-H2-101-102-39-73,60,73,0,7,T421,AA6710,0,22
2026-07-26T09:28:02.454Z,cloudflare_catchup,cloudflare_catchup_20260726081142_11-15-H1-H2-101-102-39-73,60,73,0,8,T431,AA2654,0,47
2026-07-26T09:28:02.454Z,cloudflare_catchup,cloudflare_catchup_20260726081142_11-15-H1-H2-101-102-39-73,60,73,0,9,M172/16,AA7619,0,2
2026-07-26T09:28:02.454Z,cloudflare_catchup,cloudflare_catchup_20260726081142_11-15-H1-H2-101-102-39-73,60,73,0,13,M50,AB6393,0,49
2026-07-26T09:28:02.454Z,cloudflare_catchup,cloudflare_catchup_20260726081142_11-15-H1-H2-101-102-39-73,60,73,0,14,M172/7,AB6664,0,38
2026-07-26T09:28:02.454Z,cloudflare_catchup,cloudflare_catchup_20260726081142_11-15-H1-H2-101-102-39-73,60,73,0,18,T422,AB6136,0,11
2026-07-26T09:28:02.454Z,cloudflare_catchup,cloudflare_catchup_20260726081142_11-15-H1-H2-101-102-39-73,60,73,0,18,T422,AA5945,0,30
2026-07-26T09:29:01.824Z,cloudflare_catchup,cloudflare_catchup_20260726081142_11-15-H1-H2-101-102-39-73,60,73,0,4,T551/1,AA7224,0,45
2026-07-26T09:29:01.824Z,cloudflare_catchup,cloudflare_catchup_20260726081142_11-15-H1-H2-101-102-39-73,60,73,0,7,T421,AA6710,0,42
2026-07-26T09:29:01.824Z,cloudflare_catchup,cloudflare_catchup_20260726081142_11-15-H1-H2-101-102-39-73,60,73,0,8,T431,AA2654,0,46
2026-07-26T09:29:01.824Z,cloudflare_catchup,cloudflare_catchup_20260726081142_11-15-H1-H2-101-102-39-73,60,73,0,9,M172/16,AA7619,0,2
2026-07-26T09:29:01.824Z,cloudflare_catchup,cloudflare_catchup_20260726081142_11-15-H1-H2-101-102-39-73,60,73,0,13,M50,AB6393,0,4
2026-07-26T09:29:01.824Z,cloudflare_catchup,cloudflare_catchup_20260726081142_11-15-H1-H2-101-102-39-73,60,73,0,14,M172/7,AB6664,0,47
2026-07-26T09:29:01.824Z,cloudflare_catchup,cloudflare_catchup_20260726081142_11-15-H1-H2-101-102-39-73,60,73,0,19,T424,AA5945,1,13
2026-07-26T09:29:01.824Z,cloudflare_catchup,cloudflare_catchup_20260726081142_11-15-H1-H2-101-102-39-73,60,73,0,19,T424,AB6136,0,23
2026-07-26T09:30:02.536Z,cloudflare_catchup,cloudflare_catchup_20260726081142_11-15-H1-H2-101-102-39-73,60,73,0,0,T550/4,AB6049,1,11
2026-07-26T09:30:02.536Z,cloudflare_catchup,cloudflare_catchup_20260726081142_11-15-H1-H2-101-102-39-73,60,73,0,4,T551/1,AA7224,0,46
2026-07-26T09:30:02.536Z,cloudflare_catchup,cloudflare_catchup_20260726081142_11-15-H1-H2-101-102-39-73,60,73,0,7,T421,AA6710,0,47
2026-07-26T09:30:02.536Z,cloudflare_catchup,cloudflare_catchup_20260726081142_11-15-H1-H2-101-102-39-73,60,73,0,8,T431,AA2654,0,41
2026-07-26T09:30:02.536Z,cloudflare_catchup,cloudflare_catchup_20260726081142_11-15-H1-H2-101-102-39-73,60,73,0,10,M247,AA7619,1,35
2026-07-26T09:30:02.536Z,cloudflare_catchup,cloudflare_catchup_20260726081142_11-15-H1-H2-101-102-39-73,60,73,0,13,M50,AB6393,0,15
2026-07-26T09:30:02.536Z,cloudflare_catchup,cloudflare_catchup_20260726081142_11-15-H1-H2-101-102-39-73,60,73,0,14,M172/7,AB6664,0,48
2026-07-26T09:30:02.536Z,cloudflare_catchup,cloudflare_catchup_20260726081142_11-15-H1-H2-101-102-39-73,60,73,0,19,T424,AB6136,0,44
2026-07-26T09:30:02.536Z,cloudflare_catchup,cloudflare_catchup_20260726081142_11-15-H1-H2-101-102-39-73,60,73,0,19,T424,AA5945,0,44
2026-07-26T09:31:02.223Z,cloudflare_catchup,cloudflare_catchup_20260726081142_11-15-H1-H2-101-102-39-73,60,73,0,0,T550/4,AB6049,0,31
2026-07-26T09:31:02.223Z,cloudflare_catchup,cloudflare_catchup_20260726081142_11-15-H1-H2-101-102-39-73,60,73,0,4,T551/1,AA7224,0,24
2026-07-26T09:31:02.223Z,cloudflare_catchup,cloudflare_catchup_20260726081142_11-15-H1-H2-101-102-39-73,60,73,0,8,T431,AA6710,1,34
2026-07-26T09:31:02.223Z,cloudflare_catchup,cloudflare_catchup_20260726081142_11-15-H1-H2-101-102-39-73,60,73,0,9,M172/16,AA2654,1,4
2026-07-26T09:31:02.223Z,cloudflare_catchup,cloudflare_catchup_20260726081142_11-15-H1-H2-101-102-39-73,60,73,0,11,M231,AA7619,1,48
2026-07-26T09:31:02.223Z,cloudflare_catchup,cloudflare_catchup_20260726081142_11-15-H1-H2-101-102-39-73,60,73,0,13,M50,AB6393,0,48
2026-07-26T09:31:02.223Z,cloudflare_catchup,cloudflare_catchup_20260726081142_11-15-H1-H2-101-102-39-73,60,73,0,14,M172/7,AB6664,0,47
2026-07-26T09:31:02.223Z,cloudflare_catchup,cloudflare_catchup_20260726081142_11-15-H1-H2-101-102-39-73,60,73,0,19,T424,AB6136,0,44
2026-07-26T09:31:02.223Z,cloudflare_catchup,cloudflare_catchup_20260726081142_11-15-H1-H2-101-102-39-73,60,73,0,19,T424,AA5945,0,47
2026-07-26T09:32:02.574Z,cloudflare_catchup,cloudflare_catchup_20260726081142_11-15-H1-H2-101-102-39-73,60,73,0,1,T556,AB6049,0,18
2026-07-26T09:32:02.574Z,cloudflare_catchup,cloudflare_catchup_20260726081142_11-15-H1-H2-101-102-39-73,60,73,0,6,T423,AA7224,1,45
2026-07-26T09:32:02.574Z,cloudflare_catchup,cloudflare_catchup_20260726081142_11-15-H1-H2-101-102-39-73,60,73,0,8,T431,AA6710,0,45
2026-07-26T09:32:02.574Z,cloudflare_catchup,cloudflare_catchup_20260726081142_11-15-H1-H2-101-102-39-73,60,73,0,9,M172/16,AA2654,0,26
2026-07-26T09:32:02.574Z,cloudflare_catchup,cloudflare_catchup_20260726081142_11-15-H1-H2-101-102-39-73,60,73,0,11,M231,AA7619,0,1
2026-07-26T09:32:02.574Z,cloudflare_catchup,cloudflare_catchup_20260726081142_11-15-H1-H2-101-102-39-73,60,73,0,13,M50,AB6393,0,31
2026-07-26T09:32:02.574Z,cloudflare_catchup,cloudflare_catchup_20260726081142_11-15-H1-H2-101-102-39-73,60,73,0,14,M172/7,AB6664,0,50
2026-07-26T09:32:02.574Z,cloudflare_catchup,cloudflare_catchup_20260726081142_11-15-H1-H2-101-102-39-73,60,73,0,19,T424,AB6136,0,29
2026-07-26T09:32:02.574Z,cloudflare_catchup,cloudflare_catchup_20260726081142_11-15-H1-H2-101-102-39-73,60,73,0,19,T424,AA5945,0,43
2026-07-26T09:33:01.931Z,cloudflare_catchup,cloudflare_catchup_20260726081142_11-15-H1-H2-101-102-39-73,60,73,0,1,T556,AB6049,0,49
2026-07-26T09:33:01.931Z,cloudflare_catchup,cloudflare_catchup_20260726081142_11-15-H1-H2-101-102-39-73,60,73,0,7,T421,AA7224,1,46
2026-07-26T09:33:01.931Z,cloudflare_catchup,cloudflare_catchup_20260726081142_11-15-H1-H2-101-102-39-73,60,73,0,8,T431,AA6710,0,47
2026-07-26T09:33:01.931Z,cloudflare_catchup,cloudflare_catchup_20260726081142_11-15-H1-H2-101-102-39-73,60,73,0,9,M172/16,AA2654,0,48
2026-07-26T09:33:01.931Z,cloudflare_catchup,cloudflare_catchup_20260726081142_11-15-H1-H2-101-102-39-73,60,73,0,12,M219,AA7619,1,4
2026-07-26T09:33:01.931Z,cloudflare_catchup,cloudflare_catchup_20260726081142_11-15-H1-H2-101-102-39-73,60,73,0,13,M50,AB6393,0,27
2026-07-26T09:33:01.931Z,cloudflare_catchup,cloudflare_catchup_20260726081142_11-15-H1-H2-101-102-39-73,60,73,0,15,T430,AB6664,0,41
2026-07-26T09:33:01.931Z,cloudflare_catchup,cloudflare_catchup_20260726081142_11-15-H1-H2-101-102-39-73,60,73,0,20,T559,AB6136,1,37
2026-07-26T09:33:01.931Z,cloudflare_catchup,cloudflare_catchup_20260726081142_11-15-H1-H2-101-102-39-73,60,73,0,20,T559,AA5945,1,21
2026-07-26T09:34:02.328Z,cloudflare_catchup,cloudflare_catchup_20260726081142_11-15-H1-H2-101-102-39-73,60,73,0,2,T557,AB6049,0,27
2026-07-26T09:34:02.328Z,cloudflare_catchup,cloudflare_catchup_20260726081142_11-15-H1-H2-101-102-39-73,60,73,0,7,T421,AA7224,0,22
2026-07-26T09:34:02.328Z,cloudflare_catchup,cloudflare_catchup_20260726081142_11-15-H1-H2-101-102-39-73,60,73,0,8,T431,AA6710,0,43
2026-07-26T09:34:02.328Z,cloudflare_catchup,cloudflare_catchup_20260726081142_11-15-H1-H2-101-102-39-73,60,73,0,9,M172/16,AA2654,0,41
2026-07-26T09:34:02.328Z,cloudflare_catchup,cloudflare_catchup_20260726081142_11-15-H1-H2-101-102-39-73,60,73,0,12,M219,AA7619,0,4
2026-07-26T09:34:02.328Z,cloudflare_catchup,cloudflare_catchup_20260726081142_11-15-H1-H2-101-102-39-73,60,73,0,14,M172/7,AB6393,1,17
2026-07-26T09:34:02.328Z,cloudflare_catchup,cloudflare_catchup_20260726081142_11-15-H1-H2-101-102-39-73,60,73,0,16,T328,AB6664,1,31
2026-07-26T09:34:02.328Z,cloudflare_catchup,cloudflare_catchup_20260726081142_11-15-H1-H2-101-102-39-73,60,73,0,20,T559,AB6136,0,46
2026-07-26T09:34:02.328Z,cloudflare_catchup,cloudflare_catchup_20260726081142_11-15-H1-H2-101-102-39-73,60,73,0,20,T559,AA5945,0,43
2026-07-26T09:35:03.004Z,cloudflare_catchup,cloudflare_catchup_20260726081142_11-15-H1-H2-101-102-39-73,60,73,0,3,T558,AB6049,0,48
2026-07-26T09:35:03.004Z,cloudflare_catchup,cloudflare_catchup_20260726081142_11-15-H1-H2-101-102-39-73,60,73,0,7,T421,AA7224,0,44
2026-07-26T09:35:03.004Z,cloudflare_catchup,cloudflare_catchup_20260726081142_11-15-H1-H2-101-102-39-73,60,73,0,8,T431,AA6710,0,46
2026-07-26T09:35:03.004Z,cloudflare_catchup,cloudflare_catchup_20260726081142_11-15-H1-H2-101-102-39-73,60,73,0,9,M172/16,AA2654,0,32
2026-07-26T09:35:03.004Z,cloudflare_catchup,cloudflare_catchup_20260726081142_11-15-H1-H2-101-102-39-73,60,73,0,13,M50,AA7619,1,10
2026-07-26T09:35:03.004Z,cloudflare_catchup,cloudflare_catchup_20260726081142_11-15-H1-H2-101-102-39-73,60,73,0,14,M172/7,AB6393,0,21
2026-07-26T09:35:03.004Z,cloudflare_catchup,cloudflare_catchup_20260726081142_11-15-H1-H2-101-102-39-73,60,73,0,16,T328,AB6664,0,43
2026-07-26T09:35:03.004Z,cloudflare_catchup,cloudflare_catchup_20260726081142_11-15-H1-H2-101-102-39-73,60,73,0,22,T553,AA5945,0,48
2026-07-26T09:35:03.004Z,cloudflare_catchup,cloudflare_catchup_20260726081142_11-15-H1-H2-101-102-39-73,60,73,0,22,T553,AB6136,0,43
2026-07-26T09:36:02.536Z,cloudflare_catchup,cloudflare_catchup_20260726081142_11-15-H1-H2-101-102-39-73,60,73,0,4,T551/1,AB6049,1,33
2026-07-26T09:36:02.536Z,cloudflare_catchup,cloudflare_catchup_20260726081142_11-15-H1-H2-101-102-39-73,60,73,0,7,T421,AA7224,0,45
2026-07-26T09:36:02.536Z,cloudflare_catchup,cloudflare_catchup_20260726081142_11-15-H1-H2-101-102-39-73,60,73,0,9,M172/16,AA2654,0,41
2026-07-26T09:36:02.536Z,cloudflare_catchup,cloudflare_catchup_20260726081142_11-15-H1-H2-101-102-39-73,60,73,0,9,M172/16,AA6710,1,4
2026-07-26T09:36:02.536Z,cloudflare_catchup,cloudflare_catchup_20260726081142_11-15-H1-H2-101-102-39-73,60,73,0,13,M50,AA7619,0,44
2026-07-26T09:36:02.536Z,cloudflare_catchup,cloudflare_catchup_20260726081142_11-15-H1-H2-101-102-39-73,60,73,0,14,M172/7,AB6393,0,44
2026-07-26T09:36:02.536Z,cloudflare_catchup,cloudflare_catchup_20260726081142_11-15-H1-H2-101-102-39-73,60,73,0,17,T420,AB6664,1,49
2026-07-26T09:36:02.536Z,cloudflare_catchup,cloudflare_catchup_20260726081142_11-15-H1-H2-101-102-39-73,60,73,0,23,T554,AA5945,0,47
2026-07-26T09:36:02.536Z,cloudflare_catchup,cloudflare_catchup_20260726081142_11-15-H1-H2-101-102-39-73,60,73,0,23,T554,AB6136,0,17
2026-07-26T09:37:01.983Z,cloudflare_catchup,cloudflare_catchup_20260726081142_11-15-H1-H2-101-102-39-73,60,73,0,4,T551/1,AB6049,1,16
2026-07-26T09:37:01.983Z,cloudflare_catchup,cloudflare_catchup_20260726081142_11-15-H1-H2-101-102-39-73,60,73,0,8,T431,AA7224,1,30
2026-07-26T09:37:01.983Z,cloudflare_catchup,cloudflare_catchup_20260726081142_11-15-H1-H2-101-102-39-73,60,73,0,9,M172/16,AA2654,0,27
2026-07-26T09:37:01.983Z,cloudflare_catchup,cloudflare_catchup_20260726081142_11-15-H1-H2-101-102-39-73,60,73,0,9,M172/16,AA6710,0,46
2026-07-26T09:37:01.983Z,cloudflare_catchup,cloudflare_catchup_20260726081142_11-15-H1-H2-101-102-39-73,60,73,0,13,M50,AA7619,0,11
2026-07-26T09:37:01.983Z,cloudflare_catchup,cloudflare_catchup_20260726081142_11-15-H1-H2-101-102-39-73,60,73,0,14,M172/7,AB6393,0,46
2026-07-26T09:37:01.983Z,cloudflare_catchup,cloudflare_catchup_20260726081142_11-15-H1-H2-101-102-39-73,60,73,0,17,T420,AB6664,0,27
2026-07-26T09:37:01.983Z,cloudflare_catchup,cloudflare_catchup_20260726081142_11-15-H1-H2-101-102-39-73,60,73,0,23,T554,AB6136,0,35
2026-07-26T09:37:01.983Z,cloudflare_catchup,cloudflare_catchup_20260726081142_11-15-H1-H2-101-102-39-73,60,73,0,24,T555/2,AA5945,0,1
2026-07-26T09:38:02.528Z,cloudflare_catchup,cloudflare_catchup_20260726081142_11-15-H1-H2-101-102-39-73,60,73,0,0,T550/4,AB6613,1,20
2026-07-26T09:38:02.528Z,cloudflare_catchup,cloudflare_catchup_20260726081142_11-15-H1-H2-101-102-39-73,60,73,0,4,T551/1,AB6049,0,44
2026-07-26T09:38:02.528Z,cloudflare_catchup,cloudflare_catchup_20260726081142_11-15-H1-H2-101-102-39-73,60,73,0,8,T431,AA7224,0,48
2026-07-26T09:38:02.528Z,cloudflare_catchup,cloudflare_catchup_20260726081142_11-15-H1-H2-101-102-39-73,60,73,0,9,M172/16,AA2654,0,13
2026-07-26T09:38:02.528Z,cloudflare_catchup,cloudflare_catchup_20260726081142_11-15-H1-H2-101-102-39-73,60,73,0,9,M172/16,AA6710,0,42
2026-07-26T09:38:02.528Z,cloudflare_catchup,cloudflare_catchup_20260726081142_11-15-H1-H2-101-102-39-73,60,73,0,13,M50,AA7619,0,12
2026-07-26T09:38:02.528Z,cloudflare_catchup,cloudflare_catchup_20260726081142_11-15-H1-H2-101-102-39-73,60,73,0,14,M172/7,AB6393,0,47
2026-07-26T09:38:02.528Z,cloudflare_catchup,cloudflare_catchup_20260726081142_11-15-H1-H2-101-102-39-73,60,73,0,18,T422,AB6664,0,28
2026-07-26T09:38:02.528Z,cloudflare_catchup,cloudflare_catchup_20260726081142_11-15-H1-H2-101-102-39-73,60,73,0,24,T555/2,AB6136,0,17
2026-07-26T09:38:02.528Z,cloudflare_catchup,cloudflare_catchup_20260726081142_11-15-H1-H2-101-102-39-73,60,73,0,25,T550/4,AA5945,1,0
2026-07-26T09:39:01.881Z,cloudflare_catchup,cloudflare_catchup_20260726081142_11-15-H1-H2-101-102-39-73,60,73,0,0,T550/4,AB6613,1,8
2026-07-26T09:39:01.881Z,cloudflare_catchup,cloudflare_catchup_20260726081142_11-15-H1-H2-101-102-39-73,60,73,0,4,T551/1,AB6049,0,45
2026-07-26T09:39:01.881Z,cloudflare_catchup,cloudflare_catchup_20260726081142_11-15-H1-H2-101-102-39-73,60,73,0,8,T431,AA7224,0,48
2026-07-26T09:39:01.881Z,cloudflare_catchup,cloudflare_catchup_20260726081142_11-15-H1-H2-101-102-39-73,60,73,0,9,M172/16,AA2654,0,28
2026-07-26T09:39:01.881Z,cloudflare_catchup,cloudflare_catchup_20260726081142_11-15-H1-H2-101-102-39-73,60,73,0,9,M172/16,AA6710,0,42
2026-07-26T09:39:01.881Z,cloudflare_catchup,cloudflare_catchup_20260726081142_11-15-H1-H2-101-102-39-73,60,73,0,13,M50,AA7619,0,42
2026-07-26T09:39:01.881Z,cloudflare_catchup,cloudflare_catchup_20260726081142_11-15-H1-H2-101-102-39-73,60,73,0,14,M172/7,AB6393,0,3
2026-07-26T09:39:01.881Z,cloudflare_catchup,cloudflare_catchup_20260726081142_11-15-H1-H2-101-102-39-73,60,73,0,18,T422,AB6664,0,37
2026-07-26T09:39:01.881Z,cloudflare_catchup,cloudflare_catchup_20260726081142_11-15-H1-H2-101-102-39-73,60,73,0,25,T550/4,AA5945,1,0
2026-07-26T09:39:01.881Z,cloudflare_catchup,cloudflare_catchup_20260726081142_11-15-H1-H2-101-102-39-73,60,73,0,25,T550/4,AB6136,1,0
2026-07-26T09:40:02.479Z,cloudflare_catchup,cloudflare_catchup_20260726081142_11-15-H1-H2-101-102-39-73,60,73,0,0,T550/4,AB6613,0,31
2026-07-26T09:40:02.479Z,cloudflare_catchup,cloudflare_catchup_20260726081142_11-15-H1-H2-101-102-39-73,60,73,0,4,T551/1,AB6049,0,36
2026-07-26T09:40:02.479Z,cloudflare_catchup,cloudflare_catchup_20260726081142_11-15-H1-H2-101-102-39-73,60,73,0,8,T431,AA7224,0,44
2026-07-26T09:40:02.479Z,cloudflare_catchup,cloudflare_catchup_20260726081142_11-15-H1-H2-101-102-39-73,60,73,0,9,M172/16,AA6710,0,48
2026-07-26T09:40:02.479Z,cloudflare_catchup,cloudflare_catchup_20260726081142_11-15-H1-H2-101-102-39-73,60,73,0,10,M247,AA2654,0,5
2026-07-26T09:40:02.479Z,cloudflare_catchup,cloudflare_catchup_20260726081142_11-15-H1-H2-101-102-39-73,60,73,0,13,M50,AA7619,0,48
2026-07-26T09:40:02.479Z,cloudflare_catchup,cloudflare_catchup_20260726081142_11-15-H1-H2-101-102-39-73,60,73,0,14,M172/7,AB6393,0,21
2026-07-26T09:40:02.479Z,cloudflare_catchup,cloudflare_catchup_20260726081142_11-15-H1-H2-101-102-39-73,60,73,0,19,T424,AB6664,0,44
2026-07-26T09:40:02.479Z,cloudflare_catchup,cloudflare_catchup_20260726081142_11-15-H1-H2-101-102-39-73,60,73,0,25,T550/4,AA5945,1,0
2026-07-26T09:40:02.479Z,cloudflare_catchup,cloudflare_catchup_20260726081142_11-15-H1-H2-101-102-39-73,60,73,0,25,T550/4,AB6136,1,0
2026-07-26T09:41:02.193Z,cloudflare_catchup,cloudflare_catchup_20260726081142_11-15-H1-H2-101-102-39-73,60,73,0,1,T556,AB6613,0,15
2026-07-26T09:41:02.193Z,cloudflare_catchup,cloudflare_catchup_20260726081142_11-15-H1-H2-101-102-39-73,60,73,0,5,T425,AB6049,1,32
2026-07-26T09:41:02.193Z,cloudflare_catchup,cloudflare_catchup_20260726081142_11-15-H1-H2-101-102-39-73,60,73,0,8,T431,AA7224,0,44
2026-07-26T09:41:02.193Z,cloudflare_catchup,cloudflare_catchup_20260726081142_11-15-H1-H2-101-102-39-73,60,73,0,9,M172/16,AA6710,0,19
2026-07-26T09:41:02.193Z,cloudflare_catchup,cloudflare_catchup_20260726081142_11-15-H1-H2-101-102-39-73,60,73,0,11,M231,AA2654,1,31
2026-07-26T09:41:02.193Z,cloudflare_catchup,cloudflare_catchup_20260726081142_11-15-H1-H2-101-102-39-73,60,73,0,13,M50,AA7619,0,34
2026-07-26T09:41:02.193Z,cloudflare_catchup,cloudflare_catchup_20260726081142_11-15-H1-H2-101-102-39-73,60,73,0,15,T430,AB6393,0,34
2026-07-26T09:41:02.193Z,cloudflare_catchup,cloudflare_catchup_20260726081142_11-15-H1-H2-101-102-39-73,60,73,0,19,T424,AB6664,0,42
2026-07-26T09:41:02.193Z,cloudflare_catchup,cloudflare_catchup_20260726081142_11-15-H1-H2-101-102-39-73,60,73,0,25,T550/4,AA5945,1,0
2026-07-26T09:41:02.193Z,cloudflare_catchup,cloudflare_catchup_20260726081142_11-15-H1-H2-101-102-39-73,60,73,0,25,T550/4,AB6136,1,0
2026-07-26T09:42:02.477Z,cloudflare_catchup,cloudflare_catchup_20260726081142_11-15-H1-H2-101-102-39-73,60,73,0,1,T556,AB6613,0,37
2026-07-26T09:42:02.477Z,cloudflare_catchup,cloudflare_catchup_20260726081142_11-15-H1-H2-101-102-39-73,60,73,0,6,T423,AB6049,1,42
2026-07-26T09:42:02.477Z,cloudflare_catchup,cloudflare_catchup_20260726081142_11-15-H1-H2-101-102-39-73,60,73,0,8,T431,AA7224,0,25
2026-07-26T09:42:02.477Z,cloudflare_catchup,cloudflare_catchup_20260726081142_11-15-H1-H2-101-102-39-73,60,73,0,9,M172/16,AA6710,0,27
2026-07-26T09:42:02.477Z,cloudflare_catchup,cloudflare_catchup_20260726081142_11-15-H1-H2-101-102-39-73,60,73,0,11,M231,AA2654,0,5
2026-07-26T09:42:02.477Z,cloudflare_catchup,cloudflare_catchup_20260726081142_11-15-H1-H2-101-102-39-73,60,73,0,13,M50,AA7619,0,37
2026-07-26T09:42:02.477Z,cloudflare_catchup,cloudflare_catchup_20260726081142_11-15-H1-H2-101-102-39-73,60,73,0,16,T328,AB6393,1,35
2026-07-26T09:42:02.477Z,cloudflare_catchup,cloudflare_catchup_20260726081142_11-15-H1-H2-101-102-39-73,60,73,0,19,T424,AB6664,0,47
2026-07-26T09:42:02.477Z,cloudflare_catchup,cloudflare_catchup_20260726081142_11-15-H1-H2-101-102-39-73,60,73,0,25,T550/4,AA5945,1,0
2026-07-26T09:42:02.477Z,cloudflare_catchup,cloudflare_catchup_20260726081142_11-15-H1-H2-101-102-39-73,60,73,0,25,T550/4,AB6136,1,0
2026-07-26T09:43:01.820Z,cloudflare_catchup,cloudflare_catchup_20260726081142_11-15-H1-H2-101-102-39-73,60,73,0,2,T557,AB6613,0,33
2026-07-26T09:43:01.820Z,cloudflare_catchup,cloudflare_catchup_20260726081142_11-15-H1-H2-101-102-39-73,60,73,0,6,T423,AB6049,0,41
2026-07-26T09:43:01.820Z,cloudflare_catchup,cloudflare_catchup_20260726081142_11-15-H1-H2-101-102-39-73,60,73,0,9,M172/16,AA6710,0,3
2026-07-26T09:43:01.820Z,cloudflare_catchup,cloudflare_catchup_20260726081142_11-15-H1-H2-101-102-39-73,60,73,0,9,M172/16,AA7224,0,40
2026-07-26T09:43:01.820Z,cloudflare_catchup,cloudflare_catchup_20260726081142_11-15-H1-H2-101-102-39-73,60,73,0,12,M219,AA2654,0,23
2026-07-26T09:43:01.820Z,cloudflare_catchup,cloudflare_catchup_20260726081142_11-15-H1-H2-101-102-39-73,60,73,0,14,M172/7,AA7619,0,13
2026-07-26T09:43:01.820Z,cloudflare_catchup,cloudflare_catchup_20260726081142_11-15-H1-H2-101-102-39-73,60,73,0,16,T328,AB6393,0,49
2026-07-26T09:43:01.820Z,cloudflare_catchup,cloudflare_catchup_20260726081142_11-15-H1-H2-101-102-39-73,60,73,0,20,T559,AB6664,1,30
2026-07-26T09:43:01.820Z,cloudflare_catchup,cloudflare_catchup_20260726081142_11-15-H1-H2-101-102-39-73,60,73,0,25,T550/4,AB6136,1,0
2026-07-26T09:44:02.390Z,cloudflare_catchup,cloudflare_catchup_20260726081142_11-15-H1-H2-101-102-39-73,60,73,0,3,T558,AB6613,0,27
2026-07-26T09:44:02.390Z,cloudflare_catchup,cloudflare_catchup_20260726081142_11-15-H1-H2-101-102-39-73,60,73,0,7,T421,AB6049,0,36
2026-07-26T09:44:02.390Z,cloudflare_catchup,cloudflare_catchup_20260726081142_11-15-H1-H2-101-102-39-73,60,73,0,9,M172/16,AA6710,0,34
2026-07-26T09:44:02.390Z,cloudflare_catchup,cloudflare_catchup_20260726081142_11-15-H1-H2-101-102-39-73,60,73,0,9,M172/16,AA7224,0,48
2026-07-26T09:44:02.390Z,cloudflare_catchup,cloudflare_catchup_20260726081142_11-15-H1-H2-101-102-39-73,60,73,0,12,M219,AA2654,0,22
2026-07-26T09:44:02.390Z,cloudflare_catchup,cloudflare_catchup_20260726081142_11-15-H1-H2-101-102-39-73,60,73,0,14,M172/7,AA7619,0,48
2026-07-26T09:44:02.390Z,cloudflare_catchup,cloudflare_catchup_20260726081142_11-15-H1-H2-101-102-39-73,60,73,0,17,T420,AB6393,1,29
2026-07-26T09:44:02.390Z,cloudflare_catchup,cloudflare_catchup_20260726081142_11-15-H1-H2-101-102-39-73,60,73,0,20,T559,AB6664,0,47
2026-07-26T09:45:03.162Z,cloudflare_catchup,cloudflare_catchup_20260726081142_11-15-H1-H2-101-102-39-73,60,73,0,3,T558,AB6613,0,42
2026-07-26T09:45:03.162Z,cloudflare_catchup,cloudflare_catchup_20260726081142_11-15-H1-H2-101-102-39-73,60,73,0,7,T421,AB6049,0,42
2026-07-26T09:45:03.162Z,cloudflare_catchup,cloudflare_catchup_20260726081142_11-15-H1-H2-101-102-39-73,60,73,0,9,M172/16,AA7224,0,46
2026-07-26T09:45:03.162Z,cloudflare_catchup,cloudflare_catchup_20260726081142_11-15-H1-H2-101-102-39-73,60,73,0,10,M247,AA6710,1,39
2026-07-26T09:45:03.162Z,cloudflare_catchup,cloudflare_catchup_20260726081142_11-15-H1-H2-101-102-39-73,60,73,0,13,M50,AA2654,1,19
2026-07-26T09:45:03.162Z,cloudflare_catchup,cloudflare_catchup_20260726081142_11-15-H1-H2-101-102-39-73,60,73,0,14,M172/7,AA7619,0,43
2026-07-26T09:45:03.162Z,cloudflare_catchup,cloudflare_catchup_20260726081142_11-15-H1-H2-101-102-39-73,60,73,0,18,T422,AB6393,1,44
2026-07-26T09:45:03.162Z,cloudflare_catchup,cloudflare_catchup_20260726081142_11-15-H1-H2-101-102-39-73,60,73,0,22,T553,AB6664,0,36
2026-07-26T09:46:02.454Z,cloudflare_catchup,cloudflare_catchup_20260726081142_11-15-H1-H2-101-102-39-73,60,73,0,4,T551/1,AB6613,0,2
2026-07-26T09:46:02.454Z,cloudflare_catchup,cloudflare_catchup_20260726081142_11-15-H1-H2-101-102-39-73,60,73,0,7,T421,AB6049,0,47
2026-07-26T09:46:02.454Z,cloudflare_catchup,cloudflare_catchup_20260726081142_11-15-H1-H2-101-102-39-73,60,73,0,9,M172/16,AA7224,0,48
2026-07-26T09:46:02.454Z,cloudflare_catchup,cloudflare_catchup_20260726081142_11-15-H1-H2-101-102-39-73,60,73,0,11,M231,AA6710,1,2
2026-07-26T09:46:02.454Z,cloudflare_catchup,cloudflare_catchup_20260726081142_11-15-H1-H2-101-102-39-73,60,73,0,13,M50,AA2654,0,50
2026-07-26T09:46:02.454Z,cloudflare_catchup,cloudflare_catchup_20260726081142_11-15-H1-H2-101-102-39-73,60,73,0,14,M172/7,AA7619,0,48
2026-07-26T09:46:02.454Z,cloudflare_catchup,cloudflare_catchup_20260726081142_11-15-H1-H2-101-102-39-73,60,73,0,18,T422,AB6393,0,28
2026-07-26T09:46:02.454Z,cloudflare_catchup,cloudflare_catchup_20260726081142_11-15-H1-H2-101-102-39-73,60,73,0,23,T554,AB6664,0,29
2026-07-26T09:47:02.030Z,cloudflare_catchup,cloudflare_catchup_20260726081142_11-15-H1-H2-101-102-39-73,60,73,0,4,T551/1,AB6613,0,42
2026-07-26T09:47:02.030Z,cloudflare_catchup,cloudflare_catchup_20260726081142_11-15-H1-H2-101-102-39-73,60,73,0,8,T431,AB6049,1,31
2026-07-26T09:47:02.030Z,cloudflare_catchup,cloudflare_catchup_20260726081142_11-15-H1-H2-101-102-39-73,60,73,0,9,M172/16,AA7224,0,25
2026-07-26T09:47:02.030Z,cloudflare_catchup,cloudflare_catchup_20260726081142_11-15-H1-H2-101-102-39-73,60,73,0,11,M231,AA6710,0,25
2026-07-26T09:47:02.030Z,cloudflare_catchup,cloudflare_catchup_20260726081142_11-15-H1-H2-101-102-39-73,60,73,0,13,M50,AA2654,0,16
2026-07-26T09:47:02.030Z,cloudflare_catchup,cloudflare_catchup_20260726081142_11-15-H1-H2-101-102-39-73,60,73,0,14,M172/7,AA7619,0,43
2026-07-26T09:47:02.030Z,cloudflare_catchup,cloudflare_catchup_20260726081142_11-15-H1-H2-101-102-39-73,60,73,0,19,T424,AB6393,1,5
2026-07-26T09:47:02.030Z,cloudflare_catchup,cloudflare_catchup_20260726081142_11-15-H1-H2-101-102-39-73,60,73,0,24,T555/2,AB6664,1,20
2026-07-26T09:48:02.491Z,cloudflare_catchup,cloudflare_catchup_20260726081142_11-15-H1-H2-101-102-39-73,60,73,0,4,T551/1,AB6613,0,43
2026-07-26T09:48:02.491Z,cloudflare_catchup,cloudflare_catchup_20260726081142_11-15-H1-H2-101-102-39-73,60,73,0,8,T431,AB6049,0,41
2026-07-26T09:48:02.491Z,cloudflare_catchup,cloudflare_catchup_20260726081142_11-15-H1-H2-101-102-39-73,60,73,0,9,M172/16,AA7224,0,1
2026-07-26T09:48:02.491Z,cloudflare_catchup,cloudflare_catchup_20260726081142_11-15-H1-H2-101-102-39-73,60,73,0,11,M231,AA6710,0,3
2026-07-26T09:48:02.491Z,cloudflare_catchup,cloudflare_catchup_20260726081142_11-15-H1-H2-101-102-39-73,60,73,0,13,M50,AA2654,0,22
2026-07-26T09:48:02.491Z,cloudflare_catchup,cloudflare_catchup_20260726081142_11-15-H1-H2-101-102-39-73,60,73,0,14,M172/7,AA7619,0,50
2026-07-26T09:48:02.491Z,cloudflare_catchup,cloudflare_catchup_20260726081142_11-15-H1-H2-101-102-39-73,60,73,0,19,T424,AB6393,0,46
2026-07-26T09:48:02.491Z,cloudflare_catchup,cloudflare_catchup_20260726081142_11-15-H1-H2-101-102-39-73,60,73,0,24,T555/2,AB6664,0,29
2026-07-26T09:49:02.198Z,cloudflare_catchup,cloudflare_catchup_20260726081142_11-15-H1-H2-101-102-39-73,60,73,0,5,T425,AB6613,1,5
2026-07-26T09:49:02.198Z,cloudflare_catchup,cloudflare_catchup_20260726081142_11-15-H1-H2-101-102-39-73,60,73,0,8,T431,AB6049,0,47
2026-07-26T09:49:02.198Z,cloudflare_catchup,cloudflare_catchup_20260726081142_11-15-H1-H2-101-102-39-73,60,73,0,9,M172/16,AA7224,0,34
2026-07-26T09:49:02.198Z,cloudflare_catchup,cloudflare_catchup_20260726081142_11-15-H1-H2-101-102-39-73,60,73,0,12,M219,AA6710,0,30
2026-07-26T09:49:02.198Z,cloudflare_catchup,cloudflare_catchup_20260726081142_11-15-H1-H2-101-102-39-73,60,73,0,13,M50,AA2654,0,47
2026-07-26T09:49:02.198Z,cloudflare_catchup,cloudflare_catchup_20260726081142_11-15-H1-H2-101-102-39-73,60,73,0,15,T430,AA7619,0,41
2026-07-26T09:49:02.198Z,cloudflare_catchup,cloudflare_catchup_20260726081142_11-15-H1-H2-101-102-39-73,60,73,0,19,T424,AB6393,0,50
2026-07-26T09:49:02.198Z,cloudflare_catchup,cloudflare_catchup_20260726081142_11-15-H1-H2-101-102-39-73,60,73,0,25,T550/4,AB6664,1,0
2026-07-26T09:50:02.783Z,cloudflare_catchup,cloudflare_catchup_20260726081142_11-15-H1-H2-101-102-39-73,60,73,0,6,T423,AB6613,1,41
2026-07-26T09:50:02.783Z,cloudflare_catchup,cloudflare_catchup_20260726081142_11-15-H1-H2-101-102-39-73,60,73,0,8,T431,AB6049,0,44
2026-07-26T09:50:02.783Z,cloudflare_catchup,cloudflare_catchup_20260726081142_11-15-H1-H2-101-102-39-73,60,73,0,10,M247,AA7224,1,8
2026-07-26T09:50:02.783Z,cloudflare_catchup,cloudflare_catchup_20260726081142_11-15-H1-H2-101-102-39-73,60,73,0,12,M219,AA6710,0,17
2026-07-26T09:50:02.783Z,cloudflare_catchup,cloudflare_catchup_20260726081142_11-15-H1-H2-101-102-39-73,60,73,0,13,M50,AA2654,0,47
2026-07-26T09:50:02.783Z,cloudflare_catchup,cloudflare_catchup_20260726081142_11-15-H1-H2-101-102-39-73,60,73,0,15,T430,AA7619,0,4
2026-07-26T09:50:02.783Z,cloudflare_catchup,cloudflare_catchup_20260726081142_11-15-H1-H2-101-102-39-73,60,73,0,19,T424,AB6393,0,46
2026-07-26T09:50:02.783Z,cloudflare_catchup,cloudflare_catchup_20260726081142_11-15-H1-H2-101-102-39-73,60,73,0,25,T550/4,AB6664,1,0
2026-07-26T09:51:02.118Z,cloudflare_catchup,cloudflare_catchup_20260726081142_11-15-H1-H2-101-102-39-73,60,73,0,0,T550/4,AB6136,0,17
2026-07-26T09:51:02.118Z,cloudflare_catchup,cloudflare_catchup_20260726081142_11-15-H1-H2-101-102-39-73,60,73,0,7,T421,AB6613,1,45
2026-07-26T09:51:02.118Z,cloudflare_catchup,cloudflare_catchup_20260726081142_11-15-H1-H2-101-102-39-73,60,73,0,8,T431,AB6049,0,44
2026-07-26T09:51:02.118Z,cloudflare_catchup,cloudflare_catchup_20260726081142_11-15-H1-H2-101-102-39-73,60,73,0,11,M231,AA7224,1,26
2026-07-26T09:51:02.118Z,cloudflare_catchup,cloudflare_catchup_20260726081142_11-15-H1-H2-101-102-39-73,60,73,0,13,M50,AA2654,0,25
2026-07-26T09:51:02.118Z,cloudflare_catchup,cloudflare_catchup_20260726081142_11-15-H1-H2-101-102-39-73,60,73,0,13,M50,AA6710,1,25
2026-07-26T09:51:02.118Z,cloudflare_catchup,cloudflare_catchup_20260726081142_11-15-H1-H2-101-102-39-73,60,73,0,16,T328,AA7619,0,29
2026-07-26T09:51:02.118Z,cloudflare_catchup,cloudflare_catchup_20260726081142_11-15-H1-H2-101-102-39-73,60,73,0,20,T559,AB6393,1,3
2026-07-26T09:51:02.118Z,cloudflare_catchup,cloudflare_catchup_20260726081142_11-15-H1-H2-101-102-39-73,60,73,0,25,T550/4,AB6664,1,0
2026-07-26T09:52:02.397Z,cloudflare_catchup,cloudflare_catchup_20260726081142_11-15-H1-H2-101-102-39-73,60,73,0,1,T556,AB6136,1,23
2026-07-26T09:52:02.397Z,cloudflare_catchup,cloudflare_catchup_20260726081142_11-15-H1-H2-101-102-39-73,60,73,0,7,T421,AB6613,0,47
2026-07-26T09:52:02.397Z,cloudflare_catchup,cloudflare_catchup_20260726081142_11-15-H1-H2-101-102-39-73,60,73,0,8,T431,AB6049,0,26
2026-07-26T09:52:02.397Z,cloudflare_catchup,cloudflare_catchup_20260726081142_11-15-H1-H2-101-102-39-73,60,73,0,12,M219,AA7224,1,15
2026-07-26T09:52:02.397Z,cloudflare_catchup,cloudflare_catchup_20260726081142_11-15-H1-H2-101-102-39-73,60,73,0,13,M50,AA2654,0,5
2026-07-26T09:52:02.397Z,cloudflare_catchup,cloudflare_catchup_20260726081142_11-15-H1-H2-101-102-39-73,60,73,0,13,M50,AA6710,0,45
2026-07-26T09:52:02.397Z,cloudflare_catchup,cloudflare_catchup_20260726081142_11-15-H1-H2-101-102-39-73,60,73,0,16,T328,AA7619,0,27
2026-07-26T09:52:02.397Z,cloudflare_catchup,cloudflare_catchup_20260726081142_11-15-H1-H2-101-102-39-73,60,73,0,21,T552,AB6393,1,46
2026-07-26T09:52:02.397Z,cloudflare_catchup,cloudflare_catchup_20260726081142_11-15-H1-H2-101-102-39-73,60,73,0,25,T550/4,AB6664,1,0
2026-07-26T09:53:01.833Z,cloudflare_catchup,cloudflare_catchup_20260726081142_11-15-H1-H2-101-102-39-73,60,73,0,1,T556,AB6136,0,37
2026-07-26T09:53:01.833Z,cloudflare_catchup,cloudflare_catchup_20260726081142_11-15-H1-H2-101-102-39-73,60,73,0,7,T421,AB6613,0,48
2026-07-26T09:53:01.833Z,cloudflare_catchup,cloudflare_catchup_20260726081142_11-15-H1-H2-101-102-39-73,60,73,0,9,M172/16,AB6049,1,13
2026-07-26T09:53:01.833Z,cloudflare_catchup,cloudflare_catchup_20260726081142_11-15-H1-H2-101-102-39-73,60,73,0,12,M219,AA7224,1,25
2026-07-26T09:53:01.833Z,cloudflare_catchup,cloudflare_catchup_20260726081142_11-15-H1-H2-101-102-39-73,60,73,0,13,M50,AA2654,0,5
2026-07-26T09:53:01.833Z,cloudflare_catchup,cloudflare_catchup_20260726081142_11-15-H1-H2-101-102-39-73,60,73,0,13,M50,AA6710,0,3
2026-07-26T09:53:01.833Z,cloudflare_catchup,cloudflare_catchup_20260726081142_11-15-H1-H2-101-102-39-73,60,73,0,17,T420,AA7619,0,46
2026-07-26T09:53:01.833Z,cloudflare_catchup,cloudflare_catchup_20260726081142_11-15-H1-H2-101-102-39-73,60,73,0,22,T553,AB6393,0,24
2026-07-26T09:53:01.833Z,cloudflare_catchup,cloudflare_catchup_20260726081142_11-15-H1-H2-101-102-39-73,60,73,0,25,T550/4,AB6664,1,0
2026-07-26T09:54:02.411Z,cloudflare_catchup,cloudflare_catchup_20260726081142_11-15-H1-H2-101-102-39-73,60,73,0,2,T557,AB6136,1,35
2026-07-26T09:54:02.411Z,cloudflare_catchup,cloudflare_catchup_20260726081142_11-15-H1-H2-101-102-39-73,60,73,0,7,T421,AB6613,0,19
2026-07-26T09:54:02.411Z,cloudflare_catchup,cloudflare_catchup_20260726081142_11-15-H1-H2-101-102-39-73,60,73,0,9,M172/16,AB6049,1,2
2026-07-26T09:54:02.411Z,cloudflare_catchup,cloudflare_catchup_20260726081142_11-15-H1-H2-101-102-39-73,60,73,0,12,M219,AA7224,0,25
2026-07-26T09:54:02.411Z,cloudflare_catchup,cloudflare_catchup_20260726081142_11-15-H1-H2-101-102-39-73,60,73,0,13,M50,AA6710,0,4
2026-07-26T09:54:02.411Z,cloudflare_catchup,cloudflare_catchup_20260726081142_11-15-H1-H2-101-102-39-73,60,73,0,14,M172/7,AA2654,0,24
2026-07-26T09:54:02.411Z,cloudflare_catchup,cloudflare_catchup_20260726081142_11-15-H1-H2-101-102-39-73,60,73,0,18,T422,AA7619,0,34
2026-07-26T09:54:02.411Z,cloudflare_catchup,cloudflare_catchup_20260726081142_11-15-H1-H2-101-102-39-73,60,73,0,23,T554,AB6393,0,44
2026-07-26T09:55:03.180Z,cloudflare_catchup,cloudflare_catchup_20260726081142_11-15-H1-H2-101-102-39-73,60,73,0,3,T558,AB6136,1,37
2026-07-26T09:55:03.180Z,cloudflare_catchup,cloudflare_catchup_20260726081142_11-15-H1-H2-101-102-39-73,60,73,0,8,T431,AB6613,0,47
2026-07-26T09:55:03.180Z,cloudflare_catchup,cloudflare_catchup_20260726081142_11-15-H1-H2-101-102-39-73,60,73,0,9,M172/16,AB6049,0,32
2026-07-26T09:55:03.180Z,cloudflare_catchup,cloudflare_catchup_20260726081142_11-15-H1-H2-101-102-39-73,60,73,0,13,M50,AA6710,0,4
2026-07-26T09:55:03.180Z,cloudflare_catchup,cloudflare_catchup_20260726081142_11-15-H1-H2-101-102-39-73,60,73,0,13,M50,AA7224,1,5
2026-07-26T09:55:03.180Z,cloudflare_catchup,cloudflare_catchup_20260726081142_11-15-H1-H2-101-102-39-73,60,73,0,14,M172/7,AA2654,0,44
2026-07-26T09:55:03.180Z,cloudflare_catchup,cloudflare_catchup_20260726081142_11-15-H1-H2-101-102-39-73,60,73,0,19,T424,AA7619,0,19
2026-07-26T09:55:03.180Z,cloudflare_catchup,cloudflare_catchup_20260726081142_11-15-H1-H2-101-102-39-73,60,73,0,24,T555/2,AB6393,0,39
2026-07-26T09:56:02.507Z,cloudflare_catchup,cloudflare_catchup_20260726081142_11-15-H1-H2-101-102-39-73,60,73,0,3,T558,AB6136,0,29
2026-07-26T09:56:02.507Z,cloudflare_catchup,cloudflare_catchup_20260726081142_11-15-H1-H2-101-102-39-73,60,73,0,8,T431,AB6613,0,49
2026-07-26T09:56:02.507Z,cloudflare_catchup,cloudflare_catchup_20260726081142_11-15-H1-H2-101-102-39-73,60,73,0,9,M172/16,AB6049,0,47
2026-07-26T09:56:02.507Z,cloudflare_catchup,cloudflare_catchup_20260726081142_11-15-H1-H2-101-102-39-73,60,73,0,13,M50,AA6710,0,48
2026-07-26T09:56:02.507Z,cloudflare_catchup,cloudflare_catchup_20260726081142_11-15-H1-H2-101-102-39-73,60,73,0,13,M50,AA7224,0,48
2026-07-26T09:56:02.507Z,cloudflare_catchup,cloudflare_catchup_20260726081142_11-15-H1-H2-101-102-39-73,60,73,0,14,M172/7,AA2654,0,49
2026-07-26T09:56:02.507Z,cloudflare_catchup,cloudflare_catchup_20260726081142_11-15-H1-H2-101-102-39-73,60,73,0,19,T424,AA7619,0,45
2026-07-26T09:56:02.507Z,cloudflare_catchup,cloudflare_catchup_20260726081142_11-15-H1-H2-101-102-39-73,60,73,0,25,T550/4,AB6393,1,0
2026-07-26T09:57:01.895Z,cloudflare_catchup,cloudflare_catchup_20260726081142_11-15-H1-H2-101-102-39-73,60,73,0,4,T551/1,AB6136,1,44
2026-07-26T09:57:01.895Z,cloudflare_catchup,cloudflare_catchup_20260726081142_11-15-H1-H2-101-102-39-73,60,73,0,8,T431,AB6613,0,48
2026-07-26T09:57:01.895Z,cloudflare_catchup,cloudflare_catchup_20260726081142_11-15-H1-H2-101-102-39-73,60,73,0,9,M172/16,AB6049,0,49
2026-07-26T09:57:01.895Z,cloudflare_catchup,cloudflare_catchup_20260726081142_11-15-H1-H2-101-102-39-73,60,73,0,13,M50,AA6710,0,47
2026-07-26T09:57:01.895Z,cloudflare_catchup,cloudflare_catchup_20260726081142_11-15-H1-H2-101-102-39-73,60,73,0,13,M50,AA7224,0,4
2026-07-26T09:57:01.895Z,cloudflare_catchup,cloudflare_catchup_20260726081142_11-15-H1-H2-101-102-39-73,60,73,0,14,M172/7,AA2654,0,48
2026-07-26T09:57:01.895Z,cloudflare_catchup,cloudflare_catchup_20260726081142_11-15-H1-H2-101-102-39-73,60,73,0,19,T424,AA7619,0,47
2026-07-26T09:57:01.895Z,cloudflare_catchup,cloudflare_catchup_20260726081142_11-15-H1-H2-101-102-39-73,60,73,0,25,T550/4,AB6393,1,0
2026-07-26T09:58:02.395Z,cloudflare_catchup,cloudflare_catchup_20260726081142_11-15-H1-H2-101-102-39-73,60,73,0,0,T550/4,AA5945,1,11
2026-07-26T09:58:02.395Z,cloudflare_catchup,cloudflare_catchup_20260726081142_11-15-H1-H2-101-102-39-73,60,73,0,4,T551/1,AB6136,0,44
2026-07-26T09:58:02.395Z,cloudflare_catchup,cloudflare_catchup_20260726081142_11-15-H1-H2-101-102-39-73,60,73,0,8,T431,AB6613,0,45
2026-07-26T09:58:02.395Z,cloudflare_catchup,cloudflare_catchup_20260726081142_11-15-H1-H2-101-102-39-73,60,73,0,9,M172/16,AB6049,0,49
2026-07-26T09:58:02.395Z,cloudflare_catchup,cloudflare_catchup_20260726081142_11-15-H1-H2-101-102-39-73,60,73,0,13,M50,AA6710,0,32
2026-07-26T09:58:02.395Z,cloudflare_catchup,cloudflare_catchup_20260726081142_11-15-H1-H2-101-102-39-73,60,73,0,13,M50,AA7224,0,11
2026-07-26T09:58:02.395Z,cloudflare_catchup,cloudflare_catchup_20260726081142_11-15-H1-H2-101-102-39-73,60,73,0,14,M172/7,AA2654,0,36
2026-07-26T09:58:02.395Z,cloudflare_catchup,cloudflare_catchup_20260726081142_11-15-H1-H2-101-102-39-73,60,73,0,20,T559,AA7619,1,33
2026-07-26T09:58:02.395Z,cloudflare_catchup,cloudflare_catchup_20260726081142_11-15-H1-H2-101-102-39-73,60,73,0,25,T550/4,AB6393,1,0
2026-07-26T09:59:02.117Z,cloudflare_catchup,cloudflare_catchup_20260726081142_11-15-H1-H2-101-102-39-73,60,73,0,1,T556,AA5945,0,36
2026-07-26T09:59:02.117Z,cloudflare_catchup,cloudflare_catchup_20260726081142_11-15-H1-H2-101-102-39-73,60,73,0,4,T551/1,AB6136,0,48
2026-07-26T09:59:02.117Z,cloudflare_catchup,cloudflare_catchup_20260726081142_11-15-H1-H2-101-102-39-73,60,73,0,8,T431,AB6613,0,48
2026-07-26T09:59:02.117Z,cloudflare_catchup,cloudflare_catchup_20260726081142_11-15-H1-H2-101-102-39-73,60,73,0,9,M172/16,AB6049,0,47
2026-07-26T09:59:02.117Z,cloudflare_catchup,cloudflare_catchup_20260726081142_11-15-H1-H2-101-102-39-73,60,73,0,13,M50,AA6710,0,44
2026-07-26T09:59:02.117Z,cloudflare_catchup,cloudflare_catchup_20260726081142_11-15-H1-H2-101-102-39-73,60,73,0,13,M50,AA7224,0,5
2026-07-26T09:59:02.117Z,cloudflare_catchup,cloudflare_catchup_20260726081142_11-15-H1-H2-101-102-39-73,60,73,0,15,T430,AA2654,1,32
2026-07-26T09:59:02.117Z,cloudflare_catchup,cloudflare_catchup_20260726081142_11-15-H1-H2-101-102-39-73,60,73,0,20,T559,AA7619,0,35
2026-07-26T09:59:02.117Z,cloudflare_catchup,cloudflare_catchup_20260726081142_11-15-H1-H2-101-102-39-73,60,73,0,25,T550/4,AB6393,1,0
2026-07-26T10:00:03.000Z,cloudflare_catchup,cloudflare_catchup_20260726081142_11-15-H1-H2-101-102-39-73,60,73,0,1,T556,AA5945,0,49
2026-07-26T10:00:03.000Z,cloudflare_catchup,cloudflare_catchup_20260726081142_11-15-H1-H2-101-102-39-73,60,73,0,4,T551/1,AB6136,0,45
2026-07-26T10:00:03.000Z,cloudflare_catchup,cloudflare_catchup_20260726081142_11-15-H1-H2-101-102-39-73,60,73,0,9,M172/16,AB6049,0,41
2026-07-26T10:00:03.000Z,cloudflare_catchup,cloudflare_catchup_20260726081142_11-15-H1-H2-101-102-39-73,60,73,0,9,M172/16,AB6613,1,6
2026-07-26T10:00:03.000Z,cloudflare_catchup,cloudflare_catchup_20260726081142_11-15-H1-H2-101-102-39-73,60,73,0,13,M50,AA7224,0,2
2026-07-26T10:00:03.000Z,cloudflare_catchup,cloudflare_catchup_20260726081142_11-15-H1-H2-101-102-39-73,60,73,0,14,M172/7,AA6710,1,4
2026-07-26T10:00:03.000Z,cloudflare_catchup,cloudflare_catchup_20260726081142_11-15-H1-H2-101-102-39-73,60,73,0,15,T430,AA2654,0,41
2026-07-26T10:00:03.000Z,cloudflare_catchup,cloudflare_catchup_20260726081142_11-15-H1-H2-101-102-39-73,60,73,0,22,T553,AA7619,0,34
2026-07-26T10:00:03.000Z,cloudflare_catchup,cloudflare_catchup_20260726081142_11-15-H1-H2-101-102-39-73,60,73,0,25,T550/4,AB6393,1,0
2026-07-26T10:01:01.703Z,cloudflare_catchup,cloudflare_catchup_20260726081142_11-15-H1-H2-101-102-39-73,60,73,0,2,T557,AA5945,0,26
2026-07-26T10:01:01.703Z,cloudflare_catchup,cloudflare_catchup_20260726081142_11-15-H1-H2-101-102-39-73,60,73,0,5,T425,AB6136,0,30
2026-07-26T10:01:01.703Z,cloudflare_catchup,cloudflare_catchup_20260726081142_11-15-H1-H2-101-102-39-73,60,73,0,9,M172/16,AB6049,0,28
2026-07-26T10:01:01.703Z,cloudflare_catchup,cloudflare_catchup_20260726081142_11-15-H1-H2-101-102-39-73,60,73,0,9,M172/16,AB6613,0,45
2026-07-26T10:01:01.703Z,cloudflare_catchup,cloudflare_catchup_20260726081142_11-15-H1-H2-101-102-39-73,60,73,0,13,M50,AA7224,0,46
2026-07-26T10:01:01.703Z,cloudflare_catchup,cloudflare_catchup_20260726081142_11-15-H1-H2-101-102-39-73,60,73,0,14,M172/7,AA6710,0,13
2026-07-26T10:01:01.703Z,cloudflare_catchup,cloudflare_catchup_20260726081142_11-15-H1-H2-101-102-39-73,60,73,0,16,T328,AA2654,0,46
2026-07-26T10:01:01.703Z,cloudflare_catchup,cloudflare_catchup_20260726081142_11-15-H1-H2-101-102-39-73,60,73,0,23,T554,AA7619,0,37
2026-07-26T10:02:02.333Z,cloudflare_catchup,cloudflare_catchup_20260726081142_11-15-H1-H2-101-102-39-73,60,73,0,3,T558,AA5945,0,38
2026-07-26T10:02:02.333Z,cloudflare_catchup,cloudflare_catchup_20260726081142_11-15-H1-H2-101-102-39-73,60,73,0,6,T423,AB6136,1,23
2026-07-26T10:02:02.333Z,cloudflare_catchup,cloudflare_catchup_20260726081142_11-15-H1-H2-101-102-39-73,60,73,0,9,M172/16,AB6613,0,47
2026-07-26T10:02:02.333Z,cloudflare_catchup,cloudflare_catchup_20260726081142_11-15-H1-H2-101-102-39-73,60,73,0,10,M247,AB6049,1,3
2026-07-26T10:02:02.333Z,cloudflare_catchup,cloudflare_catchup_20260726081142_11-15-H1-H2-101-102-39-73,60,73,0,13,M50,AA7224,0,47
2026-07-26T10:02:02.333Z,cloudflare_catchup,cloudflare_catchup_20260726081142_11-15-H1-H2-101-102-39-73,60,73,0,14,M172/7,AA6710,0,47
2026-07-26T10:02:02.333Z,cloudflare_catchup,cloudflare_catchup_20260726081142_11-15-H1-H2-101-102-39-73,60,73,0,16,T328,AA2654,0,30
2026-07-26T10:02:02.333Z,cloudflare_catchup,cloudflare_catchup_20260726081142_11-15-H1-H2-101-102-39-73,60,73,0,24,T555/2,AA7619,1,45
2026-07-26T10:03:01.863Z,cloudflare_catchup,cloudflare_catchup_20260726081142_11-15-H1-H2-101-102-39-73,60,73,0,3,T558,AA5945,0,23
2026-07-26T10:03:01.863Z,cloudflare_catchup,cloudflare_catchup_20260726081142_11-15-H1-H2-101-102-39-73,60,73,0,7,T421,AB6136,1,36
2026-07-26T10:03:01.863Z,cloudflare_catchup,cloudflare_catchup_20260726081142_11-15-H1-H2-101-102-39-73,60,73,0,9,M172/16,AB6613,0,36
2026-07-26T10:03:01.863Z,cloudflare_catchup,cloudflare_catchup_20260726081142_11-15-H1-H2-101-102-39-73,60,73,0,11,M231,AB6049,1,20
2026-07-26T10:03:01.863Z,cloudflare_catchup,cloudflare_catchup_20260726081142_11-15-H1-H2-101-102-39-73,60,73,0,13,M50,AA7224,0,29
2026-07-26T10:03:01.863Z,cloudflare_catchup,cloudflare_catchup_20260726081142_11-15-H1-H2-101-102-39-73,60,73,0,14,M172/7,AA6710,0,48
2026-07-26T10:03:01.863Z,cloudflare_catchup,cloudflare_catchup_20260726081142_11-15-H1-H2-101-102-39-73,60,73,0,17,T420,AA2654,0,41
2026-07-26T10:03:01.863Z,cloudflare_catchup,cloudflare_catchup_20260726081142_11-15-H1-H2-101-102-39-73,60,73,0,24,T555/2,AA7619,0,42
2026-07-26T10:04:02.375Z,cloudflare_catchup,cloudflare_catchup_20260726081142_11-15-H1-H2-101-102-39-73,60,73,0,4,T551/1,AA5945,0,3
2026-07-26T10:04:02.375Z,cloudflare_catchup,cloudflare_catchup_20260726081142_11-15-H1-H2-101-102-39-73,60,73,0,7,T421,AB6136,0,21
2026-07-26T10:04:02.375Z,cloudflare_catchup,cloudflare_catchup_20260726081142_11-15-H1-H2-101-102-39-73,60,73,0,9,M172/16,AB6613,0,43
2026-07-26T10:04:02.375Z,cloudflare_catchup,cloudflare_catchup_20260726081142_11-15-H1-H2-101-102-39-73,60,73,0,11,M231,AB6049,0,6
2026-07-26T10:04:02.375Z,cloudflare_catchup,cloudflare_catchup_20260726081142_11-15-H1-H2-101-102-39-73,60,73,0,13,M50,AA7224,0,35
2026-07-26T10:04:02.375Z,cloudflare_catchup,cloudflare_catchup_20260726081142_11-15-H1-H2-101-102-39-73,60,73,0,14,M172/7,AA6710,0,47
2026-07-26T10:04:02.375Z,cloudflare_catchup,cloudflare_catchup_20260726081142_11-15-H1-H2-101-102-39-73,60,73,0,18,T422,AA2654,0,3
2026-07-26T10:04:02.375Z,cloudflare_catchup,cloudflare_catchup_20260726081142_11-15-H1-H2-101-102-39-73,60,73,0,25,T550/4,AA7619,1,0
2026-07-26T10:05:03.003Z,cloudflare_catchup,cloudflare_catchup_20260726081142_11-15-H1-H2-101-102-39-73,60,73,0,4,T551/1,AA5945,0,39
2026-07-26T10:05:03.003Z,cloudflare_catchup,cloudflare_catchup_20260726081142_11-15-H1-H2-101-102-39-73,60,73,0,7,T421,AB6136,0,42
2026-07-26T10:05:03.003Z,cloudflare_catchup,cloudflare_catchup_20260726081142_11-15-H1-H2-101-102-39-73,60,73,0,9,M172/16,AB6613,0,19
2026-07-26T10:05:03.003Z,cloudflare_catchup,cloudflare_catchup_20260726081142_11-15-H1-H2-101-102-39-73,60,73,0,11,M231,AB6049,0,18
2026-07-26T10:05:03.003Z,cloudflare_catchup,cloudflare_catchup_20260726081142_11-15-H1-H2-101-102-39-73,60,73,0,14,M172/7,AA6710,0,48
2026-07-26T10:05:03.003Z,cloudflare_catchup,cloudflare_catchup_20260726081142_11-15-H1-H2-101-102-39-73,60,73,0,14,M172/7,AA7224,1,8
2026-07-26T10:05:03.003Z,cloudflare_catchup,cloudflare_catchup_20260726081142_11-15-H1-H2-101-102-39-73,60,73,0,18,T422,AA2654,0,5
2026-07-26T10:05:03.003Z,cloudflare_catchup,cloudflare_catchup_20260726081142_11-15-H1-H2-101-102-39-73,60,73,0,25,T550/4,AA7619,1,0
2026-07-26T10:06:02.523Z,cloudflare_catchup,cloudflare_catchup_20260726081142_11-15-H1-H2-101-102-39-73,60,73,0,4,T551/1,AA5945,0,43
2026-07-26T10:06:02.523Z,cloudflare_catchup,cloudflare_catchup_20260726081142_11-15-H1-H2-101-102-39-73,60,73,0,7,T421,AB6136,0,48
2026-07-26T10:06:02.523Z,cloudflare_catchup,cloudflare_catchup_20260726081142_11-15-H1-H2-101-102-39-73,60,73,0,9,M172/16,AB6613,0,31
2026-07-26T10:06:02.523Z,cloudflare_catchup,cloudflare_catchup_20260726081142_11-15-H1-H2-101-102-39-73,60,73,0,11,M231,AB6049,0,18
2026-07-26T10:06:02.523Z,cloudflare_catchup,cloudflare_catchup_20260726081142_11-15-H1-H2-101-102-39-73,60,73,0,14,M172/7,AA6710,0,45
2026-07-26T10:06:02.523Z,cloudflare_catchup,cloudflare_catchup_20260726081142_11-15-H1-H2-101-102-39-73,60,73,0,14,M172/7,AA7224,0,34
2026-07-26T10:06:02.523Z,cloudflare_catchup,cloudflare_catchup_20260726081142_11-15-H1-H2-101-102-39-73,60,73,0,19,T424,AA2654,0,45
2026-07-26T10:06:02.523Z,cloudflare_catchup,cloudflare_catchup_20260726081142_11-15-H1-H2-101-102-39-73,60,73,0,25,T550/4,AA7619,1,0
2026-07-26T10:07:01.856Z,cloudflare_catchup,cloudflare_catchup_20260726081142_11-15-H1-H2-101-102-39-73,60,73,0,5,T425,AA5945,0,48
2026-07-26T10:07:01.856Z,cloudflare_catchup,cloudflare_catchup_20260726081142_11-15-H1-H2-101-102-39-73,60,73,0,8,T431,AB6136,1,29
2026-07-26T10:07:01.856Z,cloudflare_catchup,cloudflare_catchup_20260726081142_11-15-H1-H2-101-102-39-73,60,73,0,9,M172/16,AB6613,0,8
2026-07-26T10:07:01.856Z,cloudflare_catchup,cloudflare_catchup_20260726081142_11-15-H1-H2-101-102-39-73,60,73,0,12,M219,AB6049,0,19
2026-07-26T10:07:01.856Z,cloudflare_catchup,cloudflare_catchup_20260726081142_11-15-H1-H2-101-102-39-73,60,73,0,14,M172/7,AA7224,0,44
2026-07-26T10:07:01.856Z,cloudflare_catchup,cloudflare_catchup_20260726081142_11-15-H1-H2-101-102-39-73,60,73,0,15,T430,AA6710,0,44
2026-07-26T10:07:01.856Z,cloudflare_catchup,cloudflare_catchup_20260726081142_11-15-H1-H2-101-102-39-73,60,73,0,19,T424,AA2654,0,46
2026-07-26T10:07:01.856Z,cloudflare_catchup,cloudflare_catchup_20260726081142_11-15-H1-H2-101-102-39-73,60,73,0,25,T550/4,AA7619,1,0
2026-07-26T10:08:02.406Z,cloudflare_catchup,cloudflare_catchup_20260726081142_11-15-H1-H2-101-102-39-73,60,73,0,6,T423,AA5945,1,32
2026-07-26T10:08:02.406Z,cloudflare_catchup,cloudflare_catchup_20260726081142_11-15-H1-H2-101-102-39-73,60,73,0,8,T431,AB6136,0,45
2026-07-26T10:08:02.406Z,cloudflare_catchup,cloudflare_catchup_20260726081142_11-15-H1-H2-101-102-39-73,60,73,0,10,M247,AB6613,1,25
2026-07-26T10:08:02.406Z,cloudflare_catchup,cloudflare_catchup_20260726081142_11-15-H1-H2-101-102-39-73,60,73,0,12,M219,AB6049,0,7
2026-07-26T10:08:02.406Z,cloudflare_catchup,cloudflare_catchup_20260726081142_11-15-H1-H2-101-102-39-73,60,73,0,14,M172/7,AA7224,0,46
2026-07-26T10:08:02.406Z,cloudflare_catchup,cloudflare_catchup_20260726081142_11-15-H1-H2-101-102-39-73,60,73,0,16,T328,AA6710,1,37
2026-07-26T10:08:02.406Z,cloudflare_catchup,cloudflare_catchup_20260726081142_11-15-H1-H2-101-102-39-73,60,73,0,19,T424,AA2654,0,43
2026-07-26T10:08:02.406Z,cloudflare_catchup,cloudflare_catchup_20260726081142_11-15-H1-H2-101-102-39-73,60,73,0,25,T550/4,AA7619,1,0
2026-07-26T10:09:02.014Z,cloudflare_catchup,cloudflare_catchup_20260726081142_11-15-H1-H2-101-102-39-73,60,73,0,7,T421,AA5945,0,26
2026-07-26T10:09:02.014Z,cloudflare_catchup,cloudflare_catchup_20260726081142_11-15-H1-H2-101-102-39-73,60,73,0,8,T431,AB6136,0,32
2026-07-26T10:09:02.014Z,cloudflare_catchup,cloudflare_catchup_20260726081142_11-15-H1-H2-101-102-39-73,60,73,0,11,M231,AB6613,1,28
2026-07-26T10:09:02.014Z,cloudflare_catchup,cloudflare_catchup_20260726081142_11-15-H1-H2-101-102-39-73,60,73,0,13,M50,AB6049,1,25
2026-07-26T10:09:02.014Z,cloudflare_catchup,cloudflare_catchup_20260726081142_11-15-H1-H2-101-102-39-73,60,73,0,14,M172/7,AA7224,0,47
2026-07-26T10:09:02.014Z,cloudflare_catchup,cloudflare_catchup_20260726081142_11-15-H1-H2-101-102-39-73,60,73,0,16,T328,AA6710,0,44
2026-07-26T10:09:02.014Z,cloudflare_catchup,cloudflare_catchup_20260726081142_11-15-H1-H2-101-102-39-73,60,73,0,20,T559,AA2654,1,16
2026-07-26T10:10:02.633Z,cloudflare_catchup,cloudflare_catchup_20260726081142_11-15-H1-H2-101-102-39-73,60,73,0,7,T421,AA5945,0,44
2026-07-26T10:10:02.633Z,cloudflare_catchup,cloudflare_catchup_20260726081142_11-15-H1-H2-101-102-39-73,60,73,0,8,T431,AB6136,0,45
2026-07-26T10:10:02.633Z,cloudflare_catchup,cloudflare_catchup_20260726081142_11-15-H1-H2-101-102-39-73,60,73,0,12,M219,AB6613,1,25
2026-07-26T10:10:02.633Z,cloudflare_catchup,cloudflare_catchup_20260726081142_11-15-H1-H2-101-102-39-73,60,73,0,13,M50,AB6049,0,40
2026-07-26T10:10:02.633Z,cloudflare_catchup,cloudflare_catchup_20260726081142_11-15-H1-H2-101-102-39-73,60,73,0,14,M172/7,AA7224,0,41
2026-07-26T10:10:02.633Z,cloudflare_catchup,cloudflare_catchup_20260726081142_11-15-H1-H2-101-102-39-73,60,73,0,17,T420,AA6710,1,27
2026-07-26T10:10:02.633Z,cloudflare_catchup,cloudflare_catchup_20260726081142_11-15-H1-H2-101-102-39-73,60,73,0,21,T552,AA2654,1,48
2026-07-26T10:11:02.321Z,cloudflare_catchup,cloudflare_catchup_20260726081142_11-15-H1-H2-101-102-39-73,60,73,0,7,T421,AA5945,0,49
2026-07-26T10:11:02.321Z,cloudflare_catchup,cloudflare_catchup_20260726081142_11-15-H1-H2-101-102-39-73,60,73,0,8,T431,AB6136,0,43
2026-07-26T10:11:02.321Z,cloudflare_catchup,cloudflare_catchup_20260726081142_11-15-H1-H2-101-102-39-73,60,73,0,13,M50,AB6049,0,29
2026-07-26T10:11:02.321Z,cloudflare_catchup,cloudflare_catchup_20260726081142_11-15-H1-H2-101-102-39-73,60,73,0,13,M50,AB6613,1,23
2026-07-26T10:11:02.321Z,cloudflare_catchup,cloudflare_catchup_20260726081142_11-15-H1-H2-101-102-39-73,60,73,0,15,T430,AA7224,1,7
2026-07-26T10:11:02.321Z,cloudflare_catchup,cloudflare_catchup_20260726081142_11-15-H1-H2-101-102-39-73,60,73,0,18,T422,AA6710,1,44
2026-07-26T10:11:02.321Z,cloudflare_catchup,cloudflare_catchup_20260726081142_11-15-H1-H2-101-102-39-73,60,73,0,23,T554,AA2654,1,30
2026-07-26T10:12:02.638Z,cloudflare_catchup,cloudflare_catchup_20260726081142_11-15-H1-H2-101-102-39-73,60,73,0,7,T421,AA5945,0,33
2026-07-26T10:12:02.638Z,cloudflare_catchup,cloudflare_catchup_20260726081142_11-15-H1-H2-101-102-39-73,60,73,0,8,T431,AB6136,0,46
2026-07-26T10:12:02.638Z,cloudflare_catchup,cloudflare_catchup_20260726081142_11-15-H1-H2-101-102-39-73,60,73,0,13,M50,AB6049,0,7
2026-07-26T10:12:02.638Z,cloudflare_catchup,cloudflare_catchup_20260726081142_11-15-H1-H2-101-102-39-73,60,73,0,13,M50,AB6613,0,39
2026-07-26T10:12:02.638Z,cloudflare_catchup,cloudflare_catchup_20260726081142_11-15-H1-H2-101-102-39-73,60,73,0,15,T430,AA7224,0,48
2026-07-26T10:12:02.638Z,cloudflare_catchup,cloudflare_catchup_20260726081142_11-15-H1-H2-101-102-39-73,60,73,0,19,T424,AA6710,1,40
2026-07-26T10:12:02.638Z,cloudflare_catchup,cloudflare_catchup_20260726081142_11-15-H1-H2-101-102-39-73,60,73,0,23,T554,AA2654,0,45
2026-07-26T10:13:02.270Z,cloudflare_catchup,cloudflare_catchup_20260726081142_11-15-H1-H2-101-102-39-73,60,73,0,8,T431,AA5945,0,46
2026-07-26T10:13:02.270Z,cloudflare_catchup,cloudflare_catchup_20260726081142_11-15-H1-H2-101-102-39-73,60,73,0,9,M172/16,AB6136,1,9
2026-07-26T10:13:02.270Z,cloudflare_catchup,cloudflare_catchup_20260726081142_11-15-H1-H2-101-102-39-73,60,73,0,13,M50,AB6049,0,2
2026-07-26T10:13:02.270Z,cloudflare_catchup,cloudflare_catchup_20260726081142_11-15-H1-H2-101-102-39-73,60,73,0,13,M50,AB6613,0,8
2026-07-26T10:13:02.270Z,cloudflare_catchup,cloudflare_catchup_20260726081142_11-15-H1-H2-101-102-39-73,60,73,0,16,T328,AA7224,0,47
2026-07-26T10:13:02.270Z,cloudflare_catchup,cloudflare_catchup_20260726081142_11-15-H1-H2-101-102-39-73,60,73,0,19,T424,AA6710,0,44
2026-07-26T10:13:02.270Z,cloudflare_catchup,cloudflare_catchup_20260726081142_11-15-H1-H2-101-102-39-73,60,73,0,24,T555/2,AA2654,0,14
2026-07-26T10:14:02.930Z,cloudflare_catchup,cloudflare_catchup_20260726081142_11-15-H1-H2-101-102-39-73,60,73,0,0,T550/4,AB6393,1,28
2026-07-26T10:14:02.930Z,cloudflare_catchup,cloudflare_catchup_20260726081142_11-15-H1-H2-101-102-39-73,60,73,0,8,T431,AA5945,0,40
2026-07-26T10:14:02.930Z,cloudflare_catchup,cloudflare_catchup_20260726081142_11-15-H1-H2-101-102-39-73,60,73,0,9,M172/16,AB6136,1,9
2026-07-26T10:14:02.930Z,cloudflare_catchup,cloudflare_catchup_20260726081142_11-15-H1-H2-101-102-39-73,60,73,0,13,M50,AB6049,0,21
2026-07-26T10:14:02.930Z,cloudflare_catchup,cloudflare_catchup_20260726081142_11-15-H1-H2-101-102-39-73,60,73,0,13,M50,AB6613,0,11
2026-07-26T10:14:02.930Z,cloudflare_catchup,cloudflare_catchup_20260726081142_11-15-H1-H2-101-102-39-73,60,73,0,16,T328,AA7224,0,19
2026-07-26T10:14:02.930Z,cloudflare_catchup,cloudflare_catchup_20260726081142_11-15-H1-H2-101-102-39-73,60,73,0,19,T424,AA6710,0,27
2026-07-26T10:14:02.930Z,cloudflare_catchup,cloudflare_catchup_20260726081142_11-15-H1-H2-101-102-39-73,60,73,0,25,T550/4,AA2654,1,0
2026-07-26T10:15:03.484Z,cloudflare_catchup,cloudflare_catchup_20260726081142_11-15-H1-H2-101-102-39-73,60,73,0,1,T556,AB6393,1,3
2026-07-26T10:15:03.484Z,cloudflare_catchup,cloudflare_catchup_20260726081142_11-15-H1-H2-101-102-39-73,60,73,0,8,T431,AA5945,0,47
2026-07-26T10:15:03.484Z,cloudflare_catchup,cloudflare_catchup_20260726081142_11-15-H1-H2-101-102-39-73,60,73,0,9,M172/16,AB6136,0,36
2026-07-26T10:15:03.484Z,cloudflare_catchup,cloudflare_catchup_20260726081142_11-15-H1-H2-101-102-39-73,60,73,0,13,M50,AB6049,0,22
2026-07-26T10:15:03.484Z,cloudflare_catchup,cloudflare_catchup_20260726081142_11-15-H1-H2-101-102-39-73,60,73,0,13,M50,AB6613,0,12
2026-07-26T10:15:03.484Z,cloudflare_catchup,cloudflare_catchup_20260726081142_11-15-H1-H2-101-102-39-73,60,73,0,17,T420,AA7224,1,40
2026-07-26T10:15:03.484Z,cloudflare_catchup,cloudflare_catchup_20260726081142_11-15-H1-H2-101-102-39-73,60,73,0,19,T424,AA6710,0,43
2026-07-26T10:15:03.484Z,cloudflare_catchup,cloudflare_catchup_20260726081142_11-15-H1-H2-101-102-39-73,60,73,0,25,T550/4,AA2654,1,0
2026-07-26T10:16:02.687Z,cloudflare_catchup,cloudflare_catchup_20260726081142_11-15-H1-H2-101-102-39-73,60,73,0,1,T556,AB6393,1,3
2026-07-26T10:16:02.687Z,cloudflare_catchup,cloudflare_catchup_20260726081142_11-15-H1-H2-101-102-39-73,60,73,0,8,T431,AA5945,0,49
2026-07-26T10:16:02.687Z,cloudflare_catchup,cloudflare_catchup_20260726081142_11-15-H1-H2-101-102-39-73,60,73,0,9,M172/16,AB6136,0,42
2026-07-26T10:16:02.687Z,cloudflare_catchup,cloudflare_catchup_20260726081142_11-15-H1-H2-101-102-39-73,60,73,0,13,M50,AB6049,0,48
2026-07-26T10:16:02.687Z,cloudflare_catchup,cloudflare_catchup_20260726081142_11-15-H1-H2-101-102-39-73,60,73,0,13,M50,AB6613,0,38
2026-07-26T10:16:02.687Z,cloudflare_catchup,cloudflare_catchup_20260726081142_11-15-H1-H2-101-102-39-73,60,73,0,18,T422,AA7224,0,6
2026-07-26T10:16:02.687Z,cloudflare_catchup,cloudflare_catchup_20260726081142_11-15-H1-H2-101-102-39-73,60,73,0,20,T559,AA6710,0,32
2026-07-26T10:16:02.687Z,cloudflare_catchup,cloudflare_catchup_20260726081142_11-15-H1-H2-101-102-39-73,60,73,0,25,T550/4,AA2654,1,0
2026-07-26T10:17:01.709Z,cloudflare_catchup,cloudflare_catchup_20260726081142_11-15-H1-H2-101-102-39-73,60,73,0,1,T556,AB6393,0,35
2026-07-26T10:17:01.709Z,cloudflare_catchup,cloudflare_catchup_20260726081142_11-15-H1-H2-101-102-39-73,60,73,0,8,T431,AA5945,0,44
2026-07-26T10:17:01.709Z,cloudflare_catchup,cloudflare_catchup_20260726081142_11-15-H1-H2-101-102-39-73,60,73,0,9,M172/16,AB6136,0,46
2026-07-26T10:17:01.709Z,cloudflare_catchup,cloudflare_catchup_20260726081142_11-15-H1-H2-101-102-39-73,60,73,0,13,M50,AB6049,0,44
2026-07-26T10:17:01.709Z,cloudflare_catchup,cloudflare_catchup_20260726081142_11-15-H1-H2-101-102-39-73,60,73,0,13,M50,AB6613,0,48
2026-07-26T10:17:01.709Z,cloudflare_catchup,cloudflare_catchup_20260726081142_11-15-H1-H2-101-102-39-73,60,73,0,19,T424,AA7224,0,38
2026-07-26T10:17:01.709Z,cloudflare_catchup,cloudflare_catchup_20260726081142_11-15-H1-H2-101-102-39-73,60,73,0,22,T553,AA6710,0,42
2026-07-26T10:17:01.709Z,cloudflare_catchup,cloudflare_catchup_20260726081142_11-15-H1-H2-101-102-39-73,60,73,0,25,T550/4,AA2654,1,0
2026-07-26T10:18:02.261Z,cloudflare_catchup,cloudflare_catchup_20260726081142_11-15-H1-H2-101-102-39-73,60,73,0,2,T557,AB6393,0,14
2026-07-26T10:18:02.261Z,cloudflare_catchup,cloudflare_catchup_20260726081142_11-15-H1-H2-101-102-39-73,60,73,0,9,M172/16,AB6136,0,16
2026-07-26T10:18:02.261Z,cloudflare_catchup,cloudflare_catchup_20260726081142_11-15-H1-H2-101-102-39-73,60,73,0,9,M172/16,AA5945,0,8
2026-07-26T10:18:02.261Z,cloudflare_catchup,cloudflare_catchup_20260726081142_11-15-H1-H2-101-102-39-73,60,73,0,13,M50,AB6049,0,43
2026-07-26T10:18:02.261Z,cloudflare_catchup,cloudflare_catchup_20260726081142_11-15-H1-H2-101-102-39-73,60,73,0,13,M50,AB6613,0,47
2026-07-26T10:18:02.261Z,cloudflare_catchup,cloudflare_catchup_20260726081142_11-15-H1-H2-101-102-39-73,60,73,0,19,T424,AA7224,0,47
2026-07-26T10:18:02.261Z,cloudflare_catchup,cloudflare_catchup_20260726081142_11-15-H1-H2-101-102-39-73,60,73,0,23,T554,AA6710,0,34
2026-07-26T10:18:02.261Z,cloudflare_catchup,cloudflare_catchup_20260726081142_11-15-H1-H2-101-102-39-73,60,73,0,25,T550/4,AA2654,1,0
2026-07-26T10:19:01.802Z,cloudflare_catchup,cloudflare_catchup_20260726081142_11-15-H1-H2-101-102-39-73,60,73,0,3,T558,AB6393,1,44
2026-07-26T10:19:01.802Z,cloudflare_catchup,cloudflare_catchup_20260726081142_11-15-H1-H2-101-102-39-73,60,73,0,9,M172/16,AB6136,0,47
2026-07-26T10:19:01.802Z,cloudflare_catchup,cloudflare_catchup_20260726081142_11-15-H1-H2-101-102-39-73,60,73,0,9,M172/16,AA5945,0,3
2026-07-26T10:19:01.802Z,cloudflare_catchup,cloudflare_catchup_20260726081142_11-15-H1-H2-101-102-39-73,60,73,0,13,M50,AB6049,0,7
2026-07-26T10:19:01.802Z,cloudflare_catchup,cloudflare_catchup_20260726081142_11-15-H1-H2-101-102-39-73,60,73,0,13,M50,AB6613,0,2
2026-07-26T10:19:01.802Z,cloudflare_catchup,cloudflare_catchup_20260726081142_11-15-H1-H2-101-102-39-73,60,73,0,19,T424,AA7224,0,47
2026-07-26T10:19:01.802Z,cloudflare_catchup,cloudflare_catchup_20260726081142_11-15-H1-H2-101-102-39-73,60,73,0,24,T555/2,AA6710,1,36
2026-07-26T10:20:02.431Z,cloudflare_catchup,cloudflare_catchup_20260726081142_11-15-H1-H2-101-102-39-73,60,73,0,3,T558,AB6393,0,48
2026-07-26T10:20:02.431Z,cloudflare_catchup,cloudflare_catchup_20260726081142_11-15-H1-H2-101-102-39-73,60,73,0,9,M172/16,AB6136,0,40
2026-07-26T10:20:02.431Z,cloudflare_catchup,cloudflare_catchup_20260726081142_11-15-H1-H2-101-102-39-73,60,73,0,9,M172/16,AA5945,0,48
2026-07-26T10:20:02.431Z,cloudflare_catchup,cloudflare_catchup_20260726081142_11-15-H1-H2-101-102-39-73,60,73,0,13,M50,AB6613,0,41
2026-07-26T10:20:02.431Z,cloudflare_catchup,cloudflare_catchup_20260726081142_11-15-H1-H2-101-102-39-73,60,73,0,14,M172/7,AB6049,1,15
2026-07-26T10:20:02.431Z,cloudflare_catchup,cloudflare_catchup_20260726081142_11-15-H1-H2-101-102-39-73,60,73,0,20,T559,AA7224,1,35
2026-07-26T10:20:02.431Z,cloudflare_catchup,cloudflare_catchup_20260726081142_11-15-H1-H2-101-102-39-73,60,73,0,24,T555/2,AA6710,0,39
2026-07-26T10:21:01.785Z,cloudflare_catchup,cloudflare_catchup_20260726081142_11-15-H1-H2-101-102-39-73,60,73,0,4,T551/1,AB6393,1,35
2026-07-26T10:21:01.785Z,cloudflare_catchup,cloudflare_catchup_20260726081142_11-15-H1-H2-101-102-39-73,60,73,0,9,M172/16,AB6136,0,24
2026-07-26T10:21:01.785Z,cloudflare_catchup,cloudflare_catchup_20260726081142_11-15-H1-H2-101-102-39-73,60,73,0,9,M172/16,AA5945,0,38
2026-07-26T10:21:01.785Z,cloudflare_catchup,cloudflare_catchup_20260726081142_11-15-H1-H2-101-102-39-73,60,73,0,14,M172/7,AB6613,1,11
2026-07-26T10:21:01.785Z,cloudflare_catchup,cloudflare_catchup_20260726081142_11-15-H1-H2-101-102-39-73,60,73,0,14,M172/7,AB6049,0,6
2026-07-26T10:21:01.785Z,cloudflare_catchup,cloudflare_catchup_20260726081142_11-15-H1-H2-101-102-39-73,60,73,0,20,T559,AA7224,0,46
2026-07-26T10:21:01.785Z,cloudflare_catchup,cloudflare_catchup_20260726081142_11-15-H1-H2-101-102-39-73,60,73,0,25,T550/4,AA6710,1,0
2026-07-26T10:22:02.465Z,cloudflare_catchup,cloudflare_catchup_20260726081142_11-15-H1-H2-101-102-39-73,60,73,0,0,T550/4,AA7619,1,14
2026-07-26T10:22:02.465Z,cloudflare_catchup,cloudflare_catchup_20260726081142_11-15-H1-H2-101-102-39-73,60,73,0,4,T551/1,AB6393,1,10
2026-07-26T10:22:02.465Z,cloudflare_catchup,cloudflare_catchup_20260726081142_11-15-H1-H2-101-102-39-73,60,73,0,9,M172/16,AA5945,0,32
2026-07-26T10:22:02.465Z,cloudflare_catchup,cloudflare_catchup_20260726081142_11-15-H1-H2-101-102-39-73,60,73,0,10,M247,AB6136,1,35
2026-07-26T10:22:02.465Z,cloudflare_catchup,cloudflare_catchup_20260726081142_11-15-H1-H2-101-102-39-73,60,73,0,14,M172/7,AB6049,0,19
2026-07-26T10:22:02.465Z,cloudflare_catchup,cloudflare_catchup_20260726081142_11-15-H1-H2-101-102-39-73,60,73,0,14,M172/7,AB6613,0,22
2026-07-26T10:22:02.465Z,cloudflare_catchup,cloudflare_catchup_20260726081142_11-15-H1-H2-101-102-39-73,60,73,0,22,T553,AA7224,0,43
2026-07-26T10:22:02.465Z,cloudflare_catchup,cloudflare_catchup_20260726081142_11-15-H1-H2-101-102-39-73,60,73,0,25,T550/4,AA6710,1,0
2026-07-26T10:23:01.840Z,cloudflare_catchup,cloudflare_catchup_20260726081142_11-15-H1-H2-101-102-39-73,60,73,0,0,T550/4,AA7619,1,14
2026-07-26T10:23:01.840Z,cloudflare_catchup,cloudflare_catchup_20260726081142_11-15-H1-H2-101-102-39-73,60,73,0,4,T551/1,AB6393,0,49
2026-07-26T10:23:01.840Z,cloudflare_catchup,cloudflare_catchup_20260726081142_11-15-H1-H2-101-102-39-73,60,73,0,9,M172/16,AA5945,0,21
2026-07-26T10:23:01.840Z,cloudflare_catchup,cloudflare_catchup_20260726081142_11-15-H1-H2-101-102-39-73,60,73,0,11,M231,AB6136,1,22
2026-07-26T10:23:01.840Z,cloudflare_catchup,cloudflare_catchup_20260726081142_11-15-H1-H2-101-102-39-73,60,73,0,14,M172/7,AB6049,0,44
2026-07-26T10:23:01.840Z,cloudflare_catchup,cloudflare_catchup_20260726081142_11-15-H1-H2-101-102-39-73,60,73,0,14,M172/7,AB6613,0,44
2026-07-26T10:23:01.840Z,cloudflare_catchup,cloudflare_catchup_20260726081142_11-15-H1-H2-101-102-39-73,60,73,0,23,T554,AA7224,0,47
2026-07-26T10:23:01.840Z,cloudflare_catchup,cloudflare_catchup_20260726081142_11-15-H1-H2-101-102-39-73,60,73,0,25,T550/4,AA6710,1,0
2026-07-26T10:24:02.546Z,cloudflare_catchup,cloudflare_catchup_20260726081142_11-15-H1-H2-101-102-39-73,60,73,0,0,T550/4,AA7619,1,23
2026-07-26T10:24:02.546Z,cloudflare_catchup,cloudflare_catchup_20260726081142_11-15-H1-H2-101-102-39-73,60,73,0,4,T551/1,AB6393,0,49
2026-07-26T10:24:02.546Z,cloudflare_catchup,cloudflare_catchup_20260726081142_11-15-H1-H2-101-102-39-73,60,73,0,9,M172/16,AA5945,0,39
2026-07-26T10:24:02.546Z,cloudflare_catchup,cloudflare_catchup_20260726081142_11-15-H1-H2-101-102-39-73,60,73,0,11,M231,AB6136,0,31
2026-07-26T10:24:02.546Z,cloudflare_catchup,cloudflare_catchup_20260726081142_11-15-H1-H2-101-102-39-73,60,73,0,14,M172/7,AB6049,0,47
2026-07-26T10:24:02.546Z,cloudflare_catchup,cloudflare_catchup_20260726081142_11-15-H1-H2-101-102-39-73,60,73,0,14,M172/7,AB6613,0,46
2026-07-26T10:24:02.546Z,cloudflare_catchup,cloudflare_catchup_20260726081142_11-15-H1-H2-101-102-39-73,60,73,0,24,T555/2,AA7224,0,28
2026-07-26T10:24:02.546Z,cloudflare_catchup,cloudflare_catchup_20260726081142_11-15-H1-H2-101-102-39-73,60,73,0,25,T550/4,AA6710,1,0
2026-07-26T10:25:03.212Z,cloudflare_catchup,cloudflare_catchup_20260726081142_11-15-H1-H2-101-102-39-73,60,73,0,1,T556,AA7619,1,18
2026-07-26T10:25:03.212Z,cloudflare_catchup,cloudflare_catchup_20260726081142_11-15-H1-H2-101-102-39-73,60,73,0,5,T425,AB6393,1,39
2026-07-26T10:25:03.212Z,cloudflare_catchup,cloudflare_catchup_20260726081142_11-15-H1-H2-101-102-39-73,60,73,0,9,M172/16,AA5945,0,22
2026-07-26T10:25:03.212Z,cloudflare_catchup,cloudflare_catchup_20260726081142_11-15-H1-H2-101-102-39-73,60,73,0,11,M231,AB6136,0,11
2026-07-26T10:25:03.212Z,cloudflare_catchup,cloudflare_catchup_20260726081142_11-15-H1-H2-101-102-39-73,60,73,0,14,M172/7,AB6049,0,48
2026-07-26T10:25:03.212Z,cloudflare_catchup,cloudflare_catchup_20260726081142_11-15-H1-H2-101-102-39-73,60,73,0,14,M172/7,AB6613,0,46
2026-07-26T10:25:03.212Z,cloudflare_catchup,cloudflare_catchup_20260726081142_11-15-H1-H2-101-102-39-73,60,73,0,25,T550/4,AA6710,1,0
2026-07-26T10:25:03.212Z,cloudflare_catchup,cloudflare_catchup_20260726081142_11-15-H1-H2-101-102-39-73,60,73,0,25,T550/4,AA7224,1,0
2026-07-26T10:26:02.392Z,cloudflare_catchup,cloudflare_catchup_20260726081142_11-15-H1-H2-101-102-39-73,60,73,0,1,T556,AA7619,0,30
2026-07-26T10:26:02.392Z,cloudflare_catchup,cloudflare_catchup_20260726081142_11-15-H1-H2-101-102-39-73,60,73,0,5,T425,AB6393,0,44
2026-07-26T10:26:02.392Z,cloudflare_catchup,cloudflare_catchup_20260726081142_11-15-H1-H2-101-102-39-73,60,73,0,10,M247,AA5945,1,17
2026-07-26T10:26:02.392Z,cloudflare_catchup,cloudflare_catchup_20260726081142_11-15-H1-H2-101-102-39-73,60,73,0,11,M231,AB6136,0,3
2026-07-26T10:26:02.392Z,cloudflare_catchup,cloudflare_catchup_20260726081142_11-15-H1-H2-101-102-39-73,60,73,0,14,M172/7,AB6049,0,6
2026-07-26T10:26:02.392Z,cloudflare_catchup,cloudflare_catchup_20260726081142_11-15-H1-H2-101-102-39-73,60,73,0,14,M172/7,AB6613,0,13
2026-07-26T10:26:02.392Z,cloudflare_catchup,cloudflare_catchup_20260726081142_11-15-H1-H2-101-102-39-73,60,73,0,25,T550/4,AA7224,1,0
2026-07-26T10:27:01.784Z,cloudflare_catchup,cloudflare_catchup_20260726081142_11-15-H1-H2-101-102-39-73,60,73,0,2,T557,AA7619,0,30
2026-07-26T10:27:01.784Z,cloudflare_catchup,cloudflare_catchup_20260726081142_11-15-H1-H2-101-102-39-73,60,73,0,6,T423,AB6393,0,1
2026-07-26T10:27:01.784Z,cloudflare_catchup,cloudflare_catchup_20260726081142_11-15-H1-H2-101-102-39-73,60,73,0,11,M231,AA5945,0,32
2026-07-26T10:27:01.784Z,cloudflare_catchup,cloudflare_catchup_20260726081142_11-15-H1-H2-101-102-39-73,60,73,0,12,M219,AB6136,0,32
2026-07-26T10:27:01.784Z,cloudflare_catchup,cloudflare_catchup_20260726081142_11-15-H1-H2-101-102-39-73,60,73,0,14,M172/7,AB6049,0,48
2026-07-26T10:27:01.784Z,cloudflare_catchup,cloudflare_catchup_20260726081142_11-15-H1-H2-101-102-39-73,60,73,0,14,M172/7,AB6613,0,5
2026-07-26T10:27:01.784Z,cloudflare_catchup,cloudflare_catchup_20260726081142_11-15-H1-H2-101-102-39-73,60,73,0,25,T550/4,AA7224,1,0
2026-07-26T10:28:02.350Z,cloudflare_catchup,cloudflare_catchup_20260726081142_11-15-H1-H2-101-102-39-73,60,73,0,3,T558,AA7619,0,48
2026-07-26T10:28:02.350Z,cloudflare_catchup,cloudflare_catchup_20260726081142_11-15-H1-H2-101-102-39-73,60,73,0,7,T421,AB6393,0,34
2026-07-26T10:28:02.350Z,cloudflare_catchup,cloudflare_catchup_20260726081142_11-15-H1-H2-101-102-39-73,60,73,0,11,M231,AA5945,0,16
2026-07-26T10:28:02.350Z,cloudflare_catchup,cloudflare_catchup_20260726081142_11-15-H1-H2-101-102-39-73,60,73,0,12,M219,AB6136,0,13
2026-07-26T10:28:02.350Z,cloudflare_catchup,cloudflare_catchup_20260726081142_11-15-H1-H2-101-102-39-73,60,73,0,14,M172/7,AB6613,0,48
2026-07-26T10:28:02.350Z,cloudflare_catchup,cloudflare_catchup_20260726081142_11-15-H1-H2-101-102-39-73,60,73,0,15,T430,AB6049,0,41
2026-07-26T10:28:02.350Z,cloudflare_catchup,cloudflare_catchup_20260726081142_11-15-H1-H2-101-102-39-73,60,73,0,25,T550/4,AA7224,1,0
2026-07-26T10:29:02.040Z,cloudflare_catchup,cloudflare_catchup_20260726081142_11-15-H1-H2-101-102-39-73,60,73,0,4,T551/1,AA7619,1,42
2026-07-26T10:29:02.040Z,cloudflare_catchup,cloudflare_catchup_20260726081142_11-15-H1-H2-101-102-39-73,60,73,0,7,T421,AB6393,0,44
2026-07-26T10:29:02.040Z,cloudflare_catchup,cloudflare_catchup_20260726081142_11-15-H1-H2-101-102-39-73,60,73,0,13,M50,AB6136,1,3
2026-07-26T10:29:02.040Z,cloudflare_catchup,cloudflare_catchup_20260726081142_11-15-H1-H2-101-102-39-73,60,73,0,13,M50,AA5945,1,34
2026-07-26T10:29:02.040Z,cloudflare_catchup,cloudflare_catchup_20260726081142_11-15-H1-H2-101-102-39-73,60,73,0,15,T430,AB6613,0,49
2026-07-26T10:29:02.040Z,cloudflare_catchup,cloudflare_catchup_20260726081142_11-15-H1-H2-101-102-39-73,60,73,0,16,T328,AB6049,1,39
2026-07-26T10:29:02.040Z,cloudflare_catchup,cloudflare_catchup_20260726081142_11-15-H1-H2-101-102-39-73,60,73,0,25,T550/4,AA7224,1,0
2026-07-26T10:30:02.598Z,cloudflare_catchup,cloudflare_catchup_20260726081142_11-15-H1-H2-101-102-39-73,60,73,0,4,T551/1,AA7619,0,47
2026-07-26T10:30:02.598Z,cloudflare_catchup,cloudflare_catchup_20260726081142_11-15-H1-H2-101-102-39-73,60,73,0,7,T421,AB6393,0,47
2026-07-26T10:30:02.598Z,cloudflare_catchup,cloudflare_catchup_20260726081142_11-15-H1-H2-101-102-39-73,60,73,0,13,M50,AB6136,0,43
2026-07-26T10:30:02.598Z,cloudflare_catchup,cloudflare_catchup_20260726081142_11-15-H1-H2-101-102-39-73,60,73,0,13,M50,AA5945,0,33
2026-07-26T10:30:02.598Z,cloudflare_catchup,cloudflare_catchup_20260726081142_11-15-H1-H2-101-102-39-73,60,73,0,16,T328,AB6049,0,46
2026-07-26T10:30:02.598Z,cloudflare_catchup,cloudflare_catchup_20260726081142_11-15-H1-H2-101-102-39-73,60,73,0,16,T328,AB6613,1,46
2026-07-26T10:31:01.791Z,cloudflare_catchup,cloudflare_catchup_20260726081142_11-15-H1-H2-101-102-39-73,60,73,0,0,T550/4,AA2654,1,6
2026-07-26T10:31:01.791Z,cloudflare_catchup,cloudflare_catchup_20260726081142_11-15-H1-H2-101-102-39-73,60,73,0,4,T551/1,AA7619,0,44
2026-07-26T10:31:01.791Z,cloudflare_catchup,cloudflare_catchup_20260726081142_11-15-H1-H2-101-102-39-73,60,73,0,8,T431,AB6393,1,37
2026-07-26T10:31:01.791Z,cloudflare_catchup,cloudflare_catchup_20260726081142_11-15-H1-H2-101-102-39-73,60,73,0,13,M50,AB6136,0,25
2026-07-26T10:31:01.791Z,cloudflare_catchup,cloudflare_catchup_20260726081142_11-15-H1-H2-101-102-39-73,60,73,0,13,M50,AA5945,0,34
2026-07-26T10:31:01.791Z,cloudflare_catchup,cloudflare_catchup_20260726081142_11-15-H1-H2-101-102-39-73,60,73,0,16,T328,AB6049,0,24
2026-07-26T10:31:01.791Z,cloudflare_catchup,cloudflare_catchup_20260726081142_11-15-H1-H2-101-102-39-73,60,73,0,16,T328,AB6613,0,41
2026-07-26T10:32:02.328Z,cloudflare_catchup,cloudflare_catchup_20260726081142_11-15-H1-H2-101-102-39-73,60,73,0,0,T550/4,AA2654,1,6
2026-07-26T10:32:02.328Z,cloudflare_catchup,cloudflare_catchup_20260726081142_11-15-H1-H2-101-102-39-73,60,73,0,4,T551/1,AA7619,0,48
2026-07-26T10:32:02.328Z,cloudflare_catchup,cloudflare_catchup_20260726081142_11-15-H1-H2-101-102-39-73,60,73,0,8,T431,AB6393,0,48
2026-07-26T10:32:02.328Z,cloudflare_catchup,cloudflare_catchup_20260726081142_11-15-H1-H2-101-102-39-73,60,73,0,13,M50,AB6136,0,21
2026-07-26T10:32:02.328Z,cloudflare_catchup,cloudflare_catchup_20260726081142_11-15-H1-H2-101-102-39-73,60,73,0,13,M50,AA5945,0,14
2026-07-26T10:32:02.328Z,cloudflare_catchup,cloudflare_catchup_20260726081142_11-15-H1-H2-101-102-39-73,60,73,0,17,T420,AB6613,1,25
2026-07-26T10:32:02.328Z,cloudflare_catchup,cloudflare_catchup_20260726081142_11-15-H1-H2-101-102-39-73,60,73,0,17,T420,AB6049,0,48
2026-07-26T10:33:01.777Z,cloudflare_catchup,cloudflare_catchup_20260726081142_11-15-H1-H2-101-102-39-73,60,73,0,0,T550/4,AA2654,0,35
2026-07-26T10:33:01.777Z,cloudflare_catchup,cloudflare_catchup_20260726081142_11-15-H1-H2-101-102-39-73,60,73,0,5,T425,AA7619,0,49
2026-07-26T10:33:01.777Z,cloudflare_catchup,cloudflare_catchup_20260726081142_11-15-H1-H2-101-102-39-73,60,73,0,8,T431,AB6393,0,48
2026-07-26T10:33:01.777Z,cloudflare_catchup,cloudflare_catchup_20260726081142_11-15-H1-H2-101-102-39-73,60,73,0,13,M50,AB6136,0,33
2026-07-26T10:33:01.777Z,cloudflare_catchup,cloudflare_catchup_20260726081142_11-15-H1-H2-101-102-39-73,60,73,0,13,M50,AA5945,0,16
2026-07-26T10:33:01.777Z,cloudflare_catchup,cloudflare_catchup_20260726081142_11-15-H1-H2-101-102-39-73,60,73,0,18,T422,AB6049,0,17
2026-07-26T10:33:01.777Z,cloudflare_catchup,cloudflare_catchup_20260726081142_11-15-H1-H2-101-102-39-73,60,73,0,18,T422,AB6613,0,39
2026-07-26T10:34:02.434Z,cloudflare_catchup,cloudflare_catchup_20260726081142_11-15-H1-H2-101-102-39-73,60,73,0,1,T556,AA2654,0,31
2026-07-26T10:34:02.434Z,cloudflare_catchup,cloudflare_catchup_20260726081142_11-15-H1-H2-101-102-39-73,60,73,0,6,T423,AA7619,1,31
2026-07-26T10:34:02.434Z,cloudflare_catchup,cloudflare_catchup_20260726081142_11-15-H1-H2-101-102-39-73,60,73,0,8,T431,AB6393,0,43
2026-07-26T10:34:02.434Z,cloudflare_catchup,cloudflare_catchup_20260726081142_11-15-H1-H2-101-102-39-73,60,73,0,13,M50,AB6136,0,44
2026-07-26T10:34:02.434Z,cloudflare_catchup,cloudflare_catchup_20260726081142_11-15-H1-H2-101-102-39-73,60,73,0,13,M50,AA5945,0,46
2026-07-26T10:34:02.434Z,cloudflare_catchup,cloudflare_catchup_20260726081142_11-15-H1-H2-101-102-39-73,60,73,0,19,T424,AB6049,1,17
2026-07-26T10:34:02.434Z,cloudflare_catchup,cloudflare_catchup_20260726081142_11-15-H1-H2-101-102-39-73,60,73,0,19,T424,AB6613,1,14
2026-07-26T10:35:03.123Z,cloudflare_catchup,cloudflare_catchup_20260726081142_11-15-H1-H2-101-102-39-73,60,73,0,2,T557,AA2654,0,34
2026-07-26T10:35:03.123Z,cloudflare_catchup,cloudflare_catchup_20260726081142_11-15-H1-H2-101-102-39-73,60,73,0,7,T421,AA7619,0,49
2026-07-26T10:35:03.123Z,cloudflare_catchup,cloudflare_catchup_20260726081142_11-15-H1-H2-101-102-39-73,60,73,0,8,T431,AB6393,0,43
2026-07-26T10:35:03.123Z,cloudflare_catchup,cloudflare_catchup_20260726081142_11-15-H1-H2-101-102-39-73,60,73,0,13,M50,AB6136,0,19
2026-07-26T10:35:03.123Z,cloudflare_catchup,cloudflare_catchup_20260726081142_11-15-H1-H2-101-102-39-73,60,73,0,13,M50,AA5945,0,25
2026-07-26T10:35:03.123Z,cloudflare_catchup,cloudflare_catchup_20260726081142_11-15-H1-H2-101-102-39-73,60,73,0,19,T424,AB6049,0,47
2026-07-26T10:35:03.123Z,cloudflare_catchup,cloudflare_catchup_20260726081142_11-15-H1-H2-101-102-39-73,60,73,0,19,T424,AB6613,0,45
2026-07-26T10:36:02.470Z,cloudflare_catchup,cloudflare_catchup_20260726081142_11-15-H1-H2-101-102-39-73,60,73,0,3,T558,AA2654,0,42
2026-07-26T10:36:02.470Z,cloudflare_catchup,cloudflare_catchup_20260726081142_11-15-H1-H2-101-102-39-73,60,73,0,7,T421,AA7619,0,47
2026-07-26T10:36:02.470Z,cloudflare_catchup,cloudflare_catchup_20260726081142_11-15-H1-H2-101-102-39-73,60,73,0,9,M172/16,AB6393,1,18
2026-07-26T10:36:02.470Z,cloudflare_catchup,cloudflare_catchup_20260726081142_11-15-H1-H2-101-102-39-73,60,73,0,13,M50,AB6136,0,37
2026-07-26T10:36:02.470Z,cloudflare_catchup,cloudflare_catchup_20260726081142_11-15-H1-H2-101-102-39-73,60,73,0,13,M50,AA5945,0,26
2026-07-26T10:36:02.470Z,cloudflare_catchup,cloudflare_catchup_20260726081142_11-15-H1-H2-101-102-39-73,60,73,0,19,T424,AB6049,0,43
2026-07-26T10:36:02.470Z,cloudflare_catchup,cloudflare_catchup_20260726081142_11-15-H1-H2-101-102-39-73,60,73,0,19,T424,AB6613,0,45
2026-07-26T10:37:01.840Z,cloudflare_catchup,cloudflare_catchup_20260726081142_11-15-H1-H2-101-102-39-73,60,73,0,3,T558,AA2654,0,26
2026-07-26T10:37:01.840Z,cloudflare_catchup,cloudflare_catchup_20260726081142_11-15-H1-H2-101-102-39-73,60,73,0,7,T421,AA7619,0,49
2026-07-26T10:37:01.840Z,cloudflare_catchup,cloudflare_catchup_20260726081142_11-15-H1-H2-101-102-39-73,60,73,0,9,M172/16,AB6393,1,7
2026-07-26T10:37:01.840Z,cloudflare_catchup,cloudflare_catchup_20260726081142_11-15-H1-H2-101-102-39-73,60,73,0,13,M50,AB6136,0,16
2026-07-26T10:37:01.840Z,cloudflare_catchup,cloudflare_catchup_20260726081142_11-15-H1-H2-101-102-39-73,60,73,0,13,M50,AA5945,0,41
2026-07-26T10:37:01.840Z,cloudflare_catchup,cloudflare_catchup_20260726081142_11-15-H1-H2-101-102-39-73,60,73,0,19,T424,AB6049,0,49
2026-07-26T10:37:01.840Z,cloudflare_catchup,cloudflare_catchup_20260726081142_11-15-H1-H2-101-102-39-73,60,73,0,19,T424,AB6613,0,34
2026-07-26T10:38:02.405Z,cloudflare_catchup,cloudflare_catchup_20260726081142_11-15-H1-H2-101-102-39-73,60,73,0,4,T551/1,AA2654,0,47
2026-07-26T10:38:02.405Z,cloudflare_catchup,cloudflare_catchup_20260726081142_11-15-H1-H2-101-102-39-73,60,73,0,8,T431,AA7619,1,5
2026-07-26T10:38:02.405Z,cloudflare_catchup,cloudflare_catchup_20260726081142_11-15-H1-H2-101-102-39-73,60,73,0,9,M172/16,AB6393,0,41
2026-07-26T10:38:02.405Z,cloudflare_catchup,cloudflare_catchup_20260726081142_11-15-H1-H2-101-102-39-73,60,73,0,13,M50,AA5945,0,5
2026-07-26T10:38:02.405Z,cloudflare_catchup,cloudflare_catchup_20260726081142_11-15-H1-H2-101-102-39-73,60,73,0,14,M172/7,AB6136,1,12
2026-07-26T10:38:02.405Z,cloudflare_catchup,cloudflare_catchup_20260726081142_11-15-H1-H2-101-102-39-73,60,73,0,20,T559,AB6049,1,28
2026-07-26T10:38:02.405Z,cloudflare_catchup,cloudflare_catchup_20260726081142_11-15-H1-H2-101-102-39-73,60,73,0,20,T559,AB6613,1,24
2026-07-26T10:39:01.821Z,cloudflare_catchup,cloudflare_catchup_20260726081142_11-15-H1-H2-101-102-39-73,60,73,0,4,T551/1,AA2654,0,50
2026-07-26T10:39:01.821Z,cloudflare_catchup,cloudflare_catchup_20260726081142_11-15-H1-H2-101-102-39-73,60,73,0,8,T431,AA7619,0,47
2026-07-26T10:39:01.821Z,cloudflare_catchup,cloudflare_catchup_20260726081142_11-15-H1-H2-101-102-39-73,60,73,0,9,M172/16,AB6393,0,46
2026-07-26T10:39:01.821Z,cloudflare_catchup,cloudflare_catchup_20260726081142_11-15-H1-H2-101-102-39-73,60,73,0,14,M172/7,AB6136,0,40
2026-07-26T10:39:01.821Z,cloudflare_catchup,cloudflare_catchup_20260726081142_11-15-H1-H2-101-102-39-73,60,73,0,14,M172/7,AA5945,0,6
2026-07-26T10:39:01.821Z,cloudflare_catchup,cloudflare_catchup_20260726081142_11-15-H1-H2-101-102-39-73,60,73,0,21,T552,AB6049,0,20
2026-07-26T10:39:01.821Z,cloudflare_catchup,cloudflare_catchup_20260726081142_11-15-H1-H2-101-102-39-73,60,73,0,22,T553,AB6613,1,44
2026-07-26T10:40:03.272Z,cloudflare_catchup,cloudflare_catchup_20260726081142_11-15-H1-H2-101-102-39-73,60,73,0,4,T551/1,AA2654,0,50
2026-07-26T10:40:03.272Z,cloudflare_catchup,cloudflare_catchup_20260726081142_11-15-H1-H2-101-102-39-73,60,73,0,8,T431,AA7619,0,48
2026-07-26T10:40:03.272Z,cloudflare_catchup,cloudflare_catchup_20260726081142_11-15-H1-H2-101-102-39-73,60,73,0,9,M172/16,AB6393,0,47
2026-07-26T10:40:03.272Z,cloudflare_catchup,cloudflare_catchup_20260726081142_11-15-H1-H2-101-102-39-73,60,73,0,14,M172/7,AA5945,0,45
2026-07-26T10:40:03.272Z,cloudflare_catchup,cloudflare_catchup_20260726081142_11-15-H1-H2-101-102-39-73,60,73,0,14,M172/7,AB6136,0,44
2026-07-26T10:40:03.272Z,cloudflare_catchup,cloudflare_catchup_20260726081142_11-15-H1-H2-101-102-39-73,60,73,0,23,T554,AB6613,0,36
2026-07-26T10:40:03.272Z,cloudflare_catchup,cloudflare_catchup_20260726081142_11-15-H1-H2-101-102-39-73,60,73,0,23,T554,AB6049,1,19
2026-07-26T10:41:01.774Z,cloudflare_catchup,cloudflare_catchup_20260726081142_11-15-H1-H2-101-102-39-73,60,73,0,5,T425,AA2654,0,45
2026-07-26T10:41:01.774Z,cloudflare_catchup,cloudflare_catchup_20260726081142_11-15-H1-H2-101-102-39-73,60,73,0,8,T431,AA7619,0,44
2026-07-26T10:41:01.774Z,cloudflare_catchup,cloudflare_catchup_20260726081142_11-15-H1-H2-101-102-39-73,60,73,0,9,M172/16,AB6393,0,36
2026-07-26T10:41:01.774Z,cloudflare_catchup,cloudflare_catchup_20260726081142_11-15-H1-H2-101-102-39-73,60,73,0,14,M172/7,AB6136,0,49
2026-07-26T10:41:01.774Z,cloudflare_catchup,cloudflare_catchup_20260726081142_11-15-H1-H2-101-102-39-73,60,73,0,14,M172/7,AA5945,0,44
2026-07-26T10:41:01.774Z,cloudflare_catchup,cloudflare_catchup_20260726081142_11-15-H1-H2-101-102-39-73,60,73,0,23,T554,AB6049,0,40
2026-07-26T10:41:01.774Z,cloudflare_catchup,cloudflare_catchup_20260726081142_11-15-H1-H2-101-102-39-73,60,73,0,24,T555/2,AB6613,1,31
2026-07-26T10:42:02.355Z,cloudflare_catchup,cloudflare_catchup_20260726081142_11-15-H1-H2-101-102-39-73,60,73,0,6,T423,AA2654,1,5
2026-07-26T10:42:02.355Z,cloudflare_catchup,cloudflare_catchup_20260726081142_11-15-H1-H2-101-102-39-73,60,73,0,8,T431,AA7619,0,49
2026-07-26T10:42:02.355Z,cloudflare_catchup,cloudflare_catchup_20260726081142_11-15-H1-H2-101-102-39-73,60,73,0,9,M172/16,AB6393,0,42
2026-07-26T10:42:02.355Z,cloudflare_catchup,cloudflare_catchup_20260726081142_11-15-H1-H2-101-102-39-73,60,73,0,14,M172/7,AB6136,0,47
2026-07-26T10:42:02.355Z,cloudflare_catchup,cloudflare_catchup_20260726081142_11-15-H1-H2-101-102-39-73,60,73,0,14,M172/7,AA5945,0,46
2026-07-26T10:42:02.355Z,cloudflare_catchup,cloudflare_catchup_20260726081142_11-15-H1-H2-101-102-39-73,60,73,0,24,T555/2,AB6613,0,28
2026-07-26T10:42:02.355Z,cloudflare_catchup,cloudflare_catchup_20260726081142_11-15-H1-H2-101-102-39-73,60,73,0,24,T555/2,AB6049,0,23
2026-07-26T10:43:01.724Z,cloudflare_catchup,cloudflare_catchup_20260726081142_11-15-H1-H2-101-102-39-73,60,73,0,7,T421,AA2654,1,27
2026-07-26T10:43:01.724Z,cloudflare_catchup,cloudflare_catchup_20260726081142_11-15-H1-H2-101-102-39-73,60,73,0,9,M172/16,AB6393,0,46
2026-07-26T10:43:01.724Z,cloudflare_catchup,cloudflare_catchup_20260726081142_11-15-H1-H2-101-102-39-73,60,73,0,9,M172/16,AA7619,1,13
2026-07-26T10:43:01.724Z,cloudflare_catchup,cloudflare_catchup_20260726081142_11-15-H1-H2-101-102-39-73,60,73,0,14,M172/7,AB6136,0,14
2026-07-26T10:43:01.724Z,cloudflare_catchup,cloudflare_catchup_20260726081142_11-15-H1-H2-101-102-39-73,60,73,0,14,M172/7,AA5945,0,19
2026-07-26T10:43:01.724Z,cloudflare_catchup,cloudflare_catchup_20260726081142_11-15-H1-H2-101-102-39-73,60,73,0,25,T550/4,AB6613,1,0
2026-07-26T10:43:01.724Z,cloudflare_catchup,cloudflare_catchup_20260726081142_11-15-H1-H2-101-102-39-73,60,73,0,25,T550/4,AB6049,1,0
2026-07-26T10:44:02.505Z,cloudflare_catchup,cloudflare_catchup_20260726081142_11-15-H1-H2-101-102-39-73,60,73,0,7,T421,AA2654,0,48
2026-07-26T10:44:02.505Z,cloudflare_catchup,cloudflare_catchup_20260726081142_11-15-H1-H2-101-102-39-73,60,73,0,9,M172/16,AB6393,0,9
2026-07-26T10:44:02.505Z,cloudflare_catchup,cloudflare_catchup_20260726081142_11-15-H1-H2-101-102-39-73,60,73,0,9,M172/16,AA7619,0,32
2026-07-26T10:44:02.505Z,cloudflare_catchup,cloudflare_catchup_20260726081142_11-15-H1-H2-101-102-39-73,60,73,0,14,M172/7,AA5945,0,42
2026-07-26T10:44:02.505Z,cloudflare_catchup,cloudflare_catchup_20260726081142_11-15-H1-H2-101-102-39-73,60,73,0,14,M172/7,AB6136,0,46
2026-07-26T10:44:02.505Z,cloudflare_catchup,cloudflare_catchup_20260726081142_11-15-H1-H2-101-102-39-73,60,73,0,25,T550/4,AB6613,1,0
2026-07-26T10:44:02.505Z,cloudflare_catchup,cloudflare_catchup_20260726081142_11-15-H1-H2-101-102-39-73,60,73,0,25,T550/4,AB6049,1,0
2026-07-26T10:45:03.205Z,cloudflare_catchup,cloudflare_catchup_20260726081142_11-15-H1-H2-101-102-39-73,60,73,0,0,T550/4,AA7224,1,39
2026-07-26T10:45:03.205Z,cloudflare_catchup,cloudflare_catchup_20260726081142_11-15-H1-H2-101-102-39-73,60,73,0,7,T421,AA2654,0,48
2026-07-26T10:45:03.205Z,cloudflare_catchup,cloudflare_catchup_20260726081142_11-15-H1-H2-101-102-39-73,60,73,0,9,M172/16,AA7619,0,48
2026-07-26T10:45:03.205Z,cloudflare_catchup,cloudflare_catchup_20260726081142_11-15-H1-H2-101-102-39-73,60,73,0,10,M247,AB6393,1,28
2026-07-26T10:45:03.205Z,cloudflare_catchup,cloudflare_catchup_20260726081142_11-15-H1-H2-101-102-39-73,60,73,0,15,T430,AB6136,0,41
2026-07-26T10:45:03.205Z,cloudflare_catchup,cloudflare_catchup_20260726081142_11-15-H1-H2-101-102-39-73,60,73,0,15,T430,AA5945,0,47
2026-07-26T10:45:03.205Z,cloudflare_catchup,cloudflare_catchup_20260726081142_11-15-H1-H2-101-102-39-73,60,73,0,25,T550/4,AB6613,1,0
2026-07-26T10:45:03.205Z,cloudflare_catchup,cloudflare_catchup_20260726081142_11-15-H1-H2-101-102-39-73,60,73,0,25,T550/4,AB6049,1,0
2026-07-26T10:46:02.491Z,cloudflare_catchup,cloudflare_catchup_20260726081142_11-15-H1-H2-101-102-39-73,60,73,0,1,T556,AA7224,1,34
2026-07-26T10:46:02.491Z,cloudflare_catchup,cloudflare_catchup_20260726081142_11-15-H1-H2-101-102-39-73,60,73,0,7,T421,AA2654,0,27
2026-07-26T10:46:02.491Z,cloudflare_catchup,cloudflare_catchup_20260726081142_11-15-H1-H2-101-102-39-73,60,73,0,9,M172/16,AA7619,0,48
2026-07-26T10:46:02.491Z,cloudflare_catchup,cloudflare_catchup_20260726081142_11-15-H1-H2-101-102-39-73,60,73,0,10,M247,AB6393,1,2
2026-07-26T10:46:02.491Z,cloudflare_catchup,cloudflare_catchup_20260726081142_11-15-H1-H2-101-102-39-73,60,73,0,15,T430,AB6136,0,35
2026-07-26T10:46:02.491Z,cloudflare_catchup,cloudflare_catchup_20260726081142_11-15-H1-H2-101-102-39-73,60,73,0,15,T430,AA5945,0,34
2026-07-26T10:46:02.491Z,cloudflare_catchup,cloudflare_catchup_20260726081142_11-15-H1-H2-101-102-39-73,60,73,0,25,T550/4,AB6613,1,0
2026-07-26T10:46:02.491Z,cloudflare_catchup,cloudflare_catchup_20260726081142_11-15-H1-H2-101-102-39-73,60,73,0,25,T550/4,AB6049,1,0
2026-07-26T10:47:01.789Z,cloudflare_catchup,cloudflare_catchup_20260726081142_11-15-H1-H2-101-102-39-73,60,73,0,1,T556,AA7224,0,46
2026-07-26T10:47:01.789Z,cloudflare_catchup,cloudflare_catchup_20260726081142_11-15-H1-H2-101-102-39-73,60,73,0,8,T431,AA2654,0,44
2026-07-26T10:47:01.789Z,cloudflare_catchup,cloudflare_catchup_20260726081142_11-15-H1-H2-101-102-39-73,60,73,0,9,M172/16,AA7619,0,21
2026-07-26T10:47:01.789Z,cloudflare_catchup,cloudflare_catchup_20260726081142_11-15-H1-H2-101-102-39-73,60,73,0,11,M231,AB6393,1,20
2026-07-26T10:47:01.789Z,cloudflare_catchup,cloudflare_catchup_20260726081142_11-15-H1-H2-101-102-39-73,60,73,0,16,T328,AB6136,0,47
2026-07-26T10:47:01.789Z,cloudflare_catchup,cloudflare_catchup_20260726081142_11-15-H1-H2-101-102-39-73,60,73,0,16,T328,AA5945,0,46
2026-07-26T10:47:01.789Z,cloudflare_catchup,cloudflare_catchup_20260726081142_11-15-H1-H2-101-102-39-73,60,73,0,25,T550/4,AB6613,1,0
2026-07-26T10:47:01.789Z,cloudflare_catchup,cloudflare_catchup_20260726081142_11-15-H1-H2-101-102-39-73,60,73,0,25,T550/4,AB6049,1,0
2026-07-26T10:48:02.463Z,cloudflare_catchup,cloudflare_catchup_20260726081142_11-15-H1-H2-101-102-39-73,60,73,0,2,T557,AA7224,0,22
2026-07-26T10:48:02.463Z,cloudflare_catchup,cloudflare_catchup_20260726081142_11-15-H1-H2-101-102-39-73,60,73,0,8,T431,AA2654,0,43
2026-07-26T10:48:02.463Z,cloudflare_catchup,cloudflare_catchup_20260726081142_11-15-H1-H2-101-102-39-73,60,73,0,9,M172/16,AA7619,0,12
2026-07-26T10:48:02.463Z,cloudflare_catchup,cloudflare_catchup_20260726081142_11-15-H1-H2-101-102-39-73,60,73,0,11,M231,AB6393,0,3
2026-07-26T10:48:02.463Z,cloudflare_catchup,cloudflare_catchup_20260726081142_11-15-H1-H2-101-102-39-73,60,73,0,16,T328,AB6136,0,26
2026-07-26T10:48:02.463Z,cloudflare_catchup,cloudflare_catchup_20260726081142_11-15-H1-H2-101-102-39-73,60,73,0,16,T328,AA5945,0,26
2026-07-26T10:49:01.886Z,cloudflare_catchup,cloudflare_catchup_20260726081142_11-15-H1-H2-101-102-39-73,60,73,0,3,T558,AA7224,0,5
2026-07-26T10:49:01.886Z,cloudflare_catchup,cloudflare_catchup_20260726081142_11-15-H1-H2-101-102-39-73,60,73,0,8,T431,AA2654,0,48
2026-07-26T10:49:01.886Z,cloudflare_catchup,cloudflare_catchup_20260726081142_11-15-H1-H2-101-102-39-73,60,73,0,9,M172/16,AA7619,0,36
2026-07-26T10:49:01.886Z,cloudflare_catchup,cloudflare_catchup_20260726081142_11-15-H1-H2-101-102-39-73,60,73,0,11,M231,AB6393,0,7
2026-07-26T10:49:01.886Z,cloudflare_catchup,cloudflare_catchup_20260726081142_11-15-H1-H2-101-102-39-73,60,73,0,17,T420,AB6136,1,6
2026-07-26T10:49:01.886Z,cloudflare_catchup,cloudflare_catchup_20260726081142_11-15-H1-H2-101-102-39-73,60,73,0,17,T420,AA5945,1,15
2026-07-26T10:50:02.664Z,cloudflare_catchup,cloudflare_catchup_20260726081142_11-15-H1-H2-101-102-39-73,60,73,0,3,T558,AA7224,0,27
2026-07-26T10:50:02.664Z,cloudflare_catchup,cloudflare_catchup_20260726081142_11-15-H1-H2-101-102-39-73,60,73,0,8,T431,AA2654,0,46
2026-07-26T10:50:02.664Z,cloudflare_catchup,cloudflare_catchup_20260726081142_11-15-H1-H2-101-102-39-73,60,73,0,9,M172/16,AA7619,0,18
2026-07-26T10:50:02.664Z,cloudflare_catchup,cloudflare_catchup_20260726081142_11-15-H1-H2-101-102-39-73,60,73,0,11,M231,AB6393,0,7
2026-07-26T10:50:02.664Z,cloudflare_catchup,cloudflare_catchup_20260726081142_11-15-H1-H2-101-102-39-73,60,73,0,18,T422,AB6136,0,44
2026-07-26T10:50:02.664Z,cloudflare_catchup,cloudflare_catchup_20260726081142_11-15-H1-H2-101-102-39-73,60,73,0,18,T422,AA5945,0,28
2026-07-26T10:51:01.731Z,cloudflare_catchup,cloudflare_catchup_20260726081142_11-15-H1-H2-101-102-39-73,60,73,0,4,T551/1,AA7224,0,4
2026-07-26T10:51:01.731Z,cloudflare_catchup,cloudflare_catchup_20260726081142_11-15-H1-H2-101-102-39-73,60,73,0,8,T431,AA2654,0,42
2026-07-26T10:51:01.731Z,cloudflare_catchup,cloudflare_catchup_20260726081142_11-15-H1-H2-101-102-39-73,60,73,0,9,M172/16,AA7619,0,22
2026-07-26T10:51:01.731Z,cloudflare_catchup,cloudflare_catchup_20260726081142_11-15-H1-H2-101-102-39-73,60,73,0,13,M50,AB6393,1,40
2026-07-26T10:51:01.731Z,cloudflare_catchup,cloudflare_catchup_20260726081142_11-15-H1-H2-101-102-39-73,60,73,0,19,T424,AB6136,1,12
2026-07-26T10:51:01.731Z,cloudflare_catchup,cloudflare_catchup_20260726081142_11-15-H1-H2-101-102-39-73,60,73,0,19,T424,AA5945,1,17
2026-07-26T10:52:02.457Z,cloudflare_catchup,cloudflare_catchup_20260726081142_11-15-H1-H2-101-102-39-73,60,73,0,4,T551/1,AA7224,0,46
2026-07-26T10:52:02.457Z,cloudflare_catchup,cloudflare_catchup_20260726081142_11-15-H1-H2-101-102-39-73,60,73,0,9,M172/16,AA2654,1,4
2026-07-26T10:52:02.457Z,cloudflare_catchup,cloudflare_catchup_20260726081142_11-15-H1-H2-101-102-39-73,60,73,0,10,M247,AA7619,1,34
2026-07-26T10:52:02.457Z,cloudflare_catchup,cloudflare_catchup_20260726081142_11-15-H1-H2-101-102-39-73,60,73,0,13,M50,AB6393,0,38
2026-07-26T10:52:02.457Z,cloudflare_catchup,cloudflare_catchup_20260726081142_11-15-H1-H2-101-102-39-73,60,73,0,19,T424,AB6136,0,48
2026-07-26T10:52:02.457Z,cloudflare_catchup,cloudflare_catchup_20260726081142_11-15-H1-H2-101-102-39-73,60,73,0,19,T424,AA5945,0,42
2026-07-26T10:53:01.835Z,cloudflare_catchup,cloudflare_catchup_20260726081142_11-15-H1-H2-101-102-39-73,60,73,0,4,T551/1,AA7224,0,46
2026-07-26T10:53:01.835Z,cloudflare_catchup,cloudflare_catchup_20260726081142_11-15-H1-H2-101-102-39-73,60,73,0,9,M172/16,AA2654,0,35
2026-07-26T10:53:01.835Z,cloudflare_catchup,cloudflare_catchup_20260726081142_11-15-H1-H2-101-102-39-73,60,73,0,11,M231,AA7619,1,17
2026-07-26T10:53:01.835Z,cloudflare_catchup,cloudflare_catchup_20260726081142_11-15-H1-H2-101-102-39-73,60,73,0,13,M50,AB6393,0,6
2026-07-26T10:53:01.835Z,cloudflare_catchup,cloudflare_catchup_20260726081142_11-15-H1-H2-101-102-39-73,60,73,0,19,T424,AB6136,0,50
2026-07-26T10:53:01.835Z,cloudflare_catchup,cloudflare_catchup_20260726081142_11-15-H1-H2-101-102-39-73,60,73,0,19,T424,AA5945,0,44
2026-07-26T10:54:02.432Z,cloudflare_catchup,cloudflare_catchup_20260726081142_11-15-H1-H2-101-102-39-73,60,73,0,2,T557,AB6049,0,35
2026-07-26T10:54:02.432Z,cloudflare_catchup,cloudflare_catchup_20260726081142_11-15-H1-H2-101-102-39-73,60,73,0,5,T425,AA7224,1,43
2026-07-26T10:54:02.432Z,cloudflare_catchup,cloudflare_catchup_20260726081142_11-15-H1-H2-101-102-39-73,60,73,0,9,M172/16,AA2654,0,44
2026-07-26T10:54:02.432Z,cloudflare_catchup,cloudflare_catchup_20260726081142_11-15-H1-H2-101-102-39-73,60,73,0,11,M231,AA7619,0,5
2026-07-26T10:54:02.432Z,cloudflare_catchup,cloudflare_catchup_20260726081142_11-15-H1-H2-101-102-39-73,60,73,0,13,M50,AB6393,0,5
2026-07-26T10:54:02.432Z,cloudflare_catchup,cloudflare_catchup_20260726081142_11-15-H1-H2-101-102-39-73,60,73,0,19,T424,AB6136,0,48
2026-07-26T10:54:02.432Z,cloudflare_catchup,cloudflare_catchup_20260726081142_11-15-H1-H2-101-102-39-73,60,73,0,19,T424,AA5945,0,50
2026-07-26T10:55:03.139Z,cloudflare_catchup,cloudflare_catchup_20260726081142_11-15-H1-H2-101-102-39-73,60,73,0,3,T558,AB6049,0,39
2026-07-26T10:55:03.139Z,cloudflare_catchup,cloudflare_catchup_20260726081142_11-15-H1-H2-101-102-39-73,60,73,0,5,T425,AA7224,0,46
2026-07-26T10:55:03.139Z,cloudflare_catchup,cloudflare_catchup_20260726081142_11-15-H1-H2-101-102-39-73,60,73,0,9,M172/16,AA2654,0,47
2026-07-26T10:55:03.139Z,cloudflare_catchup,cloudflare_catchup_20260726081142_11-15-H1-H2-101-102-39-73,60,73,0,12,M219,AA7619,0,33
2026-07-26T10:55:03.139Z,cloudflare_catchup,cloudflare_catchup_20260726081142_11-15-H1-H2-101-102-39-73,60,73,0,13,M50,AB6393,0,32
2026-07-26T10:55:03.139Z,cloudflare_catchup,cloudflare_catchup_20260726081142_11-15-H1-H2-101-102-39-73,60,73,0,20,T559,AB6136,1,26
2026-07-26T10:55:03.139Z,cloudflare_catchup,cloudflare_catchup_20260726081142_11-15-H1-H2-101-102-39-73,60,73,0,20,T559,AA5945,1,18
2026-07-26T10:56:02.471Z,cloudflare_catchup,cloudflare_catchup_20260726081142_11-15-H1-H2-101-102-39-73,60,73,0,4,T551/1,AB6049,0,35
2026-07-26T10:56:02.471Z,cloudflare_catchup,cloudflare_catchup_20260726081142_11-15-H1-H2-101-102-39-73,60,73,0,7,T421,AA7224,1,45
2026-07-26T10:56:02.471Z,cloudflare_catchup,cloudflare_catchup_20260726081142_11-15-H1-H2-101-102-39-73,60,73,0,9,M172/16,AA2654,0,36
2026-07-26T10:56:02.471Z,cloudflare_catchup,cloudflare_catchup_20260726081142_11-15-H1-H2-101-102-39-73,60,73,0,12,M219,AA7619,0,33
2026-07-26T10:56:02.471Z,cloudflare_catchup,cloudflare_catchup_20260726081142_11-15-H1-H2-101-102-39-73,60,73,0,13,M50,AB6393,0,40
2026-07-26T10:56:02.471Z,cloudflare_catchup,cloudflare_catchup_20260726081142_11-15-H1-H2-101-102-39-73,60,73,0,21,T552,AA5945,1,32
2026-07-26T10:56:02.471Z,cloudflare_catchup,cloudflare_catchup_20260726081142_11-15-H1-H2-101-102-39-73,60,73,0,22,T553,AB6136,1,45
2026-07-26T10:57:01.746Z,cloudflare_catchup,cloudflare_catchup_20260726081142_11-15-H1-H2-101-102-39-73,60,73,0,4,T551/1,AB6049,0,46
2026-07-26T10:57:01.746Z,cloudflare_catchup,cloudflare_catchup_20260726081142_11-15-H1-H2-101-102-39-73,60,73,0,7,T421,AA7224,0,33
2026-07-26T10:57:01.746Z,cloudflare_catchup,cloudflare_catchup_20260726081142_11-15-H1-H2-101-102-39-73,60,73,0,9,M172/16,AA2654,0,7
2026-07-26T10:57:01.746Z,cloudflare_catchup,cloudflare_catchup_20260726081142_11-15-H1-H2-101-102-39-73,60,73,0,13,M50,AB6393,0,13
2026-07-26T10:57:01.746Z,cloudflare_catchup,cloudflare_catchup_20260726081142_11-15-H1-H2-101-102-39-73,60,73,0,13,M50,AA7619,0,49
2026-07-26T10:57:01.746Z,cloudflare_catchup,cloudflare_catchup_20260726081142_11-15-H1-H2-101-102-39-73,60,73,0,22,T553,AA5945,0,37
2026-07-26T10:57:01.746Z,cloudflare_catchup,cloudflare_catchup_20260726081142_11-15-H1-H2-101-102-39-73,60,73,0,23,T554,AB6136,0,29
2026-07-26T10:58:02.328Z,cloudflare_catchup,cloudflare_catchup_20260726081142_11-15-H1-H2-101-102-39-73,60,73,0,4,T551/1,AB6049,0,44
2026-07-26T10:58:02.328Z,cloudflare_catchup,cloudflare_catchup_20260726081142_11-15-H1-H2-101-102-39-73,60,73,0,7,T421,AA7224,0,48
2026-07-26T10:58:02.328Z,cloudflare_catchup,cloudflare_catchup_20260726081142_11-15-H1-H2-101-102-39-73,60,73,0,9,M172/16,AA2654,0,48
2026-07-26T10:58:02.328Z,cloudflare_catchup,cloudflare_catchup_20260726081142_11-15-H1-H2-101-102-39-73,60,73,0,13,M50,AB6393,0,37
2026-07-26T10:58:02.328Z,cloudflare_catchup,cloudflare_catchup_20260726081142_11-15-H1-H2-101-102-39-73,60,73,0,13,M50,AA7619,0,48
2026-07-26T10:58:02.328Z,cloudflare_catchup,cloudflare_catchup_20260726081142_11-15-H1-H2-101-102-39-73,60,73,0,23,T554,AA5945,0,46
2026-07-26T10:58:02.328Z,cloudflare_catchup,cloudflare_catchup_20260726081142_11-15-H1-H2-101-102-39-73,60,73,0,24,T555/2,AB6136,1,44
2026-07-26T10:59:01.780Z,cloudflare_catchup,cloudflare_catchup_20260726081142_11-15-H1-H2-101-102-39-73,60,73,0,5,T425,AB6049,1,47
2026-07-26T10:59:01.780Z,cloudflare_catchup,cloudflare_catchup_20260726081142_11-15-H1-H2-101-102-39-73,60,73,0,7,T421,AA7224,0,48
2026-07-26T10:59:01.780Z,cloudflare_catchup,cloudflare_catchup_20260726081142_11-15-H1-H2-101-102-39-73,60,73,0,9,M172/16,AA2654,0,26
2026-07-26T10:59:01.780Z,cloudflare_catchup,cloudflare_catchup_20260726081142_11-15-H1-H2-101-102-39-73,60,73,0,13,M50,AA7619,0,41
2026-07-26T10:59:01.780Z,cloudflare_catchup,cloudflare_catchup_20260726081142_11-15-H1-H2-101-102-39-73,60,73,0,14,M172/7,AB6393,1,11
2026-07-26T10:59:01.780Z,cloudflare_catchup,cloudflare_catchup_20260726081142_11-15-H1-H2-101-102-39-73,60,73,0,24,T555/2,AB6136,0,21
2026-07-26T10:59:01.780Z,cloudflare_catchup,cloudflare_catchup_20260726081142_11-15-H1-H2-101-102-39-73,60,73,0,24,T555/2,AA5945,0,34
2026-07-26T11:00:02.364Z,cloudflare_catchup,cloudflare_catchup_20260726081142_11-15-H1-H2-101-102-39-73,60,73,0,5,T425,AB6049,0,34
2026-07-26T11:00:02.364Z,cloudflare_catchup,cloudflare_catchup_20260726081142_11-15-H1-H2-101-102-39-73,60,73,0,8,T431,AA7224,0,45
2026-07-26T11:00:02.364Z,cloudflare_catchup,cloudflare_catchup_20260726081142_11-15-H1-H2-101-102-39-73,60,73,0,10,M247,AA2654,1,34
2026-07-26T11:00:02.364Z,cloudflare_catchup,cloudflare_catchup_20260726081142_11-15-H1-H2-101-102-39-73,60,73,0,13,M50,AA7619,0,41
2026-07-26T11:00:02.364Z,cloudflare_catchup,cloudflare_catchup_20260726081142_11-15-H1-H2-101-102-39-73,60,73,0,14,M172/7,AB6393,0,14
2026-07-26T11:00:02.364Z,cloudflare_catchup,cloudflare_catchup_20260726081142_11-15-H1-H2-101-102-39-73,60,73,0,25,T550/4,AB6136,1,0
2026-07-26T11:00:02.364Z,cloudflare_catchup,cloudflare_catchup_20260726081142_11-15-H1-H2-101-102-39-73,60,73,0,25,T550/4,AA5945,1,0
2026-07-26T11:01:01.905Z,cloudflare_catchup,cloudflare_catchup_20260726081142_11-15-H1-H2-101-102-39-73,60,73,0,6,T423,AB6049,0,28
2026-07-26T11:01:01.905Z,cloudflare_catchup,cloudflare_catchup_20260726081142_11-15-H1-H2-101-102-39-73,60,73,0,8,T431,AA7224,0,42
2026-07-26T11:01:01.905Z,cloudflare_catchup,cloudflare_catchup_20260726081142_11-15-H1-H2-101-102-39-73,60,73,0,11,M231,AA2654,1,34
2026-07-26T11:01:01.905Z,cloudflare_catchup,cloudflare_catchup_20260726081142_11-15-H1-H2-101-102-39-73,60,73,0,13,M50,AA7619,0,33
2026-07-26T11:01:01.905Z,cloudflare_catchup,cloudflare_catchup_20260726081142_11-15-H1-H2-101-102-39-73,60,73,0,14,M172/7,AB6393,0,44
2026-07-26T11:01:01.905Z,cloudflare_catchup,cloudflare_catchup_20260726081142_11-15-H1-H2-101-102-39-73,60,73,0,25,T550/4,AB6136,1,0
2026-07-26T11:01:01.905Z,cloudflare_catchup,cloudflare_catchup_20260726081142_11-15-H1-H2-101-102-39-73,60,73,0,25,T550/4,AA5945,1,0
2026-07-26T11:02:02.527Z,cloudflare_catchup,cloudflare_catchup_20260726081142_11-15-H1-H2-101-102-39-73,60,73,0,7,T421,AB6049,0,30
2026-07-26T11:02:02.527Z,cloudflare_catchup,cloudflare_catchup_20260726081142_11-15-H1-H2-101-102-39-73,60,73,0,8,T431,AA7224,0,47
2026-07-26T11:02:02.527Z,cloudflare_catchup,cloudflare_catchup_20260726081142_11-15-H1-H2-101-102-39-73,60,73,0,11,M231,AA2654,0,13
2026-07-26T11:02:02.527Z,cloudflare_catchup,cloudflare_catchup_20260726081142_11-15-H1-H2-101-102-39-73,60,73,0,13,M50,AA7619,0,38
2026-07-26T11:02:02.527Z,cloudflare_catchup,cloudflare_catchup_20260726081142_11-15-H1-H2-101-102-39-73,60,73,0,14,M172/7,AB6393,0,49
2026-07-26T11:02:02.527Z,cloudflare_catchup,cloudflare_catchup_20260726081142_11-15-H1-H2-101-102-39-73,60,73,0,25,T550/4,AB6136,1,0
2026-07-26T11:02:02.527Z,cloudflare_catchup,cloudflare_catchup_20260726081142_11-15-H1-H2-101-102-39-73,60,73,0,25,T550/4,AA5945,1,0
2026-07-26T11:03:01.830Z,cloudflare_catchup,cloudflare_catchup_20260726081142_11-15-H1-H2-101-102-39-73,60,73,0,7,T421,AB6049,0,49
2026-07-26T11:03:01.830Z,cloudflare_catchup,cloudflare_catchup_20260726081142_11-15-H1-H2-101-102-39-73,60,73,0,8,T431,AA7224,0,46
2026-07-26T11:03:01.830Z,cloudflare_catchup,cloudflare_catchup_20260726081142_11-15-H1-H2-101-102-39-73,60,73,0,11,M231,AA2654,0,33
2026-07-26T11:03:01.830Z,cloudflare_catchup,cloudflare_catchup_20260726081142_11-15-H1-H2-101-102-39-73,60,73,0,14,M172/7,AB6393,0,47
2026-07-26T11:03:01.830Z,cloudflare_catchup,cloudflare_catchup_20260726081142_11-15-H1-H2-101-102-39-73,60,73,0,14,M172/7,AA7619,0,40
2026-07-26T11:03:01.830Z,cloudflare_catchup,cloudflare_catchup_20260726081142_11-15-H1-H2-101-102-39-73,60,73,0,25,T550/4,AB6136,1,0
2026-07-26T11:03:01.830Z,cloudflare_catchup,cloudflare_catchup_20260726081142_11-15-H1-H2-101-102-39-73,60,73,0,25,T550/4,AA5945,1,0
2026-07-26T11:04:02.514Z,cloudflare_catchup,cloudflare_catchup_20260726081142_11-15-H1-H2-101-102-39-73,60,73,0,7,T421,AB6049,0,48
2026-07-26T11:04:02.514Z,cloudflare_catchup,cloudflare_catchup_20260726081142_11-15-H1-H2-101-102-39-73,60,73,0,8,T431,AA7224,0,43
2026-07-26T11:04:02.514Z,cloudflare_catchup,cloudflare_catchup_20260726081142_11-15-H1-H2-101-102-39-73,60,73,0,12,M219,AA2654,0,13
2026-07-26T11:04:02.514Z,cloudflare_catchup,cloudflare_catchup_20260726081142_11-15-H1-H2-101-102-39-73,60,73,0,14,M172/7,AB6393,0,35
2026-07-26T11:04:02.514Z,cloudflare_catchup,cloudflare_catchup_20260726081142_11-15-H1-H2-101-102-39-73,60,73,0,14,M172/7,AA7619,0,3
2026-07-26T11:04:02.514Z,cloudflare_catchup,cloudflare_catchup_20260726081142_11-15-H1-H2-101-102-39-73,60,73,0,25,T550/4,AB6136,1,0
2026-07-26T11:04:02.514Z,cloudflare_catchup,cloudflare_catchup_20260726081142_11-15-H1-H2-101-102-39-73,60,73,0,25,T550/4,AA5945,1,0
2026-07-26T11:05:03.214Z,cloudflare_catchup,cloudflare_catchup_20260726081142_11-15-H1-H2-101-102-39-73,60,73,0,8,T431,AB6049,1,4
2026-07-26T11:05:03.214Z,cloudflare_catchup,cloudflare_catchup_20260726081142_11-15-H1-H2-101-102-39-73,60,73,0,9,M172/16,AA7224,1,28
2026-07-26T11:05:03.214Z,cloudflare_catchup,cloudflare_catchup_20260726081142_11-15-H1-H2-101-102-39-73,60,73,0,12,M219,AA2654,0,18
2026-07-26T11:05:03.214Z,cloudflare_catchup,cloudflare_catchup_20260726081142_11-15-H1-H2-101-102-39-73,60,73,0,14,M172/7,AA7619,0,41
2026-07-26T11:05:03.214Z,cloudflare_catchup,cloudflare_catchup_20260726081142_11-15-H1-H2-101-102-39-73,60,73,0,15,T430,AB6393,1,49
2026-07-26T11:06:02.460Z,cloudflare_catchup,cloudflare_catchup_20260726081142_11-15-H1-H2-101-102-39-73,60,73,0,8,T431,AB6049,0,43
2026-07-26T11:06:02.460Z,cloudflare_catchup,cloudflare_catchup_20260726081142_11-15-H1-H2-101-102-39-73,60,73,0,9,M172/16,AA7224,0,19
2026-07-26T11:06:02.460Z,cloudflare_catchup,cloudflare_catchup_20260726081142_11-15-H1-H2-101-102-39-73,60,73,0,12,M219,AA2654,0,18
2026-07-26T11:06:02.460Z,cloudflare_catchup,cloudflare_catchup_20260726081142_11-15-H1-H2-101-102-39-73,60,73,0,14,M172/7,AA7619,0,44
2026-07-26T11:06:02.460Z,cloudflare_catchup,cloudflare_catchup_20260726081142_11-15-H1-H2-101-102-39-73,60,73,0,15,T430,AB6393,0,47
2026-07-26T11:07:01.777Z,cloudflare_catchup,cloudflare_catchup_20260726081142_11-15-H1-H2-101-102-39-73,60,73,0,8,T431,AB6049,0,48
2026-07-26T11:07:01.777Z,cloudflare_catchup,cloudflare_catchup_20260726081142_11-15-H1-H2-101-102-39-73,60,73,0,9,M172/16,AA7224,0,45
2026-07-26T11:07:01.777Z,cloudflare_catchup,cloudflare_catchup_20260726081142_11-15-H1-H2-101-102-39-73,60,73,0,13,M50,AA2654,0,3
2026-07-26T11:07:01.777Z,cloudflare_catchup,cloudflare_catchup_20260726081142_11-15-H1-H2-101-102-39-73,60,73,0,14,M172/7,AA7619,0,47
2026-07-26T11:07:01.777Z,cloudflare_catchup,cloudflare_catchup_20260726081142_11-15-H1-H2-101-102-39-73,60,73,0,16,T328,AB6393,0,37
2026-07-26T11:08:02.337Z,cloudflare_catchup,cloudflare_catchup_20260726081142_11-15-H1-H2-101-102-39-73,60,73,0,8,T431,AB6049,0,45
2026-07-26T11:08:02.337Z,cloudflare_catchup,cloudflare_catchup_20260726081142_11-15-H1-H2-101-102-39-73,60,73,0,9,M172/16,AA7224,0,43
2026-07-26T11:08:02.337Z,cloudflare_catchup,cloudflare_catchup_20260726081142_11-15-H1-H2-101-102-39-73,60,73,0,13,M50,AA2654,0,49
2026-07-26T11:08:02.337Z,cloudflare_catchup,cloudflare_catchup_20260726081142_11-15-H1-H2-101-102-39-73,60,73,0,14,M172/7,AA7619,0,48
2026-07-26T11:08:02.337Z,cloudflare_catchup,cloudflare_catchup_20260726081142_11-15-H1-H2-101-102-39-73,60,73,0,16,T328,AB6393,0,31
2026-07-26T11:09:02.228Z,cloudflare_catchup,cloudflare_catchup_20260726081142_11-15-H1-H2-101-102-39-73,60,73,0,8,T431,AB6049,0,46
2026-07-26T11:09:02.228Z,cloudflare_catchup,cloudflare_catchup_20260726081142_11-15-H1-H2-101-102-39-73,60,73,0,9,M172/16,AA7224,0,26
2026-07-26T11:09:02.228Z,cloudflare_catchup,cloudflare_catchup_20260726081142_11-15-H1-H2-101-102-39-73,60,73,0,13,M50,AA2654,0,15
2026-07-26T11:09:02.228Z,cloudflare_catchup,cloudflare_catchup_20260726081142_11-15-H1-H2-101-102-39-73,60,73,0,14,M172/7,AA7619,0,23
2026-07-26T11:09:02.228Z,cloudflare_catchup,cloudflare_catchup_20260726081142_11-15-H1-H2-101-102-39-73,60,73,0,17,T420,AB6393,0,2
2026-07-26T11:10:02.939Z,cloudflare_catchup,cloudflare_catchup_20260726081142_11-15-H1-H2-101-102-39-73,60,73,0,8,T431,AB6049,0,46
2026-07-26T11:10:02.939Z,cloudflare_catchup,cloudflare_catchup_20260726081142_11-15-H1-H2-101-102-39-73,60,73,0,9,M172/16,AA7224,0,47
2026-07-26T11:10:02.939Z,cloudflare_catchup,cloudflare_catchup_20260726081142_11-15-H1-H2-101-102-39-73,60,73,0,13,M50,AA2654,0,37
2026-07-26T11:10:02.939Z,cloudflare_catchup,cloudflare_catchup_20260726081142_11-15-H1-H2-101-102-39-73,60,73,0,14,M172/7,AA7619,0,48
2026-07-26T11:10:02.939Z,cloudflare_catchup,cloudflare_catchup_20260726081142_11-15-H1-H2-101-102-39-73,60,73,0,18,T422,AB6393,0,24
2026-07-26T11:11:02.305Z,cloudflare_catchup,cloudflare_catchup_20260726081142_11-15-H1-H2-101-102-39-73,60,73,0,1,T556,AB6136,1,24
2026-07-26T11:11:02.305Z,cloudflare_catchup,cloudflare_catchup_20260726081142_11-15-H1-H2-101-102-39-73,60,73,0,9,M172/16,AA7224,0,31
2026-07-26T11:11:02.305Z,cloudflare_catchup,cloudflare_catchup_20260726081142_11-15-H1-H2-101-102-39-73,60,73,0,9,M172/16,AB6049,1,20
2026-07-26T11:11:02.305Z,cloudflare_catchup,cloudflare_catchup_20260726081142_11-15-H1-H2-101-102-39-73,60,73,0,13,M50,AA2654,0,43
2026-07-26T11:11:02.305Z,cloudflare_catchup,cloudflare_catchup_20260726081142_11-15-H1-H2-101-102-39-73,60,73,0,15,T430,AA7619,0,43
2026-07-26T11:11:02.305Z,cloudflare_catchup,cloudflare_catchup_20260726081142_11-15-H1-H2-101-102-39-73,60,73,0,19,T424,AB6393,0,26
2026-07-26T11:12:02.536Z,cloudflare_catchup,cloudflare_catchup_20260726081142_11-15-H1-H2-101-102-39-73,60,73,0,1,T556,AB6136,0,37
2026-07-26T11:12:02.536Z,cloudflare_catchup,cloudflare_catchup_20260726081142_11-15-H1-H2-101-102-39-73,60,73,0,9,M172/16,AA7224,0,44
2026-07-26T11:12:02.536Z,cloudflare_catchup,cloudflare_catchup_20260726081142_11-15-H1-H2-101-102-39-73,60,73,0,9,M172/16,AB6049,0,20
2026-07-26T11:12:02.536Z,cloudflare_catchup,cloudflare_catchup_20260726081142_11-15-H1-H2-101-102-39-73,60,73,0,13,M50,AA2654,0,30
2026-07-26T11:12:02.536Z,cloudflare_catchup,cloudflare_catchup_20260726081142_11-15-H1-H2-101-102-39-73,60,73,0,16,T328,AA7619,1,40
2026-07-26T11:12:02.536Z,cloudflare_catchup,cloudflare_catchup_20260726081142_11-15-H1-H2-101-102-39-73,60,73,0,19,T424,AB6393,0,48
2026-07-26T11:13:01.826Z,cloudflare_catchup,cloudflare_catchup_20260726081142_11-15-H1-H2-101-102-39-73,60,73,0,2,T557,AB6136,0,34
2026-07-26T11:13:01.826Z,cloudflare_catchup,cloudflare_catchup_20260726081142_11-15-H1-H2-101-102-39-73,60,73,0,9,M172/16,AA7224,0,25
2026-07-26T11:13:01.826Z,cloudflare_catchup,cloudflare_catchup_20260726081142_11-15-H1-H2-101-102-39-73,60,73,0,9,M172/16,AB6049,0,48
2026-07-26T11:13:01.826Z,cloudflare_catchup,cloudflare_catchup_20260726081142_11-15-H1-H2-101-102-39-73,60,73,0,13,M50,AA2654,0,43
2026-07-26T11:13:01.826Z,cloudflare_catchup,cloudflare_catchup_20260726081142_11-15-H1-H2-101-102-39-73,60,73,0,16,T328,AA7619,0,44
2026-07-26T11:13:01.826Z,cloudflare_catchup,cloudflare_catchup_20260726081142_11-15-H1-H2-101-102-39-73,60,73,0,19,T424,AB6393,0,48
2026-07-26T11:14:02.536Z,cloudflare_catchup,cloudflare_catchup_20260726081142_11-15-H1-H2-101-102-39-73,60,73,0,3,T558,AB6136,1,30
2026-07-26T11:14:02.536Z,cloudflare_catchup,cloudflare_catchup_20260726081142_11-15-H1-H2-101-102-39-73,60,73,0,9,M172/16,AB6049,0,31
2026-07-26T11:14:02.536Z,cloudflare_catchup,cloudflare_catchup_20260726081142_11-15-H1-H2-101-102-39-73,60,73,0,10,M247,AA7224,1,2
2026-07-26T11:14:02.536Z,cloudflare_catchup,cloudflare_catchup_20260726081142_11-15-H1-H2-101-102-39-73,60,73,0,14,M172/7,AA2654,0,12
2026-07-26T11:14:02.536Z,cloudflare_catchup,cloudflare_catchup_20260726081142_11-15-H1-H2-101-102-39-73,60,73,0,16,T328,AA7619,0,3
2026-07-26T11:14:02.536Z,cloudflare_catchup,cloudflare_catchup_20260726081142_11-15-H1-H2-101-102-39-73,60,73,0,20,T559,AB6393,1,40
2026-07-26T11:15:03.140Z,cloudflare_catchup,cloudflare_catchup_20260726081142_11-15-H1-H2-101-102-39-73,60,73,0,3,T558,AB6136,0,46
2026-07-26T11:15:03.140Z,cloudflare_catchup,cloudflare_catchup_20260726081142_11-15-H1-H2-101-102-39-73,60,73,0,9,M172/16,AB6049,0,31
2026-07-26T11:15:03.140Z,cloudflare_catchup,cloudflare_catchup_20260726081142_11-15-H1-H2-101-102-39-73,60,73,0,11,M231,AA7224,1,2
2026-07-26T11:15:03.140Z,cloudflare_catchup,cloudflare_catchup_20260726081142_11-15-H1-H2-101-102-39-73,60,73,0,14,M172/7,AA2654,0,41
2026-07-26T11:15:03.140Z,cloudflare_catchup,cloudflare_catchup_20260726081142_11-15-H1-H2-101-102-39-73,60,73,0,17,T420,AA7619,1,23
2026-07-26T11:15:03.140Z,cloudflare_catchup,cloudflare_catchup_20260726081142_11-15-H1-H2-101-102-39-73,60,73,0,20,T559,AB6393,0,48
2026-07-26T11:16:02.381Z,cloudflare_catchup,cloudflare_catchup_20260726081142_11-15-H1-H2-101-102-39-73,60,73,0,4,T551/1,AB6136,1,42
2026-07-26T11:16:02.381Z,cloudflare_catchup,cloudflare_catchup_20260726081142_11-15-H1-H2-101-102-39-73,60,73,0,9,M172/16,AB6049,0,46
2026-07-26T11:16:02.381Z,cloudflare_catchup,cloudflare_catchup_20260726081142_11-15-H1-H2-101-102-39-73,60,73,0,11,M231,AA7224,0,11
2026-07-26T11:16:02.381Z,cloudflare_catchup,cloudflare_catchup_20260726081142_11-15-H1-H2-101-102-39-73,60,73,0,14,M172/7,AA2654,0,48
2026-07-26T11:16:02.381Z,cloudflare_catchup,cloudflare_catchup_20260726081142_11-15-H1-H2-101-102-39-73,60,73,0,18,T422,AA7619,0,48
2026-07-26T11:16:02.381Z,cloudflare_catchup,cloudflare_catchup_20260726081142_11-15-H1-H2-101-102-39-73,60,73,0,22,T553,AB6393,0,46
2026-07-26T11:17:01.902Z,cloudflare_catchup,cloudflare_catchup_20260726081142_11-15-H1-H2-101-102-39-73,60,73,0,4,T551/1,AB6136,0,48
2026-07-26T11:17:01.902Z,cloudflare_catchup,cloudflare_catchup_20260726081142_11-15-H1-H2-101-102-39-73,60,73,0,9,M172/16,AB6049,0,21
2026-07-26T11:17:01.902Z,cloudflare_catchup,cloudflare_catchup_20260726081142_11-15-H1-H2-101-102-39-73,60,73,0,12,M219,AA7224,1,2
2026-07-26T11:17:01.902Z,cloudflare_catchup,cloudflare_catchup_20260726081142_11-15-H1-H2-101-102-39-73,60,73,0,14,M172/7,AA2654,0,48
2026-07-26T11:17:01.902Z,cloudflare_catchup,cloudflare_catchup_20260726081142_11-15-H1-H2-101-102-39-73,60,73,0,18,T422,AA7619,0,20
2026-07-26T11:17:01.902Z,cloudflare_catchup,cloudflare_catchup_20260726081142_11-15-H1-H2-101-102-39-73,60,73,0,23,T554,AB6393,0,21
2026-07-26T11:18:02.469Z,cloudflare_catchup,cloudflare_catchup_20260726081142_11-15-H1-H2-101-102-39-73,60,73,0,4,T551/1,AB6136,0,41
2026-07-26T11:18:02.469Z,cloudflare_catchup,cloudflare_catchup_20260726081142_11-15-H1-H2-101-102-39-73,60,73,0,9,M172/16,AB6049,0,44
2026-07-26T11:18:02.469Z,cloudflare_catchup,cloudflare_catchup_20260726081142_11-15-H1-H2-101-102-39-73,60,73,0,12,M219,AA7224,0,8
2026-07-26T11:18:02.469Z,cloudflare_catchup,cloudflare_catchup_20260726081142_11-15-H1-H2-101-102-39-73,60,73,0,14,M172/7,AA2654,0,48
2026-07-26T11:18:02.469Z,cloudflare_catchup,cloudflare_catchup_20260726081142_11-15-H1-H2-101-102-39-73,60,73,0,19,T424,AA7619,1,24
2026-07-26T11:18:02.469Z,cloudflare_catchup,cloudflare_catchup_20260726081142_11-15-H1-H2-101-102-39-73,60,73,0,24,T555/2,AB6393,1,34
2026-07-26T11:19:01.956Z,cloudflare_catchup,cloudflare_catchup_20260726081142_11-15-H1-H2-101-102-39-73,60,73,0,5,T425,AB6136,1,40
2026-07-26T11:19:01.956Z,cloudflare_catchup,cloudflare_catchup_20260726081142_11-15-H1-H2-101-102-39-73,60,73,0,9,M172/16,AB6049,0,23
2026-07-26T11:19:01.956Z,cloudflare_catchup,cloudflare_catchup_20260726081142_11-15-H1-H2-101-102-39-73,60,73,0,13,M50,AA7224,1,36
2026-07-26T11:19:01.956Z,cloudflare_catchup,cloudflare_catchup_20260726081142_11-15-H1-H2-101-102-39-73,60,73,0,14,M172/7,AA2654,0,38
2026-07-26T11:19:01.956Z,cloudflare_catchup,cloudflare_catchup_20260726081142_11-15-H1-H2-101-102-39-73,60,73,0,19,T424,AA7619,0,48
2026-07-26T11:19:01.956Z,cloudflare_catchup,cloudflare_catchup_20260726081142_11-15-H1-H2-101-102-39-73,60,73,0,24,T555/2,AB6393,0,49
2026-07-26T11:20:02.654Z,cloudflare_catchup,cloudflare_catchup_20260726081142_11-15-H1-H2-101-102-39-73,60,73,0,6,T423,AB6136,1,39
2026-07-26T11:20:02.654Z,cloudflare_catchup,cloudflare_catchup_20260726081142_11-15-H1-H2-101-102-39-73,60,73,0,10,M247,AB6049,1,19
2026-07-26T11:20:02.654Z,cloudflare_catchup,cloudflare_catchup_20260726081142_11-15-H1-H2-101-102-39-73,60,73,0,13,M50,AA7224,0,49
2026-07-26T11:20:02.654Z,cloudflare_catchup,cloudflare_catchup_20260726081142_11-15-H1-H2-101-102-39-73,60,73,0,15,T430,AA2654,0,39
2026-07-26T11:20:02.654Z,cloudflare_catchup,cloudflare_catchup_20260726081142_11-15-H1-H2-101-102-39-73,60,73,0,19,T424,AA7619,0,50
2026-07-26T11:20:02.654Z,cloudflare_catchup,cloudflare_catchup_20260726081142_11-15-H1-H2-101-102-39-73,60,73,0,25,T550/4,AB6393,1,0
2026-07-26T11:21:01.880Z,cloudflare_catchup,cloudflare_catchup_20260726081142_11-15-H1-H2-101-102-39-73,60,73,0,7,T421,AB6136,1,46
2026-07-26T11:21:01.880Z,cloudflare_catchup,cloudflare_catchup_20260726081142_11-15-H1-H2-101-102-39-73,60,73,0,10,M247,AB6049,0,15
2026-07-26T11:21:01.880Z,cloudflare_catchup,cloudflare_catchup_20260726081142_11-15-H1-H2-101-102-39-73,60,73,0,13,M50,AA7224,0,7
2026-07-26T11:21:01.880Z,cloudflare_catchup,cloudflare_catchup_20260726081142_11-15-H1-H2-101-102-39-73,60,73,0,15,T430,AA2654,0,3
2026-07-26T11:21:01.880Z,cloudflare_catchup,cloudflare_catchup_20260726081142_11-15-H1-H2-101-102-39-73,60,73,0,19,T424,AA7619,0,47
2026-07-26T11:21:01.880Z,cloudflare_catchup,cloudflare_catchup_20260726081142_11-15-H1-H2-101-102-39-73,60,73,0,25,T550/4,AB6393,1,0
2026-07-26T11:22:02.391Z,cloudflare_catchup,cloudflare_catchup_20260726081142_11-15-H1-H2-101-102-39-73,60,73,0,7,T421,AB6136,0,26
2026-07-26T11:22:02.391Z,cloudflare_catchup,cloudflare_catchup_20260726081142_11-15-H1-H2-101-102-39-73,60,73,0,11,M231,AB6049,0,23
2026-07-26T11:22:02.391Z,cloudflare_catchup,cloudflare_catchup_20260726081142_11-15-H1-H2-101-102-39-73,60,73,0,13,M50,AA7224,0,6
2026-07-26T11:22:02.391Z,cloudflare_catchup,cloudflare_catchup_20260726081142_11-15-H1-H2-101-102-39-73,60,73,0,16,T328,AA2654,0,48
2026-07-26T11:22:02.391Z,cloudflare_catchup,cloudflare_catchup_20260726081142_11-15-H1-H2-101-102-39-73,60,73,0,20,T559,AA7619,1,5
2026-07-26T11:22:02.391Z,cloudflare_catchup,cloudflare_catchup_20260726081142_11-15-H1-H2-101-102-39-73,60,73,0,25,T550/4,AB6393,1,0
2026-07-26T11:23:02.078Z,cloudflare_catchup,cloudflare_catchup_20260726081142_11-15-H1-H2-101-102-39-73,60,73,0,7,T421,AB6136,0,50
2026-07-26T11:23:02.078Z,cloudflare_catchup,cloudflare_catchup_20260726081142_11-15-H1-H2-101-102-39-73,60,73,0,11,M231,AB6049,0,2
2026-07-26T11:23:02.078Z,cloudflare_catchup,cloudflare_catchup_20260726081142_11-15-H1-H2-101-102-39-73,60,73,0,13,M50,AA7224,0,5
2026-07-26T11:23:02.078Z,cloudflare_catchup,cloudflare_catchup_20260726081142_11-15-H1-H2-101-102-39-73,60,73,0,16,T328,AA2654,0,23
2026-07-26T11:23:02.078Z,cloudflare_catchup,cloudflare_catchup_20260726081142_11-15-H1-H2-101-102-39-73,60,73,0,21,T552,AA7619,1,44
2026-07-26T11:23:02.078Z,cloudflare_catchup,cloudflare_catchup_20260726081142_11-15-H1-H2-101-102-39-73,60,73,0,25,T550/4,AB6393,1,0
2026-07-26T11:24:02.341Z,cloudflare_catchup,cloudflare_catchup_20260726081142_11-15-H1-H2-101-102-39-73,60,73,0,7,T421,AB6136,0,48
2026-07-26T11:24:02.341Z,cloudflare_catchup,cloudflare_catchup_20260726081142_11-15-H1-H2-101-102-39-73,60,73,0,12,M219,AB6049,0,14
2026-07-26T11:24:02.341Z,cloudflare_catchup,cloudflare_catchup_20260726081142_11-15-H1-H2-101-102-39-73,60,73,0,13,M50,AA7224,0,48
2026-07-26T11:24:02.341Z,cloudflare_catchup,cloudflare_catchup_20260726081142_11-15-H1-H2-101-102-39-73,60,73,0,17,T420,AA2654,1,2
2026-07-26T11:24:02.341Z,cloudflare_catchup,cloudflare_catchup_20260726081142_11-15-H1-H2-101-102-39-73,60,73,0,22,T553,AA7619,0,25
2026-07-26T11:24:02.341Z,cloudflare_catchup,cloudflare_catchup_20260726081142_11-15-H1-H2-101-102-39-73,60,73,0,25,T550/4,AB6393,1,0
2026-07-26T11:25:03.259Z,cloudflare_catchup,cloudflare_catchup_20260726081142_11-15-H1-H2-101-102-39-73,60,73,0,7,T421,AB6136,0,33
2026-07-26T11:25:03.259Z,cloudflare_catchup,cloudflare_catchup_20260726081142_11-15-H1-H2-101-102-39-73,60,73,0,12,M219,AB6049,0,34
2026-07-26T11:25:03.259Z,cloudflare_catchup,cloudflare_catchup_20260726081142_11-15-H1-H2-101-102-39-73,60,73,0,13,M50,AA7224,0,47
2026-07-26T11:25:03.259Z,cloudflare_catchup,cloudflare_catchup_20260726081142_11-15-H1-H2-101-102-39-73,60,73,0,18,T422,AA2654,0,4
2026-07-26T11:25:03.259Z,cloudflare_catchup,cloudflare_catchup_20260726081142_11-15-H1-H2-101-102-39-73,60,73,0,23,T554,AA7619,0,49
2026-07-26T11:26:02.479Z,cloudflare_catchup,cloudflare_catchup_20260726081142_11-15-H1-H2-101-102-39-73,60,73,0,8,T431,AB6136,0,35
2026-07-26T11:26:02.479Z,cloudflare_catchup,cloudflare_catchup_20260726081142_11-15-H1-H2-101-102-39-73,60,73,0,12,M219,AB6049,0,34
2026-07-26T11:26:02.479Z,cloudflare_catchup,cloudflare_catchup_20260726081142_11-15-H1-H2-101-102-39-73,60,73,0,13,M50,AA7224,0,22
2026-07-26T11:26:02.479Z,cloudflare_catchup,cloudflare_catchup_20260726081142_11-15-H1-H2-101-102-39-73,60,73,0,19,T424,AA2654,1,4
2026-07-26T11:26:02.479Z,cloudflare_catchup,cloudflare_catchup_20260726081142_11-15-H1-H2-101-102-39-73,60,73,0,24,T555/2,AA7619,1,6
2026-07-26T11:27:01.812Z,cloudflare_catchup,cloudflare_catchup_20260726081142_11-15-H1-H2-101-102-39-73,60,73,0,8,T431,AB6136,0,49
2026-07-26T11:27:01.812Z,cloudflare_catchup,cloudflare_catchup_20260726081142_11-15-H1-H2-101-102-39-73,60,73,0,13,M50,AA7224,0,48
2026-07-26T11:27:01.812Z,cloudflare_catchup,cloudflare_catchup_20260726081142_11-15-H1-H2-101-102-39-73,60,73,0,13,M50,AB6049,1,22
2026-07-26T11:27:01.812Z,cloudflare_catchup,cloudflare_catchup_20260726081142_11-15-H1-H2-101-102-39-73,60,73,0,19,T424,AA2654,0,42
2026-07-26T11:27:01.812Z,cloudflare_catchup,cloudflare_catchup_20260726081142_11-15-H1-H2-101-102-39-73,60,73,0,24,T555/2,AA7619,0,35
2026-07-26T11:28:02.534Z,cloudflare_catchup,cloudflare_catchup_20260726081142_11-15-H1-H2-101-102-39-73,60,73,0,1,T556,AB6613,0,25
2026-07-26T11:28:02.534Z,cloudflare_catchup,cloudflare_catchup_20260726081142_11-15-H1-H2-101-102-39-73,60,73,0,8,T431,AB6136,0,48
2026-07-26T11:28:02.534Z,cloudflare_catchup,cloudflare_catchup_20260726081142_11-15-H1-H2-101-102-39-73,60,73,0,13,M50,AB6049,0,35
2026-07-26T11:28:02.534Z,cloudflare_catchup,cloudflare_catchup_20260726081142_11-15-H1-H2-101-102-39-73,60,73,0,14,M172/7,AA7224,1,12
2026-07-26T11:28:02.534Z,cloudflare_catchup,cloudflare_catchup_20260726081142_11-15-H1-H2-101-102-39-73,60,73,0,19,T424,AA2654,0,45
2026-07-26T11:28:02.534Z,cloudflare_catchup,cloudflare_catchup_20260726081142_11-15-H1-H2-101-102-39-73,60,73,0,25,T550/4,AA7619,1,0
2026-07-26T11:29:01.821Z,cloudflare_catchup,cloudflare_catchup_20260726081142_11-15-H1-H2-101-102-39-73,60,73,0,1,T556,AB6613,0,42
2026-07-26T11:29:01.821Z,cloudflare_catchup,cloudflare_catchup_20260726081142_11-15-H1-H2-101-102-39-73,60,73,0,8,T431,AB6136,0,41
2026-07-26T11:29:01.821Z,cloudflare_catchup,cloudflare_catchup_20260726081142_11-15-H1-H2-101-102-39-73,60,73,0,13,M50,AB6049,0,4
2026-07-26T11:29:01.821Z,cloudflare_catchup,cloudflare_catchup_20260726081142_11-15-H1-H2-101-102-39-73,60,73,0,14,M172/7,AA7224,1,12
2026-07-26T11:29:01.821Z,cloudflare_catchup,cloudflare_catchup_20260726081142_11-15-H1-H2-101-102-39-73,60,73,0,19,T424,AA2654,0,49
2026-07-26T11:29:01.821Z,cloudflare_catchup,cloudflare_catchup_20260726081142_11-15-H1-H2-101-102-39-73,60,73,0,25,T550/4,AA7619,1,0
2026-07-26T11:30:02.444Z,cloudflare_catchup,cloudflare_catchup_20260726081142_11-15-H1-H2-101-102-39-73,60,73,0,2,T557,AB6613,0,28
2026-07-26T11:30:02.444Z,cloudflare_catchup,cloudflare_catchup_20260726081142_11-15-H1-H2-101-102-39-73,60,73,0,8,T431,AB6136,0,47
2026-07-26T11:30:02.444Z,cloudflare_catchup,cloudflare_catchup_20260726081142_11-15-H1-H2-101-102-39-73,60,73,0,13,M50,AB6049,0,3
2026-07-26T11:30:02.444Z,cloudflare_catchup,cloudflare_catchup_20260726081142_11-15-H1-H2-101-102-39-73,60,73,0,14,M172/7,AA7224,1,7
2026-07-26T11:30:02.444Z,cloudflare_catchup,cloudflare_catchup_20260726081142_11-15-H1-H2-101-102-39-73,60,73,0,20,T559,AA2654,0,29
2026-07-26T11:30:02.444Z,cloudflare_catchup,cloudflare_catchup_20260726081142_11-15-H1-H2-101-102-39-73,60,73,0,25,T550/4,AA7619,1,0
2026-07-26T11:31:02.273Z,cloudflare_catchup,cloudflare_catchup_20260726081142_11-15-H1-H2-101-102-39-73,60,73,0,3,T558,AB6613,0,38
2026-07-26T11:31:02.273Z,cloudflare_catchup,cloudflare_catchup_20260726081142_11-15-H1-H2-101-102-39-73,60,73,0,9,M172/16,AB6136,1,35
2026-07-26T11:31:02.273Z,cloudflare_catchup,cloudflare_catchup_20260726081142_11-15-H1-H2-101-102-39-73,60,73,0,13,M50,AB6049,0,11
2026-07-26T11:31:02.273Z,cloudflare_catchup,cloudflare_catchup_20260726081142_11-15-H1-H2-101-102-39-73,60,73,0,14,M172/7,AA7224,0,32
2026-07-26T11:31:02.273Z,cloudflare_catchup,cloudflare_catchup_20260726081142_11-15-H1-H2-101-102-39-73,60,73,0,21,T552,AA2654,0,42
2026-07-26T11:31:02.273Z,cloudflare_catchup,cloudflare_catchup_20260726081142_11-15-H1-H2-101-102-39-73,60,73,0,25,T550/4,AA7619,1,0
2026-07-26T11:32:02.416Z,cloudflare_catchup,cloudflare_catchup_20260726081142_11-15-H1-H2-101-102-39-73,60,73,0,4,T551/1,AB6613,1,39
2026-07-26T11:32:02.416Z,cloudflare_catchup,cloudflare_catchup_20260726081142_11-15-H1-H2-101-102-39-73,60,73,0,9,M172/16,AB6136,0,34
2026-07-26T11:32:02.416Z,cloudflare_catchup,cloudflare_catchup_20260726081142_11-15-H1-H2-101-102-39-73,60,73,0,13,M50,AB6049,0,26
2026-07-26T11:32:02.416Z,cloudflare_catchup,cloudflare_catchup_20260726081142_11-15-H1-H2-101-102-39-73,60,73,0,14,M172/7,AA7224,0,42
2026-07-26T11:32:02.416Z,cloudflare_catchup,cloudflare_catchup_20260726081142_11-15-H1-H2-101-102-39-73,60,73,0,23,T554,AA2654,0,34
2026-07-26T11:33:01.806Z,cloudflare_catchup,cloudflare_catchup_20260726081142_11-15-H1-H2-101-102-39-73,60,73,0,4,T551/1,AB6613,0,43
2026-07-26T11:33:01.806Z,cloudflare_catchup,cloudflare_catchup_20260726081142_11-15-H1-H2-101-102-39-73,60,73,0,9,M172/16,AB6136,0,43
2026-07-26T11:33:01.806Z,cloudflare_catchup,cloudflare_catchup_20260726081142_11-15-H1-H2-101-102-39-73,60,73,0,13,M50,AB6049,0,48
2026-07-26T11:33:01.806Z,cloudflare_catchup,cloudflare_catchup_20260726081142_11-15-H1-H2-101-102-39-73,60,73,0,14,M172/7,AA7224,0,44
2026-07-26T11:33:01.806Z,cloudflare_catchup,cloudflare_catchup_20260726081142_11-15-H1-H2-101-102-39-73,60,73,0,24,T555/2,AA2654,1,38
2026-07-26T11:34:02.447Z,cloudflare_catchup,cloudflare_catchup_20260726081142_11-15-H1-H2-101-102-39-73,60,73,0,4,T551/1,AB6613,0,41
2026-07-26T11:34:02.447Z,cloudflare_catchup,cloudflare_catchup_20260726081142_11-15-H1-H2-101-102-39-73,60,73,0,9,M172/16,AB6136,0,41
2026-07-26T11:34:02.447Z,cloudflare_catchup,cloudflare_catchup_20260726081142_11-15-H1-H2-101-102-39-73,60,73,0,13,M50,AB6049,0,34
2026-07-26T11:34:02.447Z,cloudflare_catchup,cloudflare_catchup_20260726081142_11-15-H1-H2-101-102-39-73,60,73,0,14,M172/7,AA7224,0,47
2026-07-26T11:34:02.447Z,cloudflare_catchup,cloudflare_catchup_20260726081142_11-15-H1-H2-101-102-39-73,60,73,0,24,T555/2,AA2654,0,45
2026-07-26T11:35:03.194Z,cloudflare_catchup,cloudflare_catchup_20260726081142_11-15-H1-H2-101-102-39-73,60,73,0,4,T551/1,AB6613,0,44
2026-07-26T11:35:03.194Z,cloudflare_catchup,cloudflare_catchup_20260726081142_11-15-H1-H2-101-102-39-73,60,73,0,9,M172/16,AB6136,0,48
2026-07-26T11:35:03.194Z,cloudflare_catchup,cloudflare_catchup_20260726081142_11-15-H1-H2-101-102-39-73,60,73,0,13,M50,AB6049,0,2
2026-07-26T11:35:03.194Z,cloudflare_catchup,cloudflare_catchup_20260726081142_11-15-H1-H2-101-102-39-73,60,73,0,14,M172/7,AA7224,0,2
2026-07-26T11:35:03.194Z,cloudflare_catchup,cloudflare_catchup_20260726081142_11-15-H1-H2-101-102-39-73,60,73,0,25,T550/4,AA2654,1,0
2026-07-26T11:36:02.388Z,cloudflare_catchup,cloudflare_catchup_20260726081142_11-15-H1-H2-101-102-39-73,60,73,0,5,T425,AB6613,0,39
2026-07-26T11:36:02.388Z,cloudflare_catchup,cloudflare_catchup_20260726081142_11-15-H1-H2-101-102-39-73,60,73,0,9,M172/16,AB6136,0,49
2026-07-26T11:36:02.388Z,cloudflare_catchup,cloudflare_catchup_20260726081142_11-15-H1-H2-101-102-39-73,60,73,0,13,M50,AB6049,0,49
2026-07-26T11:36:02.388Z,cloudflare_catchup,cloudflare_catchup_20260726081142_11-15-H1-H2-101-102-39-73,60,73,0,14,M172/7,AA7224,0,45
2026-07-26T11:36:02.388Z,cloudflare_catchup,cloudflare_catchup_20260726081142_11-15-H1-H2-101-102-39-73,60,73,0,25,T550/4,AA2654,1,0
2026-07-26T11:37:01.815Z,cloudflare_catchup,cloudflare_catchup_20260726081142_11-15-H1-H2-101-102-39-73,60,73,0,6,T423,AB6613,0,42
2026-07-26T11:37:01.815Z,cloudflare_catchup,cloudflare_catchup_20260726081142_11-15-H1-H2-101-102-39-73,60,73,0,9,M172/16,AB6136,0,20
2026-07-26T11:37:01.815Z,cloudflare_catchup,cloudflare_catchup_20260726081142_11-15-H1-H2-101-102-39-73,60,73,0,14,M172/7,AB6049,1,9
2026-07-26T11:37:01.815Z,cloudflare_catchup,cloudflare_catchup_20260726081142_11-15-H1-H2-101-102-39-73,60,73,0,15,T430,AA7224,0,49
2026-07-26T11:37:01.815Z,cloudflare_catchup,cloudflare_catchup_20260726081142_11-15-H1-H2-101-102-39-73,60,73,0,25,T550/4,AA2654,1,0
2026-07-26T11:38:02.533Z,cloudflare_catchup,cloudflare_catchup_20260726081142_11-15-H1-H2-101-102-39-73,60,73,0,7,T421,AB6613,0,33
2026-07-26T11:38:02.533Z,cloudflare_catchup,cloudflare_catchup_20260726081142_11-15-H1-H2-101-102-39-73,60,73,0,9,M172/16,AB6136,0,37
2026-07-26T11:38:02.533Z,cloudflare_catchup,cloudflare_catchup_20260726081142_11-15-H1-H2-101-102-39-73,60,73,0,14,M172/7,AB6049,0,9
2026-07-26T11:38:02.533Z,cloudflare_catchup,cloudflare_catchup_20260726081142_11-15-H1-H2-101-102-39-73,60,73,0,16,T328,AA7224,1,46
2026-07-26T11:38:02.533Z,cloudflare_catchup,cloudflare_catchup_20260726081142_11-15-H1-H2-101-102-39-73,60,73,0,25,T550/4,AA2654,1,0
2026-07-26T11:39:01.784Z,cloudflare_catchup,cloudflare_catchup_20260726081142_11-15-H1-H2-101-102-39-73,60,73,0,7,T421,AB6613,0,46
2026-07-26T11:39:01.784Z,cloudflare_catchup,cloudflare_catchup_20260726081142_11-15-H1-H2-101-102-39-73,60,73,0,9,M172/16,AB6136,0,32
2026-07-26T11:39:01.784Z,cloudflare_catchup,cloudflare_catchup_20260726081142_11-15-H1-H2-101-102-39-73,60,73,0,14,M172/7,AB6049,0,38
2026-07-26T11:39:01.784Z,cloudflare_catchup,cloudflare_catchup_20260726081142_11-15-H1-H2-101-102-39-73,60,73,0,16,T328,AA7224,0,47
2026-07-26T11:39:01.784Z,cloudflare_catchup,cloudflare_catchup_20260726081142_11-15-H1-H2-101-102-39-73,60,73,0,25,T550/4,AA2654,1,0
2026-07-26T11:40:02.433Z,cloudflare_catchup,cloudflare_catchup_20260726081142_11-15-H1-H2-101-102-39-73,60,73,0,7,T421,AB6613,0,41
2026-07-26T11:40:02.433Z,cloudflare_catchup,cloudflare_catchup_20260726081142_11-15-H1-H2-101-102-39-73,60,73,0,10,M247,AB6136,1,37
2026-07-26T11:40:02.433Z,cloudflare_catchup,cloudflare_catchup_20260726081142_11-15-H1-H2-101-102-39-73,60,73,0,14,M172/7,AB6049,0,45
2026-07-26T11:40:02.433Z,cloudflare_catchup,cloudflare_catchup_20260726081142_11-15-H1-H2-101-102-39-73,60,73,0,17,T420,AA7224,1,41
2026-07-26T11:41:01.702Z,cloudflare_catchup,cloudflare_catchup_20260726081142_11-15-H1-H2-101-102-39-73,60,73,0,8,T431,AB6613,0,41
2026-07-26T11:41:01.702Z,cloudflare_catchup,cloudflare_catchup_20260726081142_11-15-H1-H2-101-102-39-73,60,73,0,11,M231,AB6136,1,33
2026-07-26T11:41:01.702Z,cloudflare_catchup,cloudflare_catchup_20260726081142_11-15-H1-H2-101-102-39-73,60,73,0,14,M172/7,AB6049,0,44
2026-07-26T11:41:01.702Z,cloudflare_catchup,cloudflare_catchup_20260726081142_11-15-H1-H2-101-102-39-73,60,73,0,17,T420,AA7224,0,49
2026-07-26T11:42:02.473Z,cloudflare_catchup,cloudflare_catchup_20260726081142_11-15-H1-H2-101-102-39-73,60,73,0,0,T550/4,AA5945,1,3
2026-07-26T11:42:02.473Z,cloudflare_catchup,cloudflare_catchup_20260726081142_11-15-H1-H2-101-102-39-73,60,73,0,8,T431,AB6613,0,21
2026-07-26T11:42:02.473Z,cloudflare_catchup,cloudflare_catchup_20260726081142_11-15-H1-H2-101-102-39-73,60,73,0,11,M231,AB6136,0,24
2026-07-26T11:42:02.473Z,cloudflare_catchup,cloudflare_catchup_20260726081142_11-15-H1-H2-101-102-39-73,60,73,0,14,M172/7,AB6049,0,48
2026-07-26T11:42:02.473Z,cloudflare_catchup,cloudflare_catchup_20260726081142_11-15-H1-H2-101-102-39-73,60,73,0,18,T422,AA7224,0,21
2026-07-26T11:43:01.886Z,cloudflare_catchup,cloudflare_catchup_20260726081142_11-15-H1-H2-101-102-39-73,60,73,0,0,T550/4,AA5945,1,3
2026-07-26T11:43:01.886Z,cloudflare_catchup,cloudflare_catchup_20260726081142_11-15-H1-H2-101-102-39-73,60,73,0,8,T431,AB6613,0,48
2026-07-26T11:43:01.886Z,cloudflare_catchup,cloudflare_catchup_20260726081142_11-15-H1-H2-101-102-39-73,60,73,0,12,M219,AB6136,1,30
2026-07-26T11:43:01.886Z,cloudflare_catchup,cloudflare_catchup_20260726081142_11-15-H1-H2-101-102-39-73,60,73,0,14,M172/7,AB6049,0,1
2026-07-26T11:43:01.886Z,cloudflare_catchup,cloudflare_catchup_20260726081142_11-15-H1-H2-101-102-39-73,60,73,0,19,T424,AA7224,0,26
2026-07-26T11:44:02.480Z,cloudflare_catchup,cloudflare_catchup_20260726081142_11-15-H1-H2-101-102-39-73,60,73,0,1,T556,AA5945,1,31
2026-07-26T11:44:02.480Z,cloudflare_catchup,cloudflare_catchup_20260726081142_11-15-H1-H2-101-102-39-73,60,73,0,8,T431,AB6613,0,44
2026-07-26T11:44:02.480Z,cloudflare_catchup,cloudflare_catchup_20260726081142_11-15-H1-H2-101-102-39-73,60,73,0,13,M50,AB6136,1,7
2026-07-26T11:44:02.480Z,cloudflare_catchup,cloudflare_catchup_20260726081142_11-15-H1-H2-101-102-39-73,60,73,0,15,T430,AB6049,1,47
2026-07-26T11:44:02.480Z,cloudflare_catchup,cloudflare_catchup_20260726081142_11-15-H1-H2-101-102-39-73,60,73,0,19,T424,AA7224,0,44
2026-07-26T11:45:03.268Z,cloudflare_catchup,cloudflare_catchup_20260726081142_11-15-H1-H2-101-102-39-73,60,73,0,1,T556,AA5945,0,24
2026-07-26T11:45:03.268Z,cloudflare_catchup,cloudflare_catchup_20260726081142_11-15-H1-H2-101-102-39-73,60,73,0,8,T431,AB6613,0,45
2026-07-26T11:45:03.268Z,cloudflare_catchup,cloudflare_catchup_20260726081142_11-15-H1-H2-101-102-39-73,60,73,0,13,M50,AB6136,0,49
2026-07-26T11:45:03.268Z,cloudflare_catchup,cloudflare_catchup_20260726081142_11-15-H1-H2-101-102-39-73,60,73,0,15,T430,AB6049,0,42
2026-07-26T11:45:03.268Z,cloudflare_catchup,cloudflare_catchup_20260726081142_11-15-H1-H2-101-102-39-73,60,73,0,19,T424,AA7224,0,46
2026-07-26T11:46:02.396Z,cloudflare_catchup,cloudflare_catchup_20260726081142_11-15-H1-H2-101-102-39-73,60,73,0,1,T556,AA5945,0,37
2026-07-26T11:46:02.396Z,cloudflare_catchup,cloudflare_catchup_20260726081142_11-15-H1-H2-101-102-39-73,60,73,0,9,M172/16,AB6613,1,11
2026-07-26T11:46:02.396Z,cloudflare_catchup,cloudflare_catchup_20260726081142_11-15-H1-H2-101-102-39-73,60,73,0,13,M50,AB6136,0,4
2026-07-26T11:46:02.396Z,cloudflare_catchup,cloudflare_catchup_20260726081142_11-15-H1-H2-101-102-39-73,60,73,0,16,T328,AB6049,0,36
2026-07-26T11:46:02.396Z,cloudflare_catchup,cloudflare_catchup_20260726081142_11-15-H1-H2-101-102-39-73,60,73,0,19,T424,AA7224,0,31
2026-07-26T11:47:01.833Z,cloudflare_catchup,cloudflare_catchup_20260726081142_11-15-H1-H2-101-102-39-73,60,73,0,3,T558,AA5945,1,46
2026-07-26T11:47:01.833Z,cloudflare_catchup,cloudflare_catchup_20260726081142_11-15-H1-H2-101-102-39-73,60,73,0,9,M172/16,AB6613,0,38
2026-07-26T11:47:01.833Z,cloudflare_catchup,cloudflare_catchup_20260726081142_11-15-H1-H2-101-102-39-73,60,73,0,13,M50,AB6136,0,3
2026-07-26T11:47:01.833Z,cloudflare_catchup,cloudflare_catchup_20260726081142_11-15-H1-H2-101-102-39-73,60,73,0,16,T328,AB6049,0,37
2026-07-26T11:47:01.833Z,cloudflare_catchup,cloudflare_catchup_20260726081142_11-15-H1-H2-101-102-39-73,60,73,0,20,T559,AA7224,0,18
2026-07-26T11:48:02.442Z,cloudflare_catchup,cloudflare_catchup_20260726081142_11-15-H1-H2-101-102-39-73,60,73,0,3,T558,AA5945,0,47
2026-07-26T11:48:02.442Z,cloudflare_catchup,cloudflare_catchup_20260726081142_11-15-H1-H2-101-102-39-73,60,73,0,9,M172/16,AB6613,0,43
2026-07-26T11:48:02.442Z,cloudflare_catchup,cloudflare_catchup_20260726081142_11-15-H1-H2-101-102-39-73,60,73,0,13,M50,AB6136,0,3
2026-07-26T11:48:02.442Z,cloudflare_catchup,cloudflare_catchup_20260726081142_11-15-H1-H2-101-102-39-73,60,73,0,17,T420,AB6049,0,26
2026-07-26T11:48:02.442Z,cloudflare_catchup,cloudflare_catchup_20260726081142_11-15-H1-H2-101-102-39-73,60,73,0,22,T553,AA7224,0,36
2026-07-26T11:49:02.280Z,cloudflare_catchup,cloudflare_catchup_20260726081142_11-15-H1-H2-101-102-39-73,60,73,0,4,T551/1,AA5945,1,31
2026-07-26T11:49:02.280Z,cloudflare_catchup,cloudflare_catchup_20260726081142_11-15-H1-H2-101-102-39-73,60,73,0,9,M172/16,AB6613,0,38
2026-07-26T11:49:02.280Z,cloudflare_catchup,cloudflare_catchup_20260726081142_11-15-H1-H2-101-102-39-73,60,73,0,13,M50,AB6136,0,14
2026-07-26T11:49:02.280Z,cloudflare_catchup,cloudflare_catchup_20260726081142_11-15-H1-H2-101-102-39-73,60,73,0,18,T422,AB6049,0,3
2026-07-26T11:49:02.280Z,cloudflare_catchup,cloudflare_catchup_20260726081142_11-15-H1-H2-101-102-39-73,60,73,0,23,T554,AA7224,0,41
2026-07-26T11:50:02.838Z,cloudflare_catchup,cloudflare_catchup_20260726081142_11-15-H1-H2-101-102-39-73,60,73,0,4,T551/1,AA5945,0,39
2026-07-26T11:50:02.838Z,cloudflare_catchup,cloudflare_catchup_20260726081142_11-15-H1-H2-101-102-39-73,60,73,0,9,M172/16,AB6613,0,47
2026-07-26T11:50:02.838Z,cloudflare_catchup,cloudflare_catchup_20260726081142_11-15-H1-H2-101-102-39-73,60,73,0,13,M50,AB6136,0,13
2026-07-26T11:50:02.838Z,cloudflare_catchup,cloudflare_catchup_20260726081142_11-15-H1-H2-101-102-39-73,60,73,0,19,T424,AB6049,1,10
2026-07-26T11:50:02.838Z,cloudflare_catchup,cloudflare_catchup_20260726081142_11-15-H1-H2-101-102-39-73,60,73,0,24,T555/2,AA7224,1,20
2026-07-26T11:51:01.754Z,cloudflare_catchup,cloudflare_catchup_20260726081142_11-15-H1-H2-101-102-39-73,60,73,0,4,T551/1,AA5945,0,46
2026-07-26T11:51:01.754Z,cloudflare_catchup,cloudflare_catchup_20260726081142_11-15-H1-H2-101-102-39-73,60,73,0,9,M172/16,AB6613,0,48
2026-07-26T11:51:01.754Z,cloudflare_catchup,cloudflare_catchup_20260726081142_11-15-H1-H2-101-102-39-73,60,73,0,13,M50,AB6136,0,36
2026-07-26T11:51:01.754Z,cloudflare_catchup,cloudflare_catchup_20260726081142_11-15-H1-H2-101-102-39-73,60,73,0,19,T424,AB6049,0,44
2026-07-26T11:51:01.754Z,cloudflare_catchup,cloudflare_catchup_20260726081142_11-15-H1-H2-101-102-39-73,60,73,0,24,T555/2,AA7224,0,10
2026-07-26T11:52:02.306Z,cloudflare_catchup,cloudflare_catchup_20260726081142_11-15-H1-H2-101-102-39-73,60,73,0,4,T551/1,AA5945,0,44
2026-07-26T11:52:02.306Z,cloudflare_catchup,cloudflare_catchup_20260726081142_11-15-H1-H2-101-102-39-73,60,73,0,9,M172/16,AB6613,0,7
2026-07-26T11:52:02.306Z,cloudflare_catchup,cloudflare_catchup_20260726081142_11-15-H1-H2-101-102-39-73,60,73,0,13,M50,AB6136,0,44
2026-07-26T11:52:02.306Z,cloudflare_catchup,cloudflare_catchup_20260726081142_11-15-H1-H2-101-102-39-73,60,73,0,19,T424,AB6049,0,49
2026-07-26T11:52:02.306Z,cloudflare_catchup,cloudflare_catchup_20260726081142_11-15-H1-H2-101-102-39-73,60,73,0,25,T550/4,AA7224,1,0
2026-07-26T11:53:02.051Z,cloudflare_catchup,cloudflare_catchup_20260726081142_11-15-H1-H2-101-102-39-73,60,73,0,6,T423,AA5945,1,41
2026-07-26T11:53:02.051Z,cloudflare_catchup,cloudflare_catchup_20260726081142_11-15-H1-H2-101-102-39-73,60,73,0,9,M172/16,AB6613,0,7
2026-07-26T11:53:02.051Z,cloudflare_catchup,cloudflare_catchup_20260726081142_11-15-H1-H2-101-102-39-73,60,73,0,13,M50,AB6136,0,18
2026-07-26T11:53:02.051Z,cloudflare_catchup,cloudflare_catchup_20260726081142_11-15-H1-H2-101-102-39-73,60,73,0,19,T424,AB6049,0,50
2026-07-26T11:53:02.051Z,cloudflare_catchup,cloudflare_catchup_20260726081142_11-15-H1-H2-101-102-39-73,60,73,0,25,T550/4,AA7224,1,0
2026-07-26T11:54:02.604Z,cloudflare_catchup,cloudflare_catchup_20260726081142_11-15-H1-H2-101-102-39-73,60,73,0,7,T421,AA5945,1,48
2026-07-26T11:54:02.604Z,cloudflare_catchup,cloudflare_catchup_20260726081142_11-15-H1-H2-101-102-39-73,60,73,0,10,M247,AB6613,1,39
2026-07-26T11:54:02.604Z,cloudflare_catchup,cloudflare_catchup_20260726081142_11-15-H1-H2-101-102-39-73,60,73,0,13,M50,AB6136,0,36
2026-07-26T11:54:02.604Z,cloudflare_catchup,cloudflare_catchup_20260726081142_11-15-H1-H2-101-102-39-73,60,73,0,20,T559,AB6049,0,6
2026-07-26T11:54:02.604Z,cloudflare_catchup,cloudflare_catchup_20260726081142_11-15-H1-H2-101-102-39-73,60,73,0,25,T550/4,AA7224,1,0
2026-07-26T11:55:03.295Z,cloudflare_catchup,cloudflare_catchup_20260726081142_11-15-H1-H2-101-102-39-73,60,73,0,7,T421,AA5945,0,42
2026-07-26T11:55:03.295Z,cloudflare_catchup,cloudflare_catchup_20260726081142_11-15-H1-H2-101-102-39-73,60,73,0,11,M231,AB6613,1,40
2026-07-26T11:55:03.295Z,cloudflare_catchup,cloudflare_catchup_20260726081142_11-15-H1-H2-101-102-39-73,60,73,0,14,M172/7,AB6136,1,15
2026-07-26T11:55:03.295Z,cloudflare_catchup,cloudflare_catchup_20260726081142_11-15-H1-H2-101-102-39-73,60,73,0,22,T553,AB6049,0,37
2026-07-26T11:55:03.295Z,cloudflare_catchup,cloudflare_catchup_20260726081142_11-15-H1-H2-101-102-39-73,60,73,0,25,T550/4,AA7224,1,0
2026-07-26T11:56:02.707Z,cloudflare_catchup,cloudflare_catchup_20260726081142_11-15-H1-H2-101-102-39-73,60,73,0,7,T421,AA5945,0,48
2026-07-26T11:56:02.707Z,cloudflare_catchup,cloudflare_catchup_20260726081142_11-15-H1-H2-101-102-39-73,60,73,0,11,M231,AB6613,0,30
2026-07-26T11:56:02.707Z,cloudflare_catchup,cloudflare_catchup_20260726081142_11-15-H1-H2-101-102-39-73,60,73,0,14,M172/7,AB6136,0,34
2026-07-26T11:56:02.707Z,cloudflare_catchup,cloudflare_catchup_20260726081142_11-15-H1-H2-101-102-39-73,60,73,0,23,T554,AB6049,1,35
2026-07-26T11:56:02.707Z,cloudflare_catchup,cloudflare_catchup_20260726081142_11-15-H1-H2-101-102-39-73,60,73,0,25,T550/4,AA7224,1,0
2026-07-26T11:57:01.804Z,cloudflare_catchup,cloudflare_catchup_20260726081142_11-15-H1-H2-101-102-39-73,60,73,0,7,T421,AA5945,0,40
2026-07-26T11:57:01.804Z,cloudflare_catchup,cloudflare_catchup_20260726081142_11-15-H1-H2-101-102-39-73,60,73,0,12,M219,AB6613,0,7
2026-07-26T11:57:01.804Z,cloudflare_catchup,cloudflare_catchup_20260726081142_11-15-H1-H2-101-102-39-73,60,73,0,14,M172/7,AB6136,0,44
2026-07-26T11:57:01.804Z,cloudflare_catchup,cloudflare_catchup_20260726081142_11-15-H1-H2-101-102-39-73,60,73,0,23,T554,AB6049,0,27
2026-07-26T11:58:02.479Z,cloudflare_catchup,cloudflare_catchup_20260726081142_11-15-H1-H2-101-102-39-73,60,73,0,8,T431,AA5945,1,37
2026-07-26T11:58:02.479Z,cloudflare_catchup,cloudflare_catchup_20260726081142_11-15-H1-H2-101-102-39-73,60,73,0,13,M50,AB6613,1,27
2026-07-26T11:58:02.479Z,cloudflare_catchup,cloudflare_catchup_20260726081142_11-15-H1-H2-101-102-39-73,60,73,0,14,M172/7,AB6136,0,46
2026-07-26T11:58:02.479Z,cloudflare_catchup,cloudflare_catchup_20260726081142_11-15-H1-H2-101-102-39-73,60,73,0,24,T555/2,AB6049,0,4
2026-07-26T11:59:01.795Z,cloudflare_catchup,cloudflare_catchup_20260726081142_11-15-H1-H2-101-102-39-73,60,73,0,8,T431,AA5945,0,46
2026-07-26T11:59:01.795Z,cloudflare_catchup,cloudflare_catchup_20260726081142_11-15-H1-H2-101-102-39-73,60,73,0,13,M50,AB6613,0,48
2026-07-26T11:59:01.795Z,cloudflare_catchup,cloudflare_catchup_20260726081142_11-15-H1-H2-101-102-39-73,60,73,0,14,M172/7,AB6136,0,47
2026-07-26T11:59:01.795Z,cloudflare_catchup,cloudflare_catchup_20260726081142_11-15-H1-H2-101-102-39-73,60,73,0,25,T550/4,AB6049,1,0
2026-07-26T12:00:02.493Z,cloudflare_catchup,cloudflare_catchup_20260726081142_11-15-H1-H2-101-102-39-73,60,73,0,0,T550/4,AB6393,0,24
2026-07-26T12:00:02.493Z,cloudflare_catchup,cloudflare_catchup_20260726081142_11-15-H1-H2-101-102-39-73,60,73,0,8,T431,AA5945,0,47
2026-07-26T12:00:02.493Z,cloudflare_catchup,cloudflare_catchup_20260726081142_11-15-H1-H2-101-102-39-73,60,73,0,13,M50,AB6613,0,5
2026-07-26T12:00:02.493Z,cloudflare_catchup,cloudflare_catchup_20260726081142_11-15-H1-H2-101-102-39-73,60,73,0,14,M172/7,AB6136,0,20
2026-07-26T12:00:02.493Z,cloudflare_catchup,cloudflare_catchup_20260726081142_11-15-H1-H2-101-102-39-73,60,73,0,25,T550/4,AB6049,1,0
2026-07-26T12:01:02.026Z,cloudflare_catchup,cloudflare_catchup_20260726081142_11-15-H1-H2-101-102-39-73,60,73,0,1,T556,AB6393,1,24
2026-07-26T12:01:02.026Z,cloudflare_catchup,cloudflare_catchup_20260726081142_11-15-H1-H2-101-102-39-73,60,73,0,8,T431,AA5945,0,44
2026-07-26T12:01:02.026Z,cloudflare_catchup,cloudflare_catchup_20260726081142_11-15-H1-H2-101-102-39-73,60,73,0,13,M50,AB6613,0,2
2026-07-26T12:01:02.026Z,cloudflare_catchup,cloudflare_catchup_20260726081142_11-15-H1-H2-101-102-39-73,60,73,0,14,M172/7,AB6136,0,44
2026-07-26T12:01:02.026Z,cloudflare_catchup,cloudflare_catchup_20260726081142_11-15-H1-H2-101-102-39-73,60,73,0,25,T550/4,AB6049,1,0
2026-07-26T12:02:02.575Z,cloudflare_catchup,cloudflare_catchup_20260726081142_11-15-H1-H2-101-102-39-73,60,73,0,1,T556,AB6393,0,26
2026-07-26T12:02:02.575Z,cloudflare_catchup,cloudflare_catchup_20260726081142_11-15-H1-H2-101-102-39-73,60,73,0,8,T431,AA5945,0,47
2026-07-26T12:02:02.575Z,cloudflare_catchup,cloudflare_catchup_20260726081142_11-15-H1-H2-101-102-39-73,60,73,0,13,M50,AB6613,0,9
2026-07-26T12:02:02.575Z,cloudflare_catchup,cloudflare_catchup_20260726081142_11-15-H1-H2-101-102-39-73,60,73,0,15,T430,AB6136,0,47
2026-07-26T12:02:02.575Z,cloudflare_catchup,cloudflare_catchup_20260726081142_11-15-H1-H2-101-102-39-73,60,73,0,25,T550/4,AB6049,1,0
2026-07-26T12:03:01.872Z,cloudflare_catchup,cloudflare_catchup_20260726081142_11-15-H1-H2-101-102-39-73,60,73,0,1,T556,AB6393,0,46
2026-07-26T12:03:01.872Z,cloudflare_catchup,cloudflare_catchup_20260726081142_11-15-H1-H2-101-102-39-73,60,73,0,9,M172/16,AA5945,1,34
2026-07-26T12:03:01.872Z,cloudflare_catchup,cloudflare_catchup_20260726081142_11-15-H1-H2-101-102-39-73,60,73,0,13,M50,AB6613,0,2
2026-07-26T12:03:01.872Z,cloudflare_catchup,cloudflare_catchup_20260726081142_11-15-H1-H2-101-102-39-73,60,73,0,15,T430,AB6136,0,32
2026-07-26T12:03:01.872Z,cloudflare_catchup,cloudflare_catchup_20260726081142_11-15-H1-H2-101-102-39-73,60,73,0,25,T550/4,AB6049,1,0
2026-07-26T12:04:02.757Z,cloudflare_catchup,cloudflare_catchup_20260726081142_11-15-H1-H2-101-102-39-73,60,73,0,3,T558,AB6393,1,26
2026-07-26T12:04:02.757Z,cloudflare_catchup,cloudflare_catchup_20260726081142_11-15-H1-H2-101-102-39-73,60,73,0,9,M172/16,AA5945,1,12
2026-07-26T12:04:02.757Z,cloudflare_catchup,cloudflare_catchup_20260726081142_11-15-H1-H2-101-102-39-73,60,73,0,13,M50,AB6613,0,39
2026-07-26T12:04:02.757Z,cloudflare_catchup,cloudflare_catchup_20260726081142_11-15-H1-H2-101-102-39-73,60,73,0,16,T328,AB6136,0,46
2026-07-26T12:05:03.405Z,cloudflare_catchup,cloudflare_catchup_20260726081142_11-15-H1-H2-101-102-39-73,60,73,0,3,T558,AB6393,0,40
2026-07-26T12:05:03.405Z,cloudflare_catchup,cloudflare_catchup_20260726081142_11-15-H1-H2-101-102-39-73,60,73,0,9,M172/16,AA5945,0,49
2026-07-26T12:05:03.405Z,cloudflare_catchup,cloudflare_catchup_20260726081142_11-15-H1-H2-101-102-39-73,60,73,0,13,M50,AB6613,0,48
2026-07-26T12:05:03.405Z,cloudflare_catchup,cloudflare_catchup_20260726081142_11-15-H1-H2-101-102-39-73,60,73,0,16,T328,AB6136,0,28
2026-07-26T12:06:02.791Z,cloudflare_catchup,cloudflare_catchup_20260726081142_11-15-H1-H2-101-102-39-73,60,73,0,3,T558,AB6393,0,30
2026-07-26T12:06:02.791Z,cloudflare_catchup,cloudflare_catchup_20260726081142_11-15-H1-H2-101-102-39-73,60,73,0,9,M172/16,AA5945,0,45
2026-07-26T12:06:02.791Z,cloudflare_catchup,cloudflare_catchup_20260726081142_11-15-H1-H2-101-102-39-73,60,73,0,13,M50,AB6613,0,20
2026-07-26T12:06:02.791Z,cloudflare_catchup,cloudflare_catchup_20260726081142_11-15-H1-H2-101-102-39-73,60,73,0,17,T420,AB6136,1,4
2026-07-26T12:07:01.772Z,cloudflare_catchup,cloudflare_catchup_20260726081142_11-15-H1-H2-101-102-39-73,60,73,0,4,T551/1,AB6393,1,35
2026-07-26T12:07:01.772Z,cloudflare_catchup,cloudflare_catchup_20260726081142_11-15-H1-H2-101-102-39-73,60,73,0,9,M172/16,AA5945,0,38
2026-07-26T12:07:01.772Z,cloudflare_catchup,cloudflare_catchup_20260726081142_11-15-H1-H2-101-102-39-73,60,73,0,13,M50,AB6613,0,29
2026-07-26T12:07:01.772Z,cloudflare_catchup,cloudflare_catchup_20260726081142_11-15-H1-H2-101-102-39-73,60,73,0,18,T422,AB6136,0,19
2026-07-26T12:08:02.349Z,cloudflare_catchup,cloudflare_catchup_20260726081142_11-15-H1-H2-101-102-39-73,60,73,0,4,T551/1,AB6393,0,39
2026-07-26T12:08:02.349Z,cloudflare_catchup,cloudflare_catchup_20260726081142_11-15-H1-H2-101-102-39-73,60,73,0,9,M172/16,AA5945,0,44
2026-07-26T12:08:02.349Z,cloudflare_catchup,cloudflare_catchup_20260726081142_11-15-H1-H2-101-102-39-73,60,73,0,14,M172/7,AB6613,1,16
2026-07-26T12:08:02.349Z,cloudflare_catchup,cloudflare_catchup_20260726081142_11-15-H1-H2-101-102-39-73,60,73,0,18,T422,AB6136,0,32
2026-07-26T12:09:01.943Z,cloudflare_catchup,cloudflare_catchup_20260726081142_11-15-H1-H2-101-102-39-73,60,73,0,4,T551/1,AB6393,0,50
2026-07-26T12:09:01.943Z,cloudflare_catchup,cloudflare_catchup_20260726081142_11-15-H1-H2-101-102-39-73,60,73,0,9,M172/16,AA5945,0,26
2026-07-26T12:09:01.943Z,cloudflare_catchup,cloudflare_catchup_20260726081142_11-15-H1-H2-101-102-39-73,60,73,0,14,M172/7,AB6613,0,9
2026-07-26T12:09:01.943Z,cloudflare_catchup,cloudflare_catchup_20260726081142_11-15-H1-H2-101-102-39-73,60,73,0,19,T424,AB6136,0,46
2026-07-26T12:10:02.604Z,cloudflare_catchup,cloudflare_catchup_20260726081142_11-15-H1-H2-101-102-39-73,60,73,0,4,T551/1,AB6393,0,43
2026-07-26T12:10:02.604Z,cloudflare_catchup,cloudflare_catchup_20260726081142_11-15-H1-H2-101-102-39-73,60,73,0,9,M172/16,AA5945,0,29
2026-07-26T12:10:02.604Z,cloudflare_catchup,cloudflare_catchup_20260726081142_11-15-H1-H2-101-102-39-73,60,73,0,14,M172/7,AB6613,0,37
2026-07-26T12:10:02.604Z,cloudflare_catchup,cloudflare_catchup_20260726081142_11-15-H1-H2-101-102-39-73,60,73,0,19,T424,AB6136,0,48
2026-07-26T12:11:02.193Z,cloudflare_catchup,cloudflare_catchup_20260726081142_11-15-H1-H2-101-102-39-73,60,73,0,5,T425,AB6393,0,46
2026-07-26T12:11:02.193Z,cloudflare_catchup,cloudflare_catchup_20260726081142_11-15-H1-H2-101-102-39-73,60,73,0,9,M172/16,AA5945,0,9
2026-07-26T12:11:02.193Z,cloudflare_catchup,cloudflare_catchup_20260726081142_11-15-H1-H2-101-102-39-73,60,73,0,14,M172/7,AB6613,0,45
2026-07-26T12:11:02.193Z,cloudflare_catchup,cloudflare_catchup_20260726081142_11-15-H1-H2-101-102-39-73,60,73,0,19,T424,AB6136,0,46
2026-07-26T12:12:02.577Z,cloudflare_catchup,cloudflare_catchup_20260726081142_11-15-H1-H2-101-102-39-73,60,73,0,6,T423,AB6393,0,38
2026-07-26T12:12:02.577Z,cloudflare_catchup,cloudflare_catchup_20260726081142_11-15-H1-H2-101-102-39-73,60,73,0,9,M172/16,AA5945,0,35
2026-07-26T12:12:02.577Z,cloudflare_catchup,cloudflare_catchup_20260726081142_11-15-H1-H2-101-102-39-73,60,73,0,14,M172/7,AB6613,0,48
2026-07-26T12:12:02.577Z,cloudflare_catchup,cloudflare_catchup_20260726081142_11-15-H1-H2-101-102-39-73,60,73,0,20,T559,AB6136,1,35
2026-07-26T12:13:01.806Z,cloudflare_catchup,cloudflare_catchup_20260726081142_11-15-H1-H2-101-102-39-73,60,73,0,7,T421,AB6393,0,31
2026-07-26T12:13:01.806Z,cloudflare_catchup,cloudflare_catchup_20260726081142_11-15-H1-H2-101-102-39-73,60,73,0,10,M247,AA5945,1,3
2026-07-26T12:13:01.806Z,cloudflare_catchup,cloudflare_catchup_20260726081142_11-15-H1-H2-101-102-39-73,60,73,0,14,M172/7,AB6613,0,47
2026-07-26T12:13:01.806Z,cloudflare_catchup,cloudflare_catchup_20260726081142_11-15-H1-H2-101-102-39-73,60,73,0,21,T552,AB6136,1,41
2026-07-26T12:14:02.452Z,cloudflare_catchup,cloudflare_catchup_20260726081142_11-15-H1-H2-101-102-39-73,60,73,0,7,T421,AB6393,0,37
2026-07-26T12:14:02.452Z,cloudflare_catchup,cloudflare_catchup_20260726081142_11-15-H1-H2-101-102-39-73,60,73,0,11,M231,AA5945,0,19
2026-07-26T12:14:02.452Z,cloudflare_catchup,cloudflare_catchup_20260726081142_11-15-H1-H2-101-102-39-73,60,73,0,14,M172/7,AB6613,0,33
2026-07-26T12:14:02.452Z,cloudflare_catchup,cloudflare_catchup_20260726081142_11-15-H1-H2-101-102-39-73,60,73,0,22,T553,AB6136,0,21
2026-07-26T12:15:03.137Z,cloudflare_catchup,cloudflare_catchup_20260726081142_11-15-H1-H2-101-102-39-73,60,73,0,7,T421,AB6393,0,45
2026-07-26T12:15:03.137Z,cloudflare_catchup,cloudflare_catchup_20260726081142_11-15-H1-H2-101-102-39-73,60,73,0,12,M219,AA5945,1,31
2026-07-26T12:15:03.137Z,cloudflare_catchup,cloudflare_catchup_20260726081142_11-15-H1-H2-101-102-39-73,60,73,0,15,T430,AB6613,0,45
2026-07-26T12:15:03.137Z,cloudflare_catchup,cloudflare_catchup_20260726081142_11-15-H1-H2-101-102-39-73,60,73,0,23,T554,AB6136,0,27
2026-07-26T12:16:02.460Z,cloudflare_catchup,cloudflare_catchup_20260726081142_11-15-H1-H2-101-102-39-73,60,73,0,7,T421,AB6393,0,35
2026-07-26T12:16:02.460Z,cloudflare_catchup,cloudflare_catchup_20260726081142_11-15-H1-H2-101-102-39-73,60,73,0,12,M219,AA5945,0,25
2026-07-26T12:16:02.460Z,cloudflare_catchup,cloudflare_catchup_20260726081142_11-15-H1-H2-101-102-39-73,60,73,0,16,T328,AB6613,1,43
2026-07-26T12:16:02.460Z,cloudflare_catchup,cloudflare_catchup_20260726081142_11-15-H1-H2-101-102-39-73,60,73,0,24,T555/2,AB6136,0,44
2026-07-26T12:17:01.793Z,cloudflare_catchup,cloudflare_catchup_20260726081142_11-15-H1-H2-101-102-39-73,60,73,0,0,T550/4,AA2654,1,8
2026-07-26T12:17:01.793Z,cloudflare_catchup,cloudflare_catchup_20260726081142_11-15-H1-H2-101-102-39-73,60,73,0,8,T431,AB6393,0,43
2026-07-26T12:17:01.793Z,cloudflare_catchup,cloudflare_catchup_20260726081142_11-15-H1-H2-101-102-39-73,60,73,0,13,M50,AA5945,1,14
2026-07-26T12:17:01.793Z,cloudflare_catchup,cloudflare_catchup_20260726081142_11-15-H1-H2-101-102-39-73,60,73,0,16,T328,AB6613,0,46
2026-07-26T12:17:01.793Z,cloudflare_catchup,cloudflare_catchup_20260726081142_11-15-H1-H2-101-102-39-73,60,73,0,25,T550/4,AB6136,1,0
2026-07-26T12:18:02.556Z,cloudflare_catchup,cloudflare_catchup_20260726081142_11-15-H1-H2-101-102-39-73,60,73,0,0,T550/4,AA2654,0,19
2026-07-26T12:18:02.556Z,cloudflare_catchup,cloudflare_catchup_20260726081142_11-15-H1-H2-101-102-39-73,60,73,0,8,T431,AB6393,0,47
2026-07-26T12:18:02.556Z,cloudflare_catchup,cloudflare_catchup_20260726081142_11-15-H1-H2-101-102-39-73,60,73,0,13,M50,AA5945,0,6
2026-07-26T12:18:02.556Z,cloudflare_catchup,cloudflare_catchup_20260726081142_11-15-H1-H2-101-102-39-73,60,73,0,16,T328,AB6613,0,22
2026-07-26T12:18:02.556Z,cloudflare_catchup,cloudflare_catchup_20260726081142_11-15-H1-H2-101-102-39-73,60,73,0,25,T550/4,AB6136,1,0
2026-07-26T12:19:01.908Z,cloudflare_catchup,cloudflare_catchup_20260726081142_11-15-H1-H2-101-102-39-73,60,73,0,1,T556,AA2654,0,37
2026-07-26T12:19:01.908Z,cloudflare_catchup,cloudflare_catchup_20260726081142_11-15-H1-H2-101-102-39-73,60,73,0,8,T431,AB6393,0,44
2026-07-26T12:19:01.908Z,cloudflare_catchup,cloudflare_catchup_20260726081142_11-15-H1-H2-101-102-39-73,60,73,0,13,M50,AA5945,0,49
2026-07-26T12:19:01.908Z,cloudflare_catchup,cloudflare_catchup_20260726081142_11-15-H1-H2-101-102-39-73,60,73,0,17,T420,AB6613,0,48
2026-07-26T12:19:01.908Z,cloudflare_catchup,cloudflare_catchup_20260726081142_11-15-H1-H2-101-102-39-73,60,73,0,25,T550/4,AB6136,1,0
2026-07-26T12:20:02.576Z,cloudflare_catchup,cloudflare_catchup_20260726081142_11-15-H1-H2-101-102-39-73,60,73,0,2,T557,AA2654,1,36
2026-07-26T12:20:02.576Z,cloudflare_catchup,cloudflare_catchup_20260726081142_11-15-H1-H2-101-102-39-73,60,73,0,8,T431,AB6393,0,46
2026-07-26T12:20:02.576Z,cloudflare_catchup,cloudflare_catchup_20260726081142_11-15-H1-H2-101-102-39-73,60,73,0,13,M50,AA5945,0,3
2026-07-26T12:20:02.576Z,cloudflare_catchup,cloudflare_catchup_20260726081142_11-15-H1-H2-101-102-39-73,60,73,0,18,T422,AB6613,0,6
2026-07-26T12:20:02.576Z,cloudflare_catchup,cloudflare_catchup_20260726081142_11-15-H1-H2-101-102-39-73,60,73,0,25,T550/4,AB6136,1,0
2026-07-26T12:21:01.728Z,cloudflare_catchup,cloudflare_catchup_20260726081142_11-15-H1-H2-101-102-39-73,60,73,0,3,T558,AA2654,1,46
2026-07-26T12:21:01.728Z,cloudflare_catchup,cloudflare_catchup_20260726081142_11-15-H1-H2-101-102-39-73,60,73,0,9,M172/16,AB6393,1,36
2026-07-26T12:21:01.728Z,cloudflare_catchup,cloudflare_catchup_20260726081142_11-15-H1-H2-101-102-39-73,60,73,0,13,M50,AA5945,0,38
2026-07-26T12:21:01.728Z,cloudflare_catchup,cloudflare_catchup_20260726081142_11-15-H1-H2-101-102-39-73,60,73,0,19,T424,AB6613,1,44
2026-07-26T12:21:01.728Z,cloudflare_catchup,cloudflare_catchup_20260726081142_11-15-H1-H2-101-102-39-73,60,73,0,25,T550/4,AB6136,1,0
2026-07-26T12:22:02.333Z,cloudflare_catchup,cloudflare_catchup_20260726081142_11-15-H1-H2-101-102-39-73,60,73,0,3,T558,AA2654,0,47
2026-07-26T12:22:02.333Z,cloudflare_catchup,cloudflare_catchup_20260726081142_11-15-H1-H2-101-102-39-73,60,73,0,9,M172/16,AB6393,1,1
2026-07-26T12:22:02.333Z,cloudflare_catchup,cloudflare_catchup_20260726081142_11-15-H1-H2-101-102-39-73,60,73,0,13,M50,AA5945,0,42
2026-07-26T12:22:02.333Z,cloudflare_catchup,cloudflare_catchup_20260726081142_11-15-H1-H2-101-102-39-73,60,73,0,19,T424,AB6613,0,41
2026-07-26T12:23:01.776Z,cloudflare_catchup,cloudflare_catchup_20260726081142_11-15-H1-H2-101-102-39-73,60,73,0,4,T551/1,AA2654,1,34
2026-07-26T12:23:01.776Z,cloudflare_catchup,cloudflare_catchup_20260726081142_11-15-H1-H2-101-102-39-73,60,73,0,9,M172/16,AB6393,0,35
2026-07-26T12:23:01.776Z,cloudflare_catchup,cloudflare_catchup_20260726081142_11-15-H1-H2-101-102-39-73,60,73,0,13,M50,AA5945,0,21
2026-07-26T12:23:01.776Z,cloudflare_catchup,cloudflare_catchup_20260726081142_11-15-H1-H2-101-102-39-73,60,73,0,19,T424,AB6613,0,46
2026-07-26T12:24:02.601Z,cloudflare_catchup,cloudflare_catchup_20260726081142_11-15-H1-H2-101-102-39-73,60,73,0,4,T551/1,AA2654,0,46
2026-07-26T12:24:02.601Z,cloudflare_catchup,cloudflare_catchup_20260726081142_11-15-H1-H2-101-102-39-73,60,73,0,9,M172/16,AB6393,0,46
2026-07-26T12:24:02.601Z,cloudflare_catchup,cloudflare_catchup_20260726081142_11-15-H1-H2-101-102-39-73,60,73,0,13,M50,AA5945,0,43
2026-07-26T12:24:02.601Z,cloudflare_catchup,cloudflare_catchup_20260726081142_11-15-H1-H2-101-102-39-73,60,73,0,19,T424,AB6613,0,48
2026-07-26T12:25:03.401Z,cloudflare_catchup,cloudflare_catchup_20260726081142_11-15-H1-H2-101-102-39-73,60,73,0,4,T551/1,AA2654,0,50
2026-07-26T12:25:03.401Z,cloudflare_catchup,cloudflare_catchup_20260726081142_11-15-H1-H2-101-102-39-73,60,73,0,9,M172/16,AB6393,0,48
2026-07-26T12:25:03.401Z,cloudflare_catchup,cloudflare_catchup_20260726081142_11-15-H1-H2-101-102-39-73,60,73,0,14,M172/7,AA5945,0,39
2026-07-26T12:25:03.401Z,cloudflare_catchup,cloudflare_catchup_20260726081142_11-15-H1-H2-101-102-39-73,60,73,0,20,T559,AB6613,0,40
2026-07-26T12:26:02.541Z,cloudflare_catchup,cloudflare_catchup_20260726081142_11-15-H1-H2-101-102-39-73,60,73,0,4,T551/1,AA2654,0,50
2026-07-26T12:26:02.541Z,cloudflare_catchup,cloudflare_catchup_20260726081142_11-15-H1-H2-101-102-39-73,60,73,0,9,M172/16,AB6393,0,39
2026-07-26T12:26:02.541Z,cloudflare_catchup,cloudflare_catchup_20260726081142_11-15-H1-H2-101-102-39-73,60,73,0,14,M172/7,AA5945,0,25
2026-07-26T12:26:02.541Z,cloudflare_catchup,cloudflare_catchup_20260726081142_11-15-H1-H2-101-102-39-73,60,73,0,22,T553,AB6613,0,39
2026-07-26T12:27:01.849Z,cloudflare_catchup,cloudflare_catchup_20260726081142_11-15-H1-H2-101-102-39-73,60,73,0,6,T423,AA2654,1,46
2026-07-26T12:27:01.849Z,cloudflare_catchup,cloudflare_catchup_20260726081142_11-15-H1-H2-101-102-39-73,60,73,0,9,M172/16,AB6393,0,27
2026-07-26T12:27:01.849Z,cloudflare_catchup,cloudflare_catchup_20260726081142_11-15-H1-H2-101-102-39-73,60,73,0,14,M172/7,AA5945,0,45
2026-07-26T12:27:01.849Z,cloudflare_catchup,cloudflare_catchup_20260726081142_11-15-H1-H2-101-102-39-73,60,73,0,23,T554,AB6613,1,35
2026-07-26T12:28:02.513Z,cloudflare_catchup,cloudflare_catchup_20260726081142_11-15-H1-H2-101-102-39-73,60,73,0,7,T421,AA2654,1,39
2026-07-26T12:28:02.513Z,cloudflare_catchup,cloudflare_catchup_20260726081142_11-15-H1-H2-101-102-39-73,60,73,0,9,M172/16,AB6393,0,47
2026-07-26T12:28:02.513Z,cloudflare_catchup,cloudflare_catchup_20260726081142_11-15-H1-H2-101-102-39-73,60,73,0,14,M172/7,AA5945,0,44
2026-07-26T12:28:02.513Z,cloudflare_catchup,cloudflare_catchup_20260726081142_11-15-H1-H2-101-102-39-73,60,73,0,23,T554,AB6613,0,38
2026-07-26T12:29:01.731Z,cloudflare_catchup,cloudflare_catchup_20260726081142_11-15-H1-H2-101-102-39-73,60,73,0,7,T421,AA2654,0,37
2026-07-26T12:29:01.731Z,cloudflare_catchup,cloudflare_catchup_20260726081142_11-15-H1-H2-101-102-39-73,60,73,0,10,M247,AB6393,1,21
2026-07-26T12:29:01.731Z,cloudflare_catchup,cloudflare_catchup_20260726081142_11-15-H1-H2-101-102-39-73,60,73,0,14,M172/7,AA5945,0,48
2026-07-26T12:29:01.731Z,cloudflare_catchup,cloudflare_catchup_20260726081142_11-15-H1-H2-101-102-39-73,60,73,0,24,T555/2,AB6613,0,41
2026-07-26T12:30:02.586Z,cloudflare_catchup,cloudflare_catchup_20260726081142_11-15-H1-H2-101-102-39-73,60,73,0,7,T421,AA2654,0,47
2026-07-26T12:30:02.586Z,cloudflare_catchup,cloudflare_catchup_20260726081142_11-15-H1-H2-101-102-39-73,60,73,0,11,M231,AB6393,1,13
2026-07-26T12:30:02.586Z,cloudflare_catchup,cloudflare_catchup_20260726081142_11-15-H1-H2-101-102-39-73,60,73,0,14,M172/7,AA5945,0,25
2026-07-26T12:30:02.586Z,cloudflare_catchup,cloudflare_catchup_20260726081142_11-15-H1-H2-101-102-39-73,60,73,0,25,T550/4,AB6613,1,0
2026-07-26T12:31:01.891Z,cloudflare_catchup,cloudflare_catchup_20260726081142_11-15-H1-H2-101-102-39-73,60,73,0,7,T421,AA2654,0,46
2026-07-26T12:31:01.891Z,cloudflare_catchup,cloudflare_catchup_20260726081142_11-15-H1-H2-101-102-39-73,60,73,0,11,M231,AB6393,0,9
2026-07-26T12:31:01.891Z,cloudflare_catchup,cloudflare_catchup_20260726081142_11-15-H1-H2-101-102-39-73,60,73,0,15,T430,AA5945,1,49
2026-07-26T12:31:01.891Z,cloudflare_catchup,cloudflare_catchup_20260726081142_11-15-H1-H2-101-102-39-73,60,73,0,25,T550/4,AB6613,1,0
2026-07-26T12:32:02.464Z,cloudflare_catchup,cloudflare_catchup_20260726081142_11-15-H1-H2-101-102-39-73,60,73,0,8,T431,AA2654,0,48
2026-07-26T12:32:02.464Z,cloudflare_catchup,cloudflare_catchup_20260726081142_11-15-H1-H2-101-102-39-73,60,73,0,11,M231,AB6393,0,9
2026-07-26T12:32:02.464Z,cloudflare_catchup,cloudflare_catchup_20260726081142_11-15-H1-H2-101-102-39-73,60,73,0,15,T430,AA5945,0,49
2026-07-26T12:32:02.464Z,cloudflare_catchup,cloudflare_catchup_20260726081142_11-15-H1-H2-101-102-39-73,60,73,0,25,T550/4,AB6613,1,0
2026-07-26T12:33:01.824Z,cloudflare_catchup,cloudflare_catchup_20260726081142_11-15-H1-H2-101-102-39-73,60,73,0,8,T431,AA2654,0,38
2026-07-26T12:33:01.824Z,cloudflare_catchup,cloudflare_catchup_20260726081142_11-15-H1-H2-101-102-39-73,60,73,0,12,M219,AB6393,1,42
2026-07-26T12:33:01.824Z,cloudflare_catchup,cloudflare_catchup_20260726081142_11-15-H1-H2-101-102-39-73,60,73,0,15,T430,AA5945,0,34
2026-07-26T12:33:01.824Z,cloudflare_catchup,cloudflare_catchup_20260726081142_11-15-H1-H2-101-102-39-73,60,73,0,25,T550/4,AB6613,1,0
2026-07-26T12:34:02.524Z,cloudflare_catchup,cloudflare_catchup_20260726081142_11-15-H1-H2-101-102-39-73,60,73,0,8,T431,AA2654,0,48
2026-07-26T12:34:02.524Z,cloudflare_catchup,cloudflare_catchup_20260726081142_11-15-H1-H2-101-102-39-73,60,73,0,12,M219,AB6393,0,30
2026-07-26T12:34:02.524Z,cloudflare_catchup,cloudflare_catchup_20260726081142_11-15-H1-H2-101-102-39-73,60,73,0,16,T328,AA5945,0,45
2026-07-26T12:34:02.524Z,cloudflare_catchup,cloudflare_catchup_20260726081142_11-15-H1-H2-101-102-39-73,60,73,0,25,T550/4,AB6613,1,0
2026-07-26T12:35:03.580Z,cloudflare_catchup,cloudflare_catchup_20260726081142_11-15-H1-H2-101-102-39-73,60,73,0,0,T550/4,AA7224,1,2
2026-07-26T12:35:03.580Z,cloudflare_catchup,cloudflare_catchup_20260726081142_11-15-H1-H2-101-102-39-73,60,73,0,8,T431,AA2654,0,44
2026-07-26T12:35:03.580Z,cloudflare_catchup,cloudflare_catchup_20260726081142_11-15-H1-H2-101-102-39-73,60,73,0,13,M50,AB6393,0,34
2026-07-26T12:35:03.580Z,cloudflare_catchup,cloudflare_catchup_20260726081142_11-15-H1-H2-101-102-39-73,60,73,0,16,T328,AA5945,0,22
2026-07-26T12:36:02.575Z,cloudflare_catchup,cloudflare_catchup_20260726081142_11-15-H1-H2-101-102-39-73,60,73,0,1,T556,AA7224,1,8
2026-07-26T12:36:02.575Z,cloudflare_catchup,cloudflare_catchup_20260726081142_11-15-H1-H2-101-102-39-73,60,73,0,8,T431,AA2654,0,46
2026-07-26T12:36:02.575Z,cloudflare_catchup,cloudflare_catchup_20260726081142_11-15-H1-H2-101-102-39-73,60,73,0,13,M50,AB6393,0,44
2026-07-26T12:36:02.575Z,cloudflare_catchup,cloudflare_catchup_20260726081142_11-15-H1-H2-101-102-39-73,60,73,0,17,T420,AA5945,1,14
2026-07-26T12:37:02.289Z,cloudflare_catchup,cloudflare_catchup_20260726081142_11-15-H1-H2-101-102-39-73,60,73,0,1,T556,AA7224,0,36
2026-07-26T12:37:02.289Z,cloudflare_catchup,cloudflare_catchup_20260726081142_11-15-H1-H2-101-102-39-73,60,73,0,9,M172/16,AA2654,0,35
2026-07-26T12:37:02.289Z,cloudflare_catchup,cloudflare_catchup_20260726081142_11-15-H1-H2-101-102-39-73,60,73,0,13,M50,AB6393,0,11
2026-07-26T12:37:02.289Z,cloudflare_catchup,cloudflare_catchup_20260726081142_11-15-H1-H2-101-102-39-73,60,73,0,18,T422,AA5945,0,30
2026-07-26T12:38:02.406Z,cloudflare_catchup,cloudflare_catchup_20260726081142_11-15-H1-H2-101-102-39-73,60,73,0,2,T557,AA7224,0,42
2026-07-26T12:38:02.406Z,cloudflare_catchup,cloudflare_catchup_20260726081142_11-15-H1-H2-101-102-39-73,60,73,0,9,M172/16,AA2654,0,26
2026-07-26T12:38:02.406Z,cloudflare_catchup,cloudflare_catchup_20260726081142_11-15-H1-H2-101-102-39-73,60,73,0,13,M50,AB6393,0,49
2026-07-26T12:38:02.406Z,cloudflare_catchup,cloudflare_catchup_20260726081142_11-15-H1-H2-101-102-39-73,60,73,0,19,T424,AA5945,0,47
2026-07-26T12:39:01.727Z,cloudflare_catchup,cloudflare_catchup_20260726081142_11-15-H1-H2-101-102-39-73,60,73,0,3,T558,AA7224,0,48
2026-07-26T12:39:01.727Z,cloudflare_catchup,cloudflare_catchup_20260726081142_11-15-H1-H2-101-102-39-73,60,73,0,9,M172/16,AA2654,0,45
2026-07-26T12:39:01.727Z,cloudflare_catchup,cloudflare_catchup_20260726081142_11-15-H1-H2-101-102-39-73,60,73,0,13,M50,AB6393,0,48
2026-07-26T12:39:01.727Z,cloudflare_catchup,cloudflare_catchup_20260726081142_11-15-H1-H2-101-102-39-73,60,73,0,19,T424,AA5945,0,45
2026-07-26T12:40:03.525Z,cloudflare_catchup,cloudflare_catchup_20260726081142_11-15-H1-H2-101-102-39-73,60,73,0,4,T551/1,AA7224,1,32
2026-07-26T12:40:03.525Z,cloudflare_catchup,cloudflare_catchup_20260726081142_11-15-H1-H2-101-102-39-73,60,73,0,9,M172/16,AA2654,0,46
2026-07-26T12:40:03.525Z,cloudflare_catchup,cloudflare_catchup_20260726081142_11-15-H1-H2-101-102-39-73,60,73,0,13,M50,AB6393,0,29
2026-07-26T12:40:03.525Z,cloudflare_catchup,cloudflare_catchup_20260726081142_11-15-H1-H2-101-102-39-73,60,73,0,19,T424,AA5945,0,45
2026-07-26T12:41:02.070Z,cloudflare_catchup,cloudflare_catchup_20260726081142_11-15-H1-H2-101-102-39-73,60,73,0,4,T551/1,AA7224,0,43
2026-07-26T12:41:02.070Z,cloudflare_catchup,cloudflare_catchup_20260726081142_11-15-H1-H2-101-102-39-73,60,73,0,9,M172/16,AA2654,0,49
2026-07-26T12:41:02.070Z,cloudflare_catchup,cloudflare_catchup_20260726081142_11-15-H1-H2-101-102-39-73,60,73,0,13,M50,AB6393,0,8
2026-07-26T12:41:02.070Z,cloudflare_catchup,cloudflare_catchup_20260726081142_11-15-H1-H2-101-102-39-73,60,73,0,20,T559,AA5945,1,18
2026-07-26T12:42:02.513Z,cloudflare_catchup,cloudflare_catchup_20260726081142_11-15-H1-H2-101-102-39-73,60,73,0,4,T551/1,AA7224,0,47
2026-07-26T12:42:02.513Z,cloudflare_catchup,cloudflare_catchup_20260726081142_11-15-H1-H2-101-102-39-73,60,73,0,9,M172/16,AA2654,0,1
2026-07-26T12:42:02.513Z,cloudflare_catchup,cloudflare_catchup_20260726081142_11-15-H1-H2-101-102-39-73,60,73,0,14,M172/7,AB6393,0,19
2026-07-26T12:42:02.513Z,cloudflare_catchup,cloudflare_catchup_20260726081142_11-15-H1-H2-101-102-39-73,60,73,0,21,T552,AA5945,0,48
2026-07-26T12:43:01.889Z,cloudflare_catchup,cloudflare_catchup_20260726081142_11-15-H1-H2-101-102-39-73,60,73,0,4,T551/1,AA7224,0,47
2026-07-26T12:43:01.889Z,cloudflare_catchup,cloudflare_catchup_20260726081142_11-15-H1-H2-101-102-39-73,60,73,0,9,M172/16,AA2654,0,5
2026-07-26T12:43:01.889Z,cloudflare_catchup,cloudflare_catchup_20260726081142_11-15-H1-H2-101-102-39-73,60,73,0,14,M172/7,AB6393,0,23
2026-07-26T12:43:01.889Z,cloudflare_catchup,cloudflare_catchup_20260726081142_11-15-H1-H2-101-102-39-73,60,73,0,23,T554,AA5945,0,2
2026-07-26T12:44:02.471Z,cloudflare_catchup,cloudflare_catchup_20260726081142_11-15-H1-H2-101-102-39-73,60,73,0,5,T425,AA7224,0,45
2026-07-26T12:44:02.471Z,cloudflare_catchup,cloudflare_catchup_20260726081142_11-15-H1-H2-101-102-39-73,60,73,0,9,M172/16,AA2654,0,14
2026-07-26T12:44:02.471Z,cloudflare_catchup,cloudflare_catchup_20260726081142_11-15-H1-H2-101-102-39-73,60,73,0,14,M172/7,AB6393,0,47
2026-07-26T12:44:02.471Z,cloudflare_catchup,cloudflare_catchup_20260726081142_11-15-H1-H2-101-102-39-73,60,73,0,23,T554,AA5945,0,47
2026-07-26T12:45:03.236Z,cloudflare_catchup,cloudflare_catchup_20260726081142_11-15-H1-H2-101-102-39-73,60,73,0,6,T423,AA7224,0,40
2026-07-26T12:45:03.236Z,cloudflare_catchup,cloudflare_catchup_20260726081142_11-15-H1-H2-101-102-39-73,60,73,0,10,M247,AA2654,1,31
2026-07-26T12:45:03.236Z,cloudflare_catchup,cloudflare_catchup_20260726081142_11-15-H1-H2-101-102-39-73,60,73,0,14,M172/7,AB6393,0,46
2026-07-26T12:45:03.236Z,cloudflare_catchup,cloudflare_catchup_20260726081142_11-15-H1-H2-101-102-39-73,60,73,0,24,T555/2,AA5945,0,46
2026-07-26T12:46:02.360Z,cloudflare_catchup,cloudflare_catchup_20260726081142_11-15-H1-H2-101-102-39-73,60,73,0,7,T421,AA7224,0,20
2026-07-26T12:46:02.360Z,cloudflare_catchup,cloudflare_catchup_20260726081142_11-15-H1-H2-101-102-39-73,60,73,0,11,M231,AA2654,1,23
2026-07-26T12:46:02.360Z,cloudflare_catchup,cloudflare_catchup_20260726081142_11-15-H1-H2-101-102-39-73,60,73,0,14,M172/7,AB6393,0,48
2026-07-26T12:46:02.360Z,cloudflare_catchup,cloudflare_catchup_20260726081142_11-15-H1-H2-101-102-39-73,60,73,0,25,T550/4,AA5945,1,0
2026-07-26T12:47:02.336Z,cloudflare_catchup,cloudflare_catchup_20260726081142_11-15-H1-H2-101-102-39-73,60,73,0,7,T421,AA7224,0,45
2026-07-26T12:47:02.336Z,cloudflare_catchup,cloudflare_catchup_20260726081142_11-15-H1-H2-101-102-39-73,60,73,0,11,M231,AA2654,0,23
2026-07-26T12:47:02.336Z,cloudflare_catchup,cloudflare_catchup_20260726081142_11-15-H1-H2-101-102-39-73,60,73,0,14,M172/7,AB6393,0,34
2026-07-26T12:47:02.336Z,cloudflare_catchup,cloudflare_catchup_20260726081142_11-15-H1-H2-101-102-39-73,60,73,0,25,T550/4,AA5945,1,0
2026-07-26T12:48:02.498Z,cloudflare_catchup,cloudflare_catchup_20260726081142_11-15-H1-H2-101-102-39-73,60,73,0,7,T421,AA7224,0,47
2026-07-26T12:48:02.498Z,cloudflare_catchup,cloudflare_catchup_20260726081142_11-15-H1-H2-101-102-39-73,60,73,0,12,M219,AA2654,0,30
2026-07-26T12:48:02.498Z,cloudflare_catchup,cloudflare_catchup_20260726081142_11-15-H1-H2-101-102-39-73,60,73,0,15,T430,AB6393,1,43
2026-07-26T12:48:02.498Z,cloudflare_catchup,cloudflare_catchup_20260726081142_11-15-H1-H2-101-102-39-73,60,73,0,25,T550/4,AA5945,1,0
2026-07-26T12:49:02.275Z,cloudflare_catchup,cloudflare_catchup_20260726081142_11-15-H1-H2-101-102-39-73,60,73,0,8,T431,AA7224,1,29
2026-07-26T12:49:02.275Z,cloudflare_catchup,cloudflare_catchup_20260726081142_11-15-H1-H2-101-102-39-73,60,73,0,12,M219,AA2654,0,2
2026-07-26T12:49:02.275Z,cloudflare_catchup,cloudflare_catchup_20260726081142_11-15-H1-H2-101-102-39-73,60,73,0,15,T430,AB6393,0,41
2026-07-26T12:49:02.275Z,cloudflare_catchup,cloudflare_catchup_20260726081142_11-15-H1-H2-101-102-39-73,60,73,0,25,T550/4,AA5945,1,0
2026-07-26T12:50:03.034Z,cloudflare_catchup,cloudflare_catchup_20260726081142_11-15-H1-H2-101-102-39-73,60,73,0,8,T431,AA7224,0,42
2026-07-26T12:50:03.034Z,cloudflare_catchup,cloudflare_catchup_20260726081142_11-15-H1-H2-101-102-39-73,60,73,0,13,M50,AA2654,0,36
2026-07-26T12:50:03.034Z,cloudflare_catchup,cloudflare_catchup_20260726081142_11-15-H1-H2-101-102-39-73,60,73,0,16,T328,AB6393,1,38
2026-07-26T12:50:03.034Z,cloudflare_catchup,cloudflare_catchup_20260726081142_11-15-H1-H2-101-102-39-73,60,73,0,25,T550/4,AA5945,1,0
2026-07-26T12:51:01.938Z,cloudflare_catchup,cloudflare_catchup_20260726081142_11-15-H1-H2-101-102-39-73,60,73,0,8,T431,AA7224,0,47
2026-07-26T12:51:01.938Z,cloudflare_catchup,cloudflare_catchup_20260726081142_11-15-H1-H2-101-102-39-73,60,73,0,13,M50,AA2654,0,18
2026-07-26T12:51:01.938Z,cloudflare_catchup,cloudflare_catchup_20260726081142_11-15-H1-H2-101-102-39-73,60,73,0,16,T328,AB6393,0,48
2026-07-26T12:52:02.492Z,cloudflare_catchup,cloudflare_catchup_20260726081142_11-15-H1-H2-101-102-39-73,60,73,0,1,T556,AB6613,1,22
2026-07-26T12:52:02.492Z,cloudflare_catchup,cloudflare_catchup_20260726081142_11-15-H1-H2-101-102-39-73,60,73,0,8,T431,AA7224,0,47
2026-07-26T12:52:02.492Z,cloudflare_catchup,cloudflare_catchup_20260726081142_11-15-H1-H2-101-102-39-73,60,73,0,13,M50,AA2654,0,12
2026-07-26T12:52:02.492Z,cloudflare_catchup,cloudflare_catchup_20260726081142_11-15-H1-H2-101-102-39-73,60,73,0,16,T328,AB6393,0,36
2026-07-26T12:53:02.137Z,cloudflare_catchup,cloudflare_catchup_20260726081142_11-15-H1-H2-101-102-39-73,60,73,0,1,T556,AB6613,0,31
2026-07-26T12:53:02.137Z,cloudflare_catchup,cloudflare_catchup_20260726081142_11-15-H1-H2-101-102-39-73,60,73,0,8,T431,AA7224,0,44
2026-07-26T12:53:02.137Z,cloudflare_catchup,cloudflare_catchup_20260726081142_11-15-H1-H2-101-102-39-73,60,73,0,13,M50,AA2654,0,45
2026-07-26T12:53:02.137Z,cloudflare_catchup,cloudflare_catchup_20260726081142_11-15-H1-H2-101-102-39-73,60,73,0,17,T420,AB6393,0,47
2026-07-26T12:54:02.471Z,cloudflare_catchup,cloudflare_catchup_20260726081142_11-15-H1-H2-101-102-39-73,60,73,0,2,T557,AB6613,1,7
2026-07-26T12:54:02.471Z,cloudflare_catchup,cloudflare_catchup_20260726081142_11-15-H1-H2-101-102-39-73,60,73,0,8,T431,AA7224,0,37
2026-07-26T12:54:02.471Z,cloudflare_catchup,cloudflare_catchup_20260726081142_11-15-H1-H2-101-102-39-73,60,73,0,13,M50,AA2654,0,48
2026-07-26T12:54:02.471Z,cloudflare_catchup,cloudflare_catchup_20260726081142_11-15-H1-H2-101-102-39-73,60,73,0,18,T422,AB6393,0,32
2026-07-26T12:55:03.235Z,cloudflare_catchup,cloudflare_catchup_20260726081142_11-15-H1-H2-101-102-39-73,60,73,0,3,T558,AB6613,1,44
2026-07-26T12:55:03.235Z,cloudflare_catchup,cloudflare_catchup_20260726081142_11-15-H1-H2-101-102-39-73,60,73,0,9,M172/16,AA7224,1,7
2026-07-26T12:55:03.235Z,cloudflare_catchup,cloudflare_catchup_20260726081142_11-15-H1-H2-101-102-39-73,60,73,0,13,M50,AA2654,0,26
2026-07-26T12:55:03.235Z,cloudflare_catchup,cloudflare_catchup_20260726081142_11-15-H1-H2-101-102-39-73,60,73,0,19,T424,AB6393,0,40
2026-07-26T12:56:02.578Z,cloudflare_catchup,cloudflare_catchup_20260726081142_11-15-H1-H2-101-102-39-73,60,73,0,3,T558,AB6613,0,47
2026-07-26T12:56:02.578Z,cloudflare_catchup,cloudflare_catchup_20260726081142_11-15-H1-H2-101-102-39-73,60,73,0,9,M172/16,AA7224,1,7
2026-07-26T12:56:02.578Z,cloudflare_catchup,cloudflare_catchup_20260726081142_11-15-H1-H2-101-102-39-73,60,73,0,13,M50,AA2654,0,33
2026-07-26T12:56:02.578Z,cloudflare_catchup,cloudflare_catchup_20260726081142_11-15-H1-H2-101-102-39-73,60,73,0,19,T424,AB6393,0,46
2026-07-26T12:57:01.805Z,cloudflare_catchup,cloudflare_catchup_20260726081142_11-15-H1-H2-101-102-39-73,60,73,0,4,T551/1,AB6613,1,6
2026-07-26T12:57:01.805Z,cloudflare_catchup,cloudflare_catchup_20260726081142_11-15-H1-H2-101-102-39-73,60,73,0,9,M172/16,AA7224,0,31
2026-07-26T12:57:01.805Z,cloudflare_catchup,cloudflare_catchup_20260726081142_11-15-H1-H2-101-102-39-73,60,73,0,14,M172/7,AA2654,0,15
2026-07-26T12:57:01.805Z,cloudflare_catchup,cloudflare_catchup_20260726081142_11-15-H1-H2-101-102-39-73,60,73,0,19,T424,AB6393,0,47
2026-07-26T12:58:02.469Z,cloudflare_catchup,cloudflare_catchup_20260726081142_11-15-H1-H2-101-102-39-73,60,73,0,4,T551/1,AB6613,0,43
2026-07-26T12:58:02.469Z,cloudflare_catchup,cloudflare_catchup_20260726081142_11-15-H1-H2-101-102-39-73,60,73,0,9,M172/16,AA7224,0,32
2026-07-26T12:58:02.469Z,cloudflare_catchup,cloudflare_catchup_20260726081142_11-15-H1-H2-101-102-39-73,60,73,0,14,M172/7,AA2654,0,44
2026-07-26T12:58:02.469Z,cloudflare_catchup,cloudflare_catchup_20260726081142_11-15-H1-H2-101-102-39-73,60,73,0,21,T552,AB6393,0,20
2026-07-26T12:59:01.766Z,cloudflare_catchup,cloudflare_catchup_20260726081142_11-15-H1-H2-101-102-39-73,60,73,0,4,T551/1,AB6613,0,39
2026-07-26T12:59:01.766Z,cloudflare_catchup,cloudflare_catchup_20260726081142_11-15-H1-H2-101-102-39-73,60,73,0,9,M172/16,AA7224,0,47
2026-07-26T12:59:01.766Z,cloudflare_catchup,cloudflare_catchup_20260726081142_11-15-H1-H2-101-102-39-73,60,73,0,14,M172/7,AA2654,0,48
2026-07-26T12:59:01.766Z,cloudflare_catchup,cloudflare_catchup_20260726081142_11-15-H1-H2-101-102-39-73,60,73,0,21,T552,AB6393,0,40
2026-07-26T13:00:02.451Z,cloudflare_catchup,cloudflare_catchup_20260726081142_11-15-H1-H2-101-102-39-73,60,73,0,4,T551/1,AB6613,0,36
2026-07-26T13:00:02.451Z,cloudflare_catchup,cloudflare_catchup_20260726081142_11-15-H1-H2-101-102-39-73,60,73,0,9,M172/16,AA7224,0,39
2026-07-26T13:00:02.451Z,cloudflare_catchup,cloudflare_catchup_20260726081142_11-15-H1-H2-101-102-39-73,60,73,0,14,M172/7,AA2654,0,48
2026-07-26T13:00:02.451Z,cloudflare_catchup,cloudflare_catchup_20260726081142_11-15-H1-H2-101-102-39-73,60,73,0,22,T553,AB6393,0,31
2026-07-26T13:01:09.586Z,cloudflare_catchup,cloudflare_catchup_20260726081142_11-15-H1-H2-101-102-39-73,60,73,0,6,T423,AB6613,1,20
2026-07-26T13:01:09.586Z,cloudflare_catchup,cloudflare_catchup_20260726081142_11-15-H1-H2-101-102-39-73,60,73,0,9,M172/16,AA7224,0,36
2026-07-26T13:01:09.586Z,cloudflare_catchup,cloudflare_catchup_20260726081142_11-15-H1-H2-101-102-39-73,60,73,0,14,M172/7,AA2654,0,4
2026-07-26T13:01:09.586Z,cloudflare_catchup,cloudflare_catchup_20260726081142_11-15-H1-H2-101-102-39-73,60,73,0,23,T554,AB6393,0,32
2026-07-26T13:03:01.787Z,cloudflare_catchup,cloudflare_catchup_20260726081142_11-15-H1-H2-101-102-39-73,60,73,0,7,T421,AB6613,0,37
2026-07-26T13:03:01.787Z,cloudflare_catchup,cloudflare_catchup_20260726081142_11-15-H1-H2-101-102-39-73,60,73,0,9,M172/16,AA7224,0,13
2026-07-26T13:03:01.787Z,cloudflare_catchup,cloudflare_catchup_20260726081142_11-15-H1-H2-101-102-39-73,60,73,0,15,T430,AA2654,0,45
2026-07-26T13:03:01.787Z,cloudflare_catchup,cloudflare_catchup_20260726081142_11-15-H1-H2-101-102-39-73,60,73,0,24,T555/2,AB6393,0,24
2026-07-26T13:04:02.520Z,cloudflare_catchup,cloudflare_catchup_20260726081142_11-15-H1-H2-101-102-39-73,60,73,0,7,T421,AB6613,0,48
2026-07-26T13:04:02.520Z,cloudflare_catchup,cloudflare_catchup_20260726081142_11-15-H1-H2-101-102-39-73,60,73,0,9,M172/16,AA7224,0,23
2026-07-26T13:04:02.520Z,cloudflare_catchup,cloudflare_catchup_20260726081142_11-15-H1-H2-101-102-39-73,60,73,0,16,T328,AA2654,0,48
2026-07-26T13:04:02.520Z,cloudflare_catchup,cloudflare_catchup_20260726081142_11-15-H1-H2-101-102-39-73,60,73,0,25,T550/4,AB6393,1,0
2026-07-26T13:05:03.344Z,cloudflare_catchup,cloudflare_catchup_20260726081142_11-15-H1-H2-101-102-39-73,60,73,0,7,T421,AB6613,0,43
2026-07-26T13:05:03.344Z,cloudflare_catchup,cloudflare_catchup_20260726081142_11-15-H1-H2-101-102-39-73,60,73,0,11,M231,AA7224,1,25
2026-07-26T13:05:03.344Z,cloudflare_catchup,cloudflare_catchup_20260726081142_11-15-H1-H2-101-102-39-73,60,73,0,16,T328,AA2654,0,25
2026-07-26T13:05:03.344Z,cloudflare_catchup,cloudflare_catchup_20260726081142_11-15-H1-H2-101-102-39-73,60,73,0,25,T550/4,AB6393,1,0
2026-07-26T13:06:02.455Z,cloudflare_catchup,cloudflare_catchup_20260726081142_11-15-H1-H2-101-102-39-73,60,73,0,8,T431,AB6613,0,1
2026-07-26T13:06:02.455Z,cloudflare_catchup,cloudflare_catchup_20260726081142_11-15-H1-H2-101-102-39-73,60,73,0,12,M219,AA7224,1,26
2026-07-26T13:06:02.455Z,cloudflare_catchup,cloudflare_catchup_20260726081142_11-15-H1-H2-101-102-39-73,60,73,0,17,T420,AA2654,0,31
2026-07-26T13:06:02.455Z,cloudflare_catchup,cloudflare_catchup_20260726081142_11-15-H1-H2-101-102-39-73,60,73,0,25,T550/4,AB6393,1,0
2026-07-26T13:07:02.523Z,cloudflare_catchup,cloudflare_catchup_20260726081142_11-15-H1-H2-101-102-39-73,60,73,0,0,T550/4,AA5945,0,15
2026-07-26T13:07:02.523Z,cloudflare_catchup,cloudflare_catchup_20260726081142_11-15-H1-H2-101-102-39-73,60,73,0,8,T431,AB6613,0,38
2026-07-26T13:07:02.523Z,cloudflare_catchup,cloudflare_catchup_20260726081142_11-15-H1-H2-101-102-39-73,60,73,0,12,M219,AA7224,1,31
2026-07-26T13:07:02.523Z,cloudflare_catchup,cloudflare_catchup_20260726081142_11-15-H1-H2-101-102-39-73,60,73,0,18,T422,AA2654,0,1
2026-07-26T13:07:02.523Z,cloudflare_catchup,cloudflare_catchup_20260726081142_11-15-H1-H2-101-102-39-73,60,73,0,25,T550/4,AB6393,1,0
2026-07-26T13:08:02.452Z,cloudflare_catchup,cloudflare_catchup_20260726081142_11-15-H1-H2-101-102-39-73,60,73,0,1,T556,AA5945,1,3
2026-07-26T13:08:02.452Z,cloudflare_catchup,cloudflare_catchup_20260726081142_11-15-H1-H2-101-102-39-73,60,73,0,8,T431,AB6613,0,48
2026-07-26T13:08:02.452Z,cloudflare_catchup,cloudflare_catchup_20260726081142_11-15-H1-H2-101-102-39-73,60,73,0,13,M50,AA7224,1,4
2026-07-26T13:08:02.452Z,cloudflare_catchup,cloudflare_catchup_20260726081142_11-15-H1-H2-101-102-39-73,60,73,0,19,T424,AA2654,0,39
2026-07-26T13:08:02.452Z,cloudflare_catchup,cloudflare_catchup_20260726081142_11-15-H1-H2-101-102-39-73,60,73,0,25,T550/4,AB6393,1,0
2026-07-26T13:09:01.795Z,cloudflare_catchup,cloudflare_catchup_20260726081142_11-15-H1-H2-101-102-39-73,60,73,0,1,T556,AA5945,0,32
2026-07-26T13:09:01.795Z,cloudflare_catchup,cloudflare_catchup_20260726081142_11-15-H1-H2-101-102-39-73,60,73,0,8,T431,AB6613,0,44
2026-07-26T13:09:01.795Z,cloudflare_catchup,cloudflare_catchup_20260726081142_11-15-H1-H2-101-102-39-73,60,73,0,13,M50,AA7224,1,6
2026-07-26T13:09:01.795Z,cloudflare_catchup,cloudflare_catchup_20260726081142_11-15-H1-H2-101-102-39-73,60,73,0,19,T424,AA2654,0,47
2026-07-26T13:10:02.402Z,cloudflare_catchup,cloudflare_catchup_20260726081142_11-15-H1-H2-101-102-39-73,60,73,0,2,T557,AA5945,1,3
2026-07-26T13:10:02.402Z,cloudflare_catchup,cloudflare_catchup_20260726081142_11-15-H1-H2-101-102-39-73,60,73,0,8,T431,AB6613,0,44
2026-07-26T13:10:02.402Z,cloudflare_catchup,cloudflare_catchup_20260726081142_11-15-H1-H2-101-102-39-73,60,73,0,13,M50,AA7224,0,48
2026-07-26T13:10:02.402Z,cloudflare_catchup,cloudflare_catchup_20260726081142_11-15-H1-H2-101-102-39-73,60,73,0,19,T424,AA2654,0,47
2026-07-26T13:11:01.720Z,cloudflare_catchup,cloudflare_catchup_20260726081142_11-15-H1-H2-101-102-39-73,60,73,0,3,T558,AA5945,1,34
2026-07-26T13:11:01.720Z,cloudflare_catchup,cloudflare_catchup_20260726081142_11-15-H1-H2-101-102-39-73,60,73,0,9,M172/16,AB6613,1,9
2026-07-26T13:11:01.720Z,cloudflare_catchup,cloudflare_catchup_20260726081142_11-15-H1-H2-101-102-39-73,60,73,0,13,M50,AA7224,0,3
2026-07-26T13:11:01.720Z,cloudflare_catchup,cloudflare_catchup_20260726081142_11-15-H1-H2-101-102-39-73,60,73,0,19,T424,AA2654,0,47
2026-07-26T13:12:02.275Z,cloudflare_catchup,cloudflare_catchup_20260726081142_11-15-H1-H2-101-102-39-73,60,73,0,3,T558,AA5945,0,45
2026-07-26T13:12:02.275Z,cloudflare_catchup,cloudflare_catchup_20260726081142_11-15-H1-H2-101-102-39-73,60,73,0,9,M172/16,AB6613,0,42
2026-07-26T13:12:02.275Z,cloudflare_catchup,cloudflare_catchup_20260726081142_11-15-H1-H2-101-102-39-73,60,73,0,13,M50,AA7224,0,6
2026-07-26T13:12:02.275Z,cloudflare_catchup,cloudflare_catchup_20260726081142_11-15-H1-H2-101-102-39-73,60,73,0,21,T552,AA2654,1,44
2026-07-26T13:13:02.396Z,cloudflare_catchup,cloudflare_catchup_20260726081142_11-15-H1-H2-101-102-39-73,60,73,0,4,T551/1,AA5945,1,22
2026-07-26T13:13:02.396Z,cloudflare_catchup,cloudflare_catchup_20260726081142_11-15-H1-H2-101-102-39-73,60,73,0,9,M172/16,AB6613,0,48
2026-07-26T13:13:02.396Z,cloudflare_catchup,cloudflare_catchup_20260726081142_11-15-H1-H2-101-102-39-73,60,73,0,13,M50,AA7224,0,27
2026-07-26T13:13:02.396Z,cloudflare_catchup,cloudflare_catchup_20260726081142_11-15-H1-H2-101-102-39-73,60,73,0,22,T553,AA2654,0,41
2026-07-26T13:14:02.407Z,cloudflare_catchup,cloudflare_catchup_20260726081142_11-15-H1-H2-101-102-39-73,60,73,0,4,T551/1,AA5945,0,42
2026-07-26T13:14:02.407Z,cloudflare_catchup,cloudflare_catchup_20260726081142_11-15-H1-H2-101-102-39-73,60,73,0,9,M172/16,AB6613,0,46
2026-07-26T13:14:02.407Z,cloudflare_catchup,cloudflare_catchup_20260726081142_11-15-H1-H2-101-102-39-73,60,73,0,13,M50,AA7224,0,41
2026-07-26T13:14:02.407Z,cloudflare_catchup,cloudflare_catchup_20260726081142_11-15-H1-H2-101-102-39-73,60,73,0,23,T554,AA2654,0,42
2026-07-26T13:15:03.074Z,cloudflare_catchup,cloudflare_catchup_20260726081142_11-15-H1-H2-101-102-39-73,60,73,0,4,T551/1,AA5945,0,42
2026-07-26T13:15:03.074Z,cloudflare_catchup,cloudflare_catchup_20260726081142_11-15-H1-H2-101-102-39-73,60,73,0,9,M172/16,AB6613,0,38
2026-07-26T13:15:03.074Z,cloudflare_catchup,cloudflare_catchup_20260726081142_11-15-H1-H2-101-102-39-73,60,73,0,13,M50,AA7224,0,44
2026-07-26T13:15:03.074Z,cloudflare_catchup,cloudflare_catchup_20260726081142_11-15-H1-H2-101-102-39-73,60,73,0,24,T555/2,AA2654,0,20
2026-07-26T13:16:02.589Z,cloudflare_catchup,cloudflare_catchup_20260726081142_11-15-H1-H2-101-102-39-73,60,73,0,5,T425,AA5945,1,45
2026-07-26T13:16:02.589Z,cloudflare_catchup,cloudflare_catchup_20260726081142_11-15-H1-H2-101-102-39-73,60,73,0,9,M172/16,AB6613,0,35
2026-07-26T13:16:02.589Z,cloudflare_catchup,cloudflare_catchup_20260726081142_11-15-H1-H2-101-102-39-73,60,73,0,13,M50,AA7224,0,40
2026-07-26T13:16:02.589Z,cloudflare_catchup,cloudflare_catchup_20260726081142_11-15-H1-H2-101-102-39-73,60,73,0,25,T550/4,AA2654,1,0
2026-07-26T13:17:01.903Z,cloudflare_catchup,cloudflare_catchup_20260726081142_11-15-H1-H2-101-102-39-73,60,73,0,6,T423,AA5945,1,43
2026-07-26T13:17:01.903Z,cloudflare_catchup,cloudflare_catchup_20260726081142_11-15-H1-H2-101-102-39-73,60,73,0,9,M172/16,AB6613,0,43
2026-07-26T13:17:01.903Z,cloudflare_catchup,cloudflare_catchup_20260726081142_11-15-H1-H2-101-102-39-73,60,73,0,14,M172/7,AA7224,1,14
2026-07-26T13:17:01.903Z,cloudflare_catchup,cloudflare_catchup_20260726081142_11-15-H1-H2-101-102-39-73,60,73,0,25,T550/4,AA2654,1,0
2026-07-26T13:18:02.485Z,cloudflare_catchup,cloudflare_catchup_20260726081142_11-15-H1-H2-101-102-39-73,60,73,0,6,T423,AA5945,0,40
2026-07-26T13:18:02.485Z,cloudflare_catchup,cloudflare_catchup_20260726081142_11-15-H1-H2-101-102-39-73,60,73,0,10,M247,AB6613,1,37
2026-07-26T13:18:02.485Z,cloudflare_catchup,cloudflare_catchup_20260726081142_11-15-H1-H2-101-102-39-73,60,73,0,14,M172/7,AA7224,0,39
2026-07-26T13:18:02.485Z,cloudflare_catchup,cloudflare_catchup_20260726081142_11-15-H1-H2-101-102-39-73,60,73,0,25,T550/4,AA2654,1,0
2026-07-26T13:19:01.803Z,cloudflare_catchup,cloudflare_catchup_20260726081142_11-15-H1-H2-101-102-39-73,60,73,0,7,T421,AA5945,0,36
2026-07-26T13:19:01.803Z,cloudflare_catchup,cloudflare_catchup_20260726081142_11-15-H1-H2-101-102-39-73,60,73,0,11,M231,AB6613,1,32
2026-07-26T13:19:01.803Z,cloudflare_catchup,cloudflare_catchup_20260726081142_11-15-H1-H2-101-102-39-73,60,73,0,14,M172/7,AA7224,0,44
2026-07-26T13:19:01.803Z,cloudflare_catchup,cloudflare_catchup_20260726081142_11-15-H1-H2-101-102-39-73,60,73,0,25,T550/4,AA2654,1,0
2026-07-26T13:20:02.341Z,cloudflare_catchup,cloudflare_catchup_20260726081142_11-15-H1-H2-101-102-39-73,60,73,0,7,T421,AA5945,0,49
2026-07-26T13:20:02.341Z,cloudflare_catchup,cloudflare_catchup_20260726081142_11-15-H1-H2-101-102-39-73,60,73,0,11,M231,AB6613,0,30
2026-07-26T13:20:02.341Z,cloudflare_catchup,cloudflare_catchup_20260726081142_11-15-H1-H2-101-102-39-73,60,73,0,14,M172/7,AA7224,0,44
2026-07-26T13:20:02.341Z,cloudflare_catchup,cloudflare_catchup_20260726081142_11-15-H1-H2-101-102-39-73,60,73,0,25,T550/4,AA2654,1,0
2026-07-26T13:21:02.003Z,cloudflare_catchup,cloudflare_catchup_20260726081142_11-15-H1-H2-101-102-39-73,60,73,0,7,T421,AA5945,0,48
2026-07-26T13:21:02.003Z,cloudflare_catchup,cloudflare_catchup_20260726081142_11-15-H1-H2-101-102-39-73,60,73,0,12,M219,AB6613,0,10
2026-07-26T13:21:02.003Z,cloudflare_catchup,cloudflare_catchup_20260726081142_11-15-H1-H2-101-102-39-73,60,73,0,14,M172/7,AA7224,0,48
2026-07-26T13:22:02.349Z,cloudflare_catchup,cloudflare_catchup_20260726081142_11-15-H1-H2-101-102-39-73,60,73,0,8,T431,AA5945,0,37
2026-07-26T13:22:02.349Z,cloudflare_catchup,cloudflare_catchup_20260726081142_11-15-H1-H2-101-102-39-73,60,73,0,12,M219,AB6613,0,13
2026-07-26T13:22:02.349Z,cloudflare_catchup,cloudflare_catchup_20260726081142_11-15-H1-H2-101-102-39-73,60,73,0,14,M172/7,AA7224,0,2
2026-07-26T13:23:02.039Z,cloudflare_catchup,cloudflare_catchup_20260726081142_11-15-H1-H2-101-102-39-73,60,73,0,0,T550/4,AB6393,1,9
2026-07-26T13:23:02.039Z,cloudflare_catchup,cloudflare_catchup_20260726081142_11-15-H1-H2-101-102-39-73,60,73,0,8,T431,AA5945,0,39
2026-07-26T13:23:02.039Z,cloudflare_catchup,cloudflare_catchup_20260726081142_11-15-H1-H2-101-102-39-73,60,73,0,13,M50,AB6613,0,45
2026-07-26T13:23:02.039Z,cloudflare_catchup,cloudflare_catchup_20260726081142_11-15-H1-H2-101-102-39-73,60,73,0,14,M172/7,AA7224,0,49
2026-07-26T13:24:02.933Z,cloudflare_catchup,cloudflare_catchup_20260726081142_11-15-H1-H2-101-102-39-73,60,73,0,1,T556,AB6393,1,2
2026-07-26T13:24:02.933Z,cloudflare_catchup,cloudflare_catchup_20260726081142_11-15-H1-H2-101-102-39-73,60,73,0,8,T431,AA5945,0,48
2026-07-26T13:24:02.933Z,cloudflare_catchup,cloudflare_catchup_20260726081142_11-15-H1-H2-101-102-39-73,60,73,0,13,M50,AB6613,0,12
2026-07-26T13:24:02.933Z,cloudflare_catchup,cloudflare_catchup_20260726081142_11-15-H1-H2-101-102-39-73,60,73,0,15,T430,AA7224,0,41
2026-07-26T13:25:03.666Z,cloudflare_catchup,cloudflare_catchup_20260726081142_11-15-H1-H2-101-102-39-73,60,73,0,1,T556,AB6393,0,36
2026-07-26T13:25:03.666Z,cloudflare_catchup,cloudflare_catchup_20260726081142_11-15-H1-H2-101-102-39-73,60,73,0,8,T431,AA5945,0,44
2026-07-26T13:25:03.666Z,cloudflare_catchup,cloudflare_catchup_20260726081142_11-15-H1-H2-101-102-39-73,60,73,0,13,M50,AB6613,0,9
2026-07-26T13:25:03.666Z,cloudflare_catchup,cloudflare_catchup_20260726081142_11-15-H1-H2-101-102-39-73,60,73,0,15,T430,AA7224,0,3
2026-07-26T13:26:02.592Z,cloudflare_catchup,cloudflare_catchup_20260726081142_11-15-H1-H2-101-102-39-73,60,73,0,2,T557,AB6393,0,28
2026-07-26T13:26:02.592Z,cloudflare_catchup,cloudflare_catchup_20260726081142_11-15-H1-H2-101-102-39-73,60,73,0,8,T431,AA5945,0,48
2026-07-26T13:26:02.592Z,cloudflare_catchup,cloudflare_catchup_20260726081142_11-15-H1-H2-101-102-39-73,60,73,0,13,M50,AB6613,0,41
2026-07-26T13:26:02.592Z,cloudflare_catchup,cloudflare_catchup_20260726081142_11-15-H1-H2-101-102-39-73,60,73,0,16,T328,AA7224,0,43
2026-07-26T13:27:01.783Z,cloudflare_catchup,cloudflare_catchup_20260726081142_11-15-H1-H2-101-102-39-73,60,73,0,3,T558,AB6393,0,46
2026-07-26T13:27:01.783Z,cloudflare_catchup,cloudflare_catchup_20260726081142_11-15-H1-H2-101-102-39-73,60,73,0,9,M172/16,AA5945,1,2
2026-07-26T13:27:01.783Z,cloudflare_catchup,cloudflare_catchup_20260726081142_11-15-H1-H2-101-102-39-73,60,73,0,13,M50,AB6613,0,48
2026-07-26T13:27:01.783Z,cloudflare_catchup,cloudflare_catchup_20260726081142_11-15-H1-H2-101-102-39-73,60,73,0,16,T328,AA7224,0,23
2026-07-26T13:28:02.337Z,cloudflare_catchup,cloudflare_catchup_20260726081142_11-15-H1-H2-101-102-39-73,60,73,0,3,T558,AB6393,0,24
2026-07-26T13:28:02.337Z,cloudflare_catchup,cloudflare_catchup_20260726081142_11-15-H1-H2-101-102-39-73,60,73,0,9,M172/16,AA5945,0,47
2026-07-26T13:28:02.337Z,cloudflare_catchup,cloudflare_catchup_20260726081142_11-15-H1-H2-101-102-39-73,60,73,0,13,M50,AB6613,0,18
2026-07-26T13:28:02.337Z,cloudflare_catchup,cloudflare_catchup_20260726081142_11-15-H1-H2-101-102-39-73,60,73,0,18,T422,AA7224,0,48
2026-07-26T13:29:01.750Z,cloudflare_catchup,cloudflare_catchup_20260726081142_11-15-H1-H2-101-102-39-73,60,73,0,4,T551/1,AB6393,0,44
2026-07-26T13:29:01.750Z,cloudflare_catchup,cloudflare_catchup_20260726081142_11-15-H1-H2-101-102-39-73,60,73,0,9,M172/16,AA5945,0,48
2026-07-26T13:29:01.750Z,cloudflare_catchup,cloudflare_catchup_20260726081142_11-15-H1-H2-101-102-39-73,60,73,0,13,M50,AB6613,0,46
2026-07-26T13:29:01.750Z,cloudflare_catchup,cloudflare_catchup_20260726081142_11-15-H1-H2-101-102-39-73,60,73,0,19,T424,AA7224,0,31
2026-07-26T13:30:02.594Z,cloudflare_catchup,cloudflare_catchup_20260726081142_11-15-H1-H2-101-102-39-73,60,73,0,4,T551/1,AB6393,0,49
2026-07-26T13:30:02.594Z,cloudflare_catchup,cloudflare_catchup_20260726081142_11-15-H1-H2-101-102-39-73,60,73,0,9,M172/16,AA5945,0,46
2026-07-26T13:30:02.594Z,cloudflare_catchup,cloudflare_catchup_20260726081142_11-15-H1-H2-101-102-39-73,60,73,0,14,M172/7,AB6613,1,1
2026-07-26T13:30:02.594Z,cloudflare_catchup,cloudflare_catchup_20260726081142_11-15-H1-H2-101-102-39-73,60,73,0,19,T424,AA7224,0,46
2026-07-26T13:31:01.755Z,cloudflare_catchup,cloudflare_catchup_20260726081142_11-15-H1-H2-101-102-39-73,60,73,0,4,T551/1,AB6393,0,49
2026-07-26T13:31:01.755Z,cloudflare_catchup,cloudflare_catchup_20260726081142_11-15-H1-H2-101-102-39-73,60,73,0,9,M172/16,AA5945,0,33
2026-07-26T13:31:01.755Z,cloudflare_catchup,cloudflare_catchup_20260726081142_11-15-H1-H2-101-102-39-73,60,73,0,14,M172/7,AB6613,0,15
2026-07-26T13:31:01.755Z,cloudflare_catchup,cloudflare_catchup_20260726081142_11-15-H1-H2-101-102-39-73,60,73,0,19,T424,AA7224,0,48
2026-07-26T13:32:02.340Z,cloudflare_catchup,cloudflare_catchup_20260726081142_11-15-H1-H2-101-102-39-73,60,73,0,5,T425,AB6393,1,20
2026-07-26T13:32:02.340Z,cloudflare_catchup,cloudflare_catchup_20260726081142_11-15-H1-H2-101-102-39-73,60,73,0,9,M172/16,AA5945,0,25
2026-07-26T13:32:02.340Z,cloudflare_catchup,cloudflare_catchup_20260726081142_11-15-H1-H2-101-102-39-73,60,73,0,14,M172/7,AB6613,0,43
2026-07-26T13:32:02.340Z,cloudflare_catchup,cloudflare_catchup_20260726081142_11-15-H1-H2-101-102-39-73,60,73,0,20,T559,AA7224,1,49
2026-07-26T13:33:02.343Z,cloudflare_catchup,cloudflare_catchup_20260726081142_11-15-H1-H2-101-102-39-73,60,73,0,6,T423,AB6393,1,34
2026-07-26T13:33:02.343Z,cloudflare_catchup,cloudflare_catchup_20260726081142_11-15-H1-H2-101-102-39-73,60,73,0,9,M172/16,AA5945,0,46
2026-07-26T13:33:02.343Z,cloudflare_catchup,cloudflare_catchup_20260726081142_11-15-H1-H2-101-102-39-73,60,73,0,14,M172/7,AB6613,0,44
2026-07-26T13:33:02.343Z,cloudflare_catchup,cloudflare_catchup_20260726081142_11-15-H1-H2-101-102-39-73,60,73,0,20,T559,AA7224,0,42
2026-07-26T13:34:02.396Z,cloudflare_catchup,cloudflare_catchup_20260726081142_11-15-H1-H2-101-102-39-73,60,73,0,7,T421,AB6393,1,6
2026-07-26T13:34:02.396Z,cloudflare_catchup,cloudflare_catchup_20260726081142_11-15-H1-H2-101-102-39-73,60,73,0,9,M172/16,AA5945,0,20
2026-07-26T13:34:02.396Z,cloudflare_catchup,cloudflare_catchup_20260726081142_11-15-H1-H2-101-102-39-73,60,73,0,14,M172/7,AB6613,0,42
2026-07-26T13:34:02.396Z,cloudflare_catchup,cloudflare_catchup_20260726081142_11-15-H1-H2-101-102-39-73,60,73,0,22,T553,AA7224,0,46
2026-07-26T13:35:02.942Z,cloudflare_catchup,cloudflare_catchup_20260726081142_11-15-H1-H2-101-102-39-73,60,73,0,7,T421,AB6393,0,25
2026-07-26T13:35:02.942Z,cloudflare_catchup,cloudflare_catchup_20260726081142_11-15-H1-H2-101-102-39-73,60,73,0,10,M247,AA5945,1,36
2026-07-26T13:35:02.942Z,cloudflare_catchup,cloudflare_catchup_20260726081142_11-15-H1-H2-101-102-39-73,60,73,0,14,M172/7,AB6613,0,46
2026-07-26T13:35:02.942Z,cloudflare_catchup,cloudflare_catchup_20260726081142_11-15-H1-H2-101-102-39-73,60,73,0,23,T554,AA7224,0,48
2026-07-26T13:36:02.341Z,cloudflare_catchup,cloudflare_catchup_20260726081142_11-15-H1-H2-101-102-39-73,60,73,0,7,T421,AB6393,0,47
2026-07-26T13:36:02.341Z,cloudflare_catchup,cloudflare_catchup_20260726081142_11-15-H1-H2-101-102-39-73,60,73,0,11,M231,AA5945,0,32
2026-07-26T13:36:02.341Z,cloudflare_catchup,cloudflare_catchup_20260726081142_11-15-H1-H2-101-102-39-73,60,73,0,14,M172/7,AB6613,0,48
2026-07-26T13:36:02.341Z,cloudflare_catchup,cloudflare_catchup_20260726081142_11-15-H1-H2-101-102-39-73,60,73,0,24,T555/2,AA7224,0,9
2026-07-26T13:37:01.975Z,cloudflare_catchup,cloudflare_catchup_20260726081142_11-15-H1-H2-101-102-39-73,60,73,0,7,T421,AB6393,0,48
2026-07-26T13:37:01.975Z,cloudflare_catchup,cloudflare_catchup_20260726081142_11-15-H1-H2-101-102-39-73,60,73,0,11,M231,AA5945,0,22
2026-07-26T13:37:01.975Z,cloudflare_catchup,cloudflare_catchup_20260726081142_11-15-H1-H2-101-102-39-73,60,73,0,15,T430,AB6613,0,42
2026-07-26T13:37:01.975Z,cloudflare_catchup,cloudflare_catchup_20260726081142_11-15-H1-H2-101-102-39-73,60,73,0,25,T550/4,AA7224,1,0
2026-07-26T13:38:02.312Z,cloudflare_catchup,cloudflare_catchup_20260726081142_11-15-H1-H2-101-102-39-73,60,73,0,8,T431,AB6393,0,49
2026-07-26T13:38:02.312Z,cloudflare_catchup,cloudflare_catchup_20260726081142_11-15-H1-H2-101-102-39-73,60,73,0,12,M219,AA5945,1,3
2026-07-26T13:38:02.312Z,cloudflare_catchup,cloudflare_catchup_20260726081142_11-15-H1-H2-101-102-39-73,60,73,0,16,T328,AB6613,1,46
2026-07-26T13:38:02.312Z,cloudflare_catchup,cloudflare_catchup_20260726081142_11-15-H1-H2-101-102-39-73,60,73,0,25,T550/4,AA7224,1,0
2026-07-26T13:39:01.788Z,cloudflare_catchup,cloudflare_catchup_20260726081142_11-15-H1-H2-101-102-39-73,60,73,0,8,T431,AB6393,0,36
2026-07-26T13:39:01.788Z,cloudflare_catchup,cloudflare_catchup_20260726081142_11-15-H1-H2-101-102-39-73,60,73,0,13,M50,AA5945,1,46
2026-07-26T13:39:01.788Z,cloudflare_catchup,cloudflare_catchup_20260726081142_11-15-H1-H2-101-102-39-73,60,73,0,16,T328,AB6613,0,47
2026-07-26T13:39:01.788Z,cloudflare_catchup,cloudflare_catchup_20260726081142_11-15-H1-H2-101-102-39-73,60,73,0,25,T550/4,AA7224,1,0
2026-07-26T13:40:02.651Z,cloudflare_catchup,cloudflare_catchup_20260726081142_11-15-H1-H2-101-102-39-73,60,73,0,8,T431,AB6393,0,47
2026-07-26T13:40:02.651Z,cloudflare_catchup,cloudflare_catchup_20260726081142_11-15-H1-H2-101-102-39-73,60,73,0,13,M50,AA5945,0,49
2026-07-26T13:40:02.651Z,cloudflare_catchup,cloudflare_catchup_20260726081142_11-15-H1-H2-101-102-39-73,60,73,0,17,T420,AB6613,1,44
2026-07-26T13:40:02.651Z,cloudflare_catchup,cloudflare_catchup_20260726081142_11-15-H1-H2-101-102-39-73,60,73,0,25,T550/4,AA7224,1,0
2026-07-26T13:41:01.845Z,cloudflare_catchup,cloudflare_catchup_20260726081142_11-15-H1-H2-101-102-39-73,60,73,0,0,T550/4,AA2654,0,26
2026-07-26T13:41:01.845Z,cloudflare_catchup,cloudflare_catchup_20260726081142_11-15-H1-H2-101-102-39-73,60,73,0,8,T431,AB6393,0,45
2026-07-26T13:41:01.845Z,cloudflare_catchup,cloudflare_catchup_20260726081142_11-15-H1-H2-101-102-39-73,60,73,0,13,M50,AA5945,0,5
2026-07-26T13:41:01.845Z,cloudflare_catchup,cloudflare_catchup_20260726081142_11-15-H1-H2-101-102-39-73,60,73,0,18,T422,AB6613,0,42
2026-07-26T13:41:01.845Z,cloudflare_catchup,cloudflare_catchup_20260726081142_11-15-H1-H2-101-102-39-73,60,73,0,25,T550/4,AA7224,1,0
2026-07-26T13:42:02.461Z,cloudflare_catchup,cloudflare_catchup_20260726081142_11-15-H1-H2-101-102-39-73,60,73,0,1,T556,AA2654,0,35
2026-07-26T13:42:02.461Z,cloudflare_catchup,cloudflare_catchup_20260726081142_11-15-H1-H2-101-102-39-73,60,73,0,8,T431,AB6393,0,47
2026-07-26T13:42:02.461Z,cloudflare_catchup,cloudflare_catchup_20260726081142_11-15-H1-H2-101-102-39-73,60,73,0,13,M50,AA5945,0,15
2026-07-26T13:42:02.461Z,cloudflare_catchup,cloudflare_catchup_20260726081142_11-15-H1-H2-101-102-39-73,60,73,0,19,T424,AB6613,0,39
2026-07-26T13:43:01.850Z,cloudflare_catchup,cloudflare_catchup_20260726081142_11-15-H1-H2-101-102-39-73,60,73,0,1,T556,AA2654,0,38
2026-07-26T13:43:01.850Z,cloudflare_catchup,cloudflare_catchup_20260726081142_11-15-H1-H2-101-102-39-73,60,73,0,9,M172/16,AB6393,1,10
2026-07-26T13:43:01.850Z,cloudflare_catchup,cloudflare_catchup_20260726081142_11-15-H1-H2-101-102-39-73,60,73,0,13,M50,AA5945,0,44
2026-07-26T13:43:01.850Z,cloudflare_catchup,cloudflare_catchup_20260726081142_11-15-H1-H2-101-102-39-73,60,73,0,19,T424,AB6613,0,43
2026-07-26T13:44:02.567Z,cloudflare_catchup,cloudflare_catchup_20260726081142_11-15-H1-H2-101-102-39-73,60,73,0,3,T558,AA2654,1,25
2026-07-26T13:44:02.567Z,cloudflare_catchup,cloudflare_catchup_20260726081142_11-15-H1-H2-101-102-39-73,60,73,0,9,M172/16,AB6393,0,38
2026-07-26T13:44:02.567Z,cloudflare_catchup,cloudflare_catchup_20260726081142_11-15-H1-H2-101-102-39-73,60,73,0,13,M50,AA5945,0,45
2026-07-26T13:44:02.567Z,cloudflare_catchup,cloudflare_catchup_20260726081142_11-15-H1-H2-101-102-39-73,60,73,0,19,T424,AB6613,0,44
2026-07-26T13:45:03.269Z,cloudflare_catchup,cloudflare_catchup_20260726081142_11-15-H1-H2-101-102-39-73,60,73,0,3,T558,AA2654,0,33
2026-07-26T13:45:03.269Z,cloudflare_catchup,cloudflare_catchup_20260726081142_11-15-H1-H2-101-102-39-73,60,73,0,9,M172/16,AB6393,0,46
2026-07-26T13:45:03.269Z,cloudflare_catchup,cloudflare_catchup_20260726081142_11-15-H1-H2-101-102-39-73,60,73,0,13,M50,AA5945,0,24
2026-07-26T13:45:03.269Z,cloudflare_catchup,cloudflare_catchup_20260726081142_11-15-H1-H2-101-102-39-73,60,73,0,19,T424,AB6613,0,32
2026-07-26T13:46:02.393Z,cloudflare_catchup,cloudflare_catchup_20260726081142_11-15-H1-H2-101-102-39-73,60,73,0,4,T551/1,AA2654,1,9
2026-07-26T13:46:02.393Z,cloudflare_catchup,cloudflare_catchup_20260726081142_11-15-H1-H2-101-102-39-73,60,73,0,9,M172/16,AB6393,0,39
2026-07-26T13:46:02.393Z,cloudflare_catchup,cloudflare_catchup_20260726081142_11-15-H1-H2-101-102-39-73,60,73,0,13,M50,AA5945,0,42
2026-07-26T13:46:02.393Z,cloudflare_catchup,cloudflare_catchup_20260726081142_11-15-H1-H2-101-102-39-73,60,73,0,21,T552,AB6613,1,35
2026-07-26T13:47:01.738Z,cloudflare_catchup,cloudflare_catchup_20260726081142_11-15-H1-H2-101-102-39-73,60,73,0,4,T551/1,AA2654,0,44
2026-07-26T13:47:01.738Z,cloudflare_catchup,cloudflare_catchup_20260726081142_11-15-H1-H2-101-102-39-73,60,73,0,9,M172/16,AB6393,0,45
2026-07-26T13:47:01.738Z,cloudflare_catchup,cloudflare_catchup_20260726081142_11-15-H1-H2-101-102-39-73,60,73,0,14,M172/7,AA5945,1,9
2026-07-26T13:47:01.738Z,cloudflare_catchup,cloudflare_catchup_20260726081142_11-15-H1-H2-101-102-39-73,60,73,0,22,T553,AB6613,0,31
2026-07-26T13:48:02.315Z,cloudflare_catchup,cloudflare_catchup_20260726081142_11-15-H1-H2-101-102-39-73,60,73,0,4,T551/1,AA2654,0,49
2026-07-26T13:48:02.315Z,cloudflare_catchup,cloudflare_catchup_20260726081142_11-15-H1-H2-101-102-39-73,60,73,0,9,M172/16,AB6393,0,47
2026-07-26T13:48:02.315Z,cloudflare_catchup,cloudflare_catchup_20260726081142_11-15-H1-H2-101-102-39-73,60,73,0,14,M172/7,AA5945,0,41
2026-07-26T13:48:02.315Z,cloudflare_catchup,cloudflare_catchup_20260726081142_11-15-H1-H2-101-102-39-73,60,73,0,23,T554,AB6613,0,2
2026-07-26T13:49:01.876Z,cloudflare_catchup,cloudflare_catchup_20260726081142_11-15-H1-H2-101-102-39-73,60,73,0,4,T551/1,AA2654,0,41
2026-07-26T13:49:01.876Z,cloudflare_catchup,cloudflare_catchup_20260726081142_11-15-H1-H2-101-102-39-73,60,73,0,9,M172/16,AB6393,0,27
2026-07-26T13:49:01.876Z,cloudflare_catchup,cloudflare_catchup_20260726081142_11-15-H1-H2-101-102-39-73,60,73,0,14,M172/7,AA5945,0,48
2026-07-26T13:49:01.876Z,cloudflare_catchup,cloudflare_catchup_20260726081142_11-15-H1-H2-101-102-39-73,60,73,0,24,T555/2,AB6613,1,3
2026-07-26T13:50:02.638Z,cloudflare_catchup,cloudflare_catchup_20260726081142_11-15-H1-H2-101-102-39-73,60,73,0,5,T425,AA2654,0,43
2026-07-26T13:50:02.638Z,cloudflare_catchup,cloudflare_catchup_20260726081142_11-15-H1-H2-101-102-39-73,60,73,0,9,M172/16,AB6393,0,1
2026-07-26T13:50:02.638Z,cloudflare_catchup,cloudflare_catchup_20260726081142_11-15-H1-H2-101-102-39-73,60,73,0,14,M172/7,AA5945,0,47
2026-07-26T13:50:02.638Z,cloudflare_catchup,cloudflare_catchup_20260726081142_11-15-H1-H2-101-102-39-73,60,73,0,24,T555/2,AB6613,0,43
2026-07-26T13:51:01.802Z,cloudflare_catchup,cloudflare_catchup_20260726081142_11-15-H1-H2-101-102-39-73,60,73,0,6,T423,AA2654,0,35
2026-07-26T13:51:01.802Z,cloudflare_catchup,cloudflare_catchup_20260726081142_11-15-H1-H2-101-102-39-73,60,73,0,9,M172/16,AB6393,0,22
2026-07-26T13:51:01.802Z,cloudflare_catchup,cloudflare_catchup_20260726081142_11-15-H1-H2-101-102-39-73,60,73,0,14,M172/7,AA5945,0,48
2026-07-26T13:51:01.802Z,cloudflare_catchup,cloudflare_catchup_20260726081142_11-15-H1-H2-101-102-39-73,60,73,0,25,T550/4,AB6613,1,0
2026-07-26T13:52:02.544Z,cloudflare_catchup,cloudflare_catchup_20260726081142_11-15-H1-H2-101-102-39-73,60,73,0,7,T421,AA2654,0,31
2026-07-26T13:52:02.544Z,cloudflare_catchup,cloudflare_catchup_20260726081142_11-15-H1-H2-101-102-39-73,60,73,0,10,M247,AB6393,1,33
2026-07-26T13:52:02.544Z,cloudflare_catchup,cloudflare_catchup_20260726081142_11-15-H1-H2-101-102-39-73,60,73,0,14,M172/7,AA5945,0,46
2026-07-26T13:52:02.544Z,cloudflare_catchup,cloudflare_catchup_20260726081142_11-15-H1-H2-101-102-39-73,60,73,0,25,T550/4,AB6613,1,0
2026-07-26T13:53:01.819Z,cloudflare_catchup,cloudflare_catchup_20260726081142_11-15-H1-H2-101-102-39-73,60,73,0,7,T421,AA2654,0,48
2026-07-26T13:53:01.819Z,cloudflare_catchup,cloudflare_catchup_20260726081142_11-15-H1-H2-101-102-39-73,60,73,0,11,M231,AB6393,0,35
2026-07-26T13:53:01.819Z,cloudflare_catchup,cloudflare_catchup_20260726081142_11-15-H1-H2-101-102-39-73,60,73,0,15,T430,AA5945,0,44
2026-07-26T13:53:01.819Z,cloudflare_catchup,cloudflare_catchup_20260726081142_11-15-H1-H2-101-102-39-73,60,73,0,25,T550/4,AB6613,1,0
2026-07-26T13:54:02.458Z,cloudflare_catchup,cloudflare_catchup_20260726081142_11-15-H1-H2-101-102-39-73,60,73,0,7,T421,AA2654,0,46
2026-07-26T13:54:02.458Z,cloudflare_catchup,cloudflare_catchup_20260726081142_11-15-H1-H2-101-102-39-73,60,73,0,12,M219,AB6393,1,19
2026-07-26T13:54:02.458Z,cloudflare_catchup,cloudflare_catchup_20260726081142_11-15-H1-H2-101-102-39-73,60,73,0,15,T430,AA5945,0,2
2026-07-26T13:54:02.458Z,cloudflare_catchup,cloudflare_catchup_20260726081142_11-15-H1-H2-101-102-39-73,60,73,0,25,T550/4,AB6613,1,0
2026-07-26T13:55:03.138Z,cloudflare_catchup,cloudflare_catchup_20260726081142_11-15-H1-H2-101-102-39-73,60,73,0,0,T550/4,AA7224,0,5
2026-07-26T13:55:03.138Z,cloudflare_catchup,cloudflare_catchup_20260726081142_11-15-H1-H2-101-102-39-73,60,73,0,8,T431,AA2654,0,44
2026-07-26T13:55:03.138Z,cloudflare_catchup,cloudflare_catchup_20260726081142_11-15-H1-H2-101-102-39-73,60,73,0,12,M219,AB6393,0,29
2026-07-26T13:55:03.138Z,cloudflare_catchup,cloudflare_catchup_20260726081142_11-15-H1-H2-101-102-39-73,60,73,0,16,T328,AA5945,0,1
2026-07-26T13:55:03.138Z,cloudflare_catchup,cloudflare_catchup_20260726081142_11-15-H1-H2-101-102-39-73,60,73,0,25,T550/4,AB6613,1,0
2026-07-26T13:56:02.542Z,cloudflare_catchup,cloudflare_catchup_20260726081142_11-15-H1-H2-101-102-39-73,60,73,0,1,T556,AA7224,1,24
2026-07-26T13:56:02.542Z,cloudflare_catchup,cloudflare_catchup_20260726081142_11-15-H1-H2-101-102-39-73,60,73,0,8,T431,AA2654,0,13
2026-07-26T13:56:02.542Z,cloudflare_catchup,cloudflare_catchup_20260726081142_11-15-H1-H2-101-102-39-73,60,73,0,13,M50,AB6393,0,25
2026-07-26T13:56:02.542Z,cloudflare_catchup,cloudflare_catchup_20260726081142_11-15-H1-H2-101-102-39-73,60,73,0,16,T328,AA5945,0,39
2026-07-26T13:57:01.864Z,cloudflare_catchup,cloudflare_catchup_20260726081142_11-15-H1-H2-101-102-39-73,60,73,0,1,T556,AA7224,0,26
2026-07-26T13:57:01.864Z,cloudflare_catchup,cloudflare_catchup_20260726081142_11-15-H1-H2-101-102-39-73,60,73,0,8,T431,AA2654,0,48
2026-07-26T13:57:01.864Z,cloudflare_catchup,cloudflare_catchup_20260726081142_11-15-H1-H2-101-102-39-73,60,73,0,13,M50,AB6393,0,49
2026-07-26T13:57:01.864Z,cloudflare_catchup,cloudflare_catchup_20260726081142_11-15-H1-H2-101-102-39-73,60,73,0,17,T420,AA5945,0,49
2026-07-26T13:58:02.355Z,cloudflare_catchup,cloudflare_catchup_20260726081142_11-15-H1-H2-101-102-39-73,60,73,0,2,T557,AA7224,0,41
2026-07-26T13:58:02.355Z,cloudflare_catchup,cloudflare_catchup_20260726081142_11-15-H1-H2-101-102-39-73,60,73,0,8,T431,AA2654,0,44
2026-07-26T13:58:02.355Z,cloudflare_catchup,cloudflare_catchup_20260726081142_11-15-H1-H2-101-102-39-73,60,73,0,13,M50,AB6393,0,2
2026-07-26T13:58:02.355Z,cloudflare_catchup,cloudflare_catchup_20260726081142_11-15-H1-H2-101-102-39-73,60,73,0,19,T424,AA5945,1,16
2026-07-26T13:59:01.763Z,cloudflare_catchup,cloudflare_catchup_20260726081142_11-15-H1-H2-101-102-39-73,60,73,0,3,T558,AA7224,0,47
2026-07-26T13:59:01.763Z,cloudflare_catchup,cloudflare_catchup_20260726081142_11-15-H1-H2-101-102-39-73,60,73,0,8,T431,AA2654,0,48
2026-07-26T13:59:01.763Z,cloudflare_catchup,cloudflare_catchup_20260726081142_11-15-H1-H2-101-102-39-73,60,73,0,13,M50,AB6393,0,44
2026-07-26T13:59:01.763Z,cloudflare_catchup,cloudflare_catchup_20260726081142_11-15-H1-H2-101-102-39-73,60,73,0,19,T424,AA5945,0,46
2026-07-26T14:00:02.420Z,cloudflare_catchup,cloudflare_catchup_20260726081142_11-15-H1-H2-101-102-39-73,60,73,0,3,T558,AA7224,0,22
2026-07-26T14:00:02.420Z,cloudflare_catchup,cloudflare_catchup_20260726081142_11-15-H1-H2-101-102-39-73,60,73,0,9,M172/16,AA2654,1,3
2026-07-26T14:00:02.420Z,cloudflare_catchup,cloudflare_catchup_20260726081142_11-15-H1-H2-101-102-39-73,60,73,0,13,M50,AB6393,0,49
2026-07-26T14:00:02.420Z,cloudflare_catchup,cloudflare_catchup_20260726081142_11-15-H1-H2-101-102-39-73,60,73,0,19,T424,AA5945,0,43
2026-07-26T14:01:02.018Z,cloudflare_catchup,cloudflare_catchup_20260726081142_11-15-H1-H2-101-102-39-73,60,73,0,4,T551/1,AA7224,0,48
2026-07-26T14:01:02.018Z,cloudflare_catchup,cloudflare_catchup_20260726081142_11-15-H1-H2-101-102-39-73,60,73,0,9,M172/16,AA2654,0,44
2026-07-26T14:01:02.018Z,cloudflare_catchup,cloudflare_catchup_20260726081142_11-15-H1-H2-101-102-39-73,60,73,0,13,M50,AB6393,0,25
2026-07-26T14:01:02.018Z,cloudflare_catchup,cloudflare_catchup_20260726081142_11-15-H1-H2-101-102-39-73,60,73,0,19,T424,AA5945,0,43
2026-07-26T14:02:02.699Z,cloudflare_catchup,cloudflare_catchup_20260726081142_11-15-H1-H2-101-102-39-73,60,73,0,4,T551/1,AA7224,0,46
2026-07-26T14:02:02.699Z,cloudflare_catchup,cloudflare_catchup_20260726081142_11-15-H1-H2-101-102-39-73,60,73,0,9,M172/16,AA2654,0,45
2026-07-26T14:02:02.699Z,cloudflare_catchup,cloudflare_catchup_20260726081142_11-15-H1-H2-101-102-39-73,60,73,0,13,M50,AB6393,0,46
2026-07-26T14:02:02.699Z,cloudflare_catchup,cloudflare_catchup_20260726081142_11-15-H1-H2-101-102-39-73,60,73,0,20,T559,AA5945,1,24
2026-07-26T14:03:01.785Z,cloudflare_catchup,cloudflare_catchup_20260726081142_11-15-H1-H2-101-102-39-73,60,73,0,4,T551/1,AA7224,0,46
2026-07-26T14:03:01.785Z,cloudflare_catchup,cloudflare_catchup_20260726081142_11-15-H1-H2-101-102-39-73,60,73,0,9,M172/16,AA2654,0,44
2026-07-26T14:03:01.785Z,cloudflare_catchup,cloudflare_catchup_20260726081142_11-15-H1-H2-101-102-39-73,60,73,0,14,M172/7,AB6393,0,14
2026-07-26T14:03:01.785Z,cloudflare_catchup,cloudflare_catchup_20260726081142_11-15-H1-H2-101-102-39-73,60,73,0,21,T552,AA5945,1,49
2026-07-26T14:04:02.413Z,cloudflare_catchup,cloudflare_catchup_20260726081142_11-15-H1-H2-101-102-39-73,60,73,0,5,T425,AA7224,0,30
2026-07-26T14:04:02.413Z,cloudflare_catchup,cloudflare_catchup_20260726081142_11-15-H1-H2-101-102-39-73,60,73,0,9,M172/16,AA2654,0,48
2026-07-26T14:04:02.413Z,cloudflare_catchup,cloudflare_catchup_20260726081142_11-15-H1-H2-101-102-39-73,60,73,0,14,M172/7,AB6393,0,43
2026-07-26T14:04:02.413Z,cloudflare_catchup,cloudflare_catchup_20260726081142_11-15-H1-H2-101-102-39-73,60,73,0,23,T554,AA5945,0,37
2026-07-26T14:05:03.274Z,cloudflare_catchup,cloudflare_catchup_20260726081142_11-15-H1-H2-101-102-39-73,60,73,0,6,T423,AA7224,1,18
2026-07-26T14:05:03.274Z,cloudflare_catchup,cloudflare_catchup_20260726081142_11-15-H1-H2-101-102-39-73,60,73,0,9,M172/16,AA2654,0,27
2026-07-26T14:05:03.274Z,cloudflare_catchup,cloudflare_catchup_20260726081142_11-15-H1-H2-101-102-39-73,60,73,0,14,M172/7,AB6393,0,48
2026-07-26T14:05:03.274Z,cloudflare_catchup,cloudflare_catchup_20260726081142_11-15-H1-H2-101-102-39-73,60,73,0,23,T554,AA5945,0,48
2026-07-26T14:06:02.394Z,cloudflare_catchup,cloudflare_catchup_20260726081142_11-15-H1-H2-101-102-39-73,60,73,0,7,T421,AA7224,1,2
2026-07-26T14:06:02.394Z,cloudflare_catchup,cloudflare_catchup_20260726081142_11-15-H1-H2-101-102-39-73,60,73,0,9,M172/16,AA2654,0,31
2026-07-26T14:06:02.394Z,cloudflare_catchup,cloudflare_catchup_20260726081142_11-15-H1-H2-101-102-39-73,60,73,0,14,M172/7,AB6393,0,48
2026-07-26T14:06:02.394Z,cloudflare_catchup,cloudflare_catchup_20260726081142_11-15-H1-H2-101-102-39-73,60,73,0,25,T550/4,AA5945,1,0
2026-07-26T14:07:02.360Z,cloudflare_catchup,cloudflare_catchup_20260726081142_11-15-H1-H2-101-102-39-73,60,73,0,7,T421,AA7224,0,36
2026-07-26T14:07:02.360Z,cloudflare_catchup,cloudflare_catchup_20260726081142_11-15-H1-H2-101-102-39-73,60,73,0,10,M247,AA2654,1,17
2026-07-26T14:07:02.360Z,cloudflare_catchup,cloudflare_catchup_20260726081142_11-15-H1-H2-101-102-39-73,60,73,0,14,M172/7,AB6393,0,48
2026-07-26T14:07:02.360Z,cloudflare_catchup,cloudflare_catchup_20260726081142_11-15-H1-H2-101-102-39-73,60,73,0,25,T550/4,AA5945,1,0
2026-07-26T14:08:02.472Z,cloudflare_catchup,cloudflare_catchup_20260726081142_11-15-H1-H2-101-102-39-73,60,73,0,7,T421,AA7224,0,48
2026-07-26T14:08:02.472Z,cloudflare_catchup,cloudflare_catchup_20260726081142_11-15-H1-H2-101-102-39-73,60,73,0,11,M231,AA2654,1,24
2026-07-26T14:08:02.472Z,cloudflare_catchup,cloudflare_catchup_20260726081142_11-15-H1-H2-101-102-39-73,60,73,0,14,M172/7,AB6393,0,49
2026-07-26T14:08:02.472Z,cloudflare_catchup,cloudflare_catchup_20260726081142_11-15-H1-H2-101-102-39-73,60,73,0,25,T550/4,AA5945,1,0
2026-07-26T14:09:01.752Z,cloudflare_catchup,cloudflare_catchup_20260726081142_11-15-H1-H2-101-102-39-73,60,73,0,7,T421,AA7224,0,26
2026-07-26T14:09:01.752Z,cloudflare_catchup,cloudflare_catchup_20260726081142_11-15-H1-H2-101-102-39-73,60,73,0,11,M231,AA2654,0,4
2026-07-26T14:09:01.752Z,cloudflare_catchup,cloudflare_catchup_20260726081142_11-15-H1-H2-101-102-39-73,60,73,0,15,T430,AB6393,0,38
2026-07-26T14:09:01.752Z,cloudflare_catchup,cloudflare_catchup_20260726081142_11-15-H1-H2-101-102-39-73,60,73,0,25,T550/4,AA5945,1,0
2026-07-26T14:10:02.505Z,cloudflare_catchup,cloudflare_catchup_20260726081142_11-15-H1-H2-101-102-39-73,60,73,0,8,T431,AA7224,0,45
2026-07-26T14:10:02.505Z,cloudflare_catchup,cloudflare_catchup_20260726081142_11-15-H1-H2-101-102-39-73,60,73,0,12,M219,AA2654,1,30
2026-07-26T14:10:02.505Z,cloudflare_catchup,cloudflare_catchup_20260726081142_11-15-H1-H2-101-102-39-73,60,73,0,16,T328,AB6393,0,46
2026-07-26T14:10:02.505Z,cloudflare_catchup,cloudflare_catchup_20260726081142_11-15-H1-H2-101-102-39-73,60,73,0,25,T550/4,AA5945,1,0
2026-07-26T14:11:01.990Z,cloudflare_catchup,cloudflare_catchup_20260726081142_11-15-H1-H2-101-102-39-73,60,73,0,1,T556,AB6613,1,12
2026-07-26T14:11:01.990Z,cloudflare_catchup,cloudflare_catchup_20260726081142_11-15-H1-H2-101-102-39-73,60,73,0,8,T431,AA7224,0,48
2026-07-26T14:11:01.990Z,cloudflare_catchup,cloudflare_catchup_20260726081142_11-15-H1-H2-101-102-39-73,60,73,0,13,M50,AA2654,0,12
2026-07-26T14:11:01.990Z,cloudflare_catchup,cloudflare_catchup_20260726081142_11-15-H1-H2-101-102-39-73,60,73,0,16,T328,AB6393,0,7
2026-07-26T14:12:02.680Z,cloudflare_catchup,cloudflare_catchup_20260726081142_11-15-H1-H2-101-102-39-73,60,73,0,1,T556,AB6613,0,31
2026-07-26T14:12:02.680Z,cloudflare_catchup,cloudflare_catchup_20260726081142_11-15-H1-H2-101-102-39-73,60,73,0,8,T431,AA7224,0,47
2026-07-26T14:12:02.680Z,cloudflare_catchup,cloudflare_catchup_20260726081142_11-15-H1-H2-101-102-39-73,60,73,0,13,M50,AA2654,0,48
2026-07-26T14:12:02.680Z,cloudflare_catchup,cloudflare_catchup_20260726081142_11-15-H1-H2-101-102-39-73,60,73,0,17,T420,AB6393,1,34
2026-07-26T14:13:01.906Z,cloudflare_catchup,cloudflare_catchup_20260726081142_11-15-H1-H2-101-102-39-73,60,73,0,2,T557,AB6613,0,33
2026-07-26T14:13:01.906Z,cloudflare_catchup,cloudflare_catchup_20260726081142_11-15-H1-H2-101-102-39-73,60,73,0,8,T431,AA7224,0,44
2026-07-26T14:13:01.906Z,cloudflare_catchup,cloudflare_catchup_20260726081142_11-15-H1-H2-101-102-39-73,60,73,0,13,M50,AA2654,0,10
2026-07-26T14:13:01.906Z,cloudflare_catchup,cloudflare_catchup_20260726081142_11-15-H1-H2-101-102-39-73,60,73,0,18,T422,AB6393,0,31
2026-07-26T14:14:02.504Z,cloudflare_catchup,cloudflare_catchup_20260726081142_11-15-H1-H2-101-102-39-73,60,73,0,3,T558,AB6613,0,48
2026-07-26T14:14:02.504Z,cloudflare_catchup,cloudflare_catchup_20260726081142_11-15-H1-H2-101-102-39-73,60,73,0,8,T431,AA7224,0,26
2026-07-26T14:14:02.504Z,cloudflare_catchup,cloudflare_catchup_20260726081142_11-15-H1-H2-101-102-39-73,60,73,0,13,M50,AA2654,0,44
2026-07-26T14:14:02.504Z,cloudflare_catchup,cloudflare_catchup_20260726081142_11-15-H1-H2-101-102-39-73,60,73,0,19,T424,AB6393,1,37
2026-07-26T14:15:03.251Z,cloudflare_catchup,cloudflare_catchup_20260726081142_11-15-H1-H2-101-102-39-73,60,73,0,4,T551/1,AB6613,1,39
2026-07-26T14:15:03.251Z,cloudflare_catchup,cloudflare_catchup_20260726081142_11-15-H1-H2-101-102-39-73,60,73,0,9,M172/16,AA7224,1,6
2026-07-26T14:15:03.251Z,cloudflare_catchup,cloudflare_catchup_20260726081142_11-15-H1-H2-101-102-39-73,60,73,0,13,M50,AA2654,0,49
2026-07-26T14:15:03.251Z,cloudflare_catchup,cloudflare_catchup_20260726081142_11-15-H1-H2-101-102-39-73,60,73,0,19,T424,AB6393,0,44
2026-07-26T14:16:02.475Z,cloudflare_catchup,cloudflare_catchup_20260726081142_11-15-H1-H2-101-102-39-73,60,73,0,4,T551/1,AB6613,0,46
2026-07-26T14:16:02.475Z,cloudflare_catchup,cloudflare_catchup_20260726081142_11-15-H1-H2-101-102-39-73,60,73,0,9,M172/16,AA7224,0,11
2026-07-26T14:16:02.475Z,cloudflare_catchup,cloudflare_catchup_20260726081142_11-15-H1-H2-101-102-39-73,60,73,0,13,M50,AA2654,0,39
2026-07-26T14:16:02.475Z,cloudflare_catchup,cloudflare_catchup_20260726081142_11-15-H1-H2-101-102-39-73,60,73,0,19,T424,AB6393,0,44
2026-07-26T14:17:02.074Z,cloudflare_catchup,cloudflare_catchup_20260726081142_11-15-H1-H2-101-102-39-73,60,73,0,4,T551/1,AB6613,0,46
2026-07-26T14:17:02.074Z,cloudflare_catchup,cloudflare_catchup_20260726081142_11-15-H1-H2-101-102-39-73,60,73,0,9,M172/16,AA7224,0,47
2026-07-26T14:17:02.074Z,cloudflare_catchup,cloudflare_catchup_20260726081142_11-15-H1-H2-101-102-39-73,60,73,0,13,M50,AA2654,0,40
2026-07-26T14:17:02.074Z,cloudflare_catchup,cloudflare_catchup_20260726081142_11-15-H1-H2-101-102-39-73,60,73,0,19,T424,AB6393,0,48
2026-07-26T14:18:02.678Z,cloudflare_catchup,cloudflare_catchup_20260726081142_11-15-H1-H2-101-102-39-73,60,73,0,4,T551/1,AB6613,0,33
2026-07-26T14:18:02.678Z,cloudflare_catchup,cloudflare_catchup_20260726081142_11-15-H1-H2-101-102-39-73,60,73,0,9,M172/16,AA7224,0,47
2026-07-26T14:18:02.678Z,cloudflare_catchup,cloudflare_catchup_20260726081142_11-15-H1-H2-101-102-39-73,60,73,0,14,M172/7,AA2654,1,21
2026-07-26T14:18:02.678Z,cloudflare_catchup,cloudflare_catchup_20260726081142_11-15-H1-H2-101-102-39-73,60,73,0,20,T559,AB6393,1,44
2026-07-26T14:19:02.048Z,cloudflare_catchup,cloudflare_catchup_20260726081142_11-15-H1-H2-101-102-39-73,60,73,0,5,T425,AB6613,1,21
2026-07-26T14:19:02.048Z,cloudflare_catchup,cloudflare_catchup_20260726081142_11-15-H1-H2-101-102-39-73,60,73,0,9,M172/16,AA7224,0,45
2026-07-26T14:19:02.048Z,cloudflare_catchup,cloudflare_catchup_20260726081142_11-15-H1-H2-101-102-39-73,60,73,0,14,M172/7,AA2654,0,13
2026-07-26T14:19:02.048Z,cloudflare_catchup,cloudflare_catchup_20260726081142_11-15-H1-H2-101-102-39-73,60,73,0,21,T552,AB6393,1,43
2026-07-26T14:20:02.736Z,cloudflare_catchup,cloudflare_catchup_20260726081142_11-15-H1-H2-101-102-39-73,60,73,0,5,T425,AB6613,0,45
2026-07-26T14:20:02.736Z,cloudflare_catchup,cloudflare_catchup_20260726081142_11-15-H1-H2-101-102-39-73,60,73,0,9,M172/16,AA7224,0,37
2026-07-26T14:20:02.736Z,cloudflare_catchup,cloudflare_catchup_20260726081142_11-15-H1-H2-101-102-39-73,60,73,0,14,M172/7,AA2654,0,45
2026-07-26T14:20:02.736Z,cloudflare_catchup,cloudflare_catchup_20260726081142_11-15-H1-H2-101-102-39-73,60,73,0,22,T553,AB6393,0,41
2026-07-26T14:21:01.795Z,cloudflare_catchup,cloudflare_catchup_20260726081142_11-15-H1-H2-101-102-39-73,60,73,0,6,T423,AB6613,1,47
2026-07-26T14:21:01.795Z,cloudflare_catchup,cloudflare_catchup_20260726081142_11-15-H1-H2-101-102-39-73,60,73,0,9,M172/16,AA7224,0,46
2026-07-26T14:21:01.795Z,cloudflare_catchup,cloudflare_catchup_20260726081142_11-15-H1-H2-101-102-39-73,60,73,0,14,M172/7,AA2654,0,48
2026-07-26T14:21:01.795Z,cloudflare_catchup,cloudflare_catchup_20260726081142_11-15-H1-H2-101-102-39-73,60,73,0,23,T554,AB6393,0,42
2026-07-26T14:22:02.452Z,cloudflare_catchup,cloudflare_catchup_20260726081142_11-15-H1-H2-101-102-39-73,60,73,0,7,T421,AB6613,1,3
2026-07-26T14:22:02.452Z,cloudflare_catchup,cloudflare_catchup_20260726081142_11-15-H1-H2-101-102-39-73,60,73,0,9,M172/16,AA7224,0,28
2026-07-26T14:22:02.452Z,cloudflare_catchup,cloudflare_catchup_20260726081142_11-15-H1-H2-101-102-39-73,60,73,0,14,M172/7,AA2654,0,48
2026-07-26T14:22:02.452Z,cloudflare_catchup,cloudflare_catchup_20260726081142_11-15-H1-H2-101-102-39-73,60,73,0,24,T555/2,AB6393,1,34
2026-07-26T14:23:02.211Z,cloudflare_catchup,cloudflare_catchup_20260726081142_11-15-H1-H2-101-102-39-73,60,73,0,7,T421,AB6613,0,30
2026-07-26T14:23:02.211Z,cloudflare_catchup,cloudflare_catchup_20260726081142_11-15-H1-H2-101-102-39-73,60,73,0,10,M247,AA7224,1,13
2026-07-26T14:23:02.211Z,cloudflare_catchup,cloudflare_catchup_20260726081142_11-15-H1-H2-101-102-39-73,60,73,0,14,M172/7,AA2654,0,27
2026-07-26T14:23:02.211Z,cloudflare_catchup,cloudflare_catchup_20260726081142_11-15-H1-H2-101-102-39-73,60,73,0,24,T555/2,AB6393,0,39
2026-07-26T14:24:02.612Z,cloudflare_catchup,cloudflare_catchup_20260726081142_11-15-H1-H2-101-102-39-73,60,73,0,0,T550/4,AA5945,0,26
2026-07-26T14:24:02.612Z,cloudflare_catchup,cloudflare_catchup_20260726081142_11-15-H1-H2-101-102-39-73,60,73,0,7,T421,AB6613,0,43
2026-07-26T14:24:02.612Z,cloudflare_catchup,cloudflare_catchup_20260726081142_11-15-H1-H2-101-102-39-73,60,73,0,11,M231,AA7224,1,38
2026-07-26T14:24:02.612Z,cloudflare_catchup,cloudflare_catchup_20260726081142_11-15-H1-H2-101-102-39-73,60,73,0,15,T430,AA2654,1,48
2026-07-26T14:24:02.612Z,cloudflare_catchup,cloudflare_catchup_20260726081142_11-15-H1-H2-101-102-39-73,60,73,0,25,T550/4,AB6393,1,0
2026-07-26T14:25:03.240Z,cloudflare_catchup,cloudflare_catchup_20260726081142_11-15-H1-H2-101-102-39-73,60,73,0,1,T556,AA5945,1,34
2026-07-26T14:25:03.240Z,cloudflare_catchup,cloudflare_catchup_20260726081142_11-15-H1-H2-101-102-39-73,60,73,0,7,T421,AB6613,0,48
2026-07-26T14:25:03.240Z,cloudflare_catchup,cloudflare_catchup_20260726081142_11-15-H1-H2-101-102-39-73,60,73,0,11,M231,AA7224,0,4
2026-07-26T14:25:03.240Z,cloudflare_catchup,cloudflare_catchup_20260726081142_11-15-H1-H2-101-102-39-73,60,73,0,15,T430,AA2654,0,47
2026-07-26T14:25:03.240Z,cloudflare_catchup,cloudflare_catchup_20260726081142_11-15-H1-H2-101-102-39-73,60,73,0,25,T550/4,AB6393,1,0
2026-07-26T14:26:02.482Z,cloudflare_catchup,cloudflare_catchup_20260726081142_11-15-H1-H2-101-102-39-73,60,73,0,1,T556,AA5945,0,47
2026-07-26T14:26:02.482Z,cloudflare_catchup,cloudflare_catchup_20260726081142_11-15-H1-H2-101-102-39-73,60,73,0,8,T431,AB6613,0,45
2026-07-26T14:26:02.482Z,cloudflare_catchup,cloudflare_catchup_20260726081142_11-15-H1-H2-101-102-39-73,60,73,0,12,M219,AA7224,1,24
2026-07-26T14:26:02.482Z,cloudflare_catchup,cloudflare_catchup_20260726081142_11-15-H1-H2-101-102-39-73,60,73,0,16,T328,AA2654,1,37
2026-07-26T14:26:02.482Z,cloudflare_catchup,cloudflare_catchup_20260726081142_11-15-H1-H2-101-102-39-73,60,73,0,25,T550/4,AB6393,1,0
2026-07-26T14:27:01.908Z,cloudflare_catchup,cloudflare_catchup_20260726081142_11-15-H1-H2-101-102-39-73,60,73,0,2,T557,AA5945,0,38
2026-07-26T14:27:01.908Z,cloudflare_catchup,cloudflare_catchup_20260726081142_11-15-H1-H2-101-102-39-73,60,73,0,8,T431,AB6613,0,37
2026-07-26T14:27:01.908Z,cloudflare_catchup,cloudflare_catchup_20260726081142_11-15-H1-H2-101-102-39-73,60,73,0,12,M219,AA7224,0,25
2026-07-26T14:27:01.908Z,cloudflare_catchup,cloudflare_catchup_20260726081142_11-15-H1-H2-101-102-39-73,60,73,0,16,T328,AA2654,0,45
2026-07-26T14:27:01.908Z,cloudflare_catchup,cloudflare_catchup_20260726081142_11-15-H1-H2-101-102-39-73,60,73,0,25,T550/4,AB6393,1,0
2026-07-26T14:28:02.593Z,cloudflare_catchup,cloudflare_catchup_20260726081142_11-15-H1-H2-101-102-39-73,60,73,0,3,T558,AA5945,0,48
2026-07-26T14:28:02.593Z,cloudflare_catchup,cloudflare_catchup_20260726081142_11-15-H1-H2-101-102-39-73,60,73,0,8,T431,AB6613,0,48
2026-07-26T14:28:02.593Z,cloudflare_catchup,cloudflare_catchup_20260726081142_11-15-H1-H2-101-102-39-73,60,73,0,13,M50,AA7224,0,38
2026-07-26T14:28:02.593Z,cloudflare_catchup,cloudflare_catchup_20260726081142_11-15-H1-H2-101-102-39-73,60,73,0,16,T328,AA2654,0,42
2026-07-26T14:29:01.750Z,cloudflare_catchup,cloudflare_catchup_20260726081142_11-15-H1-H2-101-102-39-73,60,73,0,4,T551/1,AA5945,1,1
2026-07-26T14:29:01.750Z,cloudflare_catchup,cloudflare_catchup_20260726081142_11-15-H1-H2-101-102-39-73,60,73,0,8,T431,AB6613,0,44
2026-07-26T14:29:01.750Z,cloudflare_catchup,cloudflare_catchup_20260726081142_11-15-H1-H2-101-102-39-73,60,73,0,13,M50,AA7224,0,20
2026-07-26T14:29:01.750Z,cloudflare_catchup,cloudflare_catchup_20260726081142_11-15-H1-H2-101-102-39-73,60,73,0,17,T420,AA2654,0,41
2026-07-26T14:30:02.295Z,cloudflare_catchup,cloudflare_catchup_20260726081142_11-15-H1-H2-101-102-39-73,60,73,0,4,T551/1,AA5945,0,47
2026-07-26T14:30:02.295Z,cloudflare_catchup,cloudflare_catchup_20260726081142_11-15-H1-H2-101-102-39-73,60,73,0,8,T431,AB6613,0,45
2026-07-26T14:30:02.295Z,cloudflare_catchup,cloudflare_catchup_20260726081142_11-15-H1-H2-101-102-39-73,60,73,0,13,M50,AA7224,0,6
2026-07-26T14:30:02.295Z,cloudflare_catchup,cloudflare_catchup_20260726081142_11-15-H1-H2-101-102-39-73,60,73,0,18,T422,AA2654,0,15
2026-07-26T14:31:01.853Z,cloudflare_catchup,cloudflare_catchup_20260726081142_11-15-H1-H2-101-102-39-73,60,73,0,4,T551/1,AA5945,0,47
2026-07-26T14:31:01.853Z,cloudflare_catchup,cloudflare_catchup_20260726081142_11-15-H1-H2-101-102-39-73,60,73,0,9,M172/16,AB6613,1,24
2026-07-26T14:31:01.853Z,cloudflare_catchup,cloudflare_catchup_20260726081142_11-15-H1-H2-101-102-39-73,60,73,0,13,M50,AA7224,0,6
2026-07-26T14:31:01.853Z,cloudflare_catchup,cloudflare_catchup_20260726081142_11-15-H1-H2-101-102-39-73,60,73,0,19,T424,AA2654,0,34
2026-07-26T14:32:02.364Z,cloudflare_catchup,cloudflare_catchup_20260726081142_11-15-H1-H2-101-102-39-73,60,73,0,4,T551/1,AA5945,0,48
2026-07-26T14:32:02.364Z,cloudflare_catchup,cloudflare_catchup_20260726081142_11-15-H1-H2-101-102-39-73,60,73,0,9,M172/16,AB6613,0,48
2026-07-26T14:32:02.364Z,cloudflare_catchup,cloudflare_catchup_20260726081142_11-15-H1-H2-101-102-39-73,60,73,0,13,M50,AA7224,0,7
2026-07-26T14:32:02.364Z,cloudflare_catchup,cloudflare_catchup_20260726081142_11-15-H1-H2-101-102-39-73,60,73,0,19,T424,AA2654,0,48
2026-07-26T14:33:01.870Z,cloudflare_catchup,cloudflare_catchup_20260726081142_11-15-H1-H2-101-102-39-73,60,73,0,5,T425,AA5945,0,45
2026-07-26T14:33:01.870Z,cloudflare_catchup,cloudflare_catchup_20260726081142_11-15-H1-H2-101-102-39-73,60,73,0,9,M172/16,AB6613,0,48
2026-07-26T14:33:01.870Z,cloudflare_catchup,cloudflare_catchup_20260726081142_11-15-H1-H2-101-102-39-73,60,73,0,13,M50,AA7224,0,43
2026-07-26T14:33:01.870Z,cloudflare_catchup,cloudflare_catchup_20260726081142_11-15-H1-H2-101-102-39-73,60,73,0,19,T424,AA2654,0,49
2026-07-26T14:34:02.597Z,cloudflare_catchup,cloudflare_catchup_20260726081142_11-15-H1-H2-101-102-39-73,60,73,0,6,T423,AA5945,1,41
2026-07-26T14:34:02.597Z,cloudflare_catchup,cloudflare_catchup_20260726081142_11-15-H1-H2-101-102-39-73,60,73,0,9,M172/16,AB6613,0,48
2026-07-26T14:34:02.597Z,cloudflare_catchup,cloudflare_catchup_20260726081142_11-15-H1-H2-101-102-39-73,60,73,0,13,M50,AA7224,0,48
2026-07-26T14:34:02.597Z,cloudflare_catchup,cloudflare_catchup_20260726081142_11-15-H1-H2-101-102-39-73,60,73,0,20,T559,AA2654,1,46
2026-07-26T14:35:03.458Z,cloudflare_catchup,cloudflare_catchup_20260726081142_11-15-H1-H2-101-102-39-73,60,73,0,6,T423,AA5945,0,16
2026-07-26T14:35:03.458Z,cloudflare_catchup,cloudflare_catchup_20260726081142_11-15-H1-H2-101-102-39-73,60,73,0,9,M172/16,AB6613,0,48
2026-07-26T14:35:03.458Z,cloudflare_catchup,cloudflare_catchup_20260726081142_11-15-H1-H2-101-102-39-73,60,73,0,13,M50,AA7224,0,34
2026-07-26T14:35:03.458Z,cloudflare_catchup,cloudflare_catchup_20260726081142_11-15-H1-H2-101-102-39-73,60,73,0,20,T559,AA2654,0,46
2026-07-26T14:36:02.534Z,cloudflare_catchup,cloudflare_catchup_20260726081142_11-15-H1-H2-101-102-39-73,60,73,0,7,T421,AA5945,0,30
2026-07-26T14:36:02.534Z,cloudflare_catchup,cloudflare_catchup_20260726081142_11-15-H1-H2-101-102-39-73,60,73,0,9,M172/16,AB6613,0,23
2026-07-26T14:36:02.534Z,cloudflare_catchup,cloudflare_catchup_20260726081142_11-15-H1-H2-101-102-39-73,60,73,0,13,M50,AA7224,0,35
2026-07-26T14:36:02.534Z,cloudflare_catchup,cloudflare_catchup_20260726081142_11-15-H1-H2-101-102-39-73,60,73,0,22,T553,AA2654,0,48
2026-07-26T14:37:01.839Z,cloudflare_catchup,cloudflare_catchup_20260726081142_11-15-H1-H2-101-102-39-73,60,73,0,7,T421,AA5945,0,42
2026-07-26T14:37:01.839Z,cloudflare_catchup,cloudflare_catchup_20260726081142_11-15-H1-H2-101-102-39-73,60,73,0,9,M172/16,AB6613,0,28
2026-07-26T14:37:01.839Z,cloudflare_catchup,cloudflare_catchup_20260726081142_11-15-H1-H2-101-102-39-73,60,73,0,13,M50,AA7224,0,32
2026-07-26T14:37:01.839Z,cloudflare_catchup,cloudflare_catchup_20260726081142_11-15-H1-H2-101-102-39-73,60,73,0,23,T554,AA2654,0,49
2026-07-26T14:38:02.372Z,cloudflare_catchup,cloudflare_catchup_20260726081142_11-15-H1-H2-101-102-39-73,60,73,0,7,T421,AA5945,0,50
2026-07-26T14:38:02.372Z,cloudflare_catchup,cloudflare_catchup_20260726081142_11-15-H1-H2-101-102-39-73,60,73,0,9,M172/16,AB6613,0,11
2026-07-26T14:38:02.372Z,cloudflare_catchup,cloudflare_catchup_20260726081142_11-15-H1-H2-101-102-39-73,60,73,0,14,M172/7,AA7224,0,10
2026-07-26T14:38:02.372Z,cloudflare_catchup,cloudflare_catchup_20260726081142_11-15-H1-H2-101-102-39-73,60,73,0,24,T555/2,AA2654,0,3
2026-07-26T14:39:02.288Z,cloudflare_catchup,cloudflare_catchup_20260726081142_11-15-H1-H2-101-102-39-73,60,73,0,0,T550/4,AB6393,0,25
2026-07-26T14:39:02.288Z,cloudflare_catchup,cloudflare_catchup_20260726081142_11-15-H1-H2-101-102-39-73,60,73,0,8,T431,AA5945,1,38
2026-07-26T14:39:02.288Z,cloudflare_catchup,cloudflare_catchup_20260726081142_11-15-H1-H2-101-102-39-73,60,73,0,10,M247,AB6613,0,24
2026-07-26T14:39:02.288Z,cloudflare_catchup,cloudflare_catchup_20260726081142_11-15-H1-H2-101-102-39-73,60,73,0,14,M172/7,AA7224,0,44
2026-07-26T14:39:02.288Z,cloudflare_catchup,cloudflare_catchup_20260726081142_11-15-H1-H2-101-102-39-73,60,73,0,25,T550/4,AA2654,1,0
2026-07-26T14:40:03.085Z,cloudflare_catchup,cloudflare_catchup_20260726081142_11-15-H1-H2-101-102-39-73,60,73,0,1,T556,AB6393,0,42
2026-07-26T14:40:03.085Z,cloudflare_catchup,cloudflare_catchup_20260726081142_11-15-H1-H2-101-102-39-73,60,73,0,8,T431,AA5945,0,48
2026-07-26T14:40:03.085Z,cloudflare_catchup,cloudflare_catchup_20260726081142_11-15-H1-H2-101-102-39-73,60,73,0,11,M231,AB6613,0,27
2026-07-26T14:40:03.085Z,cloudflare_catchup,cloudflare_catchup_20260726081142_11-15-H1-H2-101-102-39-73,60,73,0,14,M172/7,AA7224,0,46
2026-07-26T14:40:03.085Z,cloudflare_catchup,cloudflare_catchup_20260726081142_11-15-H1-H2-101-102-39-73,60,73,0,25,T550/4,AA2654,1,0
2026-07-26T14:41:01.813Z,cloudflare_catchup,cloudflare_catchup_20260726081142_11-15-H1-H2-101-102-39-73,60,73,0,2,T557,AB6393,1,28
2026-07-26T14:41:01.813Z,cloudflare_catchup,cloudflare_catchup_20260726081142_11-15-H1-H2-101-102-39-73,60,73,0,8,T431,AA5945,0,48
2026-07-26T14:41:01.813Z,cloudflare_catchup,cloudflare_catchup_20260726081142_11-15-H1-H2-101-102-39-73,60,73,0,11,M231,AB6613,0,32
2026-07-26T14:41:01.813Z,cloudflare_catchup,cloudflare_catchup_20260726081142_11-15-H1-H2-101-102-39-73,60,73,0,14,M172/7,AA7224,0,47
2026-07-26T14:41:01.813Z,cloudflare_catchup,cloudflare_catchup_20260726081142_11-15-H1-H2-101-102-39-73,60,73,0,25,T550/4,AA2654,1,0
2026-07-26T14:42:02.403Z,cloudflare_catchup,cloudflare_catchup_20260726081142_11-15-H1-H2-101-102-39-73,60,73,0,3,T558,AB6393,1,3
2026-07-26T14:42:02.403Z,cloudflare_catchup,cloudflare_catchup_20260726081142_11-15-H1-H2-101-102-39-73,60,73,0,8,T431,AA5945,0,44
2026-07-26T14:42:02.403Z,cloudflare_catchup,cloudflare_catchup_20260726081142_11-15-H1-H2-101-102-39-73,60,73,0,12,M219,AB6613,0,29
2026-07-26T14:42:02.403Z,cloudflare_catchup,cloudflare_catchup_20260726081142_11-15-H1-H2-101-102-39-73,60,73,0,14,M172/7,AA7224,0,9
2026-07-26T14:42:02.403Z,cloudflare_catchup,cloudflare_catchup_20260726081142_11-15-H1-H2-101-102-39-73,60,73,0,25,T550/4,AA2654,1,0
2026-07-26T14:43:01.799Z,cloudflare_catchup,cloudflare_catchup_20260726081142_11-15-H1-H2-101-102-39-73,60,73,0,3,T558,AB6393,0,48
2026-07-26T14:43:01.799Z,cloudflare_catchup,cloudflare_catchup_20260726081142_11-15-H1-H2-101-102-39-73,60,73,0,8,T431,AA5945,0,45
2026-07-26T14:43:01.799Z,cloudflare_catchup,cloudflare_catchup_20260726081142_11-15-H1-H2-101-102-39-73,60,73,0,13,M50,AB6613,0,44
2026-07-26T14:43:01.799Z,cloudflare_catchup,cloudflare_catchup_20260726081142_11-15-H1-H2-101-102-39-73,60,73,0,15,T430,AA7224,1,48
2026-07-26T14:43:01.799Z,cloudflare_catchup,cloudflare_catchup_20260726081142_11-15-H1-H2-101-102-39-73,60,73,0,25,T550/4,AA2654,1,0
2026-07-26T14:44:02.443Z,cloudflare_catchup,cloudflare_catchup_20260726081142_11-15-H1-H2-101-102-39-73,60,73,0,4,T551/1,AB6393,1,2
2026-07-26T14:44:02.443Z,cloudflare_catchup,cloudflare_catchup_20260726081142_11-15-H1-H2-101-102-39-73,60,73,0,9,M172/16,AA5945,1,2
2026-07-26T14:44:02.443Z,cloudflare_catchup,cloudflare_catchup_20260726081142_11-15-H1-H2-101-102-39-73,60,73,0,13,M50,AB6613,0,8
2026-07-26T14:44:02.443Z,cloudflare_catchup,cloudflare_catchup_20260726081142_11-15-H1-H2-101-102-39-73,60,73,0,15,T430,AA7224,0,48
2026-07-26T14:45:03.234Z,cloudflare_catchup,cloudflare_catchup_20260726081142_11-15-H1-H2-101-102-39-73,60,73,0,4,T551/1,AB6393,0,49
2026-07-26T14:45:03.234Z,cloudflare_catchup,cloudflare_catchup_20260726081142_11-15-H1-H2-101-102-39-73,60,73,0,9,M172/16,AA5945,0,49
2026-07-26T14:45:03.234Z,cloudflare_catchup,cloudflare_catchup_20260726081142_11-15-H1-H2-101-102-39-73,60,73,0,13,M50,AB6613,0,8
2026-07-26T14:45:03.234Z,cloudflare_catchup,cloudflare_catchup_20260726081142_11-15-H1-H2-101-102-39-73,60,73,0,15,T430,AA7224,0,22
2026-07-26T14:46:02.337Z,cloudflare_catchup,cloudflare_catchup_20260726081142_11-15-H1-H2-101-102-39-73,60,73,0,4,T551/1,AB6393,0,49
2026-07-26T14:46:02.337Z,cloudflare_catchup,cloudflare_catchup_20260726081142_11-15-H1-H2-101-102-39-73,60,73,0,9,M172/16,AA5945,0,48
2026-07-26T14:46:02.337Z,cloudflare_catchup,cloudflare_catchup_20260726081142_11-15-H1-H2-101-102-39-73,60,73,0,13,M50,AB6613,0,41
2026-07-26T14:46:02.337Z,cloudflare_catchup,cloudflare_catchup_20260726081142_11-15-H1-H2-101-102-39-73,60,73,0,16,T328,AA7224,0,48
2026-07-26T14:47:01.760Z,cloudflare_catchup,cloudflare_catchup_20260726081142_11-15-H1-H2-101-102-39-73,60,73,0,5,T425,AB6393,1,37
2026-07-26T14:47:01.760Z,cloudflare_catchup,cloudflare_catchup_20260726081142_11-15-H1-H2-101-102-39-73,60,73,0,9,M172/16,AA5945,0,42
2026-07-26T14:47:01.760Z,cloudflare_catchup,cloudflare_catchup_20260726081142_11-15-H1-H2-101-102-39-73,60,73,0,13,M50,AB6613,0,48
2026-07-26T14:47:01.760Z,cloudflare_catchup,cloudflare_catchup_20260726081142_11-15-H1-H2-101-102-39-73,60,73,0,17,T420,AA7224,1,49
2026-07-26T14:48:02.521Z,cloudflare_catchup,cloudflare_catchup_20260726081142_11-15-H1-H2-101-102-39-73,60,73,0,5,T425,AB6393,0,48
2026-07-26T14:48:02.521Z,cloudflare_catchup,cloudflare_catchup_20260726081142_11-15-H1-H2-101-102-39-73,60,73,0,9,M172/16,AA5945,0,44
2026-07-26T14:48:02.521Z,cloudflare_catchup,cloudflare_catchup_20260726081142_11-15-H1-H2-101-102-39-73,60,73,0,13,M50,AB6613,0,37
2026-07-26T14:48:02.521Z,cloudflare_catchup,cloudflare_catchup_20260726081142_11-15-H1-H2-101-102-39-73,60,73,0,18,T422,AA7224,1,48
2026-07-26T14:49:01.736Z,cloudflare_catchup,cloudflare_catchup_20260726081142_11-15-H1-H2-101-102-39-73,60,73,0,6,T423,AB6393,0,22
2026-07-26T14:49:01.736Z,cloudflare_catchup,cloudflare_catchup_20260726081142_11-15-H1-H2-101-102-39-73,60,73,0,9,M172/16,AA5945,0,29
2026-07-26T14:49:01.736Z,cloudflare_catchup,cloudflare_catchup_20260726081142_11-15-H1-H2-101-102-39-73,60,73,0,14,M172/7,AB6613,1,19
2026-07-26T14:49:01.736Z,cloudflare_catchup,cloudflare_catchup_20260726081142_11-15-H1-H2-101-102-39-73,60,73,0,18,T422,AA7224,0,46
2026-07-26T14:50:02.504Z,cloudflare_catchup,cloudflare_catchup_20260726081142_11-15-H1-H2-101-102-39-73,60,73,0,7,T421,AB6393,0,47
2026-07-26T14:50:02.504Z,cloudflare_catchup,cloudflare_catchup_20260726081142_11-15-H1-H2-101-102-39-73,60,73,0,9,M172/16,AA5945,0,37
2026-07-26T14:50:02.504Z,cloudflare_catchup,cloudflare_catchup_20260726081142_11-15-H1-H2-101-102-39-73,60,73,0,14,M172/7,AB6613,0,41
2026-07-26T14:50:02.504Z,cloudflare_catchup,cloudflare_catchup_20260726081142_11-15-H1-H2-101-102-39-73,60,73,0,19,T424,AA7224,0,42
2026-07-26T14:51:01.766Z,cloudflare_catchup,cloudflare_catchup_20260726081142_11-15-H1-H2-101-102-39-73,60,73,0,7,T421,AB6393,0,46
2026-07-26T14:51:01.766Z,cloudflare_catchup,cloudflare_catchup_20260726081142_11-15-H1-H2-101-102-39-73,60,73,0,9,M172/16,AA5945,0,29
2026-07-26T14:51:01.766Z,cloudflare_catchup,cloudflare_catchup_20260726081142_11-15-H1-H2-101-102-39-73,60,73,0,14,M172/7,AB6613,0,44
2026-07-26T14:51:01.766Z,cloudflare_catchup,cloudflare_catchup_20260726081142_11-15-H1-H2-101-102-39-73,60,73,0,19,T424,AA7224,0,44
2026-07-26T14:52:02.537Z,cloudflare_catchup,cloudflare_catchup_20260726081142_11-15-H1-H2-101-102-39-73,60,73,0,7,T421,AB6393,0,47
2026-07-26T14:52:02.537Z,cloudflare_catchup,cloudflare_catchup_20260726081142_11-15-H1-H2-101-102-39-73,60,73,0,10,M247,AA5945,1,36
2026-07-26T14:52:02.537Z,cloudflare_catchup,cloudflare_catchup_20260726081142_11-15-H1-H2-101-102-39-73,60,73,0,14,M172/7,AB6613,0,50
2026-07-26T14:52:02.537Z,cloudflare_catchup,cloudflare_catchup_20260726081142_11-15-H1-H2-101-102-39-73,60,73,0,19,T424,AA7224,0,49
2026-07-26T14:53:02.256Z,cloudflare_catchup,cloudflare_catchup_20260726081142_11-15-H1-H2-101-102-39-73,60,73,0,8,T431,AB6393,0,49
2026-07-26T14:53:02.256Z,cloudflare_catchup,cloudflare_catchup_20260726081142_11-15-H1-H2-101-102-39-73,60,73,0,11,M231,AA5945,1,6
2026-07-26T14:53:02.256Z,cloudflare_catchup,cloudflare_catchup_20260726081142_11-15-H1-H2-101-102-39-73,60,73,0,14,M172/7,AB6613,0,48
2026-07-26T14:53:02.256Z,cloudflare_catchup,cloudflare_catchup_20260726081142_11-15-H1-H2-101-102-39-73,60,73,0,21,T552,AA7224,0,32
2026-07-26T14:54:02.845Z,cloudflare_catchup,cloudflare_catchup_20260726081142_11-15-H1-H2-101-102-39-73,60,73,0,8,T431,AB6393,0,38
2026-07-26T14:54:02.845Z,cloudflare_catchup,cloudflare_catchup_20260726081142_11-15-H1-H2-101-102-39-73,60,73,0,12,M219,AA5945,1,12
2026-07-26T14:54:02.845Z,cloudflare_catchup,cloudflare_catchup_20260726081142_11-15-H1-H2-101-102-39-73,60,73,0,14,M172/7,AB6613,0,47
2026-07-26T14:54:02.845Z,cloudflare_catchup,cloudflare_catchup_20260726081142_11-15-H1-H2-101-102-39-73,60,73,0,21,T552,AA7224,0,18
2026-07-26T14:55:03.640Z,cloudflare_catchup,cloudflare_catchup_20260726081142_11-15-H1-H2-101-102-39-73,60,73,0,8,T431,AB6393,0,47
2026-07-26T14:55:03.640Z,cloudflare_catchup,cloudflare_catchup_20260726081142_11-15-H1-H2-101-102-39-73,60,73,0,12,M219,AA5945,0,1
2026-07-26T14:55:03.640Z,cloudflare_catchup,cloudflare_catchup_20260726081142_11-15-H1-H2-101-102-39-73,60,73,0,15,T430,AB6613,0,44
2026-07-26T14:55:03.640Z,cloudflare_catchup,cloudflare_catchup_20260726081142_11-15-H1-H2-101-102-39-73,60,73,0,21,T552,AA7224,0,40
2026-07-26T14:56:02.512Z,cloudflare_catchup,cloudflare_catchup_20260726081142_11-15-H1-H2-101-102-39-73,60,73,0,0,T550/4,AA2654,1,8
2026-07-26T14:56:02.512Z,cloudflare_catchup,cloudflare_catchup_20260726081142_11-15-H1-H2-101-102-39-73,60,73,0,8,T431,AB6393,0,43
2026-07-26T14:56:02.512Z,cloudflare_catchup,cloudflare_catchup_20260726081142_11-15-H1-H2-101-102-39-73,60,73,0,13,M50,AA5945,0,37
2026-07-26T14:56:02.512Z,cloudflare_catchup,cloudflare_catchup_20260726081142_11-15-H1-H2-101-102-39-73,60,73,0,15,T430,AB6613,0,4
2026-07-26T14:56:02.512Z,cloudflare_catchup,cloudflare_catchup_20260726081142_11-15-H1-H2-101-102-39-73,60,73,0,23,T554,AA7224,0,36
2026-07-26T14:57:01.876Z,cloudflare_catchup,cloudflare_catchup_20260726081142_11-15-H1-H2-101-102-39-73,60,73,0,1,T556,AA2654,1,22
2026-07-26T14:57:01.876Z,cloudflare_catchup,cloudflare_catchup_20260726081142_11-15-H1-H2-101-102-39-73,60,73,0,8,T431,AB6393,0,48
2026-07-26T14:57:01.876Z,cloudflare_catchup,cloudflare_catchup_20260726081142_11-15-H1-H2-101-102-39-73,60,73,0,13,M50,AA5945,0,37
2026-07-26T14:57:01.876Z,cloudflare_catchup,cloudflare_catchup_20260726081142_11-15-H1-H2-101-102-39-73,60,73,0,16,T328,AB6613,0,42
2026-07-26T14:57:01.876Z,cloudflare_catchup,cloudflare_catchup_20260726081142_11-15-H1-H2-101-102-39-73,60,73,0,23,T554,AA7224,0,29
2026-07-26T14:58:02.390Z,cloudflare_catchup,cloudflare_catchup_20260726081142_11-15-H1-H2-101-102-39-73,60,73,0,1,T556,AA2654,0,44
2026-07-26T14:58:02.390Z,cloudflare_catchup,cloudflare_catchup_20260726081142_11-15-H1-H2-101-102-39-73,60,73,0,9,M172/16,AB6393,1,41
2026-07-26T14:58:02.390Z,cloudflare_catchup,cloudflare_catchup_20260726081142_11-15-H1-H2-101-102-39-73,60,73,0,13,M50,AA5945,0,43
2026-07-26T14:58:02.390Z,cloudflare_catchup,cloudflare_catchup_20260726081142_11-15-H1-H2-101-102-39-73,60,73,0,16,T328,AB6613,0,29
2026-07-26T14:58:02.390Z,cloudflare_catchup,cloudflare_catchup_20260726081142_11-15-H1-H2-101-102-39-73,60,73,0,24,T555/2,AA7224,0,31
2026-07-26T14:59:01.792Z,cloudflare_catchup,cloudflare_catchup_20260726081142_11-15-H1-H2-101-102-39-73,60,73,0,2,T557,AA2654,0,23
2026-07-26T14:59:01.792Z,cloudflare_catchup,cloudflare_catchup_20260726081142_11-15-H1-H2-101-102-39-73,60,73,0,9,M172/16,AB6393,0,5
2026-07-26T14:59:01.792Z,cloudflare_catchup,cloudflare_catchup_20260726081142_11-15-H1-H2-101-102-39-73,60,73,0,13,M50,AA5945,0,48
2026-07-26T14:59:01.792Z,cloudflare_catchup,cloudflare_catchup_20260726081142_11-15-H1-H2-101-102-39-73,60,73,0,17,T420,AB6613,0,34
2026-07-26T14:59:01.792Z,cloudflare_catchup,cloudflare_catchup_20260726081142_11-15-H1-H2-101-102-39-73,60,73,0,25,T550/4,AA7224,1,0
2026-07-26T15:00:02.199Z,cloudflare_catchup,cloudflare_catchup_20260726081142_11-15-H1-H2-101-102-39-73,60,73,0,3,T558,AA2654,0,37
2026-07-26T15:00:02.199Z,cloudflare_catchup,cloudflare_catchup_20260726081142_11-15-H1-H2-101-102-39-73,60,73,0,9,M172/16,AB6393,0,40
2026-07-26T15:00:02.199Z,cloudflare_catchup,cloudflare_catchup_20260726081142_11-15-H1-H2-101-102-39-73,60,73,0,13,M50,AA5945,0,48
2026-07-26T15:00:02.199Z,cloudflare_catchup,cloudflare_catchup_20260726081142_11-15-H1-H2-101-102-39-73,60,73,0,18,T422,AB6613,0,3
2026-07-26T15:00:02.199Z,cloudflare_catchup,cloudflare_catchup_20260726081142_11-15-H1-H2-101-102-39-73,60,73,0,25,T550/4,AA7224,1,0
2026-07-26T15:01:01.872Z,cloudflare_catchup,cloudflare_catchup_20260726081142_11-15-H1-H2-101-102-39-73,60,73,0,4,T551/1,AA2654,1,4
2026-07-26T15:01:01.872Z,cloudflare_catchup,cloudflare_catchup_20260726081142_11-15-H1-H2-101-102-39-73,60,73,0,9,M172/16,AB6393,0,49
2026-07-26T15:01:01.872Z,cloudflare_catchup,cloudflare_catchup_20260726081142_11-15-H1-H2-101-102-39-73,60,73,0,13,M50,AA5945,0,36
2026-07-26T15:01:01.872Z,cloudflare_catchup,cloudflare_catchup_20260726081142_11-15-H1-H2-101-102-39-73,60,73,0,19,T424,AB6613,0,33
2026-07-26T15:01:01.872Z,cloudflare_catchup,cloudflare_catchup_20260726081142_11-15-H1-H2-101-102-39-73,60,73,0,25,T550/4,AA7224,1,0
2026-07-26T15:02:02.595Z,cloudflare_catchup,cloudflare_catchup_20260726081142_11-15-H1-H2-101-102-39-73,60,73,0,4,T551/1,AA2654,0,47
2026-07-26T15:02:02.595Z,cloudflare_catchup,cloudflare_catchup_20260726081142_11-15-H1-H2-101-102-39-73,60,73,0,9,M172/16,AB6393,0,39
2026-07-26T15:02:02.595Z,cloudflare_catchup,cloudflare_catchup_20260726081142_11-15-H1-H2-101-102-39-73,60,73,0,13,M50,AA5945,0,46
2026-07-26T15:02:02.595Z,cloudflare_catchup,cloudflare_catchup_20260726081142_11-15-H1-H2-101-102-39-73,60,73,0,19,T424,AB6613,0,47
2026-07-26T15:02:02.595Z,cloudflare_catchup,cloudflare_catchup_20260726081142_11-15-H1-H2-101-102-39-73,60,73,0,25,T550/4,AA7224,1,0
2026-07-26T15:03:01.944Z,cloudflare_catchup,cloudflare_catchup_20260726081142_11-15-H1-H2-101-102-39-73,60,73,0,4,T551/1,AA2654,0,49
2026-07-26T15:03:01.944Z,cloudflare_catchup,cloudflare_catchup_20260726081142_11-15-H1-H2-101-102-39-73,60,73,0,9,M172/16,AB6393,0,27
2026-07-26T15:03:01.944Z,cloudflare_catchup,cloudflare_catchup_20260726081142_11-15-H1-H2-101-102-39-73,60,73,0,14,M172/7,AA5945,0,11
2026-07-26T15:03:01.944Z,cloudflare_catchup,cloudflare_catchup_20260726081142_11-15-H1-H2-101-102-39-73,60,73,0,19,T424,AB6613,0,44
2026-07-26T15:03:01.944Z,cloudflare_catchup,cloudflare_catchup_20260726081142_11-15-H1-H2-101-102-39-73,60,73,0,25,T550/4,AA7224,1,0
2026-07-26T15:04:02.522Z,cloudflare_catchup,cloudflare_catchup_20260726081142_11-15-H1-H2-101-102-39-73,60,73,0,4,T551/1,AA2654,0,44
2026-07-26T15:04:02.522Z,cloudflare_catchup,cloudflare_catchup_20260726081142_11-15-H1-H2-101-102-39-73,60,73,0,9,M172/16,AB6393,0,26
2026-07-26T15:04:02.522Z,cloudflare_catchup,cloudflare_catchup_20260726081142_11-15-H1-H2-101-102-39-73,60,73,0,14,M172/7,AA5945,0,47
2026-07-26T15:04:02.522Z,cloudflare_catchup,cloudflare_catchup_20260726081142_11-15-H1-H2-101-102-39-73,60,73,0,19,T424,AB6613,0,40
2026-07-26T15:05:03.335Z,cloudflare_catchup,cloudflare_catchup_20260726081142_11-15-H1-H2-101-102-39-73,60,73,0,5,T425,AA2654,0,45
2026-07-26T15:05:03.335Z,cloudflare_catchup,cloudflare_catchup_20260726081142_11-15-H1-H2-101-102-39-73,60,73,0,9,M172/16,AB6393,0,8
2026-07-26T15:05:03.335Z,cloudflare_catchup,cloudflare_catchup_20260726081142_11-15-H1-H2-101-102-39-73,60,73,0,14,M172/7,AA5945,0,47
2026-07-26T15:05:03.335Z,cloudflare_catchup,cloudflare_catchup_20260726081142_11-15-H1-H2-101-102-39-73,60,73,0,21,T552,AB6613,1,48
2026-07-26T15:06:02.678Z,cloudflare_catchup,cloudflare_catchup_20260726081142_11-15-H1-H2-101-102-39-73,60,73,0,6,T423,AA2654,1,1
2026-07-26T15:06:02.678Z,cloudflare_catchup,cloudflare_catchup_20260726081142_11-15-H1-H2-101-102-39-73,60,73,0,10,M247,AB6393,1,27
2026-07-26T15:06:02.678Z,cloudflare_catchup,cloudflare_catchup_20260726081142_11-15-H1-H2-101-102-39-73,60,73,0,14,M172/7,AA5945,0,48
2026-07-26T15:06:02.678Z,cloudflare_catchup,cloudflare_catchup_20260726081142_11-15-H1-H2-101-102-39-73,60,73,0,23,T554,AB6613,1,30
2026-07-26T15:07:01.862Z,cloudflare_catchup,cloudflare_catchup_20260726081142_11-15-H1-H2-101-102-39-73,60,73,0,7,T421,AA2654,1,49
2026-07-26T15:07:01.862Z,cloudflare_catchup,cloudflare_catchup_20260726081142_11-15-H1-H2-101-102-39-73,60,73,0,11,M231,AB6393,0,47
2026-07-26T15:07:01.862Z,cloudflare_catchup,cloudflare_catchup_20260726081142_11-15-H1-H2-101-102-39-73,60,73,0,14,M172/7,AA5945,0,47
2026-07-26T15:07:01.862Z,cloudflare_catchup,cloudflare_catchup_20260726081142_11-15-H1-H2-101-102-39-73,60,73,0,23,T554,AB6613,0,34
2026-07-26T15:08:02.438Z,cloudflare_catchup,cloudflare_catchup_20260726081142_11-15-H1-H2-101-102-39-73,60,73,0,7,T421,AA2654,0,1
2026-07-26T15:08:02.438Z,cloudflare_catchup,cloudflare_catchup_20260726081142_11-15-H1-H2-101-102-39-73,60,73,0,12,M219,AB6393,1,18
2026-07-26T15:08:02.438Z,cloudflare_catchup,cloudflare_catchup_20260726081142_11-15-H1-H2-101-102-39-73,60,73,0,14,M172/7,AA5945,0,49
2026-07-26T15:08:02.438Z,cloudflare_catchup,cloudflare_catchup_20260726081142_11-15-H1-H2-101-102-39-73,60,73,0,24,T555/2,AB6613,0,35
2026-07-26T15:09:01.985Z,cloudflare_catchup,cloudflare_catchup_20260726081142_11-15-H1-H2-101-102-39-73,60,73,0,7,T421,AA2654,0,43
2026-07-26T15:09:01.985Z,cloudflare_catchup,cloudflare_catchup_20260726081142_11-15-H1-H2-101-102-39-73,60,73,0,12,M219,AB6393,0,17
2026-07-26T15:09:01.985Z,cloudflare_catchup,cloudflare_catchup_20260726081142_11-15-H1-H2-101-102-39-73,60,73,0,15,T430,AA5945,0,47
2026-07-26T15:09:01.985Z,cloudflare_catchup,cloudflare_catchup_20260726081142_11-15-H1-H2-101-102-39-73,60,73,0,25,T550/4,AB6613,1,0
2026-07-26T15:10:02.787Z,cloudflare_catchup,cloudflare_catchup_20260726081142_11-15-H1-H2-101-102-39-73,60,73,0,0,T550/4,AA7224,0,37
2026-07-26T15:10:02.787Z,cloudflare_catchup,cloudflare_catchup_20260726081142_11-15-H1-H2-101-102-39-73,60,73,0,7,T421,AA2654,0,47
2026-07-26T15:10:02.787Z,cloudflare_catchup,cloudflare_catchup_20260726081142_11-15-H1-H2-101-102-39-73,60,73,0,12,M219,AB6393,0,17
2026-07-26T15:10:02.787Z,cloudflare_catchup,cloudflare_catchup_20260726081142_11-15-H1-H2-101-102-39-73,60,73,0,15,T430,AA5945,0,35
2026-07-26T15:10:02.787Z,cloudflare_catchup,cloudflare_catchup_20260726081142_11-15-H1-H2-101-102-39-73,60,73,0,25,T550/4,AB6613,1,0
2026-07-26T15:11:02.191Z,cloudflare_catchup,cloudflare_catchup_20260726081142_11-15-H1-H2-101-102-39-73,60,73,0,1,T556,AA7224,1,6
2026-07-26T15:11:02.191Z,cloudflare_catchup,cloudflare_catchup_20260726081142_11-15-H1-H2-101-102-39-73,60,73,0,7,T421,AA2654,0,33
2026-07-26T15:11:02.191Z,cloudflare_catchup,cloudflare_catchup_20260726081142_11-15-H1-H2-101-102-39-73,60,73,0,13,M50,AB6393,0,36
2026-07-26T15:11:02.191Z,cloudflare_catchup,cloudflare_catchup_20260726081142_11-15-H1-H2-101-102-39-73,60,73,0,16,T328,AA5945,0,49
2026-07-26T15:11:02.191Z,cloudflare_catchup,cloudflare_catchup_20260726081142_11-15-H1-H2-101-102-39-73,60,73,0,25,T550/4,AB6613,1,0
2026-07-26T15:12:02.673Z,cloudflare_catchup,cloudflare_catchup_20260726081142_11-15-H1-H2-101-102-39-73,60,73,0,1,T556,AA7224,0,49
2026-07-26T15:12:02.673Z,cloudflare_catchup,cloudflare_catchup_20260726081142_11-15-H1-H2-101-102-39-73,60,73,0,8,T431,AA2654,0,43
2026-07-26T15:12:02.673Z,cloudflare_catchup,cloudflare_catchup_20260726081142_11-15-H1-H2-101-102-39-73,60,73,0,13,M50,AB6393,0,48
2026-07-26T15:12:02.673Z,cloudflare_catchup,cloudflare_catchup_20260726081142_11-15-H1-H2-101-102-39-73,60,73,0,17,T420,AA5945,1,36
2026-07-26T15:12:02.673Z,cloudflare_catchup,cloudflare_catchup_20260726081142_11-15-H1-H2-101-102-39-73,60,73,0,25,T550/4,AB6613,1,0
2026-07-26T15:13:02.295Z,cloudflare_catchup,cloudflare_catchup_20260726081142_11-15-H1-H2-101-102-39-73,60,73,0,2,T557,AA7224,0,36
2026-07-26T15:13:02.295Z,cloudflare_catchup,cloudflare_catchup_20260726081142_11-15-H1-H2-101-102-39-73,60,73,0,8,T431,AA2654,0,47
2026-07-26T15:13:02.295Z,cloudflare_catchup,cloudflare_catchup_20260726081142_11-15-H1-H2-101-102-39-73,60,73,0,13,M50,AB6393,0,47
2026-07-26T15:13:02.295Z,cloudflare_catchup,cloudflare_catchup_20260726081142_11-15-H1-H2-101-102-39-73,60,73,0,18,T422,AA5945,0,44
2026-07-26T15:13:02.295Z,cloudflare_catchup,cloudflare_catchup_20260726081142_11-15-H1-H2-101-102-39-73,60,73,0,25,T550/4,AB6613,1,0
2026-07-26T15:14:02.899Z,cloudflare_catchup,cloudflare_catchup_20260726081142_11-15-H1-H2-101-102-39-73,60,73,0,3,T558,AA7224,0,46
2026-07-26T15:14:02.899Z,cloudflare_catchup,cloudflare_catchup_20260726081142_11-15-H1-H2-101-102-39-73,60,73,0,8,T431,AA2654,0,44
2026-07-26T15:14:02.899Z,cloudflare_catchup,cloudflare_catchup_20260726081142_11-15-H1-H2-101-102-39-73,60,73,0,13,M50,AB6393,0,42
2026-07-26T15:14:02.899Z,cloudflare_catchup,cloudflare_catchup_20260726081142_11-15-H1-H2-101-102-39-73,60,73,0,18,T422,AA5945,0,8
2026-07-26T15:15:03.510Z,cloudflare_catchup,cloudflare_catchup_20260726081142_11-15-H1-H2-101-102-39-73,60,73,0,3,T558,AA7224,0,49
2026-07-26T15:15:03.510Z,cloudflare_catchup,cloudflare_catchup_20260726081142_11-15-H1-H2-101-102-39-73,60,73,0,8,T431,AA2654,0,49
2026-07-26T15:15:03.510Z,cloudflare_catchup,cloudflare_catchup_20260726081142_11-15-H1-H2-101-102-39-73,60,73,0,13,M50,AB6393,0,37
2026-07-26T15:15:03.510Z,cloudflare_catchup,cloudflare_catchup_20260726081142_11-15-H1-H2-101-102-39-73,60,73,0,19,T424,AA5945,0,26
2026-07-26T15:16:02.804Z,cloudflare_catchup,cloudflare_catchup_20260726081142_11-15-H1-H2-101-102-39-73,60,73,0,4,T551/1,AA7224,0,48
2026-07-26T15:16:02.804Z,cloudflare_catchup,cloudflare_catchup_20260726081142_11-15-H1-H2-101-102-39-73,60,73,0,9,M172/16,AA2654,1,39
2026-07-26T15:16:02.804Z,cloudflare_catchup,cloudflare_catchup_20260726081142_11-15-H1-H2-101-102-39-73,60,73,0,13,M50,AB6393,0,42
2026-07-26T15:16:02.804Z,cloudflare_catchup,cloudflare_catchup_20260726081142_11-15-H1-H2-101-102-39-73,60,73,0,19,T424,AA5945,0,46
2026-07-26T15:17:01.833Z,cloudflare_catchup,cloudflare_catchup_20260726081142_11-15-H1-H2-101-102-39-73,60,73,0,4,T551/1,AA7224,0,47
2026-07-26T15:17:01.833Z,cloudflare_catchup,cloudflare_catchup_20260726081142_11-15-H1-H2-101-102-39-73,60,73,0,9,M172/16,AA2654,1,7
2026-07-26T15:17:01.833Z,cloudflare_catchup,cloudflare_catchup_20260726081142_11-15-H1-H2-101-102-39-73,60,73,0,14,M172/7,AB6393,0,9
2026-07-26T15:17:01.833Z,cloudflare_catchup,cloudflare_catchup_20260726081142_11-15-H1-H2-101-102-39-73,60,73,0,19,T424,AA5945,0,49
2026-07-26T15:18:02.382Z,cloudflare_catchup,cloudflare_catchup_20260726081142_11-15-H1-H2-101-102-39-73,60,73,0,4,T551/1,AA7224,0,47
2026-07-26T15:18:02.382Z,cloudflare_catchup,cloudflare_catchup_20260726081142_11-15-H1-H2-101-102-39-73,60,73,0,9,M172/16,AA2654,0,38
2026-07-26T15:18:02.382Z,cloudflare_catchup,cloudflare_catchup_20260726081142_11-15-H1-H2-101-102-39-73,60,73,0,14,M172/7,AB6393,0,43
2026-07-26T15:18:02.382Z,cloudflare_catchup,cloudflare_catchup_20260726081142_11-15-H1-H2-101-102-39-73,60,73,0,20,T559,AA5945,1,46
2026-07-26T15:19:01.853Z,cloudflare_catchup,cloudflare_catchup_20260726081142_11-15-H1-H2-101-102-39-73,60,73,0,5,T425,AA7224,0,11
2026-07-26T15:19:01.853Z,cloudflare_catchup,cloudflare_catchup_20260726081142_11-15-H1-H2-101-102-39-73,60,73,0,9,M172/16,AA2654,0,43
2026-07-26T15:19:01.853Z,cloudflare_catchup,cloudflare_catchup_20260726081142_11-15-H1-H2-101-102-39-73,60,73,0,14,M172/7,AB6393,0,44
2026-07-26T15:19:01.853Z,cloudflare_catchup,cloudflare_catchup_20260726081142_11-15-H1-H2-101-102-39-73,60,73,0,20,T559,AA5945,0,45
2026-07-26T15:20:02.313Z,cloudflare_catchup,cloudflare_catchup_20260726081142_11-15-H1-H2-101-102-39-73,60,73,0,6,T423,AA7224,0,9
2026-07-26T15:20:02.313Z,cloudflare_catchup,cloudflare_catchup_20260726081142_11-15-H1-H2-101-102-39-73,60,73,0,9,M172/16,AA2654,0,44
2026-07-26T15:20:02.313Z,cloudflare_catchup,cloudflare_catchup_20260726081142_11-15-H1-H2-101-102-39-73,60,73,0,14,M172/7,AB6393,0,48
2026-07-26T15:20:02.313Z,cloudflare_catchup,cloudflare_catchup_20260726081142_11-15-H1-H2-101-102-39-73,60,73,0,22,T553,AA5945,0,40
2026-07-26T15:21:01.830Z,cloudflare_catchup,cloudflare_catchup_20260726081142_11-15-H1-H2-101-102-39-73,60,73,0,7,T421,AA7224,0,29
2026-07-26T15:21:01.830Z,cloudflare_catchup,cloudflare_catchup_20260726081142_11-15-H1-H2-101-102-39-73,60,73,0,9,M172/16,AA2654,0,49
2026-07-26T15:21:01.830Z,cloudflare_catchup,cloudflare_catchup_20260726081142_11-15-H1-H2-101-102-39-73,60,73,0,14,M172/7,AB6393,0,48
2026-07-26T15:21:01.830Z,cloudflare_catchup,cloudflare_catchup_20260726081142_11-15-H1-H2-101-102-39-73,60,73,0,23,T554,AA5945,0,33
2026-07-26T15:22:02.389Z,cloudflare_catchup,cloudflare_catchup_20260726081142_11-15-H1-H2-101-102-39-73,60,73,0,7,T421,AA7224,0,48
2026-07-26T15:22:02.389Z,cloudflare_catchup,cloudflare_catchup_20260726081142_11-15-H1-H2-101-102-39-73,60,73,0,9,M172/16,AA2654,0,27
2026-07-26T15:22:02.389Z,cloudflare_catchup,cloudflare_catchup_20260726081142_11-15-H1-H2-101-102-39-73,60,73,0,14,M172/7,AB6393,0,48
2026-07-26T15:22:02.389Z,cloudflare_catchup,cloudflare_catchup_20260726081142_11-15-H1-H2-101-102-39-73,60,73,0,24,T555/2,AA5945,0,41
2026-07-26T15:23:02.048Z,cloudflare_catchup,cloudflare_catchup_20260726081142_11-15-H1-H2-101-102-39-73,60,73,0,7,T421,AA7224,0,48
2026-07-26T15:23:02.048Z,cloudflare_catchup,cloudflare_catchup_20260726081142_11-15-H1-H2-101-102-39-73,60,73,0,9,M172/16,AA2654,0,9
2026-07-26T15:23:02.048Z,cloudflare_catchup,cloudflare_catchup_20260726081142_11-15-H1-H2-101-102-39-73,60,73,0,15,T430,AB6393,1,12
2026-07-26T15:23:02.048Z,cloudflare_catchup,cloudflare_catchup_20260726081142_11-15-H1-H2-101-102-39-73,60,73,0,25,T550/4,AA5945,1,0
2026-07-26T15:24:02.885Z,cloudflare_catchup,cloudflare_catchup_20260726081142_11-15-H1-H2-101-102-39-73,60,73,0,8,T431,AA7224,1,35
2026-07-26T15:24:02.885Z,cloudflare_catchup,cloudflare_catchup_20260726081142_11-15-H1-H2-101-102-39-73,60,73,0,9,M172/16,AA2654,0,35
2026-07-26T15:24:02.885Z,cloudflare_catchup,cloudflare_catchup_20260726081142_11-15-H1-H2-101-102-39-73,60,73,0,15,T430,AB6393,0,45
2026-07-26T15:24:02.885Z,cloudflare_catchup,cloudflare_catchup_20260726081142_11-15-H1-H2-101-102-39-73,60,73,0,25,T550/4,AA5945,1,0
2026-07-26T15:25:03.694Z,cloudflare_catchup,cloudflare_catchup_20260726081142_11-15-H1-H2-101-102-39-73,60,73,0,1,T556,AB6613,0,33
2026-07-26T15:25:03.694Z,cloudflare_catchup,cloudflare_catchup_20260726081142_11-15-H1-H2-101-102-39-73,60,73,0,8,T431,AA7224,0,48
2026-07-26T15:25:03.694Z,cloudflare_catchup,cloudflare_catchup_20260726081142_11-15-H1-H2-101-102-39-73,60,73,0,10,M247,AA2654,0,28
2026-07-26T15:25:03.694Z,cloudflare_catchup,cloudflare_catchup_20260726081142_11-15-H1-H2-101-102-39-73,60,73,0,16,T328,AB6393,0,44
2026-07-26T15:25:03.694Z,cloudflare_catchup,cloudflare_catchup_20260726081142_11-15-H1-H2-101-102-39-73,60,73,0,25,T550/4,AA5945,1,0
2026-07-26T15:26:02.587Z,cloudflare_catchup,cloudflare_catchup_20260726081142_11-15-H1-H2-101-102-39-73,60,73,0,2,T557,AB6613,0,36
2026-07-26T15:26:02.587Z,cloudflare_catchup,cloudflare_catchup_20260726081142_11-15-H1-H2-101-102-39-73,60,73,0,8,T431,AA7224,0,48
2026-07-26T15:26:02.587Z,cloudflare_catchup,cloudflare_catchup_20260726081142_11-15-H1-H2-101-102-39-73,60,73,0,11,M231,AA2654,0,23
2026-07-26T15:26:02.587Z,cloudflare_catchup,cloudflare_catchup_20260726081142_11-15-H1-H2-101-102-39-73,60,73,0,17,T420,AB6393,1,43
2026-07-26T15:26:02.587Z,cloudflare_catchup,cloudflare_catchup_20260726081142_11-15-H1-H2-101-102-39-73,60,73,0,25,T550/4,AA5945,1,0
2026-07-26T15:27:01.847Z,cloudflare_catchup,cloudflare_catchup_20260726081142_11-15-H1-H2-101-102-39-73,60,73,0,3,T558,AB6613,0,46
2026-07-26T15:27:01.847Z,cloudflare_catchup,cloudflare_catchup_20260726081142_11-15-H1-H2-101-102-39-73,60,73,0,8,T431,AA7224,0,44
2026-07-26T15:27:01.847Z,cloudflare_catchup,cloudflare_catchup_20260726081142_11-15-H1-H2-101-102-39-73,60,73,0,11,M231,AA2654,0,7
2026-07-26T15:27:01.847Z,cloudflare_catchup,cloudflare_catchup_20260726081142_11-15-H1-H2-101-102-39-73,60,73,0,18,T422,AB6393,0,49
2026-07-26T15:27:01.847Z,cloudflare_catchup,cloudflare_catchup_20260726081142_11-15-H1-H2-101-102-39-73,60,73,0,25,T550/4,AA5945,1,0
2026-07-26T15:28:02.511Z,cloudflare_catchup,cloudflare_catchup_20260726081142_11-15-H1-H2-101-102-39-73,60,73,0,4,T551/1,AB6613,1,13
2026-07-26T15:28:02.511Z,cloudflare_catchup,cloudflare_catchup_20260726081142_11-15-H1-H2-101-102-39-73,60,73,0,8,T431,AA7224,0,43
2026-07-26T15:28:02.511Z,cloudflare_catchup,cloudflare_catchup_20260726081142_11-15-H1-H2-101-102-39-73,60,73,0,12,M219,AA2654,1,17
2026-07-26T15:28:02.511Z,cloudflare_catchup,cloudflare_catchup_20260726081142_11-15-H1-H2-101-102-39-73,60,73,0,19,T424,AB6393,0,34
2026-07-26T15:29:01.718Z,cloudflare_catchup,cloudflare_catchup_20260726081142_11-15-H1-H2-101-102-39-73,60,73,0,4,T551/1,AB6613,0,46
2026-07-26T15:29:01.718Z,cloudflare_catchup,cloudflare_catchup_20260726081142_11-15-H1-H2-101-102-39-73,60,73,0,9,M172/16,AA7224,1,31
2026-07-26T15:29:01.718Z,cloudflare_catchup,cloudflare_catchup_20260726081142_11-15-H1-H2-101-102-39-73,60,73,0,13,M50,AA2654,1,1
2026-07-26T15:29:01.718Z,cloudflare_catchup,cloudflare_catchup_20260726081142_11-15-H1-H2-101-102-39-73,60,73,0,19,T424,AB6393,0,47
2026-07-26T15:30:02.391Z,cloudflare_catchup,cloudflare_catchup_20260726081142_11-15-H1-H2-101-102-39-73,60,73,0,4,T551/1,AB6613,0,43
2026-07-26T15:30:02.391Z,cloudflare_catchup,cloudflare_catchup_20260726081142_11-15-H1-H2-101-102-39-73,60,73,0,9,M172/16,AA7224,1,27
2026-07-26T15:30:02.391Z,cloudflare_catchup,cloudflare_catchup_20260726081142_11-15-H1-H2-101-102-39-73,60,73,0,13,M50,AA2654,0,48
2026-07-26T15:30:02.391Z,cloudflare_catchup,cloudflare_catchup_20260726081142_11-15-H1-H2-101-102-39-73,60,73,0,19,T424,AB6393,0,49
2026-07-26T15:31:01.854Z,cloudflare_catchup,cloudflare_catchup_20260726081142_11-15-H1-H2-101-102-39-73,60,73,0,5,T425,AB6613,0,42
2026-07-26T15:31:01.854Z,cloudflare_catchup,cloudflare_catchup_20260726081142_11-15-H1-H2-101-102-39-73,60,73,0,9,M172/16,AA7224,0,6
2026-07-26T15:31:01.854Z,cloudflare_catchup,cloudflare_catchup_20260726081142_11-15-H1-H2-101-102-39-73,60,73,0,13,M50,AA2654,0,9
2026-07-26T15:31:01.854Z,cloudflare_catchup,cloudflare_catchup_20260726081142_11-15-H1-H2-101-102-39-73,60,73,0,20,T559,AB6393,1,24
2026-07-26T15:32:02.475Z,cloudflare_catchup,cloudflare_catchup_20260726081142_11-15-H1-H2-101-102-39-73,60,73,0,6,T423,AB6613,1,4
2026-07-26T15:32:02.475Z,cloudflare_catchup,cloudflare_catchup_20260726081142_11-15-H1-H2-101-102-39-73,60,73,0,9,M172/16,AA7224,0,47
2026-07-26T15:32:02.475Z,cloudflare_catchup,cloudflare_catchup_20260726081142_11-15-H1-H2-101-102-39-73,60,73,0,13,M50,AA2654,0,32
2026-07-26T15:32:02.475Z,cloudflare_catchup,cloudflare_catchup_20260726081142_11-15-H1-H2-101-102-39-73,60,73,0,20,T559,AB6393,0,42
2026-07-26T15:33:01.984Z,cloudflare_catchup,cloudflare_catchup_20260726081142_11-15-H1-H2-101-102-39-73,60,73,0,7,T421,AB6613,1,30
2026-07-26T15:33:01.984Z,cloudflare_catchup,cloudflare_catchup_20260726081142_11-15-H1-H2-101-102-39-73,60,73,0,9,M172/16,AA7224,0,47
2026-07-26T15:33:01.984Z,cloudflare_catchup,cloudflare_catchup_20260726081142_11-15-H1-H2-101-102-39-73,60,73,0,13,M50,AA2654,0,42
2026-07-26T15:33:01.984Z,cloudflare_catchup,cloudflare_catchup_20260726081142_11-15-H1-H2-101-102-39-73,60,73,0,22,T553,AB6393,0,44
2026-07-26T15:34:02.840Z,cloudflare_catchup,cloudflare_catchup_20260726081142_11-15-H1-H2-101-102-39-73,60,73,0,7,T421,AB6613,0,34
2026-07-26T15:34:02.840Z,cloudflare_catchup,cloudflare_catchup_20260726081142_11-15-H1-H2-101-102-39-73,60,73,0,9,M172/16,AA7224,0,39
2026-07-26T15:34:02.840Z,cloudflare_catchup,cloudflare_catchup_20260726081142_11-15-H1-H2-101-102-39-73,60,73,0,13,M50,AA2654,0,34
2026-07-26T15:34:02.840Z,cloudflare_catchup,cloudflare_catchup_20260726081142_11-15-H1-H2-101-102-39-73,60,73,0,23,T554,AB6393,0,41
2026-07-26T15:35:03.325Z,cloudflare_catchup,cloudflare_catchup_20260726081142_11-15-H1-H2-101-102-39-73,60,73,0,7,T421,AB6613,0,48
2026-07-26T15:35:03.325Z,cloudflare_catchup,cloudflare_catchup_20260726081142_11-15-H1-H2-101-102-39-73,60,73,0,9,M172/16,AA7224,0,24
2026-07-26T15:35:03.325Z,cloudflare_catchup,cloudflare_catchup_20260726081142_11-15-H1-H2-101-102-39-73,60,73,0,13,M50,AA2654,0,37
2026-07-26T15:35:03.325Z,cloudflare_catchup,cloudflare_catchup_20260726081142_11-15-H1-H2-101-102-39-73,60,73,0,24,T555/2,AB6393,0,39
2026-07-26T15:36:02.467Z,cloudflare_catchup,cloudflare_catchup_20260726081142_11-15-H1-H2-101-102-39-73,60,73,0,7,T421,AB6613,0,48
2026-07-26T15:36:02.467Z,cloudflare_catchup,cloudflare_catchup_20260726081142_11-15-H1-H2-101-102-39-73,60,73,0,9,M172/16,AA7224,0,25
2026-07-26T15:36:02.467Z,cloudflare_catchup,cloudflare_catchup_20260726081142_11-15-H1-H2-101-102-39-73,60,73,0,14,M172/7,AA2654,0,8
2026-07-26T15:36:02.467Z,cloudflare_catchup,cloudflare_catchup_20260726081142_11-15-H1-H2-101-102-39-73,60,73,0,25,T550/4,AB6393,1,0
2026-07-26T15:37:01.804Z,cloudflare_catchup,cloudflare_catchup_20260726081142_11-15-H1-H2-101-102-39-73,60,73,0,8,T431,AB6613,0,16
2026-07-26T15:37:01.804Z,cloudflare_catchup,cloudflare_catchup_20260726081142_11-15-H1-H2-101-102-39-73,60,73,0,10,M247,AA7224,1,34
2026-07-26T15:37:01.804Z,cloudflare_catchup,cloudflare_catchup_20260726081142_11-15-H1-H2-101-102-39-73,60,73,0,14,M172/7,AA2654,0,40
2026-07-26T15:37:01.804Z,cloudflare_catchup,cloudflare_catchup_20260726081142_11-15-H1-H2-101-102-39-73,60,73,0,25,T550/4,AB6393,1,0
2026-07-26T15:38:02.376Z,cloudflare_catchup,cloudflare_catchup_20260726081142_11-15-H1-H2-101-102-39-73,60,73,0,8,T431,AB6613,0,48
2026-07-26T15:38:02.376Z,cloudflare_catchup,cloudflare_catchup_20260726081142_11-15-H1-H2-101-102-39-73,60,73,0,11,M231,AA7224,0,2
2026-07-26T15:38:02.376Z,cloudflare_catchup,cloudflare_catchup_20260726081142_11-15-H1-H2-101-102-39-73,60,73,0,14,M172/7,AA2654,0,44
2026-07-26T15:38:02.376Z,cloudflare_catchup,cloudflare_catchup_20260726081142_11-15-H1-H2-101-102-39-73,60,73,0,25,T550/4,AB6393,1,0
2026-07-26T15:39:01.726Z,cloudflare_catchup,cloudflare_catchup_20260726081142_11-15-H1-H2-101-102-39-73,60,73,0,0,T550/4,AA5945,0,34
2026-07-26T15:39:01.726Z,cloudflare_catchup,cloudflare_catchup_20260726081142_11-15-H1-H2-101-102-39-73,60,73,0,8,T431,AB6613,0,48
2026-07-26T15:39:01.726Z,cloudflare_catchup,cloudflare_catchup_20260726081142_11-15-H1-H2-101-102-39-73,60,73,0,12,M219,AA7224,1,26
2026-07-26T15:39:01.726Z,cloudflare_catchup,cloudflare_catchup_20260726081142_11-15-H1-H2-101-102-39-73,60,73,0,14,M172/7,AA2654,0,49
2026-07-26T15:39:01.726Z,cloudflare_catchup,cloudflare_catchup_20260726081142_11-15-H1-H2-101-102-39-73,60,73,0,25,T550/4,AB6393,1,0
2026-07-26T15:40:02.425Z,cloudflare_catchup,cloudflare_catchup_20260726081142_11-15-H1-H2-101-102-39-73,60,73,0,1,T556,AA5945,1,4
2026-07-26T15:40:02.425Z,cloudflare_catchup,cloudflare_catchup_20260726081142_11-15-H1-H2-101-102-39-73,60,73,0,8,T431,AB6613,0,43
2026-07-26T15:40:02.425Z,cloudflare_catchup,cloudflare_catchup_20260726081142_11-15-H1-H2-101-102-39-73,60,73,0,12,M219,AA7224,0,12
2026-07-26T15:40:02.425Z,cloudflare_catchup,cloudflare_catchup_20260726081142_11-15-H1-H2-101-102-39-73,60,73,0,14,M172/7,AA2654,0,46
2026-07-26T15:40:02.425Z,cloudflare_catchup,cloudflare_catchup_20260726081142_11-15-H1-H2-101-102-39-73,60,73,0,25,T550/4,AB6393,1,0
2026-07-26T15:41:01.822Z,cloudflare_catchup,cloudflare_catchup_20260726081142_11-15-H1-H2-101-102-39-73,60,73,0,1,T556,AA5945,0,41
2026-07-26T15:41:01.822Z,cloudflare_catchup,cloudflare_catchup_20260726081142_11-15-H1-H2-101-102-39-73,60,73,0,8,T431,AB6613,0,49
2026-07-26T15:41:01.822Z,cloudflare_catchup,cloudflare_catchup_20260726081142_11-15-H1-H2-101-102-39-73,60,73,0,13,M50,AA7224,0,35
2026-07-26T15:41:01.822Z,cloudflare_catchup,cloudflare_catchup_20260726081142_11-15-H1-H2-101-102-39-73,60,73,0,14,M172/7,AA2654,0,12
2026-07-26T15:42:02.223Z,cloudflare_catchup,cloudflare_catchup_20260726081142_11-15-H1-H2-101-102-39-73,60,73,0,2,T557,AA5945,0,35
2026-07-26T15:42:02.223Z,cloudflare_catchup,cloudflare_catchup_20260726081142_11-15-H1-H2-101-102-39-73,60,73,0,9,M172/16,AB6613,1,16
2026-07-26T15:42:02.223Z,cloudflare_catchup,cloudflare_catchup_20260726081142_11-15-H1-H2-101-102-39-73,60,73,0,13,M50,AA7224,0,47
2026-07-26T15:42:02.223Z,cloudflare_catchup,cloudflare_catchup_20260726081142_11-15-H1-H2-101-102-39-73,60,73,0,15,T430,AA2654,1,32
2026-07-26T15:43:01.747Z,cloudflare_catchup,cloudflare_catchup_20260726081142_11-15-H1-H2-101-102-39-73,60,73,0,3,T558,AA5945,0,48
2026-07-26T15:43:01.747Z,cloudflare_catchup,cloudflare_catchup_20260726081142_11-15-H1-H2-101-102-39-73,60,73,0,9,M172/16,AB6613,0,41
2026-07-26T15:43:01.747Z,cloudflare_catchup,cloudflare_catchup_20260726081142_11-15-H1-H2-101-102-39-73,60,73,0,13,M50,AA7224,0,43
2026-07-26T15:43:01.747Z,cloudflare_catchup,cloudflare_catchup_20260726081142_11-15-H1-H2-101-102-39-73,60,73,0,15,T430,AA2654,0,39
2026-07-26T15:44:02.234Z,cloudflare_catchup,cloudflare_catchup_20260726081142_11-15-H1-H2-101-102-39-73,60,73,0,3,T558,AA5945,0,36
2026-07-26T15:44:02.234Z,cloudflare_catchup,cloudflare_catchup_20260726081142_11-15-H1-H2-101-102-39-73,60,73,0,9,M172/16,AB6613,0,48
2026-07-26T15:44:02.234Z,cloudflare_catchup,cloudflare_catchup_20260726081142_11-15-H1-H2-101-102-39-73,60,73,0,13,M50,AA7224,0,48
2026-07-26T15:44:02.234Z,cloudflare_catchup,cloudflare_catchup_20260726081142_11-15-H1-H2-101-102-39-73,60,73,0,16,T328,AA2654,1,40
2026-07-26T15:45:02.863Z,cloudflare_catchup,cloudflare_catchup_20260726081142_11-15-H1-H2-101-102-39-73,60,73,0,4,T551/1,AA5945,0,45
2026-07-26T15:45:02.863Z,cloudflare_catchup,cloudflare_catchup_20260726081142_11-15-H1-H2-101-102-39-73,60,73,0,9,M172/16,AB6613,0,48
2026-07-26T15:45:02.863Z,cloudflare_catchup,cloudflare_catchup_20260726081142_11-15-H1-H2-101-102-39-73,60,73,0,13,M50,AA7224,0,28
2026-07-26T15:45:02.863Z,cloudflare_catchup,cloudflare_catchup_20260726081142_11-15-H1-H2-101-102-39-73,60,73,0,16,T328,AA2654,0,44
2026-07-26T15:46:02.380Z,cloudflare_catchup,cloudflare_catchup_20260726081142_11-15-H1-H2-101-102-39-73,60,73,0,4,T551/1,AA5945,0,44
2026-07-26T15:46:02.380Z,cloudflare_catchup,cloudflare_catchup_20260726081142_11-15-H1-H2-101-102-39-73,60,73,0,9,M172/16,AB6613,0,32
2026-07-26T15:46:02.380Z,cloudflare_catchup,cloudflare_catchup_20260726081142_11-15-H1-H2-101-102-39-73,60,73,0,13,M50,AA7224,0,27
2026-07-26T15:46:02.380Z,cloudflare_catchup,cloudflare_catchup_20260726081142_11-15-H1-H2-101-102-39-73,60,73,0,17,T420,AA2654,1,33
2026-07-26T15:47:01.755Z,cloudflare_catchup,cloudflare_catchup_20260726081142_11-15-H1-H2-101-102-39-73,60,73,0,4,T551/1,AA5945,0,48
2026-07-26T15:47:01.755Z,cloudflare_catchup,cloudflare_catchup_20260726081142_11-15-H1-H2-101-102-39-73,60,73,0,9,M172/16,AB6613,0,14
2026-07-26T15:47:01.755Z,cloudflare_catchup,cloudflare_catchup_20260726081142_11-15-H1-H2-101-102-39-73,60,73,0,14,M172/7,AA7224,0,5
2026-07-26T15:47:01.755Z,cloudflare_catchup,cloudflare_catchup_20260726081142_11-15-H1-H2-101-102-39-73,60,73,0,17,T420,AA2654,0,49
2026-07-26T15:48:02.247Z,cloudflare_catchup,cloudflare_catchup_20260726081142_11-15-H1-H2-101-102-39-73,60,73,0,5,T425,AA5945,0,49
2026-07-26T15:48:02.247Z,cloudflare_catchup,cloudflare_catchup_20260726081142_11-15-H1-H2-101-102-39-73,60,73,0,9,M172/16,AB6613,0,46
2026-07-26T15:48:02.247Z,cloudflare_catchup,cloudflare_catchup_20260726081142_11-15-H1-H2-101-102-39-73,60,73,0,14,M172/7,AA7224,0,48
2026-07-26T15:48:02.247Z,cloudflare_catchup,cloudflare_catchup_20260726081142_11-15-H1-H2-101-102-39-73,60,73,0,19,T424,AA2654,0,42
2026-07-26T15:49:01.755Z,cloudflare_catchup,cloudflare_catchup_20260726081142_11-15-H1-H2-101-102-39-73,60,73,0,6,T423,AA5945,0,44
2026-07-26T15:49:01.755Z,cloudflare_catchup,cloudflare_catchup_20260726081142_11-15-H1-H2-101-102-39-73,60,73,0,9,M172/16,AB6613,0,31
2026-07-26T15:49:01.755Z,cloudflare_catchup,cloudflare_catchup_20260726081142_11-15-H1-H2-101-102-39-73,60,73,0,14,M172/7,AA7224,0,45
2026-07-26T15:49:01.755Z,cloudflare_catchup,cloudflare_catchup_20260726081142_11-15-H1-H2-101-102-39-73,60,73,0,19,T424,AA2654,0,44
2026-07-26T15:50:02.544Z,cloudflare_catchup,cloudflare_catchup_20260726081142_11-15-H1-H2-101-102-39-73,60,73,0,7,T421,AA5945,1,18
2026-07-26T15:50:02.544Z,cloudflare_catchup,cloudflare_catchup_20260726081142_11-15-H1-H2-101-102-39-73,60,73,0,10,M247,AB6613,1,35
2026-07-26T15:50:02.544Z,cloudflare_catchup,cloudflare_catchup_20260726081142_11-15-H1-H2-101-102-39-73,60,73,0,14,M172/7,AA7224,0,45
2026-07-26T15:50:02.544Z,cloudflare_catchup,cloudflare_catchup_20260726081142_11-15-H1-H2-101-102-39-73,60,73,0,19,T424,AA2654,0,50
2026-07-26T15:51:01.938Z,cloudflare_catchup,cloudflare_catchup_20260726081142_11-15-H1-H2-101-102-39-73,60,73,0,7,T421,AA5945,0,48
2026-07-26T15:51:01.938Z,cloudflare_catchup,cloudflare_catchup_20260726081142_11-15-H1-H2-101-102-39-73,60,73,0,11,M231,AB6613,0,42
2026-07-26T15:51:01.938Z,cloudflare_catchup,cloudflare_catchup_20260726081142_11-15-H1-H2-101-102-39-73,60,73,0,14,M172/7,AA7224,0,47
2026-07-26T15:51:01.938Z,cloudflare_catchup,cloudflare_catchup_20260726081142_11-15-H1-H2-101-102-39-73,60,73,0,19,T424,AA2654,0,37
2026-07-26T15:52:02.409Z,cloudflare_catchup,cloudflare_catchup_20260726081142_11-15-H1-H2-101-102-39-73,60,73,0,7,T421,AA5945,0,49
2026-07-26T15:52:02.409Z,cloudflare_catchup,cloudflare_catchup_20260726081142_11-15-H1-H2-101-102-39-73,60,73,0,11,M231,AB6613,0,12
2026-07-26T15:52:02.409Z,cloudflare_catchup,cloudflare_catchup_20260726081142_11-15-H1-H2-101-102-39-73,60,73,0,14,M172/7,AA7224,0,33
2026-07-26T15:52:02.409Z,cloudflare_catchup,cloudflare_catchup_20260726081142_11-15-H1-H2-101-102-39-73,60,73,0,20,T559,AA2654,0,35
2026-07-26T15:53:01.852Z,cloudflare_catchup,cloudflare_catchup_20260726081142_11-15-H1-H2-101-102-39-73,60,73,0,7,T421,AA5945,0,42
2026-07-26T15:53:01.852Z,cloudflare_catchup,cloudflare_catchup_20260726081142_11-15-H1-H2-101-102-39-73,60,73,0,12,M219,AB6613,1,20
2026-07-26T15:53:01.852Z,cloudflare_catchup,cloudflare_catchup_20260726081142_11-15-H1-H2-101-102-39-73,60,73,0,15,T430,AA7224,0,41
2026-07-26T15:53:01.852Z,cloudflare_catchup,cloudflare_catchup_20260726081142_11-15-H1-H2-101-102-39-73,60,73,0,22,T553,AA2654,1,41
2026-07-26T15:54:02.498Z,cloudflare_catchup,cloudflare_catchup_20260726081142_11-15-H1-H2-101-102-39-73,60,73,0,0,T550/4,AB6393,0,17
2026-07-26T15:54:02.498Z,cloudflare_catchup,cloudflare_catchup_20260726081142_11-15-H1-H2-101-102-39-73,60,73,0,8,T431,AA5945,0,48
2026-07-26T15:54:02.498Z,cloudflare_catchup,cloudflare_catchup_20260726081142_11-15-H1-H2-101-102-39-73,60,73,0,13,M50,AB6613,0,19
2026-07-26T15:54:02.498Z,cloudflare_catchup,cloudflare_catchup_20260726081142_11-15-H1-H2-101-102-39-73,60,73,0,15,T430,AA7224,0,2
2026-07-26T15:54:02.498Z,cloudflare_catchup,cloudflare_catchup_20260726081142_11-15-H1-H2-101-102-39-73,60,73,0,23,T554,AA2654,0,33
2026-07-26T15:55:03.094Z,cloudflare_catchup,cloudflare_catchup_20260726081142_11-15-H1-H2-101-102-39-73,60,73,0,1,T556,AB6393,0,30
2026-07-26T15:55:03.094Z,cloudflare_catchup,cloudflare_catchup_20260726081142_11-15-H1-H2-101-102-39-73,60,73,0,8,T431,AA5945,0,48
2026-07-26T15:55:03.094Z,cloudflare_catchup,cloudflare_catchup_20260726081142_11-15-H1-H2-101-102-39-73,60,73,0,13,M50,AB6613,0,49
2026-07-26T15:55:03.094Z,cloudflare_catchup,cloudflare_catchup_20260726081142_11-15-H1-H2-101-102-39-73,60,73,0,16,T328,AA7224,0,45
2026-07-26T15:55:03.094Z,cloudflare_catchup,cloudflare_catchup_20260726081142_11-15-H1-H2-101-102-39-73,60,73,0,24,T555/2,AA2654,1,40
2026-07-26T15:56:02.583Z,cloudflare_catchup,cloudflare_catchup_20260726081142_11-15-H1-H2-101-102-39-73,60,73,0,1,T556,AB6393,0,44
2026-07-26T15:56:02.583Z,cloudflare_catchup,cloudflare_catchup_20260726081142_11-15-H1-H2-101-102-39-73,60,73,0,8,T431,AA5945,0,44
2026-07-26T15:56:02.583Z,cloudflare_catchup,cloudflare_catchup_20260726081142_11-15-H1-H2-101-102-39-73,60,73,0,13,M50,AB6613,0,38
2026-07-26T15:56:02.583Z,cloudflare_catchup,cloudflare_catchup_20260726081142_11-15-H1-H2-101-102-39-73,60,73,0,16,T328,AA7224,0,26
2026-07-26T15:56:02.583Z,cloudflare_catchup,cloudflare_catchup_20260726081142_11-15-H1-H2-101-102-39-73,60,73,0,24,T555/2,AA2654,0,36
2026-07-26T15:57:01.935Z,cloudflare_catchup,cloudflare_catchup_20260726081142_11-15-H1-H2-101-102-39-73,60,73,0,3,T558,AB6393,0,48
2026-07-26T15:57:01.935Z,cloudflare_catchup,cloudflare_catchup_20260726081142_11-15-H1-H2-101-102-39-73,60,73,0,8,T431,AA5945,0,47
2026-07-26T15:57:01.935Z,cloudflare_catchup,cloudflare_catchup_20260726081142_11-15-H1-H2-101-102-39-73,60,73,0,13,M50,AB6613,0,48
2026-07-26T15:57:01.935Z,cloudflare_catchup,cloudflare_catchup_20260726081142_11-15-H1-H2-101-102-39-73,60,73,0,17,T420,AA7224,0,8
2026-07-26T15:57:01.935Z,cloudflare_catchup,cloudflare_catchup_20260726081142_11-15-H1-H2-101-102-39-73,60,73,0,25,T550/4,AA2654,1,0
2026-07-26T15:58:02.420Z,cloudflare_catchup,cloudflare_catchup_20260726081142_11-15-H1-H2-101-102-39-73,60,73,0,3,T558,AB6393,0,34
2026-07-26T15:58:02.420Z,cloudflare_catchup,cloudflare_catchup_20260726081142_11-15-H1-H2-101-102-39-73,60,73,0,9,M172/16,AA5945,1,12
2026-07-26T15:58:02.420Z,cloudflare_catchup,cloudflare_catchup_20260726081142_11-15-H1-H2-101-102-39-73,60,73,0,13,M50,AB6613,0,43
2026-07-26T15:58:02.420Z,cloudflare_catchup,cloudflare_catchup_20260726081142_11-15-H1-H2-101-102-39-73,60,73,0,19,T424,AA7224,1,47
2026-07-26T15:58:02.420Z,cloudflare_catchup,cloudflare_catchup_20260726081142_11-15-H1-H2-101-102-39-73,60,73,0,25,T550/4,AA2654,1,0
2026-07-26T15:59:01.906Z,cloudflare_catchup,cloudflare_catchup_20260726081142_11-15-H1-H2-101-102-39-73,60,73,0,4,T551/1,AB6393,0,49
2026-07-26T15:59:01.906Z,cloudflare_catchup,cloudflare_catchup_20260726081142_11-15-H1-H2-101-102-39-73,60,73,0,9,M172/16,AA5945,0,39
2026-07-26T15:59:01.906Z,cloudflare_catchup,cloudflare_catchup_20260726081142_11-15-H1-H2-101-102-39-73,60,73,0,13,M50,AB6613,0,32
2026-07-26T15:59:01.906Z,cloudflare_catchup,cloudflare_catchup_20260726081142_11-15-H1-H2-101-102-39-73,60,73,0,19,T424,AA7224,0,44
2026-07-26T15:59:01.906Z,cloudflare_catchup,cloudflare_catchup_20260726081142_11-15-H1-H2-101-102-39-73,60,73,0,25,T550/4,AA2654,1,0
2026-07-26T16:00:02.386Z,cloudflare_catchup,cloudflare_catchup_20260726081142_11-15-H1-H2-101-102-39-73,60,73,0,4,T551/1,AB6393,0,47
2026-07-26T16:00:02.386Z,cloudflare_catchup,cloudflare_catchup_20260726081142_11-15-H1-H2-101-102-39-73,60,73,0,9,M172/16,AA5945,0,49
2026-07-26T16:00:02.386Z,cloudflare_catchup,cloudflare_catchup_20260726081142_11-15-H1-H2-101-102-39-73,60,73,0,14,M172/7,AB6613,1,9
2026-07-26T16:00:02.386Z,cloudflare_catchup,cloudflare_catchup_20260726081142_11-15-H1-H2-101-102-39-73,60,73,0,19,T424,AA7224,0,46
2026-07-26T16:00:02.386Z,cloudflare_catchup,cloudflare_catchup_20260726081142_11-15-H1-H2-101-102-39-73,60,73,0,25,T550/4,AA2654,1,0
2026-07-26T16:01:01.778Z,cloudflare_catchup,cloudflare_catchup_20260726081142_11-15-H1-H2-101-102-39-73,60,73,0,4,T551/1,AB6393,0,49
2026-07-26T16:01:01.778Z,cloudflare_catchup,cloudflare_catchup_20260726081142_11-15-H1-H2-101-102-39-73,60,73,0,9,M172/16,AA5945,0,48
2026-07-26T16:01:01.778Z,cloudflare_catchup,cloudflare_catchup_20260726081142_11-15-H1-H2-101-102-39-73,60,73,0,14,M172/7,AB6613,0,42
2026-07-26T16:01:01.778Z,cloudflare_catchup,cloudflare_catchup_20260726081142_11-15-H1-H2-101-102-39-73,60,73,0,19,T424,AA7224,0,31
2026-07-26T16:02:02.545Z,cloudflare_catchup,cloudflare_catchup_20260726081142_11-15-H1-H2-101-102-39-73,60,73,0,6,T423,AB6393,1,49
2026-07-26T16:02:02.545Z,cloudflare_catchup,cloudflare_catchup_20260726081142_11-15-H1-H2-101-102-39-73,60,73,0,9,M172/16,AA5945,0,39
2026-07-26T16:02:02.545Z,cloudflare_catchup,cloudflare_catchup_20260726081142_11-15-H1-H2-101-102-39-73,60,73,0,14,M172/7,AB6613,0,44
2026-07-26T16:02:02.545Z,cloudflare_catchup,cloudflare_catchup_20260726081142_11-15-H1-H2-101-102-39-73,60,73,0,20,T559,AA7224,0,30
2026-07-26T16:03:01.771Z,cloudflare_catchup,cloudflare_catchup_20260726081142_11-15-H1-H2-101-102-39-73,60,73,0,6,T423,AB6393,0,20
2026-07-26T16:03:01.771Z,cloudflare_catchup,cloudflare_catchup_20260726081142_11-15-H1-H2-101-102-39-73,60,73,0,9,M172/16,AA5945,0,22
2026-07-26T16:03:01.771Z,cloudflare_catchup,cloudflare_catchup_20260726081142_11-15-H1-H2-101-102-39-73,60,73,0,14,M172/7,AB6613,0,46
2026-07-26T16:03:01.771Z,cloudflare_catchup,cloudflare_catchup_20260726081142_11-15-H1-H2-101-102-39-73,60,73,0,22,T553,AA7224,1,47
2026-07-26T16:04:02.438Z,cloudflare_catchup,cloudflare_catchup_20260726081142_11-15-H1-H2-101-102-39-73,60,73,0,7,T421,AB6393,1,5
2026-07-26T16:04:02.438Z,cloudflare_catchup,cloudflare_catchup_20260726081142_11-15-H1-H2-101-102-39-73,60,73,0,9,M172/16,AA5945,0,50
2026-07-26T16:04:02.438Z,cloudflare_catchup,cloudflare_catchup_20260726081142_11-15-H1-H2-101-102-39-73,60,73,0,14,M172/7,AB6613,0,48
2026-07-26T16:04:02.438Z,cloudflare_catchup,cloudflare_catchup_20260726081142_11-15-H1-H2-101-102-39-73,60,73,0,23,T554,AA7224,0,29
2026-07-26T16:05:03.072Z,cloudflare_catchup,cloudflare_catchup_20260726081142_11-15-H1-H2-101-102-39-73,60,73,0,7,T421,AB6393,0,49
2026-07-26T16:05:03.072Z,cloudflare_catchup,cloudflare_catchup_20260726081142_11-15-H1-H2-101-102-39-73,60,73,0,9,M172/16,AA5945,0,29
2026-07-26T16:05:03.072Z,cloudflare_catchup,cloudflare_catchup_20260726081142_11-15-H1-H2-101-102-39-73,60,73,0,14,M172/7,AB6613,0,50
2026-07-26T16:05:03.072Z,cloudflare_catchup,cloudflare_catchup_20260726081142_11-15-H1-H2-101-102-39-73,60,73,0,24,T555/2,AA7224,1,41
2026-07-26T16:06:02.657Z,cloudflare_catchup,cloudflare_catchup_20260726081142_11-15-H1-H2-101-102-39-73,60,73,0,7,T421,AB6393,0,49
2026-07-26T16:06:02.657Z,cloudflare_catchup,cloudflare_catchup_20260726081142_11-15-H1-H2-101-102-39-73,60,73,0,10,M247,AA5945,0,41
2026-07-26T16:06:02.657Z,cloudflare_catchup,cloudflare_catchup_20260726081142_11-15-H1-H2-101-102-39-73,60,73,0,15,T430,AB6613,0,44
2026-07-26T16:06:02.657Z,cloudflare_catchup,cloudflare_catchup_20260726081142_11-15-H1-H2-101-102-39-73,60,73,0,24,T555/2,AA7224,0,31
2026-07-26T16:07:01.797Z,cloudflare_catchup,cloudflare_catchup_20260726081142_11-15-H1-H2-101-102-39-73,60,73,0,7,T421,AB6393,0,39
2026-07-26T16:07:01.797Z,cloudflare_catchup,cloudflare_catchup_20260726081142_11-15-H1-H2-101-102-39-73,60,73,0,11,M231,AA5945,0,20
2026-07-26T16:07:01.797Z,cloudflare_catchup,cloudflare_catchup_20260726081142_11-15-H1-H2-101-102-39-73,60,73,0,15,T430,AB6613,0,3
2026-07-26T16:07:01.797Z,cloudflare_catchup,cloudflare_catchup_20260726081142_11-15-H1-H2-101-102-39-73,60,73,0,25,T550/4,AA7224,1,0
2026-07-26T16:08:02.373Z,cloudflare_catchup,cloudflare_catchup_20260726081142_11-15-H1-H2-101-102-39-73,60,73,0,8,T431,AB6393,0,46
2026-07-26T16:08:02.373Z,cloudflare_catchup,cloudflare_catchup_20260726081142_11-15-H1-H2-101-102-39-73,60,73,0,12,M219,AA5945,0,22
2026-07-26T16:08:02.373Z,cloudflare_catchup,cloudflare_catchup_20260726081142_11-15-H1-H2-101-102-39-73,60,73,0,16,T328,AB6613,0,47
2026-07-26T16:08:02.373Z,cloudflare_catchup,cloudflare_catchup_20260726081142_11-15-H1-H2-101-102-39-73,60,73,0,25,T550/4,AA7224,1,0
2026-07-26T16:09:01.777Z,cloudflare_catchup,cloudflare_catchup_20260726081142_11-15-H1-H2-101-102-39-73,60,73,0,8,T431,AB6393,0,47
2026-07-26T16:09:01.777Z,cloudflare_catchup,cloudflare_catchup_20260726081142_11-15-H1-H2-101-102-39-73,60,73,0,13,M50,AA5945,1,29
2026-07-26T16:09:01.777Z,cloudflare_catchup,cloudflare_catchup_20260726081142_11-15-H1-H2-101-102-39-73,60,73,0,16,T328,AB6613,0,31
2026-07-26T16:09:01.777Z,cloudflare_catchup,cloudflare_catchup_20260726081142_11-15-H1-H2-101-102-39-73,60,73,0,25,T550/4,AA7224,1,0
2026-07-26T16:10:02.364Z,cloudflare_catchup,cloudflare_catchup_20260726081142_11-15-H1-H2-101-102-39-73,60,73,0,8,T431,AB6393,0,44
2026-07-26T16:10:02.364Z,cloudflare_catchup,cloudflare_catchup_20260726081142_11-15-H1-H2-101-102-39-73,60,73,0,13,M50,AA5945,0,46
2026-07-26T16:10:02.364Z,cloudflare_catchup,cloudflare_catchup_20260726081142_11-15-H1-H2-101-102-39-73,60,73,0,17,T420,AB6613,0,47
2026-07-26T16:10:02.364Z,cloudflare_catchup,cloudflare_catchup_20260726081142_11-15-H1-H2-101-102-39-73,60,73,0,25,T550/4,AA7224,1,0
2026-07-26T16:11:01.998Z,cloudflare_catchup,cloudflare_catchup_20260726081142_11-15-H1-H2-101-102-39-73,60,73,0,0,T550/4,AA2654,0,29
2026-07-26T16:11:01.998Z,cloudflare_catchup,cloudflare_catchup_20260726081142_11-15-H1-H2-101-102-39-73,60,73,0,8,T431,AB6393,0,47
2026-07-26T16:11:01.998Z,cloudflare_catchup,cloudflare_catchup_20260726081142_11-15-H1-H2-101-102-39-73,60,73,0,13,M50,AA5945,0,2
2026-07-26T16:11:01.998Z,cloudflare_catchup,cloudflare_catchup_20260726081142_11-15-H1-H2-101-102-39-73,60,73,0,19,T424,AB6613,0,35
2026-07-26T16:12:02.410Z,cloudflare_catchup,cloudflare_catchup_20260726081142_11-15-H1-H2-101-102-39-73,60,73,0,1,T556,AA2654,0,36
2026-07-26T16:12:02.410Z,cloudflare_catchup,cloudflare_catchup_20260726081142_11-15-H1-H2-101-102-39-73,60,73,0,9,M172/16,AB6393,1,35
2026-07-26T16:12:02.410Z,cloudflare_catchup,cloudflare_catchup_20260726081142_11-15-H1-H2-101-102-39-73,60,73,0,13,M50,AA5945,0,48
2026-07-26T16:12:02.410Z,cloudflare_catchup,cloudflare_catchup_20260726081142_11-15-H1-H2-101-102-39-73,60,73,0,19,T424,AB6613,0,49
2026-07-26T16:13:01.929Z,cloudflare_catchup,cloudflare_catchup_20260726081142_11-15-H1-H2-101-102-39-73,60,73,0,2,T557,AA2654,1,19
2026-07-26T16:13:01.929Z,cloudflare_catchup,cloudflare_catchup_20260726081142_11-15-H1-H2-101-102-39-73,60,73,0,9,M172/16,AB6393,0,49
2026-07-26T16:13:01.929Z,cloudflare_catchup,cloudflare_catchup_20260726081142_11-15-H1-H2-101-102-39-73,60,73,0,13,M50,AA5945,0,42
2026-07-26T16:13:01.929Z,cloudflare_catchup,cloudflare_catchup_20260726081142_11-15-H1-H2-101-102-39-73,60,73,0,19,T424,AB6613,0,45
2026-07-26T16:14:02.430Z,cloudflare_catchup,cloudflare_catchup_20260726081142_11-15-H1-H2-101-102-39-73,60,73,0,3,T558,AA2654,1,29
2026-07-26T16:14:02.430Z,cloudflare_catchup,cloudflare_catchup_20260726081142_11-15-H1-H2-101-102-39-73,60,73,0,9,M172/16,AB6393,0,44
2026-07-26T16:14:02.430Z,cloudflare_catchup,cloudflare_catchup_20260726081142_11-15-H1-H2-101-102-39-73,60,73,0,13,M50,AA5945,0,13
2026-07-26T16:14:02.430Z,cloudflare_catchup,cloudflare_catchup_20260726081142_11-15-H1-H2-101-102-39-73,60,73,0,19,T424,AB6613,0,48
2026-07-26T16:15:03.284Z,cloudflare_catchup,cloudflare_catchup_20260726081142_11-15-H1-H2-101-102-39-73,60,73,0,3,T558,AA2654,0,49
2026-07-26T16:15:03.284Z,cloudflare_catchup,cloudflare_catchup_20260726081142_11-15-H1-H2-101-102-39-73,60,73,0,9,M172/16,AB6393,0,48
2026-07-26T16:15:03.284Z,cloudflare_catchup,cloudflare_catchup_20260726081142_11-15-H1-H2-101-102-39-73,60,73,0,13,M50,AA5945,0,36
2026-07-26T16:15:03.284Z,cloudflare_catchup,cloudflare_catchup_20260726081142_11-15-H1-H2-101-102-39-73,60,73,0,21,T552,AB6613,1,48
2026-07-26T16:16:02.675Z,cloudflare_catchup,cloudflare_catchup_20260726081142_11-15-H1-H2-101-102-39-73,60,73,0,4,T551/1,AA2654,1,28
2026-07-26T16:16:02.675Z,cloudflare_catchup,cloudflare_catchup_20260726081142_11-15-H1-H2-101-102-39-73,60,73,0,9,M172/16,AB6393,0,49
2026-07-26T16:16:02.675Z,cloudflare_catchup,cloudflare_catchup_20260726081142_11-15-H1-H2-101-102-39-73,60,73,0,14,M172/7,AA5945,0,27
2026-07-26T16:16:02.675Z,cloudflare_catchup,cloudflare_catchup_20260726081142_11-15-H1-H2-101-102-39-73,60,73,0,23,T554,AB6613,1,34
2026-07-26T16:17:01.891Z,cloudflare_catchup,cloudflare_catchup_20260726081142_11-15-H1-H2-101-102-39-73,60,73,0,4,T551/1,AA2654,0,47
2026-07-26T16:17:01.891Z,cloudflare_catchup,cloudflare_catchup_20260726081142_11-15-H1-H2-101-102-39-73,60,73,0,9,M172/16,AB6393,0,47
2026-07-26T16:17:01.891Z,cloudflare_catchup,cloudflare_catchup_20260726081142_11-15-H1-H2-101-102-39-73,60,73,0,14,M172/7,AA5945,0,45
2026-07-26T16:17:01.891Z,cloudflare_catchup,cloudflare_catchup_20260726081142_11-15-H1-H2-101-102-39-73,60,73,0,23,T554,AB6613,0,45
2026-07-26T16:18:02.627Z,cloudflare_catchup,cloudflare_catchup_20260726081142_11-15-H1-H2-101-102-39-73,60,73,0,4,T551/1,AA2654,0,47
2026-07-26T16:18:02.627Z,cloudflare_catchup,cloudflare_catchup_20260726081142_11-15-H1-H2-101-102-39-73,60,73,0,9,M172/16,AB6393,0,2
2026-07-26T16:18:02.627Z,cloudflare_catchup,cloudflare_catchup_20260726081142_11-15-H1-H2-101-102-39-73,60,73,0,14,M172/7,AA5945,0,46
2026-07-26T16:18:02.627Z,cloudflare_catchup,cloudflare_catchup_20260726081142_11-15-H1-H2-101-102-39-73,60,73,0,24,T555/2,AB6613,0,48
2026-07-26T16:19:01.765Z,cloudflare_catchup,cloudflare_catchup_20260726081142_11-15-H1-H2-101-102-39-73,60,73,0,4,T551/1,AA2654,0,40
2026-07-26T16:19:01.765Z,cloudflare_catchup,cloudflare_catchup_20260726081142_11-15-H1-H2-101-102-39-73,60,73,0,9,M172/16,AB6393,0,35
2026-07-26T16:19:01.765Z,cloudflare_catchup,cloudflare_catchup_20260726081142_11-15-H1-H2-101-102-39-73,60,73,0,14,M172/7,AA5945,0,47
2026-07-26T16:19:01.765Z,cloudflare_catchup,cloudflare_catchup_20260726081142_11-15-H1-H2-101-102-39-73,60,73,0,25,T550/4,AB6613,1,0
2026-07-26T16:20:02.259Z,cloudflare_catchup,cloudflare_catchup_20260726081142_11-15-H1-H2-101-102-39-73,60,73,0,6,T423,AA2654,1,48
2026-07-26T16:20:02.259Z,cloudflare_catchup,cloudflare_catchup_20260726081142_11-15-H1-H2-101-102-39-73,60,73,0,10,M247,AB6393,0,36
2026-07-26T16:20:02.259Z,cloudflare_catchup,cloudflare_catchup_20260726081142_11-15-H1-H2-101-102-39-73,60,73,0,14,M172/7,AA5945,0,16
2026-07-26T16:20:02.259Z,cloudflare_catchup,cloudflare_catchup_20260726081142_11-15-H1-H2-101-102-39-73,60,73,0,25,T550/4,AB6613,1,0
2026-07-26T16:21:01.853Z,cloudflare_catchup,cloudflare_catchup_20260726081142_11-15-H1-H2-101-102-39-73,60,73,0,7,T421,AA2654,1,36
2026-07-26T16:21:01.853Z,cloudflare_catchup,cloudflare_catchup_20260726081142_11-15-H1-H2-101-102-39-73,60,73,0,10,M247,AB6393,0,4
2026-07-26T16:21:01.853Z,cloudflare_catchup,cloudflare_catchup_20260726081142_11-15-H1-H2-101-102-39-73,60,73,0,15,T430,AA5945,1,49
2026-07-26T16:21:01.853Z,cloudflare_catchup,cloudflare_catchup_20260726081142_11-15-H1-H2-101-102-39-73,60,73,0,25,T550/4,AB6613,1,0
2026-07-26T16:22:02.568Z,cloudflare_catchup,cloudflare_catchup_20260726081142_11-15-H1-H2-101-102-39-73,60,73,0,7,T421,AA2654,0,49
2026-07-26T16:22:02.568Z,cloudflare_catchup,cloudflare_catchup_20260726081142_11-15-H1-H2-101-102-39-73,60,73,0,13,M50,AB6393,1,22
2026-07-26T16:22:02.568Z,cloudflare_catchup,cloudflare_catchup_20260726081142_11-15-H1-H2-101-102-39-73,60,73,0,15,T430,AA5945,0,48
2026-07-26T16:22:02.568Z,cloudflare_catchup,cloudflare_catchup_20260726081142_11-15-H1-H2-101-102-39-73,60,73,0,25,T550/4,AB6613,1,0
2026-07-26T16:23:01.842Z,cloudflare_catchup,cloudflare_catchup_20260726081142_11-15-H1-H2-101-102-39-73,60,73,0,7,T421,AA2654,0,48
2026-07-26T16:23:01.842Z,cloudflare_catchup,cloudflare_catchup_20260726081142_11-15-H1-H2-101-102-39-73,60,73,0,13,M50,AB6393,0,48
2026-07-26T16:23:01.842Z,cloudflare_catchup,cloudflare_catchup_20260726081142_11-15-H1-H2-101-102-39-73,60,73,0,15,T430,AA5945,0,19
2026-07-26T16:23:01.842Z,cloudflare_catchup,cloudflare_catchup_20260726081142_11-15-H1-H2-101-102-39-73,60,73,0,25,T550/4,AB6613,1,0
2026-07-26T16:24:02.374Z,cloudflare_catchup,cloudflare_catchup_20260726081142_11-15-H1-H2-101-102-39-73,60,73,0,7,T421,AA2654,0,41
2026-07-26T16:24:02.374Z,cloudflare_catchup,cloudflare_catchup_20260726081142_11-15-H1-H2-101-102-39-73,60,73,0,13,M50,AB6393,0,12
2026-07-26T16:24:02.374Z,cloudflare_catchup,cloudflare_catchup_20260726081142_11-15-H1-H2-101-102-39-73,60,73,0,16,T328,AA5945,0,49
2026-07-26T16:25:02.858Z,cloudflare_catchup,cloudflare_catchup_20260726081142_11-15-H1-H2-101-102-39-73,60,73,0,8,T431,AA2654,0,46
2026-07-26T16:25:02.858Z,cloudflare_catchup,cloudflare_catchup_20260726081142_11-15-H1-H2-101-102-39-73,60,73,0,13,M50,AB6393,0,44
2026-07-26T16:25:02.858Z,cloudflare_catchup,cloudflare_catchup_20260726081142_11-15-H1-H2-101-102-39-73,60,73,0,17,T420,AA5945,1,31
2026-07-26T16:26:02.583Z,cloudflare_catchup,cloudflare_catchup_20260726081142_11-15-H1-H2-101-102-39-73,60,73,0,8,T431,AA2654,0,48
2026-07-26T16:26:02.583Z,cloudflare_catchup,cloudflare_catchup_20260726081142_11-15-H1-H2-101-102-39-73,60,73,0,13,M50,AB6393,0,41
2026-07-26T16:26:02.583Z,cloudflare_catchup,cloudflare_catchup_20260726081142_11-15-H1-H2-101-102-39-73,60,73,0,18,T422,AA5945,0,39
2026-07-26T16:27:01.806Z,cloudflare_catchup,cloudflare_catchup_20260726081142_11-15-H1-H2-101-102-39-73,60,73,0,8,T431,AA2654,0,48
2026-07-26T16:27:01.806Z,cloudflare_catchup,cloudflare_catchup_20260726081142_11-15-H1-H2-101-102-39-73,60,73,0,13,M50,AB6393,0,1
2026-07-26T16:27:01.806Z,cloudflare_catchup,cloudflare_catchup_20260726081142_11-15-H1-H2-101-102-39-73,60,73,0,19,T424,AA5945,1,3
2026-07-26T16:28:02.227Z,cloudflare_catchup,cloudflare_catchup_20260726081142_11-15-H1-H2-101-102-39-73,60,73,0,8,T431,AA2654,0,49
2026-07-26T16:28:02.227Z,cloudflare_catchup,cloudflare_catchup_20260726081142_11-15-H1-H2-101-102-39-73,60,73,0,13,M50,AB6393,0,8
2026-07-26T16:28:02.227Z,cloudflare_catchup,cloudflare_catchup_20260726081142_11-15-H1-H2-101-102-39-73,60,73,0,19,T424,AA5945,0,48
2026-07-26T16:29:01.951Z,cloudflare_catchup,cloudflare_catchup_20260726081142_11-15-H1-H2-101-102-39-73,60,73,0,9,M172/16,AA2654,1,35
2026-07-26T16:29:01.951Z,cloudflare_catchup,cloudflare_catchup_20260726081142_11-15-H1-H2-101-102-39-73,60,73,0,13,M50,AB6393,0,21
2026-07-26T16:29:01.951Z,cloudflare_catchup,cloudflare_catchup_20260726081142_11-15-H1-H2-101-102-39-73,60,73,0,19,T424,AA5945,0,49
2026-07-26T16:30:02.422Z,cloudflare_catchup,cloudflare_catchup_20260726081142_11-15-H1-H2-101-102-39-73,60,73,0,9,M172/16,AA2654,0,44
2026-07-26T16:30:02.422Z,cloudflare_catchup,cloudflare_catchup_20260726081142_11-15-H1-H2-101-102-39-73,60,73,0,13,M50,AB6393,0,41
2026-07-26T16:30:02.422Z,cloudflare_catchup,cloudflare_catchup_20260726081142_11-15-H1-H2-101-102-39-73,60,73,0,19,T424,AA5945,0,49
2026-07-26T16:31:01.854Z,cloudflare_catchup,cloudflare_catchup_20260726081142_11-15-H1-H2-101-102-39-73,60,73,0,9,M172/16,AA2654,0,44
2026-07-26T16:31:01.854Z,cloudflare_catchup,cloudflare_catchup_20260726081142_11-15-H1-H2-101-102-39-73,60,73,0,13,M50,AB6393,0,48
2026-07-26T16:31:01.854Z,cloudflare_catchup,cloudflare_catchup_20260726081142_11-15-H1-H2-101-102-39-73,60,73,0,20,T559,AA5945,0,48
2026-07-26T16:32:02.534Z,cloudflare_catchup,cloudflare_catchup_20260726081142_11-15-H1-H2-101-102-39-73,60,73,0,9,M172/16,AA2654,0,42
2026-07-26T16:32:02.534Z,cloudflare_catchup,cloudflare_catchup_20260726081142_11-15-H1-H2-101-102-39-73,60,73,0,13,M50,AB6393,0,48
2026-07-26T16:32:02.534Z,cloudflare_catchup,cloudflare_catchup_20260726081142_11-15-H1-H2-101-102-39-73,60,73,0,22,T553,AA5945,0,47
2026-07-26T16:33:01.849Z,cloudflare_catchup,cloudflare_catchup_20260726081142_11-15-H1-H2-101-102-39-73,60,73,0,9,M172/16,AA2654,0,48
2026-07-26T16:33:01.849Z,cloudflare_catchup,cloudflare_catchup_20260726081142_11-15-H1-H2-101-102-39-73,60,73,0,13,M50,AB6393,0,6
2026-07-26T16:33:01.849Z,cloudflare_catchup,cloudflare_catchup_20260726081142_11-15-H1-H2-101-102-39-73,60,73,0,23,T554,AA5945,0,48
2026-07-26T16:34:02.362Z,cloudflare_catchup,cloudflare_catchup_20260726081142_11-15-H1-H2-101-102-39-73,60,73,0,9,M172/16,AA2654,0,29
2026-07-26T16:34:02.362Z,cloudflare_catchup,cloudflare_catchup_20260726081142_11-15-H1-H2-101-102-39-73,60,73,0,15,T430,AB6393,1,44
2026-07-26T16:34:02.362Z,cloudflare_catchup,cloudflare_catchup_20260726081142_11-15-H1-H2-101-102-39-73,60,73,0,24,T555/2,AA5945,0,48
2026-07-26T16:35:02.796Z,cloudflare_catchup,cloudflare_catchup_20260726081142_11-15-H1-H2-101-102-39-73,60,73,0,9,M172/16,AA2654,0,36
2026-07-26T16:35:02.796Z,cloudflare_catchup,cloudflare_catchup_20260726081142_11-15-H1-H2-101-102-39-73,60,73,0,15,T430,AB6393,0,49
2026-07-26T16:35:02.796Z,cloudflare_catchup,cloudflare_catchup_20260726081142_11-15-H1-H2-101-102-39-73,60,73,0,25,T550/4,AA5945,1,0
2026-07-26T16:36:02.393Z,cloudflare_catchup,cloudflare_catchup_20260726081142_11-15-H1-H2-101-102-39-73,60,73,0,11,M231,AA2654,1,27
2026-07-26T16:36:02.393Z,cloudflare_catchup,cloudflare_catchup_20260726081142_11-15-H1-H2-101-102-39-73,60,73,0,16,T328,AB6393,0,47
2026-07-26T16:36:02.393Z,cloudflare_catchup,cloudflare_catchup_20260726081142_11-15-H1-H2-101-102-39-73,60,73,0,25,T550/4,AA5945,1,0
2026-07-26T16:37:01.811Z,cloudflare_catchup,cloudflare_catchup_20260726081142_11-15-H1-H2-101-102-39-73,60,73,0,11,M231,AA2654,0,19
2026-07-26T16:37:01.811Z,cloudflare_catchup,cloudflare_catchup_20260726081142_11-15-H1-H2-101-102-39-73,60,73,0,16,T328,AB6393,0,38
2026-07-26T16:37:01.811Z,cloudflare_catchup,cloudflare_catchup_20260726081142_11-15-H1-H2-101-102-39-73,60,73,0,25,T550/4,AA5945,1,0
2026-07-26T16:38:02.296Z,cloudflare_catchup,cloudflare_catchup_20260726081142_11-15-H1-H2-101-102-39-73,60,73,0,12,M219,AA2654,1,32
2026-07-26T16:38:02.296Z,cloudflare_catchup,cloudflare_catchup_20260726081142_11-15-H1-H2-101-102-39-73,60,73,0,17,T420,AB6393,0,44
2026-07-26T16:38:02.296Z,cloudflare_catchup,cloudflare_catchup_20260726081142_11-15-H1-H2-101-102-39-73,60,73,0,25,T550/4,AA5945,1,0
2026-07-26T16:39:02.055Z,cloudflare_catchup,cloudflare_catchup_20260726081142_11-15-H1-H2-101-102-39-73,60,73,0,13,M50,AA2654,0,31
2026-07-26T16:39:02.055Z,cloudflare_catchup,cloudflare_catchup_20260726081142_11-15-H1-H2-101-102-39-73,60,73,0,18,T422,AB6393,0,13
2026-07-26T16:39:02.055Z,cloudflare_catchup,cloudflare_catchup_20260726081142_11-15-H1-H2-101-102-39-73,60,73,0,25,T550/4,AA5945,1,0
2026-07-26T16:40:02.497Z,cloudflare_catchup,cloudflare_catchup_20260726081142_11-15-H1-H2-101-102-39-73,60,73,0,13,M50,AA2654,0,50
2026-07-26T16:40:02.497Z,cloudflare_catchup,cloudflare_catchup_20260726081142_11-15-H1-H2-101-102-39-73,60,73,0,19,T424,AB6393,0,45
2026-07-26T16:41:01.697Z,cloudflare_catchup,cloudflare_catchup_20260726081142_11-15-H1-H2-101-102-39-73,60,73,0,13,M50,AA2654,0,40
2026-07-26T16:41:01.697Z,cloudflare_catchup,cloudflare_catchup_20260726081142_11-15-H1-H2-101-102-39-73,60,73,0,19,T424,AB6393,0,48
2026-07-26T16:42:02.148Z,cloudflare_catchup,cloudflare_catchup_20260726081142_11-15-H1-H2-101-102-39-73,60,73,0,13,M50,AA2654,0,49
2026-07-26T16:42:02.148Z,cloudflare_catchup,cloudflare_catchup_20260726081142_11-15-H1-H2-101-102-39-73,60,73,0,19,T424,AB6393,0,46
2026-07-26T16:43:01.817Z,cloudflare_catchup,cloudflare_catchup_20260726081142_11-15-H1-H2-101-102-39-73,60,73,0,13,M50,AA2654,0,36
2026-07-26T16:43:01.817Z,cloudflare_catchup,cloudflare_catchup_20260726081142_11-15-H1-H2-101-102-39-73,60,73,0,20,T559,AB6393,1,18
2026-07-26T16:44:02.212Z,cloudflare_catchup,cloudflare_catchup_20260726081142_11-15-H1-H2-101-102-39-73,60,73,0,13,M50,AA2654,0,39
2026-07-26T16:44:02.212Z,cloudflare_catchup,cloudflare_catchup_20260726081142_11-15-H1-H2-101-102-39-73,60,73,0,22,T553,AB6393,0,47
2026-07-26T16:45:02.741Z,cloudflare_catchup,cloudflare_catchup_20260726081142_11-15-H1-H2-101-102-39-73,60,73,0,14,M172/7,AA2654,0,10
2026-07-26T16:45:02.741Z,cloudflare_catchup,cloudflare_catchup_20260726081142_11-15-H1-H2-101-102-39-73,60,73,0,23,T554,AB6393,0,45
2026-07-26T16:46:02.685Z,cloudflare_catchup,cloudflare_catchup_20260726081142_11-15-H1-H2-101-102-39-73,60,73,0,14,M172/7,AA2654,0,48
2026-07-26T16:46:02.685Z,cloudflare_catchup,cloudflare_catchup_20260726081142_11-15-H1-H2-101-102-39-73,60,73,0,24,T555/2,AB6393,0,24
2026-07-26T16:47:01.765Z,cloudflare_catchup,cloudflare_catchup_20260726081142_11-15-H1-H2-101-102-39-73,60,73,0,14,M172/7,AA2654,0,47
2026-07-26T16:47:01.765Z,cloudflare_catchup,cloudflare_catchup_20260726081142_11-15-H1-H2-101-102-39-73,60,73,0,25,T550/4,AB6393,1,0
2026-07-26T16:48:02.258Z,cloudflare_catchup,cloudflare_catchup_20260726081142_11-15-H1-H2-101-102-39-73,60,73,0,14,M172/7,AA2654,0,47
2026-07-26T16:48:02.258Z,cloudflare_catchup,cloudflare_catchup_20260726081142_11-15-H1-H2-101-102-39-73,60,73,0,25,T550/4,AB6393,1,0
2026-07-26T16:49:02.092Z,cloudflare_catchup,cloudflare_catchup_20260726081142_11-15-H1-H2-101-102-39-73,60,73,0,14,M172/7,AA2654,0,34
2026-07-26T16:49:02.092Z,cloudflare_catchup,cloudflare_catchup_20260726081142_11-15-H1-H2-101-102-39-73,60,73,0,25,T550/4,AB6393,1,0
2026-07-26T16:50:02.760Z,cloudflare_catchup,cloudflare_catchup_20260726081142_11-15-H1-H2-101-102-39-73,60,73,0,14,M172/7,AA2654,0,46
2026-07-26T16:50:02.760Z,cloudflare_catchup,cloudflare_catchup_20260726081142_11-15-H1-H2-101-102-39-73,60,73,0,25,T550/4,AB6393,1,0
2026-07-26T16:51:01.813Z,cloudflare_catchup,cloudflare_catchup_20260726081142_11-15-H1-H2-101-102-39-73,60,73,0,15,T430,AA2654,0,44
2026-07-26T16:51:01.813Z,cloudflare_catchup,cloudflare_catchup_20260726081142_11-15-H1-H2-101-102-39-73,60,73,0,25,T550/4,AB6393,1,0
2026-07-26T16:52:02.185Z,cloudflare_catchup,cloudflare_catchup_20260726081142_11-15-H1-H2-101-102-39-73,60,73,0,16,T328,AA2654,0,47
2026-07-26T16:53:01.817Z,cloudflare_catchup,cloudflare_catchup_20260726081142_11-15-H1-H2-101-102-39-73,60,73,0,16,T328,AA2654,0,30
2026-07-26T16:54:02.365Z,cloudflare_catchup,cloudflare_catchup_20260726081142_11-15-H1-H2-101-102-39-73,60,73,0,17,T420,AA2654,0,47
2026-07-26T16:55:02.816Z,cloudflare_catchup,cloudflare_catchup_20260726081142_11-15-H1-H2-101-102-39-73,60,73,0,19,T424,AA2654,0,46
2026-07-26T16:56:02.565Z,cloudflare_catchup,cloudflare_catchup_20260726081142_11-15-H1-H2-101-102-39-73,60,73,0,19,T424,AA2654,0,44
2026-07-26T16:57:01.813Z,cloudflare_catchup,cloudflare_catchup_20260726081142_11-15-H1-H2-101-102-39-73,60,73,0,19,T424,AA2654,0,49
2026-07-26T16:58:02.280Z,cloudflare_catchup,cloudflare_catchup_20260726081142_11-15-H1-H2-101-102-39-73,60,73,0,20,T559,AA2654,1,41
2026-07-26T16:59:01.860Z,cloudflare_catchup,cloudflare_catchup_20260726081142_11-15-H1-H2-101-102-39-73,60,73,0,21,T552,AA2654,1,43
2026-07-26T17:00:02.360Z,cloudflare_catchup,cloudflare_catchup_20260726081142_11-15-H1-H2-101-102-39-73,60,73,0,23,T554,AA2654,1,23
2026-07-26T17:01:02.338Z,cloudflare_catchup,cloudflare_catchup_20260726081142_11-15-H1-H2-101-102-39-73,60,73,0,23,T554,AA2654,0,32
2026-07-26T17:02:02.582Z,cloudflare_catchup,cloudflare_catchup_20260726081142_11-15-H1-H2-101-102-39-73,60,73,0,24,T555/2,AA2654,0,44
2026-07-26T17:03:01.852Z,cloudflare_catchup,cloudflare_catchup_20260726081142_11-15-H1-H2-101-102-39-73,60,73,0,25,T550/4,AA2654,1,0
2026-07-26T17:04:02.320Z,cloudflare_catchup,cloudflare_catchup_20260726081142_11-15-H1-H2-101-102-39-73,60,73,0,25,T550/4,AA2654,1,0
2026-07-26T17:05:02.807Z,cloudflare_catchup,cloudflare_catchup_20260726081142_11-15-H1-H2-101-102-39-73,60,73,0,25,T550/4,AA2654,1,0
2026-07-26T17:06:02.501Z,cloudflare_catchup,cloudflare_catchup_20260726081142_11-15-H1-H2-101-102-39-73,60,73,0,25,T550/4,AA2654,1,0
2026-07-26T17:07:01.826Z,cloudflare_catchup,cloudflare_catchup_20260726081142_11-15-H1-H2-101-102-39-73,60,73,0,25,T550/4,AA2654,1,0
2026-07-26T22:23:01.751Z,cloudflare_catchup,cloudflare_catchup_20260726081142_11-15-H1-H2-101-102-39-73,60,73,0,10,M247,AB6049,1,3
2026-07-26T22:24:02.340Z,cloudflare_catchup,cloudflare_catchup_20260726081142_11-15-H1-H2-101-102-39-73,60,73,0,10,M247,AB6049,1,3
2026-07-26T22:25:02.900Z,cloudflare_catchup,cloudflare_catchup_20260726081142_11-15-H1-H2-101-102-39-73,60,73,0,10,M247,AB6049,1,3
2026-07-26T22:26:02.727Z,cloudflare_catchup,cloudflare_catchup_20260726081142_11-15-H1-H2-101-102-39-73,60,73,0,10,M247,AB6049,1,3
2026-07-26T22:27:02.053Z,cloudflare_catchup,cloudflare_catchup_20260726081142_11-15-H1-H2-101-102-39-73,60,73,0,10,M247,AB6049,1,3
2026-07-26T22:28:02.485Z,cloudflare_catchup,cloudflare_catchup_20260726081142_11-15-H1-H2-101-102-39-73,60,73,0,10,M247,AB6049,1,3
2026-07-26T22:29:01.820Z,cloudflare_catchup,cloudflare_catchup_20260726081142_11-15-H1-H2-101-102-39-73,60,73,0,10,M247,AB6049,1,3
2026-07-26T22:30:02.489Z,cloudflare_catchup,cloudflare_catchup_20260726081142_11-15-H1-H2-101-102-39-73,60,73,0,10,M247,AB6049,1,10
2026-07-26T22:31:01.800Z,cloudflare_catchup,cloudflare_catchup_20260726081142_11-15-H1-H2-101-102-39-73,60,73,0,0,T550/4,AA7619,0,25
2026-07-26T22:31:01.800Z,cloudflare_catchup,cloudflare_catchup_20260726081142_11-15-H1-H2-101-102-39-73,60,73,0,11,M231,AB6049,1,37
2026-07-26T22:32:02.428Z,cloudflare_catchup,cloudflare_catchup_20260726081142_11-15-H1-H2-101-102-39-73,60,73,0,1,T556,AA7619,0,29
2026-07-26T22:32:02.428Z,cloudflare_catchup,cloudflare_catchup_20260726081142_11-15-H1-H2-101-102-39-73,60,73,0,11,M231,AB6049,1,23
2026-07-26T22:33:02.100Z,cloudflare_catchup,cloudflare_catchup_20260726081142_11-15-H1-H2-101-102-39-73,60,73,0,2,T557,AA7619,1,41
2026-07-26T22:33:02.100Z,cloudflare_catchup,cloudflare_catchup_20260726081142_11-15-H1-H2-101-102-39-73,60,73,0,12,M219,AB6049,1,16
2026-07-26T22:34:02.536Z,cloudflare_catchup,cloudflare_catchup_20260726081142_11-15-H1-H2-101-102-39-73,60,73,0,3,T558,AA7619,0,40
2026-07-26T22:34:02.536Z,cloudflare_catchup,cloudflare_catchup_20260726081142_11-15-H1-H2-101-102-39-73,60,73,0,12,M219,AB6049,0,16
2026-07-26T22:35:03.236Z,cloudflare_catchup,cloudflare_catchup_20260726081142_11-15-H1-H2-101-102-39-73,60,73,0,3,T558,AA7619,0,41
2026-07-26T22:35:03.236Z,cloudflare_catchup,cloudflare_catchup_20260726081142_11-15-H1-H2-101-102-39-73,60,73,0,12,M219,AB6049,0,16
2026-07-26T22:36:02.450Z,cloudflare_catchup,cloudflare_catchup_20260726081142_11-15-H1-H2-101-102-39-73,60,73,0,4,T551/1,AA7619,0,43
2026-07-26T22:36:02.450Z,cloudflare_catchup,cloudflare_catchup_20260726081142_11-15-H1-H2-101-102-39-73,60,73,0,13,M50,AB6049,0,16
2026-07-26T22:37:01.740Z,cloudflare_catchup,cloudflare_catchup_20260726081142_11-15-H1-H2-101-102-39-73,60,73,0,4,T551/1,AA7619,0,44
2026-07-26T22:37:01.740Z,cloudflare_catchup,cloudflare_catchup_20260726081142_11-15-H1-H2-101-102-39-73,60,73,0,13,M50,AB6049,0,44
2026-07-26T22:38:02.298Z,cloudflare_catchup,cloudflare_catchup_20260726081142_11-15-H1-H2-101-102-39-73,60,73,0,0,T550/4,AB6393,0,41
2026-07-26T22:38:02.298Z,cloudflare_catchup,cloudflare_catchup_20260726081142_11-15-H1-H2-101-102-39-73,60,73,0,4,T551/1,AA7619,0,43
2026-07-26T22:38:02.298Z,cloudflare_catchup,cloudflare_catchup_20260726081142_11-15-H1-H2-101-102-39-73,60,73,0,13,M50,AB6049,0,47
2026-07-26T22:39:01.842Z,cloudflare_catchup,cloudflare_catchup_20260726081142_11-15-H1-H2-101-102-39-73,60,73,0,1,T556,AB6393,0,36
2026-07-26T22:39:01.842Z,cloudflare_catchup,cloudflare_catchup_20260726081142_11-15-H1-H2-101-102-39-73,60,73,0,5,T425,AA7619,0,43
2026-07-26T22:39:01.842Z,cloudflare_catchup,cloudflare_catchup_20260726081142_11-15-H1-H2-101-102-39-73,60,73,0,13,M50,AB6049,0,48
2026-07-26T22:40:02.606Z,cloudflare_catchup,cloudflare_catchup_20260726081142_11-15-H1-H2-101-102-39-73,60,73,0,2,T557,AB6393,1,42
2026-07-26T22:40:02.606Z,cloudflare_catchup,cloudflare_catchup_20260726081142_11-15-H1-H2-101-102-39-73,60,73,0,7,T421,AA7619,1,42
2026-07-26T22:40:02.606Z,cloudflare_catchup,cloudflare_catchup_20260726081142_11-15-H1-H2-101-102-39-73,60,73,0,13,M50,AB6049,0,23
2026-07-26T22:41:01.731Z,cloudflare_catchup,cloudflare_catchup_20260726081142_11-15-H1-H2-101-102-39-73,60,73,0,3,T558,AB6393,0,38
2026-07-26T22:41:01.731Z,cloudflare_catchup,cloudflare_catchup_20260726081142_11-15-H1-H2-101-102-39-73,60,73,0,7,T421,AA7619,0,45
2026-07-26T22:41:01.731Z,cloudflare_catchup,cloudflare_catchup_20260726081142_11-15-H1-H2-101-102-39-73,60,73,0,13,M50,AB6049,0,38
2026-07-26T22:42:02.411Z,cloudflare_catchup,cloudflare_catchup_20260726081142_11-15-H1-H2-101-102-39-73,60,73,0,3,T558,AB6393,0,30
2026-07-26T22:42:02.411Z,cloudflare_catchup,cloudflare_catchup_20260726081142_11-15-H1-H2-101-102-39-73,60,73,0,7,T421,AA7619,0,43
2026-07-26T22:42:02.411Z,cloudflare_catchup,cloudflare_catchup_20260726081142_11-15-H1-H2-101-102-39-73,60,73,0,14,M172/7,AB6049,1,2
2026-07-26T22:43:01.731Z,cloudflare_catchup,cloudflare_catchup_20260726081142_11-15-H1-H2-101-102-39-73,60,73,0,4,T551/1,AB6393,0,47
2026-07-26T22:43:01.731Z,cloudflare_catchup,cloudflare_catchup_20260726081142_11-15-H1-H2-101-102-39-73,60,73,0,7,T421,AA7619,0,42
2026-07-26T22:43:01.731Z,cloudflare_catchup,cloudflare_catchup_20260726081142_11-15-H1-H2-101-102-39-73,60,73,0,14,M172/7,AB6049,0,2
2026-07-26T22:44:02.267Z,cloudflare_catchup,cloudflare_catchup_20260726081142_11-15-H1-H2-101-102-39-73,60,73,0,4,T551/1,AB6393,0,48
2026-07-26T22:44:02.267Z,cloudflare_catchup,cloudflare_catchup_20260726081142_11-15-H1-H2-101-102-39-73,60,73,0,8,T431,AA7619,0,47
2026-07-26T22:44:02.267Z,cloudflare_catchup,cloudflare_catchup_20260726081142_11-15-H1-H2-101-102-39-73,60,73,0,14,M172/7,AB6049,0,42
2026-07-26T22:45:02.920Z,cloudflare_catchup,cloudflare_catchup_20260726081142_11-15-H1-H2-101-102-39-73,60,73,0,4,T551/1,AB6393,0,48
2026-07-26T22:45:02.920Z,cloudflare_catchup,cloudflare_catchup_20260726081142_11-15-H1-H2-101-102-39-73,60,73,0,8,T431,AA7619,0,46
2026-07-26T22:45:02.920Z,cloudflare_catchup,cloudflare_catchup_20260726081142_11-15-H1-H2-101-102-39-73,60,73,0,10,M247,AB6613,1,11
2026-07-26T22:45:02.920Z,cloudflare_catchup,cloudflare_catchup_20260726081142_11-15-H1-H2-101-102-39-73,60,73,0,14,M172/7,AB6049,0,43
2026-07-26T22:46:02.517Z,cloudflare_catchup,cloudflare_catchup_20260726081142_11-15-H1-H2-101-102-39-73,60,73,0,5,T425,AB6393,0,25
2026-07-26T22:46:02.517Z,cloudflare_catchup,cloudflare_catchup_20260726081142_11-15-H1-H2-101-102-39-73,60,73,0,8,T431,AA7619,0,45
2026-07-26T22:46:02.517Z,cloudflare_catchup,cloudflare_catchup_20260726081142_11-15-H1-H2-101-102-39-73,60,73,0,11,M231,AB6613,1,41
2026-07-26T22:46:02.517Z,cloudflare_catchup,cloudflare_catchup_20260726081142_11-15-H1-H2-101-102-39-73,60,73,0,14,M172/7,AB6049,0,41
2026-07-26T22:47:02.246Z,cloudflare_catchup,cloudflare_catchup_20260726081142_11-15-H1-H2-101-102-39-73,60,73,0,6,T423,AB6393,0,41
2026-07-26T22:47:02.246Z,cloudflare_catchup,cloudflare_catchup_20260726081142_11-15-H1-H2-101-102-39-73,60,73,0,8,T431,AA7619,0,44
2026-07-26T22:47:02.246Z,cloudflare_catchup,cloudflare_catchup_20260726081142_11-15-H1-H2-101-102-39-73,60,73,0,11,M231,AB6613,0,18
2026-07-26T22:47:02.246Z,cloudflare_catchup,cloudflare_catchup_20260726081142_11-15-H1-H2-101-102-39-73,60,73,0,14,M172/7,AB6049,0,47
2026-07-26T22:48:02.586Z,cloudflare_catchup,cloudflare_catchup_20260726081142_11-15-H1-H2-101-102-39-73,60,73,0,7,T421,AB6393,0,39
2026-07-26T22:48:02.586Z,cloudflare_catchup,cloudflare_catchup_20260726081142_11-15-H1-H2-101-102-39-73,60,73,0,8,T431,AA7619,0,46
2026-07-26T22:48:02.586Z,cloudflare_catchup,cloudflare_catchup_20260726081142_11-15-H1-H2-101-102-39-73,60,73,0,12,M219,AB6613,1,30
2026-07-26T22:48:02.586Z,cloudflare_catchup,cloudflare_catchup_20260726081142_11-15-H1-H2-101-102-39-73,60,73,0,14,M172/7,AB6049,0,40
2026-07-26T22:49:01.708Z,cloudflare_catchup,cloudflare_catchup_20260726081142_11-15-H1-H2-101-102-39-73,60,73,0,1,T556,AA3041,0,26
2026-07-26T22:49:01.708Z,cloudflare_catchup,cloudflare_catchup_20260726081142_11-15-H1-H2-101-102-39-73,60,73,0,7,T421,AB6393,0,46
2026-07-26T22:49:01.708Z,cloudflare_catchup,cloudflare_catchup_20260726081142_11-15-H1-H2-101-102-39-73,60,73,0,9,M172/16,AA7619,1,10
2026-07-26T22:49:01.708Z,cloudflare_catchup,cloudflare_catchup_20260726081142_11-15-H1-H2-101-102-39-73,60,73,0,12,M219,AB6613,0,17
2026-07-26T22:49:01.708Z,cloudflare_catchup,cloudflare_catchup_20260726081142_11-15-H1-H2-101-102-39-73,60,73,0,15,T430,AB6049,0,37
2026-07-26T22:50:02.464Z,cloudflare_catchup,cloudflare_catchup_20260726081142_11-15-H1-H2-101-102-39-73,60,73,0,1,T556,AA3041,0,47
2026-07-26T22:50:02.464Z,cloudflare_catchup,cloudflare_catchup_20260726081142_11-15-H1-H2-101-102-39-73,60,73,0,7,T421,AB6393,0,48
2026-07-26T22:50:02.464Z,cloudflare_catchup,cloudflare_catchup_20260726081142_11-15-H1-H2-101-102-39-73,60,73,0,9,M172/16,AA7619,0,37
2026-07-26T22:50:02.464Z,cloudflare_catchup,cloudflare_catchup_20260726081142_11-15-H1-H2-101-102-39-73,60,73,0,12,M219,AB6613,0,17
2026-07-26T22:50:02.464Z,cloudflare_catchup,cloudflare_catchup_20260726081142_11-15-H1-H2-101-102-39-73,60,73,0,15,T430,AB6049,0,27
2026-07-26T22:51:01.804Z,cloudflare_catchup,cloudflare_catchup_20260726081142_11-15-H1-H2-101-102-39-73,60,73,0,3,T558,AA3041,1,48
2026-07-26T22:51:01.804Z,cloudflare_catchup,cloudflare_catchup_20260726081142_11-15-H1-H2-101-102-39-73,60,73,0,8,T431,AB6393,0,42
2026-07-26T22:51:01.804Z,cloudflare_catchup,cloudflare_catchup_20260726081142_11-15-H1-H2-101-102-39-73,60,73,0,9,M172/16,AA7619,0,44
2026-07-26T22:51:01.804Z,cloudflare_catchup,cloudflare_catchup_20260726081142_11-15-H1-H2-101-102-39-73,60,73,0,13,M50,AB6613,0,40
2026-07-26T22:51:01.804Z,cloudflare_catchup,cloudflare_catchup_20260726081142_11-15-H1-H2-101-102-39-73,60,73,0,16,T328,AB6049,0,38
2026-07-26T22:52:02.622Z,cloudflare_catchup,cloudflare_catchup_20260726081142_11-15-H1-H2-101-102-39-73,60,73,0,3,T558,AA3041,0,47
2026-07-26T22:52:02.622Z,cloudflare_catchup,cloudflare_catchup_20260726081142_11-15-H1-H2-101-102-39-73,60,73,0,8,T431,AB6393,0,50
2026-07-26T22:52:02.622Z,cloudflare_catchup,cloudflare_catchup_20260726081142_11-15-H1-H2-101-102-39-73,60,73,0,9,M172/16,AA7619,0,44
2026-07-26T22:52:02.622Z,cloudflare_catchup,cloudflare_catchup_20260726081142_11-15-H1-H2-101-102-39-73,60,73,0,13,M50,AB6613,0,47
2026-07-26T22:52:02.622Z,cloudflare_catchup,cloudflare_catchup_20260726081142_11-15-H1-H2-101-102-39-73,60,73,0,16,T328,AB6049,0,28
2026-07-26T22:53:01.796Z,cloudflare_catchup,cloudflare_catchup_20260726081142_11-15-H1-H2-101-102-39-73,60,73,0,0,T550/4,AB6136,1,21
2026-07-26T22:53:01.796Z,cloudflare_catchup,cloudflare_catchup_20260726081142_11-15-H1-H2-101-102-39-73,60,73,0,4,T551/1,AA3041,0,48
2026-07-26T22:53:01.796Z,cloudflare_catchup,cloudflare_catchup_20260726081142_11-15-H1-H2-101-102-39-73,60,73,0,8,T431,AB6393,0,48
2026-07-26T22:53:01.796Z,cloudflare_catchup,cloudflare_catchup_20260726081142_11-15-H1-H2-101-102-39-73,60,73,0,9,M172/16,AA7619,0,47
2026-07-26T22:53:01.796Z,cloudflare_catchup,cloudflare_catchup_20260726081142_11-15-H1-H2-101-102-39-73,60,73,0,13,M50,AB6613,0,36
2026-07-26T22:53:01.796Z,cloudflare_catchup,cloudflare_catchup_20260726081142_11-15-H1-H2-101-102-39-73,60,73,0,17,T420,AB6049,0,33
2026-07-26T22:54:02.425Z,cloudflare_catchup,cloudflare_catchup_20260726081142_11-15-H1-H2-101-102-39-73,60,73,0,0,T550/4,AB6136,1,21
2026-07-26T22:54:02.425Z,cloudflare_catchup,cloudflare_catchup_20260726081142_11-15-H1-H2-101-102-39-73,60,73,0,4,T551/1,AA3041,0,49
2026-07-26T22:54:02.425Z,cloudflare_catchup,cloudflare_catchup_20260726081142_11-15-H1-H2-101-102-39-73,60,73,0,8,T431,AB6393,0,45
2026-07-26T22:54:02.425Z,cloudflare_catchup,cloudflare_catchup_20260726081142_11-15-H1-H2-101-102-39-73,60,73,0,9,M172/16,AA7619,0,8
2026-07-26T22:54:02.425Z,cloudflare_catchup,cloudflare_catchup_20260726081142_11-15-H1-H2-101-102-39-73,60,73,0,13,M50,AB6613,0,45
2026-07-26T22:54:02.425Z,cloudflare_catchup,cloudflare_catchup_20260726081142_11-15-H1-H2-101-102-39-73,60,73,0,18,T422,AB6049,0,3
2026-07-26T22:55:03.347Z,cloudflare_catchup,cloudflare_catchup_20260726081142_11-15-H1-H2-101-102-39-73,60,73,0,0,T550/4,AB6136,1,11
2026-07-26T22:55:03.347Z,cloudflare_catchup,cloudflare_catchup_20260726081142_11-15-H1-H2-101-102-39-73,60,73,0,4,T551/1,AA3041,0,48
2026-07-26T22:55:03.347Z,cloudflare_catchup,cloudflare_catchup_20260726081142_11-15-H1-H2-101-102-39-73,60,73,0,8,T431,AB6393,0,46
2026-07-26T22:55:03.347Z,cloudflare_catchup,cloudflare_catchup_20260726081142_11-15-H1-H2-101-102-39-73,60,73,0,9,M172/16,AA7619,0,45
2026-07-26T22:55:03.347Z,cloudflare_catchup,cloudflare_catchup_20260726081142_11-15-H1-H2-101-102-39-73,60,73,0,13,M50,AB6613,0,28
2026-07-26T22:55:03.347Z,cloudflare_catchup,cloudflare_catchup_20260726081142_11-15-H1-H2-101-102-39-73,60,73,0,18,T422,AB6049,0,29
2026-07-26T22:56:02.543Z,cloudflare_catchup,cloudflare_catchup_20260726081142_11-15-H1-H2-101-102-39-73,60,73,0,0,T550/4,AB6136,1,11
2026-07-26T22:56:02.543Z,cloudflare_catchup,cloudflare_catchup_20260726081142_11-15-H1-H2-101-102-39-73,60,73,0,6,T423,AA3041,1,48
2026-07-26T22:56:02.543Z,cloudflare_catchup,cloudflare_catchup_20260726081142_11-15-H1-H2-101-102-39-73,60,73,0,9,M172/16,AA7619,0,27
2026-07-26T22:56:02.543Z,cloudflare_catchup,cloudflare_catchup_20260726081142_11-15-H1-H2-101-102-39-73,60,73,0,9,M172/16,AB6393,0,36
2026-07-26T22:56:02.543Z,cloudflare_catchup,cloudflare_catchup_20260726081142_11-15-H1-H2-101-102-39-73,60,73,0,13,M50,AB6613,0,47
2026-07-26T22:56:02.543Z,cloudflare_catchup,cloudflare_catchup_20260726081142_11-15-H1-H2-101-102-39-73,60,73,0,19,T424,AB6049,0,42
2026-07-26T22:57:01.735Z,cloudflare_catchup,cloudflare_catchup_20260726081142_11-15-H1-H2-101-102-39-73,60,73,0,0,T550/4,AB6136,1,11
2026-07-26T22:57:01.735Z,cloudflare_catchup,cloudflare_catchup_20260726081142_11-15-H1-H2-101-102-39-73,60,73,0,7,T421,AA3041,0,21
2026-07-26T22:57:01.735Z,cloudflare_catchup,cloudflare_catchup_20260726081142_11-15-H1-H2-101-102-39-73,60,73,0,9,M172/16,AB6393,0,41
2026-07-26T22:57:01.735Z,cloudflare_catchup,cloudflare_catchup_20260726081142_11-15-H1-H2-101-102-39-73,60,73,0,10,M247,AA7619,1,9
2026-07-26T22:57:01.735Z,cloudflare_catchup,cloudflare_catchup_20260726081142_11-15-H1-H2-101-102-39-73,60,73,0,14,M172/7,AB6613,1,13
2026-07-26T22:57:01.735Z,cloudflare_catchup,cloudflare_catchup_20260726081142_11-15-H1-H2-101-102-39-73,60,73,0,19,T424,AB6049,0,45
2026-07-26T22:58:02.374Z,cloudflare_catchup,cloudflare_catchup_20260726081142_11-15-H1-H2-101-102-39-73,60,73,0,0,T550/4,AB6136,1,11
2026-07-26T22:58:02.374Z,cloudflare_catchup,cloudflare_catchup_20260726081142_11-15-H1-H2-101-102-39-73,60,73,0,7,T421,AA3041,0,49
2026-07-26T22:58:02.374Z,cloudflare_catchup,cloudflare_catchup_20260726081142_11-15-H1-H2-101-102-39-73,60,73,0,9,M172/16,AB6393,0,47
2026-07-26T22:58:02.374Z,cloudflare_catchup,cloudflare_catchup_20260726081142_11-15-H1-H2-101-102-39-73,60,73,0,10,M247,AA7619,1,9
2026-07-26T22:58:02.374Z,cloudflare_catchup,cloudflare_catchup_20260726081142_11-15-H1-H2-101-102-39-73,60,73,0,14,M172/7,AB6613,0,42
2026-07-26T22:58:02.374Z,cloudflare_catchup,cloudflare_catchup_20260726081142_11-15-H1-H2-101-102-39-73,60,73,0,19,T424,AB6049,0,45
2026-07-26T22:59:02.292Z,cloudflare_catchup,cloudflare_catchup_20260726081142_11-15-H1-H2-101-102-39-73,60,73,0,0,T550/4,AB6136,1,11
2026-07-26T22:59:02.292Z,cloudflare_catchup,cloudflare_catchup_20260726081142_11-15-H1-H2-101-102-39-73,60,73,0,7,T421,AA3041,0,48
2026-07-26T22:59:02.292Z,cloudflare_catchup,cloudflare_catchup_20260726081142_11-15-H1-H2-101-102-39-73,60,73,0,9,M172/16,AB6393,0,36
2026-07-26T22:59:02.292Z,cloudflare_catchup,cloudflare_catchup_20260726081142_11-15-H1-H2-101-102-39-73,60,73,0,11,M231,AA7619,1,18
2026-07-26T22:59:02.292Z,cloudflare_catchup,cloudflare_catchup_20260726081142_11-15-H1-H2-101-102-39-73,60,73,0,14,M172/7,AB6613,0,43
2026-07-26T22:59:02.292Z,cloudflare_catchup,cloudflare_catchup_20260726081142_11-15-H1-H2-101-102-39-73,60,73,0,20,T559,AB6049,1,27
2026-07-26T23:00:03.176Z,cloudflare_catchup,cloudflare_catchup_20260726081142_11-15-H1-H2-101-102-39-73,60,73,0,0,T550/4,AB6136,1,11
2026-07-26T23:00:03.176Z,cloudflare_catchup,cloudflare_catchup_20260726081142_11-15-H1-H2-101-102-39-73,60,73,0,8,T431,AA3041,1,43
2026-07-26T23:00:03.176Z,cloudflare_catchup,cloudflare_catchup_20260726081142_11-15-H1-H2-101-102-39-73,60,73,0,9,M172/16,AB6393,0,27
2026-07-26T23:00:03.176Z,cloudflare_catchup,cloudflare_catchup_20260726081142_11-15-H1-H2-101-102-39-73,60,73,0,11,M231,AA7619,1,5
2026-07-26T23:00:03.176Z,cloudflare_catchup,cloudflare_catchup_20260726081142_11-15-H1-H2-101-102-39-73,60,73,0,14,M172/7,AB6613,0,50
2026-07-26T23:00:03.176Z,cloudflare_catchup,cloudflare_catchup_20260726081142_11-15-H1-H2-101-102-39-73,60,73,0,20,T559,AB6049,1,5
2026-07-26T23:01:01.805Z,cloudflare_catchup,cloudflare_catchup_20260726081142_11-15-H1-H2-101-102-39-73,60,73,0,1,T556,AB6136,0,28
2026-07-26T23:01:01.805Z,cloudflare_catchup,cloudflare_catchup_20260726081142_11-15-H1-H2-101-102-39-73,60,73,0,8,T431,AA3041,0,46
2026-07-26T23:01:01.805Z,cloudflare_catchup,cloudflare_catchup_20260726081142_11-15-H1-H2-101-102-39-73,60,73,0,9,M172/16,AB6393,0,48
2026-07-26T23:01:01.805Z,cloudflare_catchup,cloudflare_catchup_20260726081142_11-15-H1-H2-101-102-39-73,60,73,0,11,M231,AA7619,0,18
2026-07-26T23:01:01.805Z,cloudflare_catchup,cloudflare_catchup_20260726081142_11-15-H1-H2-101-102-39-73,60,73,0,14,M172/7,AB6613,0,48
2026-07-26T23:01:01.805Z,cloudflare_catchup,cloudflare_catchup_20260726081142_11-15-H1-H2-101-102-39-73,60,73,0,21,T552,AB6049,1,48
2026-07-26T23:02:02.482Z,cloudflare_catchup,cloudflare_catchup_20260726081142_11-15-H1-H2-101-102-39-73,60,73,0,1,T556,AB6136,0,49
2026-07-26T23:02:02.482Z,cloudflare_catchup,cloudflare_catchup_20260726081142_11-15-H1-H2-101-102-39-73,60,73,0,8,T431,AA3041,0,48
2026-07-26T23:02:02.482Z,cloudflare_catchup,cloudflare_catchup_20260726081142_11-15-H1-H2-101-102-39-73,60,73,0,9,M172/16,AB6393,0,31
2026-07-26T23:02:02.482Z,cloudflare_catchup,cloudflare_catchup_20260726081142_11-15-H1-H2-101-102-39-73,60,73,0,12,M219,AA7619,1,10
2026-07-26T23:02:02.482Z,cloudflare_catchup,cloudflare_catchup_20260726081142_11-15-H1-H2-101-102-39-73,60,73,0,14,M172/7,AB6613,0,48
2026-07-26T23:02:02.482Z,cloudflare_catchup,cloudflare_catchup_20260726081142_11-15-H1-H2-101-102-39-73,60,73,0,22,T553,AB6049,0,36
2026-07-26T23:03:01.798Z,cloudflare_catchup,cloudflare_catchup_20260726081142_11-15-H1-H2-101-102-39-73,60,73,0,3,T558,AB6136,0,48
2026-07-26T23:03:01.798Z,cloudflare_catchup,cloudflare_catchup_20260726081142_11-15-H1-H2-101-102-39-73,60,73,0,8,T431,AA3041,0,44
2026-07-26T23:03:01.798Z,cloudflare_catchup,cloudflare_catchup_20260726081142_11-15-H1-H2-101-102-39-73,60,73,0,10,M247,AB6393,1,12
2026-07-26T23:03:01.798Z,cloudflare_catchup,cloudflare_catchup_20260726081142_11-15-H1-H2-101-102-39-73,60,73,0,12,M219,AA7619,0,10
2026-07-26T23:03:01.798Z,cloudflare_catchup,cloudflare_catchup_20260726081142_11-15-H1-H2-101-102-39-73,60,73,0,15,T430,AB6613,0,41
2026-07-26T23:03:01.798Z,cloudflare_catchup,cloudflare_catchup_20260726081142_11-15-H1-H2-101-102-39-73,60,73,0,23,T554,AB6049,1,30
2026-07-26T23:04:02.580Z,cloudflare_catchup,cloudflare_catchup_20260726081142_11-15-H1-H2-101-102-39-73,60,73,0,3,T558,AB6136,0,47
2026-07-26T23:04:02.580Z,cloudflare_catchup,cloudflare_catchup_20260726081142_11-15-H1-H2-101-102-39-73,60,73,0,8,T431,AA3041,0,48
2026-07-26T23:04:02.580Z,cloudflare_catchup,cloudflare_catchup_20260726081142_11-15-H1-H2-101-102-39-73,60,73,0,10,M247,AB6393,1,12
2026-07-26T23:04:02.580Z,cloudflare_catchup,cloudflare_catchup_20260726081142_11-15-H1-H2-101-102-39-73,60,73,0,13,M50,AA7619,1,20
2026-07-26T23:04:02.580Z,cloudflare_catchup,cloudflare_catchup_20260726081142_11-15-H1-H2-101-102-39-73,60,73,0,15,T430,AB6613,0,39
2026-07-26T23:04:02.580Z,cloudflare_catchup,cloudflare_catchup_20260726081142_11-15-H1-H2-101-102-39-73,60,73,0,23,T554,AB6049,0,26
2026-07-26T23:05:03.329Z,cloudflare_catchup,cloudflare_catchup_20260726081142_11-15-H1-H2-101-102-39-73,60,73,0,4,T551/1,AB6136,0,47
2026-07-26T23:05:03.329Z,cloudflare_catchup,cloudflare_catchup_20260726081142_11-15-H1-H2-101-102-39-73,60,73,0,9,M172/16,AA3041,1,35
2026-07-26T23:05:03.329Z,cloudflare_catchup,cloudflare_catchup_20260726081142_11-15-H1-H2-101-102-39-73,60,73,0,11,M231,AB6393,1,7
2026-07-26T23:05:03.329Z,cloudflare_catchup,cloudflare_catchup_20260726081142_11-15-H1-H2-101-102-39-73,60,73,0,13,M50,AA7619,0,39
2026-07-26T23:05:03.329Z,cloudflare_catchup,cloudflare_catchup_20260726081142_11-15-H1-H2-101-102-39-73,60,73,0,16,T328,AB6613,0,48
2026-07-26T23:05:03.329Z,cloudflare_catchup,cloudflare_catchup_20260726081142_11-15-H1-H2-101-102-39-73,60,73,0,24,T555/2,AB6049,1,33
2026-07-26T23:06:02.572Z,cloudflare_catchup,cloudflare_catchup_20260726081142_11-15-H1-H2-101-102-39-73,60,73,0,4,T551/1,AB6136,0,43
2026-07-26T23:06:02.572Z,cloudflare_catchup,cloudflare_catchup_20260726081142_11-15-H1-H2-101-102-39-73,60,73,0,9,M172/16,AA3041,0,44
2026-07-26T23:06:02.572Z,cloudflare_catchup,cloudflare_catchup_20260726081142_11-15-H1-H2-101-102-39-73,60,73,0,11,M231,AB6393,1,7
2026-07-26T23:06:02.572Z,cloudflare_catchup,cloudflare_catchup_20260726081142_11-15-H1-H2-101-102-39-73,60,73,0,13,M50,AA7619,0,37
2026-07-26T23:06:02.572Z,cloudflare_catchup,cloudflare_catchup_20260726081142_11-15-H1-H2-101-102-39-73,60,73,0,17,T420,AB6613,1,47
2026-07-26T23:06:02.572Z,cloudflare_catchup,cloudflare_catchup_20260726081142_11-15-H1-H2-101-102-39-73,60,73,0,24,T555/2,AB6049,0,29
2026-07-26T23:07:01.894Z,cloudflare_catchup,cloudflare_catchup_20260726081142_11-15-H1-H2-101-102-39-73,60,73,0,4,T551/1,AB6136,0,47
2026-07-26T23:07:01.894Z,cloudflare_catchup,cloudflare_catchup_20260726081142_11-15-H1-H2-101-102-39-73,60,73,0,9,M172/16,AA3041,0,44
2026-07-26T23:07:01.894Z,cloudflare_catchup,cloudflare_catchup_20260726081142_11-15-H1-H2-101-102-39-73,60,73,0,11,M231,AB6393,0,24
2026-07-26T23:07:01.894Z,cloudflare_catchup,cloudflare_catchup_20260726081142_11-15-H1-H2-101-102-39-73,60,73,0,13,M50,AA7619,0,48
2026-07-26T23:07:01.894Z,cloudflare_catchup,cloudflare_catchup_20260726081142_11-15-H1-H2-101-102-39-73,60,73,0,18,T422,AB6613,1,49
2026-07-26T23:07:01.894Z,cloudflare_catchup,cloudflare_catchup_20260726081142_11-15-H1-H2-101-102-39-73,60,73,0,25,T550/4,AB6049,1,0
2026-07-26T23:08:02.571Z,cloudflare_catchup,cloudflare_catchup_20260726081142_11-15-H1-H2-101-102-39-73,60,73,0,6,T423,AB6136,1,43
2026-07-26T23:08:02.571Z,cloudflare_catchup,cloudflare_catchup_20260726081142_11-15-H1-H2-101-102-39-73,60,73,0,9,M172/16,AA3041,0,48
2026-07-26T23:08:02.571Z,cloudflare_catchup,cloudflare_catchup_20260726081142_11-15-H1-H2-101-102-39-73,60,73,0,12,M219,AB6393,1,31
2026-07-26T23:08:02.571Z,cloudflare_catchup,cloudflare_catchup_20260726081142_11-15-H1-H2-101-102-39-73,60,73,0,13,M50,AA7619,0,34
2026-07-26T23:08:02.571Z,cloudflare_catchup,cloudflare_catchup_20260726081142_11-15-H1-H2-101-102-39-73,60,73,0,18,T422,AB6613,0,31
2026-07-26T23:08:02.571Z,cloudflare_catchup,cloudflare_catchup_20260726081142_11-15-H1-H2-101-102-39-73,60,73,0,25,T550/4,AB6049,1,0
2026-07-26T23:09:01.791Z,cloudflare_catchup,cloudflare_catchup_20260726081142_11-15-H1-H2-101-102-39-73,60,73,0,7,T421,AB6136,1,26
2026-07-26T23:09:01.791Z,cloudflare_catchup,cloudflare_catchup_20260726081142_11-15-H1-H2-101-102-39-73,60,73,0,9,M172/16,AA3041,0,49
2026-07-26T23:09:01.791Z,cloudflare_catchup,cloudflare_catchup_20260726081142_11-15-H1-H2-101-102-39-73,60,73,0,12,M219,AB6393,0,7
2026-07-26T23:09:01.791Z,cloudflare_catchup,cloudflare_catchup_20260726081142_11-15-H1-H2-101-102-39-73,60,73,0,13,M50,AA7619,0,9
2026-07-26T23:09:01.791Z,cloudflare_catchup,cloudflare_catchup_20260726081142_11-15-H1-H2-101-102-39-73,60,73,0,19,T424,AB6613,0,29
2026-07-26T23:09:01.791Z,cloudflare_catchup,cloudflare_catchup_20260726081142_11-15-H1-H2-101-102-39-73,60,73,0,25,T550/4,AB6049,1,0
2026-07-26T23:10:02.558Z,cloudflare_catchup,cloudflare_catchup_20260726081142_11-15-H1-H2-101-102-39-73,60,73,0,7,T421,AB6136,0,49
2026-07-26T23:10:02.558Z,cloudflare_catchup,cloudflare_catchup_20260726081142_11-15-H1-H2-101-102-39-73,60,73,0,9,M172/16,AA3041,0,19
2026-07-26T23:10:02.558Z,cloudflare_catchup,cloudflare_catchup_20260726081142_11-15-H1-H2-101-102-39-73,60,73,0,12,M219,AB6393,0,7
2026-07-26T23:10:02.558Z,cloudflare_catchup,cloudflare_catchup_20260726081142_11-15-H1-H2-101-102-39-73,60,73,0,13,M50,AA7619,0,38
2026-07-26T23:10:02.558Z,cloudflare_catchup,cloudflare_catchup_20260726081142_11-15-H1-H2-101-102-39-73,60,73,0,19,T424,AB6613,0,45
2026-07-26T23:10:02.558Z,cloudflare_catchup,cloudflare_catchup_20260726081142_11-15-H1-H2-101-102-39-73,60,73,0,25,T550/4,AB6049,1,0
2026-07-26T23:11:02.029Z,cloudflare_catchup,cloudflare_catchup_20260726081142_11-15-H1-H2-101-102-39-73,60,73,0,7,T421,AB6136,0,49
2026-07-26T23:11:02.029Z,cloudflare_catchup,cloudflare_catchup_20260726081142_11-15-H1-H2-101-102-39-73,60,73,0,9,M172/16,AA3041,0,30
2026-07-26T23:11:02.029Z,cloudflare_catchup,cloudflare_catchup_20260726081142_11-15-H1-H2-101-102-39-73,60,73,0,13,M50,AA7619,0,14
2026-07-26T23:11:02.029Z,cloudflare_catchup,cloudflare_catchup_20260726081142_11-15-H1-H2-101-102-39-73,60,73,0,13,M50,AB6393,1,7
2026-07-26T23:11:02.029Z,cloudflare_catchup,cloudflare_catchup_20260726081142_11-15-H1-H2-101-102-39-73,60,73,0,19,T424,AB6613,0,46
2026-07-26T23:11:02.029Z,cloudflare_catchup,cloudflare_catchup_20260726081142_11-15-H1-H2-101-102-39-73,60,73,0,25,T550/4,AB6049,1,0
2026-07-26T23:12:02.518Z,cloudflare_catchup,cloudflare_catchup_20260726081142_11-15-H1-H2-101-102-39-73,60,73,0,0,T550/4,AB6049,1,9
2026-07-26T23:12:02.518Z,cloudflare_catchup,cloudflare_catchup_20260726081142_11-15-H1-H2-101-102-39-73,60,73,0,7,T421,AB6136,0,43
2026-07-26T23:12:02.518Z,cloudflare_catchup,cloudflare_catchup_20260726081142_11-15-H1-H2-101-102-39-73,60,73,0,10,M247,AA3041,1,44
2026-07-26T23:12:02.518Z,cloudflare_catchup,cloudflare_catchup_20260726081142_11-15-H1-H2-101-102-39-73,60,73,0,13,M50,AA7619,0,12
2026-07-26T23:12:02.518Z,cloudflare_catchup,cloudflare_catchup_20260726081142_11-15-H1-H2-101-102-39-73,60,73,0,13,M50,AB6393,0,29
2026-07-26T23:12:02.518Z,cloudflare_catchup,cloudflare_catchup_20260726081142_11-15-H1-H2-101-102-39-73,60,73,0,19,T424,AB6613,0,46
2026-07-26T23:13:01.779Z,cloudflare_catchup,cloudflare_catchup_20260726081142_11-15-H1-H2-101-102-39-73,60,73,0,0,T550/4,AB6049,1,9
2026-07-26T23:13:01.779Z,cloudflare_catchup,cloudflare_catchup_20260726081142_11-15-H1-H2-101-102-39-73,60,73,0,8,T431,AB6136,0,20
2026-07-26T23:13:01.779Z,cloudflare_catchup,cloudflare_catchup_20260726081142_11-15-H1-H2-101-102-39-73,60,73,0,10,M247,AA3041,1,10
2026-07-26T23:13:01.779Z,cloudflare_catchup,cloudflare_catchup_20260726081142_11-15-H1-H2-101-102-39-73,60,73,0,13,M50,AA7619,0,39
2026-07-26T23:13:01.779Z,cloudflare_catchup,cloudflare_catchup_20260726081142_11-15-H1-H2-101-102-39-73,60,73,0,13,M50,AB6393,0,48
2026-07-26T23:13:01.779Z,cloudflare_catchup,cloudflare_catchup_20260726081142_11-15-H1-H2-101-102-39-73,60,73,0,20,T559,AB6613,0,11
2026-07-26T23:14:02.511Z,cloudflare_catchup,cloudflare_catchup_20260726081142_11-15-H1-H2-101-102-39-73,60,73,0,1,T556,AB6049,1,36
2026-07-26T23:14:02.511Z,cloudflare_catchup,cloudflare_catchup_20260726081142_11-15-H1-H2-101-102-39-73,60,73,0,8,T431,AB6136,0,47
2026-07-26T23:14:02.511Z,cloudflare_catchup,cloudflare_catchup_20260726081142_11-15-H1-H2-101-102-39-73,60,73,0,11,M231,AA3041,1,5
2026-07-26T23:14:02.511Z,cloudflare_catchup,cloudflare_catchup_20260726081142_11-15-H1-H2-101-102-39-73,60,73,0,13,M50,AA7619,0,45
2026-07-26T23:14:02.511Z,cloudflare_catchup,cloudflare_catchup_20260726081142_11-15-H1-H2-101-102-39-73,60,73,0,13,M50,AB6393,0,49
2026-07-26T23:14:02.511Z,cloudflare_catchup,cloudflare_catchup_20260726081142_11-15-H1-H2-101-102-39-73,60,73,0,21,T552,AB6613,0,29
2026-07-26T23:15:03.271Z,cloudflare_catchup,cloudflare_catchup_20260726081142_11-15-H1-H2-101-102-39-73,60,73,0,1,T556,AB6049,0,38
2026-07-26T23:15:03.271Z,cloudflare_catchup,cloudflare_catchup_20260726081142_11-15-H1-H2-101-102-39-73,60,73,0,8,T431,AB6136,0,47
2026-07-26T23:15:03.271Z,cloudflare_catchup,cloudflare_catchup_20260726081142_11-15-H1-H2-101-102-39-73,60,73,0,11,M231,AA3041,0,24
2026-07-26T23:15:03.271Z,cloudflare_catchup,cloudflare_catchup_20260726081142_11-15-H1-H2-101-102-39-73,60,73,0,13,M50,AA7619,0,38
2026-07-26T23:15:03.271Z,cloudflare_catchup,cloudflare_catchup_20260726081142_11-15-H1-H2-101-102-39-73,60,73,0,13,M50,AB6393,0,47
2026-07-26T23:15:03.271Z,cloudflare_catchup,cloudflare_catchup_20260726081142_11-15-H1-H2-101-102-39-73,60,73,0,22,T553,AB6613,0,23
2026-07-26T23:16:02.583Z,cloudflare_catchup,cloudflare_catchup_20260726081142_11-15-H1-H2-101-102-39-73,60,73,0,2,T557,AB6049,1,18
2026-07-26T23:16:02.583Z,cloudflare_catchup,cloudflare_catchup_20260726081142_11-15-H1-H2-101-102-39-73,60,73,0,8,T431,AB6136,0,44
2026-07-26T23:16:02.583Z,cloudflare_catchup,cloudflare_catchup_20260726081142_11-15-H1-H2-101-102-39-73,60,73,0,12,M219,AA3041,1,3
2026-07-26T23:16:02.583Z,cloudflare_catchup,cloudflare_catchup_20260726081142_11-15-H1-H2-101-102-39-73,60,73,0,13,M50,AA7619,0,43
2026-07-26T23:16:02.583Z,cloudflare_catchup,cloudflare_catchup_20260726081142_11-15-H1-H2-101-102-39-73,60,73,0,13,M50,AB6393,0,25
2026-07-26T23:16:02.583Z,cloudflare_catchup,cloudflare_catchup_20260726081142_11-15-H1-H2-101-102-39-73,60,73,0,23,T554,AB6613,0,48
2026-07-26T23:17:01.850Z,cloudflare_catchup,cloudflare_catchup_20260726081142_11-15-H1-H2-101-102-39-73,60,73,0,3,T558,AB6049,0,48
2026-07-26T23:17:01.850Z,cloudflare_catchup,cloudflare_catchup_20260726081142_11-15-H1-H2-101-102-39-73,60,73,0,8,T431,AB6136,0,46
2026-07-26T23:17:01.850Z,cloudflare_catchup,cloudflare_catchup_20260726081142_11-15-H1-H2-101-102-39-73,60,73,0,12,M219,AA3041,0,3
2026-07-26T23:17:01.850Z,cloudflare_catchup,cloudflare_catchup_20260726081142_11-15-H1-H2-101-102-39-73,60,73,0,13,M50,AA7619,0,49
2026-07-26T23:17:01.850Z,cloudflare_catchup,cloudflare_catchup_20260726081142_11-15-H1-H2-101-102-39-73,60,73,0,13,M50,AB6393,0,16
2026-07-26T23:17:01.850Z,cloudflare_catchup,cloudflare_catchup_20260726081142_11-15-H1-H2-101-102-39-73,60,73,0,24,T555/2,AB6613,0,16
2026-07-26T23:18:02.593Z,cloudflare_catchup,cloudflare_catchup_20260726081142_11-15-H1-H2-101-102-39-73,60,73,0,3,T558,AB6049,0,21
2026-07-26T23:18:02.593Z,cloudflare_catchup,cloudflare_catchup_20260726081142_11-15-H1-H2-101-102-39-73,60,73,0,9,M172/16,AB6136,1,6
2026-07-26T23:18:02.593Z,cloudflare_catchup,cloudflare_catchup_20260726081142_11-15-H1-H2-101-102-39-73,60,73,0,12,M219,AA3041,0,34
2026-07-26T23:18:02.593Z,cloudflare_catchup,cloudflare_catchup_20260726081142_11-15-H1-H2-101-102-39-73,60,73,0,13,M50,AA7619,0,36
2026-07-26T23:18:02.593Z,cloudflare_catchup,cloudflare_catchup_20260726081142_11-15-H1-H2-101-102-39-73,60,73,0,13,M50,AB6393,0,19
2026-07-26T23:18:02.593Z,cloudflare_catchup,cloudflare_catchup_20260726081142_11-15-H1-H2-101-102-39-73,60,73,0,25,T550/4,AB6613,1,0
2026-07-26T23:19:01.700Z,cloudflare_catchup,cloudflare_catchup_20260726081142_11-15-H1-H2-101-102-39-73,60,73,0,4,T551/1,AB6049,0,47
2026-07-26T23:19:01.700Z,cloudflare_catchup,cloudflare_catchup_20260726081142_11-15-H1-H2-101-102-39-73,60,73,0,9,M172/16,AB6136,0,26
2026-07-26T23:19:01.700Z,cloudflare_catchup,cloudflare_catchup_20260726081142_11-15-H1-H2-101-102-39-73,60,73,0,13,M50,AB6393,0,11
2026-07-26T23:19:01.700Z,cloudflare_catchup,cloudflare_catchup_20260726081142_11-15-H1-H2-101-102-39-73,60,73,0,13,M50,AA3041,1,2
2026-07-26T23:19:01.700Z,cloudflare_catchup,cloudflare_catchup_20260726081142_11-15-H1-H2-101-102-39-73,60,73,0,15,T430,AA7619,0,37
2026-07-26T23:19:01.700Z,cloudflare_catchup,cloudflare_catchup_20260726081142_11-15-H1-H2-101-102-39-73,60,73,0,25,T550/4,AB6613,1,0
2026-07-26T23:20:02.428Z,cloudflare_catchup,cloudflare_catchup_20260726081142_11-15-H1-H2-101-102-39-73,60,73,0,4,T551/1,AB6049,0,48
2026-07-26T23:20:02.428Z,cloudflare_catchup,cloudflare_catchup_20260726081142_11-15-H1-H2-101-102-39-73,60,73,0,9,M172/16,AB6136,0,46
2026-07-26T23:20:02.428Z,cloudflare_catchup,cloudflare_catchup_20260726081142_11-15-H1-H2-101-102-39-73,60,73,0,11,M231,AA2654,0,27
2026-07-26T23:20:02.428Z,cloudflare_catchup,cloudflare_catchup_20260726081142_11-15-H1-H2-101-102-39-73,60,73,0,13,M50,AA3041,0,47
2026-07-26T23:20:02.428Z,cloudflare_catchup,cloudflare_catchup_20260726081142_11-15-H1-H2-101-102-39-73,60,73,0,14,M172/7,AB6393,0,21
2026-07-26T23:20:02.428Z,cloudflare_catchup,cloudflare_catchup_20260726081142_11-15-H1-H2-101-102-39-73,60,73,0,16,T328,AA7619,0,40
2026-07-26T23:20:02.428Z,cloudflare_catchup,cloudflare_catchup_20260726081142_11-15-H1-H2-101-102-39-73,60,73,0,25,T550/4,AB6613,1,0
2026-07-26T23:21:01.821Z,cloudflare_catchup,cloudflare_catchup_20260726081142_11-15-H1-H2-101-102-39-73,60,73,0,0,T550/4,AB6171,1,22
2026-07-26T23:21:01.821Z,cloudflare_catchup,cloudflare_catchup_20260726081142_11-15-H1-H2-101-102-39-73,60,73,0,4,T551/1,AB6049,0,48
2026-07-26T23:21:01.821Z,cloudflare_catchup,cloudflare_catchup_20260726081142_11-15-H1-H2-101-102-39-73,60,73,0,9,M172/16,AB6136,0,46
2026-07-26T23:21:01.821Z,cloudflare_catchup,cloudflare_catchup_20260726081142_11-15-H1-H2-101-102-39-73,60,73,0,11,M231,AA2654,0,1
2026-07-26T23:21:01.821Z,cloudflare_catchup,cloudflare_catchup_20260726081142_11-15-H1-H2-101-102-39-73,60,73,0,13,M50,AA3041,0,49
2026-07-26T23:21:01.821Z,cloudflare_catchup,cloudflare_catchup_20260726081142_11-15-H1-H2-101-102-39-73,60,73,0,14,M172/7,AB6393,0,43
2026-07-26T23:21:01.821Z,cloudflare_catchup,cloudflare_catchup_20260726081142_11-15-H1-H2-101-102-39-73,60,73,0,16,T328,AA7619,0,33
2026-07-26T23:21:01.821Z,cloudflare_catchup,cloudflare_catchup_20260726081142_11-15-H1-H2-101-102-39-73,60,73,0,25,T550/4,AB6613,1,0
2026-07-26T23:22:02.718Z,cloudflare_catchup,cloudflare_catchup_20260726081142_11-15-H1-H2-101-102-39-73,60,73,0,1,T556,AB6171,0,13
2026-07-26T23:22:02.718Z,cloudflare_catchup,cloudflare_catchup_20260726081142_11-15-H1-H2-101-102-39-73,60,73,0,5,T425,AB6049,0,43
2026-07-26T23:22:02.718Z,cloudflare_catchup,cloudflare_catchup_20260726081142_11-15-H1-H2-101-102-39-73,60,73,0,9,M172/16,AB6136,0,29
2026-07-26T23:22:02.718Z,cloudflare_catchup,cloudflare_catchup_20260726081142_11-15-H1-H2-101-102-39-73,60,73,0,12,M219,AA2654,0,26
2026-07-26T23:22:02.718Z,cloudflare_catchup,cloudflare_catchup_20260726081142_11-15-H1-H2-101-102-39-73,60,73,0,13,M50,AA3041,0,47
2026-07-26T23:22:02.718Z,cloudflare_catchup,cloudflare_catchup_20260726081142_11-15-H1-H2-101-102-39-73,60,73,0,14,M172/7,AB6393,0,47
2026-07-26T23:22:02.718Z,cloudflare_catchup,cloudflare_catchup_20260726081142_11-15-H1-H2-101-102-39-73,60,73,0,17,T420,AA7619,0,38
2026-07-26T23:22:02.718Z,cloudflare_catchup,cloudflare_catchup_20260726081142_11-15-H1-H2-101-102-39-73,60,73,0,25,T550/4,AB6613,1,0
2026-07-26T23:23:01.969Z,cloudflare_catchup,cloudflare_catchup_20260726081142_11-15-H1-H2-101-102-39-73,60,73,0,1,T556,AB6171,0,48
2026-07-26T23:23:01.969Z,cloudflare_catchup,cloudflare_catchup_20260726081142_11-15-H1-H2-101-102-39-73,60,73,0,6,T423,AB6049,0,38
2026-07-26T23:23:01.969Z,cloudflare_catchup,cloudflare_catchup_20260726081142_11-15-H1-H2-101-102-39-73,60,73,0,9,M172/16,AB6136,0,45
2026-07-26T23:23:01.969Z,cloudflare_catchup,cloudflare_catchup_20260726081142_11-15-H1-H2-101-102-39-73,60,73,0,12,M219,AA2654,0,26
2026-07-26T23:23:01.969Z,cloudflare_catchup,cloudflare_catchup_20260726081142_11-15-H1-H2-101-102-39-73,60,73,0,13,M50,AA3041,0,27
2026-07-26T23:23:01.969Z,cloudflare_catchup,cloudflare_catchup_20260726081142_11-15-H1-H2-101-102-39-73,60,73,0,14,M172/7,AB6393,0,47
2026-07-26T23:23:01.969Z,cloudflare_catchup,cloudflare_catchup_20260726081142_11-15-H1-H2-101-102-39-73,60,73,0,18,T422,AA7619,0,29
2026-07-26T23:24:02.651Z,cloudflare_catchup,cloudflare_catchup_20260726081142_11-15-H1-H2-101-102-39-73,60,73,0,2,T557,AB6171,0,30
2026-07-26T23:24:02.651Z,cloudflare_catchup,cloudflare_catchup_20260726081142_11-15-H1-H2-101-102-39-73,60,73,0,7,T421,AB6049,0,31
2026-07-26T23:24:02.651Z,cloudflare_catchup,cloudflare_catchup_20260726081142_11-15-H1-H2-101-102-39-73,60,73,0,9,M172/16,AB6136,0,47
2026-07-26T23:24:02.651Z,cloudflare_catchup,cloudflare_catchup_20260726081142_11-15-H1-H2-101-102-39-73,60,73,0,13,M50,AA3041,0,12
2026-07-26T23:24:02.651Z,cloudflare_catchup,cloudflare_catchup_20260726081142_11-15-H1-H2-101-102-39-73,60,73,0,13,M50,AA2654,1,24
2026-07-26T23:24:02.651Z,cloudflare_catchup,cloudflare_catchup_20260726081142_11-15-H1-H2-101-102-39-73,60,73,0,14,M172/7,AB6393,0,11
2026-07-26T23:24:02.651Z,cloudflare_catchup,cloudflare_catchup_20260726081142_11-15-H1-H2-101-102-39-73,60,73,0,18,T422,AA7619,0,11
2026-07-26T23:25:03.358Z,cloudflare_catchup,cloudflare_catchup_20260726081142_11-15-H1-H2-101-102-39-73,60,73,0,3,T558,AB6171,0,33
2026-07-26T23:25:03.358Z,cloudflare_catchup,cloudflare_catchup_20260726081142_11-15-H1-H2-101-102-39-73,60,73,0,7,T421,AB6049,0,47
2026-07-26T23:25:03.358Z,cloudflare_catchup,cloudflare_catchup_20260726081142_11-15-H1-H2-101-102-39-73,60,73,0,9,M172/16,AB6136,0,24
2026-07-26T23:25:03.358Z,cloudflare_catchup,cloudflare_catchup_20260726081142_11-15-H1-H2-101-102-39-73,60,73,0,13,M50,AA3041,0,12
2026-07-26T23:25:03.358Z,cloudflare_catchup,cloudflare_catchup_20260726081142_11-15-H1-H2-101-102-39-73,60,73,0,13,M50,AA2654,0,49
2026-07-26T23:25:03.358Z,cloudflare_catchup,cloudflare_catchup_20260726081142_11-15-H1-H2-101-102-39-73,60,73,0,14,M172/7,AB6393,0,46
2026-07-26T23:25:03.358Z,cloudflare_catchup,cloudflare_catchup_20260726081142_11-15-H1-H2-101-102-39-73,60,73,0,19,T424,AA7619,0,49
2026-07-26T23:26:02.346Z,cloudflare_catchup,cloudflare_catchup_20260726081142_11-15-H1-H2-101-102-39-73,60,73,0,4,T551/1,AB6171,1,32
2026-07-26T23:26:02.346Z,cloudflare_catchup,cloudflare_catchup_20260726081142_11-15-H1-H2-101-102-39-73,60,73,0,7,T421,AB6049,0,48
2026-07-26T23:26:02.346Z,cloudflare_catchup,cloudflare_catchup_20260726081142_11-15-H1-H2-101-102-39-73,60,73,0,10,M247,AB6136,1,26
2026-07-26T23:26:02.346Z,cloudflare_catchup,cloudflare_catchup_20260726081142_11-15-H1-H2-101-102-39-73,60,73,0,13,M50,AA2654,0,34
2026-07-26T23:26:02.346Z,cloudflare_catchup,cloudflare_catchup_20260726081142_11-15-H1-H2-101-102-39-73,60,73,0,14,M172/7,AA3041,0,3
2026-07-26T23:26:02.346Z,cloudflare_catchup,cloudflare_catchup_20260726081142_11-15-H1-H2-101-102-39-73,60,73,0,15,T430,AB6393,0,49
2026-07-26T23:26:02.346Z,cloudflare_catchup,cloudflare_catchup_20260726081142_11-15-H1-H2-101-102-39-73,60,73,0,19,T424,AA7619,0,47
2026-07-26T23:27:01.699Z,cloudflare_catchup,cloudflare_catchup_20260726081142_11-15-H1-H2-101-102-39-73,60,73,0,4,T551/1,AB6171,0,44
2026-07-26T23:27:01.699Z,cloudflare_catchup,cloudflare_catchup_20260726081142_11-15-H1-H2-101-102-39-73,60,73,0,8,T431,AB6049,0,41
2026-07-26T23:27:01.699Z,cloudflare_catchup,cloudflare_catchup_20260726081142_11-15-H1-H2-101-102-39-73,60,73,0,10,M247,AB6136,1,13
2026-07-26T23:27:01.699Z,cloudflare_catchup,cloudflare_catchup_20260726081142_11-15-H1-H2-101-102-39-73,60,73,0,13,M50,AA2654,0,36
2026-07-26T23:27:01.699Z,cloudflare_catchup,cloudflare_catchup_20260726081142_11-15-H1-H2-101-102-39-73,60,73,0,14,M172/7,AA3041,0,34
2026-07-26T23:27:01.699Z,cloudflare_catchup,cloudflare_catchup_20260726081142_11-15-H1-H2-101-102-39-73,60,73,0,16,T328,AB6393,1,44
2026-07-26T23:27:01.699Z,cloudflare_catchup,cloudflare_catchup_20260726081142_11-15-H1-H2-101-102-39-73,60,73,0,19,T424,AA7619,0,47
2026-07-26T23:28:02.461Z,cloudflare_catchup,cloudflare_catchup_20260726081142_11-15-H1-H2-101-102-39-73,60,73,0,4,T551/1,AB6171,0,46
2026-07-26T23:28:02.461Z,cloudflare_catchup,cloudflare_catchup_20260726081142_11-15-H1-H2-101-102-39-73,60,73,0,8,T431,AB6049,0,28
2026-07-26T23:28:02.461Z,cloudflare_catchup,cloudflare_catchup_20260726081142_11-15-H1-H2-101-102-39-73,60,73,0,10,M247,AB6136,1,4
2026-07-26T23:28:02.461Z,cloudflare_catchup,cloudflare_catchup_20260726081142_11-15-H1-H2-101-102-39-73,60,73,0,13,M50,AA2654,0,43
2026-07-26T23:28:02.461Z,cloudflare_catchup,cloudflare_catchup_20260726081142_11-15-H1-H2-101-102-39-73,60,73,0,14,M172/7,AA3041,0,42
2026-07-26T23:28:02.461Z,cloudflare_catchup,cloudflare_catchup_20260726081142_11-15-H1-H2-101-102-39-73,60,73,0,16,T328,AB6393,0,48
2026-07-26T23:28:02.461Z,cloudflare_catchup,cloudflare_catchup_20260726081142_11-15-H1-H2-101-102-39-73,60,73,0,20,T559,AA7619,1,23
2026-07-26T23:29:01.828Z,cloudflare_catchup,cloudflare_catchup_20260726081142_11-15-H1-H2-101-102-39-73,60,73,0,4,T551/1,AB6171,0,41
2026-07-26T23:29:01.828Z,cloudflare_catchup,cloudflare_catchup_20260726081142_11-15-H1-H2-101-102-39-73,60,73,0,8,T431,AB6049,0,48
2026-07-26T23:29:01.828Z,cloudflare_catchup,cloudflare_catchup_20260726081142_11-15-H1-H2-101-102-39-73,60,73,0,11,M231,AB6136,1,39
2026-07-26T23:29:01.828Z,cloudflare_catchup,cloudflare_catchup_20260726081142_11-15-H1-H2-101-102-39-73,60,73,0,13,M50,AA2654,0,42
2026-07-26T23:29:01.828Z,cloudflare_catchup,cloudflare_catchup_20260726081142_11-15-H1-H2-101-102-39-73,60,73,0,14,M172/7,AA3041,0,49
2026-07-26T23:29:01.828Z,cloudflare_catchup,cloudflare_catchup_20260726081142_11-15-H1-H2-101-102-39-73,60,73,0,17,T420,AB6393,1,44
2026-07-26T23:29:01.828Z,cloudflare_catchup,cloudflare_catchup_20260726081142_11-15-H1-H2-101-102-39-73,60,73,0,20,T559,AA7619,0,48
2026-07-26T23:30:02.566Z,cloudflare_catchup,cloudflare_catchup_20260726081142_11-15-H1-H2-101-102-39-73,60,73,0,6,T423,AB6171,1,7
2026-07-26T23:30:02.566Z,cloudflare_catchup,cloudflare_catchup_20260726081142_11-15-H1-H2-101-102-39-73,60,73,0,8,T431,AB6049,0,44
2026-07-26T23:30:02.566Z,cloudflare_catchup,cloudflare_catchup_20260726081142_11-15-H1-H2-101-102-39-73,60,73,0,11,M231,AB6136,0,20
2026-07-26T23:30:02.566Z,cloudflare_catchup,cloudflare_catchup_20260726081142_11-15-H1-H2-101-102-39-73,60,73,0,13,M50,AA2654,0,3
2026-07-26T23:30:02.566Z,cloudflare_catchup,cloudflare_catchup_20260726081142_11-15-H1-H2-101-102-39-73,60,73,0,14,M172/7,AA3041,0,48
2026-07-26T23:30:02.566Z,cloudflare_catchup,cloudflare_catchup_20260726081142_11-15-H1-H2-101-102-39-73,60,73,0,18,T422,AB6393,0,46
2026-07-26T23:30:02.566Z,cloudflare_catchup,cloudflare_catchup_20260726081142_11-15-H1-H2-101-102-39-73,60,73,0,22,T553,AA7619,0,36
2026-07-26T23:31:01.785Z,cloudflare_catchup,cloudflare_catchup_20260726081142_11-15-H1-H2-101-102-39-73,60,73,0,0,T550/4,AA5945,1,3
2026-07-26T23:31:01.785Z,cloudflare_catchup,cloudflare_catchup_20260726081142_11-15-H1-H2-101-102-39-73,60,73,0,7,T421,AB6171,1,35
2026-07-26T23:31:01.785Z,cloudflare_catchup,cloudflare_catchup_20260726081142_11-15-H1-H2-101-102-39-73,60,73,0,8,T431,AB6049,0,45
2026-07-26T23:31:01.785Z,cloudflare_catchup,cloudflare_catchup_20260726081142_11-15-H1-H2-101-102-39-73,60,73,0,12,M219,AB6136,1,29
2026-07-26T23:31:01.785Z,cloudflare_catchup,cloudflare_catchup_20260726081142_11-15-H1-H2-101-102-39-73,60,73,0,14,M172/7,AA3041,0,30
2026-07-26T23:31:01.785Z,cloudflare_catchup,cloudflare_catchup_20260726081142_11-15-H1-H2-101-102-39-73,60,73,0,14,M172/7,AA2654,1,8
2026-07-26T23:31:01.785Z,cloudflare_catchup,cloudflare_catchup_20260726081142_11-15-H1-H2-101-102-39-73,60,73,0,18,T422,AB6393,0,5
2026-07-26T23:31:01.785Z,cloudflare_catchup,cloudflare_catchup_20260726081142_11-15-H1-H2-101-102-39-73,60,73,0,23,T554,AA7619,0,29
2026-07-26T23:32:02.479Z,cloudflare_catchup,cloudflare_catchup_20260726081142_11-15-H1-H2-101-102-39-73,60,73,0,1,T556,AA5945,1,32
2026-07-26T23:32:02.479Z,cloudflare_catchup,cloudflare_catchup_20260726081142_11-15-H1-H2-101-102-39-73,60,73,0,7,T421,AB6171,0,47
2026-07-26T23:32:02.479Z,cloudflare_catchup,cloudflare_catchup_20260726081142_11-15-H1-H2-101-102-39-73,60,73,0,9,M172/16,AB6049,1,4
2026-07-26T23:32:02.479Z,cloudflare_catchup,cloudflare_catchup_20260726081142_11-15-H1-H2-101-102-39-73,60,73,0,12,M219,AB6136,0,21
2026-07-26T23:32:02.479Z,cloudflare_catchup,cloudflare_catchup_20260726081142_11-15-H1-H2-101-102-39-73,60,73,0,14,M172/7,AA3041,0,44
2026-07-26T23:32:02.479Z,cloudflare_catchup,cloudflare_catchup_20260726081142_11-15-H1-H2-101-102-39-73,60,73,0,14,M172/7,AA2654,0,4
2026-07-26T23:32:02.479Z,cloudflare_catchup,cloudflare_catchup_20260726081142_11-15-H1-H2-101-102-39-73,60,73,0,19,T424,AB6393,0,27
2026-07-26T23:32:02.479Z,cloudflare_catchup,cloudflare_catchup_20260726081142_11-15-H1-H2-101-102-39-73,60,73,0,24,T555/2,AA7619,1,44
2026-07-26T23:33:01.971Z,cloudflare_catchup,cloudflare_catchup_20260726081142_11-15-H1-H2-101-102-39-73,60,73,0,1,T556,AA5945,0,28
2026-07-26T23:33:01.971Z,cloudflare_catchup,cloudflare_catchup_20260726081142_11-15-H1-H2-101-102-39-73,60,73,0,7,T421,AB6171,0,47
2026-07-26T23:33:01.971Z,cloudflare_catchup,cloudflare_catchup_20260726081142_11-15-H1-H2-101-102-39-73,60,73,0,9,M172/16,AB6049,0,49
2026-07-26T23:33:01.971Z,cloudflare_catchup,cloudflare_catchup_20260726081142_11-15-H1-H2-101-102-39-73,60,73,0,13,M50,AB6136,1,22
2026-07-26T23:33:01.971Z,cloudflare_catchup,cloudflare_catchup_20260726081142_11-15-H1-H2-101-102-39-73,60,73,0,14,M172/7,AA2654,0,46
2026-07-26T23:33:01.971Z,cloudflare_catchup,cloudflare_catchup_20260726081142_11-15-H1-H2-101-102-39-73,60,73,0,15,T430,AA3041,0,44
2026-07-26T23:33:01.971Z,cloudflare_catchup,cloudflare_catchup_20260726081142_11-15-H1-H2-101-102-39-73,60,73,0,19,T424,AB6393,0,45
2026-07-26T23:33:01.971Z,cloudflare_catchup,cloudflare_catchup_20260726081142_11-15-H1-H2-101-102-39-73,60,73,0,24,T555/2,AA7619,0,42
2026-07-26T23:34:02.482Z,cloudflare_catchup,cloudflare_catchup_20260726081142_11-15-H1-H2-101-102-39-73,60,73,0,2,T557,AA5945,0,41
2026-07-26T23:34:02.482Z,cloudflare_catchup,cloudflare_catchup_20260726081142_11-15-H1-H2-101-102-39-73,60,73,0,7,T421,AB6171,0,25
2026-07-26T23:34:02.482Z,cloudflare_catchup,cloudflare_catchup_20260726081142_11-15-H1-H2-101-102-39-73,60,73,0,9,M172/16,AB6049,0,46
2026-07-26T23:34:02.482Z,cloudflare_catchup,cloudflare_catchup_20260726081142_11-15-H1-H2-101-102-39-73,60,73,0,13,M50,AB6136,1,15
2026-07-26T23:34:02.482Z,cloudflare_catchup,cloudflare_catchup_20260726081142_11-15-H1-H2-101-102-39-73,60,73,0,14,M172/7,AA2654,0,43
2026-07-26T23:34:02.482Z,cloudflare_catchup,cloudflare_catchup_20260726081142_11-15-H1-H2-101-102-39-73,60,73,0,15,T430,AA3041,0,36
2026-07-26T23:34:02.482Z,cloudflare_catchup,cloudflare_catchup_20260726081142_11-15-H1-H2-101-102-39-73,60,73,0,19,T424,AB6393,0,45
2026-07-26T23:34:02.482Z,cloudflare_catchup,cloudflare_catchup_20260726081142_11-15-H1-H2-101-102-39-73,60,73,0,25,T550/4,AA7619,1,0
2026-07-26T23:35:03.145Z,cloudflare_catchup,cloudflare_catchup_20260726081142_11-15-H1-H2-101-102-39-73,60,73,0,3,T558,AA5945,0,49
2026-07-26T23:35:03.145Z,cloudflare_catchup,cloudflare_catchup_20260726081142_11-15-H1-H2-101-102-39-73,60,73,0,8,T431,AB6171,0,47
2026-07-26T23:35:03.145Z,cloudflare_catchup,cloudflare_catchup_20260726081142_11-15-H1-H2-101-102-39-73,60,73,0,9,M172/16,AB6049,0,49
2026-07-26T23:35:03.145Z,cloudflare_catchup,cloudflare_catchup_20260726081142_11-15-H1-H2-101-102-39-73,60,73,0,13,M50,AB6136,0,34
2026-07-26T23:35:03.145Z,cloudflare_catchup,cloudflare_catchup_20260726081142_11-15-H1-H2-101-102-39-73,60,73,0,14,M172/7,AA2654,0,46
2026-07-26T23:35:03.145Z,cloudflare_catchup,cloudflare_catchup_20260726081142_11-15-H1-H2-101-102-39-73,60,73,0,16,T328,AA3041,0,47
2026-07-26T23:35:03.145Z,cloudflare_catchup,cloudflare_catchup_20260726081142_11-15-H1-H2-101-102-39-73,60,73,0,20,T559,AB6393,1,47
2026-07-26T23:35:03.145Z,cloudflare_catchup,cloudflare_catchup_20260726081142_11-15-H1-H2-101-102-39-73,60,73,0,25,T550/4,AA7619,1,0
2026-07-26T23:36:02.773Z,cloudflare_catchup,cloudflare_catchup_20260726081142_11-15-H1-H2-101-102-39-73,60,73,0,4,T551/1,AA5945,1,14
2026-07-26T23:36:02.773Z,cloudflare_catchup,cloudflare_catchup_20260726081142_11-15-H1-H2-101-102-39-73,60,73,0,8,T431,AB6171,0,46
2026-07-26T23:36:02.773Z,cloudflare_catchup,cloudflare_catchup_20260726081142_11-15-H1-H2-101-102-39-73,60,73,0,9,M172/16,AB6049,0,48
2026-07-26T23:36:02.773Z,cloudflare_catchup,cloudflare_catchup_20260726081142_11-15-H1-H2-101-102-39-73,60,73,0,13,M50,AB6136,0,42
2026-07-26T23:36:02.773Z,cloudflare_catchup,cloudflare_catchup_20260726081142_11-15-H1-H2-101-102-39-73,60,73,0,14,M172/7,AA2654,0,44
2026-07-26T23:36:02.773Z,cloudflare_catchup,cloudflare_catchup_20260726081142_11-15-H1-H2-101-102-39-73,60,73,0,17,T420,AA3041,1,18
2026-07-26T23:36:02.773Z,cloudflare_catchup,cloudflare_catchup_20260726081142_11-15-H1-H2-101-102-39-73,60,73,0,20,T559,AB6393,1,34
2026-07-26T23:36:02.773Z,cloudflare_catchup,cloudflare_catchup_20260726081142_11-15-H1-H2-101-102-39-73,60,73,0,25,T550/4,AA7619,1,0
2026-07-26T23:37:02.189Z,cloudflare_catchup,cloudflare_catchup_20260726081142_11-15-H1-H2-101-102-39-73,60,73,0,4,T551/1,AA5945,0,42
2026-07-26T23:37:02.189Z,cloudflare_catchup,cloudflare_catchup_20260726081142_11-15-H1-H2-101-102-39-73,60,73,0,8,T431,AB6171,0,47
2026-07-26T23:37:02.189Z,cloudflare_catchup,cloudflare_catchup_20260726081142_11-15-H1-H2-101-102-39-73,60,73,0,9,M172/16,AB6049,0,28
2026-07-26T23:37:02.189Z,cloudflare_catchup,cloudflare_catchup_20260726081142_11-15-H1-H2-101-102-39-73,60,73,0,13,M50,AB6136,0,46
2026-07-26T23:37:02.189Z,cloudflare_catchup,cloudflare_catchup_20260726081142_11-15-H1-H2-101-102-39-73,60,73,0,14,M172/7,AA2654,0,28
2026-07-26T23:37:02.189Z,cloudflare_catchup,cloudflare_catchup_20260726081142_11-15-H1-H2-101-102-39-73,60,73,0,18,T422,AA3041,1,37
2026-07-26T23:37:02.189Z,cloudflare_catchup,cloudflare_catchup_20260726081142_11-15-H1-H2-101-102-39-73,60,73,0,21,T552,AB6393,1,47
2026-07-26T23:37:02.189Z,cloudflare_catchup,cloudflare_catchup_20260726081142_11-15-H1-H2-101-102-39-73,60,73,0,25,T550/4,AA7619,1,0
2026-07-26T23:38:02.457Z,cloudflare_catchup,cloudflare_catchup_20260726081142_11-15-H1-H2-101-102-39-73,60,73,0,4,T551/1,AA5945,0,45
2026-07-26T23:38:02.457Z,cloudflare_catchup,cloudflare_catchup_20260726081142_11-15-H1-H2-101-102-39-73,60,73,0,8,T431,AB6171,0,44
2026-07-26T23:38:02.457Z,cloudflare_catchup,cloudflare_catchup_20260726081142_11-15-H1-H2-101-102-39-73,60,73,0,9,M172/16,AB6049,0,27
2026-07-26T23:38:02.457Z,cloudflare_catchup,cloudflare_catchup_20260726081142_11-15-H1-H2-101-102-39-73,60,73,0,13,M50,AB6136,0,42
2026-07-26T23:38:02.457Z,cloudflare_catchup,cloudflare_catchup_20260726081142_11-15-H1-H2-101-102-39-73,60,73,0,15,T430,AA2654,0,39
2026-07-26T23:38:02.457Z,cloudflare_catchup,cloudflare_catchup_20260726081142_11-15-H1-H2-101-102-39-73,60,73,0,18,T422,AA3041,0,10
2026-07-26T23:38:02.457Z,cloudflare_catchup,cloudflare_catchup_20260726081142_11-15-H1-H2-101-102-39-73,60,73,0,22,T553,AB6393,0,31
2026-07-26T23:38:02.457Z,cloudflare_catchup,cloudflare_catchup_20260726081142_11-15-H1-H2-101-102-39-73,60,73,0,25,T550/4,AA7619,1,0
2026-07-26T23:39:01.850Z,cloudflare_catchup,cloudflare_catchup_20260726081142_11-15-H1-H2-101-102-39-73,60,73,0,4,T551/1,AA5945,0,44
2026-07-26T23:39:01.850Z,cloudflare_catchup,cloudflare_catchup_20260726081142_11-15-H1-H2-101-102-39-73,60,73,0,8,T431,AB6171,0,48
2026-07-26T23:39:01.850Z,cloudflare_catchup,cloudflare_catchup_20260726081142_11-15-H1-H2-101-102-39-73,60,73,0,10,M247,AB6049,1,11
2026-07-26T23:39:01.850Z,cloudflare_catchup,cloudflare_catchup_20260726081142_11-15-H1-H2-101-102-39-73,60,73,0,13,M50,AB6136,0,23
2026-07-26T23:39:01.850Z,cloudflare_catchup,cloudflare_catchup_20260726081142_11-15-H1-H2-101-102-39-73,60,73,0,15,T430,AA2654,0,29
2026-07-26T23:39:01.850Z,cloudflare_catchup,cloudflare_catchup_20260726081142_11-15-H1-H2-101-102-39-73,60,73,0,19,T424,AA3041,1,2
2026-07-26T23:39:01.850Z,cloudflare_catchup,cloudflare_catchup_20260726081142_11-15-H1-H2-101-102-39-73,60,73,0,23,T554,AB6393,0,49
2026-07-26T23:40:02.531Z,cloudflare_catchup,cloudflare_catchup_20260726081142_11-15-H1-H2-101-102-39-73,60,73,0,5,T425,AA5945,0,47
2026-07-26T23:40:02.531Z,cloudflare_catchup,cloudflare_catchup_20260726081142_11-15-H1-H2-101-102-39-73,60,73,0,9,M172/16,AB6171,0,7
2026-07-26T23:40:02.531Z,cloudflare_catchup,cloudflare_catchup_20260726081142_11-15-H1-H2-101-102-39-73,60,73,0,10,M247,AB6049,1,7
2026-07-26T23:40:02.531Z,cloudflare_catchup,cloudflare_catchup_20260726081142_11-15-H1-H2-101-102-39-73,60,73,0,13,M50,AB6136,0,31
2026-07-26T23:40:02.531Z,cloudflare_catchup,cloudflare_catchup_20260726081142_11-15-H1-H2-101-102-39-73,60,73,0,16,T328,AA2654,0,40
2026-07-26T23:40:02.531Z,cloudflare_catchup,cloudflare_catchup_20260726081142_11-15-H1-H2-101-102-39-73,60,73,0,19,T424,AA3041,0,49
2026-07-26T23:40:02.531Z,cloudflare_catchup,cloudflare_catchup_20260726081142_11-15-H1-H2-101-102-39-73,60,73,0,24,T555/2,AB6393,1,4
2026-07-26T23:41:02.244Z,cloudflare_catchup,cloudflare_catchup_20260726081142_11-15-H1-H2-101-102-39-73,60,73,0,0,T550/4,AA7619,1,8
2026-07-26T23:41:02.244Z,cloudflare_catchup,cloudflare_catchup_20260726081142_11-15-H1-H2-101-102-39-73,60,73,0,6,T423,AA5945,0,49
2026-07-26T23:41:02.244Z,cloudflare_catchup,cloudflare_catchup_20260726081142_11-15-H1-H2-101-102-39-73,60,73,0,9,M172/16,AB6171,0,47
2026-07-26T23:41:02.244Z,cloudflare_catchup,cloudflare_catchup_20260726081142_11-15-H1-H2-101-102-39-73,60,73,0,10,M247,AB6049,1,7
2026-07-26T23:41:02.244Z,cloudflare_catchup,cloudflare_catchup_20260726081142_11-15-H1-H2-101-102-39-73,60,73,0,14,M172/7,AB6136,1,10
2026-07-26T23:41:02.244Z,cloudflare_catchup,cloudflare_catchup_20260726081142_11-15-H1-H2-101-102-39-73,60,73,0,16,T328,AA2654,0,11
2026-07-26T23:41:02.244Z,cloudflare_catchup,cloudflare_catchup_20260726081142_11-15-H1-H2-101-102-39-73,60,73,0,19,T424,AA3041,0,49
2026-07-26T23:41:02.244Z,cloudflare_catchup,cloudflare_catchup_20260726081142_11-15-H1-H2-101-102-39-73,60,73,0,24,T555/2,AB6393,0,43
2026-07-26T23:42:02.669Z,cloudflare_catchup,cloudflare_catchup_20260726081142_11-15-H1-H2-101-102-39-73,60,73,0,1,T556,AA7619,1,40
2026-07-26T23:42:02.669Z,cloudflare_catchup,cloudflare_catchup_20260726081142_11-15-H1-H2-101-102-39-73,60,73,0,7,T421,AA5945,0,10
2026-07-26T23:42:02.669Z,cloudflare_catchup,cloudflare_catchup_20260726081142_11-15-H1-H2-101-102-39-73,60,73,0,9,M172/16,AB6171,0,48
2026-07-26T23:42:02.669Z,cloudflare_catchup,cloudflare_catchup_20260726081142_11-15-H1-H2-101-102-39-73,60,73,0,10,M247,AB6049,0,3
2026-07-26T23:42:02.669Z,cloudflare_catchup,cloudflare_catchup_20260726081142_11-15-H1-H2-101-102-39-73,60,73,0,14,M172/7,AB6136,1,10
2026-07-26T23:42:02.669Z,cloudflare_catchup,cloudflare_catchup_20260726081142_11-15-H1-H2-101-102-39-73,60,73,0,17,T420,AA2654,1,38
2026-07-26T23:42:02.669Z,cloudflare_catchup,cloudflare_catchup_20260726081142_11-15-H1-H2-101-102-39-73,60,73,0,19,T424,AA3041,0,47
2026-07-26T23:42:02.669Z,cloudflare_catchup,cloudflare_catchup_20260726081142_11-15-H1-H2-101-102-39-73,60,73,0,25,T550/4,AB6393,1,0
2026-07-26T23:43:01.931Z,cloudflare_catchup,cloudflare_catchup_20260726081142_11-15-H1-H2-101-102-39-73,60,73,0,1,T556,AA7619,0,35
2026-07-26T23:43:01.931Z,cloudflare_catchup,cloudflare_catchup_20260726081142_11-15-H1-H2-101-102-39-73,60,73,0,7,T421,AA5945,0,46
2026-07-26T23:43:01.931Z,cloudflare_catchup,cloudflare_catchup_20260726081142_11-15-H1-H2-101-102-39-73,60,73,0,9,M172/16,AB6171,0,39
2026-07-26T23:43:01.931Z,cloudflare_catchup,cloudflare_catchup_20260726081142_11-15-H1-H2-101-102-39-73,60,73,0,11,M231,AB6049,0,13
2026-07-26T23:43:01.931Z,cloudflare_catchup,cloudflare_catchup_20260726081142_11-15-H1-H2-101-102-39-73,60,73,0,14,M172/7,AB6136,1,10
2026-07-26T23:43:01.931Z,cloudflare_catchup,cloudflare_catchup_20260726081142_11-15-H1-H2-101-102-39-73,60,73,0,18,T422,AA2654,0,28
2026-07-26T23:43:01.931Z,cloudflare_catchup,cloudflare_catchup_20260726081142_11-15-H1-H2-101-102-39-73,60,73,0,20,T559,AA3041,1,5
2026-07-26T23:43:01.931Z,cloudflare_catchup,cloudflare_catchup_20260726081142_11-15-H1-H2-101-102-39-73,60,73,0,25,T550/4,AB6393,1,0
2026-07-26T23:44:02.401Z,cloudflare_catchup,cloudflare_catchup_20260726081142_11-15-H1-H2-101-102-39-73,60,73,0,2,T557,AA7619,1,32
2026-07-26T23:44:02.401Z,cloudflare_catchup,cloudflare_catchup_20260726081142_11-15-H1-H2-101-102-39-73,60,73,0,7,T421,AA5945,0,48
2026-07-26T23:44:02.401Z,cloudflare_catchup,cloudflare_catchup_20260726081142_11-15-H1-H2-101-102-39-73,60,73,0,9,M172/16,AB6171,0,47
2026-07-26T23:44:02.401Z,cloudflare_catchup,cloudflare_catchup_20260726081142_11-15-H1-H2-101-102-39-73,60,73,0,11,M231,AB6049,0,1
2026-07-26T23:44:02.401Z,cloudflare_catchup,cloudflare_catchup_20260726081142_11-15-H1-H2-101-102-39-73,60,73,0,14,M172/7,AB6136,0,18
2026-07-26T23:44:02.401Z,cloudflare_catchup,cloudflare_catchup_20260726081142_11-15-H1-H2-101-102-39-73,60,73,0,18,T422,AA2654,0,20
2026-07-26T23:44:02.401Z,cloudflare_catchup,cloudflare_catchup_20260726081142_11-15-H1-H2-101-102-39-73,60,73,0,21,T552,AA3041,0,34
2026-07-26T23:44:02.401Z,cloudflare_catchup,cloudflare_catchup_20260726081142_11-15-H1-H2-101-102-39-73,60,73,0,25,T550/4,AB6393,1,0
2026-07-26T23:45:03.006Z,cloudflare_catchup,cloudflare_catchup_20260726081142_11-15-H1-H2-101-102-39-73,60,73,0,3,T558,AA7619,0,41
2026-07-26T23:45:03.006Z,cloudflare_catchup,cloudflare_catchup_20260726081142_11-15-H1-H2-101-102-39-73,60,73,0,8,T431,AA5945,0,48
2026-07-26T23:45:03.006Z,cloudflare_catchup,cloudflare_catchup_20260726081142_11-15-H1-H2-101-102-39-73,60,73,0,9,M172/16,AB6171,0,26
2026-07-26T23:45:03.006Z,cloudflare_catchup,cloudflare_catchup_20260726081142_11-15-H1-H2-101-102-39-73,60,73,0,12,M219,AB6049,1,5
2026-07-26T23:45:03.006Z,cloudflare_catchup,cloudflare_catchup_20260726081142_11-15-H1-H2-101-102-39-73,60,73,0,14,M172/7,AB6136,0,45
2026-07-26T23:45:03.006Z,cloudflare_catchup,cloudflare_catchup_20260726081142_11-15-H1-H2-101-102-39-73,60,73,0,19,T424,AA2654,0,24
2026-07-26T23:45:03.006Z,cloudflare_catchup,cloudflare_catchup_20260726081142_11-15-H1-H2-101-102-39-73,60,73,0,22,T553,AA3041,0,27
2026-07-26T23:45:03.006Z,cloudflare_catchup,cloudflare_catchup_20260726081142_11-15-H1-H2-101-102-39-73,60,73,0,25,T550/4,AB6393,1,0
2026-07-26T23:46:02.331Z,cloudflare_catchup,cloudflare_catchup_20260726081142_11-15-H1-H2-101-102-39-73,60,73,0,3,T558,AA7619,0,33
2026-07-26T23:46:02.331Z,cloudflare_catchup,cloudflare_catchup_20260726081142_11-15-H1-H2-101-102-39-73,60,73,0,8,T431,AA5945,0,41
2026-07-26T23:46:02.331Z,cloudflare_catchup,cloudflare_catchup_20260726081142_11-15-H1-H2-101-102-39-73,60,73,0,9,M172/16,AB6171,0,41
2026-07-26T23:46:02.331Z,cloudflare_catchup,cloudflare_catchup_20260726081142_11-15-H1-H2-101-102-39-73,60,73,0,12,M219,AB6049,0,15
2026-07-26T23:46:02.331Z,cloudflare_catchup,cloudflare_catchup_20260726081142_11-15-H1-H2-101-102-39-73,60,73,0,14,M172/7,AB6136,0,43
2026-07-26T23:46:02.331Z,cloudflare_catchup,cloudflare_catchup_20260726081142_11-15-H1-H2-101-102-39-73,60,73,0,19,T424,AA2654,0,49
2026-07-26T23:46:02.331Z,cloudflare_catchup,cloudflare_catchup_20260726081142_11-15-H1-H2-101-102-39-73,60,73,0,23,T554,AA3041,0,49
2026-07-26T23:46:02.331Z,cloudflare_catchup,cloudflare_catchup_20260726081142_11-15-H1-H2-101-102-39-73,60,73,0,25,T550/4,AB6393,1,0
2026-07-26T23:47:01.741Z,cloudflare_catchup,cloudflare_catchup_20260726081142_11-15-H1-H2-101-102-39-73,60,73,0,4,T551/1,AA7619,0,44
2026-07-26T23:47:01.741Z,cloudflare_catchup,cloudflare_catchup_20260726081142_11-15-H1-H2-101-102-39-73,60,73,0,8,T431,AA5945,0,48
2026-07-26T23:47:01.741Z,cloudflare_catchup,cloudflare_catchup_20260726081142_11-15-H1-H2-101-102-39-73,60,73,0,10,M247,AB6171,1,35
2026-07-26T23:47:01.741Z,cloudflare_catchup,cloudflare_catchup_20260726081142_11-15-H1-H2-101-102-39-73,60,73,0,13,M50,AB6049,0,39
2026-07-26T23:47:01.741Z,cloudflare_catchup,cloudflare_catchup_20260726081142_11-15-H1-H2-101-102-39-73,60,73,0,14,M172/7,AB6136,0,46
2026-07-26T23:47:01.741Z,cloudflare_catchup,cloudflare_catchup_20260726081142_11-15-H1-H2-101-102-39-73,60,73,0,19,T424,AA2654,0,49
2026-07-26T23:47:01.741Z,cloudflare_catchup,cloudflare_catchup_20260726081142_11-15-H1-H2-101-102-39-73,60,73,0,24,T555/2,AA3041,1,7
2026-07-26T23:48:02.347Z,cloudflare_catchup,cloudflare_catchup_20260726081142_11-15-H1-H2-101-102-39-73,60,73,0,4,T551/1,AA7619,0,46
2026-07-26T23:48:02.347Z,cloudflare_catchup,cloudflare_catchup_20260726081142_11-15-H1-H2-101-102-39-73,60,73,0,8,T431,AA5945,0,44
2026-07-26T23:48:02.347Z,cloudflare_catchup,cloudflare_catchup_20260726081142_11-15-H1-H2-101-102-39-73,60,73,0,10,M247,AB6171,0,33
2026-07-26T23:48:02.347Z,cloudflare_catchup,cloudflare_catchup_20260726081142_11-15-H1-H2-101-102-39-73,60,73,0,13,M50,AB6049,0,46
2026-07-26T23:48:02.347Z,cloudflare_catchup,cloudflare_catchup_20260726081142_11-15-H1-H2-101-102-39-73,60,73,0,14,M172/7,AB6136,0,46
2026-07-26T23:48:02.347Z,cloudflare_catchup,cloudflare_catchup_20260726081142_11-15-H1-H2-101-102-39-73,60,73,0,19,T424,AA2654,0,49
2026-07-26T23:48:02.347Z,cloudflare_catchup,cloudflare_catchup_20260726081142_11-15-H1-H2-101-102-39-73,60,73,0,24,T555/2,AA3041,0,24
2026-07-26T23:49:01.722Z,cloudflare_catchup,cloudflare_catchup_20260726081142_11-15-H1-H2-101-102-39-73,60,73,0,4,T551/1,AA7619,0,46
2026-07-26T23:49:01.722Z,cloudflare_catchup,cloudflare_catchup_20260726081142_11-15-H1-H2-101-102-39-73,60,73,0,8,T431,AA5945,0,48
2026-07-26T23:49:01.722Z,cloudflare_catchup,cloudflare_catchup_20260726081142_11-15-H1-H2-101-102-39-73,60,73,0,11,M231,AB6171,1,6
2026-07-26T23:49:01.722Z,cloudflare_catchup,cloudflare_catchup_20260726081142_11-15-H1-H2-101-102-39-73,60,73,0,13,M50,AB6049,0,47
2026-07-26T23:49:01.722Z,cloudflare_catchup,cloudflare_catchup_20260726081142_11-15-H1-H2-101-102-39-73,60,73,0,14,M172/7,AB6136,0,48
2026-07-26T23:49:01.722Z,cloudflare_catchup,cloudflare_catchup_20260726081142_11-15-H1-H2-101-102-39-73,60,73,0,20,T559,AA2654,0,39
2026-07-26T23:49:01.722Z,cloudflare_catchup,cloudflare_catchup_20260726081142_11-15-H1-H2-101-102-39-73,60,73,0,25,T550/4,AA3041,1,0
2026-07-26T23:50:02.413Z,cloudflare_catchup,cloudflare_catchup_20260726081142_11-15-H1-H2-101-102-39-73,60,73,0,5,T425,AA7619,1,3
2026-07-26T23:50:02.413Z,cloudflare_catchup,cloudflare_catchup_20260726081142_11-15-H1-H2-101-102-39-73,60,73,0,9,M172/16,AA5945,1,28
2026-07-26T23:50:02.413Z,cloudflare_catchup,cloudflare_catchup_20260726081142_11-15-H1-H2-101-102-39-73,60,73,0,11,M231,AB6171,1,28
2026-07-26T23:50:02.413Z,cloudflare_catchup,cloudflare_catchup_20260726081142_11-15-H1-H2-101-102-39-73,60,73,0,13,M50,AB6049,0,47
2026-07-26T23:50:02.413Z,cloudflare_catchup,cloudflare_catchup_20260726081142_11-15-H1-H2-101-102-39-73,60,73,0,15,T430,AB6136,0,47
2026-07-26T23:50:02.413Z,cloudflare_catchup,cloudflare_catchup_20260726081142_11-15-H1-H2-101-102-39-73,60,73,0,21,T552,AA2654,0,47
2026-07-26T23:50:02.413Z,cloudflare_catchup,cloudflare_catchup_20260726081142_11-15-H1-H2-101-102-39-73,60,73,0,25,T550/4,AA3041,1,0
2026-07-26T23:51:01.717Z,cloudflare_catchup,cloudflare_catchup_20260726081142_11-15-H1-H2-101-102-39-73,60,73,0,0,T550/4,AB6393,0,38
2026-07-26T23:51:01.717Z,cloudflare_catchup,cloudflare_catchup_20260726081142_11-15-H1-H2-101-102-39-73,60,73,0,6,T423,AA7619,1,27
2026-07-26T23:51:01.717Z,cloudflare_catchup,cloudflare_catchup_20260726081142_11-15-H1-H2-101-102-39-73,60,73,0,9,M172/16,AA5945,0,50
2026-07-26T23:51:01.717Z,cloudflare_catchup,cloudflare_catchup_20260726081142_11-15-H1-H2-101-102-39-73,60,73,0,11,M231,AB6171,0,27
2026-07-26T23:51:01.717Z,cloudflare_catchup,cloudflare_catchup_20260726081142_11-15-H1-H2-101-102-39-73,60,73,0,13,M50,AB6049,0,30
2026-07-26T23:51:01.717Z,cloudflare_catchup,cloudflare_catchup_20260726081142_11-15-H1-H2-101-102-39-73,60,73,0,16,T328,AB6136,1,25
2026-07-26T23:51:01.717Z,cloudflare_catchup,cloudflare_catchup_20260726081142_11-15-H1-H2-101-102-39-73,60,73,0,22,T553,AA2654,0,29
2026-07-26T23:51:01.717Z,cloudflare_catchup,cloudflare_catchup_20260726081142_11-15-H1-H2-101-102-39-73,60,73,0,25,T550/4,AA3041,1,0
2026-07-26T23:52:02.269Z,cloudflare_catchup,cloudflare_catchup_20260726081142_11-15-H1-H2-101-102-39-73,60,73,0,1,T556,AB6393,0,30
2026-07-26T23:52:02.269Z,cloudflare_catchup,cloudflare_catchup_20260726081142_11-15-H1-H2-101-102-39-73,60,73,0,6,T423,AA7619,0,28
2026-07-26T23:52:02.269Z,cloudflare_catchup,cloudflare_catchup_20260726081142_11-15-H1-H2-101-102-39-73,60,73,0,9,M172/16,AA5945,0,49
2026-07-26T23:52:02.269Z,cloudflare_catchup,cloudflare_catchup_20260726081142_11-15-H1-H2-101-102-39-73,60,73,0,12,M219,AB6171,1,2
2026-07-26T23:52:02.269Z,cloudflare_catchup,cloudflare_catchup_20260726081142_11-15-H1-H2-101-102-39-73,60,73,0,13,M50,AB6049,0,40
2026-07-26T23:52:02.269Z,cloudflare_catchup,cloudflare_catchup_20260726081142_11-15-H1-H2-101-102-39-73,60,73,0,16,T328,AB6136,0,48
2026-07-26T23:52:02.269Z,cloudflare_catchup,cloudflare_catchup_20260726081142_11-15-H1-H2-101-102-39-73,60,73,0,23,T554,AA2654,0,36
2026-07-26T23:52:02.269Z,cloudflare_catchup,cloudflare_catchup_20260726081142_11-15-H1-H2-101-102-39-73,60,73,0,25,T550/4,AA3041,1,0
2026-07-26T23:53:01.782Z,cloudflare_catchup,cloudflare_catchup_20260726081142_11-15-H1-H2-101-102-39-73,60,73,0,1,T556,AB6393,0,28
2026-07-26T23:53:01.782Z,cloudflare_catchup,cloudflare_catchup_20260726081142_11-15-H1-H2-101-102-39-73,60,73,0,7,T421,AA7619,0,34
2026-07-26T23:53:01.782Z,cloudflare_catchup,cloudflare_catchup_20260726081142_11-15-H1-H2-101-102-39-73,60,73,0,9,M172/16,AA5945,0,48
2026-07-26T23:53:01.782Z,cloudflare_catchup,cloudflare_catchup_20260726081142_11-15-H1-H2-101-102-39-73,60,73,0,11,M231,AB6613,1,3
2026-07-26T23:53:01.782Z,cloudflare_catchup,cloudflare_catchup_20260726081142_11-15-H1-H2-101-102-39-73,60,73,0,12,M219,AB6171,0,2
2026-07-26T23:53:01.782Z,cloudflare_catchup,cloudflare_catchup_20260726081142_11-15-H1-H2-101-102-39-73,60,73,0,13,M50,AB6049,0,7
2026-07-26T23:53:01.782Z,cloudflare_catchup,cloudflare_catchup_20260726081142_11-15-H1-H2-101-102-39-73,60,73,0,16,T328,AB6136,0,34
2026-07-26T23:53:01.782Z,cloudflare_catchup,cloudflare_catchup_20260726081142_11-15-H1-H2-101-102-39-73,60,73,0,24,T555/2,AA2654,1,32
2026-07-26T23:53:01.782Z,cloudflare_catchup,cloudflare_catchup_20260726081142_11-15-H1-H2-101-102-39-73,60,73,0,25,T550/4,AA3041,1,0
2026-07-26T23:54:02.450Z,cloudflare_catchup,cloudflare_catchup_20260726081142_11-15-H1-H2-101-102-39-73,60,73,0,2,T557,AB6393,0,28
2026-07-26T23:54:02.450Z,cloudflare_catchup,cloudflare_catchup_20260726081142_11-15-H1-H2-101-102-39-73,60,73,0,7,T421,AA7619,0,44
2026-07-26T23:54:02.450Z,cloudflare_catchup,cloudflare_catchup_20260726081142_11-15-H1-H2-101-102-39-73,60,73,0,9,M172/16,AA5945,0,48
2026-07-26T23:54:02.450Z,cloudflare_catchup,cloudflare_catchup_20260726081142_11-15-H1-H2-101-102-39-73,60,73,0,11,M231,AB6613,1,3
2026-07-26T23:54:02.450Z,cloudflare_catchup,cloudflare_catchup_20260726081142_11-15-H1-H2-101-102-39-73,60,73,0,12,M219,AB6171,0,9
2026-07-26T23:54:02.450Z,cloudflare_catchup,cloudflare_catchup_20260726081142_11-15-H1-H2-101-102-39-73,60,73,0,13,M50,AB6049,0,13
2026-07-26T23:54:02.450Z,cloudflare_catchup,cloudflare_catchup_20260726081142_11-15-H1-H2-101-102-39-73,60,73,0,17,T420,AB6136,0,47
2026-07-26T23:54:02.450Z,cloudflare_catchup,cloudflare_catchup_20260726081142_11-15-H1-H2-101-102-39-73,60,73,0,24,T555/2,AA2654,0,49
2026-07-26T23:55:03.256Z,cloudflare_catchup,cloudflare_catchup_20260726081142_11-15-H1-H2-101-102-39-73,60,73,0,3,T558,AB6393,0,43
2026-07-26T23:55:03.256Z,cloudflare_catchup,cloudflare_catchup_20260726081142_11-15-H1-H2-101-102-39-73,60,73,0,7,T421,AA7619,0,43
2026-07-26T23:55:03.256Z,cloudflare_catchup,cloudflare_catchup_20260726081142_11-15-H1-H2-101-102-39-73,60,73,0,9,M172/16,AA5945,0,48
2026-07-26T23:55:03.256Z,cloudflare_catchup,cloudflare_catchup_20260726081142_11-15-H1-H2-101-102-39-73,60,73,0,11,M231,AB6613,0,12
2026-07-26T23:55:03.256Z,cloudflare_catchup,cloudflare_catchup_20260726081142_11-15-H1-H2-101-102-39-73,60,73,0,13,M50,AB6171,1,23
2026-07-26T23:55:03.256Z,cloudflare_catchup,cloudflare_catchup_20260726081142_11-15-H1-H2-101-102-39-73,60,73,0,14,M172/7,AB6049,0,2
2026-07-26T23:55:03.256Z,cloudflare_catchup,cloudflare_catchup_20260726081142_11-15-H1-H2-101-102-39-73,60,73,0,18,T422,AB6136,0,34
2026-07-26T23:55:03.256Z,cloudflare_catchup,cloudflare_catchup_20260726081142_11-15-H1-H2-101-102-39-73,60,73,0,25,T550/4,AA2654,1,0
2026-07-26T23:56:02.517Z,cloudflare_catchup,cloudflare_catchup_20260726081142_11-15-H1-H2-101-102-39-73,60,73,0,4,T551/1,AB6393,1,4
2026-07-26T23:56:02.517Z,cloudflare_catchup,cloudflare_catchup_20260726081142_11-15-H1-H2-101-102-39-73,60,73,0,7,T421,AA7619,0,44
2026-07-26T23:56:02.517Z,cloudflare_catchup,cloudflare_catchup_20260726081142_11-15-H1-H2-101-102-39-73,60,73,0,9,M172/16,AA5945,0,31
2026-07-26T23:56:02.517Z,cloudflare_catchup,cloudflare_catchup_20260726081142_11-15-H1-H2-101-102-39-73,60,73,0,11,M231,AB6613,0,3
2026-07-26T23:56:02.517Z,cloudflare_catchup,cloudflare_catchup_20260726081142_11-15-H1-H2-101-102-39-73,60,73,0,13,M50,AB6171,1,2
2026-07-26T23:56:02.517Z,cloudflare_catchup,cloudflare_catchup_20260726081142_11-15-H1-H2-101-102-39-73,60,73,0,14,M172/7,AB6049,0,14
2026-07-26T23:56:02.517Z,cloudflare_catchup,cloudflare_catchup_20260726081142_11-15-H1-H2-101-102-39-73,60,73,0,19,T424,AB6136,1,11
2026-07-26T23:56:02.517Z,cloudflare_catchup,cloudflare_catchup_20260726081142_11-15-H1-H2-101-102-39-73,60,73,0,25,T550/4,AA2654,1,0
2026-07-26T23:57:01.699Z,cloudflare_catchup,cloudflare_catchup_20260726081142_11-15-H1-H2-101-102-39-73,60,73,0,4,T551/1,AB6393,0,48
2026-07-26T23:57:01.699Z,cloudflare_catchup,cloudflare_catchup_20260726081142_11-15-H1-H2-101-102-39-73,60,73,0,8,T431,AA7619,0,44
2026-07-26T23:57:01.699Z,cloudflare_catchup,cloudflare_catchup_20260726081142_11-15-H1-H2-101-102-39-73,60,73,0,9,M172/16,AA5945,0,35
2026-07-26T23:57:01.699Z,cloudflare_catchup,cloudflare_catchup_20260726081142_11-15-H1-H2-101-102-39-73,60,73,0,12,M219,AB6613,1,5
2026-07-26T23:57:01.699Z,cloudflare_catchup,cloudflare_catchup_20260726081142_11-15-H1-H2-101-102-39-73,60,73,0,13,M50,AB6171,0,48
2026-07-26T23:57:01.699Z,cloudflare_catchup,cloudflare_catchup_20260726081142_11-15-H1-H2-101-102-39-73,60,73,0,14,M172/7,AB6049,0,42
2026-07-26T23:57:01.699Z,cloudflare_catchup,cloudflare_catchup_20260726081142_11-15-H1-H2-101-102-39-73,60,73,0,19,T424,AB6136,0,43
2026-07-26T23:57:01.699Z,cloudflare_catchup,cloudflare_catchup_20260726081142_11-15-H1-H2-101-102-39-73,60,73,0,25,T550/4,AA2654,1,0
2026-07-26T23:58:02.249Z,cloudflare_catchup,cloudflare_catchup_20260726081142_11-15-H1-H2-101-102-39-73,60,73,0,4,T551/1,AB6393,0,47
2026-07-26T23:58:02.249Z,cloudflare_catchup,cloudflare_catchup_20260726081142_11-15-H1-H2-101-102-39-73,60,73,0,8,T431,AA7619,0,41
2026-07-26T23:58:02.249Z,cloudflare_catchup,cloudflare_catchup_20260726081142_11-15-H1-H2-101-102-39-73,60,73,0,10,M247,AA5945,1,11
2026-07-26T23:58:02.249Z,cloudflare_catchup,cloudflare_catchup_20260726081142_11-15-H1-H2-101-102-39-73,60,73,0,12,M219,AB6613,0,29
2026-07-26T23:58:02.249Z,cloudflare_catchup,cloudflare_catchup_20260726081142_11-15-H1-H2-101-102-39-73,60,73,0,13,M50,AB6171,0,18
2026-07-26T23:58:02.249Z,cloudflare_catchup,cloudflare_catchup_20260726081142_11-15-H1-H2-101-102-39-73,60,73,0,14,M172/7,AB6049,0,44
2026-07-26T23:58:02.249Z,cloudflare_catchup,cloudflare_catchup_20260726081142_11-15-H1-H2-101-102-39-73,60,73,0,19,T424,AB6136,0,49
2026-07-26T23:58:02.249Z,cloudflare_catchup,cloudflare_catchup_20260726081142_11-15-H1-H2-101-102-39-73,60,73,0,25,T550/4,AA2654,1,0
2026-07-26T23:59:02.003Z,cloudflare_catchup,cloudflare_catchup_20260726081142_11-15-H1-H2-101-102-39-73,60,73,0,4,T551/1,AB6393,0,47
2026-07-26T23:59:02.003Z,cloudflare_catchup,cloudflare_catchup_20260726081142_11-15-H1-H2-101-102-39-73,60,73,0,8,T431,AA7619,0,46
2026-07-26T23:59:02.003Z,cloudflare_catchup,cloudflare_catchup_20260726081142_11-15-H1-H2-101-102-39-73,60,73,0,10,M247,AA5945,1,11
2026-07-26T23:59:02.003Z,cloudflare_catchup,cloudflare_catchup_20260726081142_11-15-H1-H2-101-102-39-73,60,73,0,13,M50,AB6171,0,47
2026-07-26T23:59:02.003Z,cloudflare_catchup,cloudflare_catchup_20260726081142_11-15-H1-H2-101-102-39-73,60,73,0,13,M50,AB6613,1,24
2026-07-26T23:59:02.003Z,cloudflare_catchup,cloudflare_catchup_20260726081142_11-15-H1-H2-101-102-39-73,60,73,0,14,M172/7,AB6049,0,41
2026-07-26T23:59:02.003Z,cloudflare_catchup,cloudflare_catchup_20260726081142_11-15-H1-H2-101-102-39-73,60,73,0,19,T424,AB6136,0,36
2026-07-26T23:59:02.003Z,cloudflare_catchup,cloudflare_catchup_20260726081142_11-15-H1-H2-101-102-39-73,60,73,0,25,T550/4,AA2654,1,0
2026-07-27T00:00:02.840Z,cloudflare_catchup,cloudflare_catchup_20260726081142_11-15-H1-H2-101-102-39-73,60,73,0,5,T425,AB6393,0,48
2026-07-27T00:00:02.840Z,cloudflare_catchup,cloudflare_catchup_20260726081142_11-15-H1-H2-101-102-39-73,60,73,0,8,T431,AA7619,0,44
2026-07-27T00:00:02.840Z,cloudflare_catchup,cloudflare_catchup_20260726081142_11-15-H1-H2-101-102-39-73,60,73,0,11,M231,AA5945,0,16
2026-07-27T00:00:02.840Z,cloudflare_catchup,cloudflare_catchup_20260726081142_11-15-H1-H2-101-102-39-73,60,73,0,13,M50,AB6171,0,40
2026-07-27T00:00:02.840Z,cloudflare_catchup,cloudflare_catchup_20260726081142_11-15-H1-H2-101-102-39-73,60,73,0,13,M50,AB6613,0,21
2026-07-27T00:00:02.840Z,cloudflare_catchup,cloudflare_catchup_20260726081142_11-15-H1-H2-101-102-39-73,60,73,0,14,M172/7,AB6049,0,48
2026-07-27T00:00:02.840Z,cloudflare_catchup,cloudflare_catchup_20260726081142_11-15-H1-H2-101-102-39-73,60,73,0,20,T559,AB6136,1,44
2026-07-27T00:01:01.756Z,cloudflare_catchup,cloudflare_catchup_20260726081142_11-15-H1-H2-101-102-39-73,60,73,0,6,T423,AB6393,0,41
2026-07-27T00:01:01.756Z,cloudflare_catchup,cloudflare_catchup_20260726081142_11-15-H1-H2-101-102-39-73,60,73,0,8,T431,AA7619,0,48
2026-07-27T00:01:01.756Z,cloudflare_catchup,cloudflare_catchup_20260726081142_11-15-H1-H2-101-102-39-73,60,73,0,11,M231,AA5945,0,7
2026-07-27T00:01:01.756Z,cloudflare_catchup,cloudflare_catchup_20260726081142_11-15-H1-H2-101-102-39-73,60,73,0,13,M50,AB6171,0,15
2026-07-27T00:01:01.756Z,cloudflare_catchup,cloudflare_catchup_20260726081142_11-15-H1-H2-101-102-39-73,60,73,0,13,M50,AB6613,0,46
2026-07-27T00:01:01.756Z,cloudflare_catchup,cloudflare_catchup_20260726081142_11-15-H1-H2-101-102-39-73,60,73,0,14,M172/7,AB6049,0,49
2026-07-27T00:01:01.756Z,cloudflare_catchup,cloudflare_catchup_20260726081142_11-15-H1-H2-101-102-39-73,60,73,0,21,T552,AB6136,1,47
2026-07-27T00:02:02.418Z,cloudflare_catchup,cloudflare_catchup_20260726081142_11-15-H1-H2-101-102-39-73,60,73,0,7,T421,AB6393,1,2
2026-07-27T00:02:02.418Z,cloudflare_catchup,cloudflare_catchup_20260726081142_11-15-H1-H2-101-102-39-73,60,73,0,9,M172/16,AA7619,1,10
2026-07-27T00:02:02.418Z,cloudflare_catchup,cloudflare_catchup_20260726081142_11-15-H1-H2-101-102-39-73,60,73,0,11,M231,AA5945,0,7
2026-07-27T00:02:02.418Z,cloudflare_catchup,cloudflare_catchup_20260726081142_11-15-H1-H2-101-102-39-73,60,73,0,13,M50,AB6171,0,39
2026-07-27T00:02:02.418Z,cloudflare_catchup,cloudflare_catchup_20260726081142_11-15-H1-H2-101-102-39-73,60,73,0,13,M50,AB6613,0,48
2026-07-27T00:02:02.418Z,cloudflare_catchup,cloudflare_catchup_20260726081142_11-15-H1-H2-101-102-39-73,60,73,0,15,T430,AB6049,0,44
2026-07-27T00:02:02.418Z,cloudflare_catchup,cloudflare_catchup_20260726081142_11-15-H1-H2-101-102-39-73,60,73,0,22,T553,AB6136,0,32
2026-07-27T00:03:01.805Z,cloudflare_catchup,cloudflare_catchup_20260726081142_11-15-H1-H2-101-102-39-73,60,73,0,7,T421,AB6393,0,49
2026-07-27T00:03:01.805Z,cloudflare_catchup,cloudflare_catchup_20260726081142_11-15-H1-H2-101-102-39-73,60,73,0,9,M172/16,AA7619,0,44
2026-07-27T00:03:01.805Z,cloudflare_catchup,cloudflare_catchup_20260726081142_11-15-H1-H2-101-102-39-73,60,73,0,12,M219,AA5945,0,34
2026-07-27T00:03:01.805Z,cloudflare_catchup,cloudflare_catchup_20260726081142_11-15-H1-H2-101-102-39-73,60,73,0,13,M50,AB6613,0,43
2026-07-27T00:03:01.805Z,cloudflare_catchup,cloudflare_catchup_20260726081142_11-15-H1-H2-101-102-39-73,60,73,0,14,M172/7,AB6171,1,10
2026-07-27T00:03:01.805Z,cloudflare_catchup,cloudflare_catchup_20260726081142_11-15-H1-H2-101-102-39-73,60,73,0,15,T430,AB6049,0,3
2026-07-27T00:03:01.805Z,cloudflare_catchup,cloudflare_catchup_20260726081142_11-15-H1-H2-101-102-39-73,60,73,0,23,T554,AB6136,0,30
2026-07-27T00:04:02.572Z,cloudflare_catchup,cloudflare_catchup_20260726081142_11-15-H1-H2-101-102-39-73,60,73,0,7,T421,AB6393,0,48
2026-07-27T00:04:02.572Z,cloudflare_catchup,cloudflare_catchup_20260726081142_11-15-H1-H2-101-102-39-73,60,73,0,9,M172/16,AA7619,0,47
2026-07-27T00:04:02.572Z,cloudflare_catchup,cloudflare_catchup_20260726081142_11-15-H1-H2-101-102-39-73,60,73,0,12,M219,AA5945,0,26
2026-07-27T00:04:02.572Z,cloudflare_catchup,cloudflare_catchup_20260726081142_11-15-H1-H2-101-102-39-73,60,73,0,13,M50,AB6613,0,24
2026-07-27T00:04:02.572Z,cloudflare_catchup,cloudflare_catchup_20260726081142_11-15-H1-H2-101-102-39-73,60,73,0,14,M172/7,AB6171,0,13
2026-07-27T00:04:02.572Z,cloudflare_catchup,cloudflare_catchup_20260726081142_11-15-H1-H2-101-102-39-73,60,73,0,16,T328,AB6049,0,47
2026-07-27T00:04:02.572Z,cloudflare_catchup,cloudflare_catchup_20260726081142_11-15-H1-H2-101-102-39-73,60,73,0,24,T555/2,AB6136,1,33
2026-07-27T00:05:03.420Z,cloudflare_catchup,cloudflare_catchup_20260726081142_11-15-H1-H2-101-102-39-73,60,73,0,7,T421,AB6393,0,32
2026-07-27T00:05:03.420Z,cloudflare_catchup,cloudflare_catchup_20260726081142_11-15-H1-H2-101-102-39-73,60,73,0,9,M172/16,AA7619,0,42
2026-07-27T00:05:03.420Z,cloudflare_catchup,cloudflare_catchup_20260726081142_11-15-H1-H2-101-102-39-73,60,73,0,12,M219,AA5945,0,26
2026-07-27T00:05:03.420Z,cloudflare_catchup,cloudflare_catchup_20260726081142_11-15-H1-H2-101-102-39-73,60,73,0,13,M50,AB6613,0,11
2026-07-27T00:05:03.420Z,cloudflare_catchup,cloudflare_catchup_20260726081142_11-15-H1-H2-101-102-39-73,60,73,0,14,M172/7,AB6171,0,45
2026-07-27T00:05:03.420Z,cloudflare_catchup,cloudflare_catchup_20260726081142_11-15-H1-H2-101-102-39-73,60,73,0,16,T328,AB6049,0,2
2026-07-27T00:05:03.420Z,cloudflare_catchup,cloudflare_catchup_20260726081142_11-15-H1-H2-101-102-39-73,60,73,0,24,T555/2,AB6136,0,46
2026-07-27T00:06:02.524Z,cloudflare_catchup,cloudflare_catchup_20260726081142_11-15-H1-H2-101-102-39-73,60,73,0,8,T431,AB6393,0,46
2026-07-27T00:06:02.524Z,cloudflare_catchup,cloudflare_catchup_20260726081142_11-15-H1-H2-101-102-39-73,60,73,0,9,M172/16,AA7619,0,44
2026-07-27T00:06:02.524Z,cloudflare_catchup,cloudflare_catchup_20260726081142_11-15-H1-H2-101-102-39-73,60,73,0,12,M219,AA5945,0,18
2026-07-27T00:06:02.524Z,cloudflare_catchup,cloudflare_catchup_20260726081142_11-15-H1-H2-101-102-39-73,60,73,0,13,M50,AB6613,0,38
2026-07-27T00:06:02.524Z,cloudflare_catchup,cloudflare_catchup_20260726081142_11-15-H1-H2-101-102-39-73,60,73,0,14,M172/7,AB6171,0,47
2026-07-27T00:06:02.524Z,cloudflare_catchup,cloudflare_catchup_20260726081142_11-15-H1-H2-101-102-39-73,60,73,0,17,T420,AB6049,0,32
2026-07-27T00:06:02.524Z,cloudflare_catchup,cloudflare_catchup_20260726081142_11-15-H1-H2-101-102-39-73,60,73,0,25,T550/4,AB6136,1,0
2026-07-27T00:07:01.828Z,cloudflare_catchup,cloudflare_catchup_20260726081142_11-15-H1-H2-101-102-39-73,60,73,0,8,T431,AB6393,0,48
2026-07-27T00:07:01.828Z,cloudflare_catchup,cloudflare_catchup_20260726081142_11-15-H1-H2-101-102-39-73,60,73,0,9,M172/16,AA7619,0,43
2026-07-27T00:07:01.828Z,cloudflare_catchup,cloudflare_catchup_20260726081142_11-15-H1-H2-101-102-39-73,60,73,0,13,M50,AA5945,1,21
2026-07-27T00:07:01.828Z,cloudflare_catchup,cloudflare_catchup_20260726081142_11-15-H1-H2-101-102-39-73,60,73,0,14,M172/7,AB6171,0,47
2026-07-27T00:07:01.828Z,cloudflare_catchup,cloudflare_catchup_20260726081142_11-15-H1-H2-101-102-39-73,60,73,0,14,M172/7,AB6613,1,14
2026-07-27T00:07:01.828Z,cloudflare_catchup,cloudflare_catchup_20260726081142_11-15-H1-H2-101-102-39-73,60,73,0,18,T422,AB6049,0,2
2026-07-27T00:07:01.828Z,cloudflare_catchup,cloudflare_catchup_20260726081142_11-15-H1-H2-101-102-39-73,60,73,0,25,T550/4,AB6136,1,0
2026-07-27T00:08:02.404Z,cloudflare_catchup,cloudflare_catchup_20260726081142_11-15-H1-H2-101-102-39-73,60,73,0,8,T431,AB6393,0,41
2026-07-27T00:08:02.404Z,cloudflare_catchup,cloudflare_catchup_20260726081142_11-15-H1-H2-101-102-39-73,60,73,0,9,M172/16,AA7619,0,2
2026-07-27T00:08:02.404Z,cloudflare_catchup,cloudflare_catchup_20260726081142_11-15-H1-H2-101-102-39-73,60,73,0,13,M50,AA5945,1,21
2026-07-27T00:08:02.404Z,cloudflare_catchup,cloudflare_catchup_20260726081142_11-15-H1-H2-101-102-39-73,60,73,0,14,M172/7,AB6171,0,38
2026-07-27T00:08:02.404Z,cloudflare_catchup,cloudflare_catchup_20260726081142_11-15-H1-H2-101-102-39-73,60,73,0,14,M172/7,AB6613,1,14
2026-07-27T00:08:02.404Z,cloudflare_catchup,cloudflare_catchup_20260726081142_11-15-H1-H2-101-102-39-73,60,73,0,18,T422,AB6049,0,19
2026-07-27T00:08:02.404Z,cloudflare_catchup,cloudflare_catchup_20260726081142_11-15-H1-H2-101-102-39-73,60,73,0,25,T550/4,AB6136,1,0
2026-07-27T00:09:01.904Z,cloudflare_catchup,cloudflare_catchup_20260726081142_11-15-H1-H2-101-102-39-73,60,73,0,8,T431,AB6393,0,46
2026-07-27T00:09:01.904Z,cloudflare_catchup,cloudflare_catchup_20260726081142_11-15-H1-H2-101-102-39-73,60,73,0,9,M172/16,AA7619,0,27
2026-07-27T00:09:01.904Z,cloudflare_catchup,cloudflare_catchup_20260726081142_11-15-H1-H2-101-102-39-73,60,73,0,13,M50,AA5945,0,28
2026-07-27T00:09:01.904Z,cloudflare_catchup,cloudflare_catchup_20260726081142_11-15-H1-H2-101-102-39-73,60,73,0,14,M172/7,AB6171,0,49
2026-07-27T00:09:01.904Z,cloudflare_catchup,cloudflare_catchup_20260726081142_11-15-H1-H2-101-102-39-73,60,73,0,14,M172/7,AB6613,0,12
2026-07-27T00:09:01.904Z,cloudflare_catchup,cloudflare_catchup_20260726081142_11-15-H1-H2-101-102-39-73,60,73,0,19,T424,AB6049,1,19
2026-07-27T00:09:01.904Z,cloudflare_catchup,cloudflare_catchup_20260726081142_11-15-H1-H2-101-102-39-73,60,73,0,25,T550/4,AB6136,1,0
2026-07-27T00:10:02.639Z,cloudflare_catchup,cloudflare_catchup_20260726081142_11-15-H1-H2-101-102-39-73,60,73,0,9,M172/16,AB6393,1,40
2026-07-27T00:10:02.639Z,cloudflare_catchup,cloudflare_catchup_20260726081142_11-15-H1-H2-101-102-39-73,60,73,0,10,M247,AA7619,1,24
2026-07-27T00:10:02.639Z,cloudflare_catchup,cloudflare_catchup_20260726081142_11-15-H1-H2-101-102-39-73,60,73,0,13,M50,AA5945,0,37
2026-07-27T00:10:02.639Z,cloudflare_catchup,cloudflare_catchup_20260726081142_11-15-H1-H2-101-102-39-73,60,73,0,14,M172/7,AB6613,0,30
2026-07-27T00:10:02.639Z,cloudflare_catchup,cloudflare_catchup_20260726081142_11-15-H1-H2-101-102-39-73,60,73,0,15,T430,AB6171,0,1
2026-07-27T00:10:02.639Z,cloudflare_catchup,cloudflare_catchup_20260726081142_11-15-H1-H2-101-102-39-73,60,73,0,19,T424,AB6049,0,49
2026-07-27T00:10:02.639Z,cloudflare_catchup,cloudflare_catchup_20260726081142_11-15-H1-H2-101-102-39-73,60,73,0,25,T550/4,AB6136,1,0
2026-07-27T00:11:01.805Z,cloudflare_catchup,cloudflare_catchup_20260726081142_11-15-H1-H2-101-102-39-73,60,73,0,9,M172/16,AB6393,0,45
2026-07-27T00:11:01.805Z,cloudflare_catchup,cloudflare_catchup_20260726081142_11-15-H1-H2-101-102-39-73,60,73,0,10,M247,AA7619,1,24
2026-07-27T00:11:01.805Z,cloudflare_catchup,cloudflare_catchup_20260726081142_11-15-H1-H2-101-102-39-73,60,73,0,13,M50,AA5945,0,28
2026-07-27T00:11:01.805Z,cloudflare_catchup,cloudflare_catchup_20260726081142_11-15-H1-H2-101-102-39-73,60,73,0,14,M172/7,AB6613,0,43
2026-07-27T00:11:01.805Z,cloudflare_catchup,cloudflare_catchup_20260726081142_11-15-H1-H2-101-102-39-73,60,73,0,15,T430,AB6171,0,33
2026-07-27T00:11:01.805Z,cloudflare_catchup,cloudflare_catchup_20260726081142_11-15-H1-H2-101-102-39-73,60,73,0,19,T424,AB6049,0,47
2026-07-27T00:12:02.363Z,cloudflare_catchup,cloudflare_catchup_20260726081142_11-15-H1-H2-101-102-39-73,60,73,0,0,T550/4,AB6136,1,23
2026-07-27T00:12:02.363Z,cloudflare_catchup,cloudflare_catchup_20260726081142_11-15-H1-H2-101-102-39-73,60,73,0,9,M172/16,AB6393,0,48
2026-07-27T00:12:02.363Z,cloudflare_catchup,cloudflare_catchup_20260726081142_11-15-H1-H2-101-102-39-73,60,73,0,10,M247,AA7619,1,24
2026-07-27T00:12:02.363Z,cloudflare_catchup,cloudflare_catchup_20260726081142_11-15-H1-H2-101-102-39-73,60,73,0,13,M50,AA5945,0,48
2026-07-27T00:12:02.363Z,cloudflare_catchup,cloudflare_catchup_20260726081142_11-15-H1-H2-101-102-39-73,60,73,0,14,M172/7,AB6613,0,45
2026-07-27T00:12:02.363Z,cloudflare_catchup,cloudflare_catchup_20260726081142_11-15-H1-H2-101-102-39-73,60,73,0,16,T328,AB6171,0,41
2026-07-27T00:12:02.363Z,cloudflare_catchup,cloudflare_catchup_20260726081142_11-15-H1-H2-101-102-39-73,60,73,0,19,T424,AB6049,0,47
2026-07-27T00:13:01.855Z,cloudflare_catchup,cloudflare_catchup_20260726081142_11-15-H1-H2-101-102-39-73,60,73,0,0,T550/4,AB6136,1,23
2026-07-27T00:13:01.855Z,cloudflare_catchup,cloudflare_catchup_20260726081142_11-15-H1-H2-101-102-39-73,60,73,0,3,T558,AA3041,0,48
2026-07-27T00:13:01.855Z,cloudflare_catchup,cloudflare_catchup_20260726081142_11-15-H1-H2-101-102-39-73,60,73,0,9,M172/16,AB6393,0,29
2026-07-27T00:13:01.855Z,cloudflare_catchup,cloudflare_catchup_20260726081142_11-15-H1-H2-101-102-39-73,60,73,0,10,M247,AA7619,1,24
2026-07-27T00:13:01.855Z,cloudflare_catchup,cloudflare_catchup_20260726081142_11-15-H1-H2-101-102-39-73,60,73,0,13,M50,AA5945,0,13
2026-07-27T00:13:01.855Z,cloudflare_catchup,cloudflare_catchup_20260726081142_11-15-H1-H2-101-102-39-73,60,73,0,14,M172/7,AB6613,0,48
2026-07-27T00:13:01.855Z,cloudflare_catchup,cloudflare_catchup_20260726081142_11-15-H1-H2-101-102-39-73,60,73,0,16,T328,AB6171,0,5
2026-07-27T00:13:01.855Z,cloudflare_catchup,cloudflare_catchup_20260726081142_11-15-H1-H2-101-102-39-73,60,73,0,20,T559,AB6049,1,25
2026-07-27T00:14:02.544Z,cloudflare_catchup,cloudflare_catchup_20260726081142_11-15-H1-H2-101-102-39-73,60,73,0,0,T550/4,AB6136,1,12
2026-07-27T00:14:02.544Z,cloudflare_catchup,cloudflare_catchup_20260726081142_11-15-H1-H2-101-102-39-73,60,73,0,3,T558,AA3041,0,49
2026-07-27T00:14:02.544Z,cloudflare_catchup,cloudflare_catchup_20260726081142_11-15-H1-H2-101-102-39-73,60,73,0,9,M172/16,AB6393,0,33
2026-07-27T00:14:02.544Z,cloudflare_catchup,cloudflare_catchup_20260726081142_11-15-H1-H2-101-102-39-73,60,73,0,10,M247,AA7619,0,7
2026-07-27T00:14:02.544Z,cloudflare_catchup,cloudflare_catchup_20260726081142_11-15-H1-H2-101-102-39-73,60,73,0,13,M50,AA5945,0,33
2026-07-27T00:14:02.544Z,cloudflare_catchup,cloudflare_catchup_20260726081142_11-15-H1-H2-101-102-39-73,60,73,0,14,M172/7,AB6613,0,48
2026-07-27T00:14:02.544Z,cloudflare_catchup,cloudflare_catchup_20260726081142_11-15-H1-H2-101-102-39-73,60,73,0,17,T420,AB6171,1,43
2026-07-27T00:14:02.544Z,cloudflare_catchup,cloudflare_catchup_20260726081142_11-15-H1-H2-101-102-39-73,60,73,0,20,T559,AB6049,0,34
2026-07-27T00:15:03.191Z,cloudflare_catchup,cloudflare_catchup_20260726081142_11-15-H1-H2-101-102-39-73,60,73,0,0,T550/4,AB6136,0,32
2026-07-27T00:15:03.191Z,cloudflare_catchup,cloudflare_catchup_20260726081142_11-15-H1-H2-101-102-39-73,60,73,0,5,T425,AA3041,1,2
2026-07-27T00:15:03.191Z,cloudflare_catchup,cloudflare_catchup_20260726081142_11-15-H1-H2-101-102-39-73,60,73,0,9,M172/16,AB6393,0,23
2026-07-27T00:15:03.191Z,cloudflare_catchup,cloudflare_catchup_20260726081142_11-15-H1-H2-101-102-39-73,60,73,0,11,M231,AA7619,0,31
2026-07-27T00:15:03.191Z,cloudflare_catchup,cloudflare_catchup_20260726081142_11-15-H1-H2-101-102-39-73,60,73,0,13,M50,AA5945,0,34
2026-07-27T00:15:03.191Z,cloudflare_catchup,cloudflare_catchup_20260726081142_11-15-H1-H2-101-102-39-73,60,73,0,15,T430,AB6613,1,45
2026-07-27T00:15:03.191Z,cloudflare_catchup,cloudflare_catchup_20260726081142_11-15-H1-H2-101-102-39-73,60,73,0,18,T422,AB6171,0,47
2026-07-27T00:15:03.191Z,cloudflare_catchup,cloudflare_catchup_20260726081142_11-15-H1-H2-101-102-39-73,60,73,0,22,T553,AB6049,1,45
2026-07-27T00:16:02.382Z,cloudflare_catchup,cloudflare_catchup_20260726081142_11-15-H1-H2-101-102-39-73,60,73,0,1,T556,AB6136,0,24
2026-07-27T00:16:02.382Z,cloudflare_catchup,cloudflare_catchup_20260726081142_11-15-H1-H2-101-102-39-73,60,73,0,6,T423,AA3041,1,46
2026-07-27T00:16:02.382Z,cloudflare_catchup,cloudflare_catchup_20260726081142_11-15-H1-H2-101-102-39-73,60,73,0,9,M172/16,AB6393,0,41
2026-07-27T00:16:02.382Z,cloudflare_catchup,cloudflare_catchup_20260726081142_11-15-H1-H2-101-102-39-73,60,73,0,11,M231,AA7619,0,31
2026-07-27T00:16:02.382Z,cloudflare_catchup,cloudflare_catchup_20260726081142_11-15-H1-H2-101-102-39-73,60,73,0,13,M50,AA5945,0,2
2026-07-27T00:16:02.382Z,cloudflare_catchup,cloudflare_catchup_20260726081142_11-15-H1-H2-101-102-39-73,60,73,0,15,T430,AB6613,0,48
2026-07-27T00:16:02.382Z,cloudflare_catchup,cloudflare_catchup_20260726081142_11-15-H1-H2-101-102-39-73,60,73,0,18,T422,AB6171,0,23
2026-07-27T00:16:02.382Z,cloudflare_catchup,cloudflare_catchup_20260726081142_11-15-H1-H2-101-102-39-73,60,73,0,22,T553,AB6049,0,30
2026-07-27T00:17:02.300Z,cloudflare_catchup,cloudflare_catchup_20260726081142_11-15-H1-H2-101-102-39-73,60,73,0,1,T556,AB6136,0,49
2026-07-27T00:17:02.300Z,cloudflare_catchup,cloudflare_catchup_20260726081142_11-15-H1-H2-101-102-39-73,60,73,0,6,T423,AA3041,0,45
2026-07-27T00:17:02.300Z,cloudflare_catchup,cloudflare_catchup_20260726081142_11-15-H1-H2-101-102-39-73,60,73,0,9,M172/16,AB6393,0,36
2026-07-27T00:17:02.300Z,cloudflare_catchup,cloudflare_catchup_20260726081142_11-15-H1-H2-101-102-39-73,60,73,0,11,M231,AA7619,0,31
2026-07-27T00:17:02.300Z,cloudflare_catchup,cloudflare_catchup_20260726081142_11-15-H1-H2-101-102-39-73,60,73,0,14,M172/7,AA5945,1,9
2026-07-27T00:17:02.300Z,cloudflare_catchup,cloudflare_catchup_20260726081142_11-15-H1-H2-101-102-39-73,60,73,0,16,T328,AB6613,1,15
2026-07-27T00:17:02.300Z,cloudflare_catchup,cloudflare_catchup_20260726081142_11-15-H1-H2-101-102-39-73,60,73,0,19,T424,AB6171,1,36
2026-07-27T00:17:02.300Z,cloudflare_catchup,cloudflare_catchup_20260726081142_11-15-H1-H2-101-102-39-73,60,73,0,23,T554,AB6049,0,40
2026-07-27T00:18:02.320Z,cloudflare_catchup,cloudflare_catchup_20260726081142_11-15-H1-H2-101-102-39-73,60,73,0,2,T557,AB6136,0,38
2026-07-27T00:18:02.320Z,cloudflare_catchup,cloudflare_catchup_20260726081142_11-15-H1-H2-101-102-39-73,60,73,0,7,T421,AA3041,1,1
2026-07-27T00:18:02.320Z,cloudflare_catchup,cloudflare_catchup_20260726081142_11-15-H1-H2-101-102-39-73,60,73,0,10,M247,AB6393,1,7
2026-07-27T00:18:02.320Z,cloudflare_catchup,cloudflare_catchup_20260726081142_11-15-H1-H2-101-102-39-73,60,73,0,11,M231,AA7619,0,2
2026-07-27T00:18:02.320Z,cloudflare_catchup,cloudflare_catchup_20260726081142_11-15-H1-H2-101-102-39-73,60,73,0,14,M172/7,AA5945,0,24
2026-07-27T00:18:02.320Z,cloudflare_catchup,cloudflare_catchup_20260726081142_11-15-H1-H2-101-102-39-73,60,73,0,16,T328,AB6613,0,48
2026-07-27T00:18:02.320Z,cloudflare_catchup,cloudflare_catchup_20260726081142_11-15-H1-H2-101-102-39-73,60,73,0,19,T424,AB6171,0,47
2026-07-27T00:18:02.320Z,cloudflare_catchup,cloudflare_catchup_20260726081142_11-15-H1-H2-101-102-39-73,60,73,0,24,T555/2,AB6049,1,31
2026-07-27T00:19:01.772Z,cloudflare_catchup,cloudflare_catchup_20260726081142_11-15-H1-H2-101-102-39-73,60,73,0,3,T558,AB6136,1,13
2026-07-27T00:19:01.772Z,cloudflare_catchup,cloudflare_catchup_20260726081142_11-15-H1-H2-101-102-39-73,60,73,0,7,T421,AA3041,0,47
2026-07-27T00:19:01.772Z,cloudflare_catchup,cloudflare_catchup_20260726081142_11-15-H1-H2-101-102-39-73,60,73,0,10,M247,AB6393,1,3
2026-07-27T00:19:01.772Z,cloudflare_catchup,cloudflare_catchup_20260726081142_11-15-H1-H2-101-102-39-73,60,73,0,11,M231,AA7619,0,3
2026-07-27T00:19:01.772Z,cloudflare_catchup,cloudflare_catchup_20260726081142_11-15-H1-H2-101-102-39-73,60,73,0,14,M172/7,AA5945,0,43
2026-07-27T00:19:01.772Z,cloudflare_catchup,cloudflare_catchup_20260726081142_11-15-H1-H2-101-102-39-73,60,73,0,16,T328,AB6613,0,30
2026-07-27T00:19:01.772Z,cloudflare_catchup,cloudflare_catchup_20260726081142_11-15-H1-H2-101-102-39-73,60,73,0,19,T424,AB6171,0,41
2026-07-27T00:19:01.772Z,cloudflare_catchup,cloudflare_catchup_20260726081142_11-15-H1-H2-101-102-39-73,60,73,0,24,T555/2,AB6049,0,44
2026-07-27T00:20:02.408Z,cloudflare_catchup,cloudflare_catchup_20260726081142_11-15-H1-H2-101-102-39-73,60,73,0,3,T558,AB6136,0,47
2026-07-27T00:20:02.408Z,cloudflare_catchup,cloudflare_catchup_20260726081142_11-15-H1-H2-101-102-39-73,60,73,0,7,T421,AA3041,0,47
2026-07-27T00:20:02.408Z,cloudflare_catchup,cloudflare_catchup_20260726081142_11-15-H1-H2-101-102-39-73,60,73,0,10,M247,AB6393,1,3
2026-07-27T00:20:02.408Z,cloudflare_catchup,cloudflare_catchup_20260726081142_11-15-H1-H2-101-102-39-73,60,73,0,12,M219,AA7619,1,2
2026-07-27T00:20:02.408Z,cloudflare_catchup,cloudflare_catchup_20260726081142_11-15-H1-H2-101-102-39-73,60,73,0,14,M172/7,AA5945,0,43
2026-07-27T00:20:02.408Z,cloudflare_catchup,cloudflare_catchup_20260726081142_11-15-H1-H2-101-102-39-73,60,73,0,17,T420,AB6613,0,14
2026-07-27T00:20:02.408Z,cloudflare_catchup,cloudflare_catchup_20260726081142_11-15-H1-H2-101-102-39-73,60,73,0,19,T424,AB6171,0,44
2026-07-27T00:20:02.408Z,cloudflare_catchup,cloudflare_catchup_20260726081142_11-15-H1-H2-101-102-39-73,60,73,0,25,T550/4,AB6049,1,0
2026-07-27T00:21:02.107Z,cloudflare_catchup,cloudflare_catchup_20260726081142_11-15-H1-H2-101-102-39-73,60,73,0,4,T551/1,AB6136,0,33
2026-07-27T00:21:02.107Z,cloudflare_catchup,cloudflare_catchup_20260726081142_11-15-H1-H2-101-102-39-73,60,73,0,7,T421,AA3041,0,2
2026-07-27T00:21:02.107Z,cloudflare_catchup,cloudflare_catchup_20260726081142_11-15-H1-H2-101-102-39-73,60,73,0,11,M231,AB6393,0,36
2026-07-27T00:21:02.107Z,cloudflare_catchup,cloudflare_catchup_20260726081142_11-15-H1-H2-101-102-39-73,60,73,0,12,M219,AA7619,0,2
2026-07-27T00:21:02.107Z,cloudflare_catchup,cloudflare_catchup_20260726081142_11-15-H1-H2-101-102-39-73,60,73,0,14,M172/7,AA5945,0,48
2026-07-27T00:21:02.107Z,cloudflare_catchup,cloudflare_catchup_20260726081142_11-15-H1-H2-101-102-39-73,60,73,0,18,T422,AB6613,0,10
2026-07-27T00:21:02.107Z,cloudflare_catchup,cloudflare_catchup_20260726081142_11-15-H1-H2-101-102-39-73,60,73,0,20,T559,AB6171,1,29
2026-07-27T00:21:02.107Z,cloudflare_catchup,cloudflare_catchup_20260726081142_11-15-H1-H2-101-102-39-73,60,73,0,25,T550/4,AB6049,1,0
2026-07-27T00:22:02.286Z,cloudflare_catchup,cloudflare_catchup_20260726081142_11-15-H1-H2-101-102-39-73,60,73,0,4,T551/1,AB6136,0,46
2026-07-27T00:22:02.286Z,cloudflare_catchup,cloudflare_catchup_20260726081142_11-15-H1-H2-101-102-39-73,60,73,0,7,T421,AA3041,0,4
2026-07-27T00:22:02.286Z,cloudflare_catchup,cloudflare_catchup_20260726081142_11-15-H1-H2-101-102-39-73,60,73,0,11,M231,AB6393,0,7
2026-07-27T00:22:02.286Z,cloudflare_catchup,cloudflare_catchup_20260726081142_11-15-H1-H2-101-102-39-73,60,73,0,12,M219,AA7619,0,7
2026-07-27T00:22:02.286Z,cloudflare_catchup,cloudflare_catchup_20260726081142_11-15-H1-H2-101-102-39-73,60,73,0,14,M172/7,AA5945,0,8
2026-07-27T00:22:02.286Z,cloudflare_catchup,cloudflare_catchup_20260726081142_11-15-H1-H2-101-102-39-73,60,73,0,18,T422,AB6613,0,23
2026-07-27T00:22:02.286Z,cloudflare_catchup,cloudflare_catchup_20260726081142_11-15-H1-H2-101-102-39-73,60,73,0,21,T552,AB6171,1,47
2026-07-27T00:22:02.286Z,cloudflare_catchup,cloudflare_catchup_20260726081142_11-15-H1-H2-101-102-39-73,60,73,0,25,T550/4,AB6049,1,0
2026-07-27T00:23:01.729Z,cloudflare_catchup,cloudflare_catchup_20260726081142_11-15-H1-H2-101-102-39-73,60,73,0,4,T551/1,AB6136,0,43
2026-07-27T00:23:01.729Z,cloudflare_catchup,cloudflare_catchup_20260726081142_11-15-H1-H2-101-102-39-73,60,73,0,8,T431,AA3041,0,38
2026-07-27T00:23:01.729Z,cloudflare_catchup,cloudflare_catchup_20260726081142_11-15-H1-H2-101-102-39-73,60,73,0,11,M231,AB6393,0,26
2026-07-27T00:23:01.729Z,cloudflare_catchup,cloudflare_catchup_20260726081142_11-15-H1-H2-101-102-39-73,60,73,0,12,M219,AA7619,0,5
2026-07-27T00:23:01.729Z,cloudflare_catchup,cloudflare_catchup_20260726081142_11-15-H1-H2-101-102-39-73,60,73,0,14,M172/7,AA5945,0,48
2026-07-27T00:23:01.729Z,cloudflare_catchup,cloudflare_catchup_20260726081142_11-15-H1-H2-101-102-39-73,60,73,0,19,T424,AB6613,0,12
2026-07-27T00:23:01.729Z,cloudflare_catchup,cloudflare_catchup_20260726081142_11-15-H1-H2-101-102-39-73,60,73,0,22,T553,AB6171,0,11
2026-07-27T00:23:01.729Z,cloudflare_catchup,cloudflare_catchup_20260726081142_11-15-H1-H2-101-102-39-73,60,73,0,25,T550/4,AB6049,1,0
2026-07-27T00:24:02.417Z,cloudflare_catchup,cloudflare_catchup_20260726081142_11-15-H1-H2-101-102-39-73,60,73,0,5,T425,AB6136,1,23
2026-07-27T00:24:02.417Z,cloudflare_catchup,cloudflare_catchup_20260726081142_11-15-H1-H2-101-102-39-73,60,73,0,8,T431,AA3041,0,41
2026-07-27T00:24:02.417Z,cloudflare_catchup,cloudflare_catchup_20260726081142_11-15-H1-H2-101-102-39-73,60,73,0,12,M219,AA7619,0,5
2026-07-27T00:24:02.417Z,cloudflare_catchup,cloudflare_catchup_20260726081142_11-15-H1-H2-101-102-39-73,60,73,0,12,M219,AB6393,1,4
2026-07-27T00:24:02.417Z,cloudflare_catchup,cloudflare_catchup_20260726081142_11-15-H1-H2-101-102-39-73,60,73,0,15,T430,AA5945,0,43
2026-07-27T00:24:02.417Z,cloudflare_catchup,cloudflare_catchup_20260726081142_11-15-H1-H2-101-102-39-73,60,73,0,19,T424,AB6613,0,48
2026-07-27T00:24:02.417Z,cloudflare_catchup,cloudflare_catchup_20260726081142_11-15-H1-H2-101-102-39-73,60,73,0,23,T554,AB6171,0,43
2026-07-27T00:24:02.417Z,cloudflare_catchup,cloudflare_catchup_20260726081142_11-15-H1-H2-101-102-39-73,60,73,0,25,T550/4,AB6049,1,0
2026-07-27T00:25:03.151Z,cloudflare_catchup,cloudflare_catchup_20260726081142_11-15-H1-H2-101-102-39-73,60,73,0,5,T425,AB6136,0,44
2026-07-27T00:25:03.151Z,cloudflare_catchup,cloudflare_catchup_20260726081142_11-15-H1-H2-101-102-39-73,60,73,0,8,T431,AA3041,0,48
2026-07-27T00:25:03.151Z,cloudflare_catchup,cloudflare_catchup_20260726081142_11-15-H1-H2-101-102-39-73,60,73,0,12,M219,AB6393,1,4
2026-07-27T00:25:03.151Z,cloudflare_catchup,cloudflare_catchup_20260726081142_11-15-H1-H2-101-102-39-73,60,73,0,13,M50,AA7619,1,7
2026-07-27T00:25:03.151Z,cloudflare_catchup,cloudflare_catchup_20260726081142_11-15-H1-H2-101-102-39-73,60,73,0,15,T430,AA5945,0,14
2026-07-27T00:25:03.151Z,cloudflare_catchup,cloudflare_catchup_20260726081142_11-15-H1-H2-101-102-39-73,60,73,0,19,T424,AB6613,0,44
2026-07-27T00:25:03.151Z,cloudflare_catchup,cloudflare_catchup_20260726081142_11-15-H1-H2-101-102-39-73,60,73,0,24,T555/2,AB6171,1,24
2026-07-27T00:26:02.550Z,cloudflare_catchup,cloudflare_catchup_20260726081142_11-15-H1-H2-101-102-39-73,60,73,0,6,T423,AB6136,1,2
2026-07-27T00:26:02.550Z,cloudflare_catchup,cloudflare_catchup_20260726081142_11-15-H1-H2-101-102-39-73,60,73,0,8,T431,AA3041,0,42
2026-07-27T00:26:02.550Z,cloudflare_catchup,cloudflare_catchup_20260726081142_11-15-H1-H2-101-102-39-73,60,73,0,12,M219,AB6393,1,4
2026-07-27T00:26:02.550Z,cloudflare_catchup,cloudflare_catchup_20260726081142_11-15-H1-H2-101-102-39-73,60,73,0,13,M50,AA7619,1,7
2026-07-27T00:26:02.550Z,cloudflare_catchup,cloudflare_catchup_20260726081142_11-15-H1-H2-101-102-39-73,60,73,0,16,T328,AA5945,0,42
2026-07-27T00:26:02.550Z,cloudflare_catchup,cloudflare_catchup_20260726081142_11-15-H1-H2-101-102-39-73,60,73,0,19,T424,AB6613,0,44
2026-07-27T00:26:02.550Z,cloudflare_catchup,cloudflare_catchup_20260726081142_11-15-H1-H2-101-102-39-73,60,73,0,24,T555/2,AB6171,0,37
2026-07-27T00:27:01.788Z,cloudflare_catchup,cloudflare_catchup_20260726081142_11-15-H1-H2-101-102-39-73,60,73,0,0,T550/4,AB6049,1,11
2026-07-27T00:27:01.788Z,cloudflare_catchup,cloudflare_catchup_20260726081142_11-15-H1-H2-101-102-39-73,60,73,0,7,T421,AB6136,1,14
2026-07-27T00:27:01.788Z,cloudflare_catchup,cloudflare_catchup_20260726081142_11-15-H1-H2-101-102-39-73,60,73,0,8,T431,AA3041,0,44
2026-07-27T00:27:01.788Z,cloudflare_catchup,cloudflare_catchup_20260726081142_11-15-H1-H2-101-102-39-73,60,73,0,12,M219,AB6393,1,4
2026-07-27T00:27:01.788Z,cloudflare_catchup,cloudflare_catchup_20260726081142_11-15-H1-H2-101-102-39-73,60,73,0,13,M50,AA7619,0,8
2026-07-27T00:27:01.788Z,cloudflare_catchup,cloudflare_catchup_20260726081142_11-15-H1-H2-101-102-39-73,60,73,0,16,T328,AA5945,0,26
2026-07-27T00:27:01.788Z,cloudflare_catchup,cloudflare_catchup_20260726081142_11-15-H1-H2-101-102-39-73,60,73,0,20,T559,AB6613,0,10
2026-07-27T00:27:01.788Z,cloudflare_catchup,cloudflare_catchup_20260726081142_11-15-H1-H2-101-102-39-73,60,73,0,25,T550/4,AB6171,1,0
2026-07-27T00:28:02.385Z,cloudflare_catchup,cloudflare_catchup_20260726081142_11-15-H1-H2-101-102-39-73,60,73,0,0,T550/4,AB6049,0,23
2026-07-27T00:28:02.385Z,cloudflare_catchup,cloudflare_catchup_20260726081142_11-15-H1-H2-101-102-39-73,60,73,0,7,T421,AB6136,0,49
2026-07-27T00:28:02.385Z,cloudflare_catchup,cloudflare_catchup_20260726081142_11-15-H1-H2-101-102-39-73,60,73,0,9,M172/16,AA3041,1,8
2026-07-27T00:28:02.385Z,cloudflare_catchup,cloudflare_catchup_20260726081142_11-15-H1-H2-101-102-39-73,60,73,0,12,M219,AB6393,1,3
2026-07-27T00:28:02.385Z,cloudflare_catchup,cloudflare_catchup_20260726081142_11-15-H1-H2-101-102-39-73,60,73,0,13,M50,AA7619,0,20
2026-07-27T00:28:02.385Z,cloudflare_catchup,cloudflare_catchup_20260726081142_11-15-H1-H2-101-102-39-73,60,73,0,17,T420,AA5945,0,37
2026-07-27T00:28:02.385Z,cloudflare_catchup,cloudflare_catchup_20260726081142_11-15-H1-H2-101-102-39-73,60,73,0,21,T552,AB6613,1,32
2026-07-27T00:28:02.385Z,cloudflare_catchup,cloudflare_catchup_20260726081142_11-15-H1-H2-101-102-39-73,60,73,0,25,T550/4,AB6171,1,0
2026-07-27T00:29:01.841Z,cloudflare_catchup,cloudflare_catchup_20260726081142_11-15-H1-H2-101-102-39-73,60,73,0,1,T556,AB6049,0,30
2026-07-27T00:29:01.841Z,cloudflare_catchup,cloudflare_catchup_20260726081142_11-15-H1-H2-101-102-39-73,60,73,0,7,T421,AB6136,0,45
2026-07-27T00:29:01.841Z,cloudflare_catchup,cloudflare_catchup_20260726081142_11-15-H1-H2-101-102-39-73,60,73,0,9,M172/16,AA3041,1,6
2026-07-27T00:29:01.841Z,cloudflare_catchup,cloudflare_catchup_20260726081142_11-15-H1-H2-101-102-39-73,60,73,0,12,M219,AB6393,0,3
2026-07-27T00:29:01.841Z,cloudflare_catchup,cloudflare_catchup_20260726081142_11-15-H1-H2-101-102-39-73,60,73,0,13,M50,AA7619,0,38
2026-07-27T00:29:01.841Z,cloudflare_catchup,cloudflare_catchup_20260726081142_11-15-H1-H2-101-102-39-73,60,73,0,18,T422,AA5945,0,27
2026-07-27T00:29:01.841Z,cloudflare_catchup,cloudflare_catchup_20260726081142_11-15-H1-H2-101-102-39-73,60,73,0,22,T553,AB6613,0,38
2026-07-27T00:29:01.841Z,cloudflare_catchup,cloudflare_catchup_20260726081142_11-15-H1-H2-101-102-39-73,60,73,0,25,T550/4,AB6171,1,0
2026-07-27T00:30:02.509Z,cloudflare_catchup,cloudflare_catchup_20260726081142_11-15-H1-H2-101-102-39-73,60,73,0,1,T556,AB6049,0,37
2026-07-27T00:30:02.509Z,cloudflare_catchup,cloudflare_catchup_20260726081142_11-15-H1-H2-101-102-39-73,60,73,0,7,T421,AB6136,0,16
2026-07-27T00:30:02.509Z,cloudflare_catchup,cloudflare_catchup_20260726081142_11-15-H1-H2-101-102-39-73,60,73,0,9,M172/16,AA3041,0,46
2026-07-27T00:30:02.509Z,cloudflare_catchup,cloudflare_catchup_20260726081142_11-15-H1-H2-101-102-39-73,60,73,0,12,M219,AB6393,0,1
2026-07-27T00:30:02.509Z,cloudflare_catchup,cloudflare_catchup_20260726081142_11-15-H1-H2-101-102-39-73,60,73,0,13,M50,AA7619,0,36
2026-07-27T00:30:02.509Z,cloudflare_catchup,cloudflare_catchup_20260726081142_11-15-H1-H2-101-102-39-73,60,73,0,19,T424,AA5945,1,7
2026-07-27T00:30:02.509Z,cloudflare_catchup,cloudflare_catchup_20260726081142_11-15-H1-H2-101-102-39-73,60,73,0,23,T554,AB6613,0,21
2026-07-27T00:30:02.509Z,cloudflare_catchup,cloudflare_catchup_20260726081142_11-15-H1-H2-101-102-39-73,60,73,0,25,T550/4,AB6171,1,0
2026-07-27T00:31:02.078Z,cloudflare_catchup,cloudflare_catchup_20260726081142_11-15-H1-H2-101-102-39-73,60,73,0,2,T557,AB6049,0,36
2026-07-27T00:31:02.078Z,cloudflare_catchup,cloudflare_catchup_20260726081142_11-15-H1-H2-101-102-39-73,60,73,0,8,T431,AB6136,1,33
2026-07-27T00:31:02.078Z,cloudflare_catchup,cloudflare_catchup_20260726081142_11-15-H1-H2-101-102-39-73,60,73,0,9,M172/16,AA3041,0,47
2026-07-27T00:31:02.078Z,cloudflare_catchup,cloudflare_catchup_20260726081142_11-15-H1-H2-101-102-39-73,60,73,0,12,M219,AB6393,0,6
2026-07-27T00:31:02.078Z,cloudflare_catchup,cloudflare_catchup_20260726081142_11-15-H1-H2-101-102-39-73,60,73,0,13,M50,AA7619,0,46
2026-07-27T00:31:02.078Z,cloudflare_catchup,cloudflare_catchup_20260726081142_11-15-H1-H2-101-102-39-73,60,73,0,19,T424,AA5945,0,37
2026-07-27T00:31:02.078Z,cloudflare_catchup,cloudflare_catchup_20260726081142_11-15-H1-H2-101-102-39-73,60,73,0,23,T554,AB6613,0,25
2026-07-27T00:31:02.078Z,cloudflare_catchup,cloudflare_catchup_20260726081142_11-15-H1-H2-101-102-39-73,60,73,0,25,T550/4,AB6171,1,0
2026-07-27T00:32:02.458Z,cloudflare_catchup,cloudflare_catchup_20260726081142_11-15-H1-H2-101-102-39-73,60,73,0,3,T558,AB6049,0,14
2026-07-27T00:32:02.458Z,cloudflare_catchup,cloudflare_catchup_20260726081142_11-15-H1-H2-101-102-39-73,60,73,0,8,T431,AB6136,0,46
2026-07-27T00:32:02.458Z,cloudflare_catchup,cloudflare_catchup_20260726081142_11-15-H1-H2-101-102-39-73,60,73,0,9,M172/16,AA3041,0,40
2026-07-27T00:32:02.458Z,cloudflare_catchup,cloudflare_catchup_20260726081142_11-15-H1-H2-101-102-39-73,60,73,0,12,M219,AB6393,0,6
2026-07-27T00:32:02.458Z,cloudflare_catchup,cloudflare_catchup_20260726081142_11-15-H1-H2-101-102-39-73,60,73,0,13,M50,AA7619,0,12
2026-07-27T00:32:02.458Z,cloudflare_catchup,cloudflare_catchup_20260726081142_11-15-H1-H2-101-102-39-73,60,73,0,19,T424,AA5945,0,45
2026-07-27T00:32:02.458Z,cloudflare_catchup,cloudflare_catchup_20260726081142_11-15-H1-H2-101-102-39-73,60,73,0,24,T555/2,AB6613,0,24
2026-07-27T00:33:01.726Z,cloudflare_catchup,cloudflare_catchup_20260726081142_11-15-H1-H2-101-102-39-73,60,73,0,3,T558,AB6049,0,32
2026-07-27T00:33:01.726Z,cloudflare_catchup,cloudflare_catchup_20260726081142_11-15-H1-H2-101-102-39-73,60,73,0,8,T431,AB6136,0,47
2026-07-27T00:33:01.726Z,cloudflare_catchup,cloudflare_catchup_20260726081142_11-15-H1-H2-101-102-39-73,60,73,0,9,M172/16,AA3041,0,41
2026-07-27T00:33:01.726Z,cloudflare_catchup,cloudflare_catchup_20260726081142_11-15-H1-H2-101-102-39-73,60,73,0,13,M50,AA7619,0,12
2026-07-27T00:33:01.726Z,cloudflare_catchup,cloudflare_catchup_20260726081142_11-15-H1-H2-101-102-39-73,60,73,0,13,M50,AB6393,1,2
2026-07-27T00:33:01.726Z,cloudflare_catchup,cloudflare_catchup_20260726081142_11-15-H1-H2-101-102-39-73,60,73,0,19,T424,AA5945,0,37
2026-07-27T00:33:01.726Z,cloudflare_catchup,cloudflare_catchup_20260726081142_11-15-H1-H2-101-102-39-73,60,73,0,25,T550/4,AB6613,1,0
2026-07-27T00:34:02.461Z,cloudflare_catchup,cloudflare_catchup_20260726081142_11-15-H1-H2-101-102-39-73,60,73,0,4,T551/1,AB6049,1,2
2026-07-27T00:34:02.461Z,cloudflare_catchup,cloudflare_catchup_20260726081142_11-15-H1-H2-101-102-39-73,60,73,0,8,T431,AB6136,0,43
2026-07-27T00:34:02.461Z,cloudflare_catchup,cloudflare_catchup_20260726081142_11-15-H1-H2-101-102-39-73,60,73,0,9,M172/16,AA3041,0,34
2026-07-27T00:34:02.461Z,cloudflare_catchup,cloudflare_catchup_20260726081142_11-15-H1-H2-101-102-39-73,60,73,0,13,M50,AA7619,0,30
2026-07-27T00:34:02.461Z,cloudflare_catchup,cloudflare_catchup_20260726081142_11-15-H1-H2-101-102-39-73,60,73,0,13,M50,AB6393,1,4
2026-07-27T00:34:02.461Z,cloudflare_catchup,cloudflare_catchup_20260726081142_11-15-H1-H2-101-102-39-73,60,73,0,20,T559,AA5945,1,20
2026-07-27T00:34:02.461Z,cloudflare_catchup,cloudflare_catchup_20260726081142_11-15-H1-H2-101-102-39-73,60,73,0,25,T550/4,AB6613,1,0
2026-07-27T00:35:03.441Z,cloudflare_catchup,cloudflare_catchup_20260726081142_11-15-H1-H2-101-102-39-73,60,73,0,4,T551/1,AB6049,0,47
2026-07-27T00:35:03.441Z,cloudflare_catchup,cloudflare_catchup_20260726081142_11-15-H1-H2-101-102-39-73,60,73,0,8,T431,AB6136,0,46
2026-07-27T00:35:03.441Z,cloudflare_catchup,cloudflare_catchup_20260726081142_11-15-H1-H2-101-102-39-73,60,73,0,9,M172/16,AA3041,0,26
2026-07-27T00:35:03.441Z,cloudflare_catchup,cloudflare_catchup_20260726081142_11-15-H1-H2-101-102-39-73,60,73,0,13,M50,AB6393,1,6
2026-07-27T00:35:03.441Z,cloudflare_catchup,cloudflare_catchup_20260726081142_11-15-H1-H2-101-102-39-73,60,73,0,14,M172/7,AA7619,1,9
2026-07-27T00:35:03.441Z,cloudflare_catchup,cloudflare_catchup_20260726081142_11-15-H1-H2-101-102-39-73,60,73,0,21,T552,AA5945,1,45
2026-07-27T00:35:03.441Z,cloudflare_catchup,cloudflare_catchup_20260726081142_11-15-H1-H2-101-102-39-73,60,73,0,25,T550/4,AB6613,1,0
2026-07-27T00:36:02.746Z,cloudflare_catchup,cloudflare_catchup_20260726081142_11-15-H1-H2-101-102-39-73,60,73,0,4,T551/1,AB6049,0,49
2026-07-27T00:36:02.746Z,cloudflare_catchup,cloudflare_catchup_20260726081142_11-15-H1-H2-101-102-39-73,60,73,0,9,M172/16,AA3041,0,32
2026-07-27T00:36:02.746Z,cloudflare_catchup,cloudflare_catchup_20260726081142_11-15-H1-H2-101-102-39-73,60,73,0,9,M172/16,AB6136,1,36
2026-07-27T00:36:02.746Z,cloudflare_catchup,cloudflare_catchup_20260726081142_11-15-H1-H2-101-102-39-73,60,73,0,13,M50,AB6393,1,6
2026-07-27T00:36:02.746Z,cloudflare_catchup,cloudflare_catchup_20260726081142_11-15-H1-H2-101-102-39-73,60,73,0,14,M172/7,AA7619,0,8
2026-07-27T00:36:02.746Z,cloudflare_catchup,cloudflare_catchup_20260726081142_11-15-H1-H2-101-102-39-73,60,73,0,22,T553,AA5945,0,25
2026-07-27T00:36:02.746Z,cloudflare_catchup,cloudflare_catchup_20260726081142_11-15-H1-H2-101-102-39-73,60,73,0,25,T550/4,AB6613,1,0
2026-07-27T00:37:01.789Z,cloudflare_catchup,cloudflare_catchup_20260726081142_11-15-H1-H2-101-102-39-73,60,73,0,4,T551/1,AB6049,0,37
2026-07-27T00:37:01.789Z,cloudflare_catchup,cloudflare_catchup_20260726081142_11-15-H1-H2-101-102-39-73,60,73,0,9,M172/16,AB6136,0,46
2026-07-27T00:37:01.789Z,cloudflare_catchup,cloudflare_catchup_20260726081142_11-15-H1-H2-101-102-39-73,60,73,0,10,M247,AA3041,1,11
2026-07-27T00:37:01.789Z,cloudflare_catchup,cloudflare_catchup_20260726081142_11-15-H1-H2-101-102-39-73,60,73,0,13,M50,AB6393,0,3
2026-07-27T00:37:01.789Z,cloudflare_catchup,cloudflare_catchup_20260726081142_11-15-H1-H2-101-102-39-73,60,73,0,14,M172/7,AA7619,0,45
2026-07-27T00:37:01.789Z,cloudflare_catchup,cloudflare_catchup_20260726081142_11-15-H1-H2-101-102-39-73,60,73,0,23,T554,AA5945,1,19
2026-07-27T00:37:01.789Z,cloudflare_catchup,cloudflare_catchup_20260726081142_11-15-H1-H2-101-102-39-73,60,73,0,25,T550/4,AB6613,1,0
2026-07-27T00:38:02.624Z,cloudflare_catchup,cloudflare_catchup_20260726081142_11-15-H1-H2-101-102-39-73,60,73,0,0,T550/4,AB6171,1,4
2026-07-27T00:38:02.624Z,cloudflare_catchup,cloudflare_catchup_20260726081142_11-15-H1-H2-101-102-39-73,60,73,0,5,T425,AB6049,0,10
2026-07-27T00:38:02.624Z,cloudflare_catchup,cloudflare_catchup_20260726081142_11-15-H1-H2-101-102-39-73,60,73,0,9,M172/16,AB6136,0,46
2026-07-27T00:38:02.624Z,cloudflare_catchup,cloudflare_catchup_20260726081142_11-15-H1-H2-101-102-39-73,60,73,0,10,M247,AA3041,1,11
2026-07-27T00:38:02.624Z,cloudflare_catchup,cloudflare_catchup_20260726081142_11-15-H1-H2-101-102-39-73,60,73,0,13,M50,AB6393,0,47
2026-07-27T00:38:02.624Z,cloudflare_catchup,cloudflare_catchup_20260726081142_11-15-H1-H2-101-102-39-73,60,73,0,14,M172/7,AA7619,0,45
2026-07-27T00:38:02.624Z,cloudflare_catchup,cloudflare_catchup_20260726081142_11-15-H1-H2-101-102-39-73,60,73,0,23,T554,AA5945,0,42
2026-07-27T00:39:01.917Z,cloudflare_catchup,cloudflare_catchup_20260726081142_11-15-H1-H2-101-102-39-73,60,73,0,1,T556,AB6171,1,36
2026-07-27T00:39:01.917Z,cloudflare_catchup,cloudflare_catchup_20260726081142_11-15-H1-H2-101-102-39-73,60,73,0,6,T423,AB6049,1,21
2026-07-27T00:39:01.917Z,cloudflare_catchup,cloudflare_catchup_20260726081142_11-15-H1-H2-101-102-39-73,60,73,0,9,M172/16,AB6136,0,38
2026-07-27T00:39:01.917Z,cloudflare_catchup,cloudflare_catchup_20260726081142_11-15-H1-H2-101-102-39-73,60,73,0,11,M231,AA3041,1,42
2026-07-27T00:39:01.917Z,cloudflare_catchup,cloudflare_catchup_20260726081142_11-15-H1-H2-101-102-39-73,60,73,0,13,M50,AB6393,0,17
2026-07-27T00:39:01.917Z,cloudflare_catchup,cloudflare_catchup_20260726081142_11-15-H1-H2-101-102-39-73,60,73,0,14,M172/7,AA7619,0,47
2026-07-27T00:39:01.917Z,cloudflare_catchup,cloudflare_catchup_20260726081142_11-15-H1-H2-101-102-39-73,60,73,0,24,T555/2,AA5945,1,10
2026-07-27T00:40:02.516Z,cloudflare_catchup,cloudflare_catchup_20260726081142_11-15-H1-H2-101-102-39-73,60,73,0,1,T556,AB6171,0,29
2026-07-27T00:40:02.516Z,cloudflare_catchup,cloudflare_catchup_20260726081142_11-15-H1-H2-101-102-39-73,60,73,0,6,T423,AB6049,0,45
2026-07-27T00:40:02.516Z,cloudflare_catchup,cloudflare_catchup_20260726081142_11-15-H1-H2-101-102-39-73,60,73,0,9,M172/16,AB6136,0,34
2026-07-27T00:40:02.516Z,cloudflare_catchup,cloudflare_catchup_20260726081142_11-15-H1-H2-101-102-39-73,60,73,0,11,M231,AA3041,1,30
2026-07-27T00:40:02.516Z,cloudflare_catchup,cloudflare_catchup_20260726081142_11-15-H1-H2-101-102-39-73,60,73,0,13,M50,AB6393,0,43
2026-07-27T00:40:02.516Z,cloudflare_catchup,cloudflare_catchup_20260726081142_11-15-H1-H2-101-102-39-73,60,73,0,14,M172/7,AA7619,0,40
2026-07-27T00:40:02.516Z,cloudflare_catchup,cloudflare_catchup_20260726081142_11-15-H1-H2-101-102-39-73,60,73,0,24,T555/2,AA5945,0,37
2026-07-27T00:41:01.748Z,cloudflare_catchup,cloudflare_catchup_20260726081142_11-15-H1-H2-101-102-39-73,60,73,0,1,T556,AB6171,0,41
2026-07-27T00:41:01.748Z,cloudflare_catchup,cloudflare_catchup_20260726081142_11-15-H1-H2-101-102-39-73,60,73,0,7,T421,AB6049,0,1
2026-07-27T00:41:01.748Z,cloudflare_catchup,cloudflare_catchup_20260726081142_11-15-H1-H2-101-102-39-73,60,73,0,9,M172/16,AB6136,0,37
2026-07-27T00:41:01.748Z,cloudflare_catchup,cloudflare_catchup_20260726081142_11-15-H1-H2-101-102-39-73,60,73,0,11,M231,AA3041,0,17
2026-07-27T00:41:01.748Z,cloudflare_catchup,cloudflare_catchup_20260726081142_11-15-H1-H2-101-102-39-73,60,73,0,13,M50,AB6393,0,34
2026-07-27T00:41:01.748Z,cloudflare_catchup,cloudflare_catchup_20260726081142_11-15-H1-H2-101-102-39-73,60,73,0,14,M172/7,AA7619,0,45
2026-07-27T00:41:01.748Z,cloudflare_catchup,cloudflare_catchup_20260726081142_11-15-H1-H2-101-102-39-73,60,73,0,25,T550/4,AA5945,1,0
2026-07-27T00:42:02.540Z,cloudflare_catchup,cloudflare_catchup_20260726081142_11-15-H1-H2-101-102-39-73,60,73,0,3,T558,AB6171,1,20
2026-07-27T00:42:02.540Z,cloudflare_catchup,cloudflare_catchup_20260726081142_11-15-H1-H2-101-102-39-73,60,73,0,7,T421,AB6049,0,48
2026-07-27T00:42:02.540Z,cloudflare_catchup,cloudflare_catchup_20260726081142_11-15-H1-H2-101-102-39-73,60,73,0,9,M172/16,AB6136,0,7
2026-07-27T00:42:02.540Z,cloudflare_catchup,cloudflare_catchup_20260726081142_11-15-H1-H2-101-102-39-73,60,73,0,12,M219,AA3041,1,4
2026-07-27T00:42:02.540Z,cloudflare_catchup,cloudflare_catchup_20260726081142_11-15-H1-H2-101-102-39-73,60,73,0,13,M50,AB6393,0,12
2026-07-27T00:42:02.540Z,cloudflare_catchup,cloudflare_catchup_20260726081142_11-15-H1-H2-101-102-39-73,60,73,0,15,T430,AA7619,0,43
2026-07-27T00:42:02.540Z,cloudflare_catchup,cloudflare_catchup_20260726081142_11-15-H1-H2-101-102-39-73,60,73,0,25,T550/4,AA5945,1,0
2026-07-27T00:43:02.050Z,cloudflare_catchup,cloudflare_catchup_20260726081142_11-15-H1-H2-101-102-39-73,60,73,0,3,T558,AB6171,0,39
2026-07-27T00:43:02.050Z,cloudflare_catchup,cloudflare_catchup_20260726081142_11-15-H1-H2-101-102-39-73,60,73,0,7,T421,AB6049,0,47
2026-07-27T00:43:02.050Z,cloudflare_catchup,cloudflare_catchup_20260726081142_11-15-H1-H2-101-102-39-73,60,73,0,9,M172/16,AB6136,0,24
2026-07-27T00:43:02.050Z,cloudflare_catchup,cloudflare_catchup_20260726081142_11-15-H1-H2-101-102-39-73,60,73,0,12,M219,AA3041,1,1
2026-07-27T00:43:02.050Z,cloudflare_catchup,cloudflare_catchup_20260726081142_11-15-H1-H2-101-102-39-73,60,73,0,13,M50,AB6393,0,17
2026-07-27T00:43:02.050Z,cloudflare_catchup,cloudflare_catchup_20260726081142_11-15-H1-H2-101-102-39-73,60,73,0,15,T430,AA7619,0,35
2026-07-27T00:43:02.050Z,cloudflare_catchup,cloudflare_catchup_20260726081142_11-15-H1-H2-101-102-39-73,60,73,0,25,T550/4,AA5945,1,0
2026-07-27T00:44:02.313Z,cloudflare_catchup,cloudflare_catchup_20260726081142_11-15-H1-H2-101-102-39-73,60,73,0,0,T550/4,AB6613,0,25
2026-07-27T00:44:02.313Z,cloudflare_catchup,cloudflare_catchup_20260726081142_11-15-H1-H2-101-102-39-73,60,73,0,4,T551/1,AB6171,1,18
2026-07-27T00:44:02.313Z,cloudflare_catchup,cloudflare_catchup_20260726081142_11-15-H1-H2-101-102-39-73,60,73,0,7,T421,AB6049,0,3
2026-07-27T00:44:02.313Z,cloudflare_catchup,cloudflare_catchup_20260726081142_11-15-H1-H2-101-102-39-73,60,73,0,9,M172/16,AB6136,0,14
2026-07-27T00:44:02.313Z,cloudflare_catchup,cloudflare_catchup_20260726081142_11-15-H1-H2-101-102-39-73,60,73,0,12,M219,AA3041,1,2
2026-07-27T00:44:02.313Z,cloudflare_catchup,cloudflare_catchup_20260726081142_11-15-H1-H2-101-102-39-73,60,73,0,13,M50,AB6393,0,37
2026-07-27T00:44:02.313Z,cloudflare_catchup,cloudflare_catchup_20260726081142_11-15-H1-H2-101-102-39-73,60,73,0,16,T328,AA7619,0,45
2026-07-27T00:44:02.313Z,cloudflare_catchup,cloudflare_catchup_20260726081142_11-15-H1-H2-101-102-39-73,60,73,0,25,T550/4,AA5945,1,0
2026-07-27T00:45:03.021Z,cloudflare_catchup,cloudflare_catchup_20260726081142_11-15-H1-H2-101-102-39-73,60,73,0,1,T556,AB6613,0,40
2026-07-27T00:45:03.021Z,cloudflare_catchup,cloudflare_catchup_20260726081142_11-15-H1-H2-101-102-39-73,60,73,0,4,T551/1,AB6171,0,47
2026-07-27T00:45:03.021Z,cloudflare_catchup,cloudflare_catchup_20260726081142_11-15-H1-H2-101-102-39-73,60,73,0,8,T431,AB6049,0,45
2026-07-27T00:45:03.021Z,cloudflare_catchup,cloudflare_catchup_20260726081142_11-15-H1-H2-101-102-39-73,60,73,0,9,M172/16,AB6136,0,26
2026-07-27T00:45:03.021Z,cloudflare_catchup,cloudflare_catchup_20260726081142_11-15-H1-H2-101-102-39-73,60,73,0,12,M219,AA3041,1,6
2026-07-27T00:45:03.021Z,cloudflare_catchup,cloudflare_catchup_20260726081142_11-15-H1-H2-101-102-39-73,60,73,0,14,M172/7,AB6393,0,6
2026-07-27T00:45:03.021Z,cloudflare_catchup,cloudflare_catchup_20260726081142_11-15-H1-H2-101-102-39-73,60,73,0,16,T328,AA7619,0,23
2026-07-27T00:46:02.544Z,cloudflare_catchup,cloudflare_catchup_20260726081142_11-15-H1-H2-101-102-39-73,60,73,0,2,T557,AB6613,1,21
2026-07-27T00:46:02.544Z,cloudflare_catchup,cloudflare_catchup_20260726081142_11-15-H1-H2-101-102-39-73,60,73,0,4,T551/1,AB6171,0,47
2026-07-27T00:46:02.544Z,cloudflare_catchup,cloudflare_catchup_20260726081142_11-15-H1-H2-101-102-39-73,60,73,0,8,T431,AB6049,0,21
2026-07-27T00:46:02.544Z,cloudflare_catchup,cloudflare_catchup_20260726081142_11-15-H1-H2-101-102-39-73,60,73,0,10,M247,AB6136,1,25
2026-07-27T00:46:02.544Z,cloudflare_catchup,cloudflare_catchup_20260726081142_11-15-H1-H2-101-102-39-73,60,73,0,12,M219,AA3041,0,6
2026-07-27T00:46:02.544Z,cloudflare_catchup,cloudflare_catchup_20260726081142_11-15-H1-H2-101-102-39-73,60,73,0,14,M172/7,AB6393,0,6
2026-07-27T00:46:02.544Z,cloudflare_catchup,cloudflare_catchup_20260726081142_11-15-H1-H2-101-102-39-73,60,73,0,17,T420,AA7619,1,36
2026-07-27T00:47:01.756Z,cloudflare_catchup,cloudflare_catchup_20260726081142_11-15-H1-H2-101-102-39-73,60,73,0,3,T558,AB6613,0,48
2026-07-27T00:47:01.756Z,cloudflare_catchup,cloudflare_catchup_20260726081142_11-15-H1-H2-101-102-39-73,60,73,0,4,T551/1,AB6171,0,44
2026-07-27T00:47:01.756Z,cloudflare_catchup,cloudflare_catchup_20260726081142_11-15-H1-H2-101-102-39-73,60,73,0,8,T431,AB6049,0,47
2026-07-27T00:47:01.756Z,cloudflare_catchup,cloudflare_catchup_20260726081142_11-15-H1-H2-101-102-39-73,60,73,0,10,M247,AB6136,0,9
2026-07-27T00:47:01.756Z,cloudflare_catchup,cloudflare_catchup_20260726081142_11-15-H1-H2-101-102-39-73,60,73,0,12,M219,AA3041,0,7
2026-07-27T00:47:01.756Z,cloudflare_catchup,cloudflare_catchup_20260726081142_11-15-H1-H2-101-102-39-73,60,73,0,14,M172/7,AB6393,0,5
2026-07-27T00:47:01.756Z,cloudflare_catchup,cloudflare_catchup_20260726081142_11-15-H1-H2-101-102-39-73,60,73,0,18,T422,AA7619,0,12
2026-07-27T00:48:02.460Z,cloudflare_catchup,cloudflare_catchup_20260726081142_11-15-H1-H2-101-102-39-73,60,73,0,3,T558,AB6613,0,24
2026-07-27T00:48:02.460Z,cloudflare_catchup,cloudflare_catchup_20260726081142_11-15-H1-H2-101-102-39-73,60,73,0,5,T425,AB6171,0,46
2026-07-27T00:48:02.460Z,cloudflare_catchup,cloudflare_catchup_20260726081142_11-15-H1-H2-101-102-39-73,60,73,0,8,T431,AB6049,0,43
2026-07-27T00:48:02.460Z,cloudflare_catchup,cloudflare_catchup_20260726081142_11-15-H1-H2-101-102-39-73,60,73,0,11,M231,AB6136,1,30
2026-07-27T00:48:02.460Z,cloudflare_catchup,cloudflare_catchup_20260726081142_11-15-H1-H2-101-102-39-73,60,73,0,12,M219,AA3041,0,4
2026-07-27T00:48:02.460Z,cloudflare_catchup,cloudflare_catchup_20260726081142_11-15-H1-H2-101-102-39-73,60,73,0,14,M172/7,AB6393,0,49
2026-07-27T00:48:02.460Z,cloudflare_catchup,cloudflare_catchup_20260726081142_11-15-H1-H2-101-102-39-73,60,73,0,18,T422,AA7619,0,2
2026-07-27T00:49:01.759Z,cloudflare_catchup,cloudflare_catchup_20260726081142_11-15-H1-H2-101-102-39-73,60,73,0,4,T551/1,AB6613,0,48
2026-07-27T00:49:01.759Z,cloudflare_catchup,cloudflare_catchup_20260726081142_11-15-H1-H2-101-102-39-73,60,73,0,6,T423,AB6171,0,39
2026-07-27T00:49:01.759Z,cloudflare_catchup,cloudflare_catchup_20260726081142_11-15-H1-H2-101-102-39-73,60,73,0,8,T431,AB6049,0,50
2026-07-27T00:49:01.759Z,cloudflare_catchup,cloudflare_catchup_20260726081142_11-15-H1-H2-101-102-39-73,60,73,0,11,M231,AB6136,0,24
2026-07-27T00:49:01.759Z,cloudflare_catchup,cloudflare_catchup_20260726081142_11-15-H1-H2-101-102-39-73,60,73,0,13,M50,AA3041,1,2
2026-07-27T00:49:01.759Z,cloudflare_catchup,cloudflare_catchup_20260726081142_11-15-H1-H2-101-102-39-73,60,73,0,14,M172/7,AB6393,0,44
2026-07-27T00:49:01.759Z,cloudflare_catchup,cloudflare_catchup_20260726081142_11-15-H1-H2-101-102-39-73,60,73,0,19,T424,AA7619,1,24
2026-07-27T00:50:02.442Z,cloudflare_catchup,cloudflare_catchup_20260726081142_11-15-H1-H2-101-102-39-73,60,73,0,4,T551/1,AB6613,0,46
2026-07-27T00:50:02.442Z,cloudflare_catchup,cloudflare_catchup_20260726081142_11-15-H1-H2-101-102-39-73,60,73,0,7,T421,AB6171,0,30
2026-07-27T00:50:02.442Z,cloudflare_catchup,cloudflare_catchup_20260726081142_11-15-H1-H2-101-102-39-73,60,73,0,8,T431,AB6049,0,1
2026-07-27T00:50:02.442Z,cloudflare_catchup,cloudflare_catchup_20260726081142_11-15-H1-H2-101-102-39-73,60,73,0,12,M219,AB6136,1,5
2026-07-27T00:50:02.442Z,cloudflare_catchup,cloudflare_catchup_20260726081142_11-15-H1-H2-101-102-39-73,60,73,0,13,M50,AA3041,1,7
2026-07-27T00:50:02.442Z,cloudflare_catchup,cloudflare_catchup_20260726081142_11-15-H1-H2-101-102-39-73,60,73,0,14,M172/7,AB6393,0,45
2026-07-27T00:50:02.442Z,cloudflare_catchup,cloudflare_catchup_20260726081142_11-15-H1-H2-101-102-39-73,60,73,0,19,T424,AA7619,0,35
2026-07-27T00:51:01.734Z,cloudflare_catchup,cloudflare_catchup_20260726081142_11-15-H1-H2-101-102-39-73,60,73,0,4,T551/1,AB6613,0,44
2026-07-27T00:51:01.734Z,cloudflare_catchup,cloudflare_catchup_20260726081142_11-15-H1-H2-101-102-39-73,60,73,0,7,T421,AB6171,0,42
2026-07-27T00:51:01.734Z,cloudflare_catchup,cloudflare_catchup_20260726081142_11-15-H1-H2-101-102-39-73,60,73,0,9,M172/16,AB6049,1,6
2026-07-27T00:51:01.734Z,cloudflare_catchup,cloudflare_catchup_20260726081142_11-15-H1-H2-101-102-39-73,60,73,0,12,M219,AB6136,1,13
2026-07-27T00:51:01.734Z,cloudflare_catchup,cloudflare_catchup_20260726081142_11-15-H1-H2-101-102-39-73,60,73,0,13,M50,AA3041,1,3
2026-07-27T00:51:01.734Z,cloudflare_catchup,cloudflare_catchup_20260726081142_11-15-H1-H2-101-102-39-73,60,73,0,14,M172/7,AB6393,0,47
2026-07-27T00:51:01.734Z,cloudflare_catchup,cloudflare_catchup_20260726081142_11-15-H1-H2-101-102-39-73,60,73,0,19,T424,AA7619,0,45
2026-07-27T00:52:02.465Z,cloudflare_catchup,cloudflare_catchup_20260726081142_11-15-H1-H2-101-102-39-73,60,73,0,0,T550/4,AA5945,0,43
2026-07-27T00:52:02.465Z,cloudflare_catchup,cloudflare_catchup_20260726081142_11-15-H1-H2-101-102-39-73,60,73,0,5,T425,AB6613,0,24
2026-07-27T00:52:02.465Z,cloudflare_catchup,cloudflare_catchup_20260726081142_11-15-H1-H2-101-102-39-73,60,73,0,7,T421,AB6171,0,47
2026-07-27T00:52:02.465Z,cloudflare_catchup,cloudflare_catchup_20260726081142_11-15-H1-H2-101-102-39-73,60,73,0,9,M172/16,AB6049,0,41
2026-07-27T00:52:02.465Z,cloudflare_catchup,cloudflare_catchup_20260726081142_11-15-H1-H2-101-102-39-73,60,73,0,12,M219,AB6136,1,13
2026-07-27T00:52:02.465Z,cloudflare_catchup,cloudflare_catchup_20260726081142_11-15-H1-H2-101-102-39-73,60,73,0,13,M50,AA3041,0,2
2026-07-27T00:52:02.465Z,cloudflare_catchup,cloudflare_catchup_20260726081142_11-15-H1-H2-101-102-39-73,60,73,0,14,M172/7,AB6393,0,40
2026-07-27T00:52:02.465Z,cloudflare_catchup,cloudflare_catchup_20260726081142_11-15-H1-H2-101-102-39-73,60,73,0,19,T424,AA7619,0,48
2026-07-27T00:53:01.765Z,cloudflare_catchup,cloudflare_catchup_20260726081142_11-15-H1-H2-101-102-39-73,60,73,0,1,T556,AA5945,0,36
2026-07-27T00:53:01.765Z,cloudflare_catchup,cloudflare_catchup_20260726081142_11-15-H1-H2-101-102-39-73,60,73,0,6,T423,AB6613,0,41
2026-07-27T00:53:01.765Z,cloudflare_catchup,cloudflare_catchup_20260726081142_11-15-H1-H2-101-102-39-73,60,73,0,7,T421,AB6171,0,8
2026-07-27T00:53:01.765Z,cloudflare_catchup,cloudflare_catchup_20260726081142_11-15-H1-H2-101-102-39-73,60,73,0,9,M172/16,AB6049,0,47
2026-07-27T00:53:01.765Z,cloudflare_catchup,cloudflare_catchup_20260726081142_11-15-H1-H2-101-102-39-73,60,73,0,12,M219,AB6136,0,23
2026-07-27T00:53:01.765Z,cloudflare_catchup,cloudflare_catchup_20260726081142_11-15-H1-H2-101-102-39-73,60,73,0,13,M50,AA3041,0,28
2026-07-27T00:53:01.765Z,cloudflare_catchup,cloudflare_catchup_20260726081142_11-15-H1-H2-101-102-39-73,60,73,0,15,T430,AB6393,1,1
2026-07-27T00:53:01.765Z,cloudflare_catchup,cloudflare_catchup_20260726081142_11-15-H1-H2-101-102-39-73,60,73,0,20,T559,AA7619,1,28
2026-07-27T00:54:02.413Z,cloudflare_catchup,cloudflare_catchup_20260726081142_11-15-H1-H2-101-102-39-73,60,73,0,2,T557,AA5945,0,4
2026-07-27T00:54:02.413Z,cloudflare_catchup,cloudflare_catchup_20260726081142_11-15-H1-H2-101-102-39-73,60,73,0,7,T421,AB6171,0,34
2026-07-27T00:54:02.413Z,cloudflare_catchup,cloudflare_catchup_20260726081142_11-15-H1-H2-101-102-39-73,60,73,0,7,T421,AB6613,0,38
2026-07-27T00:54:02.413Z,cloudflare_catchup,cloudflare_catchup_20260726081142_11-15-H1-H2-101-102-39-73,60,73,0,9,M172/16,AB6049,0,33
2026-07-27T00:54:02.413Z,cloudflare_catchup,cloudflare_catchup_20260726081142_11-15-H1-H2-101-102-39-73,60,73,0,12,M219,AB6136,0,23
2026-07-27T00:54:02.413Z,cloudflare_catchup,cloudflare_catchup_20260726081142_11-15-H1-H2-101-102-39-73,60,73,0,13,M50,AA3041,0,44
2026-07-27T00:54:02.413Z,cloudflare_catchup,cloudflare_catchup_20260726081142_11-15-H1-H2-101-102-39-73,60,73,0,15,T430,AB6393,0,49
2026-07-27T00:54:02.413Z,cloudflare_catchup,cloudflare_catchup_20260726081142_11-15-H1-H2-101-102-39-73,60,73,0,20,T559,AA7619,0,26
2026-07-27T00:55:03.097Z,cloudflare_catchup,cloudflare_catchup_20260726081142_11-15-H1-H2-101-102-39-73,60,73,0,3,T558,AA5945,0,47
2026-07-27T00:55:03.097Z,cloudflare_catchup,cloudflare_catchup_20260726081142_11-15-H1-H2-101-102-39-73,60,73,0,7,T421,AB6613,0,47
2026-07-27T00:55:03.097Z,cloudflare_catchup,cloudflare_catchup_20260726081142_11-15-H1-H2-101-102-39-73,60,73,0,8,T431,AB6171,0,47
2026-07-27T00:55:03.097Z,cloudflare_catchup,cloudflare_catchup_20260726081142_11-15-H1-H2-101-102-39-73,60,73,0,9,M172/16,AB6049,0,46
2026-07-27T00:55:03.097Z,cloudflare_catchup,cloudflare_catchup_20260726081142_11-15-H1-H2-101-102-39-73,60,73,0,12,M219,AB6136,0,9
2026-07-27T00:55:03.097Z,cloudflare_catchup,cloudflare_catchup_20260726081142_11-15-H1-H2-101-102-39-73,60,73,0,13,M50,AA3041,0,49
2026-07-27T00:55:03.097Z,cloudflare_catchup,cloudflare_catchup_20260726081142_11-15-H1-H2-101-102-39-73,60,73,0,16,T328,AB6393,1,4
2026-07-27T00:55:03.097Z,cloudflare_catchup,cloudflare_catchup_20260726081142_11-15-H1-H2-101-102-39-73,60,73,0,21,T552,AA7619,0,36
2026-07-27T00:56:02.453Z,cloudflare_catchup,cloudflare_catchup_20260726081142_11-15-H1-H2-101-102-39-73,60,73,0,3,T558,AA5945,0,29
2026-07-27T00:56:02.453Z,cloudflare_catchup,cloudflare_catchup_20260726081142_11-15-H1-H2-101-102-39-73,60,73,0,7,T421,AB6613,0,47
2026-07-27T00:56:02.453Z,cloudflare_catchup,cloudflare_catchup_20260726081142_11-15-H1-H2-101-102-39-73,60,73,0,8,T431,AB6171,0,47
2026-07-27T00:56:02.453Z,cloudflare_catchup,cloudflare_catchup_20260726081142_11-15-H1-H2-101-102-39-73,60,73,0,9,M172/16,AB6049,0,48
2026-07-27T00:56:02.453Z,cloudflare_catchup,cloudflare_catchup_20260726081142_11-15-H1-H2-101-102-39-73,60,73,0,12,M219,AB6136,0,9
2026-07-27T00:56:02.453Z,cloudflare_catchup,cloudflare_catchup_20260726081142_11-15-H1-H2-101-102-39-73,60,73,0,13,M50,AA3041,0,38
2026-07-27T00:56:02.453Z,cloudflare_catchup,cloudflare_catchup_20260726081142_11-15-H1-H2-101-102-39-73,60,73,0,16,T328,AB6393,0,48
2026-07-27T00:56:02.453Z,cloudflare_catchup,cloudflare_catchup_20260726081142_11-15-H1-H2-101-102-39-73,60,73,0,23,T554,AA7619,1,15
2026-07-27T00:57:01.933Z,cloudflare_catchup,cloudflare_catchup_20260726081142_11-15-H1-H2-101-102-39-73,60,73,0,4,T551/1,AA5945,0,50
2026-07-27T00:57:01.933Z,cloudflare_catchup,cloudflare_catchup_20260726081142_11-15-H1-H2-101-102-39-73,60,73,0,7,T421,AB6613,0,30
2026-07-27T00:57:01.933Z,cloudflare_catchup,cloudflare_catchup_20260726081142_11-15-H1-H2-101-102-39-73,60,73,0,8,T431,AB6171,0,44
2026-07-27T00:57:01.933Z,cloudflare_catchup,cloudflare_catchup_20260726081142_11-15-H1-H2-101-102-39-73,60,73,0,9,M172/16,AB6049,0,31
2026-07-27T00:57:01.933Z,cloudflare_catchup,cloudflare_catchup_20260726081142_11-15-H1-H2-101-102-39-73,60,73,0,13,M50,AA3041,0,25
2026-07-27T00:57:01.933Z,cloudflare_catchup,cloudflare_catchup_20260726081142_11-15-H1-H2-101-102-39-73,60,73,0,13,M50,AB6136,1,3
2026-07-27T00:57:01.933Z,cloudflare_catchup,cloudflare_catchup_20260726081142_11-15-H1-H2-101-102-39-73,60,73,0,17,T420,AB6393,1,50
2026-07-27T00:57:01.933Z,cloudflare_catchup,cloudflare_catchup_20260726081142_11-15-H1-H2-101-102-39-73,60,73,0,23,T554,AA7619,0,41
2026-07-27T00:58:02.623Z,cloudflare_catchup,cloudflare_catchup_20260726081142_11-15-H1-H2-101-102-39-73,60,73,0,4,T551/1,AA5945,0,47
2026-07-27T00:58:02.623Z,cloudflare_catchup,cloudflare_catchup_20260726081142_11-15-H1-H2-101-102-39-73,60,73,0,8,T431,AB6171,0,46
2026-07-27T00:58:02.623Z,cloudflare_catchup,cloudflare_catchup_20260726081142_11-15-H1-H2-101-102-39-73,60,73,0,8,T431,AB6613,0,47
2026-07-27T00:58:02.623Z,cloudflare_catchup,cloudflare_catchup_20260726081142_11-15-H1-H2-101-102-39-73,60,73,0,9,M172/16,AB6049,0,4
2026-07-27T00:58:02.623Z,cloudflare_catchup,cloudflare_catchup_20260726081142_11-15-H1-H2-101-102-39-73,60,73,0,13,M50,AA3041,0,8
2026-07-27T00:58:02.623Z,cloudflare_catchup,cloudflare_catchup_20260726081142_11-15-H1-H2-101-102-39-73,60,73,0,13,M50,AB6136,0,12
2026-07-27T00:58:02.623Z,cloudflare_catchup,cloudflare_catchup_20260726081142_11-15-H1-H2-101-102-39-73,60,73,0,18,T422,AB6393,1,47
2026-07-27T00:58:02.623Z,cloudflare_catchup,cloudflare_catchup_20260726081142_11-15-H1-H2-101-102-39-73,60,73,0,24,T555/2,AA7619,0,29
2026-07-27T00:59:01.835Z,cloudflare_catchup,cloudflare_catchup_20260726081142_11-15-H1-H2-101-102-39-73,60,73,0,4,T551/1,AA5945,0,46
2026-07-27T00:59:01.835Z,cloudflare_catchup,cloudflare_catchup_20260726081142_11-15-H1-H2-101-102-39-73,60,73,0,8,T431,AB6171,0,24
2026-07-27T00:59:01.835Z,cloudflare_catchup,cloudflare_catchup_20260726081142_11-15-H1-H2-101-102-39-73,60,73,0,8,T431,AB6613,0,48
2026-07-27T00:59:01.835Z,cloudflare_catchup,cloudflare_catchup_20260726081142_11-15-H1-H2-101-102-39-73,60,73,0,9,M172/16,AB6049,0,28
2026-07-27T00:59:01.835Z,cloudflare_catchup,cloudflare_catchup_20260726081142_11-15-H1-H2-101-102-39-73,60,73,0,13,M50,AA3041,0,34
2026-07-27T00:59:01.835Z,cloudflare_catchup,cloudflare_catchup_20260726081142_11-15-H1-H2-101-102-39-73,60,73,0,13,M50,AB6136,0,8
2026-07-27T00:59:01.835Z,cloudflare_catchup,cloudflare_catchup_20260726081142_11-15-H1-H2-101-102-39-73,60,73,0,19,T424,AB6393,1,37
2026-07-27T00:59:01.835Z,cloudflare_catchup,cloudflare_catchup_20260726081142_11-15-H1-H2-101-102-39-73,60,73,0,24,T555/2,AA7619,0,35
2026-07-27T01:00:02.527Z,cloudflare_catchup,cloudflare_catchup_20260726081142_11-15-H1-H2-101-102-39-73,60,73,0,5,T425,AA5945,0,48
2026-07-27T01:00:02.527Z,cloudflare_catchup,cloudflare_catchup_20260726081142_11-15-H1-H2-101-102-39-73,60,73,0,8,T431,AB6613,0,45
2026-07-27T01:00:02.527Z,cloudflare_catchup,cloudflare_catchup_20260726081142_11-15-H1-H2-101-102-39-73,60,73,0,9,M172/16,AB6171,0,40
2026-07-27T01:00:02.527Z,cloudflare_catchup,cloudflare_catchup_20260726081142_11-15-H1-H2-101-102-39-73,60,73,0,10,M247,AB6049,1,6
2026-07-27T01:00:02.527Z,cloudflare_catchup,cloudflare_catchup_20260726081142_11-15-H1-H2-101-102-39-73,60,73,0,13,M50,AB6136,0,46
2026-07-27T01:00:02.527Z,cloudflare_catchup,cloudflare_catchup_20260726081142_11-15-H1-H2-101-102-39-73,60,73,0,14,M172/7,AA3041,1,2
2026-07-27T01:00:02.527Z,cloudflare_catchup,cloudflare_catchup_20260726081142_11-15-H1-H2-101-102-39-73,60,73,0,19,T424,AB6393,0,42
2026-07-27T01:00:02.527Z,cloudflare_catchup,cloudflare_catchup_20260726081142_11-15-H1-H2-101-102-39-73,60,73,0,25,T550/4,AA7619,1,0
2026-07-27T01:01:01.917Z,cloudflare_catchup,cloudflare_catchup_20260726081142_11-15-H1-H2-101-102-39-73,60,73,0,6,T423,AA5945,0,44
2026-07-27T01:01:01.917Z,cloudflare_catchup,cloudflare_catchup_20260726081142_11-15-H1-H2-101-102-39-73,60,73,0,8,T431,AB6613,0,44
2026-07-27T01:01:01.917Z,cloudflare_catchup,cloudflare_catchup_20260726081142_11-15-H1-H2-101-102-39-73,60,73,0,9,M172/16,AB6171,0,47
2026-07-27T01:01:01.917Z,cloudflare_catchup,cloudflare_catchup_20260726081142_11-15-H1-H2-101-102-39-73,60,73,0,10,M247,AB6049,1,2
2026-07-27T01:01:01.917Z,cloudflare_catchup,cloudflare_catchup_20260726081142_11-15-H1-H2-101-102-39-73,60,73,0,13,M50,AB6136,0,20
2026-07-27T01:01:01.917Z,cloudflare_catchup,cloudflare_catchup_20260726081142_11-15-H1-H2-101-102-39-73,60,73,0,14,M172/7,AA3041,0,10
2026-07-27T01:01:01.917Z,cloudflare_catchup,cloudflare_catchup_20260726081142_11-15-H1-H2-101-102-39-73,60,73,0,19,T424,AB6393,0,50
2026-07-27T01:01:01.917Z,cloudflare_catchup,cloudflare_catchup_20260726081142_11-15-H1-H2-101-102-39-73,60,73,0,25,T550/4,AA7619,1,0
2026-07-27T01:02:02.448Z,cloudflare_catchup,cloudflare_catchup_20260726081142_11-15-H1-H2-101-102-39-73,60,73,0,7,T421,AA5945,0,38
2026-07-27T01:02:02.448Z,cloudflare_catchup,cloudflare_catchup_20260726081142_11-15-H1-H2-101-102-39-73,60,73,0,8,T431,AB6613,0,8
2026-07-27T01:02:02.448Z,cloudflare_catchup,cloudflare_catchup_20260726081142_11-15-H1-H2-101-102-39-73,60,73,0,9,M172/16,AB6171,0,47
2026-07-27T01:02:02.448Z,cloudflare_catchup,cloudflare_catchup_20260726081142_11-15-H1-H2-101-102-39-73,60,73,0,11,M231,AB6049,0,2
2026-07-27T01:02:02.448Z,cloudflare_catchup,cloudflare_catchup_20260726081142_11-15-H1-H2-101-102-39-73,60,73,0,13,M50,AB6136,0,47
2026-07-27T01:02:02.448Z,cloudflare_catchup,cloudflare_catchup_20260726081142_11-15-H1-H2-101-102-39-73,60,73,0,14,M172/7,AA3041,0,49
2026-07-27T01:02:02.448Z,cloudflare_catchup,cloudflare_catchup_20260726081142_11-15-H1-H2-101-102-39-73,60,73,0,19,T424,AB6393,0,50
2026-07-27T01:02:02.448Z,cloudflare_catchup,cloudflare_catchup_20260726081142_11-15-H1-H2-101-102-39-73,60,73,0,25,T550/4,AA7619,1,0
2026-07-27T01:03:01.743Z,cloudflare_catchup,cloudflare_catchup_20260726081142_11-15-H1-H2-101-102-39-73,60,73,0,7,T421,AA5945,0,48
2026-07-27T01:03:01.743Z,cloudflare_catchup,cloudflare_catchup_20260726081142_11-15-H1-H2-101-102-39-73,60,73,0,9,M172/16,AB6171,0,45
2026-07-27T01:03:01.743Z,cloudflare_catchup,cloudflare_catchup_20260726081142_11-15-H1-H2-101-102-39-73,60,73,0,9,M172/16,AB6613,0,28
2026-07-27T01:03:01.743Z,cloudflare_catchup,cloudflare_catchup_20260726081142_11-15-H1-H2-101-102-39-73,60,73,0,11,M231,AB6049,0,2
2026-07-27T01:03:01.743Z,cloudflare_catchup,cloudflare_catchup_20260726081142_11-15-H1-H2-101-102-39-73,60,73,0,13,M50,AB6136,0,39
2026-07-27T01:03:01.743Z,cloudflare_catchup,cloudflare_catchup_20260726081142_11-15-H1-H2-101-102-39-73,60,73,0,14,M172/7,AA3041,0,43
2026-07-27T01:03:01.743Z,cloudflare_catchup,cloudflare_catchup_20260726081142_11-15-H1-H2-101-102-39-73,60,73,0,20,T559,AB6393,1,43
2026-07-27T01:03:01.743Z,cloudflare_catchup,cloudflare_catchup_20260726081142_11-15-H1-H2-101-102-39-73,60,73,0,25,T550/4,AA7619,1,0
2026-07-27T01:04:02.304Z,cloudflare_catchup,cloudflare_catchup_20260726081142_11-15-H1-H2-101-102-39-73,60,73,0,7,T421,AA5945,0,49
2026-07-27T01:04:02.304Z,cloudflare_catchup,cloudflare_catchup_20260726081142_11-15-H1-H2-101-102-39-73,60,73,0,9,M172/16,AB6171,0,47
2026-07-27T01:04:02.304Z,cloudflare_catchup,cloudflare_catchup_20260726081142_11-15-H1-H2-101-102-39-73,60,73,0,9,M172/16,AB6613,0,40
2026-07-27T01:04:02.304Z,cloudflare_catchup,cloudflare_catchup_20260726081142_11-15-H1-H2-101-102-39-73,60,73,0,11,M231,AB6049,0,2
2026-07-27T01:04:02.304Z,cloudflare_catchup,cloudflare_catchup_20260726081142_11-15-H1-H2-101-102-39-73,60,73,0,13,M50,AB6136,0,21
2026-07-27T01:04:02.304Z,cloudflare_catchup,cloudflare_catchup_20260726081142_11-15-H1-H2-101-102-39-73,60,73,0,14,M172/7,AA3041,0,48
2026-07-27T01:04:02.304Z,cloudflare_catchup,cloudflare_catchup_20260726081142_11-15-H1-H2-101-102-39-73,60,73,0,20,T559,AB6393,0,46
2026-07-27T01:05:03.259Z,cloudflare_catchup,cloudflare_catchup_20260726081142_11-15-H1-H2-101-102-39-73,60,73,0,8,T431,AA5945,0,35
2026-07-27T01:05:03.259Z,cloudflare_catchup,cloudflare_catchup_20260726081142_11-15-H1-H2-101-102-39-73,60,73,0,9,M172/16,AB6171,0,37
2026-07-27T01:05:03.259Z,cloudflare_catchup,cloudflare_catchup_20260726081142_11-15-H1-H2-101-102-39-73,60,73,0,9,M172/16,AB6613,0,49
2026-07-27T01:05:03.259Z,cloudflare_catchup,cloudflare_catchup_20260726081142_11-15-H1-H2-101-102-39-73,60,73,0,12,M219,AB6049,1,6
2026-07-27T01:05:03.259Z,cloudflare_catchup,cloudflare_catchup_20260726081142_11-15-H1-H2-101-102-39-73,60,73,0,13,M50,AB6136,0,36
2026-07-27T01:05:03.259Z,cloudflare_catchup,cloudflare_catchup_20260726081142_11-15-H1-H2-101-102-39-73,60,73,0,14,M172/7,AA3041,0,48
2026-07-27T01:05:03.259Z,cloudflare_catchup,cloudflare_catchup_20260726081142_11-15-H1-H2-101-102-39-73,60,73,0,22,T553,AB6393,0,45
2026-07-27T01:06:02.972Z,cloudflare_catchup,cloudflare_catchup_20260726081142_11-15-H1-H2-101-102-39-73,60,73,0,8,T431,AA5945,0,49
2026-07-27T01:06:02.972Z,cloudflare_catchup,cloudflare_catchup_20260726081142_11-15-H1-H2-101-102-39-73,60,73,0,9,M172/16,AB6171,0,25
2026-07-27T01:06:02.972Z,cloudflare_catchup,cloudflare_catchup_20260726081142_11-15-H1-H2-101-102-39-73,60,73,0,9,M172/16,AB6613,0,47
2026-07-27T01:06:02.972Z,cloudflare_catchup,cloudflare_catchup_20260726081142_11-15-H1-H2-101-102-39-73,60,73,0,12,M219,AB6049,1,6
2026-07-27T01:06:02.972Z,cloudflare_catchup,cloudflare_catchup_20260726081142_11-15-H1-H2-101-102-39-73,60,73,0,14,M172/7,AA3041,0,33
2026-07-27T01:06:02.972Z,cloudflare_catchup,cloudflare_catchup_20260726081142_11-15-H1-H2-101-102-39-73,60,73,0,14,M172/7,AB6136,1,4
2026-07-27T01:06:02.972Z,cloudflare_catchup,cloudflare_catchup_20260726081142_11-15-H1-H2-101-102-39-73,60,73,0,23,T554,AB6393,1,43
2026-07-27T01:07:01.757Z,cloudflare_catchup,cloudflare_catchup_20260726081142_11-15-H1-H2-101-102-39-73,60,73,0,0,T550/4,AA7619,0,17
2026-07-27T01:07:01.757Z,cloudflare_catchup,cloudflare_catchup_20260726081142_11-15-H1-H2-101-102-39-73,60,73,0,8,T431,AA5945,0,48
2026-07-27T01:07:01.757Z,cloudflare_catchup,cloudflare_catchup_20260726081142_11-15-H1-H2-101-102-39-73,60,73,0,9,M172/16,AB6171,0,28
2026-07-27T01:07:01.757Z,cloudflare_catchup,cloudflare_catchup_20260726081142_11-15-H1-H2-101-102-39-73,60,73,0,9,M172/16,AB6613,0,48
2026-07-27T01:07:01.757Z,cloudflare_catchup,cloudflare_catchup_20260726081142_11-15-H1-H2-101-102-39-73,60,73,0,12,M219,AB6049,1,14
2026-07-27T01:07:01.757Z,cloudflare_catchup,cloudflare_catchup_20260726081142_11-15-H1-H2-101-102-39-73,60,73,0,14,M172/7,AB6136,0,8
2026-07-27T01:07:01.757Z,cloudflare_catchup,cloudflare_catchup_20260726081142_11-15-H1-H2-101-102-39-73,60,73,0,15,T430,AA3041,1,5
2026-07-27T01:07:01.757Z,cloudflare_catchup,cloudflare_catchup_20260726081142_11-15-H1-H2-101-102-39-73,60,73,0,23,T554,AB6393,0,43
2026-07-27T01:08:02.494Z,cloudflare_catchup,cloudflare_catchup_20260726081142_11-15-H1-H2-101-102-39-73,60,73,0,1,T556,AA7619,0,38
2026-07-27T01:08:02.494Z,cloudflare_catchup,cloudflare_catchup_20260726081142_11-15-H1-H2-101-102-39-73,60,73,0,8,T431,AA5945,0,45
2026-07-27T01:08:02.494Z,cloudflare_catchup,cloudflare_catchup_20260726081142_11-15-H1-H2-101-102-39-73,60,73,0,9,M172/16,AB6171,0,15
2026-07-27T01:08:02.494Z,cloudflare_catchup,cloudflare_catchup_20260726081142_11-15-H1-H2-101-102-39-73,60,73,0,9,M172/16,AB6613,0,1
2026-07-27T01:08:02.494Z,cloudflare_catchup,cloudflare_catchup_20260726081142_11-15-H1-H2-101-102-39-73,60,73,0,12,M219,AB6049,0,18
2026-07-27T01:08:02.494Z,cloudflare_catchup,cloudflare_catchup_20260726081142_11-15-H1-H2-101-102-39-73,60,73,0,14,M172/7,AB6136,0,46
2026-07-27T01:08:02.494Z,cloudflare_catchup,cloudflare_catchup_20260726081142_11-15-H1-H2-101-102-39-73,60,73,0,15,T430,AA3041,0,37
2026-07-27T01:08:02.494Z,cloudflare_catchup,cloudflare_catchup_20260726081142_11-15-H1-H2-101-102-39-73,60,73,0,24,T555/2,AB6393,0,27
2026-07-27T01:09:01.833Z,cloudflare_catchup,cloudflare_catchup_20260726081142_11-15-H1-H2-101-102-39-73,60,73,0,1,T556,AA7619,0,48
2026-07-27T01:09:01.833Z,cloudflare_catchup,cloudflare_catchup_20260726081142_11-15-H1-H2-101-102-39-73,60,73,0,8,T431,AA5945,0,46
2026-07-27T01:09:01.833Z,cloudflare_catchup,cloudflare_catchup_20260726081142_11-15-H1-H2-101-102-39-73,60,73,0,9,M172/16,AB6613,0,48
2026-07-27T01:09:01.833Z,cloudflare_catchup,cloudflare_catchup_20260726081142_11-15-H1-H2-101-102-39-73,60,73,0,10,M247,AB6171,1,27
2026-07-27T01:09:01.833Z,cloudflare_catchup,cloudflare_catchup_20260726081142_11-15-H1-H2-101-102-39-73,60,73,0,12,M219,AB6049,0,15
2026-07-27T01:09:01.833Z,cloudflare_catchup,cloudflare_catchup_20260726081142_11-15-H1-H2-101-102-39-73,60,73,0,14,M172/7,AB6136,0,43
2026-07-27T01:09:01.833Z,cloudflare_catchup,cloudflare_catchup_20260726081142_11-15-H1-H2-101-102-39-73,60,73,0,16,T328,AA3041,1,41
2026-07-27T01:09:01.833Z,cloudflare_catchup,cloudflare_catchup_20260726081142_11-15-H1-H2-101-102-39-73,60,73,0,25,T550/4,AB6393,1,0
2026-07-27T01:10:02.530Z,cloudflare_catchup,cloudflare_catchup_20260726081142_11-15-H1-H2-101-102-39-73,60,73,0,3,T558,AA7619,1,36
2026-07-27T01:10:02.530Z,cloudflare_catchup,cloudflare_catchup_20260726081142_11-15-H1-H2-101-102-39-73,60,73,0,9,M172/16,AB6613,0,37
2026-07-27T01:10:02.530Z,cloudflare_catchup,cloudflare_catchup_20260726081142_11-15-H1-H2-101-102-39-73,60,73,0,9,M172/16,AA5945,1,4
2026-07-27T01:10:02.530Z,cloudflare_catchup,cloudflare_catchup_20260726081142_11-15-H1-H2-101-102-39-73,60,73,0,11,M231,AB6171,1,26
2026-07-27T01:10:02.530Z,cloudflare_catchup,cloudflare_catchup_20260726081142_11-15-H1-H2-101-102-39-73,60,73,0,12,M219,AB6049,0,15
2026-07-27T01:10:02.530Z,cloudflare_catchup,cloudflare_catchup_20260726081142_11-15-H1-H2-101-102-39-73,60,73,0,14,M172/7,AB6136,0,49
2026-07-27T01:10:02.530Z,cloudflare_catchup,cloudflare_catchup_20260726081142_11-15-H1-H2-101-102-39-73,60,73,0,16,T328,AA3041,0,40
2026-07-27T01:10:02.530Z,cloudflare_catchup,cloudflare_catchup_20260726081142_11-15-H1-H2-101-102-39-73,60,73,0,25,T550/4,AB6393,1,0
2026-07-27T01:11:01.769Z,cloudflare_catchup,cloudflare_catchup_20260726081142_11-15-H1-H2-101-102-39-73,60,73,0,3,T558,AA7619,0,40
2026-07-27T01:11:01.769Z,cloudflare_catchup,cloudflare_catchup_20260726081142_11-15-H1-H2-101-102-39-73,60,73,0,9,M172/16,AA5945,0,49
2026-07-27T01:11:01.769Z,cloudflare_catchup,cloudflare_catchup_20260726081142_11-15-H1-H2-101-102-39-73,60,73,0,10,M247,AB6613,0,20
2026-07-27T01:11:01.769Z,cloudflare_catchup,cloudflare_catchup_20260726081142_11-15-H1-H2-101-102-39-73,60,73,0,11,M231,AB6171,0,19
2026-07-27T01:11:01.769Z,cloudflare_catchup,cloudflare_catchup_20260726081142_11-15-H1-H2-101-102-39-73,60,73,0,13,M50,AB6049,1,1
2026-07-27T01:11:01.769Z,cloudflare_catchup,cloudflare_catchup_20260726081142_11-15-H1-H2-101-102-39-73,60,73,0,14,M172/7,AB6136,0,47
2026-07-27T01:11:01.769Z,cloudflare_catchup,cloudflare_catchup_20260726081142_11-15-H1-H2-101-102-39-73,60,73,0,17,T420,AA3041,1,45
2026-07-27T01:11:01.769Z,cloudflare_catchup,cloudflare_catchup_20260726081142_11-15-H1-H2-101-102-39-73,60,73,0,25,T550/4,AB6393,1,0
2026-07-27T01:12:02.461Z,cloudflare_catchup,cloudflare_catchup_20260726081142_11-15-H1-H2-101-102-39-73,60,73,0,4,T551/1,AA7619,0,32
2026-07-27T01:12:02.461Z,cloudflare_catchup,cloudflare_catchup_20260726081142_11-15-H1-H2-101-102-39-73,60,73,0,9,M172/16,AA5945,0,49
2026-07-27T01:12:02.461Z,cloudflare_catchup,cloudflare_catchup_20260726081142_11-15-H1-H2-101-102-39-73,60,73,0,11,M231,AB6613,0,19
2026-07-27T01:12:02.461Z,cloudflare_catchup,cloudflare_catchup_20260726081142_11-15-H1-H2-101-102-39-73,60,73,0,12,M219,AB6171,1,4
2026-07-27T01:12:02.461Z,cloudflare_catchup,cloudflare_catchup_20260726081142_11-15-H1-H2-101-102-39-73,60,73,0,13,M50,AB6049,1,2
2026-07-27T01:12:02.461Z,cloudflare_catchup,cloudflare_catchup_20260726081142_11-15-H1-H2-101-102-39-73,60,73,0,14,M172/7,AB6136,0,48
2026-07-27T01:12:02.461Z,cloudflare_catchup,cloudflare_catchup_20260726081142_11-15-H1-H2-101-102-39-73,60,73,0,17,T420,AA3041,0,47
2026-07-27T01:12:02.461Z,cloudflare_catchup,cloudflare_catchup_20260726081142_11-15-H1-H2-101-102-39-73,60,73,0,25,T550/4,AB6393,1,0
2026-07-27T01:13:02.027Z,cloudflare_catchup,cloudflare_catchup_20260726081142_11-15-H1-H2-101-102-39-73,60,73,0,4,T551/1,AA7619,0,44
2026-07-27T01:13:02.027Z,cloudflare_catchup,cloudflare_catchup_20260726081142_11-15-H1-H2-101-102-39-73,60,73,0,9,M172/16,AA5945,0,39
2026-07-27T01:13:02.027Z,cloudflare_catchup,cloudflare_catchup_20260726081142_11-15-H1-H2-101-102-39-73,60,73,0,11,M231,AB6613,0,30
2026-07-27T01:13:02.027Z,cloudflare_catchup,cloudflare_catchup_20260726081142_11-15-H1-H2-101-102-39-73,60,73,0,12,M219,AB6171,1,9
2026-07-27T01:13:02.027Z,cloudflare_catchup,cloudflare_catchup_20260726081142_11-15-H1-H2-101-102-39-73,60,73,0,13,M50,AB6049,1,8
2026-07-27T01:13:02.027Z,cloudflare_catchup,cloudflare_catchup_20260726081142_11-15-H1-H2-101-102-39-73,60,73,0,15,T430,AB6136,0,41
2026-07-27T01:13:02.027Z,cloudflare_catchup,cloudflare_catchup_20260726081142_11-15-H1-H2-101-102-39-73,60,73,0,19,T424,AA3041,1,41
2026-07-27T01:13:02.027Z,cloudflare_catchup,cloudflare_catchup_20260726081142_11-15-H1-H2-101-102-39-73,60,73,0,25,T550/4,AB6393,1,0
2026-07-27T01:14:02.375Z,cloudflare_catchup,cloudflare_catchup_20260726081142_11-15-H1-H2-101-102-39-73,60,73,0,4,T551/1,AA7619,0,44
2026-07-27T01:14:02.375Z,cloudflare_catchup,cloudflare_catchup_20260726081142_11-15-H1-H2-101-102-39-73,60,73,0,9,M172/16,AA5945,0,21
2026-07-27T01:14:02.375Z,cloudflare_catchup,cloudflare_catchup_20260726081142_11-15-H1-H2-101-102-39-73,60,73,0,11,M231,AB6613,0,11
2026-07-27T01:14:02.375Z,cloudflare_catchup,cloudflare_catchup_20260726081142_11-15-H1-H2-101-102-39-73,60,73,0,12,M219,AB6171,1,9
2026-07-27T01:14:02.375Z,cloudflare_catchup,cloudflare_catchup_20260726081142_11-15-H1-H2-101-102-39-73,60,73,0,13,M50,AB6049,0,17
2026-07-27T01:14:02.375Z,cloudflare_catchup,cloudflare_catchup_20260726081142_11-15-H1-H2-101-102-39-73,60,73,0,16,T328,AB6136,1,39
2026-07-27T01:14:02.375Z,cloudflare_catchup,cloudflare_catchup_20260726081142_11-15-H1-H2-101-102-39-73,60,73,0,19,T424,AA3041,0,39
2026-07-27T01:15:03.153Z,cloudflare_catchup,cloudflare_catchup_20260726081142_11-15-H1-H2-101-102-39-73,60,73,0,5,T425,AA7619,0,41
2026-07-27T01:15:03.153Z,cloudflare_catchup,cloudflare_catchup_20260726081142_11-15-H1-H2-101-102-39-73,60,73,0,9,M172/16,AA5945,0,48
2026-07-27T01:15:03.153Z,cloudflare_catchup,cloudflare_catchup_20260726081142_11-15-H1-H2-101-102-39-73,60,73,0,12,M219,AB6613,1,5
2026-07-27T01:15:03.153Z,cloudflare_catchup,cloudflare_catchup_20260726081142_11-15-H1-H2-101-102-39-73,60,73,0,12,M219,AB6171,0,8
2026-07-27T01:15:03.153Z,cloudflare_catchup,cloudflare_catchup_20260726081142_11-15-H1-H2-101-102-39-73,60,73,0,13,M50,AB6049,0,47
2026-07-27T01:15:03.153Z,cloudflare_catchup,cloudflare_catchup_20260726081142_11-15-H1-H2-101-102-39-73,60,73,0,16,T328,AB6136,0,35
2026-07-27T01:15:03.153Z,cloudflare_catchup,cloudflare_catchup_20260726081142_11-15-H1-H2-101-102-39-73,60,73,0,19,T424,AA3041,0,49
2026-07-27T01:16:02.477Z,cloudflare_catchup,cloudflare_catchup_20260726081142_11-15-H1-H2-101-102-39-73,60,73,0,6,T423,AA7619,1,30
2026-07-27T01:16:02.477Z,cloudflare_catchup,cloudflare_catchup_20260726081142_11-15-H1-H2-101-102-39-73,60,73,0,9,M172/16,AA5945,0,26
2026-07-27T01:16:02.477Z,cloudflare_catchup,cloudflare_catchup_20260726081142_11-15-H1-H2-101-102-39-73,60,73,0,12,M219,AB6613,1,1
2026-07-27T01:16:02.477Z,cloudflare_catchup,cloudflare_catchup_20260726081142_11-15-H1-H2-101-102-39-73,60,73,0,12,M219,AB6171,0,8
2026-07-27T01:16:02.477Z,cloudflare_catchup,cloudflare_catchup_20260726081142_11-15-H1-H2-101-102-39-73,60,73,0,13,M50,AB6049,0,32
2026-07-27T01:16:02.477Z,cloudflare_catchup,cloudflare_catchup_20260726081142_11-15-H1-H2-101-102-39-73,60,73,0,16,T328,AB6136,0,25
2026-07-27T01:16:02.477Z,cloudflare_catchup,cloudflare_catchup_20260726081142_11-15-H1-H2-101-102-39-73,60,73,0,19,T424,AA3041,0,49
2026-07-27T01:17:01.729Z,cloudflare_catchup,cloudflare_catchup_20260726081142_11-15-H1-H2-101-102-39-73,60,73,0,0,T550/4,AB6393,0,27
2026-07-27T01:17:01.729Z,cloudflare_catchup,cloudflare_catchup_20260726081142_11-15-H1-H2-101-102-39-73,60,73,0,7,T421,AA7619,1,32
2026-07-27T01:17:01.729Z,cloudflare_catchup,cloudflare_catchup_20260726081142_11-15-H1-H2-101-102-39-73,60,73,0,9,M172/16,AA5945,0,50
2026-07-27T01:17:01.729Z,cloudflare_catchup,cloudflare_catchup_20260726081142_11-15-H1-H2-101-102-39-73,60,73,0,12,M219,AB6613,0,25
2026-07-27T01:17:01.729Z,cloudflare_catchup,cloudflare_catchup_20260726081142_11-15-H1-H2-101-102-39-73,60,73,0,13,M50,AB6049,0,33
2026-07-27T01:17:01.729Z,cloudflare_catchup,cloudflare_catchup_20260726081142_11-15-H1-H2-101-102-39-73,60,73,0,13,M50,AB6171,1,3
2026-07-27T01:17:01.729Z,cloudflare_catchup,cloudflare_catchup_20260726081142_11-15-H1-H2-101-102-39-73,60,73,0,17,T420,AB6136,1,1
2026-07-27T01:17:01.729Z,cloudflare_catchup,cloudflare_catchup_20260726081142_11-15-H1-H2-101-102-39-73,60,73,0,20,T559,AA3041,1,25
2026-07-27T01:18:02.356Z,cloudflare_catchup,cloudflare_catchup_20260726081142_11-15-H1-H2-101-102-39-73,60,73,0,1,T556,AB6393,0,16
2026-07-27T01:18:02.356Z,cloudflare_catchup,cloudflare_catchup_20260726081142_11-15-H1-H2-101-102-39-73,60,73,0,7,T421,AA7619,0,42
2026-07-27T01:18:02.356Z,cloudflare_catchup,cloudflare_catchup_20260726081142_11-15-H1-H2-101-102-39-73,60,73,0,9,M172/16,AA5945,0,26
2026-07-27T01:18:02.356Z,cloudflare_catchup,cloudflare_catchup_20260726081142_11-15-H1-H2-101-102-39-73,60,73,0,12,M219,AB6613,0,5
2026-07-27T01:18:02.356Z,cloudflare_catchup,cloudflare_catchup_20260726081142_11-15-H1-H2-101-102-39-73,60,73,0,13,M50,AB6049,0,32
2026-07-27T01:18:02.356Z,cloudflare_catchup,cloudflare_catchup_20260726081142_11-15-H1-H2-101-102-39-73,60,73,0,13,M50,AB6171,1,13
2026-07-27T01:18:02.356Z,cloudflare_catchup,cloudflare_catchup_20260726081142_11-15-H1-H2-101-102-39-73,60,73,0,18,T422,AB6136,0,40
2026-07-27T01:18:02.356Z,cloudflare_catchup,cloudflare_catchup_20260726081142_11-15-H1-H2-101-102-39-73,60,73,0,20,T559,AA3041,0,48
2026-07-27T01:19:01.746Z,cloudflare_catchup,cloudflare_catchup_20260726081142_11-15-H1-H2-101-102-39-73,60,73,0,1,T556,AB6393,0,50
2026-07-27T01:19:01.746Z,cloudflare_catchup,cloudflare_catchup_20260726081142_11-15-H1-H2-101-102-39-73,60,73,0,7,T421,AA7619,0,43
2026-07-27T01:19:01.746Z,cloudflare_catchup,cloudflare_catchup_20260726081142_11-15-H1-H2-101-102-39-73,60,73,0,9,M172/16,AA5945,0,37
2026-07-27T01:19:01.746Z,cloudflare_catchup,cloudflare_catchup_20260726081142_11-15-H1-H2-101-102-39-73,60,73,0,13,M50,AB6049,0,32
2026-07-27T01:19:01.746Z,cloudflare_catchup,cloudflare_catchup_20260726081142_11-15-H1-H2-101-102-39-73,60,73,0,13,M50,AB6171,0,19
2026-07-27T01:19:01.746Z,cloudflare_catchup,cloudflare_catchup_20260726081142_11-15-H1-H2-101-102-39-73,60,73,0,13,M50,AB6613,1,5
2026-07-27T01:19:01.746Z,cloudflare_catchup,cloudflare_catchup_20260726081142_11-15-H1-H2-101-102-39-73,60,73,0,19,T424,AB6136,1,10
2026-07-27T01:19:01.746Z,cloudflare_catchup,cloudflare_catchup_20260726081142_11-15-H1-H2-101-102-39-73,60,73,0,22,T553,AA3041,1,47
2026-07-27T01:20:02.323Z,cloudflare_catchup,cloudflare_catchup_20260726081142_11-15-H1-H2-101-102-39-73,60,73,0,2,T557,AB6393,0,48
2026-07-27T01:20:02.323Z,cloudflare_catchup,cloudflare_catchup_20260726081142_11-15-H1-H2-101-102-39-73,60,73,0,7,T421,AA7619,0,38
2026-07-27T01:20:02.323Z,cloudflare_catchup,cloudflare_catchup_20260726081142_11-15-H1-H2-101-102-39-73,60,73,0,10,M247,AA5945,1,2
2026-07-27T01:20:02.323Z,cloudflare_catchup,cloudflare_catchup_20260726081142_11-15-H1-H2-101-102-39-73,60,73,0,13,M50,AB6049,0,37
2026-07-27T01:20:02.323Z,cloudflare_catchup,cloudflare_catchup_20260726081142_11-15-H1-H2-101-102-39-73,60,73,0,13,M50,AB6171,0,40
2026-07-27T01:20:02.323Z,cloudflare_catchup,cloudflare_catchup_20260726081142_11-15-H1-H2-101-102-39-73,60,73,0,13,M50,AB6613,1,2
2026-07-27T01:20:02.323Z,cloudflare_catchup,cloudflare_catchup_20260726081142_11-15-H1-H2-101-102-39-73,60,73,0,19,T424,AB6136,0,42
2026-07-27T01:20:02.323Z,cloudflare_catchup,cloudflare_catchup_20260726081142_11-15-H1-H2-101-102-39-73,60,73,0,23,T554,AA3041,0,12
2026-07-27T01:21:02.085Z,cloudflare_catchup,cloudflare_catchup_20260726081142_11-15-H1-H2-101-102-39-73,60,73,0,3,T558,AB6393,0,48
2026-07-27T01:21:02.085Z,cloudflare_catchup,cloudflare_catchup_20260726081142_11-15-H1-H2-101-102-39-73,60,73,0,8,T431,AA7619,0,45
2026-07-27T01:21:02.085Z,cloudflare_catchup,cloudflare_catchup_20260726081142_11-15-H1-H2-101-102-39-73,60,73,0,11,M231,AA5945,0,6
2026-07-27T01:21:02.085Z,cloudflare_catchup,cloudflare_catchup_20260726081142_11-15-H1-H2-101-102-39-73,60,73,0,13,M50,AB6049,0,23
2026-07-27T01:21:02.085Z,cloudflare_catchup,cloudflare_catchup_20260726081142_11-15-H1-H2-101-102-39-73,60,73,0,13,M50,AB6171,0,37
2026-07-27T01:21:02.085Z,cloudflare_catchup,cloudflare_catchup_20260726081142_11-15-H1-H2-101-102-39-73,60,73,0,13,M50,AB6613,0,35
2026-07-27T01:21:02.085Z,cloudflare_catchup,cloudflare_catchup_20260726081142_11-15-H1-H2-101-102-39-73,60,73,0,19,T424,AB6136,0,44
2026-07-27T01:21:02.085Z,cloudflare_catchup,cloudflare_catchup_20260726081142_11-15-H1-H2-101-102-39-73,60,73,0,24,T555/2,AA3041,1,40
2026-07-27T01:22:02.596Z,cloudflare_catchup,cloudflare_catchup_20260726081142_11-15-H1-H2-101-102-39-73,60,73,0,4,T551/1,AB6393,1,32
2026-07-27T01:22:02.596Z,cloudflare_catchup,cloudflare_catchup_20260726081142_11-15-H1-H2-101-102-39-73,60,73,0,8,T431,AA7619,0,45
2026-07-27T01:22:02.596Z,cloudflare_catchup,cloudflare_catchup_20260726081142_11-15-H1-H2-101-102-39-73,60,73,0,11,M231,AA5945,0,6
2026-07-27T01:22:02.596Z,cloudflare_catchup,cloudflare_catchup_20260726081142_11-15-H1-H2-101-102-39-73,60,73,0,13,M50,AB6171,0,45
2026-07-27T01:22:02.596Z,cloudflare_catchup,cloudflare_catchup_20260726081142_11-15-H1-H2-101-102-39-73,60,73,0,13,M50,AB6613,0,37
2026-07-27T01:22:02.596Z,cloudflare_catchup,cloudflare_catchup_20260726081142_11-15-H1-H2-101-102-39-73,60,73,0,14,M172/7,AB6049,1,3
2026-07-27T01:22:02.596Z,cloudflare_catchup,cloudflare_catchup_20260726081142_11-15-H1-H2-101-102-39-73,60,73,0,19,T424,AB6136,0,44
2026-07-27T01:22:02.596Z,cloudflare_catchup,cloudflare_catchup_20260726081142_11-15-H1-H2-101-102-39-73,60,73,0,24,T555/2,AA3041,0,50
2026-07-27T01:23:01.718Z,cloudflare_catchup,cloudflare_catchup_20260726081142_11-15-H1-H2-101-102-39-73,60,73,0,4,T551/1,AB6393,0,47
2026-07-27T01:23:01.718Z,cloudflare_catchup,cloudflare_catchup_20260726081142_11-15-H1-H2-101-102-39-73,60,73,0,8,T431,AA7619,0,48
2026-07-27T01:23:01.718Z,cloudflare_catchup,cloudflare_catchup_20260726081142_11-15-H1-H2-101-102-39-73,60,73,0,12,M219,AA5945,1,15
2026-07-27T01:23:01.718Z,cloudflare_catchup,cloudflare_catchup_20260726081142_11-15-H1-H2-101-102-39-73,60,73,0,13,M50,AB6171,0,33
2026-07-27T01:23:01.718Z,cloudflare_catchup,cloudflare_catchup_20260726081142_11-15-H1-H2-101-102-39-73,60,73,0,13,M50,AB6613,0,48
2026-07-27T01:23:01.718Z,cloudflare_catchup,cloudflare_catchup_20260726081142_11-15-H1-H2-101-102-39-73,60,73,0,14,M172/7,AB6049,1,8
2026-07-27T01:23:01.718Z,cloudflare_catchup,cloudflare_catchup_20260726081142_11-15-H1-H2-101-102-39-73,60,73,0,20,T559,AB6136,1,47
2026-07-27T01:23:01.718Z,cloudflare_catchup,cloudflare_catchup_20260726081142_11-15-H1-H2-101-102-39-73,60,73,0,25,T550/4,AA3041,1,0
2026-07-27T01:24:02.263Z,cloudflare_catchup,cloudflare_catchup_20260726081142_11-15-H1-H2-101-102-39-73,60,73,0,4,T551/1,AB6393,0,49
2026-07-27T01:24:02.263Z,cloudflare_catchup,cloudflare_catchup_20260726081142_11-15-H1-H2-101-102-39-73,60,73,0,8,T431,AA7619,0,44
2026-07-27T01:24:02.263Z,cloudflare_catchup,cloudflare_catchup_20260726081142_11-15-H1-H2-101-102-39-73,60,73,0,12,M219,AA5945,0,5
2026-07-27T01:24:02.263Z,cloudflare_catchup,cloudflare_catchup_20260726081142_11-15-H1-H2-101-102-39-73,60,73,0,13,M50,AB6171,0,4
2026-07-27T01:24:02.263Z,cloudflare_catchup,cloudflare_catchup_20260726081142_11-15-H1-H2-101-102-39-73,60,73,0,13,M50,AB6613,0,44
2026-07-27T01:24:02.263Z,cloudflare_catchup,cloudflare_catchup_20260726081142_11-15-H1-H2-101-102-39-73,60,73,0,14,M172/7,AB6049,0,7
2026-07-27T01:24:02.263Z,cloudflare_catchup,cloudflare_catchup_20260726081142_11-15-H1-H2-101-102-39-73,60,73,0,20,T559,AB6136,0,36
2026-07-27T01:24:02.263Z,cloudflare_catchup,cloudflare_catchup_20260726081142_11-15-H1-H2-101-102-39-73,60,73,0,25,T550/4,AA3041,1,0
2026-07-27T01:25:02.814Z,cloudflare_catchup,cloudflare_catchup_20260726081142_11-15-H1-H2-101-102-39-73,60,73,0,4,T551/1,AB6393,0,45
2026-07-27T01:25:02.814Z,cloudflare_catchup,cloudflare_catchup_20260726081142_11-15-H1-H2-101-102-39-73,60,73,0,8,T431,AA7619,0,42
2026-07-27T01:25:02.814Z,cloudflare_catchup,cloudflare_catchup_20260726081142_11-15-H1-H2-101-102-39-73,60,73,0,12,M219,AA5945,0,14
2026-07-27T01:25:02.814Z,cloudflare_catchup,cloudflare_catchup_20260726081142_11-15-H1-H2-101-102-39-73,60,73,0,13,M50,AB6171,0,38
2026-07-27T01:25:02.814Z,cloudflare_catchup,cloudflare_catchup_20260726081142_11-15-H1-H2-101-102-39-73,60,73,0,13,M50,AB6613,0,38
2026-07-27T01:25:02.814Z,cloudflare_catchup,cloudflare_catchup_20260726081142_11-15-H1-H2-101-102-39-73,60,73,0,14,M172/7,AB6049,0,43
2026-07-27T01:25:02.814Z,cloudflare_catchup,cloudflare_catchup_20260726081142_11-15-H1-H2-101-102-39-73,60,73,0,22,T553,AB6136,1,41
2026-07-27T01:25:02.814Z,cloudflare_catchup,cloudflare_catchup_20260726081142_11-15-H1-H2-101-102-39-73,60,73,0,25,T550/4,AA3041,1,0
2026-07-27T01:26:02.223Z,cloudflare_catchup,cloudflare_catchup_20260726081142_11-15-H1-H2-101-102-39-73,60,73,0,5,T425,AB6393,0,45
2026-07-27T01:26:02.223Z,cloudflare_catchup,cloudflare_catchup_20260726081142_11-15-H1-H2-101-102-39-73,60,73,0,9,M172/16,AA7619,1,30
2026-07-27T01:26:02.223Z,cloudflare_catchup,cloudflare_catchup_20260726081142_11-15-H1-H2-101-102-39-73,60,73,0,12,M219,AA5945,0,14
2026-07-27T01:26:02.223Z,cloudflare_catchup,cloudflare_catchup_20260726081142_11-15-H1-H2-101-102-39-73,60,73,0,13,M50,AB6613,0,37
2026-07-27T01:26:02.223Z,cloudflare_catchup,cloudflare_catchup_20260726081142_11-15-H1-H2-101-102-39-73,60,73,0,14,M172/7,AB6049,0,48
2026-07-27T01:26:02.223Z,cloudflare_catchup,cloudflare_catchup_20260726081142_11-15-H1-H2-101-102-39-73,60,73,0,14,M172/7,AB6171,1,5
2026-07-27T01:26:02.223Z,cloudflare_catchup,cloudflare_catchup_20260726081142_11-15-H1-H2-101-102-39-73,60,73,0,23,T554,AB6136,1,2
2026-07-27T01:26:02.223Z,cloudflare_catchup,cloudflare_catchup_20260726081142_11-15-H1-H2-101-102-39-73,60,73,0,25,T550/4,AA3041,1,0
2026-07-27T01:27:02.392Z,cloudflare_catchup,cloudflare_catchup_20260726081142_11-15-H1-H2-101-102-39-73,60,73,0,6,T423,AB6393,0,48
2026-07-27T01:27:02.392Z,cloudflare_catchup,cloudflare_catchup_20260726081142_11-15-H1-H2-101-102-39-73,60,73,0,9,M172/16,AA7619,0,16
2026-07-27T01:27:02.392Z,cloudflare_catchup,cloudflare_catchup_20260726081142_11-15-H1-H2-101-102-39-73,60,73,0,13,M50,AB6613,0,9
2026-07-27T01:27:02.392Z,cloudflare_catchup,cloudflare_catchup_20260726081142_11-15-H1-H2-101-102-39-73,60,73,0,13,M50,AA5945,0,35
2026-07-27T01:27:02.392Z,cloudflare_catchup,cloudflare_catchup_20260726081142_11-15-H1-H2-101-102-39-73,60,73,0,14,M172/7,AB6049,0,48
2026-07-27T01:27:02.392Z,cloudflare_catchup,cloudflare_catchup_20260726081142_11-15-H1-H2-101-102-39-73,60,73,0,14,M172/7,AB6171,0,13
2026-07-27T01:27:02.392Z,cloudflare_catchup,cloudflare_catchup_20260726081142_11-15-H1-H2-101-102-39-73,60,73,0,23,T554,AB6136,0,39
2026-07-27T01:27:02.392Z,cloudflare_catchup,cloudflare_catchup_20260726081142_11-15-H1-H2-101-102-39-73,60,73,0,25,T550/4,AA3041,1,0
2026-07-27T01:28:02.425Z,cloudflare_catchup,cloudflare_catchup_20260726081142_11-15-H1-H2-101-102-39-73,60,73,0,2,T557,AA3041,0,34
2026-07-27T01:28:02.425Z,cloudflare_catchup,cloudflare_catchup_20260726081142_11-15-H1-H2-101-102-39-73,60,73,0,7,T421,AB6393,0,40
2026-07-27T01:28:02.425Z,cloudflare_catchup,cloudflare_catchup_20260726081142_11-15-H1-H2-101-102-39-73,60,73,0,9,M172/16,AA7619,0,31
2026-07-27T01:28:02.425Z,cloudflare_catchup,cloudflare_catchup_20260726081142_11-15-H1-H2-101-102-39-73,60,73,0,13,M50,AA5945,0,48
2026-07-27T01:28:02.425Z,cloudflare_catchup,cloudflare_catchup_20260726081142_11-15-H1-H2-101-102-39-73,60,73,0,14,M172/7,AB6049,0,6
2026-07-27T01:28:02.425Z,cloudflare_catchup,cloudflare_catchup_20260726081142_11-15-H1-H2-101-102-39-73,60,73,0,14,M172/7,AB6171,0,48
2026-07-27T01:28:02.425Z,cloudflare_catchup,cloudflare_catchup_20260726081142_11-15-H1-H2-101-102-39-73,60,73,0,14,M172/7,AB6613,1,3
2026-07-27T01:28:02.425Z,cloudflare_catchup,cloudflare_catchup_20260726081142_11-15-H1-H2-101-102-39-73,60,73,0,24,T555/2,AB6136,0,2
2026-07-27T01:29:01.711Z,cloudflare_catchup,cloudflare_catchup_20260726081142_11-15-H1-H2-101-102-39-73,60,73,0,3,T558,AA3041,0,48
2026-07-27T01:29:01.711Z,cloudflare_catchup,cloudflare_catchup_20260726081142_11-15-H1-H2-101-102-39-73,60,73,0,7,T421,AB6393,0,48
2026-07-27T01:29:01.711Z,cloudflare_catchup,cloudflare_catchup_20260726081142_11-15-H1-H2-101-102-39-73,60,73,0,9,M172/16,AA7619,0,32
2026-07-27T01:29:01.711Z,cloudflare_catchup,cloudflare_catchup_20260726081142_11-15-H1-H2-101-102-39-73,60,73,0,13,M50,AA5945,0,45
2026-07-27T01:29:01.711Z,cloudflare_catchup,cloudflare_catchup_20260726081142_11-15-H1-H2-101-102-39-73,60,73,0,14,M172/7,AB6171,0,44
2026-07-27T01:29:01.711Z,cloudflare_catchup,cloudflare_catchup_20260726081142_11-15-H1-H2-101-102-39-73,60,73,0,14,M172/7,AB6613,0,5
2026-07-27T01:29:01.711Z,cloudflare_catchup,cloudflare_catchup_20260726081142_11-15-H1-H2-101-102-39-73,60,73,0,15,T430,AB6049,1,33
2026-07-27T01:29:01.711Z,cloudflare_catchup,cloudflare_catchup_20260726081142_11-15-H1-H2-101-102-39-73,60,73,0,25,T550/4,AB6136,1,0
2026-07-27T01:30:02.384Z,cloudflare_catchup,cloudflare_catchup_20260726081142_11-15-H1-H2-101-102-39-73,60,73,0,4,T551/1,AA3041,1,45
2026-07-27T01:30:02.384Z,cloudflare_catchup,cloudflare_catchup_20260726081142_11-15-H1-H2-101-102-39-73,60,73,0,7,T421,AB6393,0,48
2026-07-27T01:30:02.384Z,cloudflare_catchup,cloudflare_catchup_20260726081142_11-15-H1-H2-101-102-39-73,60,73,0,9,M172/16,AA7619,0,47
2026-07-27T01:30:02.384Z,cloudflare_catchup,cloudflare_catchup_20260726081142_11-15-H1-H2-101-102-39-73,60,73,0,13,M50,AA5945,0,47
2026-07-27T01:30:02.384Z,cloudflare_catchup,cloudflare_catchup_20260726081142_11-15-H1-H2-101-102-39-73,60,73,0,14,M172/7,AB6171,0,48
2026-07-27T01:30:02.384Z,cloudflare_catchup,cloudflare_catchup_20260726081142_11-15-H1-H2-101-102-39-73,60,73,0,14,M172/7,AB6613,0,34
2026-07-27T01:30:02.384Z,cloudflare_catchup,cloudflare_catchup_20260726081142_11-15-H1-H2-101-102-39-73,60,73,0,15,T430,AB6049,0,47
2026-07-27T01:30:02.384Z,cloudflare_catchup,cloudflare_catchup_20260726081142_11-15-H1-H2-101-102-39-73,60,73,0,25,T550/4,AB6136,1,0
2026-07-27T01:31:02.281Z,cloudflare_catchup,cloudflare_catchup_20260726081142_11-15-H1-H2-101-102-39-73,60,73,0,4,T551/1,AA3041,0,43
2026-07-27T01:31:02.281Z,cloudflare_catchup,cloudflare_catchup_20260726081142_11-15-H1-H2-101-102-39-73,60,73,0,8,T431,AB6393,1,6
2026-07-27T01:31:02.281Z,cloudflare_catchup,cloudflare_catchup_20260726081142_11-15-H1-H2-101-102-39-73,60,73,0,9,M172/16,AA7619,0,33
2026-07-27T01:31:02.281Z,cloudflare_catchup,cloudflare_catchup_20260726081142_11-15-H1-H2-101-102-39-73,60,73,0,13,M50,AA5945,0,32
2026-07-27T01:31:02.281Z,cloudflare_catchup,cloudflare_catchup_20260726081142_11-15-H1-H2-101-102-39-73,60,73,0,14,M172/7,AB6171,0,47
2026-07-27T01:31:02.281Z,cloudflare_catchup,cloudflare_catchup_20260726081142_11-15-H1-H2-101-102-39-73,60,73,0,14,M172/7,AB6613,0,44
2026-07-27T01:31:02.281Z,cloudflare_catchup,cloudflare_catchup_20260726081142_11-15-H1-H2-101-102-39-73,60,73,0,16,T328,AB6049,1,17
2026-07-27T01:31:02.281Z,cloudflare_catchup,cloudflare_catchup_20260726081142_11-15-H1-H2-101-102-39-73,60,73,0,25,T550/4,AB6136,1,0
2026-07-27T01:32:02.337Z,cloudflare_catchup,cloudflare_catchup_20260726081142_11-15-H1-H2-101-102-39-73,60,73,0,4,T551/1,AA3041,0,31
2026-07-27T01:32:02.337Z,cloudflare_catchup,cloudflare_catchup_20260726081142_11-15-H1-H2-101-102-39-73,60,73,0,8,T431,AB6393,0,48
2026-07-27T01:32:02.337Z,cloudflare_catchup,cloudflare_catchup_20260726081142_11-15-H1-H2-101-102-39-73,60,73,0,9,M172/16,AA7619,0,37
2026-07-27T01:32:02.337Z,cloudflare_catchup,cloudflare_catchup_20260726081142_11-15-H1-H2-101-102-39-73,60,73,0,13,M50,AA5945,0,37
2026-07-27T01:32:02.337Z,cloudflare_catchup,cloudflare_catchup_20260726081142_11-15-H1-H2-101-102-39-73,60,73,0,14,M172/7,AB6171,0,30
2026-07-27T01:32:02.337Z,cloudflare_catchup,cloudflare_catchup_20260726081142_11-15-H1-H2-101-102-39-73,60,73,0,14,M172/7,AB6613,0,49
2026-07-27T01:32:02.337Z,cloudflare_catchup,cloudflare_catchup_20260726081142_11-15-H1-H2-101-102-39-73,60,73,0,16,T328,AB6049,0,13
2026-07-27T01:32:02.337Z,cloudflare_catchup,cloudflare_catchup_20260726081142_11-15-H1-H2-101-102-39-73,60,73,0,25,T550/4,AB6136,1,0
2026-07-27T01:33:01.883Z,cloudflare_catchup,cloudflare_catchup_20260726081142_11-15-H1-H2-101-102-39-73,60,73,0,4,T551/1,AA3041,0,42
2026-07-27T01:33:01.883Z,cloudflare_catchup,cloudflare_catchup_20260726081142_11-15-H1-H2-101-102-39-73,60,73,0,8,T431,AB6393,0,45
2026-07-27T01:33:01.883Z,cloudflare_catchup,cloudflare_catchup_20260726081142_11-15-H1-H2-101-102-39-73,60,73,0,9,M172/16,AA7619,0,44
2026-07-27T01:33:01.883Z,cloudflare_catchup,cloudflare_catchup_20260726081142_11-15-H1-H2-101-102-39-73,60,73,0,14,M172/7,AB6613,0,48
2026-07-27T01:33:01.883Z,cloudflare_catchup,cloudflare_catchup_20260726081142_11-15-H1-H2-101-102-39-73,60,73,0,14,M172/7,AA5945,0,36
2026-07-27T01:33:01.883Z,cloudflare_catchup,cloudflare_catchup_20260726081142_11-15-H1-H2-101-102-39-73,60,73,0,15,T430,AB6171,0,42
2026-07-27T01:33:01.883Z,cloudflare_catchup,cloudflare_catchup_20260726081142_11-15-H1-H2-101-102-39-73,60,73,0,16,T328,AB6049,0,32
2026-07-27T01:33:01.883Z,cloudflare_catchup,cloudflare_catchup_20260726081142_11-15-H1-H2-101-102-39-73,60,73,0,25,T550/4,AB6136,1,0
2026-07-27T01:34:02.452Z,cloudflare_catchup,cloudflare_catchup_20260726081142_11-15-H1-H2-101-102-39-73,60,73,0,0,T550/4,AA2654,1,15
2026-07-27T01:34:02.452Z,cloudflare_catchup,cloudflare_catchup_20260726081142_11-15-H1-H2-101-102-39-73,60,73,0,6,T423,AA3041,1,35
2026-07-27T01:34:02.452Z,cloudflare_catchup,cloudflare_catchup_20260726081142_11-15-H1-H2-101-102-39-73,60,73,0,8,T431,AB6393,0,44
2026-07-27T01:34:02.452Z,cloudflare_catchup,cloudflare_catchup_20260726081142_11-15-H1-H2-101-102-39-73,60,73,0,9,M172/16,AA7619,0,36
2026-07-27T01:34:02.452Z,cloudflare_catchup,cloudflare_catchup_20260726081142_11-15-H1-H2-101-102-39-73,60,73,0,14,M172/7,AB6613,0,45
2026-07-27T01:34:02.452Z,cloudflare_catchup,cloudflare_catchup_20260726081142_11-15-H1-H2-101-102-39-73,60,73,0,14,M172/7,AA5945,0,2
2026-07-27T01:34:02.452Z,cloudflare_catchup,cloudflare_catchup_20260726081142_11-15-H1-H2-101-102-39-73,60,73,0,15,T430,AB6171,0,25
2026-07-27T01:34:02.452Z,cloudflare_catchup,cloudflare_catchup_20260726081142_11-15-H1-H2-101-102-39-73,60,73,0,17,T420,AB6049,1,31
2026-07-27T01:35:03.398Z,cloudflare_catchup,cloudflare_catchup_20260726081142_11-15-H1-H2-101-102-39-73,60,73,0,1,T556,AA2654,1,44
2026-07-27T01:35:03.398Z,cloudflare_catchup,cloudflare_catchup_20260726081142_11-15-H1-H2-101-102-39-73,60,73,0,7,T421,AA3041,1,18
2026-07-27T01:35:03.398Z,cloudflare_catchup,cloudflare_catchup_20260726081142_11-15-H1-H2-101-102-39-73,60,73,0,8,T431,AB6393,0,46
2026-07-27T01:35:03.398Z,cloudflare_catchup,cloudflare_catchup_20260726081142_11-15-H1-H2-101-102-39-73,60,73,0,10,M247,AA7619,1,5
2026-07-27T01:35:03.398Z,cloudflare_catchup,cloudflare_catchup_20260726081142_11-15-H1-H2-101-102-39-73,60,73,0,14,M172/7,AA5945,0,47
2026-07-27T01:35:03.398Z,cloudflare_catchup,cloudflare_catchup_20260726081142_11-15-H1-H2-101-102-39-73,60,73,0,15,T430,AB6613,0,25
2026-07-27T01:35:03.398Z,cloudflare_catchup,cloudflare_catchup_20260726081142_11-15-H1-H2-101-102-39-73,60,73,0,16,T328,AB6171,0,47
2026-07-27T01:35:03.398Z,cloudflare_catchup,cloudflare_catchup_20260726081142_11-15-H1-H2-101-102-39-73,60,73,0,17,T420,AB6049,0,47
2026-07-27T01:36:02.461Z,cloudflare_catchup,cloudflare_catchup_20260726081142_11-15-H1-H2-101-102-39-73,60,73,0,1,T556,AA2654,0,28
2026-07-27T01:36:02.461Z,cloudflare_catchup,cloudflare_catchup_20260726081142_11-15-H1-H2-101-102-39-73,60,73,0,7,T421,AA3041,0,49
2026-07-27T01:36:02.461Z,cloudflare_catchup,cloudflare_catchup_20260726081142_11-15-H1-H2-101-102-39-73,60,73,0,8,T431,AB6393,0,2
2026-07-27T01:36:02.461Z,cloudflare_catchup,cloudflare_catchup_20260726081142_11-15-H1-H2-101-102-39-73,60,73,0,11,M231,AA7619,0,25
2026-07-27T01:36:02.461Z,cloudflare_catchup,cloudflare_catchup_20260726081142_11-15-H1-H2-101-102-39-73,60,73,0,14,M172/7,AA5945,0,46
2026-07-27T01:36:02.461Z,cloudflare_catchup,cloudflare_catchup_20260726081142_11-15-H1-H2-101-102-39-73,60,73,0,15,T430,AB6613,0,39
2026-07-27T01:36:02.461Z,cloudflare_catchup,cloudflare_catchup_20260726081142_11-15-H1-H2-101-102-39-73,60,73,0,16,T328,AB6171,0,25
2026-07-27T01:36:02.461Z,cloudflare_catchup,cloudflare_catchup_20260726081142_11-15-H1-H2-101-102-39-73,60,73,0,18,T422,AB6049,0,34
2026-07-27T01:37:01.853Z,cloudflare_catchup,cloudflare_catchup_20260726081142_11-15-H1-H2-101-102-39-73,60,73,0,1,T556,AA2654,0,35
2026-07-27T01:37:01.853Z,cloudflare_catchup,cloudflare_catchup_20260726081142_11-15-H1-H2-101-102-39-73,60,73,0,7,T421,AA3041,0,50
2026-07-27T01:37:01.853Z,cloudflare_catchup,cloudflare_catchup_20260726081142_11-15-H1-H2-101-102-39-73,60,73,0,9,M172/16,AB6393,0,13
2026-07-27T01:37:01.853Z,cloudflare_catchup,cloudflare_catchup_20260726081142_11-15-H1-H2-101-102-39-73,60,73,0,11,M231,AA7619,0,22
2026-07-27T01:37:01.853Z,cloudflare_catchup,cloudflare_catchup_20260726081142_11-15-H1-H2-101-102-39-73,60,73,0,14,M172/7,AA5945,0,48
2026-07-27T01:37:01.853Z,cloudflare_catchup,cloudflare_catchup_20260726081142_11-15-H1-H2-101-102-39-73,60,73,0,16,T328,AB6613,0,46
2026-07-27T01:37:01.853Z,cloudflare_catchup,cloudflare_catchup_20260726081142_11-15-H1-H2-101-102-39-73,60,73,0,17,T420,AB6171,0,8
2026-07-27T01:37:01.853Z,cloudflare_catchup,cloudflare_catchup_20260726081142_11-15-H1-H2-101-102-39-73,60,73,0,19,T424,AB6049,0,7
2026-07-27T01:38:02.339Z,cloudflare_catchup,cloudflare_catchup_20260726081142_11-15-H1-H2-101-102-39-73,60,73,0,3,T558,AA2654,0,37
2026-07-27T01:38:02.339Z,cloudflare_catchup,cloudflare_catchup_20260726081142_11-15-H1-H2-101-102-39-73,60,73,0,7,T421,AA3041,0,13
2026-07-27T01:38:02.339Z,cloudflare_catchup,cloudflare_catchup_20260726081142_11-15-H1-H2-101-102-39-73,60,73,0,9,M172/16,AB6393,0,23
2026-07-27T01:38:02.339Z,cloudflare_catchup,cloudflare_catchup_20260726081142_11-15-H1-H2-101-102-39-73,60,73,0,12,M219,AA7619,1,18
2026-07-27T01:38:02.339Z,cloudflare_catchup,cloudflare_catchup_20260726081142_11-15-H1-H2-101-102-39-73,60,73,0,14,M172/7,AA5945,0,40
2026-07-27T01:38:02.339Z,cloudflare_catchup,cloudflare_catchup_20260726081142_11-15-H1-H2-101-102-39-73,60,73,0,16,T328,AB6613,0,26
2026-07-27T01:38:02.339Z,cloudflare_catchup,cloudflare_catchup_20260726081142_11-15-H1-H2-101-102-39-73,60,73,0,18,T422,AB6171,0,36
2026-07-27T01:38:02.339Z,cloudflare_catchup,cloudflare_catchup_20260726081142_11-15-H1-H2-101-102-39-73,60,73,0,19,T424,AB6049,0,47
2026-07-27T01:39:01.788Z,cloudflare_catchup,cloudflare_catchup_20260726081142_11-15-H1-H2-101-102-39-73,60,73,0,3,T558,AA2654,0,45
2026-07-27T01:39:01.788Z,cloudflare_catchup,cloudflare_catchup_20260726081142_11-15-H1-H2-101-102-39-73,60,73,0,8,T431,AA3041,0,47
2026-07-27T01:39:01.788Z,cloudflare_catchup,cloudflare_catchup_20260726081142_11-15-H1-H2-101-102-39-73,60,73,0,9,M172/16,AB6393,0,44
2026-07-27T01:39:01.788Z,cloudflare_catchup,cloudflare_catchup_20260726081142_11-15-H1-H2-101-102-39-73,60,73,0,13,M50,AA7619,1,27
2026-07-27T01:39:01.788Z,cloudflare_catchup,cloudflare_catchup_20260726081142_11-15-H1-H2-101-102-39-73,60,73,0,14,M172/7,AA5945,0,39
2026-07-27T01:39:01.788Z,cloudflare_catchup,cloudflare_catchup_20260726081142_11-15-H1-H2-101-102-39-73,60,73,0,17,T420,AB6613,0,21
2026-07-27T01:39:01.788Z,cloudflare_catchup,cloudflare_catchup_20260726081142_11-15-H1-H2-101-102-39-73,60,73,0,19,T424,AB6049,0,47
2026-07-27T01:39:01.788Z,cloudflare_catchup,cloudflare_catchup_20260726081142_11-15-H1-H2-101-102-39-73,60,73,0,19,T424,AB6171,0,14
2026-07-27T01:40:02.591Z,cloudflare_catchup,cloudflare_catchup_20260726081142_11-15-H1-H2-101-102-39-73,60,73,0,4,T551/1,AA2654,0,10
2026-07-27T01:40:02.591Z,cloudflare_catchup,cloudflare_catchup_20260726081142_11-15-H1-H2-101-102-39-73,60,73,0,8,T431,AA3041,0,35
2026-07-27T01:40:02.591Z,cloudflare_catchup,cloudflare_catchup_20260726081142_11-15-H1-H2-101-102-39-73,60,73,0,9,M172/16,AB6393,0,49
2026-07-27T01:40:02.591Z,cloudflare_catchup,cloudflare_catchup_20260726081142_11-15-H1-H2-101-102-39-73,60,73,0,13,M50,AA7619,1,25
2026-07-27T01:40:02.591Z,cloudflare_catchup,cloudflare_catchup_20260726081142_11-15-H1-H2-101-102-39-73,60,73,0,15,T430,AA5945,0,44
2026-07-27T01:40:02.591Z,cloudflare_catchup,cloudflare_catchup_20260726081142_11-15-H1-H2-101-102-39-73,60,73,0,18,T422,AB6613,0,25
2026-07-27T01:40:02.591Z,cloudflare_catchup,cloudflare_catchup_20260726081142_11-15-H1-H2-101-102-39-73,60,73,0,19,T424,AB6171,0,45
2026-07-27T01:40:02.591Z,cloudflare_catchup,cloudflare_catchup_20260726081142_11-15-H1-H2-101-102-39-73,60,73,0,20,T559,AB6049,1,47
2026-07-27T01:41:01.726Z,cloudflare_catchup,cloudflare_catchup_20260726081142_11-15-H1-H2-101-102-39-73,60,73,0,4,T551/1,AA2654,0,43
2026-07-27T01:41:01.726Z,cloudflare_catchup,cloudflare_catchup_20260726081142_11-15-H1-H2-101-102-39-73,60,73,0,8,T431,AA3041,0,48
2026-07-27T01:41:01.726Z,cloudflare_catchup,cloudflare_catchup_20260726081142_11-15-H1-H2-101-102-39-73,60,73,0,9,M172/16,AB6393,0,13
2026-07-27T01:41:01.726Z,cloudflare_catchup,cloudflare_catchup_20260726081142_11-15-H1-H2-101-102-39-73,60,73,0,10,M247,AA2661,1,13
2026-07-27T01:41:01.726Z,cloudflare_catchup,cloudflare_catchup_20260726081142_11-15-H1-H2-101-102-39-73,60,73,0,13,M50,AA7619,0,47
2026-07-27T01:41:01.726Z,cloudflare_catchup,cloudflare_catchup_20260726081142_11-15-H1-H2-101-102-39-73,60,73,0,15,T430,AA5945,0,38
2026-07-27T01:41:01.726Z,cloudflare_catchup,cloudflare_catchup_20260726081142_11-15-H1-H2-101-102-39-73,60,73,0,19,T424,AB6171,0,48
2026-07-27T01:41:01.726Z,cloudflare_catchup,cloudflare_catchup_20260726081142_11-15-H1-H2-101-102-39-73,60,73,0,19,T424,AB6613,0,24
2026-07-27T01:41:01.726Z,cloudflare_catchup,cloudflare_catchup_20260726081142_11-15-H1-H2-101-102-39-73,60,73,0,20,T559,AB6049,0,6
2026-07-27T01:42:02.535Z,cloudflare_catchup,cloudflare_catchup_20260726081142_11-15-H1-H2-101-102-39-73,60,73,0,4,T551/1,AA2654,0,49
2026-07-27T01:42:02.535Z,cloudflare_catchup,cloudflare_catchup_20260726081142_11-15-H1-H2-101-102-39-73,60,73,0,8,T431,AA3041,0,45
2026-07-27T01:42:02.535Z,cloudflare_catchup,cloudflare_catchup_20260726081142_11-15-H1-H2-101-102-39-73,60,73,0,9,M172/16,AB6393,0,42
2026-07-27T01:42:02.535Z,cloudflare_catchup,cloudflare_catchup_20260726081142_11-15-H1-H2-101-102-39-73,60,73,0,11,M231,AA2661,1,19
2026-07-27T01:42:02.535Z,cloudflare_catchup,cloudflare_catchup_20260726081142_11-15-H1-H2-101-102-39-73,60,73,0,13,M50,AA7619,0,48
2026-07-27T01:42:02.535Z,cloudflare_catchup,cloudflare_catchup_20260726081142_11-15-H1-H2-101-102-39-73,60,73,0,16,T328,AA5945,0,49
2026-07-27T01:42:02.535Z,cloudflare_catchup,cloudflare_catchup_20260726081142_11-15-H1-H2-101-102-39-73,60,73,0,19,T424,AB6171,0,42
2026-07-27T01:42:02.535Z,cloudflare_catchup,cloudflare_catchup_20260726081142_11-15-H1-H2-101-102-39-73,60,73,0,19,T424,AB6613,0,42
2026-07-27T01:42:02.535Z,cloudflare_catchup,cloudflare_catchup_20260726081142_11-15-H1-H2-101-102-39-73,60,73,0,21,T552,AB6049,1,2
2026-07-27T01:43:01.897Z,cloudflare_catchup,cloudflare_catchup_20260726081142_11-15-H1-H2-101-102-39-73,60,73,0,5,T425,AA2654,1,42
2026-07-27T01:43:01.897Z,cloudflare_catchup,cloudflare_catchup_20260726081142_11-15-H1-H2-101-102-39-73,60,73,0,8,T431,AA3041,0,49
2026-07-27T01:43:01.897Z,cloudflare_catchup,cloudflare_catchup_20260726081142_11-15-H1-H2-101-102-39-73,60,73,0,9,M172/16,AB6393,0,38
2026-07-27T01:43:01.897Z,cloudflare_catchup,cloudflare_catchup_20260726081142_11-15-H1-H2-101-102-39-73,60,73,0,11,M231,AA2661,0,2
2026-07-27T01:43:01.897Z,cloudflare_catchup,cloudflare_catchup_20260726081142_11-15-H1-H2-101-102-39-73,60,73,0,13,M50,AA7619,0,48
2026-07-27T01:43:01.897Z,cloudflare_catchup,cloudflare_catchup_20260726081142_11-15-H1-H2-101-102-39-73,60,73,0,17,T420,AA5945,1,44
2026-07-27T01:43:01.897Z,cloudflare_catchup,cloudflare_catchup_20260726081142_11-15-H1-H2-101-102-39-73,60,73,0,19,T424,AB6613,0,41
2026-07-27T01:43:01.897Z,cloudflare_catchup,cloudflare_catchup_20260726081142_11-15-H1-H2-101-102-39-73,60,73,0,20,T559,AB6171,1,31
2026-07-27T01:43:01.897Z,cloudflare_catchup,cloudflare_catchup_20260726081142_11-15-H1-H2-101-102-39-73,60,73,0,22,T553,AB6049,0,37
2026-07-27T01:44:02.279Z,cloudflare_catchup,cloudflare_catchup_20260726081142_11-15-H1-H2-101-102-39-73,60,73,0,6,T423,AA2654,1,8
2026-07-27T01:44:02.279Z,cloudflare_catchup,cloudflare_catchup_20260726081142_11-15-H1-H2-101-102-39-73,60,73,0,9,M172/16,AB6393,0,2
2026-07-27T01:44:02.279Z,cloudflare_catchup,cloudflare_catchup_20260726081142_11-15-H1-H2-101-102-39-73,60,73,0,9,M172/16,AA3041,0,33
2026-07-27T01:44:02.279Z,cloudflare_catchup,cloudflare_catchup_20260726081142_11-15-H1-H2-101-102-39-73,60,73,0,12,M219,AA2661,1,5
2026-07-27T01:44:02.279Z,cloudflare_catchup,cloudflare_catchup_20260726081142_11-15-H1-H2-101-102-39-73,60,73,0,13,M50,AA7619,0,26
2026-07-27T01:44:02.279Z,cloudflare_catchup,cloudflare_catchup_20260726081142_11-15-H1-H2-101-102-39-73,60,73,0,18,T422,AA5945,1,49
2026-07-27T01:44:02.279Z,cloudflare_catchup,cloudflare_catchup_20260726081142_11-15-H1-H2-101-102-39-73,60,73,0,19,T424,AB6613,0,47
2026-07-27T01:44:02.279Z,cloudflare_catchup,cloudflare_catchup_20260726081142_11-15-H1-H2-101-102-39-73,60,73,0,21,T552,AB6171,1,38
2026-07-27T01:44:02.279Z,cloudflare_catchup,cloudflare_catchup_20260726081142_11-15-H1-H2-101-102-39-73,60,73,0,23,T554,AB6049,0,25
2026-07-27T01:45:03.137Z,cloudflare_catchup,cloudflare_catchup_20260726081142_11-15-H1-H2-101-102-39-73,60,73,0,0,T550/4,AB6136,0,12
2026-07-27T01:45:03.137Z,cloudflare_catchup,cloudflare_catchup_20260726081142_11-15-H1-H2-101-102-39-73,60,73,0,7,T421,AA2654,1,1
2026-07-27T01:45:03.137Z,cloudflare_catchup,cloudflare_catchup_20260726081142_11-15-H1-H2-101-102-39-73,60,73,0,9,M172/16,AB6393,0,39
2026-07-27T01:45:03.137Z,cloudflare_catchup,cloudflare_catchup_20260726081142_11-15-H1-H2-101-102-39-73,60,73,0,9,M172/16,AA3041,0,39
2026-07-27T01:45:03.137Z,cloudflare_catchup,cloudflare_catchup_20260726081142_11-15-H1-H2-101-102-39-73,60,73,0,13,M50,AA7619,0,35
2026-07-27T01:45:03.137Z,cloudflare_catchup,cloudflare_catchup_20260726081142_11-15-H1-H2-101-102-39-73,60,73,0,13,M50,AA2661,1,21
2026-07-27T01:45:03.137Z,cloudflare_catchup,cloudflare_catchup_20260726081142_11-15-H1-H2-101-102-39-73,60,73,0,19,T424,AA5945,1,26
2026-07-27T01:45:03.137Z,cloudflare_catchup,cloudflare_catchup_20260726081142_11-15-H1-H2-101-102-39-73,60,73,0,20,T559,AB6613,0,24
2026-07-27T01:45:03.137Z,cloudflare_catchup,cloudflare_catchup_20260726081142_11-15-H1-H2-101-102-39-73,60,73,0,22,T553,AB6171,0,6
2026-07-27T01:45:03.137Z,cloudflare_catchup,cloudflare_catchup_20260726081142_11-15-H1-H2-101-102-39-73,60,73,0,23,T554,AB6049,0,45
2026-07-27T01:46:02.365Z,cloudflare_catchup,cloudflare_catchup_20260726081142_11-15-H1-H2-101-102-39-73,60,73,0,1,T556,AB6136,0,32
2026-07-27T01:46:02.365Z,cloudflare_catchup,cloudflare_catchup_20260726081142_11-15-H1-H2-101-102-39-73,60,73,0,7,T421,AA2654,0,46
2026-07-27T01:46:02.365Z,cloudflare_catchup,cloudflare_catchup_20260726081142_11-15-H1-H2-101-102-39-73,60,73,0,9,M172/16,AA3041,0,48
2026-07-27T01:46:02.365Z,cloudflare_catchup,cloudflare_catchup_20260726081142_11-15-H1-H2-101-102-39-73,60,73,0,10,M247,AB6393,1,15
2026-07-27T01:46:02.365Z,cloudflare_catchup,cloudflare_catchup_20260726081142_11-15-H1-H2-101-102-39-73,60,73,0,13,M50,AA7619,0,46
2026-07-27T01:46:02.365Z,cloudflare_catchup,cloudflare_catchup_20260726081142_11-15-H1-H2-101-102-39-73,60,73,0,13,M50,AA2661,0,18
2026-07-27T01:46:02.365Z,cloudflare_catchup,cloudflare_catchup_20260726081142_11-15-H1-H2-101-102-39-73,60,73,0,19,T424,AA5945,0,15
2026-07-27T01:46:02.365Z,cloudflare_catchup,cloudflare_catchup_20260726081142_11-15-H1-H2-101-102-39-73,60,73,0,22,T553,AB6613,1,41
2026-07-27T01:46:02.365Z,cloudflare_catchup,cloudflare_catchup_20260726081142_11-15-H1-H2-101-102-39-73,60,73,0,23,T554,AB6171,0,31
2026-07-27T01:46:02.365Z,cloudflare_catchup,cloudflare_catchup_20260726081142_11-15-H1-H2-101-102-39-73,60,73,0,24,T555/2,AB6049,0,4
2026-07-27T01:47:01.764Z,cloudflare_catchup,cloudflare_catchup_20260726081142_11-15-H1-H2-101-102-39-73,60,73,0,1,T556,AB6136,0,34
2026-07-27T01:47:01.764Z,cloudflare_catchup,cloudflare_catchup_20260726081142_11-15-H1-H2-101-102-39-73,60,73,0,7,T421,AA2654,0,47
2026-07-27T01:47:01.764Z,cloudflare_catchup,cloudflare_catchup_20260726081142_11-15-H1-H2-101-102-39-73,60,73,0,9,M172/16,AA3041,0,31
2026-07-27T01:47:01.764Z,cloudflare_catchup,cloudflare_catchup_20260726081142_11-15-H1-H2-101-102-39-73,60,73,0,11,M231,AB6393,0,14
2026-07-27T01:47:01.764Z,cloudflare_catchup,cloudflare_catchup_20260726081142_11-15-H1-H2-101-102-39-73,60,73,0,13,M50,AA2661,0,46
2026-07-27T01:47:01.764Z,cloudflare_catchup,cloudflare_catchup_20260726081142_11-15-H1-H2-101-102-39-73,60,73,0,14,M172/7,AA7619,0,6
2026-07-27T01:47:01.764Z,cloudflare_catchup,cloudflare_catchup_20260726081142_11-15-H1-H2-101-102-39-73,60,73,0,19,T424,AA5945,0,49
2026-07-27T01:47:01.764Z,cloudflare_catchup,cloudflare_catchup_20260726081142_11-15-H1-H2-101-102-39-73,60,73,0,23,T554,AB6171,0,16
2026-07-27T01:47:01.764Z,cloudflare_catchup,cloudflare_catchup_20260726081142_11-15-H1-H2-101-102-39-73,60,73,0,23,T554,AB6613,1,23
2026-07-27T01:47:01.764Z,cloudflare_catchup,cloudflare_catchup_20260726081142_11-15-H1-H2-101-102-39-73,60,73,0,25,T550/4,AB6049,1,0
2026-07-27T01:48:02.429Z,cloudflare_catchup,cloudflare_catchup_20260726081142_11-15-H1-H2-101-102-39-73,60,73,0,3,T558,AB6136,1,12
2026-07-27T01:48:02.429Z,cloudflare_catchup,cloudflare_catchup_20260726081142_11-15-H1-H2-101-102-39-73,60,73,0,7,T421,AA2654,0,49
2026-07-27T01:48:02.429Z,cloudflare_catchup,cloudflare_catchup_20260726081142_11-15-H1-H2-101-102-39-73,60,73,0,9,M172/16,AA3041,0,10
2026-07-27T01:48:02.429Z,cloudflare_catchup,cloudflare_catchup_20260726081142_11-15-H1-H2-101-102-39-73,60,73,0,11,M231,AB6393,0,17
2026-07-27T01:48:02.429Z,cloudflare_catchup,cloudflare_catchup_20260726081142_11-15-H1-H2-101-102-39-73,60,73,0,13,M50,AA2661,0,47
2026-07-27T01:48:02.429Z,cloudflare_catchup,cloudflare_catchup_20260726081142_11-15-H1-H2-101-102-39-73,60,73,0,14,M172/7,AA7619,0,47
2026-07-27T01:48:02.429Z,cloudflare_catchup,cloudflare_catchup_20260726081142_11-15-H1-H2-101-102-39-73,60,73,0,19,T424,AA5945,0,49
2026-07-27T01:48:02.429Z,cloudflare_catchup,cloudflare_catchup_20260726081142_11-15-H1-H2-101-102-39-73,60,73,0,23,T554,AB6613,0,45
2026-07-27T01:48:02.429Z,cloudflare_catchup,cloudflare_catchup_20260726081142_11-15-H1-H2-101-102-39-73,60,73,0,24,T555/2,AB6171,0,48
2026-07-27T01:48:02.429Z,cloudflare_catchup,cloudflare_catchup_20260726081142_11-15-H1-H2-101-102-39-73,60,73,0,25,T550/4,AB6049,1,0
2026-07-27T01:49:01.758Z,cloudflare_catchup,cloudflare_catchup_20260726081142_11-15-H1-H2-101-102-39-73,60,73,0,3,T558,AB6136,0,33
2026-07-27T01:49:01.758Z,cloudflare_catchup,cloudflare_catchup_20260726081142_11-15-H1-H2-101-102-39-73,60,73,0,8,T431,AA2654,0,46
2026-07-27T01:49:01.758Z,cloudflare_catchup,cloudflare_catchup_20260726081142_11-15-H1-H2-101-102-39-73,60,73,0,9,M172/16,AA3041,0,42
2026-07-27T01:49:01.758Z,cloudflare_catchup,cloudflare_catchup_20260726081142_11-15-H1-H2-101-102-39-73,60,73,0,12,M219,AB6393,1,3
2026-07-27T01:49:01.758Z,cloudflare_catchup,cloudflare_catchup_20260726081142_11-15-H1-H2-101-102-39-73,60,73,0,13,M50,AA2661,0,9
2026-07-27T01:49:01.758Z,cloudflare_catchup,cloudflare_catchup_20260726081142_11-15-H1-H2-101-102-39-73,60,73,0,14,M172/7,AA7619,0,42
2026-07-27T01:49:01.758Z,cloudflare_catchup,cloudflare_catchup_20260726081142_11-15-H1-H2-101-102-39-73,60,73,0,20,T559,AA5945,1,30
2026-07-27T01:49:01.758Z,cloudflare_catchup,cloudflare_catchup_20260726081142_11-15-H1-H2-101-102-39-73,60,73,0,24,T555/2,AB6613,1,17
2026-07-27T01:49:01.758Z,cloudflare_catchup,cloudflare_catchup_20260726081142_11-15-H1-H2-101-102-39-73,60,73,0,25,T550/4,AB6049,1,0
2026-07-27T01:49:01.758Z,cloudflare_catchup,cloudflare_catchup_20260726081142_11-15-H1-H2-101-102-39-73,60,73,0,25,T550/4,AB6171,1,0
2026-07-27T01:50:02.410Z,cloudflare_catchup,cloudflare_catchup_20260726081142_11-15-H1-H2-101-102-39-73,60,73,0,4,T551/1,AB6136,0,34
2026-07-27T01:50:02.410Z,cloudflare_catchup,cloudflare_catchup_20260726081142_11-15-H1-H2-101-102-39-73,60,73,0,8,T431,AA2654,0,48
2026-07-27T01:50:02.410Z,cloudflare_catchup,cloudflare_catchup_20260726081142_11-15-H1-H2-101-102-39-73,60,73,0,9,M172/16,AA3041,0,10
2026-07-27T01:50:02.410Z,cloudflare_catchup,cloudflare_catchup_20260726081142_11-15-H1-H2-101-102-39-73,60,73,0,12,M219,AB6393,0,18
2026-07-27T01:50:02.410Z,cloudflare_catchup,cloudflare_catchup_20260726081142_11-15-H1-H2-101-102-39-73,60,73,0,13,M50,AA2661,0,41
2026-07-27T01:50:02.410Z,cloudflare_catchup,cloudflare_catchup_20260726081142_11-15-H1-H2-101-102-39-73,60,73,0,14,M172/7,AA7619,0,47
2026-07-27T01:50:02.410Z,cloudflare_catchup,cloudflare_catchup_20260726081142_11-15-H1-H2-101-102-39-73,60,73,0,21,T552,AA5945,1,48
2026-07-27T01:50:02.410Z,cloudflare_catchup,cloudflare_catchup_20260726081142_11-15-H1-H2-101-102-39-73,60,73,0,24,T555/2,AB6613,0,25
2026-07-27T01:50:02.410Z,cloudflare_catchup,cloudflare_catchup_20260726081142_11-15-H1-H2-101-102-39-73,60,73,0,25,T550/4,AB6049,1,0
2026-07-27T01:50:02.410Z,cloudflare_catchup,cloudflare_catchup_20260726081142_11-15-H1-H2-101-102-39-73,60,73,0,25,T550/4,AB6171,1,0
2026-07-27T01:51:01.892Z,cloudflare_catchup,cloudflare_catchup_20260726081142_11-15-H1-H2-101-102-39-73,60,73,0,4,T551/1,AB6136,0,41
2026-07-27T01:51:01.892Z,cloudflare_catchup,cloudflare_catchup_20260726081142_11-15-H1-H2-101-102-39-73,60,73,0,8,T431,AA2654,0,48
2026-07-27T01:51:01.892Z,cloudflare_catchup,cloudflare_catchup_20260726081142_11-15-H1-H2-101-102-39-73,60,73,0,9,M172/16,AA3041,0,49
2026-07-27T01:51:01.892Z,cloudflare_catchup,cloudflare_catchup_20260726081142_11-15-H1-H2-101-102-39-73,60,73,0,13,M50,AA2661,0,33
2026-07-27T01:51:01.892Z,cloudflare_catchup,cloudflare_catchup_20260726081142_11-15-H1-H2-101-102-39-73,60,73,0,13,M50,AB6393,1,33
2026-07-27T01:51:01.892Z,cloudflare_catchup,cloudflare_catchup_20260726081142_11-15-H1-H2-101-102-39-73,60,73,0,14,M172/7,AA7619,0,25
2026-07-27T01:51:01.892Z,cloudflare_catchup,cloudflare_catchup_20260726081142_11-15-H1-H2-101-102-39-73,60,73,0,22,T553,AA5945,0,39
2026-07-27T01:51:01.892Z,cloudflare_catchup,cloudflare_catchup_20260726081142_11-15-H1-H2-101-102-39-73,60,73,0,25,T550/4,AB6049,1,0
2026-07-27T01:51:01.892Z,cloudflare_catchup,cloudflare_catchup_20260726081142_11-15-H1-H2-101-102-39-73,60,73,0,25,T550/4,AB6171,1,0
2026-07-27T01:51:01.892Z,cloudflare_catchup,cloudflare_catchup_20260726081142_11-15-H1-H2-101-102-39-73,60,73,0,25,T550/4,AB6613,1,0
2026-07-27T01:52:02.426Z,cloudflare_catchup,cloudflare_catchup_20260726081142_11-15-H1-H2-101-102-39-73,60,73,0,4,T551/1,AB6136,0,48
2026-07-27T01:52:02.426Z,cloudflare_catchup,cloudflare_catchup_20260726081142_11-15-H1-H2-101-102-39-73,60,73,0,8,T431,AA2654,0,46
2026-07-27T01:52:02.426Z,cloudflare_catchup,cloudflare_catchup_20260726081142_11-15-H1-H2-101-102-39-73,60,73,0,9,M172/16,AA3041,0,27
2026-07-27T01:52:02.426Z,cloudflare_catchup,cloudflare_catchup_20260726081142_11-15-H1-H2-101-102-39-73,60,73,0,13,M50,AA2661,0,29
2026-07-27T01:52:02.426Z,cloudflare_catchup,cloudflare_catchup_20260726081142_11-15-H1-H2-101-102-39-73,60,73,0,13,M50,AB6393,0,1
2026-07-27T01:52:02.426Z,cloudflare_catchup,cloudflare_catchup_20260726081142_11-15-H1-H2-101-102-39-73,60,73,0,14,M172/7,AA7619,0,46
2026-07-27T01:52:02.426Z,cloudflare_catchup,cloudflare_catchup_20260726081142_11-15-H1-H2-101-102-39-73,60,73,0,23,T554,AA5945,0,35
2026-07-27T01:52:02.426Z,cloudflare_catchup,cloudflare_catchup_20260726081142_11-15-H1-H2-101-102-39-73,60,73,0,25,T550/4,AB6171,1,0
2026-07-27T01:52:02.426Z,cloudflare_catchup,cloudflare_catchup_20260726081142_11-15-H1-H2-101-102-39-73,60,73,0,25,T550/4,AB6613,1,0
2026-07-27T01:53:02.276Z,cloudflare_catchup,cloudflare_catchup_20260726081142_11-15-H1-H2-101-102-39-73,60,73,0,0,T550/4,AB6049,1,13
2026-07-27T01:53:02.276Z,cloudflare_catchup,cloudflare_catchup_20260726081142_11-15-H1-H2-101-102-39-73,60,73,0,5,T425,AB6136,1,49
2026-07-27T01:53:02.276Z,cloudflare_catchup,cloudflare_catchup_20260726081142_11-15-H1-H2-101-102-39-73,60,73,0,8,T431,AA2654,0,43
2026-07-27T01:53:02.276Z,cloudflare_catchup,cloudflare_catchup_20260726081142_11-15-H1-H2-101-102-39-73,60,73,0,9,M172/16,AA3041,0,44
2026-07-27T01:53:02.276Z,cloudflare_catchup,cloudflare_catchup_20260726081142_11-15-H1-H2-101-102-39-73,60,73,0,13,M50,AB6393,0,49
2026-07-27T01:53:02.276Z,cloudflare_catchup,cloudflare_catchup_20260726081142_11-15-H1-H2-101-102-39-73,60,73,0,14,M172/7,AA2661,1,2
2026-07-27T01:53:02.276Z,cloudflare_catchup,cloudflare_catchup_20260726081142_11-15-H1-H2-101-102-39-73,60,73,0,15,T430,AA7619,0,41
2026-07-27T01:53:02.276Z,cloudflare_catchup,cloudflare_catchup_20260726081142_11-15-H1-H2-101-102-39-73,60,73,0,24,T555/2,AA5945,1,37
2026-07-27T01:53:02.276Z,cloudflare_catchup,cloudflare_catchup_20260726081142_11-15-H1-H2-101-102-39-73,60,73,0,25,T550/4,AB6171,1,0
2026-07-27T01:53:02.276Z,cloudflare_catchup,cloudflare_catchup_20260726081142_11-15-H1-H2-101-102-39-73,60,73,0,25,T550/4,AB6613,1,0
2026-07-27T01:54:02.384Z,cloudflare_catchup,cloudflare_catchup_20260726081142_11-15-H1-H2-101-102-39-73,60,73,0,1,T556,AB6049,1,43
2026-07-27T01:54:02.384Z,cloudflare_catchup,cloudflare_catchup_20260726081142_11-15-H1-H2-101-102-39-73,60,73,0,6,T423,AB6136,0,33
2026-07-27T01:54:02.384Z,cloudflare_catchup,cloudflare_catchup_20260726081142_11-15-H1-H2-101-102-39-73,60,73,0,9,M172/16,AA2654,1,3
2026-07-27T01:54:02.384Z,cloudflare_catchup,cloudflare_catchup_20260726081142_11-15-H1-H2-101-102-39-73,60,73,0,11,M231,AA3041,1,43
2026-07-27T01:54:02.384Z,cloudflare_catchup,cloudflare_catchup_20260726081142_11-15-H1-H2-101-102-39-73,60,73,0,13,M50,AB6393,0,37
2026-07-27T01:54:02.384Z,cloudflare_catchup,cloudflare_catchup_20260726081142_11-15-H1-H2-101-102-39-73,60,73,0,14,M172/7,AA2661,0,23
2026-07-27T01:54:02.384Z,cloudflare_catchup,cloudflare_catchup_20260726081142_11-15-H1-H2-101-102-39-73,60,73,0,15,T430,AA7619,0,32
2026-07-27T01:54:02.384Z,cloudflare_catchup,cloudflare_catchup_20260726081142_11-15-H1-H2-101-102-39-73,60,73,0,24,T555/2,AA5945,0,21
2026-07-27T01:54:02.384Z,cloudflare_catchup,cloudflare_catchup_20260726081142_11-15-H1-H2-101-102-39-73,60,73,0,25,T550/4,AB6613,1,0
2026-07-27T01:55:03.083Z,cloudflare_catchup,cloudflare_catchup_20260726081142_11-15-H1-H2-101-102-39-73,60,73,0,0,T550/4,AA2825,1,13
2026-07-27T01:55:03.083Z,cloudflare_catchup,cloudflare_catchup_20260726081142_11-15-H1-H2-101-102-39-73,60,73,0,1,T556,AB6049,0,33
2026-07-27T01:55:03.083Z,cloudflare_catchup,cloudflare_catchup_20260726081142_11-15-H1-H2-101-102-39-73,60,73,0,7,T421,AB6136,1,39
2026-07-27T01:55:03.083Z,cloudflare_catchup,cloudflare_catchup_20260726081142_11-15-H1-H2-101-102-39-73,60,73,0,9,M172/16,AA2654,0,33
2026-07-27T01:55:03.083Z,cloudflare_catchup,cloudflare_catchup_20260726081142_11-15-H1-H2-101-102-39-73,60,73,0,11,M231,AA3041,0,43
2026-07-27T01:55:03.083Z,cloudflare_catchup,cloudflare_catchup_20260726081142_11-15-H1-H2-101-102-39-73,60,73,0,13,M50,AB6393,0,47
2026-07-27T01:55:03.083Z,cloudflare_catchup,cloudflare_catchup_20260726081142_11-15-H1-H2-101-102-39-73,60,73,0,14,M172/7,AA2661,0,44
2026-07-27T01:55:03.083Z,cloudflare_catchup,cloudflare_catchup_20260726081142_11-15-H1-H2-101-102-39-73,60,73,0,16,T328,AA7619,0,13
2026-07-27T01:55:03.083Z,cloudflare_catchup,cloudflare_catchup_20260726081142_11-15-H1-H2-101-102-39-73,60,73,0,25,T550/4,AB6613,1,0
2026-07-27T01:55:03.083Z,cloudflare_catchup,cloudflare_catchup_20260726081142_11-15-H1-H2-101-102-39-73,60,73,0,25,T550/4,AA5945,1,0
2026-07-27T01:56:02.285Z,cloudflare_catchup,cloudflare_catchup_20260726081142_11-15-H1-H2-101-102-39-73,60,73,0,0,T550/4,AA2825,1,13
2026-07-27T01:56:02.285Z,cloudflare_catchup,cloudflare_catchup_20260726081142_11-15-H1-H2-101-102-39-73,60,73,0,2,T557,AB6049,0,29
2026-07-27T01:56:02.285Z,cloudflare_catchup,cloudflare_catchup_20260726081142_11-15-H1-H2-101-102-39-73,60,73,0,7,T421,AB6136,1,39
2026-07-27T01:56:02.285Z,cloudflare_catchup,cloudflare_catchup_20260726081142_11-15-H1-H2-101-102-39-73,60,73,0,9,M172/16,AA2654,0,39
2026-07-27T01:56:02.285Z,cloudflare_catchup,cloudflare_catchup_20260726081142_11-15-H1-H2-101-102-39-73,60,73,0,11,M231,AA3041,0,6
2026-07-27T01:56:02.285Z,cloudflare_catchup,cloudflare_catchup_20260726081142_11-15-H1-H2-101-102-39-73,60,73,0,13,M50,AB6393,0,31
2026-07-27T01:56:02.285Z,cloudflare_catchup,cloudflare_catchup_20260726081142_11-15-H1-H2-101-102-39-73,60,73,0,14,M172/7,AA2661,0,48
2026-07-27T01:56:02.285Z,cloudflare_catchup,cloudflare_catchup_20260726081142_11-15-H1-H2-101-102-39-73,60,73,0,16,T328,AA7619,0,30
2026-07-27T01:56:02.285Z,cloudflare_catchup,cloudflare_catchup_20260726081142_11-15-H1-H2-101-102-39-73,60,73,0,25,T550/4,AA5945,1,0
2026-07-27T01:57:01.692Z,cloudflare_catchup,cloudflare_catchup_20260726081142_11-15-H1-H2-101-102-39-73,60,73,0,0,T550/4,AA2825,1,13
2026-07-27T01:57:01.692Z,cloudflare_catchup,cloudflare_catchup_20260726081142_11-15-H1-H2-101-102-39-73,60,73,0,3,T558,AB6049,0,48
2026-07-27T01:57:01.692Z,cloudflare_catchup,cloudflare_catchup_20260726081142_11-15-H1-H2-101-102-39-73,60,73,0,7,T421,AB6136,1,39
2026-07-27T01:57:01.692Z,cloudflare_catchup,cloudflare_catchup_20260726081142_11-15-H1-H2-101-102-39-73,60,73,0,9,M172/16,AA2654,0,38
2026-07-27T01:57:01.692Z,cloudflare_catchup,cloudflare_catchup_20260726081142_11-15-H1-H2-101-102-39-73,60,73,0,12,M219,AA3041,1,33
2026-07-27T01:57:01.692Z,cloudflare_catchup,cloudflare_catchup_20260726081142_11-15-H1-H2-101-102-39-73,60,73,0,13,M50,AB6393,0,16
2026-07-27T01:57:01.692Z,cloudflare_catchup,cloudflare_catchup_20260726081142_11-15-H1-H2-101-102-39-73,60,73,0,14,M172/7,AA2661,0,48
2026-07-27T01:57:01.692Z,cloudflare_catchup,cloudflare_catchup_20260726081142_11-15-H1-H2-101-102-39-73,60,73,0,17,T420,AA7619,1,32
2026-07-27T01:57:01.692Z,cloudflare_catchup,cloudflare_catchup_20260726081142_11-15-H1-H2-101-102-39-73,60,73,0,25,T550/4,AA5945,1,0
2026-07-27T01:58:02.242Z,cloudflare_catchup,cloudflare_catchup_20260726081142_11-15-H1-H2-101-102-39-73,60,73,0,0,T550/4,AA2825,1,13
2026-07-27T01:58:02.242Z,cloudflare_catchup,cloudflare_catchup_20260726081142_11-15-H1-H2-101-102-39-73,60,73,0,3,T558,AB6049,0,26
2026-07-27T01:58:02.242Z,cloudflare_catchup,cloudflare_catchup_20260726081142_11-15-H1-H2-101-102-39-73,60,73,0,7,T421,AB6136,0,28
2026-07-27T01:58:02.242Z,cloudflare_catchup,cloudflare_catchup_20260726081142_11-15-H1-H2-101-102-39-73,60,73,0,9,M172/16,AA2654,0,19
2026-07-27T01:58:02.242Z,cloudflare_catchup,cloudflare_catchup_20260726081142_11-15-H1-H2-101-102-39-73,60,73,0,12,M219,AA3041,0,17
2026-07-27T01:58:02.242Z,cloudflare_catchup,cloudflare_catchup_20260726081142_11-15-H1-H2-101-102-39-73,60,73,0,14,M172/7,AA2661,0,28
2026-07-27T01:58:02.242Z,cloudflare_catchup,cloudflare_catchup_20260726081142_11-15-H1-H2-101-102-39-73,60,73,0,14,M172/7,AB6393,0,14
2026-07-27T01:58:02.242Z,cloudflare_catchup,cloudflare_catchup_20260726081142_11-15-H1-H2-101-102-39-73,60,73,0,18,T422,AA7619,0,23
2026-07-27T01:58:02.242Z,cloudflare_catchup,cloudflare_catchup_20260726081142_11-15-H1-H2-101-102-39-73,60,73,0,25,T550/4,AA5945,1,0
2026-07-27T01:59:01.962Z,cloudflare_catchup,cloudflare_catchup_20260726081142_11-15-H1-H2-101-102-39-73,60,73,0,0,T550/4,AA2825,1,13
2026-07-27T01:59:01.962Z,cloudflare_catchup,cloudflare_catchup_20260726081142_11-15-H1-H2-101-102-39-73,60,73,0,4,T551/1,AB6049,0,48
2026-07-27T01:59:01.962Z,cloudflare_catchup,cloudflare_catchup_20260726081142_11-15-H1-H2-101-102-39-73,60,73,0,7,T421,AB6136,0,46
2026-07-27T01:59:01.962Z,cloudflare_catchup,cloudflare_catchup_20260726081142_11-15-H1-H2-101-102-39-73,60,73,0,9,M172/16,AA2654,0,35
2026-07-27T01:59:01.962Z,cloudflare_catchup,cloudflare_catchup_20260726081142_11-15-H1-H2-101-102-39-73,60,73,0,13,M50,AA3041,1,25
2026-07-27T01:59:01.962Z,cloudflare_catchup,cloudflare_catchup_20260726081142_11-15-H1-H2-101-102-39-73,60,73,0,14,M172/7,AB6393,0,5
2026-07-27T01:59:01.962Z,cloudflare_catchup,cloudflare_catchup_20260726081142_11-15-H1-H2-101-102-39-73,60,73,0,15,T430,AA2661,1,41
2026-07-27T01:59:01.962Z,cloudflare_catchup,cloudflare_catchup_20260726081142_11-15-H1-H2-101-102-39-73,60,73,0,18,T422,AA7619,0,31
2026-07-27T01:59:01.962Z,cloudflare_catchup,cloudflare_catchup_20260726081142_11-15-H1-H2-101-102-39-73,60,73,0,25,T550/4,AA5945,1,0
2026-07-27T02:00:02.576Z,cloudflare_catchup,cloudflare_catchup_20260726081142_11-15-H1-H2-101-102-39-73,60,73,0,0,T550/4,AA2825,1,13
2026-07-27T02:00:02.576Z,cloudflare_catchup,cloudflare_catchup_20260726081142_11-15-H1-H2-101-102-39-73,60,73,0,4,T551/1,AB6049,0,50
2026-07-27T02:00:02.576Z,cloudflare_catchup,cloudflare_catchup_20260726081142_11-15-H1-H2-101-102-39-73,60,73,0,7,T421,AB6136,0,48
2026-07-27T02:00:02.576Z,cloudflare_catchup,cloudflare_catchup_20260726081142_11-15-H1-H2-101-102-39-73,60,73,0,9,M172/16,AA2654,0,31
2026-07-27T02:00:02.576Z,cloudflare_catchup,cloudflare_catchup_20260726081142_11-15-H1-H2-101-102-39-73,60,73,0,13,M50,AA3041,0,11
2026-07-27T02:00:02.576Z,cloudflare_catchup,cloudflare_catchup_20260726081142_11-15-H1-H2-101-102-39-73,60,73,0,14,M172/7,AB6393,0,46
2026-07-27T02:00:02.576Z,cloudflare_catchup,cloudflare_catchup_20260726081142_11-15-H1-H2-101-102-39-73,60,73,0,15,T430,AA2661,0,38
2026-07-27T02:00:02.576Z,cloudflare_catchup,cloudflare_catchup_20260726081142_11-15-H1-H2-101-102-39-73,60,73,0,19,T424,AA7619,0,47
2026-07-27T02:01:02.199Z,cloudflare_catchup,cloudflare_catchup_20260726081142_11-15-H1-H2-101-102-39-73,60,73,0,0,T550/4,AA2825,1,13
2026-07-27T02:01:02.199Z,cloudflare_catchup,cloudflare_catchup_20260726081142_11-15-H1-H2-101-102-39-73,60,73,0,0,T550/4,AB6171,1,27
2026-07-27T02:01:02.199Z,cloudflare_catchup,cloudflare_catchup_20260726081142_11-15-H1-H2-101-102-39-73,60,73,0,4,T551/1,AB6049,0,50
2026-07-27T02:01:02.199Z,cloudflare_catchup,cloudflare_catchup_20260726081142_11-15-H1-H2-101-102-39-73,60,73,0,8,T431,AB6136,0,32
2026-07-27T02:01:02.199Z,cloudflare_catchup,cloudflare_catchup_20260726081142_11-15-H1-H2-101-102-39-73,60,73,0,9,M172/16,AA2654,0,26
2026-07-27T02:01:02.199Z,cloudflare_catchup,cloudflare_catchup_20260726081142_11-15-H1-H2-101-102-39-73,60,73,0,13,M50,AA3041,0,48
2026-07-27T02:01:02.199Z,cloudflare_catchup,cloudflare_catchup_20260726081142_11-15-H1-H2-101-102-39-73,60,73,0,14,M172/7,AB6393,0,44
2026-07-27T02:01:02.199Z,cloudflare_catchup,cloudflare_catchup_20260726081142_11-15-H1-H2-101-102-39-73,60,73,0,16,T328,AA2661,0,28
2026-07-27T02:01:02.199Z,cloudflare_catchup,cloudflare_catchup_20260726081142_11-15-H1-H2-101-102-39-73,60,73,0,19,T424,AA7619,0,49
2026-07-27T02:02:02.588Z,cloudflare_catchup,cloudflare_catchup_20260726081142_11-15-H1-H2-101-102-39-73,60,73,0,0,T550/4,AA2825,1,13
2026-07-27T02:02:02.588Z,cloudflare_catchup,cloudflare_catchup_20260726081142_11-15-H1-H2-101-102-39-73,60,73,0,1,T556,AB6171,1,15
2026-07-27T02:02:02.588Z,cloudflare_catchup,cloudflare_catchup_20260726081142_11-15-H1-H2-101-102-39-73,60,73,0,5,T425,AB6049,0,23
2026-07-27T02:02:02.588Z,cloudflare_catchup,cloudflare_catchup_20260726081142_11-15-H1-H2-101-102-39-73,60,73,0,8,T431,AB6136,0,41
2026-07-27T02:02:02.588Z,cloudflare_catchup,cloudflare_catchup_20260726081142_11-15-H1-H2-101-102-39-73,60,73,0,9,M172/16,AA2654,0,27
2026-07-27T02:02:02.588Z,cloudflare_catchup,cloudflare_catchup_20260726081142_11-15-H1-H2-101-102-39-73,60,73,0,13,M50,AA3041,0,47
2026-07-27T02:02:02.588Z,cloudflare_catchup,cloudflare_catchup_20260726081142_11-15-H1-H2-101-102-39-73,60,73,0,14,M172/7,AB6393,0,47
2026-07-27T02:02:02.588Z,cloudflare_catchup,cloudflare_catchup_20260726081142_11-15-H1-H2-101-102-39-73,60,73,0,16,T328,AA2661,0,36
2026-07-27T02:02:02.588Z,cloudflare_catchup,cloudflare_catchup_20260726081142_11-15-H1-H2-101-102-39-73,60,73,0,19,T424,AA7619,0,41
2026-07-27T02:03:01.794Z,cloudflare_catchup,cloudflare_catchup_20260726081142_11-15-H1-H2-101-102-39-73,60,73,0,0,T550/4,AA2825,1,13
2026-07-27T02:03:01.794Z,cloudflare_catchup,cloudflare_catchup_20260726081142_11-15-H1-H2-101-102-39-73,60,73,0,1,T556,AB6171,0,45
2026-07-27T02:03:01.794Z,cloudflare_catchup,cloudflare_catchup_20260726081142_11-15-H1-H2-101-102-39-73,60,73,0,6,T423,AB6049,0,48
2026-07-27T02:03:01.794Z,cloudflare_catchup,cloudflare_catchup_20260726081142_11-15-H1-H2-101-102-39-73,60,73,0,8,T431,AB6136,0,47
2026-07-27T02:03:01.794Z,cloudflare_catchup,cloudflare_catchup_20260726081142_11-15-H1-H2-101-102-39-73,60,73,0,10,M247,AA2654,1,1
2026-07-27T02:03:01.794Z,cloudflare_catchup,cloudflare_catchup_20260726081142_11-15-H1-H2-101-102-39-73,60,73,0,13,M50,AA3041,0,48
2026-07-27T02:03:01.794Z,cloudflare_catchup,cloudflare_catchup_20260726081142_11-15-H1-H2-101-102-39-73,60,73,0,14,M172/7,AB6393,0,47
2026-07-27T02:03:01.794Z,cloudflare_catchup,cloudflare_catchup_20260726081142_11-15-H1-H2-101-102-39-73,60,73,0,17,T420,AA2661,1,33
2026-07-27T02:03:01.794Z,cloudflare_catchup,cloudflare_catchup_20260726081142_11-15-H1-H2-101-102-39-73,60,73,0,20,T559,AA7619,1,31
2026-07-27T02:04:02.578Z,cloudflare_catchup,cloudflare_catchup_20260726081142_11-15-H1-H2-101-102-39-73,60,73,0,0,T550/4,AA2825,1,13
2026-07-27T02:04:02.578Z,cloudflare_catchup,cloudflare_catchup_20260726081142_11-15-H1-H2-101-102-39-73,60,73,0,2,T557,AB6171,0,48
2026-07-27T02:04:02.578Z,cloudflare_catchup,cloudflare_catchup_20260726081142_11-15-H1-H2-101-102-39-73,60,73,0,7,T421,AB6049,0,39
2026-07-27T02:04:02.578Z,cloudflare_catchup,cloudflare_catchup_20260726081142_11-15-H1-H2-101-102-39-73,60,73,0,8,T431,AB6136,0,44
2026-07-27T02:04:02.578Z,cloudflare_catchup,cloudflare_catchup_20260726081142_11-15-H1-H2-101-102-39-73,60,73,0,11,M231,AA2654,1,28
2026-07-27T02:04:02.578Z,cloudflare_catchup,cloudflare_catchup_20260726081142_11-15-H1-H2-101-102-39-73,60,73,0,13,M50,AA3041,0,32
2026-07-27T02:04:02.578Z,cloudflare_catchup,cloudflare_catchup_20260726081142_11-15-H1-H2-101-102-39-73,60,73,0,14,M172/7,AB6393,0,35
2026-07-27T02:04:02.578Z,cloudflare_catchup,cloudflare_catchup_20260726081142_11-15-H1-H2-101-102-39-73,60,73,0,18,T422,AA2661,0,41
2026-07-27T02:04:02.578Z,cloudflare_catchup,cloudflare_catchup_20260726081142_11-15-H1-H2-101-102-39-73,60,73,0,21,T552,AA7619,1,34
2026-07-27T02:05:03.621Z,cloudflare_catchup,cloudflare_catchup_20260726081142_11-15-H1-H2-101-102-39-73,60,73,0,0,T550/4,AA2825,1,13
2026-07-27T02:05:03.621Z,cloudflare_catchup,cloudflare_catchup_20260726081142_11-15-H1-H2-101-102-39-73,60,73,0,3,T558,AB6171,0,46
2026-07-27T02:05:03.621Z,cloudflare_catchup,cloudflare_catchup_20260726081142_11-15-H1-H2-101-102-39-73,60,73,0,7,T421,AB6049,0,46
2026-07-27T02:05:03.621Z,cloudflare_catchup,cloudflare_catchup_20260726081142_11-15-H1-H2-101-102-39-73,60,73,0,8,T431,AB6136,0,49
2026-07-27T02:05:03.621Z,cloudflare_catchup,cloudflare_catchup_20260726081142_11-15-H1-H2-101-102-39-73,60,73,0,11,M231,AA2654,0,26
2026-07-27T02:05:03.621Z,cloudflare_catchup,cloudflare_catchup_20260726081142_11-15-H1-H2-101-102-39-73,60,73,0,13,M50,AA3041,0,37
2026-07-27T02:05:03.621Z,cloudflare_catchup,cloudflare_catchup_20260726081142_11-15-H1-H2-101-102-39-73,60,73,0,15,T430,AB6393,0,41
2026-07-27T02:05:03.621Z,cloudflare_catchup,cloudflare_catchup_20260726081142_11-15-H1-H2-101-102-39-73,60,73,0,19,T424,AA2661,0,28
2026-07-27T02:05:03.621Z,cloudflare_catchup,cloudflare_catchup_20260726081142_11-15-H1-H2-101-102-39-73,60,73,0,22,T553,AA7619,0,44
2026-07-27T02:06:02.552Z,cloudflare_catchup,cloudflare_catchup_20260726081142_11-15-H1-H2-101-102-39-73,60,73,0,0,T550/4,AA2825,1,13
2026-07-27T02:06:02.552Z,cloudflare_catchup,cloudflare_catchup_20260726081142_11-15-H1-H2-101-102-39-73,60,73,0,3,T558,AB6171,0,27
2026-07-27T02:06:02.552Z,cloudflare_catchup,cloudflare_catchup_20260726081142_11-15-H1-H2-101-102-39-73,60,73,0,7,T421,AB6049,0,49
2026-07-27T02:06:02.552Z,cloudflare_catchup,cloudflare_catchup_20260726081142_11-15-H1-H2-101-102-39-73,60,73,0,9,M172/16,AB6136,0,16
2026-07-27T02:06:02.552Z,cloudflare_catchup,cloudflare_catchup_20260726081142_11-15-H1-H2-101-102-39-73,60,73,0,12,M219,AA2654,1,3
2026-07-27T02:06:02.552Z,cloudflare_catchup,cloudflare_catchup_20260726081142_11-15-H1-H2-101-102-39-73,60,73,0,14,M172/7,AA3041,0,20
2026-07-27T02:06:02.552Z,cloudflare_catchup,cloudflare_catchup_20260726081142_11-15-H1-H2-101-102-39-73,60,73,0,15,T430,AB6393,0,17
2026-07-27T02:06:02.552Z,cloudflare_catchup,cloudflare_catchup_20260726081142_11-15-H1-H2-101-102-39-73,60,73,0,19,T424,AA2661,0,42
2026-07-27T02:06:02.552Z,cloudflare_catchup,cloudflare_catchup_20260726081142_11-15-H1-H2-101-102-39-73,60,73,0,23,T554,AA7619,0,34
2026-07-27T02:07:01.784Z,cloudflare_catchup,cloudflare_catchup_20260726081142_11-15-H1-H2-101-102-39-73,60,73,0,0,T550/4,AA2825,1,13
2026-07-27T02:07:01.784Z,cloudflare_catchup,cloudflare_catchup_20260726081142_11-15-H1-H2-101-102-39-73,60,73,0,4,T551/1,AB6171,0,20
2026-07-27T02:07:01.784Z,cloudflare_catchup,cloudflare_catchup_20260726081142_11-15-H1-H2-101-102-39-73,60,73,0,8,T431,AB6049,0,35
2026-07-27T02:07:01.784Z,cloudflare_catchup,cloudflare_catchup_20260726081142_11-15-H1-H2-101-102-39-73,60,73,0,9,M172/16,AB6136,0,2
2026-07-27T02:07:01.784Z,cloudflare_catchup,cloudflare_catchup_20260726081142_11-15-H1-H2-101-102-39-73,60,73,0,12,M219,AA2654,0,7
2026-07-27T02:07:01.784Z,cloudflare_catchup,cloudflare_catchup_20260726081142_11-15-H1-H2-101-102-39-73,60,73,0,14,M172/7,AA3041,0,44
2026-07-27T02:07:01.784Z,cloudflare_catchup,cloudflare_catchup_20260726081142_11-15-H1-H2-101-102-39-73,60,73,0,16,T328,AB6393,0,43
2026-07-27T02:07:01.784Z,cloudflare_catchup,cloudflare_catchup_20260726081142_11-15-H1-H2-101-102-39-73,60,73,0,19,T424,AA2661,0,49
2026-07-27T02:07:01.784Z,cloudflare_catchup,cloudflare_catchup_20260726081142_11-15-H1-H2-101-102-39-73,60,73,0,23,T554,AA7619,0,36
2026-07-27T02:08:02.390Z,cloudflare_catchup,cloudflare_catchup_20260726081142_11-15-H1-H2-101-102-39-73,60,73,0,0,T550/4,AA2825,1,13
2026-07-27T02:08:02.390Z,cloudflare_catchup,cloudflare_catchup_20260726081142_11-15-H1-H2-101-102-39-73,60,73,0,0,T550/4,AB6613,0,33
2026-07-27T02:08:02.390Z,cloudflare_catchup,cloudflare_catchup_20260726081142_11-15-H1-H2-101-102-39-73,60,73,0,4,T551/1,AB6171,0,44
2026-07-27T02:08:02.390Z,cloudflare_catchup,cloudflare_catchup_20260726081142_11-15-H1-H2-101-102-39-73,60,73,0,8,T431,AB6049,0,31
2026-07-27T02:08:02.390Z,cloudflare_catchup,cloudflare_catchup_20260726081142_11-15-H1-H2-101-102-39-73,60,73,0,9,M172/16,AB6136,0,48
2026-07-27T02:08:02.390Z,cloudflare_catchup,cloudflare_catchup_20260726081142_11-15-H1-H2-101-102-39-73,60,73,0,12,M219,AA2654,0,7
2026-07-27T02:08:02.390Z,cloudflare_catchup,cloudflare_catchup_20260726081142_11-15-H1-H2-101-102-39-73,60,73,0,14,M172/7,AA3041,0,48
2026-07-27T02:08:02.390Z,cloudflare_catchup,cloudflare_catchup_20260726081142_11-15-H1-H2-101-102-39-73,60,73,0,16,T328,AB6393,0,35
2026-07-27T02:08:02.390Z,cloudflare_catchup,cloudflare_catchup_20260726081142_11-15-H1-H2-101-102-39-73,60,73,0,20,T559,AA2661,1,42
2026-07-27T02:08:02.390Z,cloudflare_catchup,cloudflare_catchup_20260726081142_11-15-H1-H2-101-102-39-73,60,73,0,24,T555/2,AA7619,0,44
2026-07-27T02:09:02.316Z,cloudflare_catchup,cloudflare_catchup_20260726081142_11-15-H1-H2-101-102-39-73,60,73,0,0,T550/4,AA2825,1,13
2026-07-27T02:09:02.316Z,cloudflare_catchup,cloudflare_catchup_20260726081142_11-15-H1-H2-101-102-39-73,60,73,0,1,T556,AB6613,0,29
2026-07-27T02:09:02.316Z,cloudflare_catchup,cloudflare_catchup_20260726081142_11-15-H1-H2-101-102-39-73,60,73,0,4,T551/1,AB6171,0,45
2026-07-27T02:09:02.316Z,cloudflare_catchup,cloudflare_catchup_20260726081142_11-15-H1-H2-101-102-39-73,60,73,0,8,T431,AB6049,0,46
2026-07-27T02:09:02.316Z,cloudflare_catchup,cloudflare_catchup_20260726081142_11-15-H1-H2-101-102-39-73,60,73,0,9,M172/16,AB6136,0,48
2026-07-27T02:09:02.316Z,cloudflare_catchup,cloudflare_catchup_20260726081142_11-15-H1-H2-101-102-39-73,60,73,0,13,M50,AA2654,1,25
2026-07-27T02:09:02.316Z,cloudflare_catchup,cloudflare_catchup_20260726081142_11-15-H1-H2-101-102-39-73,60,73,0,14,M172/7,AA3041,0,48
2026-07-27T02:09:02.316Z,cloudflare_catchup,cloudflare_catchup_20260726081142_11-15-H1-H2-101-102-39-73,60,73,0,17,T420,AB6393,0,47
2026-07-27T02:09:02.316Z,cloudflare_catchup,cloudflare_catchup_20260726081142_11-15-H1-H2-101-102-39-73,60,73,0,20,T559,AA2661,1,3
2026-07-27T02:09:02.316Z,cloudflare_catchup,cloudflare_catchup_20260726081142_11-15-H1-H2-101-102-39-73,60,73,0,25,T550/4,AA7619,1,0
2026-07-27T02:10:03.032Z,cloudflare_catchup,cloudflare_catchup_20260726081142_11-15-H1-H2-101-102-39-73,60,73,0,0,T550/4,AA2825,1,13
2026-07-27T02:10:03.032Z,cloudflare_catchup,cloudflare_catchup_20260726081142_11-15-H1-H2-101-102-39-73,60,73,0,1,T556,AB6613,0,46
2026-07-27T02:10:03.032Z,cloudflare_catchup,cloudflare_catchup_20260726081142_11-15-H1-H2-101-102-39-73,60,73,0,5,T425,AB6171,0,48
2026-07-27T02:10:03.032Z,cloudflare_catchup,cloudflare_catchup_20260726081142_11-15-H1-H2-101-102-39-73,60,73,0,8,T431,AB6049,0,44
2026-07-27T02:10:03.032Z,cloudflare_catchup,cloudflare_catchup_20260726081142_11-15-H1-H2-101-102-39-73,60,73,0,9,M172/16,AB6136,0,34
2026-07-27T02:10:03.032Z,cloudflare_catchup,cloudflare_catchup_20260726081142_11-15-H1-H2-101-102-39-73,60,73,0,13,M50,AA2654,0,10
2026-07-27T02:10:03.032Z,cloudflare_catchup,cloudflare_catchup_20260726081142_11-15-H1-H2-101-102-39-73,60,73,0,14,M172/7,AA3041,0,11
2026-07-27T02:10:03.032Z,cloudflare_catchup,cloudflare_catchup_20260726081142_11-15-H1-H2-101-102-39-73,60,73,0,18,T422,AB6393,0,36
2026-07-27T02:10:03.032Z,cloudflare_catchup,cloudflare_catchup_20260726081142_11-15-H1-H2-101-102-39-73,60,73,0,21,T552,AA2661,0,28
2026-07-27T02:10:03.032Z,cloudflare_catchup,cloudflare_catchup_20260726081142_11-15-H1-H2-101-102-39-73,60,73,0,25,T550/4,AA7619,1,0
2026-07-27T02:11:01.745Z,cloudflare_catchup,cloudflare_catchup_20260726081142_11-15-H1-H2-101-102-39-73,60,73,0,0,T550/4,AA2825,1,13
2026-07-27T02:11:01.745Z,cloudflare_catchup,cloudflare_catchup_20260726081142_11-15-H1-H2-101-102-39-73,60,73,0,2,T557,AB6613,0,38
2026-07-27T02:11:01.745Z,cloudflare_catchup,cloudflare_catchup_20260726081142_11-15-H1-H2-101-102-39-73,60,73,0,6,T423,AB6171,0,34
2026-07-27T02:11:01.745Z,cloudflare_catchup,cloudflare_catchup_20260726081142_11-15-H1-H2-101-102-39-73,60,73,0,8,T431,AB6049,0,49
2026-07-27T02:11:01.745Z,cloudflare_catchup,cloudflare_catchup_20260726081142_11-15-H1-H2-101-102-39-73,60,73,0,9,M172/16,AB6136,0,23
2026-07-27T02:11:01.745Z,cloudflare_catchup,cloudflare_catchup_20260726081142_11-15-H1-H2-101-102-39-73,60,73,0,13,M50,AA2654,0,49
2026-07-27T02:11:01.745Z,cloudflare_catchup,cloudflare_catchup_20260726081142_11-15-H1-H2-101-102-39-73,60,73,0,15,T430,AA3041,1,46
2026-07-27T02:11:01.745Z,cloudflare_catchup,cloudflare_catchup_20260726081142_11-15-H1-H2-101-102-39-73,60,73,0,19,T424,AB6393,1,48
2026-07-27T02:11:01.745Z,cloudflare_catchup,cloudflare_catchup_20260726081142_11-15-H1-H2-101-102-39-73,60,73,0,22,T553,AA2661,0,30
2026-07-27T02:11:01.745Z,cloudflare_catchup,cloudflare_catchup_20260726081142_11-15-H1-H2-101-102-39-73,60,73,0,25,T550/4,AA7619,1,0
2026-07-27T02:12:02.419Z,cloudflare_catchup,cloudflare_catchup_20260726081142_11-15-H1-H2-101-102-39-73,60,73,0,0,T550/4,AA2825,1,13
2026-07-27T02:12:02.419Z,cloudflare_catchup,cloudflare_catchup_20260726081142_11-15-H1-H2-101-102-39-73,60,73,0,3,T558,AB6613,0,43
2026-07-27T02:12:02.419Z,cloudflare_catchup,cloudflare_catchup_20260726081142_11-15-H1-H2-101-102-39-73,60,73,0,7,T421,AB6171,0,22
2026-07-27T02:12:02.419Z,cloudflare_catchup,cloudflare_catchup_20260726081142_11-15-H1-H2-101-102-39-73,60,73,0,9,M172/16,AB6136,0,19
2026-07-27T02:12:02.419Z,cloudflare_catchup,cloudflare_catchup_20260726081142_11-15-H1-H2-101-102-39-73,60,73,0,9,M172/16,AB6049,0,19
2026-07-27T02:12:02.419Z,cloudflare_catchup,cloudflare_catchup_20260726081142_11-15-H1-H2-101-102-39-73,60,73,0,13,M50,AA2654,0,36
2026-07-27T02:12:02.419Z,cloudflare_catchup,cloudflare_catchup_20260726081142_11-15-H1-H2-101-102-39-73,60,73,0,15,T430,AA3041,0,50
2026-07-27T02:12:02.419Z,cloudflare_catchup,cloudflare_catchup_20260726081142_11-15-H1-H2-101-102-39-73,60,73,0,19,T424,AB6393,0,47
2026-07-27T02:12:02.419Z,cloudflare_catchup,cloudflare_catchup_20260726081142_11-15-H1-H2-101-102-39-73,60,73,0,23,T554,AA2661,0,21
2026-07-27T02:12:02.419Z,cloudflare_catchup,cloudflare_catchup_20260726081142_11-15-H1-H2-101-102-39-73,60,73,0,25,T550/4,AA7619,1,0
2026-07-27T02:13:01.770Z,cloudflare_catchup,cloudflare_catchup_20260726081142_11-15-H1-H2-101-102-39-73,60,73,0,0,T550/4,AA2825,1,13
2026-07-27T02:13:01.770Z,cloudflare_catchup,cloudflare_catchup_20260726081142_11-15-H1-H2-101-102-39-73,60,73,0,3,T558,AB6613,0,24
2026-07-27T02:13:01.770Z,cloudflare_catchup,cloudflare_catchup_20260726081142_11-15-H1-H2-101-102-39-73,60,73,0,7,T421,AB6171,0,45
2026-07-27T02:13:01.770Z,cloudflare_catchup,cloudflare_catchup_20260726081142_11-15-H1-H2-101-102-39-73,60,73,0,9,M172/16,AB6136,0,14
2026-07-27T02:13:01.770Z,cloudflare_catchup,cloudflare_catchup_20260726081142_11-15-H1-H2-101-102-39-73,60,73,0,9,M172/16,AB6049,0,28
2026-07-27T02:13:01.770Z,cloudflare_catchup,cloudflare_catchup_20260726081142_11-15-H1-H2-101-102-39-73,60,73,0,13,M50,AA2654,0,48
2026-07-27T02:13:01.770Z,cloudflare_catchup,cloudflare_catchup_20260726081142_11-15-H1-H2-101-102-39-73,60,73,0,16,T328,AA3041,0,3
2026-07-27T02:13:01.770Z,cloudflare_catchup,cloudflare_catchup_20260726081142_11-15-H1-H2-101-102-39-73,60,73,0,19,T424,AB6393,0,47
2026-07-27T02:13:01.770Z,cloudflare_catchup,cloudflare_catchup_20260726081142_11-15-H1-H2-101-102-39-73,60,73,0,23,T554,AA2661,0,36
2026-07-27T02:13:01.770Z,cloudflare_catchup,cloudflare_catchup_20260726081142_11-15-H1-H2-101-102-39-73,60,73,0,25,T550/4,AA7619,1,0
2026-07-27T02:14:02.568Z,cloudflare_catchup,cloudflare_catchup_20260726081142_11-15-H1-H2-101-102-39-73,60,73,0,0,T550/4,AA2825,0,11
2026-07-27T02:14:02.568Z,cloudflare_catchup,cloudflare_catchup_20260726081142_11-15-H1-H2-101-102-39-73,60,73,0,4,T551/1,AB6613,0,2
2026-07-27T02:14:02.568Z,cloudflare_catchup,cloudflare_catchup_20260726081142_11-15-H1-H2-101-102-39-73,60,73,0,7,T421,AB6171,0,50
2026-07-27T02:14:02.568Z,cloudflare_catchup,cloudflare_catchup_20260726081142_11-15-H1-H2-101-102-39-73,60,73,0,9,M172/16,AB6136,0,15
2026-07-27T02:14:02.568Z,cloudflare_catchup,cloudflare_catchup_20260726081142_11-15-H1-H2-101-102-39-73,60,73,0,9,M172/16,AB6049,0,44
2026-07-27T02:14:02.568Z,cloudflare_catchup,cloudflare_catchup_20260726081142_11-15-H1-H2-101-102-39-73,60,73,0,13,M50,AA2654,0,36
2026-07-27T02:14:02.568Z,cloudflare_catchup,cloudflare_catchup_20260726081142_11-15-H1-H2-101-102-39-73,60,73,0,16,T328,AA3041,0,33
2026-07-27T02:14:02.568Z,cloudflare_catchup,cloudflare_catchup_20260726081142_11-15-H1-H2-101-102-39-73,60,73,0,19,T424,AB6393,0,45
2026-07-27T02:14:02.568Z,cloudflare_catchup,cloudflare_catchup_20260726081142_11-15-H1-H2-101-102-39-73,60,73,0,24,T555/2,AA2661,0,20
2026-07-27T02:15:03.406Z,cloudflare_catchup,cloudflare_catchup_20260726081142_11-15-H1-H2-101-102-39-73,60,73,0,1,T556,AA2825,0,32
2026-07-27T02:15:03.406Z,cloudflare_catchup,cloudflare_catchup_20260726081142_11-15-H1-H2-101-102-39-73,60,73,0,4,T551/1,AB6613,0,47
2026-07-27T02:15:03.406Z,cloudflare_catchup,cloudflare_catchup_20260726081142_11-15-H1-H2-101-102-39-73,60,73,0,8,T431,AB6171,1,38
2026-07-27T02:15:03.406Z,cloudflare_catchup,cloudflare_catchup_20260726081142_11-15-H1-H2-101-102-39-73,60,73,0,9,M172/16,AB6049,0,41
2026-07-27T02:15:03.406Z,cloudflare_catchup,cloudflare_catchup_20260726081142_11-15-H1-H2-101-102-39-73,60,73,0,10,M247,AB6136,1,37
2026-07-27T02:15:03.406Z,cloudflare_catchup,cloudflare_catchup_20260726081142_11-15-H1-H2-101-102-39-73,60,73,0,13,M50,AA2654,0,45
2026-07-27T02:15:03.406Z,cloudflare_catchup,cloudflare_catchup_20260726081142_11-15-H1-H2-101-102-39-73,60,73,0,17,T420,AA3041,0,19
2026-07-27T02:15:03.406Z,cloudflare_catchup,cloudflare_catchup_20260726081142_11-15-H1-H2-101-102-39-73,60,73,0,20,T559,AB6393,0,3
2026-07-27T02:15:03.406Z,cloudflare_catchup,cloudflare_catchup_20260726081142_11-15-H1-H2-101-102-39-73,60,73,0,25,T550/4,AA2661,1,0
2026-07-27T02:16:02.416Z,cloudflare_catchup,cloudflare_catchup_20260726081142_11-15-H1-H2-101-102-39-73,60,73,0,1,T556,AA2825,0,41
2026-07-27T02:16:02.416Z,cloudflare_catchup,cloudflare_catchup_20260726081142_11-15-H1-H2-101-102-39-73,60,73,0,4,T551/1,AB6613,0,36
2026-07-27T02:16:02.416Z,cloudflare_catchup,cloudflare_catchup_20260726081142_11-15-H1-H2-101-102-39-73,60,73,0,8,T431,AB6171,0,49
2026-07-27T02:16:02.416Z,cloudflare_catchup,cloudflare_catchup_20260726081142_11-15-H1-H2-101-102-39-73,60,73,0,9,M172/16,AB6049,0,40
2026-07-27T02:16:02.416Z,cloudflare_catchup,cloudflare_catchup_20260726081142_11-15-H1-H2-101-102-39-73,60,73,0,11,M231,AB6136,1,43
2026-07-27T02:16:02.416Z,cloudflare_catchup,cloudflare_catchup_20260726081142_11-15-H1-H2-101-102-39-73,60,73,0,14,M172/7,AA2654,0,2
2026-07-27T02:16:02.416Z,cloudflare_catchup,cloudflare_catchup_20260726081142_11-15-H1-H2-101-102-39-73,60,73,0,18,T422,AA3041,0,48
2026-07-27T02:16:02.416Z,cloudflare_catchup,cloudflare_catchup_20260726081142_11-15-H1-H2-101-102-39-73,60,73,0,22,T553,AB6393,1,44
2026-07-27T02:16:02.416Z,cloudflare_catchup,cloudflare_catchup_20260726081142_11-15-H1-H2-101-102-39-73,60,73,0,25,T550/4,AA2661,1,0
2026-07-27T02:17:01.948Z,cloudflare_catchup,cloudflare_catchup_20260726081142_11-15-H1-H2-101-102-39-73,60,73,0,2,T557,AA2825,0,31
2026-07-27T02:17:01.948Z,cloudflare_catchup,cloudflare_catchup_20260726081142_11-15-H1-H2-101-102-39-73,60,73,0,5,T425,AB6613,1,41
2026-07-27T02:17:01.948Z,cloudflare_catchup,cloudflare_catchup_20260726081142_11-15-H1-H2-101-102-39-73,60,73,0,8,T431,AB6171,0,47
2026-07-27T02:17:01.948Z,cloudflare_catchup,cloudflare_catchup_20260726081142_11-15-H1-H2-101-102-39-73,60,73,0,9,M172/16,AB6049,0,30
2026-07-27T02:17:01.948Z,cloudflare_catchup,cloudflare_catchup_20260726081142_11-15-H1-H2-101-102-39-73,60,73,0,11,M231,AB6136,0,12
2026-07-27T02:17:01.948Z,cloudflare_catchup,cloudflare_catchup_20260726081142_11-15-H1-H2-101-102-39-73,60,73,0,14,M172/7,AA2654,0,21
2026-07-27T02:17:01.948Z,cloudflare_catchup,cloudflare_catchup_20260726081142_11-15-H1-H2-101-102-39-73,60,73,0,19,T424,AA3041,0,48
2026-07-27T02:17:01.948Z,cloudflare_catchup,cloudflare_catchup_20260726081142_11-15-H1-H2-101-102-39-73,60,73,0,23,T554,AB6393,1,4
2026-07-27T02:17:01.948Z,cloudflare_catchup,cloudflare_catchup_20260726081142_11-15-H1-H2-101-102-39-73,60,73,0,25,T550/4,AA2661,1,0
2026-07-27T02:18:02.511Z,cloudflare_catchup,cloudflare_catchup_20260726081142_11-15-H1-H2-101-102-39-73,60,73,0,3,T558,AA2825,0,47
2026-07-27T02:18:02.511Z,cloudflare_catchup,cloudflare_catchup_20260726081142_11-15-H1-H2-101-102-39-73,60,73,0,6,T423,AB6613,1,15
2026-07-27T02:18:02.511Z,cloudflare_catchup,cloudflare_catchup_20260726081142_11-15-H1-H2-101-102-39-73,60,73,0,8,T431,AB6171,0,44
2026-07-27T02:18:02.511Z,cloudflare_catchup,cloudflare_catchup_20260726081142_11-15-H1-H2-101-102-39-73,60,73,0,9,M172/16,AB6049,0,24
2026-07-27T02:18:02.511Z,cloudflare_catchup,cloudflare_catchup_20260726081142_11-15-H1-H2-101-102-39-73,60,73,0,12,M219,AB6136,0,3
2026-07-27T02:18:02.511Z,cloudflare_catchup,cloudflare_catchup_20260726081142_11-15-H1-H2-101-102-39-73,60,73,0,14,M172/7,AA2654,0,44
2026-07-27T02:18:02.511Z,cloudflare_catchup,cloudflare_catchup_20260726081142_11-15-H1-H2-101-102-39-73,60,73,0,19,T424,AA3041,0,50
2026-07-27T02:18:02.511Z,cloudflare_catchup,cloudflare_catchup_20260726081142_11-15-H1-H2-101-102-39-73,60,73,0,23,T554,AB6393,0,47
2026-07-27T02:18:02.511Z,cloudflare_catchup,cloudflare_catchup_20260726081142_11-15-H1-H2-101-102-39-73,60,73,0,25,T550/4,AA2661,1,0
2026-07-27T02:19:01.803Z,cloudflare_catchup,cloudflare_catchup_20260726081142_11-15-H1-H2-101-102-39-73,60,73,0,3,T558,AA2825,0,47
2026-07-27T02:19:01.803Z,cloudflare_catchup,cloudflare_catchup_20260726081142_11-15-H1-H2-101-102-39-73,60,73,0,7,T421,AB6613,0,44
2026-07-27T02:19:01.803Z,cloudflare_catchup,cloudflare_catchup_20260726081142_11-15-H1-H2-101-102-39-73,60,73,0,8,T431,AB6171,0,46
2026-07-27T02:19:01.803Z,cloudflare_catchup,cloudflare_catchup_20260726081142_11-15-H1-H2-101-102-39-73,60,73,0,9,M172/16,AB6049,0,25
2026-07-27T02:19:01.803Z,cloudflare_catchup,cloudflare_catchup_20260726081142_11-15-H1-H2-101-102-39-73,60,73,0,12,M219,AB6136,0,7
2026-07-27T02:19:01.803Z,cloudflare_catchup,cloudflare_catchup_20260726081142_11-15-H1-H2-101-102-39-73,60,73,0,14,M172/7,AA2654,0,50
2026-07-27T02:19:01.803Z,cloudflare_catchup,cloudflare_catchup_20260726081142_11-15-H1-H2-101-102-39-73,60,73,0,19,T424,AA3041,0,47
2026-07-27T02:19:01.803Z,cloudflare_catchup,cloudflare_catchup_20260726081142_11-15-H1-H2-101-102-39-73,60,73,0,24,T555/2,AB6393,0,38
2026-07-27T02:19:01.803Z,cloudflare_catchup,cloudflare_catchup_20260726081142_11-15-H1-H2-101-102-39-73,60,73,0,25,T550/4,AA2661,1,0
2026-07-27T02:20:02.615Z,cloudflare_catchup,cloudflare_catchup_20260726081142_11-15-H1-H2-101-102-39-73,60,73,0,0,T550/4,AA5945,1,46
2026-07-27T02:20:02.615Z,cloudflare_catchup,cloudflare_catchup_20260726081142_11-15-H1-H2-101-102-39-73,60,73,0,4,T551/1,AA2825,0,48
2026-07-27T02:20:02.615Z,cloudflare_catchup,cloudflare_catchup_20260726081142_11-15-H1-H2-101-102-39-73,60,73,0,7,T421,AB6613,0,46
2026-07-27T02:20:02.615Z,cloudflare_catchup,cloudflare_catchup_20260726081142_11-15-H1-H2-101-102-39-73,60,73,0,9,M172/16,AB6049,0,11
2026-07-27T02:20:02.615Z,cloudflare_catchup,cloudflare_catchup_20260726081142_11-15-H1-H2-101-102-39-73,60,73,0,9,M172/16,AB6171,1,34
2026-07-27T02:20:02.615Z,cloudflare_catchup,cloudflare_catchup_20260726081142_11-15-H1-H2-101-102-39-73,60,73,0,12,M219,AB6136,0,7
2026-07-27T02:20:02.615Z,cloudflare_catchup,cloudflare_catchup_20260726081142_11-15-H1-H2-101-102-39-73,60,73,0,14,M172/7,AA2654,0,48
2026-07-27T02:20:02.615Z,cloudflare_catchup,cloudflare_catchup_20260726081142_11-15-H1-H2-101-102-39-73,60,73,0,20,T559,AA3041,1,4
2026-07-27T02:20:02.615Z,cloudflare_catchup,cloudflare_catchup_20260726081142_11-15-H1-H2-101-102-39-73,60,73,0,25,T550/4,AB6393,1,0
2026-07-27T02:21:01.760Z,cloudflare_catchup,cloudflare_catchup_20260726081142_11-15-H1-H2-101-102-39-73,60,73,0,0,T550/4,AA5945,0,29
2026-07-27T02:21:01.760Z,cloudflare_catchup,cloudflare_catchup_20260726081142_11-15-H1-H2-101-102-39-73,60,73,0,4,T551/1,AA2825,0,49
2026-07-27T02:21:01.760Z,cloudflare_catchup,cloudflare_catchup_20260726081142_11-15-H1-H2-101-102-39-73,60,73,0,7,T421,AB6613,0,48
2026-07-27T02:21:01.760Z,cloudflare_catchup,cloudflare_catchup_20260726081142_11-15-H1-H2-101-102-39-73,60,73,0,9,M172/16,AB6171,0,32
2026-07-27T02:21:01.760Z,cloudflare_catchup,cloudflare_catchup_20260726081142_11-15-H1-H2-101-102-39-73,60,73,0,10,M247,AB6049,0,14
2026-07-27T02:21:01.760Z,cloudflare_catchup,cloudflare_catchup_20260726081142_11-15-H1-H2-101-102-39-73,60,73,0,13,M50,AB6136,1,36
2026-07-27T02:21:01.760Z,cloudflare_catchup,cloudflare_catchup_20260726081142_11-15-H1-H2-101-102-39-73,60,73,0,14,M172/7,AA2654,0,2
2026-07-27T02:21:01.760Z,cloudflare_catchup,cloudflare_catchup_20260726081142_11-15-H1-H2-101-102-39-73,60,73,0,21,T552,AA3041,1,32
2026-07-27T02:21:01.760Z,cloudflare_catchup,cloudflare_catchup_20260726081142_11-15-H1-H2-101-102-39-73,60,73,0,25,T550/4,AB6393,1,0
2026-07-27T02:22:02.351Z,cloudflare_catchup,cloudflare_catchup_20260726081142_11-15-H1-H2-101-102-39-73,60,73,0,1,T556,AA5945,0,36
2026-07-27T02:22:02.351Z,cloudflare_catchup,cloudflare_catchup_20260726081142_11-15-H1-H2-101-102-39-73,60,73,0,4,T551/1,AA2825,0,45
2026-07-27T02:22:02.351Z,cloudflare_catchup,cloudflare_catchup_20260726081142_11-15-H1-H2-101-102-39-73,60,73,0,7,T421,AB6613,0,33
2026-07-27T02:22:02.351Z,cloudflare_catchup,cloudflare_catchup_20260726081142_11-15-H1-H2-101-102-39-73,60,73,0,9,M172/16,AB6171,0,40
2026-07-27T02:22:02.351Z,cloudflare_catchup,cloudflare_catchup_20260726081142_11-15-H1-H2-101-102-39-73,60,73,0,11,M231,AB6049,0,1
2026-07-27T02:22:02.351Z,cloudflare_catchup,cloudflare_catchup_20260726081142_11-15-H1-H2-101-102-39-73,60,73,0,13,M50,AB6136,0,24
2026-07-27T02:22:02.351Z,cloudflare_catchup,cloudflare_catchup_20260726081142_11-15-H1-H2-101-102-39-73,60,73,0,14,M172/7,AA2654,0,46
2026-07-27T02:22:02.351Z,cloudflare_catchup,cloudflare_catchup_20260726081142_11-15-H1-H2-101-102-39-73,60,73,0,22,T553,AA3041,0,45
2026-07-27T02:22:02.351Z,cloudflare_catchup,cloudflare_catchup_20260726081142_11-15-H1-H2-101-102-39-73,60,73,0,25,T550/4,AB6393,1,0
2026-07-27T02:23:01.725Z,cloudflare_catchup,cloudflare_catchup_20260726081142_11-15-H1-H2-101-102-39-73,60,73,0,2,T557,AA5945,1,39
2026-07-27T02:23:01.725Z,cloudflare_catchup,cloudflare_catchup_20260726081142_11-15-H1-H2-101-102-39-73,60,73,0,5,T425,AA2825,0,42
2026-07-27T02:23:01.725Z,cloudflare_catchup,cloudflare_catchup_20260726081142_11-15-H1-H2-101-102-39-73,60,73,0,8,T431,AB6613,0,47
2026-07-27T02:23:01.725Z,cloudflare_catchup,cloudflare_catchup_20260726081142_11-15-H1-H2-101-102-39-73,60,73,0,9,M172/16,AB6171,0,46
2026-07-27T02:23:01.725Z,cloudflare_catchup,cloudflare_catchup_20260726081142_11-15-H1-H2-101-102-39-73,60,73,0,12,M219,AB6049,1,8
2026-07-27T02:23:01.725Z,cloudflare_catchup,cloudflare_catchup_20260726081142_11-15-H1-H2-101-102-39-73,60,73,0,13,M50,AB6136,0,47
2026-07-27T02:23:01.725Z,cloudflare_catchup,cloudflare_catchup_20260726081142_11-15-H1-H2-101-102-39-73,60,73,0,15,T430,AA2654,0,47
2026-07-27T02:23:01.725Z,cloudflare_catchup,cloudflare_catchup_20260726081142_11-15-H1-H2-101-102-39-73,60,73,0,23,T554,AA3041,0,50
2026-07-27T02:23:01.725Z,cloudflare_catchup,cloudflare_catchup_20260726081142_11-15-H1-H2-101-102-39-73,60,73,0,25,T550/4,AB6393,1,0
2026-07-27T02:24:02.465Z,cloudflare_catchup,cloudflare_catchup_20260726081142_11-15-H1-H2-101-102-39-73,60,73,0,3,T558,AA5945,1,39
2026-07-27T02:24:02.465Z,cloudflare_catchup,cloudflare_catchup_20260726081142_11-15-H1-H2-101-102-39-73,60,73,0,6,T423,AA2825,0,41
2026-07-27T02:24:02.465Z,cloudflare_catchup,cloudflare_catchup_20260726081142_11-15-H1-H2-101-102-39-73,60,73,0,8,T431,AB6613,0,48
2026-07-27T02:24:02.465Z,cloudflare_catchup,cloudflare_catchup_20260726081142_11-15-H1-H2-101-102-39-73,60,73,0,9,M172/16,AB6171,0,30
2026-07-27T02:24:02.465Z,cloudflare_catchup,cloudflare_catchup_20260726081142_11-15-H1-H2-101-102-39-73,60,73,0,12,M219,AB6049,0,2
2026-07-27T02:24:02.465Z,cloudflare_catchup,cloudflare_catchup_20260726081142_11-15-H1-H2-101-102-39-73,60,73,0,13,M50,AB6136,0,47
2026-07-27T02:24:02.465Z,cloudflare_catchup,cloudflare_catchup_20260726081142_11-15-H1-H2-101-102-39-73,60,73,0,16,T328,AA2654,0,48
2026-07-27T02:24:02.465Z,cloudflare_catchup,cloudflare_catchup_20260726081142_11-15-H1-H2-101-102-39-73,60,73,0,24,T555/2,AA3041,1,11
2026-07-27T02:24:02.465Z,cloudflare_catchup,cloudflare_catchup_20260726081142_11-15-H1-H2-101-102-39-73,60,73,0,25,T550/4,AB6393,1,0
2026-07-27T02:25:03.179Z,cloudflare_catchup,cloudflare_catchup_20260726081142_11-15-H1-H2-101-102-39-73,60,73,0,3,T558,AA5945,0,37
2026-07-27T02:25:03.179Z,cloudflare_catchup,cloudflare_catchup_20260726081142_11-15-H1-H2-101-102-39-73,60,73,0,7,T421,AA2825,0,16
2026-07-27T02:25:03.179Z,cloudflare_catchup,cloudflare_catchup_20260726081142_11-15-H1-H2-101-102-39-73,60,73,0,8,T431,AB6613,0,44
2026-07-27T02:25:03.179Z,cloudflare_catchup,cloudflare_catchup_20260726081142_11-15-H1-H2-101-102-39-73,60,73,0,9,M172/16,AB6171,0,22
2026-07-27T02:25:03.179Z,cloudflare_catchup,cloudflare_catchup_20260726081142_11-15-H1-H2-101-102-39-73,60,73,0,13,M50,AB6136,0,47
2026-07-27T02:25:03.179Z,cloudflare_catchup,cloudflare_catchup_20260726081142_11-15-H1-H2-101-102-39-73,60,73,0,13,M50,AB6049,1,20
2026-07-27T02:25:03.179Z,cloudflare_catchup,cloudflare_catchup_20260726081142_11-15-H1-H2-101-102-39-73,60,73,0,16,T328,AA2654,0,27
2026-07-27T02:25:03.179Z,cloudflare_catchup,cloudflare_catchup_20260726081142_11-15-H1-H2-101-102-39-73,60,73,0,24,T555/2,AA3041,0,44
2026-07-27T02:26:02.726Z,cloudflare_catchup,cloudflare_catchup_20260726081142_11-15-H1-H2-101-102-39-73,60,73,0,4,T551/1,AA5945,0,41
2026-07-27T02:26:02.726Z,cloudflare_catchup,cloudflare_catchup_20260726081142_11-15-H1-H2-101-102-39-73,60,73,0,7,T421,AA2825,0,43
2026-07-27T02:26:02.726Z,cloudflare_catchup,cloudflare_catchup_20260726081142_11-15-H1-H2-101-102-39-73,60,73,0,8,T431,AB6613,0,48
2026-07-27T02:26:02.726Z,cloudflare_catchup,cloudflare_catchup_20260726081142_11-15-H1-H2-101-102-39-73,60,73,0,9,M172/16,AB6171,0,7
2026-07-27T02:26:02.726Z,cloudflare_catchup,cloudflare_catchup_20260726081142_11-15-H1-H2-101-102-39-73,60,73,0,13,M50,AB6136,0,33
2026-07-27T02:26:02.726Z,cloudflare_catchup,cloudflare_catchup_20260726081142_11-15-H1-H2-101-102-39-73,60,73,0,13,M50,AB6049,1,20
2026-07-27T02:26:02.726Z,cloudflare_catchup,cloudflare_catchup_20260726081142_11-15-H1-H2-101-102-39-73,60,73,0,17,T420,AA2654,0,2
2026-07-27T02:26:02.726Z,cloudflare_catchup,cloudflare_catchup_20260726081142_11-15-H1-H2-101-102-39-73,60,73,0,25,T550/4,AA3041,1,0
2026-07-27T02:27:02.303Z,cloudflare_catchup,cloudflare_catchup_20260726081142_11-15-H1-H2-101-102-39-73,60,73,0,0,T550/4,AA2661,1,14
2026-07-27T02:27:02.303Z,cloudflare_catchup,cloudflare_catchup_20260726081142_11-15-H1-H2-101-102-39-73,60,73,0,4,T551/1,AA5945,0,44
2026-07-27T02:27:02.303Z,cloudflare_catchup,cloudflare_catchup_20260726081142_11-15-H1-H2-101-102-39-73,60,73,0,7,T421,AA2825,0,48
2026-07-27T02:27:02.303Z,cloudflare_catchup,cloudflare_catchup_20260726081142_11-15-H1-H2-101-102-39-73,60,73,0,9,M172/16,AB6171,0,48
2026-07-27T02:27:02.303Z,cloudflare_catchup,cloudflare_catchup_20260726081142_11-15-H1-H2-101-102-39-73,60,73,0,9,M172/16,AB6613,1,23
2026-07-27T02:27:02.303Z,cloudflare_catchup,cloudflare_catchup_20260726081142_11-15-H1-H2-101-102-39-73,60,73,0,13,M50,AB6136,0,43
2026-07-27T02:27:02.303Z,cloudflare_catchup,cloudflare_catchup_20260726081142_11-15-H1-H2-101-102-39-73,60,73,0,13,M50,AB6049,0,49
2026-07-27T02:27:02.303Z,cloudflare_catchup,cloudflare_catchup_20260726081142_11-15-H1-H2-101-102-39-73,60,73,0,18,T422,AA2654,0,24
2026-07-27T02:27:02.303Z,cloudflare_catchup,cloudflare_catchup_20260726081142_11-15-H1-H2-101-102-39-73,60,73,0,25,T550/4,AA3041,1,0
2026-07-27T02:28:02.586Z,cloudflare_catchup,cloudflare_catchup_20260726081142_11-15-H1-H2-101-102-39-73,60,73,0,1,T556,AA2661,1,42
2026-07-27T02:28:02.586Z,cloudflare_catchup,cloudflare_catchup_20260726081142_11-15-H1-H2-101-102-39-73,60,73,0,4,T551/1,AA5945,0,44
2026-07-27T02:28:02.586Z,cloudflare_catchup,cloudflare_catchup_20260726081142_11-15-H1-H2-101-102-39-73,60,73,0,7,T421,AA2825,0,34
2026-07-27T02:28:02.586Z,cloudflare_catchup,cloudflare_catchup_20260726081142_11-15-H1-H2-101-102-39-73,60,73,0,9,M172/16,AB6171,0,11
2026-07-27T02:28:02.586Z,cloudflare_catchup,cloudflare_catchup_20260726081142_11-15-H1-H2-101-102-39-73,60,73,0,9,M172/16,AB6613,0,31
2026-07-27T02:28:02.586Z,cloudflare_catchup,cloudflare_catchup_20260726081142_11-15-H1-H2-101-102-39-73,60,73,0,13,M50,AB6049,0,47
2026-07-27T02:28:02.586Z,cloudflare_catchup,cloudflare_catchup_20260726081142_11-15-H1-H2-101-102-39-73,60,73,0,14,M172/7,AB6136,1,8
2026-07-27T02:28:02.586Z,cloudflare_catchup,cloudflare_catchup_20260726081142_11-15-H1-H2-101-102-39-73,60,73,0,19,T424,AA2654,0,39
2026-07-27T02:28:02.586Z,cloudflare_catchup,cloudflare_catchup_20260726081142_11-15-H1-H2-101-102-39-73,60,73,0,25,T550/4,AA3041,1,0
2026-07-27T02:29:02.164Z,cloudflare_catchup,cloudflare_catchup_20260726081142_11-15-H1-H2-101-102-39-73,60,73,0,1,T556,AA2661,0,34
2026-07-27T02:29:02.164Z,cloudflare_catchup,cloudflare_catchup_20260726081142_11-15-H1-H2-101-102-39-73,60,73,0,5,T425,AA5945,1,1
2026-07-27T02:29:02.164Z,cloudflare_catchup,cloudflare_catchup_20260726081142_11-15-H1-H2-101-102-39-73,60,73,0,8,T431,AA2825,0,47
2026-07-27T02:29:02.164Z,cloudflare_catchup,cloudflare_catchup_20260726081142_11-15-H1-H2-101-102-39-73,60,73,0,9,M172/16,AB6171,0,14
2026-07-27T02:29:02.164Z,cloudflare_catchup,cloudflare_catchup_20260726081142_11-15-H1-H2-101-102-39-73,60,73,0,9,M172/16,AB6613,0,36
2026-07-27T02:29:02.164Z,cloudflare_catchup,cloudflare_catchup_20260726081142_11-15-H1-H2-101-102-39-73,60,73,0,13,M50,AB6049,0,49
2026-07-27T02:29:02.164Z,cloudflare_catchup,cloudflare_catchup_20260726081142_11-15-H1-H2-101-102-39-73,60,73,0,14,M172/7,AB6136,0,43
2026-07-27T02:29:02.164Z,cloudflare_catchup,cloudflare_catchup_20260726081142_11-15-H1-H2-101-102-39-73,60,73,0,19,T424,AA2654,0,34
2026-07-27T02:29:02.164Z,cloudflare_catchup,cloudflare_catchup_20260726081142_11-15-H1-H2-101-102-39-73,60,73,0,25,T550/4,AA3041,1,0
2026-07-27T02:30:02.792Z,cloudflare_catchup,cloudflare_catchup_20260726081142_11-15-H1-H2-101-102-39-73,60,73,0,2,T557,AA2661,0,43
2026-07-27T02:30:02.792Z,cloudflare_catchup,cloudflare_catchup_20260726081142_11-15-H1-H2-101-102-39-73,60,73,0,6,T423,AA5945,0,34
2026-07-27T02:30:02.792Z,cloudflare_catchup,cloudflare_catchup_20260726081142_11-15-H1-H2-101-102-39-73,60,73,0,8,T431,AA2825,0,47
2026-07-27T02:30:02.792Z,cloudflare_catchup,cloudflare_catchup_20260726081142_11-15-H1-H2-101-102-39-73,60,73,0,9,M172/16,AB6171,0,5
2026-07-27T02:30:02.792Z,cloudflare_catchup,cloudflare_catchup_20260726081142_11-15-H1-H2-101-102-39-73,60,73,0,9,M172/16,AB6613,0,39
2026-07-27T02:30:02.792Z,cloudflare_catchup,cloudflare_catchup_20260726081142_11-15-H1-H2-101-102-39-73,60,73,0,13,M50,AB6049,0,21
2026-07-27T02:30:02.792Z,cloudflare_catchup,cloudflare_catchup_20260726081142_11-15-H1-H2-101-102-39-73,60,73,0,14,M172/7,AB6136,0,44
2026-07-27T02:30:02.792Z,cloudflare_catchup,cloudflare_catchup_20260726081142_11-15-H1-H2-101-102-39-73,60,73,0,19,T424,AA2654,0,34
2026-07-27T02:30:02.792Z,cloudflare_catchup,cloudflare_catchup_20260726081142_11-15-H1-H2-101-102-39-73,60,73,0,25,T550/4,AA3041,1,0
2026-07-27T02:31:01.856Z,cloudflare_catchup,cloudflare_catchup_20260726081142_11-15-H1-H2-101-102-39-73,60,73,0,3,T558,AA2661,0,46
2026-07-27T02:31:01.856Z,cloudflare_catchup,cloudflare_catchup_20260726081142_11-15-H1-H2-101-102-39-73,60,73,0,7,T421,AA5945,0,37
2026-07-27T02:31:01.856Z,cloudflare_catchup,cloudflare_catchup_20260726081142_11-15-H1-H2-101-102-39-73,60,73,0,8,T431,AA2825,0,47
2026-07-27T02:31:01.856Z,cloudflare_catchup,cloudflare_catchup_20260726081142_11-15-H1-H2-101-102-39-73,60,73,0,9,M172/16,AB6613,0,44
2026-07-27T02:31:01.856Z,cloudflare_catchup,cloudflare_catchup_20260726081142_11-15-H1-H2-101-102-39-73,60,73,0,10,M247,AB6171,1,13
2026-07-27T02:31:01.856Z,cloudflare_catchup,cloudflare_catchup_20260726081142_11-15-H1-H2-101-102-39-73,60,73,0,13,M50,AB6049,0,14
2026-07-27T02:31:01.856Z,cloudflare_catchup,cloudflare_catchup_20260726081142_11-15-H1-H2-101-102-39-73,60,73,0,14,M172/7,AB6136,0,44
2026-07-27T02:31:01.856Z,cloudflare_catchup,cloudflare_catchup_20260726081142_11-15-H1-H2-101-102-39-73,60,73,0,20,T559,AA2654,1,37
2026-07-27T02:32:02.391Z,cloudflare_catchup,cloudflare_catchup_20260726081142_11-15-H1-H2-101-102-39-73,60,73,0,3,T558,AA2661,0,26
2026-07-27T02:32:02.391Z,cloudflare_catchup,cloudflare_catchup_20260726081142_11-15-H1-H2-101-102-39-73,60,73,0,7,T421,AA5945,0,46
2026-07-27T02:32:02.391Z,cloudflare_catchup,cloudflare_catchup_20260726081142_11-15-H1-H2-101-102-39-73,60,73,0,8,T431,AA2825,0,41
2026-07-27T02:32:02.391Z,cloudflare_catchup,cloudflare_catchup_20260726081142_11-15-H1-H2-101-102-39-73,60,73,0,9,M172/16,AB6613,0,25
2026-07-27T02:32:02.391Z,cloudflare_catchup,cloudflare_catchup_20260726081142_11-15-H1-H2-101-102-39-73,60,73,0,11,M231,AB6171,1,30
2026-07-27T02:32:02.391Z,cloudflare_catchup,cloudflare_catchup_20260726081142_11-15-H1-H2-101-102-39-73,60,73,0,14,M172/7,AB6136,0,47
2026-07-27T02:32:02.391Z,cloudflare_catchup,cloudflare_catchup_20260726081142_11-15-H1-H2-101-102-39-73,60,73,0,14,M172/7,AB6049,1,1
2026-07-27T02:32:02.391Z,cloudflare_catchup,cloudflare_catchup_20260726081142_11-15-H1-H2-101-102-39-73,60,73,0,20,T559,AA2654,0,46
2026-07-27T02:33:01.799Z,cloudflare_catchup,cloudflare_catchup_20260726081142_11-15-H1-H2-101-102-39-73,60,73,0,4,T551/1,AA2661,0,43
2026-07-27T02:33:01.799Z,cloudflare_catchup,cloudflare_catchup_20260726081142_11-15-H1-H2-101-102-39-73,60,73,0,7,T421,AA5945,0,49
2026-07-27T02:33:01.799Z,cloudflare_catchup,cloudflare_catchup_20260726081142_11-15-H1-H2-101-102-39-73,60,73,0,8,T431,AA2825,0,38
2026-07-27T02:33:01.799Z,cloudflare_catchup,cloudflare_catchup_20260726081142_11-15-H1-H2-101-102-39-73,60,73,0,9,M172/16,AB6613,0,6
2026-07-27T02:33:01.799Z,cloudflare_catchup,cloudflare_catchup_20260726081142_11-15-H1-H2-101-102-39-73,60,73,0,11,M231,AB6171,0,19
2026-07-27T02:33:01.799Z,cloudflare_catchup,cloudflare_catchup_20260726081142_11-15-H1-H2-101-102-39-73,60,73,0,14,M172/7,AB6136,0,47
2026-07-27T02:33:01.799Z,cloudflare_catchup,cloudflare_catchup_20260726081142_11-15-H1-H2-101-102-39-73,60,73,0,14,M172/7,AB6049,0,15
2026-07-27T02:33:01.799Z,cloudflare_catchup,cloudflare_catchup_20260726081142_11-15-H1-H2-101-102-39-73,60,73,0,22,T553,AA2654,0,49
2026-07-27T02:34:02.531Z,cloudflare_catchup,cloudflare_catchup_20260726081142_11-15-H1-H2-101-102-39-73,60,73,0,4,T551/1,AA2661,0,49
2026-07-27T02:34:02.531Z,cloudflare_catchup,cloudflare_catchup_20260726081142_11-15-H1-H2-101-102-39-73,60,73,0,8,T431,AA5945,0,45
2026-07-27T02:34:02.531Z,cloudflare_catchup,cloudflare_catchup_20260726081142_11-15-H1-H2-101-102-39-73,60,73,0,9,M172/16,AB6613,0,12
2026-07-27T02:34:02.531Z,cloudflare_catchup,cloudflare_catchup_20260726081142_11-15-H1-H2-101-102-39-73,60,73,0,9,M172/16,AA2825,0,35
2026-07-27T02:34:02.531Z,cloudflare_catchup,cloudflare_catchup_20260726081142_11-15-H1-H2-101-102-39-73,60,73,0,12,M219,AB6171,1,27
2026-07-27T02:34:02.531Z,cloudflare_catchup,cloudflare_catchup_20260726081142_11-15-H1-H2-101-102-39-73,60,73,0,14,M172/7,AB6049,0,49
2026-07-27T02:34:02.531Z,cloudflare_catchup,cloudflare_catchup_20260726081142_11-15-H1-H2-101-102-39-73,60,73,0,15,T430,AB6136,0,42
2026-07-27T02:34:02.531Z,cloudflare_catchup,cloudflare_catchup_20260726081142_11-15-H1-H2-101-102-39-73,60,73,0,23,T554,AA2654,1,42
2026-07-27T02:35:03.162Z,cloudflare_catchup,cloudflare_catchup_20260726081142_11-15-H1-H2-101-102-39-73,60,73,0,4,T551/1,AA2661,0,49
2026-07-27T02:35:03.162Z,cloudflare_catchup,cloudflare_catchup_20260726081142_11-15-H1-H2-101-102-39-73,60,73,0,8,T431,AA5945,0,28
2026-07-27T02:35:03.162Z,cloudflare_catchup,cloudflare_catchup_20260726081142_11-15-H1-H2-101-102-39-73,60,73,0,9,M172/16,AB6613,0,11
2026-07-27T02:35:03.162Z,cloudflare_catchup,cloudflare_catchup_20260726081142_11-15-H1-H2-101-102-39-73,60,73,0,9,M172/16,AA2825,0,45
2026-07-27T02:35:03.162Z,cloudflare_catchup,cloudflare_catchup_20260726081142_11-15-H1-H2-101-102-39-73,60,73,0,13,M50,AB6171,1,37
2026-07-27T02:35:03.162Z,cloudflare_catchup,cloudflare_catchup_20260726081142_11-15-H1-H2-101-102-39-73,60,73,0,14,M172/7,AB6049,0,44
2026-07-27T02:35:03.162Z,cloudflare_catchup,cloudflare_catchup_20260726081142_11-15-H1-H2-101-102-39-73,60,73,0,15,T430,AB6136,0,21
2026-07-27T02:35:03.162Z,cloudflare_catchup,cloudflare_catchup_20260726081142_11-15-H1-H2-101-102-39-73,60,73,0,23,T554,AA2654,0,41
2026-07-27T02:36:02.570Z,cloudflare_catchup,cloudflare_catchup_20260726081142_11-15-H1-H2-101-102-39-73,60,73,0,0,T550/4,AB6393,1,5
2026-07-27T02:36:02.570Z,cloudflare_catchup,cloudflare_catchup_20260726081142_11-15-H1-H2-101-102-39-73,60,73,0,5,T425,AA2661,0,45
2026-07-27T02:36:02.570Z,cloudflare_catchup,cloudflare_catchup_20260726081142_11-15-H1-H2-101-102-39-73,60,73,0,8,T431,AA5945,0,48
2026-07-27T02:36:02.570Z,cloudflare_catchup,cloudflare_catchup_20260726081142_11-15-H1-H2-101-102-39-73,60,73,0,9,M172/16,AB6613,0,19
2026-07-27T02:36:02.570Z,cloudflare_catchup,cloudflare_catchup_20260726081142_11-15-H1-H2-101-102-39-73,60,73,0,9,M172/16,AA2825,0,36
2026-07-27T02:36:02.570Z,cloudflare_catchup,cloudflare_catchup_20260726081142_11-15-H1-H2-101-102-39-73,60,73,0,13,M50,AB6171,0,17
2026-07-27T02:36:02.570Z,cloudflare_catchup,cloudflare_catchup_20260726081142_11-15-H1-H2-101-102-39-73,60,73,0,14,M172/7,AB6049,0,48
2026-07-27T02:36:02.570Z,cloudflare_catchup,cloudflare_catchup_20260726081142_11-15-H1-H2-101-102-39-73,60,73,0,16,T328,AB6136,0,46
2026-07-27T02:36:02.570Z,cloudflare_catchup,cloudflare_catchup_20260726081142_11-15-H1-H2-101-102-39-73,60,73,0,24,T555/2,AA2654,0,30
2026-07-27T02:37:01.822Z,cloudflare_catchup,cloudflare_catchup_20260726081142_11-15-H1-H2-101-102-39-73,60,73,0,0,T550/4,AB6393,0,35
2026-07-27T02:37:01.822Z,cloudflare_catchup,cloudflare_catchup_20260726081142_11-15-H1-H2-101-102-39-73,60,73,0,7,T421,AA2661,1,47
2026-07-27T02:37:01.822Z,cloudflare_catchup,cloudflare_catchup_20260726081142_11-15-H1-H2-101-102-39-73,60,73,0,8,T431,AA5945,0,45
2026-07-27T02:37:01.822Z,cloudflare_catchup,cloudflare_catchup_20260726081142_11-15-H1-H2-101-102-39-73,60,73,0,9,M172/16,AB6613,0,8
2026-07-27T02:37:01.822Z,cloudflare_catchup,cloudflare_catchup_20260726081142_11-15-H1-H2-101-102-39-73,60,73,0,9,M172/16,AA2825,0,31
2026-07-27T02:37:01.822Z,cloudflare_catchup,cloudflare_catchup_20260726081142_11-15-H1-H2-101-102-39-73,60,73,0,13,M50,AB6171,0,48
2026-07-27T02:37:01.822Z,cloudflare_catchup,cloudflare_catchup_20260726081142_11-15-H1-H2-101-102-39-73,60,73,0,14,M172/7,AB6049,0,48
2026-07-27T02:37:01.822Z,cloudflare_catchup,cloudflare_catchup_20260726081142_11-15-H1-H2-101-102-39-73,60,73,0,16,T328,AB6136,0,28
2026-07-27T02:37:01.822Z,cloudflare_catchup,cloudflare_catchup_20260726081142_11-15-H1-H2-101-102-39-73,60,73,0,25,T550/4,AA2654,1,0
2026-07-27T02:38:02.308Z,cloudflare_catchup,cloudflare_catchup_20260726081142_11-15-H1-H2-101-102-39-73,60,73,0,1,T556,AB6393,0,36
2026-07-27T02:38:02.308Z,cloudflare_catchup,cloudflare_catchup_20260726081142_11-15-H1-H2-101-102-39-73,60,73,0,7,T421,AA2661,0,32
2026-07-27T02:38:02.308Z,cloudflare_catchup,cloudflare_catchup_20260726081142_11-15-H1-H2-101-102-39-73,60,73,0,8,T431,AA5945,0,49
2026-07-27T02:38:02.308Z,cloudflare_catchup,cloudflare_catchup_20260726081142_11-15-H1-H2-101-102-39-73,60,73,0,9,M172/16,AB6613,0,32
2026-07-27T02:38:02.308Z,cloudflare_catchup,cloudflare_catchup_20260726081142_11-15-H1-H2-101-102-39-73,60,73,0,9,M172/16,AA2825,0,47
2026-07-27T02:38:02.308Z,cloudflare_catchup,cloudflare_catchup_20260726081142_11-15-H1-H2-101-102-39-73,60,73,0,13,M50,AB6171,0,50
2026-07-27T02:38:02.308Z,cloudflare_catchup,cloudflare_catchup_20260726081142_11-15-H1-H2-101-102-39-73,60,73,0,14,M172/7,AB6049,0,48
2026-07-27T02:38:02.308Z,cloudflare_catchup,cloudflare_catchup_20260726081142_11-15-H1-H2-101-102-39-73,60,73,0,17,T420,AB6136,0,2
2026-07-27T02:38:02.308Z,cloudflare_catchup,cloudflare_catchup_20260726081142_11-15-H1-H2-101-102-39-73,60,73,0,25,T550/4,AA2654,1,0
2026-07-27T02:39:01.941Z,cloudflare_catchup,cloudflare_catchup_20260726081142_11-15-H1-H2-101-102-39-73,60,73,0,2,T557,AB6393,0,23
2026-07-27T02:39:01.941Z,cloudflare_catchup,cloudflare_catchup_20260726081142_11-15-H1-H2-101-102-39-73,60,73,0,7,T421,AA2661,0,45
2026-07-27T02:39:01.941Z,cloudflare_catchup,cloudflare_catchup_20260726081142_11-15-H1-H2-101-102-39-73,60,73,0,9,M172/16,AA2825,0,29
2026-07-27T02:39:01.941Z,cloudflare_catchup,cloudflare_catchup_20260726081142_11-15-H1-H2-101-102-39-73,60,73,0,9,M172/16,AA5945,1,34
2026-07-27T02:39:01.941Z,cloudflare_catchup,cloudflare_catchup_20260726081142_11-15-H1-H2-101-102-39-73,60,73,0,11,M231,AB6613,1,15
2026-07-27T02:39:01.941Z,cloudflare_catchup,cloudflare_catchup_20260726081142_11-15-H1-H2-101-102-39-73,60,73,0,13,M50,AB6171,0,47
2026-07-27T02:39:01.941Z,cloudflare_catchup,cloudflare_catchup_20260726081142_11-15-H1-H2-101-102-39-73,60,73,0,15,T430,AB6049,0,34
2026-07-27T02:39:01.941Z,cloudflare_catchup,cloudflare_catchup_20260726081142_11-15-H1-H2-101-102-39-73,60,73,0,18,T422,AB6136,0,17
2026-07-27T02:39:01.941Z,cloudflare_catchup,cloudflare_catchup_20260726081142_11-15-H1-H2-101-102-39-73,60,73,0,25,T550/4,AA2654,1,0
2026-07-27T02:40:02.737Z,cloudflare_catchup,cloudflare_catchup_20260726081142_11-15-H1-H2-101-102-39-73,60,73,0,3,T558,AB6393,0,43
2026-07-27T02:40:02.737Z,cloudflare_catchup,cloudflare_catchup_20260726081142_11-15-H1-H2-101-102-39-73,60,73,0,7,T421,AA2661,0,48
2026-07-27T02:40:02.737Z,cloudflare_catchup,cloudflare_catchup_20260726081142_11-15-H1-H2-101-102-39-73,60,73,0,9,M172/16,AA2825,0,14
2026-07-27T02:40:02.737Z,cloudflare_catchup,cloudflare_catchup_20260726081142_11-15-H1-H2-101-102-39-73,60,73,0,9,M172/16,AA5945,0,50
2026-07-27T02:40:02.737Z,cloudflare_catchup,cloudflare_catchup_20260726081142_11-15-H1-H2-101-102-39-73,60,73,0,11,M231,AB6613,0,6
2026-07-27T02:40:02.737Z,cloudflare_catchup,cloudflare_catchup_20260726081142_11-15-H1-H2-101-102-39-73,60,73,0,13,M50,AB6171,0,24
2026-07-27T02:40:02.737Z,cloudflare_catchup,cloudflare_catchup_20260726081142_11-15-H1-H2-101-102-39-73,60,73,0,15,T430,AB6049,0,5
2026-07-27T02:40:02.737Z,cloudflare_catchup,cloudflare_catchup_20260726081142_11-15-H1-H2-101-102-39-73,60,73,0,18,T422,AB6136,0,25
2026-07-27T02:40:02.737Z,cloudflare_catchup,cloudflare_catchup_20260726081142_11-15-H1-H2-101-102-39-73,60,73,0,25,T550/4,AA2654,1,0
2026-07-27T02:41:02.030Z,cloudflare_catchup,cloudflare_catchup_20260726081142_11-15-H1-H2-101-102-39-73,60,73,0,3,T558,AB6393,0,21
2026-07-27T02:41:02.030Z,cloudflare_catchup,cloudflare_catchup_20260726081142_11-15-H1-H2-101-102-39-73,60,73,0,8,T431,AA2661,1,11
2026-07-27T02:41:02.030Z,cloudflare_catchup,cloudflare_catchup_20260726081142_11-15-H1-H2-101-102-39-73,60,73,0,9,M172/16,AA2825,0,15
2026-07-27T02:41:02.030Z,cloudflare_catchup,cloudflare_catchup_20260726081142_11-15-H1-H2-101-102-39-73,60,73,0,9,M172/16,AA5945,0,47
2026-07-27T02:41:02.030Z,cloudflare_catchup,cloudflare_catchup_20260726081142_11-15-H1-H2-101-102-39-73,60,73,0,11,M231,AB6613,0,39
2026-07-27T02:41:02.030Z,cloudflare_catchup,cloudflare_catchup_20260726081142_11-15-H1-H2-101-102-39-73,60,73,0,13,M50,AB6171,0,48
2026-07-27T02:41:02.030Z,cloudflare_catchup,cloudflare_catchup_20260726081142_11-15-H1-H2-101-102-39-73,60,73,0,16,T328,AB6049,0,50
2026-07-27T02:41:02.030Z,cloudflare_catchup,cloudflare_catchup_20260726081142_11-15-H1-H2-101-102-39-73,60,73,0,19,T424,AB6136,0,46
2026-07-27T02:41:02.030Z,cloudflare_catchup,cloudflare_catchup_20260726081142_11-15-H1-H2-101-102-39-73,60,73,0,25,T550/4,AA2654,1,0
2026-07-27T02:42:02.556Z,cloudflare_catchup,cloudflare_catchup_20260726081142_11-15-H1-H2-101-102-39-73,60,73,0,4,T551/1,AB6393,0,49
2026-07-27T02:42:02.556Z,cloudflare_catchup,cloudflare_catchup_20260726081142_11-15-H1-H2-101-102-39-73,60,73,0,8,T431,AA2661,0,45
2026-07-27T02:42:02.556Z,cloudflare_catchup,cloudflare_catchup_20260726081142_11-15-H1-H2-101-102-39-73,60,73,0,9,M172/16,AA2825,0,21
2026-07-27T02:42:02.556Z,cloudflare_catchup,cloudflare_catchup_20260726081142_11-15-H1-H2-101-102-39-73,60,73,0,9,M172/16,AA5945,0,48
2026-07-27T02:42:02.556Z,cloudflare_catchup,cloudflare_catchup_20260726081142_11-15-H1-H2-101-102-39-73,60,73,0,12,M219,AB6613,1,21
2026-07-27T02:42:02.556Z,cloudflare_catchup,cloudflare_catchup_20260726081142_11-15-H1-H2-101-102-39-73,60,73,0,14,M172/7,AB6171,1,20
2026-07-27T02:42:02.556Z,cloudflare_catchup,cloudflare_catchup_20260726081142_11-15-H1-H2-101-102-39-73,60,73,0,16,T328,AB6049,0,26
2026-07-27T02:42:02.556Z,cloudflare_catchup,cloudflare_catchup_20260726081142_11-15-H1-H2-101-102-39-73,60,73,0,19,T424,AB6136,0,45
2026-07-27T02:43:01.874Z,cloudflare_catchup,cloudflare_catchup_20260726081142_11-15-H1-H2-101-102-39-73,60,73,0,4,T551/1,AB6393,0,49
2026-07-27T02:43:01.874Z,cloudflare_catchup,cloudflare_catchup_20260726081142_11-15-H1-H2-101-102-39-73,60,73,0,8,T431,AA2661,0,47
2026-07-27T02:43:01.874Z,cloudflare_catchup,cloudflare_catchup_20260726081142_11-15-H1-H2-101-102-39-73,60,73,0,9,M172/16,AA5945,0,48
2026-07-27T02:43:01.874Z,cloudflare_catchup,cloudflare_catchup_20260726081142_11-15-H1-H2-101-102-39-73,60,73,0,10,M247,AA2825,1,3
2026-07-27T02:43:01.874Z,cloudflare_catchup,cloudflare_catchup_20260726081142_11-15-H1-H2-101-102-39-73,60,73,0,13,M50,AB6613,0,24
2026-07-27T02:43:01.874Z,cloudflare_catchup,cloudflare_catchup_20260726081142_11-15-H1-H2-101-102-39-73,60,73,0,14,M172/7,AB6171,0,3
2026-07-27T02:43:01.874Z,cloudflare_catchup,cloudflare_catchup_20260726081142_11-15-H1-H2-101-102-39-73,60,73,0,17,T420,AB6049,0,2
2026-07-27T02:43:01.874Z,cloudflare_catchup,cloudflare_catchup_20260726081142_11-15-H1-H2-101-102-39-73,60,73,0,19,T424,AB6136,0,45
2026-07-27T02:44:02.315Z,cloudflare_catchup,cloudflare_catchup_20260726081142_11-15-H1-H2-101-102-39-73,60,73,0,4,T551/1,AB6393,0,49
2026-07-27T02:44:02.315Z,cloudflare_catchup,cloudflare_catchup_20260726081142_11-15-H1-H2-101-102-39-73,60,73,0,8,T431,AA2661,0,45
2026-07-27T02:44:02.315Z,cloudflare_catchup,cloudflare_catchup_20260726081142_11-15-H1-H2-101-102-39-73,60,73,0,9,M172/16,AA5945,0,21
2026-07-27T02:44:02.315Z,cloudflare_catchup,cloudflare_catchup_20260726081142_11-15-H1-H2-101-102-39-73,60,73,0,11,M231,AA2825,1,34
2026-07-27T02:44:02.315Z,cloudflare_catchup,cloudflare_catchup_20260726081142_11-15-H1-H2-101-102-39-73,60,73,0,13,M50,AB6613,0,36
2026-07-27T02:44:02.315Z,cloudflare_catchup,cloudflare_catchup_20260726081142_11-15-H1-H2-101-102-39-73,60,73,0,14,M172/7,AB6171,0,39
2026-07-27T02:44:02.315Z,cloudflare_catchup,cloudflare_catchup_20260726081142_11-15-H1-H2-101-102-39-73,60,73,0,18,T422,AB6049,0,45
2026-07-27T02:44:02.315Z,cloudflare_catchup,cloudflare_catchup_20260726081142_11-15-H1-H2-101-102-39-73,60,73,0,20,T559,AB6136,1,32
2026-07-27T02:45:03.752Z,cloudflare_catchup,cloudflare_catchup_20260726081142_11-15-H1-H2-101-102-39-73,60,73,0,0,T550/4,AA2654,1,7
2026-07-27T02:45:03.752Z,cloudflare_catchup,cloudflare_catchup_20260726081142_11-15-H1-H2-101-102-39-73,60,73,0,5,T425,AB6393,0,49
2026-07-27T02:45:03.752Z,cloudflare_catchup,cloudflare_catchup_20260726081142_11-15-H1-H2-101-102-39-73,60,73,0,8,T431,AA2661,0,43
2026-07-27T02:45:03.752Z,cloudflare_catchup,cloudflare_catchup_20260726081142_11-15-H1-H2-101-102-39-73,60,73,0,9,M172/16,AA5945,0,3
2026-07-27T02:45:03.752Z,cloudflare_catchup,cloudflare_catchup_20260726081142_11-15-H1-H2-101-102-39-73,60,73,0,11,M231,AA2825,0,22
2026-07-27T02:45:03.752Z,cloudflare_catchup,cloudflare_catchup_20260726081142_11-15-H1-H2-101-102-39-73,60,73,0,13,M50,AB6613,0,9
2026-07-27T02:45:03.752Z,cloudflare_catchup,cloudflare_catchup_20260726081142_11-15-H1-H2-101-102-39-73,60,73,0,14,M172/7,AB6171,0,44
2026-07-27T02:45:03.752Z,cloudflare_catchup,cloudflare_catchup_20260726081142_11-15-H1-H2-101-102-39-73,60,73,0,18,T422,AB6049,0,4
2026-07-27T02:45:03.752Z,cloudflare_catchup,cloudflare_catchup_20260726081142_11-15-H1-H2-101-102-39-73,60,73,0,21,T552,AB6136,1,41
2026-07-27T02:46:02.972Z,cloudflare_catchup,cloudflare_catchup_20260726081142_11-15-H1-H2-101-102-39-73,60,73,0,1,T556,AA2654,1,27
2026-07-27T02:46:02.972Z,cloudflare_catchup,cloudflare_catchup_20260726081142_11-15-H1-H2-101-102-39-73,60,73,0,6,T423,AB6393,0,15
2026-07-27T02:46:02.972Z,cloudflare_catchup,cloudflare_catchup_20260726081142_11-15-H1-H2-101-102-39-73,60,73,0,9,M172/16,AA5945,0,7
2026-07-27T02:46:02.972Z,cloudflare_catchup,cloudflare_catchup_20260726081142_11-15-H1-H2-101-102-39-73,60,73,0,9,M172/16,AA2661,1,26
2026-07-27T02:46:02.972Z,cloudflare_catchup,cloudflare_catchup_20260726081142_11-15-H1-H2-101-102-39-73,60,73,0,12,M219,AA2825,1,24
2026-07-27T02:46:02.972Z,cloudflare_catchup,cloudflare_catchup_20260726081142_11-15-H1-H2-101-102-39-73,60,73,0,13,M50,AB6613,0,48
2026-07-27T02:46:02.972Z,cloudflare_catchup,cloudflare_catchup_20260726081142_11-15-H1-H2-101-102-39-73,60,73,0,14,M172/7,AB6171,0,48
2026-07-27T02:46:02.972Z,cloudflare_catchup,cloudflare_catchup_20260726081142_11-15-H1-H2-101-102-39-73,60,73,0,19,T424,AB6049,0,36
2026-07-27T02:46:02.972Z,cloudflare_catchup,cloudflare_catchup_20260726081142_11-15-H1-H2-101-102-39-73,60,73,0,23,T554,AB6136,1,30
2026-07-27T02:47:01.950Z,cloudflare_catchup,cloudflare_catchup_20260726081142_11-15-H1-H2-101-102-39-73,60,73,0,1,T556,AA2654,0,40
2026-07-27T02:47:01.950Z,cloudflare_catchup,cloudflare_catchup_20260726081142_11-15-H1-H2-101-102-39-73,60,73,0,7,T421,AB6393,0,23
2026-07-27T02:47:01.950Z,cloudflare_catchup,cloudflare_catchup_20260726081142_11-15-H1-H2-101-102-39-73,60,73,0,9,M172/16,AA5945,0,13
2026-07-27T02:47:01.950Z,cloudflare_catchup,cloudflare_catchup_20260726081142_11-15-H1-H2-101-102-39-73,60,73,0,9,M172/16,AA2661,0,27
2026-07-27T02:47:01.950Z,cloudflare_catchup,cloudflare_catchup_20260726081142_11-15-H1-H2-101-102-39-73,60,73,0,13,M50,AB6613,0,47
2026-07-27T02:47:01.950Z,cloudflare_catchup,cloudflare_catchup_20260726081142_11-15-H1-H2-101-102-39-73,60,73,0,13,M50,AA2825,1,3
2026-07-27T02:47:01.950Z,cloudflare_catchup,cloudflare_catchup_20260726081142_11-15-H1-H2-101-102-39-73,60,73,0,14,M172/7,AB6171,0,48
2026-07-27T02:47:01.950Z,cloudflare_catchup,cloudflare_catchup_20260726081142_11-15-H1-H2-101-102-39-73,60,73,0,19,T424,AB6049,0,49
2026-07-27T02:47:01.950Z,cloudflare_catchup,cloudflare_catchup_20260726081142_11-15-H1-H2-101-102-39-73,60,73,0,23,T554,AB6136,0,26
2026-07-27T02:48:02.517Z,cloudflare_catchup,cloudflare_catchup_20260726081142_11-15-H1-H2-101-102-39-73,60,73,0,2,T557,AA2654,1,16
2026-07-27T02:48:02.517Z,cloudflare_catchup,cloudflare_catchup_20260726081142_11-15-H1-H2-101-102-39-73,60,73,0,7,T421,AB6393,0,42
2026-07-27T02:48:02.517Z,cloudflare_catchup,cloudflare_catchup_20260726081142_11-15-H1-H2-101-102-39-73,60,73,0,9,M172/16,AA2661,0,45
2026-07-27T02:48:02.517Z,cloudflare_catchup,cloudflare_catchup_20260726081142_11-15-H1-H2-101-102-39-73,60,73,0,10,M247,AA5945,1,31
2026-07-27T02:48:02.517Z,cloudflare_catchup,cloudflare_catchup_20260726081142_11-15-H1-H2-101-102-39-73,60,73,0,13,M50,AB6613,0,12
2026-07-27T02:48:02.517Z,cloudflare_catchup,cloudflare_catchup_20260726081142_11-15-H1-H2-101-102-39-73,60,73,0,13,M50,AA2825,1,3
2026-07-27T02:48:02.517Z,cloudflare_catchup,cloudflare_catchup_20260726081142_11-15-H1-H2-101-102-39-73,60,73,0,14,M172/7,AB6171,0,49
2026-07-27T02:48:02.517Z,cloudflare_catchup,cloudflare_catchup_20260726081142_11-15-H1-H2-101-102-39-73,60,73,0,19,T424,AB6049,0,48
2026-07-27T02:48:02.517Z,cloudflare_catchup,cloudflare_catchup_20260726081142_11-15-H1-H2-101-102-39-73,60,73,0,24,T555/2,AB6136,1,27
2026-07-27T02:49:01.801Z,cloudflare_catchup,cloudflare_catchup_20260726081142_11-15-H1-H2-101-102-39-73,60,73,0,3,T558,AA2654,1,3
2026-07-27T02:49:01.801Z,cloudflare_catchup,cloudflare_catchup_20260726081142_11-15-H1-H2-101-102-39-73,60,73,0,7,T421,AB6393,0,48
2026-07-27T02:49:01.801Z,cloudflare_catchup,cloudflare_catchup_20260726081142_11-15-H1-H2-101-102-39-73,60,73,0,9,M172/16,AA2661,0,48
2026-07-27T02:49:01.801Z,cloudflare_catchup,cloudflare_catchup_20260726081142_11-15-H1-H2-101-102-39-73,60,73,0,10,M247,AA5945,1,13
2026-07-27T02:49:01.801Z,cloudflare_catchup,cloudflare_catchup_20260726081142_11-15-H1-H2-101-102-39-73,60,73,0,13,M50,AB6613,0,42
2026-07-27T02:49:01.801Z,cloudflare_catchup,cloudflare_catchup_20260726081142_11-15-H1-H2-101-102-39-73,60,73,0,13,M50,AA2825,0,48
2026-07-27T02:49:01.801Z,cloudflare_catchup,cloudflare_catchup_20260726081142_11-15-H1-H2-101-102-39-73,60,73,0,15,T430,AB6171,0,6
2026-07-27T02:49:01.801Z,cloudflare_catchup,cloudflare_catchup_20260726081142_11-15-H1-H2-101-102-39-73,60,73,0,20,T559,AB6049,1,39
2026-07-27T02:49:01.801Z,cloudflare_catchup,cloudflare_catchup_20260726081142_11-15-H1-H2-101-102-39-73,60,73,0,24,T555/2,AB6136,0,41
2026-07-27T02:50:02.607Z,cloudflare_catchup,cloudflare_catchup_20260726081142_11-15-H1-H2-101-102-39-73,60,73,0,3,T558,AA2654,0,45
2026-07-27T02:50:02.607Z,cloudflare_catchup,cloudflare_catchup_20260726081142_11-15-H1-H2-101-102-39-73,60,73,0,8,T431,AB6393,0,29
2026-07-27T02:50:02.607Z,cloudflare_catchup,cloudflare_catchup_20260726081142_11-15-H1-H2-101-102-39-73,60,73,0,9,M172/16,AA2661,0,46
2026-07-27T02:50:02.607Z,cloudflare_catchup,cloudflare_catchup_20260726081142_11-15-H1-H2-101-102-39-73,60,73,0,11,M231,AA5945,0,3
2026-07-27T02:50:02.607Z,cloudflare_catchup,cloudflare_catchup_20260726081142_11-15-H1-H2-101-102-39-73,60,73,0,13,M50,AA2825,0,36
2026-07-27T02:50:02.607Z,cloudflare_catchup,cloudflare_catchup_20260726081142_11-15-H1-H2-101-102-39-73,60,73,0,14,M172/7,AB6613,0,7
2026-07-27T02:50:02.607Z,cloudflare_catchup,cloudflare_catchup_20260726081142_11-15-H1-H2-101-102-39-73,60,73,0,15,T430,AB6171,0,34
2026-07-27T02:50:02.607Z,cloudflare_catchup,cloudflare_catchup_20260726081142_11-15-H1-H2-101-102-39-73,60,73,0,20,T559,AB6049,0,40
2026-07-27T02:50:02.607Z,cloudflare_catchup,cloudflare_catchup_20260726081142_11-15-H1-H2-101-102-39-73,60,73,0,25,T550/4,AB6136,1,0
2026-07-27T02:51:01.727Z,cloudflare_catchup,cloudflare_catchup_20260726081142_11-15-H1-H2-101-102-39-73,60,73,0,4,T551/1,AA2654,0,38
2026-07-27T02:51:01.727Z,cloudflare_catchup,cloudflare_catchup_20260726081142_11-15-H1-H2-101-102-39-73,60,73,0,8,T431,AB6393,0,41
2026-07-27T02:51:01.727Z,cloudflare_catchup,cloudflare_catchup_20260726081142_11-15-H1-H2-101-102-39-73,60,73,0,9,M172/16,AA2661,0,3
2026-07-27T02:51:01.727Z,cloudflare_catchup,cloudflare_catchup_20260726081142_11-15-H1-H2-101-102-39-73,60,73,0,11,M231,AA5945,0,31
2026-07-27T02:51:01.727Z,cloudflare_catchup,cloudflare_catchup_20260726081142_11-15-H1-H2-101-102-39-73,60,73,0,13,M50,AA2825,0,47
2026-07-27T02:51:01.727Z,cloudflare_catchup,cloudflare_catchup_20260726081142_11-15-H1-H2-101-102-39-73,60,73,0,14,M172/7,AB6613,0,29
2026-07-27T02:51:01.727Z,cloudflare_catchup,cloudflare_catchup_20260726081142_11-15-H1-H2-101-102-39-73,60,73,0,16,T328,AB6171,0,40
2026-07-27T02:51:01.727Z,cloudflare_catchup,cloudflare_catchup_20260726081142_11-15-H1-H2-101-102-39-73,60,73,0,22,T553,AB6049,1,45
2026-07-27T02:51:01.727Z,cloudflare_catchup,cloudflare_catchup_20260726081142_11-15-H1-H2-101-102-39-73,60,73,0,25,T550/4,AB6136,1,0
2026-07-27T02:52:02.380Z,cloudflare_catchup,cloudflare_catchup_20260726081142_11-15-H1-H2-101-102-39-73,60,73,0,4,T551/1,AA2654,0,42
2026-07-27T02:52:02.380Z,cloudflare_catchup,cloudflare_catchup_20260726081142_11-15-H1-H2-101-102-39-73,60,73,0,8,T431,AB6393,0,44
2026-07-27T02:52:02.380Z,cloudflare_catchup,cloudflare_catchup_20260726081142_11-15-H1-H2-101-102-39-73,60,73,0,9,M172/16,AA2661,0,22
2026-07-27T02:52:02.380Z,cloudflare_catchup,cloudflare_catchup_20260726081142_11-15-H1-H2-101-102-39-73,60,73,0,12,M219,AA5945,0,24
2026-07-27T02:52:02.380Z,cloudflare_catchup,cloudflare_catchup_20260726081142_11-15-H1-H2-101-102-39-73,60,73,0,13,M50,AA2825,0,32
2026-07-27T02:52:02.380Z,cloudflare_catchup,cloudflare_catchup_20260726081142_11-15-H1-H2-101-102-39-73,60,73,0,14,M172/7,AB6613,0,45
2026-07-27T02:52:02.380Z,cloudflare_catchup,cloudflare_catchup_20260726081142_11-15-H1-H2-101-102-39-73,60,73,0,16,T328,AB6171,0,39
2026-07-27T02:52:02.380Z,cloudflare_catchup,cloudflare_catchup_20260726081142_11-15-H1-H2-101-102-39-73,60,73,0,23,T554,AB6049,1,16
2026-07-27T02:52:02.380Z,cloudflare_catchup,cloudflare_catchup_20260726081142_11-15-H1-H2-101-102-39-73,60,73,0,25,T550/4,AB6136,1,0
2026-07-27T02:53:01.710Z,cloudflare_catchup,cloudflare_catchup_20260726081142_11-15-H1-H2-101-102-39-73,60,73,0,4,T551/1,AA2654,0,42
2026-07-27T02:53:01.710Z,cloudflare_catchup,cloudflare_catchup_20260726081142_11-15-H1-H2-101-102-39-73,60,73,0,8,T431,AB6393,0,44
2026-07-27T02:53:01.710Z,cloudflare_catchup,cloudflare_catchup_20260726081142_11-15-H1-H2-101-102-39-73,60,73,0,9,M172/16,AA2661,0,8
2026-07-27T02:53:01.710Z,cloudflare_catchup,cloudflare_catchup_20260726081142_11-15-H1-H2-101-102-39-73,60,73,0,13,M50,AA2825,0,21
2026-07-27T02:53:01.710Z,cloudflare_catchup,cloudflare_catchup_20260726081142_11-15-H1-H2-101-102-39-73,60,73,0,13,M50,AA5945,1,21
2026-07-27T02:53:01.710Z,cloudflare_catchup,cloudflare_catchup_20260726081142_11-15-H1-H2-101-102-39-73,60,73,0,14,M172/7,AB6613,0,44
2026-07-27T02:53:01.710Z,cloudflare_catchup,cloudflare_catchup_20260726081142_11-15-H1-H2-101-102-39-73,60,73,0,17,T420,AB6171,1,38
2026-07-27T02:53:01.710Z,cloudflare_catchup,cloudflare_catchup_20260726081142_11-15-H1-H2-101-102-39-73,60,73,0,23,T554,AB6049,0,34
2026-07-27T02:53:01.710Z,cloudflare_catchup,cloudflare_catchup_20260726081142_11-15-H1-H2-101-102-39-73,60,73,0,25,T550/4,AB6136,1,0
2026-07-27T02:54:02.459Z,cloudflare_catchup,cloudflare_catchup_20260726081142_11-15-H1-H2-101-102-39-73,60,73,0,5,T425,AA2654,1,17
2026-07-27T02:54:02.459Z,cloudflare_catchup,cloudflare_catchup_20260726081142_11-15-H1-H2-101-102-39-73,60,73,0,8,T431,AB6393,0,46
2026-07-27T02:54:02.459Z,cloudflare_catchup,cloudflare_catchup_20260726081142_11-15-H1-H2-101-102-39-73,60,73,0,9,M172/16,AA2661,0,14
2026-07-27T02:54:02.459Z,cloudflare_catchup,cloudflare_catchup_20260726081142_11-15-H1-H2-101-102-39-73,60,73,0,13,M50,AA5945,0,3
2026-07-27T02:54:02.459Z,cloudflare_catchup,cloudflare_catchup_20260726081142_11-15-H1-H2-101-102-39-73,60,73,0,14,M172/7,AB6613,0,48
2026-07-27T02:54:02.459Z,cloudflare_catchup,cloudflare_catchup_20260726081142_11-15-H1-H2-101-102-39-73,60,73,0,14,M172/7,AA2825,1,15
2026-07-27T02:54:02.459Z,cloudflare_catchup,cloudflare_catchup_20260726081142_11-15-H1-H2-101-102-39-73,60,73,0,18,T422,AB6171,1,46
2026-07-27T02:54:02.459Z,cloudflare_catchup,cloudflare_catchup_20260726081142_11-15-H1-H2-101-102-39-73,60,73,0,24,T555/2,AB6049,0,2
2026-07-27T02:54:02.459Z,cloudflare_catchup,cloudflare_catchup_20260726081142_11-15-H1-H2-101-102-39-73,60,73,0,25,T550/4,AB6136,1,0
2026-07-27T02:55:03.361Z,cloudflare_catchup,cloudflare_catchup_20260726081142_11-15-H1-H2-101-102-39-73,60,73,0,0,T550/4,AA7619,1,8
2026-07-27T02:55:03.361Z,cloudflare_catchup,cloudflare_catchup_20260726081142_11-15-H1-H2-101-102-39-73,60,73,0,6,T423,AA2654,1,47
2026-07-27T02:55:03.361Z,cloudflare_catchup,cloudflare_catchup_20260726081142_11-15-H1-H2-101-102-39-73,60,73,0,9,M172/16,AA2661,0,3
2026-07-27T02:55:03.361Z,cloudflare_catchup,cloudflare_catchup_20260726081142_11-15-H1-H2-101-102-39-73,60,73,0,9,M172/16,AB6393,1,40
2026-07-27T02:55:03.361Z,cloudflare_catchup,cloudflare_catchup_20260726081142_11-15-H1-H2-101-102-39-73,60,73,0,13,M50,AA5945,0,48
2026-07-27T02:55:03.361Z,cloudflare_catchup,cloudflare_catchup_20260726081142_11-15-H1-H2-101-102-39-73,60,73,0,14,M172/7,AB6613,0,41
2026-07-27T02:55:03.361Z,cloudflare_catchup,cloudflare_catchup_20260726081142_11-15-H1-H2-101-102-39-73,60,73,0,14,M172/7,AA2825,0,44
2026-07-27T02:55:03.361Z,cloudflare_catchup,cloudflare_catchup_20260726081142_11-15-H1-H2-101-102-39-73,60,73,0,18,T422,AB6171,0,41
2026-07-27T02:55:03.361Z,cloudflare_catchup,cloudflare_catchup_20260726081142_11-15-H1-H2-101-102-39-73,60,73,0,25,T550/4,AB6049,1,0
2026-07-27T02:56:02.436Z,cloudflare_catchup,cloudflare_catchup_20260726081142_11-15-H1-H2-101-102-39-73,60,73,0,1,T556,AA7619,1,8
2026-07-27T02:56:02.436Z,cloudflare_catchup,cloudflare_catchup_20260726081142_11-15-H1-H2-101-102-39-73,60,73,0,7,T421,AA2654,1,15
2026-07-27T02:56:02.436Z,cloudflare_catchup,cloudflare_catchup_20260726081142_11-15-H1-H2-101-102-39-73,60,73,0,9,M172/16,AA2661,0,13
2026-07-27T02:56:02.436Z,cloudflare_catchup,cloudflare_catchup_20260726081142_11-15-H1-H2-101-102-39-73,60,73,0,9,M172/16,AB6393,0,35
2026-07-27T02:56:02.436Z,cloudflare_catchup,cloudflare_catchup_20260726081142_11-15-H1-H2-101-102-39-73,60,73,0,13,M50,AA5945,0,49
2026-07-27T02:56:02.436Z,cloudflare_catchup,cloudflare_catchup_20260726081142_11-15-H1-H2-101-102-39-73,60,73,0,14,M172/7,AA2825,0,44
2026-07-27T02:56:02.436Z,cloudflare_catchup,cloudflare_catchup_20260726081142_11-15-H1-H2-101-102-39-73,60,73,0,15,T430,AB6613,0,35
2026-07-27T02:56:02.436Z,cloudflare_catchup,cloudflare_catchup_20260726081142_11-15-H1-H2-101-102-39-73,60,73,0,19,T424,AB6171,0,42
2026-07-27T02:56:02.436Z,cloudflare_catchup,cloudflare_catchup_20260726081142_11-15-H1-H2-101-102-39-73,60,73,0,25,T550/4,AB6049,1,0
2026-07-27T02:57:01.704Z,cloudflare_catchup,cloudflare_catchup_20260726081142_11-15-H1-H2-101-102-39-73,60,73,0,1,T556,AA7619,0,32
2026-07-27T02:57:01.704Z,cloudflare_catchup,cloudflare_catchup_20260726081142_11-15-H1-H2-101-102-39-73,60,73,0,7,T421,AA2654,1,4
2026-07-27T02:57:01.704Z,cloudflare_catchup,cloudflare_catchup_20260726081142_11-15-H1-H2-101-102-39-73,60,73,0,9,M172/16,AA2661,0,24
2026-07-27T02:57:01.704Z,cloudflare_catchup,cloudflare_catchup_20260726081142_11-15-H1-H2-101-102-39-73,60,73,0,9,M172/16,AB6393,0,44
2026-07-27T02:57:01.704Z,cloudflare_catchup,cloudflare_catchup_20260726081142_11-15-H1-H2-101-102-39-73,60,73,0,13,M50,AA5945,0,48
2026-07-27T02:57:01.704Z,cloudflare_catchup,cloudflare_catchup_20260726081142_11-15-H1-H2-101-102-39-73,60,73,0,14,M172/7,AA2825,0,44
2026-07-27T02:57:01.704Z,cloudflare_catchup,cloudflare_catchup_20260726081142_11-15-H1-H2-101-102-39-73,60,73,0,16,T328,AB6613,1,39
2026-07-27T02:57:01.704Z,cloudflare_catchup,cloudflare_catchup_20260726081142_11-15-H1-H2-101-102-39-73,60,73,0,19,T424,AB6171,0,45
2026-07-27T02:57:01.704Z,cloudflare_catchup,cloudflare_catchup_20260726081142_11-15-H1-H2-101-102-39-73,60,73,0,25,T550/4,AB6049,1,0
2026-07-27T02:58:02.349Z,cloudflare_catchup,cloudflare_catchup_20260726081142_11-15-H1-H2-101-102-39-73,60,73,0,2,T557,AA7619,0,30
2026-07-27T02:58:02.349Z,cloudflare_catchup,cloudflare_catchup_20260726081142_11-15-H1-H2-101-102-39-73,60,73,0,7,T421,AA2654,0,48
2026-07-27T02:58:02.349Z,cloudflare_catchup,cloudflare_catchup_20260726081142_11-15-H1-H2-101-102-39-73,60,73,0,9,M172/16,AB6393,0,49
2026-07-27T02:58:02.349Z,cloudflare_catchup,cloudflare_catchup_20260726081142_11-15-H1-H2-101-102-39-73,60,73,0,11,M231,AA2661,1,2
2026-07-27T02:58:02.349Z,cloudflare_catchup,cloudflare_catchup_20260726081142_11-15-H1-H2-101-102-39-73,60,73,0,13,M50,AA5945,0,37
2026-07-27T02:58:02.349Z,cloudflare_catchup,cloudflare_catchup_20260726081142_11-15-H1-H2-101-102-39-73,60,73,0,14,M172/7,AA2825,0,47
2026-07-27T02:58:02.349Z,cloudflare_catchup,cloudflare_catchup_20260726081142_11-15-H1-H2-101-102-39-73,60,73,0,16,T328,AB6613,0,46
2026-07-27T02:58:02.349Z,cloudflare_catchup,cloudflare_catchup_20260726081142_11-15-H1-H2-101-102-39-73,60,73,0,19,T424,AB6171,0,42
2026-07-27T02:58:02.349Z,cloudflare_catchup,cloudflare_catchup_20260726081142_11-15-H1-H2-101-102-39-73,60,73,0,25,T550/4,AB6049,1,0
2026-07-27T02:59:02.301Z,cloudflare_catchup,cloudflare_catchup_20260726081142_11-15-H1-H2-101-102-39-73,60,73,0,3,T558,AA7619,0,44
2026-07-27T02:59:02.301Z,cloudflare_catchup,cloudflare_catchup_20260726081142_11-15-H1-H2-101-102-39-73,60,73,0,7,T421,AA2654,0,48
2026-07-27T02:59:02.301Z,cloudflare_catchup,cloudflare_catchup_20260726081142_11-15-H1-H2-101-102-39-73,60,73,0,9,M172/16,AB6393,0,49
2026-07-27T02:59:02.301Z,cloudflare_catchup,cloudflare_catchup_20260726081142_11-15-H1-H2-101-102-39-73,60,73,0,11,M231,AA2661,0,15
2026-07-27T02:59:02.301Z,cloudflare_catchup,cloudflare_catchup_20260726081142_11-15-H1-H2-101-102-39-73,60,73,0,13,M50,AA5945,0,40
2026-07-27T02:59:02.301Z,cloudflare_catchup,cloudflare_catchup_20260726081142_11-15-H1-H2-101-102-39-73,60,73,0,14,M172/7,AA2825,0,35
2026-07-27T02:59:02.301Z,cloudflare_catchup,cloudflare_catchup_20260726081142_11-15-H1-H2-101-102-39-73,60,73,0,16,T328,AB6613,0,28
2026-07-27T02:59:02.301Z,cloudflare_catchup,cloudflare_catchup_20260726081142_11-15-H1-H2-101-102-39-73,60,73,0,20,T559,AB6171,1,35
2026-07-27T02:59:02.301Z,cloudflare_catchup,cloudflare_catchup_20260726081142_11-15-H1-H2-101-102-39-73,60,73,0,25,T550/4,AB6049,1,0
2026-07-27T03:00:03.129Z,cloudflare_catchup,cloudflare_catchup_20260726081142_11-15-H1-H2-101-102-39-73,60,73,0,4,T551/1,AA7619,0,22
2026-07-27T03:00:03.129Z,cloudflare_catchup,cloudflare_catchup_20260726081142_11-15-H1-H2-101-102-39-73,60,73,0,7,T421,AA2654,0,33
2026-07-27T03:00:03.129Z,cloudflare_catchup,cloudflare_catchup_20260726081142_11-15-H1-H2-101-102-39-73,60,73,0,9,M172/16,AB6393,0,46
2026-07-27T03:00:03.129Z,cloudflare_catchup,cloudflare_catchup_20260726081142_11-15-H1-H2-101-102-39-73,60,73,0,12,M219,AA2661,1,1
2026-07-27T03:00:03.129Z,cloudflare_catchup,cloudflare_catchup_20260726081142_11-15-H1-H2-101-102-39-73,60,73,0,14,M172/7,AA5945,1,12
2026-07-27T03:00:03.129Z,cloudflare_catchup,cloudflare_catchup_20260726081142_11-15-H1-H2-101-102-39-73,60,73,0,15,T430,AA2825,1,42
2026-07-27T03:00:03.129Z,cloudflare_catchup,cloudflare_catchup_20260726081142_11-15-H1-H2-101-102-39-73,60,73,0,17,T420,AB6613,0,26
2026-07-27T03:00:03.129Z,cloudflare_catchup,cloudflare_catchup_20260726081142_11-15-H1-H2-101-102-39-73,60,73,0,21,T552,AB6171,1,47
2026-07-27T03:01:02.064Z,cloudflare_catchup,cloudflare_catchup_20260726081142_11-15-H1-H2-101-102-39-73,60,73,0,4,T551/1,AA7619,0,43
2026-07-27T03:01:02.064Z,cloudflare_catchup,cloudflare_catchup_20260726081142_11-15-H1-H2-101-102-39-73,60,73,0,8,T431,AA2654,0,41
2026-07-27T03:01:02.064Z,cloudflare_catchup,cloudflare_catchup_20260726081142_11-15-H1-H2-101-102-39-73,60,73,0,9,M172/16,AB6393,0,6
2026-07-27T03:01:02.064Z,cloudflare_catchup,cloudflare_catchup_20260726081142_11-15-H1-H2-101-102-39-73,60,73,0,13,M50,AA2661,1,5
2026-07-27T03:01:02.064Z,cloudflare_catchup,cloudflare_catchup_20260726081142_11-15-H1-H2-101-102-39-73,60,73,0,14,M172/7,AA5945,0,33
2026-07-27T03:01:02.064Z,cloudflare_catchup,cloudflare_catchup_20260726081142_11-15-H1-H2-101-102-39-73,60,73,0,15,T430,AA2825,0,50
2026-07-27T03:01:02.064Z,cloudflare_catchup,cloudflare_catchup_20260726081142_11-15-H1-H2-101-102-39-73,60,73,0,19,T424,AB6613,1,47
2026-07-27T03:01:02.064Z,cloudflare_catchup,cloudflare_catchup_20260726081142_11-15-H1-H2-101-102-39-73,60,73,0,22,T553,AB6171,0,35
2026-07-27T03:02:02.304Z,cloudflare_catchup,cloudflare_catchup_20260726081142_11-15-H1-H2-101-102-39-73,60,73,0,4,T551/1,AA7619,0,43
2026-07-27T03:02:02.304Z,cloudflare_catchup,cloudflare_catchup_20260726081142_11-15-H1-H2-101-102-39-73,60,73,0,8,T431,AA2654,0,46
2026-07-27T03:02:02.304Z,cloudflare_catchup,cloudflare_catchup_20260726081142_11-15-H1-H2-101-102-39-73,60,73,0,9,M172/16,AB6393,0,49
2026-07-27T03:02:02.304Z,cloudflare_catchup,cloudflare_catchup_20260726081142_11-15-H1-H2-101-102-39-73,60,73,0,13,M50,AA2661,0,5
2026-07-27T03:02:02.304Z,cloudflare_catchup,cloudflare_catchup_20260726081142_11-15-H1-H2-101-102-39-73,60,73,0,14,M172/7,AA5945,0,44
2026-07-27T03:02:02.304Z,cloudflare_catchup,cloudflare_catchup_20260726081142_11-15-H1-H2-101-102-39-73,60,73,0,16,T328,AA2825,0,49
2026-07-27T03:02:02.304Z,cloudflare_catchup,cloudflare_catchup_20260726081142_11-15-H1-H2-101-102-39-73,60,73,0,19,T424,AB6613,0,49
2026-07-27T03:02:02.304Z,cloudflare_catchup,cloudflare_catchup_20260726081142_11-15-H1-H2-101-102-39-73,60,73,0,23,T554,AB6171,0,39
2026-07-27T03:03:01.793Z,cloudflare_catchup,cloudflare_catchup_20260726081142_11-15-H1-H2-101-102-39-73,60,73,0,5,T425,AA7619,1,45
2026-07-27T03:03:01.793Z,cloudflare_catchup,cloudflare_catchup_20260726081142_11-15-H1-H2-101-102-39-73,60,73,0,8,T431,AA2654,0,48
2026-07-27T03:03:01.793Z,cloudflare_catchup,cloudflare_catchup_20260726081142_11-15-H1-H2-101-102-39-73,60,73,0,9,M172/16,AB6393,0,18
2026-07-27T03:03:01.793Z,cloudflare_catchup,cloudflare_catchup_20260726081142_11-15-H1-H2-101-102-39-73,60,73,0,13,M50,AA2661,0,44
2026-07-27T03:03:01.793Z,cloudflare_catchup,cloudflare_catchup_20260726081142_11-15-H1-H2-101-102-39-73,60,73,0,14,M172/7,AA5945,0,46
2026-07-27T03:03:01.793Z,cloudflare_catchup,cloudflare_catchup_20260726081142_11-15-H1-H2-101-102-39-73,60,73,0,16,T328,AA2825,0,26
2026-07-27T03:03:01.793Z,cloudflare_catchup,cloudflare_catchup_20260726081142_11-15-H1-H2-101-102-39-73,60,73,0,19,T424,AB6613,0,46
2026-07-27T03:03:01.793Z,cloudflare_catchup,cloudflare_catchup_20260726081142_11-15-H1-H2-101-102-39-73,60,73,0,24,T555/2,AB6171,0,16
2026-07-27T03:04:02.507Z,cloudflare_catchup,cloudflare_catchup_20260726081142_11-15-H1-H2-101-102-39-73,60,73,0,5,T425,AA7619,0,39
2026-07-27T03:04:02.507Z,cloudflare_catchup,cloudflare_catchup_20260726081142_11-15-H1-H2-101-102-39-73,60,73,0,8,T431,AA2654,0,47
2026-07-27T03:04:02.507Z,cloudflare_catchup,cloudflare_catchup_20260726081142_11-15-H1-H2-101-102-39-73,60,73,0,9,M172/16,AB6393,0,6
2026-07-27T03:04:02.507Z,cloudflare_catchup,cloudflare_catchup_20260726081142_11-15-H1-H2-101-102-39-73,60,73,0,13,M50,AA2661,0,36
2026-07-27T03:04:02.507Z,cloudflare_catchup,cloudflare_catchup_20260726081142_11-15-H1-H2-101-102-39-73,60,73,0,14,M172/7,AA5945,0,48
2026-07-27T03:04:02.507Z,cloudflare_catchup,cloudflare_catchup_20260726081142_11-15-H1-H2-101-102-39-73,60,73,0,17,T420,AA2825,0,38
2026-07-27T03:04:02.507Z,cloudflare_catchup,cloudflare_catchup_20260726081142_11-15-H1-H2-101-102-39-73,60,73,0,19,T424,AB6613,0,48
2026-07-27T03:04:02.507Z,cloudflare_catchup,cloudflare_catchup_20260726081142_11-15-H1-H2-101-102-39-73,60,73,0,24,T555/2,AB6171,0,29
2026-07-27T03:05:03.109Z,cloudflare_catchup,cloudflare_catchup_20260726081142_11-15-H1-H2-101-102-39-73,60,73,0,6,T423,AA7619,0,40
2026-07-27T03:05:03.109Z,cloudflare_catchup,cloudflare_catchup_20260726081142_11-15-H1-H2-101-102-39-73,60,73,0,8,T431,AA2654,0,41
2026-07-27T03:05:03.109Z,cloudflare_catchup,cloudflare_catchup_20260726081142_11-15-H1-H2-101-102-39-73,60,73,0,10,M247,AB6393,0,25
2026-07-27T03:05:03.109Z,cloudflare_catchup,cloudflare_catchup_20260726081142_11-15-H1-H2-101-102-39-73,60,73,0,13,M50,AA2661,0,46
2026-07-27T03:05:03.109Z,cloudflare_catchup,cloudflare_catchup_20260726081142_11-15-H1-H2-101-102-39-73,60,73,0,14,M172/7,AA5945,0,41
2026-07-27T03:05:03.109Z,cloudflare_catchup,cloudflare_catchup_20260726081142_11-15-H1-H2-101-102-39-73,60,73,0,18,T422,AA2825,0,2
2026-07-27T03:05:03.109Z,cloudflare_catchup,cloudflare_catchup_20260726081142_11-15-H1-H2-101-102-39-73,60,73,0,20,T559,AB6613,1,19
2026-07-27T03:05:03.109Z,cloudflare_catchup,cloudflare_catchup_20260726081142_11-15-H1-H2-101-102-39-73,60,73,0,25,T550/4,AB6171,1,0
2026-07-27T03:06:02.543Z,cloudflare_catchup,cloudflare_catchup_20260726081142_11-15-H1-H2-101-102-39-73,60,73,0,7,T421,AA7619,1,3
2026-07-27T03:06:02.543Z,cloudflare_catchup,cloudflare_catchup_20260726081142_11-15-H1-H2-101-102-39-73,60,73,0,9,M172/16,AA2654,1,6
2026-07-27T03:06:02.543Z,cloudflare_catchup,cloudflare_catchup_20260726081142_11-15-H1-H2-101-102-39-73,60,73,0,11,M231,AB6393,0,9
2026-07-27T03:06:02.543Z,cloudflare_catchup,cloudflare_catchup_20260726081142_11-15-H1-H2-101-102-39-73,60,73,0,13,M50,AA2661,0,21
2026-07-27T03:06:02.543Z,cloudflare_catchup,cloudflare_catchup_20260726081142_11-15-H1-H2-101-102-39-73,60,73,0,15,T430,AA5945,1,1
2026-07-27T03:06:02.543Z,cloudflare_catchup,cloudflare_catchup_20260726081142_11-15-H1-H2-101-102-39-73,60,73,0,18,T422,AA2825,0,43
2026-07-27T03:06:02.543Z,cloudflare_catchup,cloudflare_catchup_20260726081142_11-15-H1-H2-101-102-39-73,60,73,0,21,T552,AB6613,1,35
2026-07-27T03:06:02.543Z,cloudflare_catchup,cloudflare_catchup_20260726081142_11-15-H1-H2-101-102-39-73,60,73,0,25,T550/4,AB6171,1,0
2026-07-27T03:07:01.873Z,cloudflare_catchup,cloudflare_catchup_20260726081142_11-15-H1-H2-101-102-39-73,60,73,0,7,T421,AA7619,0,5
2026-07-27T03:07:01.873Z,cloudflare_catchup,cloudflare_catchup_20260726081142_11-15-H1-H2-101-102-39-73,60,73,0,9,M172/16,AA2654,0,36
2026-07-27T03:07:01.873Z,cloudflare_catchup,cloudflare_catchup_20260726081142_11-15-H1-H2-101-102-39-73,60,73,0,11,M231,AB6393,0,42
2026-07-27T03:07:01.873Z,cloudflare_catchup,cloudflare_catchup_20260726081142_11-15-H1-H2-101-102-39-73,60,73,0,13,M50,AA2661,0,21
2026-07-27T03:07:01.873Z,cloudflare_catchup,cloudflare_catchup_20260726081142_11-15-H1-H2-101-102-39-73,60,73,0,15,T430,AA5945,0,46
2026-07-27T03:07:01.873Z,cloudflare_catchup,cloudflare_catchup_20260726081142_11-15-H1-H2-101-102-39-73,60,73,0,19,T424,AA2825,0,6
2026-07-27T03:07:01.873Z,cloudflare_catchup,cloudflare_catchup_20260726081142_11-15-H1-H2-101-102-39-73,60,73,0,22,T553,AB6613,0,41
2026-07-27T03:07:01.873Z,cloudflare_catchup,cloudflare_catchup_20260726081142_11-15-H1-H2-101-102-39-73,60,73,0,25,T550/4,AB6171,1,0
2026-07-27T03:08:02.485Z,cloudflare_catchup,cloudflare_catchup_20260726081142_11-15-H1-H2-101-102-39-73,60,73,0,7,T421,AA7619,0,38
2026-07-27T03:08:02.485Z,cloudflare_catchup,cloudflare_catchup_20260726081142_11-15-H1-H2-101-102-39-73,60,73,0,9,M172/16,AA2654,0,48
2026-07-27T03:08:02.485Z,cloudflare_catchup,cloudflare_catchup_20260726081142_11-15-H1-H2-101-102-39-73,60,73,0,12,M219,AB6393,0,26
2026-07-27T03:08:02.485Z,cloudflare_catchup,cloudflare_catchup_20260726081142_11-15-H1-H2-101-102-39-73,60,73,0,13,M50,AA2661,0,31
2026-07-27T03:08:02.485Z,cloudflare_catchup,cloudflare_catchup_20260726081142_11-15-H1-H2-101-102-39-73,60,73,0,16,T328,AA5945,0,48
2026-07-27T03:08:02.485Z,cloudflare_catchup,cloudflare_catchup_20260726081142_11-15-H1-H2-101-102-39-73,60,73,0,19,T424,AA2825,0,48
2026-07-27T03:08:02.485Z,cloudflare_catchup,cloudflare_catchup_20260726081142_11-15-H1-H2-101-102-39-73,60,73,0,23,T554,AB6613,0,14
2026-07-27T03:08:02.485Z,cloudflare_catchup,cloudflare_catchup_20260726081142_11-15-H1-H2-101-102-39-73,60,73,0,25,T550/4,AB6171,1,0
2026-07-27T03:09:02.297Z,cloudflare_catchup,cloudflare_catchup_20260726081142_11-15-H1-H2-101-102-39-73,60,73,0,1,T556,AA3041,0,37
2026-07-27T03:09:02.297Z,cloudflare_catchup,cloudflare_catchup_20260726081142_11-15-H1-H2-101-102-39-73,60,73,0,7,T421,AA7619,0,48
2026-07-27T03:09:02.297Z,cloudflare_catchup,cloudflare_catchup_20260726081142_11-15-H1-H2-101-102-39-73,60,73,0,9,M172/16,AA2654,0,7
2026-07-27T03:09:02.297Z,cloudflare_catchup,cloudflare_catchup_20260726081142_11-15-H1-H2-101-102-39-73,60,73,0,13,M50,AB6393,0,18
2026-07-27T03:09:02.297Z,cloudflare_catchup,cloudflare_catchup_20260726081142_11-15-H1-H2-101-102-39-73,60,73,0,14,M172/7,AA2661,1,2
2026-07-27T03:09:02.297Z,cloudflare_catchup,cloudflare_catchup_20260726081142_11-15-H1-H2-101-102-39-73,60,73,0,16,T328,AA5945,0,33
2026-07-27T03:09:02.297Z,cloudflare_catchup,cloudflare_catchup_20260726081142_11-15-H1-H2-101-102-39-73,60,73,0,19,T424,AA2825,0,48
2026-07-27T03:09:02.297Z,cloudflare_catchup,cloudflare_catchup_20260726081142_11-15-H1-H2-101-102-39-73,60,73,0,23,T554,AB6613,0,35
2026-07-27T03:09:02.297Z,cloudflare_catchup,cloudflare_catchup_20260726081142_11-15-H1-H2-101-102-39-73,60,73,0,25,T550/4,AB6171,1,0
2026-07-27T03:10:03.188Z,cloudflare_catchup,cloudflare_catchup_20260726081142_11-15-H1-H2-101-102-39-73,60,73,0,1,T556,AA3041,0,38
2026-07-27T03:10:03.188Z,cloudflare_catchup,cloudflare_catchup_20260726081142_11-15-H1-H2-101-102-39-73,60,73,0,7,T421,AA7619,0,10
2026-07-27T03:10:03.188Z,cloudflare_catchup,cloudflare_catchup_20260726081142_11-15-H1-H2-101-102-39-73,60,73,0,9,M172/16,AA2654,0,39
2026-07-27T03:10:03.188Z,cloudflare_catchup,cloudflare_catchup_20260726081142_11-15-H1-H2-101-102-39-73,60,73,0,13,M50,AB6393,0,49
2026-07-27T03:10:03.188Z,cloudflare_catchup,cloudflare_catchup_20260726081142_11-15-H1-H2-101-102-39-73,60,73,0,14,M172/7,AA2661,0,22
2026-07-27T03:10:03.188Z,cloudflare_catchup,cloudflare_catchup_20260726081142_11-15-H1-H2-101-102-39-73,60,73,0,17,T420,AA5945,0,10
2026-07-27T03:10:03.188Z,cloudflare_catchup,cloudflare_catchup_20260726081142_11-15-H1-H2-101-102-39-73,60,73,0,20,T559,AA2825,1,47
2026-07-27T03:10:03.188Z,cloudflare_catchup,cloudflare_catchup_20260726081142_11-15-H1-H2-101-102-39-73,60,73,0,24,T555/2,AB6613,0,17
2026-07-27T03:11:01.830Z,cloudflare_catchup,cloudflare_catchup_20260726081142_11-15-H1-H2-101-102-39-73,60,73,0,3,T558,AA3041,1,39
2026-07-27T03:11:01.830Z,cloudflare_catchup,cloudflare_catchup_20260726081142_11-15-H1-H2-101-102-39-73,60,73,0,8,T431,AA7619,0,43
2026-07-27T03:11:01.830Z,cloudflare_catchup,cloudflare_catchup_20260726081142_11-15-H1-H2-101-102-39-73,60,73,0,9,M172/16,AA2654,0,31
2026-07-27T03:11:01.830Z,cloudflare_catchup,cloudflare_catchup_20260726081142_11-15-H1-H2-101-102-39-73,60,73,0,13,M50,AB6393,0,48
2026-07-27T03:11:01.830Z,cloudflare_catchup,cloudflare_catchup_20260726081142_11-15-H1-H2-101-102-39-73,60,73,0,14,M172/7,AA2661,0,42
2026-07-27T03:11:01.830Z,cloudflare_catchup,cloudflare_catchup_20260726081142_11-15-H1-H2-101-102-39-73,60,73,0,18,T422,AA5945,0,5
2026-07-27T03:11:01.830Z,cloudflare_catchup,cloudflare_catchup_20260726081142_11-15-H1-H2-101-102-39-73,60,73,0,21,T552,AA2825,1,48
2026-07-27T03:11:01.830Z,cloudflare_catchup,cloudflare_catchup_20260726081142_11-15-H1-H2-101-102-39-73,60,73,0,25,T550/4,AB6613,1,0
2026-07-27T03:12:02.442Z,cloudflare_catchup,cloudflare_catchup_20260726081142_11-15-H1-H2-101-102-39-73,60,73,0,3,T558,AA3041,0,48
2026-07-27T03:12:02.442Z,cloudflare_catchup,cloudflare_catchup_20260726081142_11-15-H1-H2-101-102-39-73,60,73,0,8,T431,AA7619,0,41
2026-07-27T03:12:02.442Z,cloudflare_catchup,cloudflare_catchup_20260726081142_11-15-H1-H2-101-102-39-73,60,73,0,9,M172/16,AA2654,0,38
2026-07-27T03:12:02.442Z,cloudflare_catchup,cloudflare_catchup_20260726081142_11-15-H1-H2-101-102-39-73,60,73,0,13,M50,AB6393,0,47
2026-07-27T03:12:02.442Z,cloudflare_catchup,cloudflare_catchup_20260726081142_11-15-H1-H2-101-102-39-73,60,73,0,14,M172/7,AA2661,0,47
2026-07-27T03:12:02.442Z,cloudflare_catchup,cloudflare_catchup_20260726081142_11-15-H1-H2-101-102-39-73,60,73,0,19,T424,AA5945,0,7
2026-07-27T03:12:02.442Z,cloudflare_catchup,cloudflare_catchup_20260726081142_11-15-H1-H2-101-102-39-73,60,73,0,22,T553,AA2825,0,33
2026-07-27T03:12:02.442Z,cloudflare_catchup,cloudflare_catchup_20260726081142_11-15-H1-H2-101-102-39-73,60,73,0,25,T550/4,AB6613,1,0
2026-07-27T03:13:01.823Z,cloudflare_catchup,cloudflare_catchup_20260726081142_11-15-H1-H2-101-102-39-73,60,73,0,4,T551/1,AA3041,1,14
2026-07-27T03:13:01.823Z,cloudflare_catchup,cloudflare_catchup_20260726081142_11-15-H1-H2-101-102-39-73,60,73,0,8,T431,AA7619,0,46
2026-07-27T03:13:01.823Z,cloudflare_catchup,cloudflare_catchup_20260726081142_11-15-H1-H2-101-102-39-73,60,73,0,9,M172/16,AA2654,0,39
2026-07-27T03:13:01.823Z,cloudflare_catchup,cloudflare_catchup_20260726081142_11-15-H1-H2-101-102-39-73,60,73,0,13,M50,AB6393,0,24
2026-07-27T03:13:01.823Z,cloudflare_catchup,cloudflare_catchup_20260726081142_11-15-H1-H2-101-102-39-73,60,73,0,14,M172/7,AA2661,0,48
2026-07-27T03:13:01.823Z,cloudflare_catchup,cloudflare_catchup_20260726081142_11-15-H1-H2-101-102-39-73,60,73,0,19,T424,AA5945,0,46
2026-07-27T03:13:01.823Z,cloudflare_catchup,cloudflare_catchup_20260726081142_11-15-H1-H2-101-102-39-73,60,73,0,23,T554,AA2825,0,4
2026-07-27T03:13:01.823Z,cloudflare_catchup,cloudflare_catchup_20260726081142_11-15-H1-H2-101-102-39-73,60,73,0,25,T550/4,AB6613,1,0
2026-07-27T03:14:02.412Z,cloudflare_catchup,cloudflare_catchup_20260726081142_11-15-H1-H2-101-102-39-73,60,73,0,4,T551/1,AA3041,0,49
2026-07-27T03:14:02.412Z,cloudflare_catchup,cloudflare_catchup_20260726081142_11-15-H1-H2-101-102-39-73,60,73,0,8,T431,AA7619,0,43
2026-07-27T03:14:02.412Z,cloudflare_catchup,cloudflare_catchup_20260726081142_11-15-H1-H2-101-102-39-73,60,73,0,9,M172/16,AA2654,0,34
2026-07-27T03:14:02.412Z,cloudflare_catchup,cloudflare_catchup_20260726081142_11-15-H1-H2-101-102-39-73,60,73,0,13,M50,AB6393,0,49
2026-07-27T03:14:02.412Z,cloudflare_catchup,cloudflare_catchup_20260726081142_11-15-H1-H2-101-102-39-73,60,73,0,14,M172/7,AA2661,0,41
2026-07-27T03:14:02.412Z,cloudflare_catchup,cloudflare_catchup_20260726081142_11-15-H1-H2-101-102-39-73,60,73,0,19,T424,AA5945,0,49
2026-07-27T03:14:02.412Z,cloudflare_catchup,cloudflare_catchup_20260726081142_11-15-H1-H2-101-102-39-73,60,73,0,23,T554,AA2825,0,31
2026-07-27T03:14:02.412Z,cloudflare_catchup,cloudflare_catchup_20260726081142_11-15-H1-H2-101-102-39-73,60,73,0,25,T550/4,AB6613,1,0
2026-07-27T03:15:03.158Z,cloudflare_catchup,cloudflare_catchup_20260726081142_11-15-H1-H2-101-102-39-73,60,73,0,4,T551/1,AA3041,0,49
2026-07-27T03:15:03.158Z,cloudflare_catchup,cloudflare_catchup_20260726081142_11-15-H1-H2-101-102-39-73,60,73,0,8,T431,AA7619,0,44
2026-07-27T03:15:03.158Z,cloudflare_catchup,cloudflare_catchup_20260726081142_11-15-H1-H2-101-102-39-73,60,73,0,9,M172/16,AA2654,0,30
2026-07-27T03:15:03.158Z,cloudflare_catchup,cloudflare_catchup_20260726081142_11-15-H1-H2-101-102-39-73,60,73,0,14,M172/7,AA2661,0,42
2026-07-27T03:15:03.158Z,cloudflare_catchup,cloudflare_catchup_20260726081142_11-15-H1-H2-101-102-39-73,60,73,0,14,M172/7,AB6393,0,25
2026-07-27T03:15:03.158Z,cloudflare_catchup,cloudflare_catchup_20260726081142_11-15-H1-H2-101-102-39-73,60,73,0,20,T559,AA5945,1,39
2026-07-27T03:15:03.158Z,cloudflare_catchup,cloudflare_catchup_20260726081142_11-15-H1-H2-101-102-39-73,60,73,0,24,T555/2,AA2825,0,44
2026-07-27T03:15:03.158Z,cloudflare_catchup,cloudflare_catchup_20260726081142_11-15-H1-H2-101-102-39-73,60,73,0,25,T550/4,AB6613,1,0
2026-07-27T03:16:02.424Z,cloudflare_catchup,cloudflare_catchup_20260726081142_11-15-H1-H2-101-102-39-73,60,73,0,5,T425,AA3041,0,39
2026-07-27T03:16:02.424Z,cloudflare_catchup,cloudflare_catchup_20260726081142_11-15-H1-H2-101-102-39-73,60,73,0,9,M172/16,AA7619,1,30
2026-07-27T03:16:02.424Z,cloudflare_catchup,cloudflare_catchup_20260726081142_11-15-H1-H2-101-102-39-73,60,73,0,10,M247,AA2654,1,7
2026-07-27T03:16:02.424Z,cloudflare_catchup,cloudflare_catchup_20260726081142_11-15-H1-H2-101-102-39-73,60,73,0,14,M172/7,AB6393,0,45
2026-07-27T03:16:02.424Z,cloudflare_catchup,cloudflare_catchup_20260726081142_11-15-H1-H2-101-102-39-73,60,73,0,15,T430,AA2661,0,2
2026-07-27T03:16:02.424Z,cloudflare_catchup,cloudflare_catchup_20260726081142_11-15-H1-H2-101-102-39-73,60,73,0,20,T559,AA5945,0,49
2026-07-27T03:16:02.424Z,cloudflare_catchup,cloudflare_catchup_20260726081142_11-15-H1-H2-101-102-39-73,60,73,0,25,T550/4,AA2825,1,0
2026-07-27T03:17:01.951Z,cloudflare_catchup,cloudflare_catchup_20260726081142_11-15-H1-H2-101-102-39-73,60,73,0,6,T423,AA3041,0,42
2026-07-27T03:17:01.951Z,cloudflare_catchup,cloudflare_catchup_20260726081142_11-15-H1-H2-101-102-39-73,60,73,0,9,M172/16,AA7619,0,47
2026-07-27T03:17:01.951Z,cloudflare_catchup,cloudflare_catchup_20260726081142_11-15-H1-H2-101-102-39-73,60,73,0,11,M231,AA2654,1,7
2026-07-27T03:17:01.951Z,cloudflare_catchup,cloudflare_catchup_20260726081142_11-15-H1-H2-101-102-39-73,60,73,0,14,M172/7,AB6393,0,49
2026-07-27T03:17:01.951Z,cloudflare_catchup,cloudflare_catchup_20260726081142_11-15-H1-H2-101-102-39-73,60,73,0,15,T430,AA2661,0,24
2026-07-27T03:17:01.951Z,cloudflare_catchup,cloudflare_catchup_20260726081142_11-15-H1-H2-101-102-39-73,60,73,0,22,T553,AA5945,0,37
2026-07-27T03:17:01.951Z,cloudflare_catchup,cloudflare_catchup_20260726081142_11-15-H1-H2-101-102-39-73,60,73,0,25,T550/4,AA2825,1,0
2026-07-27T03:18:02.438Z,cloudflare_catchup,cloudflare_catchup_20260726081142_11-15-H1-H2-101-102-39-73,60,73,0,7,T421,AA3041,0,13
2026-07-27T03:18:02.438Z,cloudflare_catchup,cloudflare_catchup_20260726081142_11-15-H1-H2-101-102-39-73,60,73,0,9,M172/16,AA7619,0,48
2026-07-27T03:18:02.438Z,cloudflare_catchup,cloudflare_catchup_20260726081142_11-15-H1-H2-101-102-39-73,60,73,0,11,M231,AA2654,0,16
2026-07-27T03:18:02.438Z,cloudflare_catchup,cloudflare_catchup_20260726081142_11-15-H1-H2-101-102-39-73,60,73,0,14,M172/7,AB6393,0,47
2026-07-27T03:18:02.438Z,cloudflare_catchup,cloudflare_catchup_20260726081142_11-15-H1-H2-101-102-39-73,60,73,0,16,T328,AA2661,1,17
2026-07-27T03:18:02.438Z,cloudflare_catchup,cloudflare_catchup_20260726081142_11-15-H1-H2-101-102-39-73,60,73,0,23,T554,AA5945,0,50
2026-07-27T03:18:02.438Z,cloudflare_catchup,cloudflare_catchup_20260726081142_11-15-H1-H2-101-102-39-73,60,73,0,25,T550/4,AA2825,1,0
2026-07-27T03:19:01.741Z,cloudflare_catchup,cloudflare_catchup_20260726081142_11-15-H1-H2-101-102-39-73,60,73,0,7,T421,AA3041,0,49
2026-07-27T03:19:01.741Z,cloudflare_catchup,cloudflare_catchup_20260726081142_11-15-H1-H2-101-102-39-73,60,73,0,9,M172/16,AA7619,0,46
2026-07-27T03:19:01.741Z,cloudflare_catchup,cloudflare_catchup_20260726081142_11-15-H1-H2-101-102-39-73,60,73,0,12,M219,AA2654,1,19
2026-07-27T03:19:01.741Z,cloudflare_catchup,cloudflare_catchup_20260726081142_11-15-H1-H2-101-102-39-73,60,73,0,14,M172/7,AB6393,0,30
2026-07-27T03:19:01.741Z,cloudflare_catchup,cloudflare_catchup_20260726081142_11-15-H1-H2-101-102-39-73,60,73,0,16,T328,AA2661,0,34
2026-07-27T03:19:01.741Z,cloudflare_catchup,cloudflare_catchup_20260726081142_11-15-H1-H2-101-102-39-73,60,73,0,24,T555/2,AA5945,1,32
2026-07-27T03:19:01.741Z,cloudflare_catchup,cloudflare_catchup_20260726081142_11-15-H1-H2-101-102-39-73,60,73,0,25,T550/4,AA2825,1,0
2026-07-27T03:20:02.452Z,cloudflare_catchup,cloudflare_catchup_20260726081142_11-15-H1-H2-101-102-39-73,60,73,0,7,T421,AA3041,0,48
2026-07-27T03:20:02.452Z,cloudflare_catchup,cloudflare_catchup_20260726081142_11-15-H1-H2-101-102-39-73,60,73,0,9,M172/16,AA7619,0,47
2026-07-27T03:20:02.452Z,cloudflare_catchup,cloudflare_catchup_20260726081142_11-15-H1-H2-101-102-39-73,60,73,0,12,M219,AA2654,0,4
2026-07-27T03:20:02.452Z,cloudflare_catchup,cloudflare_catchup_20260726081142_11-15-H1-H2-101-102-39-73,60,73,0,14,M172/7,AB6393,0,48
2026-07-27T03:20:02.452Z,cloudflare_catchup,cloudflare_catchup_20260726081142_11-15-H1-H2-101-102-39-73,60,73,0,17,T420,AA2661,1,46
2026-07-27T03:20:02.452Z,cloudflare_catchup,cloudflare_catchup_20260726081142_11-15-H1-H2-101-102-39-73,60,73,0,24,T555/2,AA5945,0,48
2026-07-27T03:20:02.452Z,cloudflare_catchup,cloudflare_catchup_20260726081142_11-15-H1-H2-101-102-39-73,60,73,0,25,T550/4,AA2825,1,0
2026-07-27T03:21:01.722Z,cloudflare_catchup,cloudflare_catchup_20260726081142_11-15-H1-H2-101-102-39-73,60,73,0,0,T550/4,AB6136,0,33
2026-07-27T03:21:01.722Z,cloudflare_catchup,cloudflare_catchup_20260726081142_11-15-H1-H2-101-102-39-73,60,73,0,8,T431,AA3041,0,43
2026-07-27T03:21:01.722Z,cloudflare_catchup,cloudflare_catchup_20260726081142_11-15-H1-H2-101-102-39-73,60,73,0,9,M172/16,AA7619,0,23
2026-07-27T03:21:01.722Z,cloudflare_catchup,cloudflare_catchup_20260726081142_11-15-H1-H2-101-102-39-73,60,73,0,13,M50,AA2654,1,29
2026-07-27T03:21:01.722Z,cloudflare_catchup,cloudflare_catchup_20260726081142_11-15-H1-H2-101-102-39-73,60,73,0,15,T430,AB6393,0,44
2026-07-27T03:21:01.722Z,cloudflare_catchup,cloudflare_catchup_20260726081142_11-15-H1-H2-101-102-39-73,60,73,0,18,T422,AA2661,0,39
2026-07-27T03:21:01.722Z,cloudflare_catchup,cloudflare_catchup_20260726081142_11-15-H1-H2-101-102-39-73,60,73,0,25,T550/4,AA5945,1,0
2026-07-27T03:22:02.394Z,cloudflare_catchup,cloudflare_catchup_20260726081142_11-15-H1-H2-101-102-39-73,60,73,0,1,T556,AB6136,0,38
2026-07-27T03:22:02.394Z,cloudflare_catchup,cloudflare_catchup_20260726081142_11-15-H1-H2-101-102-39-73,60,73,0,8,T431,AA3041,0,25
2026-07-27T03:22:02.394Z,cloudflare_catchup,cloudflare_catchup_20260726081142_11-15-H1-H2-101-102-39-73,60,73,0,9,M172/16,AA7619,0,2
2026-07-27T03:22:02.394Z,cloudflare_catchup,cloudflare_catchup_20260726081142_11-15-H1-H2-101-102-39-73,60,73,0,13,M50,AA2654,0,7
2026-07-27T03:22:02.394Z,cloudflare_catchup,cloudflare_catchup_20260726081142_11-15-H1-H2-101-102-39-73,60,73,0,16,T328,AB6393,0,47
2026-07-27T03:22:02.394Z,cloudflare_catchup,cloudflare_catchup_20260726081142_11-15-H1-H2-101-102-39-73,60,73,0,19,T424,AA2661,0,40
2026-07-27T03:22:02.394Z,cloudflare_catchup,cloudflare_catchup_20260726081142_11-15-H1-H2-101-102-39-73,60,73,0,25,T550/4,AA5945,1,0
2026-07-27T03:23:02.320Z,cloudflare_catchup,cloudflare_catchup_20260726081142_11-15-H1-H2-101-102-39-73,60,73,0,2,T557,AB6136,1,29
2026-07-27T03:23:02.320Z,cloudflare_catchup,cloudflare_catchup_20260726081142_11-15-H1-H2-101-102-39-73,60,73,0,8,T431,AA3041,0,48
2026-07-27T03:23:02.320Z,cloudflare_catchup,cloudflare_catchup_20260726081142_11-15-H1-H2-101-102-39-73,60,73,0,9,M172/16,AA7619,0,45
2026-07-27T03:23:02.320Z,cloudflare_catchup,cloudflare_catchup_20260726081142_11-15-H1-H2-101-102-39-73,60,73,0,13,M50,AA2654,0,48
2026-07-27T03:23:02.320Z,cloudflare_catchup,cloudflare_catchup_20260726081142_11-15-H1-H2-101-102-39-73,60,73,0,16,T328,AB6393,0,23
2026-07-27T03:23:02.320Z,cloudflare_catchup,cloudflare_catchup_20260726081142_11-15-H1-H2-101-102-39-73,60,73,0,19,T424,AA2661,0,48
2026-07-27T03:23:02.320Z,cloudflare_catchup,cloudflare_catchup_20260726081142_11-15-H1-H2-101-102-39-73,60,73,0,25,T550/4,AA5945,1,0
2026-07-27T03:24:02.379Z,cloudflare_catchup,cloudflare_catchup_20260726081142_11-15-H1-H2-101-102-39-73,60,73,0,3,T558,AB6136,0,43
2026-07-27T03:24:02.379Z,cloudflare_catchup,cloudflare_catchup_20260726081142_11-15-H1-H2-101-102-39-73,60,73,0,8,T431,AA3041,0,44
2026-07-27T03:24:02.379Z,cloudflare_catchup,cloudflare_catchup_20260726081142_11-15-H1-H2-101-102-39-73,60,73,0,9,M172/16,AA7619,0,36
2026-07-27T03:24:02.379Z,cloudflare_catchup,cloudflare_catchup_20260726081142_11-15-H1-H2-101-102-39-73,60,73,0,13,M50,AA2654,0,44
2026-07-27T03:24:02.379Z,cloudflare_catchup,cloudflare_catchup_20260726081142_11-15-H1-H2-101-102-39-73,60,73,0,17,T420,AB6393,0,43
2026-07-27T03:24:02.379Z,cloudflare_catchup,cloudflare_catchup_20260726081142_11-15-H1-H2-101-102-39-73,60,73,0,19,T424,AA2661,0,39
2026-07-27T03:24:02.379Z,cloudflare_catchup,cloudflare_catchup_20260726081142_11-15-H1-H2-101-102-39-73,60,73,0,25,T550/4,AA5945,1,0
2026-07-27T03:25:03.710Z,cloudflare_catchup,cloudflare_catchup_20260726081142_11-15-H1-H2-101-102-39-73,60,73,0,3,T558,AB6136,0,47
2026-07-27T03:25:03.710Z,cloudflare_catchup,cloudflare_catchup_20260726081142_11-15-H1-H2-101-102-39-73,60,73,0,8,T431,AA3041,0,44
2026-07-27T03:25:03.710Z,cloudflare_catchup,cloudflare_catchup_20260726081142_11-15-H1-H2-101-102-39-73,60,73,0,10,M247,AA7619,0,19
2026-07-27T03:25:03.710Z,cloudflare_catchup,cloudflare_catchup_20260726081142_11-15-H1-H2-101-102-39-73,60,73,0,13,M50,AA2654,0,41
2026-07-27T03:25:03.710Z,cloudflare_catchup,cloudflare_catchup_20260726081142_11-15-H1-H2-101-102-39-73,60,73,0,18,T422,AB6393,0,31
2026-07-27T03:25:03.710Z,cloudflare_catchup,cloudflare_catchup_20260726081142_11-15-H1-H2-101-102-39-73,60,73,0,20,T559,AA2661,1,38
2026-07-27T03:25:03.710Z,cloudflare_catchup,cloudflare_catchup_20260726081142_11-15-H1-H2-101-102-39-73,60,73,0,25,T550/4,AA5945,1,0
2026-07-27T03:26:02.617Z,cloudflare_catchup,cloudflare_catchup_20260726081142_11-15-H1-H2-101-102-39-73,60,73,0,4,T551/1,AB6136,0,47
2026-07-27T03:26:02.617Z,cloudflare_catchup,cloudflare_catchup_20260726081142_11-15-H1-H2-101-102-39-73,60,73,0,9,M172/16,AA3041,1,9
2026-07-27T03:26:02.617Z,cloudflare_catchup,cloudflare_catchup_20260726081142_11-15-H1-H2-101-102-39-73,60,73,0,11,M231,AA7619,0,4
2026-07-27T03:26:02.617Z,cloudflare_catchup,cloudflare_catchup_20260726081142_11-15-H1-H2-101-102-39-73,60,73,0,13,M50,AA2654,0,45
2026-07-27T03:26:02.617Z,cloudflare_catchup,cloudflare_catchup_20260726081142_11-15-H1-H2-101-102-39-73,60,73,0,19,T424,AB6393,1,11
2026-07-27T03:26:02.617Z,cloudflare_catchup,cloudflare_catchup_20260726081142_11-15-H1-H2-101-102-39-73,60,73,0,20,T559,AA2661,0,18
2026-07-27T03:27:01.901Z,cloudflare_catchup,cloudflare_catchup_20260726081142_11-15-H1-H2-101-102-39-73,60,73,0,4,T551/1,AB6136,0,47
2026-07-27T03:27:01.901Z,cloudflare_catchup,cloudflare_catchup_20260726081142_11-15-H1-H2-101-102-39-73,60,73,0,9,M172/16,AA3041,0,30
2026-07-27T03:27:01.901Z,cloudflare_catchup,cloudflare_catchup_20260726081142_11-15-H1-H2-101-102-39-73,60,73,0,11,M231,AA7619,0,24
2026-07-27T03:27:01.901Z,cloudflare_catchup,cloudflare_catchup_20260726081142_11-15-H1-H2-101-102-39-73,60,73,0,13,M50,AA2654,0,32
2026-07-27T03:27:01.901Z,cloudflare_catchup,cloudflare_catchup_20260726081142_11-15-H1-H2-101-102-39-73,60,73,0,19,T424,AB6393,0,49
2026-07-27T03:27:01.901Z,cloudflare_catchup,cloudflare_catchup_20260726081142_11-15-H1-H2-101-102-39-73,60,73,0,22,T553,AA2661,0,31
2026-07-27T03:28:02.337Z,cloudflare_catchup,cloudflare_catchup_20260726081142_11-15-H1-H2-101-102-39-73,60,73,0,4,T551/1,AB6136,0,47
2026-07-27T03:28:02.337Z,cloudflare_catchup,cloudflare_catchup_20260726081142_11-15-H1-H2-101-102-39-73,60,73,0,9,M172/16,AA3041,0,49
2026-07-27T03:28:02.337Z,cloudflare_catchup,cloudflare_catchup_20260726081142_11-15-H1-H2-101-102-39-73,60,73,0,12,M219,AA7619,1,4
2026-07-27T03:28:02.337Z,cloudflare_catchup,cloudflare_catchup_20260726081142_11-15-H1-H2-101-102-39-73,60,73,0,13,M50,AA2654,0,31
2026-07-27T03:28:02.337Z,cloudflare_catchup,cloudflare_catchup_20260726081142_11-15-H1-H2-101-102-39-73,60,73,0,19,T424,AB6393,0,49
2026-07-27T03:28:02.337Z,cloudflare_catchup,cloudflare_catchup_20260726081142_11-15-H1-H2-101-102-39-73,60,73,0,23,T554,AA2661,0,8
2026-07-27T03:29:01.770Z,cloudflare_catchup,cloudflare_catchup_20260726081142_11-15-H1-H2-101-102-39-73,60,73,0,5,T425,AB6136,1,46
2026-07-27T03:29:01.770Z,cloudflare_catchup,cloudflare_catchup_20260726081142_11-15-H1-H2-101-102-39-73,60,73,0,9,M172/16,AA3041,0,28
2026-07-27T03:29:01.770Z,cloudflare_catchup,cloudflare_catchup_20260726081142_11-15-H1-H2-101-102-39-73,60,73,0,13,M50,AA7619,1,3
2026-07-27T03:29:01.770Z,cloudflare_catchup,cloudflare_catchup_20260726081142_11-15-H1-H2-101-102-39-73,60,73,0,14,M172/7,AA2654,1,15
2026-07-27T03:29:01.770Z,cloudflare_catchup,cloudflare_catchup_20260726081142_11-15-H1-H2-101-102-39-73,60,73,0,19,T424,AB6393,0,49
2026-07-27T03:29:01.770Z,cloudflare_catchup,cloudflare_catchup_20260726081142_11-15-H1-H2-101-102-39-73,60,73,0,23,T554,AA2661,0,36
2026-07-27T03:30:02.522Z,cloudflare_catchup,cloudflare_catchup_20260726081142_11-15-H1-H2-101-102-39-73,60,73,0,6,T423,AB6136,1,38
2026-07-27T03:30:02.522Z,cloudflare_catchup,cloudflare_catchup_20260726081142_11-15-H1-H2-101-102-39-73,60,73,0,9,M172/16,AA3041,0,16
2026-07-27T03:30:02.522Z,cloudflare_catchup,cloudflare_catchup_20260726081142_11-15-H1-H2-101-102-39-73,60,73,0,13,M50,AA7619,1,2
2026-07-27T03:30:02.522Z,cloudflare_catchup,cloudflare_catchup_20260726081142_11-15-H1-H2-101-102-39-73,60,73,0,14,M172/7,AA2654,0,35
2026-07-27T03:30:02.522Z,cloudflare_catchup,cloudflare_catchup_20260726081142_11-15-H1-H2-101-102-39-73,60,73,0,20,T559,AB6393,0,43
2026-07-27T03:30:02.522Z,cloudflare_catchup,cloudflare_catchup_20260726081142_11-15-H1-H2-101-102-39-73,60,73,0,24,T555/2,AA2661,0,24
2026-07-27T03:31:01.765Z,cloudflare_catchup,cloudflare_catchup_20260726081142_11-15-H1-H2-101-102-39-73,60,73,0,6,T423,AB6136,1,38
2026-07-27T03:31:01.765Z,cloudflare_catchup,cloudflare_catchup_20260726081142_11-15-H1-H2-101-102-39-73,60,73,0,9,M172/16,AA3041,0,35
2026-07-27T03:31:01.765Z,cloudflare_catchup,cloudflare_catchup_20260726081142_11-15-H1-H2-101-102-39-73,60,73,0,13,M50,AA7619,0,47
2026-07-27T03:31:01.765Z,cloudflare_catchup,cloudflare_catchup_20260726081142_11-15-H1-H2-101-102-39-73,60,73,0,14,M172/7,AA2654,0,44
2026-07-27T03:31:01.765Z,cloudflare_catchup,cloudflare_catchup_20260726081142_11-15-H1-H2-101-102-39-73,60,73,0,22,T553,AB6393,1,39
2026-07-27T03:31:01.765Z,cloudflare_catchup,cloudflare_catchup_20260726081142_11-15-H1-H2-101-102-39-73,60,73,0,25,T550/4,AA2661,1,0
2026-07-27T03:32:02.388Z,cloudflare_catchup,cloudflare_catchup_20260726081142_11-15-H1-H2-101-102-39-73,60,73,0,6,T423,AB6136,0,43
2026-07-27T03:32:02.388Z,cloudflare_catchup,cloudflare_catchup_20260726081142_11-15-H1-H2-101-102-39-73,60,73,0,9,M172/16,AA3041,0,2
2026-07-27T03:32:02.388Z,cloudflare_catchup,cloudflare_catchup_20260726081142_11-15-H1-H2-101-102-39-73,60,73,0,13,M50,AA7619,0,50
2026-07-27T03:32:02.388Z,cloudflare_catchup,cloudflare_catchup_20260726081142_11-15-H1-H2-101-102-39-73,60,73,0,14,M172/7,AA2654,0,50
2026-07-27T03:32:02.388Z,cloudflare_catchup,cloudflare_catchup_20260726081142_11-15-H1-H2-101-102-39-73,60,73,0,23,T554,AB6393,0,29
2026-07-27T03:32:02.388Z,cloudflare_catchup,cloudflare_catchup_20260726081142_11-15-H1-H2-101-102-39-73,60,73,0,25,T550/4,AA2661,1,0
2026-07-27T03:33:01.764Z,cloudflare_catchup,cloudflare_catchup_20260726081142_11-15-H1-H2-101-102-39-73,60,73,0,7,T421,AB6136,0,42
2026-07-27T03:33:01.764Z,cloudflare_catchup,cloudflare_catchup_20260726081142_11-15-H1-H2-101-102-39-73,60,73,0,9,M172/16,AA3041,0,48
2026-07-27T03:33:01.764Z,cloudflare_catchup,cloudflare_catchup_20260726081142_11-15-H1-H2-101-102-39-73,60,73,0,13,M50,AA7619,0,44
2026-07-27T03:33:01.764Z,cloudflare_catchup,cloudflare_catchup_20260726081142_11-15-H1-H2-101-102-39-73,60,73,0,14,M172/7,AA2654,0,48
2026-07-27T03:33:01.764Z,cloudflare_catchup,cloudflare_catchup_20260726081142_11-15-H1-H2-101-102-39-73,60,73,0,23,T554,AB6393,0,40
2026-07-27T03:33:01.764Z,cloudflare_catchup,cloudflare_catchup_20260726081142_11-15-H1-H2-101-102-39-73,60,73,0,25,T550/4,AA2661,1,0
2026-07-27T03:34:02.333Z,cloudflare_catchup,cloudflare_catchup_20260726081142_11-15-H1-H2-101-102-39-73,60,73,0,0,T550/4,AA5945,0,48
2026-07-27T03:34:02.333Z,cloudflare_catchup,cloudflare_catchup_20260726081142_11-15-H1-H2-101-102-39-73,60,73,0,7,T421,AB6136,0,47
2026-07-27T03:34:02.333Z,cloudflare_catchup,cloudflare_catchup_20260726081142_11-15-H1-H2-101-102-39-73,60,73,0,9,M172/16,AA3041,0,30
2026-07-27T03:34:02.333Z,cloudflare_catchup,cloudflare_catchup_20260726081142_11-15-H1-H2-101-102-39-73,60,73,0,13,M50,AA7619,0,34
2026-07-27T03:34:02.333Z,cloudflare_catchup,cloudflare_catchup_20260726081142_11-15-H1-H2-101-102-39-73,60,73,0,14,M172/7,AA2654,0,27
2026-07-27T03:34:02.333Z,cloudflare_catchup,cloudflare_catchup_20260726081142_11-15-H1-H2-101-102-39-73,60,73,0,24,T555/2,AB6393,0,11
2026-07-27T03:34:02.333Z,cloudflare_catchup,cloudflare_catchup_20260726081142_11-15-H1-H2-101-102-39-73,60,73,0,25,T550/4,AA2661,1,0
2026-07-27T03:35:03.271Z,cloudflare_catchup,cloudflare_catchup_20260726081142_11-15-H1-H2-101-102-39-73,60,73,0,1,T556,AA5945,0,24
2026-07-27T03:35:03.271Z,cloudflare_catchup,cloudflare_catchup_20260726081142_11-15-H1-H2-101-102-39-73,60,73,0,7,T421,AB6136,0,48
2026-07-27T03:35:03.271Z,cloudflare_catchup,cloudflare_catchup_20260726081142_11-15-H1-H2-101-102-39-73,60,73,0,10,M247,AA3041,1,4
2026-07-27T03:35:03.271Z,cloudflare_catchup,cloudflare_catchup_20260726081142_11-15-H1-H2-101-102-39-73,60,73,0,13,M50,AA7619,0,39
2026-07-27T03:35:03.271Z,cloudflare_catchup,cloudflare_catchup_20260726081142_11-15-H1-H2-101-102-39-73,60,73,0,15,T430,AA2654,0,30
2026-07-27T03:35:03.271Z,cloudflare_catchup,cloudflare_catchup_20260726081142_11-15-H1-H2-101-102-39-73,60,73,0,24,T555/2,AB6393,0,32
2026-07-27T03:35:03.271Z,cloudflare_catchup,cloudflare_catchup_20260726081142_11-15-H1-H2-101-102-39-73,60,73,0,25,T550/4,AA2661,1,0
2026-07-27T03:36:02.664Z,cloudflare_catchup,cloudflare_catchup_20260726081142_11-15-H1-H2-101-102-39-73,60,73,0,1,T556,AA5945,0,29
2026-07-27T03:36:02.664Z,cloudflare_catchup,cloudflare_catchup_20260726081142_11-15-H1-H2-101-102-39-73,60,73,0,8,T431,AB6136,0,48
2026-07-27T03:36:02.664Z,cloudflare_catchup,cloudflare_catchup_20260726081142_11-15-H1-H2-101-102-39-73,60,73,0,11,M231,AA3041,1,1
2026-07-27T03:36:02.664Z,cloudflare_catchup,cloudflare_catchup_20260726081142_11-15-H1-H2-101-102-39-73,60,73,0,14,M172/7,AA7619,0,13
2026-07-27T03:36:02.664Z,cloudflare_catchup,cloudflare_catchup_20260726081142_11-15-H1-H2-101-102-39-73,60,73,0,15,T430,AA2654,0,14
2026-07-27T03:36:02.664Z,cloudflare_catchup,cloudflare_catchup_20260726081142_11-15-H1-H2-101-102-39-73,60,73,0,25,T550/4,AB6393,1,0
2026-07-27T03:37:01.944Z,cloudflare_catchup,cloudflare_catchup_20260726081142_11-15-H1-H2-101-102-39-73,60,73,0,3,T558,AA5945,1,46
2026-07-27T03:37:01.944Z,cloudflare_catchup,cloudflare_catchup_20260726081142_11-15-H1-H2-101-102-39-73,60,73,0,8,T431,AB6136,0,42
2026-07-27T03:37:01.944Z,cloudflare_catchup,cloudflare_catchup_20260726081142_11-15-H1-H2-101-102-39-73,60,73,0,11,M231,AA3041,0,20
2026-07-27T03:37:01.944Z,cloudflare_catchup,cloudflare_catchup_20260726081142_11-15-H1-H2-101-102-39-73,60,73,0,14,M172/7,AA7619,0,4
2026-07-27T03:37:01.944Z,cloudflare_catchup,cloudflare_catchup_20260726081142_11-15-H1-H2-101-102-39-73,60,73,0,16,T328,AA2654,0,47
2026-07-27T03:37:01.944Z,cloudflare_catchup,cloudflare_catchup_20260726081142_11-15-H1-H2-101-102-39-73,60,73,0,25,T550/4,AB6393,1,0
2026-07-27T03:38:02.341Z,cloudflare_catchup,cloudflare_catchup_20260726081142_11-15-H1-H2-101-102-39-73,60,73,0,3,T558,AA5945,0,41
2026-07-27T03:38:02.341Z,cloudflare_catchup,cloudflare_catchup_20260726081142_11-15-H1-H2-101-102-39-73,60,73,0,8,T431,AB6136,0,48
2026-07-27T03:38:02.341Z,cloudflare_catchup,cloudflare_catchup_20260726081142_11-15-H1-H2-101-102-39-73,60,73,0,12,M219,AA3041,0,12
2026-07-27T03:38:02.341Z,cloudflare_catchup,cloudflare_catchup_20260726081142_11-15-H1-H2-101-102-39-73,60,73,0,14,M172/7,AA7619,0,27
2026-07-27T03:38:02.341Z,cloudflare_catchup,cloudflare_catchup_20260726081142_11-15-H1-H2-101-102-39-73,60,73,0,16,T328,AA2654,0,34
2026-07-27T03:38:02.341Z,cloudflare_catchup,cloudflare_catchup_20260726081142_11-15-H1-H2-101-102-39-73,60,73,0,25,T550/4,AB6393,1,0
2026-07-27T03:39:01.926Z,cloudflare_catchup,cloudflare_catchup_20260726081142_11-15-H1-H2-101-102-39-73,60,73,0,4,T551/1,AA5945,0,22
2026-07-27T03:39:01.926Z,cloudflare_catchup,cloudflare_catchup_20260726081142_11-15-H1-H2-101-102-39-73,60,73,0,8,T431,AB6136,0,44
2026-07-27T03:39:01.926Z,cloudflare_catchup,cloudflare_catchup_20260726081142_11-15-H1-H2-101-102-39-73,60,73,0,13,M50,AA3041,1,2
2026-07-27T03:39:01.926Z,cloudflare_catchup,cloudflare_catchup_20260726081142_11-15-H1-H2-101-102-39-73,60,73,0,14,M172/7,AA7619,0,44
2026-07-27T03:39:01.926Z,cloudflare_catchup,cloudflare_catchup_20260726081142_11-15-H1-H2-101-102-39-73,60,73,0,17,T420,AA2654,0,47
2026-07-27T03:39:01.926Z,cloudflare_catchup,cloudflare_catchup_20260726081142_11-15-H1-H2-101-102-39-73,60,73,0,25,T550/4,AB6393,1,0
2026-07-27T03:40:03.451Z,cloudflare_catchup,cloudflare_catchup_20260726081142_11-15-H1-H2-101-102-39-73,60,73,0,4,T551/1,AA5945,0,49
2026-07-27T03:40:03.451Z,cloudflare_catchup,cloudflare_catchup_20260726081142_11-15-H1-H2-101-102-39-73,60,73,0,8,T431,AB6136,0,48
2026-07-27T03:40:03.451Z,cloudflare_catchup,cloudflare_catchup_20260726081142_11-15-H1-H2-101-102-39-73,60,73,0,13,M50,AA3041,0,25
2026-07-27T03:40:03.451Z,cloudflare_catchup,cloudflare_catchup_20260726081142_11-15-H1-H2-101-102-39-73,60,73,0,14,M172/7,AA7619,0,48
2026-07-27T03:40:03.451Z,cloudflare_catchup,cloudflare_catchup_20260726081142_11-15-H1-H2-101-102-39-73,60,73,0,18,T422,AA2654,0,26
2026-07-27T03:41:01.693Z,cloudflare_catchup,cloudflare_catchup_20260726081142_11-15-H1-H2-101-102-39-73,60,73,0,4,T551/1,AA5945,0,49
2026-07-27T03:41:01.693Z,cloudflare_catchup,cloudflare_catchup_20260726081142_11-15-H1-H2-101-102-39-73,60,73,0,9,M172/16,AB6136,1,37
2026-07-27T03:41:01.693Z,cloudflare_catchup,cloudflare_catchup_20260726081142_11-15-H1-H2-101-102-39-73,60,73,0,13,M50,AA3041,0,48
2026-07-27T03:41:01.693Z,cloudflare_catchup,cloudflare_catchup_20260726081142_11-15-H1-H2-101-102-39-73,60,73,0,14,M172/7,AA7619,0,48
2026-07-27T03:41:01.693Z,cloudflare_catchup,cloudflare_catchup_20260726081142_11-15-H1-H2-101-102-39-73,60,73,0,19,T424,AA2654,1,3
2026-07-27T03:42:02.345Z,cloudflare_catchup,cloudflare_catchup_20260726081142_11-15-H1-H2-101-102-39-73,60,73,0,5,T425,AA5945,0,33
2026-07-27T03:42:02.345Z,cloudflare_catchup,cloudflare_catchup_20260726081142_11-15-H1-H2-101-102-39-73,60,73,0,9,M172/16,AB6136,0,24
2026-07-27T03:42:02.345Z,cloudflare_catchup,cloudflare_catchup_20260726081142_11-15-H1-H2-101-102-39-73,60,73,0,13,M50,AA3041,0,48
2026-07-27T03:42:02.345Z,cloudflare_catchup,cloudflare_catchup_20260726081142_11-15-H1-H2-101-102-39-73,60,73,0,14,M172/7,AA7619,0,2
2026-07-27T03:42:02.345Z,cloudflare_catchup,cloudflare_catchup_20260726081142_11-15-H1-H2-101-102-39-73,60,73,0,19,T424,AA2654,0,14
2026-07-27T03:43:01.759Z,cloudflare_catchup,cloudflare_catchup_20260726081142_11-15-H1-H2-101-102-39-73,60,73,0,6,T423,AA5945,1,32
2026-07-27T03:43:01.759Z,cloudflare_catchup,cloudflare_catchup_20260726081142_11-15-H1-H2-101-102-39-73,60,73,0,9,M172/16,AB6136,0,48
2026-07-27T03:43:01.759Z,cloudflare_catchup,cloudflare_catchup_20260726081142_11-15-H1-H2-101-102-39-73,60,73,0,13,M50,AA3041,0,45
2026-07-27T03:43:01.759Z,cloudflare_catchup,cloudflare_catchup_20260726081142_11-15-H1-H2-101-102-39-73,60,73,0,14,M172/7,AA7619,0,46
2026-07-27T03:43:01.759Z,cloudflare_catchup,cloudflare_catchup_20260726081142_11-15-H1-H2-101-102-39-73,60,73,0,19,T424,AA2654,0,49
2026-07-27T03:44:02.452Z,cloudflare_catchup,cloudflare_catchup_20260726081142_11-15-H1-H2-101-102-39-73,60,73,0,7,T421,AA5945,0,19
2026-07-27T03:44:02.452Z,cloudflare_catchup,cloudflare_catchup_20260726081142_11-15-H1-H2-101-102-39-73,60,73,0,9,M172/16,AB6136,0,48
2026-07-27T03:44:02.452Z,cloudflare_catchup,cloudflare_catchup_20260726081142_11-15-H1-H2-101-102-39-73,60,73,0,13,M50,AA3041,0,37
2026-07-27T03:44:02.452Z,cloudflare_catchup,cloudflare_catchup_20260726081142_11-15-H1-H2-101-102-39-73,60,73,0,15,T430,AA7619,0,35
2026-07-27T03:44:02.452Z,cloudflare_catchup,cloudflare_catchup_20260726081142_11-15-H1-H2-101-102-39-73,60,73,0,19,T424,AA2654,0,49
2026-07-27T03:45:03.473Z,cloudflare_catchup,cloudflare_catchup_20260726081142_11-15-H1-H2-101-102-39-73,60,73,0,7,T421,AA5945,0,48
2026-07-27T03:45:03.473Z,cloudflare_catchup,cloudflare_catchup_20260726081142_11-15-H1-H2-101-102-39-73,60,73,0,9,M172/16,AB6136,0,23
2026-07-27T03:45:03.473Z,cloudflare_catchup,cloudflare_catchup_20260726081142_11-15-H1-H2-101-102-39-73,60,73,0,13,M50,AA3041,0,40
2026-07-27T03:45:03.473Z,cloudflare_catchup,cloudflare_catchup_20260726081142_11-15-H1-H2-101-102-39-73,60,73,0,15,T430,AA7619,0,14
2026-07-27T03:45:03.473Z,cloudflare_catchup,cloudflare_catchup_20260726081142_11-15-H1-H2-101-102-39-73,60,73,0,20,T559,AA2654,1,42
2026-07-27T03:46:02.509Z,cloudflare_catchup,cloudflare_catchup_20260726081142_11-15-H1-H2-101-102-39-73,60,73,0,7,T421,AA5945,0,48
2026-07-27T03:46:02.509Z,cloudflare_catchup,cloudflare_catchup_20260726081142_11-15-H1-H2-101-102-39-73,60,73,0,9,M172/16,AB6136,0,40
2026-07-27T03:46:02.509Z,cloudflare_catchup,cloudflare_catchup_20260726081142_11-15-H1-H2-101-102-39-73,60,73,0,14,M172/7,AA3041,0,19
2026-07-27T03:46:02.509Z,cloudflare_catchup,cloudflare_catchup_20260726081142_11-15-H1-H2-101-102-39-73,60,73,0,16,T328,AA7619,0,40
2026-07-27T03:46:02.509Z,cloudflare_catchup,cloudflare_catchup_20260726081142_11-15-H1-H2-101-102-39-73,60,73,0,20,T559,AA2654,0,29
2026-07-27T03:47:01.898Z,cloudflare_catchup,cloudflare_catchup_20260726081142_11-15-H1-H2-101-102-39-73,60,73,0,0,T550/4,AB6171,0,31
2026-07-27T03:47:01.898Z,cloudflare_catchup,cloudflare_catchup_20260726081142_11-15-H1-H2-101-102-39-73,60,73,0,8,T431,AA5945,1,50
2026-07-27T03:47:01.898Z,cloudflare_catchup,cloudflare_catchup_20260726081142_11-15-H1-H2-101-102-39-73,60,73,0,9,M172/16,AB6136,0,29
2026-07-27T03:47:01.898Z,cloudflare_catchup,cloudflare_catchup_20260726081142_11-15-H1-H2-101-102-39-73,60,73,0,14,M172/7,AA3041,0,43
2026-07-27T03:47:01.898Z,cloudflare_catchup,cloudflare_catchup_20260726081142_11-15-H1-H2-101-102-39-73,60,73,0,16,T328,AA7619,0,31
2026-07-27T03:47:01.898Z,cloudflare_catchup,cloudflare_catchup_20260726081142_11-15-H1-H2-101-102-39-73,60,73,0,22,T553,AA2654,0,2
2026-07-27T03:48:02.650Z,cloudflare_catchup,cloudflare_catchup_20260726081142_11-15-H1-H2-101-102-39-73,60,73,0,1,T556,AB6171,0,13
2026-07-27T03:48:02.650Z,cloudflare_catchup,cloudflare_catchup_20260726081142_11-15-H1-H2-101-102-39-73,60,73,0,8,T431,AA5945,0,45
2026-07-27T03:48:02.650Z,cloudflare_catchup,cloudflare_catchup_20260726081142_11-15-H1-H2-101-102-39-73,60,73,0,9,M172/16,AB6136,0,22
2026-07-27T03:48:02.650Z,cloudflare_catchup,cloudflare_catchup_20260726081142_11-15-H1-H2-101-102-39-73,60,73,0,14,M172/7,AA3041,0,47
2026-07-27T03:48:02.650Z,cloudflare_catchup,cloudflare_catchup_20260726081142_11-15-H1-H2-101-102-39-73,60,73,0,17,T420,AA7619,0,36
2026-07-27T03:48:02.650Z,cloudflare_catchup,cloudflare_catchup_20260726081142_11-15-H1-H2-101-102-39-73,60,73,0,23,T554,AA2654,0,49
2026-07-27T03:49:01.689Z,cloudflare_catchup,cloudflare_catchup_20260726081142_11-15-H1-H2-101-102-39-73,60,73,0,1,T556,AB6171,0,47
2026-07-27T03:49:01.689Z,cloudflare_catchup,cloudflare_catchup_20260726081142_11-15-H1-H2-101-102-39-73,60,73,0,8,T431,AA5945,0,48
2026-07-27T03:49:01.689Z,cloudflare_catchup,cloudflare_catchup_20260726081142_11-15-H1-H2-101-102-39-73,60,73,0,9,M172/16,AB6136,0,31
2026-07-27T03:49:01.689Z,cloudflare_catchup,cloudflare_catchup_20260726081142_11-15-H1-H2-101-102-39-73,60,73,0,14,M172/7,AA3041,0,48
2026-07-27T03:49:01.689Z,cloudflare_catchup,cloudflare_catchup_20260726081142_11-15-H1-H2-101-102-39-73,60,73,0,18,T422,AA7619,0,26
2026-07-27T03:49:01.689Z,cloudflare_catchup,cloudflare_catchup_20260726081142_11-15-H1-H2-101-102-39-73,60,73,0,24,T555/2,AA2654,1,23
2026-07-27T03:50:02.357Z,cloudflare_catchup,cloudflare_catchup_20260726081142_11-15-H1-H2-101-102-39-73,60,73,0,2,T557,AB6171,0,32
2026-07-27T03:50:02.357Z,cloudflare_catchup,cloudflare_catchup_20260726081142_11-15-H1-H2-101-102-39-73,60,73,0,8,T431,AA5945,0,46
2026-07-27T03:50:02.357Z,cloudflare_catchup,cloudflare_catchup_20260726081142_11-15-H1-H2-101-102-39-73,60,73,0,10,M247,AB6136,1,32
2026-07-27T03:50:02.357Z,cloudflare_catchup,cloudflare_catchup_20260726081142_11-15-H1-H2-101-102-39-73,60,73,0,14,M172/7,AA3041,0,18
2026-07-27T03:50:02.357Z,cloudflare_catchup,cloudflare_catchup_20260726081142_11-15-H1-H2-101-102-39-73,60,73,0,18,T422,AA7619,0,4
2026-07-27T03:50:02.357Z,cloudflare_catchup,cloudflare_catchup_20260726081142_11-15-H1-H2-101-102-39-73,60,73,0,24,T555/2,AA2654,0,27
2026-07-27T03:51:01.796Z,cloudflare_catchup,cloudflare_catchup_20260726081142_11-15-H1-H2-101-102-39-73,60,73,0,3,T558,AB6171,0,48
2026-07-27T03:51:01.796Z,cloudflare_catchup,cloudflare_catchup_20260726081142_11-15-H1-H2-101-102-39-73,60,73,0,8,T431,AA5945,0,50
2026-07-27T03:51:01.796Z,cloudflare_catchup,cloudflare_catchup_20260726081142_11-15-H1-H2-101-102-39-73,60,73,0,11,M231,AB6136,1,37
2026-07-27T03:51:01.796Z,cloudflare_catchup,cloudflare_catchup_20260726081142_11-15-H1-H2-101-102-39-73,60,73,0,15,T430,AA3041,1,44
2026-07-27T03:51:01.796Z,cloudflare_catchup,cloudflare_catchup_20260726081142_11-15-H1-H2-101-102-39-73,60,73,0,19,T424,AA7619,0,16
2026-07-27T03:51:01.796Z,cloudflare_catchup,cloudflare_catchup_20260726081142_11-15-H1-H2-101-102-39-73,60,73,0,25,T550/4,AA2654,1,0
2026-07-27T03:52:02.670Z,cloudflare_catchup,cloudflare_catchup_20260726081142_11-15-H1-H2-101-102-39-73,60,73,0,4,T551/1,AB6171,1,40
2026-07-27T03:52:02.670Z,cloudflare_catchup,cloudflare_catchup_20260726081142_11-15-H1-H2-101-102-39-73,60,73,0,9,M172/16,AA5945,1,39
2026-07-27T03:52:02.670Z,cloudflare_catchup,cloudflare_catchup_20260726081142_11-15-H1-H2-101-102-39-73,60,73,0,11,M231,AB6136,0,11
2026-07-27T03:52:02.670Z,cloudflare_catchup,cloudflare_catchup_20260726081142_11-15-H1-H2-101-102-39-73,60,73,0,15,T430,AA3041,0,45
2026-07-27T03:52:02.670Z,cloudflare_catchup,cloudflare_catchup_20260726081142_11-15-H1-H2-101-102-39-73,60,73,0,19,T424,AA7619,0,45
2026-07-27T03:52:02.670Z,cloudflare_catchup,cloudflare_catchup_20260726081142_11-15-H1-H2-101-102-39-73,60,73,0,25,T550/4,AA2654,1,0
2026-07-27T03:53:01.790Z,cloudflare_catchup,cloudflare_catchup_20260726081142_11-15-H1-H2-101-102-39-73,60,73,0,4,T551/1,AB6171,0,44
2026-07-27T03:53:01.790Z,cloudflare_catchup,cloudflare_catchup_20260726081142_11-15-H1-H2-101-102-39-73,60,73,0,9,M172/16,AA5945,0,17
2026-07-27T03:53:01.790Z,cloudflare_catchup,cloudflare_catchup_20260726081142_11-15-H1-H2-101-102-39-73,60,73,0,12,M219,AB6136,1,44
2026-07-27T03:53:01.790Z,cloudflare_catchup,cloudflare_catchup_20260726081142_11-15-H1-H2-101-102-39-73,60,73,0,15,T430,AA3041,0,43
2026-07-27T03:53:01.790Z,cloudflare_catchup,cloudflare_catchup_20260726081142_11-15-H1-H2-101-102-39-73,60,73,0,19,T424,AA7619,0,46
2026-07-27T03:53:01.790Z,cloudflare_catchup,cloudflare_catchup_20260726081142_11-15-H1-H2-101-102-39-73,60,73,0,25,T550/4,AA2654,1,0
2026-07-27T03:54:02.446Z,cloudflare_catchup,cloudflare_catchup_20260726081142_11-15-H1-H2-101-102-39-73,60,73,0,4,T551/1,AB6171,0,46
2026-07-27T03:54:02.446Z,cloudflare_catchup,cloudflare_catchup_20260726081142_11-15-H1-H2-101-102-39-73,60,73,0,9,M172/16,AA5945,0,15
2026-07-27T03:54:02.446Z,cloudflare_catchup,cloudflare_catchup_20260726081142_11-15-H1-H2-101-102-39-73,60,73,0,12,M219,AB6136,1,2
2026-07-27T03:54:02.446Z,cloudflare_catchup,cloudflare_catchup_20260726081142_11-15-H1-H2-101-102-39-73,60,73,0,16,T328,AA3041,0,46
2026-07-27T03:54:02.446Z,cloudflare_catchup,cloudflare_catchup_20260726081142_11-15-H1-H2-101-102-39-73,60,73,0,19,T424,AA7619,0,44
2026-07-27T03:54:02.446Z,cloudflare_catchup,cloudflare_catchup_20260726081142_11-15-H1-H2-101-102-39-73,60,73,0,25,T550/4,AA2654,1,0
2026-07-27T03:55:03.498Z,cloudflare_catchup,cloudflare_catchup_20260726081142_11-15-H1-H2-101-102-39-73,60,73,0,5,T425,AB6171,1,42
2026-07-27T03:55:03.498Z,cloudflare_catchup,cloudflare_catchup_20260726081142_11-15-H1-H2-101-102-39-73,60,73,0,9,M172/16,AA5945,0,42
2026-07-27T03:55:03.498Z,cloudflare_catchup,cloudflare_catchup_20260726081142_11-15-H1-H2-101-102-39-73,60,73,0,12,M219,AB6136,0,12
2026-07-27T03:55:03.498Z,cloudflare_catchup,cloudflare_catchup_20260726081142_11-15-H1-H2-101-102-39-73,60,73,0,17,T420,AA3041,1,41
2026-07-27T03:55:03.498Z,cloudflare_catchup,cloudflare_catchup_20260726081142_11-15-H1-H2-101-102-39-73,60,73,0,20,T559,AA7619,1,15
2026-07-27T03:55:03.498Z,cloudflare_catchup,cloudflare_catchup_20260726081142_11-15-H1-H2-101-102-39-73,60,73,0,25,T550/4,AA2654,1,0
2026-07-27T03:56:02.446Z,cloudflare_catchup,cloudflare_catchup_20260726081142_11-15-H1-H2-101-102-39-73,60,73,0,6,T423,AB6171,1,6
2026-07-27T03:56:02.446Z,cloudflare_catchup,cloudflare_catchup_20260726081142_11-15-H1-H2-101-102-39-73,60,73,0,9,M172/16,AA5945,0,49
2026-07-27T03:56:02.446Z,cloudflare_catchup,cloudflare_catchup_20260726081142_11-15-H1-H2-101-102-39-73,60,73,0,13,M50,AB6136,1,3
2026-07-27T03:56:02.446Z,cloudflare_catchup,cloudflare_catchup_20260726081142_11-15-H1-H2-101-102-39-73,60,73,0,18,T422,AA3041,1,47
2026-07-27T03:56:02.446Z,cloudflare_catchup,cloudflare_catchup_20260726081142_11-15-H1-H2-101-102-39-73,60,73,0,21,T552,AA7619,1,1
2026-07-27T03:57:01.866Z,cloudflare_catchup,cloudflare_catchup_20260726081142_11-15-H1-H2-101-102-39-73,60,73,0,7,T421,AB6171,1,16
2026-07-27T03:57:01.866Z,cloudflare_catchup,cloudflare_catchup_20260726081142_11-15-H1-H2-101-102-39-73,60,73,0,9,M172/16,AA5945,0,32
2026-07-27T03:57:01.866Z,cloudflare_catchup,cloudflare_catchup_20260726081142_11-15-H1-H2-101-102-39-73,60,73,0,13,M50,AB6136,0,37
2026-07-27T03:57:01.866Z,cloudflare_catchup,cloudflare_catchup_20260726081142_11-15-H1-H2-101-102-39-73,60,73,0,18,T422,AA3041,0,7
2026-07-27T03:57:01.866Z,cloudflare_catchup,cloudflare_catchup_20260726081142_11-15-H1-H2-101-102-39-73,60,73,0,22,T553,AA7619,0,26
2026-07-27T03:58:02.533Z,cloudflare_catchup,cloudflare_catchup_20260726081142_11-15-H1-H2-101-102-39-73,60,73,0,7,T421,AB6171,0,36
2026-07-27T03:58:02.533Z,cloudflare_catchup,cloudflare_catchup_20260726081142_11-15-H1-H2-101-102-39-73,60,73,0,9,M172/16,AA5945,0,9
2026-07-27T03:58:02.533Z,cloudflare_catchup,cloudflare_catchup_20260726081142_11-15-H1-H2-101-102-39-73,60,73,0,13,M50,AB6136,0,39
2026-07-27T03:58:02.533Z,cloudflare_catchup,cloudflare_catchup_20260726081142_11-15-H1-H2-101-102-39-73,60,73,0,19,T424,AA3041,0,26
2026-07-27T03:58:02.533Z,cloudflare_catchup,cloudflare_catchup_20260726081142_11-15-H1-H2-101-102-39-73,60,73,0,23,T554,AA7619,0,47
2026-07-27T03:59:01.850Z,cloudflare_catchup,cloudflare_catchup_20260726081142_11-15-H1-H2-101-102-39-73,60,73,0,0,T550/4,AA2654,1,5
2026-07-27T03:59:01.850Z,cloudflare_catchup,cloudflare_catchup_20260726081142_11-15-H1-H2-101-102-39-73,60,73,0,7,T421,AB6171,0,48
2026-07-27T03:59:01.850Z,cloudflare_catchup,cloudflare_catchup_20260726081142_11-15-H1-H2-101-102-39-73,60,73,0,9,M172/16,AA5945,0,26
2026-07-27T03:59:01.850Z,cloudflare_catchup,cloudflare_catchup_20260726081142_11-15-H1-H2-101-102-39-73,60,73,0,13,M50,AB6136,0,46
2026-07-27T03:59:01.850Z,cloudflare_catchup,cloudflare_catchup_20260726081142_11-15-H1-H2-101-102-39-73,60,73,0,19,T424,AA3041,0,48
2026-07-27T03:59:01.850Z,cloudflare_catchup,cloudflare_catchup_20260726081142_11-15-H1-H2-101-102-39-73,60,73,0,24,T555/2,AA7619,1,22
2026-07-27T04:00:02.674Z,cloudflare_catchup,cloudflare_catchup_20260726081142_11-15-H1-H2-101-102-39-73,60,73,0,1,T556,AA2654,1,24
2026-07-27T04:00:02.674Z,cloudflare_catchup,cloudflare_catchup_20260726081142_11-15-H1-H2-101-102-39-73,60,73,0,7,T421,AB6171,0,47
2026-07-27T04:00:02.674Z,cloudflare_catchup,cloudflare_catchup_20260726081142_11-15-H1-H2-101-102-39-73,60,73,0,9,M172/16,AA5945,0,17
2026-07-27T04:00:02.674Z,cloudflare_catchup,cloudflare_catchup_20260726081142_11-15-H1-H2-101-102-39-73,60,73,0,13,M50,AB6136,0,47
2026-07-27T04:00:02.674Z,cloudflare_catchup,cloudflare_catchup_20260726081142_11-15-H1-H2-101-102-39-73,60,73,0,19,T424,AA3041,0,48
2026-07-27T04:00:02.674Z,cloudflare_catchup,cloudflare_catchup_20260726081142_11-15-H1-H2-101-102-39-73,60,73,0,24,T555/2,AA7619,0,34
2026-07-27T04:01:01.826Z,cloudflare_catchup,cloudflare_catchup_20260726081142_11-15-H1-H2-101-102-39-73,60,73,0,1,T556,AA2654,0,40
2026-07-27T04:01:01.826Z,cloudflare_catchup,cloudflare_catchup_20260726081142_11-15-H1-H2-101-102-39-73,60,73,0,8,T431,AB6171,0,29
2026-07-27T04:01:01.826Z,cloudflare_catchup,cloudflare_catchup_20260726081142_11-15-H1-H2-101-102-39-73,60,73,0,9,M172/16,AA5945,0,27
2026-07-27T04:01:01.826Z,cloudflare_catchup,cloudflare_catchup_20260726081142_11-15-H1-H2-101-102-39-73,60,73,0,13,M50,AB6136,0,2
2026-07-27T04:01:01.826Z,cloudflare_catchup,cloudflare_catchup_20260726081142_11-15-H1-H2-101-102-39-73,60,73,0,20,T559,AA3041,1,47
2026-07-27T04:01:01.826Z,cloudflare_catchup,cloudflare_catchup_20260726081142_11-15-H1-H2-101-102-39-73,60,73,0,25,T550/4,AA7619,1,0
2026-07-27T04:02:02.411Z,cloudflare_catchup,cloudflare_catchup_20260726081142_11-15-H1-H2-101-102-39-73,60,73,0,2,T557,AA2654,1,21
2026-07-27T04:02:02.411Z,cloudflare_catchup,cloudflare_catchup_20260726081142_11-15-H1-H2-101-102-39-73,60,73,0,8,T431,AB6171,0,36
2026-07-27T04:02:02.411Z,cloudflare_catchup,cloudflare_catchup_20260726081142_11-15-H1-H2-101-102-39-73,60,73,0,11,M231,AA5945,0,27
2026-07-27T04:02:02.411Z,cloudflare_catchup,cloudflare_catchup_20260726081142_11-15-H1-H2-101-102-39-73,60,73,0,13,M50,AB6136,0,9
2026-07-27T04:02:02.411Z,cloudflare_catchup,cloudflare_catchup_20260726081142_11-15-H1-H2-101-102-39-73,60,73,0,20,T559,AA3041,0,47
2026-07-27T04:02:02.411Z,cloudflare_catchup,cloudflare_catchup_20260726081142_11-15-H1-H2-101-102-39-73,60,73,0,25,T550/4,AA7619,1,0
2026-07-27T04:03:01.787Z,cloudflare_catchup,cloudflare_catchup_20260726081142_11-15-H1-H2-101-102-39-73,60,73,0,3,T558,AA2654,1,9
2026-07-27T04:03:01.787Z,cloudflare_catchup,cloudflare_catchup_20260726081142_11-15-H1-H2-101-102-39-73,60,73,0,8,T431,AB6171,0,47
2026-07-27T04:03:01.787Z,cloudflare_catchup,cloudflare_catchup_20260726081142_11-15-H1-H2-101-102-39-73,60,73,0,11,M231,AA5945,0,32
2026-07-27T04:03:01.787Z,cloudflare_catchup,cloudflare_catchup_20260726081142_11-15-H1-H2-101-102-39-73,60,73,0,13,M50,AB6136,0,14
2026-07-27T04:03:01.787Z,cloudflare_catchup,cloudflare_catchup_20260726081142_11-15-H1-H2-101-102-39-73,60,73,0,22,T553,AA3041,1,40
2026-07-27T04:03:01.787Z,cloudflare_catchup,cloudflare_catchup_20260726081142_11-15-H1-H2-101-102-39-73,60,73,0,25,T550/4,AA7619,1,0
2026-07-27T04:04:02.575Z,cloudflare_catchup,cloudflare_catchup_20260726081142_11-15-H1-H2-101-102-39-73,60,73,0,3,T558,AA2654,0,33
2026-07-27T04:04:02.575Z,cloudflare_catchup,cloudflare_catchup_20260726081142_11-15-H1-H2-101-102-39-73,60,73,0,8,T431,AB6171,0,44
2026-07-27T04:04:02.575Z,cloudflare_catchup,cloudflare_catchup_20260726081142_11-15-H1-H2-101-102-39-73,60,73,0,12,M219,AA5945,0,29
2026-07-27T04:04:02.575Z,cloudflare_catchup,cloudflare_catchup_20260726081142_11-15-H1-H2-101-102-39-73,60,73,0,13,M50,AB6136,0,19
2026-07-27T04:04:02.575Z,cloudflare_catchup,cloudflare_catchup_20260726081142_11-15-H1-H2-101-102-39-73,60,73,0,23,T554,AA3041,0,30
2026-07-27T04:04:02.575Z,cloudflare_catchup,cloudflare_catchup_20260726081142_11-15-H1-H2-101-102-39-73,60,73,0,25,T550/4,AA7619,1,0
2026-07-27T04:05:03.281Z,cloudflare_catchup,cloudflare_catchup_20260726081142_11-15-H1-H2-101-102-39-73,60,73,0,4,T551/1,AA2654,1,11
2026-07-27T04:05:03.281Z,cloudflare_catchup,cloudflare_catchup_20260726081142_11-15-H1-H2-101-102-39-73,60,73,0,8,T431,AB6171,0,47
2026-07-27T04:05:03.281Z,cloudflare_catchup,cloudflare_catchup_20260726081142_11-15-H1-H2-101-102-39-73,60,73,0,13,M50,AB6136,0,40
2026-07-27T04:05:03.281Z,cloudflare_catchup,cloudflare_catchup_20260726081142_11-15-H1-H2-101-102-39-73,60,73,0,13,M50,AA5945,0,34
2026-07-27T04:05:03.281Z,cloudflare_catchup,cloudflare_catchup_20260726081142_11-15-H1-H2-101-102-39-73,60,73,0,23,T554,AA3041,0,41
2026-07-27T04:05:03.281Z,cloudflare_catchup,cloudflare_catchup_20260726081142_11-15-H1-H2-101-102-39-73,60,73,0,25,T550/4,AA7619,1,0
2026-07-27T04:06:02.489Z,cloudflare_catchup,cloudflare_catchup_20260726081142_11-15-H1-H2-101-102-39-73,60,73,0,4,T551/1,AA2654,0,48
2026-07-27T04:06:02.489Z,cloudflare_catchup,cloudflare_catchup_20260726081142_11-15-H1-H2-101-102-39-73,60,73,0,9,M172/16,AB6171,1,5
2026-07-27T04:06:02.489Z,cloudflare_catchup,cloudflare_catchup_20260726081142_11-15-H1-H2-101-102-39-73,60,73,0,13,M50,AA5945,0,40
2026-07-27T04:06:02.489Z,cloudflare_catchup,cloudflare_catchup_20260726081142_11-15-H1-H2-101-102-39-73,60,73,0,14,M172/7,AB6136,1,1
2026-07-27T04:06:02.489Z,cloudflare_catchup,cloudflare_catchup_20260726081142_11-15-H1-H2-101-102-39-73,60,73,0,24,T555/2,AA3041,0,38
2026-07-27T04:07:02.425Z,cloudflare_catchup,cloudflare_catchup_20260726081142_11-15-H1-H2-101-102-39-73,60,73,0,4,T551/1,AA2654,0,50
2026-07-27T04:07:02.425Z,cloudflare_catchup,cloudflare_catchup_20260726081142_11-15-H1-H2-101-102-39-73,60,73,0,9,M172/16,AB6171,1,8
2026-07-27T04:07:02.425Z,cloudflare_catchup,cloudflare_catchup_20260726081142_11-15-H1-H2-101-102-39-73,60,73,0,13,M50,AA5945,0,48
2026-07-27T04:07:02.425Z,cloudflare_catchup,cloudflare_catchup_20260726081142_11-15-H1-H2-101-102-39-73,60,73,0,14,M172/7,AB6136,0,6
2026-07-27T04:07:02.425Z,cloudflare_catchup,cloudflare_catchup_20260726081142_11-15-H1-H2-101-102-39-73,60,73,0,25,T550/4,AA3041,1,0
2026-07-27T04:08:02.282Z,cloudflare_catchup,cloudflare_catchup_20260726081142_11-15-H1-H2-101-102-39-73,60,73,0,4,T551/1,AA2654,0,41
2026-07-27T04:08:02.282Z,cloudflare_catchup,cloudflare_catchup_20260726081142_11-15-H1-H2-101-102-39-73,60,73,0,9,M172/16,AB6171,0,34
2026-07-27T04:08:02.282Z,cloudflare_catchup,cloudflare_catchup_20260726081142_11-15-H1-H2-101-102-39-73,60,73,0,13,M50,AA5945,0,49
2026-07-27T04:08:02.282Z,cloudflare_catchup,cloudflare_catchup_20260726081142_11-15-H1-H2-101-102-39-73,60,73,0,14,M172/7,AB6136,0,48
2026-07-27T04:08:02.282Z,cloudflare_catchup,cloudflare_catchup_20260726081142_11-15-H1-H2-101-102-39-73,60,73,0,25,T550/4,AA3041,1,0
2026-07-27T04:09:01.931Z,cloudflare_catchup,cloudflare_catchup_20260726081142_11-15-H1-H2-101-102-39-73,60,73,0,6,T423,AA2654,1,35
2026-07-27T04:09:01.931Z,cloudflare_catchup,cloudflare_catchup_20260726081142_11-15-H1-H2-101-102-39-73,60,73,0,9,M172/16,AB6171,0,44
2026-07-27T04:09:01.931Z,cloudflare_catchup,cloudflare_catchup_20260726081142_11-15-H1-H2-101-102-39-73,60,73,0,13,M50,AA5945,0,31
2026-07-27T04:09:01.931Z,cloudflare_catchup,cloudflare_catchup_20260726081142_11-15-H1-H2-101-102-39-73,60,73,0,14,M172/7,AB6136,0,42
2026-07-27T04:09:01.931Z,cloudflare_catchup,cloudflare_catchup_20260726081142_11-15-H1-H2-101-102-39-73,60,73,0,25,T550/4,AA3041,1,0
2026-07-27T04:10:02.637Z,cloudflare_catchup,cloudflare_catchup_20260726081142_11-15-H1-H2-101-102-39-73,60,73,0,0,T550/4,AA7619,1,2
2026-07-27T04:10:02.637Z,cloudflare_catchup,cloudflare_catchup_20260726081142_11-15-H1-H2-101-102-39-73,60,73,0,7,T421,AA2654,1,43
2026-07-27T04:10:02.637Z,cloudflare_catchup,cloudflare_catchup_20260726081142_11-15-H1-H2-101-102-39-73,60,73,0,9,M172/16,AB6171,0,39
2026-07-27T04:10:02.637Z,cloudflare_catchup,cloudflare_catchup_20260726081142_11-15-H1-H2-101-102-39-73,60,73,0,13,M50,AA5945,0,26
2026-07-27T04:10:02.637Z,cloudflare_catchup,cloudflare_catchup_20260726081142_11-15-H1-H2-101-102-39-73,60,73,0,14,M172/7,AB6136,0,45
2026-07-27T04:10:02.637Z,cloudflare_catchup,cloudflare_catchup_20260726081142_11-15-H1-H2-101-102-39-73,60,73,0,25,T550/4,AA3041,1,0
2026-07-27T04:11:01.712Z,cloudflare_catchup,cloudflare_catchup_20260726081142_11-15-H1-H2-101-102-39-73,60,73,0,0,T550/4,AA7619,0,23
2026-07-27T04:11:01.712Z,cloudflare_catchup,cloudflare_catchup_20260726081142_11-15-H1-H2-101-102-39-73,60,73,0,7,T421,AA2654,0,37
2026-07-27T04:11:01.712Z,cloudflare_catchup,cloudflare_catchup_20260726081142_11-15-H1-H2-101-102-39-73,60,73,0,9,M172/16,AB6171,0,30
2026-07-27T04:11:01.712Z,cloudflare_catchup,cloudflare_catchup_20260726081142_11-15-H1-H2-101-102-39-73,60,73,0,14,M172/7,AB6136,0,48
2026-07-27T04:11:01.712Z,cloudflare_catchup,cloudflare_catchup_20260726081142_11-15-H1-H2-101-102-39-73,60,73,0,14,M172/7,AA5945,1,44
2026-07-27T04:11:01.712Z,cloudflare_catchup,cloudflare_catchup_20260726081142_11-15-H1-H2-101-102-39-73,60,73,0,25,T550/4,AA3041,1,0
2026-07-27T04:12:02.286Z,cloudflare_catchup,cloudflare_catchup_20260726081142_11-15-H1-H2-101-102-39-73,60,73,0,1,T556,AA7619,0,28
2026-07-27T04:12:02.286Z,cloudflare_catchup,cloudflare_catchup_20260726081142_11-15-H1-H2-101-102-39-73,60,73,0,7,T421,AA2654,0,48
2026-07-27T04:12:02.286Z,cloudflare_catchup,cloudflare_catchup_20260726081142_11-15-H1-H2-101-102-39-73,60,73,0,9,M172/16,AB6171,0,11
2026-07-27T04:12:02.286Z,cloudflare_catchup,cloudflare_catchup_20260726081142_11-15-H1-H2-101-102-39-73,60,73,0,14,M172/7,AB6136,0,50
2026-07-27T04:12:02.286Z,cloudflare_catchup,cloudflare_catchup_20260726081142_11-15-H1-H2-101-102-39-73,60,73,0,14,M172/7,AA5945,0,9
2026-07-27T04:13:01.810Z,cloudflare_catchup,cloudflare_catchup_20260726081142_11-15-H1-H2-101-102-39-73,60,73,0,1,T556,AA7619,0,41
2026-07-27T04:13:01.810Z,cloudflare_catchup,cloudflare_catchup_20260726081142_11-15-H1-H2-101-102-39-73,60,73,0,7,T421,AA2654,0,13
2026-07-27T04:13:01.810Z,cloudflare_catchup,cloudflare_catchup_20260726081142_11-15-H1-H2-101-102-39-73,60,73,0,9,M172/16,AB6171,0,34
2026-07-27T04:13:01.810Z,cloudflare_catchup,cloudflare_catchup_20260726081142_11-15-H1-H2-101-102-39-73,60,73,0,14,M172/7,AA5945,0,6
2026-07-27T04:13:01.810Z,cloudflare_catchup,cloudflare_catchup_20260726081142_11-15-H1-H2-101-102-39-73,60,73,0,15,T430,AB6136,0,46
2026-07-27T04:14:02.474Z,cloudflare_catchup,cloudflare_catchup_20260726081142_11-15-H1-H2-101-102-39-73,60,73,0,2,T557,AA7619,0,23
2026-07-27T04:14:02.474Z,cloudflare_catchup,cloudflare_catchup_20260726081142_11-15-H1-H2-101-102-39-73,60,73,0,8,T431,AA2654,0,48
2026-07-27T04:14:02.474Z,cloudflare_catchup,cloudflare_catchup_20260726081142_11-15-H1-H2-101-102-39-73,60,73,0,9,M172/16,AB6171,0,19
2026-07-27T04:14:02.474Z,cloudflare_catchup,cloudflare_catchup_20260726081142_11-15-H1-H2-101-102-39-73,60,73,0,14,M172/7,AA5945,0,44
2026-07-27T04:14:02.474Z,cloudflare_catchup,cloudflare_catchup_20260726081142_11-15-H1-H2-101-102-39-73,60,73,0,15,T430,AB6136,0,15
2026-07-27T04:15:03.343Z,cloudflare_catchup,cloudflare_catchup_20260726081142_11-15-H1-H2-101-102-39-73,60,73,0,3,T558,AA7619,0,46
2026-07-27T04:15:03.343Z,cloudflare_catchup,cloudflare_catchup_20260726081142_11-15-H1-H2-101-102-39-73,60,73,0,8,T431,AA2654,0,36
2026-07-27T04:15:03.343Z,cloudflare_catchup,cloudflare_catchup_20260726081142_11-15-H1-H2-101-102-39-73,60,73,0,10,M247,AB6171,1,39
2026-07-27T04:15:03.343Z,cloudflare_catchup,cloudflare_catchup_20260726081142_11-15-H1-H2-101-102-39-73,60,73,0,14,M172/7,AA5945,0,48
2026-07-27T04:15:03.343Z,cloudflare_catchup,cloudflare_catchup_20260726081142_11-15-H1-H2-101-102-39-73,60,73,0,16,T328,AB6136,0,48
2026-07-27T04:16:02.419Z,cloudflare_catchup,cloudflare_catchup_20260726081142_11-15-H1-H2-101-102-39-73,60,73,0,4,T551/1,AA7619,1,42
2026-07-27T04:16:02.419Z,cloudflare_catchup,cloudflare_catchup_20260726081142_11-15-H1-H2-101-102-39-73,60,73,0,8,T431,AA2654,0,48
2026-07-27T04:16:02.419Z,cloudflare_catchup,cloudflare_catchup_20260726081142_11-15-H1-H2-101-102-39-73,60,73,0,10,M247,AB6171,0,19
2026-07-27T04:16:02.419Z,cloudflare_catchup,cloudflare_catchup_20260726081142_11-15-H1-H2-101-102-39-73,60,73,0,14,M172/7,AA5945,0,48
2026-07-27T04:16:02.419Z,cloudflare_catchup,cloudflare_catchup_20260726081142_11-15-H1-H2-101-102-39-73,60,73,0,16,T328,AB6136,0,33
2026-07-27T04:17:01.788Z,cloudflare_catchup,cloudflare_catchup_20260726081142_11-15-H1-H2-101-102-39-73,60,73,0,4,T551/1,AA7619,0,31
2026-07-27T04:17:01.788Z,cloudflare_catchup,cloudflare_catchup_20260726081142_11-15-H1-H2-101-102-39-73,60,73,0,8,T431,AA2654,0,46
2026-07-27T04:17:01.788Z,cloudflare_catchup,cloudflare_catchup_20260726081142_11-15-H1-H2-101-102-39-73,60,73,0,11,M231,AB6171,0,8
2026-07-27T04:17:01.788Z,cloudflare_catchup,cloudflare_catchup_20260726081142_11-15-H1-H2-101-102-39-73,60,73,0,14,M172/7,AA5945,0,2
2026-07-27T04:17:01.788Z,cloudflare_catchup,cloudflare_catchup_20260726081142_11-15-H1-H2-101-102-39-73,60,73,0,17,T420,AB6136,1,44
2026-07-27T04:18:02.467Z,cloudflare_catchup,cloudflare_catchup_20260726081142_11-15-H1-H2-101-102-39-73,60,73,0,4,T551/1,AA7619,0,47
2026-07-27T04:18:02.467Z,cloudflare_catchup,cloudflare_catchup_20260726081142_11-15-H1-H2-101-102-39-73,60,73,0,8,T431,AA2654,0,44
2026-07-27T04:18:02.467Z,cloudflare_catchup,cloudflare_catchup_20260726081142_11-15-H1-H2-101-102-39-73,60,73,0,11,M231,AB6171,0,34
2026-07-27T04:18:02.467Z,cloudflare_catchup,cloudflare_catchup_20260726081142_11-15-H1-H2-101-102-39-73,60,73,0,15,T430,AA5945,1,49
2026-07-27T04:18:02.467Z,cloudflare_catchup,cloudflare_catchup_20260726081142_11-15-H1-H2-101-102-39-73,60,73,0,18,T422,AB6136,0,41
2026-07-27T04:19:01.736Z,cloudflare_catchup,cloudflare_catchup_20260726081142_11-15-H1-H2-101-102-39-73,60,73,0,4,T551/1,AA7619,0,47
2026-07-27T04:19:01.736Z,cloudflare_catchup,cloudflare_catchup_20260726081142_11-15-H1-H2-101-102-39-73,60,73,0,9,M172/16,AA2654,1,2
2026-07-27T04:19:01.736Z,cloudflare_catchup,cloudflare_catchup_20260726081142_11-15-H1-H2-101-102-39-73,60,73,0,12,M219,AB6171,1,30
2026-07-27T04:19:01.736Z,cloudflare_catchup,cloudflare_catchup_20260726081142_11-15-H1-H2-101-102-39-73,60,73,0,15,T430,AA5945,0,49
2026-07-27T04:19:01.736Z,cloudflare_catchup,cloudflare_catchup_20260726081142_11-15-H1-H2-101-102-39-73,60,73,0,19,T424,AB6136,1,7
2026-07-27T04:20:02.500Z,cloudflare_catchup,cloudflare_catchup_20260726081142_11-15-H1-H2-101-102-39-73,60,73,0,5,T425,AA7619,1,2
2026-07-27T04:20:02.500Z,cloudflare_catchup,cloudflare_catchup_20260726081142_11-15-H1-H2-101-102-39-73,60,73,0,9,M172/16,AA2654,0,20
2026-07-27T04:20:02.500Z,cloudflare_catchup,cloudflare_catchup_20260726081142_11-15-H1-H2-101-102-39-73,60,73,0,12,M219,AB6171,0,16
2026-07-27T04:20:02.500Z,cloudflare_catchup,cloudflare_catchup_20260726081142_11-15-H1-H2-101-102-39-73,60,73,0,16,T328,AA5945,1,42
2026-07-27T04:20:02.500Z,cloudflare_catchup,cloudflare_catchup_20260726081142_11-15-H1-H2-101-102-39-73,60,73,0,19,T424,AB6136,0,48
2026-07-27T04:21:01.820Z,cloudflare_catchup,cloudflare_catchup_20260726081142_11-15-H1-H2-101-102-39-73,60,73,0,5,T425,AA7619,0,41
2026-07-27T04:21:01.820Z,cloudflare_catchup,cloudflare_catchup_20260726081142_11-15-H1-H2-101-102-39-73,60,73,0,9,M172/16,AA2654,0,39
2026-07-27T04:21:01.820Z,cloudflare_catchup,cloudflare_catchup_20260726081142_11-15-H1-H2-101-102-39-73,60,73,0,12,M219,AB6171,0,10
2026-07-27T04:21:01.820Z,cloudflare_catchup,cloudflare_catchup_20260726081142_11-15-H1-H2-101-102-39-73,60,73,0,16,T328,AA5945,0,43
2026-07-27T04:21:01.820Z,cloudflare_catchup,cloudflare_catchup_20260726081142_11-15-H1-H2-101-102-39-73,60,73,0,19,T424,AB6136,0,50
2026-07-27T04:22:02.490Z,cloudflare_catchup,cloudflare_catchup_20260726081142_11-15-H1-H2-101-102-39-73,60,73,0,6,T423,AA7619,0,42
2026-07-27T04:22:02.490Z,cloudflare_catchup,cloudflare_catchup_20260726081142_11-15-H1-H2-101-102-39-73,60,73,0,9,M172/16,AA2654,0,47
2026-07-27T04:22:02.490Z,cloudflare_catchup,cloudflare_catchup_20260726081142_11-15-H1-H2-101-102-39-73,60,73,0,12,M219,AB6171,0,10
2026-07-27T04:22:02.490Z,cloudflare_catchup,cloudflare_catchup_20260726081142_11-15-H1-H2-101-102-39-73,60,73,0,17,T420,AA5945,1,28
2026-07-27T04:22:02.490Z,cloudflare_catchup,cloudflare_catchup_20260726081142_11-15-H1-H2-101-102-39-73,60,73,0,19,T424,AB6136,0,48
2026-07-27T04:23:01.801Z,cloudflare_catchup,cloudflare_catchup_20260726081142_11-15-H1-H2-101-102-39-73,60,73,0,7,T421,AA7619,1,10
2026-07-27T04:23:01.801Z,cloudflare_catchup,cloudflare_catchup_20260726081142_11-15-H1-H2-101-102-39-73,60,73,0,9,M172/16,AA2654,0,45
2026-07-27T04:23:01.801Z,cloudflare_catchup,cloudflare_catchup_20260726081142_11-15-H1-H2-101-102-39-73,60,73,0,13,M50,AB6171,1,5
2026-07-27T04:23:01.801Z,cloudflare_catchup,cloudflare_catchup_20260726081142_11-15-H1-H2-101-102-39-73,60,73,0,18,T422,AA5945,0,4
2026-07-27T04:23:01.801Z,cloudflare_catchup,cloudflare_catchup_20260726081142_11-15-H1-H2-101-102-39-73,60,73,0,20,T559,AB6136,1,45
2026-07-27T04:24:02.337Z,cloudflare_catchup,cloudflare_catchup_20260726081142_11-15-H1-H2-101-102-39-73,60,73,0,7,T421,AA7619,0,15
2026-07-27T04:24:02.337Z,cloudflare_catchup,cloudflare_catchup_20260726081142_11-15-H1-H2-101-102-39-73,60,73,0,9,M172/16,AA2654,0,48
2026-07-27T04:24:02.337Z,cloudflare_catchup,cloudflare_catchup_20260726081142_11-15-H1-H2-101-102-39-73,60,73,0,13,M50,AB6171,0,5
2026-07-27T04:24:02.337Z,cloudflare_catchup,cloudflare_catchup_20260726081142_11-15-H1-H2-101-102-39-73,60,73,0,18,T422,AA5945,0,37
2026-07-27T04:24:02.337Z,cloudflare_catchup,cloudflare_catchup_20260726081142_11-15-H1-H2-101-102-39-73,60,73,0,21,T552,AB6136,1,44
2026-07-27T04:25:03.327Z,cloudflare_catchup,cloudflare_catchup_20260726081142_11-15-H1-H2-101-102-39-73,60,73,0,7,T421,AA7619,0,32
2026-07-27T04:25:03.327Z,cloudflare_catchup,cloudflare_catchup_20260726081142_11-15-H1-H2-101-102-39-73,60,73,0,9,M172/16,AA2654,0,25
2026-07-27T04:25:03.327Z,cloudflare_catchup,cloudflare_catchup_20260726081142_11-15-H1-H2-101-102-39-73,60,73,0,13,M50,AB6171,0,47
2026-07-27T04:25:03.327Z,cloudflare_catchup,cloudflare_catchup_20260726081142_11-15-H1-H2-101-102-39-73,60,73,0,19,T424,AA5945,0,49
2026-07-27T04:25:03.327Z,cloudflare_catchup,cloudflare_catchup_20260726081142_11-15-H1-H2-101-102-39-73,60,73,0,22,T553,AB6136,0,27
2026-07-27T04:26:02.715Z,cloudflare_catchup,cloudflare_catchup_20260726081142_11-15-H1-H2-101-102-39-73,60,73,0,7,T421,AA7619,0,47
2026-07-27T04:26:02.715Z,cloudflare_catchup,cloudflare_catchup_20260726081142_11-15-H1-H2-101-102-39-73,60,73,0,9,M172/16,AA2654,0,12
2026-07-27T04:26:02.715Z,cloudflare_catchup,cloudflare_catchup_20260726081142_11-15-H1-H2-101-102-39-73,60,73,0,13,M50,AB6171,0,49
2026-07-27T04:26:02.715Z,cloudflare_catchup,cloudflare_catchup_20260726081142_11-15-H1-H2-101-102-39-73,60,73,0,19,T424,AA5945,0,45
2026-07-27T04:26:02.715Z,cloudflare_catchup,cloudflare_catchup_20260726081142_11-15-H1-H2-101-102-39-73,60,73,0,23,T554,AB6136,0,13
2026-07-27T04:27:02.139Z,cloudflare_catchup,cloudflare_catchup_20260726081142_11-15-H1-H2-101-102-39-73,60,73,0,7,T421,AA7619,0,38
2026-07-27T04:27:02.139Z,cloudflare_catchup,cloudflare_catchup_20260726081142_11-15-H1-H2-101-102-39-73,60,73,0,9,M172/16,AA2654,0,27
2026-07-27T04:27:02.139Z,cloudflare_catchup,cloudflare_catchup_20260726081142_11-15-H1-H2-101-102-39-73,60,73,0,13,M50,AB6171,0,48
2026-07-27T04:27:02.139Z,cloudflare_catchup,cloudflare_catchup_20260726081142_11-15-H1-H2-101-102-39-73,60,73,0,19,T424,AA5945,0,45
2026-07-27T04:27:02.139Z,cloudflare_catchup,cloudflare_catchup_20260726081142_11-15-H1-H2-101-102-39-73,60,73,0,23,T554,AB6136,0,40
2026-07-27T04:28:02.433Z,cloudflare_catchup,cloudflare_catchup_20260726081142_11-15-H1-H2-101-102-39-73,60,73,0,8,T431,AA7619,0,44
2026-07-27T04:28:02.433Z,cloudflare_catchup,cloudflare_catchup_20260726081142_11-15-H1-H2-101-102-39-73,60,73,0,11,M231,AA2654,1,26
2026-07-27T04:28:02.433Z,cloudflare_catchup,cloudflare_catchup_20260726081142_11-15-H1-H2-101-102-39-73,60,73,0,13,M50,AB6171,0,38
2026-07-27T04:28:02.433Z,cloudflare_catchup,cloudflare_catchup_20260726081142_11-15-H1-H2-101-102-39-73,60,73,0,20,T559,AA5945,1,25
2026-07-27T04:28:02.433Z,cloudflare_catchup,cloudflare_catchup_20260726081142_11-15-H1-H2-101-102-39-73,60,73,0,24,T555/2,AB6136,0,47
2026-07-27T04:29:01.830Z,cloudflare_catchup,cloudflare_catchup_20260726081142_11-15-H1-H2-101-102-39-73,60,73,0,0,T550/4,AB6136,1,39
2026-07-27T04:29:01.830Z,cloudflare_catchup,cloudflare_catchup_20260726081142_11-15-H1-H2-101-102-39-73,60,73,0,8,T431,AA7619,0,36
2026-07-27T04:29:01.830Z,cloudflare_catchup,cloudflare_catchup_20260726081142_11-15-H1-H2-101-102-39-73,60,73,0,11,M231,AA2654,0,5
2026-07-27T04:29:01.830Z,cloudflare_catchup,cloudflare_catchup_20260726081142_11-15-H1-H2-101-102-39-73,60,73,0,13,M50,AB6171,0,32
2026-07-27T04:29:01.830Z,cloudflare_catchup,cloudflare_catchup_20260726081142_11-15-H1-H2-101-102-39-73,60,73,0,21,T552,AA5945,0,14
2026-07-27T04:30:02.521Z,cloudflare_catchup,cloudflare_catchup_20260726081142_11-15-H1-H2-101-102-39-73,60,73,0,0,T550/4,AB6136,1,39
2026-07-27T04:30:02.521Z,cloudflare_catchup,cloudflare_catchup_20260726081142_11-15-H1-H2-101-102-39-73,60,73,0,3,T558,AA3041,1,46
2026-07-27T04:30:02.521Z,cloudflare_catchup,cloudflare_catchup_20260726081142_11-15-H1-H2-101-102-39-73,60,73,0,8,T431,AA7619,0,48
2026-07-27T04:30:02.521Z,cloudflare_catchup,cloudflare_catchup_20260726081142_11-15-H1-H2-101-102-39-73,60,73,0,11,M231,AA2654,0,20
2026-07-27T04:30:02.521Z,cloudflare_catchup,cloudflare_catchup_20260726081142_11-15-H1-H2-101-102-39-73,60,73,0,14,M172/7,AB6171,1,12
2026-07-27T04:30:02.521Z,cloudflare_catchup,cloudflare_catchup_20260726081142_11-15-H1-H2-101-102-39-73,60,73,0,22,T553,AA5945,0,31
2026-07-27T04:31:01.760Z,cloudflare_catchup,cloudflare_catchup_20260726081142_11-15-H1-H2-101-102-39-73,60,73,0,0,T550/4,AB6136,1,39
2026-07-27T04:31:01.760Z,cloudflare_catchup,cloudflare_catchup_20260726081142_11-15-H1-H2-101-102-39-73,60,73,0,3,T558,AA3041,0,50
2026-07-27T04:31:01.760Z,cloudflare_catchup,cloudflare_catchup_20260726081142_11-15-H1-H2-101-102-39-73,60,73,0,8,T431,AA7619,0,44
2026-07-27T04:31:01.760Z,cloudflare_catchup,cloudflare_catchup_20260726081142_11-15-H1-H2-101-102-39-73,60,73,0,12,M219,AA2654,1,4
2026-07-27T04:31:01.760Z,cloudflare_catchup,cloudflare_catchup_20260726081142_11-15-H1-H2-101-102-39-73,60,73,0,14,M172/7,AB6171,0,18
2026-07-27T04:31:01.760Z,cloudflare_catchup,cloudflare_catchup_20260726081142_11-15-H1-H2-101-102-39-73,60,73,0,23,T554,AA5945,0,48
2026-07-27T04:32:02.361Z,cloudflare_catchup,cloudflare_catchup_20260726081142_11-15-H1-H2-101-102-39-73,60,73,0,0,T550/4,AB6136,1,39
2026-07-27T04:32:02.361Z,cloudflare_catchup,cloudflare_catchup_20260726081142_11-15-H1-H2-101-102-39-73,60,73,0,3,T558,AA3041,0,42
2026-07-27T04:32:02.361Z,cloudflare_catchup,cloudflare_catchup_20260726081142_11-15-H1-H2-101-102-39-73,60,73,0,8,T431,AA7619,0,48
2026-07-27T04:32:02.361Z,cloudflare_catchup,cloudflare_catchup_20260726081142_11-15-H1-H2-101-102-39-73,60,73,0,12,M219,AA2654,0,10
2026-07-27T04:32:02.361Z,cloudflare_catchup,cloudflare_catchup_20260726081142_11-15-H1-H2-101-102-39-73,60,73,0,14,M172/7,AB6171,0,44
2026-07-27T04:32:02.361Z,cloudflare_catchup,cloudflare_catchup_20260726081142_11-15-H1-H2-101-102-39-73,60,73,0,24,T555/2,AA5945,0,34
2026-07-27T04:33:02.499Z,cloudflare_catchup,cloudflare_catchup_20260726081142_11-15-H1-H2-101-102-39-73,60,73,0,0,T550/4,AB6136,1,39
2026-07-27T04:33:02.499Z,cloudflare_catchup,cloudflare_catchup_20260726081142_11-15-H1-H2-101-102-39-73,60,73,0,6,T423,AA3041,1,38
2026-07-27T04:33:02.499Z,cloudflare_catchup,cloudflare_catchup_20260726081142_11-15-H1-H2-101-102-39-73,60,73,0,9,M172/16,AA7619,1,29
2026-07-27T04:33:02.499Z,cloudflare_catchup,cloudflare_catchup_20260726081142_11-15-H1-H2-101-102-39-73,60,73,0,13,M50,AA2654,1,10
2026-07-27T04:33:02.499Z,cloudflare_catchup,cloudflare_catchup_20260726081142_11-15-H1-H2-101-102-39-73,60,73,0,14,M172/7,AB6171,0,48
2026-07-27T04:33:02.499Z,cloudflare_catchup,cloudflare_catchup_20260726081142_11-15-H1-H2-101-102-39-73,60,73,0,25,T550/4,AA5945,1,0
2026-07-27T04:34:02.377Z,cloudflare_catchup,cloudflare_catchup_20260726081142_11-15-H1-H2-101-102-39-73,60,73,0,0,T550/4,AB6136,1,39
2026-07-27T04:34:02.377Z,cloudflare_catchup,cloudflare_catchup_20260726081142_11-15-H1-H2-101-102-39-73,60,73,0,7,T421,AA3041,1,16
2026-07-27T04:34:02.377Z,cloudflare_catchup,cloudflare_catchup_20260726081142_11-15-H1-H2-101-102-39-73,60,73,0,9,M172/16,AA7619,0,14
2026-07-27T04:34:02.377Z,cloudflare_catchup,cloudflare_catchup_20260726081142_11-15-H1-H2-101-102-39-73,60,73,0,13,M50,AA2654,0,19
2026-07-27T04:34:02.377Z,cloudflare_catchup,cloudflare_catchup_20260726081142_11-15-H1-H2-101-102-39-73,60,73,0,14,M172/7,AB6171,0,48
2026-07-27T04:34:02.377Z,cloudflare_catchup,cloudflare_catchup_20260726081142_11-15-H1-H2-101-102-39-73,60,73,0,25,T550/4,AA5945,1,0
2026-07-27T04:35:03.039Z,cloudflare_catchup,cloudflare_catchup_20260726081142_11-15-H1-H2-101-102-39-73,60,73,0,0,T550/4,AB6136,1,39
2026-07-27T04:35:03.039Z,cloudflare_catchup,cloudflare_catchup_20260726081142_11-15-H1-H2-101-102-39-73,60,73,0,7,T421,AA3041,0,27
2026-07-27T04:35:03.039Z,cloudflare_catchup,cloudflare_catchup_20260726081142_11-15-H1-H2-101-102-39-73,60,73,0,9,M172/16,AA7619,0,47
2026-07-27T04:35:03.039Z,cloudflare_catchup,cloudflare_catchup_20260726081142_11-15-H1-H2-101-102-39-73,60,73,0,13,M50,AA2654,0,47
2026-07-27T04:35:03.039Z,cloudflare_catchup,cloudflare_catchup_20260726081142_11-15-H1-H2-101-102-39-73,60,73,0,14,M172/7,AB6171,0,17
2026-07-27T04:35:03.039Z,cloudflare_catchup,cloudflare_catchup_20260726081142_11-15-H1-H2-101-102-39-73,60,73,0,25,T550/4,AA5945,1,0
2026-07-27T04:36:02.330Z,cloudflare_catchup,cloudflare_catchup_20260726081142_11-15-H1-H2-101-102-39-73,60,73,0,0,T550/4,AB6136,1,39
2026-07-27T04:36:02.330Z,cloudflare_catchup,cloudflare_catchup_20260726081142_11-15-H1-H2-101-102-39-73,60,73,0,7,T421,AA3041,0,49
2026-07-27T04:36:02.330Z,cloudflare_catchup,cloudflare_catchup_20260726081142_11-15-H1-H2-101-102-39-73,60,73,0,9,M172/16,AA7619,0,48
2026-07-27T04:36:02.330Z,cloudflare_catchup,cloudflare_catchup_20260726081142_11-15-H1-H2-101-102-39-73,60,73,0,13,M50,AA2654,0,47
2026-07-27T04:36:02.330Z,cloudflare_catchup,cloudflare_catchup_20260726081142_11-15-H1-H2-101-102-39-73,60,73,0,14,M172/7,AB6171,0,37
2026-07-27T04:36:02.330Z,cloudflare_catchup,cloudflare_catchup_20260726081142_11-15-H1-H2-101-102-39-73,60,73,0,25,T550/4,AA5945,1,0
2026-07-27T04:37:01.814Z,cloudflare_catchup,cloudflare_catchup_20260726081142_11-15-H1-H2-101-102-39-73,60,73,0,0,T550/4,AB6136,1,13
2026-07-27T04:37:01.814Z,cloudflare_catchup,cloudflare_catchup_20260726081142_11-15-H1-H2-101-102-39-73,60,73,0,7,T421,AA3041,0,48
2026-07-27T04:37:01.814Z,cloudflare_catchup,cloudflare_catchup_20260726081142_11-15-H1-H2-101-102-39-73,60,73,0,9,M172/16,AA7619,0,46
2026-07-27T04:37:01.814Z,cloudflare_catchup,cloudflare_catchup_20260726081142_11-15-H1-H2-101-102-39-73,60,73,0,13,M50,AA2654,0,40
2026-07-27T04:37:01.814Z,cloudflare_catchup,cloudflare_catchup_20260726081142_11-15-H1-H2-101-102-39-73,60,73,0,15,T430,AB6171,0,46
2026-07-27T04:37:01.814Z,cloudflare_catchup,cloudflare_catchup_20260726081142_11-15-H1-H2-101-102-39-73,60,73,0,25,T550/4,AA5945,1,0
2026-07-27T04:38:02.576Z,cloudflare_catchup,cloudflare_catchup_20260726081142_11-15-H1-H2-101-102-39-73,60,73,0,0,T550/4,AB6136,1,13
2026-07-27T04:38:02.576Z,cloudflare_catchup,cloudflare_catchup_20260726081142_11-15-H1-H2-101-102-39-73,60,73,0,8,T431,AA3041,0,39
2026-07-27T04:38:02.576Z,cloudflare_catchup,cloudflare_catchup_20260726081142_11-15-H1-H2-101-102-39-73,60,73,0,9,M172/16,AA7619,0,17
2026-07-27T04:38:02.576Z,cloudflare_catchup,cloudflare_catchup_20260726081142_11-15-H1-H2-101-102-39-73,60,73,0,13,M50,AA2654,0,14
2026-07-27T04:38:02.576Z,cloudflare_catchup,cloudflare_catchup_20260726081142_11-15-H1-H2-101-102-39-73,60,73,0,15,T430,AB6171,0,35
2026-07-27T04:39:01.816Z,cloudflare_catchup,cloudflare_catchup_20260726081142_11-15-H1-H2-101-102-39-73,60,73,0,1,T556,AB6136,1,28
2026-07-27T04:39:01.816Z,cloudflare_catchup,cloudflare_catchup_20260726081142_11-15-H1-H2-101-102-39-73,60,73,0,8,T431,AA3041,0,48
2026-07-27T04:39:01.816Z,cloudflare_catchup,cloudflare_catchup_20260726081142_11-15-H1-H2-101-102-39-73,60,73,0,9,M172/16,AA7619,0,45
2026-07-27T04:39:01.816Z,cloudflare_catchup,cloudflare_catchup_20260726081142_11-15-H1-H2-101-102-39-73,60,73,0,13,M50,AA2654,0,40
2026-07-27T04:39:01.816Z,cloudflare_catchup,cloudflare_catchup_20260726081142_11-15-H1-H2-101-102-39-73,60,73,0,16,T328,AB6171,0,47
2026-07-27T04:40:02.477Z,cloudflare_catchup,cloudflare_catchup_20260726081142_11-15-H1-H2-101-102-39-73,60,73,0,1,T556,AB6136,0,45
2026-07-27T04:40:02.477Z,cloudflare_catchup,cloudflare_catchup_20260726081142_11-15-H1-H2-101-102-39-73,60,73,0,8,T431,AA3041,0,48
2026-07-27T04:40:02.477Z,cloudflare_catchup,cloudflare_catchup_20260726081142_11-15-H1-H2-101-102-39-73,60,73,0,9,M172/16,AA7619,0,33
2026-07-27T04:40:02.477Z,cloudflare_catchup,cloudflare_catchup_20260726081142_11-15-H1-H2-101-102-39-73,60,73,0,14,M172/7,AA2654,0,13
2026-07-27T04:40:02.477Z,cloudflare_catchup,cloudflare_catchup_20260726081142_11-15-H1-H2-101-102-39-73,60,73,0,16,T328,AB6171,0,6
2026-07-27T04:41:02.053Z,cloudflare_catchup,cloudflare_catchup_20260726081142_11-15-H1-H2-101-102-39-73,60,73,0,2,T557,AB6136,0,28
2026-07-27T04:41:02.053Z,cloudflare_catchup,cloudflare_catchup_20260726081142_11-15-H1-H2-101-102-39-73,60,73,0,8,T431,AA3041,0,44
2026-07-27T04:41:02.053Z,cloudflare_catchup,cloudflare_catchup_20260726081142_11-15-H1-H2-101-102-39-73,60,73,0,10,M247,AA7619,1,26
2026-07-27T04:41:02.053Z,cloudflare_catchup,cloudflare_catchup_20260726081142_11-15-H1-H2-101-102-39-73,60,73,0,14,M172/7,AA2654,0,47
2026-07-27T04:41:02.053Z,cloudflare_catchup,cloudflare_catchup_20260726081142_11-15-H1-H2-101-102-39-73,60,73,0,17,T420,AB6171,1,9
2026-07-27T04:42:02.505Z,cloudflare_catchup,cloudflare_catchup_20260726081142_11-15-H1-H2-101-102-39-73,60,73,0,3,T558,AB6136,0,40
2026-07-27T04:42:02.505Z,cloudflare_catchup,cloudflare_catchup_20260726081142_11-15-H1-H2-101-102-39-73,60,73,0,8,T431,AA3041,0,45
2026-07-27T04:42:02.505Z,cloudflare_catchup,cloudflare_catchup_20260726081142_11-15-H1-H2-101-102-39-73,60,73,0,11,M231,AA7619,0,19
2026-07-27T04:42:02.505Z,cloudflare_catchup,cloudflare_catchup_20260726081142_11-15-H1-H2-101-102-39-73,60,73,0,14,M172/7,AA2654,0,47
2026-07-27T04:42:02.505Z,cloudflare_catchup,cloudflare_catchup_20260726081142_11-15-H1-H2-101-102-39-73,60,73,0,18,T422,AB6171,0,36
2026-07-27T04:43:02.039Z,cloudflare_catchup,cloudflare_catchup_20260726081142_11-15-H1-H2-101-102-39-73,60,73,0,3,T558,AB6136,0,28
2026-07-27T04:43:02.039Z,cloudflare_catchup,cloudflare_catchup_20260726081142_11-15-H1-H2-101-102-39-73,60,73,0,9,M172/16,AA3041,0,38
2026-07-27T04:43:02.039Z,cloudflare_catchup,cloudflare_catchup_20260726081142_11-15-H1-H2-101-102-39-73,60,73,0,11,M231,AA7619,0,26
2026-07-27T04:43:02.039Z,cloudflare_catchup,cloudflare_catchup_20260726081142_11-15-H1-H2-101-102-39-73,60,73,0,14,M172/7,AA2654,0,48
2026-07-27T04:43:02.039Z,cloudflare_catchup,cloudflare_catchup_20260726081142_11-15-H1-H2-101-102-39-73,60,73,0,18,T422,AB6171,0,13
2026-07-27T04:44:02.428Z,cloudflare_catchup,cloudflare_catchup_20260726081142_11-15-H1-H2-101-102-39-73,60,73,0,4,T551/1,AB6136,0,43
2026-07-27T04:44:02.428Z,cloudflare_catchup,cloudflare_catchup_20260726081142_11-15-H1-H2-101-102-39-73,60,73,0,9,M172/16,AA3041,0,48
2026-07-27T04:44:02.428Z,cloudflare_catchup,cloudflare_catchup_20260726081142_11-15-H1-H2-101-102-39-73,60,73,0,11,M231,AA7619,0,28
2026-07-27T04:44:02.428Z,cloudflare_catchup,cloudflare_catchup_20260726081142_11-15-H1-H2-101-102-39-73,60,73,0,14,M172/7,AA2654,0,49
2026-07-27T04:44:02.428Z,cloudflare_catchup,cloudflare_catchup_20260726081142_11-15-H1-H2-101-102-39-73,60,73,0,19,T424,AB6171,0,46
2026-07-27T04:45:03.158Z,cloudflare_catchup,cloudflare_catchup_20260726081142_11-15-H1-H2-101-102-39-73,60,73,0,4,T551/1,AB6136,0,44
2026-07-27T04:45:03.158Z,cloudflare_catchup,cloudflare_catchup_20260726081142_11-15-H1-H2-101-102-39-73,60,73,0,9,M172/16,AA3041,0,48
2026-07-27T04:45:03.158Z,cloudflare_catchup,cloudflare_catchup_20260726081142_11-15-H1-H2-101-102-39-73,60,73,0,12,M219,AA7619,1,12
2026-07-27T04:45:03.158Z,cloudflare_catchup,cloudflare_catchup_20260726081142_11-15-H1-H2-101-102-39-73,60,73,0,14,M172/7,AA2654,0,45
2026-07-27T04:45:03.158Z,cloudflare_catchup,cloudflare_catchup_20260726081142_11-15-H1-H2-101-102-39-73,60,73,0,19,T424,AB6171,0,44
2026-07-27T04:46:02.262Z,cloudflare_catchup,cloudflare_catchup_20260726081142_11-15-H1-H2-101-102-39-73,60,73,0,4,T551/1,AB6136,0,47
2026-07-27T04:46:02.262Z,cloudflare_catchup,cloudflare_catchup_20260726081142_11-15-H1-H2-101-102-39-73,60,73,0,9,M172/16,AA3041,0,33
2026-07-27T04:46:02.262Z,cloudflare_catchup,cloudflare_catchup_20260726081142_11-15-H1-H2-101-102-39-73,60,73,0,12,M219,AA7619,0,32
2026-07-27T04:46:02.262Z,cloudflare_catchup,cloudflare_catchup_20260726081142_11-15-H1-H2-101-102-39-73,60,73,0,15,T430,AA2654,0,47
2026-07-27T04:46:02.262Z,cloudflare_catchup,cloudflare_catchup_20260726081142_11-15-H1-H2-101-102-39-73,60,73,0,19,T424,AB6171,0,43
2026-07-27T04:47:01.945Z,cloudflare_catchup,cloudflare_catchup_20260726081142_11-15-H1-H2-101-102-39-73,60,73,0,6,T423,AB6136,1,46
2026-07-27T04:47:01.945Z,cloudflare_catchup,cloudflare_catchup_20260726081142_11-15-H1-H2-101-102-39-73,60,73,0,9,M172/16,AA3041,0,45
2026-07-27T04:47:01.945Z,cloudflare_catchup,cloudflare_catchup_20260726081142_11-15-H1-H2-101-102-39-73,60,73,0,13,M50,AA7619,1,20
2026-07-27T04:47:01.945Z,cloudflare_catchup,cloudflare_catchup_20260726081142_11-15-H1-H2-101-102-39-73,60,73,0,15,T430,AA2654,0,29
2026-07-27T04:47:01.945Z,cloudflare_catchup,cloudflare_catchup_20260726081142_11-15-H1-H2-101-102-39-73,60,73,0,20,T559,AB6171,1,33
2026-07-27T04:48:02.492Z,cloudflare_catchup,cloudflare_catchup_20260726081142_11-15-H1-H2-101-102-39-73,60,73,0,6,T423,AB6136,0,43
2026-07-27T04:48:02.492Z,cloudflare_catchup,cloudflare_catchup_20260726081142_11-15-H1-H2-101-102-39-73,60,73,0,9,M172/16,AA3041,0,8
2026-07-27T04:48:02.492Z,cloudflare_catchup,cloudflare_catchup_20260726081142_11-15-H1-H2-101-102-39-73,60,73,0,13,M50,AA7619,0,1
2026-07-27T04:48:02.492Z,cloudflare_catchup,cloudflare_catchup_20260726081142_11-15-H1-H2-101-102-39-73,60,73,0,16,T328,AA2654,0,49
2026-07-27T04:48:02.492Z,cloudflare_catchup,cloudflare_catchup_20260726081142_11-15-H1-H2-101-102-39-73,60,73,0,21,T552,AB6171,1,24
2026-07-27T04:49:02.307Z,cloudflare_catchup,cloudflare_catchup_20260726081142_11-15-H1-H2-101-102-39-73,60,73,0,1,T556,AB6664,1,20
2026-07-27T04:49:02.307Z,cloudflare_catchup,cloudflare_catchup_20260726081142_11-15-H1-H2-101-102-39-73,60,73,0,7,T421,AB6136,0,26
2026-07-27T04:49:02.307Z,cloudflare_catchup,cloudflare_catchup_20260726081142_11-15-H1-H2-101-102-39-73,60,73,0,9,M172/16,AA3041,0,8
2026-07-27T04:49:02.307Z,cloudflare_catchup,cloudflare_catchup_20260726081142_11-15-H1-H2-101-102-39-73,60,73,0,13,M50,AA7619,0,48
2026-07-27T04:49:02.307Z,cloudflare_catchup,cloudflare_catchup_20260726081142_11-15-H1-H2-101-102-39-73,60,73,0,17,T420,AA2654,1,35
2026-07-27T04:49:02.307Z,cloudflare_catchup,cloudflare_catchup_20260726081142_11-15-H1-H2-101-102-39-73,60,73,0,22,T553,AB6171,0,15
2026-07-27T04:50:03.228Z,cloudflare_catchup,cloudflare_catchup_20260726081142_11-15-H1-H2-101-102-39-73,60,73,0,1,T556,AB6664,0,32
2026-07-27T04:50:03.228Z,cloudflare_catchup,cloudflare_catchup_20260726081142_11-15-H1-H2-101-102-39-73,60,73,0,7,T421,AB6136,0,48
2026-07-27T04:50:03.228Z,cloudflare_catchup,cloudflare_catchup_20260726081142_11-15-H1-H2-101-102-39-73,60,73,0,9,M172/16,AA3041,0,38
2026-07-27T04:50:03.228Z,cloudflare_catchup,cloudflare_catchup_20260726081142_11-15-H1-H2-101-102-39-73,60,73,0,13,M50,AA7619,0,49
2026-07-27T04:50:03.228Z,cloudflare_catchup,cloudflare_catchup_20260726081142_11-15-H1-H2-101-102-39-73,60,73,0,17,T420,AA2654,0,39
2026-07-27T04:50:03.228Z,cloudflare_catchup,cloudflare_catchup_20260726081142_11-15-H1-H2-101-102-39-73,60,73,0,23,T554,AB6171,0,25
2026-07-27T04:51:01.955Z,cloudflare_catchup,cloudflare_catchup_20260726081142_11-15-H1-H2-101-102-39-73,60,73,0,2,T557,AB6664,0,29
2026-07-27T04:51:01.955Z,cloudflare_catchup,cloudflare_catchup_20260726081142_11-15-H1-H2-101-102-39-73,60,73,0,7,T421,AB6136,0,48
2026-07-27T04:51:01.955Z,cloudflare_catchup,cloudflare_catchup_20260726081142_11-15-H1-H2-101-102-39-73,60,73,0,10,M247,AA3041,0,34
2026-07-27T04:51:01.955Z,cloudflare_catchup,cloudflare_catchup_20260726081142_11-15-H1-H2-101-102-39-73,60,73,0,13,M50,AA7619,0,48
2026-07-27T04:51:01.955Z,cloudflare_catchup,cloudflare_catchup_20260726081142_11-15-H1-H2-101-102-39-73,60,73,0,18,T422,AA2654,0,5
2026-07-27T04:51:01.955Z,cloudflare_catchup,cloudflare_catchup_20260726081142_11-15-H1-H2-101-102-39-73,60,73,0,23,T554,AB6171,0,44
2026-07-27T04:52:02.390Z,cloudflare_catchup,cloudflare_catchup_20260726081142_11-15-H1-H2-101-102-39-73,60,73,0,3,T558,AB6664,0,47
2026-07-27T04:52:02.390Z,cloudflare_catchup,cloudflare_catchup_20260726081142_11-15-H1-H2-101-102-39-73,60,73,0,8,T431,AB6136,0,19
2026-07-27T04:52:02.390Z,cloudflare_catchup,cloudflare_catchup_20260726081142_11-15-H1-H2-101-102-39-73,60,73,0,11,M231,AA3041,0,13
2026-07-27T04:52:02.390Z,cloudflare_catchup,cloudflare_catchup_20260726081142_11-15-H1-H2-101-102-39-73,60,73,0,13,M50,AA7619,0,28
2026-07-27T04:52:02.390Z,cloudflare_catchup,cloudflare_catchup_20260726081142_11-15-H1-H2-101-102-39-73,60,73,0,19,T424,AA2654,1,47
2026-07-27T04:52:02.390Z,cloudflare_catchup,cloudflare_catchup_20260726081142_11-15-H1-H2-101-102-39-73,60,73,0,24,T555/2,AB6171,0,9
2026-07-27T04:53:01.746Z,cloudflare_catchup,cloudflare_catchup_20260726081142_11-15-H1-H2-101-102-39-73,60,73,0,3,T558,AB6664,0,21
2026-07-27T04:53:01.746Z,cloudflare_catchup,cloudflare_catchup_20260726081142_11-15-H1-H2-101-102-39-73,60,73,0,8,T431,AB6136,0,32
2026-07-27T04:53:01.746Z,cloudflare_catchup,cloudflare_catchup_20260726081142_11-15-H1-H2-101-102-39-73,60,73,0,12,M219,AA3041,1,16
2026-07-27T04:53:01.746Z,cloudflare_catchup,cloudflare_catchup_20260726081142_11-15-H1-H2-101-102-39-73,60,73,0,13,M50,AA7619,0,44
2026-07-27T04:53:01.746Z,cloudflare_catchup,cloudflare_catchup_20260726081142_11-15-H1-H2-101-102-39-73,60,73,0,19,T424,AA2654,0,46
2026-07-27T04:53:01.746Z,cloudflare_catchup,cloudflare_catchup_20260726081142_11-15-H1-H2-101-102-39-73,60,73,0,24,T555/2,AB6171,0,46
2026-07-27T04:54:02.451Z,cloudflare_catchup,cloudflare_catchup_20260726081142_11-15-H1-H2-101-102-39-73,60,73,0,4,T551/1,AB6664,0,39
2026-07-27T04:54:02.451Z,cloudflare_catchup,cloudflare_catchup_20260726081142_11-15-H1-H2-101-102-39-73,60,73,0,8,T431,AB6136,0,47
2026-07-27T04:54:02.451Z,cloudflare_catchup,cloudflare_catchup_20260726081142_11-15-H1-H2-101-102-39-73,60,73,0,12,M219,AA3041,1,30
2026-07-27T04:54:02.451Z,cloudflare_catchup,cloudflare_catchup_20260726081142_11-15-H1-H2-101-102-39-73,60,73,0,14,M172/7,AA7619,0,16
2026-07-27T04:54:02.451Z,cloudflare_catchup,cloudflare_catchup_20260726081142_11-15-H1-H2-101-102-39-73,60,73,0,19,T424,AA2654,0,48
2026-07-27T04:54:02.451Z,cloudflare_catchup,cloudflare_catchup_20260726081142_11-15-H1-H2-101-102-39-73,60,73,0,25,T550/4,AB6171,1,0
2026-07-27T04:55:03.113Z,cloudflare_catchup,cloudflare_catchup_20260726081142_11-15-H1-H2-101-102-39-73,60,73,0,4,T551/1,AB6664,0,49
2026-07-27T04:55:03.113Z,cloudflare_catchup,cloudflare_catchup_20260726081142_11-15-H1-H2-101-102-39-73,60,73,0,8,T431,AB6136,0,40
2026-07-27T04:55:03.113Z,cloudflare_catchup,cloudflare_catchup_20260726081142_11-15-H1-H2-101-102-39-73,60,73,0,12,M219,AA3041,0,9
2026-07-27T04:55:03.113Z,cloudflare_catchup,cloudflare_catchup_20260726081142_11-15-H1-H2-101-102-39-73,60,73,0,14,M172/7,AA7619,0,33
2026-07-27T04:55:03.113Z,cloudflare_catchup,cloudflare_catchup_20260726081142_11-15-H1-H2-101-102-39-73,60,73,0,19,T424,AA2654,0,45
2026-07-27T04:55:03.113Z,cloudflare_catchup,cloudflare_catchup_20260726081142_11-15-H1-H2-101-102-39-73,60,73,0,25,T550/4,AB6171,1,0
2026-07-27T04:56:02.541Z,cloudflare_catchup,cloudflare_catchup_20260726081142_11-15-H1-H2-101-102-39-73,60,73,0,4,T551/1,AB6664,0,49
2026-07-27T04:56:02.541Z,cloudflare_catchup,cloudflare_catchup_20260726081142_11-15-H1-H2-101-102-39-73,60,73,0,8,T431,AB6136,0,46
2026-07-27T04:56:02.541Z,cloudflare_catchup,cloudflare_catchup_20260726081142_11-15-H1-H2-101-102-39-73,60,73,0,13,M50,AA3041,1,9
2026-07-27T04:56:02.541Z,cloudflare_catchup,cloudflare_catchup_20260726081142_11-15-H1-H2-101-102-39-73,60,73,0,14,M172/7,AA7619,0,45
2026-07-27T04:56:02.541Z,cloudflare_catchup,cloudflare_catchup_20260726081142_11-15-H1-H2-101-102-39-73,60,73,0,20,T559,AA2654,1,19
2026-07-27T04:56:02.541Z,cloudflare_catchup,cloudflare_catchup_20260726081142_11-15-H1-H2-101-102-39-73,60,73,0,25,T550/4,AB6171,1,0
2026-07-27T04:57:01.763Z,cloudflare_catchup,cloudflare_catchup_20260726081142_11-15-H1-H2-101-102-39-73,60,73,0,0,T550/4,AB6393,1,10
2026-07-27T04:57:01.763Z,cloudflare_catchup,cloudflare_catchup_20260726081142_11-15-H1-H2-101-102-39-73,60,73,0,5,T425,AB6664,0,15
2026-07-27T04:57:01.763Z,cloudflare_catchup,cloudflare_catchup_20260726081142_11-15-H1-H2-101-102-39-73,60,73,0,9,M172/16,AB6136,1,18
2026-07-27T04:57:01.763Z,cloudflare_catchup,cloudflare_catchup_20260726081142_11-15-H1-H2-101-102-39-73,60,73,0,13,M50,AA3041,0,37
2026-07-27T04:57:01.763Z,cloudflare_catchup,cloudflare_catchup_20260726081142_11-15-H1-H2-101-102-39-73,60,73,0,14,M172/7,AA7619,0,48
2026-07-27T04:57:01.763Z,cloudflare_catchup,cloudflare_catchup_20260726081142_11-15-H1-H2-101-102-39-73,60,73,0,21,T552,AA2654,0,49
2026-07-27T04:57:01.763Z,cloudflare_catchup,cloudflare_catchup_20260726081142_11-15-H1-H2-101-102-39-73,60,73,0,25,T550/4,AB6171,1,0
2026-07-27T04:58:02.422Z,cloudflare_catchup,cloudflare_catchup_20260726081142_11-15-H1-H2-101-102-39-73,60,73,0,0,T550/4,AB6393,1,4
2026-07-27T04:58:02.422Z,cloudflare_catchup,cloudflare_catchup_20260726081142_11-15-H1-H2-101-102-39-73,60,73,0,6,T423,AB6664,0,15
2026-07-27T04:58:02.422Z,cloudflare_catchup,cloudflare_catchup_20260726081142_11-15-H1-H2-101-102-39-73,60,73,0,9,M172/16,AB6136,1,1
2026-07-27T04:58:02.422Z,cloudflare_catchup,cloudflare_catchup_20260726081142_11-15-H1-H2-101-102-39-73,60,73,0,13,M50,AA3041,0,38
2026-07-27T04:58:02.422Z,cloudflare_catchup,cloudflare_catchup_20260726081142_11-15-H1-H2-101-102-39-73,60,73,0,14,M172/7,AA7619,0,48
2026-07-27T04:58:02.422Z,cloudflare_catchup,cloudflare_catchup_20260726081142_11-15-H1-H2-101-102-39-73,60,73,0,23,T554,AA2654,1,24
2026-07-27T04:58:02.422Z,cloudflare_catchup,cloudflare_catchup_20260726081142_11-15-H1-H2-101-102-39-73,60,73,0,25,T550/4,AB6171,1,0
2026-07-27T04:59:01.784Z,cloudflare_catchup,cloudflare_catchup_20260726081142_11-15-H1-H2-101-102-39-73,60,73,0,1,T556,AB6393,1,38
2026-07-27T04:59:01.784Z,cloudflare_catchup,cloudflare_catchup_20260726081142_11-15-H1-H2-101-102-39-73,60,73,0,7,T421,AB6664,0,39
2026-07-27T04:59:01.784Z,cloudflare_catchup,cloudflare_catchup_20260726081142_11-15-H1-H2-101-102-39-73,60,73,0,9,M172/16,AB6136,0,13
2026-07-27T04:59:01.784Z,cloudflare_catchup,cloudflare_catchup_20260726081142_11-15-H1-H2-101-102-39-73,60,73,0,13,M50,AA3041,0,48
2026-07-27T04:59:01.784Z,cloudflare_catchup,cloudflare_catchup_20260726081142_11-15-H1-H2-101-102-39-73,60,73,0,14,M172/7,AA7619,0,27
2026-07-27T04:59:01.784Z,cloudflare_catchup,cloudflare_catchup_20260726081142_11-15-H1-H2-101-102-39-73,60,73,0,23,T554,AA2654,0,29
2026-07-27T05:00:02.402Z,cloudflare_catchup,cloudflare_catchup_20260726081142_11-15-H1-H2-101-102-39-73,60,73,0,1,T556,AB6393,0,30
2026-07-27T05:00:02.402Z,cloudflare_catchup,cloudflare_catchup_20260726081142_11-15-H1-H2-101-102-39-73,60,73,0,7,T421,AB6664,0,48
2026-07-27T05:00:02.402Z,cloudflare_catchup,cloudflare_catchup_20260726081142_11-15-H1-H2-101-102-39-73,60,73,0,9,M172/16,AB6136,0,31
2026-07-27T05:00:02.402Z,cloudflare_catchup,cloudflare_catchup_20260726081142_11-15-H1-H2-101-102-39-73,60,73,0,13,M50,AA3041,0,35
2026-07-27T05:00:02.402Z,cloudflare_catchup,cloudflare_catchup_20260726081142_11-15-H1-H2-101-102-39-73,60,73,0,14,M172/7,AA7619,0,47
2026-07-27T05:00:02.402Z,cloudflare_catchup,cloudflare_catchup_20260726081142_11-15-H1-H2-101-102-39-73,60,73,0,24,T555/2,AA2654,0,36
2026-07-27T05:01:01.795Z,cloudflare_catchup,cloudflare_catchup_20260726081142_11-15-H1-H2-101-102-39-73,60,73,0,2,T557,AB6393,0,48
2026-07-27T05:01:01.795Z,cloudflare_catchup,cloudflare_catchup_20260726081142_11-15-H1-H2-101-102-39-73,60,73,0,7,T421,AB6664,0,49
2026-07-27T05:01:01.795Z,cloudflare_catchup,cloudflare_catchup_20260726081142_11-15-H1-H2-101-102-39-73,60,73,0,9,M172/16,AB6136,0,49
2026-07-27T05:01:01.795Z,cloudflare_catchup,cloudflare_catchup_20260726081142_11-15-H1-H2-101-102-39-73,60,73,0,13,M50,AA3041,0,2
2026-07-27T05:01:01.795Z,cloudflare_catchup,cloudflare_catchup_20260726081142_11-15-H1-H2-101-102-39-73,60,73,0,15,T430,AA7619,0,44
2026-07-27T05:01:01.795Z,cloudflare_catchup,cloudflare_catchup_20260726081142_11-15-H1-H2-101-102-39-73,60,73,0,25,T550/4,AA2654,1,0
2026-07-27T05:02:02.491Z,cloudflare_catchup,cloudflare_catchup_20260726081142_11-15-H1-H2-101-102-39-73,60,73,0,3,T558,AB6393,0,27
2026-07-27T05:02:02.491Z,cloudflare_catchup,cloudflare_catchup_20260726081142_11-15-H1-H2-101-102-39-73,60,73,0,8,T431,AB6664,0,46
2026-07-27T05:02:02.491Z,cloudflare_catchup,cloudflare_catchup_20260726081142_11-15-H1-H2-101-102-39-73,60,73,0,9,M172/16,AB6136,0,49
2026-07-27T05:02:02.491Z,cloudflare_catchup,cloudflare_catchup_20260726081142_11-15-H1-H2-101-102-39-73,60,73,0,13,M50,AA3041,0,41
2026-07-27T05:02:02.491Z,cloudflare_catchup,cloudflare_catchup_20260726081142_11-15-H1-H2-101-102-39-73,60,73,0,15,T430,AA7619,0,38
2026-07-27T05:02:02.491Z,cloudflare_catchup,cloudflare_catchup_20260726081142_11-15-H1-H2-101-102-39-73,60,73,0,25,T550/4,AA2654,1,0
2026-07-27T05:03:01.872Z,cloudflare_catchup,cloudflare_catchup_20260726081142_11-15-H1-H2-101-102-39-73,60,73,0,3,T558,AB6393,0,26
2026-07-27T05:03:01.872Z,cloudflare_catchup,cloudflare_catchup_20260726081142_11-15-H1-H2-101-102-39-73,60,73,0,8,T431,AB6664,0,35
2026-07-27T05:03:01.872Z,cloudflare_catchup,cloudflare_catchup_20260726081142_11-15-H1-H2-101-102-39-73,60,73,0,9,M172/16,AB6136,0,43
2026-07-27T05:03:01.872Z,cloudflare_catchup,cloudflare_catchup_20260726081142_11-15-H1-H2-101-102-39-73,60,73,0,14,M172/7,AA3041,1,9
2026-07-27T05:03:01.872Z,cloudflare_catchup,cloudflare_catchup_20260726081142_11-15-H1-H2-101-102-39-73,60,73,0,16,T328,AA7619,0,48
2026-07-27T05:03:01.872Z,cloudflare_catchup,cloudflare_catchup_20260726081142_11-15-H1-H2-101-102-39-73,60,73,0,25,T550/4,AA2654,1,0
2026-07-27T05:04:02.659Z,cloudflare_catchup,cloudflare_catchup_20260726081142_11-15-H1-H2-101-102-39-73,60,73,0,4,T551/1,AB6393,0,45
2026-07-27T05:04:02.659Z,cloudflare_catchup,cloudflare_catchup_20260726081142_11-15-H1-H2-101-102-39-73,60,73,0,8,T431,AB6664,0,46
2026-07-27T05:04:02.659Z,cloudflare_catchup,cloudflare_catchup_20260726081142_11-15-H1-H2-101-102-39-73,60,73,0,9,M172/16,AB6136,0,1
2026-07-27T05:04:02.659Z,cloudflare_catchup,cloudflare_catchup_20260726081142_11-15-H1-H2-101-102-39-73,60,73,0,14,M172/7,AA3041,0,39
2026-07-27T05:04:02.659Z,cloudflare_catchup,cloudflare_catchup_20260726081142_11-15-H1-H2-101-102-39-73,60,73,0,16,T328,AA7619,0,35
2026-07-27T05:04:02.659Z,cloudflare_catchup,cloudflare_catchup_20260726081142_11-15-H1-H2-101-102-39-73,60,73,0,25,T550/4,AA2654,1,0
2026-07-27T05:05:03.618Z,cloudflare_catchup,cloudflare_catchup_20260726081142_11-15-H1-H2-101-102-39-73,60,73,0,4,T551/1,AB6393,0,50
2026-07-27T05:05:03.618Z,cloudflare_catchup,cloudflare_catchup_20260726081142_11-15-H1-H2-101-102-39-73,60,73,0,8,T431,AB6664,0,41
2026-07-27T05:05:03.618Z,cloudflare_catchup,cloudflare_catchup_20260726081142_11-15-H1-H2-101-102-39-73,60,73,0,9,M172/16,AB6136,0,8
2026-07-27T05:05:03.618Z,cloudflare_catchup,cloudflare_catchup_20260726081142_11-15-H1-H2-101-102-39-73,60,73,0,14,M172/7,AA3041,0,44
2026-07-27T05:05:03.618Z,cloudflare_catchup,cloudflare_catchup_20260726081142_11-15-H1-H2-101-102-39-73,60,73,0,17,T420,AA7619,1,14
2026-07-27T05:05:03.618Z,cloudflare_catchup,cloudflare_catchup_20260726081142_11-15-H1-H2-101-102-39-73,60,73,0,25,T550/4,AA2654,1,0
2026-07-27T05:06:02.470Z,cloudflare_catchup,cloudflare_catchup_20260726081142_11-15-H1-H2-101-102-39-73,60,73,0,4,T551/1,AB6393,0,50
2026-07-27T05:06:02.470Z,cloudflare_catchup,cloudflare_catchup_20260726081142_11-15-H1-H2-101-102-39-73,60,73,0,8,T431,AB6664,0,41
2026-07-27T05:06:02.470Z,cloudflare_catchup,cloudflare_catchup_20260726081142_11-15-H1-H2-101-102-39-73,60,73,0,9,M172/16,AB6136,0,22
2026-07-27T05:06:02.470Z,cloudflare_catchup,cloudflare_catchup_20260726081142_11-15-H1-H2-101-102-39-73,60,73,0,14,M172/7,AA3041,0,49
2026-07-27T05:06:02.470Z,cloudflare_catchup,cloudflare_catchup_20260726081142_11-15-H1-H2-101-102-39-73,60,73,0,18,T422,AA7619,0,38
2026-07-27T05:07:01.783Z,cloudflare_catchup,cloudflare_catchup_20260726081142_11-15-H1-H2-101-102-39-73,60,73,0,5,T425,AB6393,0,45
2026-07-27T05:07:01.783Z,cloudflare_catchup,cloudflare_catchup_20260726081142_11-15-H1-H2-101-102-39-73,60,73,0,9,M172/16,AB6664,1,39
2026-07-27T05:07:01.783Z,cloudflare_catchup,cloudflare_catchup_20260726081142_11-15-H1-H2-101-102-39-73,60,73,0,10,M247,AB6136,1,36
2026-07-27T05:07:01.783Z,cloudflare_catchup,cloudflare_catchup_20260726081142_11-15-H1-H2-101-102-39-73,60,73,0,14,M172/7,AA3041,0,48
2026-07-27T05:07:01.783Z,cloudflare_catchup,cloudflare_catchup_20260726081142_11-15-H1-H2-101-102-39-73,60,73,0,18,T422,AA7619,0,34
2026-07-27T05:08:02.594Z,cloudflare_catchup,cloudflare_catchup_20260726081142_11-15-H1-H2-101-102-39-73,60,73,0,6,T423,AB6393,0,42
2026-07-27T05:08:02.594Z,cloudflare_catchup,cloudflare_catchup_20260726081142_11-15-H1-H2-101-102-39-73,60,73,0,11,M231,AB6136,1,28
2026-07-27T05:08:02.594Z,cloudflare_catchup,cloudflare_catchup_20260726081142_11-15-H1-H2-101-102-39-73,60,73,0,14,M172/7,AA3041,0,39
2026-07-27T05:08:02.594Z,cloudflare_catchup,cloudflare_catchup_20260726081142_11-15-H1-H2-101-102-39-73,60,73,0,14,M172/7,AB6664,0,29
2026-07-27T05:08:02.594Z,cloudflare_catchup,cloudflare_catchup_20260726081142_11-15-H1-H2-101-102-39-73,60,73,0,19,T424,AA7619,0,42
2026-07-27T05:09:01.768Z,cloudflare_catchup,cloudflare_catchup_20260726081142_11-15-H1-H2-101-102-39-73,60,73,0,0,T550/4,AB6171,1,15
2026-07-27T05:09:01.768Z,cloudflare_catchup,cloudflare_catchup_20260726081142_11-15-H1-H2-101-102-39-73,60,73,0,7,T421,AB6393,0,48
2026-07-27T05:09:01.768Z,cloudflare_catchup,cloudflare_catchup_20260726081142_11-15-H1-H2-101-102-39-73,60,73,0,11,M231,AB6136,0,6
2026-07-27T05:09:01.768Z,cloudflare_catchup,cloudflare_catchup_20260726081142_11-15-H1-H2-101-102-39-73,60,73,0,14,M172/7,AB6664,0,46
2026-07-27T05:09:01.768Z,cloudflare_catchup,cloudflare_catchup_20260726081142_11-15-H1-H2-101-102-39-73,60,73,0,15,T430,AA3041,0,43
2026-07-27T05:09:01.768Z,cloudflare_catchup,cloudflare_catchup_20260726081142_11-15-H1-H2-101-102-39-73,60,73,0,19,T424,AA7619,0,48
2026-07-27T05:10:02.502Z,cloudflare_catchup,cloudflare_catchup_20260726081142_11-15-H1-H2-101-102-39-73,60,73,0,0,T550/4,AB6171,0,45
2026-07-27T05:10:02.502Z,cloudflare_catchup,cloudflare_catchup_20260726081142_11-15-H1-H2-101-102-39-73,60,73,0,7,T421,AB6393,0,48
2026-07-27T05:10:02.502Z,cloudflare_catchup,cloudflare_catchup_20260726081142_11-15-H1-H2-101-102-39-73,60,73,0,12,M219,AB6136,0,11
2026-07-27T05:10:02.502Z,cloudflare_catchup,cloudflare_catchup_20260726081142_11-15-H1-H2-101-102-39-73,60,73,0,14,M172/7,AB6664,0,44
2026-07-27T05:10:02.502Z,cloudflare_catchup,cloudflare_catchup_20260726081142_11-15-H1-H2-101-102-39-73,60,73,0,15,T430,AA3041,0,38
2026-07-27T05:10:02.502Z,cloudflare_catchup,cloudflare_catchup_20260726081142_11-15-H1-H2-101-102-39-73,60,73,0,19,T424,AA7619,0,48
2026-07-27T05:11:01.737Z,cloudflare_catchup,cloudflare_catchup_20260726081142_11-15-H1-H2-101-102-39-73,60,73,0,1,T556,AB6171,0,43
2026-07-27T05:11:01.737Z,cloudflare_catchup,cloudflare_catchup_20260726081142_11-15-H1-H2-101-102-39-73,60,73,0,7,T421,AB6393,0,48
2026-07-27T05:11:01.737Z,cloudflare_catchup,cloudflare_catchup_20260726081142_11-15-H1-H2-101-102-39-73,60,73,0,12,M219,AB6136,0,3
2026-07-27T05:11:01.737Z,cloudflare_catchup,cloudflare_catchup_20260726081142_11-15-H1-H2-101-102-39-73,60,73,0,14,M172/7,AB6664,0,49
2026-07-27T05:11:01.737Z,cloudflare_catchup,cloudflare_catchup_20260726081142_11-15-H1-H2-101-102-39-73,60,73,0,16,T328,AA3041,1,44
2026-07-27T05:11:01.737Z,cloudflare_catchup,cloudflare_catchup_20260726081142_11-15-H1-H2-101-102-39-73,60,73,0,20,T559,AA7619,1,40
2026-07-27T05:12:02.572Z,cloudflare_catchup,cloudflare_catchup_20260726081142_11-15-H1-H2-101-102-39-73,60,73,0,2,T557,AB6171,1,31
2026-07-27T05:12:02.572Z,cloudflare_catchup,cloudflare_catchup_20260726081142_11-15-H1-H2-101-102-39-73,60,73,0,8,T431,AB6393,0,44
2026-07-27T05:12:02.572Z,cloudflare_catchup,cloudflare_catchup_20260726081142_11-15-H1-H2-101-102-39-73,60,73,0,12,M219,AB6136,0,10
2026-07-27T05:12:02.572Z,cloudflare_catchup,cloudflare_catchup_20260726081142_11-15-H1-H2-101-102-39-73,60,73,0,14,M172/7,AB6664,0,48
2026-07-27T05:12:02.572Z,cloudflare_catchup,cloudflare_catchup_20260726081142_11-15-H1-H2-101-102-39-73,60,73,0,16,T328,AA3041,0,26
2026-07-27T05:12:02.572Z,cloudflare_catchup,cloudflare_catchup_20260726081142_11-15-H1-H2-101-102-39-73,60,73,0,21,T552,AA7619,1,12
2026-07-27T05:13:02.299Z,cloudflare_catchup,cloudflare_catchup_20260726081142_11-15-H1-H2-101-102-39-73,60,73,0,3,T558,AB6171,1,21
2026-07-27T05:13:02.299Z,cloudflare_catchup,cloudflare_catchup_20260726081142_11-15-H1-H2-101-102-39-73,60,73,0,8,T431,AB6393,0,47
2026-07-27T05:13:02.299Z,cloudflare_catchup,cloudflare_catchup_20260726081142_11-15-H1-H2-101-102-39-73,60,73,0,13,M50,AB6136,1,31
2026-07-27T05:13:02.299Z,cloudflare_catchup,cloudflare_catchup_20260726081142_11-15-H1-H2-101-102-39-73,60,73,0,14,M172/7,AB6664,0,5
2026-07-27T05:13:02.299Z,cloudflare_catchup,cloudflare_catchup_20260726081142_11-15-H1-H2-101-102-39-73,60,73,0,17,T420,AA3041,1,1
2026-07-27T05:13:02.299Z,cloudflare_catchup,cloudflare_catchup_20260726081142_11-15-H1-H2-101-102-39-73,60,73,0,23,T554,AA7619,1,25
2026-07-27T05:14:02.585Z,cloudflare_catchup,cloudflare_catchup_20260726081142_11-15-H1-H2-101-102-39-73,60,73,0,3,T558,AB6171,0,47
2026-07-27T05:14:02.585Z,cloudflare_catchup,cloudflare_catchup_20260726081142_11-15-H1-H2-101-102-39-73,60,73,0,8,T431,AB6393,0,48
2026-07-27T05:14:02.585Z,cloudflare_catchup,cloudflare_catchup_20260726081142_11-15-H1-H2-101-102-39-73,60,73,0,13,M50,AB6136,0,31
2026-07-27T05:14:02.585Z,cloudflare_catchup,cloudflare_catchup_20260726081142_11-15-H1-H2-101-102-39-73,60,73,0,14,M172/7,AB6664,0,29
2026-07-27T05:14:02.585Z,cloudflare_catchup,cloudflare_catchup_20260726081142_11-15-H1-H2-101-102-39-73,60,73,0,18,T422,AA3041,0,36
2026-07-27T05:14:02.585Z,cloudflare_catchup,cloudflare_catchup_20260726081142_11-15-H1-H2-101-102-39-73,60,73,0,23,T554,AA7619,0,44
2026-07-27T05:15:03.495Z,cloudflare_catchup,cloudflare_catchup_20260726081142_11-15-H1-H2-101-102-39-73,60,73,0,4,T551/1,AB6171,0,17
2026-07-27T05:15:03.495Z,cloudflare_catchup,cloudflare_catchup_20260726081142_11-15-H1-H2-101-102-39-73,60,73,0,8,T431,AB6393,0,44
2026-07-27T05:15:03.495Z,cloudflare_catchup,cloudflare_catchup_20260726081142_11-15-H1-H2-101-102-39-73,60,73,0,13,M50,AB6136,0,43
2026-07-27T05:15:03.495Z,cloudflare_catchup,cloudflare_catchup_20260726081142_11-15-H1-H2-101-102-39-73,60,73,0,14,M172/7,AB6664,0,27
2026-07-27T05:15:03.495Z,cloudflare_catchup,cloudflare_catchup_20260726081142_11-15-H1-H2-101-102-39-73,60,73,0,19,T424,AA3041,0,15
2026-07-27T05:15:03.495Z,cloudflare_catchup,cloudflare_catchup_20260726081142_11-15-H1-H2-101-102-39-73,60,73,0,24,T555/2,AA7619,0,31
2026-07-27T05:16:02.411Z,cloudflare_catchup,cloudflare_catchup_20260726081142_11-15-H1-H2-101-102-39-73,60,73,0,4,T551/1,AB6171,0,45
2026-07-27T05:16:02.411Z,cloudflare_catchup,cloudflare_catchup_20260726081142_11-15-H1-H2-101-102-39-73,60,73,0,8,T431,AB6393,0,41
2026-07-27T05:16:02.411Z,cloudflare_catchup,cloudflare_catchup_20260726081142_11-15-H1-H2-101-102-39-73,60,73,0,13,M50,AB6136,0,38
2026-07-27T05:16:02.411Z,cloudflare_catchup,cloudflare_catchup_20260726081142_11-15-H1-H2-101-102-39-73,60,73,0,14,M172/7,AB6664,0,41
2026-07-27T05:16:02.411Z,cloudflare_catchup,cloudflare_catchup_20260726081142_11-15-H1-H2-101-102-39-73,60,73,0,19,T424,AA3041,0,49
2026-07-27T05:16:02.411Z,cloudflare_catchup,cloudflare_catchup_20260726081142_11-15-H1-H2-101-102-39-73,60,73,0,25,T550/4,AA7619,1,0
2026-07-27T05:17:01.948Z,cloudflare_catchup,cloudflare_catchup_20260726081142_11-15-H1-H2-101-102-39-73,60,73,0,4,T551/1,AB6171,0,45
2026-07-27T05:17:01.948Z,cloudflare_catchup,cloudflare_catchup_20260726081142_11-15-H1-H2-101-102-39-73,60,73,0,9,M172/16,AB6393,1,5
2026-07-27T05:17:01.948Z,cloudflare_catchup,cloudflare_catchup_20260726081142_11-15-H1-H2-101-102-39-73,60,73,0,13,M50,AB6136,0,48
2026-07-27T05:17:01.948Z,cloudflare_catchup,cloudflare_catchup_20260726081142_11-15-H1-H2-101-102-39-73,60,73,0,14,M172/7,AB6664,0,31
2026-07-27T05:17:01.948Z,cloudflare_catchup,cloudflare_catchup_20260726081142_11-15-H1-H2-101-102-39-73,60,73,0,19,T424,AA3041,0,49
2026-07-27T05:17:01.948Z,cloudflare_catchup,cloudflare_catchup_20260726081142_11-15-H1-H2-101-102-39-73,60,73,0,25,T550/4,AA7619,1,0
2026-07-27T05:18:02.399Z,cloudflare_catchup,cloudflare_catchup_20260726081142_11-15-H1-H2-101-102-39-73,60,73,0,5,T425,AB6171,1,40
2026-07-27T05:18:02.399Z,cloudflare_catchup,cloudflare_catchup_20260726081142_11-15-H1-H2-101-102-39-73,60,73,0,9,M172/16,AB6393,0,17
2026-07-27T05:18:02.399Z,cloudflare_catchup,cloudflare_catchup_20260726081142_11-15-H1-H2-101-102-39-73,60,73,0,13,M50,AB6136,0,25
2026-07-27T05:18:02.399Z,cloudflare_catchup,cloudflare_catchup_20260726081142_11-15-H1-H2-101-102-39-73,60,73,0,14,M172/7,AB6664,0,31
2026-07-27T05:18:02.399Z,cloudflare_catchup,cloudflare_catchup_20260726081142_11-15-H1-H2-101-102-39-73,60,73,0,20,T559,AA3041,1,34
2026-07-27T05:18:02.399Z,cloudflare_catchup,cloudflare_catchup_20260726081142_11-15-H1-H2-101-102-39-73,60,73,0,25,T550/4,AA7619,1,0
2026-07-27T05:19:01.956Z,cloudflare_catchup,cloudflare_catchup_20260726081142_11-15-H1-H2-101-102-39-73,60,73,0,6,T423,AB6171,1,46
2026-07-27T05:19:01.956Z,cloudflare_catchup,cloudflare_catchup_20260726081142_11-15-H1-H2-101-102-39-73,60,73,0,9,M172/16,AB6393,0,47
2026-07-27T05:19:01.956Z,cloudflare_catchup,cloudflare_catchup_20260726081142_11-15-H1-H2-101-102-39-73,60,73,0,13,M50,AB6136,0,22
2026-07-27T05:19:01.956Z,cloudflare_catchup,cloudflare_catchup_20260726081142_11-15-H1-H2-101-102-39-73,60,73,0,14,M172/7,AB6664,0,39
2026-07-27T05:19:01.956Z,cloudflare_catchup,cloudflare_catchup_20260726081142_11-15-H1-H2-101-102-39-73,60,73,0,20,T559,AA3041,0,41
2026-07-27T05:19:01.956Z,cloudflare_catchup,cloudflare_catchup_20260726081142_11-15-H1-H2-101-102-39-73,60,73,0,25,T550/4,AA7619,1,0
2026-07-27T05:20:02.726Z,cloudflare_catchup,cloudflare_catchup_20260726081142_11-15-H1-H2-101-102-39-73,60,73,0,7,T421,AB6171,1,25
2026-07-27T05:20:02.726Z,cloudflare_catchup,cloudflare_catchup_20260726081142_11-15-H1-H2-101-102-39-73,60,73,0,9,M172/16,AB6393,0,47
2026-07-27T05:20:02.726Z,cloudflare_catchup,cloudflare_catchup_20260726081142_11-15-H1-H2-101-102-39-73,60,73,0,13,M50,AB6136,0,35
2026-07-27T05:20:02.726Z,cloudflare_catchup,cloudflare_catchup_20260726081142_11-15-H1-H2-101-102-39-73,60,73,0,14,M172/7,AB6664,0,28
2026-07-27T05:20:02.726Z,cloudflare_catchup,cloudflare_catchup_20260726081142_11-15-H1-H2-101-102-39-73,60,73,0,21,T552,AA3041,0,4
2026-07-27T05:20:02.726Z,cloudflare_catchup,cloudflare_catchup_20260726081142_11-15-H1-H2-101-102-39-73,60,73,0,25,T550/4,AA7619,1,0
2026-07-27T05:21:01.802Z,cloudflare_catchup,cloudflare_catchup_20260726081142_11-15-H1-H2-101-102-39-73,60,73,0,7,T421,AB6171,0,38
2026-07-27T05:21:01.802Z,cloudflare_catchup,cloudflare_catchup_20260726081142_11-15-H1-H2-101-102-39-73,60,73,0,9,M172/16,AB6393,0,49
2026-07-27T05:21:01.802Z,cloudflare_catchup,cloudflare_catchup_20260726081142_11-15-H1-H2-101-102-39-73,60,73,0,14,M172/7,AB6664,0,1
2026-07-27T05:21:01.802Z,cloudflare_catchup,cloudflare_catchup_20260726081142_11-15-H1-H2-101-102-39-73,60,73,0,14,M172/7,AB6136,1,10
2026-07-27T05:21:01.802Z,cloudflare_catchup,cloudflare_catchup_20260726081142_11-15-H1-H2-101-102-39-73,60,73,0,23,T554,AA3041,1,22
2026-07-27T05:22:02.490Z,cloudflare_catchup,cloudflare_catchup_20260726081142_11-15-H1-H2-101-102-39-73,60,73,0,7,T421,AB6171,0,50
2026-07-27T05:22:02.490Z,cloudflare_catchup,cloudflare_catchup_20260726081142_11-15-H1-H2-101-102-39-73,60,73,0,9,M172/16,AB6393,0,6
2026-07-27T05:22:02.490Z,cloudflare_catchup,cloudflare_catchup_20260726081142_11-15-H1-H2-101-102-39-73,60,73,0,14,M172/7,AB6664,0,43
2026-07-27T05:22:02.490Z,cloudflare_catchup,cloudflare_catchup_20260726081142_11-15-H1-H2-101-102-39-73,60,73,0,14,M172/7,AB6136,0,2
2026-07-27T05:22:02.490Z,cloudflare_catchup,cloudflare_catchup_20260726081142_11-15-H1-H2-101-102-39-73,60,73,0,23,T554,AA3041,0,36
2026-07-27T05:23:01.704Z,cloudflare_catchup,cloudflare_catchup_20260726081142_11-15-H1-H2-101-102-39-73,60,73,0,7,T421,AB6171,0,48
2026-07-27T05:23:01.704Z,cloudflare_catchup,cloudflare_catchup_20260726081142_11-15-H1-H2-101-102-39-73,60,73,0,9,M172/16,AB6393,0,24
2026-07-27T05:23:01.704Z,cloudflare_catchup,cloudflare_catchup_20260726081142_11-15-H1-H2-101-102-39-73,60,73,0,14,M172/7,AB6664,0,37
2026-07-27T05:23:01.704Z,cloudflare_catchup,cloudflare_catchup_20260726081142_11-15-H1-H2-101-102-39-73,60,73,0,14,M172/7,AB6136,0,44
2026-07-27T05:23:01.704Z,cloudflare_catchup,cloudflare_catchup_20260726081142_11-15-H1-H2-101-102-39-73,60,73,0,24,T555/2,AA3041,0,14
2026-07-27T05:24:02.210Z,cloudflare_catchup,cloudflare_catchup_20260726081142_11-15-H1-H2-101-102-39-73,60,73,0,8,T431,AB6171,1,28
2026-07-27T05:24:02.210Z,cloudflare_catchup,cloudflare_catchup_20260726081142_11-15-H1-H2-101-102-39-73,60,73,0,9,M172/16,AB6393,0,18
2026-07-27T05:24:02.210Z,cloudflare_catchup,cloudflare_catchup_20260726081142_11-15-H1-H2-101-102-39-73,60,73,0,14,M172/7,AB6664,0,48
2026-07-27T05:24:02.210Z,cloudflare_catchup,cloudflare_catchup_20260726081142_11-15-H1-H2-101-102-39-73,60,73,0,14,M172/7,AB6136,0,49
2026-07-27T05:24:02.210Z,cloudflare_catchup,cloudflare_catchup_20260726081142_11-15-H1-H2-101-102-39-73,60,73,0,25,T550/4,AA3041,1,0
2026-07-27T05:25:02.928Z,cloudflare_catchup,cloudflare_catchup_20260726081142_11-15-H1-H2-101-102-39-73,60,73,0,8,T431,AB6171,0,48
2026-07-27T05:25:02.928Z,cloudflare_catchup,cloudflare_catchup_20260726081142_11-15-H1-H2-101-102-39-73,60,73,0,9,M172/16,AB6393,0,31
2026-07-27T05:25:02.928Z,cloudflare_catchup,cloudflare_catchup_20260726081142_11-15-H1-H2-101-102-39-73,60,73,0,14,M172/7,AB6664,0,33
2026-07-27T05:25:02.928Z,cloudflare_catchup,cloudflare_catchup_20260726081142_11-15-H1-H2-101-102-39-73,60,73,0,14,M172/7,AB6136,0,48
2026-07-27T05:25:02.928Z,cloudflare_catchup,cloudflare_catchup_20260726081142_11-15-H1-H2-101-102-39-73,60,73,0,25,T550/4,AA3041,1,0
2026-07-27T05:26:02.711Z,cloudflare_catchup,cloudflare_catchup_20260726081142_11-15-H1-H2-101-102-39-73,60,73,0,0,T550/4,AA7619,1,22
2026-07-27T05:26:02.711Z,cloudflare_catchup,cloudflare_catchup_20260726081142_11-15-H1-H2-101-102-39-73,60,73,0,8,T431,AB6171,0,47
2026-07-27T05:26:02.711Z,cloudflare_catchup,cloudflare_catchup_20260726081142_11-15-H1-H2-101-102-39-73,60,73,0,10,M247,AB6393,0,17
2026-07-27T05:26:02.711Z,cloudflare_catchup,cloudflare_catchup_20260726081142_11-15-H1-H2-101-102-39-73,60,73,0,14,M172/7,AB6664,0,26
2026-07-27T05:26:02.711Z,cloudflare_catchup,cloudflare_catchup_20260726081142_11-15-H1-H2-101-102-39-73,60,73,0,14,M172/7,AB6136,0,22
2026-07-27T05:26:02.711Z,cloudflare_catchup,cloudflare_catchup_20260726081142_11-15-H1-H2-101-102-39-73,60,73,0,25,T550/4,AA3041,1,0
2026-07-27T05:27:01.693Z,cloudflare_catchup,cloudflare_catchup_20260726081142_11-15-H1-H2-101-102-39-73,60,73,0,1,T556,AA7619,1,33
2026-07-27T05:27:01.693Z,cloudflare_catchup,cloudflare_catchup_20260726081142_11-15-H1-H2-101-102-39-73,60,73,0,8,T431,AB6171,0,44
2026-07-27T05:27:01.693Z,cloudflare_catchup,cloudflare_catchup_20260726081142_11-15-H1-H2-101-102-39-73,60,73,0,10,M247,AB6393,0,3
2026-07-27T05:27:01.693Z,cloudflare_catchup,cloudflare_catchup_20260726081142_11-15-H1-H2-101-102-39-73,60,73,0,14,M172/7,AB6664,0,32
2026-07-27T05:27:01.693Z,cloudflare_catchup,cloudflare_catchup_20260726081142_11-15-H1-H2-101-102-39-73,60,73,0,14,M172/7,AB6136,0,50
2026-07-27T05:27:01.693Z,cloudflare_catchup,cloudflare_catchup_20260726081142_11-15-H1-H2-101-102-39-73,60,73,0,25,T550/4,AA3041,1,0
2026-07-27T05:28:02.364Z,cloudflare_catchup,cloudflare_catchup_20260726081142_11-15-H1-H2-101-102-39-73,60,73,0,1,T556,AA7619,0,33
2026-07-27T05:28:02.364Z,cloudflare_catchup,cloudflare_catchup_20260726081142_11-15-H1-H2-101-102-39-73,60,73,0,8,T431,AB6171,0,48
2026-07-27T05:28:02.364Z,cloudflare_catchup,cloudflare_catchup_20260726081142_11-15-H1-H2-101-102-39-73,60,73,0,10,M247,AB6393,0,10
2026-07-27T05:28:02.364Z,cloudflare_catchup,cloudflare_catchup_20260726081142_11-15-H1-H2-101-102-39-73,60,73,0,14,M172/7,AB6664,0,2
2026-07-27T05:28:02.364Z,cloudflare_catchup,cloudflare_catchup_20260726081142_11-15-H1-H2-101-102-39-73,60,73,0,15,T430,AB6136,0,48
2026-07-27T05:28:02.364Z,cloudflare_catchup,cloudflare_catchup_20260726081142_11-15-H1-H2-101-102-39-73,60,73,0,25,T550/4,AA3041,1,0
2026-07-27T05:29:01.958Z,cloudflare_catchup,cloudflare_catchup_20260726081142_11-15-H1-H2-101-102-39-73,60,73,0,2,T557,AA7619,0,25
2026-07-27T05:29:01.958Z,cloudflare_catchup,cloudflare_catchup_20260726081142_11-15-H1-H2-101-102-39-73,60,73,0,9,M172/16,AB6171,1,33
2026-07-27T05:29:01.958Z,cloudflare_catchup,cloudflare_catchup_20260726081142_11-15-H1-H2-101-102-39-73,60,73,0,12,M219,AB6393,1,7
2026-07-27T05:29:01.958Z,cloudflare_catchup,cloudflare_catchup_20260726081142_11-15-H1-H2-101-102-39-73,60,73,0,14,M172/7,AB6664,0,13
2026-07-27T05:29:01.958Z,cloudflare_catchup,cloudflare_catchup_20260726081142_11-15-H1-H2-101-102-39-73,60,73,0,16,T328,AB6136,1,44
2026-07-27T05:30:03.633Z,cloudflare_catchup,cloudflare_catchup_20260726081142_11-15-H1-H2-101-102-39-73,60,73,0,3,T558,AA7619,0,49
2026-07-27T05:30:03.633Z,cloudflare_catchup,cloudflare_catchup_20260726081142_11-15-H1-H2-101-102-39-73,60,73,0,9,M172/16,AB6171,0,48
2026-07-27T05:30:03.633Z,cloudflare_catchup,cloudflare_catchup_20260726081142_11-15-H1-H2-101-102-39-73,60,73,0,12,M219,AB6393,0,24
2026-07-27T05:30:03.633Z,cloudflare_catchup,cloudflare_catchup_20260726081142_11-15-H1-H2-101-102-39-73,60,73,0,14,M172/7,AB6664,0,48
2026-07-27T05:30:03.633Z,cloudflare_catchup,cloudflare_catchup_20260726081142_11-15-H1-H2-101-102-39-73,60,73,0,16,T328,AB6136,0,48
2026-07-27T05:31:01.835Z,cloudflare_catchup,cloudflare_catchup_20260726081142_11-15-H1-H2-101-102-39-73,60,73,0,4,T551/1,AA7619,1,39
2026-07-27T05:31:01.835Z,cloudflare_catchup,cloudflare_catchup_20260726081142_11-15-H1-H2-101-102-39-73,60,73,0,9,M172/16,AB6171,0,47
2026-07-27T05:31:01.835Z,cloudflare_catchup,cloudflare_catchup_20260726081142_11-15-H1-H2-101-102-39-73,60,73,0,12,M219,AB6393,0,20
2026-07-27T05:31:01.835Z,cloudflare_catchup,cloudflare_catchup_20260726081142_11-15-H1-H2-101-102-39-73,60,73,0,14,M172/7,AB6664,0,47
2026-07-27T05:31:01.835Z,cloudflare_catchup,cloudflare_catchup_20260726081142_11-15-H1-H2-101-102-39-73,60,73,0,16,T328,AB6136,0,42
2026-07-27T05:32:02.538Z,cloudflare_catchup,cloudflare_catchup_20260726081142_11-15-H1-H2-101-102-39-73,60,73,0,4,T551/1,AA7619,0,48
2026-07-27T05:32:02.538Z,cloudflare_catchup,cloudflare_catchup_20260726081142_11-15-H1-H2-101-102-39-73,60,73,0,9,M172/16,AB6171,0,47
2026-07-27T05:32:02.538Z,cloudflare_catchup,cloudflare_catchup_20260726081142_11-15-H1-H2-101-102-39-73,60,73,0,13,M50,AB6393,1,2
2026-07-27T05:32:02.538Z,cloudflare_catchup,cloudflare_catchup_20260726081142_11-15-H1-H2-101-102-39-73,60,73,0,14,M172/7,AB6664,0,47
2026-07-27T05:32:02.538Z,cloudflare_catchup,cloudflare_catchup_20260726081142_11-15-H1-H2-101-102-39-73,60,73,0,16,T328,AB6136,0,42
2026-07-27T05:33:01.880Z,cloudflare_catchup,cloudflare_catchup_20260726081142_11-15-H1-H2-101-102-39-73,60,73,0,4,T551/1,AA7619,0,45
2026-07-27T05:33:01.880Z,cloudflare_catchup,cloudflare_catchup_20260726081142_11-15-H1-H2-101-102-39-73,60,73,0,9,M172/16,AB6171,0,44
2026-07-27T05:33:01.880Z,cloudflare_catchup,cloudflare_catchup_20260726081142_11-15-H1-H2-101-102-39-73,60,73,0,13,M50,AB6393,0,46
2026-07-27T05:33:01.880Z,cloudflare_catchup,cloudflare_catchup_20260726081142_11-15-H1-H2-101-102-39-73,60,73,0,14,M172/7,AB6664,0,35
2026-07-27T05:33:01.880Z,cloudflare_catchup,cloudflare_catchup_20260726081142_11-15-H1-H2-101-102-39-73,60,73,0,16,T328,AB6136,0,42
2026-07-27T05:34:02.398Z,cloudflare_catchup,cloudflare_catchup_20260726081142_11-15-H1-H2-101-102-39-73,60,73,0,4,T551/1,AA7619,0,45
2026-07-27T05:34:02.398Z,cloudflare_catchup,cloudflare_catchup_20260726081142_11-15-H1-H2-101-102-39-73,60,73,0,9,M172/16,AB6171,0,38
2026-07-27T05:34:02.398Z,cloudflare_catchup,cloudflare_catchup_20260726081142_11-15-H1-H2-101-102-39-73,60,73,0,13,M50,AB6393,0,49
2026-07-27T05:34:02.398Z,cloudflare_catchup,cloudflare_catchup_20260726081142_11-15-H1-H2-101-102-39-73,60,73,0,14,M172/7,AB6664,0,46
2026-07-27T05:34:02.398Z,cloudflare_catchup,cloudflare_catchup_20260726081142_11-15-H1-H2-101-102-39-73,60,73,0,16,T328,AB6136,0,42
2026-07-27T05:35:03.125Z,cloudflare_catchup,cloudflare_catchup_20260726081142_11-15-H1-H2-101-102-39-73,60,73,0,6,T423,AA7619,1,45
2026-07-27T05:35:03.125Z,cloudflare_catchup,cloudflare_catchup_20260726081142_11-15-H1-H2-101-102-39-73,60,73,0,9,M172/16,AB6171,0,20
2026-07-27T05:35:03.125Z,cloudflare_catchup,cloudflare_catchup_20260726081142_11-15-H1-H2-101-102-39-73,60,73,0,13,M50,AB6393,0,33
2026-07-27T05:35:03.125Z,cloudflare_catchup,cloudflare_catchup_20260726081142_11-15-H1-H2-101-102-39-73,60,73,0,15,T430,AB6664,0,41
2026-07-27T05:35:03.125Z,cloudflare_catchup,cloudflare_catchup_20260726081142_11-15-H1-H2-101-102-39-73,60,73,0,16,T328,AB6136,0,44
2026-07-27T05:36:02.621Z,cloudflare_catchup,cloudflare_catchup_20260726081142_11-15-H1-H2-101-102-39-73,60,73,0,7,T421,AA7619,1,36
2026-07-27T05:36:02.621Z,cloudflare_catchup,cloudflare_catchup_20260726081142_11-15-H1-H2-101-102-39-73,60,73,0,9,M172/16,AB6171,0,20
2026-07-27T05:36:02.621Z,cloudflare_catchup,cloudflare_catchup_20260726081142_11-15-H1-H2-101-102-39-73,60,73,0,13,M50,AB6393,0,21
2026-07-27T05:36:02.621Z,cloudflare_catchup,cloudflare_catchup_20260726081142_11-15-H1-H2-101-102-39-73,60,73,0,16,T328,AB6664,1,44
2026-07-27T05:36:02.621Z,cloudflare_catchup,cloudflare_catchup_20260726081142_11-15-H1-H2-101-102-39-73,60,73,0,19,T424,AB6136,0,39
2026-07-27T05:37:01.775Z,cloudflare_catchup,cloudflare_catchup_20260726081142_11-15-H1-H2-101-102-39-73,60,73,0,7,T421,AA7619,0,45
2026-07-27T05:37:01.775Z,cloudflare_catchup,cloudflare_catchup_20260726081142_11-15-H1-H2-101-102-39-73,60,73,0,9,M172/16,AB6171,0,45
2026-07-27T05:37:01.775Z,cloudflare_catchup,cloudflare_catchup_20260726081142_11-15-H1-H2-101-102-39-73,60,73,0,13,M50,AB6393,0,26
2026-07-27T05:37:01.775Z,cloudflare_catchup,cloudflare_catchup_20260726081142_11-15-H1-H2-101-102-39-73,60,73,0,16,T328,AB6664,0,49
2026-07-27T05:37:01.775Z,cloudflare_catchup,cloudflare_catchup_20260726081142_11-15-H1-H2-101-102-39-73,60,73,0,20,T559,AB6136,1,33
2026-07-27T05:38:02.552Z,cloudflare_catchup,cloudflare_catchup_20260726081142_11-15-H1-H2-101-102-39-73,60,73,0,7,T421,AA7619,0,48
2026-07-27T05:38:02.552Z,cloudflare_catchup,cloudflare_catchup_20260726081142_11-15-H1-H2-101-102-39-73,60,73,0,10,M247,AB6171,1,40
2026-07-27T05:38:02.552Z,cloudflare_catchup,cloudflare_catchup_20260726081142_11-15-H1-H2-101-102-39-73,60,73,0,13,M50,AB6393,0,10
2026-07-27T05:38:02.552Z,cloudflare_catchup,cloudflare_catchup_20260726081142_11-15-H1-H2-101-102-39-73,60,73,0,17,T420,AB6664,1,26
2026-07-27T05:38:02.552Z,cloudflare_catchup,cloudflare_catchup_20260726081142_11-15-H1-H2-101-102-39-73,60,73,0,21,T552,AB6136,1,32
2026-07-27T05:39:01.749Z,cloudflare_catchup,cloudflare_catchup_20260726081142_11-15-H1-H2-101-102-39-73,60,73,0,7,T421,AA7619,0,44
2026-07-27T05:39:01.749Z,cloudflare_catchup,cloudflare_catchup_20260726081142_11-15-H1-H2-101-102-39-73,60,73,0,11,M231,AB6171,1,19
2026-07-27T05:39:01.749Z,cloudflare_catchup,cloudflare_catchup_20260726081142_11-15-H1-H2-101-102-39-73,60,73,0,14,M172/7,AB6393,0,12
2026-07-27T05:39:01.749Z,cloudflare_catchup,cloudflare_catchup_20260726081142_11-15-H1-H2-101-102-39-73,60,73,0,18,T422,AB6664,1,34
2026-07-27T05:39:01.749Z,cloudflare_catchup,cloudflare_catchup_20260726081142_11-15-H1-H2-101-102-39-73,60,73,0,22,T553,AB6136,0,40
2026-07-27T05:40:02.648Z,cloudflare_catchup,cloudflare_catchup_20260726081142_11-15-H1-H2-101-102-39-73,60,73,0,8,T431,AA7619,0,10
2026-07-27T05:40:02.648Z,cloudflare_catchup,cloudflare_catchup_20260726081142_11-15-H1-H2-101-102-39-73,60,73,0,11,M231,AB6171,0,5
2026-07-27T05:40:02.648Z,cloudflare_catchup,cloudflare_catchup_20260726081142_11-15-H1-H2-101-102-39-73,60,73,0,14,M172/7,AB6393,0,42
2026-07-27T05:40:02.648Z,cloudflare_catchup,cloudflare_catchup_20260726081142_11-15-H1-H2-101-102-39-73,60,73,0,18,T422,AB6664,0,31
2026-07-27T05:40:02.648Z,cloudflare_catchup,cloudflare_catchup_20260726081142_11-15-H1-H2-101-102-39-73,60,73,0,23,T554,AB6136,0,43
2026-07-27T05:41:01.753Z,cloudflare_catchup,cloudflare_catchup_20260726081142_11-15-H1-H2-101-102-39-73,60,73,0,8,T431,AA7619,0,24
2026-07-27T05:41:01.753Z,cloudflare_catchup,cloudflare_catchup_20260726081142_11-15-H1-H2-101-102-39-73,60,73,0,12,M219,AB6171,0,38
2026-07-27T05:41:01.753Z,cloudflare_catchup,cloudflare_catchup_20260726081142_11-15-H1-H2-101-102-39-73,60,73,0,14,M172/7,AB6393,0,46
2026-07-27T05:41:01.753Z,cloudflare_catchup,cloudflare_catchup_20260726081142_11-15-H1-H2-101-102-39-73,60,73,0,19,T424,AB6664,0,46
2026-07-27T05:41:01.753Z,cloudflare_catchup,cloudflare_catchup_20260726081142_11-15-H1-H2-101-102-39-73,60,73,0,24,T555/2,AB6136,1,7
2026-07-27T05:42:02.480Z,cloudflare_catchup,cloudflare_catchup_20260726081142_11-15-H1-H2-101-102-39-73,60,73,0,8,T431,AA7619,0,45
2026-07-27T05:42:02.480Z,cloudflare_catchup,cloudflare_catchup_20260726081142_11-15-H1-H2-101-102-39-73,60,73,0,12,M219,AB6171,0,21
2026-07-27T05:42:02.480Z,cloudflare_catchup,cloudflare_catchup_20260726081142_11-15-H1-H2-101-102-39-73,60,73,0,14,M172/7,AB6393,0,48
2026-07-27T05:42:02.480Z,cloudflare_catchup,cloudflare_catchup_20260726081142_11-15-H1-H2-101-102-39-73,60,73,0,19,T424,AB6664,0,49
2026-07-27T05:42:02.480Z,cloudflare_catchup,cloudflare_catchup_20260726081142_11-15-H1-H2-101-102-39-73,60,73,0,24,T555/2,AB6136,0,32
2026-07-27T05:43:01.804Z,cloudflare_catchup,cloudflare_catchup_20260726081142_11-15-H1-H2-101-102-39-73,60,73,0,8,T431,AA7619,0,44
2026-07-27T05:43:01.804Z,cloudflare_catchup,cloudflare_catchup_20260726081142_11-15-H1-H2-101-102-39-73,60,73,0,12,M219,AB6171,0,11
2026-07-27T05:43:01.804Z,cloudflare_catchup,cloudflare_catchup_20260726081142_11-15-H1-H2-101-102-39-73,60,73,0,14,M172/7,AB6393,0,48
2026-07-27T05:43:01.804Z,cloudflare_catchup,cloudflare_catchup_20260726081142_11-15-H1-H2-101-102-39-73,60,73,0,19,T424,AB6664,0,43
2026-07-27T05:43:01.804Z,cloudflare_catchup,cloudflare_catchup_20260726081142_11-15-H1-H2-101-102-39-73,60,73,0,25,T550/4,AB6136,1,0
2026-07-27T05:44:03.116Z,cloudflare_catchup,cloudflare_catchup_20260726081142_11-15-H1-H2-101-102-39-73,60,73,0,8,T431,AA7619,0,44
2026-07-27T05:44:03.116Z,cloudflare_catchup,cloudflare_catchup_20260726081142_11-15-H1-H2-101-102-39-73,60,73,0,13,M50,AB6171,1,14
2026-07-27T05:44:03.116Z,cloudflare_catchup,cloudflare_catchup_20260726081142_11-15-H1-H2-101-102-39-73,60,73,0,14,M172/7,AB6393,0,44
2026-07-27T05:44:03.116Z,cloudflare_catchup,cloudflare_catchup_20260726081142_11-15-H1-H2-101-102-39-73,60,73,0,20,T559,AB6664,1,29
2026-07-27T05:44:03.116Z,cloudflare_catchup,cloudflare_catchup_20260726081142_11-15-H1-H2-101-102-39-73,60,73,0,25,T550/4,AB6136,1,0
2026-07-27T05:45:03.783Z,cloudflare_catchup,cloudflare_catchup_20260726081142_11-15-H1-H2-101-102-39-73,60,73,0,9,M172/16,AA7619,1,38
2026-07-27T05:45:03.783Z,cloudflare_catchup,cloudflare_catchup_20260726081142_11-15-H1-H2-101-102-39-73,60,73,0,13,M50,AB6171,1,4
2026-07-27T05:45:03.783Z,cloudflare_catchup,cloudflare_catchup_20260726081142_11-15-H1-H2-101-102-39-73,60,73,0,15,T430,AB6393,0,44
2026-07-27T05:45:03.783Z,cloudflare_catchup,cloudflare_catchup_20260726081142_11-15-H1-H2-101-102-39-73,60,73,0,21,T552,AB6664,1,47
2026-07-27T05:45:03.783Z,cloudflare_catchup,cloudflare_catchup_20260726081142_11-15-H1-H2-101-102-39-73,60,73,0,25,T550/4,AB6136,1,0
2026-07-27T05:46:02.377Z,cloudflare_catchup,cloudflare_catchup_20260726081142_11-15-H1-H2-101-102-39-73,60,73,0,9,M172/16,AA7619,0,22
2026-07-27T05:46:02.377Z,cloudflare_catchup,cloudflare_catchup_20260726081142_11-15-H1-H2-101-102-39-73,60,73,0,13,M50,AB6171,0,47
2026-07-27T05:46:02.377Z,cloudflare_catchup,cloudflare_catchup_20260726081142_11-15-H1-H2-101-102-39-73,60,73,0,16,T328,AB6393,1,43
2026-07-27T05:46:02.377Z,cloudflare_catchup,cloudflare_catchup_20260726081142_11-15-H1-H2-101-102-39-73,60,73,0,22,T553,AB6664,0,34
2026-07-27T05:46:02.377Z,cloudflare_catchup,cloudflare_catchup_20260726081142_11-15-H1-H2-101-102-39-73,60,73,0,25,T550/4,AB6136,1,0
2026-07-27T05:47:01.790Z,cloudflare_catchup,cloudflare_catchup_20260726081142_11-15-H1-H2-101-102-39-73,60,73,0,4,T551/1,AA3041,0,49
2026-07-27T05:47:01.790Z,cloudflare_catchup,cloudflare_catchup_20260726081142_11-15-H1-H2-101-102-39-73,60,73,0,9,M172/16,AA7619,0,49
2026-07-27T05:47:01.790Z,cloudflare_catchup,cloudflare_catchup_20260726081142_11-15-H1-H2-101-102-39-73,60,73,0,13,M50,AB6171,0,49
2026-07-27T05:47:01.790Z,cloudflare_catchup,cloudflare_catchup_20260726081142_11-15-H1-H2-101-102-39-73,60,73,0,16,T328,AB6393,0,36
2026-07-27T05:47:01.790Z,cloudflare_catchup,cloudflare_catchup_20260726081142_11-15-H1-H2-101-102-39-73,60,73,0,23,T554,AB6664,0,23
2026-07-27T05:48:02.484Z,cloudflare_catchup,cloudflare_catchup_20260726081142_11-15-H1-H2-101-102-39-73,60,73,0,4,T551/1,AA3041,0,50
2026-07-27T05:48:02.484Z,cloudflare_catchup,cloudflare_catchup_20260726081142_11-15-H1-H2-101-102-39-73,60,73,0,9,M172/16,AA7619,0,44
2026-07-27T05:48:02.484Z,cloudflare_catchup,cloudflare_catchup_20260726081142_11-15-H1-H2-101-102-39-73,60,73,0,13,M50,AB6171,0,38
2026-07-27T05:48:02.484Z,cloudflare_catchup,cloudflare_catchup_20260726081142_11-15-H1-H2-101-102-39-73,60,73,0,17,T420,AB6393,1,14
2026-07-27T05:48:02.484Z,cloudflare_catchup,cloudflare_catchup_20260726081142_11-15-H1-H2-101-102-39-73,60,73,0,24,T555/2,AB6664,1,5
2026-07-27T05:49:02.002Z,cloudflare_catchup,cloudflare_catchup_20260726081142_11-15-H1-H2-101-102-39-73,60,73,0,4,T551/1,AA3041,0,48
2026-07-27T05:49:02.002Z,cloudflare_catchup,cloudflare_catchup_20260726081142_11-15-H1-H2-101-102-39-73,60,73,0,9,M172/16,AA7619,0,37
2026-07-27T05:49:02.002Z,cloudflare_catchup,cloudflare_catchup_20260726081142_11-15-H1-H2-101-102-39-73,60,73,0,13,M50,AB6171,0,23
2026-07-27T05:49:02.002Z,cloudflare_catchup,cloudflare_catchup_20260726081142_11-15-H1-H2-101-102-39-73,60,73,0,17,T420,AB6393,0,48
2026-07-27T05:49:02.002Z,cloudflare_catchup,cloudflare_catchup_20260726081142_11-15-H1-H2-101-102-39-73,60,73,0,24,T555/2,AB6664,0,43
2026-07-27T05:50:02.655Z,cloudflare_catchup,cloudflare_catchup_20260726081142_11-15-H1-H2-101-102-39-73,60,73,0,5,T425,AA3041,1,10
2026-07-27T05:50:02.655Z,cloudflare_catchup,cloudflare_catchup_20260726081142_11-15-H1-H2-101-102-39-73,60,73,0,9,M172/16,AA7619,0,31
2026-07-27T05:50:02.655Z,cloudflare_catchup,cloudflare_catchup_20260726081142_11-15-H1-H2-101-102-39-73,60,73,0,13,M50,AB6171,0,38
2026-07-27T05:50:02.655Z,cloudflare_catchup,cloudflare_catchup_20260726081142_11-15-H1-H2-101-102-39-73,60,73,0,18,T422,AB6393,0,3
2026-07-27T05:50:02.655Z,cloudflare_catchup,cloudflare_catchup_20260726081142_11-15-H1-H2-101-102-39-73,60,73,0,25,T550/4,AB6664,1,0
2026-07-27T05:51:01.999Z,cloudflare_catchup,cloudflare_catchup_20260726081142_11-15-H1-H2-101-102-39-73,60,73,0,5,T425,AA3041,0,10
2026-07-27T05:51:01.999Z,cloudflare_catchup,cloudflare_catchup_20260726081142_11-15-H1-H2-101-102-39-73,60,73,0,9,M172/16,AA7619,0,9
2026-07-27T05:51:01.999Z,cloudflare_catchup,cloudflare_catchup_20260726081142_11-15-H1-H2-101-102-39-73,60,73,0,13,M50,AB6171,0,31
2026-07-27T05:51:01.999Z,cloudflare_catchup,cloudflare_catchup_20260726081142_11-15-H1-H2-101-102-39-73,60,73,0,18,T422,AB6393,0,34
2026-07-27T05:51:01.999Z,cloudflare_catchup,cloudflare_catchup_20260726081142_11-15-H1-H2-101-102-39-73,60,73,0,25,T550/4,AB6664,1,0
2026-07-27T05:52:02.508Z,cloudflare_catchup,cloudflare_catchup_20260726081142_11-15-H1-H2-101-102-39-73,60,73,0,6,T423,AA3041,1,17
2026-07-27T05:52:02.508Z,cloudflare_catchup,cloudflare_catchup_20260726081142_11-15-H1-H2-101-102-39-73,60,73,0,9,M172/16,AA7619,0,28
2026-07-27T05:52:02.508Z,cloudflare_catchup,cloudflare_catchup_20260726081142_11-15-H1-H2-101-102-39-73,60,73,0,14,M172/7,AB6171,1,9
2026-07-27T05:52:02.508Z,cloudflare_catchup,cloudflare_catchup_20260726081142_11-15-H1-H2-101-102-39-73,60,73,0,19,T424,AB6393,0,42
2026-07-27T05:52:02.508Z,cloudflare_catchup,cloudflare_catchup_20260726081142_11-15-H1-H2-101-102-39-73,60,73,0,25,T550/4,AB6664,1,0
2026-07-27T05:53:01.854Z,cloudflare_catchup,cloudflare_catchup_20260726081142_11-15-H1-H2-101-102-39-73,60,73,0,7,T421,AA3041,1,46
2026-07-27T05:53:01.854Z,cloudflare_catchup,cloudflare_catchup_20260726081142_11-15-H1-H2-101-102-39-73,60,73,0,10,M247,AA7619,1,8
2026-07-27T05:53:01.854Z,cloudflare_catchup,cloudflare_catchup_20260726081142_11-15-H1-H2-101-102-39-73,60,73,0,14,M172/7,AB6171,0,17
2026-07-27T05:53:01.854Z,cloudflare_catchup,cloudflare_catchup_20260726081142_11-15-H1-H2-101-102-39-73,60,73,0,19,T424,AB6393,0,45
2026-07-27T05:53:01.854Z,cloudflare_catchup,cloudflare_catchup_20260726081142_11-15-H1-H2-101-102-39-73,60,73,0,25,T550/4,AB6664,1,0
2026-07-27T05:54:02.361Z,cloudflare_catchup,cloudflare_catchup_20260726081142_11-15-H1-H2-101-102-39-73,60,73,0,0,T550/4,AB6136,1,27
2026-07-27T05:54:02.361Z,cloudflare_catchup,cloudflare_catchup_20260726081142_11-15-H1-H2-101-102-39-73,60,73,0,7,T421,AA3041,0,43
2026-07-27T05:54:02.361Z,cloudflare_catchup,cloudflare_catchup_20260726081142_11-15-H1-H2-101-102-39-73,60,73,0,11,M231,AA7619,1,29
2026-07-27T05:54:02.361Z,cloudflare_catchup,cloudflare_catchup_20260726081142_11-15-H1-H2-101-102-39-73,60,73,0,14,M172/7,AB6171,0,49
2026-07-27T05:54:02.361Z,cloudflare_catchup,cloudflare_catchup_20260726081142_11-15-H1-H2-101-102-39-73,60,73,0,19,T424,AB6393,0,45
2026-07-27T05:54:02.361Z,cloudflare_catchup,cloudflare_catchup_20260726081142_11-15-H1-H2-101-102-39-73,60,73,0,25,T550/4,AB6664,1,0
2026-07-27T05:55:03.022Z,cloudflare_catchup,cloudflare_catchup_20260726081142_11-15-H1-H2-101-102-39-73,60,73,0,0,T550/4,AB6136,1,9
2026-07-27T05:55:03.022Z,cloudflare_catchup,cloudflare_catchup_20260726081142_11-15-H1-H2-101-102-39-73,60,73,0,7,T421,AA3041,0,48
2026-07-27T05:55:03.022Z,cloudflare_catchup,cloudflare_catchup_20260726081142_11-15-H1-H2-101-102-39-73,60,73,0,11,M231,AA7619,0,26
2026-07-27T05:55:03.022Z,cloudflare_catchup,cloudflare_catchup_20260726081142_11-15-H1-H2-101-102-39-73,60,73,0,14,M172/7,AB6171,0,47
2026-07-27T05:55:03.022Z,cloudflare_catchup,cloudflare_catchup_20260726081142_11-15-H1-H2-101-102-39-73,60,73,0,21,T552,AB6393,0,47
2026-07-27T05:56:02.530Z,cloudflare_catchup,cloudflare_catchup_20260726081142_11-15-H1-H2-101-102-39-73,60,73,0,1,T556,AB6136,1,15
2026-07-27T05:56:02.530Z,cloudflare_catchup,cloudflare_catchup_20260726081142_11-15-H1-H2-101-102-39-73,60,73,0,7,T421,AA3041,0,40
2026-07-27T05:56:02.530Z,cloudflare_catchup,cloudflare_catchup_20260726081142_11-15-H1-H2-101-102-39-73,60,73,0,12,M219,AA7619,1,12
2026-07-27T05:56:02.530Z,cloudflare_catchup,cloudflare_catchup_20260726081142_11-15-H1-H2-101-102-39-73,60,73,0,14,M172/7,AB6171,0,48
2026-07-27T05:56:02.530Z,cloudflare_catchup,cloudflare_catchup_20260726081142_11-15-H1-H2-101-102-39-73,60,73,0,21,T552,AB6393,0,41
2026-07-27T05:57:01.816Z,cloudflare_catchup,cloudflare_catchup_20260726081142_11-15-H1-H2-101-102-39-73,60,73,0,1,T556,AB6136,0,34
2026-07-27T05:57:01.816Z,cloudflare_catchup,cloudflare_catchup_20260726081142_11-15-H1-H2-101-102-39-73,60,73,0,8,T431,AA3041,0,4
2026-07-27T05:57:01.816Z,cloudflare_catchup,cloudflare_catchup_20260726081142_11-15-H1-H2-101-102-39-73,60,73,0,12,M219,AA7619,1,18
2026-07-27T05:57:01.816Z,cloudflare_catchup,cloudflare_catchup_20260726081142_11-15-H1-H2-101-102-39-73,60,73,0,14,M172/7,AB6171,0,41
2026-07-27T05:57:01.816Z,cloudflare_catchup,cloudflare_catchup_20260726081142_11-15-H1-H2-101-102-39-73,60,73,0,22,T553,AB6393,0,11
2026-07-27T05:58:02.388Z,cloudflare_catchup,cloudflare_catchup_20260726081142_11-15-H1-H2-101-102-39-73,60,73,0,2,T557,AB6136,0,43
2026-07-27T05:58:02.388Z,cloudflare_catchup,cloudflare_catchup_20260726081142_11-15-H1-H2-101-102-39-73,60,73,0,8,T431,AA3041,0,36
2026-07-27T05:58:02.388Z,cloudflare_catchup,cloudflare_catchup_20260726081142_11-15-H1-H2-101-102-39-73,60,73,0,12,M219,AA7619,1,4
2026-07-27T05:58:02.388Z,cloudflare_catchup,cloudflare_catchup_20260726081142_11-15-H1-H2-101-102-39-73,60,73,0,14,M172/7,AB6171,0,49
2026-07-27T05:58:02.388Z,cloudflare_catchup,cloudflare_catchup_20260726081142_11-15-H1-H2-101-102-39-73,60,73,0,23,T554,AB6393,1,5
2026-07-27T05:59:02.196Z,cloudflare_catchup,cloudflare_catchup_20260726081142_11-15-H1-H2-101-102-39-73,60,73,0,3,T558,AB6136,0,40
2026-07-27T05:59:02.196Z,cloudflare_catchup,cloudflare_catchup_20260726081142_11-15-H1-H2-101-102-39-73,60,73,0,8,T431,AA3041,0,48
2026-07-27T05:59:02.196Z,cloudflare_catchup,cloudflare_catchup_20260726081142_11-15-H1-H2-101-102-39-73,60,73,0,13,M50,AA7619,1,26
2026-07-27T05:59:02.196Z,cloudflare_catchup,cloudflare_catchup_20260726081142_11-15-H1-H2-101-102-39-73,60,73,0,15,T430,AB6171,0,48
2026-07-27T05:59:02.196Z,cloudflare_catchup,cloudflare_catchup_20260726081142_11-15-H1-H2-101-102-39-73,60,73,0,23,T554,AB6393,0,32
2026-07-27T06:00:03.211Z,cloudflare_catchup,cloudflare_catchup_20260726081142_11-15-H1-H2-101-102-39-73,60,73,0,3,T558,AB6136,0,23
2026-07-27T06:00:03.211Z,cloudflare_catchup,cloudflare_catchup_20260726081142_11-15-H1-H2-101-102-39-73,60,73,0,8,T431,AA3041,0,44
2026-07-27T06:00:03.211Z,cloudflare_catchup,cloudflare_catchup_20260726081142_11-15-H1-H2-101-102-39-73,60,73,0,13,M50,AA7619,0,28
2026-07-27T06:00:03.211Z,cloudflare_catchup,cloudflare_catchup_20260726081142_11-15-H1-H2-101-102-39-73,60,73,0,16,T328,AB6171,1,44
2026-07-27T06:00:03.211Z,cloudflare_catchup,cloudflare_catchup_20260726081142_11-15-H1-H2-101-102-39-73,60,73,0,24,T555/2,AB6393,0,16
2026-07-27T06:01:01.830Z,cloudflare_catchup,cloudflare_catchup_20260726081142_11-15-H1-H2-101-102-39-73,60,73,0,4,T551/1,AB6136,0,46
2026-07-27T06:01:01.830Z,cloudflare_catchup,cloudflare_catchup_20260726081142_11-15-H1-H2-101-102-39-73,60,73,0,8,T431,AA3041,0,50
2026-07-27T06:01:01.830Z,cloudflare_catchup,cloudflare_catchup_20260726081142_11-15-H1-H2-101-102-39-73,60,73,0,13,M50,AA7619,0,49
2026-07-27T06:01:01.830Z,cloudflare_catchup,cloudflare_catchup_20260726081142_11-15-H1-H2-101-102-39-73,60,73,0,16,T328,AB6171,0,36
2026-07-27T06:01:01.830Z,cloudflare_catchup,cloudflare_catchup_20260726081142_11-15-H1-H2-101-102-39-73,60,73,0,25,T550/4,AB6393,1,0
2026-07-27T06:02:02.656Z,cloudflare_catchup,cloudflare_catchup_20260726081142_11-15-H1-H2-101-102-39-73,60,73,0,4,T551/1,AB6136,0,46
2026-07-27T06:02:02.656Z,cloudflare_catchup,cloudflare_catchup_20260726081142_11-15-H1-H2-101-102-39-73,60,73,0,9,M172/16,AA3041,0,5
2026-07-27T06:02:02.656Z,cloudflare_catchup,cloudflare_catchup_20260726081142_11-15-H1-H2-101-102-39-73,60,73,0,13,M50,AA7619,0,48
2026-07-27T06:02:02.656Z,cloudflare_catchup,cloudflare_catchup_20260726081142_11-15-H1-H2-101-102-39-73,60,73,0,17,T420,AB6171,1,1
2026-07-27T06:02:02.656Z,cloudflare_catchup,cloudflare_catchup_20260726081142_11-15-H1-H2-101-102-39-73,60,73,0,25,T550/4,AB6393,1,0
2026-07-27T06:03:01.824Z,cloudflare_catchup,cloudflare_catchup_20260726081142_11-15-H1-H2-101-102-39-73,60,73,0,4,T551/1,AB6136,0,42
2026-07-27T06:03:01.824Z,cloudflare_catchup,cloudflare_catchup_20260726081142_11-15-H1-H2-101-102-39-73,60,73,0,9,M172/16,AA3041,0,16
2026-07-27T06:03:01.824Z,cloudflare_catchup,cloudflare_catchup_20260726081142_11-15-H1-H2-101-102-39-73,60,73,0,13,M50,AA7619,0,48
2026-07-27T06:03:01.824Z,cloudflare_catchup,cloudflare_catchup_20260726081142_11-15-H1-H2-101-102-39-73,60,73,0,18,T422,AB6171,0,33
2026-07-27T06:03:01.824Z,cloudflare_catchup,cloudflare_catchup_20260726081142_11-15-H1-H2-101-102-39-73,60,73,0,25,T550/4,AB6393,1,0
2026-07-27T06:04:02.461Z,cloudflare_catchup,cloudflare_catchup_20260726081142_11-15-H1-H2-101-102-39-73,60,73,0,5,T425,AB6136,0,45
2026-07-27T06:04:02.461Z,cloudflare_catchup,cloudflare_catchup_20260726081142_11-15-H1-H2-101-102-39-73,60,73,0,9,M172/16,AA3041,0,47
2026-07-27T06:04:02.461Z,cloudflare_catchup,cloudflare_catchup_20260726081142_11-15-H1-H2-101-102-39-73,60,73,0,13,M50,AA7619,0,34
2026-07-27T06:04:02.461Z,cloudflare_catchup,cloudflare_catchup_20260726081142_11-15-H1-H2-101-102-39-73,60,73,0,19,T424,AB6171,1,33
2026-07-27T06:04:02.461Z,cloudflare_catchup,cloudflare_catchup_20260726081142_11-15-H1-H2-101-102-39-73,60,73,0,25,T550/4,AB6393,1,0
2026-07-27T06:05:03.331Z,cloudflare_catchup,cloudflare_catchup_20260726081142_11-15-H1-H2-101-102-39-73,60,73,0,6,T423,AB6136,0,41
2026-07-27T06:05:03.331Z,cloudflare_catchup,cloudflare_catchup_20260726081142_11-15-H1-H2-101-102-39-73,60,73,0,9,M172/16,AA3041,0,47
2026-07-27T06:05:03.331Z,cloudflare_catchup,cloudflare_catchup_20260726081142_11-15-H1-H2-101-102-39-73,60,73,0,13,M50,AA7619,0,19
2026-07-27T06:05:03.331Z,cloudflare_catchup,cloudflare_catchup_20260726081142_11-15-H1-H2-101-102-39-73,60,73,0,19,T424,AB6171,0,48
2026-07-27T06:05:03.331Z,cloudflare_catchup,cloudflare_catchup_20260726081142_11-15-H1-H2-101-102-39-73,60,73,0,25,T550/4,AB6393,1,0
2026-07-27T06:06:02.509Z,cloudflare_catchup,cloudflare_catchup_20260726081142_11-15-H1-H2-101-102-39-73,60,73,0,7,T421,AB6136,0,36
2026-07-27T06:06:02.509Z,cloudflare_catchup,cloudflare_catchup_20260726081142_11-15-H1-H2-101-102-39-73,60,73,0,9,M172/16,AA3041,0,48
2026-07-27T06:06:02.509Z,cloudflare_catchup,cloudflare_catchup_20260726081142_11-15-H1-H2-101-102-39-73,60,73,0,13,M50,AA7619,0,1
2026-07-27T06:06:02.509Z,cloudflare_catchup,cloudflare_catchup_20260726081142_11-15-H1-H2-101-102-39-73,60,73,0,19,T424,AB6171,0,48
2026-07-27T06:07:01.973Z,cloudflare_catchup,cloudflare_catchup_20260726081142_11-15-H1-H2-101-102-39-73,60,73,0,7,T421,AB6136,0,39
2026-07-27T06:07:01.973Z,cloudflare_catchup,cloudflare_catchup_20260726081142_11-15-H1-H2-101-102-39-73,60,73,0,9,M172/16,AA3041,0,35
2026-07-27T06:07:01.973Z,cloudflare_catchup,cloudflare_catchup_20260726081142_11-15-H1-H2-101-102-39-73,60,73,0,13,M50,AA7619,0,6
2026-07-27T06:07:01.973Z,cloudflare_catchup,cloudflare_catchup_20260726081142_11-15-H1-H2-101-102-39-73,60,73,0,19,T424,AB6171,0,47
2026-07-27T06:08:02.576Z,cloudflare_catchup,cloudflare_catchup_20260726081142_11-15-H1-H2-101-102-39-73,60,73,0,7,T421,AB6136,0,48
2026-07-27T06:08:02.576Z,cloudflare_catchup,cloudflare_catchup_20260726081142_11-15-H1-H2-101-102-39-73,60,73,0,9,M172/16,AA3041,0,32
2026-07-27T06:08:02.576Z,cloudflare_catchup,cloudflare_catchup_20260726081142_11-15-H1-H2-101-102-39-73,60,73,0,14,M172/7,AA7619,1,9
2026-07-27T06:08:02.576Z,cloudflare_catchup,cloudflare_catchup_20260726081142_11-15-H1-H2-101-102-39-73,60,73,0,20,T559,AB6171,1,38
2026-07-27T06:09:01.824Z,cloudflare_catchup,cloudflare_catchup_20260726081142_11-15-H1-H2-101-102-39-73,60,73,0,8,T431,AB6136,1,31
2026-07-27T06:09:01.824Z,cloudflare_catchup,cloudflare_catchup_20260726081142_11-15-H1-H2-101-102-39-73,60,73,0,10,M247,AA3041,0,7
2026-07-27T06:09:01.824Z,cloudflare_catchup,cloudflare_catchup_20260726081142_11-15-H1-H2-101-102-39-73,60,73,0,14,M172/7,AA7619,0,45
2026-07-27T06:09:01.824Z,cloudflare_catchup,cloudflare_catchup_20260726081142_11-15-H1-H2-101-102-39-73,60,73,0,22,T553,AB6171,1,45
2026-07-27T06:10:02.472Z,cloudflare_catchup,cloudflare_catchup_20260726081142_11-15-H1-H2-101-102-39-73,60,73,0,8,T431,AB6136,0,47
2026-07-27T06:10:02.472Z,cloudflare_catchup,cloudflare_catchup_20260726081142_11-15-H1-H2-101-102-39-73,60,73,0,11,M231,AA3041,1,14
2026-07-27T06:10:02.472Z,cloudflare_catchup,cloudflare_catchup_20260726081142_11-15-H1-H2-101-102-39-73,60,73,0,14,M172/7,AA7619,0,43
2026-07-27T06:10:02.472Z,cloudflare_catchup,cloudflare_catchup_20260726081142_11-15-H1-H2-101-102-39-73,60,73,0,23,T554,AB6171,1,34
2026-07-27T06:11:01.750Z,cloudflare_catchup,cloudflare_catchup_20260726081142_11-15-H1-H2-101-102-39-73,60,73,0,0,T550/4,AB6393,1,13
2026-07-27T06:11:01.750Z,cloudflare_catchup,cloudflare_catchup_20260726081142_11-15-H1-H2-101-102-39-73,60,73,0,8,T431,AB6136,0,47
2026-07-27T06:11:01.750Z,cloudflare_catchup,cloudflare_catchup_20260726081142_11-15-H1-H2-101-102-39-73,60,73,0,11,M231,AA3041,0,12
2026-07-27T06:11:01.750Z,cloudflare_catchup,cloudflare_catchup_20260726081142_11-15-H1-H2-101-102-39-73,60,73,0,14,M172/7,AA7619,0,45
2026-07-27T06:11:01.750Z,cloudflare_catchup,cloudflare_catchup_20260726081142_11-15-H1-H2-101-102-39-73,60,73,0,23,T554,AB6171,0,30
2026-07-27T06:12:02.497Z,cloudflare_catchup,cloudflare_catchup_20260726081142_11-15-H1-H2-101-102-39-73,60,73,0,0,T550/4,AB6393,0,13
2026-07-27T06:12:02.497Z,cloudflare_catchup,cloudflare_catchup_20260726081142_11-15-H1-H2-101-102-39-73,60,73,0,8,T431,AB6136,0,47
2026-07-27T06:12:02.497Z,cloudflare_catchup,cloudflare_catchup_20260726081142_11-15-H1-H2-101-102-39-73,60,73,0,12,M219,AA3041,1,1
2026-07-27T06:12:02.497Z,cloudflare_catchup,cloudflare_catchup_20260726081142_11-15-H1-H2-101-102-39-73,60,73,0,14,M172/7,AA7619,0,48
2026-07-27T06:12:02.497Z,cloudflare_catchup,cloudflare_catchup_20260726081142_11-15-H1-H2-101-102-39-73,60,73,0,24,T555/2,AB6171,0,13
2026-07-27T06:13:02.242Z,cloudflare_catchup,cloudflare_catchup_20260726081142_11-15-H1-H2-101-102-39-73,60,73,0,1,T556,AB6393,1,2
2026-07-27T06:13:02.242Z,cloudflare_catchup,cloudflare_catchup_20260726081142_11-15-H1-H2-101-102-39-73,60,73,0,8,T431,AB6136,0,45
2026-07-27T06:13:02.242Z,cloudflare_catchup,cloudflare_catchup_20260726081142_11-15-H1-H2-101-102-39-73,60,73,0,12,M219,AA3041,0,32
2026-07-27T06:13:02.242Z,cloudflare_catchup,cloudflare_catchup_20260726081142_11-15-H1-H2-101-102-39-73,60,73,0,14,M172/7,AA7619,0,7
2026-07-27T06:13:02.242Z,cloudflare_catchup,cloudflare_catchup_20260726081142_11-15-H1-H2-101-102-39-73,60,73,0,24,T555/2,AB6171,0,34
2026-07-27T06:14:02.670Z,cloudflare_catchup,cloudflare_catchup_20260726081142_11-15-H1-H2-101-102-39-73,60,73,0,1,T556,AB6393,0,43
2026-07-27T06:14:02.670Z,cloudflare_catchup,cloudflare_catchup_20260726081142_11-15-H1-H2-101-102-39-73,60,73,0,9,M172/16,AB6136,1,28
2026-07-27T06:14:02.670Z,cloudflare_catchup,cloudflare_catchup_20260726081142_11-15-H1-H2-101-102-39-73,60,73,0,13,M50,AA3041,1,7
2026-07-27T06:14:02.670Z,cloudflare_catchup,cloudflare_catchup_20260726081142_11-15-H1-H2-101-102-39-73,60,73,0,15,T430,AA7619,1,49
2026-07-27T06:14:02.670Z,cloudflare_catchup,cloudflare_catchup_20260726081142_11-15-H1-H2-101-102-39-73,60,73,0,25,T550/4,AB6171,1,0
2026-07-27T06:15:04.443Z,cloudflare_catchup,cloudflare_catchup_20260726081142_11-15-H1-H2-101-102-39-73,60,73,0,2,T557,AB6393,0,43
2026-07-27T06:15:04.443Z,cloudflare_catchup,cloudflare_catchup_20260726081142_11-15-H1-H2-101-102-39-73,60,73,0,9,M172/16,AB6136,0,30
2026-07-27T06:15:04.443Z,cloudflare_catchup,cloudflare_catchup_20260726081142_11-15-H1-H2-101-102-39-73,60,73,0,13,M50,AA3041,0,46
2026-07-27T06:15:04.443Z,cloudflare_catchup,cloudflare_catchup_20260726081142_11-15-H1-H2-101-102-39-73,60,73,0,15,T430,AA7619,0,46
2026-07-27T06:15:04.443Z,cloudflare_catchup,cloudflare_catchup_20260726081142_11-15-H1-H2-101-102-39-73,60,73,0,25,T550/4,AB6171,1,0
2026-07-27T06:16:02.753Z,cloudflare_catchup,cloudflare_catchup_20260726081142_11-15-H1-H2-101-102-39-73,60,73,0,3,T558,AB6393,0,47
2026-07-27T06:16:02.753Z,cloudflare_catchup,cloudflare_catchup_20260726081142_11-15-H1-H2-101-102-39-73,60,73,0,9,M172/16,AB6136,0,48
2026-07-27T06:16:02.753Z,cloudflare_catchup,cloudflare_catchup_20260726081142_11-15-H1-H2-101-102-39-73,60,73,0,13,M50,AA3041,0,41
2026-07-27T06:16:02.753Z,cloudflare_catchup,cloudflare_catchup_20260726081142_11-15-H1-H2-101-102-39-73,60,73,0,16,T328,AA7619,0,49
2026-07-27T06:16:02.753Z,cloudflare_catchup,cloudflare_catchup_20260726081142_11-15-H1-H2-101-102-39-73,60,73,0,25,T550/4,AB6171,1,0
2026-07-27T06:17:01.738Z,cloudflare_catchup,cloudflare_catchup_20260726081142_11-15-H1-H2-101-102-39-73,60,73,0,3,T558,AB6393,0,27
2026-07-27T06:17:01.738Z,cloudflare_catchup,cloudflare_catchup_20260726081142_11-15-H1-H2-101-102-39-73,60,73,0,9,M172/16,AB6136,0,45
2026-07-27T06:17:01.738Z,cloudflare_catchup,cloudflare_catchup_20260726081142_11-15-H1-H2-101-102-39-73,60,73,0,13,M50,AA3041,0,49
2026-07-27T06:17:01.738Z,cloudflare_catchup,cloudflare_catchup_20260726081142_11-15-H1-H2-101-102-39-73,60,73,0,16,T328,AA7619,0,34
2026-07-27T06:17:01.738Z,cloudflare_catchup,cloudflare_catchup_20260726081142_11-15-H1-H2-101-102-39-73,60,73,0,25,T550/4,AB6171,1,0
2026-07-27T06:18:02.573Z,cloudflare_catchup,cloudflare_catchup_20260726081142_11-15-H1-H2-101-102-39-73,60,73,0,4,T551/1,AB6393,0,46
2026-07-27T06:18:02.573Z,cloudflare_catchup,cloudflare_catchup_20260726081142_11-15-H1-H2-101-102-39-73,60,73,0,9,M172/16,AB6136,0,33
2026-07-27T06:18:02.573Z,cloudflare_catchup,cloudflare_catchup_20260726081142_11-15-H1-H2-101-102-39-73,60,73,0,13,M50,AA3041,0,47
2026-07-27T06:18:02.573Z,cloudflare_catchup,cloudflare_catchup_20260726081142_11-15-H1-H2-101-102-39-73,60,73,0,17,T420,AA7619,0,31
2026-07-27T06:19:01.801Z,cloudflare_catchup,cloudflare_catchup_20260726081142_11-15-H1-H2-101-102-39-73,60,73,0,4,T551/1,AB6393,0,48
2026-07-27T06:19:01.801Z,cloudflare_catchup,cloudflare_catchup_20260726081142_11-15-H1-H2-101-102-39-73,60,73,0,9,M172/16,AB6136,0,42
2026-07-27T06:19:01.801Z,cloudflare_catchup,cloudflare_catchup_20260726081142_11-15-H1-H2-101-102-39-73,60,73,0,13,M50,AA3041,0,2
2026-07-27T06:19:01.801Z,cloudflare_catchup,cloudflare_catchup_20260726081142_11-15-H1-H2-101-102-39-73,60,73,0,18,T422,AA7619,0,28
2026-07-27T06:20:02.605Z,cloudflare_catchup,cloudflare_catchup_20260726081142_11-15-H1-H2-101-102-39-73,60,73,0,4,T551/1,AB6393,0,48
2026-07-27T06:20:02.605Z,cloudflare_catchup,cloudflare_catchup_20260726081142_11-15-H1-H2-101-102-39-73,60,73,0,9,M172/16,AB6136,0,1
2026-07-27T06:20:02.605Z,cloudflare_catchup,cloudflare_catchup_20260726081142_11-15-H1-H2-101-102-39-73,60,73,0,13,M50,AA3041,0,45
2026-07-27T06:20:02.605Z,cloudflare_catchup,cloudflare_catchup_20260726081142_11-15-H1-H2-101-102-39-73,60,73,0,19,T424,AA7619,1,15
2026-07-27T06:21:01.764Z,cloudflare_catchup,cloudflare_catchup_20260726081142_11-15-H1-H2-101-102-39-73,60,73,0,5,T425,AB6393,0,39
2026-07-27T06:21:01.764Z,cloudflare_catchup,cloudflare_catchup_20260726081142_11-15-H1-H2-101-102-39-73,60,73,0,9,M172/16,AB6136,0,48
2026-07-27T06:21:01.764Z,cloudflare_catchup,cloudflare_catchup_20260726081142_11-15-H1-H2-101-102-39-73,60,73,0,14,M172/7,AA3041,1,6
2026-07-27T06:21:01.764Z,cloudflare_catchup,cloudflare_catchup_20260726081142_11-15-H1-H2-101-102-39-73,60,73,0,19,T424,AA7619,0,44
2026-07-27T06:22:02.347Z,cloudflare_catchup,cloudflare_catchup_20260726081142_11-15-H1-H2-101-102-39-73,60,73,0,6,T423,AB6393,0,42
2026-07-27T06:22:02.347Z,cloudflare_catchup,cloudflare_catchup_20260726081142_11-15-H1-H2-101-102-39-73,60,73,0,9,M172/16,AB6136,0,38
2026-07-27T06:22:02.347Z,cloudflare_catchup,cloudflare_catchup_20260726081142_11-15-H1-H2-101-102-39-73,60,73,0,14,M172/7,AA3041,0,17
2026-07-27T06:22:02.347Z,cloudflare_catchup,cloudflare_catchup_20260726081142_11-15-H1-H2-101-102-39-73,60,73,0,19,T424,AA7619,0,48
2026-07-27T06:23:01.883Z,cloudflare_catchup,cloudflare_catchup_20260726081142_11-15-H1-H2-101-102-39-73,60,73,0,7,T421,AB6393,1,43
2026-07-27T06:23:01.883Z,cloudflare_catchup,cloudflare_catchup_20260726081142_11-15-H1-H2-101-102-39-73,60,73,0,10,M247,AB6136,1,37
2026-07-27T06:23:01.883Z,cloudflare_catchup,cloudflare_catchup_20260726081142_11-15-H1-H2-101-102-39-73,60,73,0,14,M172/7,AA3041,0,44
2026-07-27T06:23:01.883Z,cloudflare_catchup,cloudflare_catchup_20260726081142_11-15-H1-H2-101-102-39-73,60,73,0,19,T424,AA7619,0,49
2026-07-27T06:24:02.420Z,cloudflare_catchup,cloudflare_catchup_20260726081142_11-15-H1-H2-101-102-39-73,60,73,0,7,T421,AB6393,0,48
2026-07-27T06:24:02.420Z,cloudflare_catchup,cloudflare_catchup_20260726081142_11-15-H1-H2-101-102-39-73,60,73,0,10,M247,AB6136,0,33
2026-07-27T06:24:02.420Z,cloudflare_catchup,cloudflare_catchup_20260726081142_11-15-H1-H2-101-102-39-73,60,73,0,14,M172/7,AA3041,0,50
2026-07-27T06:24:02.420Z,cloudflare_catchup,cloudflare_catchup_20260726081142_11-15-H1-H2-101-102-39-73,60,73,0,20,T559,AA7619,1,37
2026-07-27T06:25:03.305Z,cloudflare_catchup,cloudflare_catchup_20260726081142_11-15-H1-H2-101-102-39-73,60,73,0,7,T421,AB6393,0,49
2026-07-27T06:25:03.305Z,cloudflare_catchup,cloudflare_catchup_20260726081142_11-15-H1-H2-101-102-39-73,60,73,0,11,M231,AB6136,0,11
2026-07-27T06:25:03.305Z,cloudflare_catchup,cloudflare_catchup_20260726081142_11-15-H1-H2-101-102-39-73,60,73,0,14,M172/7,AA3041,0,48
2026-07-27T06:25:03.305Z,cloudflare_catchup,cloudflare_catchup_20260726081142_11-15-H1-H2-101-102-39-73,60,73,0,21,T552,AA7619,1,34
2026-07-27T06:26:02.422Z,cloudflare_catchup,cloudflare_catchup_20260726081142_11-15-H1-H2-101-102-39-73,60,73,0,7,T421,AB6393,0,1
2026-07-27T06:26:02.422Z,cloudflare_catchup,cloudflare_catchup_20260726081142_11-15-H1-H2-101-102-39-73,60,73,0,11,M231,AB6136,0,28
2026-07-27T06:26:02.422Z,cloudflare_catchup,cloudflare_catchup_20260726081142_11-15-H1-H2-101-102-39-73,60,73,0,14,M172/7,AA3041,0,5
2026-07-27T06:26:02.422Z,cloudflare_catchup,cloudflare_catchup_20260726081142_11-15-H1-H2-101-102-39-73,60,73,0,22,T553,AA7619,0,2
2026-07-27T06:27:01.997Z,cloudflare_catchup,cloudflare_catchup_20260726081142_11-15-H1-H2-101-102-39-73,60,73,0,8,T431,AB6393,0,10
2026-07-27T06:27:01.997Z,cloudflare_catchup,cloudflare_catchup_20260726081142_11-15-H1-H2-101-102-39-73,60,73,0,12,M219,AB6136,1,15
2026-07-27T06:27:01.997Z,cloudflare_catchup,cloudflare_catchup_20260726081142_11-15-H1-H2-101-102-39-73,60,73,0,15,T430,AA3041,1,45
2026-07-27T06:27:01.997Z,cloudflare_catchup,cloudflare_catchup_20260726081142_11-15-H1-H2-101-102-39-73,60,73,0,23,T554,AA7619,0,29
2026-07-27T06:28:02.316Z,cloudflare_catchup,cloudflare_catchup_20260726081142_11-15-H1-H2-101-102-39-73,60,73,0,0,T550/4,AB6171,1,10
2026-07-27T06:28:02.316Z,cloudflare_catchup,cloudflare_catchup_20260726081142_11-15-H1-H2-101-102-39-73,60,73,0,8,T431,AB6393,0,39
2026-07-27T06:28:02.316Z,cloudflare_catchup,cloudflare_catchup_20260726081142_11-15-H1-H2-101-102-39-73,60,73,0,12,M219,AB6136,0,2
2026-07-27T06:28:02.316Z,cloudflare_catchup,cloudflare_catchup_20260726081142_11-15-H1-H2-101-102-39-73,60,73,0,15,T430,AA3041,0,48
2026-07-27T06:28:02.316Z,cloudflare_catchup,cloudflare_catchup_20260726081142_11-15-H1-H2-101-102-39-73,60,73,0,24,T555/2,AA7619,1,29
2026-07-27T06:29:01.895Z,cloudflare_catchup,cloudflare_catchup_20260726081142_11-15-H1-H2-101-102-39-73,60,73,0,1,T556,AB6171,1,21
2026-07-27T06:29:01.895Z,cloudflare_catchup,cloudflare_catchup_20260726081142_11-15-H1-H2-101-102-39-73,60,73,0,8,T431,AB6393,0,47
2026-07-27T06:29:01.895Z,cloudflare_catchup,cloudflare_catchup_20260726081142_11-15-H1-H2-101-102-39-73,60,73,0,12,M219,AB6136,0,2
2026-07-27T06:29:01.895Z,cloudflare_catchup,cloudflare_catchup_20260726081142_11-15-H1-H2-101-102-39-73,60,73,0,16,T328,AA3041,0,8
2026-07-27T06:29:01.895Z,cloudflare_catchup,cloudflare_catchup_20260726081142_11-15-H1-H2-101-102-39-73,60,73,0,24,T555/2,AA7619,0,39
2026-07-27T06:30:02.622Z,cloudflare_catchup,cloudflare_catchup_20260726081142_11-15-H1-H2-101-102-39-73,60,73,0,1,T556,AB6171,0,38
2026-07-27T06:30:02.622Z,cloudflare_catchup,cloudflare_catchup_20260726081142_11-15-H1-H2-101-102-39-73,60,73,0,8,T431,AB6393,0,44
2026-07-27T06:30:02.622Z,cloudflare_catchup,cloudflare_catchup_20260726081142_11-15-H1-H2-101-102-39-73,60,73,0,12,M219,AB6136,0,14
2026-07-27T06:30:02.622Z,cloudflare_catchup,cloudflare_catchup_20260726081142_11-15-H1-H2-101-102-39-73,60,73,0,16,T328,AA3041,0,23
2026-07-27T06:30:02.622Z,cloudflare_catchup,cloudflare_catchup_20260726081142_11-15-H1-H2-101-102-39-73,60,73,0,25,T550/4,AA7619,1,0
2026-07-27T06:31:01.887Z,cloudflare_catchup,cloudflare_catchup_20260726081142_11-15-H1-H2-101-102-39-73,60,73,0,2,T557,AB6171,0,22
2026-07-27T06:31:01.887Z,cloudflare_catchup,cloudflare_catchup_20260726081142_11-15-H1-H2-101-102-39-73,60,73,0,8,T431,AB6393,0,49
2026-07-27T06:31:01.887Z,cloudflare_catchup,cloudflare_catchup_20260726081142_11-15-H1-H2-101-102-39-73,60,73,0,12,M219,AB6136,0,14
2026-07-27T06:31:01.887Z,cloudflare_catchup,cloudflare_catchup_20260726081142_11-15-H1-H2-101-102-39-73,60,73,0,17,T420,AA3041,1,1
2026-07-27T06:31:01.887Z,cloudflare_catchup,cloudflare_catchup_20260726081142_11-15-H1-H2-101-102-39-73,60,73,0,25,T550/4,AA7619,1,0
2026-07-27T06:32:02.545Z,cloudflare_catchup,cloudflare_catchup_20260726081142_11-15-H1-H2-101-102-39-73,60,73,0,3,T558,AB6171,0,24
2026-07-27T06:32:02.545Z,cloudflare_catchup,cloudflare_catchup_20260726081142_11-15-H1-H2-101-102-39-73,60,73,0,9,M172/16,AB6393,1,3
2026-07-27T06:32:02.545Z,cloudflare_catchup,cloudflare_catchup_20260726081142_11-15-H1-H2-101-102-39-73,60,73,0,13,M50,AB6136,1,21
2026-07-27T06:32:02.545Z,cloudflare_catchup,cloudflare_catchup_20260726081142_11-15-H1-H2-101-102-39-73,60,73,0,18,T422,AA3041,0,33
2026-07-27T06:32:02.545Z,cloudflare_catchup,cloudflare_catchup_20260726081142_11-15-H1-H2-101-102-39-73,60,73,0,25,T550/4,AA7619,1,0
2026-07-27T06:33:01.758Z,cloudflare_catchup,cloudflare_catchup_20260726081142_11-15-H1-H2-101-102-39-73,60,73,0,3,T558,AB6171,0,44
2026-07-27T06:33:01.758Z,cloudflare_catchup,cloudflare_catchup_20260726081142_11-15-H1-H2-101-102-39-73,60,73,0,9,M172/16,AB6393,0,48
2026-07-27T06:33:01.758Z,cloudflare_catchup,cloudflare_catchup_20260726081142_11-15-H1-H2-101-102-39-73,60,73,0,13,M50,AB6136,0,35
2026-07-27T06:33:01.758Z,cloudflare_catchup,cloudflare_catchup_20260726081142_11-15-H1-H2-101-102-39-73,60,73,0,19,T424,AA3041,0,39
2026-07-27T06:33:01.758Z,cloudflare_catchup,cloudflare_catchup_20260726081142_11-15-H1-H2-101-102-39-73,60,73,0,25,T550/4,AA7619,1,0
2026-07-27T06:34:02.477Z,cloudflare_catchup,cloudflare_catchup_20260726081142_11-15-H1-H2-101-102-39-73,60,73,0,4,T551/1,AB6171,0,46
2026-07-27T06:34:02.477Z,cloudflare_catchup,cloudflare_catchup_20260726081142_11-15-H1-H2-101-102-39-73,60,73,0,9,M172/16,AB6393,0,47
2026-07-27T06:34:02.477Z,cloudflare_catchup,cloudflare_catchup_20260726081142_11-15-H1-H2-101-102-39-73,60,73,0,13,M50,AB6136,0,37
2026-07-27T06:34:02.477Z,cloudflare_catchup,cloudflare_catchup_20260726081142_11-15-H1-H2-101-102-39-73,60,73,0,19,T424,AA3041,0,42
2026-07-27T06:34:02.477Z,cloudflare_catchup,cloudflare_catchup_20260726081142_11-15-H1-H2-101-102-39-73,60,73,0,25,T550/4,AA7619,1,0
2026-07-27T06:35:03.198Z,cloudflare_catchup,cloudflare_catchup_20260726081142_11-15-H1-H2-101-102-39-73,60,73,0,4,T551/1,AB6171,0,41
2026-07-27T06:35:03.198Z,cloudflare_catchup,cloudflare_catchup_20260726081142_11-15-H1-H2-101-102-39-73,60,73,0,9,M172/16,AB6393,0,47
2026-07-27T06:35:03.198Z,cloudflare_catchup,cloudflare_catchup_20260726081142_11-15-H1-H2-101-102-39-73,60,73,0,13,M50,AB6136,0,47
2026-07-27T06:35:03.198Z,cloudflare_catchup,cloudflare_catchup_20260726081142_11-15-H1-H2-101-102-39-73,60,73,0,19,T424,AA3041,0,43
2026-07-27T06:36:02.355Z,cloudflare_catchup,cloudflare_catchup_20260726081142_11-15-H1-H2-101-102-39-73,60,73,0,0,T550/4,AB6613,0,20
2026-07-27T06:36:02.355Z,cloudflare_catchup,cloudflare_catchup_20260726081142_11-15-H1-H2-101-102-39-73,60,73,0,4,T551/1,AB6171,0,45
2026-07-27T06:36:02.355Z,cloudflare_catchup,cloudflare_catchup_20260726081142_11-15-H1-H2-101-102-39-73,60,73,0,9,M172/16,AB6393,0,40
2026-07-27T06:36:02.355Z,cloudflare_catchup,cloudflare_catchup_20260726081142_11-15-H1-H2-101-102-39-73,60,73,0,13,M50,AB6136,0,48
2026-07-27T06:36:02.355Z,cloudflare_catchup,cloudflare_catchup_20260726081142_11-15-H1-H2-101-102-39-73,60,73,0,20,T559,AA3041,1,43
2026-07-27T06:37:01.797Z,cloudflare_catchup,cloudflare_catchup_20260726081142_11-15-H1-H2-101-102-39-73,60,73,0,1,T556,AB6613,0,11
2026-07-27T06:37:01.797Z,cloudflare_catchup,cloudflare_catchup_20260726081142_11-15-H1-H2-101-102-39-73,60,73,0,5,T425,AB6171,1,8
2026-07-27T06:37:01.797Z,cloudflare_catchup,cloudflare_catchup_20260726081142_11-15-H1-H2-101-102-39-73,60,73,0,9,M172/16,AB6393,0,2
2026-07-27T06:37:01.797Z,cloudflare_catchup,cloudflare_catchup_20260726081142_11-15-H1-H2-101-102-39-73,60,73,0,13,M50,AB6136,0,23
2026-07-27T06:37:01.797Z,cloudflare_catchup,cloudflare_catchup_20260726081142_11-15-H1-H2-101-102-39-73,60,73,0,20,T559,AA3041,0,40
2026-07-27T06:38:02.305Z,cloudflare_catchup,cloudflare_catchup_20260726081142_11-15-H1-H2-101-102-39-73,60,73,0,1,T556,AB6613,0,36
2026-07-27T06:38:02.305Z,cloudflare_catchup,cloudflare_catchup_20260726081142_11-15-H1-H2-101-102-39-73,60,73,0,6,T423,AB6171,1,41
2026-07-27T06:38:02.305Z,cloudflare_catchup,cloudflare_catchup_20260726081142_11-15-H1-H2-101-102-39-73,60,73,0,9,M172/16,AB6393,0,40
2026-07-27T06:38:02.305Z,cloudflare_catchup,cloudflare_catchup_20260726081142_11-15-H1-H2-101-102-39-73,60,73,0,13,M50,AB6136,0,37
2026-07-27T06:38:02.305Z,cloudflare_catchup,cloudflare_catchup_20260726081142_11-15-H1-H2-101-102-39-73,60,73,0,22,T553,AA3041,1,45
2026-07-27T06:39:01.820Z,cloudflare_catchup,cloudflare_catchup_20260726081142_11-15-H1-H2-101-102-39-73,60,73,0,2,T557,AB6613,0,34
2026-07-27T06:39:01.820Z,cloudflare_catchup,cloudflare_catchup_20260726081142_11-15-H1-H2-101-102-39-73,60,73,0,7,T421,AB6171,1,13
2026-07-27T06:39:01.820Z,cloudflare_catchup,cloudflare_catchup_20260726081142_11-15-H1-H2-101-102-39-73,60,73,0,9,M172/16,AB6393,0,4
2026-07-27T06:39:01.820Z,cloudflare_catchup,cloudflare_catchup_20260726081142_11-15-H1-H2-101-102-39-73,60,73,0,14,M172/7,AB6136,1,21
2026-07-27T06:39:01.820Z,cloudflare_catchup,cloudflare_catchup_20260726081142_11-15-H1-H2-101-102-39-73,60,73,0,23,T554,AA3041,1,39
2026-07-27T06:40:02.657Z,cloudflare_catchup,cloudflare_catchup_20260726081142_11-15-H1-H2-101-102-39-73,60,73,0,3,T558,AB6613,1,4
2026-07-27T06:40:02.657Z,cloudflare_catchup,cloudflare_catchup_20260726081142_11-15-H1-H2-101-102-39-73,60,73,0,7,T421,AB6171,0,36
2026-07-27T06:40:02.657Z,cloudflare_catchup,cloudflare_catchup_20260726081142_11-15-H1-H2-101-102-39-73,60,73,0,10,M247,AB6393,1,16
2026-07-27T06:40:02.657Z,cloudflare_catchup,cloudflare_catchup_20260726081142_11-15-H1-H2-101-102-39-73,60,73,0,14,M172/7,AB6136,0,4
2026-07-27T06:40:02.657Z,cloudflare_catchup,cloudflare_catchup_20260726081142_11-15-H1-H2-101-102-39-73,60,73,0,23,T554,AA3041,0,29
2026-07-27T06:41:01.878Z,cloudflare_catchup,cloudflare_catchup_20260726081142_11-15-H1-H2-101-102-39-73,60,73,0,3,T558,AB6613,0,40
2026-07-27T06:41:01.878Z,cloudflare_catchup,cloudflare_catchup_20260726081142_11-15-H1-H2-101-102-39-73,60,73,0,7,T421,AB6171,0,49
2026-07-27T06:41:01.878Z,cloudflare_catchup,cloudflare_catchup_20260726081142_11-15-H1-H2-101-102-39-73,60,73,0,11,M231,AB6393,0,39
2026-07-27T06:41:01.878Z,cloudflare_catchup,cloudflare_catchup_20260726081142_11-15-H1-H2-101-102-39-73,60,73,0,14,M172/7,AB6136,0,47
2026-07-27T06:41:01.878Z,cloudflare_catchup,cloudflare_catchup_20260726081142_11-15-H1-H2-101-102-39-73,60,73,0,24,T555/2,AA3041,1,16
2026-07-27T06:42:02.474Z,cloudflare_catchup,cloudflare_catchup_20260726081142_11-15-H1-H2-101-102-39-73,60,73,0,4,T551/1,AB6613,0,10
2026-07-27T06:42:02.474Z,cloudflare_catchup,cloudflare_catchup_20260726081142_11-15-H1-H2-101-102-39-73,60,73,0,7,T421,AB6171,0,48
2026-07-27T06:42:02.474Z,cloudflare_catchup,cloudflare_catchup_20260726081142_11-15-H1-H2-101-102-39-73,60,73,0,11,M231,AB6393,0,22
2026-07-27T06:42:02.474Z,cloudflare_catchup,cloudflare_catchup_20260726081142_11-15-H1-H2-101-102-39-73,60,73,0,14,M172/7,AB6136,0,46
2026-07-27T06:42:02.474Z,cloudflare_catchup,cloudflare_catchup_20260726081142_11-15-H1-H2-101-102-39-73,60,73,0,24,T555/2,AA3041,0,36
2026-07-27T06:43:01.904Z,cloudflare_catchup,cloudflare_catchup_20260726081142_11-15-H1-H2-101-102-39-73,60,73,0,4,T551/1,AB6613,0,48
2026-07-27T06:43:01.904Z,cloudflare_catchup,cloudflare_catchup_20260726081142_11-15-H1-H2-101-102-39-73,60,73,0,8,T431,AB6171,1,35
2026-07-27T06:43:01.904Z,cloudflare_catchup,cloudflare_catchup_20260726081142_11-15-H1-H2-101-102-39-73,60,73,0,11,M231,AB6393,0,7
2026-07-27T06:43:01.904Z,cloudflare_catchup,cloudflare_catchup_20260726081142_11-15-H1-H2-101-102-39-73,60,73,0,14,M172/7,AB6136,0,48
2026-07-27T06:43:01.904Z,cloudflare_catchup,cloudflare_catchup_20260726081142_11-15-H1-H2-101-102-39-73,60,73,0,25,T550/4,AA3041,1,0
2026-07-27T06:44:02.445Z,cloudflare_catchup,cloudflare_catchup_20260726081142_11-15-H1-H2-101-102-39-73,60,73,0,4,T551/1,AB6613,0,43
2026-07-27T06:44:02.445Z,cloudflare_catchup,cloudflare_catchup_20260726081142_11-15-H1-H2-101-102-39-73,60,73,0,8,T431,AB6171,0,41
2026-07-27T06:44:02.445Z,cloudflare_catchup,cloudflare_catchup_20260726081142_11-15-H1-H2-101-102-39-73,60,73,0,12,M219,AB6393,1,3
2026-07-27T06:44:02.445Z,cloudflare_catchup,cloudflare_catchup_20260726081142_11-15-H1-H2-101-102-39-73,60,73,0,14,M172/7,AB6136,0,28
2026-07-27T06:44:02.445Z,cloudflare_catchup,cloudflare_catchup_20260726081142_11-15-H1-H2-101-102-39-73,60,73,0,25,T550/4,AA3041,1,0
2026-07-27T06:45:03.083Z,cloudflare_catchup,cloudflare_catchup_20260726081142_11-15-H1-H2-101-102-39-73,60,73,0,0,T550/4,AA7619,0,33
2026-07-27T06:45:03.083Z,cloudflare_catchup,cloudflare_catchup_20260726081142_11-15-H1-H2-101-102-39-73,60,73,0,5,T425,AB6613,1,44
2026-07-27T06:45:03.083Z,cloudflare_catchup,cloudflare_catchup_20260726081142_11-15-H1-H2-101-102-39-73,60,73,0,8,T431,AB6171,0,46
2026-07-27T06:45:03.083Z,cloudflare_catchup,cloudflare_catchup_20260726081142_11-15-H1-H2-101-102-39-73,60,73,0,12,M219,AB6393,0,22
2026-07-27T06:45:03.083Z,cloudflare_catchup,cloudflare_catchup_20260726081142_11-15-H1-H2-101-102-39-73,60,73,0,14,M172/7,AB6136,0,48
2026-07-27T06:45:03.083Z,cloudflare_catchup,cloudflare_catchup_20260726081142_11-15-H1-H2-101-102-39-73,60,73,0,25,T550/4,AA3041,1,0
2026-07-27T06:46:02.528Z,cloudflare_catchup,cloudflare_catchup_20260726081142_11-15-H1-H2-101-102-39-73,60,73,0,1,T556,AA7619,0,35
2026-07-27T06:46:02.528Z,cloudflare_catchup,cloudflare_catchup_20260726081142_11-15-H1-H2-101-102-39-73,60,73,0,5,T425,AB6613,0,38
2026-07-27T06:46:02.528Z,cloudflare_catchup,cloudflare_catchup_20260726081142_11-15-H1-H2-101-102-39-73,60,73,0,8,T431,AB6171,0,44
2026-07-27T06:46:02.528Z,cloudflare_catchup,cloudflare_catchup_20260726081142_11-15-H1-H2-101-102-39-73,60,73,0,12,M219,AB6393,0,22
2026-07-27T06:46:02.528Z,cloudflare_catchup,cloudflare_catchup_20260726081142_11-15-H1-H2-101-102-39-73,60,73,0,15,T430,AB6136,0,47
2026-07-27T06:46:02.528Z,cloudflare_catchup,cloudflare_catchup_20260726081142_11-15-H1-H2-101-102-39-73,60,73,0,25,T550/4,AA3041,1,0
2026-07-27T06:47:01.708Z,cloudflare_catchup,cloudflare_catchup_20260726081142_11-15-H1-H2-101-102-39-73,60,73,0,2,T557,AA7619,1,46
2026-07-27T06:47:01.708Z,cloudflare_catchup,cloudflare_catchup_20260726081142_11-15-H1-H2-101-102-39-73,60,73,0,6,T423,AB6613,0,28
2026-07-27T06:47:01.708Z,cloudflare_catchup,cloudflare_catchup_20260726081142_11-15-H1-H2-101-102-39-73,60,73,0,8,T431,AB6171,0,46
2026-07-27T06:47:01.708Z,cloudflare_catchup,cloudflare_catchup_20260726081142_11-15-H1-H2-101-102-39-73,60,73,0,13,M50,AB6393,0,2
2026-07-27T06:47:01.708Z,cloudflare_catchup,cloudflare_catchup_20260726081142_11-15-H1-H2-101-102-39-73,60,73,0,16,T328,AB6136,1,46
2026-07-27T06:47:01.708Z,cloudflare_catchup,cloudflare_catchup_20260726081142_11-15-H1-H2-101-102-39-73,60,73,0,25,T550/4,AA3041,1,0
2026-07-27T06:48:02.553Z,cloudflare_catchup,cloudflare_catchup_20260726081142_11-15-H1-H2-101-102-39-73,60,73,0,3,T558,AA7619,0,34
2026-07-27T06:48:02.553Z,cloudflare_catchup,cloudflare_catchup_20260726081142_11-15-H1-H2-101-102-39-73,60,73,0,7,T421,AB6613,1,32
2026-07-27T06:48:02.553Z,cloudflare_catchup,cloudflare_catchup_20260726081142_11-15-H1-H2-101-102-39-73,60,73,0,9,M172/16,AB6171,1,23
2026-07-27T06:48:02.553Z,cloudflare_catchup,cloudflare_catchup_20260726081142_11-15-H1-H2-101-102-39-73,60,73,0,13,M50,AB6393,0,41
2026-07-27T06:48:02.553Z,cloudflare_catchup,cloudflare_catchup_20260726081142_11-15-H1-H2-101-102-39-73,60,73,0,16,T328,AB6136,0,49
2026-07-27T06:49:01.896Z,cloudflare_catchup,cloudflare_catchup_20260726081142_11-15-H1-H2-101-102-39-73,60,73,0,3,T558,AA7619,0,38
2026-07-27T06:49:01.896Z,cloudflare_catchup,cloudflare_catchup_20260726081142_11-15-H1-H2-101-102-39-73,60,73,0,7,T421,AB6613,0,49
2026-07-27T06:49:01.896Z,cloudflare_catchup,cloudflare_catchup_20260726081142_11-15-H1-H2-101-102-39-73,60,73,0,9,M172/16,AB6171,1,5
2026-07-27T06:49:01.896Z,cloudflare_catchup,cloudflare_catchup_20260726081142_11-15-H1-H2-101-102-39-73,60,73,0,13,M50,AB6393,0,38
2026-07-27T06:49:01.896Z,cloudflare_catchup,cloudflare_catchup_20260726081142_11-15-H1-H2-101-102-39-73,60,73,0,17,T420,AB6136,1,44
2026-07-27T06:50:02.844Z,cloudflare_catchup,cloudflare_catchup_20260726081142_11-15-H1-H2-101-102-39-73,60,73,0,4,T551/1,AA7619,0,45
2026-07-27T06:50:02.844Z,cloudflare_catchup,cloudflare_catchup_20260726081142_11-15-H1-H2-101-102-39-73,60,73,0,7,T421,AB6613,0,48
2026-07-27T06:50:02.844Z,cloudflare_catchup,cloudflare_catchup_20260726081142_11-15-H1-H2-101-102-39-73,60,73,0,9,M172/16,AB6171,1,2
2026-07-27T06:50:02.844Z,cloudflare_catchup,cloudflare_catchup_20260726081142_11-15-H1-H2-101-102-39-73,60,73,0,13,M50,AB6393,0,47
2026-07-27T06:50:02.844Z,cloudflare_catchup,cloudflare_catchup_20260726081142_11-15-H1-H2-101-102-39-73,60,73,0,18,T422,AB6136,0,47
2026-07-27T06:51:01.778Z,cloudflare_catchup,cloudflare_catchup_20260726081142_11-15-H1-H2-101-102-39-73,60,73,0,4,T551/1,AA7619,0,43
2026-07-27T06:51:01.778Z,cloudflare_catchup,cloudflare_catchup_20260726081142_11-15-H1-H2-101-102-39-73,60,73,0,7,T421,AB6613,0,20
2026-07-27T06:51:01.778Z,cloudflare_catchup,cloudflare_catchup_20260726081142_11-15-H1-H2-101-102-39-73,60,73,0,9,M172/16,AB6171,0,31
2026-07-27T06:51:01.778Z,cloudflare_catchup,cloudflare_catchup_20260726081142_11-15-H1-H2-101-102-39-73,60,73,0,13,M50,AB6393,0,28
2026-07-27T06:51:01.778Z,cloudflare_catchup,cloudflare_catchup_20260726081142_11-15-H1-H2-101-102-39-73,60,73,0,19,T424,AB6136,0,44
2026-07-27T06:52:02.463Z,cloudflare_catchup,cloudflare_catchup_20260726081142_11-15-H1-H2-101-102-39-73,60,73,0,4,T551/1,AA7619,0,44
2026-07-27T06:52:02.463Z,cloudflare_catchup,cloudflare_catchup_20260726081142_11-15-H1-H2-101-102-39-73,60,73,0,8,T431,AB6613,0,39
2026-07-27T06:52:02.463Z,cloudflare_catchup,cloudflare_catchup_20260726081142_11-15-H1-H2-101-102-39-73,60,73,0,9,M172/16,AB6171,0,48
2026-07-27T06:52:02.463Z,cloudflare_catchup,cloudflare_catchup_20260726081142_11-15-H1-H2-101-102-39-73,60,73,0,13,M50,AB6393,0,31
2026-07-27T06:52:02.463Z,cloudflare_catchup,cloudflare_catchup_20260726081142_11-15-H1-H2-101-102-39-73,60,73,0,19,T424,AB6136,0,44
2026-07-27T06:53:01.851Z,cloudflare_catchup,cloudflare_catchup_20260726081142_11-15-H1-H2-101-102-39-73,60,73,0,5,T425,AA7619,0,30
2026-07-27T06:53:01.851Z,cloudflare_catchup,cloudflare_catchup_20260726081142_11-15-H1-H2-101-102-39-73,60,73,0,8,T431,AB6613,0,47
2026-07-27T06:53:01.851Z,cloudflare_catchup,cloudflare_catchup_20260726081142_11-15-H1-H2-101-102-39-73,60,73,0,9,M172/16,AB6171,0,48
2026-07-27T06:53:01.851Z,cloudflare_catchup,cloudflare_catchup_20260726081142_11-15-H1-H2-101-102-39-73,60,73,0,13,M50,AB6393,0,41
2026-07-27T06:53:01.851Z,cloudflare_catchup,cloudflare_catchup_20260726081142_11-15-H1-H2-101-102-39-73,60,73,0,19,T424,AB6136,0,45
2026-07-27T06:54:02.455Z,cloudflare_catchup,cloudflare_catchup_20260726081142_11-15-H1-H2-101-102-39-73,60,73,0,6,T423,AA7619,0,29
2026-07-27T06:54:02.455Z,cloudflare_catchup,cloudflare_catchup_20260726081142_11-15-H1-H2-101-102-39-73,60,73,0,8,T431,AB6613,0,47
2026-07-27T06:54:02.455Z,cloudflare_catchup,cloudflare_catchup_20260726081142_11-15-H1-H2-101-102-39-73,60,73,0,9,M172/16,AB6171,0,20
2026-07-27T06:54:02.455Z,cloudflare_catchup,cloudflare_catchup_20260726081142_11-15-H1-H2-101-102-39-73,60,73,0,14,M172/7,AB6393,1,4
2026-07-27T06:54:02.455Z,cloudflare_catchup,cloudflare_catchup_20260726081142_11-15-H1-H2-101-102-39-73,60,73,0,20,T559,AB6136,1,47
2026-07-27T06:55:03.297Z,cloudflare_catchup,cloudflare_catchup_20260726081142_11-15-H1-H2-101-102-39-73,60,73,0,7,T421,AA7619,0,7
2026-07-27T06:55:03.297Z,cloudflare_catchup,cloudflare_catchup_20260726081142_11-15-H1-H2-101-102-39-73,60,73,0,8,T431,AB6613,0,49
2026-07-27T06:55:03.297Z,cloudflare_catchup,cloudflare_catchup_20260726081142_11-15-H1-H2-101-102-39-73,60,73,0,9,M172/16,AB6171,0,43
2026-07-27T06:55:03.297Z,cloudflare_catchup,cloudflare_catchup_20260726081142_11-15-H1-H2-101-102-39-73,60,73,0,14,M172/7,AB6393,0,12
2026-07-27T06:55:03.297Z,cloudflare_catchup,cloudflare_catchup_20260726081142_11-15-H1-H2-101-102-39-73,60,73,0,20,T559,AB6136,0,45
2026-07-27T06:56:02.370Z,cloudflare_catchup,cloudflare_catchup_20260726081142_11-15-H1-H2-101-102-39-73,60,73,0,7,T421,AA7619,0,47
2026-07-27T06:56:02.370Z,cloudflare_catchup,cloudflare_catchup_20260726081142_11-15-H1-H2-101-102-39-73,60,73,0,8,T431,AB6613,0,33
2026-07-27T06:56:02.370Z,cloudflare_catchup,cloudflare_catchup_20260726081142_11-15-H1-H2-101-102-39-73,60,73,0,9,M172/16,AB6171,0,3
2026-07-27T06:56:02.370Z,cloudflare_catchup,cloudflare_catchup_20260726081142_11-15-H1-H2-101-102-39-73,60,73,0,14,M172/7,AB6393,0,44
2026-07-27T06:56:02.370Z,cloudflare_catchup,cloudflare_catchup_20260726081142_11-15-H1-H2-101-102-39-73,60,73,0,22,T553,AB6136,0,43
2026-07-27T06:57:01.949Z,cloudflare_catchup,cloudflare_catchup_20260726081142_11-15-H1-H2-101-102-39-73,60,73,0,7,T421,AA7619,0,46
2026-07-27T06:57:01.949Z,cloudflare_catchup,cloudflare_catchup_20260726081142_11-15-H1-H2-101-102-39-73,60,73,0,9,M172/16,AB6171,0,23
2026-07-27T06:57:01.949Z,cloudflare_catchup,cloudflare_catchup_20260726081142_11-15-H1-H2-101-102-39-73,60,73,0,9,M172/16,AB6613,0,28
2026-07-27T06:57:01.949Z,cloudflare_catchup,cloudflare_catchup_20260726081142_11-15-H1-H2-101-102-39-73,60,73,0,14,M172/7,AB6393,0,49
2026-07-27T06:57:01.949Z,cloudflare_catchup,cloudflare_catchup_20260726081142_11-15-H1-H2-101-102-39-73,60,73,0,23,T554,AB6136,0,46
2026-07-27T06:58:02.704Z,cloudflare_catchup,cloudflare_catchup_20260726081142_11-15-H1-H2-101-102-39-73,60,73,0,7,T421,AA7619,0,37
2026-07-27T06:58:02.704Z,cloudflare_catchup,cloudflare_catchup_20260726081142_11-15-H1-H2-101-102-39-73,60,73,0,9,M172/16,AB6171,0,23
2026-07-27T06:58:02.704Z,cloudflare_catchup,cloudflare_catchup_20260726081142_11-15-H1-H2-101-102-39-73,60,73,0,9,M172/16,AB6613,0,10
2026-07-27T06:58:02.704Z,cloudflare_catchup,cloudflare_catchup_20260726081142_11-15-H1-H2-101-102-39-73,60,73,0,14,M172/7,AB6393,0,48
2026-07-27T06:58:02.704Z,cloudflare_catchup,cloudflare_catchup_20260726081142_11-15-H1-H2-101-102-39-73,60,73,0,24,T555/2,AB6136,1,23
2026-07-27T06:59:02.072Z,cloudflare_catchup,cloudflare_catchup_20260726081142_11-15-H1-H2-101-102-39-73,60,73,0,8,T431,AA7619,0,42
2026-07-27T06:59:02.072Z,cloudflare_catchup,cloudflare_catchup_20260726081142_11-15-H1-H2-101-102-39-73,60,73,0,9,M172/16,AB6613,0,37
2026-07-27T06:59:02.072Z,cloudflare_catchup,cloudflare_catchup_20260726081142_11-15-H1-H2-101-102-39-73,60,73,0,10,M247,AB6171,1,18
2026-07-27T06:59:02.072Z,cloudflare_catchup,cloudflare_catchup_20260726081142_11-15-H1-H2-101-102-39-73,60,73,0,14,M172/7,AB6393,0,33
2026-07-27T06:59:02.072Z,cloudflare_catchup,cloudflare_catchup_20260726081142_11-15-H1-H2-101-102-39-73,60,73,0,24,T555/2,AB6136,0,10
2026-07-27T07:00:02.882Z,cloudflare_catchup,cloudflare_catchup_20260726081142_11-15-H1-H2-101-102-39-73,60,73,0,2,T557,AA3041,0,2
2026-07-27T07:00:02.882Z,cloudflare_catchup,cloudflare_catchup_20260726081142_11-15-H1-H2-101-102-39-73,60,73,0,8,T431,AA7619,0,44
2026-07-27T07:00:02.882Z,cloudflare_catchup,cloudflare_catchup_20260726081142_11-15-H1-H2-101-102-39-73,60,73,0,9,M172/16,AB6613,0,48
2026-07-27T07:00:02.882Z,cloudflare_catchup,cloudflare_catchup_20260726081142_11-15-H1-H2-101-102-39-73,60,73,0,10,M247,AB6171,0,23
2026-07-27T07:00:02.882Z,cloudflare_catchup,cloudflare_catchup_20260726081142_11-15-H1-H2-101-102-39-73,60,73,0,15,T430,AB6393,1,37
2026-07-27T07:00:02.882Z,cloudflare_catchup,cloudflare_catchup_20260726081142_11-15-H1-H2-101-102-39-73,60,73,0,25,T550/4,AB6136,1,0
2026-07-27T07:01:01.940Z,cloudflare_catchup,cloudflare_catchup_20260726081142_11-15-H1-H2-101-102-39-73,60,73,0,3,T558,AA3041,1,23
2026-07-27T07:01:01.940Z,cloudflare_catchup,cloudflare_catchup_20260726081142_11-15-H1-H2-101-102-39-73,60,73,0,8,T431,AA7619,0,46
2026-07-27T07:01:01.940Z,cloudflare_catchup,cloudflare_catchup_20260726081142_11-15-H1-H2-101-102-39-73,60,73,0,9,M172/16,AB6613,0,47
2026-07-27T07:01:01.940Z,cloudflare_catchup,cloudflare_catchup_20260726081142_11-15-H1-H2-101-102-39-73,60,73,0,11,M231,AB6171,1,30
2026-07-27T07:01:01.940Z,cloudflare_catchup,cloudflare_catchup_20260726081142_11-15-H1-H2-101-102-39-73,60,73,0,15,T430,AB6393,0,44
2026-07-27T07:01:01.940Z,cloudflare_catchup,cloudflare_catchup_20260726081142_11-15-H1-H2-101-102-39-73,60,73,0,25,T550/4,AB6136,1,0
2026-07-27T07:02:02.508Z,cloudflare_catchup,cloudflare_catchup_20260726081142_11-15-H1-H2-101-102-39-73,60,73,0,3,T558,AA3041,0,39
2026-07-27T07:02:02.508Z,cloudflare_catchup,cloudflare_catchup_20260726081142_11-15-H1-H2-101-102-39-73,60,73,0,8,T431,AA7619,0,48
2026-07-27T07:02:02.508Z,cloudflare_catchup,cloudflare_catchup_20260726081142_11-15-H1-H2-101-102-39-73,60,73,0,9,M172/16,AB6613,0,22
2026-07-27T07:02:02.508Z,cloudflare_catchup,cloudflare_catchup_20260726081142_11-15-H1-H2-101-102-39-73,60,73,0,11,M231,AB6171,0,11
2026-07-27T07:02:02.508Z,cloudflare_catchup,cloudflare_catchup_20260726081142_11-15-H1-H2-101-102-39-73,60,73,0,16,T328,AB6393,0,46
2026-07-27T07:02:02.508Z,cloudflare_catchup,cloudflare_catchup_20260726081142_11-15-H1-H2-101-102-39-73,60,73,0,25,T550/4,AB6136,1,0
2026-07-27T07:03:01.876Z,cloudflare_catchup,cloudflare_catchup_20260726081142_11-15-H1-H2-101-102-39-73,60,73,0,4,T551/1,AA3041,1,25
2026-07-27T07:03:01.876Z,cloudflare_catchup,cloudflare_catchup_20260726081142_11-15-H1-H2-101-102-39-73,60,73,0,8,T431,AA7619,0,28
2026-07-27T07:03:01.876Z,cloudflare_catchup,cloudflare_catchup_20260726081142_11-15-H1-H2-101-102-39-73,60,73,0,9,M172/16,AB6613,0,4
2026-07-27T07:03:01.876Z,cloudflare_catchup,cloudflare_catchup_20260726081142_11-15-H1-H2-101-102-39-73,60,73,0,12,M219,AB6171,1,24
2026-07-27T07:03:01.876Z,cloudflare_catchup,cloudflare_catchup_20260726081142_11-15-H1-H2-101-102-39-73,60,73,0,16,T328,AB6393,0,18
2026-07-27T07:03:01.876Z,cloudflare_catchup,cloudflare_catchup_20260726081142_11-15-H1-H2-101-102-39-73,60,73,0,25,T550/4,AB6136,1,0
2026-07-27T07:04:02.603Z,cloudflare_catchup,cloudflare_catchup_20260726081142_11-15-H1-H2-101-102-39-73,60,73,0,4,T551/1,AA3041,0,47
2026-07-27T07:04:02.603Z,cloudflare_catchup,cloudflare_catchup_20260726081142_11-15-H1-H2-101-102-39-73,60,73,0,9,M172/16,AB6613,0,29
2026-07-27T07:04:02.603Z,cloudflare_catchup,cloudflare_catchup_20260726081142_11-15-H1-H2-101-102-39-73,60,73,0,9,M172/16,AA7619,1,1
2026-07-27T07:04:02.603Z,cloudflare_catchup,cloudflare_catchup_20260726081142_11-15-H1-H2-101-102-39-73,60,73,0,12,M219,AB6171,1,8
2026-07-27T07:04:02.603Z,cloudflare_catchup,cloudflare_catchup_20260726081142_11-15-H1-H2-101-102-39-73,60,73,0,17,T420,AB6393,0,1
2026-07-27T07:04:02.603Z,cloudflare_catchup,cloudflare_catchup_20260726081142_11-15-H1-H2-101-102-39-73,60,73,0,25,T550/4,AB6136,1,0
2026-07-27T07:05:04.237Z,cloudflare_catchup,cloudflare_catchup_20260726081142_11-15-H1-H2-101-102-39-73,60,73,0,4,T551/1,AA3041,0,47
2026-07-27T07:05:04.237Z,cloudflare_catchup,cloudflare_catchup_20260726081142_11-15-H1-H2-101-102-39-73,60,73,0,9,M172/16,AA7619,1,2
2026-07-27T07:05:04.237Z,cloudflare_catchup,cloudflare_catchup_20260726081142_11-15-H1-H2-101-102-39-73,60,73,0,10,M247,AB6613,0,21
2026-07-27T07:05:04.237Z,cloudflare_catchup,cloudflare_catchup_20260726081142_11-15-H1-H2-101-102-39-73,60,73,0,12,M219,AB6171,0,10
2026-07-27T07:05:04.237Z,cloudflare_catchup,cloudflare_catchup_20260726081142_11-15-H1-H2-101-102-39-73,60,73,0,18,T422,AB6393,0,33
2026-07-27T07:06:02.546Z,cloudflare_catchup,cloudflare_catchup_20260726081142_11-15-H1-H2-101-102-39-73,60,73,0,0,T550/4,AA7601,0,16
2026-07-27T07:06:02.546Z,cloudflare_catchup,cloudflare_catchup_20260726081142_11-15-H1-H2-101-102-39-73,60,73,0,5,T425,AA3041,0,42
2026-07-27T07:06:02.546Z,cloudflare_catchup,cloudflare_catchup_20260726081142_11-15-H1-H2-101-102-39-73,60,73,0,9,M172/16,AA7619,0,5
2026-07-27T07:06:02.546Z,cloudflare_catchup,cloudflare_catchup_20260726081142_11-15-H1-H2-101-102-39-73,60,73,0,11,M231,AB6613,0,12
2026-07-27T07:06:02.546Z,cloudflare_catchup,cloudflare_catchup_20260726081142_11-15-H1-H2-101-102-39-73,60,73,0,12,M219,AB6171,0,9
2026-07-27T07:06:02.546Z,cloudflare_catchup,cloudflare_catchup_20260726081142_11-15-H1-H2-101-102-39-73,60,73,0,18,T422,AB6393,0,33
2026-07-27T07:07:01.947Z,cloudflare_catchup,cloudflare_catchup_20260726081142_11-15-H1-H2-101-102-39-73,60,73,0,1,T556,AA7601,1,29
2026-07-27T07:07:01.947Z,cloudflare_catchup,cloudflare_catchup_20260726081142_11-15-H1-H2-101-102-39-73,60,73,0,6,T423,AA3041,1,5
2026-07-27T07:07:01.947Z,cloudflare_catchup,cloudflare_catchup_20260726081142_11-15-H1-H2-101-102-39-73,60,73,0,9,M172/16,AA7619,0,46
2026-07-27T07:07:01.947Z,cloudflare_catchup,cloudflare_catchup_20260726081142_11-15-H1-H2-101-102-39-73,60,73,0,11,M231,AB6613,0,5
2026-07-27T07:07:01.947Z,cloudflare_catchup,cloudflare_catchup_20260726081142_11-15-H1-H2-101-102-39-73,60,73,0,13,M50,AB6171,1,17
2026-07-27T07:07:01.947Z,cloudflare_catchup,cloudflare_catchup_20260726081142_11-15-H1-H2-101-102-39-73,60,73,0,19,T424,AB6393,0,23
2026-07-27T07:08:02.452Z,cloudflare_catchup,cloudflare_catchup_20260726081142_11-15-H1-H2-101-102-39-73,60,73,0,1,T556,AA7601,0,31
2026-07-27T07:08:02.452Z,cloudflare_catchup,cloudflare_catchup_20260726081142_11-15-H1-H2-101-102-39-73,60,73,0,7,T421,AA3041,1,17
2026-07-27T07:08:02.452Z,cloudflare_catchup,cloudflare_catchup_20260726081142_11-15-H1-H2-101-102-39-73,60,73,0,9,M172/16,AA7619,0,37
2026-07-27T07:08:02.452Z,cloudflare_catchup,cloudflare_catchup_20260726081142_11-15-H1-H2-101-102-39-73,60,73,0,12,M219,AB6613,1,20
2026-07-27T07:08:02.452Z,cloudflare_catchup,cloudflare_catchup_20260726081142_11-15-H1-H2-101-102-39-73,60,73,0,13,M50,AB6171,0,40
2026-07-27T07:08:02.452Z,cloudflare_catchup,cloudflare_catchup_20260726081142_11-15-H1-H2-101-102-39-73,60,73,0,19,T424,AB6393,0,45
2026-07-27T07:09:01.874Z,cloudflare_catchup,cloudflare_catchup_20260726081142_11-15-H1-H2-101-102-39-73,60,73,0,2,T557,AA7601,1,23
2026-07-27T07:09:01.874Z,cloudflare_catchup,cloudflare_catchup_20260726081142_11-15-H1-H2-101-102-39-73,60,73,0,7,T421,AA3041,0,50
2026-07-27T07:09:01.874Z,cloudflare_catchup,cloudflare_catchup_20260726081142_11-15-H1-H2-101-102-39-73,60,73,0,9,M172/16,AA7619,0,40
2026-07-27T07:09:01.874Z,cloudflare_catchup,cloudflare_catchup_20260726081142_11-15-H1-H2-101-102-39-73,60,73,0,12,M219,AB6613,0,3
2026-07-27T07:09:01.874Z,cloudflare_catchup,cloudflare_catchup_20260726081142_11-15-H1-H2-101-102-39-73,60,73,0,13,M50,AB6171,0,47
2026-07-27T07:09:01.874Z,cloudflare_catchup,cloudflare_catchup_20260726081142_11-15-H1-H2-101-102-39-73,60,73,0,19,T424,AB6393,0,48
2026-07-27T07:10:02.615Z,cloudflare_catchup,cloudflare_catchup_20260726081142_11-15-H1-H2-101-102-39-73,60,73,0,3,T558,AA7601,0,30
2026-07-27T07:10:02.615Z,cloudflare_catchup,cloudflare_catchup_20260726081142_11-15-H1-H2-101-102-39-73,60,73,0,7,T421,AA3041,0,49
2026-07-27T07:10:02.615Z,cloudflare_catchup,cloudflare_catchup_20260726081142_11-15-H1-H2-101-102-39-73,60,73,0,9,M172/16,AA7619,0,48
2026-07-27T07:10:02.615Z,cloudflare_catchup,cloudflare_catchup_20260726081142_11-15-H1-H2-101-102-39-73,60,73,0,12,M219,AB6613,0,13
2026-07-27T07:10:02.615Z,cloudflare_catchup,cloudflare_catchup_20260726081142_11-15-H1-H2-101-102-39-73,60,73,0,13,M50,AB6171,0,48
2026-07-27T07:10:02.615Z,cloudflare_catchup,cloudflare_catchup_20260726081142_11-15-H1-H2-101-102-39-73,60,73,0,19,T424,AB6393,0,47
2026-07-27T07:11:01.897Z,cloudflare_catchup,cloudflare_catchup_20260726081142_11-15-H1-H2-101-102-39-73,60,73,0,3,T558,AA7601,0,38
2026-07-27T07:11:01.897Z,cloudflare_catchup,cloudflare_catchup_20260726081142_11-15-H1-H2-101-102-39-73,60,73,0,7,T421,AA3041,0,36
2026-07-27T07:11:01.897Z,cloudflare_catchup,cloudflare_catchup_20260726081142_11-15-H1-H2-101-102-39-73,60,73,0,9,M172/16,AA7619,0,28
2026-07-27T07:11:01.897Z,cloudflare_catchup,cloudflare_catchup_20260726081142_11-15-H1-H2-101-102-39-73,60,73,0,13,M50,AB6171,0,46
2026-07-27T07:11:01.897Z,cloudflare_catchup,cloudflare_catchup_20260726081142_11-15-H1-H2-101-102-39-73,60,73,0,13,M50,AB6613,1,25
2026-07-27T07:11:01.897Z,cloudflare_catchup,cloudflare_catchup_20260726081142_11-15-H1-H2-101-102-39-73,60,73,0,20,T559,AB6393,1,3
2026-07-27T07:12:02.841Z,cloudflare_catchup,cloudflare_catchup_20260726081142_11-15-H1-H2-101-102-39-73,60,73,0,4,T551/1,AA7601,0,48
2026-07-27T07:12:02.841Z,cloudflare_catchup,cloudflare_catchup_20260726081142_11-15-H1-H2-101-102-39-73,60,73,0,8,T431,AA3041,0,49
2026-07-27T07:12:02.841Z,cloudflare_catchup,cloudflare_catchup_20260726081142_11-15-H1-H2-101-102-39-73,60,73,0,9,M172/16,AA7619,0,11
2026-07-27T07:12:02.841Z,cloudflare_catchup,cloudflare_catchup_20260726081142_11-15-H1-H2-101-102-39-73,60,73,0,13,M50,AB6171,0,11
2026-07-27T07:12:02.841Z,cloudflare_catchup,cloudflare_catchup_20260726081142_11-15-H1-H2-101-102-39-73,60,73,0,13,M50,AB6613,0,43
2026-07-27T07:12:02.841Z,cloudflare_catchup,cloudflare_catchup_20260726081142_11-15-H1-H2-101-102-39-73,60,73,0,21,T552,AB6393,1,33
2026-07-27T07:13:01.826Z,cloudflare_catchup,cloudflare_catchup_20260726081142_11-15-H1-H2-101-102-39-73,60,73,0,0,T550/4,AB6136,1,13
2026-07-27T07:13:01.826Z,cloudflare_catchup,cloudflare_catchup_20260726081142_11-15-H1-H2-101-102-39-73,60,73,0,4,T551/1,AA7601,0,41
2026-07-27T07:13:01.826Z,cloudflare_catchup,cloudflare_catchup_20260726081142_11-15-H1-H2-101-102-39-73,60,73,0,8,T431,AA3041,0,42
2026-07-27T07:13:01.826Z,cloudflare_catchup,cloudflare_catchup_20260726081142_11-15-H1-H2-101-102-39-73,60,73,0,9,M172/16,AA7619,0,35
2026-07-27T07:13:01.826Z,cloudflare_catchup,cloudflare_catchup_20260726081142_11-15-H1-H2-101-102-39-73,60,73,0,13,M50,AB6171,0,42
2026-07-27T07:13:01.826Z,cloudflare_catchup,cloudflare_catchup_20260726081142_11-15-H1-H2-101-102-39-73,60,73,0,13,M50,AB6613,0,34
2026-07-27T07:13:01.826Z,cloudflare_catchup,cloudflare_catchup_20260726081142_11-15-H1-H2-101-102-39-73,60,73,0,23,T554,AB6393,1,18
2026-07-27T07:14:02.499Z,cloudflare_catchup,cloudflare_catchup_20260726081142_11-15-H1-H2-101-102-39-73,60,73,0,0,T550/4,AB6136,1,13
2026-07-27T07:14:02.499Z,cloudflare_catchup,cloudflare_catchup_20260726081142_11-15-H1-H2-101-102-39-73,60,73,0,0,T550/4,AA2825,1,10
2026-07-27T07:14:02.499Z,cloudflare_catchup,cloudflare_catchup_20260726081142_11-15-H1-H2-101-102-39-73,60,73,0,4,T551/1,AA7601,0,46
2026-07-27T07:14:02.499Z,cloudflare_catchup,cloudflare_catchup_20260726081142_11-15-H1-H2-101-102-39-73,60,73,0,8,T431,AA3041,0,48
2026-07-27T07:14:02.499Z,cloudflare_catchup,cloudflare_catchup_20260726081142_11-15-H1-H2-101-102-39-73,60,73,0,10,M247,AA7619,1,22
2026-07-27T07:14:02.499Z,cloudflare_catchup,cloudflare_catchup_20260726081142_11-15-H1-H2-101-102-39-73,60,73,0,13,M50,AB6613,0,48
2026-07-27T07:14:02.499Z,cloudflare_catchup,cloudflare_catchup_20260726081142_11-15-H1-H2-101-102-39-73,60,73,0,14,M172/7,AB6171,1,7
2026-07-27T07:14:02.499Z,cloudflare_catchup,cloudflare_catchup_20260726081142_11-15-H1-H2-101-102-39-73,60,73,0,23,T554,AB6393,0,40
2026-07-27T07:15:03.241Z,cloudflare_catchup,cloudflare_catchup_20260726081142_11-15-H1-H2-101-102-39-73,60,73,0,0,T550/4,AA2825,1,10
2026-07-27T07:15:03.241Z,cloudflare_catchup,cloudflare_catchup_20260726081142_11-15-H1-H2-101-102-39-73,60,73,0,0,T550/4,AB6136,0,26
2026-07-27T07:15:03.241Z,cloudflare_catchup,cloudflare_catchup_20260726081142_11-15-H1-H2-101-102-39-73,60,73,0,5,T425,AA7601,0,41
2026-07-27T07:15:03.241Z,cloudflare_catchup,cloudflare_catchup_20260726081142_11-15-H1-H2-101-102-39-73,60,73,0,8,T431,AA3041,0,46
2026-07-27T07:15:03.241Z,cloudflare_catchup,cloudflare_catchup_20260726081142_11-15-H1-H2-101-102-39-73,60,73,0,11,M231,AA7619,0,40
2026-07-27T07:15:03.241Z,cloudflare_catchup,cloudflare_catchup_20260726081142_11-15-H1-H2-101-102-39-73,60,73,0,13,M50,AB6613,0,47
2026-07-27T07:15:03.241Z,cloudflare_catchup,cloudflare_catchup_20260726081142_11-15-H1-H2-101-102-39-73,60,73,0,14,M172/7,AB6171,0,2
2026-07-27T07:15:03.241Z,cloudflare_catchup,cloudflare_catchup_20260726081142_11-15-H1-H2-101-102-39-73,60,73,0,24,T555/2,AB6393,1,7
2026-07-27T07:16:02.418Z,cloudflare_catchup,cloudflare_catchup_20260726081142_11-15-H1-H2-101-102-39-73,60,73,0,0,T550/4,AA2825,1,10
2026-07-27T07:16:02.418Z,cloudflare_catchup,cloudflare_catchup_20260726081142_11-15-H1-H2-101-102-39-73,60,73,0,1,T556,AB6136,0,34
2026-07-27T07:16:02.418Z,cloudflare_catchup,cloudflare_catchup_20260726081142_11-15-H1-H2-101-102-39-73,60,73,0,6,T423,AA7601,0,39
2026-07-27T07:16:02.418Z,cloudflare_catchup,cloudflare_catchup_20260726081142_11-15-H1-H2-101-102-39-73,60,73,0,8,T431,AA3041,0,47
2026-07-27T07:16:02.418Z,cloudflare_catchup,cloudflare_catchup_20260726081142_11-15-H1-H2-101-102-39-73,60,73,0,11,M231,AA7619,0,26
2026-07-27T07:16:02.418Z,cloudflare_catchup,cloudflare_catchup_20260726081142_11-15-H1-H2-101-102-39-73,60,73,0,13,M50,AB6613,0,4
2026-07-27T07:16:02.418Z,cloudflare_catchup,cloudflare_catchup_20260726081142_11-15-H1-H2-101-102-39-73,60,73,0,14,M172/7,AB6171,0,45
2026-07-27T07:16:02.418Z,cloudflare_catchup,cloudflare_catchup_20260726081142_11-15-H1-H2-101-102-39-73,60,73,0,24,T555/2,AB6393,0,48
2026-07-27T07:17:01.888Z,cloudflare_catchup,cloudflare_catchup_20260726081142_11-15-H1-H2-101-102-39-73,60,73,0,0,T550/4,AA2825,1,10
2026-07-27T07:17:01.888Z,cloudflare_catchup,cloudflare_catchup_20260726081142_11-15-H1-H2-101-102-39-73,60,73,0,2,T557,AB6136,1,35
2026-07-27T07:17:01.888Z,cloudflare_catchup,cloudflare_catchup_20260726081142_11-15-H1-H2-101-102-39-73,60,73,0,7,T421,AA7601,0,28
2026-07-27T07:17:01.888Z,cloudflare_catchup,cloudflare_catchup_20260726081142_11-15-H1-H2-101-102-39-73,60,73,0,9,M172/16,AA3041,1,14
2026-07-27T07:17:01.888Z,cloudflare_catchup,cloudflare_catchup_20260726081142_11-15-H1-H2-101-102-39-73,60,73,0,12,M219,AA7619,1,18
2026-07-27T07:17:01.888Z,cloudflare_catchup,cloudflare_catchup_20260726081142_11-15-H1-H2-101-102-39-73,60,73,0,13,M50,AB6613,0,11
2026-07-27T07:17:01.888Z,cloudflare_catchup,cloudflare_catchup_20260726081142_11-15-H1-H2-101-102-39-73,60,73,0,14,M172/7,AB6171,0,44
2026-07-27T07:17:01.888Z,cloudflare_catchup,cloudflare_catchup_20260726081142_11-15-H1-H2-101-102-39-73,60,73,0,25,T550/4,AB6393,1,0
2026-07-27T07:18:02.559Z,cloudflare_catchup,cloudflare_catchup_20260726081142_11-15-H1-H2-101-102-39-73,60,73,0,0,T550/4,AA2825,1,10
2026-07-27T07:18:02.559Z,cloudflare_catchup,cloudflare_catchup_20260726081142_11-15-H1-H2-101-102-39-73,60,73,0,3,T558,AB6136,0,20
2026-07-27T07:18:02.559Z,cloudflare_catchup,cloudflare_catchup_20260726081142_11-15-H1-H2-101-102-39-73,60,73,0,7,T421,AA7601,0,48
2026-07-27T07:18:02.559Z,cloudflare_catchup,cloudflare_catchup_20260726081142_11-15-H1-H2-101-102-39-73,60,73,0,9,M172/16,AA3041,0,5
2026-07-27T07:18:02.559Z,cloudflare_catchup,cloudflare_catchup_20260726081142_11-15-H1-H2-101-102-39-73,60,73,0,12,M219,AA7619,0,14
2026-07-27T07:18:02.559Z,cloudflare_catchup,cloudflare_catchup_20260726081142_11-15-H1-H2-101-102-39-73,60,73,0,14,M172/7,AB6171,0,44
2026-07-27T07:18:02.559Z,cloudflare_catchup,cloudflare_catchup_20260726081142_11-15-H1-H2-101-102-39-73,60,73,0,14,M172/7,AB6613,0,13
2026-07-27T07:18:02.559Z,cloudflare_catchup,cloudflare_catchup_20260726081142_11-15-H1-H2-101-102-39-73,60,73,0,25,T550/4,AB6393,1,0
2026-07-27T07:19:01.910Z,cloudflare_catchup,cloudflare_catchup_20260726081142_11-15-H1-H2-101-102-39-73,60,73,0,0,T550/4,AA2825,1,10
2026-07-27T07:19:01.910Z,cloudflare_catchup,cloudflare_catchup_20260726081142_11-15-H1-H2-101-102-39-73,60,73,0,3,T558,AB6136,0,38
2026-07-27T07:19:01.910Z,cloudflare_catchup,cloudflare_catchup_20260726081142_11-15-H1-H2-101-102-39-73,60,73,0,7,T421,AA7601,0,48
2026-07-27T07:19:01.910Z,cloudflare_catchup,cloudflare_catchup_20260726081142_11-15-H1-H2-101-102-39-73,60,73,0,9,M172/16,AA3041,0,48
2026-07-27T07:19:01.910Z,cloudflare_catchup,cloudflare_catchup_20260726081142_11-15-H1-H2-101-102-39-73,60,73,0,12,M219,AA7619,0,14
2026-07-27T07:19:01.910Z,cloudflare_catchup,cloudflare_catchup_20260726081142_11-15-H1-H2-101-102-39-73,60,73,0,14,M172/7,AB6171,0,48
2026-07-27T07:19:01.910Z,cloudflare_catchup,cloudflare_catchup_20260726081142_11-15-H1-H2-101-102-39-73,60,73,0,14,M172/7,AB6613,0,2
2026-07-27T07:19:01.910Z,cloudflare_catchup,cloudflare_catchup_20260726081142_11-15-H1-H2-101-102-39-73,60,73,0,25,T550/4,AB6393,1,0
2026-07-27T07:20:02.567Z,cloudflare_catchup,cloudflare_catchup_20260726081142_11-15-H1-H2-101-102-39-73,60,73,0,0,T550/4,AA2825,1,6
2026-07-27T07:20:02.567Z,cloudflare_catchup,cloudflare_catchup_20260726081142_11-15-H1-H2-101-102-39-73,60,73,0,4,T551/1,AB6136,0,47
2026-07-27T07:20:02.567Z,cloudflare_catchup,cloudflare_catchup_20260726081142_11-15-H1-H2-101-102-39-73,60,73,0,8,T431,AA7601,1,29
2026-07-27T07:20:02.567Z,cloudflare_catchup,cloudflare_catchup_20260726081142_11-15-H1-H2-101-102-39-73,60,73,0,9,M172/16,AA3041,0,35
2026-07-27T07:20:02.567Z,cloudflare_catchup,cloudflare_catchup_20260726081142_11-15-H1-H2-101-102-39-73,60,73,0,13,M50,AA7619,1,2
2026-07-27T07:20:02.567Z,cloudflare_catchup,cloudflare_catchup_20260726081142_11-15-H1-H2-101-102-39-73,60,73,0,14,M172/7,AB6171,0,50
2026-07-27T07:20:02.567Z,cloudflare_catchup,cloudflare_catchup_20260726081142_11-15-H1-H2-101-102-39-73,60,73,0,14,M172/7,AB6613,0,48
2026-07-27T07:20:02.567Z,cloudflare_catchup,cloudflare_catchup_20260726081142_11-15-H1-H2-101-102-39-73,60,73,0,25,T550/4,AB6393,1,0
2026-07-27T07:21:02.000Z,cloudflare_catchup,cloudflare_catchup_20260726081142_11-15-H1-H2-101-102-39-73,60,73,0,0,T550/4,AA2825,0,29
2026-07-27T07:21:02.000Z,cloudflare_catchup,cloudflare_catchup_20260726081142_11-15-H1-H2-101-102-39-73,60,73,0,4,T551/1,AB6136,0,46
2026-07-27T07:21:02.000Z,cloudflare_catchup,cloudflare_catchup_20260726081142_11-15-H1-H2-101-102-39-73,60,73,0,8,T431,AA7601,0,47
2026-07-27T07:21:02.000Z,cloudflare_catchup,cloudflare_catchup_20260726081142_11-15-H1-H2-101-102-39-73,60,73,0,9,M172/16,AA3041,0,8
2026-07-27T07:21:02.000Z,cloudflare_catchup,cloudflare_catchup_20260726081142_11-15-H1-H2-101-102-39-73,60,73,0,13,M50,AA7619,0,41
2026-07-27T07:21:02.000Z,cloudflare_catchup,cloudflare_catchup_20260726081142_11-15-H1-H2-101-102-39-73,60,73,0,14,M172/7,AB6613,0,48
2026-07-27T07:21:02.000Z,cloudflare_catchup,cloudflare_catchup_20260726081142_11-15-H1-H2-101-102-39-73,60,73,0,15,T430,AB6171,1,22
2026-07-27T07:21:02.000Z,cloudflare_catchup,cloudflare_catchup_20260726081142_11-15-H1-H2-101-102-39-73,60,73,0,25,T550/4,AB6393,1,0
2026-07-27T07:22:02.495Z,cloudflare_catchup,cloudflare_catchup_20260726081142_11-15-H1-H2-101-102-39-73,60,73,0,1,T556,AA2825,0,23
2026-07-27T07:22:02.495Z,cloudflare_catchup,cloudflare_catchup_20260726081142_11-15-H1-H2-101-102-39-73,60,73,0,4,T551/1,AB6136,0,40
2026-07-27T07:22:02.495Z,cloudflare_catchup,cloudflare_catchup_20260726081142_11-15-H1-H2-101-102-39-73,60,73,0,8,T431,AA7601,0,48
2026-07-27T07:22:02.495Z,cloudflare_catchup,cloudflare_catchup_20260726081142_11-15-H1-H2-101-102-39-73,60,73,0,9,M172/16,AA3041,0,39
2026-07-27T07:22:02.495Z,cloudflare_catchup,cloudflare_catchup_20260726081142_11-15-H1-H2-101-102-39-73,60,73,0,13,M50,AA7619,0,40
2026-07-27T07:22:02.495Z,cloudflare_catchup,cloudflare_catchup_20260726081142_11-15-H1-H2-101-102-39-73,60,73,0,14,M172/7,AB6613,0,48
2026-07-27T07:22:02.495Z,cloudflare_catchup,cloudflare_catchup_20260726081142_11-15-H1-H2-101-102-39-73,60,73,0,15,T430,AB6171,0,48
2026-07-27T07:23:01.834Z,cloudflare_catchup,cloudflare_catchup_20260726081142_11-15-H1-H2-101-102-39-73,60,73,0,1,T556,AA2825,0,36
2026-07-27T07:23:01.834Z,cloudflare_catchup,cloudflare_catchup_20260726081142_11-15-H1-H2-101-102-39-73,60,73,0,5,T425,AB6136,1,11
2026-07-27T07:23:01.834Z,cloudflare_catchup,cloudflare_catchup_20260726081142_11-15-H1-H2-101-102-39-73,60,73,0,8,T431,AA7601,0,44
2026-07-27T07:23:01.834Z,cloudflare_catchup,cloudflare_catchup_20260726081142_11-15-H1-H2-101-102-39-73,60,73,0,9,M172/16,AA3041,0,12
2026-07-27T07:23:01.834Z,cloudflare_catchup,cloudflare_catchup_20260726081142_11-15-H1-H2-101-102-39-73,60,73,0,13,M50,AA7619,0,48
2026-07-27T07:23:01.834Z,cloudflare_catchup,cloudflare_catchup_20260726081142_11-15-H1-H2-101-102-39-73,60,73,0,14,M172/7,AB6613,0,42
2026-07-27T07:23:01.834Z,cloudflare_catchup,cloudflare_catchup_20260726081142_11-15-H1-H2-101-102-39-73,60,73,0,16,T328,AB6171,1,26
2026-07-27T07:24:02.539Z,cloudflare_catchup,cloudflare_catchup_20260726081142_11-15-H1-H2-101-102-39-73,60,73,0,3,T558,AA2825,0,43
2026-07-27T07:24:02.539Z,cloudflare_catchup,cloudflare_catchup_20260726081142_11-15-H1-H2-101-102-39-73,60,73,0,6,T423,AB6136,1,9
2026-07-27T07:24:02.539Z,cloudflare_catchup,cloudflare_catchup_20260726081142_11-15-H1-H2-101-102-39-73,60,73,0,8,T431,AA7601,0,46
2026-07-27T07:24:02.539Z,cloudflare_catchup,cloudflare_catchup_20260726081142_11-15-H1-H2-101-102-39-73,60,73,0,9,M172/16,AA3041,0,19
2026-07-27T07:24:02.539Z,cloudflare_catchup,cloudflare_catchup_20260726081142_11-15-H1-H2-101-102-39-73,60,73,0,13,M50,AA7619,0,28
2026-07-27T07:24:02.539Z,cloudflare_catchup,cloudflare_catchup_20260726081142_11-15-H1-H2-101-102-39-73,60,73,0,14,M172/7,AB6613,0,42
2026-07-27T07:24:02.539Z,cloudflare_catchup,cloudflare_catchup_20260726081142_11-15-H1-H2-101-102-39-73,60,73,0,16,T328,AB6171,0,46
2026-07-27T07:25:03.456Z,cloudflare_catchup,cloudflare_catchup_20260726081142_11-15-H1-H2-101-102-39-73,60,73,0,3,T558,AA2825,0,40
2026-07-27T07:25:03.456Z,cloudflare_catchup,cloudflare_catchup_20260726081142_11-15-H1-H2-101-102-39-73,60,73,0,6,T423,AB6136,0,30
2026-07-27T07:25:03.456Z,cloudflare_catchup,cloudflare_catchup_20260726081142_11-15-H1-H2-101-102-39-73,60,73,0,8,T431,AA7601,0,29
2026-07-27T07:25:03.456Z,cloudflare_catchup,cloudflare_catchup_20260726081142_11-15-H1-H2-101-102-39-73,60,73,0,9,M172/16,AA3041,0,26
2026-07-27T07:25:03.456Z,cloudflare_catchup,cloudflare_catchup_20260726081142_11-15-H1-H2-101-102-39-73,60,73,0,13,M50,AA7619,0,9
2026-07-27T07:25:03.456Z,cloudflare_catchup,cloudflare_catchup_20260726081142_11-15-H1-H2-101-102-39-73,60,73,0,15,T430,AB6613,0,47
2026-07-27T07:25:03.456Z,cloudflare_catchup,cloudflare_catchup_20260726081142_11-15-H1-H2-101-102-39-73,60,73,0,16,T328,AB6171,0,32
2026-07-27T07:26:02.459Z,cloudflare_catchup,cloudflare_catchup_20260726081142_11-15-H1-H2-101-102-39-73,60,73,0,0,T550/4,AA2661,1,2
2026-07-27T07:26:02.459Z,cloudflare_catchup,cloudflare_catchup_20260726081142_11-15-H1-H2-101-102-39-73,60,73,0,4,T551/1,AA2825,0,29
2026-07-27T07:26:02.459Z,cloudflare_catchup,cloudflare_catchup_20260726081142_11-15-H1-H2-101-102-39-73,60,73,0,7,T421,AB6136,0,11
2026-07-27T07:26:02.459Z,cloudflare_catchup,cloudflare_catchup_20260726081142_11-15-H1-H2-101-102-39-73,60,73,0,9,M172/16,AA7601,1,9
2026-07-27T07:26:02.459Z,cloudflare_catchup,cloudflare_catchup_20260726081142_11-15-H1-H2-101-102-39-73,60,73,0,10,M247,AA3041,1,34
2026-07-27T07:26:02.459Z,cloudflare_catchup,cloudflare_catchup_20260726081142_11-15-H1-H2-101-102-39-73,60,73,0,13,M50,AA7619,0,33
2026-07-27T07:26:02.459Z,cloudflare_catchup,cloudflare_catchup_20260726081142_11-15-H1-H2-101-102-39-73,60,73,0,15,T430,AB6613,0,6
2026-07-27T07:26:02.459Z,cloudflare_catchup,cloudflare_catchup_20260726081142_11-15-H1-H2-101-102-39-73,60,73,0,17,T420,AB6171,1,31
2026-07-27T07:27:01.818Z,cloudflare_catchup,cloudflare_catchup_20260726081142_11-15-H1-H2-101-102-39-73,60,73,0,1,T556,AA2661,1,30
2026-07-27T07:27:01.818Z,cloudflare_catchup,cloudflare_catchup_20260726081142_11-15-H1-H2-101-102-39-73,60,73,0,4,T551/1,AA2825,0,48
2026-07-27T07:27:01.818Z,cloudflare_catchup,cloudflare_catchup_20260726081142_11-15-H1-H2-101-102-39-73,60,73,0,7,T421,AB6136,0,44
2026-07-27T07:27:01.818Z,cloudflare_catchup,cloudflare_catchup_20260726081142_11-15-H1-H2-101-102-39-73,60,73,0,9,M172/16,AA7601,0,19
2026-07-27T07:27:01.818Z,cloudflare_catchup,cloudflare_catchup_20260726081142_11-15-H1-H2-101-102-39-73,60,73,0,11,M231,AA3041,1,44
2026-07-27T07:27:01.818Z,cloudflare_catchup,cloudflare_catchup_20260726081142_11-15-H1-H2-101-102-39-73,60,73,0,14,M172/7,AA7619,0,14
2026-07-27T07:27:01.818Z,cloudflare_catchup,cloudflare_catchup_20260726081142_11-15-H1-H2-101-102-39-73,60,73,0,16,T328,AB6613,0,48
2026-07-27T07:27:01.818Z,cloudflare_catchup,cloudflare_catchup_20260726081142_11-15-H1-H2-101-102-39-73,60,73,0,17,T420,AB6171,0,48
2026-07-27T07:28:02.379Z,cloudflare_catchup,cloudflare_catchup_20260726081142_11-15-H1-H2-101-102-39-73,60,73,0,1,T556,AA2661,0,39
2026-07-27T07:28:02.379Z,cloudflare_catchup,cloudflare_catchup_20260726081142_11-15-H1-H2-101-102-39-73,60,73,0,4,T551/1,AA2825,0,49
2026-07-27T07:28:02.379Z,cloudflare_catchup,cloudflare_catchup_20260726081142_11-15-H1-H2-101-102-39-73,60,73,0,7,T421,AB6136,0,45
2026-07-27T07:28:02.379Z,cloudflare_catchup,cloudflare_catchup_20260726081142_11-15-H1-H2-101-102-39-73,60,73,0,9,M172/16,AA7601,0,42
2026-07-27T07:28:02.379Z,cloudflare_catchup,cloudflare_catchup_20260726081142_11-15-H1-H2-101-102-39-73,60,73,0,11,M231,AA3041,0,21
2026-07-27T07:28:02.379Z,cloudflare_catchup,cloudflare_catchup_20260726081142_11-15-H1-H2-101-102-39-73,60,73,0,14,M172/7,AA7619,0,9
2026-07-27T07:28:02.379Z,cloudflare_catchup,cloudflare_catchup_20260726081142_11-15-H1-H2-101-102-39-73,60,73,0,16,T328,AB6613,0,26
2026-07-27T07:28:02.379Z,cloudflare_catchup,cloudflare_catchup_20260726081142_11-15-H1-H2-101-102-39-73,60,73,0,18,T422,AB6171,0,15
2026-07-27T07:29:02.078Z,cloudflare_catchup,cloudflare_catchup_20260726081142_11-15-H1-H2-101-102-39-73,60,73,0,2,T557,AA2661,0,32
2026-07-27T07:29:02.078Z,cloudflare_catchup,cloudflare_catchup_20260726081142_11-15-H1-H2-101-102-39-73,60,73,0,5,T425,AA2825,0,31
2026-07-27T07:29:02.078Z,cloudflare_catchup,cloudflare_catchup_20260726081142_11-15-H1-H2-101-102-39-73,60,73,0,7,T421,AB6136,0,33
2026-07-27T07:29:02.078Z,cloudflare_catchup,cloudflare_catchup_20260726081142_11-15-H1-H2-101-102-39-73,60,73,0,9,M172/16,AA7601,0,49
2026-07-27T07:29:02.078Z,cloudflare_catchup,cloudflare_catchup_20260726081142_11-15-H1-H2-101-102-39-73,60,73,0,12,M219,AA3041,1,6
2026-07-27T07:29:02.078Z,cloudflare_catchup,cloudflare_catchup_20260726081142_11-15-H1-H2-101-102-39-73,60,73,0,14,M172/7,AA7619,0,48
2026-07-27T07:29:02.078Z,cloudflare_catchup,cloudflare_catchup_20260726081142_11-15-H1-H2-101-102-39-73,60,73,0,17,T420,AB6613,0,47
2026-07-27T07:29:02.078Z,cloudflare_catchup,cloudflare_catchup_20260726081142_11-15-H1-H2-101-102-39-73,60,73,0,19,T424,AB6171,0,29
2026-07-27T07:30:03.800Z,cloudflare_catchup,cloudflare_catchup_20260726081142_11-15-H1-H2-101-102-39-73,60,73,0,3,T558,AA2661,0,48
2026-07-27T07:30:03.800Z,cloudflare_catchup,cloudflare_catchup_20260726081142_11-15-H1-H2-101-102-39-73,60,73,0,6,T423,AA2825,0,35
2026-07-27T07:30:03.800Z,cloudflare_catchup,cloudflare_catchup_20260726081142_11-15-H1-H2-101-102-39-73,60,73,0,8,T431,AB6136,0,47
2026-07-27T07:30:03.800Z,cloudflare_catchup,cloudflare_catchup_20260726081142_11-15-H1-H2-101-102-39-73,60,73,0,9,M172/16,AA7601,0,42
2026-07-27T07:30:03.800Z,cloudflare_catchup,cloudflare_catchup_20260726081142_11-15-H1-H2-101-102-39-73,60,73,0,12,M219,AA3041,0,25
2026-07-27T07:30:03.800Z,cloudflare_catchup,cloudflare_catchup_20260726081142_11-15-H1-H2-101-102-39-73,60,73,0,14,M172/7,AA7619,0,44
2026-07-27T07:30:03.800Z,cloudflare_catchup,cloudflare_catchup_20260726081142_11-15-H1-H2-101-102-39-73,60,73,0,18,T422,AB6613,0,8
2026-07-27T07:30:03.800Z,cloudflare_catchup,cloudflare_catchup_20260726081142_11-15-H1-H2-101-102-39-73,60,73,0,19,T424,AB6171,0,42
2026-07-27T07:31:01.833Z,cloudflare_catchup,cloudflare_catchup_20260726081142_11-15-H1-H2-101-102-39-73,60,73,0,4,T551/1,AA2661,1,40
2026-07-27T07:31:01.833Z,cloudflare_catchup,cloudflare_catchup_20260726081142_11-15-H1-H2-101-102-39-73,60,73,0,7,T421,AA2825,0,8
2026-07-27T07:31:01.833Z,cloudflare_catchup,cloudflare_catchup_20260726081142_11-15-H1-H2-101-102-39-73,60,73,0,8,T431,AB6136,0,43
2026-07-27T07:31:01.833Z,cloudflare_catchup,cloudflare_catchup_20260726081142_11-15-H1-H2-101-102-39-73,60,73,0,9,M172/16,AA7601,0,32
2026-07-27T07:31:01.833Z,cloudflare_catchup,cloudflare_catchup_20260726081142_11-15-H1-H2-101-102-39-73,60,73,0,13,M50,AA3041,1,1
2026-07-27T07:31:01.833Z,cloudflare_catchup,cloudflare_catchup_20260726081142_11-15-H1-H2-101-102-39-73,60,73,0,14,M172/7,AA7619,0,46
2026-07-27T07:31:01.833Z,cloudflare_catchup,cloudflare_catchup_20260726081142_11-15-H1-H2-101-102-39-73,60,73,0,19,T424,AB6171,0,44
2026-07-27T07:31:01.833Z,cloudflare_catchup,cloudflare_catchup_20260726081142_11-15-H1-H2-101-102-39-73,60,73,0,19,T424,AB6613,1,35
2026-07-27T07:32:02.852Z,cloudflare_catchup,cloudflare_catchup_20260726081142_11-15-H1-H2-101-102-39-73,60,73,0,4,T551/1,AA2661,0,48
2026-07-27T07:32:02.852Z,cloudflare_catchup,cloudflare_catchup_20260726081142_11-15-H1-H2-101-102-39-73,60,73,0,7,T421,AA2825,0,34
2026-07-27T07:32:02.852Z,cloudflare_catchup,cloudflare_catchup_20260726081142_11-15-H1-H2-101-102-39-73,60,73,0,8,T431,AB6136,0,47
2026-07-27T07:32:02.852Z,cloudflare_catchup,cloudflare_catchup_20260726081142_11-15-H1-H2-101-102-39-73,60,73,0,9,M172/16,AA7601,0,31
2026-07-27T07:32:02.852Z,cloudflare_catchup,cloudflare_catchup_20260726081142_11-15-H1-H2-101-102-39-73,60,73,0,13,M50,AA3041,0,50
2026-07-27T07:32:02.852Z,cloudflare_catchup,cloudflare_catchup_20260726081142_11-15-H1-H2-101-102-39-73,60,73,0,14,M172/7,AA7619,0,45
2026-07-27T07:32:02.852Z,cloudflare_catchup,cloudflare_catchup_20260726081142_11-15-H1-H2-101-102-39-73,60,73,0,19,T424,AB6171,0,31
2026-07-27T07:32:02.852Z,cloudflare_catchup,cloudflare_catchup_20260726081142_11-15-H1-H2-101-102-39-73,60,73,0,19,T424,AB6613,0,48
2026-07-27T07:33:01.747Z,cloudflare_catchup,cloudflare_catchup_20260726081142_11-15-H1-H2-101-102-39-73,60,73,0,0,T550/4,AA5945,0,34
2026-07-27T07:33:01.747Z,cloudflare_catchup,cloudflare_catchup_20260726081142_11-15-H1-H2-101-102-39-73,60,73,0,4,T551/1,AA2661,0,48
2026-07-27T07:33:01.747Z,cloudflare_catchup,cloudflare_catchup_20260726081142_11-15-H1-H2-101-102-39-73,60,73,0,7,T421,AA2825,0,44
2026-07-27T07:33:01.747Z,cloudflare_catchup,cloudflare_catchup_20260726081142_11-15-H1-H2-101-102-39-73,60,73,0,8,T431,AB6136,0,44
2026-07-27T07:33:01.747Z,cloudflare_catchup,cloudflare_catchup_20260726081142_11-15-H1-H2-101-102-39-73,60,73,0,9,M172/16,AA7601,0,18
2026-07-27T07:33:01.747Z,cloudflare_catchup,cloudflare_catchup_20260726081142_11-15-H1-H2-101-102-39-73,60,73,0,13,M50,AA3041,0,46
2026-07-27T07:33:01.747Z,cloudflare_catchup,cloudflare_catchup_20260726081142_11-15-H1-H2-101-102-39-73,60,73,0,14,M172/7,AA7619,0,49
2026-07-27T07:33:01.747Z,cloudflare_catchup,cloudflare_catchup_20260726081142_11-15-H1-H2-101-102-39-73,60,73,0,19,T424,AB6613,0,29
2026-07-27T07:33:01.747Z,cloudflare_catchup,cloudflare_catchup_20260726081142_11-15-H1-H2-101-102-39-73,60,73,0,20,T559,AB6171,1,23
2026-07-27T07:34:02.425Z,cloudflare_catchup,cloudflare_catchup_20260726081142_11-15-H1-H2-101-102-39-73,60,73,0,1,T556,AA5945,0,25
2026-07-27T07:34:02.425Z,cloudflare_catchup,cloudflare_catchup_20260726081142_11-15-H1-H2-101-102-39-73,60,73,0,4,T551/1,AA2661,0,21
2026-07-27T07:34:02.425Z,cloudflare_catchup,cloudflare_catchup_20260726081142_11-15-H1-H2-101-102-39-73,60,73,0,7,T421,AA2825,0,41
2026-07-27T07:34:02.425Z,cloudflare_catchup,cloudflare_catchup_20260726081142_11-15-H1-H2-101-102-39-73,60,73,0,8,T431,AB6136,0,44
2026-07-27T07:34:02.425Z,cloudflare_catchup,cloudflare_catchup_20260726081142_11-15-H1-H2-101-102-39-73,60,73,0,9,M172/16,AA7601,0,18
2026-07-27T07:34:02.425Z,cloudflare_catchup,cloudflare_catchup_20260726081142_11-15-H1-H2-101-102-39-73,60,73,0,13,M50,AA3041,0,47
2026-07-27T07:34:02.425Z,cloudflare_catchup,cloudflare_catchup_20260726081142_11-15-H1-H2-101-102-39-73,60,73,0,15,T430,AA7619,0,5
2026-07-27T07:34:02.425Z,cloudflare_catchup,cloudflare_catchup_20260726081142_11-15-H1-H2-101-102-39-73,60,73,0,19,T424,AB6613,0,46
2026-07-27T07:34:02.425Z,cloudflare_catchup,cloudflare_catchup_20260726081142_11-15-H1-H2-101-102-39-73,60,73,0,21,T552,AB6171,0,34
2026-07-27T07:35:03.459Z,cloudflare_catchup,cloudflare_catchup_20260726081142_11-15-H1-H2-101-102-39-73,60,73,0,2,T557,AA5945,1,41
2026-07-27T07:35:03.459Z,cloudflare_catchup,cloudflare_catchup_20260726081142_11-15-H1-H2-101-102-39-73,60,73,0,5,T425,AA2661,0,43
2026-07-27T07:35:03.459Z,cloudflare_catchup,cloudflare_catchup_20260726081142_11-15-H1-H2-101-102-39-73,60,73,0,8,T431,AA2825,0,40
2026-07-27T07:35:03.459Z,cloudflare_catchup,cloudflare_catchup_20260726081142_11-15-H1-H2-101-102-39-73,60,73,0,9,M172/16,AA7601,0,36
2026-07-27T07:35:03.459Z,cloudflare_catchup,cloudflare_catchup_20260726081142_11-15-H1-H2-101-102-39-73,60,73,0,9,M172/16,AB6136,0,28
2026-07-27T07:35:03.459Z,cloudflare_catchup,cloudflare_catchup_20260726081142_11-15-H1-H2-101-102-39-73,60,73,0,13,M50,AA3041,0,22
2026-07-27T07:35:03.459Z,cloudflare_catchup,cloudflare_catchup_20260726081142_11-15-H1-H2-101-102-39-73,60,73,0,15,T430,AA7619,0,31
2026-07-27T07:35:03.459Z,cloudflare_catchup,cloudflare_catchup_20260726081142_11-15-H1-H2-101-102-39-73,60,73,0,20,T559,AB6613,1,27
2026-07-27T07:35:03.459Z,cloudflare_catchup,cloudflare_catchup_20260726081142_11-15-H1-H2-101-102-39-73,60,73,0,23,T554,AB6171,1,21
2026-07-27T07:36:02.366Z,cloudflare_catchup,cloudflare_catchup_20260726081142_11-15-H1-H2-101-102-39-73,60,73,0,3,T558,AA5945,0,33
2026-07-27T07:36:02.366Z,cloudflare_catchup,cloudflare_catchup_20260726081142_11-15-H1-H2-101-102-39-73,60,73,0,6,T423,AA2661,0,41
2026-07-27T07:36:02.366Z,cloudflare_catchup,cloudflare_catchup_20260726081142_11-15-H1-H2-101-102-39-73,60,73,0,8,T431,AA2825,0,35
2026-07-27T07:36:02.366Z,cloudflare_catchup,cloudflare_catchup_20260726081142_11-15-H1-H2-101-102-39-73,60,73,0,9,M172/16,AB6136,0,47
2026-07-27T07:36:02.366Z,cloudflare_catchup,cloudflare_catchup_20260726081142_11-15-H1-H2-101-102-39-73,60,73,0,10,M247,AA7601,0,14
2026-07-27T07:36:02.366Z,cloudflare_catchup,cloudflare_catchup_20260726081142_11-15-H1-H2-101-102-39-73,60,73,0,13,M50,AA3041,0,17
2026-07-27T07:36:02.366Z,cloudflare_catchup,cloudflare_catchup_20260726081142_11-15-H1-H2-101-102-39-73,60,73,0,16,T328,AA7619,0,44
2026-07-27T07:36:02.366Z,cloudflare_catchup,cloudflare_catchup_20260726081142_11-15-H1-H2-101-102-39-73,60,73,0,21,T552,AB6613,0,48
2026-07-27T07:36:02.366Z,cloudflare_catchup,cloudflare_catchup_20260726081142_11-15-H1-H2-101-102-39-73,60,73,0,23,T554,AB6171,0,49
2026-07-27T07:37:02.043Z,cloudflare_catchup,cloudflare_catchup_20260726081142_11-15-H1-H2-101-102-39-73,60,73,0,3,T558,AA5945,0,35
2026-07-27T07:37:02.043Z,cloudflare_catchup,cloudflare_catchup_20260726081142_11-15-H1-H2-101-102-39-73,60,73,0,7,T421,AA2661,0,27
2026-07-27T07:37:02.043Z,cloudflare_catchup,cloudflare_catchup_20260726081142_11-15-H1-H2-101-102-39-73,60,73,0,8,T431,AA2825,0,47
2026-07-27T07:37:02.043Z,cloudflare_catchup,cloudflare_catchup_20260726081142_11-15-H1-H2-101-102-39-73,60,73,0,9,M172/16,AB6136,0,29
2026-07-27T07:37:02.043Z,cloudflare_catchup,cloudflare_catchup_20260726081142_11-15-H1-H2-101-102-39-73,60,73,0,11,M231,AA7601,1,10
2026-07-27T07:37:02.043Z,cloudflare_catchup,cloudflare_catchup_20260726081142_11-15-H1-H2-101-102-39-73,60,73,0,13,M50,AA3041,0,29
2026-07-27T07:37:02.043Z,cloudflare_catchup,cloudflare_catchup_20260726081142_11-15-H1-H2-101-102-39-73,60,73,0,16,T328,AA7619,0,25
2026-07-27T07:37:02.043Z,cloudflare_catchup,cloudflare_catchup_20260726081142_11-15-H1-H2-101-102-39-73,60,73,0,23,T554,AB6613,1,30
2026-07-27T07:37:02.043Z,cloudflare_catchup,cloudflare_catchup_20260726081142_11-15-H1-H2-101-102-39-73,60,73,0,24,T555/2,AB6171,1,4
