timestamp,source,scan_id,poll_interval_sec,route,direction,station_index,staCode,busPlate,status,speed
2026-08-02T11:29:13.113Z,deep_scan,20260802112912_1A-4-7-8-17-28C,30,28C,0,5,M157,AB5657,1,2
2026-08-02T11:29:13.113Z,deep_scan,20260802112912_1A-4-7-8-17-28C,30,28C,0,15,M43,AB5457,0,30
2026-08-02T11:29:13.113Z,deep_scan,20260802112912_1A-4-7-8-17-28C,30,28C,0,19,M244,AB5767,1,8
2026-08-02T11:29:13.113Z,deep_scan,20260802112912_1A-4-7-8-17-28C,30,28C,0,23,M98,AB4326,0,11
2026-08-02T11:29:13.113Z,deep_scan,20260802112912_1A-4-7-8-17-28C,30,28C,0,35,M62/3,AB4355,1,0
2026-08-02T11:29:43.030Z,deep_scan,20260802112912_1A-4-7-8-17-28C,30,28C,0,5,M157,AB5657,0,34
2026-08-02T11:29:43.030Z,deep_scan,20260802112912_1A-4-7-8-17-28C,30,28C,0,16,M40,AB5457,1,31
2026-08-02T11:29:43.030Z,deep_scan,20260802112912_1A-4-7-8-17-28C,30,28C,0,19,M244,AB5767,0,19
2026-08-02T11:29:43.030Z,deep_scan,20260802112912_1A-4-7-8-17-28C,30,28C,0,23,M98,AB4326,0,11
2026-08-02T11:29:43.030Z,deep_scan,20260802112912_1A-4-7-8-17-28C,30,28C,0,35,M62/3,AB4355,1,0
2026-08-02T11:30:13.102Z,deep_scan,20260802112912_1A-4-7-8-17-28C,30,28C,0,6,M163,AB5657,1,21
2026-08-02T11:30:13.102Z,deep_scan,20260802112912_1A-4-7-8-17-28C,30,28C,0,16,M40,AB5457,0,31
2026-08-02T11:30:13.102Z,deep_scan,20260802112912_1A-4-7-8-17-28C,30,28C,0,19,M244,AB5767,0,27
2026-08-02T11:30:13.102Z,deep_scan,20260802112912_1A-4-7-8-17-28C,30,28C,0,23,M98,AB4326,0,11
2026-08-02T11:30:13.102Z,deep_scan,20260802112912_1A-4-7-8-17-28C,30,28C,0,35,M62/3,AB4355,1,0
2026-08-02T11:30:43.178Z,deep_scan,20260802112912_1A-4-7-8-17-28C,30,28C,0,6,M163,AB5657,0,4
2026-08-02T11:30:43.178Z,deep_scan,20260802112912_1A-4-7-8-17-28C,30,28C,0,16,M40,AB5457,0,21
2026-08-02T11:30:43.178Z,deep_scan,20260802112912_1A-4-7-8-17-28C,30,28C,0,20,M216,AB5767,1,2
2026-08-02T11:30:43.178Z,deep_scan,20260802112912_1A-4-7-8-17-28C,30,28C,0,24,M88,AB4326,1,20
2026-08-02T11:30:43.178Z,deep_scan,20260802112912_1A-4-7-8-17-28C,30,28C,0,35,M62/3,AB4355,1,0
2026-08-02T11:31:13.124Z,deep_scan,20260802112912_1A-4-7-8-17-28C,30,28C,0,7,M164,AB5657,1,13
2026-08-02T11:31:13.124Z,deep_scan,20260802112912_1A-4-7-8-17-28C,30,28C,0,16,M40,AB5457,0,21
2026-08-02T11:31:13.124Z,deep_scan,20260802112912_1A-4-7-8-17-28C,30,28C,0,20,M216,AB5767,0,4
2026-08-02T11:31:13.124Z,deep_scan,20260802112912_1A-4-7-8-17-28C,30,28C,0,24,M88,AB4326,1,8
2026-08-02T11:31:13.124Z,deep_scan,20260802112912_1A-4-7-8-17-28C,30,28C,0,35,M62/3,AB4355,1,0
2026-08-02T11:31:43.085Z,deep_scan,20260802112912_1A-4-7-8-17-28C,30,28C,0,7,M164,AB5657,0,37
2026-08-02T11:31:43.085Z,deep_scan,20260802112912_1A-4-7-8-17-28C,30,28C,0,16,M40,AB5457,0,21
2026-08-02T11:31:43.085Z,deep_scan,20260802112912_1A-4-7-8-17-28C,30,28C,0,20,M216,AB5767,0,2
2026-08-02T11:31:43.085Z,deep_scan,20260802112912_1A-4-7-8-17-28C,30,28C,0,24,M88,AB4326,1,9
2026-08-02T11:31:43.085Z,deep_scan,20260802112912_1A-4-7-8-17-28C,30,28C,0,35,M62/3,AB4355,1,0
2026-08-02T11:32:13.099Z,deep_scan,20260802112912_1A-4-7-8-17-28C,30,28C,0,8,M151,AB5657,0,18
2026-08-02T11:32:13.099Z,deep_scan,20260802112912_1A-4-7-8-17-28C,30,28C,0,17,M28/2,AB5457,1,5
2026-08-02T11:32:13.099Z,deep_scan,20260802112912_1A-4-7-8-17-28C,30,28C,0,20,M216,AB5767,0,46
2026-08-02T11:32:13.099Z,deep_scan,20260802112912_1A-4-7-8-17-28C,30,28C,0,24,M88,AB4326,1,9
2026-08-02T11:32:13.099Z,deep_scan,20260802112912_1A-4-7-8-17-28C,30,28C,0,35,M62/3,AB4355,1,0
2026-08-02T11:32:43.054Z,deep_scan,20260802112912_1A-4-7-8-17-28C,30,28C,0,8,M151,AB5657,0,34
2026-08-02T11:32:43.054Z,deep_scan,20260802112912_1A-4-7-8-17-28C,30,28C,0,17,M28/2,AB5457,0,21
2026-08-02T11:32:43.054Z,deep_scan,20260802112912_1A-4-7-8-17-28C,30,28C,0,20,M216,AB5767,0,26
2026-08-02T11:32:43.054Z,deep_scan,20260802112912_1A-4-7-8-17-28C,30,28C,0,24,M88,AB4326,0,24
2026-08-02T11:32:43.054Z,deep_scan,20260802112912_1A-4-7-8-17-28C,30,28C,0,35,M62/3,AB4355,1,0
2026-08-02T11:33:13.149Z,deep_scan,20260802112912_1A-4-7-8-17-28C,30,28C,0,9,M150,AB5657,1,15
2026-08-02T11:33:13.149Z,deep_scan,20260802112912_1A-4-7-8-17-28C,30,28C,0,17,M28/2,AB5457,0,3
2026-08-02T11:33:13.149Z,deep_scan,20260802112912_1A-4-7-8-17-28C,30,28C,0,21,M225,AB5767,1,5
2026-08-02T11:33:13.149Z,deep_scan,20260802112912_1A-4-7-8-17-28C,30,28C,0,24,M88,AB4326,0,32
2026-08-02T11:33:13.149Z,deep_scan,20260802112912_1A-4-7-8-17-28C,30,28C,0,35,M62/3,AB4355,1,0
2026-08-02T11:33:43.111Z,deep_scan,20260802112912_1A-4-7-8-17-28C,30,28C,0,9,M150,AB5657,1,7
2026-08-02T11:33:43.111Z,deep_scan,20260802112912_1A-4-7-8-17-28C,30,28C,0,17,M28/2,AB5457,0,17
2026-08-02T11:33:43.111Z,deep_scan,20260802112912_1A-4-7-8-17-28C,30,28C,0,21,M225,AB5767,0,20
2026-08-02T11:33:43.111Z,deep_scan,20260802112912_1A-4-7-8-17-28C,30,28C,0,24,M88,AB4326,0,32
2026-08-02T11:34:13.123Z,deep_scan,20260802112912_1A-4-7-8-17-28C,30,28C,0,9,M150,AB5657,0,8
2026-08-02T11:34:13.123Z,deep_scan,20260802112912_1A-4-7-8-17-28C,30,28C,0,17,M28/2,AB5457,0,16
2026-08-02T11:34:13.123Z,deep_scan,20260802112912_1A-4-7-8-17-28C,30,28C,0,21,M225,AB5767,0,29
2026-08-02T11:34:13.123Z,deep_scan,20260802112912_1A-4-7-8-17-28C,30,28C,0,24,M88,AB4326,0,1
2026-08-02T11:34:43.120Z,deep_scan,20260802112912_1A-4-7-8-17-28C,30,28C,0,10,M148,AB5657,1,2
2026-08-02T11:34:43.120Z,deep_scan,20260802112912_1A-4-7-8-17-28C,30,28C,0,18,M227,AB5457,1,18
2026-08-02T11:34:43.120Z,deep_scan,20260802112912_1A-4-7-8-17-28C,30,28C,0,21,M225,AB5767,0,32
2026-08-02T11:34:43.120Z,deep_scan,20260802112912_1A-4-7-8-17-28C,30,28C,0,24,M88,AB4326,0,1
2026-08-02T11:35:13.211Z,deep_scan,20260802112912_1A-4-7-8-17-28C,30,28C,0,10,M148,AB5657,1,2
2026-08-02T11:35:13.211Z,deep_scan,20260802112912_1A-4-7-8-17-28C,30,28C,0,18,M227,AB5457,0,25
2026-08-02T11:35:13.211Z,deep_scan,20260802112912_1A-4-7-8-17-28C,30,28C,0,21,M225,AB5767,0,3
2026-08-02T11:35:13.211Z,deep_scan,20260802112912_1A-4-7-8-17-28C,30,28C,0,24,M88,AB4326,0,17
2026-08-02T11:35:43.202Z,deep_scan,20260802112912_1A-4-7-8-17-28C,30,28C,0,10,M148,AB5657,0,24
2026-08-02T11:35:43.202Z,deep_scan,20260802112912_1A-4-7-8-17-28C,30,28C,0,18,M227,AB5457,0,15
2026-08-02T11:35:43.202Z,deep_scan,20260802112912_1A-4-7-8-17-28C,30,28C,0,22,M16/2,AB5767,1,3
2026-08-02T11:35:43.202Z,deep_scan,20260802112912_1A-4-7-8-17-28C,30,28C,0,25,M72,AB4326,1,25
2026-08-02T11:36:13.172Z,deep_scan,20260802112912_1A-4-7-8-17-28C,30,28C,0,10,M148,AB5657,0,21
2026-08-02T11:36:13.172Z,deep_scan,20260802112912_1A-4-7-8-17-28C,30,28C,0,19,M244,AB5457,1,11
2026-08-02T11:36:13.172Z,deep_scan,20260802112912_1A-4-7-8-17-28C,30,28C,0,22,M16/2,AB5767,0,27
2026-08-02T11:36:13.172Z,deep_scan,20260802112912_1A-4-7-8-17-28C,30,28C,0,26,M149,AB4326,1,31
2026-08-02T11:36:43.169Z,deep_scan,20260802112912_1A-4-7-8-17-28C,30,28C,0,10,M148,AB5657,0,19
2026-08-02T11:36:43.169Z,deep_scan,20260802112912_1A-4-7-8-17-28C,30,28C,0,19,M244,AB5457,1,11
2026-08-02T11:36:43.169Z,deep_scan,20260802112912_1A-4-7-8-17-28C,30,28C,0,22,M16/2,AB5767,0,27
2026-08-02T11:36:43.169Z,deep_scan,20260802112912_1A-4-7-8-17-28C,30,28C,0,26,M149,AB4326,0,25
2026-08-02T11:37:13.197Z,deep_scan,20260802112912_1A-4-7-8-17-28C,30,28C,0,0,M62/3,AB6214,1,7
2026-08-02T11:37:13.197Z,deep_scan,20260802112912_1A-4-7-8-17-28C,30,28C,0,10,M148,AB5657,0,19
2026-08-02T11:37:13.197Z,deep_scan,20260802112912_1A-4-7-8-17-28C,30,28C,0,19,M244,AB5457,1,8
2026-08-02T11:37:13.197Z,deep_scan,20260802112912_1A-4-7-8-17-28C,30,28C,0,22,M16/2,AB5767,0,15
2026-08-02T11:37:13.197Z,deep_scan,20260802112912_1A-4-7-8-17-28C,30,28C,0,27,M145/2,AB4326,1,12
2026-08-02T11:37:43.109Z,deep_scan,20260802112912_1A-4-7-8-17-28C,30,28C,0,0,M62/3,AB6214,0,27
2026-08-02T11:37:43.109Z,deep_scan,20260802112912_1A-4-7-8-17-28C,30,28C,0,10,M148,AB5657,0,4
2026-08-02T11:37:43.109Z,deep_scan,20260802112912_1A-4-7-8-17-28C,30,28C,0,19,M244,AB5457,0,23
2026-08-02T11:37:43.109Z,deep_scan,20260802112912_1A-4-7-8-17-28C,30,28C,0,22,M16/2,AB5767,0,15
2026-08-02T11:37:43.109Z,deep_scan,20260802112912_1A-4-7-8-17-28C,30,28C,0,27,M145/2,AB4326,1,3
2026-08-02T11:38:13.181Z,deep_scan,20260802112912_1A-4-7-8-17-28C,30,28C,0,0,M62/3,AB6214,0,30
2026-08-02T11:38:13.181Z,deep_scan,20260802112912_1A-4-7-8-17-28C,30,28C,0,10,M148,AB5657,0,4
2026-08-02T11:38:13.181Z,deep_scan,20260802112912_1A-4-7-8-17-28C,30,28C,0,19,M244,AB5457,0,8
2026-08-02T11:38:13.181Z,deep_scan,20260802112912_1A-4-7-8-17-28C,30,28C,0,22,M16/2,AB5767,0,15
2026-08-02T11:38:13.181Z,deep_scan,20260802112912_1A-4-7-8-17-28C,30,28C,0,27,M145/2,AB4326,1,2
2026-08-02T11:38:43.181Z,deep_scan,20260802112912_1A-4-7-8-17-28C,30,28C,0,1,M117,AB6214,1,13
2026-08-02T11:38:43.181Z,deep_scan,20260802112912_1A-4-7-8-17-28C,30,28C,0,10,M148,AB5657,0,20
2026-08-02T11:38:43.181Z,deep_scan,20260802112912_1A-4-7-8-17-28C,30,28C,0,19,M244,AB5457,0,9
2026-08-02T11:38:43.181Z,deep_scan,20260802112912_1A-4-7-8-17-28C,30,28C,0,22,M16/2,AB5767,0,16
2026-08-02T11:38:43.181Z,deep_scan,20260802112912_1A-4-7-8-17-28C,30,28C,0,28,M165,AB4326,1,25
2026-08-02T11:39:13.222Z,deep_scan,20260802112912_1A-4-7-8-17-28C,30,28C,0,1,M117,AB6214,0,31
2026-08-02T11:39:13.222Z,deep_scan,20260802112912_1A-4-7-8-17-28C,30,28C,0,11,M76/1,AB5657,1,22
2026-08-02T11:39:13.222Z,deep_scan,20260802112912_1A-4-7-8-17-28C,30,28C,0,20,M216,AB5457,1,31
2026-08-02T11:39:13.222Z,deep_scan,20260802112912_1A-4-7-8-17-28C,30,28C,0,22,M16/2,AB5767,0,22
2026-08-02T11:39:13.222Z,deep_scan,20260802112912_1A-4-7-8-17-28C,30,28C,0,28,M165,AB4326,0,12
2026-08-02T11:39:43.157Z,deep_scan,20260802112912_1A-4-7-8-17-28C,30,28C,0,2,M241,AB6214,1,11
2026-08-02T11:39:43.157Z,deep_scan,20260802112912_1A-4-7-8-17-28C,30,28C,0,11,M76/1,AB5657,1,14
2026-08-02T11:39:43.157Z,deep_scan,20260802112912_1A-4-7-8-17-28C,30,28C,0,20,M216,AB5457,1,31
2026-08-02T11:39:43.157Z,deep_scan,20260802112912_1A-4-7-8-17-28C,30,28C,0,22,M16/2,AB5767,0,6
2026-08-02T11:39:43.157Z,deep_scan,20260802112912_1A-4-7-8-17-28C,30,28C,0,28,M165,AB4326,0,24
2026-08-02T11:40:13.229Z,deep_scan,20260802112912_1A-4-7-8-17-28C,30,28C,0,3,M71,AB6214,1,9
2026-08-02T11:40:13.229Z,deep_scan,20260802112912_1A-4-7-8-17-28C,30,28C,0,11,M76/1,AB5657,1,1
2026-08-02T11:40:13.229Z,deep_scan,20260802112912_1A-4-7-8-17-28C,30,28C,0,20,M216,AB5457,0,19
2026-08-02T11:40:13.229Z,deep_scan,20260802112912_1A-4-7-8-17-28C,30,28C,0,22,M16/2,AB5767,0,6
2026-08-02T11:40:13.229Z,deep_scan,20260802112912_1A-4-7-8-17-28C,30,28C,0,29,M163,AB4326,1,22
2026-08-02T11:40:43.212Z,deep_scan,20260802112912_1A-4-7-8-17-28C,30,28C,0,3,M71,AB6214,1,9
2026-08-02T11:40:43.212Z,deep_scan,20260802112912_1A-4-7-8-17-28C,30,28C,0,11,M76/1,AB5657,0,2
2026-08-02T11:40:43.212Z,deep_scan,20260802112912_1A-4-7-8-17-28C,30,28C,0,20,M216,AB5457,0,8
2026-08-02T11:40:43.212Z,deep_scan,20260802112912_1A-4-7-8-17-28C,30,28C,0,23,M98,AB5767,1,16
2026-08-02T11:40:43.212Z,deep_scan,20260802112912_1A-4-7-8-17-28C,30,28C,0,29,M163,AB4326,0,19
2026-08-02T11:41:13.260Z,deep_scan,20260802112912_1A-4-7-8-17-28C,30,28C,0,4,M155,AB6214,1,23
2026-08-02T11:41:13.260Z,deep_scan,20260802112912_1A-4-7-8-17-28C,30,28C,0,12,M84/1,AB5657,1,5
2026-08-02T11:41:13.260Z,deep_scan,20260802112912_1A-4-7-8-17-28C,30,28C,0,20,M216,AB5457,0,9
2026-08-02T11:41:13.260Z,deep_scan,20260802112912_1A-4-7-8-17-28C,30,28C,0,23,M98,AB5767,1,2
2026-08-02T11:41:13.260Z,deep_scan,20260802112912_1A-4-7-8-17-28C,30,28C,0,30,M160/2,AB4326,1,31
2026-08-02T11:41:43.198Z,deep_scan,20260802112912_1A-4-7-8-17-28C,30,28C,0,4,M155,AB6214,1,9
2026-08-02T11:41:43.198Z,deep_scan,20260802112912_1A-4-7-8-17-28C,30,28C,0,12,M84/1,AB5657,1,2
2026-08-02T11:41:43.198Z,deep_scan,20260802112912_1A-4-7-8-17-28C,30,28C,0,20,M216,AB5457,0,42
2026-08-02T11:41:43.198Z,deep_scan,20260802112912_1A-4-7-8-17-28C,30,28C,0,23,M98,AB5767,0,2
2026-08-02T11:41:43.198Z,deep_scan,20260802112912_1A-4-7-8-17-28C,30,28C,0,30,M160/2,AB4326,1,2
2026-08-02T11:42:13.230Z,deep_scan,20260802112912_1A-4-7-8-17-28C,30,28C,0,4,M155,AB6214,0,21
2026-08-02T11:42:13.230Z,deep_scan,20260802112912_1A-4-7-8-17-28C,30,28C,0,12,M84/1,AB5657,1,8
2026-08-02T11:42:13.230Z,deep_scan,20260802112912_1A-4-7-8-17-28C,30,28C,0,20,M216,AB5457,0,24
2026-08-02T11:42:13.230Z,deep_scan,20260802112912_1A-4-7-8-17-28C,30,28C,0,23,M98,AB5767,0,21
2026-08-02T11:42:13.230Z,deep_scan,20260802112912_1A-4-7-8-17-28C,30,28C,0,31,M158/1,AB4326,1,30
2026-08-02T11:42:43.238Z,deep_scan,20260802112912_1A-4-7-8-17-28C,30,28C,0,5,M157,AB6214,1,27
2026-08-02T11:42:43.238Z,deep_scan,20260802112912_1A-4-7-8-17-28C,30,28C,0,12,M84/1,AB5657,1,8
2026-08-02T11:42:43.238Z,deep_scan,20260802112912_1A-4-7-8-17-28C,30,28C,0,20,M216,AB5457,0,12
2026-08-02T11:42:43.238Z,deep_scan,20260802112912_1A-4-7-8-17-28C,30,28C,0,24,M88,AB5767,1,16
2026-08-02T11:42:43.238Z,deep_scan,20260802112912_1A-4-7-8-17-28C,30,28C,0,31,M158/1,AB4326,0,22
2026-08-02T11:43:13.238Z,deep_scan,20260802112912_1A-4-7-8-17-28C,30,28C,0,5,M157,AB6214,1,2
2026-08-02T11:43:13.238Z,deep_scan,20260802112912_1A-4-7-8-17-28C,30,28C,0,12,M84/1,AB5657,0,8
2026-08-02T11:43:13.238Z,deep_scan,20260802112912_1A-4-7-8-17-28C,30,28C,0,21,M225,AB5457,1,20
2026-08-02T11:43:13.238Z,deep_scan,20260802112912_1A-4-7-8-17-28C,30,28C,0,24,M88,AB5767,1,16
2026-08-02T11:43:13.238Z,deep_scan,20260802112912_1A-4-7-8-17-28C,30,28C,0,31,M158/1,AB4326,0,16
2026-08-02T11:43:43.260Z,deep_scan,20260802112912_1A-4-7-8-17-28C,30,28C,0,6,M163,AB6214,1,18
2026-08-02T11:43:43.260Z,deep_scan,20260802112912_1A-4-7-8-17-28C,30,28C,0,12,M84/1,AB5657,0,5
2026-08-02T11:43:43.260Z,deep_scan,20260802112912_1A-4-7-8-17-28C,30,28C,0,21,M225,AB5457,1,12
2026-08-02T11:43:43.260Z,deep_scan,20260802112912_1A-4-7-8-17-28C,30,28C,0,24,M88,AB5767,1,3
2026-08-02T11:43:43.260Z,deep_scan,20260802112912_1A-4-7-8-17-28C,30,28C,0,32,M161,AB4326,1,16
2026-08-02T11:44:13.277Z,deep_scan,20260802112912_1A-4-7-8-17-28C,30,28C,0,6,M163,AB6214,1,7
2026-08-02T11:44:13.277Z,deep_scan,20260802112912_1A-4-7-8-17-28C,30,28C,0,12,M84/1,AB5657,0,5
2026-08-02T11:44:13.277Z,deep_scan,20260802112912_1A-4-7-8-17-28C,30,28C,0,21,M225,AB5457,1,6
2026-08-02T11:44:13.277Z,deep_scan,20260802112912_1A-4-7-8-17-28C,30,28C,0,24,M88,AB5767,1,3
2026-08-02T11:44:13.277Z,deep_scan,20260802112912_1A-4-7-8-17-28C,30,28C,0,32,M161,AB4326,0,32
2026-08-02T11:44:43.263Z,deep_scan,20260802112912_1A-4-7-8-17-28C,30,28C,0,7,M164,AB6214,1,29
2026-08-02T11:44:43.263Z,deep_scan,20260802112912_1A-4-7-8-17-28C,30,28C,0,13,M92,AB5657,1,5
2026-08-02T11:44:43.263Z,deep_scan,20260802112912_1A-4-7-8-17-28C,30,28C,0,21,M225,AB5457,0,17
2026-08-02T11:44:43.263Z,deep_scan,20260802112912_1A-4-7-8-17-28C,30,28C,0,24,M88,AB5767,0,29
2026-08-02T11:44:43.263Z,deep_scan,20260802112912_1A-4-7-8-17-28C,30,28C,0,32,M161,AB4326,0,5
2026-08-02T11:45:13.321Z,deep_scan,20260802112912_1A-4-7-8-17-28C,30,28C,0,7,M164,AB6214,0,35
2026-08-02T11:45:13.321Z,deep_scan,20260802112912_1A-4-7-8-17-28C,30,28C,0,13,M92,AB5657,0,24
2026-08-02T11:45:13.321Z,deep_scan,20260802112912_1A-4-7-8-17-28C,30,28C,0,21,M225,AB5457,0,33
2026-08-02T11:45:13.321Z,deep_scan,20260802112912_1A-4-7-8-17-28C,30,28C,0,24,M88,AB5767,0,31
2026-08-02T11:45:13.321Z,deep_scan,20260802112912_1A-4-7-8-17-28C,30,28C,0,33,M70,AB4326,1,26
2026-08-02T11:45:43.222Z,deep_scan,20260802112912_1A-4-7-8-17-28C,30,28C,0,8,M151,AB6214,1,9
2026-08-02T11:45:43.222Z,deep_scan,20260802112912_1A-4-7-8-17-28C,30,28C,0,13,M92,AB5657,0,9
2026-08-02T11:45:43.222Z,deep_scan,20260802112912_1A-4-7-8-17-28C,30,28C,0,21,M225,AB5457,0,21
2026-08-02T11:45:43.222Z,deep_scan,20260802112912_1A-4-7-8-17-28C,30,28C,0,24,M88,AB5767,0,19
2026-08-02T11:45:43.222Z,deep_scan,20260802112912_1A-4-7-8-17-28C,30,28C,0,33,M70,AB4326,0,26
2026-08-02T11:46:13.332Z,deep_scan,20260802112912_1A-4-7-8-17-28C,30,28C,0,8,M151,AB6214,1,9
2026-08-02T11:46:13.332Z,deep_scan,20260802112912_1A-4-7-8-17-28C,30,28C,0,13,M92,AB5657,0,9
2026-08-02T11:46:13.332Z,deep_scan,20260802112912_1A-4-7-8-17-28C,30,28C,0,21,M225,AB5457,0,35
2026-08-02T11:46:13.332Z,deep_scan,20260802112912_1A-4-7-8-17-28C,30,28C,0,24,M88,AB5767,0,19
2026-08-02T11:46:13.332Z,deep_scan,20260802112912_1A-4-7-8-17-28C,30,28C,0,34,M118,AB4326,1,14
2026-08-02T11:46:43.347Z,deep_scan,20260802112912_1A-4-7-8-17-28C,30,28C,0,8,M151,AB6214,1,3
2026-08-02T11:46:43.347Z,deep_scan,20260802112912_1A-4-7-8-17-28C,30,28C,0,14,M104,AB5657,1,20
2026-08-02T11:46:43.347Z,deep_scan,20260802112912_1A-4-7-8-17-28C,30,28C,0,22,M16/2,AB5457,1,5
2026-08-02T11:46:43.347Z,deep_scan,20260802112912_1A-4-7-8-17-28C,30,28C,0,24,M88,AB5767,0,19
2026-08-02T11:46:43.347Z,deep_scan,20260802112912_1A-4-7-8-17-28C,30,28C,0,34,M118,AB4326,0,30
2026-08-02T11:47:13.283Z,deep_scan,20260802112912_1A-4-7-8-17-28C,30,28C,0,8,M151,AB6214,0,25
2026-08-02T11:47:13.283Z,deep_scan,20260802112912_1A-4-7-8-17-28C,30,28C,0,14,M104,AB5657,1,22
2026-08-02T11:47:13.283Z,deep_scan,20260802112912_1A-4-7-8-17-28C,30,28C,0,22,M16/2,AB5457,1,8
2026-08-02T11:47:13.283Z,deep_scan,20260802112912_1A-4-7-8-17-28C,30,28C,0,25,M72,AB5767,1,2
2026-08-02T11:47:13.283Z,deep_scan,20260802112912_1A-4-7-8-17-28C,30,28C,0,35,M62/3,AB4326,1,0
2026-08-02T11:47:43.302Z,deep_scan,20260802112912_1A-4-7-8-17-28C,30,28C,0,9,M150,AB6214,1,12
2026-08-02T11:47:43.302Z,deep_scan,20260802112912_1A-4-7-8-17-28C,30,28C,0,14,M104,AB5657,0,19
2026-08-02T11:47:43.302Z,deep_scan,20260802112912_1A-4-7-8-17-28C,30,28C,0,23,M98,AB5457,1,27
2026-08-02T11:47:43.302Z,deep_scan,20260802112912_1A-4-7-8-17-28C,30,28C,0,26,M149,AB5767,1,32
2026-08-02T11:47:43.302Z,deep_scan,20260802112912_1A-4-7-8-17-28C,30,28C,0,35,M62/3,AB4326,1,0
2026-08-02T11:48:13.280Z,deep_scan,20260802112912_1A-4-7-8-17-28C,30,28C,0,9,M150,AB6214,1,12
2026-08-02T11:48:13.280Z,deep_scan,20260802112912_1A-4-7-8-17-28C,30,28C,0,15,M43,AB5657,1,22
2026-08-02T11:48:13.280Z,deep_scan,20260802112912_1A-4-7-8-17-28C,30,28C,0,23,M98,AB5457,1,1
2026-08-02T11:48:13.280Z,deep_scan,20260802112912_1A-4-7-8-17-28C,30,28C,0,26,M149,AB5767,0,33
2026-08-02T11:48:13.280Z,deep_scan,20260802112912_1A-4-7-8-17-28C,30,28C,0,35,M62/3,AB4326,1,0
2026-08-02T11:48:43.289Z,deep_scan,20260802112912_1A-4-7-8-17-28C,30,28C,0,9,M150,AB6214,0,11
2026-08-02T11:48:43.289Z,deep_scan,20260802112912_1A-4-7-8-17-28C,30,28C,0,15,M43,AB5657,0,2
2026-08-02T11:48:43.289Z,deep_scan,20260802112912_1A-4-7-8-17-28C,30,28C,0,23,M98,AB5457,1,16
2026-08-02T11:48:43.289Z,deep_scan,20260802112912_1A-4-7-8-17-28C,30,28C,0,26,M149,AB5767,0,33
2026-08-02T11:48:43.289Z,deep_scan,20260802112912_1A-4-7-8-17-28C,30,28C,0,35,M62/3,AB4326,1,0
2026-08-02T11:49:13.333Z,deep_scan,20260802112912_1A-4-7-8-17-28C,30,28C,0,9,M150,AB6214,0,8
2026-08-02T11:49:13.333Z,deep_scan,20260802112912_1A-4-7-8-17-28C,30,28C,0,16,M40,AB5657,1,28
2026-08-02T11:49:13.333Z,deep_scan,20260802112912_1A-4-7-8-17-28C,30,28C,0,23,M98,AB5457,1,19
2026-08-02T11:49:13.333Z,deep_scan,20260802112912_1A-4-7-8-17-28C,30,28C,0,27,M145/2,AB5767,1,23
2026-08-02T11:49:13.333Z,deep_scan,20260802112912_1A-4-7-8-17-28C,30,28C,0,35,M62/3,AB4326,1,0
2026-08-02T11:49:43.322Z,deep_scan,20260802112912_1A-4-7-8-17-28C,30,28C,0,10,M148,AB6214,1,15
2026-08-02T11:49:43.322Z,deep_scan,20260802112912_1A-4-7-8-17-28C,30,28C,0,16,M40,AB5657,1,28
2026-08-02T11:49:43.322Z,deep_scan,20260802112912_1A-4-7-8-17-28C,30,28C,0,23,M98,AB5457,0,19
2026-08-02T11:49:43.322Z,deep_scan,20260802112912_1A-4-7-8-17-28C,30,28C,0,27,M145/2,AB5767,1,14
2026-08-02T11:49:43.322Z,deep_scan,20260802112912_1A-4-7-8-17-28C,30,28C,0,35,M62/3,AB4326,1,0
2026-08-02T11:50:13.366Z,deep_scan,20260802112912_1A-4-7-8-17-28C,30,28C,0,10,M148,AB6214,1,15
2026-08-02T11:50:13.366Z,deep_scan,20260802112912_1A-4-7-8-17-28C,30,28C,0,16,M40,AB5657,0,23
2026-08-02T11:50:13.366Z,deep_scan,20260802112912_1A-4-7-8-17-28C,30,28C,0,24,M88,AB5457,1,17
2026-08-02T11:50:13.366Z,deep_scan,20260802112912_1A-4-7-8-17-28C,30,28C,0,28,M165,AB5767,1,27
2026-08-02T11:50:13.366Z,deep_scan,20260802112912_1A-4-7-8-17-28C,30,28C,0,35,M62/3,AB4326,1,0
2026-08-02T11:50:43.352Z,deep_scan,20260802112912_1A-4-7-8-17-28C,30,28C,0,10,M148,AB6214,1,5
2026-08-02T11:50:43.352Z,deep_scan,20260802112912_1A-4-7-8-17-28C,30,28C,0,16,M40,AB5657,0,2
2026-08-02T11:50:43.352Z,deep_scan,20260802112912_1A-4-7-8-17-28C,30,28C,0,24,M88,AB5457,0,17
2026-08-02T11:50:43.352Z,deep_scan,20260802112912_1A-4-7-8-17-28C,30,28C,0,28,M165,AB5767,0,22
2026-08-02T11:50:43.352Z,deep_scan,20260802112912_1A-4-7-8-17-28C,30,28C,0,35,M62/3,AB4326,1,0
2026-08-02T11:51:13.349Z,deep_scan,20260802112912_1A-4-7-8-17-28C,30,28C,0,10,M148,AB6214,0,4
2026-08-02T11:51:13.349Z,deep_scan,20260802112912_1A-4-7-8-17-28C,30,28C,0,16,M40,AB5657,0,2
2026-08-02T11:51:13.349Z,deep_scan,20260802112912_1A-4-7-8-17-28C,30,28C,0,24,M88,AB5457,0,36
2026-08-02T11:51:13.349Z,deep_scan,20260802112912_1A-4-7-8-17-28C,30,28C,0,29,M163,AB5767,0,18
2026-08-02T11:51:13.349Z,deep_scan,20260802112912_1A-4-7-8-17-28C,30,28C,0,35,M62/3,AB4326,1,0
2026-08-02T11:51:43.299Z,deep_scan,20260802112912_1A-4-7-8-17-28C,30,28C,0,10,M148,AB6214,0,11
2026-08-02T11:51:43.299Z,deep_scan,20260802112912_1A-4-7-8-17-28C,30,28C,0,16,M40,AB5657,0,23
2026-08-02T11:51:43.299Z,deep_scan,20260802112912_1A-4-7-8-17-28C,30,28C,0,24,M88,AB5457,0,22
2026-08-02T11:51:43.299Z,deep_scan,20260802112912_1A-4-7-8-17-28C,30,28C,0,29,M163,AB5767,0,25
2026-08-02T11:52:13.394Z,deep_scan,20260802112912_1A-4-7-8-17-28C,30,28C,0,10,M148,AB6214,0,34
2026-08-02T11:52:13.394Z,deep_scan,20260802112912_1A-4-7-8-17-28C,30,28C,0,17,M28/2,AB5657,1,8
2026-08-02T11:52:13.394Z,deep_scan,20260802112912_1A-4-7-8-17-28C,30,28C,0,24,M88,AB5457,0,20
2026-08-02T11:52:13.394Z,deep_scan,20260802112912_1A-4-7-8-17-28C,30,28C,0,30,M160/2,AB5767,1,3
2026-08-02T11:52:43.313Z,deep_scan,20260802112912_1A-4-7-8-17-28C,30,28C,0,10,M148,AB6214,0,27
2026-08-02T11:52:43.313Z,deep_scan,20260802112912_1A-4-7-8-17-28C,30,28C,0,17,M28/2,AB5657,0,3
2026-08-02T11:52:43.313Z,deep_scan,20260802112912_1A-4-7-8-17-28C,30,28C,0,24,M88,AB5457,0,23
2026-08-02T11:52:43.313Z,deep_scan,20260802112912_1A-4-7-8-17-28C,30,28C,0,30,M160/2,AB5767,0,2
2026-08-02T11:53:13.423Z,deep_scan,20260802112912_1A-4-7-8-17-28C,30,28C,0,11,M76/1,AB6214,1,16
2026-08-02T11:53:13.423Z,deep_scan,20260802112912_1A-4-7-8-17-28C,30,28C,0,17,M28/2,AB5657,0,3
2026-08-02T11:53:13.423Z,deep_scan,20260802112912_1A-4-7-8-17-28C,30,28C,0,24,M88,AB5457,0,23
2026-08-02T11:53:13.423Z,deep_scan,20260802112912_1A-4-7-8-17-28C,30,28C,0,31,M158/1,AB5767,1,2
2026-08-02T11:53:43.418Z,deep_scan,20260802112912_1A-4-7-8-17-28C,30,28C,0,0,M62/3,AB4326,1,2
2026-08-02T11:53:43.418Z,deep_scan,20260802112912_1A-4-7-8-17-28C,30,28C,0,11,M76/1,AB6214,1,16
2026-08-02T11:53:43.418Z,deep_scan,20260802112912_1A-4-7-8-17-28C,30,28C,0,17,M28/2,AB5657,0,17
2026-08-02T11:53:43.418Z,deep_scan,20260802112912_1A-4-7-8-17-28C,30,28C,0,24,M88,AB5457,0,9
2026-08-02T11:53:43.418Z,deep_scan,20260802112912_1A-4-7-8-17-28C,30,28C,0,31,M158/1,AB5767,0,21
2026-08-02T11:54:13.395Z,deep_scan,20260802112912_1A-4-7-8-17-28C,30,28C,0,0,M62/3,AB4326,1,16
2026-08-02T11:54:13.395Z,deep_scan,20260802112912_1A-4-7-8-17-28C,30,28C,0,11,M76/1,AB6214,1,23
2026-08-02T11:54:13.395Z,deep_scan,20260802112912_1A-4-7-8-17-28C,30,28C,0,17,M28/2,AB5657,0,5
2026-08-02T11:54:13.395Z,deep_scan,20260802112912_1A-4-7-8-17-28C,30,28C,0,25,M72,AB5457,1,36
2026-08-02T11:54:13.395Z,deep_scan,20260802112912_1A-4-7-8-17-28C,30,28C,0,32,M161,AB5767,1,1
2026-08-02T11:54:43.343Z,deep_scan,20260802112912_1A-4-7-8-17-28C,30,28C,0,0,M62/3,AB4326,0,24
2026-08-02T11:54:43.343Z,deep_scan,20260802112912_1A-4-7-8-17-28C,30,28C,0,11,M76/1,AB6214,1,6
2026-08-02T11:54:43.343Z,deep_scan,20260802112912_1A-4-7-8-17-28C,30,28C,0,17,M28/2,AB5657,0,5
2026-08-02T11:54:43.343Z,deep_scan,20260802112912_1A-4-7-8-17-28C,30,28C,0,26,M149,AB5457,0,29
2026-08-02T11:54:43.343Z,deep_scan,20260802112912_1A-4-7-8-17-28C,30,28C,0,32,M161,AB5767,1,30
2026-08-02T11:55:13.405Z,deep_scan,20260802112912_1A-4-7-8-17-28C,30,28C,0,1,M117,AB4326,1,30
2026-08-02T11:55:13.405Z,deep_scan,20260802112912_1A-4-7-8-17-28C,30,28C,0,11,M76/1,AB6214,1,15
2026-08-02T11:55:13.405Z,deep_scan,20260802112912_1A-4-7-8-17-28C,30,28C,0,18,M227,AB5657,1,7
2026-08-02T11:55:13.405Z,deep_scan,20260802112912_1A-4-7-8-17-28C,30,28C,0,26,M149,AB5457,0,32
2026-08-02T11:55:13.405Z,deep_scan,20260802112912_1A-4-7-8-17-28C,30,28C,0,33,M70,AB5767,1,24
2026-08-02T11:55:43.352Z,deep_scan,20260802112912_1A-4-7-8-17-28C,30,28C,0,1,M117,AB4326,1,4
2026-08-02T11:55:43.352Z,deep_scan,20260802112912_1A-4-7-8-17-28C,30,28C,0,11,M76/1,AB6214,0,15
2026-08-02T11:55:43.352Z,deep_scan,20260802112912_1A-4-7-8-17-28C,30,28C,0,18,M227,AB5657,1,7
2026-08-02T11:55:43.352Z,deep_scan,20260802112912_1A-4-7-8-17-28C,30,28C,0,27,M145/2,AB5457,1,29
2026-08-02T11:55:43.352Z,deep_scan,20260802112912_1A-4-7-8-17-28C,30,28C,0,33,M70,AB5767,0,40
2026-08-02T11:56:13.412Z,deep_scan,20260802112912_1A-4-7-8-17-28C,30,28C,0,1,M117,AB4326,0,30
2026-08-02T11:56:13.412Z,deep_scan,20260802112912_1A-4-7-8-17-28C,30,28C,0,12,M84/1,AB6214,1,21
2026-08-02T11:56:13.412Z,deep_scan,20260802112912_1A-4-7-8-17-28C,30,28C,0,18,M227,AB5657,0,7
2026-08-02T11:56:13.412Z,deep_scan,20260802112912_1A-4-7-8-17-28C,30,28C,0,28,M165,AB5457,1,29
2026-08-02T11:56:13.412Z,deep_scan,20260802112912_1A-4-7-8-17-28C,30,28C,0,34,M118,AB5767,1,13
2026-08-02T11:56:43.381Z,deep_scan,20260802112912_1A-4-7-8-17-28C,30,28C,0,2,M241,AB4326,0,45
2026-08-02T11:56:43.381Z,deep_scan,20260802112912_1A-4-7-8-17-28C,30,28C,0,12,M84/1,AB6214,1,2
2026-08-02T11:56:43.381Z,deep_scan,20260802112912_1A-4-7-8-17-28C,30,28C,0,18,M227,AB5657,0,15
2026-08-02T11:56:43.381Z,deep_scan,20260802112912_1A-4-7-8-17-28C,30,28C,0,28,M165,AB5457,0,24
2026-08-02T11:56:43.381Z,deep_scan,20260802112912_1A-4-7-8-17-28C,30,28C,0,34,M118,AB5767,0,21
2026-08-02T11:57:13.398Z,deep_scan,20260802112912_1A-4-7-8-17-28C,30,28C,0,3,M71,AB4326,1,26
2026-08-02T11:57:13.398Z,deep_scan,20260802112912_1A-4-7-8-17-28C,30,28C,0,12,M84/1,AB6214,0,9
2026-08-02T11:57:13.398Z,deep_scan,20260802112912_1A-4-7-8-17-28C,30,28C,0,19,M244,AB5657,1,1
2026-08-02T11:57:13.398Z,deep_scan,20260802112912_1A-4-7-8-17-28C,30,28C,0,28,M165,AB5457,0,27
2026-08-02T11:57:13.398Z,deep_scan,20260802112912_1A-4-7-8-17-28C,30,28C,0,35,M62/3,AB5767,1,0
2026-08-02T11:57:43.405Z,deep_scan,20260802112912_1A-4-7-8-17-28C,30,28C,0,3,M71,AB4326,0,22
2026-08-02T11:57:43.405Z,deep_scan,20260802112912_1A-4-7-8-17-28C,30,28C,0,12,M84/1,AB6214,0,4
2026-08-02T11:57:43.405Z,deep_scan,20260802112912_1A-4-7-8-17-28C,30,28C,0,19,M244,AB5657,1,1
2026-08-02T11:57:43.405Z,deep_scan,20260802112912_1A-4-7-8-17-28C,30,28C,0,29,M163,AB5457,1,3
2026-08-02T11:57:43.405Z,deep_scan,20260802112912_1A-4-7-8-17-28C,30,28C,0,35,M62/3,AB5767,1,0
2026-08-02T11:58:13.383Z,deep_scan,20260802112912_1A-4-7-8-17-28C,30,28C,0,4,M155,AB4326,1,16
2026-08-02T11:58:13.383Z,deep_scan,20260802112912_1A-4-7-8-17-28C,30,28C,0,12,M84/1,AB6214,0,4
2026-08-02T11:58:13.383Z,deep_scan,20260802112912_1A-4-7-8-17-28C,30,28C,0,19,M244,AB5657,0,19
2026-08-02T11:58:13.383Z,deep_scan,20260802112912_1A-4-7-8-17-28C,30,28C,0,29,M163,AB5457,0,16
2026-08-02T11:58:13.383Z,deep_scan,20260802112912_1A-4-7-8-17-28C,30,28C,0,35,M62/3,AB5767,1,0
2026-08-02T11:58:43.418Z,deep_scan,20260802112912_1A-4-7-8-17-28C,30,28C,0,4,M155,AB4326,1,12
2026-08-02T11:58:43.418Z,deep_scan,20260802112912_1A-4-7-8-17-28C,30,28C,0,13,M92,AB6214,1,19
2026-08-02T11:58:43.418Z,deep_scan,20260802112912_1A-4-7-8-17-28C,30,28C,0,19,M244,AB5657,0,9
2026-08-02T11:58:43.418Z,deep_scan,20260802112912_1A-4-7-8-17-28C,30,28C,0,30,M160/2,AB5457,1,16
2026-08-02T11:58:43.418Z,deep_scan,20260802112912_1A-4-7-8-17-28C,30,28C,0,35,M62/3,AB5767,1,0
2026-08-02T11:59:13.437Z,deep_scan,20260802112912_1A-4-7-8-17-28C,30,28C,0,4,M155,AB4326,0,20
2026-08-02T11:59:13.437Z,deep_scan,20260802112912_1A-4-7-8-17-28C,30,28C,0,13,M92,AB6214,1,4
2026-08-02T11:59:13.437Z,deep_scan,20260802112912_1A-4-7-8-17-28C,30,28C,0,20,M216,AB5657,1,26
2026-08-02T11:59:13.437Z,deep_scan,20260802112912_1A-4-7-8-17-28C,30,28C,0,30,M160/2,AB5457,1,9
2026-08-02T11:59:13.437Z,deep_scan,20260802112912_1A-4-7-8-17-28C,30,28C,0,35,M62/3,AB5767,1,0
2026-08-02T11:59:43.406Z,deep_scan,20260802112912_1A-4-7-8-17-28C,30,28C,0,5,M157,AB4326,1,16
2026-08-02T11:59:43.406Z,deep_scan,20260802112912_1A-4-7-8-17-28C,30,28C,0,13,M92,AB6214,0,2
2026-08-02T11:59:43.406Z,deep_scan,20260802112912_1A-4-7-8-17-28C,30,28C,0,20,M216,AB5657,1,3
2026-08-02T11:59:43.406Z,deep_scan,20260802112912_1A-4-7-8-17-28C,30,28C,0,31,M158/1,AB5457,1,26
2026-08-02T11:59:43.406Z,deep_scan,20260802112912_1A-4-7-8-17-28C,30,28C,0,35,M62/3,AB5767,1,0
2026-08-02T12:00:13.539Z,deep_scan,20260802112912_1A-4-7-8-17-28C,30,28C,0,5,M157,AB4326,1,12
2026-08-02T12:00:13.539Z,deep_scan,20260802112912_1A-4-7-8-17-28C,30,28C,0,13,M92,AB6214,0,2
2026-08-02T12:00:13.539Z,deep_scan,20260802112912_1A-4-7-8-17-28C,30,28C,0,20,M216,AB5657,0,14
2026-08-02T12:00:13.539Z,deep_scan,20260802112912_1A-4-7-8-17-28C,30,28C,0,31,M158/1,AB5457,0,17
2026-08-02T12:00:13.539Z,deep_scan,20260802112912_1A-4-7-8-17-28C,30,28C,0,35,M62/3,AB5767,1,0
2026-08-02T12:00:43.416Z,deep_scan,20260802112912_1A-4-7-8-17-28C,30,28C,0,6,M163,AB4326,1,29
2026-08-02T12:00:43.416Z,deep_scan,20260802112912_1A-4-7-8-17-28C,30,28C,0,13,M92,AB6214,0,2
2026-08-02T12:00:43.416Z,deep_scan,20260802112912_1A-4-7-8-17-28C,30,28C,0,20,M216,AB5657,0,33
2026-08-02T12:00:43.416Z,deep_scan,20260802112912_1A-4-7-8-17-28C,30,28C,0,31,M158/1,AB5457,0,17
2026-08-02T12:00:43.416Z,deep_scan,20260802112912_1A-4-7-8-17-28C,30,28C,0,35,M62/3,AB5767,1,0
2026-08-02T12:01:13.415Z,deep_scan,20260802112912_1A-4-7-8-17-28C,30,28C,0,6,M163,AB4326,1,3
2026-08-02T12:01:13.415Z,deep_scan,20260802112912_1A-4-7-8-17-28C,30,28C,0,13,M92,AB6214,0,23
2026-08-02T12:01:13.415Z,deep_scan,20260802112912_1A-4-7-8-17-28C,30,28C,0,20,M216,AB5657,0,24
2026-08-02T12:01:13.415Z,deep_scan,20260802112912_1A-4-7-8-17-28C,30,28C,0,31,M158/1,AB5457,0,17
2026-08-02T12:01:43.521Z,deep_scan,20260802112912_1A-4-7-8-17-28C,30,28C,0,6,M163,AB4326,0,8
2026-08-02T12:01:43.521Z,deep_scan,20260802112912_1A-4-7-8-17-28C,30,28C,0,14,M104,AB6214,1,4
2026-08-02T12:01:43.521Z,deep_scan,20260802112912_1A-4-7-8-17-28C,30,28C,0,20,M216,AB5657,0,24
2026-08-02T12:01:43.521Z,deep_scan,20260802112912_1A-4-7-8-17-28C,30,28C,0,32,M161,AB5457,1,13
2026-08-02T12:02:13.467Z,deep_scan,20260802112912_1A-4-7-8-17-28C,30,28C,0,7,M164,AB4326,0,35
2026-08-02T12:02:13.467Z,deep_scan,20260802112912_1A-4-7-8-17-28C,30,28C,0,14,M104,AB6214,1,11
2026-08-02T12:02:13.467Z,deep_scan,20260802112912_1A-4-7-8-17-28C,30,28C,0,20,M216,AB5657,0,5
2026-08-02T12:02:13.467Z,deep_scan,20260802112912_1A-4-7-8-17-28C,30,28C,0,32,M161,AB5457,0,25
2026-08-02T12:02:43.495Z,deep_scan,20260802112912_1A-4-7-8-17-28C,30,28C,0,8,M151,AB4326,1,7
2026-08-02T12:02:43.495Z,deep_scan,20260802112912_1A-4-7-8-17-28C,30,28C,0,14,M104,AB6214,1,8
2026-08-02T12:02:43.495Z,deep_scan,20260802112912_1A-4-7-8-17-28C,30,28C,0,21,M225,AB5657,1,3
2026-08-02T12:02:43.495Z,deep_scan,20260802112912_1A-4-7-8-17-28C,30,28C,0,33,M70,AB5457,1,15
2026-08-02T12:03:13.495Z,deep_scan,20260802112912_1A-4-7-8-17-28C,30,28C,0,8,M151,AB4326,0,14
2026-08-02T12:03:13.495Z,deep_scan,20260802112912_1A-4-7-8-17-28C,30,28C,0,14,M104,AB6214,0,25
2026-08-02T12:03:13.495Z,deep_scan,20260802112912_1A-4-7-8-17-28C,30,28C,0,21,M225,AB5657,1,2
2026-08-02T12:03:13.495Z,deep_scan,20260802112912_1A-4-7-8-17-28C,30,28C,0,34,M118,AB5457,1,37
2026-08-02T12:03:43.474Z,deep_scan,20260802112912_1A-4-7-8-17-28C,30,28C,0,0,M62/3,AB4355,1,2
2026-08-02T12:03:43.474Z,deep_scan,20260802112912_1A-4-7-8-17-28C,30,28C,0,8,M151,AB4326,0,5
2026-08-02T12:03:43.474Z,deep_scan,20260802112912_1A-4-7-8-17-28C,30,28C,0,15,M43,AB6214,1,22
2026-08-02T12:03:43.474Z,deep_scan,20260802112912_1A-4-7-8-17-28C,30,28C,0,21,M225,AB5657,1,2
2026-08-02T12:03:43.474Z,deep_scan,20260802112912_1A-4-7-8-17-28C,30,28C,0,34,M118,AB5457,1,37
2026-08-02T12:04:13.508Z,deep_scan,20260802112912_1A-4-7-8-17-28C,30,28C,0,0,M62/3,AB4355,1,2
2026-08-02T12:04:13.508Z,deep_scan,20260802112912_1A-4-7-8-17-28C,30,28C,0,9,M150,AB4326,1,26
2026-08-02T12:04:13.508Z,deep_scan,20260802112912_1A-4-7-8-17-28C,30,28C,0,15,M43,AB6214,0,24
2026-08-02T12:04:13.508Z,deep_scan,20260802112912_1A-4-7-8-17-28C,30,28C,0,21,M225,AB5657,0,24
2026-08-02T12:04:13.508Z,deep_scan,20260802112912_1A-4-7-8-17-28C,30,28C,0,34,M118,AB5457,1,37
2026-08-02T12:04:43.563Z,deep_scan,20260802112912_1A-4-7-8-17-28C,30,28C,0,0,M62/3,AB4355,1,2
2026-08-02T12:04:43.563Z,deep_scan,20260802112912_1A-4-7-8-17-28C,30,28C,0,9,M150,AB4326,1,7
2026-08-02T12:04:43.563Z,deep_scan,20260802112912_1A-4-7-8-17-28C,30,28C,0,16,M40,AB6214,1,5
2026-08-02T12:04:43.563Z,deep_scan,20260802112912_1A-4-7-8-17-28C,30,28C,0,21,M225,AB5657,0,32
2026-08-02T12:04:43.563Z,deep_scan,20260802112912_1A-4-7-8-17-28C,30,28C,0,34,M118,AB5457,0,8
2026-08-02T12:05:13.564Z,deep_scan,20260802112912_1A-4-7-8-17-28C,30,28C,0,0,M62/3,AB4355,0,25
2026-08-02T12:05:13.564Z,deep_scan,20260802112912_1A-4-7-8-17-28C,30,28C,0,9,M150,AB4326,1,9
2026-08-02T12:05:13.564Z,deep_scan,20260802112912_1A-4-7-8-17-28C,30,28C,0,16,M40,AB6214,0,11
2026-08-02T12:05:13.564Z,deep_scan,20260802112912_1A-4-7-8-17-28C,30,28C,0,21,M225,AB5657,0,49
2026-08-02T12:05:13.564Z,deep_scan,20260802112912_1A-4-7-8-17-28C,30,28C,0,35,M62/3,AB5457,1,0
2026-08-02T12:05:43.532Z,deep_scan,20260802112912_1A-4-7-8-17-28C,30,28C,0,0,M62/3,AB4355,0,37
2026-08-02T12:05:43.532Z,deep_scan,20260802112912_1A-4-7-8-17-28C,30,28C,0,9,M150,AB4326,0,20
2026-08-02T12:05:43.532Z,deep_scan,20260802112912_1A-4-7-8-17-28C,30,28C,0,16,M40,AB6214,0,11
2026-08-02T12:05:43.532Z,deep_scan,20260802112912_1A-4-7-8-17-28C,30,28C,0,22,M16/2,AB5657,1,7
2026-08-02T12:05:43.532Z,deep_scan,20260802112912_1A-4-7-8-17-28C,30,28C,0,35,M62/3,AB5457,1,0
2026-08-02T12:06:13.541Z,deep_scan,20260802112912_1A-4-7-8-17-28C,30,28C,0,1,M117,AB4355,1,11
2026-08-02T12:06:13.541Z,deep_scan,20260802112912_1A-4-7-8-17-28C,30,28C,0,10,M148,AB4326,1,1
2026-08-02T12:06:13.541Z,deep_scan,20260802112912_1A-4-7-8-17-28C,30,28C,0,17,M28/2,AB6214,1,20
2026-08-02T12:06:13.541Z,deep_scan,20260802112912_1A-4-7-8-17-28C,30,28C,0,22,M16/2,AB5657,1,16
2026-08-02T12:06:13.541Z,deep_scan,20260802112912_1A-4-7-8-17-28C,30,28C,0,35,M62/3,AB5457,1,0
2026-08-02T12:06:43.532Z,deep_scan,20260802112912_1A-4-7-8-17-28C,30,28C,0,1,M117,AB4355,0,34
2026-08-02T12:06:43.532Z,deep_scan,20260802112912_1A-4-7-8-17-28C,30,28C,0,10,M148,AB4326,0,13
2026-08-02T12:06:43.532Z,deep_scan,20260802112912_1A-4-7-8-17-28C,30,28C,0,17,M28/2,AB6214,0,13
2026-08-02T12:06:43.532Z,deep_scan,20260802112912_1A-4-7-8-17-28C,30,28C,0,22,M16/2,AB5657,0,9
2026-08-02T12:06:43.532Z,deep_scan,20260802112912_1A-4-7-8-17-28C,30,28C,0,35,M62/3,AB5457,1,0
2026-08-02T12:07:13.550Z,deep_scan,20260802112912_1A-4-7-8-17-28C,30,28C,0,2,M241,AB4355,1,29
2026-08-02T12:07:13.550Z,deep_scan,20260802112912_1A-4-7-8-17-28C,30,28C,0,10,M148,AB4326,0,31
2026-08-02T12:07:13.550Z,deep_scan,20260802112912_1A-4-7-8-17-28C,30,28C,0,17,M28/2,AB6214,0,13
2026-08-02T12:07:13.550Z,deep_scan,20260802112912_1A-4-7-8-17-28C,30,28C,0,23,M98,AB5657,1,11
2026-08-02T12:07:13.550Z,deep_scan,20260802112912_1A-4-7-8-17-28C,30,28C,0,35,M62/3,AB5457,1,0
2026-08-02T12:07:43.537Z,deep_scan,20260802112912_1A-4-7-8-17-28C,30,28C,0,2,M241,AB4355,0,26
2026-08-02T12:07:43.537Z,deep_scan,20260802112912_1A-4-7-8-17-28C,30,28C,0,10,M148,AB4326,0,44
2026-08-02T12:07:43.537Z,deep_scan,20260802112912_1A-4-7-8-17-28C,30,28C,0,17,M28/2,AB6214,0,24
2026-08-02T12:07:43.537Z,deep_scan,20260802112912_1A-4-7-8-17-28C,30,28C,0,23,M98,AB5657,1,11
2026-08-02T12:07:43.537Z,deep_scan,20260802112912_1A-4-7-8-17-28C,30,28C,0,35,M62/3,AB5457,1,0
2026-08-02T12:08:13.567Z,deep_scan,20260802112912_1A-4-7-8-17-28C,30,28C,0,3,M71,AB4355,1,20
2026-08-02T12:08:13.567Z,deep_scan,20260802112912_1A-4-7-8-17-28C,30,28C,0,10,M148,AB4326,0,34
2026-08-02T12:08:13.567Z,deep_scan,20260802112912_1A-4-7-8-17-28C,30,28C,0,18,M227,AB6214,1,23
2026-08-02T12:08:13.567Z,deep_scan,20260802112912_1A-4-7-8-17-28C,30,28C,0,23,M98,AB5657,1,15
2026-08-02T12:08:13.567Z,deep_scan,20260802112912_1A-4-7-8-17-28C,30,28C,0,35,M62/3,AB5457,1,0
2026-08-02T12:08:43.498Z,deep_scan,20260802112912_1A-4-7-8-17-28C,30,28C,0,3,M71,AB4355,0,24
2026-08-02T12:08:43.498Z,deep_scan,20260802112912_1A-4-7-8-17-28C,30,28C,0,11,M76/1,AB4326,1,7
2026-08-02T12:08:43.498Z,deep_scan,20260802112912_1A-4-7-8-17-28C,30,28C,0,18,M227,AB6214,0,31
2026-08-02T12:08:43.498Z,deep_scan,20260802112912_1A-4-7-8-17-28C,30,28C,0,23,M98,AB5657,1,12
2026-08-02T12:08:43.498Z,deep_scan,20260802112912_1A-4-7-8-17-28C,30,28C,0,35,M62/3,AB5457,1,0
2026-08-02T12:09:13.541Z,deep_scan,20260802112912_1A-4-7-8-17-28C,30,28C,0,4,M155,AB4355,1,18
2026-08-02T12:09:13.541Z,deep_scan,20260802112912_1A-4-7-8-17-28C,30,28C,0,12,M84/1,AB4326,1,14
2026-08-02T12:09:13.541Z,deep_scan,20260802112912_1A-4-7-8-17-28C,30,28C,0,19,M244,AB6214,1,17
2026-08-02T12:09:13.541Z,deep_scan,20260802112912_1A-4-7-8-17-28C,30,28C,0,23,M98,AB5657,0,17
2026-08-02T12:09:43.552Z,deep_scan,20260802112912_1A-4-7-8-17-28C,30,28C,0,4,M155,AB4355,1,5
2026-08-02T12:09:43.552Z,deep_scan,20260802112912_1A-4-7-8-17-28C,30,28C,0,12,M84/1,AB4326,1,8
2026-08-02T12:09:43.552Z,deep_scan,20260802112912_1A-4-7-8-17-28C,30,28C,0,19,M244,AB6214,1,22
2026-08-02T12:09:43.552Z,deep_scan,20260802112912_1A-4-7-8-17-28C,30,28C,0,23,M98,AB5657,0,2
2026-08-02T12:10:13.566Z,deep_scan,20260802112912_1A-4-7-8-17-28C,30,28C,0,4,M155,AB4355,0,39
2026-08-02T12:10:13.566Z,deep_scan,20260802112912_1A-4-7-8-17-28C,30,28C,0,12,M84/1,AB4326,1,8
2026-08-02T12:10:13.566Z,deep_scan,20260802112912_1A-4-7-8-17-28C,30,28C,0,19,M244,AB6214,1,3
2026-08-02T12:10:13.566Z,deep_scan,20260802112912_1A-4-7-8-17-28C,30,28C,0,23,M98,AB5657,0,2
2026-08-02T12:10:43.604Z,deep_scan,20260802112912_1A-4-7-8-17-28C,30,28C,0,5,M157,AB4355,1,13
2026-08-02T12:10:43.604Z,deep_scan,20260802112912_1A-4-7-8-17-28C,30,28C,0,12,M84/1,AB4326,0,13
2026-08-02T12:10:43.604Z,deep_scan,20260802112912_1A-4-7-8-17-28C,30,28C,0,19,M244,AB6214,0,11
2026-08-02T12:10:43.604Z,deep_scan,20260802112912_1A-4-7-8-17-28C,30,28C,0,24,M88,AB5657,1,24
2026-08-02T12:11:13.542Z,deep_scan,20260802112912_1A-4-7-8-17-28C,30,28C,0,5,M157,AB4355,0,30
2026-08-02T12:11:13.542Z,deep_scan,20260802112912_1A-4-7-8-17-28C,30,28C,0,12,M84/1,AB4326,0,14
2026-08-02T12:11:13.542Z,deep_scan,20260802112912_1A-4-7-8-17-28C,30,28C,0,19,M244,AB6214,0,23
2026-08-02T12:11:13.542Z,deep_scan,20260802112912_1A-4-7-8-17-28C,30,28C,0,24,M88,AB5657,0,32
2026-08-02T12:11:43.618Z,deep_scan,20260802112912_1A-4-7-8-17-28C,30,28C,0,6,M163,AB4355,1,26
2026-08-02T12:11:43.618Z,deep_scan,20260802112912_1A-4-7-8-17-28C,30,28C,0,12,M84/1,AB4326,0,3
2026-08-02T12:11:43.618Z,deep_scan,20260802112912_1A-4-7-8-17-28C,30,28C,0,19,M244,AB6214,0,23
2026-08-02T12:11:43.618Z,deep_scan,20260802112912_1A-4-7-8-17-28C,30,28C,0,24,M88,AB5657,0,9
2026-08-02T12:12:13.582Z,deep_scan,20260802112912_1A-4-7-8-17-28C,30,28C,0,6,M163,AB4355,1,26
2026-08-02T12:12:13.582Z,deep_scan,20260802112912_1A-4-7-8-17-28C,30,28C,0,12,M84/1,AB4326,0,3
2026-08-02T12:12:13.582Z,deep_scan,20260802112912_1A-4-7-8-17-28C,30,28C,0,20,M216,AB6214,1,30
2026-08-02T12:12:13.582Z,deep_scan,20260802112912_1A-4-7-8-17-28C,30,28C,0,24,M88,AB5657,0,20
2026-08-02T12:12:43.579Z,deep_scan,20260802112912_1A-4-7-8-17-28C,30,28C,0,6,M163,AB4355,1,15
2026-08-02T12:12:43.579Z,deep_scan,20260802112912_1A-4-7-8-17-28C,30,28C,0,13,M92,AB4326,1,18
2026-08-02T12:12:43.579Z,deep_scan,20260802112912_1A-4-7-8-17-28C,30,28C,0,20,M216,AB6214,0,19
2026-08-02T12:12:43.579Z,deep_scan,20260802112912_1A-4-7-8-17-28C,30,28C,0,24,M88,AB5657,0,18
2026-08-02T12:13:13.625Z,deep_scan,20260802112912_1A-4-7-8-17-28C,30,28C,0,6,M163,AB4355,1,15
2026-08-02T12:13:13.625Z,deep_scan,20260802112912_1A-4-7-8-17-28C,30,28C,0,13,M92,AB4326,0,37
2026-08-02T12:13:13.625Z,deep_scan,20260802112912_1A-4-7-8-17-28C,30,28C,0,20,M216,AB6214,0,31
2026-08-02T12:13:13.625Z,deep_scan,20260802112912_1A-4-7-8-17-28C,30,28C,0,25,M72,AB5657,1,24
2026-08-02T12:13:43.636Z,deep_scan,20260802112912_1A-4-7-8-17-28C,30,28C,0,6,M163,AB4355,0,12
2026-08-02T12:13:43.636Z,deep_scan,20260802112912_1A-4-7-8-17-28C,30,28C,0,13,M92,AB4326,0,37
2026-08-02T12:13:43.636Z,deep_scan,20260802112912_1A-4-7-8-17-28C,30,28C,0,20,M216,AB6214,0,25
2026-08-02T12:13:43.636Z,deep_scan,20260802112912_1A-4-7-8-17-28C,30,28C,0,26,M149,AB5657,1,29
2026-08-02T12:14:13.508Z,deep_scan,20260802112912_1A-4-7-8-17-28C,30,28C,0,6,M163,AB4355,0,9
2026-08-02T12:14:13.508Z,deep_scan,20260802112912_1A-4-7-8-17-28C,30,28C,0,13,M92,AB4326,0,37
2026-08-02T12:14:13.508Z,deep_scan,20260802112912_1A-4-7-8-17-28C,30,28C,0,20,M216,AB6214,0,21
2026-08-02T12:14:13.508Z,deep_scan,20260802112912_1A-4-7-8-17-28C,30,28C,0,26,M149,AB5657,0,6
2026-08-02T12:14:43.635Z,deep_scan,20260802112912_1A-4-7-8-17-28C,30,28C,0,7,M164,AB4355,1,26
2026-08-02T12:14:43.635Z,deep_scan,20260802112912_1A-4-7-8-17-28C,30,28C,0,14,M104,AB4326,1,25
2026-08-02T12:14:43.635Z,deep_scan,20260802112912_1A-4-7-8-17-28C,30,28C,0,21,M225,AB6214,1,23
2026-08-02T12:14:43.635Z,deep_scan,20260802112912_1A-4-7-8-17-28C,30,28C,0,26,M149,AB5657,0,31
2026-08-02T12:15:13.704Z,deep_scan,20260802112912_1A-4-7-8-17-28C,30,28C,0,7,M164,AB4355,0,40
2026-08-02T12:15:13.704Z,deep_scan,20260802112912_1A-4-7-8-17-28C,30,28C,0,14,M104,AB4326,0,14
2026-08-02T12:15:13.704Z,deep_scan,20260802112912_1A-4-7-8-17-28C,30,28C,0,21,M225,AB6214,1,19
2026-08-02T12:15:13.704Z,deep_scan,20260802112912_1A-4-7-8-17-28C,30,28C,0,27,M145/2,AB5657,0,8
2026-08-02T12:15:43.590Z,deep_scan,20260802112912_1A-4-7-8-17-28C,30,28C,0,8,M151,AB4355,1,7
2026-08-02T12:15:43.590Z,deep_scan,20260802112912_1A-4-7-8-17-28C,30,28C,0,14,M104,AB4326,0,34
2026-08-02T12:15:43.590Z,deep_scan,20260802112912_1A-4-7-8-17-28C,30,28C,0,21,M225,AB6214,0,35
2026-08-02T12:15:43.590Z,deep_scan,20260802112912_1A-4-7-8-17-28C,30,28C,0,27,M145/2,AB5657,0,17
2026-08-02T12:16:13.687Z,deep_scan,20260802112912_1A-4-7-8-17-28C,30,28C,0,8,M151,AB4355,1,7
2026-08-02T12:16:13.687Z,deep_scan,20260802112912_1A-4-7-8-17-28C,30,28C,0,14,M104,AB4326,0,18
2026-08-02T12:16:13.687Z,deep_scan,20260802112912_1A-4-7-8-17-28C,30,28C,0,21,M225,AB6214,0,7
2026-08-02T12:16:13.687Z,deep_scan,20260802112912_1A-4-7-8-17-28C,30,28C,0,28,M165,AB5657,1,14
2026-08-02T12:16:43.606Z,deep_scan,20260802112912_1A-4-7-8-17-28C,30,28C,0,8,M151,AB4355,1,7
2026-08-02T12:16:43.606Z,deep_scan,20260802112912_1A-4-7-8-17-28C,30,28C,0,15,M43,AB4326,1,22
2026-08-02T12:16:43.606Z,deep_scan,20260802112912_1A-4-7-8-17-28C,30,28C,0,21,M225,AB6214,0,7
2026-08-02T12:16:43.606Z,deep_scan,20260802112912_1A-4-7-8-17-28C,30,28C,0,28,M165,AB5657,0,7
2026-08-02T12:17:13.704Z,deep_scan,20260802112912_1A-4-7-8-17-28C,30,28C,0,8,M151,AB4355,1,7
2026-08-02T12:17:13.704Z,deep_scan,20260802112912_1A-4-7-8-17-28C,30,28C,0,15,M43,AB4326,0,28
2026-08-02T12:17:13.704Z,deep_scan,20260802112912_1A-4-7-8-17-28C,30,28C,0,21,M225,AB6214,0,22
2026-08-02T12:17:13.704Z,deep_scan,20260802112912_1A-4-7-8-17-28C,30,28C,0,29,M163,AB5657,1,2
2026-08-02T12:17:43.665Z,deep_scan,20260802112912_1A-4-7-8-17-28C,30,28C,0,8,M151,AB4355,1,6
2026-08-02T12:17:43.665Z,deep_scan,20260802112912_1A-4-7-8-17-28C,30,28C,0,16,M40,AB4326,1,20
2026-08-02T12:17:43.665Z,deep_scan,20260802112912_1A-4-7-8-17-28C,30,28C,0,21,M225,AB6214,0,27
2026-08-02T12:17:43.665Z,deep_scan,20260802112912_1A-4-7-8-17-28C,30,28C,0,29,M163,AB5657,0,25
2026-08-02T12:18:13.686Z,deep_scan,20260802112912_1A-4-7-8-17-28C,30,28C,0,8,M151,AB4355,0,27
2026-08-02T12:18:13.686Z,deep_scan,20260802112912_1A-4-7-8-17-28C,30,28C,0,16,M40,AB4326,1,3
2026-08-02T12:18:13.686Z,deep_scan,20260802112912_1A-4-7-8-17-28C,30,28C,0,22,M16/2,AB6214,1,26
2026-08-02T12:18:13.686Z,deep_scan,20260802112912_1A-4-7-8-17-28C,30,28C,0,30,M160/2,AB5657,1,20
2026-08-02T12:18:43.725Z,deep_scan,20260802112912_1A-4-7-8-17-28C,30,28C,0,9,M150,AB4355,1,13
2026-08-02T12:18:43.725Z,deep_scan,20260802112912_1A-4-7-8-17-28C,30,28C,0,16,M40,AB4326,0,19
2026-08-02T12:18:43.725Z,deep_scan,20260802112912_1A-4-7-8-17-28C,30,28C,0,22,M16/2,AB6214,0,28
2026-08-02T12:18:43.725Z,deep_scan,20260802112912_1A-4-7-8-17-28C,30,28C,0,30,M160/2,AB5657,1,1
2026-08-02T12:19:13.644Z,deep_scan,20260802112912_1A-4-7-8-17-28C,30,28C,0,9,M150,AB4355,1,13
2026-08-02T12:19:13.644Z,deep_scan,20260802112912_1A-4-7-8-17-28C,30,28C,0,16,M40,AB4326,0,11
2026-08-02T12:19:13.644Z,deep_scan,20260802112912_1A-4-7-8-17-28C,30,28C,0,22,M16/2,AB6214,0,9
2026-08-02T12:19:13.644Z,deep_scan,20260802112912_1A-4-7-8-17-28C,30,28C,0,31,M158/1,AB5657,0,18
2026-08-02T12:19:43.705Z,deep_scan,20260802112912_1A-4-7-8-17-28C,30,28C,0,9,M150,AB4355,1,10
2026-08-02T12:19:43.705Z,deep_scan,20260802112912_1A-4-7-8-17-28C,30,28C,0,17,M28/2,AB4326,1,32
2026-08-02T12:19:43.705Z,deep_scan,20260802112912_1A-4-7-8-17-28C,30,28C,0,22,M16/2,AB6214,0,23
2026-08-02T12:19:43.705Z,deep_scan,20260802112912_1A-4-7-8-17-28C,30,28C,0,31,M158/1,AB5657,0,21
2026-08-02T12:20:13.677Z,deep_scan,20260802112912_1A-4-7-8-17-28C,30,28C,0,9,M150,AB4355,0,6
2026-08-02T12:20:13.677Z,deep_scan,20260802112912_1A-4-7-8-17-28C,30,28C,0,17,M28/2,AB4326,0,21
2026-08-02T12:20:13.677Z,deep_scan,20260802112912_1A-4-7-8-17-28C,30,28C,0,22,M16/2,AB6214,0,23
2026-08-02T12:20:13.677Z,deep_scan,20260802112912_1A-4-7-8-17-28C,30,28C,0,31,M158/1,AB5657,0,12
2026-08-02T12:20:43.770Z,deep_scan,20260802112912_1A-4-7-8-17-28C,30,28C,0,0,M62/3,AB5457,1,13
2026-08-02T12:20:43.770Z,deep_scan,20260802112912_1A-4-7-8-17-28C,30,28C,0,10,M148,AB4355,1,14
2026-08-02T12:20:43.770Z,deep_scan,20260802112912_1A-4-7-8-17-28C,30,28C,0,18,M227,AB4326,1,29
2026-08-02T12:20:43.770Z,deep_scan,20260802112912_1A-4-7-8-17-28C,30,28C,0,23,M98,AB6214,1,20
2026-08-02T12:20:43.770Z,deep_scan,20260802112912_1A-4-7-8-17-28C,30,28C,0,31,M158/1,AB5657,0,12
2026-08-02T12:21:13.725Z,deep_scan,20260802112912_1A-4-7-8-17-28C,30,28C,0,0,M62/3,AB5457,1,15
2026-08-02T12:21:13.725Z,deep_scan,20260802112912_1A-4-7-8-17-28C,30,28C,0,10,M148,AB4355,1,14
2026-08-02T12:21:13.725Z,deep_scan,20260802112912_1A-4-7-8-17-28C,30,28C,0,18,M227,AB4326,1,8
2026-08-02T12:21:13.725Z,deep_scan,20260802112912_1A-4-7-8-17-28C,30,28C,0,23,M98,AB6214,1,18
2026-08-02T12:21:13.725Z,deep_scan,20260802112912_1A-4-7-8-17-28C,30,28C,0,31,M158/1,AB5657,0,12
2026-08-02T12:21:43.776Z,deep_scan,20260802112912_1A-4-7-8-17-28C,30,28C,0,0,M62/3,AB5457,0,45
2026-08-02T12:21:43.776Z,deep_scan,20260802112912_1A-4-7-8-17-28C,30,28C,0,10,M148,AB4355,1,2
2026-08-02T12:21:43.776Z,deep_scan,20260802112912_1A-4-7-8-17-28C,30,28C,0,18,M227,AB4326,0,31
2026-08-02T12:21:43.776Z,deep_scan,20260802112912_1A-4-7-8-17-28C,30,28C,0,23,M98,AB6214,1,27
2026-08-02T12:21:43.776Z,deep_scan,20260802112912_1A-4-7-8-17-28C,30,28C,0,32,M161,AB5657,0,11
2026-08-02T12:22:13.682Z,deep_scan,20260802112912_1A-4-7-8-17-28C,30,28C,0,1,M117,AB5457,1,9
2026-08-02T12:22:13.682Z,deep_scan,20260802112912_1A-4-7-8-17-28C,30,28C,0,10,M148,AB4355,0,10
2026-08-02T12:22:13.682Z,deep_scan,20260802112912_1A-4-7-8-17-28C,30,28C,0,19,M244,AB4326,1,14
2026-08-02T12:22:13.682Z,deep_scan,20260802112912_1A-4-7-8-17-28C,30,28C,0,23,M98,AB6214,0,19
2026-08-02T12:22:13.682Z,deep_scan,20260802112912_1A-4-7-8-17-28C,30,28C,0,33,M70,AB5657,1,15
2026-08-02T12:22:43.760Z,deep_scan,20260802112912_1A-4-7-8-17-28C,30,28C,0,1,M117,AB5457,0,29
2026-08-02T12:22:43.760Z,deep_scan,20260802112912_1A-4-7-8-17-28C,30,28C,0,10,M148,AB4355,0,6
2026-08-02T12:22:43.760Z,deep_scan,20260802112912_1A-4-7-8-17-28C,30,28C,0,19,M244,AB4326,1,13
2026-08-02T12:22:43.760Z,deep_scan,20260802112912_1A-4-7-8-17-28C,30,28C,0,24,M88,AB6214,1,24
2026-08-02T12:22:43.760Z,deep_scan,20260802112912_1A-4-7-8-17-28C,30,28C,0,34,M118,AB5657,1,25
2026-08-02T12:23:13.765Z,deep_scan,20260802112912_1A-4-7-8-17-28C,30,28C,0,2,M241,AB5457,1,14
2026-08-02T12:23:13.765Z,deep_scan,20260802112912_1A-4-7-8-17-28C,30,28C,0,10,M148,AB4355,0,29
2026-08-02T12:23:13.765Z,deep_scan,20260802112912_1A-4-7-8-17-28C,30,28C,0,19,M244,AB4326,1,7
2026-08-02T12:23:13.765Z,deep_scan,20260802112912_1A-4-7-8-17-28C,30,28C,0,24,M88,AB6214,0,13
2026-08-02T12:23:13.765Z,deep_scan,20260802112912_1A-4-7-8-17-28C,30,28C,0,34,M118,AB5657,1,28
2026-08-02T12:23:43.759Z,deep_scan,20260802112912_1A-4-7-8-17-28C,30,28C,0,3,M71,AB5457,1,17
2026-08-02T12:23:43.759Z,deep_scan,20260802112912_1A-4-7-8-17-28C,30,28C,0,10,M148,AB4355,0,23
2026-08-02T12:23:43.759Z,deep_scan,20260802112912_1A-4-7-8-17-28C,30,28C,0,19,M244,AB4326,1,11
2026-08-02T12:23:43.759Z,deep_scan,20260802112912_1A-4-7-8-17-28C,30,28C,0,24,M88,AB6214,0,18
2026-08-02T12:23:43.759Z,deep_scan,20260802112912_1A-4-7-8-17-28C,30,28C,0,34,M118,AB5657,0,1
2026-08-02T12:24:13.743Z,deep_scan,20260802112912_1A-4-7-8-17-28C,30,28C,0,3,M71,AB5457,1,20
2026-08-02T12:24:13.743Z,deep_scan,20260802112912_1A-4-7-8-17-28C,30,28C,0,11,M76/1,AB4355,1,28
2026-08-02T12:24:13.743Z,deep_scan,20260802112912_1A-4-7-8-17-28C,30,28C,0,19,M244,AB4326,0,2
2026-08-02T12:24:13.743Z,deep_scan,20260802112912_1A-4-7-8-17-28C,30,28C,0,24,M88,AB6214,0,18
2026-08-02T12:24:13.743Z,deep_scan,20260802112912_1A-4-7-8-17-28C,30,28C,0,34,M118,AB5657,0,24
2026-08-02T12:24:43.777Z,deep_scan,20260802112912_1A-4-7-8-17-28C,30,28C,0,3,M71,AB5457,0,30
2026-08-02T12:24:43.777Z,deep_scan,20260802112912_1A-4-7-8-17-28C,30,28C,0,11,M76/1,AB4355,1,19
2026-08-02T12:24:43.777Z,deep_scan,20260802112912_1A-4-7-8-17-28C,30,28C,0,19,M244,AB4326,0,27
2026-08-02T12:24:43.777Z,deep_scan,20260802112912_1A-4-7-8-17-28C,30,28C,0,24,M88,AB6214,0,14
2026-08-02T12:24:43.777Z,deep_scan,20260802112912_1A-4-7-8-17-28C,30,28C,0,35,M62/3,AB5657,1,0
2026-08-02T12:25:13.831Z,deep_scan,20260802112912_1A-4-7-8-17-28C,30,28C,0,4,M155,AB5457,1,7
2026-08-02T12:25:13.831Z,deep_scan,20260802112912_1A-4-7-8-17-28C,30,28C,0,11,M76/1,AB4355,0,11
2026-08-02T12:25:13.831Z,deep_scan,20260802112912_1A-4-7-8-17-28C,30,28C,0,20,M216,AB4326,1,12
2026-08-02T12:25:13.831Z,deep_scan,20260802112912_1A-4-7-8-17-28C,30,28C,0,25,M72,AB6214,1,33
2026-08-02T12:25:13.831Z,deep_scan,20260802112912_1A-4-7-8-17-28C,30,28C,0,35,M62/3,AB5657,1,0
2026-08-02T12:25:43.778Z,deep_scan,20260802112912_1A-4-7-8-17-28C,30,28C,0,4,M155,AB5457,0,42
2026-08-02T12:25:43.778Z,deep_scan,20260802112912_1A-4-7-8-17-28C,30,28C,0,11,M76/1,AB4355,0,22
2026-08-02T12:25:43.778Z,deep_scan,20260802112912_1A-4-7-8-17-28C,30,28C,0,20,M216,AB4326,1,11
2026-08-02T12:25:43.778Z,deep_scan,20260802112912_1A-4-7-8-17-28C,30,28C,0,26,M149,AB6214,1,9
2026-08-02T12:25:43.778Z,deep_scan,20260802112912_1A-4-7-8-17-28C,30,28C,0,35,M62/3,AB5657,1,0
2026-08-02T12:26:13.852Z,deep_scan,20260802112912_1A-4-7-8-17-28C,30,28C,0,5,M157,AB5457,1,22
2026-08-02T12:26:13.852Z,deep_scan,20260802112912_1A-4-7-8-17-28C,30,28C,0,12,M84/1,AB4355,1,6
2026-08-02T12:26:13.852Z,deep_scan,20260802112912_1A-4-7-8-17-28C,30,28C,0,20,M216,AB4326,0,47
2026-08-02T12:26:13.852Z,deep_scan,20260802112912_1A-4-7-8-17-28C,30,28C,0,26,M149,AB6214,1,7
2026-08-02T12:26:13.852Z,deep_scan,20260802112912_1A-4-7-8-17-28C,30,28C,0,35,M62/3,AB5657,1,0
2026-08-02T12:26:43.782Z,deep_scan,20260802112912_1A-4-7-8-17-28C,30,28C,0,5,M157,AB5457,1,4
2026-08-02T12:26:43.782Z,deep_scan,20260802112912_1A-4-7-8-17-28C,30,28C,0,12,M84/1,AB4355,1,6
2026-08-02T12:26:43.782Z,deep_scan,20260802112912_1A-4-7-8-17-28C,30,28C,0,20,M216,AB4326,0,39
2026-08-02T12:26:43.782Z,deep_scan,20260802112912_1A-4-7-8-17-28C,30,28C,0,26,M149,AB6214,0,21
2026-08-02T12:26:43.782Z,deep_scan,20260802112912_1A-4-7-8-17-28C,30,28C,0,35,M62/3,AB5657,1,0
2026-08-02T12:27:13.883Z,deep_scan,20260802112912_1A-4-7-8-17-28C,30,28C,0,5,M157,AB5457,0,31
2026-08-02T12:27:13.883Z,deep_scan,20260802112912_1A-4-7-8-17-28C,30,28C,0,12,M84/1,AB4355,1,6
2026-08-02T12:27:13.883Z,deep_scan,20260802112912_1A-4-7-8-17-28C,30,28C,0,20,M216,AB4326,0,24
2026-08-02T12:27:13.883Z,deep_scan,20260802112912_1A-4-7-8-17-28C,30,28C,0,27,M145/2,AB6214,1,28
2026-08-02T12:27:13.883Z,deep_scan,20260802112912_1A-4-7-8-17-28C,30,28C,0,35,M62/3,AB5657,1,0
2026-08-02T12:27:43.753Z,deep_scan,20260802112912_1A-4-7-8-17-28C,30,28C,0,6,M163,AB5457,1,4
2026-08-02T12:27:43.753Z,deep_scan,20260802112912_1A-4-7-8-17-28C,30,28C,0,12,M84/1,AB4355,1,4
2026-08-02T12:27:43.753Z,deep_scan,20260802112912_1A-4-7-8-17-28C,30,28C,0,20,M216,AB4326,0,24
2026-08-02T12:27:43.753Z,deep_scan,20260802112912_1A-4-7-8-17-28C,30,28C,0,27,M145/2,AB6214,0,18
2026-08-02T12:27:43.753Z,deep_scan,20260802112912_1A-4-7-8-17-28C,30,28C,0,35,M62/3,AB5657,1,0
2026-08-02T12:28:13.822Z,deep_scan,20260802112912_1A-4-7-8-17-28C,30,28C,0,7,M164,AB5457,0,28
2026-08-02T12:28:13.822Z,deep_scan,20260802112912_1A-4-7-8-17-28C,30,28C,0,12,M84/1,AB4355,0,20
2026-08-02T12:28:13.822Z,deep_scan,20260802112912_1A-4-7-8-17-28C,30,28C,0,21,M225,AB4326,1,21
2026-08-02T12:28:13.822Z,deep_scan,20260802112912_1A-4-7-8-17-28C,30,28C,0,28,M165,AB6214,1,17
2026-08-02T12:28:13.822Z,deep_scan,20260802112912_1A-4-7-8-17-28C,30,28C,0,35,M62/3,AB5657,1,0
2026-08-02T12:28:43.830Z,deep_scan,20260802112912_1A-4-7-8-17-28C,30,28C,0,8,M151,AB5457,1,20
2026-08-02T12:28:43.830Z,deep_scan,20260802112912_1A-4-7-8-17-28C,30,28C,0,12,M84/1,AB4355,0,20
2026-08-02T12:28:43.830Z,deep_scan,20260802112912_1A-4-7-8-17-28C,30,28C,0,21,M225,AB4326,1,5
2026-08-02T12:28:43.830Z,deep_scan,20260802112912_1A-4-7-8-17-28C,30,28C,0,28,M165,AB6214,0,24
2026-08-02T12:28:43.830Z,deep_scan,20260802112912_1A-4-7-8-17-28C,30,28C,0,35,M62/3,AB5657,1,0
2026-08-02T12:29:13.839Z,deep_scan,20260802112912_1A-4-7-8-17-28C,30,28C,0,8,M151,AB5457,1,20
2026-08-02T12:29:13.839Z,deep_scan,20260802112912_1A-4-7-8-17-28C,30,28C,0,12,M84/1,AB4355,0,20
2026-08-02T12:29:13.839Z,deep_scan,20260802112912_1A-4-7-8-17-28C,30,28C,0,21,M225,AB4326,1,5
2026-08-02T12:29:13.839Z,deep_scan,20260802112912_1A-4-7-8-17-28C,30,28C,0,29,M163,AB6214,1,24
2026-08-02T12:29:43.851Z,deep_scan,20260802112912_1A-4-7-8-17-28C,30,28C,0,8,M151,AB5457,0,26
2026-08-02T12:29:43.851Z,deep_scan,20260802112912_1A-4-7-8-17-28C,30,28C,0,13,M92,AB4355,1,4
2026-08-02T12:29:43.851Z,deep_scan,20260802112912_1A-4-7-8-17-28C,30,28C,0,21,M225,AB4326,0,13
2026-08-02T12:29:43.851Z,deep_scan,20260802112912_1A-4-7-8-17-28C,30,28C,0,29,M163,AB6214,0,25
2026-08-02T12:30:13.908Z,deep_scan,20260802112912_1A-4-7-8-17-28C,30,28C,0,9,M150,AB5457,1,9
2026-08-02T12:30:13.908Z,deep_scan,20260802112912_1A-4-7-8-17-28C,30,28C,0,13,M92,AB4355,0,24
2026-08-02T12:30:13.908Z,deep_scan,20260802112912_1A-4-7-8-17-28C,30,28C,0,21,M225,AB4326,0,17
2026-08-02T12:30:13.908Z,deep_scan,20260802112912_1A-4-7-8-17-28C,30,28C,0,30,M160/2,AB6214,1,26
2026-08-02T12:30:43.793Z,deep_scan,20260802112912_1A-4-7-8-17-28C,30,28C,0,9,M150,AB5457,1,8
2026-08-02T12:30:43.793Z,deep_scan,20260802112912_1A-4-7-8-17-28C,30,28C,0,13,M92,AB4355,0,12
2026-08-02T12:30:43.793Z,deep_scan,20260802112912_1A-4-7-8-17-28C,30,28C,0,21,M225,AB4326,0,26
2026-08-02T12:30:43.793Z,deep_scan,20260802112912_1A-4-7-8-17-28C,30,28C,0,30,M160/2,AB6214,1,12
2026-08-02T12:31:13.862Z,deep_scan,20260802112912_1A-4-7-8-17-28C,30,28C,0,9,M150,AB5457,0,9
2026-08-02T12:31:13.862Z,deep_scan,20260802112912_1A-4-7-8-17-28C,30,28C,0,13,M92,AB4355,0,12
2026-08-02T12:31:13.862Z,deep_scan,20260802112912_1A-4-7-8-17-28C,30,28C,0,21,M225,AB4326,0,46
2026-08-02T12:31:13.862Z,deep_scan,20260802112912_1A-4-7-8-17-28C,30,28C,0,31,M158/1,AB6214,1,19
2026-08-02T12:31:43.844Z,deep_scan,20260802112912_1A-4-7-8-17-28C,30,28C,0,10,M148,AB5457,1,15
2026-08-02T12:31:43.844Z,deep_scan,20260802112912_1A-4-7-8-17-28C,30,28C,0,13,M92,AB4355,0,12
2026-08-02T12:31:43.844Z,deep_scan,20260802112912_1A-4-7-8-17-28C,30,28C,0,22,M16/2,AB4326,1,3
2026-08-02T12:31:43.844Z,deep_scan,20260802112912_1A-4-7-8-17-28C,30,28C,0,31,M158/1,AB6214,0,25
2026-08-02T12:32:13.902Z,deep_scan,20260802112912_1A-4-7-8-17-28C,30,28C,0,10,M148,AB5457,1,14
2026-08-02T12:32:13.902Z,deep_scan,20260802112912_1A-4-7-8-17-28C,30,28C,0,14,M104,AB4355,1,19
2026-08-02T12:32:13.902Z,deep_scan,20260802112912_1A-4-7-8-17-28C,30,28C,0,22,M16/2,AB4326,1,13
2026-08-02T12:32:13.902Z,deep_scan,20260802112912_1A-4-7-8-17-28C,30,28C,0,32,M161,AB6214,1,32
2026-08-02T12:32:43.860Z,deep_scan,20260802112912_1A-4-7-8-17-28C,30,28C,0,10,M148,AB5457,1,14
2026-08-02T12:32:43.860Z,deep_scan,20260802112912_1A-4-7-8-17-28C,30,28C,0,14,M104,AB4355,1,19
2026-08-02T12:32:43.860Z,deep_scan,20260802112912_1A-4-7-8-17-28C,30,28C,0,22,M16/2,AB4326,1,6
2026-08-02T12:32:43.860Z,deep_scan,20260802112912_1A-4-7-8-17-28C,30,28C,0,32,M161,AB6214,0,20
2026-08-02T12:33:13.918Z,deep_scan,20260802112912_1A-4-7-8-17-28C,30,28C,0,10,M148,AB5457,0,12
2026-08-02T12:33:13.918Z,deep_scan,20260802112912_1A-4-7-8-17-28C,30,28C,0,14,M104,AB4355,0,2
2026-08-02T12:33:13.918Z,deep_scan,20260802112912_1A-4-7-8-17-28C,30,28C,0,22,M16/2,AB4326,1,6
2026-08-02T12:33:13.918Z,deep_scan,20260802112912_1A-4-7-8-17-28C,30,28C,0,33,M70,AB6214,1,27
2026-08-02T12:33:43.867Z,deep_scan,20260802112912_1A-4-7-8-17-28C,30,28C,0,10,M148,AB5457,0,26
2026-08-02T12:33:43.867Z,deep_scan,20260802112912_1A-4-7-8-17-28C,30,28C,0,14,M104,AB4355,0,4
2026-08-02T12:33:43.867Z,deep_scan,20260802112912_1A-4-7-8-17-28C,30,28C,0,22,M16/2,AB4326,1,6
2026-08-02T12:33:43.867Z,deep_scan,20260802112912_1A-4-7-8-17-28C,30,28C,0,33,M70,AB6214,1,27
2026-08-02T12:34:13.870Z,deep_scan,20260802112912_1A-4-7-8-17-28C,30,28C,0,10,M148,AB5457,0,26
2026-08-02T12:34:13.870Z,deep_scan,20260802112912_1A-4-7-8-17-28C,30,28C,0,15,M43,AB4355,1,23
2026-08-02T12:34:13.870Z,deep_scan,20260802112912_1A-4-7-8-17-28C,30,28C,0,22,M16/2,AB4326,0,6
2026-08-02T12:34:13.870Z,deep_scan,20260802112912_1A-4-7-8-17-28C,30,28C,0,34,M118,AB6214,1,34
2026-08-02T12:34:43.869Z,deep_scan,20260802112912_1A-4-7-8-17-28C,30,28C,0,10,M148,AB5457,0,25
2026-08-02T12:34:43.869Z,deep_scan,20260802112912_1A-4-7-8-17-28C,30,28C,0,15,M43,AB4355,0,30
2026-08-02T12:34:43.869Z,deep_scan,20260802112912_1A-4-7-8-17-28C,30,28C,0,23,M98,AB4326,1,24
2026-08-02T12:34:43.869Z,deep_scan,20260802112912_1A-4-7-8-17-28C,30,28C,0,34,M118,AB6214,1,18
2026-08-02T12:35:13.925Z,deep_scan,20260802112912_1A-4-7-8-17-28C,30,28C,0,0,M62/3,AB5767,1,3
2026-08-02T12:35:13.925Z,deep_scan,20260802112912_1A-4-7-8-17-28C,30,28C,0,10,M148,AB5457,0,20
2026-08-02T12:35:13.925Z,deep_scan,20260802112912_1A-4-7-8-17-28C,30,28C,0,16,M40,AB4355,1,7
2026-08-02T12:35:13.925Z,deep_scan,20260802112912_1A-4-7-8-17-28C,30,28C,0,23,M98,AB4326,0,28
2026-08-02T12:35:13.925Z,deep_scan,20260802112912_1A-4-7-8-17-28C,30,28C,0,34,M118,AB6214,1,3
2026-08-02T12:35:43.900Z,deep_scan,20260802112912_1A-4-7-8-17-28C,30,28C,0,0,M62/3,AB5767,1,3
2026-08-02T12:35:43.900Z,deep_scan,20260802112912_1A-4-7-8-17-28C,30,28C,0,11,M76/1,AB5457,1,21
2026-08-02T12:35:43.900Z,deep_scan,20260802112912_1A-4-7-8-17-28C,30,28C,0,16,M40,AB4355,0,39
2026-08-02T12:35:43.900Z,deep_scan,20260802112912_1A-4-7-8-17-28C,30,28C,0,23,M98,AB4326,0,6
2026-08-02T12:35:43.900Z,deep_scan,20260802112912_1A-4-7-8-17-28C,30,28C,0,34,M118,AB6214,1,8
2026-08-02T12:36:13.915Z,deep_scan,20260802112912_1A-4-7-8-17-28C,30,28C,0,0,M62/3,AB5767,1,12
2026-08-02T12:36:13.915Z,deep_scan,20260802112912_1A-4-7-8-17-28C,30,28C,0,11,M76/1,AB5457,1,19
2026-08-02T12:36:13.915Z,deep_scan,20260802112912_1A-4-7-8-17-28C,30,28C,0,17,M28/2,AB4355,1,8
2026-08-02T12:36:13.915Z,deep_scan,20260802112912_1A-4-7-8-17-28C,30,28C,0,23,M98,AB4326,0,6
2026-08-02T12:36:13.915Z,deep_scan,20260802112912_1A-4-7-8-17-28C,30,28C,0,34,M118,AB6214,0,8
2026-08-02T12:36:43.956Z,deep_scan,20260802112912_1A-4-7-8-17-28C,30,28C,0,0,M62/3,AB5767,0,17
2026-08-02T12:36:43.956Z,deep_scan,20260802112912_1A-4-7-8-17-28C,30,28C,0,11,M76/1,AB5457,0,19
2026-08-02T12:36:43.956Z,deep_scan,20260802112912_1A-4-7-8-17-28C,30,28C,0,17,M28/2,AB4355,0,9
2026-08-02T12:36:43.956Z,deep_scan,20260802112912_1A-4-7-8-17-28C,30,28C,0,24,M88,AB4326,1,9
2026-08-02T12:36:43.956Z,deep_scan,20260802112912_1A-4-7-8-17-28C,30,28C,0,34,M118,AB6214,0,17
2026-08-02T12:37:13.963Z,deep_scan,20260802112912_1A-4-7-8-17-28C,30,28C,0,1,M117,AB5767,1,30
2026-08-02T12:37:13.963Z,deep_scan,20260802112912_1A-4-7-8-17-28C,30,28C,0,12,M84/1,AB5457,1,27
2026-08-02T12:37:13.963Z,deep_scan,20260802112912_1A-4-7-8-17-28C,30,28C,0,17,M28/2,AB4355,0,17
2026-08-02T12:37:13.963Z,deep_scan,20260802112912_1A-4-7-8-17-28C,30,28C,0,24,M88,AB4326,1,9
2026-08-02T12:37:13.963Z,deep_scan,20260802112912_1A-4-7-8-17-28C,30,28C,0,35,M62/3,AB6214,1,0
2026-08-02T12:37:43.964Z,deep_scan,20260802112912_1A-4-7-8-17-28C,30,28C,0,1,M117,AB5767,1,17
2026-08-02T12:37:43.964Z,deep_scan,20260802112912_1A-4-7-8-17-28C,30,28C,0,12,M84/1,AB5457,1,11
2026-08-02T12:37:43.964Z,deep_scan,20260802112912_1A-4-7-8-17-28C,30,28C,0,17,M28/2,AB4355,0,14
2026-08-02T12:37:43.964Z,deep_scan,20260802112912_1A-4-7-8-17-28C,30,28C,0,24,M88,AB4326,1,9
2026-08-02T12:37:43.964Z,deep_scan,20260802112912_1A-4-7-8-17-28C,30,28C,0,35,M62/3,AB6214,1,0
2026-08-02T12:38:13.936Z,deep_scan,20260802112912_1A-4-7-8-17-28C,30,28C,0,1,M117,AB5767,0,6
2026-08-02T12:38:13.936Z,deep_scan,20260802112912_1A-4-7-8-17-28C,30,28C,0,12,M84/1,AB5457,0,14
2026-08-02T12:38:13.936Z,deep_scan,20260802112912_1A-4-7-8-17-28C,30,28C,0,17,M28/2,AB4355,0,20
2026-08-02T12:38:13.936Z,deep_scan,20260802112912_1A-4-7-8-17-28C,30,28C,0,24,M88,AB4326,1,19
2026-08-02T12:38:13.936Z,deep_scan,20260802112912_1A-4-7-8-17-28C,30,28C,0,35,M62/3,AB6214,1,0
2026-08-02T12:38:43.972Z,deep_scan,20260802112912_1A-4-7-8-17-28C,30,28C,0,2,M241,AB5767,0,25
2026-08-02T12:38:43.972Z,deep_scan,20260802112912_1A-4-7-8-17-28C,30,28C,0,12,M84/1,AB5457,0,12
2026-08-02T12:38:43.972Z,deep_scan,20260802112912_1A-4-7-8-17-28C,30,28C,0,17,M28/2,AB4355,0,27
2026-08-02T12:38:43.972Z,deep_scan,20260802112912_1A-4-7-8-17-28C,30,28C,0,24,M88,AB4326,0,22
2026-08-02T12:38:43.972Z,deep_scan,20260802112912_1A-4-7-8-17-28C,30,28C,0,35,M62/3,AB6214,1,0
2026-08-02T12:39:13.935Z,deep_scan,20260802112912_1A-4-7-8-17-28C,30,28C,0,3,M71,AB5767,1,20
2026-08-02T12:39:13.935Z,deep_scan,20260802112912_1A-4-7-8-17-28C,30,28C,0,12,M84/1,AB5457,0,12
2026-08-02T12:39:13.935Z,deep_scan,20260802112912_1A-4-7-8-17-28C,30,28C,0,18,M227,AB4355,1,7
2026-08-02T12:39:13.935Z,deep_scan,20260802112912_1A-4-7-8-17-28C,30,28C,0,24,M88,AB4326,0,7
2026-08-02T12:39:13.935Z,deep_scan,20260802112912_1A-4-7-8-17-28C,30,28C,0,35,M62/3,AB6214,1,0
2026-08-02T12:39:43.935Z,deep_scan,20260802112912_1A-4-7-8-17-28C,30,28C,0,3,M71,AB5767,0,15
2026-08-02T12:39:43.935Z,deep_scan,20260802112912_1A-4-7-8-17-28C,30,28C,0,12,M84/1,AB5457,0,12
2026-08-02T12:39:43.935Z,deep_scan,20260802112912_1A-4-7-8-17-28C,30,28C,0,18,M227,AB4355,1,7
2026-08-02T12:39:43.935Z,deep_scan,20260802112912_1A-4-7-8-17-28C,30,28C,0,24,M88,AB4326,0,7
2026-08-02T12:39:43.935Z,deep_scan,20260802112912_1A-4-7-8-17-28C,30,28C,0,35,M62/3,AB6214,1,0
2026-08-02T12:40:13.927Z,deep_scan,20260802112912_1A-4-7-8-17-28C,30,28C,0,4,M155,AB5767,0,11
2026-08-02T12:40:13.927Z,deep_scan,20260802112912_1A-4-7-8-17-28C,30,28C,0,13,M92,AB5457,1,22
2026-08-02T12:40:13.927Z,deep_scan,20260802112912_1A-4-7-8-17-28C,30,28C,0,18,M227,AB4355,0,13
2026-08-02T12:40:13.927Z,deep_scan,20260802112912_1A-4-7-8-17-28C,30,28C,0,24,M88,AB4326,0,21
2026-08-02T12:40:13.927Z,deep_scan,20260802112912_1A-4-7-8-17-28C,30,28C,0,35,M62/3,AB6214,1,0
2026-08-02T12:40:43.942Z,deep_scan,20260802112912_1A-4-7-8-17-28C,30,28C,0,4,M155,AB5767,0,21
2026-08-02T12:40:43.942Z,deep_scan,20260802112912_1A-4-7-8-17-28C,30,28C,0,13,M92,AB5457,1,22
2026-08-02T12:40:43.942Z,deep_scan,20260802112912_1A-4-7-8-17-28C,30,28C,0,18,M227,AB4355,0,19
2026-08-02T12:40:43.942Z,deep_scan,20260802112912_1A-4-7-8-17-28C,30,28C,0,25,M72,AB4326,1,14
2026-08-02T12:40:43.942Z,deep_scan,20260802112912_1A-4-7-8-17-28C,30,28C,0,35,M62/3,AB6214,1,0
2026-08-02T12:41:14.055Z,deep_scan,20260802112912_1A-4-7-8-17-28C,30,28C,0,5,M157,AB5767,1,16
2026-08-02T12:41:14.055Z,deep_scan,20260802112912_1A-4-7-8-17-28C,30,28C,0,13,M92,AB5457,0,11
2026-08-02T12:41:14.055Z,deep_scan,20260802112912_1A-4-7-8-17-28C,30,28C,0,19,M244,AB4355,1,17
2026-08-02T12:41:14.055Z,deep_scan,20260802112912_1A-4-7-8-17-28C,30,28C,0,26,M149,AB4326,1,34
2026-08-02T12:41:14.055Z,deep_scan,20260802112912_1A-4-7-8-17-28C,30,28C,0,35,M62/3,AB6214,1,0
2026-08-02T12:41:44.003Z,deep_scan,20260802112912_1A-4-7-8-17-28C,30,28C,0,5,M157,AB5767,1,2
2026-08-02T12:41:44.003Z,deep_scan,20260802112912_1A-4-7-8-17-28C,30,28C,0,13,M92,AB5457,0,11
2026-08-02T12:41:44.003Z,deep_scan,20260802112912_1A-4-7-8-17-28C,30,28C,0,19,M244,AB4355,1,10
2026-08-02T12:41:44.003Z,deep_scan,20260802112912_1A-4-7-8-17-28C,30,28C,0,26,M149,AB4326,0,34
2026-08-02T12:42:14.074Z,deep_scan,20260802112912_1A-4-7-8-17-28C,30,28C,0,5,M157,AB5767,1,3
2026-08-02T12:42:14.074Z,deep_scan,20260802112912_1A-4-7-8-17-28C,30,28C,0,13,M92,AB5457,0,11
2026-08-02T12:42:14.074Z,deep_scan,20260802112912_1A-4-7-8-17-28C,30,28C,0,19,M244,AB4355,1,10
2026-08-02T12:42:14.074Z,deep_scan,20260802112912_1A-4-7-8-17-28C,30,28C,0,26,M149,AB4326,0,25
2026-08-02T12:42:43.967Z,deep_scan,20260802112912_1A-4-7-8-17-28C,30,28C,0,5,M157,AB5767,0,19
2026-08-02T12:42:43.967Z,deep_scan,20260802112912_1A-4-7-8-17-28C,30,28C,0,13,M92,AB5457,0,13
2026-08-02T12:42:43.967Z,deep_scan,20260802112912_1A-4-7-8-17-28C,30,28C,0,19,M244,AB4355,0,20
2026-08-02T12:42:43.967Z,deep_scan,20260802112912_1A-4-7-8-17-28C,30,28C,0,27,M145/2,AB4326,1,7
2026-08-02T12:43:14.041Z,deep_scan,20260802112912_1A-4-7-8-17-28C,30,28C,0,6,M163,AB5767,1,11
2026-08-02T12:43:14.041Z,deep_scan,20260802112912_1A-4-7-8-17-28C,30,28C,0,13,M92,AB5457,0,13
2026-08-02T12:43:14.041Z,deep_scan,20260802112912_1A-4-7-8-17-28C,30,28C,0,19,M244,AB4355,0,16
2026-08-02T12:43:14.041Z,deep_scan,20260802112912_1A-4-7-8-17-28C,30,28C,0,27,M145/2,AB4326,1,6
2026-08-02T12:43:44.033Z,deep_scan,20260802112912_1A-4-7-8-17-28C,30,28C,0,6,M163,AB5767,0,11
2026-08-02T12:43:44.033Z,deep_scan,20260802112912_1A-4-7-8-17-28C,30,28C,0,14,M104,AB5457,1,37
2026-08-02T12:43:44.033Z,deep_scan,20260802112912_1A-4-7-8-17-28C,30,28C,0,20,M216,AB4355,1,34
2026-08-02T12:43:44.033Z,deep_scan,20260802112912_1A-4-7-8-17-28C,30,28C,0,27,M145/2,AB4326,0,21
2026-08-02T12:44:14.049Z,deep_scan,20260802112912_1A-4-7-8-17-28C,30,28C,0,7,M164,AB5767,1,5
2026-08-02T12:44:14.049Z,deep_scan,20260802112912_1A-4-7-8-17-28C,30,28C,0,14,M104,AB5457,0,23
2026-08-02T12:44:14.049Z,deep_scan,20260802112912_1A-4-7-8-17-28C,30,28C,0,20,M216,AB4355,1,10
2026-08-02T12:44:14.049Z,deep_scan,20260802112912_1A-4-7-8-17-28C,30,28C,0,28,M165,AB4326,0,17
2026-08-02T12:44:43.997Z,deep_scan,20260802112912_1A-4-7-8-17-28C,30,28C,0,7,M164,AB5767,0,15
2026-08-02T12:44:43.997Z,deep_scan,20260802112912_1A-4-7-8-17-28C,30,28C,0,15,M43,AB5457,1,12
2026-08-02T12:44:43.997Z,deep_scan,20260802112912_1A-4-7-8-17-28C,30,28C,0,20,M216,AB4355,0,18
2026-08-02T12:44:43.997Z,deep_scan,20260802112912_1A-4-7-8-17-28C,30,28C,0,29,M163,AB4326,1,24
2026-08-02T12:45:14.087Z,deep_scan,20260802112912_1A-4-7-8-17-28C,30,28C,0,8,M151,AB5767,1,21
2026-08-02T12:45:14.087Z,deep_scan,20260802112912_1A-4-7-8-17-28C,30,28C,0,15,M43,AB5457,0,12
2026-08-02T12:45:14.087Z,deep_scan,20260802112912_1A-4-7-8-17-28C,30,28C,0,20,M216,AB4355,0,12
2026-08-02T12:45:14.087Z,deep_scan,20260802112912_1A-4-7-8-17-28C,30,28C,0,29,M163,AB4326,1,6
2026-08-02T12:45:44.037Z,deep_scan,20260802112912_1A-4-7-8-17-28C,30,28C,0,8,M151,AB5767,0,9
2026-08-02T12:45:44.037Z,deep_scan,20260802112912_1A-4-7-8-17-28C,30,28C,0,16,M40,AB5457,1,22
2026-08-02T12:45:44.037Z,deep_scan,20260802112912_1A-4-7-8-17-28C,30,28C,0,20,M216,AB4355,0,21
2026-08-02T12:45:44.037Z,deep_scan,20260802112912_1A-4-7-8-17-28C,30,28C,0,29,M163,AB4326,0,20
2026-08-02T12:46:14.095Z,deep_scan,20260802112912_1A-4-7-8-17-28C,30,28C,0,8,M151,AB5767,0,24
2026-08-02T12:46:14.095Z,deep_scan,20260802112912_1A-4-7-8-17-28C,30,28C,0,16,M40,AB5457,0,20
2026-08-02T12:46:14.095Z,deep_scan,20260802112912_1A-4-7-8-17-28C,30,28C,0,20,M216,AB4355,0,24
2026-08-02T12:46:14.095Z,deep_scan,20260802112912_1A-4-7-8-17-28C,30,28C,0,30,M160/2,AB4326,1,24
2026-08-02T12:46:44.045Z,deep_scan,20260802112912_1A-4-7-8-17-28C,30,28C,0,9,M150,AB5767,1,2
2026-08-02T12:46:44.045Z,deep_scan,20260802112912_1A-4-7-8-17-28C,30,28C,0,16,M40,AB5457,0,20
2026-08-02T12:46:44.045Z,deep_scan,20260802112912_1A-4-7-8-17-28C,30,28C,0,20,M216,AB4355,0,2
2026-08-02T12:46:44.045Z,deep_scan,20260802112912_1A-4-7-8-17-28C,30,28C,0,30,M160/2,AB4326,0,16
2026-08-02T12:47:14.059Z,deep_scan,20260802112912_1A-4-7-8-17-28C,30,28C,0,9,M150,AB5767,0,13
2026-08-02T12:47:14.059Z,deep_scan,20260802112912_1A-4-7-8-17-28C,30,28C,0,16,M40,AB5457,0,20
2026-08-02T12:47:14.059Z,deep_scan,20260802112912_1A-4-7-8-17-28C,30,28C,0,21,M225,AB4355,1,14
2026-08-02T12:47:14.059Z,deep_scan,20260802112912_1A-4-7-8-17-28C,30,28C,0,31,M158/1,AB4326,1,2
2026-08-02T12:47:44.064Z,deep_scan,20260802112912_1A-4-7-8-17-28C,30,28C,0,9,M150,AB5767,0,1
2026-08-02T12:47:44.064Z,deep_scan,20260802112912_1A-4-7-8-17-28C,30,28C,0,17,M28/2,AB5457,1,21
2026-08-02T12:47:44.064Z,deep_scan,20260802112912_1A-4-7-8-17-28C,30,28C,0,21,M225,AB4355,1,14
2026-08-02T12:47:44.064Z,deep_scan,20260802112912_1A-4-7-8-17-28C,30,28C,0,31,M158/1,AB4326,1,25
2026-08-02T12:48:14.099Z,deep_scan,20260802112912_1A-4-7-8-17-28C,30,28C,0,9,M150,AB5767,0,1
2026-08-02T12:48:14.099Z,deep_scan,20260802112912_1A-4-7-8-17-28C,30,28C,0,17,M28/2,AB5457,0,23
2026-08-02T12:48:14.099Z,deep_scan,20260802112912_1A-4-7-8-17-28C,30,28C,0,21,M225,AB4355,1,2
2026-08-02T12:48:14.099Z,deep_scan,20260802112912_1A-4-7-8-17-28C,30,28C,0,32,M161,AB4326,1,35
2026-08-02T12:48:44.075Z,deep_scan,20260802112912_1A-4-7-8-17-28C,30,28C,0,9,M150,AB5767,0,4
2026-08-02T12:48:44.075Z,deep_scan,20260802112912_1A-4-7-8-17-28C,30,28C,0,17,M28/2,AB5457,0,14
2026-08-02T12:48:44.075Z,deep_scan,20260802112912_1A-4-7-8-17-28C,30,28C,0,21,M225,AB4355,0,23
2026-08-02T12:48:44.075Z,deep_scan,20260802112912_1A-4-7-8-17-28C,30,28C,0,32,M161,AB4326,0,22
2026-08-02T12:49:14.134Z,deep_scan,20260802112912_1A-4-7-8-17-28C,30,28C,0,9,M150,AB5767,0,4
2026-08-02T12:49:14.134Z,deep_scan,20260802112912_1A-4-7-8-17-28C,30,28C,0,17,M28/2,AB5457,0,14
2026-08-02T12:49:14.134Z,deep_scan,20260802112912_1A-4-7-8-17-28C,30,28C,0,21,M225,AB4355,0,35
2026-08-02T12:49:14.134Z,deep_scan,20260802112912_1A-4-7-8-17-28C,30,28C,0,33,M70,AB4326,1,1
2026-08-02T12:49:44.073Z,deep_scan,20260802112912_1A-4-7-8-17-28C,30,28C,0,9,M150,AB5767,0,4
2026-08-02T12:49:44.073Z,deep_scan,20260802112912_1A-4-7-8-17-28C,30,28C,0,18,M227,AB5457,1,31
2026-08-02T12:49:44.073Z,deep_scan,20260802112912_1A-4-7-8-17-28C,30,28C,0,21,M225,AB4355,0,20
2026-08-02T12:49:44.073Z,deep_scan,20260802112912_1A-4-7-8-17-28C,30,28C,0,33,M70,AB4326,1,11
2026-08-02T12:50:14.149Z,deep_scan,20260802112912_1A-4-7-8-17-28C,30,28C,0,9,M150,AB5767,0,4
2026-08-02T12:50:14.149Z,deep_scan,20260802112912_1A-4-7-8-17-28C,30,28C,0,18,M227,AB5457,1,31
2026-08-02T12:50:14.149Z,deep_scan,20260802112912_1A-4-7-8-17-28C,30,28C,0,21,M225,AB4355,0,34
2026-08-02T12:50:14.149Z,deep_scan,20260802112912_1A-4-7-8-17-28C,30,28C,0,34,M118,AB4326,1,1
2026-08-02T12:50:44.108Z,deep_scan,20260802112912_1A-4-7-8-17-28C,30,28C,0,9,M150,AB5767,0,4
2026-08-02T12:50:44.108Z,deep_scan,20260802112912_1A-4-7-8-17-28C,30,28C,0,18,M227,AB5457,1,3
2026-08-02T12:50:44.108Z,deep_scan,20260802112912_1A-4-7-8-17-28C,30,28C,0,22,M16/2,AB4355,1,7
2026-08-02T12:50:44.108Z,deep_scan,20260802112912_1A-4-7-8-17-28C,30,28C,0,34,M118,AB4326,1,4
2026-08-02T12:51:14.141Z,deep_scan,20260802112912_1A-4-7-8-17-28C,30,28C,0,0,M62/3,AB6214,1,14
2026-08-02T12:51:14.141Z,deep_scan,20260802112912_1A-4-7-8-17-28C,30,28C,0,10,M148,AB5767,1,15
2026-08-02T12:51:14.141Z,deep_scan,20260802112912_1A-4-7-8-17-28C,30,28C,0,18,M227,AB5457,0,5
2026-08-02T12:51:14.141Z,deep_scan,20260802112912_1A-4-7-8-17-28C,30,28C,0,22,M16/2,AB4355,1,9
2026-08-02T12:51:14.141Z,deep_scan,20260802112912_1A-4-7-8-17-28C,30,28C,0,34,M118,AB4326,1,6
2026-08-02T12:51:44.112Z,deep_scan,20260802112912_1A-4-7-8-17-28C,30,28C,0,0,M62/3,AB6214,1,14
2026-08-02T12:51:44.112Z,deep_scan,20260802112912_1A-4-7-8-17-28C,30,28C,0,10,M148,AB5767,1,5
2026-08-02T12:51:44.112Z,deep_scan,20260802112912_1A-4-7-8-17-28C,30,28C,0,18,M227,AB5457,0,17
2026-08-02T12:51:44.112Z,deep_scan,20260802112912_1A-4-7-8-17-28C,30,28C,0,22,M16/2,AB4355,1,9
2026-08-02T12:51:44.112Z,deep_scan,20260802112912_1A-4-7-8-17-28C,30,28C,0,35,M62/3,AB4326,1,0
2026-08-02T12:52:14.133Z,deep_scan,20260802112912_1A-4-7-8-17-28C,30,28C,0,0,M62/3,AB6214,1,14
2026-08-02T12:52:14.133Z,deep_scan,20260802112912_1A-4-7-8-17-28C,30,28C,0,10,M148,AB5767,0,21
2026-08-02T12:52:14.133Z,deep_scan,20260802112912_1A-4-7-8-17-28C,30,28C,0,19,M244,AB5457,1,22
2026-08-02T12:52:14.133Z,deep_scan,20260802112912_1A-4-7-8-17-28C,30,28C,0,22,M16/2,AB4355,1,6
2026-08-02T12:52:14.133Z,deep_scan,20260802112912_1A-4-7-8-17-28C,30,28C,0,35,M62/3,AB4326,1,0
2026-08-02T12:52:44.124Z,deep_scan,20260802112912_1A-4-7-8-17-28C,30,28C,0,0,M62/3,AB6214,1,11
2026-08-02T12:52:44.124Z,deep_scan,20260802112912_1A-4-7-8-17-28C,30,28C,0,10,M148,AB5767,0,2
2026-08-02T12:52:44.124Z,deep_scan,20260802112912_1A-4-7-8-17-28C,30,28C,0,19,M244,AB5457,1,22
2026-08-02T12:52:44.124Z,deep_scan,20260802112912_1A-4-7-8-17-28C,30,28C,0,22,M16/2,AB4355,1,6
2026-08-02T12:52:44.124Z,deep_scan,20260802112912_1A-4-7-8-17-28C,30,28C,0,35,M62/3,AB4326,1,0
2026-08-02T12:53:14.188Z,deep_scan,20260802112912_1A-4-7-8-17-28C,30,28C,0,0,M62/3,AB6214,0,22
2026-08-02T12:53:14.188Z,deep_scan,20260802112912_1A-4-7-8-17-28C,30,28C,0,10,M148,AB5767,0,18
2026-08-02T12:53:14.188Z,deep_scan,20260802112912_1A-4-7-8-17-28C,30,28C,0,19,M244,AB5457,1,24
2026-08-02T12:53:14.188Z,deep_scan,20260802112912_1A-4-7-8-17-28C,30,28C,0,22,M16/2,AB4355,0,6
2026-08-02T12:53:14.188Z,deep_scan,20260802112912_1A-4-7-8-17-28C,30,28C,0,35,M62/3,AB4326,1,0
2026-08-02T12:53:44.132Z,deep_scan,20260802112912_1A-4-7-8-17-28C,30,28C,0,0,M62/3,AB6214,0,27
2026-08-02T12:53:44.132Z,deep_scan,20260802112912_1A-4-7-8-17-28C,30,28C,0,10,M148,AB5767,0,19
2026-08-02T12:53:44.132Z,deep_scan,20260802112912_1A-4-7-8-17-28C,30,28C,0,19,M244,AB5457,0,18
2026-08-02T12:53:44.132Z,deep_scan,20260802112912_1A-4-7-8-17-28C,30,28C,0,22,M16/2,AB4355,0,23
2026-08-02T12:53:44.132Z,deep_scan,20260802112912_1A-4-7-8-17-28C,30,28C,0,35,M62/3,AB4326,1,0
2026-08-02T12:54:14.166Z,deep_scan,20260802112912_1A-4-7-8-17-28C,30,28C,0,1,M117,AB6214,1,25
2026-08-02T12:54:14.166Z,deep_scan,20260802112912_1A-4-7-8-17-28C,30,28C,0,11,M76/1,AB5767,1,14
2026-08-02T12:54:14.166Z,deep_scan,20260802112912_1A-4-7-8-17-28C,30,28C,0,20,M216,AB5457,1,17
2026-08-02T12:54:14.166Z,deep_scan,20260802112912_1A-4-7-8-17-28C,30,28C,0,23,M98,AB4355,1,14
2026-08-02T12:54:14.166Z,deep_scan,20260802112912_1A-4-7-8-17-28C,30,28C,0,35,M62/3,AB4326,1,0
2026-08-02T12:54:44.214Z,deep_scan,20260802112912_1A-4-7-8-17-28C,30,28C,0,1,M117,AB6214,0,21
2026-08-02T12:54:44.214Z,deep_scan,20260802112912_1A-4-7-8-17-28C,30,28C,0,11,M76/1,AB5767,1,14
2026-08-02T12:54:44.214Z,deep_scan,20260802112912_1A-4-7-8-17-28C,30,28C,0,20,M216,AB5457,0,24
2026-08-02T12:54:44.214Z,deep_scan,20260802112912_1A-4-7-8-17-28C,30,28C,0,23,M98,AB4355,1,21
2026-08-02T12:54:44.214Z,deep_scan,20260802112912_1A-4-7-8-17-28C,30,28C,0,35,M62/3,AB4326,1,0
2026-08-02T12:55:14.226Z,deep_scan,20260802112912_1A-4-7-8-17-28C,30,28C,0,1,M117,AB6214,0,14
2026-08-02T12:55:14.226Z,deep_scan,20260802112912_1A-4-7-8-17-28C,30,28C,0,11,M76/1,AB5767,1,18
2026-08-02T12:55:14.226Z,deep_scan,20260802112912_1A-4-7-8-17-28C,30,28C,0,20,M216,AB5457,0,48
2026-08-02T12:55:14.226Z,deep_scan,20260802112912_1A-4-7-8-17-28C,30,28C,0,23,M98,AB4355,1,4
2026-08-02T12:55:14.226Z,deep_scan,20260802112912_1A-4-7-8-17-28C,30,28C,0,35,M62/3,AB4326,1,0
2026-08-02T12:55:44.221Z,deep_scan,20260802112912_1A-4-7-8-17-28C,30,28C,0,2,M241,AB6214,0,19
2026-08-02T12:55:44.221Z,deep_scan,20260802112912_1A-4-7-8-17-28C,30,28C,0,11,M76/1,AB5767,0,18
2026-08-02T12:55:44.221Z,deep_scan,20260802112912_1A-4-7-8-17-28C,30,28C,0,20,M216,AB5457,0,33
2026-08-02T12:55:44.221Z,deep_scan,20260802112912_1A-4-7-8-17-28C,30,28C,0,23,M98,AB4355,1,7
2026-08-02T12:55:44.221Z,deep_scan,20260802112912_1A-4-7-8-17-28C,30,28C,0,35,M62/3,AB4326,1,0
2026-08-02T12:56:14.227Z,deep_scan,20260802112912_1A-4-7-8-17-28C,30,28C,0,3,M71,AB6214,1,8
2026-08-02T12:56:14.227Z,deep_scan,20260802112912_1A-4-7-8-17-28C,30,28C,0,12,M84/1,AB5767,1,1
2026-08-02T12:56:14.227Z,deep_scan,20260802112912_1A-4-7-8-17-28C,30,28C,0,21,M225,AB5457,1,15
2026-08-02T12:56:14.227Z,deep_scan,20260802112912_1A-4-7-8-17-28C,30,28C,0,23,M98,AB4355,0,21
2026-08-02T12:56:44.160Z,deep_scan,20260802112912_1A-4-7-8-17-28C,30,28C,0,3,M71,AB6214,0,11
2026-08-02T12:56:44.160Z,deep_scan,20260802112912_1A-4-7-8-17-28C,30,28C,0,12,M84/1,AB5767,1,13
2026-08-02T12:56:44.160Z,deep_scan,20260802112912_1A-4-7-8-17-28C,30,28C,0,21,M225,AB5457,1,7
2026-08-02T12:56:44.160Z,deep_scan,20260802112912_1A-4-7-8-17-28C,30,28C,0,23,M98,AB4355,0,6
2026-08-02T12:57:14.264Z,deep_scan,20260802112912_1A-4-7-8-17-28C,30,28C,0,4,M155,AB6214,1,1
2026-08-02T12:57:14.264Z,deep_scan,20260802112912_1A-4-7-8-17-28C,30,28C,0,12,M84/1,AB5767,1,2
2026-08-02T12:57:14.264Z,deep_scan,20260802112912_1A-4-7-8-17-28C,30,28C,0,21,M225,AB5457,0,39
2026-08-02T12:57:14.264Z,deep_scan,20260802112912_1A-4-7-8-17-28C,30,28C,0,24,M88,AB4355,1,19
2026-08-02T12:57:44.178Z,deep_scan,20260802112912_1A-4-7-8-17-28C,30,28C,0,4,M155,AB6214,1,3
2026-08-02T12:57:44.178Z,deep_scan,20260802112912_1A-4-7-8-17-28C,30,28C,0,12,M84/1,AB5767,0,12
2026-08-02T12:57:44.178Z,deep_scan,20260802112912_1A-4-7-8-17-28C,30,28C,0,21,M225,AB5457,0,33
2026-08-02T12:57:44.178Z,deep_scan,20260802112912_1A-4-7-8-17-28C,30,28C,0,24,M88,AB4355,1,9
2026-08-02T12:58:14.268Z,deep_scan,20260802112912_1A-4-7-8-17-28C,30,28C,0,4,M155,AB6214,0,22
2026-08-02T12:58:14.268Z,deep_scan,20260802112912_1A-4-7-8-17-28C,30,28C,0,12,M84/1,AB5767,0,11
2026-08-02T12:58:14.268Z,deep_scan,20260802112912_1A-4-7-8-17-28C,30,28C,0,21,M225,AB5457,0,45
2026-08-02T12:58:14.268Z,deep_scan,20260802112912_1A-4-7-8-17-28C,30,28C,0,24,M88,AB4355,1,9
2026-08-02T12:58:44.218Z,deep_scan,20260802112912_1A-4-7-8-17-28C,30,28C,0,5,M157,AB6214,1,24
2026-08-02T12:58:44.218Z,deep_scan,20260802112912_1A-4-7-8-17-28C,30,28C,0,12,M84/1,AB5767,0,11
2026-08-02T12:58:44.218Z,deep_scan,20260802112912_1A-4-7-8-17-28C,30,28C,0,22,M16/2,AB5457,1,12
2026-08-02T12:58:44.218Z,deep_scan,20260802112912_1A-4-7-8-17-28C,30,28C,0,24,M88,AB4355,1,5
2026-08-02T12:59:14.254Z,deep_scan,20260802112912_1A-4-7-8-17-28C,30,28C,0,5,M157,AB6214,1,24
2026-08-02T12:59:14.254Z,deep_scan,20260802112912_1A-4-7-8-17-28C,30,28C,0,12,M84/1,AB5767,0,24
2026-08-02T12:59:14.254Z,deep_scan,20260802112912_1A-4-7-8-17-28C,30,28C,0,22,M16/2,AB5457,1,12
2026-08-02T12:59:14.254Z,deep_scan,20260802112912_1A-4-7-8-17-28C,30,28C,0,24,M88,AB4355,0,18
2026-08-02T12:59:44.237Z,deep_scan,20260802112912_1A-4-7-8-17-28C,30,28C,0,6,M163,AB6214,1,24
2026-08-02T12:59:44.237Z,deep_scan,20260802112912_1A-4-7-8-17-28C,30,28C,0,13,M92,AB5767,1,6
2026-08-02T12:59:44.237Z,deep_scan,20260802112912_1A-4-7-8-17-28C,30,28C,0,22,M16/2,AB5457,1,12
2026-08-02T12:59:44.237Z,deep_scan,20260802112912_1A-4-7-8-17-28C,30,28C,0,24,M88,AB4355,0,2
2026-08-02T13:00:14.298Z,deep_scan,20260802112912_1A-4-7-8-17-28C,30,28C,0,6,M163,AB6214,1,19
2026-08-02T13:00:14.298Z,deep_scan,20260802112912_1A-4-7-8-17-28C,30,28C,0,13,M92,AB5767,0,18
2026-08-02T13:00:14.298Z,deep_scan,20260802112912_1A-4-7-8-17-28C,30,28C,0,22,M16/2,AB5457,0,26
2026-08-02T13:00:14.298Z,deep_scan,20260802112912_1A-4-7-8-17-28C,30,28C,0,24,M88,AB4355,0,2
2026-08-02T13:01:25.223Z,deep_scan,20260802112912_1A-4-7-8-17-28C,30,28C,0,7,M164,AB6214,0,15
2026-08-02T13:01:25.223Z,deep_scan,20260802112912_1A-4-7-8-17-28C,30,28C,0,13,M92,AB5767,0,4
2026-08-02T13:01:25.223Z,deep_scan,20260802112912_1A-4-7-8-17-28C,30,28C,0,23,M98,AB5457,0,5
2026-08-02T13:01:25.223Z,deep_scan,20260802112912_1A-4-7-8-17-28C,30,28C,0,24,M88,AB4355,0,13
2026-08-02T13:01:55.189Z,deep_scan,20260802112912_1A-4-7-8-17-28C,30,28C,0,8,M151,AB6214,1,19
2026-08-02T13:01:55.189Z,deep_scan,20260802112912_1A-4-7-8-17-28C,30,28C,0,14,M104,AB5767,1,3
2026-08-02T13:01:55.189Z,deep_scan,20260802112912_1A-4-7-8-17-28C,30,28C,0,23,M98,AB5457,0,5
2026-08-02T13:01:55.189Z,deep_scan,20260802112912_1A-4-7-8-17-28C,30,28C,0,24,M88,AB4355,0,2
2026-08-02T13:02:25.171Z,deep_scan,20260802112912_1A-4-7-8-17-28C,30,28C,0,8,M151,AB6214,1,6
2026-08-02T13:02:25.171Z,deep_scan,20260802112912_1A-4-7-8-17-28C,30,28C,0,14,M104,AB5767,1,8
2026-08-02T13:02:25.171Z,deep_scan,20260802112912_1A-4-7-8-17-28C,30,28C,0,24,M88,AB5457,1,18
2026-08-02T13:02:25.171Z,deep_scan,20260802112912_1A-4-7-8-17-28C,30,28C,0,25,M72,AB4355,1,32
2026-08-02T13:02:55.144Z,deep_scan,20260802112912_1A-4-7-8-17-28C,30,28C,0,8,M151,AB6214,0,33
2026-08-02T13:02:55.144Z,deep_scan,20260802112912_1A-4-7-8-17-28C,30,28C,0,14,M104,AB5767,1,8
2026-08-02T13:02:55.144Z,deep_scan,20260802112912_1A-4-7-8-17-28C,30,28C,0,24,M88,AB5457,0,29
2026-08-02T13:02:55.144Z,deep_scan,20260802112912_1A-4-7-8-17-28C,30,28C,0,26,M149,AB4355,1,28
2026-08-02T13:03:25.136Z,deep_scan,20260802112912_1A-4-7-8-17-28C,30,28C,0,9,M150,AB6214,1,16
2026-08-02T13:03:25.136Z,deep_scan,20260802112912_1A-4-7-8-17-28C,30,28C,0,14,M104,AB5767,0,25
2026-08-02T13:03:25.136Z,deep_scan,20260802112912_1A-4-7-8-17-28C,30,28C,0,24,M88,AB5457,0,33
2026-08-02T13:03:25.136Z,deep_scan,20260802112912_1A-4-7-8-17-28C,30,28C,0,26,M149,AB4355,1,13
2026-08-02T13:03:55.176Z,deep_scan,20260802112912_1A-4-7-8-17-28C,30,28C,0,9,M150,AB6214,1,7
2026-08-02T13:03:55.176Z,deep_scan,20260802112912_1A-4-7-8-17-28C,30,28C,0,15,M43,AB5767,0,27
2026-08-02T13:03:55.176Z,deep_scan,20260802112912_1A-4-7-8-17-28C,30,28C,0,24,M88,AB5457,0,14
2026-08-02T13:03:55.176Z,deep_scan,20260802112912_1A-4-7-8-17-28C,30,28C,0,26,M149,AB4355,0,18
2026-08-02T13:04:25.231Z,deep_scan,20260802112912_1A-4-7-8-17-28C,30,28C,0,9,M150,AB6214,0,15
2026-08-02T13:04:25.231Z,deep_scan,20260802112912_1A-4-7-8-17-28C,30,28C,0,15,M43,AB5767,0,29
2026-08-02T13:04:25.231Z,deep_scan,20260802112912_1A-4-7-8-17-28C,30,28C,0,24,M88,AB5457,0,15
2026-08-02T13:04:25.231Z,deep_scan,20260802112912_1A-4-7-8-17-28C,30,28C,0,26,M149,AB4355,0,26
2026-08-02T13:05:32.494Z,deep_scan,20260802112912_1A-4-7-8-17-28C,30,28C,0,10,M148,AB6214,1,16
2026-08-02T13:05:32.494Z,deep_scan,20260802112912_1A-4-7-8-17-28C,30,28C,0,16,M40,AB5767,0,13
2026-08-02T13:05:32.494Z,deep_scan,20260802112912_1A-4-7-8-17-28C,30,28C,0,25,M72,AB5457,1,17
2026-08-02T13:05:32.494Z,deep_scan,20260802112912_1A-4-7-8-17-28C,30,28C,0,27,M145/2,AB4355,1,7
2026-08-02T13:06:01.500Z,deep_scan,20260802112912_1A-4-7-8-17-28C,30,28C,0,10,M148,AB6214,0,14
2026-08-02T13:06:01.500Z,deep_scan,20260802112912_1A-4-7-8-17-28C,30,28C,0,17,M28/2,AB5767,1,26
2026-08-02T13:06:01.500Z,deep_scan,20260802112912_1A-4-7-8-17-28C,30,28C,0,26,M149,AB5457,1,28
2026-08-02T13:06:01.500Z,deep_scan,20260802112912_1A-4-7-8-17-28C,30,28C,0,28,M165,AB4355,1,24
2026-08-02T13:06:32.590Z,deep_scan,20260802112912_1A-4-7-8-17-28C,30,28C,0,10,M148,AB6214,0,20
2026-08-02T13:06:32.590Z,deep_scan,20260802112912_1A-4-7-8-17-28C,30,28C,0,17,M28/2,AB5767,1,5
2026-08-02T13:06:32.590Z,deep_scan,20260802112912_1A-4-7-8-17-28C,30,28C,0,26,M149,AB5457,0,6
2026-08-02T13:06:32.590Z,deep_scan,20260802112912_1A-4-7-8-17-28C,30,28C,0,28,M165,AB4355,0,27
2026-08-02T13:07:01.467Z,deep_scan,20260802112912_1A-4-7-8-17-28C,30,28C,0,10,M148,AB6214,0,3
2026-08-02T13:07:01.467Z,deep_scan,20260802112912_1A-4-7-8-17-28C,30,28C,0,17,M28/2,AB5767,0,4
2026-08-02T13:07:01.467Z,deep_scan,20260802112912_1A-4-7-8-17-28C,30,28C,0,26,M149,AB5457,0,24
2026-08-02T13:07:01.467Z,deep_scan,20260802112912_1A-4-7-8-17-28C,30,28C,0,29,M163,AB4355,1,29
2026-08-02T13:07:32.370Z,deep_scan,20260802112912_1A-4-7-8-17-28C,30,28C,0,10,M148,AB6214,0,19
2026-08-02T13:07:32.370Z,deep_scan,20260802112912_1A-4-7-8-17-28C,30,28C,0,17,M28/2,AB5767,0,4
2026-08-02T13:07:32.370Z,deep_scan,20260802112912_1A-4-7-8-17-28C,30,28C,0,27,M145/2,AB5457,1,10
2026-08-02T13:07:32.370Z,deep_scan,20260802112912_1A-4-7-8-17-28C,30,28C,0,29,M163,AB4355,0,20
2026-08-02T13:08:45.510Z,deep_scan,20260802112912_1A-4-7-8-17-28C,30,28C,0,11,M76/1,AB6214,1,10
2026-08-02T13:08:45.510Z,deep_scan,20260802112912_1A-4-7-8-17-28C,30,28C,0,18,M227,AB5767,1,11
2026-08-02T13:08:45.510Z,deep_scan,20260802112912_1A-4-7-8-17-28C,30,28C,0,28,M165,AB5457,0,9
2026-08-02T13:08:45.510Z,deep_scan,20260802112912_1A-4-7-8-17-28C,30,28C,0,30,M160/2,AB4355,0,23
2026-08-02T13:09:15.394Z,deep_scan,20260802112912_1A-4-7-8-17-28C,30,28C,0,11,M76/1,AB6214,0,20
2026-08-02T13:09:15.394Z,deep_scan,20260802112912_1A-4-7-8-17-28C,30,28C,0,18,M227,AB5767,1,11
2026-08-02T13:09:15.394Z,deep_scan,20260802112912_1A-4-7-8-17-28C,30,28C,0,29,M163,AB5457,1,26
2026-08-02T13:09:15.394Z,deep_scan,20260802112912_1A-4-7-8-17-28C,30,28C,0,31,M158/1,AB4355,1,31
2026-08-02T13:09:45.418Z,deep_scan,20260802112912_1A-4-7-8-17-28C,30,28C,0,12,M84/1,AB6214,1,13
2026-08-02T13:09:45.418Z,deep_scan,20260802112912_1A-4-7-8-17-28C,30,28C,0,18,M227,AB5767,0,19
2026-08-02T13:09:45.418Z,deep_scan,20260802112912_1A-4-7-8-17-28C,30,28C,0,29,M163,AB5457,0,20
2026-08-02T13:09:45.418Z,deep_scan,20260802112912_1A-4-7-8-17-28C,30,28C,0,32,M161,AB4355,1,38
2026-08-02T13:10:15.433Z,deep_scan,20260802112912_1A-4-7-8-17-28C,30,28C,0,12,M84/1,AB6214,1,14
2026-08-02T13:10:15.433Z,deep_scan,20260802112912_1A-4-7-8-17-28C,30,28C,0,18,M227,AB5767,0,15
2026-08-02T13:10:15.433Z,deep_scan,20260802112912_1A-4-7-8-17-28C,30,28C,0,30,M160/2,AB5457,1,30
2026-08-02T13:10:15.433Z,deep_scan,20260802112912_1A-4-7-8-17-28C,30,28C,0,32,M161,AB4355,0,30
2026-08-02T13:10:45.403Z,deep_scan,20260802112912_1A-4-7-8-17-28C,30,28C,0,12,M84/1,AB6214,0,14
2026-08-02T13:10:45.403Z,deep_scan,20260802112912_1A-4-7-8-17-28C,30,28C,0,19,M244,AB5767,1,3
2026-08-02T13:10:45.403Z,deep_scan,20260802112912_1A-4-7-8-17-28C,30,28C,0,30,M160/2,AB5457,1,24
2026-08-02T13:10:45.403Z,deep_scan,20260802112912_1A-4-7-8-17-28C,30,28C,0,33,M70,AB4355,1,14
2026-08-02T13:11:53.669Z,deep_scan,20260802112912_1A-4-7-8-17-28C,30,28C,0,12,M84/1,AB6214,0,31
2026-08-02T13:11:53.669Z,deep_scan,20260802112912_1A-4-7-8-17-28C,30,28C,0,19,M244,AB5767,0,2
2026-08-02T13:11:53.669Z,deep_scan,20260802112912_1A-4-7-8-17-28C,30,28C,0,31,M158/1,AB5457,0,14
2026-08-02T13:11:53.669Z,deep_scan,20260802112912_1A-4-7-8-17-28C,30,28C,0,34,M118,AB4355,1,28
2026-08-02T13:12:23.612Z,deep_scan,20260802112912_1A-4-7-8-17-28C,30,28C,0,12,M84/1,AB6214,0,31
2026-08-02T13:12:23.612Z,deep_scan,20260802112912_1A-4-7-8-17-28C,30,28C,0,19,M244,AB5767,0,19
2026-08-02T13:12:23.612Z,deep_scan,20260802112912_1A-4-7-8-17-28C,30,28C,0,31,M158/1,AB5457,0,7
2026-08-02T13:12:23.612Z,deep_scan,20260802112912_1A-4-7-8-17-28C,30,28C,0,34,M118,AB4355,0,22
2026-08-02T13:12:53.610Z,deep_scan,20260802112912_1A-4-7-8-17-28C,30,28C,0,12,M84/1,AB6214,0,31
2026-08-02T13:12:53.610Z,deep_scan,20260802112912_1A-4-7-8-17-28C,30,28C,0,20,M216,AB5767,1,25
2026-08-02T13:12:53.610Z,deep_scan,20260802112912_1A-4-7-8-17-28C,30,28C,0,31,M158/1,AB5457,0,7
2026-08-02T13:12:53.610Z,deep_scan,20260802112912_1A-4-7-8-17-28C,30,28C,0,35,M62/3,AB4355,1,0
2026-08-02T13:13:23.659Z,deep_scan,20260802112912_1A-4-7-8-17-28C,30,28C,0,13,M92,AB6214,1,23
2026-08-02T13:13:23.659Z,deep_scan,20260802112912_1A-4-7-8-17-28C,30,28C,0,20,M216,AB5767,1,6
2026-08-02T13:13:23.659Z,deep_scan,20260802112912_1A-4-7-8-17-28C,30,28C,0,32,M161,AB5457,1,25
2026-08-02T13:13:23.659Z,deep_scan,20260802112912_1A-4-7-8-17-28C,30,28C,0,35,M62/3,AB4355,1,0
2026-08-02T13:13:53.724Z,deep_scan,20260802112912_1A-4-7-8-17-28C,30,28C,0,13,M92,AB6214,0,30
2026-08-02T13:13:53.724Z,deep_scan,20260802112912_1A-4-7-8-17-28C,30,28C,0,20,M216,AB5767,0,25
2026-08-02T13:13:53.724Z,deep_scan,20260802112912_1A-4-7-8-17-28C,30,28C,0,32,M161,AB5457,1,15
2026-08-02T13:13:53.724Z,deep_scan,20260802112912_1A-4-7-8-17-28C,30,28C,0,35,M62/3,AB4355,1,0
2026-08-02T13:14:23.672Z,deep_scan,20260802112912_1A-4-7-8-17-28C,30,28C,0,13,M92,AB6214,0,8
2026-08-02T13:14:23.672Z,deep_scan,20260802112912_1A-4-7-8-17-28C,30,28C,0,20,M216,AB5767,0,2
2026-08-02T13:14:23.672Z,deep_scan,20260802112912_1A-4-7-8-17-28C,30,28C,0,32,M161,AB5457,0,18
2026-08-02T13:14:23.672Z,deep_scan,20260802112912_1A-4-7-8-17-28C,30,28C,0,35,M62/3,AB4355,1,0
2026-08-02T13:14:53.702Z,deep_scan,20260802112912_1A-4-7-8-17-28C,30,28C,0,14,M104,AB6214,1,15
2026-08-02T13:14:53.702Z,deep_scan,20260802112912_1A-4-7-8-17-28C,30,28C,0,20,M216,AB5767,0,33
2026-08-02T13:14:53.702Z,deep_scan,20260802112912_1A-4-7-8-17-28C,30,28C,0,33,M70,AB5457,1,33
2026-08-02T13:14:53.702Z,deep_scan,20260802112912_1A-4-7-8-17-28C,30,28C,0,35,M62/3,AB4355,1,0
2026-08-02T13:15:23.645Z,deep_scan,20260802112912_1A-4-7-8-17-28C,30,28C,0,15,M43,AB6214,1,38
2026-08-02T13:15:23.645Z,deep_scan,20260802112912_1A-4-7-8-17-28C,30,28C,0,20,M216,AB5767,0,27
2026-08-02T13:15:23.645Z,deep_scan,20260802112912_1A-4-7-8-17-28C,30,28C,0,33,M70,AB5457,0,31
2026-08-02T13:15:23.645Z,deep_scan,20260802112912_1A-4-7-8-17-28C,30,28C,0,35,M62/3,AB4355,1,0
2026-08-02T13:15:53.740Z,deep_scan,20260802112912_1A-4-7-8-17-28C,30,28C,0,15,M43,AB6214,0,20
2026-08-02T13:15:53.740Z,deep_scan,20260802112912_1A-4-7-8-17-28C,30,28C,0,20,M216,AB5767,0,2
2026-08-02T13:15:53.740Z,deep_scan,20260802112912_1A-4-7-8-17-28C,30,28C,0,34,M118,AB5457,0,28
2026-08-02T13:15:53.740Z,deep_scan,20260802112912_1A-4-7-8-17-28C,30,28C,0,35,M62/3,AB4355,1,0
2026-08-02T13:16:23.678Z,deep_scan,20260802112912_1A-4-7-8-17-28C,30,28C,0,0,M62/3,AB4355,1,14
2026-08-02T13:16:23.678Z,deep_scan,20260802112912_1A-4-7-8-17-28C,30,28C,0,16,M40,AB6214,1,25
2026-08-02T13:16:23.678Z,deep_scan,20260802112912_1A-4-7-8-17-28C,30,28C,0,20,M216,AB5767,0,2
2026-08-02T13:16:23.678Z,deep_scan,20260802112912_1A-4-7-8-17-28C,30,28C,0,35,M62/3,AB5457,1,0
2026-08-02T13:16:53.680Z,deep_scan,20260802112912_1A-4-7-8-17-28C,30,28C,0,0,M62/3,AB4355,0,11
2026-08-02T13:16:53.680Z,deep_scan,20260802112912_1A-4-7-8-17-28C,30,28C,0,16,M40,AB6214,0,16
2026-08-02T13:16:53.680Z,deep_scan,20260802112912_1A-4-7-8-17-28C,30,28C,0,20,M216,AB5767,0,3
2026-08-02T13:16:53.680Z,deep_scan,20260802112912_1A-4-7-8-17-28C,30,28C,0,35,M62/3,AB5457,1,0
2026-08-02T13:17:23.713Z,deep_scan,20260802112912_1A-4-7-8-17-28C,30,28C,0,0,M62/3,AB4355,0,20
2026-08-02T13:17:23.713Z,deep_scan,20260802112912_1A-4-7-8-17-28C,30,28C,0,16,M40,AB6214,0,16
2026-08-02T13:17:23.713Z,deep_scan,20260802112912_1A-4-7-8-17-28C,30,28C,0,20,M216,AB5767,0,6
2026-08-02T13:17:23.713Z,deep_scan,20260802112912_1A-4-7-8-17-28C,30,28C,0,35,M62/3,AB5457,1,0
2026-08-02T13:17:53.742Z,deep_scan,20260802112912_1A-4-7-8-17-28C,30,28C,0,1,M117,AB4355,1,6
2026-08-02T13:17:53.742Z,deep_scan,20260802112912_1A-4-7-8-17-28C,30,28C,0,17,M28/2,AB6214,1,28
2026-08-02T13:17:53.742Z,deep_scan,20260802112912_1A-4-7-8-17-28C,30,28C,0,21,M225,AB5767,1,2
2026-08-02T13:17:53.742Z,deep_scan,20260802112912_1A-4-7-8-17-28C,30,28C,0,35,M62/3,AB5457,1,0
2026-08-02T13:18:23.713Z,deep_scan,20260802112912_1A-4-7-8-17-28C,30,28C,0,1,M117,AB4355,1,18
2026-08-02T13:18:23.713Z,deep_scan,20260802112912_1A-4-7-8-17-28C,30,28C,0,17,M28/2,AB6214,0,26
2026-08-02T13:18:23.713Z,deep_scan,20260802112912_1A-4-7-8-17-28C,30,28C,0,21,M225,AB5767,1,2
2026-08-02T13:18:23.713Z,deep_scan,20260802112912_1A-4-7-8-17-28C,30,28C,0,35,M62/3,AB5457,1,0
2026-08-02T13:18:53.746Z,deep_scan,20260802112912_1A-4-7-8-17-28C,30,28C,0,1,M117,AB4355,0,14
2026-08-02T13:18:53.746Z,deep_scan,20260802112912_1A-4-7-8-17-28C,30,28C,0,17,M28/2,AB6214,0,11
2026-08-02T13:18:53.746Z,deep_scan,20260802112912_1A-4-7-8-17-28C,30,28C,0,21,M225,AB5767,1,7
2026-08-02T13:18:53.746Z,deep_scan,20260802112912_1A-4-7-8-17-28C,30,28C,0,35,M62/3,AB5457,1,0
2026-08-02T13:19:23.698Z,deep_scan,20260802112912_1A-4-7-8-17-28C,30,28C,0,2,M241,AB4355,1,14
2026-08-02T13:19:23.698Z,deep_scan,20260802112912_1A-4-7-8-17-28C,30,28C,0,18,M227,AB6214,1,20
2026-08-02T13:19:23.698Z,deep_scan,20260802112912_1A-4-7-8-17-28C,30,28C,0,21,M225,AB5767,0,9
2026-08-02T13:19:23.698Z,deep_scan,20260802112912_1A-4-7-8-17-28C,30,28C,0,35,M62/3,AB5457,1,0
2026-08-02T13:19:53.708Z,deep_scan,20260802112912_1A-4-7-8-17-28C,30,28C,0,3,M71,AB4355,1,33
2026-08-02T13:19:53.708Z,deep_scan,20260802112912_1A-4-7-8-17-28C,30,28C,0,18,M227,AB6214,1,15
2026-08-02T13:19:53.708Z,deep_scan,20260802112912_1A-4-7-8-17-28C,30,28C,0,21,M225,AB5767,0,9
2026-08-02T13:19:53.708Z,deep_scan,20260802112912_1A-4-7-8-17-28C,30,28C,0,35,M62/3,AB5457,1,0
2026-08-02T13:20:23.736Z,deep_scan,20260802112912_1A-4-7-8-17-28C,30,28C,0,3,M71,AB4355,0,15
2026-08-02T13:20:23.736Z,deep_scan,20260802112912_1A-4-7-8-17-28C,30,28C,0,18,M227,AB6214,0,22
2026-08-02T13:20:23.736Z,deep_scan,20260802112912_1A-4-7-8-17-28C,30,28C,0,21,M225,AB5767,0,1
2026-08-02T13:20:23.736Z,deep_scan,20260802112912_1A-4-7-8-17-28C,30,28C,0,35,M62/3,AB5457,1,0
2026-08-02T13:20:53.761Z,deep_scan,20260802112912_1A-4-7-8-17-28C,30,28C,0,4,M155,AB4355,1,34
2026-08-02T13:20:53.761Z,deep_scan,20260802112912_1A-4-7-8-17-28C,30,28C,0,18,M227,AB6214,0,15
2026-08-02T13:20:53.761Z,deep_scan,20260802112912_1A-4-7-8-17-28C,30,28C,0,21,M225,AB5767,0,2
2026-08-02T13:21:23.717Z,deep_scan,20260802112912_1A-4-7-8-17-28C,30,28C,0,4,M155,AB4355,0,29
2026-08-02T13:21:23.717Z,deep_scan,20260802112912_1A-4-7-8-17-28C,30,28C,0,19,M244,AB6214,1,8
2026-08-02T13:21:23.717Z,deep_scan,20260802112912_1A-4-7-8-17-28C,30,28C,0,21,M225,AB5767,0,19
2026-08-02T13:21:53.722Z,deep_scan,20260802112912_1A-4-7-8-17-28C,30,28C,0,5,M157,AB4355,1,39
2026-08-02T13:21:53.722Z,deep_scan,20260802112912_1A-4-7-8-17-28C,30,28C,0,19,M244,AB6214,1,3
2026-08-02T13:21:53.722Z,deep_scan,20260802112912_1A-4-7-8-17-28C,30,28C,0,21,M225,AB5767,0,23
2026-08-02T13:22:23.749Z,deep_scan,20260802112912_1A-4-7-8-17-28C,30,28C,0,5,M157,AB4355,0,45
2026-08-02T13:22:23.749Z,deep_scan,20260802112912_1A-4-7-8-17-28C,30,28C,0,19,M244,AB6214,1,12
2026-08-02T13:22:23.749Z,deep_scan,20260802112912_1A-4-7-8-17-28C,30,28C,0,21,M225,AB5767,0,4
2026-08-02T13:22:53.763Z,deep_scan,20260802112912_1A-4-7-8-17-28C,30,28C,0,6,M163,AB4355,1,34
2026-08-02T13:22:53.763Z,deep_scan,20260802112912_1A-4-7-8-17-28C,30,28C,0,19,M244,AB6214,0,6
2026-08-02T13:22:53.763Z,deep_scan,20260802112912_1A-4-7-8-17-28C,30,28C,0,22,M16/2,AB5767,1,27
2026-08-02T13:23:23.791Z,deep_scan,20260802112912_1A-4-7-8-17-28C,30,28C,0,6,M163,AB4355,1,14
2026-08-02T13:23:23.791Z,deep_scan,20260802112912_1A-4-7-8-17-28C,30,28C,0,19,M244,AB6214,0,20
2026-08-02T13:23:23.791Z,deep_scan,20260802112912_1A-4-7-8-17-28C,30,28C,0,22,M16/2,AB5767,1,15
2026-08-02T13:23:53.771Z,deep_scan,20260802112912_1A-4-7-8-17-28C,30,28C,0,6,M163,AB4355,0,7
2026-08-02T13:23:53.771Z,deep_scan,20260802112912_1A-4-7-8-17-28C,30,28C,0,20,M216,AB6214,1,7
2026-08-02T13:23:53.771Z,deep_scan,20260802112912_1A-4-7-8-17-28C,30,28C,0,22,M16/2,AB5767,0,2
2026-08-02T13:24:23.817Z,deep_scan,20260802112912_1A-4-7-8-17-28C,30,28C,0,7,M164,AB4355,1,28
2026-08-02T13:24:23.817Z,deep_scan,20260802112912_1A-4-7-8-17-28C,30,28C,0,20,M216,AB6214,0,28
2026-08-02T13:24:23.817Z,deep_scan,20260802112912_1A-4-7-8-17-28C,30,28C,0,22,M16/2,AB5767,0,2
2026-08-02T13:24:53.777Z,deep_scan,20260802112912_1A-4-7-8-17-28C,30,28C,0,7,M164,AB4355,0,38
2026-08-02T13:24:53.777Z,deep_scan,20260802112912_1A-4-7-8-17-28C,30,28C,0,20,M216,AB6214,0,44
2026-08-02T13:24:53.777Z,deep_scan,20260802112912_1A-4-7-8-17-28C,30,28C,0,22,M16/2,AB5767,0,11
2026-08-02T13:25:23.833Z,deep_scan,20260802112912_1A-4-7-8-17-28C,30,28C,0,8,M151,AB4355,1,20
2026-08-02T13:25:23.833Z,deep_scan,20260802112912_1A-4-7-8-17-28C,30,28C,0,20,M216,AB6214,0,31
2026-08-02T13:25:23.833Z,deep_scan,20260802112912_1A-4-7-8-17-28C,30,28C,0,23,M98,AB5767,1,7
2026-08-02T13:25:53.799Z,deep_scan,20260802112912_1A-4-7-8-17-28C,30,28C,0,8,M151,AB4355,1,20
2026-08-02T13:25:53.799Z,deep_scan,20260802112912_1A-4-7-8-17-28C,30,28C,0,21,M225,AB6214,1,28
2026-08-02T13:25:53.799Z,deep_scan,20260802112912_1A-4-7-8-17-28C,30,28C,0,23,M98,AB5767,1,15
2026-08-02T13:26:23.838Z,deep_scan,20260802112912_1A-4-7-8-17-28C,30,28C,0,8,M151,AB4355,0,24
2026-08-02T13:26:23.838Z,deep_scan,20260802112912_1A-4-7-8-17-28C,30,28C,0,21,M225,AB6214,1,17
2026-08-02T13:26:23.838Z,deep_scan,20260802112912_1A-4-7-8-17-28C,30,28C,0,23,M98,AB5767,1,19
2026-08-02T13:26:53.808Z,deep_scan,20260802112912_1A-4-7-8-17-28C,30,28C,0,9,M150,AB4355,1,12
2026-08-02T13:26:53.808Z,deep_scan,20260802112912_1A-4-7-8-17-28C,30,28C,0,21,M225,AB6214,1,17
2026-08-02T13:26:53.808Z,deep_scan,20260802112912_1A-4-7-8-17-28C,30,28C,0,24,M88,AB5767,1,19
2026-08-02T13:27:23.758Z,deep_scan,20260802112912_1A-4-7-8-17-28C,30,28C,0,9,M150,AB4355,1,17
2026-08-02T13:27:23.758Z,deep_scan,20260802112912_1A-4-7-8-17-28C,30,28C,0,21,M225,AB6214,0,20
2026-08-02T13:27:23.758Z,deep_scan,20260802112912_1A-4-7-8-17-28C,30,28C,0,24,M88,AB5767,1,19
2026-08-02T13:27:53.847Z,deep_scan,20260802112912_1A-4-7-8-17-28C,30,28C,0,9,M150,AB4355,0,16
2026-08-02T13:27:53.847Z,deep_scan,20260802112912_1A-4-7-8-17-28C,30,28C,0,21,M225,AB6214,0,31
2026-08-02T13:27:53.847Z,deep_scan,20260802112912_1A-4-7-8-17-28C,30,28C,0,24,M88,AB5767,1,19
2026-08-02T13:28:23.845Z,deep_scan,20260802112912_1A-4-7-8-17-28C,30,28C,0,0,M62/3,AB5457,1,15
2026-08-02T13:28:23.845Z,deep_scan,20260802112912_1A-4-7-8-17-28C,30,28C,0,10,M148,AB4355,1,23
2026-08-02T13:28:23.845Z,deep_scan,20260802112912_1A-4-7-8-17-28C,30,28C,0,21,M225,AB6214,0,31
2026-08-02T13:28:23.845Z,deep_scan,20260802112912_1A-4-7-8-17-28C,30,28C,0,24,M88,AB5767,1,15
2026-08-02T13:28:53.805Z,deep_scan,20260802112912_1A-4-7-8-17-28C,30,28C,0,0,M62/3,AB5457,1,15
2026-08-02T13:28:53.805Z,deep_scan,20260802112912_1A-4-7-8-17-28C,30,28C,0,10,M148,AB4355,1,23
2026-08-02T13:28:53.805Z,deep_scan,20260802112912_1A-4-7-8-17-28C,30,28C,0,21,M225,AB6214,0,4
2026-08-02T13:28:53.805Z,deep_scan,20260802112912_1A-4-7-8-17-28C,30,28C,0,24,M88,AB5767,1,4
2026-08-02T13:29:23.879Z,deep_scan,20260802112912_1A-4-7-8-17-28C,30,28C,0,0,M62/3,AB5457,0,17
2026-08-02T13:29:23.879Z,deep_scan,20260802112912_1A-4-7-8-17-28C,30,28C,0,10,M148,AB4355,0,7
2026-08-02T13:29:23.879Z,deep_scan,20260802112912_1A-4-7-8-17-28C,30,28C,0,21,M225,AB6214,0,22
2026-08-02T13:29:23.879Z,deep_scan,20260802112912_1A-4-7-8-17-28C,30,28C,0,24,M88,AB5767,0,3
2026-08-02T13:29:53.855Z,deep_scan,20260802112912_1A-4-7-8-17-28C,30,28C,0,0,M62/3,AB5457,0,19
2026-08-02T13:29:53.855Z,deep_scan,20260802112912_1A-4-7-8-17-28C,30,28C,0,10,M148,AB4355,0,33
2026-08-02T13:29:53.855Z,deep_scan,20260802112912_1A-4-7-8-17-28C,30,28C,0,21,M225,AB6214,0,47
2026-08-02T13:29:53.855Z,deep_scan,20260802112912_1A-4-7-8-17-28C,30,28C,0,24,M88,AB5767,0,2
2026-08-02T13:30:23.928Z,deep_scan,20260802112912_1A-4-7-8-17-28C,30,28C,0,1,M117,AB5457,0,35
2026-08-02T13:30:23.928Z,deep_scan,20260802112912_1A-4-7-8-17-28C,30,28C,0,10,M148,AB4355,0,29
2026-08-02T13:30:23.928Z,deep_scan,20260802112912_1A-4-7-8-17-28C,30,28C,0,22,M16/2,AB6214,1,26
2026-08-02T13:30:23.928Z,deep_scan,20260802112912_1A-4-7-8-17-28C,30,28C,0,24,M88,AB5767,0,15
2026-08-02T13:30:53.833Z,deep_scan,20260802112912_1A-4-7-8-17-28C,30,28C,0,2,M241,AB5457,1,21
2026-08-02T13:30:53.833Z,deep_scan,20260802112912_1A-4-7-8-17-28C,30,28C,0,11,M76/1,AB4355,1,2
2026-08-02T13:30:53.833Z,deep_scan,20260802112912_1A-4-7-8-17-28C,30,28C,0,22,M16/2,AB6214,1,26
2026-08-02T13:30:53.833Z,deep_scan,20260802112912_1A-4-7-8-17-28C,30,28C,0,24,M88,AB5767,0,15
2026-08-02T13:31:23.875Z,deep_scan,20260802112912_1A-4-7-8-17-28C,30,28C,0,2,M241,AB5457,0,28
2026-08-02T13:31:23.875Z,deep_scan,20260802112912_1A-4-7-8-17-28C,30,28C,0,11,M76/1,AB4355,0,18
2026-08-02T13:31:23.875Z,deep_scan,20260802112912_1A-4-7-8-17-28C,30,28C,0,22,M16/2,AB6214,1,26
2026-08-02T13:31:23.875Z,deep_scan,20260802112912_1A-4-7-8-17-28C,30,28C,0,24,M88,AB5767,0,16
2026-08-02T13:32:26.368Z,deep_scan,20260802112912_1A-4-7-8-17-28C,30,28C,0,4,M155,AB5457,1,31
2026-08-02T13:32:26.368Z,deep_scan,20260802112912_1A-4-7-8-17-28C,30,28C,0,12,M84/1,AB4355,1,13
2026-08-02T13:32:26.368Z,deep_scan,20260802112912_1A-4-7-8-17-28C,30,28C,0,23,M98,AB6214,1,16
2026-08-02T13:32:26.368Z,deep_scan,20260802112912_1A-4-7-8-17-28C,30,28C,0,26,M149,AB5767,1,28
2026-08-02T13:32:56.314Z,deep_scan,20260802112912_1A-4-7-8-17-28C,30,28C,0,4,M155,AB5457,1,31
2026-08-02T13:32:56.314Z,deep_scan,20260802112912_1A-4-7-8-17-28C,30,28C,0,12,M84/1,AB4355,1,8
2026-08-02T13:32:56.314Z,deep_scan,20260802112912_1A-4-7-8-17-28C,30,28C,0,23,M98,AB6214,1,19
2026-08-02T13:32:56.314Z,deep_scan,20260802112912_1A-4-7-8-17-28C,30,28C,0,26,M149,AB5767,1,6
2026-08-02T13:33:26.378Z,deep_scan,20260802112912_1A-4-7-8-17-28C,30,28C,0,5,M157,AB5457,1,45
2026-08-02T13:33:26.378Z,deep_scan,20260802112912_1A-4-7-8-17-28C,30,28C,0,12,M84/1,AB4355,0,8
2026-08-02T13:33:26.378Z,deep_scan,20260802112912_1A-4-7-8-17-28C,30,28C,0,23,M98,AB6214,1,20
2026-08-02T13:33:26.378Z,deep_scan,20260802112912_1A-4-7-8-17-28C,30,28C,0,26,M149,AB5767,0,15
2026-08-02T13:33:56.318Z,deep_scan,20260802112912_1A-4-7-8-17-28C,30,28C,0,5,M157,AB5457,1,21
2026-08-02T13:33:56.318Z,deep_scan,20260802112912_1A-4-7-8-17-28C,30,28C,0,12,M84/1,AB4355,0,23
2026-08-02T13:33:56.318Z,deep_scan,20260802112912_1A-4-7-8-17-28C,30,28C,0,23,M98,AB6214,1,21
2026-08-02T13:33:56.318Z,deep_scan,20260802112912_1A-4-7-8-17-28C,30,28C,0,26,M149,AB5767,0,21
2026-08-02T13:34:26.351Z,deep_scan,20260802112912_1A-4-7-8-17-28C,30,28C,0,6,M163,AB5457,1,28
2026-08-02T13:34:26.351Z,deep_scan,20260802112912_1A-4-7-8-17-28C,30,28C,0,12,M84/1,AB4355,0,2
2026-08-02T13:34:26.351Z,deep_scan,20260802112912_1A-4-7-8-17-28C,30,28C,0,23,M98,AB6214,0,11
2026-08-02T13:34:26.351Z,deep_scan,20260802112912_1A-4-7-8-17-28C,30,28C,0,27,M145/2,AB5767,1,2
2026-08-02T13:34:56.335Z,deep_scan,20260802112912_1A-4-7-8-17-28C,30,28C,0,6,M163,AB5457,1,14
2026-08-02T13:34:56.335Z,deep_scan,20260802112912_1A-4-7-8-17-28C,30,28C,0,12,M84/1,AB4355,0,2
2026-08-02T13:34:56.335Z,deep_scan,20260802112912_1A-4-7-8-17-28C,30,28C,0,24,M88,AB6214,1,19
2026-08-02T13:34:56.335Z,deep_scan,20260802112912_1A-4-7-8-17-28C,30,28C,0,27,M145/2,AB5767,0,23
2026-08-02T13:35:26.399Z,deep_scan,20260802112912_1A-4-7-8-17-28C,30,28C,0,7,M164,AB5457,0,43
2026-08-02T13:35:26.399Z,deep_scan,20260802112912_1A-4-7-8-17-28C,30,28C,0,12,M84/1,AB4355,0,2
2026-08-02T13:35:26.399Z,deep_scan,20260802112912_1A-4-7-8-17-28C,30,28C,0,24,M88,AB6214,1,20
2026-08-02T13:35:26.399Z,deep_scan,20260802112912_1A-4-7-8-17-28C,30,28C,0,28,M165,AB5767,1,1
2026-08-02T13:35:56.338Z,deep_scan,20260802112912_1A-4-7-8-17-28C,30,28C,0,8,M151,AB5457,1,21
2026-08-02T13:35:56.338Z,deep_scan,20260802112912_1A-4-7-8-17-28C,30,28C,0,13,M92,AB4355,1,16
2026-08-02T13:35:56.338Z,deep_scan,20260802112912_1A-4-7-8-17-28C,30,28C,0,24,M88,AB6214,1,20
2026-08-02T13:35:56.338Z,deep_scan,20260802112912_1A-4-7-8-17-28C,30,28C,0,28,M165,AB5767,0,5
2026-08-02T13:36:26.429Z,deep_scan,20260802112912_1A-4-7-8-17-28C,30,28C,0,8,M151,AB5457,1,1
2026-08-02T13:36:26.429Z,deep_scan,20260802112912_1A-4-7-8-17-28C,30,28C,0,13,M92,AB4355,0,23
2026-08-02T13:36:26.429Z,deep_scan,20260802112912_1A-4-7-8-17-28C,30,28C,0,24,M88,AB6214,1,2
2026-08-02T13:36:26.429Z,deep_scan,20260802112912_1A-4-7-8-17-28C,30,28C,0,28,M165,AB5767,0,20
2026-08-02T13:36:56.434Z,deep_scan,20260802112912_1A-4-7-8-17-28C,30,28C,0,8,M151,AB5457,0,26
2026-08-02T13:36:56.434Z,deep_scan,20260802112912_1A-4-7-8-17-28C,30,28C,0,13,M92,AB4355,0,15
2026-08-02T13:36:56.434Z,deep_scan,20260802112912_1A-4-7-8-17-28C,30,28C,0,24,M88,AB6214,1,2
2026-08-02T13:36:56.434Z,deep_scan,20260802112912_1A-4-7-8-17-28C,30,28C,0,29,M163,AB5767,1,8
2026-08-02T13:37:26.437Z,deep_scan,20260802112912_1A-4-7-8-17-28C,30,28C,0,9,M150,AB5457,1,7
2026-08-02T13:37:26.437Z,deep_scan,20260802112912_1A-4-7-8-17-28C,30,28C,0,13,M92,AB4355,0,15
2026-08-02T13:37:26.437Z,deep_scan,20260802112912_1A-4-7-8-17-28C,30,28C,0,24,M88,AB6214,0,22
2026-08-02T13:37:26.437Z,deep_scan,20260802112912_1A-4-7-8-17-28C,30,28C,0,29,M163,AB5767,0,21
2026-08-02T13:37:56.379Z,deep_scan,20260802112912_1A-4-7-8-17-28C,30,28C,0,9,M150,AB5457,1,8
2026-08-02T13:37:56.379Z,deep_scan,20260802112912_1A-4-7-8-17-28C,30,28C,0,13,M92,AB4355,0,4
2026-08-02T13:37:56.379Z,deep_scan,20260802112912_1A-4-7-8-17-28C,30,28C,0,24,M88,AB6214,0,22
2026-08-02T13:37:56.379Z,deep_scan,20260802112912_1A-4-7-8-17-28C,30,28C,0,30,M160/2,AB5767,1,2
2026-08-02T13:38:26.458Z,deep_scan,20260802112912_1A-4-7-8-17-28C,30,28C,0,9,M150,AB5457,1,7
2026-08-02T13:38:26.458Z,deep_scan,20260802112912_1A-4-7-8-17-28C,30,28C,0,14,M104,AB4355,1,23
2026-08-02T13:38:26.458Z,deep_scan,20260802112912_1A-4-7-8-17-28C,30,28C,0,24,M88,AB6214,0,22
2026-08-02T13:38:26.458Z,deep_scan,20260802112912_1A-4-7-8-17-28C,30,28C,0,30,M160/2,AB5767,0,22
2026-08-02T13:38:56.386Z,deep_scan,20260802112912_1A-4-7-8-17-28C,30,28C,0,9,M150,AB5457,0,6
2026-08-02T13:38:56.386Z,deep_scan,20260802112912_1A-4-7-8-17-28C,30,28C,0,14,M104,AB4355,0,34
2026-08-02T13:38:56.386Z,deep_scan,20260802112912_1A-4-7-8-17-28C,30,28C,0,24,M88,AB6214,0,2
2026-08-02T13:38:56.386Z,deep_scan,20260802112912_1A-4-7-8-17-28C,30,28C,0,31,M158/1,AB5767,1,12
2026-08-02T13:39:26.453Z,deep_scan,20260802112912_1A-4-7-8-17-28C,30,28C,0,9,M150,AB5457,0,25
2026-08-02T13:39:26.453Z,deep_scan,20260802112912_1A-4-7-8-17-28C,30,28C,0,15,M43,AB4355,1,4
2026-08-02T13:39:26.453Z,deep_scan,20260802112912_1A-4-7-8-17-28C,30,28C,0,24,M88,AB6214,0,2
2026-08-02T13:39:26.453Z,deep_scan,20260802112912_1A-4-7-8-17-28C,30,28C,0,31,M158/1,AB5767,0,2
2026-08-02T13:39:56.387Z,deep_scan,20260802112912_1A-4-7-8-17-28C,30,28C,0,10,M148,AB5457,1,17
2026-08-02T13:39:56.387Z,deep_scan,20260802112912_1A-4-7-8-17-28C,30,28C,0,15,M43,AB4355,1,22
2026-08-02T13:39:56.387Z,deep_scan,20260802112912_1A-4-7-8-17-28C,30,28C,0,24,M88,AB6214,0,22
2026-08-02T13:39:56.387Z,deep_scan,20260802112912_1A-4-7-8-17-28C,30,28C,0,32,M161,AB5767,1,22
2026-08-02T13:40:26.491Z,deep_scan,20260802112912_1A-4-7-8-17-28C,30,28C,0,10,M148,AB5457,0,16
2026-08-02T13:40:26.491Z,deep_scan,20260802112912_1A-4-7-8-17-28C,30,28C,0,15,M43,AB4355,0,34
2026-08-02T13:40:26.491Z,deep_scan,20260802112912_1A-4-7-8-17-28C,30,28C,0,25,M72,AB6214,1,35
2026-08-02T13:40:26.491Z,deep_scan,20260802112912_1A-4-7-8-17-28C,30,28C,0,32,M161,AB5767,0,25
2026-08-02T13:40:56.426Z,deep_scan,20260802112912_1A-4-7-8-17-28C,30,28C,0,10,M148,AB5457,0,12
2026-08-02T13:40:56.426Z,deep_scan,20260802112912_1A-4-7-8-17-28C,30,28C,0,16,M40,AB4355,1,8
2026-08-02T13:40:56.426Z,deep_scan,20260802112912_1A-4-7-8-17-28C,30,28C,0,25,M72,AB6214,1,7
2026-08-02T13:40:56.426Z,deep_scan,20260802112912_1A-4-7-8-17-28C,30,28C,0,33,M70,AB5767,1,16
2026-08-02T13:41:26.453Z,deep_scan,20260802112912_1A-4-7-8-17-28C,30,28C,0,10,M148,AB5457,0,26
2026-08-02T13:41:26.453Z,deep_scan,20260802112912_1A-4-7-8-17-28C,30,28C,0,16,M40,AB4355,0,25
2026-08-02T13:41:26.453Z,deep_scan,20260802112912_1A-4-7-8-17-28C,30,28C,0,26,M149,AB6214,1,31
2026-08-02T13:41:26.453Z,deep_scan,20260802112912_1A-4-7-8-17-28C,30,28C,0,34,M118,AB5767,1,24
2026-08-02T13:41:56.439Z,deep_scan,20260802112912_1A-4-7-8-17-28C,30,28C,0,11,M76/1,AB5457,1,31
2026-08-02T13:41:56.439Z,deep_scan,20260802112912_1A-4-7-8-17-28C,30,28C,0,17,M28/2,AB4355,1,27
2026-08-02T13:41:56.439Z,deep_scan,20260802112912_1A-4-7-8-17-28C,30,28C,0,26,M149,AB6214,0,18
2026-08-02T13:41:56.439Z,deep_scan,20260802112912_1A-4-7-8-17-28C,30,28C,0,34,M118,AB5767,1,2
2026-08-02T13:42:26.460Z,deep_scan,20260802112912_1A-4-7-8-17-28C,30,28C,0,11,M76/1,AB5457,0,41
2026-08-02T13:42:26.460Z,deep_scan,20260802112912_1A-4-7-8-17-28C,30,28C,0,17,M28/2,AB4355,0,20
2026-08-02T13:42:26.460Z,deep_scan,20260802112912_1A-4-7-8-17-28C,30,28C,0,26,M149,AB6214,0,13
2026-08-02T13:42:26.460Z,deep_scan,20260802112912_1A-4-7-8-17-28C,30,28C,0,34,M118,AB5767,0,2
2026-08-02T13:42:56.460Z,deep_scan,20260802112912_1A-4-7-8-17-28C,30,28C,0,12,M84/1,AB5457,1,9
2026-08-02T13:42:56.460Z,deep_scan,20260802112912_1A-4-7-8-17-28C,30,28C,0,17,M28/2,AB4355,0,3
2026-08-02T13:42:56.460Z,deep_scan,20260802112912_1A-4-7-8-17-28C,30,28C,0,27,M145/2,AB6214,1,16
2026-08-02T13:42:56.460Z,deep_scan,20260802112912_1A-4-7-8-17-28C,30,28C,0,34,M118,AB5767,0,3
2026-08-02T13:43:26.467Z,deep_scan,20260802112912_1A-4-7-8-17-28C,30,28C,0,12,M84/1,AB5457,1,10
2026-08-02T13:43:26.467Z,deep_scan,20260802112912_1A-4-7-8-17-28C,30,28C,0,17,M28/2,AB4355,0,17
2026-08-02T13:43:26.467Z,deep_scan,20260802112912_1A-4-7-8-17-28C,30,28C,0,27,M145/2,AB6214,1,1
2026-08-02T13:43:26.467Z,deep_scan,20260802112912_1A-4-7-8-17-28C,30,28C,0,35,M62/3,AB5767,1,0
2026-08-02T13:43:56.440Z,deep_scan,20260802112912_1A-4-7-8-17-28C,30,28C,0,12,M84/1,AB5457,1,5
2026-08-02T13:43:56.440Z,deep_scan,20260802112912_1A-4-7-8-17-28C,30,28C,0,17,M28/2,AB4355,0,23
2026-08-02T13:43:56.440Z,deep_scan,20260802112912_1A-4-7-8-17-28C,30,28C,0,28,M165,AB6214,1,23
2026-08-02T13:43:56.440Z,deep_scan,20260802112912_1A-4-7-8-17-28C,30,28C,0,35,M62/3,AB5767,1,0
2026-08-02T13:44:26.427Z,deep_scan,20260802112912_1A-4-7-8-17-28C,30,28C,0,12,M84/1,AB5457,0,7
2026-08-02T13:44:26.427Z,deep_scan,20260802112912_1A-4-7-8-17-28C,30,28C,0,17,M28/2,AB4355,0,23
2026-08-02T13:44:26.427Z,deep_scan,20260802112912_1A-4-7-8-17-28C,30,28C,0,28,M165,AB6214,1,3
2026-08-02T13:44:26.427Z,deep_scan,20260802112912_1A-4-7-8-17-28C,30,28C,0,35,M62/3,AB5767,1,0
2026-08-02T13:44:56.444Z,deep_scan,20260802112912_1A-4-7-8-17-28C,30,28C,0,12,M84/1,AB5457,0,19
2026-08-02T13:44:56.444Z,deep_scan,20260802112912_1A-4-7-8-17-28C,30,28C,0,18,M227,AB4355,1,27
2026-08-02T13:44:56.444Z,deep_scan,20260802112912_1A-4-7-8-17-28C,30,28C,0,28,M165,AB6214,0,23
2026-08-02T13:44:56.444Z,deep_scan,20260802112912_1A-4-7-8-17-28C,30,28C,0,35,M62/3,AB5767,1,0
2026-08-02T13:45:26.476Z,deep_scan,20260802112912_1A-4-7-8-17-28C,30,28C,0,12,M84/1,AB5457,0,19
2026-08-02T13:45:26.476Z,deep_scan,20260802112912_1A-4-7-8-17-28C,30,28C,0,18,M227,AB4355,1,5
2026-08-02T13:45:26.476Z,deep_scan,20260802112912_1A-4-7-8-17-28C,30,28C,0,29,M163,AB6214,1,23
2026-08-02T13:45:26.476Z,deep_scan,20260802112912_1A-4-7-8-17-28C,30,28C,0,35,M62/3,AB5767,1,0
2026-08-02T13:45:56.469Z,deep_scan,20260802112912_1A-4-7-8-17-28C,30,28C,0,13,M92,AB5457,1,16
2026-08-02T13:45:56.469Z,deep_scan,20260802112912_1A-4-7-8-17-28C,30,28C,0,18,M227,AB4355,0,19
2026-08-02T13:45:56.469Z,deep_scan,20260802112912_1A-4-7-8-17-28C,30,28C,0,29,M163,AB6214,0,29
2026-08-02T13:45:56.469Z,deep_scan,20260802112912_1A-4-7-8-17-28C,30,28C,0,35,M62/3,AB5767,1,0
2026-08-02T13:46:26.466Z,deep_scan,20260802112912_1A-4-7-8-17-28C,30,28C,0,13,M92,AB5457,0,3
2026-08-02T13:46:26.466Z,deep_scan,20260802112912_1A-4-7-8-17-28C,30,28C,0,19,M244,AB4355,1,10
2026-08-02T13:46:26.466Z,deep_scan,20260802112912_1A-4-7-8-17-28C,30,28C,0,30,M160/2,AB6214,1,9
2026-08-02T13:46:26.466Z,deep_scan,20260802112912_1A-4-7-8-17-28C,30,28C,0,35,M62/3,AB5767,1,0
2026-08-02T13:46:56.520Z,deep_scan,20260802112912_1A-4-7-8-17-28C,30,28C,0,13,M92,AB5457,0,21
2026-08-02T13:46:56.520Z,deep_scan,20260802112912_1A-4-7-8-17-28C,30,28C,0,19,M244,AB4355,1,14
2026-08-02T13:46:56.520Z,deep_scan,20260802112912_1A-4-7-8-17-28C,30,28C,0,31,M158/1,AB6214,1,24
2026-08-02T13:46:56.520Z,deep_scan,20260802112912_1A-4-7-8-17-28C,30,28C,0,35,M62/3,AB5767,1,0
2026-08-02T13:47:26.485Z,deep_scan,20260802112912_1A-4-7-8-17-28C,30,28C,0,13,M92,AB5457,0,21
2026-08-02T13:47:26.485Z,deep_scan,20260802112912_1A-4-7-8-17-28C,30,28C,0,19,M244,AB4355,0,16
2026-08-02T13:47:26.485Z,deep_scan,20260802112912_1A-4-7-8-17-28C,30,28C,0,31,M158/1,AB6214,1,1
2026-08-02T13:47:26.485Z,deep_scan,20260802112912_1A-4-7-8-17-28C,30,28C,0,35,M62/3,AB5767,1,0
2026-08-02T13:47:56.510Z,deep_scan,20260802112912_1A-4-7-8-17-28C,30,28C,0,13,M92,AB5457,0,21
2026-08-02T13:47:56.510Z,deep_scan,20260802112912_1A-4-7-8-17-28C,30,28C,0,19,M244,AB4355,0,6
2026-08-02T13:47:56.510Z,deep_scan,20260802112912_1A-4-7-8-17-28C,30,28C,0,32,M161,AB6214,1,9
2026-08-02T13:48:26.538Z,deep_scan,20260802112912_1A-4-7-8-17-28C,30,28C,0,14,M104,AB5457,1,24
2026-08-02T13:48:26.538Z,deep_scan,20260802112912_1A-4-7-8-17-28C,30,28C,0,19,M244,AB4355,0,6
2026-08-02T13:48:26.538Z,deep_scan,20260802112912_1A-4-7-8-17-28C,30,28C,0,32,M161,AB6214,1,9
2026-08-02T13:48:56.550Z,deep_scan,20260802112912_1A-4-7-8-17-28C,30,28C,0,14,M104,AB5457,0,43
2026-08-02T13:48:56.550Z,deep_scan,20260802112912_1A-4-7-8-17-28C,30,28C,0,19,M244,AB4355,0,30
2026-08-02T13:48:56.550Z,deep_scan,20260802112912_1A-4-7-8-17-28C,30,28C,0,32,M161,AB6214,1,7
2026-08-02T13:49:26.525Z,deep_scan,20260802112912_1A-4-7-8-17-28C,30,28C,0,0,M62/3,AB5767,1,17
2026-08-02T13:49:26.525Z,deep_scan,20260802112912_1A-4-7-8-17-28C,30,28C,0,15,M43,AB5457,0,21
2026-08-02T13:49:26.525Z,deep_scan,20260802112912_1A-4-7-8-17-28C,30,28C,0,20,M216,AB4355,1,40
2026-08-02T13:49:26.525Z,deep_scan,20260802112912_1A-4-7-8-17-28C,30,28C,0,32,M161,AB6214,1,4
2026-08-02T13:49:56.529Z,deep_scan,20260802112912_1A-4-7-8-17-28C,30,28C,0,0,M62/3,AB5767,0,19
2026-08-02T13:49:56.529Z,deep_scan,20260802112912_1A-4-7-8-17-28C,30,28C,0,16,M40,AB5457,1,15
2026-08-02T13:49:56.529Z,deep_scan,20260802112912_1A-4-7-8-17-28C,30,28C,0,20,M216,AB4355,0,6
2026-08-02T13:49:56.529Z,deep_scan,20260802112912_1A-4-7-8-17-28C,30,28C,0,33,M70,AB6214,1,19
2026-08-02T13:50:26.567Z,deep_scan,20260802112912_1A-4-7-8-17-28C,30,28C,0,0,M62/3,AB5767,0,12
2026-08-02T13:50:26.567Z,deep_scan,20260802112912_1A-4-7-8-17-28C,30,28C,0,16,M40,AB5457,0,23
2026-08-02T13:50:26.567Z,deep_scan,20260802112912_1A-4-7-8-17-28C,30,28C,0,20,M216,AB4355,0,6
2026-08-02T13:50:26.567Z,deep_scan,20260802112912_1A-4-7-8-17-28C,30,28C,0,33,M70,AB6214,0,26
2026-08-02T13:50:56.508Z,deep_scan,20260802112912_1A-4-7-8-17-28C,30,28C,0,0,M62/3,AB5767,0,26
2026-08-02T13:50:56.508Z,deep_scan,20260802112912_1A-4-7-8-17-28C,30,28C,0,16,M40,AB5457,0,9
2026-08-02T13:50:56.508Z,deep_scan,20260802112912_1A-4-7-8-17-28C,30,28C,0,20,M216,AB4355,0,48
2026-08-02T13:50:56.508Z,deep_scan,20260802112912_1A-4-7-8-17-28C,30,28C,0,34,M118,AB6214,1,16
2026-08-02T13:51:26.537Z,deep_scan,20260802112912_1A-4-7-8-17-28C,30,28C,0,1,M117,AB5767,1,28
2026-08-02T13:51:26.537Z,deep_scan,20260802112912_1A-4-7-8-17-28C,30,28C,0,16,M40,AB5457,0,9
2026-08-02T13:51:26.537Z,deep_scan,20260802112912_1A-4-7-8-17-28C,30,28C,0,20,M216,AB4355,0,38
2026-08-02T13:51:26.537Z,deep_scan,20260802112912_1A-4-7-8-17-28C,30,28C,0,35,M62/3,AB6214,1,0
2026-08-02T13:51:56.524Z,deep_scan,20260802112912_1A-4-7-8-17-28C,30,28C,0,1,M117,AB5767,0,21
2026-08-02T13:51:56.524Z,deep_scan,20260802112912_1A-4-7-8-17-28C,30,28C,0,17,M28/2,AB5457,1,24
2026-08-02T13:51:56.524Z,deep_scan,20260802112912_1A-4-7-8-17-28C,30,28C,0,20,M216,AB4355,0,13
2026-08-02T13:51:56.524Z,deep_scan,20260802112912_1A-4-7-8-17-28C,30,28C,0,35,M62/3,AB6214,1,0
2026-08-02T13:52:26.590Z,deep_scan,20260802112912_1A-4-7-8-17-28C,30,28C,0,2,M241,AB5767,1,2
2026-08-02T13:52:26.590Z,deep_scan,20260802112912_1A-4-7-8-17-28C,30,28C,0,17,M28/2,AB5457,0,22
2026-08-02T13:52:26.590Z,deep_scan,20260802112912_1A-4-7-8-17-28C,30,28C,0,20,M216,AB4355,0,18
2026-08-02T13:52:26.590Z,deep_scan,20260802112912_1A-4-7-8-17-28C,30,28C,0,35,M62/3,AB6214,1,0
2026-08-02T13:52:56.621Z,deep_scan,20260802112912_1A-4-7-8-17-28C,30,28C,0,2,M241,AB5767,1,14
2026-08-02T13:52:56.621Z,deep_scan,20260802112912_1A-4-7-8-17-28C,30,28C,0,17,M28/2,AB5457,0,16
2026-08-02T13:52:56.621Z,deep_scan,20260802112912_1A-4-7-8-17-28C,30,28C,0,21,M225,AB4355,1,1
2026-08-02T13:52:56.621Z,deep_scan,20260802112912_1A-4-7-8-17-28C,30,28C,0,35,M62/3,AB6214,1,0
2026-08-02T13:53:26.558Z,deep_scan,20260802112912_1A-4-7-8-17-28C,30,28C,0,3,M71,AB5767,1,1
2026-08-02T13:53:26.558Z,deep_scan,20260802112912_1A-4-7-8-17-28C,30,28C,0,17,M28/2,AB5457,0,16
2026-08-02T13:53:26.558Z,deep_scan,20260802112912_1A-4-7-8-17-28C,30,28C,0,21,M225,AB4355,1,1
2026-08-02T13:53:26.558Z,deep_scan,20260802112912_1A-4-7-8-17-28C,30,28C,0,35,M62/3,AB6214,1,0
2026-08-02T13:53:56.612Z,deep_scan,20260802112912_1A-4-7-8-17-28C,30,28C,0,3,M71,AB5767,0,17
2026-08-02T13:53:56.612Z,deep_scan,20260802112912_1A-4-7-8-17-28C,30,28C,0,18,M227,AB5457,1,16
2026-08-02T13:53:56.612Z,deep_scan,20260802112912_1A-4-7-8-17-28C,30,28C,0,21,M225,AB4355,1,2
2026-08-02T13:53:56.612Z,deep_scan,20260802112912_1A-4-7-8-17-28C,30,28C,0,35,M62/3,AB6214,1,0
2026-08-02T13:54:26.589Z,deep_scan,20260802112912_1A-4-7-8-17-28C,30,28C,0,4,M155,AB5767,0,18
2026-08-02T13:54:26.589Z,deep_scan,20260802112912_1A-4-7-8-17-28C,30,28C,0,18,M227,AB5457,1,22
2026-08-02T13:54:26.589Z,deep_scan,20260802112912_1A-4-7-8-17-28C,30,28C,0,21,M225,AB4355,0,20
2026-08-02T13:54:26.589Z,deep_scan,20260802112912_1A-4-7-8-17-28C,30,28C,0,35,M62/3,AB6214,1,0
2026-08-02T13:54:56.651Z,deep_scan,20260802112912_1A-4-7-8-17-28C,30,28C,0,5,M157,AB5767,1,38
2026-08-02T13:54:56.651Z,deep_scan,20260802112912_1A-4-7-8-17-28C,30,28C,0,18,M227,AB5457,0,21
2026-08-02T13:54:56.651Z,deep_scan,20260802112912_1A-4-7-8-17-28C,30,28C,0,21,M225,AB4355,0,39
2026-08-02T13:54:56.651Z,deep_scan,20260802112912_1A-4-7-8-17-28C,30,28C,0,35,M62/3,AB6214,1,0
2026-08-02T13:55:26.571Z,deep_scan,20260802112912_1A-4-7-8-17-28C,30,28C,0,5,M157,AB5767,1,16
2026-08-02T13:55:26.571Z,deep_scan,20260802112912_1A-4-7-8-17-28C,30,28C,0,18,M227,AB5457,0,7
2026-08-02T13:55:26.571Z,deep_scan,20260802112912_1A-4-7-8-17-28C,30,28C,0,21,M225,AB4355,0,32
2026-08-02T13:55:26.571Z,deep_scan,20260802112912_1A-4-7-8-17-28C,30,28C,0,35,M62/3,AB6214,1,0
2026-08-02T13:55:56.608Z,deep_scan,20260802112912_1A-4-7-8-17-28C,30,28C,0,5,M157,AB5767,0,33
2026-08-02T13:55:56.608Z,deep_scan,20260802112912_1A-4-7-8-17-28C,30,28C,0,19,M244,AB5457,1,18
2026-08-02T13:55:56.608Z,deep_scan,20260802112912_1A-4-7-8-17-28C,30,28C,0,21,M225,AB4355,0,34
2026-08-02T13:56:26.612Z,deep_scan,20260802112912_1A-4-7-8-17-28C,30,28C,0,6,M163,AB5767,1,8
2026-08-02T13:56:26.612Z,deep_scan,20260802112912_1A-4-7-8-17-28C,30,28C,0,19,M244,AB5457,1,2
2026-08-02T13:56:26.612Z,deep_scan,20260802112912_1A-4-7-8-17-28C,30,28C,0,22,M16/2,AB4355,1,7
2026-08-02T13:56:56.513Z,deep_scan,20260802112912_1A-4-7-8-17-28C,30,28C,0,6,M163,AB5767,1,15
2026-08-02T13:56:56.513Z,deep_scan,20260802112912_1A-4-7-8-17-28C,30,28C,0,19,M244,AB5457,1,2
2026-08-02T13:56:56.513Z,deep_scan,20260802112912_1A-4-7-8-17-28C,30,28C,0,22,M16/2,AB4355,1,8
2026-08-02T13:57:26.626Z,deep_scan,20260802112912_1A-4-7-8-17-28C,30,28C,0,7,M164,AB5767,0,38
2026-08-02T13:57:26.626Z,deep_scan,20260802112912_1A-4-7-8-17-28C,30,28C,0,19,M244,AB5457,0,26
2026-08-02T13:57:26.626Z,deep_scan,20260802112912_1A-4-7-8-17-28C,30,28C,0,22,M16/2,AB4355,1,8
2026-08-02T13:57:56.646Z,deep_scan,20260802112912_1A-4-7-8-17-28C,30,28C,0,8,M151,AB5767,1,16
2026-08-02T13:57:56.646Z,deep_scan,20260802112912_1A-4-7-8-17-28C,30,28C,0,19,M244,AB5457,0,6
2026-08-02T13:57:56.646Z,deep_scan,20260802112912_1A-4-7-8-17-28C,30,28C,0,22,M16/2,AB4355,0,30
2026-08-02T13:58:26.651Z,deep_scan,20260802112912_1A-4-7-8-17-28C,30,28C,0,8,M151,AB5767,0,8
2026-08-02T13:58:26.651Z,deep_scan,20260802112912_1A-4-7-8-17-28C,30,28C,0,20,M216,AB5457,1,43
2026-08-02T13:58:26.651Z,deep_scan,20260802112912_1A-4-7-8-17-28C,30,28C,0,22,M16/2,AB4355,0,15
2026-08-02T13:58:56.689Z,deep_scan,20260802112912_1A-4-7-8-17-28C,30,28C,0,8,M151,AB5767,0,35
2026-08-02T13:58:56.689Z,deep_scan,20260802112912_1A-4-7-8-17-28C,30,28C,0,20,M216,AB5457,0,14
2026-08-02T13:58:56.689Z,deep_scan,20260802112912_1A-4-7-8-17-28C,30,28C,0,22,M16/2,AB4355,0,15
2026-08-02T13:59:26.696Z,deep_scan,20260802112912_1A-4-7-8-17-28C,30,28C,0,9,M150,AB5767,1,7
2026-08-02T13:59:26.696Z,deep_scan,20260802112912_1A-4-7-8-17-28C,30,28C,0,20,M216,AB5457,0,46
2026-08-02T13:59:26.696Z,deep_scan,20260802112912_1A-4-7-8-17-28C,30,28C,0,23,M98,AB4355,1,20
2026-08-02T13:59:56.671Z,deep_scan,20260802112912_1A-4-7-8-17-28C,30,28C,0,0,M62/3,AB6214,1,4
2026-08-02T13:59:56.671Z,deep_scan,20260802112912_1A-4-7-8-17-28C,30,28C,0,9,M150,AB5767,1,4
2026-08-02T13:59:56.671Z,deep_scan,20260802112912_1A-4-7-8-17-28C,30,28C,0,20,M216,AB5457,0,29
2026-08-02T13:59:56.671Z,deep_scan,20260802112912_1A-4-7-8-17-28C,30,28C,0,23,M98,AB4355,1,20
2026-08-02T14:00:26.647Z,deep_scan,20260802112912_1A-4-7-8-17-28C,30,28C,0,0,M62/3,AB6214,0,19
2026-08-02T14:00:26.647Z,deep_scan,20260802112912_1A-4-7-8-17-28C,30,28C,0,9,M150,AB5767,0,16
2026-08-02T14:00:26.647Z,deep_scan,20260802112912_1A-4-7-8-17-28C,30,28C,0,20,M216,AB5457,0,21
2026-08-02T14:00:26.647Z,deep_scan,20260802112912_1A-4-7-8-17-28C,30,28C,0,23,M98,AB4355,1,20
2026-08-02T14:00:56.728Z,deep_scan,20260802112912_1A-4-7-8-17-28C,30,28C,0,0,M62/3,AB6214,0,30
2026-08-02T14:00:56.728Z,deep_scan,20260802112912_1A-4-7-8-17-28C,30,28C,0,10,M148,AB5767,1,16
2026-08-02T14:00:56.728Z,deep_scan,20260802112912_1A-4-7-8-17-28C,30,28C,0,21,M225,AB5457,1,18
2026-08-02T14:00:56.728Z,deep_scan,20260802112912_1A-4-7-8-17-28C,30,28C,0,23,M98,AB4355,1,20
2026-08-02T14:01:26.687Z,deep_scan,20260802112912_1A-4-7-8-17-28C,30,28C,0,1,M117,AB6214,0,31
2026-08-02T14:01:26.687Z,deep_scan,20260802112912_1A-4-7-8-17-28C,30,28C,0,10,M148,AB5767,0,26
2026-08-02T14:01:26.687Z,deep_scan,20260802112912_1A-4-7-8-17-28C,30,28C,0,21,M225,AB5457,1,6
2026-08-02T14:01:26.687Z,deep_scan,20260802112912_1A-4-7-8-17-28C,30,28C,0,23,M98,AB4355,1,6
2026-08-02T14:01:56.674Z,deep_scan,20260802112912_1A-4-7-8-17-28C,30,28C,0,2,M241,AB6214,1,17
2026-08-02T14:01:56.674Z,deep_scan,20260802112912_1A-4-7-8-17-28C,30,28C,0,10,M148,AB5767,0,8
2026-08-02T14:01:56.674Z,deep_scan,20260802112912_1A-4-7-8-17-28C,30,28C,0,21,M225,AB5457,1,6
2026-08-02T14:01:56.674Z,deep_scan,20260802112912_1A-4-7-8-17-28C,30,28C,0,23,M98,AB4355,0,12
2026-08-02T14:02:26.708Z,deep_scan,20260802112912_1A-4-7-8-17-28C,30,28C,0,2,M241,AB6214,0,35
2026-08-02T14:02:26.708Z,deep_scan,20260802112912_1A-4-7-8-17-28C,30,28C,0,10,M148,AB5767,0,33
2026-08-02T14:02:26.708Z,deep_scan,20260802112912_1A-4-7-8-17-28C,30,28C,0,21,M225,AB5457,0,16
2026-08-02T14:02:26.708Z,deep_scan,20260802112912_1A-4-7-8-17-28C,30,28C,0,23,M98,AB4355,0,12
2026-08-02T14:02:56.742Z,deep_scan,20260802112912_1A-4-7-8-17-28C,30,28C,0,3,M71,AB6214,0,26
2026-08-02T14:02:56.742Z,deep_scan,20260802112912_1A-4-7-8-17-28C,30,28C,0,10,M148,AB5767,0,36
2026-08-02T14:02:56.742Z,deep_scan,20260802112912_1A-4-7-8-17-28C,30,28C,0,21,M225,AB5457,0,27
2026-08-02T14:02:56.742Z,deep_scan,20260802112912_1A-4-7-8-17-28C,30,28C,0,24,M88,AB4355,1,37
2026-08-02T14:03:26.728Z,deep_scan,20260802112912_1A-4-7-8-17-28C,30,28C,0,4,M155,AB6214,1,21
2026-08-02T14:03:26.728Z,deep_scan,20260802112912_1A-4-7-8-17-28C,30,28C,0,11,M76/1,AB5767,1,19
2026-08-02T14:03:26.728Z,deep_scan,20260802112912_1A-4-7-8-17-28C,30,28C,0,21,M225,AB5457,0,35
2026-08-02T14:03:26.728Z,deep_scan,20260802112912_1A-4-7-8-17-28C,30,28C,0,24,M88,AB4355,1,24
2026-08-02T14:03:56.742Z,deep_scan,20260802112912_1A-4-7-8-17-28C,30,28C,0,4,M155,AB6214,1,11
2026-08-02T14:03:56.742Z,deep_scan,20260802112912_1A-4-7-8-17-28C,30,28C,0,11,M76/1,AB5767,1,14
2026-08-02T14:03:56.742Z,deep_scan,20260802112912_1A-4-7-8-17-28C,30,28C,0,22,M16/2,AB5457,1,5
2026-08-02T14:03:56.742Z,deep_scan,20260802112912_1A-4-7-8-17-28C,30,28C,0,24,M88,AB4355,0,10
2026-08-02T14:04:26.722Z,deep_scan,20260802112912_1A-4-7-8-17-28C,30,28C,0,4,M155,AB6214,0,29
2026-08-02T14:04:26.722Z,deep_scan,20260802112912_1A-4-7-8-17-28C,30,28C,0,11,M76/1,AB5767,1,1
2026-08-02T14:04:26.722Z,deep_scan,20260802112912_1A-4-7-8-17-28C,30,28C,0,22,M16/2,AB5457,0,5
2026-08-02T14:04:26.722Z,deep_scan,20260802112912_1A-4-7-8-17-28C,30,28C,0,24,M88,AB4355,0,32
2026-08-02T14:04:56.754Z,deep_scan,20260802112912_1A-4-7-8-17-28C,30,28C,0,5,M157,AB6214,1,34
2026-08-02T14:04:56.754Z,deep_scan,20260802112912_1A-4-7-8-17-28C,30,28C,0,11,M76/1,AB5767,0,6
2026-08-02T14:04:56.754Z,deep_scan,20260802112912_1A-4-7-8-17-28C,30,28C,0,22,M16/2,AB5457,0,28
2026-08-02T14:04:56.754Z,deep_scan,20260802112912_1A-4-7-8-17-28C,30,28C,0,24,M88,AB4355,0,4
2026-08-02T14:05:26.716Z,deep_scan,20260802112912_1A-4-7-8-17-28C,30,28C,0,5,M157,AB6214,1,6
2026-08-02T14:05:26.716Z,deep_scan,20260802112912_1A-4-7-8-17-28C,30,28C,0,12,M84/1,AB5767,1,3
2026-08-02T14:05:26.716Z,deep_scan,20260802112912_1A-4-7-8-17-28C,30,28C,0,22,M16/2,AB5457,0,28
2026-08-02T14:05:26.716Z,deep_scan,20260802112912_1A-4-7-8-17-28C,30,28C,0,24,M88,AB4355,0,24
2026-08-02T14:05:56.764Z,deep_scan,20260802112912_1A-4-7-8-17-28C,30,28C,0,5,M157,AB6214,0,22
2026-08-02T14:05:56.764Z,deep_scan,20260802112912_1A-4-7-8-17-28C,30,28C,0,12,M84/1,AB5767,1,1
2026-08-02T14:05:56.764Z,deep_scan,20260802112912_1A-4-7-8-17-28C,30,28C,0,22,M16/2,AB5457,0,28
2026-08-02T14:05:56.764Z,deep_scan,20260802112912_1A-4-7-8-17-28C,30,28C,0,25,M72,AB4355,1,24
2026-08-02T14:06:26.746Z,deep_scan,20260802112912_1A-4-7-8-17-28C,30,28C,0,6,M163,AB6214,1,17
2026-08-02T14:06:26.746Z,deep_scan,20260802112912_1A-4-7-8-17-28C,30,28C,0,12,M84/1,AB5767,0,1
2026-08-02T14:06:26.746Z,deep_scan,20260802112912_1A-4-7-8-17-28C,30,28C,0,22,M16/2,AB5457,0,34
2026-08-02T14:06:26.746Z,deep_scan,20260802112912_1A-4-7-8-17-28C,30,28C,0,25,M72,AB4355,1,12
2026-08-02T14:06:56.810Z,deep_scan,20260802112912_1A-4-7-8-17-28C,30,28C,0,6,M163,AB6214,1,17
2026-08-02T14:06:56.810Z,deep_scan,20260802112912_1A-4-7-8-17-28C,30,28C,0,12,M84/1,AB5767,0,24
2026-08-02T14:06:56.810Z,deep_scan,20260802112912_1A-4-7-8-17-28C,30,28C,0,23,M98,AB5457,1,26
2026-08-02T14:06:56.810Z,deep_scan,20260802112912_1A-4-7-8-17-28C,30,28C,0,25,M72,AB4355,0,34
2026-08-02T14:07:26.758Z,deep_scan,20260802112912_1A-4-7-8-17-28C,30,28C,0,6,M163,AB6214,0,10
2026-08-02T14:07:26.758Z,deep_scan,20260802112912_1A-4-7-8-17-28C,30,28C,0,13,M92,AB5767,1,3
2026-08-02T14:07:26.758Z,deep_scan,20260802112912_1A-4-7-8-17-28C,30,28C,0,23,M98,AB5457,1,35
2026-08-02T14:07:26.758Z,deep_scan,20260802112912_1A-4-7-8-17-28C,30,28C,0,26,M149,AB4355,1,30
2026-08-02T14:07:56.754Z,deep_scan,20260802112912_1A-4-7-8-17-28C,30,28C,0,7,M164,AB6214,0,37
2026-08-02T14:07:56.754Z,deep_scan,20260802112912_1A-4-7-8-17-28C,30,28C,0,13,M92,AB5767,0,20
2026-08-02T14:07:56.754Z,deep_scan,20260802112912_1A-4-7-8-17-28C,30,28C,0,24,M88,AB5457,1,26
2026-08-02T14:07:56.754Z,deep_scan,20260802112912_1A-4-7-8-17-28C,30,28C,0,26,M149,AB4355,0,19
2026-08-02T14:08:26.806Z,deep_scan,20260802112912_1A-4-7-8-17-28C,30,28C,0,8,M151,AB6214,1,23
2026-08-02T14:08:26.806Z,deep_scan,20260802112912_1A-4-7-8-17-28C,30,28C,0,13,M92,AB5767,0,20
2026-08-02T14:08:26.806Z,deep_scan,20260802112912_1A-4-7-8-17-28C,30,28C,0,24,M88,AB5457,1,27
2026-08-02T14:08:26.806Z,deep_scan,20260802112912_1A-4-7-8-17-28C,30,28C,0,26,M149,AB4355,0,22
2026-08-02T14:08:56.765Z,deep_scan,20260802112912_1A-4-7-8-17-28C,30,28C,0,8,M151,AB6214,1,16
2026-08-02T14:08:56.765Z,deep_scan,20260802112912_1A-4-7-8-17-28C,30,28C,0,13,M92,AB5767,0,20
2026-08-02T14:08:56.765Z,deep_scan,20260802112912_1A-4-7-8-17-28C,30,28C,0,24,M88,AB5457,0,33
2026-08-02T14:08:56.765Z,deep_scan,20260802112912_1A-4-7-8-17-28C,30,28C,0,27,M145/2,AB4355,1,21
2026-08-02T14:09:26.802Z,deep_scan,20260802112912_1A-4-7-8-17-28C,30,28C,0,8,M151,AB6214,0,30
2026-08-02T14:09:26.802Z,deep_scan,20260802112912_1A-4-7-8-17-28C,30,28C,0,13,M92,AB5767,0,5
2026-08-02T14:09:26.802Z,deep_scan,20260802112912_1A-4-7-8-17-28C,30,28C,0,24,M88,AB5457,0,15
2026-08-02T14:09:26.802Z,deep_scan,20260802112912_1A-4-7-8-17-28C,30,28C,0,27,M145/2,AB4355,1,1
2026-08-02T14:09:56.765Z,deep_scan,20260802112912_1A-4-7-8-17-28C,30,28C,0,9,M150,AB6214,1,6
2026-08-02T14:09:56.765Z,deep_scan,20260802112912_1A-4-7-8-17-28C,30,28C,0,13,M92,AB5767,0,5
2026-08-02T14:09:56.765Z,deep_scan,20260802112912_1A-4-7-8-17-28C,30,28C,0,25,M72,AB5457,1,31
2026-08-02T14:09:56.765Z,deep_scan,20260802112912_1A-4-7-8-17-28C,30,28C,0,27,M145/2,AB4355,1,3
2026-08-02T14:10:26.823Z,deep_scan,20260802112912_1A-4-7-8-17-28C,30,28C,0,9,M150,AB6214,1,13
2026-08-02T14:10:26.823Z,deep_scan,20260802112912_1A-4-7-8-17-28C,30,28C,0,14,M104,AB5767,1,8
2026-08-02T14:10:26.823Z,deep_scan,20260802112912_1A-4-7-8-17-28C,30,28C,0,26,M149,AB5457,0,25
2026-08-02T14:10:26.823Z,deep_scan,20260802112912_1A-4-7-8-17-28C,30,28C,0,28,M165,AB4355,1,21
2026-08-02T14:10:56.782Z,deep_scan,20260802112912_1A-4-7-8-17-28C,30,28C,0,9,M150,AB6214,0,13
2026-08-02T14:10:56.782Z,deep_scan,20260802112912_1A-4-7-8-17-28C,30,28C,0,14,M104,AB5767,0,32
2026-08-02T14:10:56.782Z,deep_scan,20260802112912_1A-4-7-8-17-28C,30,28C,0,26,M149,AB5457,0,2
2026-08-02T14:10:56.782Z,deep_scan,20260802112912_1A-4-7-8-17-28C,30,28C,0,28,M165,AB4355,0,9
2026-08-02T14:11:26.808Z,deep_scan,20260802112912_1A-4-7-8-17-28C,30,28C,0,9,M150,AB6214,0,6
2026-08-02T14:11:26.808Z,deep_scan,20260802112912_1A-4-7-8-17-28C,30,28C,0,14,M104,AB5767,0,23
2026-08-02T14:11:26.808Z,deep_scan,20260802112912_1A-4-7-8-17-28C,30,28C,0,26,M149,AB5457,0,3
2026-08-02T14:11:26.808Z,deep_scan,20260802112912_1A-4-7-8-17-28C,30,28C,0,29,M163,AB4355,1,21
2026-08-02T14:11:56.815Z,deep_scan,20260802112912_1A-4-7-8-17-28C,30,28C,0,10,M148,AB6214,1,15
2026-08-02T14:11:56.815Z,deep_scan,20260802112912_1A-4-7-8-17-28C,30,28C,0,15,M43,AB5767,1,27
2026-08-02T14:11:56.815Z,deep_scan,20260802112912_1A-4-7-8-17-28C,30,28C,0,26,M149,AB5457,0,31
2026-08-02T14:11:56.815Z,deep_scan,20260802112912_1A-4-7-8-17-28C,30,28C,0,29,M163,AB4355,0,17
2026-08-02T14:12:26.907Z,deep_scan,20260802112912_1A-4-7-8-17-28C,30,28C,0,10,M148,AB6214,1,15
2026-08-02T14:12:26.907Z,deep_scan,20260802112912_1A-4-7-8-17-28C,30,28C,0,15,M43,AB5767,0,28
2026-08-02T14:12:26.907Z,deep_scan,20260802112912_1A-4-7-8-17-28C,30,28C,0,27,M145/2,AB5457,1,34
2026-08-02T14:12:26.907Z,deep_scan,20260802112912_1A-4-7-8-17-28C,30,28C,0,30,M160/2,AB4355,1,20
2026-08-02T14:12:56.833Z,deep_scan,20260802112912_1A-4-7-8-17-28C,30,28C,0,10,M148,AB6214,0,14
2026-08-02T14:12:56.833Z,deep_scan,20260802112912_1A-4-7-8-17-28C,30,28C,0,16,M40,AB5767,1,13
2026-08-02T14:12:56.833Z,deep_scan,20260802112912_1A-4-7-8-17-28C,30,28C,0,28,M165,AB5457,1,33
2026-08-02T14:12:56.833Z,deep_scan,20260802112912_1A-4-7-8-17-28C,30,28C,0,30,M160/2,AB4355,1,3
2026-08-02T14:13:26.867Z,deep_scan,20260802112912_1A-4-7-8-17-28C,30,28C,0,10,M148,AB6214,0,25
2026-08-02T14:13:26.867Z,deep_scan,20260802112912_1A-4-7-8-17-28C,30,28C,0,16,M40,AB5767,0,29
2026-08-02T14:13:26.867Z,deep_scan,20260802112912_1A-4-7-8-17-28C,30,28C,0,28,M165,AB5457,0,24
2026-08-02T14:13:26.867Z,deep_scan,20260802112912_1A-4-7-8-17-28C,30,28C,0,30,M160/2,AB4355,1,19
2026-08-02T14:13:56.860Z,deep_scan,20260802112912_1A-4-7-8-17-28C,30,28C,0,10,M148,AB6214,0,21
2026-08-02T14:13:56.860Z,deep_scan,20260802112912_1A-4-7-8-17-28C,30,28C,0,17,M28/2,AB5767,1,19
2026-08-02T14:13:56.860Z,deep_scan,20260802112912_1A-4-7-8-17-28C,30,28C,0,29,M163,AB5457,1,2
2026-08-02T14:13:56.860Z,deep_scan,20260802112912_1A-4-7-8-17-28C,30,28C,0,31,M158/1,AB4355,1,12
2026-08-02T14:14:26.883Z,deep_scan,20260802112912_1A-4-7-8-17-28C,30,28C,0,10,M148,AB6214,0,21
2026-08-02T14:14:26.883Z,deep_scan,20260802112912_1A-4-7-8-17-28C,30,28C,0,17,M28/2,AB5767,1,5
2026-08-02T14:14:26.883Z,deep_scan,20260802112912_1A-4-7-8-17-28C,30,28C,0,29,M163,AB5457,0,23
2026-08-02T14:14:26.883Z,deep_scan,20260802112912_1A-4-7-8-17-28C,30,28C,0,31,M158/1,AB4355,0,37
2026-08-02T14:14:56.837Z,deep_scan,20260802112912_1A-4-7-8-17-28C,30,28C,0,10,M148,AB6214,0,30
2026-08-02T14:14:56.837Z,deep_scan,20260802112912_1A-4-7-8-17-28C,30,28C,0,17,M28/2,AB5767,0,13
2026-08-02T14:14:56.837Z,deep_scan,20260802112912_1A-4-7-8-17-28C,30,28C,0,29,M163,AB5457,0,7
2026-08-02T14:14:56.837Z,deep_scan,20260802112912_1A-4-7-8-17-28C,30,28C,0,32,M161,AB4355,1,2
2026-08-02T14:15:26.863Z,deep_scan,20260802112912_1A-4-7-8-17-28C,30,28C,0,11,M76/1,AB6214,1,24
2026-08-02T14:15:26.863Z,deep_scan,20260802112912_1A-4-7-8-17-28C,30,28C,0,17,M28/2,AB5767,0,17
2026-08-02T14:15:26.863Z,deep_scan,20260802112912_1A-4-7-8-17-28C,30,28C,0,30,M160/2,AB5457,1,6
2026-08-02T14:15:26.863Z,deep_scan,20260802112912_1A-4-7-8-17-28C,30,28C,0,33,M70,AB4355,1,36
2026-08-02T14:15:56.830Z,deep_scan,20260802112912_1A-4-7-8-17-28C,30,28C,0,11,M76/1,AB6214,0,24
2026-08-02T14:15:56.830Z,deep_scan,20260802112912_1A-4-7-8-17-28C,30,28C,0,18,M227,AB5767,1,12
2026-08-02T14:15:56.830Z,deep_scan,20260802112912_1A-4-7-8-17-28C,30,28C,0,30,M160/2,AB5457,0,21
2026-08-02T14:15:56.830Z,deep_scan,20260802112912_1A-4-7-8-17-28C,30,28C,0,33,M70,AB4355,0,34
2026-08-02T14:16:26.917Z,deep_scan,20260802112912_1A-4-7-8-17-28C,30,28C,0,11,M76/1,AB6214,0,26
2026-08-02T14:16:26.917Z,deep_scan,20260802112912_1A-4-7-8-17-28C,30,28C,0,18,M227,AB5767,0,27
2026-08-02T14:16:26.917Z,deep_scan,20260802112912_1A-4-7-8-17-28C,30,28C,0,31,M158/1,AB5457,1,12
2026-08-02T14:16:26.917Z,deep_scan,20260802112912_1A-4-7-8-17-28C,30,28C,0,34,M118,AB4355,1,11
2026-08-02T14:16:56.876Z,deep_scan,20260802112912_1A-4-7-8-17-28C,30,28C,0,11,M76/1,AB6214,0,2
2026-08-02T14:16:56.876Z,deep_scan,20260802112912_1A-4-7-8-17-28C,30,28C,0,18,M227,AB5767,0,2
2026-08-02T14:16:56.876Z,deep_scan,20260802112912_1A-4-7-8-17-28C,30,28C,0,31,M158/1,AB5457,0,29
2026-08-02T14:16:56.876Z,deep_scan,20260802112912_1A-4-7-8-17-28C,30,28C,0,34,M118,AB4355,0,11
2026-08-02T14:17:26.925Z,deep_scan,20260802112912_1A-4-7-8-17-28C,30,28C,0,12,M84/1,AB6214,1,11
2026-08-02T14:17:26.925Z,deep_scan,20260802112912_1A-4-7-8-17-28C,30,28C,0,19,M244,AB5767,1,2
2026-08-02T14:17:26.925Z,deep_scan,20260802112912_1A-4-7-8-17-28C,30,28C,0,32,M161,AB5457,1,18
2026-08-02T14:17:26.925Z,deep_scan,20260802112912_1A-4-7-8-17-28C,30,28C,0,34,M118,AB4355,0,12
2026-08-02T14:17:56.884Z,deep_scan,20260802112912_1A-4-7-8-17-28C,30,28C,0,12,M84/1,AB6214,1,8
2026-08-02T14:17:56.884Z,deep_scan,20260802112912_1A-4-7-8-17-28C,30,28C,0,19,M244,AB5767,0,15
2026-08-02T14:17:56.884Z,deep_scan,20260802112912_1A-4-7-8-17-28C,30,28C,0,32,M161,AB5457,0,31
2026-08-02T14:17:56.884Z,deep_scan,20260802112912_1A-4-7-8-17-28C,30,28C,0,35,M62/3,AB4355,1,0
2026-08-02T14:18:26.867Z,deep_scan,20260802112912_1A-4-7-8-17-28C,30,28C,0,12,M84/1,AB6214,0,8
2026-08-02T14:18:26.867Z,deep_scan,20260802112912_1A-4-7-8-17-28C,30,28C,0,19,M244,AB5767,0,29
2026-08-02T14:18:26.867Z,deep_scan,20260802112912_1A-4-7-8-17-28C,30,28C,0,32,M161,AB5457,0,27
2026-08-02T14:18:26.867Z,deep_scan,20260802112912_1A-4-7-8-17-28C,30,28C,0,35,M62/3,AB4355,1,0
2026-08-02T14:18:56.933Z,deep_scan,20260802112912_1A-4-7-8-17-28C,30,28C,0,0,M62/3,AB4355,1,9
2026-08-02T14:18:56.933Z,deep_scan,20260802112912_1A-4-7-8-17-28C,30,28C,0,12,M84/1,AB6214,0,22
2026-08-02T14:18:56.933Z,deep_scan,20260802112912_1A-4-7-8-17-28C,30,28C,0,19,M244,AB5767,0,29
2026-08-02T14:18:56.933Z,deep_scan,20260802112912_1A-4-7-8-17-28C,30,28C,0,33,M70,AB5457,1,10
2026-08-02T14:19:26.878Z,deep_scan,20260802112912_1A-4-7-8-17-28C,30,28C,0,0,M62/3,AB4355,1,15
2026-08-02T14:19:26.878Z,deep_scan,20260802112912_1A-4-7-8-17-28C,30,28C,0,13,M92,AB6214,1,25
2026-08-02T14:19:26.878Z,deep_scan,20260802112912_1A-4-7-8-17-28C,30,28C,0,19,M244,AB5767,0,29
2026-08-02T14:19:26.878Z,deep_scan,20260802112912_1A-4-7-8-17-28C,30,28C,0,33,M70,AB5457,0,10
2026-08-02T14:19:56.871Z,deep_scan,20260802112912_1A-4-7-8-17-28C,30,28C,0,0,M62/3,AB4355,0,18
2026-08-02T14:19:56.871Z,deep_scan,20260802112912_1A-4-7-8-17-28C,30,28C,0,13,M92,AB6214,0,24
2026-08-02T14:19:56.871Z,deep_scan,20260802112912_1A-4-7-8-17-28C,30,28C,0,20,M216,AB5767,1,16
2026-08-02T14:19:56.871Z,deep_scan,20260802112912_1A-4-7-8-17-28C,30,28C,0,34,M118,AB5457,1,20
2026-08-02T14:20:26.927Z,deep_scan,20260802112912_1A-4-7-8-17-28C,30,28C,0,1,M117,AB4355,1,49
2026-08-02T14:20:26.927Z,deep_scan,20260802112912_1A-4-7-8-17-28C,30,28C,0,13,M92,AB6214,0,24
2026-08-02T14:20:26.927Z,deep_scan,20260802112912_1A-4-7-8-17-28C,30,28C,0,20,M216,AB5767,0,19
2026-08-02T14:20:26.927Z,deep_scan,20260802112912_1A-4-7-8-17-28C,30,28C,0,34,M118,AB5457,1,19
2026-08-02T14:20:56.910Z,deep_scan,20260802112912_1A-4-7-8-17-28C,30,28C,0,1,M117,AB4355,0,20
2026-08-02T14:20:56.910Z,deep_scan,20260802112912_1A-4-7-8-17-28C,30,28C,0,13,M92,AB6214,0,24
2026-08-02T14:20:56.910Z,deep_scan,20260802112912_1A-4-7-8-17-28C,30,28C,0,20,M216,AB5767,0,48
2026-08-02T14:20:56.910Z,deep_scan,20260802112912_1A-4-7-8-17-28C,30,28C,0,34,M118,AB5457,1,19
2026-08-02T14:21:26.903Z,deep_scan,20260802112912_1A-4-7-8-17-28C,30,28C,0,2,M241,AB4355,1,32
2026-08-02T14:21:26.903Z,deep_scan,20260802112912_1A-4-7-8-17-28C,30,28C,0,13,M92,AB6214,0,18
2026-08-02T14:21:26.903Z,deep_scan,20260802112912_1A-4-7-8-17-28C,30,28C,0,20,M216,AB5767,0,12
2026-08-02T14:21:26.903Z,deep_scan,20260802112912_1A-4-7-8-17-28C,30,28C,0,35,M62/3,AB5457,1,0
2026-08-02T14:21:56.977Z,deep_scan,20260802112912_1A-4-7-8-17-28C,30,28C,0,3,M71,AB4355,1,31
2026-08-02T14:21:56.977Z,deep_scan,20260802112912_1A-4-7-8-17-28C,30,28C,0,14,M104,AB6214,1,20
2026-08-02T14:21:56.977Z,deep_scan,20260802112912_1A-4-7-8-17-28C,30,28C,0,21,M225,AB5767,1,2
2026-08-02T14:21:56.977Z,deep_scan,20260802112912_1A-4-7-8-17-28C,30,28C,0,35,M62/3,AB5457,1,0
2026-08-02T14:22:26.920Z,deep_scan,20260802112912_1A-4-7-8-17-28C,30,28C,0,3,M71,AB4355,1,15
2026-08-02T14:22:26.920Z,deep_scan,20260802112912_1A-4-7-8-17-28C,30,28C,0,14,M104,AB6214,1,1
2026-08-02T14:22:26.920Z,deep_scan,20260802112912_1A-4-7-8-17-28C,30,28C,0,21,M225,AB5767,1,4
2026-08-02T14:22:26.920Z,deep_scan,20260802112912_1A-4-7-8-17-28C,30,28C,0,35,M62/3,AB5457,1,0
2026-08-02T14:22:56.975Z,deep_scan,20260802112912_1A-4-7-8-17-28C,30,28C,0,3,M71,AB4355,0,16
2026-08-02T14:22:56.975Z,deep_scan,20260802112912_1A-4-7-8-17-28C,30,28C,0,14,M104,AB6214,0,22
2026-08-02T14:22:56.975Z,deep_scan,20260802112912_1A-4-7-8-17-28C,30,28C,0,21,M225,AB5767,1,4
2026-08-02T14:22:56.975Z,deep_scan,20260802112912_1A-4-7-8-17-28C,30,28C,0,35,M62/3,AB5457,1,0
2026-08-02T14:23:26.899Z,deep_scan,20260802112912_1A-4-7-8-17-28C,30,28C,0,4,M155,AB4355,1,3
2026-08-02T14:23:26.899Z,deep_scan,20260802112912_1A-4-7-8-17-28C,30,28C,0,15,M43,AB6214,1,19
2026-08-02T14:23:26.899Z,deep_scan,20260802112912_1A-4-7-8-17-28C,30,28C,0,21,M225,AB5767,0,31
2026-08-02T14:23:26.899Z,deep_scan,20260802112912_1A-4-7-8-17-28C,30,28C,0,35,M62/3,AB5457,1,0
2026-08-02T14:23:56.964Z,deep_scan,20260802112912_1A-4-7-8-17-28C,30,28C,0,4,M155,AB4355,0,14
2026-08-02T14:23:56.964Z,deep_scan,20260802112912_1A-4-7-8-17-28C,30,28C,0,15,M43,AB6214,0,30
2026-08-02T14:23:56.964Z,deep_scan,20260802112912_1A-4-7-8-17-28C,30,28C,0,21,M225,AB5767,0,28
2026-08-02T14:23:56.964Z,deep_scan,20260802112912_1A-4-7-8-17-28C,30,28C,0,35,M62/3,AB5457,1,0
2026-08-02T14:24:26.949Z,deep_scan,20260802112912_1A-4-7-8-17-28C,30,28C,0,5,M157,AB4355,1,5
2026-08-02T14:24:26.949Z,deep_scan,20260802112912_1A-4-7-8-17-28C,30,28C,0,16,M40,AB6214,1,5
2026-08-02T14:24:26.949Z,deep_scan,20260802112912_1A-4-7-8-17-28C,30,28C,0,21,M225,AB5767,0,15
2026-08-02T14:24:26.949Z,deep_scan,20260802112912_1A-4-7-8-17-28C,30,28C,0,35,M62/3,AB5457,1,0
2026-08-02T14:24:56.970Z,deep_scan,20260802112912_1A-4-7-8-17-28C,30,28C,0,6,M163,AB4355,1,30
2026-08-02T14:24:56.970Z,deep_scan,20260802112912_1A-4-7-8-17-28C,30,28C,0,16,M40,AB6214,0,13
2026-08-02T14:24:56.970Z,deep_scan,20260802112912_1A-4-7-8-17-28C,30,28C,0,21,M225,AB5767,0,23
2026-08-02T14:24:56.970Z,deep_scan,20260802112912_1A-4-7-8-17-28C,30,28C,0,35,M62/3,AB5457,1,0
2026-08-02T14:25:26.970Z,deep_scan,20260802112912_1A-4-7-8-17-28C,30,28C,0,6,M163,AB4355,1,14
2026-08-02T14:25:26.970Z,deep_scan,20260802112912_1A-4-7-8-17-28C,30,28C,0,17,M28/2,AB6214,1,32
2026-08-02T14:25:26.970Z,deep_scan,20260802112912_1A-4-7-8-17-28C,30,28C,0,22,M16/2,AB5767,1,15
2026-08-02T14:25:26.970Z,deep_scan,20260802112912_1A-4-7-8-17-28C,30,28C,0,35,M62/3,AB5457,1,0
2026-08-02T14:25:57.036Z,deep_scan,20260802112912_1A-4-7-8-17-28C,30,28C,0,6,M163,AB4355,1,8
2026-08-02T14:25:57.036Z,deep_scan,20260802112912_1A-4-7-8-17-28C,30,28C,0,17,M28/2,AB6214,1,3
2026-08-02T14:25:57.036Z,deep_scan,20260802112912_1A-4-7-8-17-28C,30,28C,0,22,M16/2,AB5767,0,34
2026-08-02T14:26:27.010Z,deep_scan,20260802112912_1A-4-7-8-17-28C,30,28C,0,7,M164,AB4355,0,32
2026-08-02T14:26:27.010Z,deep_scan,20260802112912_1A-4-7-8-17-28C,30,28C,0,17,M28/2,AB6214,0,23
2026-08-02T14:26:27.010Z,deep_scan,20260802112912_1A-4-7-8-17-28C,30,28C,0,22,M16/2,AB5767,0,5
2026-08-02T14:26:57.046Z,deep_scan,20260802112912_1A-4-7-8-17-28C,30,28C,0,8,M151,AB4355,1,21
2026-08-02T14:26:57.046Z,deep_scan,20260802112912_1A-4-7-8-17-28C,30,28C,0,17,M28/2,AB6214,0,6
2026-08-02T14:26:57.046Z,deep_scan,20260802112912_1A-4-7-8-17-28C,30,28C,0,22,M16/2,AB5767,0,5
2026-08-02T14:27:27.004Z,deep_scan,20260802112912_1A-4-7-8-17-28C,30,28C,0,8,M151,AB4355,1,6
2026-08-02T14:27:27.004Z,deep_scan,20260802112912_1A-4-7-8-17-28C,30,28C,0,18,M227,AB6214,1,26
2026-08-02T14:27:27.004Z,deep_scan,20260802112912_1A-4-7-8-17-28C,30,28C,0,23,M98,AB5767,1,23
2026-08-02T14:27:57.040Z,deep_scan,20260802112912_1A-4-7-8-17-28C,30,28C,0,8,M151,AB4355,0,27
2026-08-02T14:27:57.040Z,deep_scan,20260802112912_1A-4-7-8-17-28C,30,28C,0,18,M227,AB6214,1,19
2026-08-02T14:27:57.040Z,deep_scan,20260802112912_1A-4-7-8-17-28C,30,28C,0,23,M98,AB5767,1,9
2026-08-02T14:28:26.975Z,deep_scan,20260802112912_1A-4-7-8-17-28C,30,28C,0,9,M150,AB4355,1,18
2026-08-02T14:28:26.975Z,deep_scan,20260802112912_1A-4-7-8-17-28C,30,28C,0,18,M227,AB6214,1,19
2026-08-02T14:28:26.975Z,deep_scan,20260802112912_1A-4-7-8-17-28C,30,28C,0,23,M98,AB5767,1,12
2026-08-02T14:28:57.038Z,deep_scan,20260802112912_1A-4-7-8-17-28C,30,28C,0,9,M150,AB4355,1,14
2026-08-02T14:28:57.038Z,deep_scan,20260802112912_1A-4-7-8-17-28C,30,28C,0,18,M227,AB6214,1,2
2026-08-02T14:28:57.038Z,deep_scan,20260802112912_1A-4-7-8-17-28C,30,28C,0,23,M98,AB5767,0,38
2026-08-02T14:29:26.985Z,deep_scan,20260802112912_1A-4-7-8-17-28C,30,28C,0,9,M150,AB4355,0,15
2026-08-02T14:29:26.985Z,deep_scan,20260802112912_1A-4-7-8-17-28C,30,28C,0,18,M227,AB6214,0,8
2026-08-02T14:29:26.985Z,deep_scan,20260802112912_1A-4-7-8-17-28C,30,28C,0,24,M88,AB5767,1,4
2026-08-02T14:29:57.105Z,deep_scan,20260802112912_1A-4-7-8-17-28C,30,28C,0,10,M148,AB4355,1,18
2026-08-02T14:29:57.105Z,deep_scan,20260802112912_1A-4-7-8-17-28C,30,28C,0,19,M244,AB6214,1,17
2026-08-02T14:29:57.105Z,deep_scan,20260802112912_1A-4-7-8-17-28C,30,28C,0,24,M88,AB5767,1,17
2026-08-02T14:30:27.007Z,deep_scan,20260802112912_1A-4-7-8-17-28C,30,28C,0,10,M148,AB4355,1,18
2026-08-02T14:30:27.007Z,deep_scan,20260802112912_1A-4-7-8-17-28C,30,28C,0,19,M244,AB6214,1,24
2026-08-02T14:30:27.007Z,deep_scan,20260802112912_1A-4-7-8-17-28C,30,28C,0,24,M88,AB5767,1,17
2026-08-02T14:30:57.107Z,deep_scan,20260802112912_1A-4-7-8-17-28C,30,28C,0,10,M148,AB4355,0,29
2026-08-02T14:30:57.107Z,deep_scan,20260802112912_1A-4-7-8-17-28C,30,28C,0,19,M244,AB6214,1,24
2026-08-02T14:30:57.107Z,deep_scan,20260802112912_1A-4-7-8-17-28C,30,28C,0,24,M88,AB5767,0,17
2026-08-02T14:31:27.036Z,deep_scan,20260802112912_1A-4-7-8-17-28C,30,28C,0,10,M148,AB4355,0,29
2026-08-02T14:31:27.036Z,deep_scan,20260802112912_1A-4-7-8-17-28C,30,28C,0,19,M244,AB6214,0,24
2026-08-02T14:31:27.036Z,deep_scan,20260802112912_1A-4-7-8-17-28C,30,28C,0,24,M88,AB5767,0,29
2026-08-02T14:31:57.097Z,deep_scan,20260802112912_1A-4-7-8-17-28C,30,28C,0,10,M148,AB4355,0,20
2026-08-02T14:31:57.097Z,deep_scan,20260802112912_1A-4-7-8-17-28C,30,28C,0,20,M216,AB6214,1,40
2026-08-02T14:31:57.097Z,deep_scan,20260802112912_1A-4-7-8-17-28C,30,28C,0,24,M88,AB5767,0,3
2026-08-02T14:32:27.065Z,deep_scan,20260802112912_1A-4-7-8-17-28C,30,28C,0,11,M76/1,AB4355,1,11
2026-08-02T14:32:27.065Z,deep_scan,20260802112912_1A-4-7-8-17-28C,30,28C,0,20,M216,AB6214,1,21
2026-08-02T14:32:27.065Z,deep_scan,20260802112912_1A-4-7-8-17-28C,30,28C,0,25,M72,AB5767,1,27
2026-08-02T14:32:57.105Z,deep_scan,20260802112912_1A-4-7-8-17-28C,30,28C,0,11,M76/1,AB4355,1,4
2026-08-02T14:32:57.105Z,deep_scan,20260802112912_1A-4-7-8-17-28C,30,28C,0,20,M216,AB6214,0,9
2026-08-02T14:32:57.105Z,deep_scan,20260802112912_1A-4-7-8-17-28C,30,28C,0,25,M72,AB5767,0,30
2026-08-02T14:33:27.073Z,deep_scan,20260802112912_1A-4-7-8-17-28C,30,28C,0,0,M62/3,AB5457,1,7
2026-08-02T14:33:27.073Z,deep_scan,20260802112912_1A-4-7-8-17-28C,30,28C,0,11,M76/1,AB4355,0,18
2026-08-02T14:33:27.073Z,deep_scan,20260802112912_1A-4-7-8-17-28C,30,28C,0,20,M216,AB6214,0,45
2026-08-02T14:33:27.073Z,deep_scan,20260802112912_1A-4-7-8-17-28C,30,28C,0,26,M149,AB5767,0,17
2026-08-02T14:33:57.128Z,deep_scan,20260802112912_1A-4-7-8-17-28C,30,28C,0,0,M62/3,AB5457,1,3
2026-08-02T14:33:57.128Z,deep_scan,20260802112912_1A-4-7-8-17-28C,30,28C,0,12,M84/1,AB4355,1,21
2026-08-02T14:33:57.128Z,deep_scan,20260802112912_1A-4-7-8-17-28C,30,28C,0,20,M216,AB6214,0,6
2026-08-02T14:33:57.128Z,deep_scan,20260802112912_1A-4-7-8-17-28C,30,28C,0,26,M149,AB5767,0,23
2026-08-02T14:34:27.138Z,deep_scan,20260802112912_1A-4-7-8-17-28C,30,28C,0,0,M62/3,AB5457,0,22
2026-08-02T14:34:27.138Z,deep_scan,20260802112912_1A-4-7-8-17-28C,30,28C,0,12,M84/1,AB4355,1,10
2026-08-02T14:34:27.138Z,deep_scan,20260802112912_1A-4-7-8-17-28C,30,28C,0,21,M225,AB6214,1,20
2026-08-02T14:34:27.138Z,deep_scan,20260802112912_1A-4-7-8-17-28C,30,28C,0,27,M145/2,AB5767,1,10
2026-08-02T14:34:57.127Z,deep_scan,20260802112912_1A-4-7-8-17-28C,30,28C,0,1,M117,AB5457,1,36
2026-08-02T14:34:57.127Z,deep_scan,20260802112912_1A-4-7-8-17-28C,30,28C,0,12,M84/1,AB4355,0,12
2026-08-02T14:34:57.127Z,deep_scan,20260802112912_1A-4-7-8-17-28C,30,28C,0,21,M225,AB6214,1,20
2026-08-02T14:34:57.127Z,deep_scan,20260802112912_1A-4-7-8-17-28C,30,28C,0,28,M165,AB5767,1,32
2026-08-02T14:35:27.106Z,deep_scan,20260802112912_1A-4-7-8-17-28C,30,28C,0,1,M117,AB5457,0,36
2026-08-02T14:35:27.106Z,deep_scan,20260802112912_1A-4-7-8-17-28C,30,28C,0,12,M84/1,AB4355,0,12
2026-08-02T14:35:27.106Z,deep_scan,20260802112912_1A-4-7-8-17-28C,30,28C,0,21,M225,AB6214,1,2
2026-08-02T14:35:27.106Z,deep_scan,20260802112912_1A-4-7-8-17-28C,30,28C,0,28,M165,AB5767,0,15
2026-08-02T14:35:57.222Z,deep_scan,20260802112912_1A-4-7-8-17-28C,30,28C,0,2,M241,AB5457,0,37
2026-08-02T14:35:57.222Z,deep_scan,20260802112912_1A-4-7-8-17-28C,30,28C,0,12,M84/1,AB4355,0,12
2026-08-02T14:35:57.222Z,deep_scan,20260802112912_1A-4-7-8-17-28C,30,28C,0,21,M225,AB6214,1,15
2026-08-02T14:35:57.222Z,deep_scan,20260802112912_1A-4-7-8-17-28C,30,28C,0,29,M163,AB5767,1,3
2026-08-02T14:36:27.114Z,deep_scan,20260802112912_1A-4-7-8-17-28C,30,28C,0,3,M71,AB5457,1,2
2026-08-02T14:36:27.114Z,deep_scan,20260802112912_1A-4-7-8-17-28C,30,28C,0,13,M92,AB4355,1,21
2026-08-02T14:36:27.114Z,deep_scan,20260802112912_1A-4-7-8-17-28C,30,28C,0,21,M225,AB6214,0,25
2026-08-02T14:36:27.114Z,deep_scan,20260802112912_1A-4-7-8-17-28C,30,28C,0,29,M163,AB5767,0,18
2026-08-02T14:36:57.183Z,deep_scan,20260802112912_1A-4-7-8-17-28C,30,28C,0,3,M71,AB5457,0,26
2026-08-02T14:36:57.183Z,deep_scan,20260802112912_1A-4-7-8-17-28C,30,28C,0,13,M92,AB4355,1,3
2026-08-02T14:36:57.183Z,deep_scan,20260802112912_1A-4-7-8-17-28C,30,28C,0,21,M225,AB6214,0,30
2026-08-02T14:36:57.183Z,deep_scan,20260802112912_1A-4-7-8-17-28C,30,28C,0,30,M160/2,AB5767,1,3
2026-08-02T14:37:27.142Z,deep_scan,20260802112912_1A-4-7-8-17-28C,30,28C,0,4,M155,AB5457,1,14
2026-08-02T14:37:27.142Z,deep_scan,20260802112912_1A-4-7-8-17-28C,30,28C,0,13,M92,AB4355,0,25
2026-08-02T14:37:27.142Z,deep_scan,20260802112912_1A-4-7-8-17-28C,30,28C,0,21,M225,AB6214,0,30
2026-08-02T14:37:27.142Z,deep_scan,20260802112912_1A-4-7-8-17-28C,30,28C,0,30,M160/2,AB5767,1,24
2026-08-02T14:37:57.161Z,deep_scan,20260802112912_1A-4-7-8-17-28C,30,28C,0,4,M155,AB5457,0,29
2026-08-02T14:37:57.161Z,deep_scan,20260802112912_1A-4-7-8-17-28C,30,28C,0,13,M92,AB4355,0,25
2026-08-02T14:37:57.161Z,deep_scan,20260802112912_1A-4-7-8-17-28C,30,28C,0,21,M225,AB6214,0,18
2026-08-02T14:37:57.161Z,deep_scan,20260802112912_1A-4-7-8-17-28C,30,28C,0,31,M158/1,AB5767,1,10
2026-08-02T14:38:27.150Z,deep_scan,20260802112912_1A-4-7-8-17-28C,30,28C,0,5,M157,AB5457,1,38
2026-08-02T14:38:27.150Z,deep_scan,20260802112912_1A-4-7-8-17-28C,30,28C,0,13,M92,AB4355,0,25
2026-08-02T14:38:27.150Z,deep_scan,20260802112912_1A-4-7-8-17-28C,30,28C,0,21,M225,AB6214,0,44
2026-08-02T14:38:27.150Z,deep_scan,20260802112912_1A-4-7-8-17-28C,30,28C,0,31,M158/1,AB5767,1,15
2026-08-02T14:38:57.151Z,deep_scan,20260802112912_1A-4-7-8-17-28C,30,28C,0,5,M157,AB5457,0,30
2026-08-02T14:38:57.151Z,deep_scan,20260802112912_1A-4-7-8-17-28C,30,28C,0,13,M92,AB4355,0,17
2026-08-02T14:38:57.151Z,deep_scan,20260802112912_1A-4-7-8-17-28C,30,28C,0,22,M16/2,AB6214,1,41
2026-08-02T14:38:57.151Z,deep_scan,20260802112912_1A-4-7-8-17-28C,30,28C,0,32,M161,AB5767,1,6
2026-08-02T14:39:27.230Z,deep_scan,20260802112912_1A-4-7-8-17-28C,30,28C,0,6,M163,AB5457,1,16
2026-08-02T14:39:27.230Z,deep_scan,20260802112912_1A-4-7-8-17-28C,30,28C,0,14,M104,AB4355,0,33
2026-08-02T14:39:27.230Z,deep_scan,20260802112912_1A-4-7-8-17-28C,30,28C,0,22,M16/2,AB6214,1,10
2026-08-02T14:39:27.230Z,deep_scan,20260802112912_1A-4-7-8-17-28C,30,28C,0,32,M161,AB5767,1,3
2026-08-02T14:39:57.172Z,deep_scan,20260802112912_1A-4-7-8-17-28C,30,28C,0,6,M163,AB5457,0,10
2026-08-02T14:39:57.172Z,deep_scan,20260802112912_1A-4-7-8-17-28C,30,28C,0,14,M104,AB4355,0,31
2026-08-02T14:39:57.172Z,deep_scan,20260802112912_1A-4-7-8-17-28C,30,28C,0,22,M16/2,AB6214,1,10
2026-08-02T14:39:57.172Z,deep_scan,20260802112912_1A-4-7-8-17-28C,30,28C,0,33,M70,AB5767,1,26
2026-08-02T14:40:27.171Z,deep_scan,20260802112912_1A-4-7-8-17-28C,30,28C,0,7,M164,AB5457,0,46
2026-08-02T14:40:27.171Z,deep_scan,20260802112912_1A-4-7-8-17-28C,30,28C,0,15,M43,AB4355,1,18
2026-08-02T14:40:27.171Z,deep_scan,20260802112912_1A-4-7-8-17-28C,30,28C,0,22,M16/2,AB6214,0,27
2026-08-02T14:40:27.171Z,deep_scan,20260802112912_1A-4-7-8-17-28C,30,28C,0,33,M70,AB5767,0,38
2026-08-02T14:40:57.198Z,deep_scan,20260802112912_1A-4-7-8-17-28C,30,28C,0,8,M151,AB5457,1,22
2026-08-02T14:40:57.198Z,deep_scan,20260802112912_1A-4-7-8-17-28C,30,28C,0,15,M43,AB4355,0,30
2026-08-02T14:40:57.198Z,deep_scan,20260802112912_1A-4-7-8-17-28C,30,28C,0,23,M98,AB6214,1,38
2026-08-02T14:40:57.198Z,deep_scan,20260802112912_1A-4-7-8-17-28C,30,28C,0,34,M118,AB5767,1,8
2026-08-02T14:41:27.202Z,deep_scan,20260802112912_1A-4-7-8-17-28C,30,28C,0,8,M151,AB5457,0,32
2026-08-02T14:41:27.202Z,deep_scan,20260802112912_1A-4-7-8-17-28C,30,28C,0,16,M40,AB4355,1,17
2026-08-02T14:41:27.202Z,deep_scan,20260802112912_1A-4-7-8-17-28C,30,28C,0,23,M98,AB6214,1,38
2026-08-02T14:41:27.202Z,deep_scan,20260802112912_1A-4-7-8-17-28C,30,28C,0,34,M118,AB5767,1,8
2026-08-02T14:41:57.218Z,deep_scan,20260802112912_1A-4-7-8-17-28C,30,28C,0,9,M150,AB5457,1,8
2026-08-02T14:41:57.218Z,deep_scan,20260802112912_1A-4-7-8-17-28C,30,28C,0,16,M40,AB4355,1,10
2026-08-02T14:41:57.218Z,deep_scan,20260802112912_1A-4-7-8-17-28C,30,28C,0,23,M98,AB6214,1,38
2026-08-02T14:41:57.218Z,deep_scan,20260802112912_1A-4-7-8-17-28C,30,28C,0,34,M118,AB5767,1,15
2026-08-02T14:42:27.195Z,deep_scan,20260802112912_1A-4-7-8-17-28C,30,28C,0,9,M150,AB5457,1,11
2026-08-02T14:42:27.195Z,deep_scan,20260802112912_1A-4-7-8-17-28C,30,28C,0,16,M40,AB4355,0,15
2026-08-02T14:42:27.195Z,deep_scan,20260802112912_1A-4-7-8-17-28C,30,28C,0,23,M98,AB6214,1,18
2026-08-02T14:42:27.195Z,deep_scan,20260802112912_1A-4-7-8-17-28C,30,28C,0,34,M118,AB5767,0,21
2026-08-02T14:42:57.242Z,deep_scan,20260802112912_1A-4-7-8-17-28C,30,28C,0,9,M150,AB5457,0,8
2026-08-02T14:42:57.242Z,deep_scan,20260802112912_1A-4-7-8-17-28C,30,28C,0,16,M40,AB4355,0,15
2026-08-02T14:42:57.242Z,deep_scan,20260802112912_1A-4-7-8-17-28C,30,28C,0,23,M98,AB6214,1,12
2026-08-02T14:42:57.242Z,deep_scan,20260802112912_1A-4-7-8-17-28C,30,28C,0,35,M62/3,AB5767,1,0
2026-08-02T14:43:27.202Z,deep_scan,20260802112912_1A-4-7-8-17-28C,30,28C,0,10,M148,AB5457,1,15
2026-08-02T14:43:27.202Z,deep_scan,20260802112912_1A-4-7-8-17-28C,30,28C,0,16,M40,AB4355,0,33
2026-08-02T14:43:27.202Z,deep_scan,20260802112912_1A-4-7-8-17-28C,30,28C,0,24,M88,AB6214,1,4
2026-08-02T14:43:27.202Z,deep_scan,20260802112912_1A-4-7-8-17-28C,30,28C,0,35,M62/3,AB5767,1,0
2026-08-02T14:43:57.285Z,deep_scan,20260802112912_1A-4-7-8-17-28C,30,28C,0,10,M148,AB5457,0,17
2026-08-02T14:43:57.285Z,deep_scan,20260802112912_1A-4-7-8-17-28C,30,28C,0,17,M28/2,AB4355,1,25
2026-08-02T14:43:57.285Z,deep_scan,20260802112912_1A-4-7-8-17-28C,30,28C,0,24,M88,AB6214,1,4
2026-08-02T14:43:57.285Z,deep_scan,20260802112912_1A-4-7-8-17-28C,30,28C,0,35,M62/3,AB5767,1,0
2026-08-02T14:44:27.236Z,deep_scan,20260802112912_1A-4-7-8-17-28C,30,28C,0,10,M148,AB5457,0,15
2026-08-02T14:44:27.236Z,deep_scan,20260802112912_1A-4-7-8-17-28C,30,28C,0,17,M28/2,AB4355,0,19
2026-08-02T14:44:27.236Z,deep_scan,20260802112912_1A-4-7-8-17-28C,30,28C,0,24,M88,AB6214,1,4
2026-08-02T14:44:27.236Z,deep_scan,20260802112912_1A-4-7-8-17-28C,30,28C,0,35,M62/3,AB5767,1,0
2026-08-02T14:44:57.275Z,deep_scan,20260802112912_1A-4-7-8-17-28C,30,28C,0,10,M148,AB5457,0,25
2026-08-02T14:44:57.275Z,deep_scan,20260802112912_1A-4-7-8-17-28C,30,28C,0,17,M28/2,AB4355,0,20
2026-08-02T14:44:57.275Z,deep_scan,20260802112912_1A-4-7-8-17-28C,30,28C,0,24,M88,AB6214,1,12
2026-08-02T14:44:57.275Z,deep_scan,20260802112912_1A-4-7-8-17-28C,30,28C,0,35,M62/3,AB5767,1,0
2026-08-02T14:45:27.245Z,deep_scan,20260802112912_1A-4-7-8-17-28C,30,28C,0,11,M76/1,AB5457,1,34
2026-08-02T14:45:27.245Z,deep_scan,20260802112912_1A-4-7-8-17-28C,30,28C,0,17,M28/2,AB4355,0,26
2026-08-02T14:45:27.245Z,deep_scan,20260802112912_1A-4-7-8-17-28C,30,28C,0,24,M88,AB6214,0,30
2026-08-02T14:45:27.245Z,deep_scan,20260802112912_1A-4-7-8-17-28C,30,28C,0,35,M62/3,AB5767,1,0
2026-08-02T14:45:57.267Z,deep_scan,20260802112912_1A-4-7-8-17-28C,30,28C,0,11,M76/1,AB5457,1,24
2026-08-02T14:45:57.267Z,deep_scan,20260802112912_1A-4-7-8-17-28C,30,28C,0,18,M227,AB4355,1,13
2026-08-02T14:45:57.267Z,deep_scan,20260802112912_1A-4-7-8-17-28C,30,28C,0,24,M88,AB6214,0,9
2026-08-02T14:45:57.267Z,deep_scan,20260802112912_1A-4-7-8-17-28C,30,28C,0,35,M62/3,AB5767,1,0
2026-08-02T14:46:27.266Z,deep_scan,20260802112912_1A-4-7-8-17-28C,30,28C,0,11,M76/1,AB5457,0,1
2026-08-02T14:46:27.266Z,deep_scan,20260802112912_1A-4-7-8-17-28C,30,28C,0,18,M227,AB4355,0,32
2026-08-02T14:46:27.266Z,deep_scan,20260802112912_1A-4-7-8-17-28C,30,28C,0,24,M88,AB6214,0,19
2026-08-02T14:46:27.266Z,deep_scan,20260802112912_1A-4-7-8-17-28C,30,28C,0,35,M62/3,AB5767,1,0
2026-08-02T14:46:57.225Z,deep_scan,20260802112912_1A-4-7-8-17-28C,30,28C,0,11,M76/1,AB5457,0,5
2026-08-02T14:46:57.225Z,deep_scan,20260802112912_1A-4-7-8-17-28C,30,28C,0,19,M244,AB4355,1,10
2026-08-02T14:46:57.225Z,deep_scan,20260802112912_1A-4-7-8-17-28C,30,28C,0,24,M88,AB6214,0,23
2026-08-02T14:46:57.225Z,deep_scan,20260802112912_1A-4-7-8-17-28C,30,28C,0,35,M62/3,AB5767,1,0
2026-08-02T14:47:27.219Z,deep_scan,20260802112912_1A-4-7-8-17-28C,30,28C,0,12,M84/1,AB5457,1,21
2026-08-02T14:47:27.219Z,deep_scan,20260802112912_1A-4-7-8-17-28C,30,28C,0,19,M244,AB4355,1,2
2026-08-02T14:47:27.219Z,deep_scan,20260802112912_1A-4-7-8-17-28C,30,28C,0,24,M88,AB6214,0,23
2026-08-02T14:47:57.258Z,deep_scan,20260802112912_1A-4-7-8-17-28C,30,28C,0,12,M84/1,AB5457,1,12
2026-08-02T14:47:57.258Z,deep_scan,20260802112912_1A-4-7-8-17-28C,30,28C,0,19,M244,AB4355,0,17
2026-08-02T14:47:57.258Z,deep_scan,20260802112912_1A-4-7-8-17-28C,30,28C,0,24,M88,AB6214,0,19
2026-08-02T14:48:27.289Z,deep_scan,20260802112912_1A-4-7-8-17-28C,30,28C,0,0,M62/3,AB5767,0,17
2026-08-02T14:48:27.289Z,deep_scan,20260802112912_1A-4-7-8-17-28C,30,28C,0,12,M84/1,AB5457,0,27
2026-08-02T14:48:27.289Z,deep_scan,20260802112912_1A-4-7-8-17-28C,30,28C,0,20,M216,AB4355,1,43
2026-08-02T14:48:27.289Z,deep_scan,20260802112912_1A-4-7-8-17-28C,30,28C,0,25,M72,AB6214,1,22
2026-08-02T14:48:57.289Z,deep_scan,20260802112912_1A-4-7-8-17-28C,30,28C,0,0,M62/3,AB5767,0,39
2026-08-02T14:48:57.289Z,deep_scan,20260802112912_1A-4-7-8-17-28C,30,28C,0,12,M84/1,AB5457,0,27
2026-08-02T14:48:57.289Z,deep_scan,20260802112912_1A-4-7-8-17-28C,30,28C,0,20,M216,AB4355,1,24
2026-08-02T14:48:57.289Z,deep_scan,20260802112912_1A-4-7-8-17-28C,30,28C,0,25,M72,AB6214,1,3
2026-08-02T14:49:27.272Z,deep_scan,20260802112912_1A-4-7-8-17-28C,30,28C,0,1,M117,AB5767,0,29
2026-08-02T14:49:27.272Z,deep_scan,20260802112912_1A-4-7-8-17-28C,30,28C,0,12,M84/1,AB5457,0,27
2026-08-02T14:49:27.272Z,deep_scan,20260802112912_1A-4-7-8-17-28C,30,28C,0,20,M216,AB4355,0,49
2026-08-02T14:49:27.272Z,deep_scan,20260802112912_1A-4-7-8-17-28C,30,28C,0,26,M149,AB6214,1,24
2026-08-02T14:49:57.254Z,deep_scan,20260802112912_1A-4-7-8-17-28C,30,28C,0,2,M241,AB5767,1,25
2026-08-02T14:49:57.254Z,deep_scan,20260802112912_1A-4-7-8-17-28C,30,28C,0,12,M84/1,AB5457,0,27
2026-08-02T14:49:57.254Z,deep_scan,20260802112912_1A-4-7-8-17-28C,30,28C,0,20,M216,AB4355,0,27
2026-08-02T14:49:57.254Z,deep_scan,20260802112912_1A-4-7-8-17-28C,30,28C,0,26,M149,AB6214,0,25
2026-08-02T14:50:27.312Z,deep_scan,20260802112912_1A-4-7-8-17-28C,30,28C,0,2,M241,AB5767,0,4
2026-08-02T14:50:27.312Z,deep_scan,20260802112912_1A-4-7-8-17-28C,30,28C,0,13,M92,AB5457,0,23
2026-08-02T14:50:27.312Z,deep_scan,20260802112912_1A-4-7-8-17-28C,30,28C,0,21,M225,AB4355,1,22
2026-08-02T14:50:27.312Z,deep_scan,20260802112912_1A-4-7-8-17-28C,30,28C,0,27,M145/2,AB6214,1,22
2026-08-02T14:50:57.325Z,deep_scan,20260802112912_1A-4-7-8-17-28C,30,28C,0,3,M71,AB5767,0,24
2026-08-02T14:50:57.325Z,deep_scan,20260802112912_1A-4-7-8-17-28C,30,28C,0,13,M92,AB5457,0,24
2026-08-02T14:50:57.325Z,deep_scan,20260802112912_1A-4-7-8-17-28C,30,28C,0,21,M225,AB4355,1,18
2026-08-02T14:50:57.325Z,deep_scan,20260802112912_1A-4-7-8-17-28C,30,28C,0,27,M145/2,AB6214,1,23
2026-08-02T14:51:27.295Z,deep_scan,20260802112912_1A-4-7-8-17-28C,30,28C,0,4,M155,AB5767,1,27
2026-08-02T14:51:27.295Z,deep_scan,20260802112912_1A-4-7-8-17-28C,30,28C,0,13,M92,AB5457,0,4
2026-08-02T14:51:27.295Z,deep_scan,20260802112912_1A-4-7-8-17-28C,30,28C,0,21,M225,AB4355,1,18
2026-08-02T14:51:27.295Z,deep_scan,20260802112912_1A-4-7-8-17-28C,30,28C,0,28,M165,AB6214,1,23
2026-08-02T14:51:57.328Z,deep_scan,20260802112912_1A-4-7-8-17-28C,30,28C,0,4,M155,AB5767,1,17
2026-08-02T14:51:57.328Z,deep_scan,20260802112912_1A-4-7-8-17-28C,30,28C,0,14,M104,AB5457,1,22
2026-08-02T14:51:57.328Z,deep_scan,20260802112912_1A-4-7-8-17-28C,30,28C,0,21,M225,AB4355,0,28
2026-08-02T14:51:57.328Z,deep_scan,20260802112912_1A-4-7-8-17-28C,30,28C,0,28,M165,AB6214,0,22
2026-08-02T14:52:27.337Z,deep_scan,20260802112912_1A-4-7-8-17-28C,30,28C,0,4,M155,AB5767,0,19
2026-08-02T14:52:27.337Z,deep_scan,20260802112912_1A-4-7-8-17-28C,30,28C,0,14,M104,AB5457,0,20
2026-08-02T14:52:27.337Z,deep_scan,20260802112912_1A-4-7-8-17-28C,30,28C,0,21,M225,AB4355,0,32
2026-08-02T14:52:27.337Z,deep_scan,20260802112912_1A-4-7-8-17-28C,30,28C,0,29,M163,AB6214,1,12
2026-08-02T14:52:57.371Z,deep_scan,20260802112912_1A-4-7-8-17-28C,30,28C,0,5,M157,AB5767,1,2
2026-08-02T14:52:57.371Z,deep_scan,20260802112912_1A-4-7-8-17-28C,30,28C,0,14,M104,AB5457,0,2
2026-08-02T14:52:57.371Z,deep_scan,20260802112912_1A-4-7-8-17-28C,30,28C,0,21,M225,AB4355,0,30
2026-08-02T14:52:57.371Z,deep_scan,20260802112912_1A-4-7-8-17-28C,30,28C,0,29,M163,AB6214,0,17
2026-08-02T14:53:27.343Z,deep_scan,20260802112912_1A-4-7-8-17-28C,30,28C,0,5,M157,AB5767,1,2
2026-08-02T14:53:27.343Z,deep_scan,20260802112912_1A-4-7-8-17-28C,30,28C,0,15,M43,AB5457,1,19
2026-08-02T14:53:27.343Z,deep_scan,20260802112912_1A-4-7-8-17-28C,30,28C,0,21,M225,AB4355,0,22
2026-08-02T14:53:27.343Z,deep_scan,20260802112912_1A-4-7-8-17-28C,30,28C,0,30,M160/2,AB6214,1,30
2026-08-02T14:53:57.369Z,deep_scan,20260802112912_1A-4-7-8-17-28C,30,28C,0,6,M163,AB5767,1,31
2026-08-02T14:53:57.369Z,deep_scan,20260802112912_1A-4-7-8-17-28C,30,28C,0,15,M43,AB5457,0,17
2026-08-02T14:53:57.369Z,deep_scan,20260802112912_1A-4-7-8-17-28C,30,28C,0,22,M16/2,AB4355,1,34
2026-08-02T14:53:57.369Z,deep_scan,20260802112912_1A-4-7-8-17-28C,30,28C,0,30,M160/2,AB6214,1,22
2026-08-02T14:54:27.326Z,deep_scan,20260802112912_1A-4-7-8-17-28C,30,28C,0,6,M163,AB5767,1,9
2026-08-02T14:54:27.326Z,deep_scan,20260802112912_1A-4-7-8-17-28C,30,28C,0,16,M40,AB5457,1,10
2026-08-02T14:54:27.326Z,deep_scan,20260802112912_1A-4-7-8-17-28C,30,28C,0,22,M16/2,AB4355,1,2
2026-08-02T14:54:27.326Z,deep_scan,20260802112912_1A-4-7-8-17-28C,30,28C,0,31,M158/1,AB6214,1,1
2026-08-02T14:54:57.397Z,deep_scan,20260802112912_1A-4-7-8-17-28C,30,28C,0,7,M164,AB5767,1,30
2026-08-02T14:54:57.397Z,deep_scan,20260802112912_1A-4-7-8-17-28C,30,28C,0,16,M40,AB5457,0,9
2026-08-02T14:54:57.397Z,deep_scan,20260802112912_1A-4-7-8-17-28C,30,28C,0,22,M16/2,AB4355,1,2
2026-08-02T14:54:57.397Z,deep_scan,20260802112912_1A-4-7-8-17-28C,30,28C,0,31,M158/1,AB6214,0,14
2026-08-02T14:55:27.359Z,deep_scan,20260802112912_1A-4-7-8-17-28C,30,28C,0,8,M151,AB5767,1,36
2026-08-02T14:55:27.359Z,deep_scan,20260802112912_1A-4-7-8-17-28C,30,28C,0,16,M40,AB5457,0,32
2026-08-02T14:55:27.359Z,deep_scan,20260802112912_1A-4-7-8-17-28C,30,28C,0,22,M16/2,AB4355,1,2
2026-08-02T14:55:27.359Z,deep_scan,20260802112912_1A-4-7-8-17-28C,30,28C,0,31,M158/1,AB6214,0,3
2026-08-02T14:55:57.375Z,deep_scan,20260802112912_1A-4-7-8-17-28C,30,28C,0,8,M151,AB5767,0,2
2026-08-02T14:55:57.375Z,deep_scan,20260802112912_1A-4-7-8-17-28C,30,28C,0,17,M28/2,AB5457,0,4
2026-08-02T14:55:57.375Z,deep_scan,20260802112912_1A-4-7-8-17-28C,30,28C,0,22,M16/2,AB4355,0,23
2026-08-02T14:55:57.375Z,deep_scan,20260802112912_1A-4-7-8-17-28C,30,28C,0,32,M161,AB6214,1,25
2026-08-02T14:56:27.414Z,deep_scan,20260802112912_1A-4-7-8-17-28C,30,28C,0,8,M151,AB5767,0,20
2026-08-02T14:56:27.414Z,deep_scan,20260802112912_1A-4-7-8-17-28C,30,28C,0,17,M28/2,AB5457,0,4
2026-08-02T14:56:27.414Z,deep_scan,20260802112912_1A-4-7-8-17-28C,30,28C,0,22,M16/2,AB4355,0,2
2026-08-02T14:56:27.414Z,deep_scan,20260802112912_1A-4-7-8-17-28C,30,28C,0,32,M161,AB6214,0,23
2026-08-02T14:56:57.400Z,deep_scan,20260802112912_1A-4-7-8-17-28C,30,28C,0,9,M150,AB5767,1,28
2026-08-02T14:56:57.400Z,deep_scan,20260802112912_1A-4-7-8-17-28C,30,28C,0,17,M28/2,AB5457,0,18
2026-08-02T14:56:57.400Z,deep_scan,20260802112912_1A-4-7-8-17-28C,30,28C,0,23,M98,AB4355,1,28
2026-08-02T14:56:57.400Z,deep_scan,20260802112912_1A-4-7-8-17-28C,30,28C,0,33,M70,AB6214,0,33
2026-08-02T14:57:27.449Z,deep_scan,20260802112912_1A-4-7-8-17-28C,30,28C,0,9,M150,AB5767,0,15
2026-08-02T14:57:27.449Z,deep_scan,20260802112912_1A-4-7-8-17-28C,30,28C,0,18,M227,AB5457,1,33
2026-08-02T14:57:27.449Z,deep_scan,20260802112912_1A-4-7-8-17-28C,30,28C,0,23,M98,AB4355,1,28
2026-08-02T14:57:27.449Z,deep_scan,20260802112912_1A-4-7-8-17-28C,30,28C,0,34,M118,AB6214,1,6
2026-08-02T14:57:57.399Z,deep_scan,20260802112912_1A-4-7-8-17-28C,30,28C,0,10,M148,AB5767,1,4
2026-08-02T14:57:57.399Z,deep_scan,20260802112912_1A-4-7-8-17-28C,30,28C,0,18,M227,AB5457,0,39
2026-08-02T14:57:57.399Z,deep_scan,20260802112912_1A-4-7-8-17-28C,30,28C,0,23,M98,AB4355,0,26
2026-08-02T14:57:57.399Z,deep_scan,20260802112912_1A-4-7-8-17-28C,30,28C,0,34,M118,AB6214,1,12
2026-08-02T14:58:27.503Z,deep_scan,20260802112912_1A-4-7-8-17-28C,30,28C,0,10,M148,AB5767,0,15
2026-08-02T14:58:27.503Z,deep_scan,20260802112912_1A-4-7-8-17-28C,30,28C,0,18,M227,AB5457,0,4
2026-08-02T14:58:27.503Z,deep_scan,20260802112912_1A-4-7-8-17-28C,30,28C,0,24,M88,AB4355,1,29
2026-08-02T14:58:27.503Z,deep_scan,20260802112912_1A-4-7-8-17-28C,30,28C,0,35,M62/3,AB6214,1,0
2026-08-02T14:58:57.393Z,deep_scan,20260802112912_1A-4-7-8-17-28C,30,28C,0,10,M148,AB5767,0,7
2026-08-02T14:58:57.393Z,deep_scan,20260802112912_1A-4-7-8-17-28C,30,28C,0,19,M244,AB5457,1,9
2026-08-02T14:58:57.393Z,deep_scan,20260802112912_1A-4-7-8-17-28C,30,28C,0,24,M88,AB4355,0,31
2026-08-02T14:58:57.393Z,deep_scan,20260802112912_1A-4-7-8-17-28C,30,28C,0,35,M62/3,AB6214,1,0
2026-08-02T14:59:27.519Z,deep_scan,20260802112912_1A-4-7-8-17-28C,30,28C,0,10,M148,AB5767,0,35
2026-08-02T14:59:27.519Z,deep_scan,20260802112912_1A-4-7-8-17-28C,30,28C,0,19,M244,AB5457,1,11
2026-08-02T14:59:27.519Z,deep_scan,20260802112912_1A-4-7-8-17-28C,30,28C,0,24,M88,AB4355,0,31
2026-08-02T14:59:27.519Z,deep_scan,20260802112912_1A-4-7-8-17-28C,30,28C,0,35,M62/3,AB6214,1,0
2026-08-02T14:59:57.408Z,deep_scan,20260802112912_1A-4-7-8-17-28C,30,28C,0,10,M148,AB5767,0,31
2026-08-02T14:59:57.408Z,deep_scan,20260802112912_1A-4-7-8-17-28C,30,28C,0,19,M244,AB5457,0,24
2026-08-02T14:59:57.408Z,deep_scan,20260802112912_1A-4-7-8-17-28C,30,28C,0,24,M88,AB4355,0,28
2026-08-02T14:59:57.408Z,deep_scan,20260802112912_1A-4-7-8-17-28C,30,28C,0,35,M62/3,AB6214,1,0
2026-08-02T15:00:27.505Z,deep_scan,20260802112912_1A-4-7-8-17-28C,30,28C,0,11,M76/1,AB5767,1,27
2026-08-02T15:00:27.505Z,deep_scan,20260802112912_1A-4-7-8-17-28C,30,28C,0,19,M244,AB5457,0,4
2026-08-02T15:00:27.505Z,deep_scan,20260802112912_1A-4-7-8-17-28C,30,28C,0,24,M88,AB4355,0,13
2026-08-02T15:00:27.505Z,deep_scan,20260802112912_1A-4-7-8-17-28C,30,28C,0,35,M62/3,AB6214,1,0
2026-08-02T15:00:57.396Z,deep_scan,20260802112912_1A-4-7-8-17-28C,30,28C,0,11,M76/1,AB5767,0,29
2026-08-02T15:00:57.396Z,deep_scan,20260802112912_1A-4-7-8-17-28C,30,28C,0,19,M244,AB5457,0,4
2026-08-02T15:00:57.396Z,deep_scan,20260802112912_1A-4-7-8-17-28C,30,28C,0,25,M72,AB4355,1,26
2026-08-02T15:00:57.396Z,deep_scan,20260802112912_1A-4-7-8-17-28C,30,28C,0,35,M62/3,AB6214,1,0
2026-08-02T15:01:27.462Z,deep_scan,20260802112912_1A-4-7-8-17-28C,30,28C,0,12,M84/1,AB5767,1,16
2026-08-02T15:01:27.462Z,deep_scan,20260802112912_1A-4-7-8-17-28C,30,28C,0,20,M216,AB5457,1,39
2026-08-02T15:01:27.462Z,deep_scan,20260802112912_1A-4-7-8-17-28C,30,28C,0,26,M149,AB4355,1,21
2026-08-02T15:01:27.462Z,deep_scan,20260802112912_1A-4-7-8-17-28C,30,28C,0,35,M62/3,AB6214,1,0
2026-08-02T15:01:57.426Z,deep_scan,20260802112912_1A-4-7-8-17-28C,30,28C,0,12,M84/1,AB5767,1,16
2026-08-02T15:01:57.426Z,deep_scan,20260802112912_1A-4-7-8-17-28C,30,28C,0,20,M216,AB5457,0,24
2026-08-02T15:01:57.426Z,deep_scan,20260802112912_1A-4-7-8-17-28C,30,28C,0,26,M149,AB4355,0,16
2026-08-02T15:01:57.426Z,deep_scan,20260802112912_1A-4-7-8-17-28C,30,28C,0,35,M62/3,AB6214,1,0
2026-08-02T15:02:27.495Z,deep_scan,20260802112912_1A-4-7-8-17-28C,30,28C,0,0,M62/3,AB6214,1,20
2026-08-02T15:02:27.495Z,deep_scan,20260802112912_1A-4-7-8-17-28C,30,28C,0,12,M84/1,AB5767,0,5
2026-08-02T15:02:27.495Z,deep_scan,20260802112912_1A-4-7-8-17-28C,30,28C,0,20,M216,AB5457,0,16
2026-08-02T15:02:27.495Z,deep_scan,20260802112912_1A-4-7-8-17-28C,30,28C,0,26,M149,AB4355,0,16
2026-08-02T15:02:57.488Z,deep_scan,20260802112912_1A-4-7-8-17-28C,30,28C,0,0,M62/3,AB6214,1,20
2026-08-02T15:02:57.488Z,deep_scan,20260802112912_1A-4-7-8-17-28C,30,28C,0,12,M84/1,AB5767,0,1
2026-08-02T15:02:57.488Z,deep_scan,20260802112912_1A-4-7-8-17-28C,30,28C,0,20,M216,AB5457,0,2
2026-08-02T15:02:57.488Z,deep_scan,20260802112912_1A-4-7-8-17-28C,30,28C,0,27,M145/2,AB4355,1,9
2026-08-02T15:03:27.602Z,deep_scan,20260802112912_1A-4-7-8-17-28C,30,28C,0,0,M62/3,AB6214,1,20
2026-08-02T15:03:27.602Z,deep_scan,20260802112912_1A-4-7-8-17-28C,30,28C,0,12,M84/1,AB5767,0,1
2026-08-02T15:03:27.602Z,deep_scan,20260802112912_1A-4-7-8-17-28C,30,28C,0,21,M225,AB5457,1,21
2026-08-02T15:03:27.602Z,deep_scan,20260802112912_1A-4-7-8-17-28C,30,28C,0,27,M145/2,AB4355,0,24
2026-08-02T15:03:57.481Z,deep_scan,20260802112912_1A-4-7-8-17-28C,30,28C,0,0,M62/3,AB6214,1,6
2026-08-02T15:03:57.481Z,deep_scan,20260802112912_1A-4-7-8-17-28C,30,28C,0,13,M92,AB5767,1,17
2026-08-02T15:03:57.481Z,deep_scan,20260802112912_1A-4-7-8-17-28C,30,28C,0,21,M225,AB5457,1,8
2026-08-02T15:03:57.481Z,deep_scan,20260802112912_1A-4-7-8-17-28C,30,28C,0,28,M165,AB4355,1,12
2026-08-02T15:04:27.453Z,deep_scan,20260802112912_1A-4-7-8-17-28C,30,28C,0,0,M62/3,AB6214,0,11
2026-08-02T15:04:27.453Z,deep_scan,20260802112912_1A-4-7-8-17-28C,30,28C,0,13,M92,AB5767,0,2
2026-08-02T15:04:27.453Z,deep_scan,20260802112912_1A-4-7-8-17-28C,30,28C,0,21,M225,AB5457,1,1
2026-08-02T15:04:27.453Z,deep_scan,20260802112912_1A-4-7-8-17-28C,30,28C,0,28,M165,AB4355,0,5
2026-08-02T15:04:57.568Z,deep_scan,20260802112912_1A-4-7-8-17-28C,30,28C,0,0,M62/3,AB6214,0,9
2026-08-02T15:04:57.568Z,deep_scan,20260802112912_1A-4-7-8-17-28C,30,28C,0,13,M92,AB5767,0,11
2026-08-02T15:04:57.568Z,deep_scan,20260802112912_1A-4-7-8-17-28C,30,28C,0,21,M225,AB5457,0,20
2026-08-02T15:04:57.568Z,deep_scan,20260802112912_1A-4-7-8-17-28C,30,28C,0,29,M163,AB4355,1,4
2026-08-02T15:05:27.484Z,deep_scan,20260802112912_1A-4-7-8-17-28C,30,28C,0,0,M62/3,AB6214,0,36
2026-08-02T15:05:27.484Z,deep_scan,20260802112912_1A-4-7-8-17-28C,30,28C,0,13,M92,AB5767,0,20
2026-08-02T15:05:27.484Z,deep_scan,20260802112912_1A-4-7-8-17-28C,30,28C,0,21,M225,AB5457,0,22
2026-08-02T15:05:27.484Z,deep_scan,20260802112912_1A-4-7-8-17-28C,30,28C,0,29,M163,AB4355,1,7
2026-08-02T15:05:57.516Z,deep_scan,20260802112912_1A-4-7-8-17-28C,30,28C,0,1,M117,AB6214,1,36
2026-08-02T15:05:57.516Z,deep_scan,20260802112912_1A-4-7-8-17-28C,30,28C,0,14,M104,AB5767,1,2
2026-08-02T15:05:57.516Z,deep_scan,20260802112912_1A-4-7-8-17-28C,30,28C,0,21,M225,AB5457,0,33
2026-08-02T15:05:57.516Z,deep_scan,20260802112912_1A-4-7-8-17-28C,30,28C,0,29,M163,AB4355,0,8
2026-08-02T15:06:27.529Z,deep_scan,20260802112912_1A-4-7-8-17-28C,30,28C,0,1,M117,AB6214,0,23
2026-08-02T15:06:27.529Z,deep_scan,20260802112912_1A-4-7-8-17-28C,30,28C,0,14,M104,AB5767,0,26
2026-08-02T15:06:27.529Z,deep_scan,20260802112912_1A-4-7-8-17-28C,30,28C,0,22,M16/2,AB5457,1,14
2026-08-02T15:06:27.529Z,deep_scan,20260802112912_1A-4-7-8-17-28C,30,28C,0,30,M160/2,AB4355,1,18
2026-08-02T15:06:57.542Z,deep_scan,20260802112912_1A-4-7-8-17-28C,30,28C,0,2,M241,AB6214,1,15
2026-08-02T15:06:57.542Z,deep_scan,20260802112912_1A-4-7-8-17-28C,30,28C,0,15,M43,AB5767,1,29
2026-08-02T15:06:57.542Z,deep_scan,20260802112912_1A-4-7-8-17-28C,30,28C,0,22,M16/2,AB5457,1,26
2026-08-02T15:06:57.542Z,deep_scan,20260802112912_1A-4-7-8-17-28C,30,28C,0,30,M160/2,AB4355,0,22
2026-08-02T15:07:27.517Z,deep_scan,20260802112912_1A-4-7-8-17-28C,30,28C,0,3,M71,AB6214,1,15
2026-08-02T15:07:27.517Z,deep_scan,20260802112912_1A-4-7-8-17-28C,30,28C,0,15,M43,AB5767,0,32
2026-08-02T15:07:27.517Z,deep_scan,20260802112912_1A-4-7-8-17-28C,30,28C,0,22,M16/2,AB5457,1,4
2026-08-02T15:07:27.517Z,deep_scan,20260802112912_1A-4-7-8-17-28C,30,28C,0,31,M158/1,AB4355,1,20
2026-08-02T15:07:57.556Z,deep_scan,20260802112912_1A-4-7-8-17-28C,30,28C,0,3,M71,AB6214,1,3
2026-08-02T15:07:57.556Z,deep_scan,20260802112912_1A-4-7-8-17-28C,30,28C,0,16,M40,AB5767,0,27
2026-08-02T15:07:57.556Z,deep_scan,20260802112912_1A-4-7-8-17-28C,30,28C,0,22,M16/2,AB5457,1,4
2026-08-02T15:07:57.556Z,deep_scan,20260802112912_1A-4-7-8-17-28C,30,28C,0,31,M158/1,AB4355,0,20
2026-08-02T15:08:27.571Z,deep_scan,20260802112912_1A-4-7-8-17-28C,30,28C,0,3,M71,AB6214,0,20
2026-08-02T15:08:27.571Z,deep_scan,20260802112912_1A-4-7-8-17-28C,30,28C,0,16,M40,AB5767,0,1
2026-08-02T15:08:27.571Z,deep_scan,20260802112912_1A-4-7-8-17-28C,30,28C,0,22,M16/2,AB5457,0,30
2026-08-02T15:08:27.571Z,deep_scan,20260802112912_1A-4-7-8-17-28C,30,28C,0,32,M161,AB4355,1,31
2026-08-02T15:08:57.563Z,deep_scan,20260802112912_1A-4-7-8-17-28C,30,28C,0,4,M155,AB6214,1,1
2026-08-02T15:08:57.563Z,deep_scan,20260802112912_1A-4-7-8-17-28C,30,28C,0,16,M40,AB5767,0,1
2026-08-02T15:08:57.563Z,deep_scan,20260802112912_1A-4-7-8-17-28C,30,28C,0,23,M98,AB5457,1,4
2026-08-02T15:08:57.563Z,deep_scan,20260802112912_1A-4-7-8-17-28C,30,28C,0,32,M161,AB4355,0,21
2026-08-02T15:09:27.529Z,deep_scan,20260802112912_1A-4-7-8-17-28C,30,28C,0,4,M155,AB6214,0,30
2026-08-02T15:09:27.529Z,deep_scan,20260802112912_1A-4-7-8-17-28C,30,28C,0,17,M28/2,AB5767,1,27
2026-08-02T15:09:27.529Z,deep_scan,20260802112912_1A-4-7-8-17-28C,30,28C,0,23,M98,AB5457,1,13
2026-08-02T15:09:27.529Z,deep_scan,20260802112912_1A-4-7-8-17-28C,30,28C,0,33,M70,AB4355,1,18
2026-08-02T15:09:57.576Z,deep_scan,20260802112912_1A-4-7-8-17-28C,30,28C,0,5,M157,AB6214,1,25
2026-08-02T15:09:57.576Z,deep_scan,20260802112912_1A-4-7-8-17-28C,30,28C,0,17,M28/2,AB5767,1,19
2026-08-02T15:09:57.576Z,deep_scan,20260802112912_1A-4-7-8-17-28C,30,28C,0,23,M98,AB5457,1,19
2026-08-02T15:09:57.576Z,deep_scan,20260802112912_1A-4-7-8-17-28C,30,28C,0,33,M70,AB4355,0,42
2026-08-02T15:10:27.562Z,deep_scan,20260802112912_1A-4-7-8-17-28C,30,28C,0,5,M157,AB6214,1,2
2026-08-02T15:10:27.562Z,deep_scan,20260802112912_1A-4-7-8-17-28C,30,28C,0,17,M28/2,AB5767,0,2
2026-08-02T15:10:27.562Z,deep_scan,20260802112912_1A-4-7-8-17-28C,30,28C,0,24,M88,AB5457,1,26
2026-08-02T15:10:27.562Z,deep_scan,20260802112912_1A-4-7-8-17-28C,30,28C,0,34,M118,AB4355,1,30
2026-08-02T15:10:57.610Z,deep_scan,20260802112912_1A-4-7-8-17-28C,30,28C,0,5,M157,AB6214,0,31
2026-08-02T15:10:57.610Z,deep_scan,20260802112912_1A-4-7-8-17-28C,30,28C,0,17,M28/2,AB5767,0,19
2026-08-02T15:10:57.610Z,deep_scan,20260802112912_1A-4-7-8-17-28C,30,28C,0,24,M88,AB5457,0,37
2026-08-02T15:10:57.610Z,deep_scan,20260802112912_1A-4-7-8-17-28C,30,28C,0,34,M118,AB4355,1,12
2026-08-02T15:11:27.550Z,deep_scan,20260802112912_1A-4-7-8-17-28C,30,28C,0,6,M163,AB6214,1,16
2026-08-02T15:11:27.550Z,deep_scan,20260802112912_1A-4-7-8-17-28C,30,28C,0,17,M28/2,AB5767,0,3
2026-08-02T15:11:27.550Z,deep_scan,20260802112912_1A-4-7-8-17-28C,30,28C,0,24,M88,AB5457,0,6
2026-08-02T15:11:27.550Z,deep_scan,20260802112912_1A-4-7-8-17-28C,30,28C,0,34,M118,AB4355,0,12
2026-08-02T15:11:57.546Z,deep_scan,20260802112912_1A-4-7-8-17-28C,30,28C,0,6,M163,AB6214,1,9
2026-08-02T15:11:57.546Z,deep_scan,20260802112912_1A-4-7-8-17-28C,30,28C,0,17,M28/2,AB5767,0,3
2026-08-02T15:11:57.546Z,deep_scan,20260802112912_1A-4-7-8-17-28C,30,28C,0,24,M88,AB5457,0,24
2026-08-02T15:11:57.546Z,deep_scan,20260802112912_1A-4-7-8-17-28C,30,28C,0,34,M118,AB4355,0,18
2026-08-02T15:12:27.622Z,deep_scan,20260802112912_1A-4-7-8-17-28C,30,28C,0,7,M164,AB6214,1,21
2026-08-02T15:12:27.622Z,deep_scan,20260802112912_1A-4-7-8-17-28C,30,28C,0,18,M227,AB5767,1,26
2026-08-02T15:12:27.622Z,deep_scan,20260802112912_1A-4-7-8-17-28C,30,28C,0,25,M72,AB5457,1,24
2026-08-02T15:12:27.622Z,deep_scan,20260802112912_1A-4-7-8-17-28C,30,28C,0,35,M62/3,AB4355,1,0
2026-08-02T15:12:57.580Z,deep_scan,20260802112912_1A-4-7-8-17-28C,30,28C,0,7,M164,AB6214,0,28
2026-08-02T15:12:57.580Z,deep_scan,20260802112912_1A-4-7-8-17-28C,30,28C,0,18,M227,AB5767,0,29
2026-08-02T15:12:57.580Z,deep_scan,20260802112912_1A-4-7-8-17-28C,30,28C,0,26,M149,AB5457,1,13
2026-08-02T15:12:57.580Z,deep_scan,20260802112912_1A-4-7-8-17-28C,30,28C,0,35,M62/3,AB4355,1,0
2026-08-02T15:13:27.640Z,deep_scan,20260802112912_1A-4-7-8-17-28C,30,28C,0,8,M151,AB6214,1,34
2026-08-02T15:13:27.640Z,deep_scan,20260802112912_1A-4-7-8-17-28C,30,28C,0,19,M244,AB5767,1,2
2026-08-02T15:13:27.640Z,deep_scan,20260802112912_1A-4-7-8-17-28C,30,28C,0,26,M149,AB5457,0,27
2026-08-02T15:13:27.640Z,deep_scan,20260802112912_1A-4-7-8-17-28C,30,28C,0,35,M62/3,AB4355,1,0
2026-08-02T15:13:57.590Z,deep_scan,20260802112912_1A-4-7-8-17-28C,30,28C,0,8,M151,AB6214,1,20
2026-08-02T15:13:57.590Z,deep_scan,20260802112912_1A-4-7-8-17-28C,30,28C,0,19,M244,AB5767,1,10
2026-08-02T15:13:57.590Z,deep_scan,20260802112912_1A-4-7-8-17-28C,30,28C,0,27,M145/2,AB5457,1,22
2026-08-02T15:13:57.590Z,deep_scan,20260802112912_1A-4-7-8-17-28C,30,28C,0,35,M62/3,AB4355,1,0
2026-08-02T15:14:27.700Z,deep_scan,20260802112912_1A-4-7-8-17-28C,30,28C,0,8,M151,AB6214,1,6
2026-08-02T15:14:27.700Z,deep_scan,20260802112912_1A-4-7-8-17-28C,30,28C,0,19,M244,AB5767,0,4
2026-08-02T15:14:27.700Z,deep_scan,20260802112912_1A-4-7-8-17-28C,30,28C,0,27,M145/2,AB5457,0,35
2026-08-02T15:14:27.700Z,deep_scan,20260802112912_1A-4-7-8-17-28C,30,28C,0,35,M62/3,AB4355,1,0
2026-08-02T15:14:57.604Z,deep_scan,20260802112912_1A-4-7-8-17-28C,30,28C,0,9,M150,AB6214,1,24
2026-08-02T15:14:57.604Z,deep_scan,20260802112912_1A-4-7-8-17-28C,30,28C,0,19,M244,AB5767,0,33
2026-08-02T15:14:57.604Z,deep_scan,20260802112912_1A-4-7-8-17-28C,30,28C,0,28,M165,AB5457,0,15
2026-08-02T15:14:57.604Z,deep_scan,20260802112912_1A-4-7-8-17-28C,30,28C,0,35,M62/3,AB4355,1,0
2026-08-02T15:15:27.605Z,deep_scan,20260802112912_1A-4-7-8-17-28C,30,28C,0,9,M150,AB6214,1,5
2026-08-02T15:15:27.605Z,deep_scan,20260802112912_1A-4-7-8-17-28C,30,28C,0,20,M216,AB5767,1,2
2026-08-02T15:15:27.605Z,deep_scan,20260802112912_1A-4-7-8-17-28C,30,28C,0,29,M163,AB5457,1,5
2026-08-02T15:15:27.605Z,deep_scan,20260802112912_1A-4-7-8-17-28C,30,28C,0,35,M62/3,AB4355,1,0
2026-08-02T15:15:57.616Z,deep_scan,20260802112912_1A-4-7-8-17-28C,30,28C,0,9,M150,AB6214,1,15
2026-08-02T15:15:57.616Z,deep_scan,20260802112912_1A-4-7-8-17-28C,30,28C,0,20,M216,AB5767,0,43
2026-08-02T15:15:57.616Z,deep_scan,20260802112912_1A-4-7-8-17-28C,30,28C,0,29,M163,AB5457,0,25
2026-08-02T15:15:57.616Z,deep_scan,20260802112912_1A-4-7-8-17-28C,30,28C,0,35,M62/3,AB4355,1,0
2026-08-02T15:16:27.676Z,deep_scan,20260802112912_1A-4-7-8-17-28C,30,28C,0,9,M150,AB6214,0,3
2026-08-02T15:16:27.676Z,deep_scan,20260802112912_1A-4-7-8-17-28C,30,28C,0,20,M216,AB5767,0,39
2026-08-02T15:16:27.676Z,deep_scan,20260802112912_1A-4-7-8-17-28C,30,28C,0,30,M160/2,AB5457,1,28
2026-08-02T15:16:27.676Z,deep_scan,20260802112912_1A-4-7-8-17-28C,30,28C,0,35,M62/3,AB4355,1,0
2026-08-02T15:16:57.621Z,deep_scan,20260802112912_1A-4-7-8-17-28C,30,28C,0,10,M148,AB6214,1,16
2026-08-02T15:16:57.621Z,deep_scan,20260802112912_1A-4-7-8-17-28C,30,28C,0,20,M216,AB5767,0,25
2026-08-02T15:16:57.621Z,deep_scan,20260802112912_1A-4-7-8-17-28C,30,28C,0,30,M160/2,AB5457,1,16
2026-08-02T15:17:27.661Z,deep_scan,20260802112912_1A-4-7-8-17-28C,30,28C,0,10,M148,AB6214,1,9
2026-08-02T15:17:27.661Z,deep_scan,20260802112912_1A-4-7-8-17-28C,30,28C,0,20,M216,AB5767,0,17
2026-08-02T15:17:27.661Z,deep_scan,20260802112912_1A-4-7-8-17-28C,30,28C,0,31,M158/1,AB5457,1,18
2026-08-02T15:17:57.618Z,deep_scan,20260802112912_1A-4-7-8-17-28C,30,28C,0,10,M148,AB6214,0,6
2026-08-02T15:17:57.618Z,deep_scan,20260802112912_1A-4-7-8-17-28C,30,28C,0,21,M225,AB5767,1,4
2026-08-02T15:17:57.618Z,deep_scan,20260802112912_1A-4-7-8-17-28C,30,28C,0,31,M158/1,AB5457,1,4
2026-08-02T15:18:27.707Z,deep_scan,20260802112912_1A-4-7-8-17-28C,30,28C,0,10,M148,AB6214,0,16
2026-08-02T15:18:27.707Z,deep_scan,20260802112912_1A-4-7-8-17-28C,30,28C,0,21,M225,AB5767,1,2
2026-08-02T15:18:27.707Z,deep_scan,20260802112912_1A-4-7-8-17-28C,30,28C,0,31,M158/1,AB5457,0,9
2026-08-02T15:18:57.649Z,deep_scan,20260802112912_1A-4-7-8-17-28C,30,28C,0,10,M148,AB6214,0,31
2026-08-02T15:18:57.649Z,deep_scan,20260802112912_1A-4-7-8-17-28C,30,28C,0,21,M225,AB5767,1,5
2026-08-02T15:18:57.649Z,deep_scan,20260802112912_1A-4-7-8-17-28C,30,28C,0,32,M161,AB5457,1,10
2026-08-02T15:19:27.654Z,deep_scan,20260802112912_1A-4-7-8-17-28C,30,28C,0,10,M148,AB6214,0,29
2026-08-02T15:19:27.654Z,deep_scan,20260802112912_1A-4-7-8-17-28C,30,28C,0,21,M225,AB5767,0,31
2026-08-02T15:19:27.654Z,deep_scan,20260802112912_1A-4-7-8-17-28C,30,28C,0,32,M161,AB5457,0,31
2026-08-02T15:19:57.644Z,deep_scan,20260802112912_1A-4-7-8-17-28C,30,28C,0,11,M76/1,AB6214,1,29
2026-08-02T15:19:57.644Z,deep_scan,20260802112912_1A-4-7-8-17-28C,30,28C,0,21,M225,AB5767,0,25
2026-08-02T15:19:57.644Z,deep_scan,20260802112912_1A-4-7-8-17-28C,30,28C,0,33,M70,AB5457,1,26
2026-08-02T15:20:27.635Z,deep_scan,20260802112912_1A-4-7-8-17-28C,30,28C,0,11,M76/1,AB6214,1,21
2026-08-02T15:20:27.635Z,deep_scan,20260802112912_1A-4-7-8-17-28C,30,28C,0,21,M225,AB5767,0,32
2026-08-02T15:20:27.635Z,deep_scan,20260802112912_1A-4-7-8-17-28C,30,28C,0,34,M118,AB5457,1,27
2026-08-02T15:20:57.672Z,deep_scan,20260802112912_1A-4-7-8-17-28C,30,28C,0,11,M76/1,AB6214,0,14
2026-08-02T15:20:57.672Z,deep_scan,20260802112912_1A-4-7-8-17-28C,30,28C,0,22,M16/2,AB5767,1,8
2026-08-02T15:20:57.672Z,deep_scan,20260802112912_1A-4-7-8-17-28C,30,28C,0,34,M118,AB5457,1,15
2026-08-02T15:21:27.679Z,deep_scan,20260802112912_1A-4-7-8-17-28C,30,28C,0,11,M76/1,AB6214,0,4
2026-08-02T15:21:27.679Z,deep_scan,20260802112912_1A-4-7-8-17-28C,30,28C,0,22,M16/2,AB5767,0,2
2026-08-02T15:21:27.679Z,deep_scan,20260802112912_1A-4-7-8-17-28C,30,28C,0,34,M118,AB5457,0,15
2026-08-02T15:21:57.631Z,deep_scan,20260802112912_1A-4-7-8-17-28C,30,28C,0,12,M84/1,AB6214,1,3
2026-08-02T15:21:57.631Z,deep_scan,20260802112912_1A-4-7-8-17-28C,30,28C,0,23,M98,AB5767,1,15
2026-08-02T15:21:57.631Z,deep_scan,20260802112912_1A-4-7-8-17-28C,30,28C,0,34,M118,AB5457,0,24
2026-08-02T15:22:27.730Z,deep_scan,20260802112912_1A-4-7-8-17-28C,30,28C,0,12,M84/1,AB6214,1,6
2026-08-02T15:22:27.730Z,deep_scan,20260802112912_1A-4-7-8-17-28C,30,28C,0,23,M98,AB5767,1,21
2026-08-02T15:22:27.730Z,deep_scan,20260802112912_1A-4-7-8-17-28C,30,28C,0,35,M62/3,AB5457,1,0
2026-08-02T15:22:57.684Z,deep_scan,20260802112912_1A-4-7-8-17-28C,30,28C,0,12,M84/1,AB6214,0,14
2026-08-02T15:22:57.684Z,deep_scan,20260802112912_1A-4-7-8-17-28C,30,28C,0,23,M98,AB5767,0,22
2026-08-02T15:22:57.684Z,deep_scan,20260802112912_1A-4-7-8-17-28C,30,28C,0,35,M62/3,AB5457,1,0
2026-08-02T15:23:27.669Z,deep_scan,20260802112912_1A-4-7-8-17-28C,30,28C,0,12,M84/1,AB6214,0,26
2026-08-02T15:23:27.669Z,deep_scan,20260802112912_1A-4-7-8-17-28C,30,28C,0,24,M88,AB5767,1,22
2026-08-02T15:23:27.669Z,deep_scan,20260802112912_1A-4-7-8-17-28C,30,28C,0,35,M62/3,AB5457,1,0
2026-08-02T15:23:57.700Z,deep_scan,20260802112912_1A-4-7-8-17-28C,30,28C,0,12,M84/1,AB6214,0,26
2026-08-02T15:23:57.700Z,deep_scan,20260802112912_1A-4-7-8-17-28C,30,28C,0,24,M88,AB5767,1,22
2026-08-02T15:23:57.700Z,deep_scan,20260802112912_1A-4-7-8-17-28C,30,28C,0,35,M62/3,AB5457,1,0
2026-08-02T15:24:27.715Z,deep_scan,20260802112912_1A-4-7-8-17-28C,30,28C,0,12,M84/1,AB6214,0,26
2026-08-02T15:24:27.715Z,deep_scan,20260802112912_1A-4-7-8-17-28C,30,28C,0,24,M88,AB5767,0,21
2026-08-02T15:24:27.715Z,deep_scan,20260802112912_1A-4-7-8-17-28C,30,28C,0,35,M62/3,AB5457,1,0
2026-08-02T15:24:57.818Z,deep_scan,20260802112912_1A-4-7-8-17-28C,30,28C,0,13,M92,AB6214,1,22
2026-08-02T15:24:57.818Z,deep_scan,20260802112912_1A-4-7-8-17-28C,30,28C,0,24,M88,AB5767,0,4
2026-08-02T15:24:57.818Z,deep_scan,20260802112912_1A-4-7-8-17-28C,30,28C,0,35,M62/3,AB5457,1,0
2026-08-02T15:25:27.750Z,deep_scan,20260802112912_1A-4-7-8-17-28C,30,28C,0,13,M92,AB6214,0,24
2026-08-02T15:25:27.750Z,deep_scan,20260802112912_1A-4-7-8-17-28C,30,28C,0,24,M88,AB5767,0,31
2026-08-02T15:25:27.750Z,deep_scan,20260802112912_1A-4-7-8-17-28C,30,28C,0,35,M62/3,AB5457,1,0
2026-08-02T15:25:57.728Z,deep_scan,20260802112912_1A-4-7-8-17-28C,30,28C,0,13,M92,AB6214,0,3
2026-08-02T15:25:57.728Z,deep_scan,20260802112912_1A-4-7-8-17-28C,30,28C,0,24,M88,AB5767,0,14
2026-08-02T15:25:57.728Z,deep_scan,20260802112912_1A-4-7-8-17-28C,30,28C,0,35,M62/3,AB5457,1,0
2026-08-02T15:26:27.775Z,deep_scan,20260802112912_1A-4-7-8-17-28C,30,28C,0,14,M104,AB6214,1,30
2026-08-02T15:26:27.775Z,deep_scan,20260802112912_1A-4-7-8-17-28C,30,28C,0,25,M72,AB5767,1,35
2026-08-02T15:26:27.775Z,deep_scan,20260802112912_1A-4-7-8-17-28C,30,28C,0,35,M62/3,AB5457,1,0
2026-08-02T15:26:57.747Z,deep_scan,20260802112912_1A-4-7-8-17-28C,30,28C,0,14,M104,AB6214,0,26
2026-08-02T15:26:57.747Z,deep_scan,20260802112912_1A-4-7-8-17-28C,30,28C,0,26,M149,AB5767,1,22
2026-08-02T15:27:27.759Z,deep_scan,20260802112912_1A-4-7-8-17-28C,30,28C,0,14,M104,AB6214,0,16
2026-08-02T15:27:27.759Z,deep_scan,20260802112912_1A-4-7-8-17-28C,30,28C,0,26,M149,AB5767,0,26
2026-08-02T15:27:57.762Z,deep_scan,20260802112912_1A-4-7-8-17-28C,30,28C,0,15,M43,AB6214,0,18
2026-08-02T15:27:57.762Z,deep_scan,20260802112912_1A-4-7-8-17-28C,30,28C,0,27,M145/2,AB5767,1,2
2026-08-02T15:28:27.760Z,deep_scan,20260802112912_1A-4-7-8-17-28C,30,28C,0,16,M40,AB6214,1,30
2026-08-02T15:28:27.760Z,deep_scan,20260802112912_1A-4-7-8-17-28C,30,28C,0,27,M145/2,AB5767,0,23
2026-08-02T15:28:57.757Z,deep_scan,20260802112912_1A-4-7-8-17-28C,30,28C,0,16,M40,AB6214,0,4
2026-08-02T15:28:57.757Z,deep_scan,20260802112912_1A-4-7-8-17-28C,30,28C,0,28,M165,AB5767,0,26
2026-08-02T15:29:27.784Z,deep_scan,20260802112912_1A-4-7-8-17-28C,30,28C,0,16,M40,AB6214,0,29
2026-08-02T15:29:27.784Z,deep_scan,20260802112912_1A-4-7-8-17-28C,30,28C,0,29,M163,AB5767,1,31
2026-08-02T15:29:57.762Z,deep_scan,20260802112912_1A-4-7-8-17-28C,30,28C,0,17,M28/2,AB6214,1,8
2026-08-02T15:29:57.762Z,deep_scan,20260802112912_1A-4-7-8-17-28C,30,28C,0,30,M160/2,AB5767,1,25
2026-08-02T15:30:27.826Z,deep_scan,20260802112912_1A-4-7-8-17-28C,30,28C,0,17,M28/2,AB6214,0,17
2026-08-02T15:30:27.826Z,deep_scan,20260802112912_1A-4-7-8-17-28C,30,28C,0,30,M160/2,AB5767,1,25
2026-08-02T15:30:57.788Z,deep_scan,20260802112912_1A-4-7-8-17-28C,30,28C,0,17,M28/2,AB6214,0,16
2026-08-02T15:30:57.788Z,deep_scan,20260802112912_1A-4-7-8-17-28C,30,28C,0,31,M158/1,AB5767,1,5
2026-08-02T15:31:27.798Z,deep_scan,20260802112912_1A-4-7-8-17-28C,30,28C,0,17,M28/2,AB6214,0,28
2026-08-02T15:31:27.798Z,deep_scan,20260802112912_1A-4-7-8-17-28C,30,28C,0,31,M158/1,AB5767,1,4
2026-08-02T15:31:57.855Z,deep_scan,20260802112912_1A-4-7-8-17-28C,30,28C,0,17,M28/2,AB6214,0,28
2026-08-02T15:31:57.855Z,deep_scan,20260802112912_1A-4-7-8-17-28C,30,28C,0,31,M158/1,AB5767,0,12
2026-08-02T15:32:27.807Z,deep_scan,20260802112912_1A-4-7-8-17-28C,30,28C,0,18,M227,AB6214,1,7
2026-08-02T15:32:27.807Z,deep_scan,20260802112912_1A-4-7-8-17-28C,30,28C,0,32,M161,AB5767,1,4
2026-08-02T15:32:57.805Z,deep_scan,20260802112912_1A-4-7-8-17-28C,30,28C,0,0,M62/3,AB5457,1,15
2026-08-02T15:32:57.805Z,deep_scan,20260802112912_1A-4-7-8-17-28C,30,28C,0,18,M227,AB6214,1,7
2026-08-02T15:32:57.805Z,deep_scan,20260802112912_1A-4-7-8-17-28C,30,28C,0,33,M70,AB5767,1,24
2026-08-02T15:33:27.824Z,deep_scan,20260802112912_1A-4-7-8-17-28C,30,28C,0,0,M62/3,AB5457,0,26
2026-08-02T15:33:27.824Z,deep_scan,20260802112912_1A-4-7-8-17-28C,30,28C,0,18,M227,AB6214,1,9
2026-08-02T15:33:27.824Z,deep_scan,20260802112912_1A-4-7-8-17-28C,30,28C,0,34,M118,AB5767,1,33
2026-08-02T15:33:57.825Z,deep_scan,20260802112912_1A-4-7-8-17-28C,30,28C,0,0,M62/3,AB5457,0,47
2026-08-02T15:33:57.825Z,deep_scan,20260802112912_1A-4-7-8-17-28C,30,28C,0,18,M227,AB6214,1,14
2026-08-02T15:33:57.825Z,deep_scan,20260802112912_1A-4-7-8-17-28C,30,28C,0,34,M118,AB5767,1,3
2026-08-02T15:34:27.862Z,deep_scan,20260802112912_1A-4-7-8-17-28C,30,28C,0,1,M117,AB5457,0,23
2026-08-02T15:34:27.862Z,deep_scan,20260802112912_1A-4-7-8-17-28C,30,28C,0,18,M227,AB6214,0,19
2026-08-02T15:34:27.862Z,deep_scan,20260802112912_1A-4-7-8-17-28C,30,28C,0,34,M118,AB5767,0,3
2026-08-02T15:34:57.838Z,deep_scan,20260802112912_1A-4-7-8-17-28C,30,28C,0,2,M241,AB5457,1,22
2026-08-02T15:34:57.838Z,deep_scan,20260802112912_1A-4-7-8-17-28C,30,28C,0,19,M244,AB6214,1,22
2026-08-02T15:34:57.838Z,deep_scan,20260802112912_1A-4-7-8-17-28C,30,28C,0,34,M118,AB5767,0,30
2026-08-02T15:35:27.843Z,deep_scan,20260802112912_1A-4-7-8-17-28C,30,28C,0,3,M71,AB5457,1,35
2026-08-02T15:35:27.843Z,deep_scan,20260802112912_1A-4-7-8-17-28C,30,28C,0,19,M244,AB6214,1,15
2026-08-02T15:35:27.843Z,deep_scan,20260802112912_1A-4-7-8-17-28C,30,28C,0,35,M62/3,AB5767,1,0
2026-08-02T15:35:57.820Z,deep_scan,20260802112912_1A-4-7-8-17-28C,30,28C,0,3,M71,AB5457,0,21
2026-08-02T15:35:57.820Z,deep_scan,20260802112912_1A-4-7-8-17-28C,30,28C,0,19,M244,AB6214,1,15
2026-08-02T15:35:57.820Z,deep_scan,20260802112912_1A-4-7-8-17-28C,30,28C,0,35,M62/3,AB5767,1,0
2026-08-02T15:36:27.806Z,deep_scan,20260802112912_1A-4-7-8-17-28C,30,28C,0,4,M155,AB5457,1,16
2026-08-02T15:36:27.806Z,deep_scan,20260802112912_1A-4-7-8-17-28C,30,28C,0,19,M244,AB6214,0,21
2026-08-02T15:36:27.806Z,deep_scan,20260802112912_1A-4-7-8-17-28C,30,28C,0,35,M62/3,AB5767,1,0
2026-08-02T15:36:57.880Z,deep_scan,20260802112912_1A-4-7-8-17-28C,30,28C,0,5,M157,AB5457,1,46
2026-08-02T15:36:57.880Z,deep_scan,20260802112912_1A-4-7-8-17-28C,30,28C,0,20,M216,AB6214,1,31
2026-08-02T15:36:57.880Z,deep_scan,20260802112912_1A-4-7-8-17-28C,30,28C,0,35,M62/3,AB5767,1,0
2026-08-02T15:37:27.927Z,deep_scan,20260802112912_1A-4-7-8-17-28C,30,28C,0,5,M157,AB5457,0,45
2026-08-02T15:37:27.927Z,deep_scan,20260802112912_1A-4-7-8-17-28C,30,28C,0,20,M216,AB6214,1,16
2026-08-02T15:37:27.927Z,deep_scan,20260802112912_1A-4-7-8-17-28C,30,28C,0,35,M62/3,AB5767,1,0
2026-08-02T15:37:57.888Z,deep_scan,20260802112912_1A-4-7-8-17-28C,30,28C,0,6,M163,AB5457,1,11
2026-08-02T15:37:57.888Z,deep_scan,20260802112912_1A-4-7-8-17-28C,30,28C,0,16,M40,AB4355,1,1
2026-08-02T15:37:57.888Z,deep_scan,20260802112912_1A-4-7-8-17-28C,30,28C,0,20,M216,AB6214,0,6
2026-08-02T15:37:57.888Z,deep_scan,20260802112912_1A-4-7-8-17-28C,30,28C,0,35,M62/3,AB5767,1,0
2026-08-02T15:38:27.838Z,deep_scan,20260802112912_1A-4-7-8-17-28C,30,28C,0,6,M163,AB5457,1,13
2026-08-02T15:38:27.838Z,deep_scan,20260802112912_1A-4-7-8-17-28C,30,28C,0,16,M40,AB4355,0,22
2026-08-02T15:38:27.838Z,deep_scan,20260802112912_1A-4-7-8-17-28C,30,28C,0,20,M216,AB6214,0,43
2026-08-02T15:38:27.838Z,deep_scan,20260802112912_1A-4-7-8-17-28C,30,28C,0,35,M62/3,AB5767,1,0
2026-08-02T15:38:57.941Z,deep_scan,20260802112912_1A-4-7-8-17-28C,30,28C,0,7,M164,AB5457,0,48
2026-08-02T15:38:57.941Z,deep_scan,20260802112912_1A-4-7-8-17-28C,30,28C,0,16,M40,AB4355,0,22
2026-08-02T15:38:57.941Z,deep_scan,20260802112912_1A-4-7-8-17-28C,30,28C,0,20,M216,AB6214,0,8
2026-08-02T15:38:57.941Z,deep_scan,20260802112912_1A-4-7-8-17-28C,30,28C,0,35,M62/3,AB5767,1,0
2026-08-02T15:39:27.853Z,deep_scan,20260802112912_1A-4-7-8-17-28C,30,28C,0,8,M151,AB5457,1,17
2026-08-02T15:39:27.853Z,deep_scan,20260802112912_1A-4-7-8-17-28C,30,28C,0,16,M40,AB4355,0,24
2026-08-02T15:39:27.853Z,deep_scan,20260802112912_1A-4-7-8-17-28C,30,28C,0,20,M216,AB6214,0,1
2026-08-02T15:39:27.853Z,deep_scan,20260802112912_1A-4-7-8-17-28C,30,28C,0,35,M62/3,AB5767,1,0
2026-08-02T15:39:57.852Z,deep_scan,20260802112912_1A-4-7-8-17-28C,30,28C,0,8,M151,AB5457,1,1
2026-08-02T15:39:57.852Z,deep_scan,20260802112912_1A-4-7-8-17-28C,30,28C,0,17,M28/2,AB4355,1,20
2026-08-02T15:39:57.852Z,deep_scan,20260802112912_1A-4-7-8-17-28C,30,28C,0,21,M225,AB6214,1,26
2026-08-02T15:40:27.941Z,deep_scan,20260802112912_1A-4-7-8-17-28C,30,28C,0,8,M151,AB5457,0,33
2026-08-02T15:40:27.941Z,deep_scan,20260802112912_1A-4-7-8-17-28C,30,28C,0,17,M28/2,AB4355,0,15
2026-08-02T15:40:27.941Z,deep_scan,20260802112912_1A-4-7-8-17-28C,30,28C,0,21,M225,AB6214,1,17
2026-08-02T15:40:57.897Z,deep_scan,20260802112912_1A-4-7-8-17-28C,30,28C,0,9,M150,AB5457,1,14
2026-08-02T15:40:57.897Z,deep_scan,20260802112912_1A-4-7-8-17-28C,30,28C,0,17,M28/2,AB4355,0,15
2026-08-02T15:40:57.897Z,deep_scan,20260802112912_1A-4-7-8-17-28C,30,28C,0,21,M225,AB6214,1,7
2026-08-02T15:41:27.942Z,deep_scan,20260802112912_1A-4-7-8-17-28C,30,28C,0,9,M150,AB5457,0,11
2026-08-02T15:41:27.942Z,deep_scan,20260802112912_1A-4-7-8-17-28C,30,28C,0,17,M28/2,AB4355,0,8
2026-08-02T15:41:27.942Z,deep_scan,20260802112912_1A-4-7-8-17-28C,30,28C,0,21,M225,AB6214,1,17
2026-08-02T15:41:57.881Z,deep_scan,20260802112912_1A-4-7-8-17-28C,30,28C,0,10,M148,AB5457,1,4
2026-08-02T15:41:57.881Z,deep_scan,20260802112912_1A-4-7-8-17-28C,30,28C,0,17,M28/2,AB4355,0,8
2026-08-02T15:41:57.881Z,deep_scan,20260802112912_1A-4-7-8-17-28C,30,28C,0,21,M225,AB6214,0,32
2026-08-02T15:42:27.942Z,deep_scan,20260802112912_1A-4-7-8-17-28C,30,28C,0,10,M148,AB5457,1,15
2026-08-02T15:42:27.942Z,deep_scan,20260802112912_1A-4-7-8-17-28C,30,28C,0,18,M227,AB4355,1,19
2026-08-02T15:42:27.942Z,deep_scan,20260802112912_1A-4-7-8-17-28C,30,28C,0,21,M225,AB6214,0,17
2026-08-02T15:42:57.916Z,deep_scan,20260802112912_1A-4-7-8-17-28C,30,28C,0,10,M148,AB5457,0,25
2026-08-02T15:42:57.916Z,deep_scan,20260802112912_1A-4-7-8-17-28C,30,28C,0,18,M227,AB4355,0,27
2026-08-02T15:42:57.916Z,deep_scan,20260802112912_1A-4-7-8-17-28C,30,28C,0,21,M225,AB6214,0,49
2026-08-02T15:43:27.945Z,deep_scan,20260802112912_1A-4-7-8-17-28C,30,28C,0,10,M148,AB5457,0,31
2026-08-02T15:43:27.945Z,deep_scan,20260802112912_1A-4-7-8-17-28C,30,28C,0,18,M227,AB4355,0,12
2026-08-02T15:43:27.945Z,deep_scan,20260802112912_1A-4-7-8-17-28C,30,28C,0,22,M16/2,AB6214,1,10
2026-08-02T15:43:57.922Z,deep_scan,20260802112912_1A-4-7-8-17-28C,30,28C,0,11,M76/1,AB5457,1,28
2026-08-02T15:43:57.922Z,deep_scan,20260802112912_1A-4-7-8-17-28C,30,28C,0,19,M244,AB4355,1,4
2026-08-02T15:43:57.922Z,deep_scan,20260802112912_1A-4-7-8-17-28C,30,28C,0,22,M16/2,AB6214,1,10
2026-08-02T15:44:27.916Z,deep_scan,20260802112912_1A-4-7-8-17-28C,30,28C,0,11,M76/1,AB5457,0,30
2026-08-02T15:44:27.916Z,deep_scan,20260802112912_1A-4-7-8-17-28C,30,28C,0,19,M244,AB4355,0,12
2026-08-02T15:44:27.916Z,deep_scan,20260802112912_1A-4-7-8-17-28C,30,28C,0,22,M16/2,AB6214,1,10
2026-08-02T15:44:57.975Z,deep_scan,20260802112912_1A-4-7-8-17-28C,30,28C,0,0,M62/3,AB5767,1,4
2026-08-02T15:44:57.975Z,deep_scan,20260802112912_1A-4-7-8-17-28C,30,28C,0,11,M76/1,AB5457,0,30
2026-08-02T15:44:57.975Z,deep_scan,20260802112912_1A-4-7-8-17-28C,30,28C,0,19,M244,AB4355,0,28
2026-08-02T15:44:57.975Z,deep_scan,20260802112912_1A-4-7-8-17-28C,30,28C,0,23,M98,AB6214,1,26
2026-08-02T15:45:27.972Z,deep_scan,20260802112912_1A-4-7-8-17-28C,30,28C,0,0,M62/3,AB5767,0,18
2026-08-02T15:45:27.972Z,deep_scan,20260802112912_1A-4-7-8-17-28C,30,28C,0,11,M76/1,AB5457,0,23
2026-08-02T15:45:27.972Z,deep_scan,20260802112912_1A-4-7-8-17-28C,30,28C,0,20,M216,AB4355,1,30
2026-08-02T15:45:27.972Z,deep_scan,20260802112912_1A-4-7-8-17-28C,30,28C,0,23,M98,AB6214,1,6
2026-08-02T15:45:58.006Z,deep_scan,20260802112912_1A-4-7-8-17-28C,30,28C,0,0,M62/3,AB5767,0,43
2026-08-02T15:45:58.006Z,deep_scan,20260802112912_1A-4-7-8-17-28C,30,28C,0,12,M84/1,AB5457,0,37
2026-08-02T15:45:58.006Z,deep_scan,20260802112912_1A-4-7-8-17-28C,30,28C,0,20,M216,AB4355,1,21
2026-08-02T15:45:58.006Z,deep_scan,20260802112912_1A-4-7-8-17-28C,30,28C,0,23,M98,AB6214,1,6
2026-08-02T15:46:27.998Z,deep_scan,20260802112912_1A-4-7-8-17-28C,30,28C,0,1,M117,AB5767,0,34
2026-08-02T15:46:27.998Z,deep_scan,20260802112912_1A-4-7-8-17-28C,30,28C,0,12,M84/1,AB5457,0,18
2026-08-02T15:46:27.998Z,deep_scan,20260802112912_1A-4-7-8-17-28C,30,28C,0,20,M216,AB4355,0,10
2026-08-02T15:46:27.998Z,deep_scan,20260802112912_1A-4-7-8-17-28C,30,28C,0,23,M98,AB6214,1,28
2026-08-02T15:46:58.020Z,deep_scan,20260802112912_1A-4-7-8-17-28C,30,28C,0,2,M241,AB5767,1,31
2026-08-02T15:46:58.020Z,deep_scan,20260802112912_1A-4-7-8-17-28C,30,28C,0,12,M84/1,AB5457,0,18
2026-08-02T15:46:58.020Z,deep_scan,20260802112912_1A-4-7-8-17-28C,30,28C,0,20,M216,AB4355,0,49
2026-08-02T15:46:58.020Z,deep_scan,20260802112912_1A-4-7-8-17-28C,30,28C,0,23,M98,AB6214,0,31
2026-08-02T15:47:27.956Z,deep_scan,20260802112912_1A-4-7-8-17-28C,30,28C,0,2,M241,AB5767,0,34
2026-08-02T15:47:27.956Z,deep_scan,20260802112912_1A-4-7-8-17-28C,30,28C,0,13,M92,AB5457,1,17
2026-08-02T15:47:27.956Z,deep_scan,20260802112912_1A-4-7-8-17-28C,30,28C,0,20,M216,AB4355,0,27
2026-08-02T15:47:27.956Z,deep_scan,20260802112912_1A-4-7-8-17-28C,30,28C,0,24,M88,AB6214,1,23
2026-08-02T15:47:58.016Z,deep_scan,20260802112912_1A-4-7-8-17-28C,30,28C,0,3,M71,AB5767,1,14
2026-08-02T15:47:58.016Z,deep_scan,20260802112912_1A-4-7-8-17-28C,30,28C,0,13,M92,AB5457,0,25
2026-08-02T15:47:58.016Z,deep_scan,20260802112912_1A-4-7-8-17-28C,30,28C,0,20,M216,AB4355,0,11
2026-08-02T15:47:58.016Z,deep_scan,20260802112912_1A-4-7-8-17-28C,30,28C,0,24,M88,AB6214,1,23
2026-08-02T15:48:27.989Z,deep_scan,20260802112912_1A-4-7-8-17-28C,30,28C,0,4,M155,AB5767,1,28
2026-08-02T15:48:27.989Z,deep_scan,20260802112912_1A-4-7-8-17-28C,30,28C,0,13,M92,AB5457,0,13
2026-08-02T15:48:27.989Z,deep_scan,20260802112912_1A-4-7-8-17-28C,30,28C,0,21,M225,AB4355,1,16
2026-08-02T15:48:27.989Z,deep_scan,20260802112912_1A-4-7-8-17-28C,30,28C,0,24,M88,AB6214,1,23
2026-08-02T15:48:58.052Z,deep_scan,20260802112912_1A-4-7-8-17-28C,30,28C,0,4,M155,AB5767,1,20
2026-08-02T15:48:58.052Z,deep_scan,20260802112912_1A-4-7-8-17-28C,30,28C,0,13,M92,AB5457,0,2
2026-08-02T15:48:58.052Z,deep_scan,20260802112912_1A-4-7-8-17-28C,30,28C,0,21,M225,AB4355,1,3
2026-08-02T15:48:58.052Z,deep_scan,20260802112912_1A-4-7-8-17-28C,30,28C,0,24,M88,AB6214,1,26
2026-08-02T15:49:28.009Z,deep_scan,20260802112912_1A-4-7-8-17-28C,30,28C,0,4,M155,AB5767,0,37
2026-08-02T15:49:28.009Z,deep_scan,20260802112912_1A-4-7-8-17-28C,30,28C,0,14,M104,AB5457,0,40
2026-08-02T15:49:28.009Z,deep_scan,20260802112912_1A-4-7-8-17-28C,30,28C,0,21,M225,AB4355,0,28
2026-08-02T15:49:28.009Z,deep_scan,20260802112912_1A-4-7-8-17-28C,30,28C,0,24,M88,AB6214,0,29
2026-08-02T15:49:58.007Z,deep_scan,20260802112912_1A-4-7-8-17-28C,30,28C,0,5,M157,AB5767,1,3
2026-08-02T15:49:58.007Z,deep_scan,20260802112912_1A-4-7-8-17-28C,30,28C,0,15,M43,AB5457,0,39
2026-08-02T15:49:58.007Z,deep_scan,20260802112912_1A-4-7-8-17-28C,30,28C,0,21,M225,AB4355,0,31
2026-08-02T15:49:58.007Z,deep_scan,20260802112912_1A-4-7-8-17-28C,30,28C,0,24,M88,AB6214,0,29
2026-08-02T15:50:28.002Z,deep_scan,20260802112912_1A-4-7-8-17-28C,30,28C,0,6,M163,AB5767,1,17
2026-08-02T15:50:28.002Z,deep_scan,20260802112912_1A-4-7-8-17-28C,30,28C,0,15,M43,AB5457,0,18
2026-08-02T15:50:28.002Z,deep_scan,20260802112912_1A-4-7-8-17-28C,30,28C,0,21,M225,AB4355,0,18
2026-08-02T15:50:28.002Z,deep_scan,20260802112912_1A-4-7-8-17-28C,30,28C,0,24,M88,AB6214,0,29
2026-08-02T15:50:58.075Z,deep_scan,20260802112912_1A-4-7-8-17-28C,30,28C,0,6,M163,AB5767,1,5
2026-08-02T15:50:58.075Z,deep_scan,20260802112912_1A-4-7-8-17-28C,30,28C,0,16,M40,AB5457,0,14
2026-08-02T15:50:58.075Z,deep_scan,20260802112912_1A-4-7-8-17-28C,30,28C,0,21,M225,AB4355,0,43
2026-08-02T15:50:58.075Z,deep_scan,20260802112912_1A-4-7-8-17-28C,30,28C,0,24,M88,AB6214,0,34
2026-08-02T15:51:27.973Z,deep_scan,20260802112912_1A-4-7-8-17-28C,30,28C,0,6,M163,AB5767,1,11
2026-08-02T15:51:27.973Z,deep_scan,20260802112912_1A-4-7-8-17-28C,30,28C,0,16,M40,AB5457,0,33
2026-08-02T15:51:27.973Z,deep_scan,20260802112912_1A-4-7-8-17-28C,30,28C,0,21,M225,AB4355,0,20
2026-08-02T15:51:27.973Z,deep_scan,20260802112912_1A-4-7-8-17-28C,30,28C,0,24,M88,AB6214,0,4
2026-08-02T15:51:58.018Z,deep_scan,20260802112912_1A-4-7-8-17-28C,30,28C,0,7,M164,AB5767,0,44
2026-08-02T15:51:58.018Z,deep_scan,20260802112912_1A-4-7-8-17-28C,30,28C,0,17,M28/2,AB5457,0,26
2026-08-02T15:51:58.018Z,deep_scan,20260802112912_1A-4-7-8-17-28C,30,28C,0,22,M16/2,AB4355,1,10
2026-08-02T15:51:58.018Z,deep_scan,20260802112912_1A-4-7-8-17-28C,30,28C,0,25,M72,AB6214,1,33
2026-08-02T15:52:27.995Z,deep_scan,20260802112912_1A-4-7-8-17-28C,30,28C,0,8,M151,AB5767,1,45
2026-08-02T15:52:27.995Z,deep_scan,20260802112912_1A-4-7-8-17-28C,30,28C,0,17,M28/2,AB5457,0,26
2026-08-02T15:52:27.995Z,deep_scan,20260802112912_1A-4-7-8-17-28C,30,28C,0,22,M16/2,AB4355,1,10
2026-08-02T15:52:27.995Z,deep_scan,20260802112912_1A-4-7-8-17-28C,30,28C,0,26,M149,AB6214,1,34
2026-08-02T15:52:58.014Z,deep_scan,20260802112912_1A-4-7-8-17-28C,30,28C,0,8,M151,AB5767,0,27
2026-08-02T15:52:58.014Z,deep_scan,20260802112912_1A-4-7-8-17-28C,30,28C,0,17,M28/2,AB5457,0,21
2026-08-02T15:52:58.014Z,deep_scan,20260802112912_1A-4-7-8-17-28C,30,28C,0,22,M16/2,AB4355,1,10
2026-08-02T15:52:58.014Z,deep_scan,20260802112912_1A-4-7-8-17-28C,30,28C,0,26,M149,AB6214,0,28
2026-08-02T15:53:28.055Z,deep_scan,20260802112912_1A-4-7-8-17-28C,30,28C,0,9,M150,AB5767,1,7
2026-08-02T15:53:28.055Z,deep_scan,20260802112912_1A-4-7-8-17-28C,30,28C,0,17,M28/2,AB5457,0,6
2026-08-02T15:53:28.055Z,deep_scan,20260802112912_1A-4-7-8-17-28C,30,28C,0,22,M16/2,AB4355,0,33
2026-08-02T15:53:28.055Z,deep_scan,20260802112912_1A-4-7-8-17-28C,30,28C,0,27,M145/2,AB6214,1,26
2026-08-02T15:53:58.035Z,deep_scan,20260802112912_1A-4-7-8-17-28C,30,28C,0,9,M150,AB5767,0,17
2026-08-02T15:53:58.035Z,deep_scan,20260802112912_1A-4-7-8-17-28C,30,28C,0,18,M227,AB5457,1,27
2026-08-02T15:53:58.035Z,deep_scan,20260802112912_1A-4-7-8-17-28C,30,28C,0,22,M16/2,AB4355,0,19
2026-08-02T15:53:58.035Z,deep_scan,20260802112912_1A-4-7-8-17-28C,30,28C,0,27,M145/2,AB6214,0,26
2026-08-02T15:54:28.087Z,deep_scan,20260802112912_1A-4-7-8-17-28C,30,28C,0,10,M148,AB5767,1,8
2026-08-02T15:54:28.087Z,deep_scan,20260802112912_1A-4-7-8-17-28C,30,28C,0,18,M227,AB5457,0,23
2026-08-02T15:54:28.087Z,deep_scan,20260802112912_1A-4-7-8-17-28C,30,28C,0,23,M98,AB4355,1,28
2026-08-02T15:54:28.087Z,deep_scan,20260802112912_1A-4-7-8-17-28C,30,28C,0,28,M165,AB6214,1,11
2026-08-02T15:54:58.030Z,deep_scan,20260802112912_1A-4-7-8-17-28C,30,28C,0,10,M148,AB5767,0,27
2026-08-02T15:54:58.030Z,deep_scan,20260802112912_1A-4-7-8-17-28C,30,28C,0,18,M227,AB5457,0,13
2026-08-02T15:54:58.030Z,deep_scan,20260802112912_1A-4-7-8-17-28C,30,28C,0,23,M98,AB4355,1,33
2026-08-02T15:54:58.030Z,deep_scan,20260802112912_1A-4-7-8-17-28C,30,28C,0,28,M165,AB6214,0,39
2026-08-02T15:55:28.096Z,deep_scan,20260802112912_1A-4-7-8-17-28C,30,28C,0,10,M148,AB5767,0,31
2026-08-02T15:55:28.096Z,deep_scan,20260802112912_1A-4-7-8-17-28C,30,28C,0,19,M244,AB5457,1,12
2026-08-02T15:55:28.096Z,deep_scan,20260802112912_1A-4-7-8-17-28C,30,28C,0,23,M98,AB4355,0,20
2026-08-02T15:55:28.096Z,deep_scan,20260802112912_1A-4-7-8-17-28C,30,28C,0,29,M163,AB6214,1,18
2026-08-02T15:55:58.047Z,deep_scan,20260802112912_1A-4-7-8-17-28C,30,28C,0,10,M148,AB5767,0,28
2026-08-02T15:55:58.047Z,deep_scan,20260802112912_1A-4-7-8-17-28C,30,28C,0,19,M244,AB5457,0,19
2026-08-02T15:55:58.047Z,deep_scan,20260802112912_1A-4-7-8-17-28C,30,28C,0,24,M88,AB4355,1,19
2026-08-02T15:55:58.047Z,deep_scan,20260802112912_1A-4-7-8-17-28C,30,28C,0,29,M163,AB6214,0,21
2026-08-02T15:56:28.134Z,deep_scan,20260802112912_1A-4-7-8-17-28C,30,28C,0,11,M76/1,AB5767,0,38
2026-08-02T15:56:28.134Z,deep_scan,20260802112912_1A-4-7-8-17-28C,30,28C,0,19,M244,AB5457,0,22
2026-08-02T15:56:28.134Z,deep_scan,20260802112912_1A-4-7-8-17-28C,30,28C,0,24,M88,AB4355,0,21
2026-08-02T15:56:28.134Z,deep_scan,20260802112912_1A-4-7-8-17-28C,30,28C,0,30,M160/2,AB6214,1,22
2026-08-02T15:56:58.124Z,deep_scan,20260802112912_1A-4-7-8-17-28C,30,28C,0,11,M76/1,AB5767,0,5
2026-08-02T15:56:58.124Z,deep_scan,20260802112912_1A-4-7-8-17-28C,30,28C,0,20,M216,AB5457,0,33
2026-08-02T15:56:58.124Z,deep_scan,20260802112912_1A-4-7-8-17-28C,30,28C,0,24,M88,AB4355,0,36
2026-08-02T15:56:58.124Z,deep_scan,20260802112912_1A-4-7-8-17-28C,30,28C,0,30,M160/2,AB6214,1,12
2026-08-02T15:57:28.151Z,deep_scan,20260802112912_1A-4-7-8-17-28C,30,28C,0,12,M84/1,AB5767,1,19
2026-08-02T15:57:28.151Z,deep_scan,20260802112912_1A-4-7-8-17-28C,30,28C,0,20,M216,AB5457,0,45
2026-08-02T15:57:28.151Z,deep_scan,20260802112912_1A-4-7-8-17-28C,30,28C,0,24,M88,AB4355,0,4
2026-08-02T15:57:28.151Z,deep_scan,20260802112912_1A-4-7-8-17-28C,30,28C,0,31,M158/1,AB6214,1,26
2026-08-02T15:57:58.097Z,deep_scan,20260802112912_1A-4-7-8-17-28C,30,28C,0,12,M84/1,AB5767,0,31
2026-08-02T15:57:58.097Z,deep_scan,20260802112912_1A-4-7-8-17-28C,30,28C,0,20,M216,AB5457,0,13
2026-08-02T15:57:58.097Z,deep_scan,20260802112912_1A-4-7-8-17-28C,30,28C,0,25,M72,AB4355,1,39
2026-08-02T15:57:58.097Z,deep_scan,20260802112912_1A-4-7-8-17-28C,30,28C,0,31,M158/1,AB6214,0,23
2026-08-02T15:58:28.131Z,deep_scan,20260802112912_1A-4-7-8-17-28C,30,28C,0,12,M84/1,AB5767,0,2
2026-08-02T15:58:28.131Z,deep_scan,20260802112912_1A-4-7-8-17-28C,30,28C,0,20,M216,AB5457,0,8
2026-08-02T15:58:28.131Z,deep_scan,20260802112912_1A-4-7-8-17-28C,30,28C,0,26,M149,AB4355,0,25
2026-08-02T15:58:28.131Z,deep_scan,20260802112912_1A-4-7-8-17-28C,30,28C,0,32,M161,AB6214,1,25
2026-08-02T15:58:58.082Z,deep_scan,20260802112912_1A-4-7-8-17-28C,30,28C,0,12,M84/1,AB5767,0,2
2026-08-02T15:58:58.082Z,deep_scan,20260802112912_1A-4-7-8-17-28C,30,28C,0,21,M225,AB5457,1,20
2026-08-02T15:58:58.082Z,deep_scan,20260802112912_1A-4-7-8-17-28C,30,28C,0,26,M149,AB4355,0,29
2026-08-02T15:58:58.082Z,deep_scan,20260802112912_1A-4-7-8-17-28C,30,28C,0,32,M161,AB6214,1,13
2026-08-02T15:59:28.174Z,deep_scan,20260802112912_1A-4-7-8-17-28C,30,28C,0,13,M92,AB5767,1,20
2026-08-02T15:59:28.174Z,deep_scan,20260802112912_1A-4-7-8-17-28C,30,28C,0,21,M225,AB5457,0,42
2026-08-02T15:59:28.174Z,deep_scan,20260802112912_1A-4-7-8-17-28C,30,28C,0,27,M145/2,AB4355,1,8
2026-08-02T15:59:28.174Z,deep_scan,20260802112912_1A-4-7-8-17-28C,30,28C,0,32,M161,AB6214,0,27
2026-08-02T15:59:58.136Z,deep_scan,20260802112912_1A-4-7-8-17-28C,30,28C,0,13,M92,AB5767,0,11
2026-08-02T15:59:58.136Z,deep_scan,20260802112912_1A-4-7-8-17-28C,30,28C,0,21,M225,AB5457,0,21
2026-08-02T15:59:58.136Z,deep_scan,20260802112912_1A-4-7-8-17-28C,30,28C,0,27,M145/2,AB4355,0,23
2026-08-02T15:59:58.136Z,deep_scan,20260802112912_1A-4-7-8-17-28C,30,28C,0,33,M70,AB6214,1,3
