timestamp,source,scan_id,poll_interval_sec,route,direction,station_index,staCode,busPlate,status,speed
2026-08-02T11:29:13.002Z,deep_scan,20260802112912_1A-4-7-8-17-28C,30,4,0,0,M26/2,AA6791,1,7
2026-08-02T11:29:13.002Z,deep_scan,20260802112912_1A-4-7-8-17-28C,30,4,0,4,M90,AA5954,1,4
2026-08-02T11:29:13.002Z,deep_scan,20260802112912_1A-4-7-8-17-28C,30,4,0,9,M134,AA7890,0,2
2026-08-02T11:29:43.116Z,deep_scan,20260802112912_1A-4-7-8-17-28C,30,4,0,0,M26/2,AA6791,1,9
2026-08-02T11:29:43.116Z,deep_scan,20260802112912_1A-4-7-8-17-28C,30,4,0,4,M90,AA5954,0,15
2026-08-02T11:29:43.116Z,deep_scan,20260802112912_1A-4-7-8-17-28C,30,4,0,9,M134,AA7890,0,2
2026-08-02T11:30:13.067Z,deep_scan,20260802112912_1A-4-7-8-17-28C,30,4,0,0,M26/2,AA6791,0,10
2026-08-02T11:30:13.067Z,deep_scan,20260802112912_1A-4-7-8-17-28C,30,4,0,4,M90,AA5954,0,19
2026-08-02T11:30:13.067Z,deep_scan,20260802112912_1A-4-7-8-17-28C,30,4,0,9,M134,AA7890,0,7
2026-08-02T11:30:43.114Z,deep_scan,20260802112912_1A-4-7-8-17-28C,30,4,0,0,M26/2,AA6791,0,11
2026-08-02T11:30:43.114Z,deep_scan,20260802112912_1A-4-7-8-17-28C,30,4,0,4,M90,AA5954,0,15
2026-08-02T11:30:43.114Z,deep_scan,20260802112912_1A-4-7-8-17-28C,30,4,0,9,M134,AA7890,0,7
2026-08-02T11:31:13.099Z,deep_scan,20260802112912_1A-4-7-8-17-28C,30,4,0,0,M26/2,AA6791,0,13
2026-08-02T11:31:13.099Z,deep_scan,20260802112912_1A-4-7-8-17-28C,30,4,0,4,M90,AA5954,0,15
2026-08-02T11:31:13.099Z,deep_scan,20260802112912_1A-4-7-8-17-28C,30,4,0,9,M134,AA7890,0,7
2026-08-02T11:31:43.055Z,deep_scan,20260802112912_1A-4-7-8-17-28C,30,4,0,0,M26/2,AA6791,0,24
2026-08-02T11:31:43.055Z,deep_scan,20260802112912_1A-4-7-8-17-28C,30,4,0,4,M90,AA5954,0,3
2026-08-02T11:31:43.055Z,deep_scan,20260802112912_1A-4-7-8-17-28C,30,4,0,9,M134,AA7890,0,7
2026-08-02T11:32:13.077Z,deep_scan,20260802112912_1A-4-7-8-17-28C,30,4,0,0,M26/2,AA6791,0,17
2026-08-02T11:32:13.077Z,deep_scan,20260802112912_1A-4-7-8-17-28C,30,4,0,5,M73/2,AA5954,1,14
2026-08-02T11:32:13.077Z,deep_scan,20260802112912_1A-4-7-8-17-28C,30,4,0,9,M134,AA7890,0,7
2026-08-02T11:32:43.079Z,deep_scan,20260802112912_1A-4-7-8-17-28C,30,4,0,0,M26/2,AA6791,0,11
2026-08-02T11:32:43.079Z,deep_scan,20260802112912_1A-4-7-8-17-28C,30,4,0,6,M152,AA5954,1,17
2026-08-02T11:32:43.079Z,deep_scan,20260802112912_1A-4-7-8-17-28C,30,4,0,9,M134,AA7890,0,7
2026-08-02T11:33:13.127Z,deep_scan,20260802112912_1A-4-7-8-17-28C,30,4,0,0,M26/2,AA6791,0,19
2026-08-02T11:33:13.127Z,deep_scan,20260802112912_1A-4-7-8-17-28C,30,4,0,6,M152,AA5954,1,18
2026-08-02T11:33:13.127Z,deep_scan,20260802112912_1A-4-7-8-17-28C,30,4,0,9,M134,AA7890,0,7
2026-08-02T11:33:43.071Z,deep_scan,20260802112912_1A-4-7-8-17-28C,30,4,0,2,M16/2,AA6791,1,3
2026-08-02T11:33:43.071Z,deep_scan,20260802112912_1A-4-7-8-17-28C,30,4,0,6,M152,AA5954,0,1
2026-08-02T11:33:43.071Z,deep_scan,20260802112912_1A-4-7-8-17-28C,30,4,0,9,M134,AA7890,0,7
2026-08-02T11:34:13.101Z,deep_scan,20260802112912_1A-4-7-8-17-28C,30,4,0,2,M16/2,AA6791,1,3
2026-08-02T11:34:13.101Z,deep_scan,20260802112912_1A-4-7-8-17-28C,30,4,0,6,M152,AA5954,0,20
2026-08-02T11:34:13.101Z,deep_scan,20260802112912_1A-4-7-8-17-28C,30,4,0,9,M134,AA7890,0,3
2026-08-02T11:34:43.096Z,deep_scan,20260802112912_1A-4-7-8-17-28C,30,4,0,2,M16/2,AA6791,1,5
2026-08-02T11:34:43.096Z,deep_scan,20260802112912_1A-4-7-8-17-28C,30,4,0,7,M146,AA5954,1,7
2026-08-02T11:34:43.096Z,deep_scan,20260802112912_1A-4-7-8-17-28C,30,4,0,9,M134,AA7890,0,3
2026-08-02T11:35:13.148Z,deep_scan,20260802112912_1A-4-7-8-17-28C,30,4,0,2,M16/2,AA6791,1,2
2026-08-02T11:35:13.148Z,deep_scan,20260802112912_1A-4-7-8-17-28C,30,4,0,7,M146,AA5954,1,8
2026-08-02T11:35:13.148Z,deep_scan,20260802112912_1A-4-7-8-17-28C,30,4,0,9,M134,AA7890,0,3
2026-08-02T11:35:43.099Z,deep_scan,20260802112912_1A-4-7-8-17-28C,30,4,0,2,M16/2,AA6791,1,2
2026-08-02T11:35:43.099Z,deep_scan,20260802112912_1A-4-7-8-17-28C,30,4,0,7,M146,AA5954,1,14
2026-08-02T11:35:43.099Z,deep_scan,20260802112912_1A-4-7-8-17-28C,30,4,0,9,M134,AA7890,0,6
2026-08-02T11:36:13.108Z,deep_scan,20260802112912_1A-4-7-8-17-28C,30,4,0,2,M16/2,AA6791,1,2
2026-08-02T11:36:13.108Z,deep_scan,20260802112912_1A-4-7-8-17-28C,30,4,0,7,M146,AA5954,0,15
2026-08-02T11:36:13.108Z,deep_scan,20260802112912_1A-4-7-8-17-28C,30,4,0,9,M134,AA7890,0,7
2026-08-02T11:36:43.119Z,deep_scan,20260802112912_1A-4-7-8-17-28C,30,4,0,2,M16/2,AA6791,0,15
2026-08-02T11:36:43.119Z,deep_scan,20260802112912_1A-4-7-8-17-28C,30,4,0,7,M146,AA5954,0,11
2026-08-02T11:36:43.119Z,deep_scan,20260802112912_1A-4-7-8-17-28C,30,4,0,9,M134,AA7890,0,11
2026-08-02T11:37:13.098Z,deep_scan,20260802112912_1A-4-7-8-17-28C,30,4,0,2,M16/2,AA6791,0,29
2026-08-02T11:37:13.098Z,deep_scan,20260802112912_1A-4-7-8-17-28C,30,4,0,8,M173,AA5954,1,15
2026-08-02T11:37:13.098Z,deep_scan,20260802112912_1A-4-7-8-17-28C,30,4,0,9,M134,AA7890,0,29
2026-08-02T11:37:43.143Z,deep_scan,20260802112912_1A-4-7-8-17-28C,30,4,0,2,M16/2,AA6791,0,4
2026-08-02T11:37:43.143Z,deep_scan,20260802112912_1A-4-7-8-17-28C,30,4,0,8,M173,AA5954,1,15
2026-08-02T11:37:43.143Z,deep_scan,20260802112912_1A-4-7-8-17-28C,30,4,0,9,M134,AA7890,0,26
2026-08-02T11:38:13.143Z,deep_scan,20260802112912_1A-4-7-8-17-28C,30,4,0,3,M101,AA6791,1,14
2026-08-02T11:38:13.143Z,deep_scan,20260802112912_1A-4-7-8-17-28C,30,4,0,8,M173,AA5954,1,15
2026-08-02T11:38:13.143Z,deep_scan,20260802112912_1A-4-7-8-17-28C,30,4,0,9,M134,AA7890,0,26
2026-08-02T11:38:43.139Z,deep_scan,20260802112912_1A-4-7-8-17-28C,30,4,0,3,M101,AA6791,1,19
2026-08-02T11:38:43.139Z,deep_scan,20260802112912_1A-4-7-8-17-28C,30,4,0,8,M173,AA5954,0,18
2026-08-02T11:38:43.139Z,deep_scan,20260802112912_1A-4-7-8-17-28C,30,4,0,10,M132/1,AA7890,1,17
2026-08-02T11:39:13.227Z,deep_scan,20260802112912_1A-4-7-8-17-28C,30,4,0,3,M101,AA6791,1,3
2026-08-02T11:39:13.227Z,deep_scan,20260802112912_1A-4-7-8-17-28C,30,4,0,8,M173,AA5954,0,24
2026-08-02T11:39:13.227Z,deep_scan,20260802112912_1A-4-7-8-17-28C,30,4,0,10,M132/1,AA7890,1,9
2026-08-02T11:39:43.168Z,deep_scan,20260802112912_1A-4-7-8-17-28C,30,4,0,4,M90,AA6791,0,5
2026-08-02T11:39:43.168Z,deep_scan,20260802112912_1A-4-7-8-17-28C,30,4,0,8,M173,AA5954,0,3
2026-08-02T11:39:43.168Z,deep_scan,20260802112912_1A-4-7-8-17-28C,30,4,0,10,M132/1,AA7890,1,9
2026-08-02T11:40:13.242Z,deep_scan,20260802112912_1A-4-7-8-17-28C,30,4,0,4,M90,AA6791,0,10
2026-08-02T11:40:13.242Z,deep_scan,20260802112912_1A-4-7-8-17-28C,30,4,0,8,M173,AA5954,0,6
2026-08-02T11:40:13.242Z,deep_scan,20260802112912_1A-4-7-8-17-28C,30,4,0,10,M132/1,AA7890,1,5
2026-08-02T11:40:43.201Z,deep_scan,20260802112912_1A-4-7-8-17-28C,30,4,0,4,M90,AA6791,0,14
2026-08-02T11:40:43.201Z,deep_scan,20260802112912_1A-4-7-8-17-28C,30,4,0,8,M173,AA5954,0,1
2026-08-02T11:40:43.201Z,deep_scan,20260802112912_1A-4-7-8-17-28C,30,4,0,10,M132/1,AA7890,0,24
2026-08-02T11:41:13.171Z,deep_scan,20260802112912_1A-4-7-8-17-28C,30,4,0,4,M90,AA6791,0,6
2026-08-02T11:41:13.171Z,deep_scan,20260802112912_1A-4-7-8-17-28C,30,4,0,8,M173,AA5954,0,1
2026-08-02T11:41:13.171Z,deep_scan,20260802112912_1A-4-7-8-17-28C,30,4,0,11,M129,AA7890,1,14
2026-08-02T11:41:43.220Z,deep_scan,20260802112912_1A-4-7-8-17-28C,30,4,0,4,M90,AA6791,0,11
2026-08-02T11:41:43.220Z,deep_scan,20260802112912_1A-4-7-8-17-28C,30,4,0,8,M173,AA5954,0,1
2026-08-02T11:41:43.220Z,deep_scan,20260802112912_1A-4-7-8-17-28C,30,4,0,11,M129,AA7890,1,14
2026-08-02T11:42:13.225Z,deep_scan,20260802112912_1A-4-7-8-17-28C,30,4,0,4,M90,AA6791,0,1
2026-08-02T11:42:13.225Z,deep_scan,20260802112912_1A-4-7-8-17-28C,30,4,0,8,M173,AA5954,0,1
2026-08-02T11:42:13.225Z,deep_scan,20260802112912_1A-4-7-8-17-28C,30,4,0,11,M129,AA7890,1,3
2026-08-02T11:42:43.234Z,deep_scan,20260802112912_1A-4-7-8-17-28C,30,4,0,4,M90,AA6791,0,12
2026-08-02T11:42:43.234Z,deep_scan,20260802112912_1A-4-7-8-17-28C,30,4,0,8,M173,AA5954,0,1
2026-08-02T11:42:43.234Z,deep_scan,20260802112912_1A-4-7-8-17-28C,30,4,0,11,M129,AA7890,0,5
2026-08-02T11:43:13.231Z,deep_scan,20260802112912_1A-4-7-8-17-28C,30,4,0,4,M90,AA6791,0,24
2026-08-02T11:43:13.231Z,deep_scan,20260802112912_1A-4-7-8-17-28C,30,4,0,8,M173,AA5954,0,1
2026-08-02T11:43:13.231Z,deep_scan,20260802112912_1A-4-7-8-17-28C,30,4,0,11,M129,AA7890,0,5
2026-08-02T11:43:43.270Z,deep_scan,20260802112912_1A-4-7-8-17-28C,30,4,0,5,M73/2,AA6791,1,12
2026-08-02T11:43:43.270Z,deep_scan,20260802112912_1A-4-7-8-17-28C,30,4,0,9,M134,AA5954,1,4
2026-08-02T11:43:43.270Z,deep_scan,20260802112912_1A-4-7-8-17-28C,30,4,0,11,M129,AA7890,0,33
2026-08-02T11:44:13.282Z,deep_scan,20260802112912_1A-4-7-8-17-28C,30,4,0,5,M73/2,AA6791,1,7
2026-08-02T11:44:13.282Z,deep_scan,20260802112912_1A-4-7-8-17-28C,30,4,0,9,M134,AA5954,1,1
2026-08-02T11:44:13.282Z,deep_scan,20260802112912_1A-4-7-8-17-28C,30,4,0,12,M128,AA7890,0,36
2026-08-02T11:44:43.251Z,deep_scan,20260802112912_1A-4-7-8-17-28C,30,4,0,6,M152,AA6791,1,32
2026-08-02T11:44:43.251Z,deep_scan,20260802112912_1A-4-7-8-17-28C,30,4,0,9,M134,AA5954,1,1
2026-08-02T11:44:43.251Z,deep_scan,20260802112912_1A-4-7-8-17-28C,30,4,0,12,M128,AA7890,0,12
2026-08-02T11:45:13.265Z,deep_scan,20260802112912_1A-4-7-8-17-28C,30,4,0,6,M152,AA6791,1,18
2026-08-02T11:45:13.265Z,deep_scan,20260802112912_1A-4-7-8-17-28C,30,4,0,9,M134,AA5954,1,1
2026-08-02T11:45:13.265Z,deep_scan,20260802112912_1A-4-7-8-17-28C,30,4,0,12,M128,AA7890,0,12
2026-08-02T11:45:43.227Z,deep_scan,20260802112912_1A-4-7-8-17-28C,30,4,0,6,M152,AA6791,0,23
2026-08-02T11:45:43.227Z,deep_scan,20260802112912_1A-4-7-8-17-28C,30,4,0,9,M134,AA5954,1,1
2026-08-02T11:45:43.227Z,deep_scan,20260802112912_1A-4-7-8-17-28C,30,4,0,12,M128,AA7890,0,22
2026-08-02T11:46:13.291Z,deep_scan,20260802112912_1A-4-7-8-17-28C,30,4,0,6,M152,AA6791,0,5
2026-08-02T11:46:13.291Z,deep_scan,20260802112912_1A-4-7-8-17-28C,30,4,0,9,M134,AA5954,1,4
2026-08-02T11:46:13.291Z,deep_scan,20260802112912_1A-4-7-8-17-28C,30,4,0,13,M130,AA7890,1,1
2026-08-02T11:46:43.361Z,deep_scan,20260802112912_1A-4-7-8-17-28C,30,4,0,6,M152,AA6791,0,16
2026-08-02T11:46:43.361Z,deep_scan,20260802112912_1A-4-7-8-17-28C,30,4,0,9,M134,AA5954,1,4
2026-08-02T11:46:43.361Z,deep_scan,20260802112912_1A-4-7-8-17-28C,30,4,0,13,M130,AA7890,0,19
2026-08-02T11:47:13.351Z,deep_scan,20260802112912_1A-4-7-8-17-28C,30,4,0,7,M146,AA6791,1,16
2026-08-02T11:47:13.351Z,deep_scan,20260802112912_1A-4-7-8-17-28C,30,4,0,9,M134,AA5954,1,4
2026-08-02T11:47:13.351Z,deep_scan,20260802112912_1A-4-7-8-17-28C,30,4,0,13,M130,AA7890,0,13
2026-08-02T11:47:43.316Z,deep_scan,20260802112912_1A-4-7-8-17-28C,30,4,0,7,M146,AA6791,1,5
2026-08-02T11:47:43.316Z,deep_scan,20260802112912_1A-4-7-8-17-28C,30,4,0,9,M134,AA5954,1,1
2026-08-02T11:47:43.316Z,deep_scan,20260802112912_1A-4-7-8-17-28C,30,4,0,13,M130,AA7890,0,29
2026-08-02T11:48:13.257Z,deep_scan,20260802112912_1A-4-7-8-17-28C,30,4,0,7,M146,AA6791,0,29
2026-08-02T11:48:13.257Z,deep_scan,20260802112912_1A-4-7-8-17-28C,30,4,0,9,M134,AA5954,1,2
2026-08-02T11:48:13.257Z,deep_scan,20260802112912_1A-4-7-8-17-28C,30,4,0,13,M130,AA7890,0,27
2026-08-02T11:48:43.252Z,deep_scan,20260802112912_1A-4-7-8-17-28C,30,4,0,8,M173,AA6791,1,10
2026-08-02T11:48:43.252Z,deep_scan,20260802112912_1A-4-7-8-17-28C,30,4,0,9,M134,AA5954,0,3
2026-08-02T11:48:43.252Z,deep_scan,20260802112912_1A-4-7-8-17-28C,30,4,0,13,M130,AA7890,0,4
2026-08-02T11:49:13.307Z,deep_scan,20260802112912_1A-4-7-8-17-28C,30,4,0,8,M173,AA6791,1,8
2026-08-02T11:49:13.307Z,deep_scan,20260802112912_1A-4-7-8-17-28C,30,4,0,9,M134,AA5954,0,9
2026-08-02T11:49:13.307Z,deep_scan,20260802112912_1A-4-7-8-17-28C,30,4,0,14,M26/2,AA7890,1,0
2026-08-02T11:49:43.276Z,deep_scan,20260802112912_1A-4-7-8-17-28C,30,4,0,8,M173,AA6791,1,10
2026-08-02T11:49:43.276Z,deep_scan,20260802112912_1A-4-7-8-17-28C,30,4,0,9,M134,AA5954,0,7
2026-08-02T11:49:43.276Z,deep_scan,20260802112912_1A-4-7-8-17-28C,30,4,0,14,M26/2,AA7890,1,0
2026-08-02T11:50:13.282Z,deep_scan,20260802112912_1A-4-7-8-17-28C,30,4,0,8,M173,AA6791,0,10
2026-08-02T11:50:13.282Z,deep_scan,20260802112912_1A-4-7-8-17-28C,30,4,0,9,M134,AA5954,0,6
2026-08-02T11:50:13.282Z,deep_scan,20260802112912_1A-4-7-8-17-28C,30,4,0,14,M26/2,AA7890,1,0
2026-08-02T11:50:43.289Z,deep_scan,20260802112912_1A-4-7-8-17-28C,30,4,0,8,M173,AA6791,0,11
2026-08-02T11:50:43.289Z,deep_scan,20260802112912_1A-4-7-8-17-28C,30,4,0,9,M134,AA5954,0,6
2026-08-02T11:50:43.289Z,deep_scan,20260802112912_1A-4-7-8-17-28C,30,4,0,14,M26/2,AA7890,1,0
2026-08-02T11:51:13.293Z,deep_scan,20260802112912_1A-4-7-8-17-28C,30,4,0,8,M173,AA6791,0,26
2026-08-02T11:51:13.293Z,deep_scan,20260802112912_1A-4-7-8-17-28C,30,4,0,10,M132/1,AA5954,1,11
2026-08-02T11:51:13.293Z,deep_scan,20260802112912_1A-4-7-8-17-28C,30,4,0,14,M26/2,AA7890,1,0
2026-08-02T11:51:43.330Z,deep_scan,20260802112912_1A-4-7-8-17-28C,30,4,0,2,M16/2,AA5506,1,4
2026-08-02T11:51:43.330Z,deep_scan,20260802112912_1A-4-7-8-17-28C,30,4,0,8,M173,AA6791,0,10
2026-08-02T11:51:43.330Z,deep_scan,20260802112912_1A-4-7-8-17-28C,30,4,0,10,M132/1,AA5954,1,3
2026-08-02T11:51:43.330Z,deep_scan,20260802112912_1A-4-7-8-17-28C,30,4,0,14,M26/2,AA7890,1,0
2026-08-02T11:52:13.362Z,deep_scan,20260802112912_1A-4-7-8-17-28C,30,4,0,2,M16/2,AA5506,1,2
2026-08-02T11:52:13.362Z,deep_scan,20260802112912_1A-4-7-8-17-28C,30,4,0,8,M173,AA6791,0,4
2026-08-02T11:52:13.362Z,deep_scan,20260802112912_1A-4-7-8-17-28C,30,4,0,10,M132/1,AA5954,1,8
2026-08-02T11:52:13.362Z,deep_scan,20260802112912_1A-4-7-8-17-28C,30,4,0,14,M26/2,AA7890,1,0
2026-08-02T11:52:43.327Z,deep_scan,20260802112912_1A-4-7-8-17-28C,30,4,0,2,M16/2,AA5506,1,2
2026-08-02T11:52:43.327Z,deep_scan,20260802112912_1A-4-7-8-17-28C,30,4,0,8,M173,AA6791,0,4
2026-08-02T11:52:43.327Z,deep_scan,20260802112912_1A-4-7-8-17-28C,30,4,0,10,M132/1,AA5954,1,10
2026-08-02T11:52:43.327Z,deep_scan,20260802112912_1A-4-7-8-17-28C,30,4,0,14,M26/2,AA7890,1,0
2026-08-02T11:53:13.413Z,deep_scan,20260802112912_1A-4-7-8-17-28C,30,4,0,2,M16/2,AA5506,1,2
2026-08-02T11:53:13.413Z,deep_scan,20260802112912_1A-4-7-8-17-28C,30,4,0,8,M173,AA6791,0,7
2026-08-02T11:53:13.413Z,deep_scan,20260802112912_1A-4-7-8-17-28C,30,4,0,10,M132/1,AA5954,0,16
2026-08-02T11:53:43.428Z,deep_scan,20260802112912_1A-4-7-8-17-28C,30,4,0,2,M16/2,AA5506,1,12
2026-08-02T11:53:43.428Z,deep_scan,20260802112912_1A-4-7-8-17-28C,30,4,0,8,M173,AA6791,0,7
2026-08-02T11:53:43.428Z,deep_scan,20260802112912_1A-4-7-8-17-28C,30,4,0,11,M129,AA5954,1,11
2026-08-02T11:54:13.368Z,deep_scan,20260802112912_1A-4-7-8-17-28C,30,4,0,2,M16/2,AA5506,0,5
2026-08-02T11:54:13.368Z,deep_scan,20260802112912_1A-4-7-8-17-28C,30,4,0,8,M173,AA6791,0,9
2026-08-02T11:54:13.368Z,deep_scan,20260802112912_1A-4-7-8-17-28C,30,4,0,11,M129,AA5954,1,9
2026-08-02T11:54:43.370Z,deep_scan,20260802112912_1A-4-7-8-17-28C,30,4,0,2,M16/2,AA5506,0,17
2026-08-02T11:54:43.370Z,deep_scan,20260802112912_1A-4-7-8-17-28C,30,4,0,8,M173,AA6791,0,9
2026-08-02T11:54:43.370Z,deep_scan,20260802112912_1A-4-7-8-17-28C,30,4,0,11,M129,AA5954,0,22
2026-08-02T11:55:13.294Z,deep_scan,20260802112912_1A-4-7-8-17-28C,30,4,0,3,M101,AA5506,1,21
2026-08-02T11:55:13.294Z,deep_scan,20260802112912_1A-4-7-8-17-28C,30,4,0,8,M173,AA6791,0,9
2026-08-02T11:55:13.294Z,deep_scan,20260802112912_1A-4-7-8-17-28C,30,4,0,11,M129,AA5954,0,42
2026-08-02T11:55:43.319Z,deep_scan,20260802112912_1A-4-7-8-17-28C,30,4,0,3,M101,AA5506,1,4
2026-08-02T11:55:43.319Z,deep_scan,20260802112912_1A-4-7-8-17-28C,30,4,0,8,M173,AA6791,0,9
2026-08-02T11:55:43.319Z,deep_scan,20260802112912_1A-4-7-8-17-28C,30,4,0,12,M128,AA5954,1,35
2026-08-02T11:56:14.379Z,deep_scan,20260802112912_1A-4-7-8-17-28C,30,4,0,3,M101,AA5506,1,4
2026-08-02T11:56:14.379Z,deep_scan,20260802112912_1A-4-7-8-17-28C,30,4,0,8,M173,AA6791,0,9
2026-08-02T11:56:14.379Z,deep_scan,20260802112912_1A-4-7-8-17-28C,30,4,0,12,M128,AA5954,0,8
2026-08-02T11:56:43.402Z,deep_scan,20260802112912_1A-4-7-8-17-28C,30,4,0,3,M101,AA5506,0,18
2026-08-02T11:56:43.402Z,deep_scan,20260802112912_1A-4-7-8-17-28C,30,4,0,8,M173,AA6791,0,9
2026-08-02T11:56:43.402Z,deep_scan,20260802112912_1A-4-7-8-17-28C,30,4,0,13,M130,AA5954,1,15
2026-08-02T11:57:13.369Z,deep_scan,20260802112912_1A-4-7-8-17-28C,30,4,0,4,M90,AA5506,1,17
2026-08-02T11:57:13.369Z,deep_scan,20260802112912_1A-4-7-8-17-28C,30,4,0,9,M134,AA6791,1,7
2026-08-02T11:57:13.369Z,deep_scan,20260802112912_1A-4-7-8-17-28C,30,4,0,13,M130,AA5954,1,2
2026-08-02T11:57:43.381Z,deep_scan,20260802112912_1A-4-7-8-17-28C,30,4,0,4,M90,AA5506,0,21
2026-08-02T11:57:43.381Z,deep_scan,20260802112912_1A-4-7-8-17-28C,30,4,0,9,M134,AA6791,1,7
2026-08-02T11:57:43.381Z,deep_scan,20260802112912_1A-4-7-8-17-28C,30,4,0,13,M130,AA5954,0,16
2026-08-02T11:58:13.392Z,deep_scan,20260802112912_1A-4-7-8-17-28C,30,4,0,4,M90,AA5506,0,11
2026-08-02T11:58:13.392Z,deep_scan,20260802112912_1A-4-7-8-17-28C,30,4,0,9,M134,AA6791,1,7
2026-08-02T11:58:13.392Z,deep_scan,20260802112912_1A-4-7-8-17-28C,30,4,0,13,M130,AA5954,0,19
2026-08-02T11:58:43.406Z,deep_scan,20260802112912_1A-4-7-8-17-28C,30,4,0,4,M90,AA5506,0,21
2026-08-02T11:58:43.406Z,deep_scan,20260802112912_1A-4-7-8-17-28C,30,4,0,9,M134,AA6791,1,7
2026-08-02T11:58:43.406Z,deep_scan,20260802112912_1A-4-7-8-17-28C,30,4,0,14,M26/2,AA5954,1,0
2026-08-02T11:59:13.385Z,deep_scan,20260802112912_1A-4-7-8-17-28C,30,4,0,4,M90,AA5506,0,21
2026-08-02T11:59:13.385Z,deep_scan,20260802112912_1A-4-7-8-17-28C,30,4,0,9,M134,AA6791,1,9
2026-08-02T11:59:13.385Z,deep_scan,20260802112912_1A-4-7-8-17-28C,30,4,0,14,M26/2,AA5954,1,0
2026-08-02T11:59:43.433Z,deep_scan,20260802112912_1A-4-7-8-17-28C,30,4,0,4,M90,AA5506,0,11
2026-08-02T11:59:43.433Z,deep_scan,20260802112912_1A-4-7-8-17-28C,30,4,0,9,M134,AA6791,1,9
2026-08-02T11:59:43.433Z,deep_scan,20260802112912_1A-4-7-8-17-28C,30,4,0,14,M26/2,AA5954,1,0
2026-08-02T12:00:13.525Z,deep_scan,20260802112912_1A-4-7-8-17-28C,30,4,0,5,M73/2,AA5506,1,2
2026-08-02T12:00:13.525Z,deep_scan,20260802112912_1A-4-7-8-17-28C,30,4,0,9,M134,AA6791,1,4
2026-08-02T12:00:13.525Z,deep_scan,20260802112912_1A-4-7-8-17-28C,30,4,0,14,M26/2,AA5954,1,0
2026-08-02T12:00:43.399Z,deep_scan,20260802112912_1A-4-7-8-17-28C,30,4,0,5,M73/2,AA5506,1,14
2026-08-02T12:00:43.399Z,deep_scan,20260802112912_1A-4-7-8-17-28C,30,4,0,9,M134,AA6791,1,4
2026-08-02T12:00:43.399Z,deep_scan,20260802112912_1A-4-7-8-17-28C,30,4,0,14,M26/2,AA5954,1,0
2026-08-02T12:01:13.461Z,deep_scan,20260802112912_1A-4-7-8-17-28C,30,4,0,5,M73/2,AA5506,0,19
2026-08-02T12:01:13.461Z,deep_scan,20260802112912_1A-4-7-8-17-28C,30,4,0,9,M134,AA6791,1,3
2026-08-02T12:01:13.461Z,deep_scan,20260802112912_1A-4-7-8-17-28C,30,4,0,14,M26/2,AA5954,1,0
2026-08-02T12:01:43.471Z,deep_scan,20260802112912_1A-4-7-8-17-28C,30,4,0,6,M152,AA5506,1,29
2026-08-02T12:01:43.471Z,deep_scan,20260802112912_1A-4-7-8-17-28C,30,4,0,9,M134,AA6791,0,10
2026-08-02T12:01:43.471Z,deep_scan,20260802112912_1A-4-7-8-17-28C,30,4,0,14,M26/2,AA5954,1,0
2026-08-02T12:02:13.485Z,deep_scan,20260802112912_1A-4-7-8-17-28C,30,4,0,0,M26/2,AA7890,1,15
2026-08-02T12:02:13.485Z,deep_scan,20260802112912_1A-4-7-8-17-28C,30,4,0,6,M152,AA5506,0,17
2026-08-02T12:02:13.485Z,deep_scan,20260802112912_1A-4-7-8-17-28C,30,4,0,9,M134,AA6791,0,17
2026-08-02T12:02:13.485Z,deep_scan,20260802112912_1A-4-7-8-17-28C,30,4,0,14,M26/2,AA5954,1,0
2026-08-02T12:02:43.485Z,deep_scan,20260802112912_1A-4-7-8-17-28C,30,4,0,0,M26/2,AA7890,0,11
2026-08-02T12:02:43.485Z,deep_scan,20260802112912_1A-4-7-8-17-28C,30,4,0,6,M152,AA5506,0,18
2026-08-02T12:02:43.485Z,deep_scan,20260802112912_1A-4-7-8-17-28C,30,4,0,9,M134,AA6791,0,4
2026-08-02T12:02:43.485Z,deep_scan,20260802112912_1A-4-7-8-17-28C,30,4,0,14,M26/2,AA5954,1,0
2026-08-02T12:03:13.486Z,deep_scan,20260802112912_1A-4-7-8-17-28C,30,4,0,0,M26/2,AA7890,0,49
2026-08-02T12:03:13.486Z,deep_scan,20260802112912_1A-4-7-8-17-28C,30,4,0,7,M146,AA5506,1,5
2026-08-02T12:03:13.486Z,deep_scan,20260802112912_1A-4-7-8-17-28C,30,4,0,9,M134,AA6791,0,25
2026-08-02T12:03:43.457Z,deep_scan,20260802112912_1A-4-7-8-17-28C,30,4,0,0,M26/2,AA7890,0,8
2026-08-02T12:03:43.457Z,deep_scan,20260802112912_1A-4-7-8-17-28C,30,4,0,7,M146,AA5506,1,2
2026-08-02T12:03:43.457Z,deep_scan,20260802112912_1A-4-7-8-17-28C,30,4,0,9,M134,AA6791,0,9
2026-08-02T12:04:13.460Z,deep_scan,20260802112912_1A-4-7-8-17-28C,30,4,0,0,M26/2,AA7890,0,20
2026-08-02T12:04:13.460Z,deep_scan,20260802112912_1A-4-7-8-17-28C,30,4,0,7,M146,AA5506,0,16
2026-08-02T12:04:13.460Z,deep_scan,20260802112912_1A-4-7-8-17-28C,30,4,0,9,M134,AA6791,0,9
2026-08-02T12:04:43.552Z,deep_scan,20260802112912_1A-4-7-8-17-28C,30,4,0,0,M26/2,AA7890,0,4
2026-08-02T12:04:43.552Z,deep_scan,20260802112912_1A-4-7-8-17-28C,30,4,0,7,M146,AA5506,0,2
2026-08-02T12:04:43.552Z,deep_scan,20260802112912_1A-4-7-8-17-28C,30,4,0,9,M134,AA6791,0,18
2026-08-02T12:05:13.551Z,deep_scan,20260802112912_1A-4-7-8-17-28C,30,4,0,0,M26/2,AA7890,0,7
2026-08-02T12:05:13.551Z,deep_scan,20260802112912_1A-4-7-8-17-28C,30,4,0,8,M173,AA5506,0,23
2026-08-02T12:05:13.551Z,deep_scan,20260802112912_1A-4-7-8-17-28C,30,4,0,10,M132/1,AA6791,1,31
2026-08-02T12:05:43.479Z,deep_scan,20260802112912_1A-4-7-8-17-28C,30,4,0,0,M26/2,AA7890,0,31
2026-08-02T12:05:43.479Z,deep_scan,20260802112912_1A-4-7-8-17-28C,30,4,0,8,M173,AA5506,0,36
2026-08-02T12:05:43.479Z,deep_scan,20260802112912_1A-4-7-8-17-28C,30,4,0,10,M132/1,AA6791,1,31
2026-08-02T12:06:13.550Z,deep_scan,20260802112912_1A-4-7-8-17-28C,30,4,0,0,M26/2,AA7890,0,19
2026-08-02T12:06:13.550Z,deep_scan,20260802112912_1A-4-7-8-17-28C,30,4,0,8,M173,AA5506,0,36
2026-08-02T12:06:13.550Z,deep_scan,20260802112912_1A-4-7-8-17-28C,30,4,0,10,M132/1,AA6791,0,12
2026-08-02T12:06:43.514Z,deep_scan,20260802112912_1A-4-7-8-17-28C,30,4,0,2,M16/2,AA7890,1,9
2026-08-02T12:06:43.514Z,deep_scan,20260802112912_1A-4-7-8-17-28C,30,4,0,8,M173,AA5506,0,36
2026-08-02T12:06:43.514Z,deep_scan,20260802112912_1A-4-7-8-17-28C,30,4,0,10,M132/1,AA6791,0,14
2026-08-02T12:07:13.542Z,deep_scan,20260802112912_1A-4-7-8-17-28C,30,4,0,2,M16/2,AA7890,0,12
2026-08-02T12:07:13.542Z,deep_scan,20260802112912_1A-4-7-8-17-28C,30,4,0,8,M173,AA5506,0,13
2026-08-02T12:07:13.542Z,deep_scan,20260802112912_1A-4-7-8-17-28C,30,4,0,11,M129,AA6791,1,26
2026-08-02T12:07:43.550Z,deep_scan,20260802112912_1A-4-7-8-17-28C,30,4,0,2,M16/2,AA7890,0,2
2026-08-02T12:07:43.550Z,deep_scan,20260802112912_1A-4-7-8-17-28C,30,4,0,8,M173,AA5506,0,5
2026-08-02T12:07:43.550Z,deep_scan,20260802112912_1A-4-7-8-17-28C,30,4,0,11,M129,AA6791,0,22
2026-08-02T12:08:13.523Z,deep_scan,20260802112912_1A-4-7-8-17-28C,30,4,0,2,M16/2,AA7890,0,2
2026-08-02T12:08:13.523Z,deep_scan,20260802112912_1A-4-7-8-17-28C,30,4,0,8,M173,AA5506,0,5
2026-08-02T12:08:13.523Z,deep_scan,20260802112912_1A-4-7-8-17-28C,30,4,0,11,M129,AA6791,0,4
2026-08-02T12:08:43.540Z,deep_scan,20260802112912_1A-4-7-8-17-28C,30,4,0,3,M101,AA7890,1,10
2026-08-02T12:08:43.540Z,deep_scan,20260802112912_1A-4-7-8-17-28C,30,4,0,8,M173,AA5506,0,5
2026-08-02T12:08:43.540Z,deep_scan,20260802112912_1A-4-7-8-17-28C,30,4,0,11,M129,AA6791,0,3
2026-08-02T12:09:13.548Z,deep_scan,20260802112912_1A-4-7-8-17-28C,30,4,0,3,M101,AA7890,0,10
2026-08-02T12:09:13.548Z,deep_scan,20260802112912_1A-4-7-8-17-28C,30,4,0,8,M173,AA5506,0,15
2026-08-02T12:09:13.548Z,deep_scan,20260802112912_1A-4-7-8-17-28C,30,4,0,11,M129,AA6791,0,10
2026-08-02T12:09:43.540Z,deep_scan,20260802112912_1A-4-7-8-17-28C,30,4,0,3,M101,AA7890,0,3
2026-08-02T12:09:43.540Z,deep_scan,20260802112912_1A-4-7-8-17-28C,30,4,0,8,M173,AA5506,0,15
2026-08-02T12:09:43.540Z,deep_scan,20260802112912_1A-4-7-8-17-28C,30,4,0,12,M128,AA6791,1,17
2026-08-02T12:10:13.521Z,deep_scan,20260802112912_1A-4-7-8-17-28C,30,4,0,3,M101,AA7890,0,5
2026-08-02T12:10:13.521Z,deep_scan,20260802112912_1A-4-7-8-17-28C,30,4,0,8,M173,AA5506,0,1
2026-08-02T12:10:13.521Z,deep_scan,20260802112912_1A-4-7-8-17-28C,30,4,0,12,M128,AA6791,0,17
2026-08-02T12:10:43.567Z,deep_scan,20260802112912_1A-4-7-8-17-28C,30,4,0,4,M90,AA7890,1,26
2026-08-02T12:10:43.567Z,deep_scan,20260802112912_1A-4-7-8-17-28C,30,4,0,8,M173,AA5506,0,1
2026-08-02T12:10:43.567Z,deep_scan,20260802112912_1A-4-7-8-17-28C,30,4,0,12,M128,AA6791,0,11
2026-08-02T12:11:13.525Z,deep_scan,20260802112912_1A-4-7-8-17-28C,30,4,0,4,M90,AA7890,1,10
2026-08-02T12:11:13.525Z,deep_scan,20260802112912_1A-4-7-8-17-28C,30,4,0,8,M173,AA5506,0,1
2026-08-02T12:11:13.525Z,deep_scan,20260802112912_1A-4-7-8-17-28C,30,4,0,13,M130,AA6791,1,15
2026-08-02T12:11:43.605Z,deep_scan,20260802112912_1A-4-7-8-17-28C,30,4,0,4,M90,AA7890,0,19
2026-08-02T12:11:43.605Z,deep_scan,20260802112912_1A-4-7-8-17-28C,30,4,0,8,M173,AA5506,0,1
2026-08-02T12:11:43.605Z,deep_scan,20260802112912_1A-4-7-8-17-28C,30,4,0,13,M130,AA6791,1,7
2026-08-02T12:12:13.558Z,deep_scan,20260802112912_1A-4-7-8-17-28C,30,4,0,4,M90,AA7890,0,6
2026-08-02T12:12:13.558Z,deep_scan,20260802112912_1A-4-7-8-17-28C,30,4,0,8,M173,AA5506,0,1
2026-08-02T12:12:13.558Z,deep_scan,20260802112912_1A-4-7-8-17-28C,30,4,0,13,M130,AA6791,0,15
2026-08-02T12:12:43.595Z,deep_scan,20260802112912_1A-4-7-8-17-28C,30,4,0,4,M90,AA7890,0,5
2026-08-02T12:12:43.595Z,deep_scan,20260802112912_1A-4-7-8-17-28C,30,4,0,8,M173,AA5506,0,1
2026-08-02T12:12:43.595Z,deep_scan,20260802112912_1A-4-7-8-17-28C,30,4,0,13,M130,AA6791,0,14
2026-08-02T12:13:13.574Z,deep_scan,20260802112912_1A-4-7-8-17-28C,30,4,0,4,M90,AA7890,0,5
2026-08-02T12:13:13.574Z,deep_scan,20260802112912_1A-4-7-8-17-28C,30,4,0,8,M173,AA5506,0,1
2026-08-02T12:13:13.574Z,deep_scan,20260802112912_1A-4-7-8-17-28C,30,4,0,13,M130,AA6791,0,5
2026-08-02T12:13:43.593Z,deep_scan,20260802112912_1A-4-7-8-17-28C,30,4,0,4,M90,AA7890,0,21
2026-08-02T12:13:43.593Z,deep_scan,20260802112912_1A-4-7-8-17-28C,30,4,0,8,M173,AA5506,0,1
2026-08-02T12:13:43.593Z,deep_scan,20260802112912_1A-4-7-8-17-28C,30,4,0,14,M26/2,AA6791,1,0
2026-08-02T12:14:13.612Z,deep_scan,20260802112912_1A-4-7-8-17-28C,30,4,0,4,M90,AA7890,0,2
2026-08-02T12:14:13.612Z,deep_scan,20260802112912_1A-4-7-8-17-28C,30,4,0,8,M173,AA5506,0,1
2026-08-02T12:14:13.612Z,deep_scan,20260802112912_1A-4-7-8-17-28C,30,4,0,14,M26/2,AA6791,1,0
2026-08-02T12:14:43.618Z,deep_scan,20260802112912_1A-4-7-8-17-28C,30,4,0,5,M73/2,AA7890,0,17
2026-08-02T12:14:43.618Z,deep_scan,20260802112912_1A-4-7-8-17-28C,30,4,0,8,M173,AA5506,0,1
2026-08-02T12:14:43.618Z,deep_scan,20260802112912_1A-4-7-8-17-28C,30,4,0,14,M26/2,AA6791,1,0
2026-08-02T12:15:13.619Z,deep_scan,20260802112912_1A-4-7-8-17-28C,30,4,0,6,M152,AA7890,1,2
2026-08-02T12:15:13.619Z,deep_scan,20260802112912_1A-4-7-8-17-28C,30,4,0,8,M173,AA5506,0,1
2026-08-02T12:15:13.619Z,deep_scan,20260802112912_1A-4-7-8-17-28C,30,4,0,14,M26/2,AA6791,1,0
2026-08-02T12:15:43.635Z,deep_scan,20260802112912_1A-4-7-8-17-28C,30,4,0,6,M152,AA7890,0,4
2026-08-02T12:15:43.635Z,deep_scan,20260802112912_1A-4-7-8-17-28C,30,4,0,8,M173,AA5506,0,1
2026-08-02T12:15:43.635Z,deep_scan,20260802112912_1A-4-7-8-17-28C,30,4,0,14,M26/2,AA6791,1,0
2026-08-02T12:16:13.535Z,deep_scan,20260802112912_1A-4-7-8-17-28C,30,4,0,6,M152,AA7890,0,19
2026-08-02T12:16:13.535Z,deep_scan,20260802112912_1A-4-7-8-17-28C,30,4,0,8,M173,AA5506,0,1
2026-08-02T12:16:13.535Z,deep_scan,20260802112912_1A-4-7-8-17-28C,30,4,0,14,M26/2,AA6791,1,0
2026-08-02T12:16:43.614Z,deep_scan,20260802112912_1A-4-7-8-17-28C,30,4,0,6,M152,AA7890,0,14
2026-08-02T12:16:43.614Z,deep_scan,20260802112912_1A-4-7-8-17-28C,30,4,0,8,M173,AA5506,0,1
2026-08-02T12:16:43.614Z,deep_scan,20260802112912_1A-4-7-8-17-28C,30,4,0,14,M26/2,AA6791,1,0
2026-08-02T12:17:13.671Z,deep_scan,20260802112912_1A-4-7-8-17-28C,30,4,0,7,M146,AA7890,1,2
2026-08-02T12:17:13.671Z,deep_scan,20260802112912_1A-4-7-8-17-28C,30,4,0,8,M173,AA5506,0,1
2026-08-02T12:17:13.671Z,deep_scan,20260802112912_1A-4-7-8-17-28C,30,4,0,14,M26/2,AA6791,1,0
2026-08-02T12:17:43.639Z,deep_scan,20260802112912_1A-4-7-8-17-28C,30,4,0,7,M146,AA7890,1,10
2026-08-02T12:17:43.639Z,deep_scan,20260802112912_1A-4-7-8-17-28C,30,4,0,9,M134,AA5506,1,7
2026-08-02T12:18:13.680Z,deep_scan,20260802112912_1A-4-7-8-17-28C,30,4,0,7,M146,AA7890,1,10
2026-08-02T12:18:13.680Z,deep_scan,20260802112912_1A-4-7-8-17-28C,30,4,0,9,M134,AA5506,0,7
2026-08-02T12:18:43.735Z,deep_scan,20260802112912_1A-4-7-8-17-28C,30,4,0,7,M146,AA7890,0,22
2026-08-02T12:18:43.735Z,deep_scan,20260802112912_1A-4-7-8-17-28C,30,4,0,9,M134,AA5506,0,7
2026-08-02T12:19:13.690Z,deep_scan,20260802112912_1A-4-7-8-17-28C,30,4,0,7,M146,AA7890,0,7
2026-08-02T12:19:13.690Z,deep_scan,20260802112912_1A-4-7-8-17-28C,30,4,0,9,M134,AA5506,0,7
2026-08-02T12:19:43.711Z,deep_scan,20260802112912_1A-4-7-8-17-28C,30,4,0,8,M173,AA7890,1,3
2026-08-02T12:19:43.711Z,deep_scan,20260802112912_1A-4-7-8-17-28C,30,4,0,9,M134,AA5506,0,7
2026-08-02T12:20:13.662Z,deep_scan,20260802112912_1A-4-7-8-17-28C,30,4,0,8,M173,AA7890,1,5
2026-08-02T12:20:13.662Z,deep_scan,20260802112912_1A-4-7-8-17-28C,30,4,0,9,M134,AA5506,0,12
2026-08-02T12:20:43.766Z,deep_scan,20260802112912_1A-4-7-8-17-28C,30,4,0,8,M173,AA7890,1,1
2026-08-02T12:20:43.766Z,deep_scan,20260802112912_1A-4-7-8-17-28C,30,4,0,9,M134,AA5506,0,12
2026-08-02T12:21:13.710Z,deep_scan,20260802112912_1A-4-7-8-17-28C,30,4,0,8,M173,AA7890,0,14
2026-08-02T12:21:13.710Z,deep_scan,20260802112912_1A-4-7-8-17-28C,30,4,0,9,M134,AA5506,0,8
2026-08-02T12:21:43.733Z,deep_scan,20260802112912_1A-4-7-8-17-28C,30,4,0,0,M26/2,AA5954,1,6
2026-08-02T12:21:43.733Z,deep_scan,20260802112912_1A-4-7-8-17-28C,30,4,0,8,M173,AA7890,0,12
2026-08-02T12:21:43.733Z,deep_scan,20260802112912_1A-4-7-8-17-28C,30,4,0,9,M134,AA5506,0,8
2026-08-02T12:22:13.705Z,deep_scan,20260802112912_1A-4-7-8-17-28C,30,4,0,0,M26/2,AA5954,1,4
2026-08-02T12:22:13.705Z,deep_scan,20260802112912_1A-4-7-8-17-28C,30,4,0,8,M173,AA7890,0,5
2026-08-02T12:22:13.705Z,deep_scan,20260802112912_1A-4-7-8-17-28C,30,4,0,9,M134,AA5506,0,8
2026-08-02T12:22:43.689Z,deep_scan,20260802112912_1A-4-7-8-17-28C,30,4,0,0,M26/2,AA5954,1,18
2026-08-02T12:22:43.689Z,deep_scan,20260802112912_1A-4-7-8-17-28C,30,4,0,8,M173,AA7890,0,5
2026-08-02T12:22:43.689Z,deep_scan,20260802112912_1A-4-7-8-17-28C,30,4,0,9,M134,AA5506,0,10
2026-08-02T12:23:13.725Z,deep_scan,20260802112912_1A-4-7-8-17-28C,30,4,0,0,M26/2,AA5954,0,16
2026-08-02T12:23:13.725Z,deep_scan,20260802112912_1A-4-7-8-17-28C,30,4,0,8,M173,AA7890,0,5
2026-08-02T12:23:13.725Z,deep_scan,20260802112912_1A-4-7-8-17-28C,30,4,0,9,M134,AA5506,0,2
2026-08-02T12:23:43.718Z,deep_scan,20260802112912_1A-4-7-8-17-28C,30,4,0,0,M26/2,AA5954,0,11
2026-08-02T12:23:43.718Z,deep_scan,20260802112912_1A-4-7-8-17-28C,30,4,0,8,M173,AA7890,0,18
2026-08-02T12:23:43.718Z,deep_scan,20260802112912_1A-4-7-8-17-28C,30,4,0,9,M134,AA5506,0,21
2026-08-02T12:24:13.694Z,deep_scan,20260802112912_1A-4-7-8-17-28C,30,4,0,0,M26/2,AA5954,0,11
2026-08-02T12:24:13.694Z,deep_scan,20260802112912_1A-4-7-8-17-28C,30,4,0,8,M173,AA7890,0,11
2026-08-02T12:24:13.694Z,deep_scan,20260802112912_1A-4-7-8-17-28C,30,4,0,9,M134,AA5506,0,29
2026-08-02T12:24:43.762Z,deep_scan,20260802112912_1A-4-7-8-17-28C,30,4,0,0,M26/2,AA5954,0,11
2026-08-02T12:24:43.762Z,deep_scan,20260802112912_1A-4-7-8-17-28C,30,4,0,8,M173,AA7890,0,5
2026-08-02T12:24:43.762Z,deep_scan,20260802112912_1A-4-7-8-17-28C,30,4,0,9,M134,AA5506,0,8
2026-08-02T12:25:13.795Z,deep_scan,20260802112912_1A-4-7-8-17-28C,30,4,0,0,M26/2,AA5954,0,11
2026-08-02T12:25:13.795Z,deep_scan,20260802112912_1A-4-7-8-17-28C,30,4,0,8,M173,AA7890,0,8
2026-08-02T12:25:13.795Z,deep_scan,20260802112912_1A-4-7-8-17-28C,30,4,0,9,M134,AA5506,0,5
2026-08-02T12:25:43.728Z,deep_scan,20260802112912_1A-4-7-8-17-28C,30,4,0,0,M26/2,AA5954,0,18
2026-08-02T12:25:43.728Z,deep_scan,20260802112912_1A-4-7-8-17-28C,30,4,0,8,M173,AA7890,0,8
2026-08-02T12:25:43.728Z,deep_scan,20260802112912_1A-4-7-8-17-28C,30,4,0,9,M134,AA5506,0,16
2026-08-02T12:26:13.847Z,deep_scan,20260802112912_1A-4-7-8-17-28C,30,4,0,0,M26/2,AA5954,0,1
2026-08-02T12:26:13.847Z,deep_scan,20260802112912_1A-4-7-8-17-28C,30,4,0,8,M173,AA7890,0,8
2026-08-02T12:26:13.847Z,deep_scan,20260802112912_1A-4-7-8-17-28C,30,4,0,10,M132/1,AA5506,0,8
2026-08-02T12:26:43.792Z,deep_scan,20260802112912_1A-4-7-8-17-28C,30,4,0,0,M26/2,AA5954,0,29
2026-08-02T12:26:43.792Z,deep_scan,20260802112912_1A-4-7-8-17-28C,30,4,0,8,M173,AA7890,0,3
2026-08-02T12:26:43.792Z,deep_scan,20260802112912_1A-4-7-8-17-28C,30,4,0,10,M132/1,AA5506,0,20
2026-08-02T12:27:13.860Z,deep_scan,20260802112912_1A-4-7-8-17-28C,30,4,0,0,M26/2,AA5954,0,2
2026-08-02T12:27:13.860Z,deep_scan,20260802112912_1A-4-7-8-17-28C,30,4,0,8,M173,AA7890,0,3
2026-08-02T12:27:13.860Z,deep_scan,20260802112912_1A-4-7-8-17-28C,30,4,0,10,M132/1,AA5506,0,21
2026-08-02T12:27:43.761Z,deep_scan,20260802112912_1A-4-7-8-17-28C,30,4,0,0,M26/2,AA5954,0,11
2026-08-02T12:27:43.761Z,deep_scan,20260802112912_1A-4-7-8-17-28C,30,4,0,8,M173,AA7890,0,3
2026-08-02T12:27:43.761Z,deep_scan,20260802112912_1A-4-7-8-17-28C,30,4,0,11,M129,AA5506,1,28
2026-08-02T12:28:13.813Z,deep_scan,20260802112912_1A-4-7-8-17-28C,30,4,0,2,M16/2,AA5954,1,2
2026-08-02T12:28:13.813Z,deep_scan,20260802112912_1A-4-7-8-17-28C,30,4,0,8,M173,AA7890,0,3
2026-08-02T12:28:13.813Z,deep_scan,20260802112912_1A-4-7-8-17-28C,30,4,0,11,M129,AA5506,0,13
2026-08-02T12:28:43.806Z,deep_scan,20260802112912_1A-4-7-8-17-28C,30,4,0,2,M16/2,AA5954,1,4
2026-08-02T12:28:43.806Z,deep_scan,20260802112912_1A-4-7-8-17-28C,30,4,0,8,M173,AA7890,0,3
2026-08-02T12:28:43.806Z,deep_scan,20260802112912_1A-4-7-8-17-28C,30,4,0,11,M129,AA5506,0,4
2026-08-02T12:29:13.827Z,deep_scan,20260802112912_1A-4-7-8-17-28C,30,4,0,2,M16/2,AA5954,1,4
2026-08-02T12:29:13.827Z,deep_scan,20260802112912_1A-4-7-8-17-28C,30,4,0,8,M173,AA7890,0,3
2026-08-02T12:29:13.827Z,deep_scan,20260802112912_1A-4-7-8-17-28C,30,4,0,11,M129,AA5506,0,4
2026-08-02T12:29:43.860Z,deep_scan,20260802112912_1A-4-7-8-17-28C,30,4,0,2,M16/2,AA5954,1,4
2026-08-02T12:29:43.860Z,deep_scan,20260802112912_1A-4-7-8-17-28C,30,4,0,8,M173,AA7890,0,3
2026-08-02T12:29:43.860Z,deep_scan,20260802112912_1A-4-7-8-17-28C,30,4,0,11,M129,AA5506,0,20
2026-08-02T12:30:13.821Z,deep_scan,20260802112912_1A-4-7-8-17-28C,30,4,0,2,M16/2,AA5954,1,10
2026-08-02T12:30:13.821Z,deep_scan,20260802112912_1A-4-7-8-17-28C,30,4,0,8,M173,AA7890,0,3
2026-08-02T12:30:13.821Z,deep_scan,20260802112912_1A-4-7-8-17-28C,30,4,0,12,M128,AA5506,1,34
2026-08-02T12:30:43.810Z,deep_scan,20260802112912_1A-4-7-8-17-28C,30,4,0,2,M16/2,AA5954,0,3
2026-08-02T12:30:43.810Z,deep_scan,20260802112912_1A-4-7-8-17-28C,30,4,0,8,M173,AA7890,0,3
2026-08-02T12:30:43.810Z,deep_scan,20260802112912_1A-4-7-8-17-28C,30,4,0,12,M128,AA5506,0,24
2026-08-02T12:31:13.872Z,deep_scan,20260802112912_1A-4-7-8-17-28C,30,4,0,2,M16/2,AA5954,0,12
2026-08-02T12:31:13.872Z,deep_scan,20260802112912_1A-4-7-8-17-28C,30,4,0,8,M173,AA7890,0,1
2026-08-02T12:31:13.872Z,deep_scan,20260802112912_1A-4-7-8-17-28C,30,4,0,12,M128,AA5506,0,10
2026-08-02T12:31:43.822Z,deep_scan,20260802112912_1A-4-7-8-17-28C,30,4,0,3,M101,AA5954,1,7
2026-08-02T12:31:43.822Z,deep_scan,20260802112912_1A-4-7-8-17-28C,30,4,0,8,M173,AA7890,0,1
2026-08-02T12:31:43.822Z,deep_scan,20260802112912_1A-4-7-8-17-28C,30,4,0,12,M128,AA5506,0,10
2026-08-02T12:32:13.832Z,deep_scan,20260802112912_1A-4-7-8-17-28C,30,4,0,3,M101,AA5954,1,5
2026-08-02T12:32:13.832Z,deep_scan,20260802112912_1A-4-7-8-17-28C,30,4,0,8,M173,AA7890,0,1
2026-08-02T12:32:13.832Z,deep_scan,20260802112912_1A-4-7-8-17-28C,30,4,0,13,M130,AA5506,1,27
2026-08-02T12:32:43.834Z,deep_scan,20260802112912_1A-4-7-8-17-28C,30,4,0,3,M101,AA5954,1,5
2026-08-02T12:32:43.834Z,deep_scan,20260802112912_1A-4-7-8-17-28C,30,4,0,8,M173,AA7890,0,1
2026-08-02T12:32:43.834Z,deep_scan,20260802112912_1A-4-7-8-17-28C,30,4,0,13,M130,AA5506,1,7
2026-08-02T12:33:13.931Z,deep_scan,20260802112912_1A-4-7-8-17-28C,30,4,0,3,M101,AA5954,0,21
2026-08-02T12:33:13.931Z,deep_scan,20260802112912_1A-4-7-8-17-28C,30,4,0,9,M134,AA7890,1,2
2026-08-02T12:33:13.931Z,deep_scan,20260802112912_1A-4-7-8-17-28C,30,4,0,13,M130,AA5506,0,2
2026-08-02T12:33:43.839Z,deep_scan,20260802112912_1A-4-7-8-17-28C,30,4,0,4,M90,AA5954,1,15
2026-08-02T12:33:43.839Z,deep_scan,20260802112912_1A-4-7-8-17-28C,30,4,0,9,M134,AA7890,1,2
2026-08-02T12:33:43.839Z,deep_scan,20260802112912_1A-4-7-8-17-28C,30,4,0,13,M130,AA5506,0,3
2026-08-02T12:34:13.910Z,deep_scan,20260802112912_1A-4-7-8-17-28C,30,4,0,4,M90,AA5954,0,9
2026-08-02T12:34:13.910Z,deep_scan,20260802112912_1A-4-7-8-17-28C,30,4,0,9,M134,AA7890,0,2
2026-08-02T12:34:13.910Z,deep_scan,20260802112912_1A-4-7-8-17-28C,30,4,0,13,M130,AA5506,0,11
2026-08-02T12:34:43.888Z,deep_scan,20260802112912_1A-4-7-8-17-28C,30,4,0,4,M90,AA5954,0,9
2026-08-02T12:34:43.888Z,deep_scan,20260802112912_1A-4-7-8-17-28C,30,4,0,9,M134,AA7890,0,2
2026-08-02T12:34:43.888Z,deep_scan,20260802112912_1A-4-7-8-17-28C,30,4,0,14,M26/2,AA5506,1,0
2026-08-02T12:35:13.886Z,deep_scan,20260802112912_1A-4-7-8-17-28C,30,4,0,4,M90,AA5954,0,23
2026-08-02T12:35:13.886Z,deep_scan,20260802112912_1A-4-7-8-17-28C,30,4,0,9,M134,AA7890,0,2
2026-08-02T12:35:13.886Z,deep_scan,20260802112912_1A-4-7-8-17-28C,30,4,0,14,M26/2,AA5506,1,0
2026-08-02T12:35:43.877Z,deep_scan,20260802112912_1A-4-7-8-17-28C,30,4,0,4,M90,AA5954,0,23
2026-08-02T12:35:43.877Z,deep_scan,20260802112912_1A-4-7-8-17-28C,30,4,0,9,M134,AA7890,0,7
2026-08-02T12:35:43.877Z,deep_scan,20260802112912_1A-4-7-8-17-28C,30,4,0,14,M26/2,AA5506,1,0
2026-08-02T12:36:13.865Z,deep_scan,20260802112912_1A-4-7-8-17-28C,30,4,0,4,M90,AA5954,0,9
2026-08-02T12:36:13.865Z,deep_scan,20260802112912_1A-4-7-8-17-28C,30,4,0,9,M134,AA7890,0,7
2026-08-02T12:36:13.865Z,deep_scan,20260802112912_1A-4-7-8-17-28C,30,4,0,14,M26/2,AA5506,1,0
2026-08-02T12:36:43.959Z,deep_scan,20260802112912_1A-4-7-8-17-28C,30,4,0,4,M90,AA5954,0,12
2026-08-02T12:36:43.959Z,deep_scan,20260802112912_1A-4-7-8-17-28C,30,4,0,9,M134,AA7890,0,7
2026-08-02T12:36:43.959Z,deep_scan,20260802112912_1A-4-7-8-17-28C,30,4,0,14,M26/2,AA5506,1,0
2026-08-02T12:37:13.952Z,deep_scan,20260802112912_1A-4-7-8-17-28C,30,4,0,5,M73/2,AA5954,1,26
2026-08-02T12:37:13.952Z,deep_scan,20260802112912_1A-4-7-8-17-28C,30,4,0,9,M134,AA7890,0,7
2026-08-02T12:37:13.952Z,deep_scan,20260802112912_1A-4-7-8-17-28C,30,4,0,14,M26/2,AA5506,1,0
2026-08-02T12:37:43.919Z,deep_scan,20260802112912_1A-4-7-8-17-28C,30,4,0,5,M73/2,AA5954,1,20
2026-08-02T12:37:43.919Z,deep_scan,20260802112912_1A-4-7-8-17-28C,30,4,0,9,M134,AA7890,0,7
2026-08-02T12:37:43.919Z,deep_scan,20260802112912_1A-4-7-8-17-28C,30,4,0,14,M26/2,AA5506,1,0
2026-08-02T12:38:13.927Z,deep_scan,20260802112912_1A-4-7-8-17-28C,30,4,0,5,M73/2,AA5954,0,20
2026-08-02T12:38:13.927Z,deep_scan,20260802112912_1A-4-7-8-17-28C,30,4,0,9,M134,AA7890,0,7
2026-08-02T12:38:13.927Z,deep_scan,20260802112912_1A-4-7-8-17-28C,30,4,0,14,M26/2,AA5506,1,0
2026-08-02T12:38:43.993Z,deep_scan,20260802112912_1A-4-7-8-17-28C,30,4,0,6,M152,AA5954,0,20
2026-08-02T12:38:43.993Z,deep_scan,20260802112912_1A-4-7-8-17-28C,30,4,0,9,M134,AA7890,0,3
2026-08-02T12:38:43.993Z,deep_scan,20260802112912_1A-4-7-8-17-28C,30,4,0,14,M26/2,AA5506,1,0
2026-08-02T12:39:13.952Z,deep_scan,20260802112912_1A-4-7-8-17-28C,30,4,0,6,M152,AA5954,0,28
2026-08-02T12:39:13.952Z,deep_scan,20260802112912_1A-4-7-8-17-28C,30,4,0,9,M134,AA7890,0,9
2026-08-02T12:39:43.947Z,deep_scan,20260802112912_1A-4-7-8-17-28C,30,4,0,6,M152,AA5954,0,14
2026-08-02T12:39:43.947Z,deep_scan,20260802112912_1A-4-7-8-17-28C,30,4,0,9,M134,AA7890,0,2
2026-08-02T12:40:13.940Z,deep_scan,20260802112912_1A-4-7-8-17-28C,30,4,0,7,M146,AA5954,1,13
2026-08-02T12:40:13.940Z,deep_scan,20260802112912_1A-4-7-8-17-28C,30,4,0,9,M134,AA7890,0,2
2026-08-02T12:40:43.925Z,deep_scan,20260802112912_1A-4-7-8-17-28C,30,4,0,7,M146,AA5954,1,13
2026-08-02T12:40:43.925Z,deep_scan,20260802112912_1A-4-7-8-17-28C,30,4,0,9,M134,AA7890,0,13
2026-08-02T12:41:14.021Z,deep_scan,20260802112912_1A-4-7-8-17-28C,30,4,0,7,M146,AA5954,0,16
2026-08-02T12:41:14.021Z,deep_scan,20260802112912_1A-4-7-8-17-28C,30,4,0,9,M134,AA7890,0,26
2026-08-02T12:41:43.890Z,deep_scan,20260802112912_1A-4-7-8-17-28C,30,4,0,7,M146,AA5954,0,24
2026-08-02T12:41:43.890Z,deep_scan,20260802112912_1A-4-7-8-17-28C,30,4,0,9,M134,AA7890,0,13
2026-08-02T12:42:14.022Z,deep_scan,20260802112912_1A-4-7-8-17-28C,30,4,0,8,M173,AA5954,1,15
2026-08-02T12:42:14.022Z,deep_scan,20260802112912_1A-4-7-8-17-28C,30,4,0,9,M134,AA7890,0,7
2026-08-02T12:42:43.973Z,deep_scan,20260802112912_1A-4-7-8-17-28C,30,4,0,0,M26/2,AA5506,1,9
2026-08-02T12:42:43.973Z,deep_scan,20260802112912_1A-4-7-8-17-28C,30,4,0,8,M173,AA5954,1,15
2026-08-02T12:42:43.973Z,deep_scan,20260802112912_1A-4-7-8-17-28C,30,4,0,9,M134,AA7890,0,16
2026-08-02T12:43:14.034Z,deep_scan,20260802112912_1A-4-7-8-17-28C,30,4,0,0,M26/2,AA5506,0,18
2026-08-02T12:43:14.034Z,deep_scan,20260802112912_1A-4-7-8-17-28C,30,4,0,8,M173,AA5954,0,16
2026-08-02T12:43:14.034Z,deep_scan,20260802112912_1A-4-7-8-17-28C,30,4,0,10,M132/1,AA7890,1,15
2026-08-02T12:43:44.027Z,deep_scan,20260802112912_1A-4-7-8-17-28C,30,4,0,0,M26/2,AA5506,0,5
2026-08-02T12:43:44.027Z,deep_scan,20260802112912_1A-4-7-8-17-28C,30,4,0,8,M173,AA5954,0,5
2026-08-02T12:43:44.027Z,deep_scan,20260802112912_1A-4-7-8-17-28C,30,4,0,10,M132/1,AA7890,1,9
2026-08-02T12:44:13.990Z,deep_scan,20260802112912_1A-4-7-8-17-28C,30,4,0,0,M26/2,AA5506,0,8
2026-08-02T12:44:13.990Z,deep_scan,20260802112912_1A-4-7-8-17-28C,30,4,0,8,M173,AA5954,0,27
2026-08-02T12:44:13.990Z,deep_scan,20260802112912_1A-4-7-8-17-28C,30,4,0,10,M132/1,AA7890,1,9
2026-08-02T12:44:44.014Z,deep_scan,20260802112912_1A-4-7-8-17-28C,30,4,0,0,M26/2,AA5506,0,9
2026-08-02T12:44:44.014Z,deep_scan,20260802112912_1A-4-7-8-17-28C,30,4,0,8,M173,AA5954,0,27
2026-08-02T12:44:44.014Z,deep_scan,20260802112912_1A-4-7-8-17-28C,30,4,0,10,M132/1,AA7890,0,25
2026-08-02T12:45:14.056Z,deep_scan,20260802112912_1A-4-7-8-17-28C,30,4,0,0,M26/2,AA5506,0,14
2026-08-02T12:45:14.056Z,deep_scan,20260802112912_1A-4-7-8-17-28C,30,4,0,8,M173,AA5954,0,27
2026-08-02T12:45:14.056Z,deep_scan,20260802112912_1A-4-7-8-17-28C,30,4,0,11,M129,AA7890,1,29
2026-08-02T12:45:44.025Z,deep_scan,20260802112912_1A-4-7-8-17-28C,30,4,0,0,M26/2,AA5506,0,16
2026-08-02T12:45:44.025Z,deep_scan,20260802112912_1A-4-7-8-17-28C,30,4,0,8,M173,AA5954,0,9
2026-08-02T12:45:44.025Z,deep_scan,20260802112912_1A-4-7-8-17-28C,30,4,0,11,M129,AA7890,0,14
2026-08-02T12:46:14.069Z,deep_scan,20260802112912_1A-4-7-8-17-28C,30,4,0,2,M16/2,AA5506,1,18
2026-08-02T12:46:14.069Z,deep_scan,20260802112912_1A-4-7-8-17-28C,30,4,0,8,M173,AA5954,0,7
2026-08-02T12:46:14.069Z,deep_scan,20260802112912_1A-4-7-8-17-28C,30,4,0,11,M129,AA7890,0,39
2026-08-02T12:46:44.000Z,deep_scan,20260802112912_1A-4-7-8-17-28C,30,4,0,2,M16/2,AA5506,1,1
2026-08-02T12:46:44.000Z,deep_scan,20260802112912_1A-4-7-8-17-28C,30,4,0,8,M173,AA5954,0,7
2026-08-02T12:46:44.000Z,deep_scan,20260802112912_1A-4-7-8-17-28C,30,4,0,12,M128,AA7890,1,36
2026-08-02T12:47:14.027Z,deep_scan,20260802112912_1A-4-7-8-17-28C,30,4,0,2,M16/2,AA5506,0,8
2026-08-02T12:47:14.027Z,deep_scan,20260802112912_1A-4-7-8-17-28C,30,4,0,8,M173,AA5954,0,7
2026-08-02T12:47:14.027Z,deep_scan,20260802112912_1A-4-7-8-17-28C,30,4,0,12,M128,AA7890,0,24
2026-08-02T12:47:44.044Z,deep_scan,20260802112912_1A-4-7-8-17-28C,30,4,0,2,M16/2,AA5506,0,8
2026-08-02T12:47:44.044Z,deep_scan,20260802112912_1A-4-7-8-17-28C,30,4,0,8,M173,AA5954,0,5
2026-08-02T12:47:44.044Z,deep_scan,20260802112912_1A-4-7-8-17-28C,30,4,0,12,M128,AA7890,0,8
2026-08-02T12:48:14.124Z,deep_scan,20260802112912_1A-4-7-8-17-28C,30,4,0,2,M16/2,AA5506,0,8
2026-08-02T12:48:14.124Z,deep_scan,20260802112912_1A-4-7-8-17-28C,30,4,0,8,M173,AA5954,0,5
2026-08-02T12:48:14.124Z,deep_scan,20260802112912_1A-4-7-8-17-28C,30,4,0,12,M128,AA7890,0,27
2026-08-02T12:48:44.109Z,deep_scan,20260802112912_1A-4-7-8-17-28C,30,4,0,3,M101,AA5506,1,18
2026-08-02T12:48:44.109Z,deep_scan,20260802112912_1A-4-7-8-17-28C,30,4,0,8,M173,AA5954,0,5
2026-08-02T12:48:44.109Z,deep_scan,20260802112912_1A-4-7-8-17-28C,30,4,0,13,M130,AA7890,1,10
2026-08-02T12:49:14.095Z,deep_scan,20260802112912_1A-4-7-8-17-28C,30,4,0,3,M101,AA5506,1,1
2026-08-02T12:49:14.095Z,deep_scan,20260802112912_1A-4-7-8-17-28C,30,4,0,8,M173,AA5954,0,5
2026-08-02T12:49:14.095Z,deep_scan,20260802112912_1A-4-7-8-17-28C,30,4,0,13,M130,AA7890,0,31
2026-08-02T12:49:44.077Z,deep_scan,20260802112912_1A-4-7-8-17-28C,30,4,0,3,M101,AA5506,1,2
2026-08-02T12:49:44.077Z,deep_scan,20260802112912_1A-4-7-8-17-28C,30,4,0,8,M173,AA5954,0,9
2026-08-02T12:49:44.077Z,deep_scan,20260802112912_1A-4-7-8-17-28C,30,4,0,13,M130,AA7890,0,28
2026-08-02T12:50:14.114Z,deep_scan,20260802112912_1A-4-7-8-17-28C,30,4,0,3,M101,AA5506,1,2
2026-08-02T12:50:14.114Z,deep_scan,20260802112912_1A-4-7-8-17-28C,30,4,0,8,M173,AA5954,0,9
2026-08-02T12:50:14.114Z,deep_scan,20260802112912_1A-4-7-8-17-28C,30,4,0,14,M26/2,AA7890,1,0
2026-08-02T12:50:44.092Z,deep_scan,20260802112912_1A-4-7-8-17-28C,30,4,0,0,M26/2,AA7890,1,2
2026-08-02T12:50:44.092Z,deep_scan,20260802112912_1A-4-7-8-17-28C,30,4,0,4,M90,AA5506,1,16
2026-08-02T12:50:44.092Z,deep_scan,20260802112912_1A-4-7-8-17-28C,30,4,0,8,M173,AA5954,0,9
2026-08-02T12:51:14.127Z,deep_scan,20260802112912_1A-4-7-8-17-28C,30,4,0,0,M26/2,AA7890,1,2
2026-08-02T12:51:14.127Z,deep_scan,20260802112912_1A-4-7-8-17-28C,30,4,0,4,M90,AA5506,0,19
2026-08-02T12:51:14.127Z,deep_scan,20260802112912_1A-4-7-8-17-28C,30,4,0,8,M173,AA5954,0,9
2026-08-02T12:51:44.118Z,deep_scan,20260802112912_1A-4-7-8-17-28C,30,4,0,0,M26/2,AA7890,1,2
2026-08-02T12:51:44.118Z,deep_scan,20260802112912_1A-4-7-8-17-28C,30,4,0,4,M90,AA5506,0,19
2026-08-02T12:51:44.118Z,deep_scan,20260802112912_1A-4-7-8-17-28C,30,4,0,8,M173,AA5954,0,9
2026-08-02T12:52:14.189Z,deep_scan,20260802112912_1A-4-7-8-17-28C,30,4,0,0,M26/2,AA7890,1,2
2026-08-02T12:52:14.189Z,deep_scan,20260802112912_1A-4-7-8-17-28C,30,4,0,4,M90,AA5506,0,12
2026-08-02T12:52:14.189Z,deep_scan,20260802112912_1A-4-7-8-17-28C,30,4,0,8,M173,AA5954,0,9
2026-08-02T12:52:44.118Z,deep_scan,20260802112912_1A-4-7-8-17-28C,30,4,0,0,M26/2,AA7890,1,2
2026-08-02T12:52:44.118Z,deep_scan,20260802112912_1A-4-7-8-17-28C,30,4,0,4,M90,AA5506,0,15
2026-08-02T12:52:44.118Z,deep_scan,20260802112912_1A-4-7-8-17-28C,30,4,0,8,M173,AA5954,0,9
2026-08-02T12:53:14.216Z,deep_scan,20260802112912_1A-4-7-8-17-28C,30,4,0,0,M26/2,AA7890,1,2
2026-08-02T12:53:14.216Z,deep_scan,20260802112912_1A-4-7-8-17-28C,30,4,0,4,M90,AA5506,0,9
2026-08-02T12:53:14.216Z,deep_scan,20260802112912_1A-4-7-8-17-28C,30,4,0,8,M173,AA5954,0,6
2026-08-02T12:53:44.141Z,deep_scan,20260802112912_1A-4-7-8-17-28C,30,4,0,0,M26/2,AA7890,1,2
2026-08-02T12:53:44.141Z,deep_scan,20260802112912_1A-4-7-8-17-28C,30,4,0,4,M90,AA5506,0,7
2026-08-02T12:53:44.141Z,deep_scan,20260802112912_1A-4-7-8-17-28C,30,4,0,8,M173,AA5954,0,5
2026-08-02T12:54:14.213Z,deep_scan,20260802112912_1A-4-7-8-17-28C,30,4,0,0,M26/2,AA7890,1,2
2026-08-02T12:54:14.213Z,deep_scan,20260802112912_1A-4-7-8-17-28C,30,4,0,5,M73/2,AA5506,1,15
2026-08-02T12:54:14.213Z,deep_scan,20260802112912_1A-4-7-8-17-28C,30,4,0,9,M134,AA5954,1,2
2026-08-02T12:54:44.148Z,deep_scan,20260802112912_1A-4-7-8-17-28C,30,4,0,0,M26/2,AA7890,1,2
2026-08-02T12:54:44.148Z,deep_scan,20260802112912_1A-4-7-8-17-28C,30,4,0,5,M73/2,AA5506,1,15
2026-08-02T12:54:44.148Z,deep_scan,20260802112912_1A-4-7-8-17-28C,30,4,0,9,M134,AA5954,1,2
2026-08-02T12:55:14.195Z,deep_scan,20260802112912_1A-4-7-8-17-28C,30,4,0,0,M26/2,AA7890,1,2
2026-08-02T12:55:14.195Z,deep_scan,20260802112912_1A-4-7-8-17-28C,30,4,0,5,M73/2,AA5506,0,15
2026-08-02T12:55:14.195Z,deep_scan,20260802112912_1A-4-7-8-17-28C,30,4,0,9,M134,AA5954,1,2
2026-08-02T12:55:44.214Z,deep_scan,20260802112912_1A-4-7-8-17-28C,30,4,0,0,M26/2,AA7890,1,2
2026-08-02T12:55:44.214Z,deep_scan,20260802112912_1A-4-7-8-17-28C,30,4,0,6,M152,AA5506,0,22
2026-08-02T12:55:44.214Z,deep_scan,20260802112912_1A-4-7-8-17-28C,30,4,0,9,M134,AA5954,1,2
2026-08-02T12:56:14.168Z,deep_scan,20260802112912_1A-4-7-8-17-28C,30,4,0,0,M26/2,AA7890,1,2
2026-08-02T12:56:14.168Z,deep_scan,20260802112912_1A-4-7-8-17-28C,30,4,0,6,M152,AA5506,0,7
2026-08-02T12:56:14.168Z,deep_scan,20260802112912_1A-4-7-8-17-28C,30,4,0,9,M134,AA5954,1,2
2026-08-02T12:56:44.150Z,deep_scan,20260802112912_1A-4-7-8-17-28C,30,4,0,0,M26/2,AA7890,1,2
2026-08-02T12:56:44.150Z,deep_scan,20260802112912_1A-4-7-8-17-28C,30,4,0,6,M152,AA5506,0,18
2026-08-02T12:56:44.150Z,deep_scan,20260802112912_1A-4-7-8-17-28C,30,4,0,9,M134,AA5954,1,3
2026-08-02T12:57:14.214Z,deep_scan,20260802112912_1A-4-7-8-17-28C,30,4,0,0,M26/2,AA7890,1,2
2026-08-02T12:57:14.214Z,deep_scan,20260802112912_1A-4-7-8-17-28C,30,4,0,7,M146,AA5506,1,25
2026-08-02T12:57:14.214Z,deep_scan,20260802112912_1A-4-7-8-17-28C,30,4,0,9,M134,AA5954,1,3
2026-08-02T12:57:44.213Z,deep_scan,20260802112912_1A-4-7-8-17-28C,30,4,0,0,M26/2,AA7890,1,2
2026-08-02T12:57:44.213Z,deep_scan,20260802112912_1A-4-7-8-17-28C,30,4,0,7,M146,AA5506,1,28
2026-08-02T12:57:44.213Z,deep_scan,20260802112912_1A-4-7-8-17-28C,30,4,0,9,M134,AA5954,0,9
2026-08-02T12:58:14.250Z,deep_scan,20260802112912_1A-4-7-8-17-28C,30,4,0,0,M26/2,AA7890,1,2
2026-08-02T12:58:14.250Z,deep_scan,20260802112912_1A-4-7-8-17-28C,30,4,0,7,M146,AA5506,0,26
2026-08-02T12:58:14.250Z,deep_scan,20260802112912_1A-4-7-8-17-28C,30,4,0,9,M134,AA5954,0,11
2026-08-02T12:58:44.195Z,deep_scan,20260802112912_1A-4-7-8-17-28C,30,4,0,0,M26/2,AA7890,1,2
2026-08-02T12:58:44.195Z,deep_scan,20260802112912_1A-4-7-8-17-28C,30,4,0,7,M146,AA5506,0,26
2026-08-02T12:58:44.195Z,deep_scan,20260802112912_1A-4-7-8-17-28C,30,4,0,9,M134,AA5954,0,7
2026-08-02T12:59:14.302Z,deep_scan,20260802112912_1A-4-7-8-17-28C,30,4,0,0,M26/2,AA7890,1,2
2026-08-02T12:59:14.302Z,deep_scan,20260802112912_1A-4-7-8-17-28C,30,4,0,8,M173,AA5506,1,3
2026-08-02T12:59:14.302Z,deep_scan,20260802112912_1A-4-7-8-17-28C,30,4,0,9,M134,AA5954,0,17
2026-08-02T12:59:44.202Z,deep_scan,20260802112912_1A-4-7-8-17-28C,30,4,0,0,M26/2,AA7890,1,2
2026-08-02T12:59:44.202Z,deep_scan,20260802112912_1A-4-7-8-17-28C,30,4,0,8,M173,AA5506,0,25
2026-08-02T12:59:44.202Z,deep_scan,20260802112912_1A-4-7-8-17-28C,30,4,0,9,M134,AA5954,0,17
2026-08-02T13:00:14.363Z,deep_scan,20260802112912_1A-4-7-8-17-28C,30,4,0,0,M26/2,AA7890,1,2
2026-08-02T13:00:14.363Z,deep_scan,20260802112912_1A-4-7-8-17-28C,30,4,0,8,M173,AA5506,0,10
2026-08-02T13:00:14.363Z,deep_scan,20260802112912_1A-4-7-8-17-28C,30,4,0,10,M132/1,AA5954,1,14
2026-08-02T13:01:25.170Z,deep_scan,20260802112912_1A-4-7-8-17-28C,30,4,0,0,M26/2,AA7890,0,17
2026-08-02T13:01:25.170Z,deep_scan,20260802112912_1A-4-7-8-17-28C,30,4,0,8,M173,AA5506,0,1
2026-08-02T13:01:25.170Z,deep_scan,20260802112912_1A-4-7-8-17-28C,30,4,0,10,M132/1,AA5954,0,18
2026-08-02T13:01:55.184Z,deep_scan,20260802112912_1A-4-7-8-17-28C,30,4,0,0,M26/2,AA7890,0,22
2026-08-02T13:01:55.184Z,deep_scan,20260802112912_1A-4-7-8-17-28C,30,4,0,8,M173,AA5506,0,2
2026-08-02T13:01:55.184Z,deep_scan,20260802112912_1A-4-7-8-17-28C,30,4,0,10,M132/1,AA5954,0,24
2026-08-02T13:02:25.151Z,deep_scan,20260802112912_1A-4-7-8-17-28C,30,4,0,0,M26/2,AA7890,0,17
2026-08-02T13:02:25.151Z,deep_scan,20260802112912_1A-4-7-8-17-28C,30,4,0,8,M173,AA5506,0,11
2026-08-02T13:02:25.151Z,deep_scan,20260802112912_1A-4-7-8-17-28C,30,4,0,11,M129,AA5954,1,19
2026-08-02T13:02:55.137Z,deep_scan,20260802112912_1A-4-7-8-17-28C,30,4,0,0,M26/2,AA7890,0,22
2026-08-02T13:02:55.137Z,deep_scan,20260802112912_1A-4-7-8-17-28C,30,4,0,8,M173,AA5506,0,11
2026-08-02T13:02:55.137Z,deep_scan,20260802112912_1A-4-7-8-17-28C,30,4,0,11,M129,AA5954,1,12
2026-08-02T13:03:25.180Z,deep_scan,20260802112912_1A-4-7-8-17-28C,30,4,0,0,M26/2,AA7890,0,17
2026-08-02T13:03:25.180Z,deep_scan,20260802112912_1A-4-7-8-17-28C,30,4,0,8,M173,AA5506,0,11
2026-08-02T13:03:25.180Z,deep_scan,20260802112912_1A-4-7-8-17-28C,30,4,0,11,M129,AA5954,0,16
2026-08-02T13:03:55.119Z,deep_scan,20260802112912_1A-4-7-8-17-28C,30,4,0,0,M26/2,AA7890,0,13
2026-08-02T13:03:55.119Z,deep_scan,20260802112912_1A-4-7-8-17-28C,30,4,0,9,M134,AA5506,1,7
2026-08-02T13:03:55.119Z,deep_scan,20260802112912_1A-4-7-8-17-28C,30,4,0,11,M129,AA5954,0,19
2026-08-02T13:04:25.184Z,deep_scan,20260802112912_1A-4-7-8-17-28C,30,4,0,0,M26/2,AA7890,0,27
2026-08-02T13:04:25.184Z,deep_scan,20260802112912_1A-4-7-8-17-28C,30,4,0,9,M134,AA5506,1,7
2026-08-02T13:04:25.184Z,deep_scan,20260802112912_1A-4-7-8-17-28C,30,4,0,12,M128,AA5954,1,31
2026-08-02T13:05:32.459Z,deep_scan,20260802112912_1A-4-7-8-17-28C,30,4,0,0,M26/2,AA7890,0,1
2026-08-02T13:05:32.459Z,deep_scan,20260802112912_1A-4-7-8-17-28C,30,4,0,9,M134,AA5506,1,7
2026-08-02T13:05:32.459Z,deep_scan,20260802112912_1A-4-7-8-17-28C,30,4,0,12,M128,AA5954,0,19
2026-08-02T13:06:01.456Z,deep_scan,20260802112912_1A-4-7-8-17-28C,30,4,0,0,M26/2,AA7890,0,3
2026-08-02T13:06:01.456Z,deep_scan,20260802112912_1A-4-7-8-17-28C,30,4,0,9,M134,AA5506,1,7
2026-08-02T13:06:01.456Z,deep_scan,20260802112912_1A-4-7-8-17-28C,30,4,0,13,M130,AA5954,1,18
2026-08-02T13:06:32.489Z,deep_scan,20260802112912_1A-4-7-8-17-28C,30,4,0,2,M16/2,AA7890,1,5
2026-08-02T13:06:32.489Z,deep_scan,20260802112912_1A-4-7-8-17-28C,30,4,0,9,M134,AA5506,1,7
2026-08-02T13:06:32.489Z,deep_scan,20260802112912_1A-4-7-8-17-28C,30,4,0,13,M130,AA5954,1,1
2026-08-02T13:07:01.489Z,deep_scan,20260802112912_1A-4-7-8-17-28C,30,4,0,2,M16/2,AA7890,0,14
2026-08-02T13:07:01.489Z,deep_scan,20260802112912_1A-4-7-8-17-28C,30,4,0,9,M134,AA5506,1,7
2026-08-02T13:07:01.489Z,deep_scan,20260802112912_1A-4-7-8-17-28C,30,4,0,13,M130,AA5954,0,31
2026-08-02T13:07:33.033Z,deep_scan,20260802112912_1A-4-7-8-17-28C,30,4,0,2,M16/2,AA7890,0,21
2026-08-02T13:07:33.033Z,deep_scan,20260802112912_1A-4-7-8-17-28C,30,4,0,9,M134,AA5506,1,7
2026-08-02T13:07:33.033Z,deep_scan,20260802112912_1A-4-7-8-17-28C,30,4,0,13,M130,AA5954,0,17
2026-08-02T13:08:45.461Z,deep_scan,20260802112912_1A-4-7-8-17-28C,30,4,0,3,M101,AA7890,1,8
2026-08-02T13:08:45.461Z,deep_scan,20260802112912_1A-4-7-8-17-28C,30,4,0,9,M134,AA5506,1,7
2026-08-02T13:08:45.461Z,deep_scan,20260802112912_1A-4-7-8-17-28C,30,4,0,14,M26/2,AA5954,1,0
2026-08-02T13:09:15.406Z,deep_scan,20260802112912_1A-4-7-8-17-28C,30,4,0,3,M101,AA7890,1,8
2026-08-02T13:09:15.406Z,deep_scan,20260802112912_1A-4-7-8-17-28C,30,4,0,9,M134,AA5506,1,5
2026-08-02T13:09:15.406Z,deep_scan,20260802112912_1A-4-7-8-17-28C,30,4,0,14,M26/2,AA5954,1,0
2026-08-02T13:09:45.378Z,deep_scan,20260802112912_1A-4-7-8-17-28C,30,4,0,4,M90,AA7890,1,21
2026-08-02T13:09:45.378Z,deep_scan,20260802112912_1A-4-7-8-17-28C,30,4,0,9,M134,AA5506,0,3
2026-08-02T13:09:45.378Z,deep_scan,20260802112912_1A-4-7-8-17-28C,30,4,0,14,M26/2,AA5954,1,0
2026-08-02T13:10:15.399Z,deep_scan,20260802112912_1A-4-7-8-17-28C,30,4,0,4,M90,AA7890,0,20
2026-08-02T13:10:15.399Z,deep_scan,20260802112912_1A-4-7-8-17-28C,30,4,0,9,M134,AA5506,0,23
2026-08-02T13:10:15.399Z,deep_scan,20260802112912_1A-4-7-8-17-28C,30,4,0,14,M26/2,AA5954,1,0
2026-08-02T13:10:45.417Z,deep_scan,20260802112912_1A-4-7-8-17-28C,30,4,0,4,M90,AA7890,0,4
2026-08-02T13:10:45.417Z,deep_scan,20260802112912_1A-4-7-8-17-28C,30,4,0,9,M134,AA5506,0,11
2026-08-02T13:10:45.417Z,deep_scan,20260802112912_1A-4-7-8-17-28C,30,4,0,14,M26/2,AA5954,1,0
2026-08-02T13:11:53.631Z,deep_scan,20260802112912_1A-4-7-8-17-28C,30,4,0,4,M90,AA7890,0,20
2026-08-02T13:11:53.631Z,deep_scan,20260802112912_1A-4-7-8-17-28C,30,4,0,10,M132/1,AA5506,1,21
2026-08-02T13:11:53.631Z,deep_scan,20260802112912_1A-4-7-8-17-28C,30,4,0,14,M26/2,AA5954,1,0
2026-08-02T13:12:23.639Z,deep_scan,20260802112912_1A-4-7-8-17-28C,30,4,0,4,M90,AA7890,0,5
2026-08-02T13:12:23.639Z,deep_scan,20260802112912_1A-4-7-8-17-28C,30,4,0,10,M132/1,AA5506,1,14
2026-08-02T13:12:53.651Z,deep_scan,20260802112912_1A-4-7-8-17-28C,30,4,0,5,M73/2,AA7890,0,13
2026-08-02T13:12:53.651Z,deep_scan,20260802112912_1A-4-7-8-17-28C,30,4,0,10,M132/1,AA5506,1,14
2026-08-02T13:13:23.618Z,deep_scan,20260802112912_1A-4-7-8-17-28C,30,4,0,6,M152,AA7890,1,6
2026-08-02T13:13:23.618Z,deep_scan,20260802112912_1A-4-7-8-17-28C,30,4,0,10,M132/1,AA5506,0,20
2026-08-02T13:13:53.671Z,deep_scan,20260802112912_1A-4-7-8-17-28C,30,4,0,6,M152,AA7890,0,29
2026-08-02T13:13:53.671Z,deep_scan,20260802112912_1A-4-7-8-17-28C,30,4,0,11,M129,AA5506,1,8
2026-08-02T13:14:23.628Z,deep_scan,20260802112912_1A-4-7-8-17-28C,30,4,0,6,M152,AA7890,0,18
2026-08-02T13:14:23.628Z,deep_scan,20260802112912_1A-4-7-8-17-28C,30,4,0,11,M129,AA5506,1,4
2026-08-02T13:14:53.709Z,deep_scan,20260802112912_1A-4-7-8-17-28C,30,4,0,7,M146,AA7890,1,15
2026-08-02T13:14:53.709Z,deep_scan,20260802112912_1A-4-7-8-17-28C,30,4,0,11,M129,AA5506,0,14
2026-08-02T13:15:23.662Z,deep_scan,20260802112912_1A-4-7-8-17-28C,30,4,0,7,M146,AA7890,1,1
2026-08-02T13:15:23.662Z,deep_scan,20260802112912_1A-4-7-8-17-28C,30,4,0,11,M129,AA5506,0,14
2026-08-02T13:15:53.713Z,deep_scan,20260802112912_1A-4-7-8-17-28C,30,4,0,7,M146,AA7890,0,36
2026-08-02T13:15:53.713Z,deep_scan,20260802112912_1A-4-7-8-17-28C,30,4,0,11,M129,AA5506,0,21
2026-08-02T13:16:23.674Z,deep_scan,20260802112912_1A-4-7-8-17-28C,30,4,0,7,M146,AA7890,0,16
2026-08-02T13:16:23.674Z,deep_scan,20260802112912_1A-4-7-8-17-28C,30,4,0,12,M128,AA5506,1,34
2026-08-02T13:16:53.670Z,deep_scan,20260802112912_1A-4-7-8-17-28C,30,4,0,7,M146,AA7890,0,16
2026-08-02T13:16:53.670Z,deep_scan,20260802112912_1A-4-7-8-17-28C,30,4,0,12,M128,AA5506,0,50
2026-08-02T13:17:23.678Z,deep_scan,20260802112912_1A-4-7-8-17-28C,30,4,0,8,M173,AA7890,1,17
2026-08-02T13:17:23.678Z,deep_scan,20260802112912_1A-4-7-8-17-28C,30,4,0,13,M130,AA5506,1,4
2026-08-02T13:17:53.752Z,deep_scan,20260802112912_1A-4-7-8-17-28C,30,4,0,8,M173,AA7890,1,2
2026-08-02T13:17:53.752Z,deep_scan,20260802112912_1A-4-7-8-17-28C,30,4,0,13,M130,AA5506,1,4
2026-08-02T13:18:23.694Z,deep_scan,20260802112912_1A-4-7-8-17-28C,30,4,0,8,M173,AA7890,0,12
2026-08-02T13:18:23.694Z,deep_scan,20260802112912_1A-4-7-8-17-28C,30,4,0,13,M130,AA5506,0,6
2026-08-02T13:18:53.676Z,deep_scan,20260802112912_1A-4-7-8-17-28C,30,4,0,8,M173,AA7890,0,5
2026-08-02T13:18:53.676Z,deep_scan,20260802112912_1A-4-7-8-17-28C,30,4,0,13,M130,AA5506,0,17
2026-08-02T13:19:23.682Z,deep_scan,20260802112912_1A-4-7-8-17-28C,30,4,0,8,M173,AA7890,0,5
2026-08-02T13:19:23.682Z,deep_scan,20260802112912_1A-4-7-8-17-28C,30,4,0,13,M130,AA5506,0,9
2026-08-02T13:19:53.723Z,deep_scan,20260802112912_1A-4-7-8-17-28C,30,4,0,8,M173,AA7890,0,5
2026-08-02T13:19:53.723Z,deep_scan,20260802112912_1A-4-7-8-17-28C,30,4,0,13,M130,AA5506,0,30
2026-08-02T13:20:23.717Z,deep_scan,20260802112912_1A-4-7-8-17-28C,30,4,0,8,M173,AA7890,0,21
2026-08-02T13:20:23.717Z,deep_scan,20260802112912_1A-4-7-8-17-28C,30,4,0,13,M130,AA5506,0,23
2026-08-02T13:20:53.723Z,deep_scan,20260802112912_1A-4-7-8-17-28C,30,4,0,8,M173,AA7890,0,19
2026-08-02T13:20:53.723Z,deep_scan,20260802112912_1A-4-7-8-17-28C,30,4,0,14,M26/2,AA5506,1,0
2026-08-02T13:21:23.727Z,deep_scan,20260802112912_1A-4-7-8-17-28C,30,4,0,9,M134,AA7890,1,27
2026-08-02T13:21:23.727Z,deep_scan,20260802112912_1A-4-7-8-17-28C,30,4,0,14,M26/2,AA5506,1,0
2026-08-02T13:21:53.729Z,deep_scan,20260802112912_1A-4-7-8-17-28C,30,4,0,9,M134,AA7890,1,1
2026-08-02T13:21:53.729Z,deep_scan,20260802112912_1A-4-7-8-17-28C,30,4,0,14,M26/2,AA5506,1,0
2026-08-02T13:22:23.771Z,deep_scan,20260802112912_1A-4-7-8-17-28C,30,4,0,9,M134,AA7890,0,25
2026-08-02T13:22:23.771Z,deep_scan,20260802112912_1A-4-7-8-17-28C,30,4,0,14,M26/2,AA5506,1,0
2026-08-02T13:22:53.654Z,deep_scan,20260802112912_1A-4-7-8-17-28C,30,4,0,9,M134,AA7890,0,16
2026-08-02T13:22:53.654Z,deep_scan,20260802112912_1A-4-7-8-17-28C,30,4,0,14,M26/2,AA5506,1,0
2026-08-02T13:23:23.729Z,deep_scan,20260802112912_1A-4-7-8-17-28C,30,4,0,9,M134,AA7890,0,18
2026-08-02T13:23:23.729Z,deep_scan,20260802112912_1A-4-7-8-17-28C,30,4,0,14,M26/2,AA5506,1,0
2026-08-02T13:23:53.752Z,deep_scan,20260802112912_1A-4-7-8-17-28C,30,4,0,9,M134,AA7890,0,15
2026-08-02T13:23:53.752Z,deep_scan,20260802112912_1A-4-7-8-17-28C,30,4,0,14,M26/2,AA5506,1,0
2026-08-02T13:24:23.826Z,deep_scan,20260802112912_1A-4-7-8-17-28C,30,4,0,9,M134,AA7890,0,15
2026-08-02T13:24:23.826Z,deep_scan,20260802112912_1A-4-7-8-17-28C,30,4,0,14,M26/2,AA5506,1,0
2026-08-02T13:24:53.753Z,deep_scan,20260802112912_1A-4-7-8-17-28C,30,4,0,9,M134,AA7890,0,6
2026-08-02T13:25:23.815Z,deep_scan,20260802112912_1A-4-7-8-17-28C,30,4,0,0,M26/2,AA5506,1,13
2026-08-02T13:25:23.815Z,deep_scan,20260802112912_1A-4-7-8-17-28C,30,4,0,9,M134,AA7890,0,4
2026-08-02T13:25:53.809Z,deep_scan,20260802112912_1A-4-7-8-17-28C,30,4,0,0,M26/2,AA5506,0,25
2026-08-02T13:25:53.809Z,deep_scan,20260802112912_1A-4-7-8-17-28C,30,4,0,9,M134,AA7890,0,4
2026-08-02T13:26:23.829Z,deep_scan,20260802112912_1A-4-7-8-17-28C,30,4,0,0,M26/2,AA5506,0,15
2026-08-02T13:26:23.829Z,deep_scan,20260802112912_1A-4-7-8-17-28C,30,4,0,10,M132/1,AA7890,1,19
2026-08-02T13:26:53.796Z,deep_scan,20260802112912_1A-4-7-8-17-28C,30,4,0,0,M26/2,AA5506,0,21
2026-08-02T13:26:53.796Z,deep_scan,20260802112912_1A-4-7-8-17-28C,30,4,0,10,M132/1,AA7890,1,4
2026-08-02T13:27:23.770Z,deep_scan,20260802112912_1A-4-7-8-17-28C,30,4,0,0,M26/2,AA5506,0,21
2026-08-02T13:27:23.770Z,deep_scan,20260802112912_1A-4-7-8-17-28C,30,4,0,10,M132/1,AA7890,0,21
2026-08-02T13:27:53.821Z,deep_scan,20260802112912_1A-4-7-8-17-28C,30,4,0,0,M26/2,AA5506,0,21
2026-08-02T13:27:53.821Z,deep_scan,20260802112912_1A-4-7-8-17-28C,30,4,0,10,M132/1,AA7890,0,16
2026-08-02T13:28:23.817Z,deep_scan,20260802112912_1A-4-7-8-17-28C,30,4,0,0,M26/2,AA5506,0,14
2026-08-02T13:28:23.817Z,deep_scan,20260802112912_1A-4-7-8-17-28C,30,4,0,11,M129,AA7890,1,5
2026-08-02T13:28:53.792Z,deep_scan,20260802112912_1A-4-7-8-17-28C,30,4,0,0,M26/2,AA5506,0,10
2026-08-02T13:28:53.792Z,deep_scan,20260802112912_1A-4-7-8-17-28C,30,4,0,11,M129,AA7890,1,3
2026-08-02T13:29:23.856Z,deep_scan,20260802112912_1A-4-7-8-17-28C,30,4,0,0,M26/2,AA5506,0,10
2026-08-02T13:29:23.856Z,deep_scan,20260802112912_1A-4-7-8-17-28C,30,4,0,11,M129,AA7890,0,15
2026-08-02T13:29:53.813Z,deep_scan,20260802112912_1A-4-7-8-17-28C,30,4,0,2,M16/2,AA5506,1,4
2026-08-02T13:29:53.813Z,deep_scan,20260802112912_1A-4-7-8-17-28C,30,4,0,11,M129,AA7890,0,15
2026-08-02T13:30:23.863Z,deep_scan,20260802112912_1A-4-7-8-17-28C,30,4,0,2,M16/2,AA5506,0,16
2026-08-02T13:30:23.863Z,deep_scan,20260802112912_1A-4-7-8-17-28C,30,4,0,11,M129,AA7890,0,15
2026-08-02T13:30:53.807Z,deep_scan,20260802112912_1A-4-7-8-17-28C,30,4,0,2,M16/2,AA5506,0,16
2026-08-02T13:30:53.807Z,deep_scan,20260802112912_1A-4-7-8-17-28C,30,4,0,11,M129,AA7890,0,18
2026-08-02T13:31:23.839Z,deep_scan,20260802112912_1A-4-7-8-17-28C,30,4,0,2,M16/2,AA5506,0,16
2026-08-02T13:31:23.839Z,deep_scan,20260802112912_1A-4-7-8-17-28C,30,4,0,12,M128,AA7890,1,25
2026-08-02T13:32:26.359Z,deep_scan,20260802112912_1A-4-7-8-17-28C,30,4,0,3,M101,AA5506,1,1
2026-08-02T13:32:26.359Z,deep_scan,20260802112912_1A-4-7-8-17-28C,30,4,0,13,M130,AA7890,1,3
2026-08-02T13:32:56.322Z,deep_scan,20260802112912_1A-4-7-8-17-28C,30,4,0,3,M101,AA5506,1,1
2026-08-02T13:32:56.322Z,deep_scan,20260802112912_1A-4-7-8-17-28C,30,4,0,13,M130,AA7890,1,2
2026-08-02T13:33:26.385Z,deep_scan,20260802112912_1A-4-7-8-17-28C,30,4,0,3,M101,AA5506,1,1
2026-08-02T13:33:26.385Z,deep_scan,20260802112912_1A-4-7-8-17-28C,30,4,0,13,M130,AA7890,0,20
2026-08-02T13:33:56.332Z,deep_scan,20260802112912_1A-4-7-8-17-28C,30,4,0,3,M101,AA5506,0,13
2026-08-02T13:33:56.332Z,deep_scan,20260802112912_1A-4-7-8-17-28C,30,4,0,13,M130,AA7890,0,8
2026-08-02T13:34:26.374Z,deep_scan,20260802112912_1A-4-7-8-17-28C,30,4,0,4,M90,AA5506,0,19
2026-08-02T13:34:26.374Z,deep_scan,20260802112912_1A-4-7-8-17-28C,30,4,0,13,M130,AA7890,0,19
2026-08-02T13:34:56.305Z,deep_scan,20260802112912_1A-4-7-8-17-28C,30,4,0,4,M90,AA5506,0,15
2026-08-02T13:34:56.305Z,deep_scan,20260802112912_1A-4-7-8-17-28C,30,4,0,14,M26/2,AA7890,1,0
2026-08-02T13:35:26.384Z,deep_scan,20260802112912_1A-4-7-8-17-28C,30,4,0,0,M26/2,AA7890,1,5
2026-08-02T13:35:26.384Z,deep_scan,20260802112912_1A-4-7-8-17-28C,30,4,0,4,M90,AA5506,0,1
2026-08-02T13:35:56.324Z,deep_scan,20260802112912_1A-4-7-8-17-28C,30,4,0,0,M26/2,AA7890,1,1
2026-08-02T13:35:56.324Z,deep_scan,20260802112912_1A-4-7-8-17-28C,30,4,0,4,M90,AA5506,0,10
2026-08-02T13:36:26.360Z,deep_scan,20260802112912_1A-4-7-8-17-28C,30,4,0,0,M26/2,AA7890,1,1
2026-08-02T13:36:26.360Z,deep_scan,20260802112912_1A-4-7-8-17-28C,30,4,0,4,M90,AA5506,0,29
2026-08-02T13:36:56.428Z,deep_scan,20260802112912_1A-4-7-8-17-28C,30,4,0,0,M26/2,AA7890,1,1
2026-08-02T13:36:56.428Z,deep_scan,20260802112912_1A-4-7-8-17-28C,30,4,0,5,M73/2,AA5506,1,3
2026-08-02T13:37:26.408Z,deep_scan,20260802112912_1A-4-7-8-17-28C,30,4,0,0,M26/2,AA7890,1,1
2026-08-02T13:37:26.408Z,deep_scan,20260802112912_1A-4-7-8-17-28C,30,4,0,5,M73/2,AA5506,1,10
2026-08-02T13:37:56.375Z,deep_scan,20260802112912_1A-4-7-8-17-28C,30,4,0,0,M26/2,AA7890,1,1
2026-08-02T13:37:56.375Z,deep_scan,20260802112912_1A-4-7-8-17-28C,30,4,0,6,M152,AA5506,1,30
2026-08-02T13:38:26.428Z,deep_scan,20260802112912_1A-4-7-8-17-28C,30,4,0,0,M26/2,AA7890,1,1
2026-08-02T13:38:26.428Z,deep_scan,20260802112912_1A-4-7-8-17-28C,30,4,0,6,M152,AA5506,1,30
2026-08-02T13:38:56.405Z,deep_scan,20260802112912_1A-4-7-8-17-28C,30,4,0,0,M26/2,AA7890,1,1
2026-08-02T13:38:56.405Z,deep_scan,20260802112912_1A-4-7-8-17-28C,30,4,0,6,M152,AA5506,0,8
2026-08-02T13:39:26.402Z,deep_scan,20260802112912_1A-4-7-8-17-28C,30,4,0,0,M26/2,AA7890,1,4
2026-08-02T13:39:26.402Z,deep_scan,20260802112912_1A-4-7-8-17-28C,30,4,0,6,M152,AA5506,0,10
2026-08-02T13:39:56.409Z,deep_scan,20260802112912_1A-4-7-8-17-28C,30,4,0,0,M26/2,AA7890,0,12
2026-08-02T13:39:56.409Z,deep_scan,20260802112912_1A-4-7-8-17-28C,30,4,0,6,M152,AA5506,0,3
2026-08-02T13:40:26.423Z,deep_scan,20260802112912_1A-4-7-8-17-28C,30,4,0,0,M26/2,AA7890,0,29
2026-08-02T13:40:26.423Z,deep_scan,20260802112912_1A-4-7-8-17-28C,30,4,0,7,M146,AA5506,1,12
2026-08-02T13:40:56.411Z,deep_scan,20260802112912_1A-4-7-8-17-28C,30,4,0,0,M26/2,AA7890,0,26
2026-08-02T13:40:56.411Z,deep_scan,20260802112912_1A-4-7-8-17-28C,30,4,0,7,M146,AA5506,1,23
2026-08-02T13:41:26.429Z,deep_scan,20260802112912_1A-4-7-8-17-28C,30,4,0,0,M26/2,AA7890,0,6
2026-08-02T13:41:26.429Z,deep_scan,20260802112912_1A-4-7-8-17-28C,30,4,0,7,M146,AA5506,0,26
2026-08-02T13:41:56.454Z,deep_scan,20260802112912_1A-4-7-8-17-28C,30,4,0,0,M26/2,AA7890,0,6
2026-08-02T13:41:56.454Z,deep_scan,20260802112912_1A-4-7-8-17-28C,30,4,0,7,M146,AA5506,0,11
2026-08-02T13:42:26.423Z,deep_scan,20260802112912_1A-4-7-8-17-28C,30,4,0,0,M26/2,AA7890,0,10
2026-08-02T13:42:26.423Z,deep_scan,20260802112912_1A-4-7-8-17-28C,30,4,0,8,M173,AA5506,1,29
2026-08-02T13:42:56.413Z,deep_scan,20260802112912_1A-4-7-8-17-28C,30,4,0,0,M26/2,AA7890,0,18
2026-08-02T13:42:56.413Z,deep_scan,20260802112912_1A-4-7-8-17-28C,30,4,0,8,M173,AA5506,0,29
2026-08-02T13:43:26.482Z,deep_scan,20260802112912_1A-4-7-8-17-28C,30,4,0,0,M26/2,AA7890,0,32
2026-08-02T13:43:26.482Z,deep_scan,20260802112912_1A-4-7-8-17-28C,30,4,0,8,M173,AA5506,0,37
2026-08-02T13:43:56.419Z,deep_scan,20260802112912_1A-4-7-8-17-28C,30,4,0,0,M26/2,AA7890,0,23
2026-08-02T13:43:56.419Z,deep_scan,20260802112912_1A-4-7-8-17-28C,30,4,0,8,M173,AA5506,0,8
2026-08-02T13:44:26.437Z,deep_scan,20260802112912_1A-4-7-8-17-28C,30,4,0,0,M26/2,AA7890,0,4
2026-08-02T13:44:26.437Z,deep_scan,20260802112912_1A-4-7-8-17-28C,30,4,0,9,M134,AA5506,1,7
2026-08-02T13:44:56.437Z,deep_scan,20260802112912_1A-4-7-8-17-28C,30,4,0,2,M16/2,AA7890,1,14
2026-08-02T13:44:56.437Z,deep_scan,20260802112912_1A-4-7-8-17-28C,30,4,0,9,M134,AA5506,1,7
2026-08-02T13:45:26.459Z,deep_scan,20260802112912_1A-4-7-8-17-28C,30,4,0,2,M16/2,AA7890,0,10
2026-08-02T13:45:26.459Z,deep_scan,20260802112912_1A-4-7-8-17-28C,30,4,0,9,M134,AA5506,0,19
2026-08-02T13:45:56.460Z,deep_scan,20260802112912_1A-4-7-8-17-28C,30,4,0,3,M101,AA7890,1,18
2026-08-02T13:45:56.460Z,deep_scan,20260802112912_1A-4-7-8-17-28C,30,4,0,9,M134,AA5506,0,14
2026-08-02T13:46:26.474Z,deep_scan,20260802112912_1A-4-7-8-17-28C,30,4,0,3,M101,AA7890,1,3
2026-08-02T13:46:26.474Z,deep_scan,20260802112912_1A-4-7-8-17-28C,30,4,0,9,M134,AA5506,0,14
2026-08-02T13:46:56.499Z,deep_scan,20260802112912_1A-4-7-8-17-28C,30,4,0,3,M101,AA7890,1,8
2026-08-02T13:46:56.499Z,deep_scan,20260802112912_1A-4-7-8-17-28C,30,4,0,10,M132/1,AA5506,1,17
2026-08-02T13:47:26.492Z,deep_scan,20260802112912_1A-4-7-8-17-28C,30,4,0,3,M101,AA7890,1,8
2026-08-02T13:47:26.492Z,deep_scan,20260802112912_1A-4-7-8-17-28C,30,4,0,10,M132/1,AA5506,1,3
2026-08-02T13:47:56.493Z,deep_scan,20260802112912_1A-4-7-8-17-28C,30,4,0,4,M90,AA7890,1,12
2026-08-02T13:47:56.493Z,deep_scan,20260802112912_1A-4-7-8-17-28C,30,4,0,10,M132/1,AA5506,0,16
2026-08-02T13:48:26.554Z,deep_scan,20260802112912_1A-4-7-8-17-28C,30,4,0,4,M90,AA7890,0,8
2026-08-02T13:48:26.554Z,deep_scan,20260802112912_1A-4-7-8-17-28C,30,4,0,11,M129,AA5506,1,23
2026-08-02T13:48:56.506Z,deep_scan,20260802112912_1A-4-7-8-17-28C,30,4,0,4,M90,AA7890,0,13
2026-08-02T13:48:56.506Z,deep_scan,20260802112912_1A-4-7-8-17-28C,30,4,0,11,M129,AA5506,1,15
2026-08-02T13:49:26.517Z,deep_scan,20260802112912_1A-4-7-8-17-28C,30,4,0,4,M90,AA7890,0,8
2026-08-02T13:49:26.517Z,deep_scan,20260802112912_1A-4-7-8-17-28C,30,4,0,11,M129,AA5506,0,25
2026-08-02T13:49:56.539Z,deep_scan,20260802112912_1A-4-7-8-17-28C,30,4,0,4,M90,AA7890,0,14
2026-08-02T13:49:56.539Z,deep_scan,20260802112912_1A-4-7-8-17-28C,30,4,0,11,M129,AA5506,0,25
2026-08-02T13:50:26.527Z,deep_scan,20260802112912_1A-4-7-8-17-28C,30,4,0,4,M90,AA7890,0,13
2026-08-02T13:50:26.527Z,deep_scan,20260802112912_1A-4-7-8-17-28C,30,4,0,11,M129,AA5506,0,25
2026-08-02T13:50:56.533Z,deep_scan,20260802112912_1A-4-7-8-17-28C,30,4,0,4,M90,AA7890,0,20
2026-08-02T13:50:56.533Z,deep_scan,20260802112912_1A-4-7-8-17-28C,30,4,0,11,M129,AA5506,0,22
2026-08-02T13:51:26.548Z,deep_scan,20260802112912_1A-4-7-8-17-28C,30,4,0,5,M73/2,AA7890,1,19
2026-08-02T13:51:26.548Z,deep_scan,20260802112912_1A-4-7-8-17-28C,30,4,0,12,M128,AA5506,1,38
2026-08-02T13:51:56.534Z,deep_scan,20260802112912_1A-4-7-8-17-28C,30,4,0,5,M73/2,AA7890,1,2
2026-08-02T13:51:56.534Z,deep_scan,20260802112912_1A-4-7-8-17-28C,30,4,0,12,M128,AA5506,0,29
2026-08-02T13:52:26.564Z,deep_scan,20260802112912_1A-4-7-8-17-28C,30,4,0,6,M152,AA7890,1,10
2026-08-02T13:52:26.564Z,deep_scan,20260802112912_1A-4-7-8-17-28C,30,4,0,12,M128,AA5506,0,1
2026-08-02T13:52:56.589Z,deep_scan,20260802112912_1A-4-7-8-17-28C,30,4,0,6,M152,AA7890,0,25
2026-08-02T13:52:56.589Z,deep_scan,20260802112912_1A-4-7-8-17-28C,30,4,0,13,M130,AA5506,1,14
2026-08-02T13:53:26.575Z,deep_scan,20260802112912_1A-4-7-8-17-28C,30,4,0,6,M152,AA7890,0,2
2026-08-02T13:53:26.575Z,deep_scan,20260802112912_1A-4-7-8-17-28C,30,4,0,13,M130,AA5506,1,26
2026-08-02T13:53:56.605Z,deep_scan,20260802112912_1A-4-7-8-17-28C,30,4,0,6,M152,AA7890,0,28
2026-08-02T13:53:56.605Z,deep_scan,20260802112912_1A-4-7-8-17-28C,30,4,0,13,M130,AA5506,0,27
2026-08-02T13:54:26.553Z,deep_scan,20260802112912_1A-4-7-8-17-28C,30,4,0,7,M146,AA7890,1,17
2026-08-02T13:54:26.553Z,deep_scan,20260802112912_1A-4-7-8-17-28C,30,4,0,13,M130,AA5506,0,8
2026-08-02T13:54:56.635Z,deep_scan,20260802112912_1A-4-7-8-17-28C,30,4,0,7,M146,AA7890,1,9
2026-08-02T13:54:56.635Z,deep_scan,20260802112912_1A-4-7-8-17-28C,30,4,0,14,M26/2,AA5506,1,0
2026-08-02T13:55:26.596Z,deep_scan,20260802112912_1A-4-7-8-17-28C,30,4,0,7,M146,AA7890,0,31
2026-08-02T13:55:26.596Z,deep_scan,20260802112912_1A-4-7-8-17-28C,30,4,0,14,M26/2,AA5506,1,0
2026-08-02T13:55:56.579Z,deep_scan,20260802112912_1A-4-7-8-17-28C,30,4,0,0,M26/2,AA5506,1,6
2026-08-02T13:55:56.579Z,deep_scan,20260802112912_1A-4-7-8-17-28C,30,4,0,7,M146,AA7890,0,8
2026-08-02T13:56:26.617Z,deep_scan,20260802112912_1A-4-7-8-17-28C,30,4,0,0,M26/2,AA5506,0,25
2026-08-02T13:56:26.617Z,deep_scan,20260802112912_1A-4-7-8-17-28C,30,4,0,7,M146,AA7890,0,15
2026-08-02T13:56:56.592Z,deep_scan,20260802112912_1A-4-7-8-17-28C,30,4,0,0,M26/2,AA5506,0,25
2026-08-02T13:56:56.592Z,deep_scan,20260802112912_1A-4-7-8-17-28C,30,4,0,8,M173,AA7890,1,16
2026-08-02T13:57:26.639Z,deep_scan,20260802112912_1A-4-7-8-17-28C,30,4,0,0,M26/2,AA5506,0,21
2026-08-02T13:57:26.639Z,deep_scan,20260802112912_1A-4-7-8-17-28C,30,4,0,8,M173,AA7890,1,9
2026-08-02T13:57:56.598Z,deep_scan,20260802112912_1A-4-7-8-17-28C,30,4,0,0,M26/2,AA5506,0,15
2026-08-02T13:57:56.598Z,deep_scan,20260802112912_1A-4-7-8-17-28C,30,4,0,8,M173,AA7890,0,5
2026-08-02T13:58:26.679Z,deep_scan,20260802112912_1A-4-7-8-17-28C,30,4,0,0,M26/2,AA5506,0,3
2026-08-02T13:58:26.679Z,deep_scan,20260802112912_1A-4-7-8-17-28C,30,4,0,8,M173,AA7890,0,5
2026-08-02T13:58:56.695Z,deep_scan,20260802112912_1A-4-7-8-17-28C,30,4,0,0,M26/2,AA5506,0,6
2026-08-02T13:58:56.695Z,deep_scan,20260802112912_1A-4-7-8-17-28C,30,4,0,8,M173,AA7890,0,22
2026-08-02T13:59:26.647Z,deep_scan,20260802112912_1A-4-7-8-17-28C,30,4,0,2,M16/2,AA5506,1,16
2026-08-02T13:59:26.647Z,deep_scan,20260802112912_1A-4-7-8-17-28C,30,4,0,8,M173,AA7890,0,34
2026-08-02T13:59:56.664Z,deep_scan,20260802112912_1A-4-7-8-17-28C,30,4,0,2,M16/2,AA5506,1,19
2026-08-02T13:59:56.664Z,deep_scan,20260802112912_1A-4-7-8-17-28C,30,4,0,9,M134,AA7890,1,19
2026-08-02T14:00:26.662Z,deep_scan,20260802112912_1A-4-7-8-17-28C,30,4,0,2,M16/2,AA5506,0,14
2026-08-02T14:00:26.662Z,deep_scan,20260802112912_1A-4-7-8-17-28C,30,4,0,9,M134,AA7890,1,3
2026-08-02T14:00:56.647Z,deep_scan,20260802112912_1A-4-7-8-17-28C,30,4,0,2,M16/2,AA5506,0,14
2026-08-02T14:00:56.647Z,deep_scan,20260802112912_1A-4-7-8-17-28C,30,4,0,9,M134,AA7890,1,10
2026-08-02T14:01:26.698Z,deep_scan,20260802112912_1A-4-7-8-17-28C,30,4,0,3,M101,AA5506,1,16
2026-08-02T14:01:26.698Z,deep_scan,20260802112912_1A-4-7-8-17-28C,30,4,0,9,M134,AA7890,0,24
2026-08-02T14:01:56.685Z,deep_scan,20260802112912_1A-4-7-8-17-28C,30,4,0,3,M101,AA5506,1,14
2026-08-02T14:01:56.685Z,deep_scan,20260802112912_1A-4-7-8-17-28C,30,4,0,9,M134,AA7890,0,31
2026-08-02T14:02:26.720Z,deep_scan,20260802112912_1A-4-7-8-17-28C,30,4,0,3,M101,AA5506,1,14
2026-08-02T14:02:26.720Z,deep_scan,20260802112912_1A-4-7-8-17-28C,30,4,0,9,M134,AA7890,0,12
2026-08-02T14:02:56.739Z,deep_scan,20260802112912_1A-4-7-8-17-28C,30,4,0,3,M101,AA5506,1,14
2026-08-02T14:02:56.739Z,deep_scan,20260802112912_1A-4-7-8-17-28C,30,4,0,10,M132/1,AA7890,1,18
2026-08-02T14:03:26.697Z,deep_scan,20260802112912_1A-4-7-8-17-28C,30,4,0,4,M90,AA5506,1,14
2026-08-02T14:03:26.697Z,deep_scan,20260802112912_1A-4-7-8-17-28C,30,4,0,10,M132/1,AA7890,1,10
2026-08-02T14:03:56.730Z,deep_scan,20260802112912_1A-4-7-8-17-28C,30,4,0,4,M90,AA5506,1,30
2026-08-02T14:03:56.730Z,deep_scan,20260802112912_1A-4-7-8-17-28C,30,4,0,10,M132/1,AA7890,0,15
2026-08-02T14:04:26.728Z,deep_scan,20260802112912_1A-4-7-8-17-28C,30,4,0,4,M90,AA5506,0,21
2026-08-02T14:04:26.728Z,deep_scan,20260802112912_1A-4-7-8-17-28C,30,4,0,10,M132/1,AA7890,0,27
2026-08-02T14:04:56.709Z,deep_scan,20260802112912_1A-4-7-8-17-28C,30,4,0,4,M90,AA5506,0,15
2026-08-02T14:04:56.709Z,deep_scan,20260802112912_1A-4-7-8-17-28C,30,4,0,11,M129,AA7890,1,5
2026-08-02T14:05:26.694Z,deep_scan,20260802112912_1A-4-7-8-17-28C,30,4,0,4,M90,AA5506,0,15
2026-08-02T14:05:26.694Z,deep_scan,20260802112912_1A-4-7-8-17-28C,30,4,0,11,M129,AA7890,0,10
2026-08-02T14:05:56.723Z,deep_scan,20260802112912_1A-4-7-8-17-28C,30,4,0,4,M90,AA5506,0,17
2026-08-02T14:05:56.723Z,deep_scan,20260802112912_1A-4-7-8-17-28C,30,4,0,11,M129,AA7890,0,5
2026-08-02T14:06:26.738Z,deep_scan,20260802112912_1A-4-7-8-17-28C,30,4,0,4,M90,AA5506,0,17
2026-08-02T14:06:26.738Z,deep_scan,20260802112912_1A-4-7-8-17-28C,30,4,0,11,M129,AA7890,0,16
2026-08-02T14:06:56.765Z,deep_scan,20260802112912_1A-4-7-8-17-28C,30,4,0,5,M73/2,AA5506,1,21
2026-08-02T14:06:56.765Z,deep_scan,20260802112912_1A-4-7-8-17-28C,30,4,0,12,M128,AA7890,1,44
2026-08-02T14:07:26.727Z,deep_scan,20260802112912_1A-4-7-8-17-28C,30,4,0,6,M152,AA5506,1,23
2026-08-02T14:07:26.727Z,deep_scan,20260802112912_1A-4-7-8-17-28C,30,4,0,12,M128,AA7890,0,28
2026-08-02T14:07:56.774Z,deep_scan,20260802112912_1A-4-7-8-17-28C,30,4,0,6,M152,AA5506,1,23
2026-08-02T14:07:56.774Z,deep_scan,20260802112912_1A-4-7-8-17-28C,30,4,0,12,M128,AA7890,0,4
2026-08-02T14:08:26.787Z,deep_scan,20260802112912_1A-4-7-8-17-28C,30,4,0,6,M152,AA5506,0,26
2026-08-02T14:08:26.787Z,deep_scan,20260802112912_1A-4-7-8-17-28C,30,4,0,12,M128,AA7890,0,4
2026-08-02T14:08:56.789Z,deep_scan,20260802112912_1A-4-7-8-17-28C,30,4,0,7,M146,AA5506,1,6
2026-08-02T14:08:56.789Z,deep_scan,20260802112912_1A-4-7-8-17-28C,30,4,0,12,M128,AA7890,0,32
2026-08-02T14:09:26.779Z,deep_scan,20260802112912_1A-4-7-8-17-28C,30,4,0,7,M146,AA5506,1,20
2026-08-02T14:09:26.779Z,deep_scan,20260802112912_1A-4-7-8-17-28C,30,4,0,13,M130,AA7890,1,12
2026-08-02T14:09:56.777Z,deep_scan,20260802112912_1A-4-7-8-17-28C,30,4,0,7,M146,AA5506,0,24
2026-08-02T14:09:56.777Z,deep_scan,20260802112912_1A-4-7-8-17-28C,30,4,0,13,M130,AA7890,0,21
2026-08-02T14:10:26.806Z,deep_scan,20260802112912_1A-4-7-8-17-28C,30,4,0,7,M146,AA5506,0,13
2026-08-02T14:10:26.806Z,deep_scan,20260802112912_1A-4-7-8-17-28C,30,4,0,13,M130,AA7890,0,14
2026-08-02T14:10:56.804Z,deep_scan,20260802112912_1A-4-7-8-17-28C,30,4,0,8,M173,AA5506,1,12
2026-08-02T14:10:56.804Z,deep_scan,20260802112912_1A-4-7-8-17-28C,30,4,0,13,M130,AA7890,0,27
2026-08-02T14:11:26.804Z,deep_scan,20260802112912_1A-4-7-8-17-28C,30,4,0,8,M173,AA5506,1,18
2026-08-02T14:11:26.804Z,deep_scan,20260802112912_1A-4-7-8-17-28C,30,4,0,14,M26/2,AA7890,1,0
2026-08-02T14:11:56.820Z,deep_scan,20260802112912_1A-4-7-8-17-28C,30,4,0,0,M26/2,AA7890,1,19
2026-08-02T14:11:56.820Z,deep_scan,20260802112912_1A-4-7-8-17-28C,30,4,0,8,M173,AA5506,0,2
2026-08-02T14:12:26.876Z,deep_scan,20260802112912_1A-4-7-8-17-28C,30,4,0,0,M26/2,AA7890,1,19
2026-08-02T14:12:26.876Z,deep_scan,20260802112912_1A-4-7-8-17-28C,30,4,0,8,M173,AA5506,0,2
2026-08-02T14:12:56.792Z,deep_scan,20260802112912_1A-4-7-8-17-28C,30,4,0,0,M26/2,AA7890,1,19
2026-08-02T14:12:56.792Z,deep_scan,20260802112912_1A-4-7-8-17-28C,30,4,0,8,M173,AA5506,0,26
2026-08-02T14:13:26.854Z,deep_scan,20260802112912_1A-4-7-8-17-28C,30,4,0,0,M26/2,AA7890,1,19
2026-08-02T14:13:26.854Z,deep_scan,20260802112912_1A-4-7-8-17-28C,30,4,0,8,M173,AA5506,0,5
2026-08-02T14:13:56.865Z,deep_scan,20260802112912_1A-4-7-8-17-28C,30,4,0,0,M26/2,AA7890,1,19
2026-08-02T14:13:56.865Z,deep_scan,20260802112912_1A-4-7-8-17-28C,30,4,0,9,M134,AA5506,1,8
2026-08-02T14:14:26.878Z,deep_scan,20260802112912_1A-4-7-8-17-28C,30,4,0,0,M26/2,AA7890,1,19
2026-08-02T14:14:26.878Z,deep_scan,20260802112912_1A-4-7-8-17-28C,30,4,0,9,M134,AA5506,1,6
2026-08-02T14:14:56.834Z,deep_scan,20260802112912_1A-4-7-8-17-28C,30,4,0,0,M26/2,AA7890,1,19
2026-08-02T14:14:56.834Z,deep_scan,20260802112912_1A-4-7-8-17-28C,30,4,0,9,M134,AA5506,0,24
2026-08-02T14:15:26.880Z,deep_scan,20260802112912_1A-4-7-8-17-28C,30,4,0,0,M26/2,AA7890,1,19
2026-08-02T14:15:26.880Z,deep_scan,20260802112912_1A-4-7-8-17-28C,30,4,0,9,M134,AA5506,0,11
2026-08-02T14:15:56.838Z,deep_scan,20260802112912_1A-4-7-8-17-28C,30,4,0,0,M26/2,AA7890,1,19
2026-08-02T14:15:56.838Z,deep_scan,20260802112912_1A-4-7-8-17-28C,30,4,0,9,M134,AA5506,0,2
2026-08-02T14:16:26.875Z,deep_scan,20260802112912_1A-4-7-8-17-28C,30,4,0,0,M26/2,AA7890,1,10
2026-08-02T14:16:26.875Z,deep_scan,20260802112912_1A-4-7-8-17-28C,30,4,0,9,M134,AA5506,0,2
2026-08-02T14:16:56.840Z,deep_scan,20260802112912_1A-4-7-8-17-28C,30,4,0,0,M26/2,AA7890,0,23
2026-08-02T14:16:56.840Z,deep_scan,20260802112912_1A-4-7-8-17-28C,30,4,0,9,M134,AA5506,0,2
2026-08-02T14:17:26.892Z,deep_scan,20260802112912_1A-4-7-8-17-28C,30,4,0,0,M26/2,AA7890,0,17
2026-08-02T14:17:26.892Z,deep_scan,20260802112912_1A-4-7-8-17-28C,30,4,0,10,M132/1,AA5506,1,13
2026-08-02T14:17:56.879Z,deep_scan,20260802112912_1A-4-7-8-17-28C,30,4,0,0,M26/2,AA7890,0,13
2026-08-02T14:17:56.879Z,deep_scan,20260802112912_1A-4-7-8-17-28C,30,4,0,10,M132/1,AA5506,1,13
2026-08-02T14:18:26.855Z,deep_scan,20260802112912_1A-4-7-8-17-28C,30,4,0,0,M26/2,AA7890,0,24
2026-08-02T14:18:26.855Z,deep_scan,20260802112912_1A-4-7-8-17-28C,30,4,0,10,M132/1,AA5506,1,3
2026-08-02T14:18:56.947Z,deep_scan,20260802112912_1A-4-7-8-17-28C,30,4,0,0,M26/2,AA7890,0,24
2026-08-02T14:18:56.947Z,deep_scan,20260802112912_1A-4-7-8-17-28C,30,4,0,10,M132/1,AA5506,0,26
2026-08-02T14:19:26.857Z,deep_scan,20260802112912_1A-4-7-8-17-28C,30,4,0,0,M26/2,AA7890,0,24
2026-08-02T14:19:26.857Z,deep_scan,20260802112912_1A-4-7-8-17-28C,30,4,0,10,M132/1,AA5506,0,38
2026-08-02T14:19:56.891Z,deep_scan,20260802112912_1A-4-7-8-17-28C,30,4,0,0,M26/2,AA7890,0,22
2026-08-02T14:19:56.891Z,deep_scan,20260802112912_1A-4-7-8-17-28C,30,4,0,11,M129,AA5506,1,38
2026-08-02T14:20:26.902Z,deep_scan,20260802112912_1A-4-7-8-17-28C,30,4,0,0,M26/2,AA7890,0,17
2026-08-02T14:20:26.902Z,deep_scan,20260802112912_1A-4-7-8-17-28C,30,4,0,11,M129,AA5506,0,38
2026-08-02T14:20:56.879Z,deep_scan,20260802112912_1A-4-7-8-17-28C,30,4,0,0,M26/2,AA7890,0,20
2026-08-02T14:20:56.879Z,deep_scan,20260802112912_1A-4-7-8-17-28C,30,4,0,11,M129,AA5506,0,38
2026-08-02T14:21:26.926Z,deep_scan,20260802112912_1A-4-7-8-17-28C,30,4,0,0,M26/2,AA7890,0,16
2026-08-02T14:21:26.926Z,deep_scan,20260802112912_1A-4-7-8-17-28C,30,4,0,11,M129,AA5506,0,23
2026-08-02T14:21:56.942Z,deep_scan,20260802112912_1A-4-7-8-17-28C,30,4,0,2,M16/2,AA7890,1,1
2026-08-02T14:21:56.942Z,deep_scan,20260802112912_1A-4-7-8-17-28C,30,4,0,12,M128,AA5506,1,43
2026-08-02T14:22:26.966Z,deep_scan,20260802112912_1A-4-7-8-17-28C,30,4,0,2,M16/2,AA7890,1,1
2026-08-02T14:22:26.966Z,deep_scan,20260802112912_1A-4-7-8-17-28C,30,4,0,12,M128,AA5506,0,26
2026-08-02T14:22:56.983Z,deep_scan,20260802112912_1A-4-7-8-17-28C,30,4,0,2,M16/2,AA7890,1,1
2026-08-02T14:22:56.983Z,deep_scan,20260802112912_1A-4-7-8-17-28C,30,4,0,12,M128,AA5506,0,1
2026-08-02T14:23:26.932Z,deep_scan,20260802112912_1A-4-7-8-17-28C,30,4,0,2,M16/2,AA7890,0,15
2026-08-02T14:23:26.932Z,deep_scan,20260802112912_1A-4-7-8-17-28C,30,4,0,13,M130,AA5506,1,30
2026-08-02T14:23:56.915Z,deep_scan,20260802112912_1A-4-7-8-17-28C,30,4,0,2,M16/2,AA7890,0,26
2026-08-02T14:23:56.915Z,deep_scan,20260802112912_1A-4-7-8-17-28C,30,4,0,13,M130,AA5506,1,21
2026-08-02T14:24:26.930Z,deep_scan,20260802112912_1A-4-7-8-17-28C,30,4,0,2,M16/2,AA7890,0,2
2026-08-02T14:24:26.930Z,deep_scan,20260802112912_1A-4-7-8-17-28C,30,4,0,13,M130,AA5506,0,5
2026-08-02T14:24:56.946Z,deep_scan,20260802112912_1A-4-7-8-17-28C,30,4,0,2,M16/2,AA7890,0,2
2026-08-02T14:24:56.946Z,deep_scan,20260802112912_1A-4-7-8-17-28C,30,4,0,13,M130,AA5506,0,10
2026-08-02T14:25:26.950Z,deep_scan,20260802112912_1A-4-7-8-17-28C,30,4,0,3,M101,AA7890,1,30
2026-08-02T14:25:26.950Z,deep_scan,20260802112912_1A-4-7-8-17-28C,30,4,0,13,M130,AA5506,0,21
2026-08-02T14:25:57.011Z,deep_scan,20260802112912_1A-4-7-8-17-28C,30,4,0,3,M101,AA7890,1,19
2026-08-02T14:25:57.011Z,deep_scan,20260802112912_1A-4-7-8-17-28C,30,4,0,14,M26/2,AA5506,1,0
2026-08-02T14:26:26.962Z,deep_scan,20260802112912_1A-4-7-8-17-28C,30,4,0,3,M101,AA7890,1,5
2026-08-02T14:26:26.962Z,deep_scan,20260802112912_1A-4-7-8-17-28C,30,4,0,14,M26/2,AA5506,1,0
2026-08-02T14:26:56.948Z,deep_scan,20260802112912_1A-4-7-8-17-28C,30,4,0,3,M101,AA7890,1,5
2026-08-02T14:26:56.948Z,deep_scan,20260802112912_1A-4-7-8-17-28C,30,4,0,14,M26/2,AA5506,1,0
2026-08-02T14:27:26.988Z,deep_scan,20260802112912_1A-4-7-8-17-28C,30,4,0,3,M101,AA7890,0,28
2026-08-02T14:27:26.988Z,deep_scan,20260802112912_1A-4-7-8-17-28C,30,4,0,14,M26/2,AA5506,1,0
2026-08-02T14:27:57.020Z,deep_scan,20260802112912_1A-4-7-8-17-28C,30,4,0,4,M90,AA7890,1,1
2026-08-02T14:27:57.020Z,deep_scan,20260802112912_1A-4-7-8-17-28C,30,4,0,14,M26/2,AA5506,1,0
2026-08-02T14:28:26.984Z,deep_scan,20260802112912_1A-4-7-8-17-28C,30,4,0,4,M90,AA7890,0,24
2026-08-02T14:28:26.984Z,deep_scan,20260802112912_1A-4-7-8-17-28C,30,4,0,14,M26/2,AA5506,1,0
2026-08-02T14:28:57.025Z,deep_scan,20260802112912_1A-4-7-8-17-28C,30,4,0,4,M90,AA7890,0,26
2026-08-02T14:28:57.025Z,deep_scan,20260802112912_1A-4-7-8-17-28C,30,4,0,14,M26/2,AA5506,1,0
2026-08-02T14:29:27.001Z,deep_scan,20260802112912_1A-4-7-8-17-28C,30,4,0,4,M90,AA7890,0,26
2026-08-02T14:29:27.001Z,deep_scan,20260802112912_1A-4-7-8-17-28C,30,4,0,14,M26/2,AA5506,1,0
2026-08-02T14:29:57.058Z,deep_scan,20260802112912_1A-4-7-8-17-28C,30,4,0,4,M90,AA7890,0,11
2026-08-02T14:30:27.021Z,deep_scan,20260802112912_1A-4-7-8-17-28C,30,4,0,4,M90,AA7890,0,19
2026-08-02T14:30:57.038Z,deep_scan,20260802112912_1A-4-7-8-17-28C,30,4,0,5,M73/2,AA7890,0,31
2026-08-02T14:31:27.079Z,deep_scan,20260802112912_1A-4-7-8-17-28C,30,4,0,6,M152,AA7890,0,28
2026-08-02T14:31:57.104Z,deep_scan,20260802112912_1A-4-7-8-17-28C,30,4,0,6,M152,AA7890,0,25
2026-08-02T14:32:27.034Z,deep_scan,20260802112912_1A-4-7-8-17-28C,30,4,0,7,M146,AA7890,1,28
2026-08-02T14:32:57.097Z,deep_scan,20260802112912_1A-4-7-8-17-28C,30,4,0,0,M26/2,AA5954,1,9
2026-08-02T14:32:57.097Z,deep_scan,20260802112912_1A-4-7-8-17-28C,30,4,0,7,M146,AA7890,0,19
2026-08-02T14:33:27.069Z,deep_scan,20260802112912_1A-4-7-8-17-28C,30,4,0,0,M26/2,AA5954,1,6
2026-08-02T14:33:27.069Z,deep_scan,20260802112912_1A-4-7-8-17-28C,30,4,0,7,M146,AA7890,0,30
2026-08-02T14:33:57.076Z,deep_scan,20260802112912_1A-4-7-8-17-28C,30,4,0,0,M26/2,AA5954,1,6
2026-08-02T14:33:57.076Z,deep_scan,20260802112912_1A-4-7-8-17-28C,30,4,0,7,M146,AA7890,0,30
2026-08-02T14:34:27.118Z,deep_scan,20260802112912_1A-4-7-8-17-28C,30,4,0,0,M26/2,AA5954,0,1
2026-08-02T14:34:27.118Z,deep_scan,20260802112912_1A-4-7-8-17-28C,30,4,0,8,M173,AA7890,1,19
2026-08-02T14:34:57.132Z,deep_scan,20260802112912_1A-4-7-8-17-28C,30,4,0,0,M26/2,AA5954,0,8
2026-08-02T14:34:57.132Z,deep_scan,20260802112912_1A-4-7-8-17-28C,30,4,0,8,M173,AA7890,0,28
2026-08-02T14:35:27.072Z,deep_scan,20260802112912_1A-4-7-8-17-28C,30,4,0,0,M26/2,AA5954,0,11
2026-08-02T14:35:27.072Z,deep_scan,20260802112912_1A-4-7-8-17-28C,30,4,0,8,M173,AA7890,0,32
2026-08-02T14:35:57.170Z,deep_scan,20260802112912_1A-4-7-8-17-28C,30,4,0,0,M26/2,AA5954,0,11
2026-08-02T14:35:57.170Z,deep_scan,20260802112912_1A-4-7-8-17-28C,30,4,0,9,M134,AA7890,1,18
2026-08-02T14:36:27.127Z,deep_scan,20260802112912_1A-4-7-8-17-28C,30,4,0,0,M26/2,AA5954,0,14
2026-08-02T14:36:27.127Z,deep_scan,20260802112912_1A-4-7-8-17-28C,30,4,0,9,M134,AA7890,1,18
2026-08-02T14:36:57.190Z,deep_scan,20260802112912_1A-4-7-8-17-28C,30,4,0,0,M26/2,AA5954,0,22
2026-08-02T14:36:57.190Z,deep_scan,20260802112912_1A-4-7-8-17-28C,30,4,0,9,M134,AA7890,0,18
2026-08-02T14:37:27.098Z,deep_scan,20260802112912_1A-4-7-8-17-28C,30,4,0,2,M16/2,AA5954,1,15
2026-08-02T14:37:27.098Z,deep_scan,20260802112912_1A-4-7-8-17-28C,30,4,0,9,M134,AA7890,0,8
2026-08-02T14:37:57.153Z,deep_scan,20260802112912_1A-4-7-8-17-28C,30,4,0,2,M16/2,AA5954,1,3
2026-08-02T14:37:57.153Z,deep_scan,20260802112912_1A-4-7-8-17-28C,30,4,0,9,M134,AA7890,0,8
2026-08-02T14:38:27.153Z,deep_scan,20260802112912_1A-4-7-8-17-28C,30,4,0,2,M16/2,AA5954,1,9
2026-08-02T14:38:27.153Z,deep_scan,20260802112912_1A-4-7-8-17-28C,30,4,0,9,M134,AA7890,0,5
2026-08-02T14:38:57.174Z,deep_scan,20260802112912_1A-4-7-8-17-28C,30,4,0,2,M16/2,AA5954,0,14
2026-08-02T14:38:57.174Z,deep_scan,20260802112912_1A-4-7-8-17-28C,30,4,0,10,M132/1,AA7890,1,8
2026-08-02T14:39:27.161Z,deep_scan,20260802112912_1A-4-7-8-17-28C,30,4,0,3,M101,AA5954,1,15
2026-08-02T14:39:27.161Z,deep_scan,20260802112912_1A-4-7-8-17-28C,30,4,0,10,M132/1,AA7890,1,1
2026-08-02T14:39:57.145Z,deep_scan,20260802112912_1A-4-7-8-17-28C,30,4,0,3,M101,AA5954,1,9
2026-08-02T14:39:57.145Z,deep_scan,20260802112912_1A-4-7-8-17-28C,30,4,0,10,M132/1,AA7890,1,6
2026-08-02T14:40:27.198Z,deep_scan,20260802112912_1A-4-7-8-17-28C,30,4,0,3,M101,AA5954,1,8
2026-08-02T14:40:27.198Z,deep_scan,20260802112912_1A-4-7-8-17-28C,30,4,0,10,M132/1,AA7890,0,26
2026-08-02T14:40:57.242Z,deep_scan,20260802112912_1A-4-7-8-17-28C,30,4,0,3,M101,AA5954,1,8
2026-08-02T14:40:57.242Z,deep_scan,20260802112912_1A-4-7-8-17-28C,30,4,0,10,M132/1,AA7890,0,32
2026-08-02T14:41:27.175Z,deep_scan,20260802112912_1A-4-7-8-17-28C,30,4,0,3,M101,AA5954,0,22
2026-08-02T14:41:27.175Z,deep_scan,20260802112912_1A-4-7-8-17-28C,30,4,0,11,M129,AA7890,0,18
2026-08-02T14:41:57.161Z,deep_scan,20260802112912_1A-4-7-8-17-28C,30,4,0,4,M90,AA5954,1,9
2026-08-02T14:41:57.161Z,deep_scan,20260802112912_1A-4-7-8-17-28C,30,4,0,11,M129,AA7890,0,10
2026-08-02T14:42:27.234Z,deep_scan,20260802112912_1A-4-7-8-17-28C,30,4,0,4,M90,AA5954,0,18
2026-08-02T14:42:27.234Z,deep_scan,20260802112912_1A-4-7-8-17-28C,30,4,0,11,M129,AA7890,0,10
2026-08-02T14:42:57.261Z,deep_scan,20260802112912_1A-4-7-8-17-28C,30,4,0,4,M90,AA5954,0,1
2026-08-02T14:42:57.261Z,deep_scan,20260802112912_1A-4-7-8-17-28C,30,4,0,11,M129,AA7890,0,30
2026-08-02T14:43:27.218Z,deep_scan,20260802112912_1A-4-7-8-17-28C,30,4,0,4,M90,AA5954,0,13
2026-08-02T14:43:27.218Z,deep_scan,20260802112912_1A-4-7-8-17-28C,30,4,0,12,M128,AA7890,0,32
2026-08-02T14:43:57.251Z,deep_scan,20260802112912_1A-4-7-8-17-28C,30,4,0,4,M90,AA5954,0,22
2026-08-02T14:43:57.251Z,deep_scan,20260802112912_1A-4-7-8-17-28C,30,4,0,12,M128,AA7890,0,29
2026-08-02T14:44:27.252Z,deep_scan,20260802112912_1A-4-7-8-17-28C,30,4,0,0,M26/2,AA5506,1,2
2026-08-02T14:44:27.252Z,deep_scan,20260802112912_1A-4-7-8-17-28C,30,4,0,4,M90,AA5954,0,22
2026-08-02T14:44:27.252Z,deep_scan,20260802112912_1A-4-7-8-17-28C,30,4,0,13,M130,AA7890,0,25
2026-08-02T14:44:57.232Z,deep_scan,20260802112912_1A-4-7-8-17-28C,30,4,0,0,M26/2,AA5506,1,2
2026-08-02T14:44:57.232Z,deep_scan,20260802112912_1A-4-7-8-17-28C,30,4,0,4,M90,AA5954,0,10
2026-08-02T14:44:57.232Z,deep_scan,20260802112912_1A-4-7-8-17-28C,30,4,0,13,M130,AA7890,0,27
2026-08-02T14:45:27.248Z,deep_scan,20260802112912_1A-4-7-8-17-28C,30,4,0,0,M26/2,AA5506,1,2
2026-08-02T14:45:27.248Z,deep_scan,20260802112912_1A-4-7-8-17-28C,30,4,0,4,M90,AA5954,0,2
2026-08-02T14:45:27.248Z,deep_scan,20260802112912_1A-4-7-8-17-28C,30,4,0,13,M130,AA7890,0,8
2026-08-02T14:45:57.275Z,deep_scan,20260802112912_1A-4-7-8-17-28C,30,4,0,0,M26/2,AA5506,0,3
2026-08-02T14:45:57.275Z,deep_scan,20260802112912_1A-4-7-8-17-28C,30,4,0,5,M73/2,AA5954,1,24
2026-08-02T14:45:57.275Z,deep_scan,20260802112912_1A-4-7-8-17-28C,30,4,0,14,M26/2,AA7890,1,0
2026-08-02T14:46:27.254Z,deep_scan,20260802112912_1A-4-7-8-17-28C,30,4,0,0,M26/2,AA5506,0,20
2026-08-02T14:46:27.254Z,deep_scan,20260802112912_1A-4-7-8-17-28C,30,4,0,0,M26/2,AA7890,1,3
2026-08-02T14:46:27.254Z,deep_scan,20260802112912_1A-4-7-8-17-28C,30,4,0,6,M152,AA5954,1,21
2026-08-02T14:46:57.296Z,deep_scan,20260802112912_1A-4-7-8-17-28C,30,4,0,0,M26/2,AA5506,0,5
2026-08-02T14:46:57.296Z,deep_scan,20260802112912_1A-4-7-8-17-28C,30,4,0,0,M26/2,AA7890,1,3
2026-08-02T14:46:57.296Z,deep_scan,20260802112912_1A-4-7-8-17-28C,30,4,0,6,M152,AA5954,0,24
2026-08-02T14:47:27.227Z,deep_scan,20260802112912_1A-4-7-8-17-28C,30,4,0,0,M26/2,AA5506,0,19
2026-08-02T14:47:27.227Z,deep_scan,20260802112912_1A-4-7-8-17-28C,30,4,0,0,M26/2,AA7890,1,3
2026-08-02T14:47:27.227Z,deep_scan,20260802112912_1A-4-7-8-17-28C,30,4,0,6,M152,AA5954,0,6
2026-08-02T14:47:57.234Z,deep_scan,20260802112912_1A-4-7-8-17-28C,30,4,0,0,M26/2,AA5506,0,15
2026-08-02T14:47:57.234Z,deep_scan,20260802112912_1A-4-7-8-17-28C,30,4,0,0,M26/2,AA7890,1,3
2026-08-02T14:47:57.234Z,deep_scan,20260802112912_1A-4-7-8-17-28C,30,4,0,6,M152,AA5954,0,17
2026-08-02T14:48:27.249Z,deep_scan,20260802112912_1A-4-7-8-17-28C,30,4,0,0,M26/2,AA5506,0,28
2026-08-02T14:48:27.249Z,deep_scan,20260802112912_1A-4-7-8-17-28C,30,4,0,0,M26/2,AA7890,1,3
2026-08-02T14:48:27.249Z,deep_scan,20260802112912_1A-4-7-8-17-28C,30,4,0,7,M146,AA5954,1,17
2026-08-02T14:48:57.261Z,deep_scan,20260802112912_1A-4-7-8-17-28C,30,4,0,0,M26/2,AA5506,0,2
2026-08-02T14:48:57.261Z,deep_scan,20260802112912_1A-4-7-8-17-28C,30,4,0,0,M26/2,AA7890,1,3
2026-08-02T14:48:57.261Z,deep_scan,20260802112912_1A-4-7-8-17-28C,30,4,0,7,M146,AA5954,0,12
2026-08-02T14:49:27.290Z,deep_scan,20260802112912_1A-4-7-8-17-28C,30,4,0,0,M26/2,AA7890,1,3
2026-08-02T14:49:27.290Z,deep_scan,20260802112912_1A-4-7-8-17-28C,30,4,0,2,M16/2,AA5506,1,10
2026-08-02T14:49:27.290Z,deep_scan,20260802112912_1A-4-7-8-17-28C,30,4,0,7,M146,AA5954,0,12
2026-08-02T14:49:57.286Z,deep_scan,20260802112912_1A-4-7-8-17-28C,30,4,0,0,M26/2,AA7890,1,3
2026-08-02T14:49:57.286Z,deep_scan,20260802112912_1A-4-7-8-17-28C,30,4,0,2,M16/2,AA5506,1,3
2026-08-02T14:49:57.286Z,deep_scan,20260802112912_1A-4-7-8-17-28C,30,4,0,7,M146,AA5954,0,12
2026-08-02T14:50:27.278Z,deep_scan,20260802112912_1A-4-7-8-17-28C,30,4,0,0,M26/2,AA7890,1,3
2026-08-02T14:50:27.278Z,deep_scan,20260802112912_1A-4-7-8-17-28C,30,4,0,2,M16/2,AA5506,1,3
2026-08-02T14:50:27.278Z,deep_scan,20260802112912_1A-4-7-8-17-28C,30,4,0,7,M146,AA5954,0,12
2026-08-02T14:50:57.279Z,deep_scan,20260802112912_1A-4-7-8-17-28C,30,4,0,0,M26/2,AA7890,1,3
2026-08-02T14:50:57.279Z,deep_scan,20260802112912_1A-4-7-8-17-28C,30,4,0,2,M16/2,AA5506,1,3
2026-08-02T14:50:57.279Z,deep_scan,20260802112912_1A-4-7-8-17-28C,30,4,0,7,M146,AA5954,0,10
2026-08-02T14:51:27.311Z,deep_scan,20260802112912_1A-4-7-8-17-28C,30,4,0,0,M26/2,AA7890,1,3
2026-08-02T14:51:27.311Z,deep_scan,20260802112912_1A-4-7-8-17-28C,30,4,0,2,M16/2,AA5506,0,31
2026-08-02T14:51:27.311Z,deep_scan,20260802112912_1A-4-7-8-17-28C,30,4,0,8,M173,AA5954,1,8
2026-08-02T14:51:57.292Z,deep_scan,20260802112912_1A-4-7-8-17-28C,30,4,0,0,M26/2,AA7890,1,3
2026-08-02T14:51:57.292Z,deep_scan,20260802112912_1A-4-7-8-17-28C,30,4,0,3,M101,AA5506,1,7
2026-08-02T14:51:57.292Z,deep_scan,20260802112912_1A-4-7-8-17-28C,30,4,0,8,M173,AA5954,1,7
2026-08-02T14:52:27.346Z,deep_scan,20260802112912_1A-4-7-8-17-28C,30,4,0,0,M26/2,AA7890,1,3
2026-08-02T14:52:27.346Z,deep_scan,20260802112912_1A-4-7-8-17-28C,30,4,0,3,M101,AA5506,1,9
2026-08-02T14:52:27.346Z,deep_scan,20260802112912_1A-4-7-8-17-28C,30,4,0,8,M173,AA5954,1,7
2026-08-02T14:52:57.329Z,deep_scan,20260802112912_1A-4-7-8-17-28C,30,4,0,0,M26/2,AA7890,1,3
2026-08-02T14:52:57.329Z,deep_scan,20260802112912_1A-4-7-8-17-28C,30,4,0,3,M101,AA5506,1,9
2026-08-02T14:52:57.329Z,deep_scan,20260802112912_1A-4-7-8-17-28C,30,4,0,8,M173,AA5954,0,16
2026-08-02T14:53:27.300Z,deep_scan,20260802112912_1A-4-7-8-17-28C,30,4,0,0,M26/2,AA7890,1,3
2026-08-02T14:53:27.300Z,deep_scan,20260802112912_1A-4-7-8-17-28C,30,4,0,3,M101,AA5506,0,9
2026-08-02T14:53:27.300Z,deep_scan,20260802112912_1A-4-7-8-17-28C,30,4,0,8,M173,AA5954,0,31
2026-08-02T14:53:57.300Z,deep_scan,20260802112912_1A-4-7-8-17-28C,30,4,0,0,M26/2,AA7890,1,3
2026-08-02T14:53:57.300Z,deep_scan,20260802112912_1A-4-7-8-17-28C,30,4,0,4,M90,AA5506,0,29
2026-08-02T14:53:57.300Z,deep_scan,20260802112912_1A-4-7-8-17-28C,30,4,0,9,M134,AA5954,1,15
2026-08-02T14:54:27.355Z,deep_scan,20260802112912_1A-4-7-8-17-28C,30,4,0,0,M26/2,AA7890,1,3
2026-08-02T14:54:27.355Z,deep_scan,20260802112912_1A-4-7-8-17-28C,30,4,0,4,M90,AA5506,0,14
2026-08-02T14:54:27.355Z,deep_scan,20260802112912_1A-4-7-8-17-28C,30,4,0,9,M134,AA5954,1,7
2026-08-02T14:54:57.383Z,deep_scan,20260802112912_1A-4-7-8-17-28C,30,4,0,0,M26/2,AA7890,1,3
2026-08-02T14:54:57.383Z,deep_scan,20260802112912_1A-4-7-8-17-28C,30,4,0,4,M90,AA5506,0,15
2026-08-02T14:54:57.383Z,deep_scan,20260802112912_1A-4-7-8-17-28C,30,4,0,9,M134,AA5954,0,19
2026-08-02T14:55:27.391Z,deep_scan,20260802112912_1A-4-7-8-17-28C,30,4,0,0,M26/2,AA7890,1,3
2026-08-02T14:55:27.391Z,deep_scan,20260802112912_1A-4-7-8-17-28C,30,4,0,4,M90,AA5506,0,18
2026-08-02T14:55:27.391Z,deep_scan,20260802112912_1A-4-7-8-17-28C,30,4,0,9,M134,AA5954,0,4
2026-08-02T14:55:57.358Z,deep_scan,20260802112912_1A-4-7-8-17-28C,30,4,0,0,M26/2,AA7890,1,3
2026-08-02T14:55:57.358Z,deep_scan,20260802112912_1A-4-7-8-17-28C,30,4,0,4,M90,AA5506,0,1
2026-08-02T14:55:57.358Z,deep_scan,20260802112912_1A-4-7-8-17-28C,30,4,0,9,M134,AA5954,0,7
2026-08-02T14:56:27.362Z,deep_scan,20260802112912_1A-4-7-8-17-28C,30,4,0,0,M26/2,AA7890,1,3
2026-08-02T14:56:27.362Z,deep_scan,20260802112912_1A-4-7-8-17-28C,30,4,0,5,M73/2,AA5506,1,25
2026-08-02T14:56:27.362Z,deep_scan,20260802112912_1A-4-7-8-17-28C,30,4,0,9,M134,AA5954,0,7
2026-08-02T14:56:57.366Z,deep_scan,20260802112912_1A-4-7-8-17-28C,30,4,0,0,M26/2,AA7890,1,3
2026-08-02T14:56:57.366Z,deep_scan,20260802112912_1A-4-7-8-17-28C,30,4,0,6,M152,AA5506,0,33
2026-08-02T14:56:57.366Z,deep_scan,20260802112912_1A-4-7-8-17-28C,30,4,0,9,M134,AA5954,0,7
2026-08-02T14:57:27.391Z,deep_scan,20260802112912_1A-4-7-8-17-28C,30,4,0,0,M26/2,AA7890,1,3
2026-08-02T14:57:27.391Z,deep_scan,20260802112912_1A-4-7-8-17-28C,30,4,0,6,M152,AA5506,0,20
2026-08-02T14:57:27.391Z,deep_scan,20260802112912_1A-4-7-8-17-28C,30,4,0,10,M132/1,AA5954,1,20
2026-08-02T14:57:57.358Z,deep_scan,20260802112912_1A-4-7-8-17-28C,30,4,0,0,M26/2,AA7890,1,3
2026-08-02T14:57:57.358Z,deep_scan,20260802112912_1A-4-7-8-17-28C,30,4,0,7,M146,AA5506,1,3
2026-08-02T14:57:57.358Z,deep_scan,20260802112912_1A-4-7-8-17-28C,30,4,0,10,M132/1,AA5954,1,20
2026-08-02T14:58:27.500Z,deep_scan,20260802112912_1A-4-7-8-17-28C,30,4,0,0,M26/2,AA7890,1,3
2026-08-02T14:58:27.500Z,deep_scan,20260802112912_1A-4-7-8-17-28C,30,4,0,7,M146,AA5506,1,12
2026-08-02T14:58:27.500Z,deep_scan,20260802112912_1A-4-7-8-17-28C,30,4,0,10,M132/1,AA5954,0,21
2026-08-02T14:58:57.389Z,deep_scan,20260802112912_1A-4-7-8-17-28C,30,4,0,0,M26/2,AA7890,1,3
2026-08-02T14:58:57.389Z,deep_scan,20260802112912_1A-4-7-8-17-28C,30,4,0,7,M146,AA5506,0,21
2026-08-02T14:58:57.389Z,deep_scan,20260802112912_1A-4-7-8-17-28C,30,4,0,10,M132/1,AA5954,0,19
2026-08-02T14:59:27.490Z,deep_scan,20260802112912_1A-4-7-8-17-28C,30,4,0,0,M26/2,AA7890,1,3
2026-08-02T14:59:27.490Z,deep_scan,20260802112912_1A-4-7-8-17-28C,30,4,0,8,M173,AA5506,1,28
2026-08-02T14:59:27.490Z,deep_scan,20260802112912_1A-4-7-8-17-28C,30,4,0,11,M129,AA5954,1,10
2026-08-02T14:59:57.426Z,deep_scan,20260802112912_1A-4-7-8-17-28C,30,4,0,0,M26/2,AA7890,1,3
2026-08-02T14:59:57.426Z,deep_scan,20260802112912_1A-4-7-8-17-28C,30,4,0,8,M173,AA5506,0,13
2026-08-02T14:59:57.426Z,deep_scan,20260802112912_1A-4-7-8-17-28C,30,4,0,11,M129,AA5954,0,5
2026-08-02T15:00:27.491Z,deep_scan,20260802112912_1A-4-7-8-17-28C,30,4,0,0,M26/2,AA7890,1,3
2026-08-02T15:00:27.491Z,deep_scan,20260802112912_1A-4-7-8-17-28C,30,4,0,8,M173,AA5506,0,1
2026-08-02T15:00:27.491Z,deep_scan,20260802112912_1A-4-7-8-17-28C,30,4,0,11,M129,AA5954,0,2
2026-08-02T15:00:57.382Z,deep_scan,20260802112912_1A-4-7-8-17-28C,30,4,0,0,M26/2,AA7890,1,3
2026-08-02T15:00:57.382Z,deep_scan,20260802112912_1A-4-7-8-17-28C,30,4,0,8,M173,AA5506,0,25
2026-08-02T15:00:57.382Z,deep_scan,20260802112912_1A-4-7-8-17-28C,30,4,0,11,M129,AA5954,0,13
2026-08-02T15:01:27.434Z,deep_scan,20260802112912_1A-4-7-8-17-28C,30,4,0,0,M26/2,AA7890,1,3
2026-08-02T15:01:27.434Z,deep_scan,20260802112912_1A-4-7-8-17-28C,30,4,0,8,M173,AA5506,0,15
2026-08-02T15:01:27.434Z,deep_scan,20260802112912_1A-4-7-8-17-28C,30,4,0,12,M128,AA5954,1,35
2026-08-02T15:01:57.462Z,deep_scan,20260802112912_1A-4-7-8-17-28C,30,4,0,0,M26/2,AA7890,1,6
2026-08-02T15:01:57.462Z,deep_scan,20260802112912_1A-4-7-8-17-28C,30,4,0,9,M134,AA5506,1,15
2026-08-02T15:01:57.462Z,deep_scan,20260802112912_1A-4-7-8-17-28C,30,4,0,12,M128,AA5954,1,11
2026-08-02T15:02:27.506Z,deep_scan,20260802112912_1A-4-7-8-17-28C,30,4,0,0,M26/2,AA7890,0,27
2026-08-02T15:02:27.506Z,deep_scan,20260802112912_1A-4-7-8-17-28C,30,4,0,9,M134,AA5506,1,5
2026-08-02T15:02:27.506Z,deep_scan,20260802112912_1A-4-7-8-17-28C,30,4,0,12,M128,AA5954,0,1
2026-08-02T15:02:57.456Z,deep_scan,20260802112912_1A-4-7-8-17-28C,30,4,0,0,M26/2,AA7890,0,8
2026-08-02T15:02:57.456Z,deep_scan,20260802112912_1A-4-7-8-17-28C,30,4,0,9,M134,AA5506,1,5
2026-08-02T15:02:57.456Z,deep_scan,20260802112912_1A-4-7-8-17-28C,30,4,0,12,M128,AA5954,0,1
2026-08-02T15:03:27.595Z,deep_scan,20260802112912_1A-4-7-8-17-28C,30,4,0,0,M26/2,AA7890,0,22
2026-08-02T15:03:27.595Z,deep_scan,20260802112912_1A-4-7-8-17-28C,30,4,0,9,M134,AA5506,1,10
2026-08-02T15:03:27.595Z,deep_scan,20260802112912_1A-4-7-8-17-28C,30,4,0,13,M130,AA5954,1,18
2026-08-02T15:03:57.494Z,deep_scan,20260802112912_1A-4-7-8-17-28C,30,4,0,0,M26/2,AA7890,0,22
2026-08-02T15:03:57.494Z,deep_scan,20260802112912_1A-4-7-8-17-28C,30,4,0,9,M134,AA5506,0,21
2026-08-02T15:03:57.494Z,deep_scan,20260802112912_1A-4-7-8-17-28C,30,4,0,13,M130,AA5954,0,7
2026-08-02T15:04:27.471Z,deep_scan,20260802112912_1A-4-7-8-17-28C,30,4,0,0,M26/2,AA7890,0,5
2026-08-02T15:04:27.471Z,deep_scan,20260802112912_1A-4-7-8-17-28C,30,4,0,9,M134,AA5506,0,20
2026-08-02T15:04:27.471Z,deep_scan,20260802112912_1A-4-7-8-17-28C,30,4,0,13,M130,AA5954,0,17
2026-08-02T15:04:57.541Z,deep_scan,20260802112912_1A-4-7-8-17-28C,30,4,0,0,M26/2,AA7890,0,14
2026-08-02T15:04:57.541Z,deep_scan,20260802112912_1A-4-7-8-17-28C,30,4,0,9,M134,AA5506,0,3
2026-08-02T15:04:57.541Z,deep_scan,20260802112912_1A-4-7-8-17-28C,30,4,0,13,M130,AA5954,0,23
2026-08-02T15:05:27.488Z,deep_scan,20260802112912_1A-4-7-8-17-28C,30,4,0,0,M26/2,AA7890,0,21
2026-08-02T15:05:27.488Z,deep_scan,20260802112912_1A-4-7-8-17-28C,30,4,0,10,M132/1,AA5506,1,6
2026-08-02T15:05:27.488Z,deep_scan,20260802112912_1A-4-7-8-17-28C,30,4,0,14,M26/2,AA5954,1,0
2026-08-02T15:05:57.510Z,deep_scan,20260802112912_1A-4-7-8-17-28C,30,4,0,0,M26/2,AA7890,0,21
2026-08-02T15:05:57.510Z,deep_scan,20260802112912_1A-4-7-8-17-28C,30,4,0,10,M132/1,AA5506,1,6
2026-08-02T15:05:57.510Z,deep_scan,20260802112912_1A-4-7-8-17-28C,30,4,0,14,M26/2,AA5954,1,0
2026-08-02T15:06:27.495Z,deep_scan,20260802112912_1A-4-7-8-17-28C,30,4,0,2,M16/2,AA7890,1,29
2026-08-02T15:06:27.495Z,deep_scan,20260802112912_1A-4-7-8-17-28C,30,4,0,10,M132/1,AA5506,0,32
2026-08-02T15:06:27.495Z,deep_scan,20260802112912_1A-4-7-8-17-28C,30,4,0,14,M26/2,AA5954,1,0
2026-08-02T15:06:57.526Z,deep_scan,20260802112912_1A-4-7-8-17-28C,30,4,0,2,M16/2,AA7890,0,27
2026-08-02T15:06:57.526Z,deep_scan,20260802112912_1A-4-7-8-17-28C,30,4,0,10,M132/1,AA5506,0,24
2026-08-02T15:06:57.526Z,deep_scan,20260802112912_1A-4-7-8-17-28C,30,4,0,14,M26/2,AA5954,1,0
2026-08-02T15:07:27.522Z,deep_scan,20260802112912_1A-4-7-8-17-28C,30,4,0,3,M101,AA7890,1,8
2026-08-02T15:07:27.522Z,deep_scan,20260802112912_1A-4-7-8-17-28C,30,4,0,11,M129,AA5506,1,1
2026-08-02T15:07:27.522Z,deep_scan,20260802112912_1A-4-7-8-17-28C,30,4,0,14,M26/2,AA5954,1,0
2026-08-02T15:07:57.507Z,deep_scan,20260802112912_1A-4-7-8-17-28C,30,4,0,3,M101,AA7890,1,7
2026-08-02T15:07:57.507Z,deep_scan,20260802112912_1A-4-7-8-17-28C,30,4,0,11,M129,AA5506,0,1
2026-08-02T15:07:57.507Z,deep_scan,20260802112912_1A-4-7-8-17-28C,30,4,0,14,M26/2,AA5954,1,0
2026-08-02T15:08:27.555Z,deep_scan,20260802112912_1A-4-7-8-17-28C,30,4,0,3,M101,AA7890,1,7
2026-08-02T15:08:27.555Z,deep_scan,20260802112912_1A-4-7-8-17-28C,30,4,0,11,M129,AA5506,0,1
2026-08-02T15:08:27.555Z,deep_scan,20260802112912_1A-4-7-8-17-28C,30,4,0,14,M26/2,AA5954,1,0
2026-08-02T15:08:57.521Z,deep_scan,20260802112912_1A-4-7-8-17-28C,30,4,0,3,M101,AA7890,0,18
2026-08-02T15:08:57.521Z,deep_scan,20260802112912_1A-4-7-8-17-28C,30,4,0,11,M129,AA5506,0,34
2026-08-02T15:08:57.521Z,deep_scan,20260802112912_1A-4-7-8-17-28C,30,4,0,14,M26/2,AA5954,1,0
2026-08-02T15:09:27.526Z,deep_scan,20260802112912_1A-4-7-8-17-28C,30,4,0,4,M90,AA7890,1,3
2026-08-02T15:09:27.526Z,deep_scan,20260802112912_1A-4-7-8-17-28C,30,4,0,12,M128,AA5506,1,38
2026-08-02T15:09:27.526Z,deep_scan,20260802112912_1A-4-7-8-17-28C,30,4,0,14,M26/2,AA5954,1,0
2026-08-02T15:09:57.545Z,deep_scan,20260802112912_1A-4-7-8-17-28C,30,4,0,4,M90,AA7890,0,13
2026-08-02T15:09:57.545Z,deep_scan,20260802112912_1A-4-7-8-17-28C,30,4,0,12,M128,AA5506,0,36
2026-08-02T15:10:27.540Z,deep_scan,20260802112912_1A-4-7-8-17-28C,30,4,0,4,M90,AA7890,0,17
2026-08-02T15:10:27.540Z,deep_scan,20260802112912_1A-4-7-8-17-28C,30,4,0,12,M128,AA5506,0,8
2026-08-02T15:10:57.573Z,deep_scan,20260802112912_1A-4-7-8-17-28C,30,4,0,4,M90,AA7890,0,21
2026-08-02T15:10:57.573Z,deep_scan,20260802112912_1A-4-7-8-17-28C,30,4,0,13,M130,AA5506,1,13
2026-08-02T15:11:27.540Z,deep_scan,20260802112912_1A-4-7-8-17-28C,30,4,0,4,M90,AA7890,0,21
2026-08-02T15:11:27.540Z,deep_scan,20260802112912_1A-4-7-8-17-28C,30,4,0,13,M130,AA5506,0,28
2026-08-02T15:11:57.538Z,deep_scan,20260802112912_1A-4-7-8-17-28C,30,4,0,4,M90,AA7890,0,5
2026-08-02T15:11:57.538Z,deep_scan,20260802112912_1A-4-7-8-17-28C,30,4,0,13,M130,AA5506,0,21
2026-08-02T15:12:27.554Z,deep_scan,20260802112912_1A-4-7-8-17-28C,30,4,0,4,M90,AA7890,0,10
2026-08-02T15:12:27.554Z,deep_scan,20260802112912_1A-4-7-8-17-28C,30,4,0,14,M26/2,AA5506,1,0
2026-08-02T15:12:57.561Z,deep_scan,20260802112912_1A-4-7-8-17-28C,30,4,0,4,M90,AA7890,0,20
2026-08-02T15:12:57.561Z,deep_scan,20260802112912_1A-4-7-8-17-28C,30,4,0,14,M26/2,AA5506,1,0
2026-08-02T15:13:27.644Z,deep_scan,20260802112912_1A-4-7-8-17-28C,30,4,0,5,M73/2,AA7890,1,9
2026-08-02T15:13:27.644Z,deep_scan,20260802112912_1A-4-7-8-17-28C,30,4,0,14,M26/2,AA5506,1,0
2026-08-02T15:13:57.573Z,deep_scan,20260802112912_1A-4-7-8-17-28C,30,4,0,5,M73/2,AA7890,0,9
2026-08-02T15:13:57.573Z,deep_scan,20260802112912_1A-4-7-8-17-28C,30,4,0,14,M26/2,AA5506,1,0
2026-08-02T15:14:27.593Z,deep_scan,20260802112912_1A-4-7-8-17-28C,30,4,0,6,M152,AA7890,1,20
2026-08-02T15:14:27.593Z,deep_scan,20260802112912_1A-4-7-8-17-28C,30,4,0,14,M26/2,AA5506,1,0
2026-08-02T15:14:57.577Z,deep_scan,20260802112912_1A-4-7-8-17-28C,30,4,0,6,M152,AA7890,0,31
2026-08-02T15:14:57.577Z,deep_scan,20260802112912_1A-4-7-8-17-28C,30,4,0,14,M26/2,AA5506,1,0
2026-08-02T15:15:27.597Z,deep_scan,20260802112912_1A-4-7-8-17-28C,30,4,0,0,M26/2,AA5954,1,10
2026-08-02T15:15:27.597Z,deep_scan,20260802112912_1A-4-7-8-17-28C,30,4,0,6,M152,AA7890,0,12
2026-08-02T15:15:27.597Z,deep_scan,20260802112912_1A-4-7-8-17-28C,30,4,0,14,M26/2,AA5506,1,0
2026-08-02T15:15:57.609Z,deep_scan,20260802112912_1A-4-7-8-17-28C,30,4,0,0,M26/2,AA5954,0,14
2026-08-02T15:15:57.609Z,deep_scan,20260802112912_1A-4-7-8-17-28C,30,4,0,7,M146,AA7890,1,10
2026-08-02T15:15:57.609Z,deep_scan,20260802112912_1A-4-7-8-17-28C,30,4,0,14,M26/2,AA5506,1,0
2026-08-02T15:16:27.628Z,deep_scan,20260802112912_1A-4-7-8-17-28C,30,4,0,0,M26/2,AA5954,0,10
2026-08-02T15:16:27.628Z,deep_scan,20260802112912_1A-4-7-8-17-28C,30,4,0,7,M146,AA7890,1,10
2026-08-02T15:16:27.628Z,deep_scan,20260802112912_1A-4-7-8-17-28C,30,4,0,14,M26/2,AA5506,1,0
2026-08-02T15:16:57.599Z,deep_scan,20260802112912_1A-4-7-8-17-28C,30,4,0,0,M26/2,AA5954,0,27
2026-08-02T15:16:57.599Z,deep_scan,20260802112912_1A-4-7-8-17-28C,30,4,0,7,M146,AA7890,0,28
2026-08-02T15:17:27.625Z,deep_scan,20260802112912_1A-4-7-8-17-28C,30,4,0,0,M26/2,AA5954,0,14
2026-08-02T15:17:27.625Z,deep_scan,20260802112912_1A-4-7-8-17-28C,30,4,0,8,M173,AA7890,1,24
2026-08-02T15:17:57.604Z,deep_scan,20260802112912_1A-4-7-8-17-28C,30,4,0,0,M26/2,AA5954,0,30
2026-08-02T15:17:57.604Z,deep_scan,20260802112912_1A-4-7-8-17-28C,30,4,0,8,M173,AA7890,0,16
2026-08-02T15:18:27.667Z,deep_scan,20260802112912_1A-4-7-8-17-28C,30,4,0,0,M26/2,AA5954,0,24
2026-08-02T15:18:27.667Z,deep_scan,20260802112912_1A-4-7-8-17-28C,30,4,0,8,M173,AA7890,0,3
2026-08-02T15:18:57.635Z,deep_scan,20260802112912_1A-4-7-8-17-28C,30,4,0,0,M26/2,AA5954,0,17
2026-08-02T15:18:57.635Z,deep_scan,20260802112912_1A-4-7-8-17-28C,30,4,0,8,M173,AA7890,0,7
2026-08-02T15:19:27.698Z,deep_scan,20260802112912_1A-4-7-8-17-28C,30,4,0,2,M16/2,AA5954,1,11
2026-08-02T15:19:27.698Z,deep_scan,20260802112912_1A-4-7-8-17-28C,30,4,0,8,M173,AA7890,0,40
2026-08-02T15:19:57.627Z,deep_scan,20260802112912_1A-4-7-8-17-28C,30,4,0,2,M16/2,AA5954,0,10
2026-08-02T15:19:57.627Z,deep_scan,20260802112912_1A-4-7-8-17-28C,30,4,0,8,M173,AA7890,0,3
2026-08-02T15:20:27.727Z,deep_scan,20260802112912_1A-4-7-8-17-28C,30,4,0,2,M16/2,AA5954,0,10
2026-08-02T15:20:27.727Z,deep_scan,20260802112912_1A-4-7-8-17-28C,30,4,0,8,M173,AA7890,0,7
2026-08-02T15:20:57.669Z,deep_scan,20260802112912_1A-4-7-8-17-28C,30,4,0,3,M101,AA5954,1,20
2026-08-02T15:20:57.669Z,deep_scan,20260802112912_1A-4-7-8-17-28C,30,4,0,9,M134,AA7890,1,9
2026-08-02T15:21:27.646Z,deep_scan,20260802112912_1A-4-7-8-17-28C,30,4,0,3,M101,AA5954,1,25
2026-08-02T15:21:27.646Z,deep_scan,20260802112912_1A-4-7-8-17-28C,30,4,0,9,M134,AA7890,0,15
2026-08-02T15:21:57.644Z,deep_scan,20260802112912_1A-4-7-8-17-28C,30,4,0,3,M101,AA5954,1,25
2026-08-02T15:21:57.644Z,deep_scan,20260802112912_1A-4-7-8-17-28C,30,4,0,9,M134,AA7890,0,11
2026-08-02T15:22:27.714Z,deep_scan,20260802112912_1A-4-7-8-17-28C,30,4,0,3,M101,AA5954,1,25
2026-08-02T15:22:27.714Z,deep_scan,20260802112912_1A-4-7-8-17-28C,30,4,0,9,M134,AA7890,0,1
2026-08-02T15:22:57.695Z,deep_scan,20260802112912_1A-4-7-8-17-28C,30,4,0,3,M101,AA5954,1,19
2026-08-02T15:22:57.695Z,deep_scan,20260802112912_1A-4-7-8-17-28C,30,4,0,9,M134,AA7890,0,21
2026-08-02T15:23:27.703Z,deep_scan,20260802112912_1A-4-7-8-17-28C,30,4,0,4,M90,AA5954,1,19
2026-08-02T15:23:27.703Z,deep_scan,20260802112912_1A-4-7-8-17-28C,30,4,0,10,M132/1,AA7890,1,5
2026-08-02T15:23:57.705Z,deep_scan,20260802112912_1A-4-7-8-17-28C,30,4,0,4,M90,AA5954,0,13
2026-08-02T15:23:57.705Z,deep_scan,20260802112912_1A-4-7-8-17-28C,30,4,0,10,M132/1,AA7890,1,9
2026-08-02T15:24:27.711Z,deep_scan,20260802112912_1A-4-7-8-17-28C,30,4,0,4,M90,AA5954,0,18
2026-08-02T15:24:27.711Z,deep_scan,20260802112912_1A-4-7-8-17-28C,30,4,0,10,M132/1,AA7890,0,20
2026-08-02T15:24:57.748Z,deep_scan,20260802112912_1A-4-7-8-17-28C,30,4,0,4,M90,AA5954,0,3
2026-08-02T15:24:57.748Z,deep_scan,20260802112912_1A-4-7-8-17-28C,30,4,0,11,M129,AA7890,1,20
2026-08-02T15:25:27.725Z,deep_scan,20260802112912_1A-4-7-8-17-28C,30,4,0,4,M90,AA5954,0,7
2026-08-02T15:25:27.725Z,deep_scan,20260802112912_1A-4-7-8-17-28C,30,4,0,11,M129,AA7890,0,24
2026-08-02T15:25:57.699Z,deep_scan,20260802112912_1A-4-7-8-17-28C,30,4,0,4,M90,AA5954,0,4
2026-08-02T15:25:57.699Z,deep_scan,20260802112912_1A-4-7-8-17-28C,30,4,0,11,M129,AA7890,0,3
2026-08-02T15:26:27.765Z,deep_scan,20260802112912_1A-4-7-8-17-28C,30,4,0,5,M73/2,AA5954,1,24
2026-08-02T15:26:27.765Z,deep_scan,20260802112912_1A-4-7-8-17-28C,30,4,0,11,M129,AA7890,0,17
2026-08-02T15:26:57.722Z,deep_scan,20260802112912_1A-4-7-8-17-28C,30,4,0,6,M152,AA5954,1,26
2026-08-02T15:26:57.722Z,deep_scan,20260802112912_1A-4-7-8-17-28C,30,4,0,12,M128,AA7890,1,31
2026-08-02T15:27:27.741Z,deep_scan,20260802112912_1A-4-7-8-17-28C,30,4,0,6,M152,AA5954,0,10
2026-08-02T15:27:27.741Z,deep_scan,20260802112912_1A-4-7-8-17-28C,30,4,0,12,M128,AA7890,1,29
2026-08-02T15:27:57.733Z,deep_scan,20260802112912_1A-4-7-8-17-28C,30,4,0,6,M152,AA5954,0,16
2026-08-02T15:27:57.733Z,deep_scan,20260802112912_1A-4-7-8-17-28C,30,4,0,12,M128,AA7890,0,2
2026-08-02T15:28:27.792Z,deep_scan,20260802112912_1A-4-7-8-17-28C,30,4,0,0,M26/2,AA5506,1,1
2026-08-02T15:28:27.792Z,deep_scan,20260802112912_1A-4-7-8-17-28C,30,4,0,6,M152,AA5954,0,15
2026-08-02T15:28:27.792Z,deep_scan,20260802112912_1A-4-7-8-17-28C,30,4,0,12,M128,AA7890,0,2
2026-08-02T15:28:57.739Z,deep_scan,20260802112912_1A-4-7-8-17-28C,30,4,0,0,M26/2,AA5506,1,1
2026-08-02T15:28:57.739Z,deep_scan,20260802112912_1A-4-7-8-17-28C,30,4,0,7,M146,AA5954,1,2
2026-08-02T15:28:57.739Z,deep_scan,20260802112912_1A-4-7-8-17-28C,30,4,0,13,M130,AA7890,1,34
2026-08-02T15:29:27.820Z,deep_scan,20260802112912_1A-4-7-8-17-28C,30,4,0,0,M26/2,AA5506,1,1
2026-08-02T15:29:27.820Z,deep_scan,20260802112912_1A-4-7-8-17-28C,30,4,0,7,M146,AA5954,0,22
2026-08-02T15:29:27.820Z,deep_scan,20260802112912_1A-4-7-8-17-28C,30,4,0,13,M130,AA7890,1,10
2026-08-02T15:29:57.784Z,deep_scan,20260802112912_1A-4-7-8-17-28C,30,4,0,0,M26/2,AA5506,1,1
2026-08-02T15:29:57.784Z,deep_scan,20260802112912_1A-4-7-8-17-28C,30,4,0,7,M146,AA5954,0,12
2026-08-02T15:29:57.784Z,deep_scan,20260802112912_1A-4-7-8-17-28C,30,4,0,13,M130,AA7890,0,10
2026-08-02T15:30:27.779Z,deep_scan,20260802112912_1A-4-7-8-17-28C,30,4,0,0,M26/2,AA5506,1,1
2026-08-02T15:30:27.779Z,deep_scan,20260802112912_1A-4-7-8-17-28C,30,4,0,7,M146,AA5954,0,13
2026-08-02T15:30:27.779Z,deep_scan,20260802112912_1A-4-7-8-17-28C,30,4,0,13,M130,AA7890,0,28
2026-08-02T15:30:57.777Z,deep_scan,20260802112912_1A-4-7-8-17-28C,30,4,0,0,M26/2,AA5506,1,9
2026-08-02T15:30:57.777Z,deep_scan,20260802112912_1A-4-7-8-17-28C,30,4,0,8,M173,AA5954,1,9
2026-08-02T15:30:57.777Z,deep_scan,20260802112912_1A-4-7-8-17-28C,30,4,0,14,M26/2,AA7890,1,0
2026-08-02T15:31:27.837Z,deep_scan,20260802112912_1A-4-7-8-17-28C,30,4,0,0,M26/2,AA5506,0,8
2026-08-02T15:31:27.837Z,deep_scan,20260802112912_1A-4-7-8-17-28C,30,4,0,0,M26/2,AA7890,1,12
2026-08-02T15:31:27.837Z,deep_scan,20260802112912_1A-4-7-8-17-28C,30,4,0,8,M173,AA5954,1,16
2026-08-02T15:31:57.850Z,deep_scan,20260802112912_1A-4-7-8-17-28C,30,4,0,0,M26/2,AA5506,0,24
2026-08-02T15:31:57.850Z,deep_scan,20260802112912_1A-4-7-8-17-28C,30,4,0,0,M26/2,AA7890,1,12
2026-08-02T15:31:57.850Z,deep_scan,20260802112912_1A-4-7-8-17-28C,30,4,0,8,M173,AA5954,1,16
2026-08-02T15:32:27.826Z,deep_scan,20260802112912_1A-4-7-8-17-28C,30,4,0,0,M26/2,AA5506,0,11
2026-08-02T15:32:27.826Z,deep_scan,20260802112912_1A-4-7-8-17-28C,30,4,0,0,M26/2,AA7890,1,12
2026-08-02T15:32:27.826Z,deep_scan,20260802112912_1A-4-7-8-17-28C,30,4,0,8,M173,AA5954,1,16
2026-08-02T15:32:57.815Z,deep_scan,20260802112912_1A-4-7-8-17-28C,30,4,0,0,M26/2,AA5506,0,31
2026-08-02T15:32:57.815Z,deep_scan,20260802112912_1A-4-7-8-17-28C,30,4,0,0,M26/2,AA7890,1,12
2026-08-02T15:32:57.815Z,deep_scan,20260802112912_1A-4-7-8-17-28C,30,4,0,8,M173,AA5954,0,11
2026-08-02T15:33:27.812Z,deep_scan,20260802112912_1A-4-7-8-17-28C,30,4,0,0,M26/2,AA5506,0,18
2026-08-02T15:33:27.812Z,deep_scan,20260802112912_1A-4-7-8-17-28C,30,4,0,0,M26/2,AA7890,1,12
2026-08-02T15:33:27.812Z,deep_scan,20260802112912_1A-4-7-8-17-28C,30,4,0,8,M173,AA5954,0,25
2026-08-02T15:33:57.801Z,deep_scan,20260802112912_1A-4-7-8-17-28C,30,4,0,0,M26/2,AA5506,0,24
2026-08-02T15:33:57.801Z,deep_scan,20260802112912_1A-4-7-8-17-28C,30,4,0,0,M26/2,AA7890,1,12
2026-08-02T15:33:57.801Z,deep_scan,20260802112912_1A-4-7-8-17-28C,30,4,0,9,M134,AA5954,1,10
2026-08-02T15:34:27.803Z,deep_scan,20260802112912_1A-4-7-8-17-28C,30,4,0,0,M26/2,AA7890,1,12
2026-08-02T15:34:27.803Z,deep_scan,20260802112912_1A-4-7-8-17-28C,30,4,0,2,M16/2,AA5506,1,13
2026-08-02T15:34:27.803Z,deep_scan,20260802112912_1A-4-7-8-17-28C,30,4,0,9,M134,AA5954,1,19
2026-08-02T15:34:57.849Z,deep_scan,20260802112912_1A-4-7-8-17-28C,30,4,0,0,M26/2,AA7890,1,12
2026-08-02T15:34:57.849Z,deep_scan,20260802112912_1A-4-7-8-17-28C,30,4,0,2,M16/2,AA5506,1,1
2026-08-02T15:34:57.849Z,deep_scan,20260802112912_1A-4-7-8-17-28C,30,4,0,9,M134,AA5954,0,22
2026-08-02T15:35:27.800Z,deep_scan,20260802112912_1A-4-7-8-17-28C,30,4,0,0,M26/2,AA7890,1,12
2026-08-02T15:35:27.800Z,deep_scan,20260802112912_1A-4-7-8-17-28C,30,4,0,2,M16/2,AA5506,1,1
2026-08-02T15:35:27.800Z,deep_scan,20260802112912_1A-4-7-8-17-28C,30,4,0,9,M134,AA5954,0,16
2026-08-02T15:35:57.810Z,deep_scan,20260802112912_1A-4-7-8-17-28C,30,4,0,0,M26/2,AA7890,1,12
2026-08-02T15:35:57.810Z,deep_scan,20260802112912_1A-4-7-8-17-28C,30,4,0,2,M16/2,AA5506,1,1
2026-08-02T15:35:57.810Z,deep_scan,20260802112912_1A-4-7-8-17-28C,30,4,0,10,M132/1,AA5954,1,24
2026-08-02T15:36:27.810Z,deep_scan,20260802112912_1A-4-7-8-17-28C,30,4,0,0,M26/2,AA7890,1,12
2026-08-02T15:36:27.810Z,deep_scan,20260802112912_1A-4-7-8-17-28C,30,4,0,2,M16/2,AA5506,0,15
2026-08-02T15:36:27.810Z,deep_scan,20260802112912_1A-4-7-8-17-28C,30,4,0,10,M132/1,AA5954,1,4
2026-08-02T15:36:57.829Z,deep_scan,20260802112912_1A-4-7-8-17-28C,30,4,0,0,M26/2,AA7890,1,12
2026-08-02T15:36:57.829Z,deep_scan,20260802112912_1A-4-7-8-17-28C,30,4,0,3,M101,AA5506,1,30
2026-08-02T15:36:57.829Z,deep_scan,20260802112912_1A-4-7-8-17-28C,30,4,0,10,M132/1,AA5954,0,27
2026-08-02T15:37:27.854Z,deep_scan,20260802112912_1A-4-7-8-17-28C,30,4,0,0,M26/2,AA7890,1,12
2026-08-02T15:37:27.854Z,deep_scan,20260802112912_1A-4-7-8-17-28C,30,4,0,3,M101,AA5506,1,30
2026-08-02T15:37:27.854Z,deep_scan,20260802112912_1A-4-7-8-17-28C,30,4,0,11,M129,AA5954,1,17
2026-08-02T15:37:57.872Z,deep_scan,20260802112912_1A-4-7-8-17-28C,30,4,0,0,M26/2,AA7890,1,12
2026-08-02T15:37:57.872Z,deep_scan,20260802112912_1A-4-7-8-17-28C,30,4,0,3,M101,AA5506,1,30
2026-08-02T15:37:57.872Z,deep_scan,20260802112912_1A-4-7-8-17-28C,30,4,0,11,M129,AA5954,1,21
2026-08-02T15:38:27.859Z,deep_scan,20260802112912_1A-4-7-8-17-28C,30,4,0,0,M26/2,AA7890,1,12
2026-08-02T15:38:27.859Z,deep_scan,20260802112912_1A-4-7-8-17-28C,30,4,0,3,M101,AA5506,0,30
2026-08-02T15:38:27.859Z,deep_scan,20260802112912_1A-4-7-8-17-28C,30,4,0,11,M129,AA5954,0,13
2026-08-02T15:38:57.922Z,deep_scan,20260802112912_1A-4-7-8-17-28C,30,4,0,0,M26/2,AA7890,1,12
2026-08-02T15:38:57.922Z,deep_scan,20260802112912_1A-4-7-8-17-28C,30,4,0,4,M90,AA5506,1,21
2026-08-02T15:38:57.922Z,deep_scan,20260802112912_1A-4-7-8-17-28C,30,4,0,11,M129,AA5954,0,13
2026-08-02T15:39:27.848Z,deep_scan,20260802112912_1A-4-7-8-17-28C,30,4,0,0,M26/2,AA7890,1,12
2026-08-02T15:39:27.848Z,deep_scan,20260802112912_1A-4-7-8-17-28C,30,4,0,4,M90,AA5506,0,25
2026-08-02T15:39:27.848Z,deep_scan,20260802112912_1A-4-7-8-17-28C,30,4,0,11,M129,AA5954,0,32
2026-08-02T15:39:57.872Z,deep_scan,20260802112912_1A-4-7-8-17-28C,30,4,0,0,M26/2,AA7890,1,12
2026-08-02T15:39:57.872Z,deep_scan,20260802112912_1A-4-7-8-17-28C,30,4,0,4,M90,AA5506,0,8
2026-08-02T15:39:57.872Z,deep_scan,20260802112912_1A-4-7-8-17-28C,30,4,0,12,M128,AA5954,0,33
2026-08-02T15:40:27.905Z,deep_scan,20260802112912_1A-4-7-8-17-28C,30,4,0,0,M26/2,AA7890,1,12
2026-08-02T15:40:27.905Z,deep_scan,20260802112912_1A-4-7-8-17-28C,30,4,0,4,M90,AA5506,0,8
2026-08-02T15:40:27.905Z,deep_scan,20260802112912_1A-4-7-8-17-28C,30,4,0,12,M128,AA5954,0,19
2026-08-02T15:40:57.893Z,deep_scan,20260802112912_1A-4-7-8-17-28C,30,4,0,0,M26/2,AA7890,1,12
2026-08-02T15:40:57.893Z,deep_scan,20260802112912_1A-4-7-8-17-28C,30,4,0,4,M90,AA5506,0,20
2026-08-02T15:40:57.893Z,deep_scan,20260802112912_1A-4-7-8-17-28C,30,4,0,12,M128,AA5954,0,19
2026-08-02T15:41:27.919Z,deep_scan,20260802112912_1A-4-7-8-17-28C,30,4,0,0,M26/2,AA7890,1,12
2026-08-02T15:41:27.919Z,deep_scan,20260802112912_1A-4-7-8-17-28C,30,4,0,4,M90,AA5506,0,20
2026-08-02T15:41:27.919Z,deep_scan,20260802112912_1A-4-7-8-17-28C,30,4,0,13,M130,AA5954,1,8
2026-08-02T15:41:57.875Z,deep_scan,20260802112912_1A-4-7-8-17-28C,30,4,0,0,M26/2,AA7890,1,12
2026-08-02T15:41:57.875Z,deep_scan,20260802112912_1A-4-7-8-17-28C,30,4,0,4,M90,AA5506,0,14
2026-08-02T15:41:57.875Z,deep_scan,20260802112912_1A-4-7-8-17-28C,30,4,0,13,M130,AA5954,0,5
2026-08-02T15:42:27.968Z,deep_scan,20260802112912_1A-4-7-8-17-28C,30,4,0,0,M26/2,AA7890,1,12
2026-08-02T15:42:27.968Z,deep_scan,20260802112912_1A-4-7-8-17-28C,30,4,0,4,M90,AA5506,0,11
2026-08-02T15:42:27.968Z,deep_scan,20260802112912_1A-4-7-8-17-28C,30,4,0,13,M130,AA5954,0,14
2026-08-02T15:42:57.900Z,deep_scan,20260802112912_1A-4-7-8-17-28C,30,4,0,0,M26/2,AA7890,1,12
2026-08-02T15:42:57.900Z,deep_scan,20260802112912_1A-4-7-8-17-28C,30,4,0,5,M73/2,AA5506,1,19
2026-08-02T15:42:57.900Z,deep_scan,20260802112912_1A-4-7-8-17-28C,30,4,0,13,M130,AA5954,0,8
2026-08-02T15:43:27.938Z,deep_scan,20260802112912_1A-4-7-8-17-28C,30,4,0,0,M26/2,AA7890,1,12
2026-08-02T15:43:27.938Z,deep_scan,20260802112912_1A-4-7-8-17-28C,30,4,0,6,M152,AA5506,1,23
2026-08-02T15:43:27.938Z,deep_scan,20260802112912_1A-4-7-8-17-28C,30,4,0,14,M26/2,AA5954,1,0
2026-08-02T15:43:57.945Z,deep_scan,20260802112912_1A-4-7-8-17-28C,30,4,0,0,M26/2,AA7890,1,12
2026-08-02T15:43:57.945Z,deep_scan,20260802112912_1A-4-7-8-17-28C,30,4,0,6,M152,AA5506,0,19
2026-08-02T15:43:57.945Z,deep_scan,20260802112912_1A-4-7-8-17-28C,30,4,0,14,M26/2,AA5954,1,0
2026-08-02T15:44:27.904Z,deep_scan,20260802112912_1A-4-7-8-17-28C,30,4,0,0,M26/2,AA7890,1,15
2026-08-02T15:44:27.904Z,deep_scan,20260802112912_1A-4-7-8-17-28C,30,4,0,6,M152,AA5506,0,13
2026-08-02T15:44:27.904Z,deep_scan,20260802112912_1A-4-7-8-17-28C,30,4,0,14,M26/2,AA5954,1,0
2026-08-02T15:44:57.957Z,deep_scan,20260802112912_1A-4-7-8-17-28C,30,4,0,0,M26/2,AA7890,0,21
2026-08-02T15:44:57.957Z,deep_scan,20260802112912_1A-4-7-8-17-28C,30,4,0,6,M152,AA5506,0,1
2026-08-02T15:44:57.957Z,deep_scan,20260802112912_1A-4-7-8-17-28C,30,4,0,14,M26/2,AA5954,1,0
2026-08-02T15:45:27.930Z,deep_scan,20260802112912_1A-4-7-8-17-28C,30,4,0,0,M26/2,AA7890,0,16
2026-08-02T15:45:27.930Z,deep_scan,20260802112912_1A-4-7-8-17-28C,30,4,0,7,M146,AA5506,1,11
2026-08-02T15:45:27.930Z,deep_scan,20260802112912_1A-4-7-8-17-28C,30,4,0,14,M26/2,AA5954,1,0
2026-08-02T15:45:57.926Z,deep_scan,20260802112912_1A-4-7-8-17-28C,30,4,0,0,M26/2,AA7890,0,30
2026-08-02T15:45:57.926Z,deep_scan,20260802112912_1A-4-7-8-17-28C,30,4,0,7,M146,AA5506,1,8
2026-08-02T15:45:57.926Z,deep_scan,20260802112912_1A-4-7-8-17-28C,30,4,0,14,M26/2,AA5954,1,0
2026-08-02T15:46:28.009Z,deep_scan,20260802112912_1A-4-7-8-17-28C,30,4,0,0,M26/2,AA7890,0,30
2026-08-02T15:46:28.009Z,deep_scan,20260802112912_1A-4-7-8-17-28C,30,4,0,7,M146,AA5506,0,19
2026-08-02T15:46:28.009Z,deep_scan,20260802112912_1A-4-7-8-17-28C,30,4,0,14,M26/2,AA5954,1,0
2026-08-02T15:46:57.962Z,deep_scan,20260802112912_1A-4-7-8-17-28C,30,4,0,0,M26/2,AA7890,0,21
2026-08-02T15:46:57.962Z,deep_scan,20260802112912_1A-4-7-8-17-28C,30,4,0,8,M173,AA5506,1,31
2026-08-02T15:46:57.962Z,deep_scan,20260802112912_1A-4-7-8-17-28C,30,4,0,14,M26/2,AA5954,1,0
2026-08-02T15:47:27.944Z,deep_scan,20260802112912_1A-4-7-8-17-28C,30,4,0,0,M26/2,AA7890,0,32
2026-08-02T15:47:27.944Z,deep_scan,20260802112912_1A-4-7-8-17-28C,30,4,0,8,M173,AA5506,0,2
2026-08-02T15:47:58.011Z,deep_scan,20260802112912_1A-4-7-8-17-28C,30,4,0,0,M26/2,AA7890,0,17
2026-08-02T15:47:58.011Z,deep_scan,20260802112912_1A-4-7-8-17-28C,30,4,0,8,M173,AA5506,0,2
2026-08-02T15:48:27.999Z,deep_scan,20260802112912_1A-4-7-8-17-28C,30,4,0,2,M16/2,AA7890,1,6
2026-08-02T15:48:27.999Z,deep_scan,20260802112912_1A-4-7-8-17-28C,30,4,0,8,M173,AA5506,0,2
2026-08-02T15:48:58.039Z,deep_scan,20260802112912_1A-4-7-8-17-28C,30,4,0,2,M16/2,AA7890,1,13
2026-08-02T15:48:58.039Z,deep_scan,20260802112912_1A-4-7-8-17-28C,30,4,0,8,M173,AA5506,0,21
2026-08-02T15:49:28.013Z,deep_scan,20260802112912_1A-4-7-8-17-28C,30,4,0,2,M16/2,AA7890,0,5
2026-08-02T15:49:28.013Z,deep_scan,20260802112912_1A-4-7-8-17-28C,30,4,0,8,M173,AA5506,0,28
2026-08-02T15:49:58.003Z,deep_scan,20260802112912_1A-4-7-8-17-28C,30,4,0,2,M16/2,AA7890,0,5
2026-08-02T15:49:58.003Z,deep_scan,20260802112912_1A-4-7-8-17-28C,30,4,0,9,M134,AA5506,1,2
2026-08-02T15:50:27.999Z,deep_scan,20260802112912_1A-4-7-8-17-28C,30,4,0,2,M16/2,AA7890,0,22
2026-08-02T15:50:27.999Z,deep_scan,20260802112912_1A-4-7-8-17-28C,30,4,0,9,M134,AA5506,1,15
2026-08-02T15:50:58.025Z,deep_scan,20260802112912_1A-4-7-8-17-28C,30,4,0,3,M101,AA7890,0,15
2026-08-02T15:50:58.025Z,deep_scan,20260802112912_1A-4-7-8-17-28C,30,4,0,9,M134,AA5506,1,15
2026-08-02T15:51:28.031Z,deep_scan,20260802112912_1A-4-7-8-17-28C,30,4,0,3,M101,AA7890,0,2
2026-08-02T15:51:28.031Z,deep_scan,20260802112912_1A-4-7-8-17-28C,30,4,0,9,M134,AA5506,0,13
2026-08-02T15:51:57.990Z,deep_scan,20260802112912_1A-4-7-8-17-28C,30,4,0,3,M101,AA7890,0,2
2026-08-02T15:51:57.990Z,deep_scan,20260802112912_1A-4-7-8-17-28C,30,4,0,9,M134,AA5506,0,1
2026-08-02T15:52:28.014Z,deep_scan,20260802112912_1A-4-7-8-17-28C,30,4,0,3,M101,AA7890,0,11
2026-08-02T15:52:28.014Z,deep_scan,20260802112912_1A-4-7-8-17-28C,30,4,0,9,M134,AA5506,0,1
2026-08-02T15:52:58.019Z,deep_scan,20260802112912_1A-4-7-8-17-28C,30,4,0,0,M26/2,AA5954,1,4
2026-08-02T15:52:58.019Z,deep_scan,20260802112912_1A-4-7-8-17-28C,30,4,0,4,M90,AA7890,0,9
2026-08-02T15:52:58.019Z,deep_scan,20260802112912_1A-4-7-8-17-28C,30,4,0,9,M134,AA5506,0,1
2026-08-02T15:53:28.046Z,deep_scan,20260802112912_1A-4-7-8-17-28C,30,4,0,0,M26/2,AA5954,1,4
2026-08-02T15:53:28.046Z,deep_scan,20260802112912_1A-4-7-8-17-28C,30,4,0,4,M90,AA7890,0,14
2026-08-02T15:53:28.046Z,deep_scan,20260802112912_1A-4-7-8-17-28C,30,4,0,10,M132/1,AA5506,1,17
2026-08-02T15:53:58.028Z,deep_scan,20260802112912_1A-4-7-8-17-28C,30,4,0,0,M26/2,AA5954,1,4
2026-08-02T15:53:58.028Z,deep_scan,20260802112912_1A-4-7-8-17-28C,30,4,0,4,M90,AA7890,0,19
2026-08-02T15:53:58.028Z,deep_scan,20260802112912_1A-4-7-8-17-28C,30,4,0,10,M132/1,AA5506,1,5
2026-08-02T15:54:28.033Z,deep_scan,20260802112912_1A-4-7-8-17-28C,30,4,0,0,M26/2,AA5954,0,11
2026-08-02T15:54:28.033Z,deep_scan,20260802112912_1A-4-7-8-17-28C,30,4,0,4,M90,AA7890,0,3
2026-08-02T15:54:28.033Z,deep_scan,20260802112912_1A-4-7-8-17-28C,30,4,0,10,M132/1,AA5506,0,24
2026-08-02T15:54:58.048Z,deep_scan,20260802112912_1A-4-7-8-17-28C,30,4,0,0,M26/2,AA5954,0,20
2026-08-02T15:54:58.048Z,deep_scan,20260802112912_1A-4-7-8-17-28C,30,4,0,4,M90,AA7890,0,3
2026-08-02T15:54:58.048Z,deep_scan,20260802112912_1A-4-7-8-17-28C,30,4,0,11,M129,AA5506,1,30
2026-08-02T15:55:28.093Z,deep_scan,20260802112912_1A-4-7-8-17-28C,30,4,0,0,M26/2,AA5954,0,7
2026-08-02T15:55:28.093Z,deep_scan,20260802112912_1A-4-7-8-17-28C,30,4,0,4,M90,AA7890,0,17
2026-08-02T15:55:28.093Z,deep_scan,20260802112912_1A-4-7-8-17-28C,30,4,0,11,M129,AA5506,1,37
2026-08-02T15:55:58.069Z,deep_scan,20260802112912_1A-4-7-8-17-28C,30,4,0,0,M26/2,AA5954,0,9
2026-08-02T15:55:58.069Z,deep_scan,20260802112912_1A-4-7-8-17-28C,30,4,0,4,M90,AA7890,0,6
2026-08-02T15:55:58.069Z,deep_scan,20260802112912_1A-4-7-8-17-28C,30,4,0,11,M129,AA5506,0,36
2026-08-02T15:56:28.096Z,deep_scan,20260802112912_1A-4-7-8-17-28C,30,4,0,0,M26/2,AA5954,0,9
2026-08-02T15:56:28.096Z,deep_scan,20260802112912_1A-4-7-8-17-28C,30,4,0,5,M73/2,AA7890,1,2
2026-08-02T15:56:28.096Z,deep_scan,20260802112912_1A-4-7-8-17-28C,30,4,0,12,M128,AA5506,1,14
2026-08-02T15:56:58.060Z,deep_scan,20260802112912_1A-4-7-8-17-28C,30,4,0,0,M26/2,AA5954,0,20
2026-08-02T15:56:58.060Z,deep_scan,20260802112912_1A-4-7-8-17-28C,30,4,0,6,M152,AA7890,1,35
2026-08-02T15:56:58.060Z,deep_scan,20260802112912_1A-4-7-8-17-28C,30,4,0,12,M128,AA5506,0,25
2026-08-02T15:57:28.106Z,deep_scan,20260802112912_1A-4-7-8-17-28C,30,4,0,0,M26/2,AA5954,0,10
2026-08-02T15:57:28.106Z,deep_scan,20260802112912_1A-4-7-8-17-28C,30,4,0,6,M152,AA7890,0,33
2026-08-02T15:57:28.106Z,deep_scan,20260802112912_1A-4-7-8-17-28C,30,4,0,12,M128,AA5506,0,9
2026-08-02T15:57:58.084Z,deep_scan,20260802112912_1A-4-7-8-17-28C,30,4,0,2,M16/2,AA5954,1,29
2026-08-02T15:57:58.084Z,deep_scan,20260802112912_1A-4-7-8-17-28C,30,4,0,6,M152,AA7890,0,24
2026-08-02T15:57:58.084Z,deep_scan,20260802112912_1A-4-7-8-17-28C,30,4,0,13,M130,AA5506,0,31
2026-08-02T15:58:28.141Z,deep_scan,20260802112912_1A-4-7-8-17-28C,30,4,0,2,M16/2,AA5954,0,12
2026-08-02T15:58:28.141Z,deep_scan,20260802112912_1A-4-7-8-17-28C,30,4,0,7,M146,AA7890,1,8
2026-08-02T15:58:28.141Z,deep_scan,20260802112912_1A-4-7-8-17-28C,30,4,0,13,M130,AA5506,0,8
2026-08-02T15:58:58.096Z,deep_scan,20260802112912_1A-4-7-8-17-28C,30,4,0,3,M101,AA5954,1,20
2026-08-02T15:58:58.096Z,deep_scan,20260802112912_1A-4-7-8-17-28C,30,4,0,7,M146,AA7890,0,35
2026-08-02T15:58:58.096Z,deep_scan,20260802112912_1A-4-7-8-17-28C,30,4,0,14,M26/2,AA5506,1,0
2026-08-02T15:59:28.180Z,deep_scan,20260802112912_1A-4-7-8-17-28C,30,4,0,3,M101,AA5954,1,10
2026-08-02T15:59:28.180Z,deep_scan,20260802112912_1A-4-7-8-17-28C,30,4,0,7,M146,AA7890,0,35
2026-08-02T15:59:28.180Z,deep_scan,20260802112912_1A-4-7-8-17-28C,30,4,0,14,M26/2,AA5506,1,0
2026-08-02T15:59:58.141Z,deep_scan,20260802112912_1A-4-7-8-17-28C,30,4,0,3,M101,AA5954,1,11
2026-08-02T15:59:58.141Z,deep_scan,20260802112912_1A-4-7-8-17-28C,30,4,0,7,M146,AA7890,0,35
2026-08-02T15:59:58.141Z,deep_scan,20260802112912_1A-4-7-8-17-28C,30,4,0,14,M26/2,AA5506,1,0
