timestamp,source,scan_id,poll_interval_sec,route,direction,station_index,staCode,busPlate,status,speed
2026-08-02T11:29:13.049Z,deep_scan,20260802112912_1A-4-7-8-17-28C,30,8,1,0,M62/2,AA7086,1,7
2026-08-02T11:29:13.049Z,deep_scan,20260802112912_1A-4-7-8-17-28C,30,8,1,4,M251,AB6005,0,33
2026-08-02T11:29:13.049Z,deep_scan,20260802112912_1A-4-7-8-17-28C,30,8,1,6,M160/1,AA3018,0,14
2026-08-02T11:29:13.049Z,deep_scan,20260802112912_1A-4-7-8-17-28C,30,8,1,9,M237,AA7622,1,23
2026-08-02T11:29:13.049Z,deep_scan,20260802112912_1A-4-7-8-17-28C,30,8,1,19,M21/1,AA7510,1,19
2026-08-02T11:29:13.049Z,deep_scan,20260802112912_1A-4-7-8-17-28C,30,8,1,22,M267,AA7250,1,0
2026-08-02T11:29:13.083Z,deep_scan,20260802112912_1A-4-7-8-17-28C,30,8,0,2,M211,AA6297,0,40
2026-08-02T11:29:13.083Z,deep_scan,20260802112912_1A-4-7-8-17-28C,30,8,0,11,M153,AA6607,0,19
2026-08-02T11:29:13.083Z,deep_scan,20260802112912_1A-4-7-8-17-28C,30,8,0,14,M159,AB6503,1,22
2026-08-02T11:29:13.083Z,deep_scan,20260802112912_1A-4-7-8-17-28C,30,8,0,17,M62/2,AA7350,1,0
2026-08-02T11:29:43.041Z,deep_scan,20260802112912_1A-4-7-8-17-28C,30,8,0,2,M211,AA6297,0,15
2026-08-02T11:29:43.041Z,deep_scan,20260802112912_1A-4-7-8-17-28C,30,8,0,11,M153,AA6607,0,19
2026-08-02T11:29:43.041Z,deep_scan,20260802112912_1A-4-7-8-17-28C,30,8,0,14,M159,AB6503,1,22
2026-08-02T11:29:43.092Z,deep_scan,20260802112912_1A-4-7-8-17-28C,30,8,1,0,M62/2,AA7086,1,4
2026-08-02T11:29:43.092Z,deep_scan,20260802112912_1A-4-7-8-17-28C,30,8,1,4,M251,AB6005,0,4
2026-08-02T11:29:43.092Z,deep_scan,20260802112912_1A-4-7-8-17-28C,30,8,1,6,M160/1,AA3018,0,29
2026-08-02T11:29:43.092Z,deep_scan,20260802112912_1A-4-7-8-17-28C,30,8,1,9,M237,AA7622,0,8
2026-08-02T11:29:43.092Z,deep_scan,20260802112912_1A-4-7-8-17-28C,30,8,1,19,M21/1,AA7510,1,4
2026-08-02T11:29:43.092Z,deep_scan,20260802112912_1A-4-7-8-17-28C,30,8,1,22,M267,AA7250,1,0
2026-08-02T11:30:13.089Z,deep_scan,20260802112912_1A-4-7-8-17-28C,30,8,1,0,M62/2,AA7086,1,17
2026-08-02T11:30:13.089Z,deep_scan,20260802112912_1A-4-7-8-17-28C,30,8,1,4,M251,AB6005,0,25
2026-08-02T11:30:13.089Z,deep_scan,20260802112912_1A-4-7-8-17-28C,30,8,1,6,M160/1,AA3018,0,7
2026-08-02T11:30:13.089Z,deep_scan,20260802112912_1A-4-7-8-17-28C,30,8,1,10,M245,AA7622,1,12
2026-08-02T11:30:13.089Z,deep_scan,20260802112912_1A-4-7-8-17-28C,30,8,1,19,M21/1,AA7510,0,21
2026-08-02T11:30:13.089Z,deep_scan,20260802112912_1A-4-7-8-17-28C,30,8,1,22,M267,AA7250,1,0
2026-08-02T11:30:13.098Z,deep_scan,20260802112912_1A-4-7-8-17-28C,30,8,0,3,M25,AA6297,1,14
2026-08-02T11:30:13.098Z,deep_scan,20260802112912_1A-4-7-8-17-28C,30,8,0,12,M168,AA6607,1,36
2026-08-02T11:30:13.098Z,deep_scan,20260802112912_1A-4-7-8-17-28C,30,8,0,14,M159,AB6503,0,14
2026-08-02T11:30:43.105Z,deep_scan,20260802112912_1A-4-7-8-17-28C,30,8,0,3,M25,AA6297,1,10
2026-08-02T11:30:43.105Z,deep_scan,20260802112912_1A-4-7-8-17-28C,30,8,0,12,M168,AA6607,0,28
2026-08-02T11:30:43.105Z,deep_scan,20260802112912_1A-4-7-8-17-28C,30,8,0,14,M159,AB6503,0,18
2026-08-02T11:30:43.130Z,deep_scan,20260802112912_1A-4-7-8-17-28C,30,8,1,0,M62/2,AA7086,0,17
2026-08-02T11:30:43.130Z,deep_scan,20260802112912_1A-4-7-8-17-28C,30,8,1,5,M263,AB6005,1,24
2026-08-02T11:30:43.130Z,deep_scan,20260802112912_1A-4-7-8-17-28C,30,8,1,6,M160/1,AA3018,0,6
2026-08-02T11:30:43.130Z,deep_scan,20260802112912_1A-4-7-8-17-28C,30,8,1,10,M245,AA7622,0,21
2026-08-02T11:30:43.130Z,deep_scan,20260802112912_1A-4-7-8-17-28C,30,8,1,19,M21/1,AA7510,0,21
2026-08-02T11:30:43.130Z,deep_scan,20260802112912_1A-4-7-8-17-28C,30,8,1,22,M267,AA7250,1,0
2026-08-02T11:31:13.118Z,deep_scan,20260802112912_1A-4-7-8-17-28C,30,8,1,0,M62/2,AA7086,0,19
2026-08-02T11:31:13.118Z,deep_scan,20260802112912_1A-4-7-8-17-28C,30,8,1,5,M263,AB6005,0,11
2026-08-02T11:31:13.118Z,deep_scan,20260802112912_1A-4-7-8-17-28C,30,8,1,6,M160/1,AA3018,0,6
2026-08-02T11:31:13.118Z,deep_scan,20260802112912_1A-4-7-8-17-28C,30,8,1,11,M119,AA7622,1,5
2026-08-02T11:31:13.118Z,deep_scan,20260802112912_1A-4-7-8-17-28C,30,8,1,19,M21/1,AA7510,0,21
2026-08-02T11:31:13.118Z,deep_scan,20260802112912_1A-4-7-8-17-28C,30,8,1,22,M267,AA7250,1,0
2026-08-02T11:31:13.132Z,deep_scan,20260802112912_1A-4-7-8-17-28C,30,8,0,3,M25,AA6297,0,22
2026-08-02T11:31:13.132Z,deep_scan,20260802112912_1A-4-7-8-17-28C,30,8,0,12,M168,AA6607,0,6
2026-08-02T11:31:13.132Z,deep_scan,20260802112912_1A-4-7-8-17-28C,30,8,0,14,M159,AB6503,0,17
2026-08-02T11:31:43.044Z,deep_scan,20260802112912_1A-4-7-8-17-28C,30,8,1,0,M62/2,AA7086,0,28
2026-08-02T11:31:43.044Z,deep_scan,20260802112912_1A-4-7-8-17-28C,30,8,1,5,M263,AB6005,0,24
2026-08-02T11:31:43.044Z,deep_scan,20260802112912_1A-4-7-8-17-28C,30,8,1,6,M160/1,AA3018,0,30
2026-08-02T11:31:43.044Z,deep_scan,20260802112912_1A-4-7-8-17-28C,30,8,1,11,M119,AA7622,0,12
2026-08-02T11:31:43.044Z,deep_scan,20260802112912_1A-4-7-8-17-28C,30,8,1,19,M21/1,AA7510,0,21
2026-08-02T11:31:43.044Z,deep_scan,20260802112912_1A-4-7-8-17-28C,30,8,1,22,M267,AA7250,1,0
2026-08-02T11:31:43.074Z,deep_scan,20260802112912_1A-4-7-8-17-28C,30,8,0,3,M25,AA6297,0,22
2026-08-02T11:31:43.074Z,deep_scan,20260802112912_1A-4-7-8-17-28C,30,8,0,12,M168,AA6607,0,29
2026-08-02T11:31:43.074Z,deep_scan,20260802112912_1A-4-7-8-17-28C,30,8,0,14,M159,AB6503,0,21
2026-08-02T11:32:13.082Z,deep_scan,20260802112912_1A-4-7-8-17-28C,30,8,0,3,M25,AA6297,0,22
2026-08-02T11:32:13.082Z,deep_scan,20260802112912_1A-4-7-8-17-28C,30,8,0,12,M168,AA6607,0,8
2026-08-02T11:32:13.082Z,deep_scan,20260802112912_1A-4-7-8-17-28C,30,8,0,15,M262,AB6503,1,28
2026-08-02T11:32:13.107Z,deep_scan,20260802112912_1A-4-7-8-17-28C,30,8,1,0,M62/2,AA7086,0,2
2026-08-02T11:32:13.107Z,deep_scan,20260802112912_1A-4-7-8-17-28C,30,8,1,5,M263,AB6005,0,46
2026-08-02T11:32:13.107Z,deep_scan,20260802112912_1A-4-7-8-17-28C,30,8,1,6,M160/1,AA3018,0,3
2026-08-02T11:32:13.107Z,deep_scan,20260802112912_1A-4-7-8-17-28C,30,8,1,12,M110,AA7622,1,5
2026-08-02T11:32:13.107Z,deep_scan,20260802112912_1A-4-7-8-17-28C,30,8,1,20,M24,AA7510,1,26
2026-08-02T11:32:43.038Z,deep_scan,20260802112912_1A-4-7-8-17-28C,30,8,0,4,M22,AA6297,1,22
2026-08-02T11:32:43.038Z,deep_scan,20260802112912_1A-4-7-8-17-28C,30,8,0,13,M69/2,AA6607,1,9
2026-08-02T11:32:43.038Z,deep_scan,20260802112912_1A-4-7-8-17-28C,30,8,0,15,M262,AB6503,0,28
2026-08-02T11:32:43.074Z,deep_scan,20260802112912_1A-4-7-8-17-28C,30,8,1,0,M62/2,AA7086,0,29
2026-08-02T11:32:43.074Z,deep_scan,20260802112912_1A-4-7-8-17-28C,30,8,1,6,M160/1,AB6005,1,19
2026-08-02T11:32:43.074Z,deep_scan,20260802112912_1A-4-7-8-17-28C,30,8,1,7,M100,AA3018,1,3
2026-08-02T11:32:43.074Z,deep_scan,20260802112912_1A-4-7-8-17-28C,30,8,1,12,M110,AA7622,1,4
2026-08-02T11:32:43.074Z,deep_scan,20260802112912_1A-4-7-8-17-28C,30,8,1,20,M24,AA7510,0,25
2026-08-02T11:33:13.122Z,deep_scan,20260802112912_1A-4-7-8-17-28C,30,8,0,4,M22,AA6297,1,22
2026-08-02T11:33:13.122Z,deep_scan,20260802112912_1A-4-7-8-17-28C,30,8,0,14,M159,AA6607,1,44
2026-08-02T11:33:13.122Z,deep_scan,20260802112912_1A-4-7-8-17-28C,30,8,0,15,M262,AB6503,0,17
2026-08-02T11:33:13.139Z,deep_scan,20260802112912_1A-4-7-8-17-28C,30,8,1,0,M62/2,AA7086,0,24
2026-08-02T11:33:13.139Z,deep_scan,20260802112912_1A-4-7-8-17-28C,30,8,1,6,M160/1,AB6005,1,15
2026-08-02T11:33:13.139Z,deep_scan,20260802112912_1A-4-7-8-17-28C,30,8,1,7,M100,AA3018,0,16
2026-08-02T11:33:13.139Z,deep_scan,20260802112912_1A-4-7-8-17-28C,30,8,1,12,M110,AA7622,0,15
2026-08-02T11:33:13.139Z,deep_scan,20260802112912_1A-4-7-8-17-28C,30,8,1,21,M208,AA7510,1,2
2026-08-02T11:33:43.040Z,deep_scan,20260802112912_1A-4-7-8-17-28C,30,8,1,1,M264,AA7086,1,34
2026-08-02T11:33:43.040Z,deep_scan,20260802112912_1A-4-7-8-17-28C,30,8,1,6,M160/1,AB6005,0,8
2026-08-02T11:33:43.040Z,deep_scan,20260802112912_1A-4-7-8-17-28C,30,8,1,7,M100,AA3018,0,26
2026-08-02T11:33:43.040Z,deep_scan,20260802112912_1A-4-7-8-17-28C,30,8,1,13,M86,AA7622,1,11
2026-08-02T11:33:43.040Z,deep_scan,20260802112912_1A-4-7-8-17-28C,30,8,1,21,M208,AA7510,0,24
2026-08-02T11:33:43.075Z,deep_scan,20260802112912_1A-4-7-8-17-28C,30,8,0,4,M22,AA6297,1,13
2026-08-02T11:33:43.075Z,deep_scan,20260802112912_1A-4-7-8-17-28C,30,8,0,14,M159,AA6607,1,17
2026-08-02T11:33:43.075Z,deep_scan,20260802112912_1A-4-7-8-17-28C,30,8,0,15,M262,AB6503,0,26
2026-08-02T11:34:13.065Z,deep_scan,20260802112912_1A-4-7-8-17-28C,30,8,0,4,M22,AA6297,1,13
2026-08-02T11:34:13.065Z,deep_scan,20260802112912_1A-4-7-8-17-28C,30,8,0,14,M159,AA6607,1,17
2026-08-02T11:34:13.065Z,deep_scan,20260802112912_1A-4-7-8-17-28C,30,8,0,15,M262,AB6503,0,43
2026-08-02T11:34:13.095Z,deep_scan,20260802112912_1A-4-7-8-17-28C,30,8,1,2,M266,AA7086,1,22
2026-08-02T11:34:13.095Z,deep_scan,20260802112912_1A-4-7-8-17-28C,30,8,1,6,M160/1,AB6005,0,39
2026-08-02T11:34:13.095Z,deep_scan,20260802112912_1A-4-7-8-17-28C,30,8,1,7,M100,AA3018,0,24
2026-08-02T11:34:13.095Z,deep_scan,20260802112912_1A-4-7-8-17-28C,30,8,1,13,M86,AA7622,1,13
2026-08-02T11:34:13.095Z,deep_scan,20260802112912_1A-4-7-8-17-28C,30,8,1,21,M208,AA7510,0,40
2026-08-02T11:34:43.060Z,deep_scan,20260802112912_1A-4-7-8-17-28C,30,8,1,2,M266,AA7086,0,18
2026-08-02T11:34:43.060Z,deep_scan,20260802112912_1A-4-7-8-17-28C,30,8,1,6,M160/1,AB6005,0,31
2026-08-02T11:34:43.060Z,deep_scan,20260802112912_1A-4-7-8-17-28C,30,8,1,8,M75,AA3018,1,8
2026-08-02T11:34:43.060Z,deep_scan,20260802112912_1A-4-7-8-17-28C,30,8,1,13,M86,AA7622,1,18
2026-08-02T11:34:43.060Z,deep_scan,20260802112912_1A-4-7-8-17-28C,30,8,1,21,M208,AA7510,0,37
2026-08-02T11:34:43.077Z,deep_scan,20260802112912_1A-4-7-8-17-28C,30,8,0,4,M22,AA6297,0,20
2026-08-02T11:34:43.077Z,deep_scan,20260802112912_1A-4-7-8-17-28C,30,8,0,14,M159,AA6607,0,39
2026-08-02T11:34:43.077Z,deep_scan,20260802112912_1A-4-7-8-17-28C,30,8,0,16,M259,AB6503,1,31
2026-08-02T11:35:13.186Z,deep_scan,20260802112912_1A-4-7-8-17-28C,30,8,0,4,M22,AA6297,0,22
2026-08-02T11:35:13.186Z,deep_scan,20260802112912_1A-4-7-8-17-28C,30,8,0,14,M159,AA6607,0,23
2026-08-02T11:35:13.186Z,deep_scan,20260802112912_1A-4-7-8-17-28C,30,8,0,16,M259,AB6503,1,5
2026-08-02T11:35:13.198Z,deep_scan,20260802112912_1A-4-7-8-17-28C,30,8,1,2,M266,AA7086,0,26
2026-08-02T11:35:13.198Z,deep_scan,20260802112912_1A-4-7-8-17-28C,30,8,1,6,M160/1,AB6005,0,15
2026-08-02T11:35:13.198Z,deep_scan,20260802112912_1A-4-7-8-17-28C,30,8,1,8,M75,AA3018,0,9
2026-08-02T11:35:13.198Z,deep_scan,20260802112912_1A-4-7-8-17-28C,30,8,1,13,M86,AA7622,0,18
2026-08-02T11:35:13.198Z,deep_scan,20260802112912_1A-4-7-8-17-28C,30,8,1,22,M267,AA7510,1,0
2026-08-02T11:35:43.112Z,deep_scan,20260802112912_1A-4-7-8-17-28C,30,8,1,3,M257,AA7086,1,11
2026-08-02T11:35:43.112Z,deep_scan,20260802112912_1A-4-7-8-17-28C,30,8,1,6,M160/1,AB6005,0,26
2026-08-02T11:35:43.112Z,deep_scan,20260802112912_1A-4-7-8-17-28C,30,8,1,8,M75,AA3018,0,10
2026-08-02T11:35:43.112Z,deep_scan,20260802112912_1A-4-7-8-17-28C,30,8,1,14,M92,AA7622,1,3
2026-08-02T11:35:43.112Z,deep_scan,20260802112912_1A-4-7-8-17-28C,30,8,1,22,M267,AA7510,1,0
2026-08-02T11:35:43.125Z,deep_scan,20260802112912_1A-4-7-8-17-28C,30,8,0,4,M22,AA6297,0,14
2026-08-02T11:35:43.125Z,deep_scan,20260802112912_1A-4-7-8-17-28C,30,8,0,14,M159,AA6607,0,4
2026-08-02T11:35:43.125Z,deep_scan,20260802112912_1A-4-7-8-17-28C,30,8,0,16,M259,AB6503,0,38
2026-08-02T11:36:13.166Z,deep_scan,20260802112912_1A-4-7-8-17-28C,30,8,1,3,M257,AA7086,0,19
2026-08-02T11:36:13.166Z,deep_scan,20260802112912_1A-4-7-8-17-28C,30,8,1,7,M100,AB6005,1,23
2026-08-02T11:36:13.166Z,deep_scan,20260802112912_1A-4-7-8-17-28C,30,8,1,8,M75,AA3018,0,4
2026-08-02T11:36:13.166Z,deep_scan,20260802112912_1A-4-7-8-17-28C,30,8,1,14,M92,AA7622,1,9
2026-08-02T11:36:13.166Z,deep_scan,20260802112912_1A-4-7-8-17-28C,30,8,1,22,M267,AA7510,1,0
2026-08-02T11:36:13.182Z,deep_scan,20260802112912_1A-4-7-8-17-28C,30,8,0,0,M267,AA7250,1,3
2026-08-02T11:36:13.182Z,deep_scan,20260802112912_1A-4-7-8-17-28C,30,8,0,4,M22,AA6297,0,20
2026-08-02T11:36:13.182Z,deep_scan,20260802112912_1A-4-7-8-17-28C,30,8,0,14,M159,AA6607,0,48
2026-08-02T11:36:13.182Z,deep_scan,20260802112912_1A-4-7-8-17-28C,30,8,0,16,M259,AB6503,0,43
2026-08-02T11:36:43.146Z,deep_scan,20260802112912_1A-4-7-8-17-28C,30,8,1,3,M257,AA7086,0,2
2026-08-02T11:36:43.146Z,deep_scan,20260802112912_1A-4-7-8-17-28C,30,8,1,7,M100,AB6005,0,21
2026-08-02T11:36:43.146Z,deep_scan,20260802112912_1A-4-7-8-17-28C,30,8,1,8,M75,AA3018,0,4
2026-08-02T11:36:43.146Z,deep_scan,20260802112912_1A-4-7-8-17-28C,30,8,1,14,M92,AA7622,0,10
2026-08-02T11:36:43.146Z,deep_scan,20260802112912_1A-4-7-8-17-28C,30,8,1,22,M267,AA7510,1,0
2026-08-02T11:36:43.153Z,deep_scan,20260802112912_1A-4-7-8-17-28C,30,8,0,0,M267,AA7250,1,3
2026-08-02T11:36:43.153Z,deep_scan,20260802112912_1A-4-7-8-17-28C,30,8,0,4,M22,AA6297,0,29
2026-08-02T11:36:43.153Z,deep_scan,20260802112912_1A-4-7-8-17-28C,30,8,0,15,M262,AA6607,0,13
2026-08-02T11:36:43.153Z,deep_scan,20260802112912_1A-4-7-8-17-28C,30,8,0,17,M62/2,AB6503,1,0
2026-08-02T11:37:13.168Z,deep_scan,20260802112912_1A-4-7-8-17-28C,30,8,0,0,M267,AA7250,1,3
2026-08-02T11:37:13.168Z,deep_scan,20260802112912_1A-4-7-8-17-28C,30,8,0,4,M22,AA6297,0,12
2026-08-02T11:37:13.168Z,deep_scan,20260802112912_1A-4-7-8-17-28C,30,8,0,15,M262,AA6607,0,22
2026-08-02T11:37:13.168Z,deep_scan,20260802112912_1A-4-7-8-17-28C,30,8,0,17,M62/2,AB6503,1,0
2026-08-02T11:37:13.192Z,deep_scan,20260802112912_1A-4-7-8-17-28C,30,8,1,3,M257,AA7086,0,3
2026-08-02T11:37:13.192Z,deep_scan,20260802112912_1A-4-7-8-17-28C,30,8,1,7,M100,AB6005,0,8
2026-08-02T11:37:13.192Z,deep_scan,20260802112912_1A-4-7-8-17-28C,30,8,1,8,M75,AA3018,0,4
2026-08-02T11:37:13.192Z,deep_scan,20260802112912_1A-4-7-8-17-28C,30,8,1,14,M92,AA7622,0,15
2026-08-02T11:37:13.192Z,deep_scan,20260802112912_1A-4-7-8-17-28C,30,8,1,22,M267,AA7510,1,0
2026-08-02T11:37:43.139Z,deep_scan,20260802112912_1A-4-7-8-17-28C,30,8,1,3,M257,AA7086,0,19
2026-08-02T11:37:43.139Z,deep_scan,20260802112912_1A-4-7-8-17-28C,30,8,1,7,M100,AB6005,0,6
2026-08-02T11:37:43.139Z,deep_scan,20260802112912_1A-4-7-8-17-28C,30,8,1,8,M75,AA3018,0,2
2026-08-02T11:37:43.139Z,deep_scan,20260802112912_1A-4-7-8-17-28C,30,8,1,14,M92,AA7622,0,12
2026-08-02T11:37:43.139Z,deep_scan,20260802112912_1A-4-7-8-17-28C,30,8,1,22,M267,AA7510,1,0
2026-08-02T11:37:43.155Z,deep_scan,20260802112912_1A-4-7-8-17-28C,30,8,0,0,M267,AA7250,1,3
2026-08-02T11:37:43.155Z,deep_scan,20260802112912_1A-4-7-8-17-28C,30,8,0,4,M22,AA6297,0,17
2026-08-02T11:37:43.155Z,deep_scan,20260802112912_1A-4-7-8-17-28C,30,8,0,15,M262,AA6607,0,5
2026-08-02T11:37:43.155Z,deep_scan,20260802112912_1A-4-7-8-17-28C,30,8,0,17,M62/2,AB6503,1,0
2026-08-02T11:38:13.125Z,deep_scan,20260802112912_1A-4-7-8-17-28C,30,8,0,0,M267,AA7250,1,1
2026-08-02T11:38:13.125Z,deep_scan,20260802112912_1A-4-7-8-17-28C,30,8,0,4,M22,AA6297,0,10
2026-08-02T11:38:13.125Z,deep_scan,20260802112912_1A-4-7-8-17-28C,30,8,0,15,M262,AA6607,0,27
2026-08-02T11:38:13.125Z,deep_scan,20260802112912_1A-4-7-8-17-28C,30,8,0,17,M62/2,AB6503,1,0
2026-08-02T11:38:13.139Z,deep_scan,20260802112912_1A-4-7-8-17-28C,30,8,1,4,M251,AA7086,1,19
2026-08-02T11:38:13.139Z,deep_scan,20260802112912_1A-4-7-8-17-28C,30,8,1,7,M100,AB6005,0,19
2026-08-02T11:38:13.139Z,deep_scan,20260802112912_1A-4-7-8-17-28C,30,8,1,8,M75,AA3018,0,2
2026-08-02T11:38:13.139Z,deep_scan,20260802112912_1A-4-7-8-17-28C,30,8,1,15,M39,AA7622,1,22
2026-08-02T11:38:13.139Z,deep_scan,20260802112912_1A-4-7-8-17-28C,30,8,1,22,M267,AA7510,1,0
2026-08-02T11:38:43.157Z,deep_scan,20260802112912_1A-4-7-8-17-28C,30,8,0,0,M267,AA7250,0,25
2026-08-02T11:38:43.157Z,deep_scan,20260802112912_1A-4-7-8-17-28C,30,8,0,6,M16/2,AA6297,1,10
2026-08-02T11:38:43.157Z,deep_scan,20260802112912_1A-4-7-8-17-28C,30,8,0,15,M262,AA6607,0,39
2026-08-02T11:38:43.157Z,deep_scan,20260802112912_1A-4-7-8-17-28C,30,8,0,17,M62/2,AB6503,1,0
2026-08-02T11:38:43.166Z,deep_scan,20260802112912_1A-4-7-8-17-28C,30,8,1,4,M251,AA7086,1,7
2026-08-02T11:38:43.166Z,deep_scan,20260802112912_1A-4-7-8-17-28C,30,8,1,8,M75,AA3018,0,8
2026-08-02T11:38:43.166Z,deep_scan,20260802112912_1A-4-7-8-17-28C,30,8,1,8,M75,AB6005,0,38
2026-08-02T11:38:43.166Z,deep_scan,20260802112912_1A-4-7-8-17-28C,30,8,1,15,M39,AA7622,0,11
2026-08-02T11:38:43.166Z,deep_scan,20260802112912_1A-4-7-8-17-28C,30,8,1,22,M267,AA7510,1,0
2026-08-02T11:39:13.199Z,deep_scan,20260802112912_1A-4-7-8-17-28C,30,8,1,4,M251,AA7086,1,9
2026-08-02T11:39:13.199Z,deep_scan,20260802112912_1A-4-7-8-17-28C,30,8,1,8,M75,AA3018,0,10
2026-08-02T11:39:13.199Z,deep_scan,20260802112912_1A-4-7-8-17-28C,30,8,1,8,M75,AB6005,0,12
2026-08-02T11:39:13.199Z,deep_scan,20260802112912_1A-4-7-8-17-28C,30,8,1,16,M28/1,AA7622,1,2
2026-08-02T11:39:13.199Z,deep_scan,20260802112912_1A-4-7-8-17-28C,30,8,1,22,M267,AA7510,1,0
2026-08-02T11:39:13.236Z,deep_scan,20260802112912_1A-4-7-8-17-28C,30,8,0,1,M209/2,AA7250,1,13
2026-08-02T11:39:13.236Z,deep_scan,20260802112912_1A-4-7-8-17-28C,30,8,0,6,M16/2,AA6297,1,10
2026-08-02T11:39:13.236Z,deep_scan,20260802112912_1A-4-7-8-17-28C,30,8,0,15,M262,AA6607,0,38
2026-08-02T11:39:13.236Z,deep_scan,20260802112912_1A-4-7-8-17-28C,30,8,0,17,M62/2,AB6503,1,0
2026-08-02T11:39:43.174Z,deep_scan,20260802112912_1A-4-7-8-17-28C,30,8,0,1,M209/2,AA7250,0,11
2026-08-02T11:39:43.174Z,deep_scan,20260802112912_1A-4-7-8-17-28C,30,8,0,6,M16/2,AA6297,1,10
2026-08-02T11:39:43.174Z,deep_scan,20260802112912_1A-4-7-8-17-28C,30,8,0,16,M259,AA6607,1,2
2026-08-02T11:39:43.174Z,deep_scan,20260802112912_1A-4-7-8-17-28C,30,8,0,17,M62/2,AB6503,1,0
2026-08-02T11:39:43.189Z,deep_scan,20260802112912_1A-4-7-8-17-28C,30,8,1,4,M251,AA7086,0,23
2026-08-02T11:39:43.189Z,deep_scan,20260802112912_1A-4-7-8-17-28C,30,8,1,8,M75,AB6005,0,12
2026-08-02T11:39:43.189Z,deep_scan,20260802112912_1A-4-7-8-17-28C,30,8,1,9,M237,AA3018,1,11
2026-08-02T11:39:43.189Z,deep_scan,20260802112912_1A-4-7-8-17-28C,30,8,1,16,M28/1,AA7622,0,24
2026-08-02T11:40:13.171Z,deep_scan,20260802112912_1A-4-7-8-17-28C,30,8,0,1,M209/2,AA7250,0,36
2026-08-02T11:40:13.171Z,deep_scan,20260802112912_1A-4-7-8-17-28C,30,8,0,6,M16/2,AA6297,1,10
2026-08-02T11:40:13.171Z,deep_scan,20260802112912_1A-4-7-8-17-28C,30,8,0,16,M259,AA6607,1,7
2026-08-02T11:40:13.171Z,deep_scan,20260802112912_1A-4-7-8-17-28C,30,8,0,17,M62/2,AB6503,1,0
2026-08-02T11:40:13.235Z,deep_scan,20260802112912_1A-4-7-8-17-28C,30,8,1,4,M251,AA7086,0,19
2026-08-02T11:40:13.235Z,deep_scan,20260802112912_1A-4-7-8-17-28C,30,8,1,8,M75,AB6005,0,24
2026-08-02T11:40:13.235Z,deep_scan,20260802112912_1A-4-7-8-17-28C,30,8,1,9,M237,AA3018,1,10
2026-08-02T11:40:13.235Z,deep_scan,20260802112912_1A-4-7-8-17-28C,30,8,1,16,M28/1,AA7622,0,19
2026-08-02T11:40:43.189Z,deep_scan,20260802112912_1A-4-7-8-17-28C,30,8,0,1,M209/2,AA7250,0,25
2026-08-02T11:40:43.189Z,deep_scan,20260802112912_1A-4-7-8-17-28C,30,8,0,6,M16/2,AA6297,0,33
2026-08-02T11:40:43.189Z,deep_scan,20260802112912_1A-4-7-8-17-28C,30,8,0,16,M259,AA6607,0,44
2026-08-02T11:40:43.189Z,deep_scan,20260802112912_1A-4-7-8-17-28C,30,8,0,17,M62/2,AB6503,1,0
2026-08-02T11:40:43.192Z,deep_scan,20260802112912_1A-4-7-8-17-28C,30,8,1,4,M251,AA7086,0,30
2026-08-02T11:40:43.192Z,deep_scan,20260802112912_1A-4-7-8-17-28C,30,8,1,8,M75,AB6005,0,12
2026-08-02T11:40:43.192Z,deep_scan,20260802112912_1A-4-7-8-17-28C,30,8,1,9,M237,AA3018,0,4
2026-08-02T11:40:43.192Z,deep_scan,20260802112912_1A-4-7-8-17-28C,30,8,1,16,M28/1,AA7622,0,22
2026-08-02T11:41:13.228Z,deep_scan,20260802112912_1A-4-7-8-17-28C,30,8,1,5,M263,AA7086,0,3
2026-08-02T11:41:13.228Z,deep_scan,20260802112912_1A-4-7-8-17-28C,30,8,1,8,M75,AB6005,0,12
2026-08-02T11:41:13.228Z,deep_scan,20260802112912_1A-4-7-8-17-28C,30,8,1,10,M245,AA3018,1,5
2026-08-02T11:41:13.228Z,deep_scan,20260802112912_1A-4-7-8-17-28C,30,8,1,16,M28/1,AA7622,0,24
2026-08-02T11:41:13.237Z,deep_scan,20260802112912_1A-4-7-8-17-28C,30,8,0,2,M211,AA7250,1,26
2026-08-02T11:41:13.237Z,deep_scan,20260802112912_1A-4-7-8-17-28C,30,8,0,6,M16/2,AA6297,0,28
2026-08-02T11:41:13.237Z,deep_scan,20260802112912_1A-4-7-8-17-28C,30,8,0,16,M259,AA6607,0,19
2026-08-02T11:41:43.169Z,deep_scan,20260802112912_1A-4-7-8-17-28C,30,8,1,5,M263,AA7086,0,9
2026-08-02T11:41:43.169Z,deep_scan,20260802112912_1A-4-7-8-17-28C,30,8,1,8,M75,AB6005,0,12
2026-08-02T11:41:43.169Z,deep_scan,20260802112912_1A-4-7-8-17-28C,30,8,1,10,M245,AA3018,1,11
2026-08-02T11:41:43.169Z,deep_scan,20260802112912_1A-4-7-8-17-28C,30,8,1,17,M11,AA7622,1,9
2026-08-02T11:41:43.183Z,deep_scan,20260802112912_1A-4-7-8-17-28C,30,8,0,2,M211,AA7250,1,3
2026-08-02T11:41:43.183Z,deep_scan,20260802112912_1A-4-7-8-17-28C,30,8,0,6,M16/2,AA6297,0,2
2026-08-02T11:41:43.183Z,deep_scan,20260802112912_1A-4-7-8-17-28C,30,8,0,17,M62/2,AA6607,1,0
2026-08-02T11:42:13.237Z,deep_scan,20260802112912_1A-4-7-8-17-28C,30,8,0,2,M211,AA7250,0,5
2026-08-02T11:42:13.237Z,deep_scan,20260802112912_1A-4-7-8-17-28C,30,8,0,6,M16/2,AA6297,0,8
2026-08-02T11:42:13.237Z,deep_scan,20260802112912_1A-4-7-8-17-28C,30,8,0,17,M62/2,AA6607,1,0
2026-08-02T11:42:13.263Z,deep_scan,20260802112912_1A-4-7-8-17-28C,30,8,1,5,M263,AA7086,0,9
2026-08-02T11:42:13.263Z,deep_scan,20260802112912_1A-4-7-8-17-28C,30,8,1,9,M237,AB6005,1,20
2026-08-02T11:42:13.263Z,deep_scan,20260802112912_1A-4-7-8-17-28C,30,8,1,10,M245,AA3018,0,15
2026-08-02T11:42:13.263Z,deep_scan,20260802112912_1A-4-7-8-17-28C,30,8,1,18,M12,AA7622,1,12
2026-08-02T11:42:43.201Z,deep_scan,20260802112912_1A-4-7-8-17-28C,30,8,0,2,M211,AA7250,0,26
2026-08-02T11:42:43.201Z,deep_scan,20260802112912_1A-4-7-8-17-28C,30,8,0,6,M16/2,AA6297,0,12
2026-08-02T11:42:43.201Z,deep_scan,20260802112912_1A-4-7-8-17-28C,30,8,0,17,M62/2,AA6607,1,0
2026-08-02T11:42:43.211Z,deep_scan,20260802112912_1A-4-7-8-17-28C,30,8,1,5,M263,AA7086,0,9
2026-08-02T11:42:43.211Z,deep_scan,20260802112912_1A-4-7-8-17-28C,30,8,1,9,M237,AB6005,0,19
2026-08-02T11:42:43.211Z,deep_scan,20260802112912_1A-4-7-8-17-28C,30,8,1,11,M119,AA3018,1,12
2026-08-02T11:42:43.211Z,deep_scan,20260802112912_1A-4-7-8-17-28C,30,8,1,18,M12,AA7622,1,13
2026-08-02T11:43:13.218Z,deep_scan,20260802112912_1A-4-7-8-17-28C,30,8,0,3,M25,AA7250,1,19
2026-08-02T11:43:13.218Z,deep_scan,20260802112912_1A-4-7-8-17-28C,30,8,0,6,M16/2,AA6297,0,16
2026-08-02T11:43:13.218Z,deep_scan,20260802112912_1A-4-7-8-17-28C,30,8,0,17,M62/2,AA6607,1,0
2026-08-02T11:43:13.254Z,deep_scan,20260802112912_1A-4-7-8-17-28C,30,8,1,5,M263,AA7086,0,33
2026-08-02T11:43:13.254Z,deep_scan,20260802112912_1A-4-7-8-17-28C,30,8,1,10,M245,AB6005,1,20
2026-08-02T11:43:13.254Z,deep_scan,20260802112912_1A-4-7-8-17-28C,30,8,1,11,M119,AA3018,1,12
2026-08-02T11:43:13.254Z,deep_scan,20260802112912_1A-4-7-8-17-28C,30,8,1,18,M12,AA7622,0,22
2026-08-02T11:43:43.220Z,deep_scan,20260802112912_1A-4-7-8-17-28C,30,8,0,3,M25,AA7250,1,16
2026-08-02T11:43:43.220Z,deep_scan,20260802112912_1A-4-7-8-17-28C,30,8,0,7,M116,AA6297,1,16
2026-08-02T11:43:43.220Z,deep_scan,20260802112912_1A-4-7-8-17-28C,30,8,0,17,M62/2,AA6607,1,0
2026-08-02T11:43:43.254Z,deep_scan,20260802112912_1A-4-7-8-17-28C,30,8,1,5,M263,AA7086,0,26
2026-08-02T11:43:43.254Z,deep_scan,20260802112912_1A-4-7-8-17-28C,30,8,1,10,M245,AB6005,0,16
2026-08-02T11:43:43.254Z,deep_scan,20260802112912_1A-4-7-8-17-28C,30,8,1,11,M119,AA3018,0,9
2026-08-02T11:43:43.254Z,deep_scan,20260802112912_1A-4-7-8-17-28C,30,8,1,19,M21/1,AA7622,1,21
2026-08-02T11:44:13.246Z,deep_scan,20260802112912_1A-4-7-8-17-28C,30,8,0,3,M25,AA7250,0,10
2026-08-02T11:44:13.246Z,deep_scan,20260802112912_1A-4-7-8-17-28C,30,8,0,7,M116,AA6297,1,2
2026-08-02T11:44:13.246Z,deep_scan,20260802112912_1A-4-7-8-17-28C,30,8,0,17,M62/2,AA6607,1,0
2026-08-02T11:44:13.297Z,deep_scan,20260802112912_1A-4-7-8-17-28C,30,8,1,6,M160/1,AA7086,1,14
2026-08-02T11:44:13.297Z,deep_scan,20260802112912_1A-4-7-8-17-28C,30,8,1,11,M119,AB6005,1,15
2026-08-02T11:44:13.297Z,deep_scan,20260802112912_1A-4-7-8-17-28C,30,8,1,12,M110,AA3018,0,15
2026-08-02T11:44:13.297Z,deep_scan,20260802112912_1A-4-7-8-17-28C,30,8,1,19,M21/1,AA7622,1,7
2026-08-02T11:44:43.258Z,deep_scan,20260802112912_1A-4-7-8-17-28C,30,8,0,3,M25,AA7250,0,10
2026-08-02T11:44:43.258Z,deep_scan,20260802112912_1A-4-7-8-17-28C,30,8,0,7,M116,AA6297,1,11
2026-08-02T11:44:43.258Z,deep_scan,20260802112912_1A-4-7-8-17-28C,30,8,0,17,M62/2,AA6607,1,0
2026-08-02T11:44:43.272Z,deep_scan,20260802112912_1A-4-7-8-17-28C,30,8,1,6,M160/1,AA7086,1,27
2026-08-02T11:44:43.272Z,deep_scan,20260802112912_1A-4-7-8-17-28C,30,8,1,11,M119,AB6005,1,4
2026-08-02T11:44:43.272Z,deep_scan,20260802112912_1A-4-7-8-17-28C,30,8,1,12,M110,AA3018,0,12
2026-08-02T11:44:43.272Z,deep_scan,20260802112912_1A-4-7-8-17-28C,30,8,1,19,M21/1,AA7622,0,24
2026-08-02T11:45:13.289Z,deep_scan,20260802112912_1A-4-7-8-17-28C,30,8,0,3,M25,AA7250,0,10
2026-08-02T11:45:13.289Z,deep_scan,20260802112912_1A-4-7-8-17-28C,30,8,0,7,M116,AA6297,0,29
2026-08-02T11:45:13.289Z,deep_scan,20260802112912_1A-4-7-8-17-28C,30,8,0,17,M62/2,AA6607,1,0
2026-08-02T11:45:13.296Z,deep_scan,20260802112912_1A-4-7-8-17-28C,30,8,1,6,M160/1,AA7086,0,27
2026-08-02T11:45:13.296Z,deep_scan,20260802112912_1A-4-7-8-17-28C,30,8,1,11,M119,AB6005,0,1
2026-08-02T11:45:13.296Z,deep_scan,20260802112912_1A-4-7-8-17-28C,30,8,1,13,M86,AA3018,1,7
2026-08-02T11:45:13.296Z,deep_scan,20260802112912_1A-4-7-8-17-28C,30,8,1,20,M24,AA7622,1,21
2026-08-02T11:45:43.238Z,deep_scan,20260802112912_1A-4-7-8-17-28C,30,8,1,6,M160/1,AA7086,0,21
2026-08-02T11:45:43.238Z,deep_scan,20260802112912_1A-4-7-8-17-28C,30,8,1,11,M119,AB6005,0,5
2026-08-02T11:45:43.238Z,deep_scan,20260802112912_1A-4-7-8-17-28C,30,8,1,13,M86,AA3018,1,10
2026-08-02T11:45:43.238Z,deep_scan,20260802112912_1A-4-7-8-17-28C,30,8,1,20,M24,AA7622,1,6
2026-08-02T11:45:43.252Z,deep_scan,20260802112912_1A-4-7-8-17-28C,30,8,0,4,M22,AA7250,1,25
2026-08-02T11:45:43.252Z,deep_scan,20260802112912_1A-4-7-8-17-28C,30,8,0,8,M81,AA6297,1,15
2026-08-02T11:45:43.252Z,deep_scan,20260802112912_1A-4-7-8-17-28C,30,8,0,17,M62/2,AA6607,1,0
2026-08-02T11:46:13.271Z,deep_scan,20260802112912_1A-4-7-8-17-28C,30,8,0,4,M22,AA7250,1,3
2026-08-02T11:46:13.271Z,deep_scan,20260802112912_1A-4-7-8-17-28C,30,8,0,8,M81,AA6297,0,29
2026-08-02T11:46:13.302Z,deep_scan,20260802112912_1A-4-7-8-17-28C,30,8,1,6,M160/1,AA7086,0,28
2026-08-02T11:46:13.302Z,deep_scan,20260802112912_1A-4-7-8-17-28C,30,8,1,12,M110,AB6005,1,11
2026-08-02T11:46:13.302Z,deep_scan,20260802112912_1A-4-7-8-17-28C,30,8,1,13,M86,AA3018,1,2
2026-08-02T11:46:13.302Z,deep_scan,20260802112912_1A-4-7-8-17-28C,30,8,1,20,M24,AA7622,0,30
2026-08-02T11:46:43.213Z,deep_scan,20260802112912_1A-4-7-8-17-28C,30,8,1,6,M160/1,AA7086,0,24
2026-08-02T11:46:43.213Z,deep_scan,20260802112912_1A-4-7-8-17-28C,30,8,1,13,M86,AA3018,0,13
2026-08-02T11:46:43.213Z,deep_scan,20260802112912_1A-4-7-8-17-28C,30,8,1,13,M86,AB6005,1,18
2026-08-02T11:46:43.213Z,deep_scan,20260802112912_1A-4-7-8-17-28C,30,8,1,21,M208,AA7622,1,27
2026-08-02T11:46:43.366Z,deep_scan,20260802112912_1A-4-7-8-17-28C,30,8,0,0,M267,AA7510,1,1
2026-08-02T11:46:43.366Z,deep_scan,20260802112912_1A-4-7-8-17-28C,30,8,0,4,M22,AA7250,0,19
2026-08-02T11:46:43.366Z,deep_scan,20260802112912_1A-4-7-8-17-28C,30,8,0,9,M78,AA6297,0,18
2026-08-02T11:47:13.327Z,deep_scan,20260802112912_1A-4-7-8-17-28C,30,8,0,0,M267,AA7510,0,31
2026-08-02T11:47:13.327Z,deep_scan,20260802112912_1A-4-7-8-17-28C,30,8,0,4,M22,AA7250,0,26
2026-08-02T11:47:13.327Z,deep_scan,20260802112912_1A-4-7-8-17-28C,30,8,0,10,M270/2,AA6297,1,30
2026-08-02T11:47:13.336Z,deep_scan,20260802112912_1A-4-7-8-17-28C,30,8,1,6,M160/1,AA7086,0,13
2026-08-02T11:47:13.336Z,deep_scan,20260802112912_1A-4-7-8-17-28C,30,8,1,13,M86,AB6005,1,10
2026-08-02T11:47:13.336Z,deep_scan,20260802112912_1A-4-7-8-17-28C,30,8,1,14,M92,AA3018,1,11
2026-08-02T11:47:13.336Z,deep_scan,20260802112912_1A-4-7-8-17-28C,30,8,1,21,M208,AA7622,0,17
2026-08-02T11:47:43.280Z,deep_scan,20260802112912_1A-4-7-8-17-28C,30,8,0,1,M209/2,AA7510,1,2
2026-08-02T11:47:43.280Z,deep_scan,20260802112912_1A-4-7-8-17-28C,30,8,0,4,M22,AA7250,0,13
2026-08-02T11:47:43.280Z,deep_scan,20260802112912_1A-4-7-8-17-28C,30,8,0,10,M270/2,AA6297,0,37
2026-08-02T11:47:43.311Z,deep_scan,20260802112912_1A-4-7-8-17-28C,30,8,1,6,M160/1,AA7086,0,17
2026-08-02T11:47:43.311Z,deep_scan,20260802112912_1A-4-7-8-17-28C,30,8,1,13,M86,AB6005,1,6
2026-08-02T11:47:43.311Z,deep_scan,20260802112912_1A-4-7-8-17-28C,30,8,1,14,M92,AA3018,1,1
2026-08-02T11:47:43.311Z,deep_scan,20260802112912_1A-4-7-8-17-28C,30,8,1,21,M208,AA7622,0,26
2026-08-02T11:48:13.286Z,deep_scan,20260802112912_1A-4-7-8-17-28C,30,8,0,1,M209/2,AA7510,0,24
2026-08-02T11:48:13.286Z,deep_scan,20260802112912_1A-4-7-8-17-28C,30,8,0,4,M22,AA7250,0,4
2026-08-02T11:48:13.286Z,deep_scan,20260802112912_1A-4-7-8-17-28C,30,8,0,10,M270/2,AA6297,0,32
2026-08-02T11:48:13.298Z,deep_scan,20260802112912_1A-4-7-8-17-28C,30,8,1,7,M100,AA7086,1,9
2026-08-02T11:48:13.298Z,deep_scan,20260802112912_1A-4-7-8-17-28C,30,8,1,13,M86,AB6005,0,8
2026-08-02T11:48:13.298Z,deep_scan,20260802112912_1A-4-7-8-17-28C,30,8,1,14,M92,AA3018,1,14
2026-08-02T11:48:13.298Z,deep_scan,20260802112912_1A-4-7-8-17-28C,30,8,1,21,M208,AA7622,0,20
2026-08-02T11:48:43.282Z,deep_scan,20260802112912_1A-4-7-8-17-28C,30,8,1,7,M100,AA7086,1,9
2026-08-02T11:48:43.282Z,deep_scan,20260802112912_1A-4-7-8-17-28C,30,8,1,13,M86,AB6005,0,9
2026-08-02T11:48:43.282Z,deep_scan,20260802112912_1A-4-7-8-17-28C,30,8,1,14,M92,AA3018,0,14
2026-08-02T11:48:43.282Z,deep_scan,20260802112912_1A-4-7-8-17-28C,30,8,1,22,M267,AA7622,1,0
2026-08-02T11:48:43.295Z,deep_scan,20260802112912_1A-4-7-8-17-28C,30,8,0,1,M209/2,AA7510,0,20
2026-08-02T11:48:43.295Z,deep_scan,20260802112912_1A-4-7-8-17-28C,30,8,0,4,M22,AA7250,0,4
2026-08-02T11:48:43.295Z,deep_scan,20260802112912_1A-4-7-8-17-28C,30,8,0,11,M153,AA6297,1,16
2026-08-02T11:49:13.311Z,deep_scan,20260802112912_1A-4-7-8-17-28C,30,8,0,1,M209/2,AA7510,0,50
2026-08-02T11:49:13.311Z,deep_scan,20260802112912_1A-4-7-8-17-28C,30,8,0,4,M22,AA7250,0,4
2026-08-02T11:49:13.311Z,deep_scan,20260802112912_1A-4-7-8-17-28C,30,8,0,11,M153,AA6297,1,16
2026-08-02T11:49:13.323Z,deep_scan,20260802112912_1A-4-7-8-17-28C,30,8,1,7,M100,AA7086,0,24
2026-08-02T11:49:13.323Z,deep_scan,20260802112912_1A-4-7-8-17-28C,30,8,1,14,M92,AA3018,0,14
2026-08-02T11:49:13.323Z,deep_scan,20260802112912_1A-4-7-8-17-28C,30,8,1,14,M92,AB6005,1,17
2026-08-02T11:49:13.323Z,deep_scan,20260802112912_1A-4-7-8-17-28C,30,8,1,22,M267,AA7622,1,0
2026-08-02T11:49:43.286Z,deep_scan,20260802112912_1A-4-7-8-17-28C,30,8,0,2,M211,AA7510,1,10
2026-08-02T11:49:43.286Z,deep_scan,20260802112912_1A-4-7-8-17-28C,30,8,0,4,M22,AA7250,0,26
2026-08-02T11:49:43.286Z,deep_scan,20260802112912_1A-4-7-8-17-28C,30,8,0,11,M153,AA6297,0,15
2026-08-02T11:49:43.302Z,deep_scan,20260802112912_1A-4-7-8-17-28C,30,8,1,7,M100,AA7086,0,36
2026-08-02T11:49:43.302Z,deep_scan,20260802112912_1A-4-7-8-17-28C,30,8,1,14,M92,AB6005,1,24
2026-08-02T11:49:43.302Z,deep_scan,20260802112912_1A-4-7-8-17-28C,30,8,1,15,M39,AA3018,1,15
2026-08-02T11:49:43.302Z,deep_scan,20260802112912_1A-4-7-8-17-28C,30,8,1,22,M267,AA7622,1,0
2026-08-02T11:50:13.303Z,deep_scan,20260802112912_1A-4-7-8-17-28C,30,8,1,7,M100,AA7086,0,2
2026-08-02T11:50:13.303Z,deep_scan,20260802112912_1A-4-7-8-17-28C,30,8,1,14,M92,AB6005,0,17
2026-08-02T11:50:13.303Z,deep_scan,20260802112912_1A-4-7-8-17-28C,30,8,1,15,M39,AA3018,1,18
2026-08-02T11:50:13.303Z,deep_scan,20260802112912_1A-4-7-8-17-28C,30,8,1,22,M267,AA7622,1,0
2026-08-02T11:50:13.334Z,deep_scan,20260802112912_1A-4-7-8-17-28C,30,8,0,2,M211,AA7510,0,18
2026-08-02T11:50:13.334Z,deep_scan,20260802112912_1A-4-7-8-17-28C,30,8,0,6,M16/2,AA7250,1,19
2026-08-02T11:50:13.334Z,deep_scan,20260802112912_1A-4-7-8-17-28C,30,8,0,12,M168,AA6297,1,14
2026-08-02T11:50:43.345Z,deep_scan,20260802112912_1A-4-7-8-17-28C,30,8,1,7,M100,AA7086,0,5
2026-08-02T11:50:43.345Z,deep_scan,20260802112912_1A-4-7-8-17-28C,30,8,1,14,M92,AB6005,0,26
2026-08-02T11:50:43.345Z,deep_scan,20260802112912_1A-4-7-8-17-28C,30,8,1,15,M39,AA3018,1,13
2026-08-02T11:50:43.345Z,deep_scan,20260802112912_1A-4-7-8-17-28C,30,8,1,22,M267,AA7622,1,0
2026-08-02T11:50:43.360Z,deep_scan,20260802112912_1A-4-7-8-17-28C,30,8,0,3,M25,AA7510,1,22
2026-08-02T11:50:43.360Z,deep_scan,20260802112912_1A-4-7-8-17-28C,30,8,0,6,M16/2,AA7250,1,3
2026-08-02T11:50:43.360Z,deep_scan,20260802112912_1A-4-7-8-17-28C,30,8,0,12,M168,AA6297,0,14
2026-08-02T11:51:13.303Z,deep_scan,20260802112912_1A-4-7-8-17-28C,30,8,1,0,M62/2,AA6607,1,1
2026-08-02T11:51:13.303Z,deep_scan,20260802112912_1A-4-7-8-17-28C,30,8,1,8,M75,AA7086,1,22
2026-08-02T11:51:13.303Z,deep_scan,20260802112912_1A-4-7-8-17-28C,30,8,1,15,M39,AB6005,1,17
2026-08-02T11:51:13.303Z,deep_scan,20260802112912_1A-4-7-8-17-28C,30,8,1,16,M28/1,AA3018,1,3
2026-08-02T11:51:13.303Z,deep_scan,20260802112912_1A-4-7-8-17-28C,30,8,1,22,M267,AA7622,1,0
2026-08-02T11:51:13.319Z,deep_scan,20260802112912_1A-4-7-8-17-28C,30,8,0,3,M25,AA7510,0,29
2026-08-02T11:51:13.319Z,deep_scan,20260802112912_1A-4-7-8-17-28C,30,8,0,6,M16/2,AA7250,1,3
2026-08-02T11:51:13.319Z,deep_scan,20260802112912_1A-4-7-8-17-28C,30,8,0,12,M168,AA6297,0,19
2026-08-02T11:51:43.321Z,deep_scan,20260802112912_1A-4-7-8-17-28C,30,8,1,0,M62/2,AA6607,1,8
2026-08-02T11:51:43.321Z,deep_scan,20260802112912_1A-4-7-8-17-28C,30,8,1,8,M75,AA7086,1,16
2026-08-02T11:51:43.321Z,deep_scan,20260802112912_1A-4-7-8-17-28C,30,8,1,15,M39,AB6005,1,17
2026-08-02T11:51:43.321Z,deep_scan,20260802112912_1A-4-7-8-17-28C,30,8,1,16,M28/1,AA3018,1,8
2026-08-02T11:51:43.321Z,deep_scan,20260802112912_1A-4-7-8-17-28C,30,8,1,22,M267,AA7622,1,0
2026-08-02T11:51:43.337Z,deep_scan,20260802112912_1A-4-7-8-17-28C,30,8,0,3,M25,AA7510,0,6
2026-08-02T11:51:43.337Z,deep_scan,20260802112912_1A-4-7-8-17-28C,30,8,0,6,M16/2,AA7250,0,31
2026-08-02T11:51:43.337Z,deep_scan,20260802112912_1A-4-7-8-17-28C,30,8,0,12,M168,AA6297,0,44
2026-08-02T11:52:13.358Z,deep_scan,20260802112912_1A-4-7-8-17-28C,30,8,1,0,M62/2,AA6607,0,8
2026-08-02T11:52:13.358Z,deep_scan,20260802112912_1A-4-7-8-17-28C,30,8,1,8,M75,AA7086,1,9
2026-08-02T11:52:13.358Z,deep_scan,20260802112912_1A-4-7-8-17-28C,30,8,1,15,M39,AB6005,0,2
2026-08-02T11:52:13.358Z,deep_scan,20260802112912_1A-4-7-8-17-28C,30,8,1,16,M28/1,AA3018,1,23
2026-08-02T11:52:13.358Z,deep_scan,20260802112912_1A-4-7-8-17-28C,30,8,1,22,M267,AA7622,1,0
2026-08-02T11:52:13.380Z,deep_scan,20260802112912_1A-4-7-8-17-28C,30,8,0,4,M22,AA7510,1,28
2026-08-02T11:52:13.380Z,deep_scan,20260802112912_1A-4-7-8-17-28C,30,8,0,6,M16/2,AA7250,0,24
2026-08-02T11:52:13.380Z,deep_scan,20260802112912_1A-4-7-8-17-28C,30,8,0,13,M69/2,AA6297,1,28
2026-08-02T11:52:43.336Z,deep_scan,20260802112912_1A-4-7-8-17-28C,30,8,0,4,M22,AA7510,1,28
2026-08-02T11:52:43.336Z,deep_scan,20260802112912_1A-4-7-8-17-28C,30,8,0,6,M16/2,AA7250,0,24
2026-08-02T11:52:43.336Z,deep_scan,20260802112912_1A-4-7-8-17-28C,30,8,0,13,M69/2,AA6297,1,17
2026-08-02T11:52:43.340Z,deep_scan,20260802112912_1A-4-7-8-17-28C,30,8,1,0,M62/2,AA6607,0,33
2026-08-02T11:52:43.340Z,deep_scan,20260802112912_1A-4-7-8-17-28C,30,8,1,8,M75,AA7086,0,17
2026-08-02T11:52:43.340Z,deep_scan,20260802112912_1A-4-7-8-17-28C,30,8,1,15,M39,AB6005,0,1
2026-08-02T11:52:43.340Z,deep_scan,20260802112912_1A-4-7-8-17-28C,30,8,1,16,M28/1,AA3018,0,13
2026-08-02T11:52:43.340Z,deep_scan,20260802112912_1A-4-7-8-17-28C,30,8,1,22,M267,AA7622,1,0
2026-08-02T11:53:13.441Z,deep_scan,20260802112912_1A-4-7-8-17-28C,30,8,0,4,M22,AA7510,0,22
2026-08-02T11:53:13.441Z,deep_scan,20260802112912_1A-4-7-8-17-28C,30,8,0,6,M16/2,AA7250,0,12
2026-08-02T11:53:13.441Z,deep_scan,20260802112912_1A-4-7-8-17-28C,30,8,0,14,M159,AA6297,1,9
2026-08-02T11:53:13.457Z,deep_scan,20260802112912_1A-4-7-8-17-28C,30,8,1,0,M62/2,AA6607,0,13
2026-08-02T11:53:13.457Z,deep_scan,20260802112912_1A-4-7-8-17-28C,30,8,1,8,M75,AA7086,0,18
2026-08-02T11:53:13.457Z,deep_scan,20260802112912_1A-4-7-8-17-28C,30,8,1,16,M28/1,AA3018,0,15
2026-08-02T11:53:13.457Z,deep_scan,20260802112912_1A-4-7-8-17-28C,30,8,1,16,M28/1,AB6005,1,14
2026-08-02T11:53:43.290Z,deep_scan,20260802112912_1A-4-7-8-17-28C,30,8,1,0,M62/2,AA6607,0,43
2026-08-02T11:53:43.290Z,deep_scan,20260802112912_1A-4-7-8-17-28C,30,8,1,8,M75,AA7086,0,14
2026-08-02T11:53:43.290Z,deep_scan,20260802112912_1A-4-7-8-17-28C,30,8,1,16,M28/1,AA3018,0,5
2026-08-02T11:53:43.290Z,deep_scan,20260802112912_1A-4-7-8-17-28C,30,8,1,16,M28/1,AB6005,0,25
2026-08-02T11:53:43.385Z,deep_scan,20260802112912_1A-4-7-8-17-28C,30,8,0,4,M22,AA7510,0,7
2026-08-02T11:53:43.385Z,deep_scan,20260802112912_1A-4-7-8-17-28C,30,8,0,6,M16/2,AA7250,0,21
2026-08-02T11:53:43.385Z,deep_scan,20260802112912_1A-4-7-8-17-28C,30,8,0,14,M159,AA6297,1,9
2026-08-02T11:54:13.320Z,deep_scan,20260802112912_1A-4-7-8-17-28C,30,8,1,0,M62/2,AA6607,0,46
2026-08-02T11:54:13.320Z,deep_scan,20260802112912_1A-4-7-8-17-28C,30,8,1,8,M75,AA7086,0,14
2026-08-02T11:54:13.320Z,deep_scan,20260802112912_1A-4-7-8-17-28C,30,8,1,16,M28/1,AA3018,0,5
2026-08-02T11:54:13.320Z,deep_scan,20260802112912_1A-4-7-8-17-28C,30,8,1,16,M28/1,AB6005,0,20
2026-08-02T11:54:13.415Z,deep_scan,20260802112912_1A-4-7-8-17-28C,30,8,0,4,M22,AA7510,0,19
2026-08-02T11:54:13.415Z,deep_scan,20260802112912_1A-4-7-8-17-28C,30,8,0,6,M16/2,AA7250,0,4
2026-08-02T11:54:13.415Z,deep_scan,20260802112912_1A-4-7-8-17-28C,30,8,0,14,M159,AA6297,1,12
2026-08-02T11:54:43.323Z,deep_scan,20260802112912_1A-4-7-8-17-28C,30,8,1,0,M62/2,AA6607,0,26
2026-08-02T11:54:43.323Z,deep_scan,20260802112912_1A-4-7-8-17-28C,30,8,1,8,M75,AA7086,0,4
2026-08-02T11:54:43.323Z,deep_scan,20260802112912_1A-4-7-8-17-28C,30,8,1,16,M28/1,AB6005,0,12
2026-08-02T11:54:43.323Z,deep_scan,20260802112912_1A-4-7-8-17-28C,30,8,1,17,M11,AA3018,1,2
2026-08-02T11:54:43.374Z,deep_scan,20260802112912_1A-4-7-8-17-28C,30,8,0,4,M22,AA7510,0,34
2026-08-02T11:54:43.374Z,deep_scan,20260802112912_1A-4-7-8-17-28C,30,8,0,6,M16/2,AA7250,0,3
2026-08-02T11:54:43.374Z,deep_scan,20260802112912_1A-4-7-8-17-28C,30,8,0,14,M159,AA6297,0,39
2026-08-02T11:55:13.384Z,deep_scan,20260802112912_1A-4-7-8-17-28C,30,8,0,6,M16/2,AA7250,0,14
2026-08-02T11:55:13.384Z,deep_scan,20260802112912_1A-4-7-8-17-28C,30,8,0,6,M16/2,AA7510,1,8
2026-08-02T11:55:13.384Z,deep_scan,20260802112912_1A-4-7-8-17-28C,30,8,0,14,M159,AA6297,0,38
2026-08-02T11:55:13.397Z,deep_scan,20260802112912_1A-4-7-8-17-28C,30,8,1,2,M266,AA6607,1,29
2026-08-02T11:55:13.397Z,deep_scan,20260802112912_1A-4-7-8-17-28C,30,8,1,9,M237,AA7086,1,15
2026-08-02T11:55:13.397Z,deep_scan,20260802112912_1A-4-7-8-17-28C,30,8,1,16,M28/1,AB6005,0,21
2026-08-02T11:55:13.397Z,deep_scan,20260802112912_1A-4-7-8-17-28C,30,8,1,17,M11,AA3018,0,15
2026-08-02T11:55:43.341Z,deep_scan,20260802112912_1A-4-7-8-17-28C,30,8,0,6,M16/2,AA7510,1,8
2026-08-02T11:55:43.341Z,deep_scan,20260802112912_1A-4-7-8-17-28C,30,8,0,7,M116,AA7250,1,10
2026-08-02T11:55:43.341Z,deep_scan,20260802112912_1A-4-7-8-17-28C,30,8,0,15,M262,AA6297,1,34
2026-08-02T11:55:43.356Z,deep_scan,20260802112912_1A-4-7-8-17-28C,30,8,1,2,M266,AA6607,0,13
2026-08-02T11:55:43.356Z,deep_scan,20260802112912_1A-4-7-8-17-28C,30,8,1,9,M237,AA7086,0,15
2026-08-02T11:55:43.356Z,deep_scan,20260802112912_1A-4-7-8-17-28C,30,8,1,16,M28/1,AB6005,0,4
2026-08-02T11:55:43.356Z,deep_scan,20260802112912_1A-4-7-8-17-28C,30,8,1,18,M12,AA3018,1,11
2026-08-02T11:56:13.341Z,deep_scan,20260802112912_1A-4-7-8-17-28C,30,8,1,2,M266,AA6607,0,24
2026-08-02T11:56:13.341Z,deep_scan,20260802112912_1A-4-7-8-17-28C,30,8,1,9,M237,AA7086,0,8
2026-08-02T11:56:13.341Z,deep_scan,20260802112912_1A-4-7-8-17-28C,30,8,1,17,M11,AB6005,1,19
2026-08-02T11:56:13.341Z,deep_scan,20260802112912_1A-4-7-8-17-28C,30,8,1,18,M12,AA3018,0,14
2026-08-02T11:56:13.408Z,deep_scan,20260802112912_1A-4-7-8-17-28C,30,8,0,6,M16/2,AA7510,1,9
2026-08-02T11:56:13.408Z,deep_scan,20260802112912_1A-4-7-8-17-28C,30,8,0,7,M116,AA7250,1,5
2026-08-02T11:56:13.408Z,deep_scan,20260802112912_1A-4-7-8-17-28C,30,8,0,15,M262,AA6297,1,21
2026-08-02T11:56:43.397Z,deep_scan,20260802112912_1A-4-7-8-17-28C,30,8,1,3,M257,AA6607,1,31
2026-08-02T11:56:43.397Z,deep_scan,20260802112912_1A-4-7-8-17-28C,30,8,1,10,M245,AA7086,1,8
2026-08-02T11:56:43.397Z,deep_scan,20260802112912_1A-4-7-8-17-28C,30,8,1,17,M11,AB6005,0,6
2026-08-02T11:56:43.397Z,deep_scan,20260802112912_1A-4-7-8-17-28C,30,8,1,18,M12,AA3018,0,14
2026-08-02T11:56:43.414Z,deep_scan,20260802112912_1A-4-7-8-17-28C,30,8,0,6,M16/2,AA7510,1,9
2026-08-02T11:56:43.414Z,deep_scan,20260802112912_1A-4-7-8-17-28C,30,8,0,7,M116,AA7250,1,2
2026-08-02T11:56:43.414Z,deep_scan,20260802112912_1A-4-7-8-17-28C,30,8,0,15,M262,AA6297,1,21
2026-08-02T11:57:13.373Z,deep_scan,20260802112912_1A-4-7-8-17-28C,30,8,0,6,M16/2,AA7510,1,9
2026-08-02T11:57:13.373Z,deep_scan,20260802112912_1A-4-7-8-17-28C,30,8,0,7,M116,AA7250,1,6
2026-08-02T11:57:13.373Z,deep_scan,20260802112912_1A-4-7-8-17-28C,30,8,0,15,M262,AA6297,1,7
2026-08-02T11:57:13.385Z,deep_scan,20260802112912_1A-4-7-8-17-28C,30,8,1,3,M257,AA6607,0,44
2026-08-02T11:57:13.385Z,deep_scan,20260802112912_1A-4-7-8-17-28C,30,8,1,10,M245,AA7086,0,32
2026-08-02T11:57:13.385Z,deep_scan,20260802112912_1A-4-7-8-17-28C,30,8,1,18,M12,AA3018,0,1
2026-08-02T11:57:13.385Z,deep_scan,20260802112912_1A-4-7-8-17-28C,30,8,1,18,M12,AB6005,1,6
2026-08-02T11:57:43.392Z,deep_scan,20260802112912_1A-4-7-8-17-28C,30,8,1,3,M257,AA6607,0,40
2026-08-02T11:57:43.392Z,deep_scan,20260802112912_1A-4-7-8-17-28C,30,8,1,11,M119,AA7086,1,19
2026-08-02T11:57:43.392Z,deep_scan,20260802112912_1A-4-7-8-17-28C,30,8,1,18,M12,AB6005,0,23
2026-08-02T11:57:43.392Z,deep_scan,20260802112912_1A-4-7-8-17-28C,30,8,1,19,M21/1,AA3018,1,3
2026-08-02T11:57:43.400Z,deep_scan,20260802112912_1A-4-7-8-17-28C,30,8,0,6,M16/2,AA7510,1,9
2026-08-02T11:57:43.400Z,deep_scan,20260802112912_1A-4-7-8-17-28C,30,8,0,8,M81,AA7250,1,5
2026-08-02T11:57:43.400Z,deep_scan,20260802112912_1A-4-7-8-17-28C,30,8,0,15,M262,AA6297,0,13
2026-08-02T11:58:13.387Z,deep_scan,20260802112912_1A-4-7-8-17-28C,30,8,0,6,M16/2,AA7510,0,12
2026-08-02T11:58:13.387Z,deep_scan,20260802112912_1A-4-7-8-17-28C,30,8,0,8,M81,AA7250,1,13
2026-08-02T11:58:13.387Z,deep_scan,20260802112912_1A-4-7-8-17-28C,30,8,0,15,M262,AA6297,0,13
2026-08-02T11:58:13.397Z,deep_scan,20260802112912_1A-4-7-8-17-28C,30,8,1,4,M251,AA6607,1,3
2026-08-02T11:58:13.397Z,deep_scan,20260802112912_1A-4-7-8-17-28C,30,8,1,11,M119,AA7086,1,19
2026-08-02T11:58:13.397Z,deep_scan,20260802112912_1A-4-7-8-17-28C,30,8,1,19,M21/1,AA3018,1,20
2026-08-02T11:58:13.397Z,deep_scan,20260802112912_1A-4-7-8-17-28C,30,8,1,19,M21/1,AB6005,1,23
2026-08-02T11:58:43.379Z,deep_scan,20260802112912_1A-4-7-8-17-28C,30,8,0,6,M16/2,AA7510,0,12
2026-08-02T11:58:43.379Z,deep_scan,20260802112912_1A-4-7-8-17-28C,30,8,0,9,M78,AA7250,1,20
2026-08-02T11:58:43.379Z,deep_scan,20260802112912_1A-4-7-8-17-28C,30,8,0,15,M262,AA6297,0,2
2026-08-02T11:58:43.391Z,deep_scan,20260802112912_1A-4-7-8-17-28C,30,8,1,4,M251,AA6607,0,2
2026-08-02T11:58:43.391Z,deep_scan,20260802112912_1A-4-7-8-17-28C,30,8,1,11,M119,AA7086,0,14
2026-08-02T11:58:43.391Z,deep_scan,20260802112912_1A-4-7-8-17-28C,30,8,1,19,M21/1,AB6005,1,23
2026-08-02T11:58:43.391Z,deep_scan,20260802112912_1A-4-7-8-17-28C,30,8,1,19,M21/1,AA3018,0,22
2026-08-02T11:59:13.407Z,deep_scan,20260802112912_1A-4-7-8-17-28C,30,8,0,6,M16/2,AA7510,0,12
2026-08-02T11:59:13.407Z,deep_scan,20260802112912_1A-4-7-8-17-28C,30,8,0,9,M78,AA7250,1,14
2026-08-02T11:59:13.407Z,deep_scan,20260802112912_1A-4-7-8-17-28C,30,8,0,15,M262,AA6297,0,26
2026-08-02T11:59:13.420Z,deep_scan,20260802112912_1A-4-7-8-17-28C,30,8,1,4,M251,AA6607,0,16
2026-08-02T11:59:13.420Z,deep_scan,20260802112912_1A-4-7-8-17-28C,30,8,1,12,M110,AA7086,1,14
2026-08-02T11:59:13.420Z,deep_scan,20260802112912_1A-4-7-8-17-28C,30,8,1,19,M21/1,AA3018,0,22
2026-08-02T11:59:13.420Z,deep_scan,20260802112912_1A-4-7-8-17-28C,30,8,1,19,M21/1,AB6005,0,22
2026-08-02T11:59:43.417Z,deep_scan,20260802112912_1A-4-7-8-17-28C,30,8,0,0,M267,AA7622,1,4
2026-08-02T11:59:43.417Z,deep_scan,20260802112912_1A-4-7-8-17-28C,30,8,0,6,M16/2,AA7510,0,31
2026-08-02T11:59:43.417Z,deep_scan,20260802112912_1A-4-7-8-17-28C,30,8,0,9,M78,AA7250,0,16
2026-08-02T11:59:43.417Z,deep_scan,20260802112912_1A-4-7-8-17-28C,30,8,0,15,M262,AA6297,0,29
2026-08-02T11:59:43.426Z,deep_scan,20260802112912_1A-4-7-8-17-28C,30,8,1,5,M263,AA6607,1,33
2026-08-02T11:59:43.426Z,deep_scan,20260802112912_1A-4-7-8-17-28C,30,8,1,12,M110,AA7086,1,3
2026-08-02T11:59:43.426Z,deep_scan,20260802112912_1A-4-7-8-17-28C,30,8,1,19,M21/1,AA3018,0,22
2026-08-02T11:59:43.426Z,deep_scan,20260802112912_1A-4-7-8-17-28C,30,8,1,19,M21/1,AB6005,0,26
2026-08-02T12:00:13.484Z,deep_scan,20260802112912_1A-4-7-8-17-28C,30,8,0,0,M267,AA7622,1,19
2026-08-02T12:00:13.484Z,deep_scan,20260802112912_1A-4-7-8-17-28C,30,8,0,6,M16/2,AA7510,0,3
2026-08-02T12:00:13.484Z,deep_scan,20260802112912_1A-4-7-8-17-28C,30,8,0,10,M270/2,AA7250,1,25
2026-08-02T12:00:13.484Z,deep_scan,20260802112912_1A-4-7-8-17-28C,30,8,0,15,M262,AA6297,0,36
2026-08-02T12:00:13.545Z,deep_scan,20260802112912_1A-4-7-8-17-28C,30,8,1,5,M263,AA6607,1,11
2026-08-02T12:00:13.545Z,deep_scan,20260802112912_1A-4-7-8-17-28C,30,8,1,13,M86,AA7086,1,5
2026-08-02T12:00:13.545Z,deep_scan,20260802112912_1A-4-7-8-17-28C,30,8,1,19,M21/1,AA3018,0,22
2026-08-02T12:00:13.545Z,deep_scan,20260802112912_1A-4-7-8-17-28C,30,8,1,19,M21/1,AB6005,0,27
2026-08-02T12:00:43.458Z,deep_scan,20260802112912_1A-4-7-8-17-28C,30,8,1,5,M263,AA6607,0,16
2026-08-02T12:00:43.458Z,deep_scan,20260802112912_1A-4-7-8-17-28C,30,8,1,13,M86,AA7086,1,27
2026-08-02T12:00:43.458Z,deep_scan,20260802112912_1A-4-7-8-17-28C,30,8,1,19,M21/1,AB6005,0,19
2026-08-02T12:00:43.458Z,deep_scan,20260802112912_1A-4-7-8-17-28C,30,8,1,20,M24,AA3018,1,24
2026-08-02T12:00:43.470Z,deep_scan,20260802112912_1A-4-7-8-17-28C,30,8,0,1,M209/2,AA7622,1,19
2026-08-02T12:00:43.470Z,deep_scan,20260802112912_1A-4-7-8-17-28C,30,8,0,7,M116,AA7510,1,8
2026-08-02T12:00:43.470Z,deep_scan,20260802112912_1A-4-7-8-17-28C,30,8,0,10,M270/2,AA7250,0,24
2026-08-02T12:00:43.470Z,deep_scan,20260802112912_1A-4-7-8-17-28C,30,8,0,16,M259,AA6297,1,41
2026-08-02T12:01:13.420Z,deep_scan,20260802112912_1A-4-7-8-17-28C,30,8,1,5,M263,AA6607,0,10
2026-08-02T12:01:13.420Z,deep_scan,20260802112912_1A-4-7-8-17-28C,30,8,1,13,M86,AA7086,0,5
2026-08-02T12:01:13.420Z,deep_scan,20260802112912_1A-4-7-8-17-28C,30,8,1,20,M24,AA3018,1,7
2026-08-02T12:01:13.420Z,deep_scan,20260802112912_1A-4-7-8-17-28C,30,8,1,20,M24,AB6005,1,14
2026-08-02T12:01:13.442Z,deep_scan,20260802112912_1A-4-7-8-17-28C,30,8,0,1,M209/2,AA7622,1,17
2026-08-02T12:01:13.442Z,deep_scan,20260802112912_1A-4-7-8-17-28C,30,8,0,7,M116,AA7510,1,6
2026-08-02T12:01:13.442Z,deep_scan,20260802112912_1A-4-7-8-17-28C,30,8,0,10,M270/2,AA7250,0,8
2026-08-02T12:01:13.442Z,deep_scan,20260802112912_1A-4-7-8-17-28C,30,8,0,16,M259,AA6297,1,22
2026-08-02T12:01:43.426Z,deep_scan,20260802112912_1A-4-7-8-17-28C,30,8,0,1,M209/2,AA7622,0,32
2026-08-02T12:01:43.426Z,deep_scan,20260802112912_1A-4-7-8-17-28C,30,8,0,7,M116,AA7510,0,28
2026-08-02T12:01:43.426Z,deep_scan,20260802112912_1A-4-7-8-17-28C,30,8,0,11,M153,AA7250,1,31
2026-08-02T12:01:43.426Z,deep_scan,20260802112912_1A-4-7-8-17-28C,30,8,0,16,M259,AA6297,0,17
2026-08-02T12:01:43.497Z,deep_scan,20260802112912_1A-4-7-8-17-28C,30,8,1,5,M263,AA6607,0,35
2026-08-02T12:01:43.497Z,deep_scan,20260802112912_1A-4-7-8-17-28C,30,8,1,14,M92,AA7086,1,6
2026-08-02T12:01:43.497Z,deep_scan,20260802112912_1A-4-7-8-17-28C,30,8,1,20,M24,AA3018,0,25
2026-08-02T12:01:43.497Z,deep_scan,20260802112912_1A-4-7-8-17-28C,30,8,1,20,M24,AB6005,0,21
2026-08-02T12:02:13.460Z,deep_scan,20260802112912_1A-4-7-8-17-28C,30,8,0,1,M209/2,AA7622,0,24
2026-08-02T12:02:13.460Z,deep_scan,20260802112912_1A-4-7-8-17-28C,30,8,0,8,M81,AA7510,1,24
2026-08-02T12:02:13.460Z,deep_scan,20260802112912_1A-4-7-8-17-28C,30,8,0,11,M153,AA7250,0,27
2026-08-02T12:02:13.460Z,deep_scan,20260802112912_1A-4-7-8-17-28C,30,8,0,16,M259,AA6297,0,48
2026-08-02T12:02:13.480Z,deep_scan,20260802112912_1A-4-7-8-17-28C,30,8,1,5,M263,AA6607,0,26
2026-08-02T12:02:13.480Z,deep_scan,20260802112912_1A-4-7-8-17-28C,30,8,1,14,M92,AA7086,1,7
2026-08-02T12:02:13.480Z,deep_scan,20260802112912_1A-4-7-8-17-28C,30,8,1,20,M24,AB6005,0,28
2026-08-02T12:02:13.480Z,deep_scan,20260802112912_1A-4-7-8-17-28C,30,8,1,21,M208,AA3018,1,32
2026-08-02T12:02:43.454Z,deep_scan,20260802112912_1A-4-7-8-17-28C,30,8,1,6,M160/1,AA6607,1,2
2026-08-02T12:02:43.454Z,deep_scan,20260802112912_1A-4-7-8-17-28C,30,8,1,14,M92,AA7086,1,7
2026-08-02T12:02:43.454Z,deep_scan,20260802112912_1A-4-7-8-17-28C,30,8,1,21,M208,AA3018,1,2
2026-08-02T12:02:43.454Z,deep_scan,20260802112912_1A-4-7-8-17-28C,30,8,1,21,M208,AB6005,1,1
2026-08-02T12:02:43.473Z,deep_scan,20260802112912_1A-4-7-8-17-28C,30,8,0,2,M211,AA7622,1,18
2026-08-02T12:02:43.473Z,deep_scan,20260802112912_1A-4-7-8-17-28C,30,8,0,8,M81,AA7510,0,9
2026-08-02T12:02:43.473Z,deep_scan,20260802112912_1A-4-7-8-17-28C,30,8,0,12,M168,AA7250,1,4
2026-08-02T12:02:43.473Z,deep_scan,20260802112912_1A-4-7-8-17-28C,30,8,0,16,M259,AA6297,0,22
2026-08-02T12:03:13.481Z,deep_scan,20260802112912_1A-4-7-8-17-28C,30,8,1,6,M160/1,AA6607,0,30
2026-08-02T12:03:13.481Z,deep_scan,20260802112912_1A-4-7-8-17-28C,30,8,1,14,M92,AA7086,1,2
2026-08-02T12:03:13.481Z,deep_scan,20260802112912_1A-4-7-8-17-28C,30,8,1,21,M208,AA3018,0,28
2026-08-02T12:03:13.481Z,deep_scan,20260802112912_1A-4-7-8-17-28C,30,8,1,21,M208,AB6005,0,3
2026-08-02T12:03:13.503Z,deep_scan,20260802112912_1A-4-7-8-17-28C,30,8,0,2,M211,AA7622,0,24
2026-08-02T12:03:13.503Z,deep_scan,20260802112912_1A-4-7-8-17-28C,30,8,0,8,M81,AA7510,0,9
2026-08-02T12:03:13.503Z,deep_scan,20260802112912_1A-4-7-8-17-28C,30,8,0,12,M168,AA7250,0,29
2026-08-02T12:03:13.503Z,deep_scan,20260802112912_1A-4-7-8-17-28C,30,8,0,17,M62/2,AA6297,1,0
2026-08-02T12:03:43.471Z,deep_scan,20260802112912_1A-4-7-8-17-28C,30,8,1,0,M62/2,AA7350,1,15
2026-08-02T12:03:43.471Z,deep_scan,20260802112912_1A-4-7-8-17-28C,30,8,1,6,M160/1,AA6607,0,37
2026-08-02T12:03:43.471Z,deep_scan,20260802112912_1A-4-7-8-17-28C,30,8,1,14,M92,AA7086,1,2
2026-08-02T12:03:43.471Z,deep_scan,20260802112912_1A-4-7-8-17-28C,30,8,1,21,M208,AA3018,0,12
2026-08-02T12:03:43.471Z,deep_scan,20260802112912_1A-4-7-8-17-28C,30,8,1,21,M208,AB6005,0,27
2026-08-02T12:03:43.487Z,deep_scan,20260802112912_1A-4-7-8-17-28C,30,8,0,3,M25,AA7622,1,28
2026-08-02T12:03:43.487Z,deep_scan,20260802112912_1A-4-7-8-17-28C,30,8,0,9,M78,AA7510,1,14
2026-08-02T12:03:43.487Z,deep_scan,20260802112912_1A-4-7-8-17-28C,30,8,0,12,M168,AA7250,0,33
2026-08-02T12:03:43.487Z,deep_scan,20260802112912_1A-4-7-8-17-28C,30,8,0,17,M62/2,AA6297,1,0
2026-08-02T12:04:13.412Z,deep_scan,20260802112912_1A-4-7-8-17-28C,30,8,0,3,M25,AA7622,1,16
2026-08-02T12:04:13.412Z,deep_scan,20260802112912_1A-4-7-8-17-28C,30,8,0,9,M78,AA7510,1,14
2026-08-02T12:04:13.412Z,deep_scan,20260802112912_1A-4-7-8-17-28C,30,8,0,12,M168,AA7250,0,12
2026-08-02T12:04:13.412Z,deep_scan,20260802112912_1A-4-7-8-17-28C,30,8,0,17,M62/2,AA6297,1,0
2026-08-02T12:04:13.527Z,deep_scan,20260802112912_1A-4-7-8-17-28C,30,8,1,0,M62/2,AA7350,1,21
2026-08-02T12:04:13.527Z,deep_scan,20260802112912_1A-4-7-8-17-28C,30,8,1,6,M160/1,AA6607,0,22
2026-08-02T12:04:13.527Z,deep_scan,20260802112912_1A-4-7-8-17-28C,30,8,1,14,M92,AA7086,1,12
2026-08-02T12:04:13.527Z,deep_scan,20260802112912_1A-4-7-8-17-28C,30,8,1,21,M208,AA3018,0,17
2026-08-02T12:04:13.527Z,deep_scan,20260802112912_1A-4-7-8-17-28C,30,8,1,21,M208,AB6005,0,16
2026-08-02T12:04:43.530Z,deep_scan,20260802112912_1A-4-7-8-17-28C,30,8,1,0,M62/2,AA7350,0,19
2026-08-02T12:04:43.530Z,deep_scan,20260802112912_1A-4-7-8-17-28C,30,8,1,6,M160/1,AA6607,0,22
2026-08-02T12:04:43.530Z,deep_scan,20260802112912_1A-4-7-8-17-28C,30,8,1,14,M92,AA7086,0,25
2026-08-02T12:04:43.530Z,deep_scan,20260802112912_1A-4-7-8-17-28C,30,8,1,21,M208,AB6005,0,16
2026-08-02T12:04:43.530Z,deep_scan,20260802112912_1A-4-7-8-17-28C,30,8,1,22,M267,AA3018,1,0
2026-08-02T12:04:43.548Z,deep_scan,20260802112912_1A-4-7-8-17-28C,30,8,0,4,M22,AA7622,1,6
2026-08-02T12:04:43.548Z,deep_scan,20260802112912_1A-4-7-8-17-28C,30,8,0,9,M78,AA7510,0,2
2026-08-02T12:04:43.548Z,deep_scan,20260802112912_1A-4-7-8-17-28C,30,8,0,13,M69/2,AA7250,1,19
2026-08-02T12:04:43.548Z,deep_scan,20260802112912_1A-4-7-8-17-28C,30,8,0,17,M62/2,AA6297,1,0
2026-08-02T12:05:13.505Z,deep_scan,20260802112912_1A-4-7-8-17-28C,30,8,0,4,M22,AA7622,1,6
2026-08-02T12:05:13.505Z,deep_scan,20260802112912_1A-4-7-8-17-28C,30,8,0,9,M78,AA7510,0,3
2026-08-02T12:05:13.505Z,deep_scan,20260802112912_1A-4-7-8-17-28C,30,8,0,13,M69/2,AA7250,0,16
2026-08-02T12:05:13.505Z,deep_scan,20260802112912_1A-4-7-8-17-28C,30,8,0,17,M62/2,AA6297,1,0
2026-08-02T12:05:13.559Z,deep_scan,20260802112912_1A-4-7-8-17-28C,30,8,1,0,M62/2,AA7350,0,32
2026-08-02T12:05:13.559Z,deep_scan,20260802112912_1A-4-7-8-17-28C,30,8,1,6,M160/1,AA6607,0,22
2026-08-02T12:05:13.559Z,deep_scan,20260802112912_1A-4-7-8-17-28C,30,8,1,14,M92,AA7086,0,18
2026-08-02T12:05:13.559Z,deep_scan,20260802112912_1A-4-7-8-17-28C,30,8,1,22,M267,AA3018,1,0
2026-08-02T12:05:13.559Z,deep_scan,20260802112912_1A-4-7-8-17-28C,30,8,1,22,M267,AB6005,1,0
2026-08-02T12:05:43.524Z,deep_scan,20260802112912_1A-4-7-8-17-28C,30,8,1,0,M62/2,AA7350,0,27
2026-08-02T12:05:43.524Z,deep_scan,20260802112912_1A-4-7-8-17-28C,30,8,1,6,M160/1,AA6607,0,20
2026-08-02T12:05:43.524Z,deep_scan,20260802112912_1A-4-7-8-17-28C,30,8,1,15,M39,AA7086,1,26
2026-08-02T12:05:43.524Z,deep_scan,20260802112912_1A-4-7-8-17-28C,30,8,1,22,M267,AA3018,1,0
2026-08-02T12:05:43.524Z,deep_scan,20260802112912_1A-4-7-8-17-28C,30,8,1,22,M267,AB6005,1,0
2026-08-02T12:05:43.543Z,deep_scan,20260802112912_1A-4-7-8-17-28C,30,8,0,4,M22,AA7622,0,13
2026-08-02T12:05:43.543Z,deep_scan,20260802112912_1A-4-7-8-17-28C,30,8,0,10,M270/2,AA7510,1,12
2026-08-02T12:05:43.543Z,deep_scan,20260802112912_1A-4-7-8-17-28C,30,8,0,14,M159,AA7250,1,2
2026-08-02T12:05:43.543Z,deep_scan,20260802112912_1A-4-7-8-17-28C,30,8,0,17,M62/2,AA6297,1,0
2026-08-02T12:06:13.526Z,deep_scan,20260802112912_1A-4-7-8-17-28C,30,8,1,0,M62/2,AA7350,0,19
2026-08-02T12:06:13.526Z,deep_scan,20260802112912_1A-4-7-8-17-28C,30,8,1,6,M160/1,AA6607,0,15
2026-08-02T12:06:13.526Z,deep_scan,20260802112912_1A-4-7-8-17-28C,30,8,1,15,M39,AA7086,1,19
2026-08-02T12:06:13.526Z,deep_scan,20260802112912_1A-4-7-8-17-28C,30,8,1,22,M267,AA3018,1,0
2026-08-02T12:06:13.526Z,deep_scan,20260802112912_1A-4-7-8-17-28C,30,8,1,22,M267,AB6005,1,0
2026-08-02T12:06:13.536Z,deep_scan,20260802112912_1A-4-7-8-17-28C,30,8,0,4,M22,AA7622,0,9
2026-08-02T12:06:13.536Z,deep_scan,20260802112912_1A-4-7-8-17-28C,30,8,0,10,M270/2,AA7510,1,3
2026-08-02T12:06:13.536Z,deep_scan,20260802112912_1A-4-7-8-17-28C,30,8,0,14,M159,AA7250,0,17
2026-08-02T12:06:13.536Z,deep_scan,20260802112912_1A-4-7-8-17-28C,30,8,0,17,M62/2,AA6297,1,0
2026-08-02T12:06:43.503Z,deep_scan,20260802112912_1A-4-7-8-17-28C,30,8,0,4,M22,AA7622,0,9
2026-08-02T12:06:43.503Z,deep_scan,20260802112912_1A-4-7-8-17-28C,30,8,0,10,M270/2,AA7510,0,29
2026-08-02T12:06:43.503Z,deep_scan,20260802112912_1A-4-7-8-17-28C,30,8,0,14,M159,AA7250,0,25
2026-08-02T12:06:43.503Z,deep_scan,20260802112912_1A-4-7-8-17-28C,30,8,0,17,M62/2,AA6297,1,0
2026-08-02T12:06:43.523Z,deep_scan,20260802112912_1A-4-7-8-17-28C,30,8,1,0,M62/2,AA7350,0,37
2026-08-02T12:06:43.523Z,deep_scan,20260802112912_1A-4-7-8-17-28C,30,8,1,7,M100,AA6607,1,2
2026-08-02T12:06:43.523Z,deep_scan,20260802112912_1A-4-7-8-17-28C,30,8,1,15,M39,AA7086,0,1
2026-08-02T12:06:43.523Z,deep_scan,20260802112912_1A-4-7-8-17-28C,30,8,1,22,M267,AA3018,1,0
2026-08-02T12:06:43.523Z,deep_scan,20260802112912_1A-4-7-8-17-28C,30,8,1,22,M267,AB6005,1,0
2026-08-02T12:07:13.508Z,deep_scan,20260802112912_1A-4-7-8-17-28C,30,8,0,0,M267,AB6005,1,5
2026-08-02T12:07:13.508Z,deep_scan,20260802112912_1A-4-7-8-17-28C,30,8,0,4,M22,AA7622,0,9
2026-08-02T12:07:13.508Z,deep_scan,20260802112912_1A-4-7-8-17-28C,30,8,0,11,M153,AA7510,1,33
2026-08-02T12:07:13.508Z,deep_scan,20260802112912_1A-4-7-8-17-28C,30,8,0,14,M159,AA7250,0,32
2026-08-02T12:07:13.513Z,deep_scan,20260802112912_1A-4-7-8-17-28C,30,8,1,0,M62/2,AA7350,0,39
2026-08-02T12:07:13.513Z,deep_scan,20260802112912_1A-4-7-8-17-28C,30,8,1,7,M100,AA6607,0,34
2026-08-02T12:07:13.513Z,deep_scan,20260802112912_1A-4-7-8-17-28C,30,8,1,16,M28/1,AA7086,1,13
2026-08-02T12:07:13.513Z,deep_scan,20260802112912_1A-4-7-8-17-28C,30,8,1,22,M267,AA3018,1,0
2026-08-02T12:07:43.519Z,deep_scan,20260802112912_1A-4-7-8-17-28C,30,8,1,0,M62/2,AA7350,0,33
2026-08-02T12:07:43.519Z,deep_scan,20260802112912_1A-4-7-8-17-28C,30,8,1,7,M100,AA6607,0,40
2026-08-02T12:07:43.519Z,deep_scan,20260802112912_1A-4-7-8-17-28C,30,8,1,16,M28/1,AA7086,0,21
2026-08-02T12:07:43.519Z,deep_scan,20260802112912_1A-4-7-8-17-28C,30,8,1,22,M267,AA3018,1,0
2026-08-02T12:07:43.525Z,deep_scan,20260802112912_1A-4-7-8-17-28C,30,8,0,0,M267,AB6005,0,13
2026-08-02T12:07:43.525Z,deep_scan,20260802112912_1A-4-7-8-17-28C,30,8,0,4,M22,AA7622,0,6
2026-08-02T12:07:43.525Z,deep_scan,20260802112912_1A-4-7-8-17-28C,30,8,0,11,M153,AA7510,1,33
2026-08-02T12:07:43.525Z,deep_scan,20260802112912_1A-4-7-8-17-28C,30,8,0,14,M159,AA7250,0,32
2026-08-02T12:08:13.536Z,deep_scan,20260802112912_1A-4-7-8-17-28C,30,8,1,2,M266,AA7350,0,25
2026-08-02T12:08:13.536Z,deep_scan,20260802112912_1A-4-7-8-17-28C,30,8,1,8,M75,AA6607,1,26
2026-08-02T12:08:13.536Z,deep_scan,20260802112912_1A-4-7-8-17-28C,30,8,1,16,M28/1,AA7086,0,10
2026-08-02T12:08:13.536Z,deep_scan,20260802112912_1A-4-7-8-17-28C,30,8,1,22,M267,AA3018,1,0
2026-08-02T12:08:13.544Z,deep_scan,20260802112912_1A-4-7-8-17-28C,30,8,0,1,M209/2,AB6005,1,26
2026-08-02T12:08:13.544Z,deep_scan,20260802112912_1A-4-7-8-17-28C,30,8,0,4,M22,AA7622,0,17
2026-08-02T12:08:13.544Z,deep_scan,20260802112912_1A-4-7-8-17-28C,30,8,0,11,M153,AA7510,1,14
2026-08-02T12:08:13.544Z,deep_scan,20260802112912_1A-4-7-8-17-28C,30,8,0,14,M159,AA7250,0,10
2026-08-02T12:08:43.492Z,deep_scan,20260802112912_1A-4-7-8-17-28C,30,8,0,1,M209/2,AB6005,1,20
2026-08-02T12:08:43.492Z,deep_scan,20260802112912_1A-4-7-8-17-28C,30,8,0,4,M22,AA7622,0,31
2026-08-02T12:08:43.492Z,deep_scan,20260802112912_1A-4-7-8-17-28C,30,8,0,12,M168,AA7510,1,36
2026-08-02T12:08:43.492Z,deep_scan,20260802112912_1A-4-7-8-17-28C,30,8,0,15,M262,AA7250,1,10
2026-08-02T12:08:43.514Z,deep_scan,20260802112912_1A-4-7-8-17-28C,30,8,1,2,M266,AA7350,0,19
2026-08-02T12:08:43.514Z,deep_scan,20260802112912_1A-4-7-8-17-28C,30,8,1,8,M75,AA6607,0,6
2026-08-02T12:08:43.514Z,deep_scan,20260802112912_1A-4-7-8-17-28C,30,8,1,16,M28/1,AA7086,0,13
2026-08-02T12:08:43.514Z,deep_scan,20260802112912_1A-4-7-8-17-28C,30,8,1,22,M267,AA3018,1,0
2026-08-02T12:09:13.496Z,deep_scan,20260802112912_1A-4-7-8-17-28C,30,8,1,2,M266,AA7350,0,6
2026-08-02T12:09:13.496Z,deep_scan,20260802112912_1A-4-7-8-17-28C,30,8,1,8,M75,AA6607,0,4
2026-08-02T12:09:13.496Z,deep_scan,20260802112912_1A-4-7-8-17-28C,30,8,1,16,M28/1,AA7086,0,2
2026-08-02T12:09:13.515Z,deep_scan,20260802112912_1A-4-7-8-17-28C,30,8,0,1,M209/2,AB6005,0,17
2026-08-02T12:09:13.515Z,deep_scan,20260802112912_1A-4-7-8-17-28C,30,8,0,4,M22,AA7622,0,5
2026-08-02T12:09:13.515Z,deep_scan,20260802112912_1A-4-7-8-17-28C,30,8,0,12,M168,AA7510,0,29
2026-08-02T12:09:13.515Z,deep_scan,20260802112912_1A-4-7-8-17-28C,30,8,0,15,M262,AA7250,1,10
2026-08-02T12:09:43.421Z,deep_scan,20260802112912_1A-4-7-8-17-28C,30,8,1,3,M257,AA7350,1,20
2026-08-02T12:09:43.421Z,deep_scan,20260802112912_1A-4-7-8-17-28C,30,8,1,8,M75,AA6607,0,26
2026-08-02T12:09:43.421Z,deep_scan,20260802112912_1A-4-7-8-17-28C,30,8,1,16,M28/1,AA7086,0,1
2026-08-02T12:09:43.526Z,deep_scan,20260802112912_1A-4-7-8-17-28C,30,8,0,1,M209/2,AB6005,0,33
2026-08-02T12:09:43.526Z,deep_scan,20260802112912_1A-4-7-8-17-28C,30,8,0,6,M16/2,AA7622,1,6
2026-08-02T12:09:43.526Z,deep_scan,20260802112912_1A-4-7-8-17-28C,30,8,0,12,M168,AA7510,0,37
2026-08-02T12:09:43.526Z,deep_scan,20260802112912_1A-4-7-8-17-28C,30,8,0,15,M262,AA7250,1,10
2026-08-02T12:10:13.526Z,deep_scan,20260802112912_1A-4-7-8-17-28C,30,8,1,3,M257,AA7350,0,42
2026-08-02T12:10:13.526Z,deep_scan,20260802112912_1A-4-7-8-17-28C,30,8,1,8,M75,AA6607,0,20
2026-08-02T12:10:13.526Z,deep_scan,20260802112912_1A-4-7-8-17-28C,30,8,1,16,M28/1,AA7086,0,16
2026-08-02T12:10:13.559Z,deep_scan,20260802112912_1A-4-7-8-17-28C,30,8,0,1,M209/2,AB6005,0,13
2026-08-02T12:10:13.559Z,deep_scan,20260802112912_1A-4-7-8-17-28C,30,8,0,6,M16/2,AA7622,1,6
2026-08-02T12:10:13.559Z,deep_scan,20260802112912_1A-4-7-8-17-28C,30,8,0,12,M168,AA7510,0,13
2026-08-02T12:10:13.559Z,deep_scan,20260802112912_1A-4-7-8-17-28C,30,8,0,15,M262,AA7250,0,19
2026-08-02T12:10:43.553Z,deep_scan,20260802112912_1A-4-7-8-17-28C,30,8,1,3,M257,AA7350,0,14
2026-08-02T12:10:43.553Z,deep_scan,20260802112912_1A-4-7-8-17-28C,30,8,1,8,M75,AA6607,0,20
2026-08-02T12:10:43.553Z,deep_scan,20260802112912_1A-4-7-8-17-28C,30,8,1,16,M28/1,AA7086,0,11
2026-08-02T12:10:43.590Z,deep_scan,20260802112912_1A-4-7-8-17-28C,30,8,0,2,M211,AB6005,1,5
2026-08-02T12:10:43.590Z,deep_scan,20260802112912_1A-4-7-8-17-28C,30,8,0,6,M16/2,AA7622,1,6
2026-08-02T12:10:43.590Z,deep_scan,20260802112912_1A-4-7-8-17-28C,30,8,0,13,M69/2,AA7510,1,24
2026-08-02T12:10:43.590Z,deep_scan,20260802112912_1A-4-7-8-17-28C,30,8,0,15,M262,AA7250,0,17
2026-08-02T12:11:13.557Z,deep_scan,20260802112912_1A-4-7-8-17-28C,30,8,1,3,M257,AA7350,0,17
2026-08-02T12:11:13.557Z,deep_scan,20260802112912_1A-4-7-8-17-28C,30,8,1,8,M75,AA6607,0,12
2026-08-02T12:11:13.557Z,deep_scan,20260802112912_1A-4-7-8-17-28C,30,8,1,16,M28/1,AA7086,0,21
2026-08-02T12:11:13.570Z,deep_scan,20260802112912_1A-4-7-8-17-28C,30,8,0,2,M211,AB6005,0,29
2026-08-02T12:11:13.570Z,deep_scan,20260802112912_1A-4-7-8-17-28C,30,8,0,6,M16/2,AA7622,0,13
2026-08-02T12:11:13.570Z,deep_scan,20260802112912_1A-4-7-8-17-28C,30,8,0,14,M159,AA7510,1,38
2026-08-02T12:11:13.570Z,deep_scan,20260802112912_1A-4-7-8-17-28C,30,8,0,15,M262,AA7250,0,22
2026-08-02T12:11:43.506Z,deep_scan,20260802112912_1A-4-7-8-17-28C,30,8,1,3,M257,AA7350,0,41
2026-08-02T12:11:43.506Z,deep_scan,20260802112912_1A-4-7-8-17-28C,30,8,1,9,M237,AA6607,1,14
2026-08-02T12:11:43.506Z,deep_scan,20260802112912_1A-4-7-8-17-28C,30,8,1,17,M11,AA7086,1,8
2026-08-02T12:11:43.593Z,deep_scan,20260802112912_1A-4-7-8-17-28C,30,8,0,3,M25,AB6005,1,27
2026-08-02T12:11:43.593Z,deep_scan,20260802112912_1A-4-7-8-17-28C,30,8,0,6,M16/2,AA7622,0,6
2026-08-02T12:11:43.593Z,deep_scan,20260802112912_1A-4-7-8-17-28C,30,8,0,14,M159,AA7510,0,8
2026-08-02T12:11:43.593Z,deep_scan,20260802112912_1A-4-7-8-17-28C,30,8,0,15,M262,AA7250,0,38
2026-08-02T12:12:13.573Z,deep_scan,20260802112912_1A-4-7-8-17-28C,30,8,0,3,M25,AB6005,1,17
2026-08-02T12:12:13.573Z,deep_scan,20260802112912_1A-4-7-8-17-28C,30,8,0,6,M16/2,AA7622,0,11
2026-08-02T12:12:13.573Z,deep_scan,20260802112912_1A-4-7-8-17-28C,30,8,0,14,M159,AA7510,0,25
2026-08-02T12:12:13.573Z,deep_scan,20260802112912_1A-4-7-8-17-28C,30,8,0,15,M262,AA7250,0,38
2026-08-02T12:12:13.590Z,deep_scan,20260802112912_1A-4-7-8-17-28C,30,8,1,4,M251,AA7350,1,2
2026-08-02T12:12:13.590Z,deep_scan,20260802112912_1A-4-7-8-17-28C,30,8,1,9,M237,AA6607,0,26
2026-08-02T12:12:13.590Z,deep_scan,20260802112912_1A-4-7-8-17-28C,30,8,1,18,M12,AA7086,1,7
2026-08-02T12:12:43.623Z,deep_scan,20260802112912_1A-4-7-8-17-28C,30,8,1,4,M251,AA7350,1,2
2026-08-02T12:12:43.623Z,deep_scan,20260802112912_1A-4-7-8-17-28C,30,8,1,9,M237,AA6607,0,12
2026-08-02T12:12:43.623Z,deep_scan,20260802112912_1A-4-7-8-17-28C,30,8,1,18,M12,AA7086,1,2
2026-08-02T12:12:43.626Z,deep_scan,20260802112912_1A-4-7-8-17-28C,30,8,0,3,M25,AB6005,0,2
2026-08-02T12:12:43.626Z,deep_scan,20260802112912_1A-4-7-8-17-28C,30,8,0,6,M16/2,AA7622,0,22
2026-08-02T12:12:43.626Z,deep_scan,20260802112912_1A-4-7-8-17-28C,30,8,0,14,M159,AA7510,0,6
2026-08-02T12:12:43.626Z,deep_scan,20260802112912_1A-4-7-8-17-28C,30,8,0,15,M262,AA7250,0,39
2026-08-02T12:13:13.613Z,deep_scan,20260802112912_1A-4-7-8-17-28C,30,8,0,4,M22,AB6005,1,2
2026-08-02T12:13:13.613Z,deep_scan,20260802112912_1A-4-7-8-17-28C,30,8,0,7,M116,AA7622,1,7
2026-08-02T12:13:13.613Z,deep_scan,20260802112912_1A-4-7-8-17-28C,30,8,0,14,M159,AA7510,0,21
2026-08-02T12:13:13.613Z,deep_scan,20260802112912_1A-4-7-8-17-28C,30,8,0,16,M259,AA7250,1,40
2026-08-02T12:13:13.629Z,deep_scan,20260802112912_1A-4-7-8-17-28C,30,8,1,4,M251,AA7350,0,27
2026-08-02T12:13:13.629Z,deep_scan,20260802112912_1A-4-7-8-17-28C,30,8,1,10,M245,AA6607,1,27
2026-08-02T12:13:13.629Z,deep_scan,20260802112912_1A-4-7-8-17-28C,30,8,1,19,M21/1,AA7086,1,29
2026-08-02T12:13:43.566Z,deep_scan,20260802112912_1A-4-7-8-17-28C,30,8,1,4,M251,AA7350,0,7
2026-08-02T12:13:43.566Z,deep_scan,20260802112912_1A-4-7-8-17-28C,30,8,1,11,M119,AA6607,1,24
2026-08-02T12:13:43.566Z,deep_scan,20260802112912_1A-4-7-8-17-28C,30,8,1,19,M21/1,AA7086,1,8
2026-08-02T12:13:43.615Z,deep_scan,20260802112912_1A-4-7-8-17-28C,30,8,0,4,M22,AB6005,0,2
2026-08-02T12:13:43.615Z,deep_scan,20260802112912_1A-4-7-8-17-28C,30,8,0,7,M116,AA7622,1,4
2026-08-02T12:13:43.615Z,deep_scan,20260802112912_1A-4-7-8-17-28C,30,8,0,14,M159,AA7510,0,10
2026-08-02T12:13:43.615Z,deep_scan,20260802112912_1A-4-7-8-17-28C,30,8,0,16,M259,AA7250,1,1
2026-08-02T12:14:13.599Z,deep_scan,20260802112912_1A-4-7-8-17-28C,30,8,0,4,M22,AB6005,0,2
2026-08-02T12:14:13.599Z,deep_scan,20260802112912_1A-4-7-8-17-28C,30,8,0,7,M116,AA7622,0,6
2026-08-02T12:14:13.599Z,deep_scan,20260802112912_1A-4-7-8-17-28C,30,8,0,15,M262,AA7510,1,10
2026-08-02T12:14:13.599Z,deep_scan,20260802112912_1A-4-7-8-17-28C,30,8,0,16,M259,AA7250,1,13
2026-08-02T12:14:13.633Z,deep_scan,20260802112912_1A-4-7-8-17-28C,30,8,1,4,M251,AA7350,0,29
2026-08-02T12:14:13.633Z,deep_scan,20260802112912_1A-4-7-8-17-28C,30,8,1,11,M119,AA6607,0,9
2026-08-02T12:14:13.633Z,deep_scan,20260802112912_1A-4-7-8-17-28C,30,8,1,19,M21/1,AA7086,1,13
2026-08-02T12:14:43.597Z,deep_scan,20260802112912_1A-4-7-8-17-28C,30,8,1,5,M263,AA7350,1,16
2026-08-02T12:14:43.597Z,deep_scan,20260802112912_1A-4-7-8-17-28C,30,8,1,11,M119,AA6607,0,29
2026-08-02T12:14:43.597Z,deep_scan,20260802112912_1A-4-7-8-17-28C,30,8,1,19,M21/1,AA7086,0,16
2026-08-02T12:14:43.630Z,deep_scan,20260802112912_1A-4-7-8-17-28C,30,8,0,4,M22,AB6005,0,13
2026-08-02T12:14:43.630Z,deep_scan,20260802112912_1A-4-7-8-17-28C,30,8,0,8,M81,AA7622,1,12
2026-08-02T12:14:43.630Z,deep_scan,20260802112912_1A-4-7-8-17-28C,30,8,0,15,M262,AA7510,1,2
2026-08-02T12:14:43.630Z,deep_scan,20260802112912_1A-4-7-8-17-28C,30,8,0,16,M259,AA7250,0,13
2026-08-02T12:15:13.674Z,deep_scan,20260802112912_1A-4-7-8-17-28C,30,8,0,4,M22,AB6005,0,13
2026-08-02T12:15:13.674Z,deep_scan,20260802112912_1A-4-7-8-17-28C,30,8,0,8,M81,AA7622,1,19
2026-08-02T12:15:13.674Z,deep_scan,20260802112912_1A-4-7-8-17-28C,30,8,0,15,M262,AA7510,1,2
2026-08-02T12:15:13.674Z,deep_scan,20260802112912_1A-4-7-8-17-28C,30,8,0,16,M259,AA7250,0,36
2026-08-02T12:15:13.694Z,deep_scan,20260802112912_1A-4-7-8-17-28C,30,8,1,5,M263,AA7350,0,23
2026-08-02T12:15:13.694Z,deep_scan,20260802112912_1A-4-7-8-17-28C,30,8,1,12,M110,AA6607,1,29
2026-08-02T12:15:13.694Z,deep_scan,20260802112912_1A-4-7-8-17-28C,30,8,1,19,M21/1,AA7086,0,1
2026-08-02T12:15:43.609Z,deep_scan,20260802112912_1A-4-7-8-17-28C,30,8,0,4,M22,AB6005,0,17
2026-08-02T12:15:43.609Z,deep_scan,20260802112912_1A-4-7-8-17-28C,30,8,0,8,M81,AA7622,1,9
2026-08-02T12:15:43.609Z,deep_scan,20260802112912_1A-4-7-8-17-28C,30,8,0,15,M262,AA7510,1,14
2026-08-02T12:15:43.609Z,deep_scan,20260802112912_1A-4-7-8-17-28C,30,8,0,16,M259,AA7250,0,14
2026-08-02T12:15:43.630Z,deep_scan,20260802112912_1A-4-7-8-17-28C,30,8,1,5,M263,AA7350,0,27
2026-08-02T12:15:43.630Z,deep_scan,20260802112912_1A-4-7-8-17-28C,30,8,1,13,M86,AA6607,1,3
2026-08-02T12:15:43.630Z,deep_scan,20260802112912_1A-4-7-8-17-28C,30,8,1,19,M21/1,AA7086,0,1
2026-08-02T12:16:13.649Z,deep_scan,20260802112912_1A-4-7-8-17-28C,30,8,1,0,M62/2,AB6503,1,2
2026-08-02T12:16:13.649Z,deep_scan,20260802112912_1A-4-7-8-17-28C,30,8,1,5,M263,AA7350,0,42
2026-08-02T12:16:13.649Z,deep_scan,20260802112912_1A-4-7-8-17-28C,30,8,1,13,M86,AA6607,0,6
2026-08-02T12:16:13.649Z,deep_scan,20260802112912_1A-4-7-8-17-28C,30,8,1,20,M24,AA7086,1,3
2026-08-02T12:16:13.665Z,deep_scan,20260802112912_1A-4-7-8-17-28C,30,8,0,4,M22,AB6005,0,21
2026-08-02T12:16:13.665Z,deep_scan,20260802112912_1A-4-7-8-17-28C,30,8,0,9,M78,AA7622,1,1
2026-08-02T12:16:13.665Z,deep_scan,20260802112912_1A-4-7-8-17-28C,30,8,0,15,M262,AA7510,0,27
2026-08-02T12:16:13.665Z,deep_scan,20260802112912_1A-4-7-8-17-28C,30,8,0,17,M62/2,AA7250,1,0
2026-08-02T12:16:43.602Z,deep_scan,20260802112912_1A-4-7-8-17-28C,30,8,1,0,M62/2,AB6503,1,12
2026-08-02T12:16:43.602Z,deep_scan,20260802112912_1A-4-7-8-17-28C,30,8,1,6,M160/1,AA7350,1,5
2026-08-02T12:16:43.602Z,deep_scan,20260802112912_1A-4-7-8-17-28C,30,8,1,13,M86,AA6607,0,17
2026-08-02T12:16:43.602Z,deep_scan,20260802112912_1A-4-7-8-17-28C,30,8,1,20,M24,AA7086,0,18
2026-08-02T12:16:43.656Z,deep_scan,20260802112912_1A-4-7-8-17-28C,30,8,0,4,M22,AB6005,0,21
2026-08-02T12:16:43.656Z,deep_scan,20260802112912_1A-4-7-8-17-28C,30,8,0,9,M78,AA7622,0,31
2026-08-02T12:16:43.656Z,deep_scan,20260802112912_1A-4-7-8-17-28C,30,8,0,15,M262,AA7510,0,36
2026-08-02T12:16:43.656Z,deep_scan,20260802112912_1A-4-7-8-17-28C,30,8,0,17,M62/2,AA7250,1,0
2026-08-02T12:17:13.692Z,deep_scan,20260802112912_1A-4-7-8-17-28C,30,8,0,4,M22,AB6005,0,21
2026-08-02T12:17:13.692Z,deep_scan,20260802112912_1A-4-7-8-17-28C,30,8,0,9,M78,AA7622,0,31
2026-08-02T12:17:13.692Z,deep_scan,20260802112912_1A-4-7-8-17-28C,30,8,0,15,M262,AA7510,0,31
2026-08-02T12:17:13.692Z,deep_scan,20260802112912_1A-4-7-8-17-28C,30,8,0,17,M62/2,AA7250,1,0
2026-08-02T12:17:13.695Z,deep_scan,20260802112912_1A-4-7-8-17-28C,30,8,1,0,M62/2,AB6503,1,12
2026-08-02T12:17:13.695Z,deep_scan,20260802112912_1A-4-7-8-17-28C,30,8,1,6,M160/1,AA7350,1,5
2026-08-02T12:17:13.695Z,deep_scan,20260802112912_1A-4-7-8-17-28C,30,8,1,14,M92,AA6607,1,8
2026-08-02T12:17:13.695Z,deep_scan,20260802112912_1A-4-7-8-17-28C,30,8,1,21,M208,AA7086,1,29
2026-08-02T12:17:43.656Z,deep_scan,20260802112912_1A-4-7-8-17-28C,30,8,0,4,M22,AB6005,0,14
2026-08-02T12:17:43.656Z,deep_scan,20260802112912_1A-4-7-8-17-28C,30,8,0,9,M78,AA7622,0,19
2026-08-02T12:17:43.656Z,deep_scan,20260802112912_1A-4-7-8-17-28C,30,8,0,16,M259,AA7510,1,40
2026-08-02T12:17:43.656Z,deep_scan,20260802112912_1A-4-7-8-17-28C,30,8,0,17,M62/2,AA7250,1,0
2026-08-02T12:17:43.676Z,deep_scan,20260802112912_1A-4-7-8-17-28C,30,8,1,0,M62/2,AB6503,0,22
2026-08-02T12:17:43.676Z,deep_scan,20260802112912_1A-4-7-8-17-28C,30,8,1,6,M160/1,AA7350,0,25
2026-08-02T12:17:43.676Z,deep_scan,20260802112912_1A-4-7-8-17-28C,30,8,1,14,M92,AA6607,1,8
2026-08-02T12:17:43.676Z,deep_scan,20260802112912_1A-4-7-8-17-28C,30,8,1,21,M208,AA7086,1,10
2026-08-02T12:18:13.649Z,deep_scan,20260802112912_1A-4-7-8-17-28C,30,8,0,4,M22,AB6005,0,14
2026-08-02T12:18:13.649Z,deep_scan,20260802112912_1A-4-7-8-17-28C,30,8,0,10,M270/2,AA7622,1,17
2026-08-02T12:18:13.649Z,deep_scan,20260802112912_1A-4-7-8-17-28C,30,8,0,16,M259,AA7510,1,2
2026-08-02T12:18:13.649Z,deep_scan,20260802112912_1A-4-7-8-17-28C,30,8,0,17,M62/2,AA7250,1,0
2026-08-02T12:18:13.659Z,deep_scan,20260802112912_1A-4-7-8-17-28C,30,8,1,0,M62/2,AB6503,0,18
2026-08-02T12:18:13.659Z,deep_scan,20260802112912_1A-4-7-8-17-28C,30,8,1,6,M160/1,AA7350,0,36
2026-08-02T12:18:13.659Z,deep_scan,20260802112912_1A-4-7-8-17-28C,30,8,1,14,M92,AA6607,1,14
2026-08-02T12:18:13.659Z,deep_scan,20260802112912_1A-4-7-8-17-28C,30,8,1,21,M208,AA7086,0,24
2026-08-02T12:18:43.710Z,deep_scan,20260802112912_1A-4-7-8-17-28C,30,8,0,4,M22,AB6005,0,14
2026-08-02T12:18:43.710Z,deep_scan,20260802112912_1A-4-7-8-17-28C,30,8,0,10,M270/2,AA7622,1,18
2026-08-02T12:18:43.710Z,deep_scan,20260802112912_1A-4-7-8-17-28C,30,8,0,16,M259,AA7510,0,46
2026-08-02T12:18:43.710Z,deep_scan,20260802112912_1A-4-7-8-17-28C,30,8,0,17,M62/2,AA7250,1,0
2026-08-02T12:18:43.730Z,deep_scan,20260802112912_1A-4-7-8-17-28C,30,8,1,0,M62/2,AB6503,0,37
2026-08-02T12:18:43.730Z,deep_scan,20260802112912_1A-4-7-8-17-28C,30,8,1,6,M160/1,AA7350,0,1
2026-08-02T12:18:43.730Z,deep_scan,20260802112912_1A-4-7-8-17-28C,30,8,1,14,M92,AA6607,0,36
2026-08-02T12:18:43.730Z,deep_scan,20260802112912_1A-4-7-8-17-28C,30,8,1,21,M208,AA7086,0,19
2026-08-02T12:19:13.653Z,deep_scan,20260802112912_1A-4-7-8-17-28C,30,8,1,0,M62/2,AB6503,0,22
2026-08-02T12:19:13.653Z,deep_scan,20260802112912_1A-4-7-8-17-28C,30,8,1,6,M160/1,AA7350,0,1
2026-08-02T12:19:13.653Z,deep_scan,20260802112912_1A-4-7-8-17-28C,30,8,1,15,M39,AA6607,1,8
2026-08-02T12:19:13.653Z,deep_scan,20260802112912_1A-4-7-8-17-28C,30,8,1,21,M208,AA7086,0,21
2026-08-02T12:19:13.679Z,deep_scan,20260802112912_1A-4-7-8-17-28C,30,8,0,4,M22,AB6005,0,20
2026-08-02T12:19:13.679Z,deep_scan,20260802112912_1A-4-7-8-17-28C,30,8,0,10,M270/2,AA7622,0,26
2026-08-02T12:19:13.679Z,deep_scan,20260802112912_1A-4-7-8-17-28C,30,8,0,16,M259,AA7510,0,43
2026-08-02T12:19:13.679Z,deep_scan,20260802112912_1A-4-7-8-17-28C,30,8,0,17,M62/2,AA7250,1,0
2026-08-02T12:19:43.666Z,deep_scan,20260802112912_1A-4-7-8-17-28C,30,8,0,4,M22,AB6005,0,1
2026-08-02T12:19:43.666Z,deep_scan,20260802112912_1A-4-7-8-17-28C,30,8,0,10,M270/2,AA7622,0,21
2026-08-02T12:19:43.666Z,deep_scan,20260802112912_1A-4-7-8-17-28C,30,8,0,17,M62/2,AA7250,1,0
2026-08-02T12:19:43.666Z,deep_scan,20260802112912_1A-4-7-8-17-28C,30,8,0,17,M62/2,AA7510,1,0
2026-08-02T12:19:43.724Z,deep_scan,20260802112912_1A-4-7-8-17-28C,30,8,1,0,M62/2,AB6503,0,45
2026-08-02T12:19:43.724Z,deep_scan,20260802112912_1A-4-7-8-17-28C,30,8,1,6,M160/1,AA7350,0,16
2026-08-02T12:19:43.724Z,deep_scan,20260802112912_1A-4-7-8-17-28C,30,8,1,15,M39,AA6607,1,24
2026-08-02T12:19:43.724Z,deep_scan,20260802112912_1A-4-7-8-17-28C,30,8,1,22,M267,AA7086,1,0
2026-08-02T12:20:13.654Z,deep_scan,20260802112912_1A-4-7-8-17-28C,30,8,1,0,M62/2,AB6503,0,48
2026-08-02T12:20:13.654Z,deep_scan,20260802112912_1A-4-7-8-17-28C,30,8,1,7,M100,AA7350,1,7
2026-08-02T12:20:13.654Z,deep_scan,20260802112912_1A-4-7-8-17-28C,30,8,1,15,M39,AA6607,0,9
2026-08-02T12:20:13.654Z,deep_scan,20260802112912_1A-4-7-8-17-28C,30,8,1,22,M267,AA7086,1,0
2026-08-02T12:20:13.702Z,deep_scan,20260802112912_1A-4-7-8-17-28C,30,8,0,4,M22,AB6005,0,29
2026-08-02T12:20:13.702Z,deep_scan,20260802112912_1A-4-7-8-17-28C,30,8,0,5,M10,AA6941,1,5
2026-08-02T12:20:13.702Z,deep_scan,20260802112912_1A-4-7-8-17-28C,30,8,0,11,M153,AA7622,1,21
2026-08-02T12:20:13.702Z,deep_scan,20260802112912_1A-4-7-8-17-28C,30,8,0,17,M62/2,AA7250,1,0
2026-08-02T12:20:13.702Z,deep_scan,20260802112912_1A-4-7-8-17-28C,30,8,0,17,M62/2,AA7510,1,0
2026-08-02T12:20:43.730Z,deep_scan,20260802112912_1A-4-7-8-17-28C,30,8,1,0,M62/2,AB6503,0,40
2026-08-02T12:20:43.730Z,deep_scan,20260802112912_1A-4-7-8-17-28C,30,8,1,7,M100,AA7350,1,7
2026-08-02T12:20:43.730Z,deep_scan,20260802112912_1A-4-7-8-17-28C,30,8,1,15,M39,AA6607,0,9
2026-08-02T12:20:43.730Z,deep_scan,20260802112912_1A-4-7-8-17-28C,30,8,1,22,M267,AA7086,1,0
2026-08-02T12:20:43.762Z,deep_scan,20260802112912_1A-4-7-8-17-28C,30,8,0,5,M10,AA6941,1,5
2026-08-02T12:20:43.762Z,deep_scan,20260802112912_1A-4-7-8-17-28C,30,8,0,6,M16/2,AB6005,1,1
2026-08-02T12:20:43.762Z,deep_scan,20260802112912_1A-4-7-8-17-28C,30,8,0,11,M153,AA7622,1,19
2026-08-02T12:20:43.762Z,deep_scan,20260802112912_1A-4-7-8-17-28C,30,8,0,17,M62/2,AA7510,1,0
2026-08-02T12:21:13.685Z,deep_scan,20260802112912_1A-4-7-8-17-28C,30,8,0,5,M10,AA6941,1,5
2026-08-02T12:21:13.685Z,deep_scan,20260802112912_1A-4-7-8-17-28C,30,8,0,6,M16/2,AB6005,1,1
2026-08-02T12:21:13.685Z,deep_scan,20260802112912_1A-4-7-8-17-28C,30,8,0,11,M153,AA7622,0,20
2026-08-02T12:21:13.685Z,deep_scan,20260802112912_1A-4-7-8-17-28C,30,8,0,17,M62/2,AA7510,1,0
2026-08-02T12:21:13.721Z,deep_scan,20260802112912_1A-4-7-8-17-28C,30,8,1,2,M266,AB6503,0,34
2026-08-02T12:21:13.721Z,deep_scan,20260802112912_1A-4-7-8-17-28C,30,8,1,7,M100,AA7350,0,33
2026-08-02T12:21:13.721Z,deep_scan,20260802112912_1A-4-7-8-17-28C,30,8,1,16,M28/1,AA6607,0,21
2026-08-02T12:21:13.721Z,deep_scan,20260802112912_1A-4-7-8-17-28C,30,8,1,22,M267,AA7086,1,0
2026-08-02T12:21:43.691Z,deep_scan,20260802112912_1A-4-7-8-17-28C,30,8,0,5,M10,AA6941,0,5
2026-08-02T12:21:43.691Z,deep_scan,20260802112912_1A-4-7-8-17-28C,30,8,0,6,M16/2,AB6005,0,33
2026-08-02T12:21:43.691Z,deep_scan,20260802112912_1A-4-7-8-17-28C,30,8,0,11,M153,AA7622,0,20
2026-08-02T12:21:43.691Z,deep_scan,20260802112912_1A-4-7-8-17-28C,30,8,0,17,M62/2,AA7510,1,0
2026-08-02T12:21:43.742Z,deep_scan,20260802112912_1A-4-7-8-17-28C,30,8,1,2,M266,AB6503,0,22
2026-08-02T12:21:43.742Z,deep_scan,20260802112912_1A-4-7-8-17-28C,30,8,1,7,M100,AA7350,0,25
2026-08-02T12:21:43.742Z,deep_scan,20260802112912_1A-4-7-8-17-28C,30,8,1,16,M28/1,AA6607,0,23
2026-08-02T12:21:43.742Z,deep_scan,20260802112912_1A-4-7-8-17-28C,30,8,1,22,M267,AA7086,1,0
2026-08-02T12:22:13.692Z,deep_scan,20260802112912_1A-4-7-8-17-28C,30,8,0,5,M10,AA6941,0,5
2026-08-02T12:22:13.692Z,deep_scan,20260802112912_1A-4-7-8-17-28C,30,8,0,6,M16/2,AB6005,0,15
2026-08-02T12:22:13.692Z,deep_scan,20260802112912_1A-4-7-8-17-28C,30,8,0,11,M153,AA7622,0,20
2026-08-02T12:22:13.692Z,deep_scan,20260802112912_1A-4-7-8-17-28C,30,8,0,17,M62/2,AA7510,1,0
2026-08-02T12:22:13.728Z,deep_scan,20260802112912_1A-4-7-8-17-28C,30,8,1,2,M266,AB6503,0,12
2026-08-02T12:22:13.728Z,deep_scan,20260802112912_1A-4-7-8-17-28C,30,8,1,7,M100,AA7350,0,27
2026-08-02T12:22:13.728Z,deep_scan,20260802112912_1A-4-7-8-17-28C,30,8,1,16,M28/1,AA6607,0,12
2026-08-02T12:22:13.728Z,deep_scan,20260802112912_1A-4-7-8-17-28C,30,8,1,22,M267,AA7086,1,0
2026-08-02T12:22:43.723Z,deep_scan,20260802112912_1A-4-7-8-17-28C,30,8,0,5,M10,AA6941,0,5
2026-08-02T12:22:43.723Z,deep_scan,20260802112912_1A-4-7-8-17-28C,30,8,0,6,M16/2,AB6005,0,15
2026-08-02T12:22:43.723Z,deep_scan,20260802112912_1A-4-7-8-17-28C,30,8,0,12,M168,AA7622,0,26
2026-08-02T12:22:43.723Z,deep_scan,20260802112912_1A-4-7-8-17-28C,30,8,0,17,M62/2,AA7510,1,0
2026-08-02T12:22:43.770Z,deep_scan,20260802112912_1A-4-7-8-17-28C,30,8,1,3,M257,AB6503,1,33
2026-08-02T12:22:43.770Z,deep_scan,20260802112912_1A-4-7-8-17-28C,30,8,1,8,M75,AA7350,0,21
2026-08-02T12:22:43.770Z,deep_scan,20260802112912_1A-4-7-8-17-28C,30,8,1,16,M28/1,AA6607,0,26
2026-08-02T12:22:43.770Z,deep_scan,20260802112912_1A-4-7-8-17-28C,30,8,1,22,M267,AA7086,1,0
2026-08-02T12:23:13.737Z,deep_scan,20260802112912_1A-4-7-8-17-28C,30,8,0,0,M267,AA7086,1,7
2026-08-02T12:23:13.737Z,deep_scan,20260802112912_1A-4-7-8-17-28C,30,8,0,5,M10,AA6941,0,5
2026-08-02T12:23:13.737Z,deep_scan,20260802112912_1A-4-7-8-17-28C,30,8,0,6,M16/2,AB6005,0,19
2026-08-02T12:23:13.737Z,deep_scan,20260802112912_1A-4-7-8-17-28C,30,8,0,12,M168,AA7622,0,12
2026-08-02T12:23:13.737Z,deep_scan,20260802112912_1A-4-7-8-17-28C,30,8,0,17,M62/2,AA7510,1,0
2026-08-02T12:23:13.756Z,deep_scan,20260802112912_1A-4-7-8-17-28C,30,8,1,3,M257,AB6503,1,9
2026-08-02T12:23:13.756Z,deep_scan,20260802112912_1A-4-7-8-17-28C,30,8,1,8,M75,AA7350,0,10
2026-08-02T12:23:13.756Z,deep_scan,20260802112912_1A-4-7-8-17-28C,30,8,1,16,M28/1,AA6607,0,7
2026-08-02T12:23:43.744Z,deep_scan,20260802112912_1A-4-7-8-17-28C,30,8,1,3,M257,AB6503,0,22
2026-08-02T12:23:43.744Z,deep_scan,20260802112912_1A-4-7-8-17-28C,30,8,1,8,M75,AA7350,0,10
2026-08-02T12:23:43.744Z,deep_scan,20260802112912_1A-4-7-8-17-28C,30,8,1,17,M11,AA6607,0,4
2026-08-02T12:23:43.754Z,deep_scan,20260802112912_1A-4-7-8-17-28C,30,8,0,0,M267,AA7086,1,7
2026-08-02T12:23:43.754Z,deep_scan,20260802112912_1A-4-7-8-17-28C,30,8,0,5,M10,AA6941,0,5
2026-08-02T12:23:43.754Z,deep_scan,20260802112912_1A-4-7-8-17-28C,30,8,0,6,M16/2,AB6005,0,16
2026-08-02T12:23:43.754Z,deep_scan,20260802112912_1A-4-7-8-17-28C,30,8,0,12,M168,AA7622,0,2
2026-08-02T12:23:43.754Z,deep_scan,20260802112912_1A-4-7-8-17-28C,30,8,0,17,M62/2,AA7510,1,0
2026-08-02T12:24:13.713Z,deep_scan,20260802112912_1A-4-7-8-17-28C,30,8,0,0,M267,AA7086,1,7
2026-08-02T12:24:13.713Z,deep_scan,20260802112912_1A-4-7-8-17-28C,30,8,0,5,M10,AA6941,0,5
2026-08-02T12:24:13.713Z,deep_scan,20260802112912_1A-4-7-8-17-28C,30,8,0,6,M16/2,AB6005,0,27
2026-08-02T12:24:13.713Z,deep_scan,20260802112912_1A-4-7-8-17-28C,30,8,0,12,M168,AA7622,0,24
2026-08-02T12:24:13.752Z,deep_scan,20260802112912_1A-4-7-8-17-28C,30,8,1,3,M257,AB6503,0,21
2026-08-02T12:24:13.752Z,deep_scan,20260802112912_1A-4-7-8-17-28C,30,8,1,8,M75,AA7350,0,8
2026-08-02T12:24:13.752Z,deep_scan,20260802112912_1A-4-7-8-17-28C,30,8,1,18,M12,AA6607,1,5
2026-08-02T12:24:43.744Z,deep_scan,20260802112912_1A-4-7-8-17-28C,30,8,0,0,M267,AA7086,0,1
2026-08-02T12:24:43.744Z,deep_scan,20260802112912_1A-4-7-8-17-28C,30,8,0,5,M10,AA6941,0,5
2026-08-02T12:24:43.744Z,deep_scan,20260802112912_1A-4-7-8-17-28C,30,8,0,6,M16/2,AB6005,0,14
2026-08-02T12:24:43.744Z,deep_scan,20260802112912_1A-4-7-8-17-28C,30,8,0,13,M69/2,AA7622,1,2
2026-08-02T12:24:43.769Z,deep_scan,20260802112912_1A-4-7-8-17-28C,30,8,1,4,M251,AB6503,1,35
2026-08-02T12:24:43.769Z,deep_scan,20260802112912_1A-4-7-8-17-28C,30,8,1,8,M75,AA7350,0,8
2026-08-02T12:24:43.769Z,deep_scan,20260802112912_1A-4-7-8-17-28C,30,8,1,18,M12,AA6607,0,23
2026-08-02T12:25:13.765Z,deep_scan,20260802112912_1A-4-7-8-17-28C,30,8,1,4,M251,AB6503,1,3
2026-08-02T12:25:13.765Z,deep_scan,20260802112912_1A-4-7-8-17-28C,30,8,1,8,M75,AA7350,0,15
2026-08-02T12:25:13.765Z,deep_scan,20260802112912_1A-4-7-8-17-28C,30,8,1,19,M21/1,AA6607,1,9
2026-08-02T12:25:13.845Z,deep_scan,20260802112912_1A-4-7-8-17-28C,30,8,0,1,M209/2,AA7086,1,20
2026-08-02T12:25:13.845Z,deep_scan,20260802112912_1A-4-7-8-17-28C,30,8,0,5,M10,AA6941,0,5
2026-08-02T12:25:13.845Z,deep_scan,20260802112912_1A-4-7-8-17-28C,30,8,0,7,M116,AB6005,1,19
2026-08-02T12:25:13.845Z,deep_scan,20260802112912_1A-4-7-8-17-28C,30,8,0,13,M69/2,AA7622,0,34
2026-08-02T12:25:43.740Z,deep_scan,20260802112912_1A-4-7-8-17-28C,30,8,1,4,M251,AB6503,0,33
2026-08-02T12:25:43.740Z,deep_scan,20260802112912_1A-4-7-8-17-28C,30,8,1,9,M237,AA7350,1,25
2026-08-02T12:25:43.740Z,deep_scan,20260802112912_1A-4-7-8-17-28C,30,8,1,19,M21/1,AA6607,1,6
2026-08-02T12:25:43.782Z,deep_scan,20260802112912_1A-4-7-8-17-28C,30,8,0,1,M209/2,AA7086,1,24
2026-08-02T12:25:43.782Z,deep_scan,20260802112912_1A-4-7-8-17-28C,30,8,0,5,M10,AA6941,0,5
2026-08-02T12:25:43.782Z,deep_scan,20260802112912_1A-4-7-8-17-28C,30,8,0,7,M116,AB6005,1,19
2026-08-02T12:25:43.782Z,deep_scan,20260802112912_1A-4-7-8-17-28C,30,8,0,14,M159,AA7622,1,8
2026-08-02T12:26:13.787Z,deep_scan,20260802112912_1A-4-7-8-17-28C,30,8,1,4,M251,AB6503,0,40
2026-08-02T12:26:13.787Z,deep_scan,20260802112912_1A-4-7-8-17-28C,30,8,1,9,M237,AA7350,0,21
2026-08-02T12:26:13.787Z,deep_scan,20260802112912_1A-4-7-8-17-28C,30,8,1,19,M21/1,AA6607,0,26
2026-08-02T12:26:13.816Z,deep_scan,20260802112912_1A-4-7-8-17-28C,30,8,0,1,M209/2,AA7086,0,12
2026-08-02T12:26:13.816Z,deep_scan,20260802112912_1A-4-7-8-17-28C,30,8,0,5,M10,AA6941,0,5
2026-08-02T12:26:13.816Z,deep_scan,20260802112912_1A-4-7-8-17-28C,30,8,0,7,M116,AB6005,1,19
2026-08-02T12:26:13.816Z,deep_scan,20260802112912_1A-4-7-8-17-28C,30,8,0,14,M159,AA7622,0,27
2026-08-02T12:26:43.767Z,deep_scan,20260802112912_1A-4-7-8-17-28C,30,8,1,5,M263,AB6503,1,31
2026-08-02T12:26:43.767Z,deep_scan,20260802112912_1A-4-7-8-17-28C,30,8,1,9,M237,AA7350,0,13
2026-08-02T12:26:43.767Z,deep_scan,20260802112912_1A-4-7-8-17-28C,30,8,1,19,M21/1,AA6607,0,26
2026-08-02T12:26:43.778Z,deep_scan,20260802112912_1A-4-7-8-17-28C,30,8,0,1,M209/2,AA7086,0,34
2026-08-02T12:26:43.778Z,deep_scan,20260802112912_1A-4-7-8-17-28C,30,8,0,5,M10,AA6941,0,5
2026-08-02T12:26:43.778Z,deep_scan,20260802112912_1A-4-7-8-17-28C,30,8,0,7,M116,AB6005,1,19
2026-08-02T12:26:43.778Z,deep_scan,20260802112912_1A-4-7-8-17-28C,30,8,0,14,M159,AA7622,0,38
2026-08-02T12:27:13.848Z,deep_scan,20260802112912_1A-4-7-8-17-28C,30,8,0,1,M209/2,AA7086,0,25
2026-08-02T12:27:13.848Z,deep_scan,20260802112912_1A-4-7-8-17-28C,30,8,0,5,M10,AA6941,0,5
2026-08-02T12:27:13.848Z,deep_scan,20260802112912_1A-4-7-8-17-28C,30,8,0,7,M116,AB6005,0,14
2026-08-02T12:27:13.848Z,deep_scan,20260802112912_1A-4-7-8-17-28C,30,8,0,14,M159,AA7622,0,20
2026-08-02T12:27:13.868Z,deep_scan,20260802112912_1A-4-7-8-17-28C,30,8,1,5,M263,AB6503,0,9
2026-08-02T12:27:13.868Z,deep_scan,20260802112912_1A-4-7-8-17-28C,30,8,1,10,M245,AA7350,1,7
2026-08-02T12:27:13.868Z,deep_scan,20260802112912_1A-4-7-8-17-28C,30,8,1,20,M24,AA6607,1,38
2026-08-02T12:27:43.766Z,deep_scan,20260802112912_1A-4-7-8-17-28C,30,8,0,2,M211,AA7086,1,25
2026-08-02T12:27:43.766Z,deep_scan,20260802112912_1A-4-7-8-17-28C,30,8,0,5,M10,AA6941,0,5
2026-08-02T12:27:43.766Z,deep_scan,20260802112912_1A-4-7-8-17-28C,30,8,0,7,M116,AB6005,0,3
2026-08-02T12:27:43.766Z,deep_scan,20260802112912_1A-4-7-8-17-28C,30,8,0,15,M262,AA7622,1,14
2026-08-02T12:27:43.769Z,deep_scan,20260802112912_1A-4-7-8-17-28C,30,8,1,5,M263,AB6503,0,8
2026-08-02T12:27:43.769Z,deep_scan,20260802112912_1A-4-7-8-17-28C,30,8,1,10,M245,AA7350,0,21
2026-08-02T12:27:43.769Z,deep_scan,20260802112912_1A-4-7-8-17-28C,30,8,1,20,M24,AA6607,1,18
2026-08-02T12:28:13.845Z,deep_scan,20260802112912_1A-4-7-8-17-28C,30,8,1,5,M263,AB6503,0,32
2026-08-02T12:28:13.845Z,deep_scan,20260802112912_1A-4-7-8-17-28C,30,8,1,11,M119,AA7350,1,12
2026-08-02T12:28:13.845Z,deep_scan,20260802112912_1A-4-7-8-17-28C,30,8,1,20,M24,AA6607,0,39
2026-08-02T12:28:13.880Z,deep_scan,20260802112912_1A-4-7-8-17-28C,30,8,0,2,M211,AA7086,1,18
2026-08-02T12:28:13.880Z,deep_scan,20260802112912_1A-4-7-8-17-28C,30,8,0,5,M10,AA6941,0,5
2026-08-02T12:28:13.880Z,deep_scan,20260802112912_1A-4-7-8-17-28C,30,8,0,8,M81,AB6005,1,24
2026-08-02T12:28:13.880Z,deep_scan,20260802112912_1A-4-7-8-17-28C,30,8,0,15,M262,AA7622,1,7
2026-08-02T12:28:43.810Z,deep_scan,20260802112912_1A-4-7-8-17-28C,30,8,1,6,M160/1,AB6503,1,5
2026-08-02T12:28:43.810Z,deep_scan,20260802112912_1A-4-7-8-17-28C,30,8,1,11,M119,AA7350,1,19
2026-08-02T12:28:43.810Z,deep_scan,20260802112912_1A-4-7-8-17-28C,30,8,1,21,M208,AA6607,1,17
2026-08-02T12:28:43.815Z,deep_scan,20260802112912_1A-4-7-8-17-28C,30,8,0,2,M211,AA7086,0,21
2026-08-02T12:28:43.815Z,deep_scan,20260802112912_1A-4-7-8-17-28C,30,8,0,5,M10,AA6941,0,5
2026-08-02T12:28:43.815Z,deep_scan,20260802112912_1A-4-7-8-17-28C,30,8,0,8,M81,AB6005,1,24
2026-08-02T12:28:43.815Z,deep_scan,20260802112912_1A-4-7-8-17-28C,30,8,0,15,M262,AA7622,0,6
2026-08-02T12:29:13.800Z,deep_scan,20260802112912_1A-4-7-8-17-28C,30,8,1,6,M160/1,AB6503,1,2
2026-08-02T12:29:13.800Z,deep_scan,20260802112912_1A-4-7-8-17-28C,30,8,1,12,M110,AA7350,1,29
2026-08-02T12:29:13.800Z,deep_scan,20260802112912_1A-4-7-8-17-28C,30,8,1,21,M208,AA6607,0,19
2026-08-02T12:29:13.816Z,deep_scan,20260802112912_1A-4-7-8-17-28C,30,8,0,3,M25,AA7086,1,10
2026-08-02T12:29:13.816Z,deep_scan,20260802112912_1A-4-7-8-17-28C,30,8,0,5,M10,AA6941,0,5
2026-08-02T12:29:13.816Z,deep_scan,20260802112912_1A-4-7-8-17-28C,30,8,0,8,M81,AB6005,1,2
2026-08-02T12:29:13.816Z,deep_scan,20260802112912_1A-4-7-8-17-28C,30,8,0,15,M262,AA7622,0,6
2026-08-02T12:29:43.847Z,deep_scan,20260802112912_1A-4-7-8-17-28C,30,8,0,3,M25,AA7086,1,20
2026-08-02T12:29:43.847Z,deep_scan,20260802112912_1A-4-7-8-17-28C,30,8,0,5,M10,AA6941,0,5
2026-08-02T12:29:43.847Z,deep_scan,20260802112912_1A-4-7-8-17-28C,30,8,0,9,M78,AB6005,1,14
2026-08-02T12:29:43.847Z,deep_scan,20260802112912_1A-4-7-8-17-28C,30,8,0,15,M262,AA7622,0,4
2026-08-02T12:29:43.856Z,deep_scan,20260802112912_1A-4-7-8-17-28C,30,8,1,6,M160/1,AB6503,0,22
2026-08-02T12:29:43.856Z,deep_scan,20260802112912_1A-4-7-8-17-28C,30,8,1,12,M110,AA7350,0,35
2026-08-02T12:29:43.856Z,deep_scan,20260802112912_1A-4-7-8-17-28C,30,8,1,21,M208,AA6607,0,40
2026-08-02T12:30:13.883Z,deep_scan,20260802112912_1A-4-7-8-17-28C,30,8,1,6,M160/1,AB6503,0,48
2026-08-02T12:30:13.883Z,deep_scan,20260802112912_1A-4-7-8-17-28C,30,8,1,13,M86,AA7350,1,20
2026-08-02T12:30:13.883Z,deep_scan,20260802112912_1A-4-7-8-17-28C,30,8,1,22,M267,AA6607,1,0
2026-08-02T12:30:13.891Z,deep_scan,20260802112912_1A-4-7-8-17-28C,30,8,0,4,M22,AA7086,1,8
2026-08-02T12:30:13.891Z,deep_scan,20260802112912_1A-4-7-8-17-28C,30,8,0,5,M10,AA6941,0,5
2026-08-02T12:30:13.891Z,deep_scan,20260802112912_1A-4-7-8-17-28C,30,8,0,9,M78,AB6005,1,1
2026-08-02T12:30:13.891Z,deep_scan,20260802112912_1A-4-7-8-17-28C,30,8,0,15,M262,AA7622,0,4
2026-08-02T12:30:43.805Z,deep_scan,20260802112912_1A-4-7-8-17-28C,30,8,1,6,M160/1,AB6503,0,10
2026-08-02T12:30:43.805Z,deep_scan,20260802112912_1A-4-7-8-17-28C,30,8,1,13,M86,AA7350,1,10
2026-08-02T12:30:43.805Z,deep_scan,20260802112912_1A-4-7-8-17-28C,30,8,1,22,M267,AA6607,1,0
2026-08-02T12:30:43.829Z,deep_scan,20260802112912_1A-4-7-8-17-28C,30,8,0,4,M22,AA7086,1,2
2026-08-02T12:30:43.829Z,deep_scan,20260802112912_1A-4-7-8-17-28C,30,8,0,5,M10,AA6941,0,5
2026-08-02T12:30:43.829Z,deep_scan,20260802112912_1A-4-7-8-17-28C,30,8,0,9,M78,AB6005,0,22
2026-08-02T12:30:43.829Z,deep_scan,20260802112912_1A-4-7-8-17-28C,30,8,0,15,M262,AA7622,0,4
2026-08-02T12:31:13.817Z,deep_scan,20260802112912_1A-4-7-8-17-28C,30,8,0,4,M22,AA7086,1,2
2026-08-02T12:31:13.817Z,deep_scan,20260802112912_1A-4-7-8-17-28C,30,8,0,5,M10,AA6941,0,5
2026-08-02T12:31:13.817Z,deep_scan,20260802112912_1A-4-7-8-17-28C,30,8,0,9,M78,AB6005,0,22
2026-08-02T12:31:13.817Z,deep_scan,20260802112912_1A-4-7-8-17-28C,30,8,0,15,M262,AA7622,0,21
2026-08-02T12:31:13.858Z,deep_scan,20260802112912_1A-4-7-8-17-28C,30,8,1,6,M160/1,AB6503,0,10
2026-08-02T12:31:13.858Z,deep_scan,20260802112912_1A-4-7-8-17-28C,30,8,1,13,M86,AA7350,1,10
2026-08-02T12:31:13.858Z,deep_scan,20260802112912_1A-4-7-8-17-28C,30,8,1,22,M267,AA6607,1,0
2026-08-02T12:31:43.819Z,deep_scan,20260802112912_1A-4-7-8-17-28C,30,8,1,0,M62/2,AA3018,0,7
2026-08-02T12:31:43.819Z,deep_scan,20260802112912_1A-4-7-8-17-28C,30,8,1,6,M160/1,AB6503,0,1
2026-08-02T12:31:43.819Z,deep_scan,20260802112912_1A-4-7-8-17-28C,30,8,1,13,M86,AA7350,0,24
2026-08-02T12:31:43.819Z,deep_scan,20260802112912_1A-4-7-8-17-28C,30,8,1,22,M267,AA6607,1,0
2026-08-02T12:31:43.834Z,deep_scan,20260802112912_1A-4-7-8-17-28C,30,8,0,4,M22,AA7086,0,18
2026-08-02T12:31:43.834Z,deep_scan,20260802112912_1A-4-7-8-17-28C,30,8,0,5,M10,AA6941,0,5
2026-08-02T12:31:43.834Z,deep_scan,20260802112912_1A-4-7-8-17-28C,30,8,0,9,M78,AB6005,0,21
2026-08-02T12:31:43.834Z,deep_scan,20260802112912_1A-4-7-8-17-28C,30,8,0,15,M262,AA7622,0,28
2026-08-02T12:32:13.895Z,deep_scan,20260802112912_1A-4-7-8-17-28C,30,8,0,4,M22,AA7086,0,26
2026-08-02T12:32:13.895Z,deep_scan,20260802112912_1A-4-7-8-17-28C,30,8,0,5,M10,AA6941,0,5
2026-08-02T12:32:13.895Z,deep_scan,20260802112912_1A-4-7-8-17-28C,30,8,0,9,M78,AB6005,0,23
2026-08-02T12:32:13.895Z,deep_scan,20260802112912_1A-4-7-8-17-28C,30,8,0,15,M262,AA7622,0,34
2026-08-02T12:32:13.906Z,deep_scan,20260802112912_1A-4-7-8-17-28C,30,8,1,0,M62/2,AA3018,0,12
2026-08-02T12:32:13.906Z,deep_scan,20260802112912_1A-4-7-8-17-28C,30,8,1,7,M100,AB6503,1,22
2026-08-02T12:32:13.906Z,deep_scan,20260802112912_1A-4-7-8-17-28C,30,8,1,13,M86,AA7350,0,8
2026-08-02T12:32:13.906Z,deep_scan,20260802112912_1A-4-7-8-17-28C,30,8,1,22,M267,AA6607,1,0
2026-08-02T12:32:43.814Z,deep_scan,20260802112912_1A-4-7-8-17-28C,30,8,0,4,M22,AA7086,0,11
2026-08-02T12:32:43.814Z,deep_scan,20260802112912_1A-4-7-8-17-28C,30,8,0,5,M10,AA6941,0,5
2026-08-02T12:32:43.814Z,deep_scan,20260802112912_1A-4-7-8-17-28C,30,8,0,10,M270/2,AB6005,1,29
2026-08-02T12:32:43.814Z,deep_scan,20260802112912_1A-4-7-8-17-28C,30,8,0,16,M259,AA7622,1,38
2026-08-02T12:32:43.844Z,deep_scan,20260802112912_1A-4-7-8-17-28C,30,8,1,0,M62/2,AA3018,0,25
2026-08-02T12:32:43.844Z,deep_scan,20260802112912_1A-4-7-8-17-28C,30,8,1,7,M100,AB6503,1,22
2026-08-02T12:32:43.844Z,deep_scan,20260802112912_1A-4-7-8-17-28C,30,8,1,14,M92,AA7350,1,22
2026-08-02T12:32:43.844Z,deep_scan,20260802112912_1A-4-7-8-17-28C,30,8,1,22,M267,AA6607,1,0
2026-08-02T12:33:13.903Z,deep_scan,20260802112912_1A-4-7-8-17-28C,30,8,1,0,M62/2,AA3018,0,19
2026-08-02T12:33:13.903Z,deep_scan,20260802112912_1A-4-7-8-17-28C,30,8,1,7,M100,AB6503,1,22
2026-08-02T12:33:13.903Z,deep_scan,20260802112912_1A-4-7-8-17-28C,30,8,1,14,M92,AA7350,0,6
2026-08-02T12:33:13.903Z,deep_scan,20260802112912_1A-4-7-8-17-28C,30,8,1,22,M267,AA6607,1,0
2026-08-02T12:33:13.913Z,deep_scan,20260802112912_1A-4-7-8-17-28C,30,8,0,4,M22,AA7086,0,24
2026-08-02T12:33:13.913Z,deep_scan,20260802112912_1A-4-7-8-17-28C,30,8,0,5,M10,AA6941,0,5
2026-08-02T12:33:13.913Z,deep_scan,20260802112912_1A-4-7-8-17-28C,30,8,0,10,M270/2,AB6005,1,1
2026-08-02T12:33:13.913Z,deep_scan,20260802112912_1A-4-7-8-17-28C,30,8,0,16,M259,AA7622,0,29
2026-08-02T12:33:43.863Z,deep_scan,20260802112912_1A-4-7-8-17-28C,30,8,0,4,M22,AA7086,0,21
2026-08-02T12:33:43.863Z,deep_scan,20260802112912_1A-4-7-8-17-28C,30,8,0,5,M10,AA6941,0,5
2026-08-02T12:33:43.863Z,deep_scan,20260802112912_1A-4-7-8-17-28C,30,8,0,10,M270/2,AB6005,0,26
2026-08-02T12:33:43.863Z,deep_scan,20260802112912_1A-4-7-8-17-28C,30,8,0,16,M259,AA7622,0,3
2026-08-02T12:33:43.882Z,deep_scan,20260802112912_1A-4-7-8-17-28C,30,8,1,0,M62/2,AA3018,0,19
2026-08-02T12:33:43.882Z,deep_scan,20260802112912_1A-4-7-8-17-28C,30,8,1,7,M100,AB6503,0,14
2026-08-02T12:33:43.882Z,deep_scan,20260802112912_1A-4-7-8-17-28C,30,8,1,14,M92,AA7350,0,17
2026-08-02T12:33:43.882Z,deep_scan,20260802112912_1A-4-7-8-17-28C,30,8,1,22,M267,AA6607,1,0
2026-08-02T12:34:13.878Z,deep_scan,20260802112912_1A-4-7-8-17-28C,30,8,1,0,M62/2,AA3018,0,29
2026-08-02T12:34:13.878Z,deep_scan,20260802112912_1A-4-7-8-17-28C,30,8,1,7,M100,AB6503,0,13
2026-08-02T12:34:13.878Z,deep_scan,20260802112912_1A-4-7-8-17-28C,30,8,1,14,M92,AA7350,0,10
2026-08-02T12:34:13.878Z,deep_scan,20260802112912_1A-4-7-8-17-28C,30,8,1,22,M267,AA6607,1,0
2026-08-02T12:34:13.889Z,deep_scan,20260802112912_1A-4-7-8-17-28C,30,8,0,4,M22,AA7086,0,22
2026-08-02T12:34:13.889Z,deep_scan,20260802112912_1A-4-7-8-17-28C,30,8,0,5,M10,AA6941,0,5
2026-08-02T12:34:13.889Z,deep_scan,20260802112912_1A-4-7-8-17-28C,30,8,0,11,M153,AB6005,1,37
2026-08-02T12:34:13.889Z,deep_scan,20260802112912_1A-4-7-8-17-28C,30,8,0,16,M259,AA7622,0,31
2026-08-02T12:34:43.860Z,deep_scan,20260802112912_1A-4-7-8-17-28C,30,8,0,5,M10,AA6941,0,5
2026-08-02T12:34:43.860Z,deep_scan,20260802112912_1A-4-7-8-17-28C,30,8,0,6,M16/2,AA7086,1,7
2026-08-02T12:34:43.860Z,deep_scan,20260802112912_1A-4-7-8-17-28C,30,8,0,11,M153,AB6005,1,2
2026-08-02T12:34:43.860Z,deep_scan,20260802112912_1A-4-7-8-17-28C,30,8,0,17,M62/2,AA7622,1,0
2026-08-02T12:34:43.883Z,deep_scan,20260802112912_1A-4-7-8-17-28C,30,8,1,0,M62/2,AA3018,0,38
2026-08-02T12:34:43.883Z,deep_scan,20260802112912_1A-4-7-8-17-28C,30,8,1,7,M100,AB6503,0,22
2026-08-02T12:34:43.883Z,deep_scan,20260802112912_1A-4-7-8-17-28C,30,8,1,14,M92,AA7350,0,14
2026-08-02T12:35:13.864Z,deep_scan,20260802112912_1A-4-7-8-17-28C,30,8,1,0,M62/2,AA3018,0,36
2026-08-02T12:35:13.864Z,deep_scan,20260802112912_1A-4-7-8-17-28C,30,8,1,8,M75,AB6503,1,19
2026-08-02T12:35:13.864Z,deep_scan,20260802112912_1A-4-7-8-17-28C,30,8,1,15,M39,AA7350,1,1
2026-08-02T12:35:13.909Z,deep_scan,20260802112912_1A-4-7-8-17-28C,30,8,0,5,M10,AA6941,0,5
2026-08-02T12:35:13.909Z,deep_scan,20260802112912_1A-4-7-8-17-28C,30,8,0,6,M16/2,AA7086,1,7
2026-08-02T12:35:13.909Z,deep_scan,20260802112912_1A-4-7-8-17-28C,30,8,0,11,M153,AB6005,1,2
2026-08-02T12:35:13.909Z,deep_scan,20260802112912_1A-4-7-8-17-28C,30,8,0,17,M62/2,AA7622,1,0
2026-08-02T12:35:43.886Z,deep_scan,20260802112912_1A-4-7-8-17-28C,30,8,0,0,M267,AA2719,1,5
2026-08-02T12:35:43.886Z,deep_scan,20260802112912_1A-4-7-8-17-28C,30,8,0,5,M10,AA6941,0,5
2026-08-02T12:35:43.886Z,deep_scan,20260802112912_1A-4-7-8-17-28C,30,8,0,6,M16/2,AA7086,1,7
2026-08-02T12:35:43.886Z,deep_scan,20260802112912_1A-4-7-8-17-28C,30,8,0,11,M153,AB6005,0,22
2026-08-02T12:35:43.886Z,deep_scan,20260802112912_1A-4-7-8-17-28C,30,8,0,17,M62/2,AA7622,1,0
2026-08-02T12:35:43.889Z,deep_scan,20260802112912_1A-4-7-8-17-28C,30,8,1,0,M62/2,AA3018,0,14
2026-08-02T12:35:43.889Z,deep_scan,20260802112912_1A-4-7-8-17-28C,30,8,1,8,M75,AB6503,0,6
2026-08-02T12:35:43.889Z,deep_scan,20260802112912_1A-4-7-8-17-28C,30,8,1,15,M39,AA7350,0,6
2026-08-02T12:36:13.906Z,deep_scan,20260802112912_1A-4-7-8-17-28C,30,8,1,2,M266,AA3018,0,27
2026-08-02T12:36:13.906Z,deep_scan,20260802112912_1A-4-7-8-17-28C,30,8,1,8,M75,AB6503,0,6
2026-08-02T12:36:13.906Z,deep_scan,20260802112912_1A-4-7-8-17-28C,30,8,1,15,M39,AA7350,0,6
2026-08-02T12:36:13.920Z,deep_scan,20260802112912_1A-4-7-8-17-28C,30,8,0,0,M267,AA2719,1,5
2026-08-02T12:36:13.920Z,deep_scan,20260802112912_1A-4-7-8-17-28C,30,8,0,5,M10,AA6941,0,5
2026-08-02T12:36:13.920Z,deep_scan,20260802112912_1A-4-7-8-17-28C,30,8,0,6,M16/2,AA7086,1,7
2026-08-02T12:36:13.920Z,deep_scan,20260802112912_1A-4-7-8-17-28C,30,8,0,11,M153,AB6005,0,22
2026-08-02T12:36:13.920Z,deep_scan,20260802112912_1A-4-7-8-17-28C,30,8,0,17,M62/2,AA7622,1,0
2026-08-02T12:36:43.876Z,deep_scan,20260802112912_1A-4-7-8-17-28C,30,8,1,2,M266,AA3018,0,15
2026-08-02T12:36:43.876Z,deep_scan,20260802112912_1A-4-7-8-17-28C,30,8,1,8,M75,AB6503,0,29
2026-08-02T12:36:43.876Z,deep_scan,20260802112912_1A-4-7-8-17-28C,30,8,1,15,M39,AA7350,0,20
2026-08-02T12:36:43.947Z,deep_scan,20260802112912_1A-4-7-8-17-28C,30,8,0,0,M267,AA2719,0,16
2026-08-02T12:36:43.947Z,deep_scan,20260802112912_1A-4-7-8-17-28C,30,8,0,5,M10,AA6941,0,5
2026-08-02T12:36:43.947Z,deep_scan,20260802112912_1A-4-7-8-17-28C,30,8,0,6,M16/2,AA7086,0,24
2026-08-02T12:36:43.947Z,deep_scan,20260802112912_1A-4-7-8-17-28C,30,8,0,12,M168,AB6005,1,25
2026-08-02T12:36:43.947Z,deep_scan,20260802112912_1A-4-7-8-17-28C,30,8,0,17,M62/2,AA7622,1,0
2026-08-02T12:37:13.960Z,deep_scan,20260802112912_1A-4-7-8-17-28C,30,8,1,3,M257,AA3018,1,28
2026-08-02T12:37:13.960Z,deep_scan,20260802112912_1A-4-7-8-17-28C,30,8,1,8,M75,AB6503,0,17
2026-08-02T12:37:13.960Z,deep_scan,20260802112912_1A-4-7-8-17-28C,30,8,1,16,M28/1,AA7350,1,15
2026-08-02T12:37:14.008Z,deep_scan,20260802112912_1A-4-7-8-17-28C,30,8,0,1,M209/2,AA2719,1,32
2026-08-02T12:37:14.008Z,deep_scan,20260802112912_1A-4-7-8-17-28C,30,8,0,5,M10,AA6941,0,5
2026-08-02T12:37:14.008Z,deep_scan,20260802112912_1A-4-7-8-17-28C,30,8,0,6,M16/2,AA7086,0,9
2026-08-02T12:37:14.008Z,deep_scan,20260802112912_1A-4-7-8-17-28C,30,8,0,12,M168,AB6005,0,35
2026-08-02T12:37:14.008Z,deep_scan,20260802112912_1A-4-7-8-17-28C,30,8,0,17,M62/2,AA7622,1,0
2026-08-02T12:37:43.933Z,deep_scan,20260802112912_1A-4-7-8-17-28C,30,8,0,1,M209/2,AA2719,1,6
2026-08-02T12:37:43.933Z,deep_scan,20260802112912_1A-4-7-8-17-28C,30,8,0,5,M10,AA6941,0,5
2026-08-02T12:37:43.933Z,deep_scan,20260802112912_1A-4-7-8-17-28C,30,8,0,6,M16/2,AA7086,0,9
2026-08-02T12:37:43.933Z,deep_scan,20260802112912_1A-4-7-8-17-28C,30,8,0,12,M168,AB6005,0,26
2026-08-02T12:37:43.933Z,deep_scan,20260802112912_1A-4-7-8-17-28C,30,8,0,17,M62/2,AA7622,1,0
2026-08-02T12:37:43.938Z,deep_scan,20260802112912_1A-4-7-8-17-28C,30,8,1,3,M257,AA3018,0,35
2026-08-02T12:37:43.938Z,deep_scan,20260802112912_1A-4-7-8-17-28C,30,8,1,8,M75,AB6503,0,17
2026-08-02T12:37:43.938Z,deep_scan,20260802112912_1A-4-7-8-17-28C,30,8,1,16,M28/1,AA7350,1,19
2026-08-02T12:38:13.914Z,deep_scan,20260802112912_1A-4-7-8-17-28C,30,8,0,1,M209/2,AA2719,0,49
2026-08-02T12:38:13.914Z,deep_scan,20260802112912_1A-4-7-8-17-28C,30,8,0,5,M10,AA6941,0,5
2026-08-02T12:38:13.914Z,deep_scan,20260802112912_1A-4-7-8-17-28C,30,8,0,6,M16/2,AA7086,0,10
2026-08-02T12:38:13.914Z,deep_scan,20260802112912_1A-4-7-8-17-28C,30,8,0,12,M168,AB6005,0,18
2026-08-02T12:38:13.914Z,deep_scan,20260802112912_1A-4-7-8-17-28C,30,8,0,17,M62/2,AA7622,1,0
2026-08-02T12:38:13.943Z,deep_scan,20260802112912_1A-4-7-8-17-28C,30,8,1,3,M257,AA3018,0,18
2026-08-02T12:38:13.943Z,deep_scan,20260802112912_1A-4-7-8-17-28C,30,8,1,8,M75,AB6503,0,21
2026-08-02T12:38:13.943Z,deep_scan,20260802112912_1A-4-7-8-17-28C,30,8,1,16,M28/1,AA7350,0,7
2026-08-02T12:38:43.954Z,deep_scan,20260802112912_1A-4-7-8-17-28C,30,8,1,3,M257,AA3018,0,18
2026-08-02T12:38:43.954Z,deep_scan,20260802112912_1A-4-7-8-17-28C,30,8,1,9,M237,AB6503,1,17
2026-08-02T12:38:43.954Z,deep_scan,20260802112912_1A-4-7-8-17-28C,30,8,1,16,M28/1,AA7350,0,16
2026-08-02T12:38:43.979Z,deep_scan,20260802112912_1A-4-7-8-17-28C,30,8,0,1,M209/2,AA2719,0,4
2026-08-02T12:38:43.979Z,deep_scan,20260802112912_1A-4-7-8-17-28C,30,8,0,5,M10,AA6941,0,5
2026-08-02T12:38:43.979Z,deep_scan,20260802112912_1A-4-7-8-17-28C,30,8,0,6,M16/2,AA7086,0,24
2026-08-02T12:38:43.979Z,deep_scan,20260802112912_1A-4-7-8-17-28C,30,8,0,12,M168,AB6005,0,26
2026-08-02T12:39:13.958Z,deep_scan,20260802112912_1A-4-7-8-17-28C,30,8,0,2,M211,AA2719,1,24
2026-08-02T12:39:13.958Z,deep_scan,20260802112912_1A-4-7-8-17-28C,30,8,0,5,M10,AA6941,0,5
2026-08-02T12:39:13.958Z,deep_scan,20260802112912_1A-4-7-8-17-28C,30,8,0,6,M16/2,AA7086,0,8
2026-08-02T12:39:13.958Z,deep_scan,20260802112912_1A-4-7-8-17-28C,30,8,0,13,M69/2,AB6005,1,1
2026-08-02T12:39:14.161Z,deep_scan,20260802112912_1A-4-7-8-17-28C,30,8,1,3,M257,AA3018,0,33
2026-08-02T12:39:14.161Z,deep_scan,20260802112912_1A-4-7-8-17-28C,30,8,1,9,M237,AB6503,0,14
2026-08-02T12:39:14.161Z,deep_scan,20260802112912_1A-4-7-8-17-28C,30,8,1,16,M28/1,AA7350,0,10
2026-08-02T12:39:43.919Z,deep_scan,20260802112912_1A-4-7-8-17-28C,30,8,0,2,M211,AA2719,0,26
2026-08-02T12:39:43.919Z,deep_scan,20260802112912_1A-4-7-8-17-28C,30,8,0,5,M10,AA6941,0,5
2026-08-02T12:39:43.919Z,deep_scan,20260802112912_1A-4-7-8-17-28C,30,8,0,7,M116,AA7086,1,1
2026-08-02T12:39:43.919Z,deep_scan,20260802112912_1A-4-7-8-17-28C,30,8,0,14,M159,AB6005,1,32
2026-08-02T12:39:43.942Z,deep_scan,20260802112912_1A-4-7-8-17-28C,30,8,1,4,M251,AA3018,1,25
2026-08-02T12:39:43.942Z,deep_scan,20260802112912_1A-4-7-8-17-28C,30,8,1,10,M245,AB6503,1,3
2026-08-02T12:39:43.942Z,deep_scan,20260802112912_1A-4-7-8-17-28C,30,8,1,16,M28/1,AA7350,0,10
2026-08-02T12:40:13.952Z,deep_scan,20260802112912_1A-4-7-8-17-28C,30,8,1,4,M251,AA3018,1,15
2026-08-02T12:40:13.952Z,deep_scan,20260802112912_1A-4-7-8-17-28C,30,8,1,10,M245,AB6503,0,25
2026-08-02T12:40:13.952Z,deep_scan,20260802112912_1A-4-7-8-17-28C,30,8,1,17,M11,AA7350,0,8
2026-08-02T12:40:13.967Z,deep_scan,20260802112912_1A-4-7-8-17-28C,30,8,0,3,M25,AA2719,1,5
2026-08-02T12:40:13.967Z,deep_scan,20260802112912_1A-4-7-8-17-28C,30,8,0,5,M10,AA6941,0,5
2026-08-02T12:40:13.967Z,deep_scan,20260802112912_1A-4-7-8-17-28C,30,8,0,7,M116,AA7086,1,16
2026-08-02T12:40:13.967Z,deep_scan,20260802112912_1A-4-7-8-17-28C,30,8,0,14,M159,AB6005,1,5
2026-08-02T12:40:43.968Z,deep_scan,20260802112912_1A-4-7-8-17-28C,30,8,1,4,M251,AA3018,0,12
2026-08-02T12:40:43.968Z,deep_scan,20260802112912_1A-4-7-8-17-28C,30,8,1,11,M119,AB6503,1,28
2026-08-02T12:40:43.968Z,deep_scan,20260802112912_1A-4-7-8-17-28C,30,8,1,18,M12,AA7350,1,16
2026-08-02T12:40:44.180Z,deep_scan,20260802112912_1A-4-7-8-17-28C,30,8,0,3,M25,AA2719,0,2
2026-08-02T12:40:44.180Z,deep_scan,20260802112912_1A-4-7-8-17-28C,30,8,0,5,M10,AA6941,0,5
2026-08-02T12:40:44.180Z,deep_scan,20260802112912_1A-4-7-8-17-28C,30,8,0,7,M116,AA7086,1,16
2026-08-02T12:40:44.180Z,deep_scan,20260802112912_1A-4-7-8-17-28C,30,8,0,14,M159,AB6005,0,16
2026-08-02T12:41:14.005Z,deep_scan,20260802112912_1A-4-7-8-17-28C,30,8,1,4,M251,AA3018,0,14
2026-08-02T12:41:14.005Z,deep_scan,20260802112912_1A-4-7-8-17-28C,30,8,1,11,M119,AB6503,1,22
2026-08-02T12:41:14.005Z,deep_scan,20260802112912_1A-4-7-8-17-28C,30,8,1,18,M12,AA7350,0,22
2026-08-02T12:41:14.060Z,deep_scan,20260802112912_1A-4-7-8-17-28C,30,8,0,4,M22,AA2719,1,31
2026-08-02T12:41:14.060Z,deep_scan,20260802112912_1A-4-7-8-17-28C,30,8,0,5,M10,AA6941,0,5
2026-08-02T12:41:14.060Z,deep_scan,20260802112912_1A-4-7-8-17-28C,30,8,0,7,M116,AA7086,1,16
2026-08-02T12:41:14.060Z,deep_scan,20260802112912_1A-4-7-8-17-28C,30,8,0,14,M159,AB6005,0,30
2026-08-02T12:41:43.992Z,deep_scan,20260802112912_1A-4-7-8-17-28C,30,8,1,4,M251,AA3018,0,13
2026-08-02T12:41:43.992Z,deep_scan,20260802112912_1A-4-7-8-17-28C,30,8,1,11,M119,AB6503,0,1
2026-08-02T12:41:43.992Z,deep_scan,20260802112912_1A-4-7-8-17-28C,30,8,1,18,M12,AA7350,0,21
2026-08-02T12:41:44.010Z,deep_scan,20260802112912_1A-4-7-8-17-28C,30,8,0,4,M22,AA2719,1,4
2026-08-02T12:41:44.010Z,deep_scan,20260802112912_1A-4-7-8-17-28C,30,8,0,5,M10,AA6941,0,5
2026-08-02T12:41:44.010Z,deep_scan,20260802112912_1A-4-7-8-17-28C,30,8,0,7,M116,AA7086,0,4
2026-08-02T12:41:44.010Z,deep_scan,20260802112912_1A-4-7-8-17-28C,30,8,0,14,M159,AB6005,0,38
2026-08-02T12:42:13.994Z,deep_scan,20260802112912_1A-4-7-8-17-28C,30,8,0,4,M22,AA2719,0,9
2026-08-02T12:42:13.994Z,deep_scan,20260802112912_1A-4-7-8-17-28C,30,8,0,5,M10,AA6941,0,5
2026-08-02T12:42:13.994Z,deep_scan,20260802112912_1A-4-7-8-17-28C,30,8,0,7,M116,AA7086,0,19
2026-08-02T12:42:13.994Z,deep_scan,20260802112912_1A-4-7-8-17-28C,30,8,0,14,M159,AB6005,0,12
2026-08-02T12:42:14.062Z,deep_scan,20260802112912_1A-4-7-8-17-28C,30,8,1,4,M251,AA3018,0,19
2026-08-02T12:42:14.062Z,deep_scan,20260802112912_1A-4-7-8-17-28C,30,8,1,12,M110,AB6503,1,20
2026-08-02T12:42:14.062Z,deep_scan,20260802112912_1A-4-7-8-17-28C,30,8,1,19,M21/1,AA7350,1,22
2026-08-02T12:42:43.986Z,deep_scan,20260802112912_1A-4-7-8-17-28C,30,8,0,4,M22,AA2719,0,13
2026-08-02T12:42:43.986Z,deep_scan,20260802112912_1A-4-7-8-17-28C,30,8,0,5,M10,AA6941,0,5
2026-08-02T12:42:43.986Z,deep_scan,20260802112912_1A-4-7-8-17-28C,30,8,0,8,M81,AA7086,1,30
2026-08-02T12:42:43.986Z,deep_scan,20260802112912_1A-4-7-8-17-28C,30,8,0,14,M159,AB6005,0,40
2026-08-02T12:42:43.996Z,deep_scan,20260802112912_1A-4-7-8-17-28C,30,8,1,5,M263,AA3018,0,9
2026-08-02T12:42:43.996Z,deep_scan,20260802112912_1A-4-7-8-17-28C,30,8,1,12,M110,AB6503,1,1
2026-08-02T12:42:43.996Z,deep_scan,20260802112912_1A-4-7-8-17-28C,30,8,1,19,M21/1,AA7350,1,5
2026-08-02T12:43:14.006Z,deep_scan,20260802112912_1A-4-7-8-17-28C,30,8,1,5,M263,AA3018,0,26
2026-08-02T12:43:14.006Z,deep_scan,20260802112912_1A-4-7-8-17-28C,30,8,1,13,M86,AB6503,1,10
2026-08-02T12:43:14.006Z,deep_scan,20260802112912_1A-4-7-8-17-28C,30,8,1,19,M21/1,AA7350,0,14
2026-08-02T12:43:14.049Z,deep_scan,20260802112912_1A-4-7-8-17-28C,30,8,0,4,M22,AA2719,0,8
2026-08-02T12:43:14.049Z,deep_scan,20260802112912_1A-4-7-8-17-28C,30,8,0,5,M10,AA6941,0,5
2026-08-02T12:43:14.049Z,deep_scan,20260802112912_1A-4-7-8-17-28C,30,8,0,8,M81,AA7086,1,30
2026-08-02T12:43:14.049Z,deep_scan,20260802112912_1A-4-7-8-17-28C,30,8,0,15,M262,AB6005,1,12
2026-08-02T12:43:43.971Z,deep_scan,20260802112912_1A-4-7-8-17-28C,30,8,1,5,M263,AA3018,0,24
2026-08-02T12:43:43.971Z,deep_scan,20260802112912_1A-4-7-8-17-28C,30,8,1,13,M86,AB6503,1,5
2026-08-02T12:43:43.971Z,deep_scan,20260802112912_1A-4-7-8-17-28C,30,8,1,19,M21/1,AA7350,0,5
2026-08-02T12:43:43.984Z,deep_scan,20260802112912_1A-4-7-8-17-28C,30,8,0,4,M22,AA2719,0,11
2026-08-02T12:43:43.984Z,deep_scan,20260802112912_1A-4-7-8-17-28C,30,8,0,5,M10,AA6941,0,5
2026-08-02T12:43:43.984Z,deep_scan,20260802112912_1A-4-7-8-17-28C,30,8,0,9,M78,AA7086,1,14
2026-08-02T12:43:43.984Z,deep_scan,20260802112912_1A-4-7-8-17-28C,30,8,0,15,M262,AB6005,1,8
2026-08-02T12:44:14.054Z,deep_scan,20260802112912_1A-4-7-8-17-28C,30,8,1,6,M160/1,AA3018,1,21
2026-08-02T12:44:14.054Z,deep_scan,20260802112912_1A-4-7-8-17-28C,30,8,1,13,M86,AB6503,1,6
2026-08-02T12:44:14.054Z,deep_scan,20260802112912_1A-4-7-8-17-28C,30,8,1,19,M21/1,AA7350,0,5
2026-08-02T12:44:14.075Z,deep_scan,20260802112912_1A-4-7-8-17-28C,30,8,0,4,M22,AA2719,0,21
2026-08-02T12:44:14.075Z,deep_scan,20260802112912_1A-4-7-8-17-28C,30,8,0,5,M10,AA6941,0,5
2026-08-02T12:44:14.075Z,deep_scan,20260802112912_1A-4-7-8-17-28C,30,8,0,9,M78,AA7086,1,14
2026-08-02T12:44:14.075Z,deep_scan,20260802112912_1A-4-7-8-17-28C,30,8,0,15,M262,AB6005,0,13
2026-08-02T12:44:44.027Z,deep_scan,20260802112912_1A-4-7-8-17-28C,30,8,1,0,M62/2,AA7622,1,11
2026-08-02T12:44:44.027Z,deep_scan,20260802112912_1A-4-7-8-17-28C,30,8,1,6,M160/1,AA3018,1,10
2026-08-02T12:44:44.027Z,deep_scan,20260802112912_1A-4-7-8-17-28C,30,8,1,14,M92,AB6503,1,36
2026-08-02T12:44:44.027Z,deep_scan,20260802112912_1A-4-7-8-17-28C,30,8,1,19,M21/1,AA7350,0,5
2026-08-02T12:44:44.035Z,deep_scan,20260802112912_1A-4-7-8-17-28C,30,8,0,4,M22,AA2719,0,29
2026-08-02T12:44:44.035Z,deep_scan,20260802112912_1A-4-7-8-17-28C,30,8,0,5,M10,AA6941,0,5
2026-08-02T12:44:44.035Z,deep_scan,20260802112912_1A-4-7-8-17-28C,30,8,0,9,M78,AA7086,0,14
2026-08-02T12:44:44.035Z,deep_scan,20260802112912_1A-4-7-8-17-28C,30,8,0,15,M262,AB6005,0,3
2026-08-02T12:45:14.006Z,deep_scan,20260802112912_1A-4-7-8-17-28C,30,8,0,5,M10,AA6941,0,5
2026-08-02T12:45:14.006Z,deep_scan,20260802112912_1A-4-7-8-17-28C,30,8,0,6,M16/2,AA2719,1,20
2026-08-02T12:45:14.006Z,deep_scan,20260802112912_1A-4-7-8-17-28C,30,8,0,10,M270/2,AA7086,1,16
2026-08-02T12:45:14.006Z,deep_scan,20260802112912_1A-4-7-8-17-28C,30,8,0,15,M262,AB6005,0,3
2026-08-02T12:45:14.018Z,deep_scan,20260802112912_1A-4-7-8-17-28C,30,8,1,0,M62/2,AA7622,1,1
2026-08-02T12:45:14.018Z,deep_scan,20260802112912_1A-4-7-8-17-28C,30,8,1,6,M160/1,AA3018,0,18
2026-08-02T12:45:14.018Z,deep_scan,20260802112912_1A-4-7-8-17-28C,30,8,1,14,M92,AB6503,1,29
2026-08-02T12:45:14.018Z,deep_scan,20260802112912_1A-4-7-8-17-28C,30,8,1,20,M24,AA7350,1,24
2026-08-02T12:45:43.987Z,deep_scan,20260802112912_1A-4-7-8-17-28C,30,8,0,5,M10,AA6941,0,5
2026-08-02T12:45:43.987Z,deep_scan,20260802112912_1A-4-7-8-17-28C,30,8,0,6,M16/2,AA2719,0,1
2026-08-02T12:45:43.987Z,deep_scan,20260802112912_1A-4-7-8-17-28C,30,8,0,10,M270/2,AA7086,1,11
2026-08-02T12:45:43.987Z,deep_scan,20260802112912_1A-4-7-8-17-28C,30,8,0,15,M262,AB6005,0,3
2026-08-02T12:45:44.008Z,deep_scan,20260802112912_1A-4-7-8-17-28C,30,8,1,0,M62/2,AA7622,1,4
2026-08-02T12:45:44.008Z,deep_scan,20260802112912_1A-4-7-8-17-28C,30,8,1,6,M160/1,AA3018,0,31
2026-08-02T12:45:44.008Z,deep_scan,20260802112912_1A-4-7-8-17-28C,30,8,1,14,M92,AB6503,0,13
2026-08-02T12:45:44.008Z,deep_scan,20260802112912_1A-4-7-8-17-28C,30,8,1,20,M24,AA7350,1,7
2026-08-02T12:46:14.064Z,deep_scan,20260802112912_1A-4-7-8-17-28C,30,8,0,5,M10,AA6941,0,5
2026-08-02T12:46:14.064Z,deep_scan,20260802112912_1A-4-7-8-17-28C,30,8,0,6,M16/2,AA2719,0,1
2026-08-02T12:46:14.064Z,deep_scan,20260802112912_1A-4-7-8-17-28C,30,8,0,10,M270/2,AA7086,0,4
2026-08-02T12:46:14.064Z,deep_scan,20260802112912_1A-4-7-8-17-28C,30,8,0,15,M262,AB6005,0,16
2026-08-02T12:46:14.109Z,deep_scan,20260802112912_1A-4-7-8-17-28C,30,8,1,0,M62/2,AA7622,0,10
2026-08-02T12:46:14.109Z,deep_scan,20260802112912_1A-4-7-8-17-28C,30,8,1,6,M160/1,AA3018,0,20
2026-08-02T12:46:14.109Z,deep_scan,20260802112912_1A-4-7-8-17-28C,30,8,1,14,M92,AB6503,0,19
2026-08-02T12:46:14.109Z,deep_scan,20260802112912_1A-4-7-8-17-28C,30,8,1,20,M24,AA7350,0,22
2026-08-02T12:46:44.021Z,deep_scan,20260802112912_1A-4-7-8-17-28C,30,8,0,5,M10,AA6941,0,5
2026-08-02T12:46:44.021Z,deep_scan,20260802112912_1A-4-7-8-17-28C,30,8,0,6,M16/2,AA2719,0,2
2026-08-02T12:46:44.021Z,deep_scan,20260802112912_1A-4-7-8-17-28C,30,8,0,11,M153,AA7086,1,9
2026-08-02T12:46:44.021Z,deep_scan,20260802112912_1A-4-7-8-17-28C,30,8,0,15,M262,AB6005,0,37
2026-08-02T12:46:44.029Z,deep_scan,20260802112912_1A-4-7-8-17-28C,30,8,1,0,M62/2,AA7622,0,22
2026-08-02T12:46:44.029Z,deep_scan,20260802112912_1A-4-7-8-17-28C,30,8,1,6,M160/1,AA3018,0,26
2026-08-02T12:46:44.029Z,deep_scan,20260802112912_1A-4-7-8-17-28C,30,8,1,15,M39,AB6503,1,20
2026-08-02T12:46:44.029Z,deep_scan,20260802112912_1A-4-7-8-17-28C,30,8,1,21,M208,AA7350,1,20
2026-08-02T12:47:14.064Z,deep_scan,20260802112912_1A-4-7-8-17-28C,30,8,0,5,M10,AA6941,0,5
2026-08-02T12:47:14.064Z,deep_scan,20260802112912_1A-4-7-8-17-28C,30,8,0,6,M16/2,AA2719,0,24
2026-08-02T12:47:14.064Z,deep_scan,20260802112912_1A-4-7-8-17-28C,30,8,0,11,M153,AA7086,1,7
2026-08-02T12:47:14.064Z,deep_scan,20260802112912_1A-4-7-8-17-28C,30,8,0,15,M262,AB6005,0,36
2026-08-02T12:47:14.070Z,deep_scan,20260802112912_1A-4-7-8-17-28C,30,8,1,0,M62/2,AA7622,0,29
2026-08-02T12:47:14.070Z,deep_scan,20260802112912_1A-4-7-8-17-28C,30,8,1,6,M160/1,AA3018,0,26
2026-08-02T12:47:14.070Z,deep_scan,20260802112912_1A-4-7-8-17-28C,30,8,1,15,M39,AB6503,1,3
2026-08-02T12:47:14.070Z,deep_scan,20260802112912_1A-4-7-8-17-28C,30,8,1,21,M208,AA7350,1,24
2026-08-02T12:47:44.040Z,deep_scan,20260802112912_1A-4-7-8-17-28C,30,8,1,0,M62/2,AA7622,0,11
2026-08-02T12:47:44.040Z,deep_scan,20260802112912_1A-4-7-8-17-28C,30,8,1,6,M160/1,AA3018,0,26
2026-08-02T12:47:44.040Z,deep_scan,20260802112912_1A-4-7-8-17-28C,30,8,1,15,M39,AB6503,0,4
2026-08-02T12:47:44.040Z,deep_scan,20260802112912_1A-4-7-8-17-28C,30,8,1,21,M208,AA7350,0,37
2026-08-02T12:47:44.055Z,deep_scan,20260802112912_1A-4-7-8-17-28C,30,8,0,5,M10,AA6941,0,5
2026-08-02T12:47:44.055Z,deep_scan,20260802112912_1A-4-7-8-17-28C,30,8,0,6,M16/2,AA2719,0,32
2026-08-02T12:47:44.055Z,deep_scan,20260802112912_1A-4-7-8-17-28C,30,8,0,11,M153,AA7086,1,7
2026-08-02T12:47:44.055Z,deep_scan,20260802112912_1A-4-7-8-17-28C,30,8,0,16,M259,AB6005,1,21
2026-08-02T12:48:14.020Z,deep_scan,20260802112912_1A-4-7-8-17-28C,30,8,0,5,M10,AA6941,0,5
2026-08-02T12:48:14.020Z,deep_scan,20260802112912_1A-4-7-8-17-28C,30,8,0,6,M16/2,AA2719,0,2
2026-08-02T12:48:14.020Z,deep_scan,20260802112912_1A-4-7-8-17-28C,30,8,0,11,M153,AA7086,1,8
2026-08-02T12:48:14.020Z,deep_scan,20260802112912_1A-4-7-8-17-28C,30,8,0,16,M259,AB6005,0,8
2026-08-02T12:48:14.114Z,deep_scan,20260802112912_1A-4-7-8-17-28C,30,8,1,0,M62/2,AA7622,0,11
2026-08-02T12:48:14.114Z,deep_scan,20260802112912_1A-4-7-8-17-28C,30,8,1,6,M160/1,AA3018,0,26
2026-08-02T12:48:14.114Z,deep_scan,20260802112912_1A-4-7-8-17-28C,30,8,1,15,M39,AB6503,0,4
2026-08-02T12:48:14.114Z,deep_scan,20260802112912_1A-4-7-8-17-28C,30,8,1,21,M208,AA7350,0,20
2026-08-02T12:48:44.091Z,deep_scan,20260802112912_1A-4-7-8-17-28C,30,8,1,0,M62/2,AA7622,0,37
2026-08-02T12:48:44.091Z,deep_scan,20260802112912_1A-4-7-8-17-28C,30,8,1,6,M160/1,AA3018,0,19
2026-08-02T12:48:44.091Z,deep_scan,20260802112912_1A-4-7-8-17-28C,30,8,1,15,M39,AB6503,0,5
2026-08-02T12:48:44.091Z,deep_scan,20260802112912_1A-4-7-8-17-28C,30,8,1,22,M267,AA7350,1,0
2026-08-02T12:48:44.103Z,deep_scan,20260802112912_1A-4-7-8-17-28C,30,8,0,5,M10,AA6941,0,5
2026-08-02T12:48:44.103Z,deep_scan,20260802112912_1A-4-7-8-17-28C,30,8,0,6,M16/2,AA2719,0,5
2026-08-02T12:48:44.103Z,deep_scan,20260802112912_1A-4-7-8-17-28C,30,8,0,11,M153,AA7086,0,20
2026-08-02T12:48:44.103Z,deep_scan,20260802112912_1A-4-7-8-17-28C,30,8,0,16,M259,AB6005,0,47
2026-08-02T12:49:14.106Z,deep_scan,20260802112912_1A-4-7-8-17-28C,30,8,0,0,M267,AA7350,1,11
2026-08-02T12:49:14.106Z,deep_scan,20260802112912_1A-4-7-8-17-28C,30,8,0,5,M10,AA6941,0,5
2026-08-02T12:49:14.106Z,deep_scan,20260802112912_1A-4-7-8-17-28C,30,8,0,7,M116,AA2719,0,1
2026-08-02T12:49:14.106Z,deep_scan,20260802112912_1A-4-7-8-17-28C,30,8,0,12,M168,AA7086,1,16
2026-08-02T12:49:14.106Z,deep_scan,20260802112912_1A-4-7-8-17-28C,30,8,0,17,M62/2,AB6005,1,0
2026-08-02T12:49:14.126Z,deep_scan,20260802112912_1A-4-7-8-17-28C,30,8,1,0,M62/2,AA7622,0,38
2026-08-02T12:49:14.126Z,deep_scan,20260802112912_1A-4-7-8-17-28C,30,8,1,6,M160/1,AA3018,0,18
2026-08-02T12:49:14.126Z,deep_scan,20260802112912_1A-4-7-8-17-28C,30,8,1,16,M28/1,AB6503,1,4
2026-08-02T12:49:44.083Z,deep_scan,20260802112912_1A-4-7-8-17-28C,30,8,1,0,M62/2,AA7622,0,27
2026-08-02T12:49:44.083Z,deep_scan,20260802112912_1A-4-7-8-17-28C,30,8,1,6,M160/1,AA3018,0,18
2026-08-02T12:49:44.083Z,deep_scan,20260802112912_1A-4-7-8-17-28C,30,8,1,16,M28/1,AB6503,0,19
2026-08-02T12:49:44.088Z,deep_scan,20260802112912_1A-4-7-8-17-28C,30,8,0,0,M267,AA7350,0,18
2026-08-02T12:49:44.088Z,deep_scan,20260802112912_1A-4-7-8-17-28C,30,8,0,5,M10,AA6941,0,5
2026-08-02T12:49:44.088Z,deep_scan,20260802112912_1A-4-7-8-17-28C,30,8,0,7,M116,AA2719,0,3
2026-08-02T12:49:44.088Z,deep_scan,20260802112912_1A-4-7-8-17-28C,30,8,0,12,M168,AA7086,0,28
2026-08-02T12:49:44.088Z,deep_scan,20260802112912_1A-4-7-8-17-28C,30,8,0,17,M62/2,AB6005,1,0
2026-08-02T12:50:14.136Z,deep_scan,20260802112912_1A-4-7-8-17-28C,30,8,0,1,M209/2,AA7350,1,23
2026-08-02T12:50:14.136Z,deep_scan,20260802112912_1A-4-7-8-17-28C,30,8,0,5,M10,AA6941,0,5
2026-08-02T12:50:14.136Z,deep_scan,20260802112912_1A-4-7-8-17-28C,30,8,0,7,M116,AA2719,0,13
2026-08-02T12:50:14.136Z,deep_scan,20260802112912_1A-4-7-8-17-28C,30,8,0,12,M168,AA7086,0,2
2026-08-02T12:50:14.136Z,deep_scan,20260802112912_1A-4-7-8-17-28C,30,8,0,17,M62/2,AB6005,1,0
2026-08-02T12:50:14.141Z,deep_scan,20260802112912_1A-4-7-8-17-28C,30,8,1,2,M266,AA7622,0,32
2026-08-02T12:50:14.141Z,deep_scan,20260802112912_1A-4-7-8-17-28C,30,8,1,6,M160/1,AA3018,0,26
2026-08-02T12:50:14.141Z,deep_scan,20260802112912_1A-4-7-8-17-28C,30,8,1,16,M28/1,AB6503,0,23
2026-08-02T12:50:44.095Z,deep_scan,20260802112912_1A-4-7-8-17-28C,30,8,1,2,M266,AA7622,0,1
2026-08-02T12:50:44.095Z,deep_scan,20260802112912_1A-4-7-8-17-28C,30,8,1,6,M160/1,AA3018,0,19
2026-08-02T12:50:44.095Z,deep_scan,20260802112912_1A-4-7-8-17-28C,30,8,1,17,M11,AB6503,1,25
2026-08-02T12:50:44.100Z,deep_scan,20260802112912_1A-4-7-8-17-28C,30,8,0,1,M209/2,AA7350,0,15
2026-08-02T12:50:44.100Z,deep_scan,20260802112912_1A-4-7-8-17-28C,30,8,0,5,M10,AA6941,0,5
2026-08-02T12:50:44.100Z,deep_scan,20260802112912_1A-4-7-8-17-28C,30,8,0,7,M116,AA2719,0,9
2026-08-02T12:50:44.100Z,deep_scan,20260802112912_1A-4-7-8-17-28C,30,8,0,12,M168,AA7086,0,3
2026-08-02T12:50:44.100Z,deep_scan,20260802112912_1A-4-7-8-17-28C,30,8,0,17,M62/2,AB6005,1,0
2026-08-02T12:51:14.153Z,deep_scan,20260802112912_1A-4-7-8-17-28C,30,8,0,1,M209/2,AA7350,0,37
2026-08-02T12:51:14.153Z,deep_scan,20260802112912_1A-4-7-8-17-28C,30,8,0,5,M10,AA6941,0,5
2026-08-02T12:51:14.153Z,deep_scan,20260802112912_1A-4-7-8-17-28C,30,8,0,8,M81,AA2719,1,31
2026-08-02T12:51:14.153Z,deep_scan,20260802112912_1A-4-7-8-17-28C,30,8,0,13,M69/2,AA7086,1,28
2026-08-02T12:51:14.153Z,deep_scan,20260802112912_1A-4-7-8-17-28C,30,8,0,17,M62/2,AB6005,1,0
2026-08-02T12:51:14.160Z,deep_scan,20260802112912_1A-4-7-8-17-28C,30,8,1,2,M266,AA7622,0,28
2026-08-02T12:51:14.160Z,deep_scan,20260802112912_1A-4-7-8-17-28C,30,8,1,6,M160/1,AA3018,0,17
2026-08-02T12:51:14.160Z,deep_scan,20260802112912_1A-4-7-8-17-28C,30,8,1,17,M11,AB6503,0,21
2026-08-02T12:51:44.093Z,deep_scan,20260802112912_1A-4-7-8-17-28C,30,8,0,1,M209/2,AA7350,0,25
2026-08-02T12:51:44.093Z,deep_scan,20260802112912_1A-4-7-8-17-28C,30,8,0,5,M10,AA6941,0,5
2026-08-02T12:51:44.093Z,deep_scan,20260802112912_1A-4-7-8-17-28C,30,8,0,8,M81,AA2719,1,7
2026-08-02T12:51:44.093Z,deep_scan,20260802112912_1A-4-7-8-17-28C,30,8,0,13,M69/2,AA7086,1,17
2026-08-02T12:51:44.093Z,deep_scan,20260802112912_1A-4-7-8-17-28C,30,8,0,17,M62/2,AB6005,1,0
2026-08-02T12:51:44.143Z,deep_scan,20260802112912_1A-4-7-8-17-28C,30,8,1,3,M257,AA7622,1,11
2026-08-02T12:51:44.143Z,deep_scan,20260802112912_1A-4-7-8-17-28C,30,8,1,6,M160/1,AA3018,0,17
2026-08-02T12:51:44.143Z,deep_scan,20260802112912_1A-4-7-8-17-28C,30,8,1,18,M12,AB6503,1,32
2026-08-02T12:52:14.155Z,deep_scan,20260802112912_1A-4-7-8-17-28C,30,8,1,3,M257,AA7622,0,29
2026-08-02T12:52:14.155Z,deep_scan,20260802112912_1A-4-7-8-17-28C,30,8,1,8,M75,AA3018,1,22
2026-08-02T12:52:14.155Z,deep_scan,20260802112912_1A-4-7-8-17-28C,30,8,1,19,M21/1,AB6503,1,28
2026-08-02T12:52:14.162Z,deep_scan,20260802112912_1A-4-7-8-17-28C,30,8,0,2,M211,AA7350,1,45
2026-08-02T12:52:14.162Z,deep_scan,20260802112912_1A-4-7-8-17-28C,30,8,0,5,M10,AA6941,0,5
2026-08-02T12:52:14.162Z,deep_scan,20260802112912_1A-4-7-8-17-28C,30,8,0,8,M81,AA2719,1,7
2026-08-02T12:52:14.162Z,deep_scan,20260802112912_1A-4-7-8-17-28C,30,8,0,14,M159,AA7086,1,19
2026-08-02T12:52:14.162Z,deep_scan,20260802112912_1A-4-7-8-17-28C,30,8,0,17,M62/2,AB6005,1,0
2026-08-02T12:52:44.100Z,deep_scan,20260802112912_1A-4-7-8-17-28C,30,8,1,3,M257,AA7622,0,19
2026-08-02T12:52:44.100Z,deep_scan,20260802112912_1A-4-7-8-17-28C,30,8,1,8,M75,AA3018,0,29
2026-08-02T12:52:44.100Z,deep_scan,20260802112912_1A-4-7-8-17-28C,30,8,1,19,M21/1,AB6503,1,2
2026-08-02T12:52:44.140Z,deep_scan,20260802112912_1A-4-7-8-17-28C,30,8,0,2,M211,AA7350,0,6
2026-08-02T12:52:44.140Z,deep_scan,20260802112912_1A-4-7-8-17-28C,30,8,0,5,M10,AA6941,0,5
2026-08-02T12:52:44.140Z,deep_scan,20260802112912_1A-4-7-8-17-28C,30,8,0,9,M78,AA2719,0,5
2026-08-02T12:52:44.140Z,deep_scan,20260802112912_1A-4-7-8-17-28C,30,8,0,14,M159,AA7086,1,1
2026-08-02T12:52:44.140Z,deep_scan,20260802112912_1A-4-7-8-17-28C,30,8,0,17,M62/2,AB6005,1,0
2026-08-02T12:53:14.185Z,deep_scan,20260802112912_1A-4-7-8-17-28C,30,8,1,3,M257,AA7622,0,6
2026-08-02T12:53:14.185Z,deep_scan,20260802112912_1A-4-7-8-17-28C,30,8,1,8,M75,AA3018,0,11
2026-08-02T12:53:14.185Z,deep_scan,20260802112912_1A-4-7-8-17-28C,30,8,1,19,M21/1,AB6503,0,26
2026-08-02T12:53:14.213Z,deep_scan,20260802112912_1A-4-7-8-17-28C,30,8,0,2,M211,AA7350,0,26
2026-08-02T12:53:14.213Z,deep_scan,20260802112912_1A-4-7-8-17-28C,30,8,0,5,M10,AA6941,0,5
2026-08-02T12:53:14.213Z,deep_scan,20260802112912_1A-4-7-8-17-28C,30,8,0,9,M78,AA2719,0,14
2026-08-02T12:53:14.213Z,deep_scan,20260802112912_1A-4-7-8-17-28C,30,8,0,14,M159,AA7086,0,34
2026-08-02T12:53:14.213Z,deep_scan,20260802112912_1A-4-7-8-17-28C,30,8,0,17,M62/2,AB6005,1,0
2026-08-02T12:53:44.150Z,deep_scan,20260802112912_1A-4-7-8-17-28C,30,8,1,3,M257,AA7622,0,34
2026-08-02T12:53:44.150Z,deep_scan,20260802112912_1A-4-7-8-17-28C,30,8,1,8,M75,AA3018,0,19
2026-08-02T12:53:44.150Z,deep_scan,20260802112912_1A-4-7-8-17-28C,30,8,1,19,M21/1,AB6503,0,3
2026-08-02T12:53:44.165Z,deep_scan,20260802112912_1A-4-7-8-17-28C,30,8,0,3,M25,AA7350,1,2
2026-08-02T12:53:44.165Z,deep_scan,20260802112912_1A-4-7-8-17-28C,30,8,0,5,M10,AA6941,0,5
2026-08-02T12:53:44.165Z,deep_scan,20260802112912_1A-4-7-8-17-28C,30,8,0,9,M78,AA2719,0,9
2026-08-02T12:53:44.165Z,deep_scan,20260802112912_1A-4-7-8-17-28C,30,8,0,14,M159,AA7086,0,26
2026-08-02T12:54:14.182Z,deep_scan,20260802112912_1A-4-7-8-17-28C,30,8,1,4,M251,AA7622,1,3
2026-08-02T12:54:14.182Z,deep_scan,20260802112912_1A-4-7-8-17-28C,30,8,1,8,M75,AA3018,0,12
2026-08-02T12:54:14.182Z,deep_scan,20260802112912_1A-4-7-8-17-28C,30,8,1,19,M21/1,AB6503,0,3
2026-08-02T12:54:14.223Z,deep_scan,20260802112912_1A-4-7-8-17-28C,30,8,0,4,M22,AA7350,1,32
2026-08-02T12:54:14.223Z,deep_scan,20260802112912_1A-4-7-8-17-28C,30,8,0,5,M10,AA6941,0,5
2026-08-02T12:54:14.223Z,deep_scan,20260802112912_1A-4-7-8-17-28C,30,8,0,10,M270/2,AA2719,1,12
2026-08-02T12:54:14.223Z,deep_scan,20260802112912_1A-4-7-8-17-28C,30,8,0,14,M159,AA7086,0,25
2026-08-02T12:54:44.192Z,deep_scan,20260802112912_1A-4-7-8-17-28C,30,8,1,4,M251,AA7622,0,30
2026-08-02T12:54:44.192Z,deep_scan,20260802112912_1A-4-7-8-17-28C,30,8,1,8,M75,AA3018,0,11
2026-08-02T12:54:44.192Z,deep_scan,20260802112912_1A-4-7-8-17-28C,30,8,1,19,M21/1,AB6503,0,3
2026-08-02T12:54:44.208Z,deep_scan,20260802112912_1A-4-7-8-17-28C,30,8,0,4,M22,AA7350,1,3
2026-08-02T12:54:44.208Z,deep_scan,20260802112912_1A-4-7-8-17-28C,30,8,0,5,M10,AA6941,0,5
2026-08-02T12:54:44.208Z,deep_scan,20260802112912_1A-4-7-8-17-28C,30,8,0,10,M270/2,AA2719,1,23
2026-08-02T12:54:44.208Z,deep_scan,20260802112912_1A-4-7-8-17-28C,30,8,0,15,M262,AA7086,1,20
2026-08-02T12:55:14.205Z,deep_scan,20260802112912_1A-4-7-8-17-28C,30,8,1,4,M251,AA7622,0,9
2026-08-02T12:55:14.205Z,deep_scan,20260802112912_1A-4-7-8-17-28C,30,8,1,8,M75,AA3018,0,17
2026-08-02T12:55:14.205Z,deep_scan,20260802112912_1A-4-7-8-17-28C,30,8,1,19,M21/1,AB6503,0,3
2026-08-02T12:55:14.218Z,deep_scan,20260802112912_1A-4-7-8-17-28C,30,8,0,4,M22,AA7350,1,3
2026-08-02T12:55:14.218Z,deep_scan,20260802112912_1A-4-7-8-17-28C,30,8,0,5,M10,AA6941,0,5
2026-08-02T12:55:14.218Z,deep_scan,20260802112912_1A-4-7-8-17-28C,30,8,0,10,M270/2,AA2719,0,19
2026-08-02T12:55:14.218Z,deep_scan,20260802112912_1A-4-7-8-17-28C,30,8,0,15,M262,AA7086,0,30
2026-08-02T12:55:44.184Z,deep_scan,20260802112912_1A-4-7-8-17-28C,30,8,1,4,M251,AA7622,0,24
2026-08-02T12:55:44.184Z,deep_scan,20260802112912_1A-4-7-8-17-28C,30,8,1,9,M237,AA3018,1,13
2026-08-02T12:55:44.184Z,deep_scan,20260802112912_1A-4-7-8-17-28C,30,8,1,19,M21/1,AB6503,0,3
2026-08-02T12:55:44.209Z,deep_scan,20260802112912_1A-4-7-8-17-28C,30,8,0,4,M22,AA7350,0,25
2026-08-02T12:55:44.209Z,deep_scan,20260802112912_1A-4-7-8-17-28C,30,8,0,5,M10,AA6941,0,5
2026-08-02T12:55:44.209Z,deep_scan,20260802112912_1A-4-7-8-17-28C,30,8,0,11,M153,AA2719,1,19
2026-08-02T12:55:44.209Z,deep_scan,20260802112912_1A-4-7-8-17-28C,30,8,0,15,M262,AA7086,0,19
2026-08-02T12:56:14.190Z,deep_scan,20260802112912_1A-4-7-8-17-28C,30,8,0,4,M22,AA7350,0,21
2026-08-02T12:56:14.190Z,deep_scan,20260802112912_1A-4-7-8-17-28C,30,8,0,5,M10,AA6941,0,5
2026-08-02T12:56:14.190Z,deep_scan,20260802112912_1A-4-7-8-17-28C,30,8,0,11,M153,AA2719,0,25
2026-08-02T12:56:14.190Z,deep_scan,20260802112912_1A-4-7-8-17-28C,30,8,0,15,M262,AA7086,0,6
2026-08-02T12:56:14.203Z,deep_scan,20260802112912_1A-4-7-8-17-28C,30,8,1,5,M263,AA7622,0,32
2026-08-02T12:56:14.203Z,deep_scan,20260802112912_1A-4-7-8-17-28C,30,8,1,9,M237,AA3018,1,14
2026-08-02T12:56:14.203Z,deep_scan,20260802112912_1A-4-7-8-17-28C,30,8,1,20,M24,AB6503,1,6
2026-08-02T12:56:44.169Z,deep_scan,20260802112912_1A-4-7-8-17-28C,30,8,0,4,M22,AA7350,0,21
2026-08-02T12:56:44.169Z,deep_scan,20260802112912_1A-4-7-8-17-28C,30,8,0,5,M10,AA6941,0,5
2026-08-02T12:56:44.169Z,deep_scan,20260802112912_1A-4-7-8-17-28C,30,8,0,11,M153,AA2719,0,25
2026-08-02T12:56:44.169Z,deep_scan,20260802112912_1A-4-7-8-17-28C,30,8,0,15,M262,AA7086,0,11
2026-08-02T12:56:44.176Z,deep_scan,20260802112912_1A-4-7-8-17-28C,30,8,1,5,M263,AA7622,0,17
2026-08-02T12:56:44.176Z,deep_scan,20260802112912_1A-4-7-8-17-28C,30,8,1,9,M237,AA3018,1,14
2026-08-02T12:56:44.176Z,deep_scan,20260802112912_1A-4-7-8-17-28C,30,8,1,20,M24,AB6503,0,25
2026-08-02T12:57:14.236Z,deep_scan,20260802112912_1A-4-7-8-17-28C,30,8,1,5,M263,AA7622,0,22
2026-08-02T12:57:14.236Z,deep_scan,20260802112912_1A-4-7-8-17-28C,30,8,1,9,M237,AA3018,0,11
2026-08-02T12:57:14.236Z,deep_scan,20260802112912_1A-4-7-8-17-28C,30,8,1,21,M208,AB6503,1,11
2026-08-02T12:57:14.247Z,deep_scan,20260802112912_1A-4-7-8-17-28C,30,8,0,4,M22,AA7350,0,22
2026-08-02T12:57:14.247Z,deep_scan,20260802112912_1A-4-7-8-17-28C,30,8,0,5,M10,AA6941,0,5
2026-08-02T12:57:14.247Z,deep_scan,20260802112912_1A-4-7-8-17-28C,30,8,0,12,M168,AA2719,1,2
2026-08-02T12:57:14.247Z,deep_scan,20260802112912_1A-4-7-8-17-28C,30,8,0,15,M262,AA7086,0,34
2026-08-02T12:57:44.203Z,deep_scan,20260802112912_1A-4-7-8-17-28C,30,8,1,0,M62/2,AA7510,1,11
2026-08-02T12:57:44.203Z,deep_scan,20260802112912_1A-4-7-8-17-28C,30,8,1,6,M160/1,AA7622,1,8
2026-08-02T12:57:44.203Z,deep_scan,20260802112912_1A-4-7-8-17-28C,30,8,1,9,M237,AA3018,0,4
2026-08-02T12:57:44.203Z,deep_scan,20260802112912_1A-4-7-8-17-28C,30,8,1,21,M208,AB6503,0,25
2026-08-02T12:57:44.235Z,deep_scan,20260802112912_1A-4-7-8-17-28C,30,8,0,4,M22,AA7350,0,3
2026-08-02T12:57:44.235Z,deep_scan,20260802112912_1A-4-7-8-17-28C,30,8,0,5,M10,AA6941,0,5
2026-08-02T12:57:44.235Z,deep_scan,20260802112912_1A-4-7-8-17-28C,30,8,0,12,M168,AA2719,0,23
2026-08-02T12:57:44.235Z,deep_scan,20260802112912_1A-4-7-8-17-28C,30,8,0,15,M262,AA7086,0,30
2026-08-02T12:58:14.179Z,deep_scan,20260802112912_1A-4-7-8-17-28C,30,8,1,0,M62/2,AA7510,1,7
2026-08-02T12:58:14.179Z,deep_scan,20260802112912_1A-4-7-8-17-28C,30,8,1,6,M160/1,AA7622,1,8
2026-08-02T12:58:14.179Z,deep_scan,20260802112912_1A-4-7-8-17-28C,30,8,1,9,M237,AA3018,0,10
2026-08-02T12:58:14.179Z,deep_scan,20260802112912_1A-4-7-8-17-28C,30,8,1,21,M208,AB6503,0,29
2026-08-02T12:58:14.243Z,deep_scan,20260802112912_1A-4-7-8-17-28C,30,8,0,4,M22,AA7350,0,15
2026-08-02T12:58:14.243Z,deep_scan,20260802112912_1A-4-7-8-17-28C,30,8,0,5,M10,AA6941,0,5
2026-08-02T12:58:14.243Z,deep_scan,20260802112912_1A-4-7-8-17-28C,30,8,0,12,M168,AA2719,0,13
2026-08-02T12:58:14.243Z,deep_scan,20260802112912_1A-4-7-8-17-28C,30,8,0,16,M259,AA7086,1,27
2026-08-02T12:58:44.224Z,deep_scan,20260802112912_1A-4-7-8-17-28C,30,8,1,0,M62/2,AA7510,0,5
2026-08-02T12:58:44.224Z,deep_scan,20260802112912_1A-4-7-8-17-28C,30,8,1,6,M160/1,AA7622,0,9
2026-08-02T12:58:44.224Z,deep_scan,20260802112912_1A-4-7-8-17-28C,30,8,1,10,M245,AA3018,0,19
2026-08-02T12:58:44.224Z,deep_scan,20260802112912_1A-4-7-8-17-28C,30,8,1,21,M208,AB6503,0,30
2026-08-02T12:58:44.228Z,deep_scan,20260802112912_1A-4-7-8-17-28C,30,8,0,5,M10,AA6941,0,5
2026-08-02T12:58:44.228Z,deep_scan,20260802112912_1A-4-7-8-17-28C,30,8,0,6,M16/2,AA7350,1,2
2026-08-02T12:58:44.228Z,deep_scan,20260802112912_1A-4-7-8-17-28C,30,8,0,12,M168,AA2719,0,6
2026-08-02T12:58:44.228Z,deep_scan,20260802112912_1A-4-7-8-17-28C,30,8,0,16,M259,AA7086,0,29
2026-08-02T12:59:14.265Z,deep_scan,20260802112912_1A-4-7-8-17-28C,30,8,1,0,M62/2,AA7510,0,17
2026-08-02T12:59:14.265Z,deep_scan,20260802112912_1A-4-7-8-17-28C,30,8,1,6,M160/1,AA7622,0,32
2026-08-02T12:59:14.265Z,deep_scan,20260802112912_1A-4-7-8-17-28C,30,8,1,11,M119,AA3018,1,11
2026-08-02T12:59:14.265Z,deep_scan,20260802112912_1A-4-7-8-17-28C,30,8,1,22,M267,AB6503,1,0
2026-08-02T12:59:14.288Z,deep_scan,20260802112912_1A-4-7-8-17-28C,30,8,0,5,M10,AA6941,0,5
2026-08-02T12:59:14.288Z,deep_scan,20260802112912_1A-4-7-8-17-28C,30,8,0,6,M16/2,AA7350,1,2
2026-08-02T12:59:14.288Z,deep_scan,20260802112912_1A-4-7-8-17-28C,30,8,0,12,M168,AA2719,0,3
2026-08-02T12:59:14.288Z,deep_scan,20260802112912_1A-4-7-8-17-28C,30,8,0,16,M259,AA7086,0,30
2026-08-02T12:59:44.218Z,deep_scan,20260802112912_1A-4-7-8-17-28C,30,8,1,0,M62/2,AA7510,0,36
2026-08-02T12:59:44.218Z,deep_scan,20260802112912_1A-4-7-8-17-28C,30,8,1,6,M160/1,AA7622,0,23
2026-08-02T12:59:44.218Z,deep_scan,20260802112912_1A-4-7-8-17-28C,30,8,1,11,M119,AA3018,1,1
2026-08-02T12:59:44.218Z,deep_scan,20260802112912_1A-4-7-8-17-28C,30,8,1,22,M267,AB6503,1,0
2026-08-02T12:59:44.229Z,deep_scan,20260802112912_1A-4-7-8-17-28C,30,8,0,5,M10,AA6941,0,5
2026-08-02T12:59:44.229Z,deep_scan,20260802112912_1A-4-7-8-17-28C,30,8,0,6,M16/2,AA7350,1,2
2026-08-02T12:59:44.229Z,deep_scan,20260802112912_1A-4-7-8-17-28C,30,8,0,13,M69/2,AA2719,1,13
2026-08-02T12:59:44.229Z,deep_scan,20260802112912_1A-4-7-8-17-28C,30,8,0,16,M259,AA7086,0,18
2026-08-02T13:00:14.328Z,deep_scan,20260802112912_1A-4-7-8-17-28C,30,8,1,0,M62/2,AA7510,0,6
2026-08-02T13:00:14.328Z,deep_scan,20260802112912_1A-4-7-8-17-28C,30,8,1,6,M160/1,AA7622,0,9
2026-08-02T13:00:14.328Z,deep_scan,20260802112912_1A-4-7-8-17-28C,30,8,1,11,M119,AA3018,1,1
2026-08-02T13:00:14.328Z,deep_scan,20260802112912_1A-4-7-8-17-28C,30,8,1,22,M267,AB6503,1,0
2026-08-02T13:00:14.337Z,deep_scan,20260802112912_1A-4-7-8-17-28C,30,8,0,5,M10,AA6941,0,5
2026-08-02T13:00:14.337Z,deep_scan,20260802112912_1A-4-7-8-17-28C,30,8,0,6,M16/2,AA7350,0,2
2026-08-02T13:00:14.337Z,deep_scan,20260802112912_1A-4-7-8-17-28C,30,8,0,14,M159,AA2719,1,26
2026-08-02T13:00:14.337Z,deep_scan,20260802112912_1A-4-7-8-17-28C,30,8,0,17,M62/2,AA7086,1,0
2026-08-02T13:01:25.199Z,deep_scan,20260802112912_1A-4-7-8-17-28C,30,8,0,6,M16/2,AA7350,0,15
2026-08-02T13:01:25.199Z,deep_scan,20260802112912_1A-4-7-8-17-28C,30,8,0,14,M159,AA2719,0,31
2026-08-02T13:01:25.199Z,deep_scan,20260802112912_1A-4-7-8-17-28C,30,8,0,17,M62/2,AA7086,1,0
2026-08-02T13:01:25.231Z,deep_scan,20260802112912_1A-4-7-8-17-28C,30,8,1,0,M62/2,AA7510,0,41
2026-08-02T13:01:25.231Z,deep_scan,20260802112912_1A-4-7-8-17-28C,30,8,1,7,M100,AA7622,1,7
2026-08-02T13:01:25.231Z,deep_scan,20260802112912_1A-4-7-8-17-28C,30,8,1,12,M110,AA3018,1,8
2026-08-02T13:01:25.231Z,deep_scan,20260802112912_1A-4-7-8-17-28C,30,8,1,22,M267,AB6503,1,0
2026-08-02T13:01:55.113Z,deep_scan,20260802112912_1A-4-7-8-17-28C,30,8,1,0,M62/2,AA7510,0,25
2026-08-02T13:01:55.113Z,deep_scan,20260802112912_1A-4-7-8-17-28C,30,8,1,7,M100,AA7622,0,22
2026-08-02T13:01:55.113Z,deep_scan,20260802112912_1A-4-7-8-17-28C,30,8,1,12,M110,AA3018,1,11
2026-08-02T13:01:55.113Z,deep_scan,20260802112912_1A-4-7-8-17-28C,30,8,1,22,M267,AB6503,1,0
2026-08-02T13:01:55.167Z,deep_scan,20260802112912_1A-4-7-8-17-28C,30,8,0,6,M16/2,AA7350,0,21
2026-08-02T13:01:55.167Z,deep_scan,20260802112912_1A-4-7-8-17-28C,30,8,0,14,M159,AA2719,0,3
2026-08-02T13:01:55.167Z,deep_scan,20260802112912_1A-4-7-8-17-28C,30,8,0,17,M62/2,AA7086,1,0
2026-08-02T13:02:25.144Z,deep_scan,20260802112912_1A-4-7-8-17-28C,30,8,1,0,M62/2,AA7510,0,34
2026-08-02T13:02:25.144Z,deep_scan,20260802112912_1A-4-7-8-17-28C,30,8,1,7,M100,AA7622,0,2
2026-08-02T13:02:25.144Z,deep_scan,20260802112912_1A-4-7-8-17-28C,30,8,1,13,M86,AA3018,1,5
2026-08-02T13:02:25.144Z,deep_scan,20260802112912_1A-4-7-8-17-28C,30,8,1,22,M267,AB6503,1,0
2026-08-02T13:02:25.159Z,deep_scan,20260802112912_1A-4-7-8-17-28C,30,8,0,6,M16/2,AA7350,0,34
2026-08-02T13:02:25.159Z,deep_scan,20260802112912_1A-4-7-8-17-28C,30,8,0,14,M159,AA2719,0,26
2026-08-02T13:02:25.159Z,deep_scan,20260802112912_1A-4-7-8-17-28C,30,8,0,17,M62/2,AA7086,1,0
2026-08-02T13:02:55.130Z,deep_scan,20260802112912_1A-4-7-8-17-28C,30,8,1,2,M266,AA7510,1,34
2026-08-02T13:02:55.130Z,deep_scan,20260802112912_1A-4-7-8-17-28C,30,8,1,7,M100,AA7622,0,27
2026-08-02T13:02:55.130Z,deep_scan,20260802112912_1A-4-7-8-17-28C,30,8,1,13,M86,AA3018,1,5
2026-08-02T13:02:55.130Z,deep_scan,20260802112912_1A-4-7-8-17-28C,30,8,1,22,M267,AB6503,1,0
2026-08-02T13:02:55.151Z,deep_scan,20260802112912_1A-4-7-8-17-28C,30,8,0,6,M16/2,AA7350,0,16
2026-08-02T13:02:55.151Z,deep_scan,20260802112912_1A-4-7-8-17-28C,30,8,0,15,M262,AA2719,1,31
2026-08-02T13:02:55.151Z,deep_scan,20260802112912_1A-4-7-8-17-28C,30,8,0,17,M62/2,AA7086,1,0
2026-08-02T13:03:25.152Z,deep_scan,20260802112912_1A-4-7-8-17-28C,30,8,0,7,M116,AA7350,1,16
2026-08-02T13:03:25.152Z,deep_scan,20260802112912_1A-4-7-8-17-28C,30,8,0,15,M262,AA2719,1,3
2026-08-02T13:03:25.152Z,deep_scan,20260802112912_1A-4-7-8-17-28C,30,8,0,17,M62/2,AA7086,1,0
2026-08-02T13:03:25.171Z,deep_scan,20260802112912_1A-4-7-8-17-28C,30,8,1,2,M266,AA7510,0,18
2026-08-02T13:03:25.171Z,deep_scan,20260802112912_1A-4-7-8-17-28C,30,8,1,7,M100,AA7622,0,27
2026-08-02T13:03:25.171Z,deep_scan,20260802112912_1A-4-7-8-17-28C,30,8,1,13,M86,AA3018,1,5
2026-08-02T13:03:25.171Z,deep_scan,20260802112912_1A-4-7-8-17-28C,30,8,1,22,M267,AB6503,1,0
2026-08-02T13:03:55.124Z,deep_scan,20260802112912_1A-4-7-8-17-28C,30,8,0,7,M116,AA7350,1,16
2026-08-02T13:03:55.124Z,deep_scan,20260802112912_1A-4-7-8-17-28C,30,8,0,15,M262,AA2719,1,5
2026-08-02T13:03:55.124Z,deep_scan,20260802112912_1A-4-7-8-17-28C,30,8,0,17,M62/2,AA7086,1,0
2026-08-02T13:03:55.163Z,deep_scan,20260802112912_1A-4-7-8-17-28C,30,8,1,2,M266,AA7510,0,22
2026-08-02T13:03:55.163Z,deep_scan,20260802112912_1A-4-7-8-17-28C,30,8,1,8,M75,AA7622,1,10
2026-08-02T13:03:55.163Z,deep_scan,20260802112912_1A-4-7-8-17-28C,30,8,1,13,M86,AA3018,1,7
2026-08-02T13:04:25.147Z,deep_scan,20260802112912_1A-4-7-8-17-28C,30,8,0,7,M116,AA7350,0,28
2026-08-02T13:04:25.147Z,deep_scan,20260802112912_1A-4-7-8-17-28C,30,8,0,15,M262,AA2719,0,11
2026-08-02T13:04:25.152Z,deep_scan,20260802112912_1A-4-7-8-17-28C,30,8,1,3,M257,AA7510,0,34
2026-08-02T13:04:25.152Z,deep_scan,20260802112912_1A-4-7-8-17-28C,30,8,1,8,M75,AA7622,0,9
2026-08-02T13:04:25.152Z,deep_scan,20260802112912_1A-4-7-8-17-28C,30,8,1,14,M92,AA3018,1,13
2026-08-02T13:05:31.562Z,deep_scan,20260802112912_1A-4-7-8-17-28C,30,8,1,3,M257,AA7510,0,24
2026-08-02T13:05:31.562Z,deep_scan,20260802112912_1A-4-7-8-17-28C,30,8,1,8,M75,AA7622,0,2
2026-08-02T13:05:31.562Z,deep_scan,20260802112912_1A-4-7-8-17-28C,30,8,1,14,M92,AA3018,1,5
2026-08-02T13:05:32.463Z,deep_scan,20260802112912_1A-4-7-8-17-28C,30,8,0,8,M81,AA7350,1,13
2026-08-02T13:05:32.463Z,deep_scan,20260802112912_1A-4-7-8-17-28C,30,8,0,15,M262,AA2719,0,33
2026-08-02T13:06:01.472Z,deep_scan,20260802112912_1A-4-7-8-17-28C,30,8,0,8,M81,AA7350,1,13
2026-08-02T13:06:01.472Z,deep_scan,20260802112912_1A-4-7-8-17-28C,30,8,0,15,M262,AA2719,0,43
2026-08-02T13:06:01.479Z,deep_scan,20260802112912_1A-4-7-8-17-28C,30,8,1,3,M257,AA7510,0,2
2026-08-02T13:06:01.479Z,deep_scan,20260802112912_1A-4-7-8-17-28C,30,8,1,8,M75,AA7622,0,2
2026-08-02T13:06:01.479Z,deep_scan,20260802112912_1A-4-7-8-17-28C,30,8,1,14,M92,AA3018,1,5
2026-08-02T13:06:31.379Z,deep_scan,20260802112912_1A-4-7-8-17-28C,30,8,0,0,M267,AB6503,1,7
2026-08-02T13:06:31.379Z,deep_scan,20260802112912_1A-4-7-8-17-28C,30,8,0,9,M78,AA7350,1,22
2026-08-02T13:06:31.379Z,deep_scan,20260802112912_1A-4-7-8-17-28C,30,8,0,16,M259,AA2719,1,32
2026-08-02T13:06:32.508Z,deep_scan,20260802112912_1A-4-7-8-17-28C,30,8,1,3,M257,AA7510,0,2
2026-08-02T13:06:32.508Z,deep_scan,20260802112912_1A-4-7-8-17-28C,30,8,1,8,M75,AA7622,0,2
2026-08-02T13:06:32.508Z,deep_scan,20260802112912_1A-4-7-8-17-28C,30,8,1,14,M92,AA3018,0,2
2026-08-02T13:07:01.435Z,deep_scan,20260802112912_1A-4-7-8-17-28C,30,8,1,4,M251,AA7510,1,39
2026-08-02T13:07:01.435Z,deep_scan,20260802112912_1A-4-7-8-17-28C,30,8,1,9,M237,AA7622,1,20
2026-08-02T13:07:01.435Z,deep_scan,20260802112912_1A-4-7-8-17-28C,30,8,1,14,M92,AA3018,0,21
2026-08-02T13:07:01.493Z,deep_scan,20260802112912_1A-4-7-8-17-28C,30,8,0,0,M267,AB6503,0,16
2026-08-02T13:07:01.493Z,deep_scan,20260802112912_1A-4-7-8-17-28C,30,8,0,9,M78,AA7350,0,12
2026-08-02T13:07:01.493Z,deep_scan,20260802112912_1A-4-7-8-17-28C,30,8,0,16,M259,AA2719,0,17
2026-08-02T13:07:33.453Z,deep_scan,20260802112912_1A-4-7-8-17-28C,30,8,1,4,M251,AA7510,1,19
2026-08-02T13:07:33.453Z,deep_scan,20260802112912_1A-4-7-8-17-28C,30,8,1,9,M237,AA7622,1,21
2026-08-02T13:07:33.453Z,deep_scan,20260802112912_1A-4-7-8-17-28C,30,8,1,15,M39,AA3018,1,23
2026-08-02T13:07:34.518Z,deep_scan,20260802112912_1A-4-7-8-17-28C,30,8,0,1,M209/2,AB6503,1,23
2026-08-02T13:07:34.518Z,deep_scan,20260802112912_1A-4-7-8-17-28C,30,8,0,9,M78,AA7350,0,21
2026-08-02T13:07:34.518Z,deep_scan,20260802112912_1A-4-7-8-17-28C,30,8,0,16,M259,AA2719,0,34
2026-08-02T13:08:45.470Z,deep_scan,20260802112912_1A-4-7-8-17-28C,30,8,0,1,M209/2,AB6503,0,16
2026-08-02T13:08:45.470Z,deep_scan,20260802112912_1A-4-7-8-17-28C,30,8,0,10,M270/2,AA7350,0,14
2026-08-02T13:08:45.470Z,deep_scan,20260802112912_1A-4-7-8-17-28C,30,8,0,17,M62/2,AA2719,1,0
2026-08-02T13:08:45.524Z,deep_scan,20260802112912_1A-4-7-8-17-28C,30,8,1,4,M251,AA7510,0,29
2026-08-02T13:08:45.524Z,deep_scan,20260802112912_1A-4-7-8-17-28C,30,8,1,10,M245,AA7622,0,16
2026-08-02T13:08:45.524Z,deep_scan,20260802112912_1A-4-7-8-17-28C,30,8,1,15,M39,AA3018,0,11
2026-08-02T13:09:15.385Z,deep_scan,20260802112912_1A-4-7-8-17-28C,30,8,0,2,M211,AB6503,1,25
2026-08-02T13:09:15.385Z,deep_scan,20260802112912_1A-4-7-8-17-28C,30,8,0,11,M153,AA7350,1,2
2026-08-02T13:09:15.385Z,deep_scan,20260802112912_1A-4-7-8-17-28C,30,8,0,17,M62/2,AA2719,1,0
2026-08-02T13:09:15.409Z,deep_scan,20260802112912_1A-4-7-8-17-28C,30,8,1,0,M62/2,AA7086,1,9
2026-08-02T13:09:15.409Z,deep_scan,20260802112912_1A-4-7-8-17-28C,30,8,1,4,M251,AA7510,0,16
2026-08-02T13:09:15.409Z,deep_scan,20260802112912_1A-4-7-8-17-28C,30,8,1,11,M119,AA7622,1,2
2026-08-02T13:09:15.409Z,deep_scan,20260802112912_1A-4-7-8-17-28C,30,8,1,16,M28/1,AA3018,1,15
2026-08-02T13:09:45.375Z,deep_scan,20260802112912_1A-4-7-8-17-28C,30,8,1,0,M62/2,AA7086,1,6
2026-08-02T13:09:45.375Z,deep_scan,20260802112912_1A-4-7-8-17-28C,30,8,1,4,M251,AA7510,0,16
2026-08-02T13:09:45.375Z,deep_scan,20260802112912_1A-4-7-8-17-28C,30,8,1,11,M119,AA7622,1,11
2026-08-02T13:09:45.375Z,deep_scan,20260802112912_1A-4-7-8-17-28C,30,8,1,16,M28/1,AA3018,1,15
2026-08-02T13:09:45.406Z,deep_scan,20260802112912_1A-4-7-8-17-28C,30,8,0,2,M211,AB6503,0,21
2026-08-02T13:09:45.406Z,deep_scan,20260802112912_1A-4-7-8-17-28C,30,8,0,11,M153,AA7350,0,29
2026-08-02T13:09:45.406Z,deep_scan,20260802112912_1A-4-7-8-17-28C,30,8,0,17,M62/2,AA2719,1,0
2026-08-02T13:10:15.426Z,deep_scan,20260802112912_1A-4-7-8-17-28C,30,8,1,0,M62/2,AA7086,0,13
2026-08-02T13:10:15.426Z,deep_scan,20260802112912_1A-4-7-8-17-28C,30,8,1,5,M263,AA7510,1,33
2026-08-02T13:10:15.426Z,deep_scan,20260802112912_1A-4-7-8-17-28C,30,8,1,11,M119,AA7622,0,12
2026-08-02T13:10:15.426Z,deep_scan,20260802112912_1A-4-7-8-17-28C,30,8,1,16,M28/1,AA3018,1,19
2026-08-02T13:10:15.452Z,deep_scan,20260802112912_1A-4-7-8-17-28C,30,8,0,2,M211,AB6503,0,20
2026-08-02T13:10:15.452Z,deep_scan,20260802112912_1A-4-7-8-17-28C,30,8,0,11,M153,AA7350,0,13
2026-08-02T13:10:15.452Z,deep_scan,20260802112912_1A-4-7-8-17-28C,30,8,0,17,M62/2,AA2719,1,0
2026-08-02T13:10:45.382Z,deep_scan,20260802112912_1A-4-7-8-17-28C,30,8,1,0,M62/2,AA7086,0,27
2026-08-02T13:10:45.382Z,deep_scan,20260802112912_1A-4-7-8-17-28C,30,8,1,5,M263,AA7510,1,33
2026-08-02T13:10:45.382Z,deep_scan,20260802112912_1A-4-7-8-17-28C,30,8,1,12,M110,AA7622,1,24
2026-08-02T13:10:45.382Z,deep_scan,20260802112912_1A-4-7-8-17-28C,30,8,1,16,M28/1,AA3018,0,6
2026-08-02T13:10:45.390Z,deep_scan,20260802112912_1A-4-7-8-17-28C,30,8,0,3,M25,AB6503,1,18
2026-08-02T13:10:45.390Z,deep_scan,20260802112912_1A-4-7-8-17-28C,30,8,0,11,M153,AA7350,0,13
2026-08-02T13:10:45.390Z,deep_scan,20260802112912_1A-4-7-8-17-28C,30,8,0,17,M62/2,AA2719,1,0
2026-08-02T13:11:53.678Z,deep_scan,20260802112912_1A-4-7-8-17-28C,30,8,1,0,M62/2,AA7086,0,14
2026-08-02T13:11:53.678Z,deep_scan,20260802112912_1A-4-7-8-17-28C,30,8,1,5,M263,AA7510,0,24
2026-08-02T13:11:53.678Z,deep_scan,20260802112912_1A-4-7-8-17-28C,30,8,1,13,M86,AA7622,1,3
2026-08-02T13:11:53.678Z,deep_scan,20260802112912_1A-4-7-8-17-28C,30,8,1,16,M28/1,AA3018,0,6
2026-08-02T13:11:53.688Z,deep_scan,20260802112912_1A-4-7-8-17-28C,30,8,0,3,M25,AB6503,0,17
2026-08-02T13:11:53.688Z,deep_scan,20260802112912_1A-4-7-8-17-28C,30,8,0,12,M168,AA7350,0,25
2026-08-02T13:11:53.688Z,deep_scan,20260802112912_1A-4-7-8-17-28C,30,8,0,17,M62/2,AA2719,1,0
2026-08-02T13:12:23.622Z,deep_scan,20260802112912_1A-4-7-8-17-28C,30,8,1,0,M62/2,AA7086,0,34
2026-08-02T13:12:23.622Z,deep_scan,20260802112912_1A-4-7-8-17-28C,30,8,1,5,M263,AA7510,0,7
2026-08-02T13:12:23.622Z,deep_scan,20260802112912_1A-4-7-8-17-28C,30,8,1,13,M86,AA7622,1,11
2026-08-02T13:12:23.622Z,deep_scan,20260802112912_1A-4-7-8-17-28C,30,8,1,16,M28/1,AA3018,0,20
2026-08-02T13:12:23.651Z,deep_scan,20260802112912_1A-4-7-8-17-28C,30,8,0,3,M25,AB6503,0,17
2026-08-02T13:12:23.651Z,deep_scan,20260802112912_1A-4-7-8-17-28C,30,8,0,12,M168,AA7350,0,27
2026-08-02T13:12:23.651Z,deep_scan,20260802112912_1A-4-7-8-17-28C,30,8,0,17,M62/2,AA2719,1,0
2026-08-02T13:12:53.602Z,deep_scan,20260802112912_1A-4-7-8-17-28C,30,8,0,3,M25,AB6503,0,9
2026-08-02T13:12:53.602Z,deep_scan,20260802112912_1A-4-7-8-17-28C,30,8,0,12,M168,AA7350,0,19
2026-08-02T13:12:53.641Z,deep_scan,20260802112912_1A-4-7-8-17-28C,30,8,1,0,M62/2,AA7086,0,39
2026-08-02T13:12:53.641Z,deep_scan,20260802112912_1A-4-7-8-17-28C,30,8,1,6,M160/1,AA7510,1,14
2026-08-02T13:12:53.641Z,deep_scan,20260802112912_1A-4-7-8-17-28C,30,8,1,14,M92,AA7622,1,22
2026-08-02T13:12:53.641Z,deep_scan,20260802112912_1A-4-7-8-17-28C,30,8,1,17,M11,AA3018,1,19
2026-08-02T13:13:23.628Z,deep_scan,20260802112912_1A-4-7-8-17-28C,30,8,0,4,M22,AB6503,1,4
2026-08-02T13:13:23.628Z,deep_scan,20260802112912_1A-4-7-8-17-28C,30,8,0,13,M69/2,AA7350,1,17
2026-08-02T13:13:23.639Z,deep_scan,20260802112912_1A-4-7-8-17-28C,30,8,1,0,M62/2,AA7086,0,6
2026-08-02T13:13:23.639Z,deep_scan,20260802112912_1A-4-7-8-17-28C,30,8,1,6,M160/1,AA7510,1,14
2026-08-02T13:13:23.639Z,deep_scan,20260802112912_1A-4-7-8-17-28C,30,8,1,14,M92,AA7622,1,1
2026-08-02T13:13:23.639Z,deep_scan,20260802112912_1A-4-7-8-17-28C,30,8,1,17,M11,AA3018,0,10
2026-08-02T13:13:53.707Z,deep_scan,20260802112912_1A-4-7-8-17-28C,30,8,1,1,M264,AA7086,1,33
2026-08-02T13:13:53.707Z,deep_scan,20260802112912_1A-4-7-8-17-28C,30,8,1,6,M160/1,AA7510,1,12
2026-08-02T13:13:53.707Z,deep_scan,20260802112912_1A-4-7-8-17-28C,30,8,1,14,M92,AA7622,1,1
2026-08-02T13:13:53.707Z,deep_scan,20260802112912_1A-4-7-8-17-28C,30,8,1,18,M12,AA3018,1,14
2026-08-02T13:13:53.710Z,deep_scan,20260802112912_1A-4-7-8-17-28C,30,8,0,4,M22,AB6503,1,4
2026-08-02T13:13:53.710Z,deep_scan,20260802112912_1A-4-7-8-17-28C,30,8,0,13,M69/2,AA7350,1,17
2026-08-02T13:14:23.650Z,deep_scan,20260802112912_1A-4-7-8-17-28C,30,8,0,4,M22,AB6503,1,4
2026-08-02T13:14:23.650Z,deep_scan,20260802112912_1A-4-7-8-17-28C,30,8,0,13,M69/2,AA7350,1,7
2026-08-02T13:14:23.665Z,deep_scan,20260802112912_1A-4-7-8-17-28C,30,8,1,2,M266,AA7086,0,25
2026-08-02T13:14:23.665Z,deep_scan,20260802112912_1A-4-7-8-17-28C,30,8,1,6,M160/1,AA7510,0,6
2026-08-02T13:14:23.665Z,deep_scan,20260802112912_1A-4-7-8-17-28C,30,8,1,14,M92,AA7622,1,6
2026-08-02T13:14:23.665Z,deep_scan,20260802112912_1A-4-7-8-17-28C,30,8,1,18,M12,AA3018,1,10
2026-08-02T13:14:53.579Z,deep_scan,20260802112912_1A-4-7-8-17-28C,30,8,0,4,M22,AB6503,0,23
2026-08-02T13:14:53.579Z,deep_scan,20260802112912_1A-4-7-8-17-28C,30,8,0,14,M159,AA7350,1,14
2026-08-02T13:14:53.689Z,deep_scan,20260802112912_1A-4-7-8-17-28C,30,8,1,2,M266,AA7086,0,9
2026-08-02T13:14:53.689Z,deep_scan,20260802112912_1A-4-7-8-17-28C,30,8,1,6,M160/1,AA7510,0,20
2026-08-02T13:14:53.689Z,deep_scan,20260802112912_1A-4-7-8-17-28C,30,8,1,14,M92,AA7622,1,2
2026-08-02T13:14:53.689Z,deep_scan,20260802112912_1A-4-7-8-17-28C,30,8,1,18,M12,AA3018,1,6
2026-08-02T13:15:23.675Z,deep_scan,20260802112912_1A-4-7-8-17-28C,30,8,1,3,M257,AA7086,1,28
2026-08-02T13:15:23.675Z,deep_scan,20260802112912_1A-4-7-8-17-28C,30,8,1,6,M160/1,AA7510,0,28
2026-08-02T13:15:23.675Z,deep_scan,20260802112912_1A-4-7-8-17-28C,30,8,1,14,M92,AA7622,0,2
2026-08-02T13:15:23.675Z,deep_scan,20260802112912_1A-4-7-8-17-28C,30,8,1,18,M12,AA3018,0,3
2026-08-02T13:15:23.679Z,deep_scan,20260802112912_1A-4-7-8-17-28C,30,8,0,4,M22,AB6503,0,16
2026-08-02T13:15:23.679Z,deep_scan,20260802112912_1A-4-7-8-17-28C,30,8,0,14,M159,AA7350,0,14
2026-08-02T13:15:53.727Z,deep_scan,20260802112912_1A-4-7-8-17-28C,30,8,1,3,M257,AA7086,0,24
2026-08-02T13:15:53.727Z,deep_scan,20260802112912_1A-4-7-8-17-28C,30,8,1,6,M160/1,AA7510,0,23
2026-08-02T13:15:53.727Z,deep_scan,20260802112912_1A-4-7-8-17-28C,30,8,1,14,M92,AA7622,0,19
2026-08-02T13:15:53.727Z,deep_scan,20260802112912_1A-4-7-8-17-28C,30,8,1,18,M12,AA3018,0,2
2026-08-02T13:15:53.748Z,deep_scan,20260802112912_1A-4-7-8-17-28C,30,8,0,4,M22,AB6503,0,16
2026-08-02T13:15:53.748Z,deep_scan,20260802112912_1A-4-7-8-17-28C,30,8,0,14,M159,AA7350,0,37
2026-08-02T13:16:23.689Z,deep_scan,20260802112912_1A-4-7-8-17-28C,30,8,0,4,M22,AB6503,0,16
2026-08-02T13:16:23.689Z,deep_scan,20260802112912_1A-4-7-8-17-28C,30,8,0,14,M159,AA7350,0,37
2026-08-02T13:16:23.695Z,deep_scan,20260802112912_1A-4-7-8-17-28C,30,8,1,3,M257,AA7086,0,21
2026-08-02T13:16:23.695Z,deep_scan,20260802112912_1A-4-7-8-17-28C,30,8,1,6,M160/1,AA7510,0,23
2026-08-02T13:16:23.695Z,deep_scan,20260802112912_1A-4-7-8-17-28C,30,8,1,15,M39,AA7622,1,24
2026-08-02T13:16:23.695Z,deep_scan,20260802112912_1A-4-7-8-17-28C,30,8,1,19,M21/1,AA3018,1,11
2026-08-02T13:16:53.677Z,deep_scan,20260802112912_1A-4-7-8-17-28C,30,8,1,3,M257,AA7086,0,2
2026-08-02T13:16:53.677Z,deep_scan,20260802112912_1A-4-7-8-17-28C,30,8,1,6,M160/1,AA7510,0,26
2026-08-02T13:16:53.677Z,deep_scan,20260802112912_1A-4-7-8-17-28C,30,8,1,15,M39,AA7622,0,20
2026-08-02T13:16:53.677Z,deep_scan,20260802112912_1A-4-7-8-17-28C,30,8,1,19,M21/1,AA3018,1,11
2026-08-02T13:16:53.706Z,deep_scan,20260802112912_1A-4-7-8-17-28C,30,8,0,4,M22,AB6503,0,28
2026-08-02T13:16:53.706Z,deep_scan,20260802112912_1A-4-7-8-17-28C,30,8,0,14,M159,AA7350,0,8
2026-08-02T13:17:23.673Z,deep_scan,20260802112912_1A-4-7-8-17-28C,30,8,1,3,M257,AA7086,0,10
2026-08-02T13:17:23.673Z,deep_scan,20260802112912_1A-4-7-8-17-28C,30,8,1,7,M100,AA7510,1,16
2026-08-02T13:17:23.673Z,deep_scan,20260802112912_1A-4-7-8-17-28C,30,8,1,16,M28/1,AA7622,1,9
2026-08-02T13:17:23.673Z,deep_scan,20260802112912_1A-4-7-8-17-28C,30,8,1,19,M21/1,AA3018,0,20
2026-08-02T13:17:23.690Z,deep_scan,20260802112912_1A-4-7-8-17-28C,30,8,0,4,M22,AB6503,0,31
2026-08-02T13:17:23.690Z,deep_scan,20260802112912_1A-4-7-8-17-28C,30,8,0,14,M159,AA7350,0,11
2026-08-02T13:17:53.740Z,deep_scan,20260802112912_1A-4-7-8-17-28C,30,8,0,4,M22,AB6503,0,19
2026-08-02T13:17:53.740Z,deep_scan,20260802112912_1A-4-7-8-17-28C,30,8,0,15,M262,AA7350,1,26
2026-08-02T13:17:53.768Z,deep_scan,20260802112912_1A-4-7-8-17-28C,30,8,1,4,M251,AA7086,1,22
2026-08-02T13:17:53.768Z,deep_scan,20260802112912_1A-4-7-8-17-28C,30,8,1,7,M100,AA7510,0,24
2026-08-02T13:17:53.768Z,deep_scan,20260802112912_1A-4-7-8-17-28C,30,8,1,16,M28/1,AA7622,0,18
2026-08-02T13:17:53.768Z,deep_scan,20260802112912_1A-4-7-8-17-28C,30,8,1,19,M21/1,AA3018,0,21
2026-08-02T13:18:23.671Z,deep_scan,20260802112912_1A-4-7-8-17-28C,30,8,0,6,M16/2,AB6503,1,20
2026-08-02T13:18:23.671Z,deep_scan,20260802112912_1A-4-7-8-17-28C,30,8,0,15,M262,AA7350,0,19
2026-08-02T13:18:23.684Z,deep_scan,20260802112912_1A-4-7-8-17-28C,30,8,1,4,M251,AA7086,1,7
2026-08-02T13:18:23.684Z,deep_scan,20260802112912_1A-4-7-8-17-28C,30,8,1,7,M100,AA7510,0,44
2026-08-02T13:18:23.684Z,deep_scan,20260802112912_1A-4-7-8-17-28C,30,8,1,16,M28/1,AA7622,0,4
2026-08-02T13:18:23.684Z,deep_scan,20260802112912_1A-4-7-8-17-28C,30,8,1,19,M21/1,AA3018,0,21
2026-08-02T13:18:53.718Z,deep_scan,20260802112912_1A-4-7-8-17-28C,30,8,0,6,M16/2,AB6503,1,1
2026-08-02T13:18:53.718Z,deep_scan,20260802112912_1A-4-7-8-17-28C,30,8,0,15,M262,AA7350,0,16
2026-08-02T13:18:53.721Z,deep_scan,20260802112912_1A-4-7-8-17-28C,30,8,1,4,M251,AA7086,1,3
2026-08-02T13:18:53.721Z,deep_scan,20260802112912_1A-4-7-8-17-28C,30,8,1,8,M75,AA7510,0,29
2026-08-02T13:18:53.721Z,deep_scan,20260802112912_1A-4-7-8-17-28C,30,8,1,16,M28/1,AA7622,0,14
2026-08-02T13:18:53.721Z,deep_scan,20260802112912_1A-4-7-8-17-28C,30,8,1,19,M21/1,AA3018,0,21
2026-08-02T13:19:23.694Z,deep_scan,20260802112912_1A-4-7-8-17-28C,30,8,1,4,M251,AA7086,0,21
2026-08-02T13:19:23.694Z,deep_scan,20260802112912_1A-4-7-8-17-28C,30,8,1,8,M75,AA7510,0,5
2026-08-02T13:19:23.694Z,deep_scan,20260802112912_1A-4-7-8-17-28C,30,8,1,16,M28/1,AA7622,0,14
2026-08-02T13:19:23.694Z,deep_scan,20260802112912_1A-4-7-8-17-28C,30,8,1,20,M24,AA3018,1,20
2026-08-02T13:19:23.717Z,deep_scan,20260802112912_1A-4-7-8-17-28C,30,8,0,6,M16/2,AB6503,0,31
2026-08-02T13:19:23.717Z,deep_scan,20260802112912_1A-4-7-8-17-28C,30,8,0,15,M262,AA7350,0,6
2026-08-02T13:19:53.751Z,deep_scan,20260802112912_1A-4-7-8-17-28C,30,8,0,6,M16/2,AB6503,0,25
2026-08-02T13:19:53.751Z,deep_scan,20260802112912_1A-4-7-8-17-28C,30,8,0,15,M262,AA7350,0,6
2026-08-02T13:19:53.754Z,deep_scan,20260802112912_1A-4-7-8-17-28C,30,8,1,4,M251,AA7086,0,8
2026-08-02T13:19:53.754Z,deep_scan,20260802112912_1A-4-7-8-17-28C,30,8,1,8,M75,AA7510,0,9
2026-08-02T13:19:53.754Z,deep_scan,20260802112912_1A-4-7-8-17-28C,30,8,1,16,M28/1,AA7622,0,13
2026-08-02T13:19:53.754Z,deep_scan,20260802112912_1A-4-7-8-17-28C,30,8,1,20,M24,AA3018,1,12
2026-08-02T13:20:23.698Z,deep_scan,20260802112912_1A-4-7-8-17-28C,30,8,1,5,M263,AA7086,1,18
2026-08-02T13:20:23.698Z,deep_scan,20260802112912_1A-4-7-8-17-28C,30,8,1,8,M75,AA7510,0,9
2026-08-02T13:20:23.698Z,deep_scan,20260802112912_1A-4-7-8-17-28C,30,8,1,16,M28/1,AA7622,0,13
2026-08-02T13:20:23.698Z,deep_scan,20260802112912_1A-4-7-8-17-28C,30,8,1,20,M24,AA3018,0,8
2026-08-02T13:20:23.740Z,deep_scan,20260802112912_1A-4-7-8-17-28C,30,8,0,6,M16/2,AB6503,0,25
2026-08-02T13:20:23.740Z,deep_scan,20260802112912_1A-4-7-8-17-28C,30,8,0,15,M262,AA7350,0,40
2026-08-02T13:20:53.751Z,deep_scan,20260802112912_1A-4-7-8-17-28C,30,8,0,6,M16/2,AB6503,0,37
2026-08-02T13:20:53.751Z,deep_scan,20260802112912_1A-4-7-8-17-28C,30,8,0,15,M262,AA7350,0,5
2026-08-02T13:20:53.765Z,deep_scan,20260802112912_1A-4-7-8-17-28C,30,8,1,5,M263,AA7086,0,32
2026-08-02T13:20:53.765Z,deep_scan,20260802112912_1A-4-7-8-17-28C,30,8,1,8,M75,AA7510,0,13
2026-08-02T13:20:53.765Z,deep_scan,20260802112912_1A-4-7-8-17-28C,30,8,1,17,M11,AA7622,1,22
2026-08-02T13:20:53.765Z,deep_scan,20260802112912_1A-4-7-8-17-28C,30,8,1,21,M208,AA3018,1,14
2026-08-02T13:21:23.743Z,deep_scan,20260802112912_1A-4-7-8-17-28C,30,8,0,6,M16/2,AB6503,0,6
2026-08-02T13:21:23.743Z,deep_scan,20260802112912_1A-4-7-8-17-28C,30,8,0,15,M262,AA7350,0,5
2026-08-02T13:21:23.755Z,deep_scan,20260802112912_1A-4-7-8-17-28C,30,8,1,5,M263,AA7086,0,17
2026-08-02T13:21:23.755Z,deep_scan,20260802112912_1A-4-7-8-17-28C,30,8,1,8,M75,AA7510,0,13
2026-08-02T13:21:23.755Z,deep_scan,20260802112912_1A-4-7-8-17-28C,30,8,1,18,M12,AA7622,1,6
2026-08-02T13:21:23.755Z,deep_scan,20260802112912_1A-4-7-8-17-28C,30,8,1,21,M208,AA3018,1,2
2026-08-02T13:21:53.707Z,deep_scan,20260802112912_1A-4-7-8-17-28C,30,8,1,5,M263,AA7086,0,31
2026-08-02T13:21:53.707Z,deep_scan,20260802112912_1A-4-7-8-17-28C,30,8,1,8,M75,AA7510,0,13
2026-08-02T13:21:53.707Z,deep_scan,20260802112912_1A-4-7-8-17-28C,30,8,1,18,M12,AA7622,0,18
2026-08-02T13:21:53.707Z,deep_scan,20260802112912_1A-4-7-8-17-28C,30,8,1,21,M208,AA3018,0,23
2026-08-02T13:21:53.751Z,deep_scan,20260802112912_1A-4-7-8-17-28C,30,8,0,7,M116,AB6503,1,18
2026-08-02T13:21:53.751Z,deep_scan,20260802112912_1A-4-7-8-17-28C,30,8,0,15,M262,AA7350,0,5
2026-08-02T13:22:23.790Z,deep_scan,20260802112912_1A-4-7-8-17-28C,30,8,1,0,M62/2,AB6005,1,2
2026-08-02T13:22:23.790Z,deep_scan,20260802112912_1A-4-7-8-17-28C,30,8,1,6,M160/1,AA7086,0,26
2026-08-02T13:22:23.790Z,deep_scan,20260802112912_1A-4-7-8-17-28C,30,8,1,8,M75,AA7510,0,20
2026-08-02T13:22:23.790Z,deep_scan,20260802112912_1A-4-7-8-17-28C,30,8,1,18,M12,AA7622,0,12
2026-08-02T13:22:23.790Z,deep_scan,20260802112912_1A-4-7-8-17-28C,30,8,1,22,M267,AA3018,1,0
2026-08-02T13:22:23.795Z,deep_scan,20260802112912_1A-4-7-8-17-28C,30,8,0,7,M116,AB6503,1,2
2026-08-02T13:22:23.795Z,deep_scan,20260802112912_1A-4-7-8-17-28C,30,8,0,15,M262,AA7350,0,5
2026-08-02T13:22:53.736Z,deep_scan,20260802112912_1A-4-7-8-17-28C,30,8,1,0,M62/2,AB6005,0,10
2026-08-02T13:22:53.736Z,deep_scan,20260802112912_1A-4-7-8-17-28C,30,8,1,6,M160/1,AA7086,0,26
2026-08-02T13:22:53.736Z,deep_scan,20260802112912_1A-4-7-8-17-28C,30,8,1,9,M237,AA7510,1,3
2026-08-02T13:22:53.736Z,deep_scan,20260802112912_1A-4-7-8-17-28C,30,8,1,18,M12,AA7622,0,12
2026-08-02T13:22:53.736Z,deep_scan,20260802112912_1A-4-7-8-17-28C,30,8,1,22,M267,AA3018,1,0
2026-08-02T13:22:53.743Z,deep_scan,20260802112912_1A-4-7-8-17-28C,30,8,0,7,M116,AB6503,0,24
2026-08-02T13:22:53.743Z,deep_scan,20260802112912_1A-4-7-8-17-28C,30,8,0,15,M262,AA7350,0,5
2026-08-02T13:23:23.771Z,deep_scan,20260802112912_1A-4-7-8-17-28C,30,8,0,8,M81,AB6503,1,10
2026-08-02T13:23:23.771Z,deep_scan,20260802112912_1A-4-7-8-17-28C,30,8,0,15,M262,AA7350,0,5
2026-08-02T13:23:23.781Z,deep_scan,20260802112912_1A-4-7-8-17-28C,30,8,1,0,M62/2,AB6005,0,22
2026-08-02T13:23:23.781Z,deep_scan,20260802112912_1A-4-7-8-17-28C,30,8,1,6,M160/1,AA7086,0,8
2026-08-02T13:23:23.781Z,deep_scan,20260802112912_1A-4-7-8-17-28C,30,8,1,9,M237,AA7510,0,24
2026-08-02T13:23:23.781Z,deep_scan,20260802112912_1A-4-7-8-17-28C,30,8,1,19,M21/1,AA7622,1,28
2026-08-02T13:23:23.781Z,deep_scan,20260802112912_1A-4-7-8-17-28C,30,8,1,22,M267,AA3018,1,0
2026-08-02T13:23:53.781Z,deep_scan,20260802112912_1A-4-7-8-17-28C,30,8,1,0,M62/2,AB6005,0,7
2026-08-02T13:23:53.781Z,deep_scan,20260802112912_1A-4-7-8-17-28C,30,8,1,6,M160/1,AA7086,0,25
2026-08-02T13:23:53.781Z,deep_scan,20260802112912_1A-4-7-8-17-28C,30,8,1,9,M237,AA7510,0,4
2026-08-02T13:23:53.781Z,deep_scan,20260802112912_1A-4-7-8-17-28C,30,8,1,19,M21/1,AA7622,1,5
2026-08-02T13:23:53.781Z,deep_scan,20260802112912_1A-4-7-8-17-28C,30,8,1,22,M267,AA3018,1,0
2026-08-02T13:23:53.784Z,deep_scan,20260802112912_1A-4-7-8-17-28C,30,8,0,8,M81,AB6503,1,19
2026-08-02T13:23:53.784Z,deep_scan,20260802112912_1A-4-7-8-17-28C,30,8,0,15,M262,AA7350,0,5
2026-08-02T13:24:23.778Z,deep_scan,20260802112912_1A-4-7-8-17-28C,30,8,0,8,M81,AB6503,0,19
2026-08-02T13:24:23.778Z,deep_scan,20260802112912_1A-4-7-8-17-28C,30,8,0,15,M262,AA7350,0,5
2026-08-02T13:24:23.801Z,deep_scan,20260802112912_1A-4-7-8-17-28C,30,8,1,0,M62/2,AB6005,0,10
2026-08-02T13:24:23.801Z,deep_scan,20260802112912_1A-4-7-8-17-28C,30,8,1,6,M160/1,AA7086,0,19
2026-08-02T13:24:23.801Z,deep_scan,20260802112912_1A-4-7-8-17-28C,30,8,1,10,M245,AA7510,0,22
2026-08-02T13:24:23.801Z,deep_scan,20260802112912_1A-4-7-8-17-28C,30,8,1,19,M21/1,AA7622,0,31
2026-08-02T13:24:23.801Z,deep_scan,20260802112912_1A-4-7-8-17-28C,30,8,1,22,M267,AA3018,1,0
2026-08-02T13:24:53.760Z,deep_scan,20260802112912_1A-4-7-8-17-28C,30,8,0,9,M78,AB6503,1,19
2026-08-02T13:24:53.760Z,deep_scan,20260802112912_1A-4-7-8-17-28C,30,8,0,15,M262,AA7350,0,5
2026-08-02T13:24:53.773Z,deep_scan,20260802112912_1A-4-7-8-17-28C,30,8,1,0,M62/2,AB6005,0,19
2026-08-02T13:24:53.773Z,deep_scan,20260802112912_1A-4-7-8-17-28C,30,8,1,6,M160/1,AA7086,0,4
2026-08-02T13:24:53.773Z,deep_scan,20260802112912_1A-4-7-8-17-28C,30,8,1,11,M119,AA7510,1,14
2026-08-02T13:24:53.773Z,deep_scan,20260802112912_1A-4-7-8-17-28C,30,8,1,19,M21/1,AA7622,0,2
2026-08-02T13:24:53.773Z,deep_scan,20260802112912_1A-4-7-8-17-28C,30,8,1,22,M267,AA3018,1,0
2026-08-02T13:25:23.799Z,deep_scan,20260802112912_1A-4-7-8-17-28C,30,8,1,0,M62/2,AB6005,0,32
2026-08-02T13:25:23.799Z,deep_scan,20260802112912_1A-4-7-8-17-28C,30,8,1,6,M160/1,AA7086,0,26
2026-08-02T13:25:23.799Z,deep_scan,20260802112912_1A-4-7-8-17-28C,30,8,1,11,M119,AA7510,1,12
2026-08-02T13:25:23.799Z,deep_scan,20260802112912_1A-4-7-8-17-28C,30,8,1,19,M21/1,AA7622,0,2
2026-08-02T13:25:23.805Z,deep_scan,20260802112912_1A-4-7-8-17-28C,30,8,0,1,M209/2,AA3018,1,27
2026-08-02T13:25:23.805Z,deep_scan,20260802112912_1A-4-7-8-17-28C,30,8,0,9,M78,AB6503,1,28
2026-08-02T13:25:23.805Z,deep_scan,20260802112912_1A-4-7-8-17-28C,30,8,0,15,M262,AA7350,0,5
2026-08-02T13:25:53.758Z,deep_scan,20260802112912_1A-4-7-8-17-28C,30,8,1,0,M62/2,AB6005,0,41
2026-08-02T13:25:53.758Z,deep_scan,20260802112912_1A-4-7-8-17-28C,30,8,1,7,M100,AA7086,1,7
2026-08-02T13:25:53.758Z,deep_scan,20260802112912_1A-4-7-8-17-28C,30,8,1,11,M119,AA7510,0,21
2026-08-02T13:25:53.758Z,deep_scan,20260802112912_1A-4-7-8-17-28C,30,8,1,19,M21/1,AA7622,0,2
2026-08-02T13:25:53.805Z,deep_scan,20260802112912_1A-4-7-8-17-28C,30,8,0,1,M209/2,AA3018,0,11
2026-08-02T13:25:53.805Z,deep_scan,20260802112912_1A-4-7-8-17-28C,30,8,0,9,M78,AB6503,0,20
2026-08-02T13:25:53.805Z,deep_scan,20260802112912_1A-4-7-8-17-28C,30,8,0,15,M262,AA7350,0,5
2026-08-02T13:26:23.816Z,deep_scan,20260802112912_1A-4-7-8-17-28C,30,8,1,0,M62/2,AB6005,0,14
2026-08-02T13:26:23.816Z,deep_scan,20260802112912_1A-4-7-8-17-28C,30,8,1,7,M100,AA7086,0,27
2026-08-02T13:26:23.816Z,deep_scan,20260802112912_1A-4-7-8-17-28C,30,8,1,11,M119,AA7510,0,14
2026-08-02T13:26:23.816Z,deep_scan,20260802112912_1A-4-7-8-17-28C,30,8,1,19,M21/1,AA7622,0,36
2026-08-02T13:26:23.819Z,deep_scan,20260802112912_1A-4-7-8-17-28C,30,8,0,1,M209/2,AA3018,0,24
2026-08-02T13:26:23.819Z,deep_scan,20260802112912_1A-4-7-8-17-28C,30,8,0,9,M78,AB6503,0,9
2026-08-02T13:26:23.819Z,deep_scan,20260802112912_1A-4-7-8-17-28C,30,8,0,15,M262,AA7350,0,5
2026-08-02T13:26:53.789Z,deep_scan,20260802112912_1A-4-7-8-17-28C,30,8,1,0,M62/2,AB6005,0,29
2026-08-02T13:26:53.789Z,deep_scan,20260802112912_1A-4-7-8-17-28C,30,8,1,7,M100,AA7086,0,30
2026-08-02T13:26:53.789Z,deep_scan,20260802112912_1A-4-7-8-17-28C,30,8,1,12,M110,AA7510,1,3
2026-08-02T13:26:53.789Z,deep_scan,20260802112912_1A-4-7-8-17-28C,30,8,1,20,M24,AA7622,1,2
2026-08-02T13:26:53.819Z,deep_scan,20260802112912_1A-4-7-8-17-28C,30,8,0,1,M209/2,AA3018,0,16
2026-08-02T13:26:53.819Z,deep_scan,20260802112912_1A-4-7-8-17-28C,30,8,0,9,M78,AB6503,0,3
2026-08-02T13:26:53.819Z,deep_scan,20260802112912_1A-4-7-8-17-28C,30,8,0,15,M262,AA7350,0,5
2026-08-02T13:27:23.780Z,deep_scan,20260802112912_1A-4-7-8-17-28C,30,8,1,2,M266,AB6005,1,25
2026-08-02T13:27:23.780Z,deep_scan,20260802112912_1A-4-7-8-17-28C,30,8,1,7,M100,AA7086,0,24
2026-08-02T13:27:23.780Z,deep_scan,20260802112912_1A-4-7-8-17-28C,30,8,1,12,M110,AA7510,1,4
2026-08-02T13:27:23.780Z,deep_scan,20260802112912_1A-4-7-8-17-28C,30,8,1,21,M208,AA7622,1,37
2026-08-02T13:27:23.799Z,deep_scan,20260802112912_1A-4-7-8-17-28C,30,8,0,1,M209/2,AA3018,0,18
2026-08-02T13:27:23.799Z,deep_scan,20260802112912_1A-4-7-8-17-28C,30,8,0,9,M78,AB6503,0,1
2026-08-02T13:27:23.799Z,deep_scan,20260802112912_1A-4-7-8-17-28C,30,8,0,15,M262,AA7350,0,5
2026-08-02T13:27:53.840Z,deep_scan,20260802112912_1A-4-7-8-17-28C,30,8,1,2,M266,AB6005,0,18
2026-08-02T13:27:53.840Z,deep_scan,20260802112912_1A-4-7-8-17-28C,30,8,1,8,M75,AA7086,1,14
2026-08-02T13:27:53.840Z,deep_scan,20260802112912_1A-4-7-8-17-28C,30,8,1,13,M86,AA7510,1,13
2026-08-02T13:27:53.840Z,deep_scan,20260802112912_1A-4-7-8-17-28C,30,8,1,21,M208,AA7622,1,3
2026-08-02T13:27:53.865Z,deep_scan,20260802112912_1A-4-7-8-17-28C,30,8,0,2,M211,AA3018,0,21
2026-08-02T13:27:53.865Z,deep_scan,20260802112912_1A-4-7-8-17-28C,30,8,0,10,M270/2,AB6503,1,30
2026-08-02T13:27:53.865Z,deep_scan,20260802112912_1A-4-7-8-17-28C,30,8,0,15,M262,AA7350,0,5
2026-08-02T13:28:23.796Z,deep_scan,20260802112912_1A-4-7-8-17-28C,30,8,1,2,M266,AB6005,0,25
2026-08-02T13:28:23.796Z,deep_scan,20260802112912_1A-4-7-8-17-28C,30,8,1,8,M75,AA7086,0,16
2026-08-02T13:28:23.796Z,deep_scan,20260802112912_1A-4-7-8-17-28C,30,8,1,13,M86,AA7510,1,7
2026-08-02T13:28:23.796Z,deep_scan,20260802112912_1A-4-7-8-17-28C,30,8,1,21,M208,AA7622,0,33
2026-08-02T13:28:23.813Z,deep_scan,20260802112912_1A-4-7-8-17-28C,30,8,0,2,M211,AA3018,0,14
2026-08-02T13:28:23.813Z,deep_scan,20260802112912_1A-4-7-8-17-28C,30,8,0,10,M270/2,AB6503,1,28
2026-08-02T13:28:23.813Z,deep_scan,20260802112912_1A-4-7-8-17-28C,30,8,0,15,M262,AA7350,0,5
2026-08-02T13:28:53.788Z,deep_scan,20260802112912_1A-4-7-8-17-28C,30,8,0,3,M25,AA3018,1,24
2026-08-02T13:28:53.788Z,deep_scan,20260802112912_1A-4-7-8-17-28C,30,8,0,10,M270/2,AB6503,0,24
2026-08-02T13:28:53.788Z,deep_scan,20260802112912_1A-4-7-8-17-28C,30,8,0,15,M262,AA7350,0,5
2026-08-02T13:28:53.802Z,deep_scan,20260802112912_1A-4-7-8-17-28C,30,8,1,3,M257,AB6005,0,33
2026-08-02T13:28:53.802Z,deep_scan,20260802112912_1A-4-7-8-17-28C,30,8,1,8,M75,AA7086,0,25
2026-08-02T13:28:53.802Z,deep_scan,20260802112912_1A-4-7-8-17-28C,30,8,1,13,M86,AA7510,1,8
2026-08-02T13:28:53.802Z,deep_scan,20260802112912_1A-4-7-8-17-28C,30,8,1,21,M208,AA7622,0,7
2026-08-02T13:29:23.844Z,deep_scan,20260802112912_1A-4-7-8-17-28C,30,8,0,3,M25,AA3018,1,1
2026-08-02T13:29:23.844Z,deep_scan,20260802112912_1A-4-7-8-17-28C,30,8,0,11,M153,AB6503,1,18
2026-08-02T13:29:23.844Z,deep_scan,20260802112912_1A-4-7-8-17-28C,30,8,0,15,M262,AA7350,0,5
2026-08-02T13:29:23.874Z,deep_scan,20260802112912_1A-4-7-8-17-28C,30,8,1,3,M257,AB6005,0,27
2026-08-02T13:29:23.874Z,deep_scan,20260802112912_1A-4-7-8-17-28C,30,8,1,8,M75,AA7086,0,4
2026-08-02T13:29:23.874Z,deep_scan,20260802112912_1A-4-7-8-17-28C,30,8,1,14,M92,AA7510,1,32
2026-08-02T13:29:23.874Z,deep_scan,20260802112912_1A-4-7-8-17-28C,30,8,1,21,M208,AA7622,0,17
2026-08-02T13:29:53.820Z,deep_scan,20260802112912_1A-4-7-8-17-28C,30,8,0,4,M22,AA3018,1,25
2026-08-02T13:29:53.820Z,deep_scan,20260802112912_1A-4-7-8-17-28C,30,8,0,11,M153,AB6503,0,30
2026-08-02T13:29:53.820Z,deep_scan,20260802112912_1A-4-7-8-17-28C,30,8,0,15,M262,AA7350,0,5
2026-08-02T13:29:53.865Z,deep_scan,20260802112912_1A-4-7-8-17-28C,30,8,1,3,M257,AB6005,0,19
2026-08-02T13:29:53.865Z,deep_scan,20260802112912_1A-4-7-8-17-28C,30,8,1,8,M75,AA7086,0,4
2026-08-02T13:29:53.865Z,deep_scan,20260802112912_1A-4-7-8-17-28C,30,8,1,14,M92,AA7510,1,29
2026-08-02T13:29:53.865Z,deep_scan,20260802112912_1A-4-7-8-17-28C,30,8,1,22,M267,AA7622,1,0
2026-08-02T13:30:23.903Z,deep_scan,20260802112912_1A-4-7-8-17-28C,30,8,1,3,M257,AB6005,0,18
2026-08-02T13:30:23.903Z,deep_scan,20260802112912_1A-4-7-8-17-28C,30,8,1,8,M75,AA7086,0,2
2026-08-02T13:30:23.903Z,deep_scan,20260802112912_1A-4-7-8-17-28C,30,8,1,14,M92,AA7510,0,16
2026-08-02T13:30:23.903Z,deep_scan,20260802112912_1A-4-7-8-17-28C,30,8,1,22,M267,AA7622,1,0
2026-08-02T13:30:23.914Z,deep_scan,20260802112912_1A-4-7-8-17-28C,30,8,0,4,M22,AA3018,1,12
2026-08-02T13:30:23.914Z,deep_scan,20260802112912_1A-4-7-8-17-28C,30,8,0,12,M168,AB6503,1,24
2026-08-02T13:30:23.914Z,deep_scan,20260802112912_1A-4-7-8-17-28C,30,8,0,15,M262,AA7350,0,5
2026-08-02T13:30:53.818Z,deep_scan,20260802112912_1A-4-7-8-17-28C,30,8,1,0,M62/2,AA2719,1,5
2026-08-02T13:30:53.818Z,deep_scan,20260802112912_1A-4-7-8-17-28C,30,8,1,3,M257,AB6005,0,31
2026-08-02T13:30:53.818Z,deep_scan,20260802112912_1A-4-7-8-17-28C,30,8,1,8,M75,AA7086,0,7
2026-08-02T13:30:53.818Z,deep_scan,20260802112912_1A-4-7-8-17-28C,30,8,1,14,M92,AA7510,0,10
2026-08-02T13:30:53.818Z,deep_scan,20260802112912_1A-4-7-8-17-28C,30,8,1,22,M267,AA7622,1,0
2026-08-02T13:30:53.848Z,deep_scan,20260802112912_1A-4-7-8-17-28C,30,8,0,4,M22,AA3018,1,12
2026-08-02T13:30:53.848Z,deep_scan,20260802112912_1A-4-7-8-17-28C,30,8,0,12,M168,AB6503,0,33
2026-08-02T13:30:53.848Z,deep_scan,20260802112912_1A-4-7-8-17-28C,30,8,0,15,M262,AA7350,0,5
2026-08-02T13:31:23.820Z,deep_scan,20260802112912_1A-4-7-8-17-28C,30,8,0,4,M22,AA3018,1,12
2026-08-02T13:31:23.820Z,deep_scan,20260802112912_1A-4-7-8-17-28C,30,8,0,12,M168,AB6503,0,23
2026-08-02T13:31:23.820Z,deep_scan,20260802112912_1A-4-7-8-17-28C,30,8,0,15,M262,AA7350,0,5
2026-08-02T13:31:23.872Z,deep_scan,20260802112912_1A-4-7-8-17-28C,30,8,1,0,M62/2,AA2719,1,3
2026-08-02T13:31:23.872Z,deep_scan,20260802112912_1A-4-7-8-17-28C,30,8,1,4,M251,AB6005,1,3
2026-08-02T13:31:23.872Z,deep_scan,20260802112912_1A-4-7-8-17-28C,30,8,1,9,M237,AA7086,1,17
2026-08-02T13:31:23.872Z,deep_scan,20260802112912_1A-4-7-8-17-28C,30,8,1,14,M92,AA7510,0,8
2026-08-02T13:31:23.872Z,deep_scan,20260802112912_1A-4-7-8-17-28C,30,8,1,22,M267,AA7622,1,0
2026-08-02T13:32:26.320Z,deep_scan,20260802112912_1A-4-7-8-17-28C,30,8,1,0,M62/2,AA2719,0,13
2026-08-02T13:32:26.320Z,deep_scan,20260802112912_1A-4-7-8-17-28C,30,8,1,4,M251,AB6005,0,25
2026-08-02T13:32:26.320Z,deep_scan,20260802112912_1A-4-7-8-17-28C,30,8,1,9,M237,AA7086,0,6
2026-08-02T13:32:26.320Z,deep_scan,20260802112912_1A-4-7-8-17-28C,30,8,1,15,M39,AA7510,1,2
2026-08-02T13:32:26.320Z,deep_scan,20260802112912_1A-4-7-8-17-28C,30,8,1,22,M267,AA7622,1,0
2026-08-02T13:32:26.335Z,deep_scan,20260802112912_1A-4-7-8-17-28C,30,8,0,4,M22,AA3018,1,10
2026-08-02T13:32:26.335Z,deep_scan,20260802112912_1A-4-7-8-17-28C,30,8,0,12,M168,AB6503,0,22
2026-08-02T13:32:26.335Z,deep_scan,20260802112912_1A-4-7-8-17-28C,30,8,0,15,M262,AA7350,0,5
2026-08-02T13:32:56.284Z,deep_scan,20260802112912_1A-4-7-8-17-28C,30,8,0,4,M22,AA3018,0,2
2026-08-02T13:32:56.284Z,deep_scan,20260802112912_1A-4-7-8-17-28C,30,8,0,13,M69/2,AB6503,1,6
2026-08-02T13:32:56.284Z,deep_scan,20260802112912_1A-4-7-8-17-28C,30,8,0,15,M262,AA7350,0,5
2026-08-02T13:32:56.293Z,deep_scan,20260802112912_1A-4-7-8-17-28C,30,8,1,0,M62/2,AA2719,0,35
2026-08-02T13:32:56.293Z,deep_scan,20260802112912_1A-4-7-8-17-28C,30,8,1,4,M251,AB6005,0,19
2026-08-02T13:32:56.293Z,deep_scan,20260802112912_1A-4-7-8-17-28C,30,8,1,10,M245,AA7086,1,10
2026-08-02T13:32:56.293Z,deep_scan,20260802112912_1A-4-7-8-17-28C,30,8,1,15,M39,AA7510,0,15
2026-08-02T13:32:56.293Z,deep_scan,20260802112912_1A-4-7-8-17-28C,30,8,1,22,M267,AA7622,1,0
2026-08-02T13:33:26.310Z,deep_scan,20260802112912_1A-4-7-8-17-28C,30,8,0,0,M267,AA7622,1,15
2026-08-02T13:33:26.310Z,deep_scan,20260802112912_1A-4-7-8-17-28C,30,8,0,4,M22,AA3018,0,9
2026-08-02T13:33:26.310Z,deep_scan,20260802112912_1A-4-7-8-17-28C,30,8,0,14,M159,AB6503,1,23
2026-08-02T13:33:26.310Z,deep_scan,20260802112912_1A-4-7-8-17-28C,30,8,0,15,M262,AA7350,0,5
2026-08-02T13:33:26.381Z,deep_scan,20260802112912_1A-4-7-8-17-28C,30,8,1,0,M62/2,AA2719,0,8
2026-08-02T13:33:26.381Z,deep_scan,20260802112912_1A-4-7-8-17-28C,30,8,1,5,M263,AB6005,1,1
2026-08-02T13:33:26.381Z,deep_scan,20260802112912_1A-4-7-8-17-28C,30,8,1,10,M245,AA7086,0,24
2026-08-02T13:33:26.381Z,deep_scan,20260802112912_1A-4-7-8-17-28C,30,8,1,15,M39,AA7510,0,15
2026-08-02T13:33:56.312Z,deep_scan,20260802112912_1A-4-7-8-17-28C,30,8,1,0,M62/2,AA2719,0,6
2026-08-02T13:33:56.312Z,deep_scan,20260802112912_1A-4-7-8-17-28C,30,8,1,5,M263,AB6005,0,29
2026-08-02T13:33:56.312Z,deep_scan,20260802112912_1A-4-7-8-17-28C,30,8,1,11,M119,AA7086,1,12
2026-08-02T13:33:56.312Z,deep_scan,20260802112912_1A-4-7-8-17-28C,30,8,1,15,M39,AA7510,0,15
2026-08-02T13:33:56.343Z,deep_scan,20260802112912_1A-4-7-8-17-28C,30,8,0,0,M267,AA7622,0,10
2026-08-02T13:33:56.343Z,deep_scan,20260802112912_1A-4-7-8-17-28C,30,8,0,4,M22,AA3018,0,9
2026-08-02T13:33:56.343Z,deep_scan,20260802112912_1A-4-7-8-17-28C,30,8,0,14,M159,AB6503,1,5
2026-08-02T13:33:56.343Z,deep_scan,20260802112912_1A-4-7-8-17-28C,30,8,0,15,M262,AA7350,0,5
2026-08-02T13:34:26.358Z,deep_scan,20260802112912_1A-4-7-8-17-28C,30,8,0,1,M209/2,AA7622,1,13
2026-08-02T13:34:26.358Z,deep_scan,20260802112912_1A-4-7-8-17-28C,30,8,0,4,M22,AA3018,0,22
2026-08-02T13:34:26.358Z,deep_scan,20260802112912_1A-4-7-8-17-28C,30,8,0,14,M159,AB6503,0,18
2026-08-02T13:34:26.358Z,deep_scan,20260802112912_1A-4-7-8-17-28C,30,8,0,15,M262,AA7350,0,5
2026-08-02T13:34:26.398Z,deep_scan,20260802112912_1A-4-7-8-17-28C,30,8,1,0,M62/2,AA2719,0,40
2026-08-02T13:34:26.398Z,deep_scan,20260802112912_1A-4-7-8-17-28C,30,8,1,5,M263,AB6005,0,21
2026-08-02T13:34:26.398Z,deep_scan,20260802112912_1A-4-7-8-17-28C,30,8,1,11,M119,AA7086,0,8
2026-08-02T13:34:26.398Z,deep_scan,20260802112912_1A-4-7-8-17-28C,30,8,1,15,M39,AA7510,0,15
2026-08-02T13:34:56.316Z,deep_scan,20260802112912_1A-4-7-8-17-28C,30,8,0,1,M209/2,AA7622,0,30
2026-08-02T13:34:56.316Z,deep_scan,20260802112912_1A-4-7-8-17-28C,30,8,0,4,M22,AA3018,0,18
2026-08-02T13:34:56.316Z,deep_scan,20260802112912_1A-4-7-8-17-28C,30,8,0,14,M159,AB6503,0,34
2026-08-02T13:34:56.316Z,deep_scan,20260802112912_1A-4-7-8-17-28C,30,8,0,15,M262,AA7350,0,5
2026-08-02T13:34:56.342Z,deep_scan,20260802112912_1A-4-7-8-17-28C,30,8,1,0,M62/2,AA2719,0,39
2026-08-02T13:34:56.342Z,deep_scan,20260802112912_1A-4-7-8-17-28C,30,8,1,5,M263,AB6005,0,31
2026-08-02T13:34:56.342Z,deep_scan,20260802112912_1A-4-7-8-17-28C,30,8,1,12,M110,AA7086,1,39
2026-08-02T13:34:56.342Z,deep_scan,20260802112912_1A-4-7-8-17-28C,30,8,1,16,M28/1,AA7510,1,17
2026-08-02T13:35:26.331Z,deep_scan,20260802112912_1A-4-7-8-17-28C,30,8,0,1,M209/2,AA7622,0,14
2026-08-02T13:35:26.331Z,deep_scan,20260802112912_1A-4-7-8-17-28C,30,8,0,4,M22,AA3018,0,24
2026-08-02T13:35:26.331Z,deep_scan,20260802112912_1A-4-7-8-17-28C,30,8,0,14,M159,AB6503,0,35
2026-08-02T13:35:26.331Z,deep_scan,20260802112912_1A-4-7-8-17-28C,30,8,0,15,M262,AA7350,0,5
2026-08-02T13:35:26.375Z,deep_scan,20260802112912_1A-4-7-8-17-28C,30,8,1,0,M62/2,AA2719,0,39
2026-08-02T13:35:26.375Z,deep_scan,20260802112912_1A-4-7-8-17-28C,30,8,1,5,M263,AB6005,0,21
2026-08-02T13:35:26.375Z,deep_scan,20260802112912_1A-4-7-8-17-28C,30,8,1,13,M86,AA7086,1,16
2026-08-02T13:35:26.375Z,deep_scan,20260802112912_1A-4-7-8-17-28C,30,8,1,16,M28/1,AA7510,0,25
2026-08-02T13:35:56.333Z,deep_scan,20260802112912_1A-4-7-8-17-28C,30,8,0,2,M211,AA7622,0,34
2026-08-02T13:35:56.333Z,deep_scan,20260802112912_1A-4-7-8-17-28C,30,8,0,4,M22,AA3018,0,13
2026-08-02T13:35:56.333Z,deep_scan,20260802112912_1A-4-7-8-17-28C,30,8,0,15,M262,AA7350,0,5
2026-08-02T13:35:56.333Z,deep_scan,20260802112912_1A-4-7-8-17-28C,30,8,0,15,M262,AB6503,1,9
2026-08-02T13:35:56.346Z,deep_scan,20260802112912_1A-4-7-8-17-28C,30,8,1,0,M62/2,AA2719,0,25
2026-08-02T13:35:56.346Z,deep_scan,20260802112912_1A-4-7-8-17-28C,30,8,1,6,M160/1,AB6005,1,12
2026-08-02T13:35:56.346Z,deep_scan,20260802112912_1A-4-7-8-17-28C,30,8,1,13,M86,AA7086,1,4
2026-08-02T13:35:56.346Z,deep_scan,20260802112912_1A-4-7-8-17-28C,30,8,1,16,M28/1,AA7510,0,28
2026-08-02T13:36:26.397Z,deep_scan,20260802112912_1A-4-7-8-17-28C,30,8,1,2,M266,AA2719,0,23
2026-08-02T13:36:26.397Z,deep_scan,20260802112912_1A-4-7-8-17-28C,30,8,1,6,M160/1,AB6005,0,4
2026-08-02T13:36:26.397Z,deep_scan,20260802112912_1A-4-7-8-17-28C,30,8,1,13,M86,AA7086,1,3
2026-08-02T13:36:26.397Z,deep_scan,20260802112912_1A-4-7-8-17-28C,30,8,1,16,M28/1,AA7510,0,34
2026-08-02T13:36:26.418Z,deep_scan,20260802112912_1A-4-7-8-17-28C,30,8,0,2,M211,AA7622,0,17
2026-08-02T13:36:26.418Z,deep_scan,20260802112912_1A-4-7-8-17-28C,30,8,0,6,M16/2,AA3018,1,21
2026-08-02T13:36:26.418Z,deep_scan,20260802112912_1A-4-7-8-17-28C,30,8,0,15,M262,AA7350,0,5
2026-08-02T13:36:26.418Z,deep_scan,20260802112912_1A-4-7-8-17-28C,30,8,0,15,M262,AB6503,1,9
2026-08-02T13:36:56.375Z,deep_scan,20260802112912_1A-4-7-8-17-28C,30,8,0,3,M25,AA7622,1,20
2026-08-02T13:36:56.375Z,deep_scan,20260802112912_1A-4-7-8-17-28C,30,8,0,6,M16/2,AA3018,1,21
2026-08-02T13:36:56.375Z,deep_scan,20260802112912_1A-4-7-8-17-28C,30,8,0,15,M262,AA7350,0,5
2026-08-02T13:36:56.375Z,deep_scan,20260802112912_1A-4-7-8-17-28C,30,8,0,15,M262,AB6503,0,27
2026-08-02T13:36:56.388Z,deep_scan,20260802112912_1A-4-7-8-17-28C,30,8,1,2,M266,AA2719,0,12
2026-08-02T13:36:56.388Z,deep_scan,20260802112912_1A-4-7-8-17-28C,30,8,1,6,M160/1,AB6005,0,29
2026-08-02T13:36:56.388Z,deep_scan,20260802112912_1A-4-7-8-17-28C,30,8,1,14,M92,AA7086,1,19
2026-08-02T13:36:56.388Z,deep_scan,20260802112912_1A-4-7-8-17-28C,30,8,1,16,M28/1,AA7510,0,2
2026-08-02T13:37:26.398Z,deep_scan,20260802112912_1A-4-7-8-17-28C,30,8,0,3,M25,AA7622,0,19
2026-08-02T13:37:26.398Z,deep_scan,20260802112912_1A-4-7-8-17-28C,30,8,0,6,M16/2,AA3018,1,2
2026-08-02T13:37:26.398Z,deep_scan,20260802112912_1A-4-7-8-17-28C,30,8,0,15,M262,AA7350,0,5
2026-08-02T13:37:26.398Z,deep_scan,20260802112912_1A-4-7-8-17-28C,30,8,0,15,M262,AB6503,0,32
2026-08-02T13:37:26.417Z,deep_scan,20260802112912_1A-4-7-8-17-28C,30,8,1,3,M257,AA2719,1,29
2026-08-02T13:37:26.417Z,deep_scan,20260802112912_1A-4-7-8-17-28C,30,8,1,6,M160/1,AB6005,0,23
2026-08-02T13:37:26.417Z,deep_scan,20260802112912_1A-4-7-8-17-28C,30,8,1,14,M92,AA7086,1,8
2026-08-02T13:37:26.417Z,deep_scan,20260802112912_1A-4-7-8-17-28C,30,8,1,17,M11,AA7510,0,5
2026-08-02T13:37:56.358Z,deep_scan,20260802112912_1A-4-7-8-17-28C,30,8,1,3,M257,AA2719,0,12
2026-08-02T13:37:56.358Z,deep_scan,20260802112912_1A-4-7-8-17-28C,30,8,1,6,M160/1,AB6005,0,32
2026-08-02T13:37:56.358Z,deep_scan,20260802112912_1A-4-7-8-17-28C,30,8,1,14,M92,AA7086,1,1
2026-08-02T13:37:56.358Z,deep_scan,20260802112912_1A-4-7-8-17-28C,30,8,1,18,M12,AA7510,1,3
2026-08-02T13:37:56.427Z,deep_scan,20260802112912_1A-4-7-8-17-28C,30,8,0,3,M25,AA7622,0,19
2026-08-02T13:37:56.427Z,deep_scan,20260802112912_1A-4-7-8-17-28C,30,8,0,6,M16/2,AA3018,1,1
2026-08-02T13:37:56.427Z,deep_scan,20260802112912_1A-4-7-8-17-28C,30,8,0,15,M262,AA7350,0,5
2026-08-02T13:37:56.427Z,deep_scan,20260802112912_1A-4-7-8-17-28C,30,8,0,15,M262,AB6503,0,41
2026-08-02T13:38:26.410Z,deep_scan,20260802112912_1A-4-7-8-17-28C,30,8,1,3,M257,AA2719,0,25
2026-08-02T13:38:26.410Z,deep_scan,20260802112912_1A-4-7-8-17-28C,30,8,1,7,M100,AB6005,1,17
2026-08-02T13:38:26.410Z,deep_scan,20260802112912_1A-4-7-8-17-28C,30,8,1,14,M92,AA7086,1,27
2026-08-02T13:38:26.410Z,deep_scan,20260802112912_1A-4-7-8-17-28C,30,8,1,19,M21/1,AA7510,1,1
2026-08-02T13:38:26.444Z,deep_scan,20260802112912_1A-4-7-8-17-28C,30,8,0,3,M25,AA7622,0,19
2026-08-02T13:38:26.444Z,deep_scan,20260802112912_1A-4-7-8-17-28C,30,8,0,6,M16/2,AA3018,0,5
2026-08-02T13:38:26.444Z,deep_scan,20260802112912_1A-4-7-8-17-28C,30,8,0,15,M262,AA7350,0,5
2026-08-02T13:38:26.444Z,deep_scan,20260802112912_1A-4-7-8-17-28C,30,8,0,15,M262,AB6503,0,2
2026-08-02T13:38:56.399Z,deep_scan,20260802112912_1A-4-7-8-17-28C,30,8,1,3,M257,AA2719,0,24
2026-08-02T13:38:56.399Z,deep_scan,20260802112912_1A-4-7-8-17-28C,30,8,1,7,M100,AB6005,1,17
2026-08-02T13:38:56.399Z,deep_scan,20260802112912_1A-4-7-8-17-28C,30,8,1,14,M92,AA7086,0,18
2026-08-02T13:38:56.399Z,deep_scan,20260802112912_1A-4-7-8-17-28C,30,8,1,19,M21/1,AA7510,0,1
2026-08-02T13:38:56.410Z,deep_scan,20260802112912_1A-4-7-8-17-28C,30,8,0,3,M25,AA7622,0,19
2026-08-02T13:38:56.410Z,deep_scan,20260802112912_1A-4-7-8-17-28C,30,8,0,6,M16/2,AA3018,0,15
2026-08-02T13:38:56.410Z,deep_scan,20260802112912_1A-4-7-8-17-28C,30,8,0,15,M262,AA7350,0,5
2026-08-02T13:38:56.410Z,deep_scan,20260802112912_1A-4-7-8-17-28C,30,8,0,15,M262,AB6503,0,5
2026-08-02T13:39:26.378Z,deep_scan,20260802112912_1A-4-7-8-17-28C,30,8,0,4,M22,AA7622,1,19
2026-08-02T13:39:26.378Z,deep_scan,20260802112912_1A-4-7-8-17-28C,30,8,0,6,M16/2,AA3018,0,17
2026-08-02T13:39:26.378Z,deep_scan,20260802112912_1A-4-7-8-17-28C,30,8,0,15,M262,AA7350,0,5
2026-08-02T13:39:26.378Z,deep_scan,20260802112912_1A-4-7-8-17-28C,30,8,0,15,M262,AB6503,0,5
2026-08-02T13:39:26.429Z,deep_scan,20260802112912_1A-4-7-8-17-28C,30,8,1,4,M251,AA2719,1,46
2026-08-02T13:39:26.429Z,deep_scan,20260802112912_1A-4-7-8-17-28C,30,8,1,7,M100,AB6005,0,28
2026-08-02T13:39:26.429Z,deep_scan,20260802112912_1A-4-7-8-17-28C,30,8,1,14,M92,AA7086,0,18
2026-08-02T13:39:26.429Z,deep_scan,20260802112912_1A-4-7-8-17-28C,30,8,1,19,M21/1,AA7510,0,1
2026-08-02T13:39:56.392Z,deep_scan,20260802112912_1A-4-7-8-17-28C,30,8,1,4,M251,AA2719,0,9
2026-08-02T13:39:56.392Z,deep_scan,20260802112912_1A-4-7-8-17-28C,30,8,1,7,M100,AB6005,0,30
2026-08-02T13:39:56.392Z,deep_scan,20260802112912_1A-4-7-8-17-28C,30,8,1,14,M92,AA7086,0,19
2026-08-02T13:39:56.392Z,deep_scan,20260802112912_1A-4-7-8-17-28C,30,8,1,19,M21/1,AA7510,0,3
2026-08-02T13:39:56.399Z,deep_scan,20260802112912_1A-4-7-8-17-28C,30,8,0,4,M22,AA7622,1,12
2026-08-02T13:39:56.399Z,deep_scan,20260802112912_1A-4-7-8-17-28C,30,8,0,6,M16/2,AA3018,0,20
2026-08-02T13:39:56.399Z,deep_scan,20260802112912_1A-4-7-8-17-28C,30,8,0,15,M262,AA7350,0,5
2026-08-02T13:39:56.399Z,deep_scan,20260802112912_1A-4-7-8-17-28C,30,8,0,15,M262,AB6503,0,11
2026-08-02T13:40:26.452Z,deep_scan,20260802112912_1A-4-7-8-17-28C,30,8,0,4,M22,AA7622,0,21
2026-08-02T13:40:26.452Z,deep_scan,20260802112912_1A-4-7-8-17-28C,30,8,0,6,M16/2,AA3018,0,18
2026-08-02T13:40:26.452Z,deep_scan,20260802112912_1A-4-7-8-17-28C,30,8,0,15,M262,AA7350,0,5
2026-08-02T13:40:26.452Z,deep_scan,20260802112912_1A-4-7-8-17-28C,30,8,0,15,M262,AB6503,0,11
2026-08-02T13:40:26.459Z,deep_scan,20260802112912_1A-4-7-8-17-28C,30,8,1,4,M251,AA2719,0,32
2026-08-02T13:40:26.459Z,deep_scan,20260802112912_1A-4-7-8-17-28C,30,8,1,8,M75,AB6005,1,25
2026-08-02T13:40:26.459Z,deep_scan,20260802112912_1A-4-7-8-17-28C,30,8,1,14,M92,AA7086,0,1
2026-08-02T13:40:26.459Z,deep_scan,20260802112912_1A-4-7-8-17-28C,30,8,1,19,M21/1,AA7510,0,1
2026-08-02T13:40:56.404Z,deep_scan,20260802112912_1A-4-7-8-17-28C,30,8,1,4,M251,AA2719,0,25
2026-08-02T13:40:56.404Z,deep_scan,20260802112912_1A-4-7-8-17-28C,30,8,1,8,M75,AB6005,0,10
2026-08-02T13:40:56.404Z,deep_scan,20260802112912_1A-4-7-8-17-28C,30,8,1,15,M39,AA7086,1,32
2026-08-02T13:40:56.404Z,deep_scan,20260802112912_1A-4-7-8-17-28C,30,8,1,19,M21/1,AA7510,0,18
2026-08-02T13:40:56.430Z,deep_scan,20260802112912_1A-4-7-8-17-28C,30,8,0,4,M22,AA7622,0,21
2026-08-02T13:40:56.430Z,deep_scan,20260802112912_1A-4-7-8-17-28C,30,8,0,6,M16/2,AA3018,0,1
2026-08-02T13:40:56.430Z,deep_scan,20260802112912_1A-4-7-8-17-28C,30,8,0,15,M262,AA7350,0,5
2026-08-02T13:40:56.430Z,deep_scan,20260802112912_1A-4-7-8-17-28C,30,8,0,15,M262,AB6503,0,11
2026-08-02T13:41:26.460Z,deep_scan,20260802112912_1A-4-7-8-17-28C,30,8,0,4,M22,AA7622,0,22
2026-08-02T13:41:26.460Z,deep_scan,20260802112912_1A-4-7-8-17-28C,30,8,0,7,M116,AA3018,1,10
2026-08-02T13:41:26.460Z,deep_scan,20260802112912_1A-4-7-8-17-28C,30,8,0,15,M262,AA7350,0,5
2026-08-02T13:41:26.460Z,deep_scan,20260802112912_1A-4-7-8-17-28C,30,8,0,15,M262,AB6503,0,3
2026-08-02T13:41:26.464Z,deep_scan,20260802112912_1A-4-7-8-17-28C,30,8,1,5,M263,AA2719,0,39
2026-08-02T13:41:26.464Z,deep_scan,20260802112912_1A-4-7-8-17-28C,30,8,1,8,M75,AB6005,0,10
2026-08-02T13:41:26.464Z,deep_scan,20260802112912_1A-4-7-8-17-28C,30,8,1,15,M39,AA7086,1,13
2026-08-02T13:41:26.464Z,deep_scan,20260802112912_1A-4-7-8-17-28C,30,8,1,20,M24,AA7510,1,29
2026-08-02T13:41:56.400Z,deep_scan,20260802112912_1A-4-7-8-17-28C,30,8,0,4,M22,AA7622,0,28
2026-08-02T13:41:56.400Z,deep_scan,20260802112912_1A-4-7-8-17-28C,30,8,0,7,M116,AA3018,1,8
2026-08-02T13:41:56.400Z,deep_scan,20260802112912_1A-4-7-8-17-28C,30,8,0,15,M262,AA7350,0,5
2026-08-02T13:41:56.400Z,deep_scan,20260802112912_1A-4-7-8-17-28C,30,8,0,15,M262,AB6503,0,3
2026-08-02T13:41:56.415Z,deep_scan,20260802112912_1A-4-7-8-17-28C,30,8,1,5,M263,AA2719,0,42
2026-08-02T13:41:56.415Z,deep_scan,20260802112912_1A-4-7-8-17-28C,30,8,1,8,M75,AB6005,0,17
2026-08-02T13:41:56.415Z,deep_scan,20260802112912_1A-4-7-8-17-28C,30,8,1,15,M39,AA7086,0,11
2026-08-02T13:41:56.415Z,deep_scan,20260802112912_1A-4-7-8-17-28C,30,8,1,20,M24,AA7510,0,37
2026-08-02T13:42:26.432Z,deep_scan,20260802112912_1A-4-7-8-17-28C,30,8,1,5,M263,AA2719,0,31
2026-08-02T13:42:26.432Z,deep_scan,20260802112912_1A-4-7-8-17-28C,30,8,1,8,M75,AB6005,0,5
2026-08-02T13:42:26.432Z,deep_scan,20260802112912_1A-4-7-8-17-28C,30,8,1,15,M39,AA7086,0,11
2026-08-02T13:42:26.432Z,deep_scan,20260802112912_1A-4-7-8-17-28C,30,8,1,21,M208,AA7510,1,1
2026-08-02T13:42:26.447Z,deep_scan,20260802112912_1A-4-7-8-17-28C,30,8,0,4,M22,AA7622,0,10
2026-08-02T13:42:26.447Z,deep_scan,20260802112912_1A-4-7-8-17-28C,30,8,0,7,M116,AA3018,1,3
2026-08-02T13:42:26.447Z,deep_scan,20260802112912_1A-4-7-8-17-28C,30,8,0,15,M262,AA7350,0,5
2026-08-02T13:42:26.447Z,deep_scan,20260802112912_1A-4-7-8-17-28C,30,8,0,15,M262,AB6503,0,3
2026-08-02T13:42:56.451Z,deep_scan,20260802112912_1A-4-7-8-17-28C,30,8,1,6,M160/1,AA2719,1,5
2026-08-02T13:42:56.451Z,deep_scan,20260802112912_1A-4-7-8-17-28C,30,8,1,8,M75,AB6005,0,5
2026-08-02T13:42:56.451Z,deep_scan,20260802112912_1A-4-7-8-17-28C,30,8,1,16,M28/1,AA7086,1,5
2026-08-02T13:42:56.451Z,deep_scan,20260802112912_1A-4-7-8-17-28C,30,8,1,21,M208,AA7510,0,10
2026-08-02T13:42:56.455Z,deep_scan,20260802112912_1A-4-7-8-17-28C,30,8,0,6,M16/2,AA7622,1,9
2026-08-02T13:42:56.455Z,deep_scan,20260802112912_1A-4-7-8-17-28C,30,8,0,7,M116,AA3018,0,22
2026-08-02T13:42:56.455Z,deep_scan,20260802112912_1A-4-7-8-17-28C,30,8,0,15,M262,AA7350,0,3
2026-08-02T13:42:56.455Z,deep_scan,20260802112912_1A-4-7-8-17-28C,30,8,0,15,M262,AB6503,0,3
2026-08-02T13:43:26.448Z,deep_scan,20260802112912_1A-4-7-8-17-28C,30,8,0,6,M16/2,AA7622,0,26
2026-08-02T13:43:26.448Z,deep_scan,20260802112912_1A-4-7-8-17-28C,30,8,0,8,M81,AA3018,0,33
2026-08-02T13:43:26.448Z,deep_scan,20260802112912_1A-4-7-8-17-28C,30,8,0,15,M262,AB6503,0,4
2026-08-02T13:43:26.448Z,deep_scan,20260802112912_1A-4-7-8-17-28C,30,8,0,16,M259,AA7350,1,13
2026-08-02T13:43:26.498Z,deep_scan,20260802112912_1A-4-7-8-17-28C,30,8,1,6,M160/1,AA2719,0,25
2026-08-02T13:43:26.498Z,deep_scan,20260802112912_1A-4-7-8-17-28C,30,8,1,8,M75,AB6005,0,24
2026-08-02T13:43:26.498Z,deep_scan,20260802112912_1A-4-7-8-17-28C,30,8,1,16,M28/1,AA7086,1,8
2026-08-02T13:43:26.498Z,deep_scan,20260802112912_1A-4-7-8-17-28C,30,8,1,21,M208,AA7510,0,27
2026-08-02T13:43:56.409Z,deep_scan,20260802112912_1A-4-7-8-17-28C,30,8,0,6,M16/2,AA7622,0,5
2026-08-02T13:43:56.409Z,deep_scan,20260802112912_1A-4-7-8-17-28C,30,8,0,8,M81,AA3018,0,33
2026-08-02T13:43:56.409Z,deep_scan,20260802112912_1A-4-7-8-17-28C,30,8,0,15,M262,AB6503,0,13
2026-08-02T13:43:56.409Z,deep_scan,20260802112912_1A-4-7-8-17-28C,30,8,0,16,M259,AA7350,1,4
2026-08-02T13:43:56.451Z,deep_scan,20260802112912_1A-4-7-8-17-28C,30,8,1,6,M160/1,AA2719,0,40
2026-08-02T13:43:56.451Z,deep_scan,20260802112912_1A-4-7-8-17-28C,30,8,1,8,M75,AB6005,0,13
2026-08-02T13:43:56.451Z,deep_scan,20260802112912_1A-4-7-8-17-28C,30,8,1,16,M28/1,AA7086,0,9
2026-08-02T13:43:56.451Z,deep_scan,20260802112912_1A-4-7-8-17-28C,30,8,1,21,M208,AA7510,0,30
2026-08-02T13:44:26.443Z,deep_scan,20260802112912_1A-4-7-8-17-28C,30,8,1,6,M160/1,AA2719,0,40
2026-08-02T13:44:26.443Z,deep_scan,20260802112912_1A-4-7-8-17-28C,30,8,1,8,M75,AB6005,0,13
2026-08-02T13:44:26.443Z,deep_scan,20260802112912_1A-4-7-8-17-28C,30,8,1,16,M28/1,AA7086,0,1
2026-08-02T13:44:26.457Z,deep_scan,20260802112912_1A-4-7-8-17-28C,30,8,0,0,M267,AA7510,1,20
2026-08-02T13:44:26.457Z,deep_scan,20260802112912_1A-4-7-8-17-28C,30,8,0,6,M16/2,AA7622,0,13
2026-08-02T13:44:26.457Z,deep_scan,20260802112912_1A-4-7-8-17-28C,30,8,0,8,M81,AA3018,0,13
2026-08-02T13:44:26.457Z,deep_scan,20260802112912_1A-4-7-8-17-28C,30,8,0,15,M262,AB6503,0,2
2026-08-02T13:44:26.457Z,deep_scan,20260802112912_1A-4-7-8-17-28C,30,8,0,16,M259,AA7350,1,5
2026-08-02T13:44:56.423Z,deep_scan,20260802112912_1A-4-7-8-17-28C,30,8,1,6,M160/1,AA2719,0,10
2026-08-02T13:44:56.423Z,deep_scan,20260802112912_1A-4-7-8-17-28C,30,8,1,8,M75,AB6005,0,12
2026-08-02T13:44:56.423Z,deep_scan,20260802112912_1A-4-7-8-17-28C,30,8,1,16,M28/1,AA7086,0,18
2026-08-02T13:44:56.451Z,deep_scan,20260802112912_1A-4-7-8-17-28C,30,8,0,1,M209/2,AA7510,1,30
2026-08-02T13:44:56.451Z,deep_scan,20260802112912_1A-4-7-8-17-28C,30,8,0,6,M16/2,AA7622,0,39
2026-08-02T13:44:56.451Z,deep_scan,20260802112912_1A-4-7-8-17-28C,30,8,0,9,M78,AA3018,1,6
2026-08-02T13:44:56.451Z,deep_scan,20260802112912_1A-4-7-8-17-28C,30,8,0,15,M262,AB6503,0,6
2026-08-02T13:44:56.451Z,deep_scan,20260802112912_1A-4-7-8-17-28C,30,8,0,16,M259,AA7350,0,4
2026-08-02T13:45:26.439Z,deep_scan,20260802112912_1A-4-7-8-17-28C,30,8,1,6,M160/1,AA2719,0,10
2026-08-02T13:45:26.439Z,deep_scan,20260802112912_1A-4-7-8-17-28C,30,8,1,9,M237,AB6005,1,6
2026-08-02T13:45:26.439Z,deep_scan,20260802112912_1A-4-7-8-17-28C,30,8,1,16,M28/1,AA7086,0,13
2026-08-02T13:45:26.468Z,deep_scan,20260802112912_1A-4-7-8-17-28C,30,8,0,1,M209/2,AA7510,0,13
2026-08-02T13:45:26.468Z,deep_scan,20260802112912_1A-4-7-8-17-28C,30,8,0,7,M116,AA7622,1,7
2026-08-02T13:45:26.468Z,deep_scan,20260802112912_1A-4-7-8-17-28C,30,8,0,9,M78,AA3018,0,8
2026-08-02T13:45:26.468Z,deep_scan,20260802112912_1A-4-7-8-17-28C,30,8,0,15,M262,AB6503,0,6
2026-08-02T13:45:26.468Z,deep_scan,20260802112912_1A-4-7-8-17-28C,30,8,0,16,M259,AA7350,0,41
2026-08-02T13:45:56.501Z,deep_scan,20260802112912_1A-4-7-8-17-28C,30,8,1,7,M100,AA2719,1,26
2026-08-02T13:45:56.501Z,deep_scan,20260802112912_1A-4-7-8-17-28C,30,8,1,9,M237,AB6005,0,5
2026-08-02T13:45:56.501Z,deep_scan,20260802112912_1A-4-7-8-17-28C,30,8,1,17,M11,AA7086,0,19
2026-08-02T13:45:56.514Z,deep_scan,20260802112912_1A-4-7-8-17-28C,30,8,0,1,M209/2,AA7510,0,26
2026-08-02T13:45:56.514Z,deep_scan,20260802112912_1A-4-7-8-17-28C,30,8,0,7,M116,AA7622,1,1
2026-08-02T13:45:56.514Z,deep_scan,20260802112912_1A-4-7-8-17-28C,30,8,0,9,M78,AA3018,0,15
2026-08-02T13:45:56.514Z,deep_scan,20260802112912_1A-4-7-8-17-28C,30,8,0,15,M262,AB6503,0,2
2026-08-02T13:45:56.514Z,deep_scan,20260802112912_1A-4-7-8-17-28C,30,8,0,16,M259,AA7350,0,29
2026-08-02T13:46:26.451Z,deep_scan,20260802112912_1A-4-7-8-17-28C,30,8,1,7,M100,AA2719,0,13
2026-08-02T13:46:26.451Z,deep_scan,20260802112912_1A-4-7-8-17-28C,30,8,1,10,M245,AB6005,1,23
2026-08-02T13:46:26.451Z,deep_scan,20260802112912_1A-4-7-8-17-28C,30,8,1,18,M12,AA7086,1,2
2026-08-02T13:46:26.486Z,deep_scan,20260802112912_1A-4-7-8-17-28C,30,8,0,1,M209/2,AA7510,0,36
2026-08-02T13:46:26.486Z,deep_scan,20260802112912_1A-4-7-8-17-28C,30,8,0,7,M116,AA7622,1,6
2026-08-02T13:46:26.486Z,deep_scan,20260802112912_1A-4-7-8-17-28C,30,8,0,10,M270/2,AA3018,1,22
2026-08-02T13:46:26.486Z,deep_scan,20260802112912_1A-4-7-8-17-28C,30,8,0,15,M262,AB6503,0,3
2026-08-02T13:46:26.486Z,deep_scan,20260802112912_1A-4-7-8-17-28C,30,8,0,17,M62/2,AA7350,1,0
2026-08-02T13:46:56.509Z,deep_scan,20260802112912_1A-4-7-8-17-28C,30,8,1,7,M100,AA2719,0,23
2026-08-02T13:46:56.509Z,deep_scan,20260802112912_1A-4-7-8-17-28C,30,8,1,10,M245,AB6005,1,8
2026-08-02T13:46:56.509Z,deep_scan,20260802112912_1A-4-7-8-17-28C,30,8,1,18,M12,AA7086,0,12
2026-08-02T13:46:56.528Z,deep_scan,20260802112912_1A-4-7-8-17-28C,30,8,0,2,M211,AA7510,0,14
2026-08-02T13:46:56.528Z,deep_scan,20260802112912_1A-4-7-8-17-28C,30,8,0,7,M116,AA7622,0,39
2026-08-02T13:46:56.528Z,deep_scan,20260802112912_1A-4-7-8-17-28C,30,8,0,10,M270/2,AA3018,1,1
2026-08-02T13:46:56.528Z,deep_scan,20260802112912_1A-4-7-8-17-28C,30,8,0,16,M259,AB6503,1,3
2026-08-02T13:46:56.528Z,deep_scan,20260802112912_1A-4-7-8-17-28C,30,8,0,17,M62/2,AA7350,1,0
2026-08-02T13:47:26.473Z,deep_scan,20260802112912_1A-4-7-8-17-28C,30,8,1,7,M100,AA2719,0,25
2026-08-02T13:47:26.473Z,deep_scan,20260802112912_1A-4-7-8-17-28C,30,8,1,10,M245,AB6005,0,21
2026-08-02T13:47:26.473Z,deep_scan,20260802112912_1A-4-7-8-17-28C,30,8,1,19,M21/1,AA7086,1,3
2026-08-02T13:47:26.512Z,deep_scan,20260802112912_1A-4-7-8-17-28C,30,8,0,2,M211,AA7510,0,19
2026-08-02T13:47:26.512Z,deep_scan,20260802112912_1A-4-7-8-17-28C,30,8,0,8,M81,AA7622,1,10
2026-08-02T13:47:26.512Z,deep_scan,20260802112912_1A-4-7-8-17-28C,30,8,0,10,M270/2,AA3018,0,21
2026-08-02T13:47:26.512Z,deep_scan,20260802112912_1A-4-7-8-17-28C,30,8,0,16,M259,AB6503,1,3
2026-08-02T13:47:26.512Z,deep_scan,20260802112912_1A-4-7-8-17-28C,30,8,0,17,M62/2,AA7350,1,0
2026-08-02T13:47:56.501Z,deep_scan,20260802112912_1A-4-7-8-17-28C,30,8,0,3,M25,AA7510,1,14
2026-08-02T13:47:56.501Z,deep_scan,20260802112912_1A-4-7-8-17-28C,30,8,0,8,M81,AA7622,1,5
2026-08-02T13:47:56.501Z,deep_scan,20260802112912_1A-4-7-8-17-28C,30,8,0,11,M153,AA3018,1,10
2026-08-02T13:47:56.501Z,deep_scan,20260802112912_1A-4-7-8-17-28C,30,8,0,16,M259,AB6503,1,2
2026-08-02T13:47:56.501Z,deep_scan,20260802112912_1A-4-7-8-17-28C,30,8,0,17,M62/2,AA7350,1,0
2026-08-02T13:47:56.526Z,deep_scan,20260802112912_1A-4-7-8-17-28C,30,8,1,7,M100,AA2719,0,11
2026-08-02T13:47:56.526Z,deep_scan,20260802112912_1A-4-7-8-17-28C,30,8,1,11,M119,AB6005,1,9
2026-08-02T13:47:56.526Z,deep_scan,20260802112912_1A-4-7-8-17-28C,30,8,1,19,M21/1,AA7086,1,3
2026-08-02T13:48:26.532Z,deep_scan,20260802112912_1A-4-7-8-17-28C,30,8,0,3,M25,AA7510,0,9
2026-08-02T13:48:26.532Z,deep_scan,20260802112912_1A-4-7-8-17-28C,30,8,0,8,M81,AA7622,1,5
2026-08-02T13:48:26.532Z,deep_scan,20260802112912_1A-4-7-8-17-28C,30,8,0,11,M153,AA3018,1,5
2026-08-02T13:48:26.532Z,deep_scan,20260802112912_1A-4-7-8-17-28C,30,8,0,16,M259,AB6503,1,29
2026-08-02T13:48:26.532Z,deep_scan,20260802112912_1A-4-7-8-17-28C,30,8,0,17,M62/2,AA7350,1,0
2026-08-02T13:48:26.546Z,deep_scan,20260802112912_1A-4-7-8-17-28C,30,8,1,7,M100,AA2719,0,11
2026-08-02T13:48:26.546Z,deep_scan,20260802112912_1A-4-7-8-17-28C,30,8,1,11,M119,AB6005,0,12
2026-08-02T13:48:26.546Z,deep_scan,20260802112912_1A-4-7-8-17-28C,30,8,1,19,M21/1,AA7086,1,7
2026-08-02T13:48:56.499Z,deep_scan,20260802112912_1A-4-7-8-17-28C,30,8,1,7,M100,AA2719,0,19
2026-08-02T13:48:56.499Z,deep_scan,20260802112912_1A-4-7-8-17-28C,30,8,1,12,M110,AB6005,1,23
2026-08-02T13:48:56.499Z,deep_scan,20260802112912_1A-4-7-8-17-28C,30,8,1,19,M21/1,AA7086,1,16
2026-08-02T13:48:56.530Z,deep_scan,20260802112912_1A-4-7-8-17-28C,30,8,0,3,M25,AA7510,0,9
2026-08-02T13:48:56.530Z,deep_scan,20260802112912_1A-4-7-8-17-28C,30,8,0,8,M81,AA7622,1,1
2026-08-02T13:48:56.530Z,deep_scan,20260802112912_1A-4-7-8-17-28C,30,8,0,11,M153,AA3018,0,26
2026-08-02T13:48:56.530Z,deep_scan,20260802112912_1A-4-7-8-17-28C,30,8,0,16,M259,AB6503,0,40
2026-08-02T13:48:56.530Z,deep_scan,20260802112912_1A-4-7-8-17-28C,30,8,0,17,M62/2,AA7350,1,0
2026-08-02T13:49:26.491Z,deep_scan,20260802112912_1A-4-7-8-17-28C,30,8,1,7,M100,AA2719,0,5
2026-08-02T13:49:26.491Z,deep_scan,20260802112912_1A-4-7-8-17-28C,30,8,1,12,M110,AB6005,1,5
2026-08-02T13:49:26.491Z,deep_scan,20260802112912_1A-4-7-8-17-28C,30,8,1,19,M21/1,AA7086,0,11
2026-08-02T13:49:26.497Z,deep_scan,20260802112912_1A-4-7-8-17-28C,30,8,0,3,M25,AA7510,0,5
2026-08-02T13:49:26.497Z,deep_scan,20260802112912_1A-4-7-8-17-28C,30,8,0,9,M78,AA7622,1,24
2026-08-02T13:49:26.497Z,deep_scan,20260802112912_1A-4-7-8-17-28C,30,8,0,11,M153,AA3018,0,26
2026-08-02T13:49:26.497Z,deep_scan,20260802112912_1A-4-7-8-17-28C,30,8,0,16,M259,AB6503,0,23
2026-08-02T13:49:26.497Z,deep_scan,20260802112912_1A-4-7-8-17-28C,30,8,0,17,M62/2,AA7350,1,0
2026-08-02T13:49:56.508Z,deep_scan,20260802112912_1A-4-7-8-17-28C,30,8,0,4,M22,AA7510,1,3
2026-08-02T13:49:56.508Z,deep_scan,20260802112912_1A-4-7-8-17-28C,30,8,0,9,M78,AA7622,1,1
2026-08-02T13:49:56.508Z,deep_scan,20260802112912_1A-4-7-8-17-28C,30,8,0,11,M153,AA3018,0,26
2026-08-02T13:49:56.508Z,deep_scan,20260802112912_1A-4-7-8-17-28C,30,8,0,17,M62/2,AA7350,1,0
2026-08-02T13:49:56.508Z,deep_scan,20260802112912_1A-4-7-8-17-28C,30,8,0,17,M62/2,AB6503,1,0
2026-08-02T13:49:56.535Z,deep_scan,20260802112912_1A-4-7-8-17-28C,30,8,1,7,M100,AA2719,0,5
2026-08-02T13:49:56.535Z,deep_scan,20260802112912_1A-4-7-8-17-28C,30,8,1,13,M86,AB6005,1,10
2026-08-02T13:49:56.535Z,deep_scan,20260802112912_1A-4-7-8-17-28C,30,8,1,19,M21/1,AA7086,0,5
2026-08-02T13:50:26.505Z,deep_scan,20260802112912_1A-4-7-8-17-28C,30,8,1,7,M100,AA2719,0,27
2026-08-02T13:50:26.505Z,deep_scan,20260802112912_1A-4-7-8-17-28C,30,8,1,13,M86,AB6005,1,9
2026-08-02T13:50:26.505Z,deep_scan,20260802112912_1A-4-7-8-17-28C,30,8,1,19,M21/1,AA7086,0,5
2026-08-02T13:50:26.588Z,deep_scan,20260802112912_1A-4-7-8-17-28C,30,8,0,4,M22,AA7510,1,3
2026-08-02T13:50:26.588Z,deep_scan,20260802112912_1A-4-7-8-17-28C,30,8,0,9,M78,AA7622,0,3
2026-08-02T13:50:26.588Z,deep_scan,20260802112912_1A-4-7-8-17-28C,30,8,0,12,M168,AA3018,1,12
2026-08-02T13:50:26.588Z,deep_scan,20260802112912_1A-4-7-8-17-28C,30,8,0,17,M62/2,AA7350,1,0
2026-08-02T13:50:26.588Z,deep_scan,20260802112912_1A-4-7-8-17-28C,30,8,0,17,M62/2,AB6503,1,0
2026-08-02T13:50:56.504Z,deep_scan,20260802112912_1A-4-7-8-17-28C,30,8,0,4,M22,AA7510,0,20
2026-08-02T13:50:56.504Z,deep_scan,20260802112912_1A-4-7-8-17-28C,30,8,0,9,M78,AA7622,0,1
2026-08-02T13:50:56.504Z,deep_scan,20260802112912_1A-4-7-8-17-28C,30,8,0,12,M168,AA3018,0,31
2026-08-02T13:50:56.504Z,deep_scan,20260802112912_1A-4-7-8-17-28C,30,8,0,17,M62/2,AB6503,1,0
2026-08-02T13:50:56.528Z,deep_scan,20260802112912_1A-4-7-8-17-28C,30,8,1,7,M100,AA2719,0,4
2026-08-02T13:50:56.528Z,deep_scan,20260802112912_1A-4-7-8-17-28C,30,8,1,13,M86,AB6005,0,28
2026-08-02T13:50:56.528Z,deep_scan,20260802112912_1A-4-7-8-17-28C,30,8,1,19,M21/1,AA7086,0,25
2026-08-02T13:51:26.521Z,deep_scan,20260802112912_1A-4-7-8-17-28C,30,8,1,7,M100,AA2719,0,4
2026-08-02T13:51:26.521Z,deep_scan,20260802112912_1A-4-7-8-17-28C,30,8,1,14,M92,AB6005,1,10
2026-08-02T13:51:26.521Z,deep_scan,20260802112912_1A-4-7-8-17-28C,30,8,1,20,M24,AA7086,1,18
2026-08-02T13:51:26.555Z,deep_scan,20260802112912_1A-4-7-8-17-28C,30,8,0,4,M22,AA7510,0,13
2026-08-02T13:51:26.555Z,deep_scan,20260802112912_1A-4-7-8-17-28C,30,8,0,9,M78,AA7622,0,8
2026-08-02T13:51:26.555Z,deep_scan,20260802112912_1A-4-7-8-17-28C,30,8,0,12,M168,AA3018,0,23
2026-08-02T13:51:26.555Z,deep_scan,20260802112912_1A-4-7-8-17-28C,30,8,0,17,M62/2,AB6503,1,0
2026-08-02T13:51:56.569Z,deep_scan,20260802112912_1A-4-7-8-17-28C,30,8,0,4,M22,AA7510,0,13
2026-08-02T13:51:56.569Z,deep_scan,20260802112912_1A-4-7-8-17-28C,30,8,0,10,M270/2,AA7622,1,16
2026-08-02T13:51:56.569Z,deep_scan,20260802112912_1A-4-7-8-17-28C,30,8,0,12,M168,AA3018,0,24
2026-08-02T13:51:56.569Z,deep_scan,20260802112912_1A-4-7-8-17-28C,30,8,0,17,M62/2,AB6503,1,0
2026-08-02T13:51:56.573Z,deep_scan,20260802112912_1A-4-7-8-17-28C,30,8,1,7,M100,AA2719,0,16
2026-08-02T13:51:56.573Z,deep_scan,20260802112912_1A-4-7-8-17-28C,30,8,1,14,M92,AB6005,1,10
2026-08-02T13:51:56.573Z,deep_scan,20260802112912_1A-4-7-8-17-28C,30,8,1,20,M24,AA7086,0,29
2026-08-02T13:52:26.561Z,deep_scan,20260802112912_1A-4-7-8-17-28C,30,8,1,9,M237,AA2719,1,17
2026-08-02T13:52:26.561Z,deep_scan,20260802112912_1A-4-7-8-17-28C,30,8,1,14,M92,AB6005,1,8
2026-08-02T13:52:26.561Z,deep_scan,20260802112912_1A-4-7-8-17-28C,30,8,1,21,M208,AA7086,1,30
2026-08-02T13:52:26.580Z,deep_scan,20260802112912_1A-4-7-8-17-28C,30,8,0,4,M22,AA7510,0,13
2026-08-02T13:52:26.580Z,deep_scan,20260802112912_1A-4-7-8-17-28C,30,8,0,10,M270/2,AA7622,1,22
2026-08-02T13:52:26.580Z,deep_scan,20260802112912_1A-4-7-8-17-28C,30,8,0,13,M69/2,AA3018,1,28
2026-08-02T13:52:26.580Z,deep_scan,20260802112912_1A-4-7-8-17-28C,30,8,0,17,M62/2,AB6503,1,0
2026-08-02T13:52:56.596Z,deep_scan,20260802112912_1A-4-7-8-17-28C,30,8,0,4,M22,AA7510,0,18
2026-08-02T13:52:56.596Z,deep_scan,20260802112912_1A-4-7-8-17-28C,30,8,0,10,M270/2,AA7622,0,23
2026-08-02T13:52:56.596Z,deep_scan,20260802112912_1A-4-7-8-17-28C,30,8,0,13,M69/2,AA3018,0,4
2026-08-02T13:52:56.596Z,deep_scan,20260802112912_1A-4-7-8-17-28C,30,8,0,17,M62/2,AB6503,1,0
2026-08-02T13:52:56.626Z,deep_scan,20260802112912_1A-4-7-8-17-28C,30,8,1,9,M237,AA2719,0,17
2026-08-02T13:52:56.626Z,deep_scan,20260802112912_1A-4-7-8-17-28C,30,8,1,14,M92,AB6005,0,7
2026-08-02T13:52:56.626Z,deep_scan,20260802112912_1A-4-7-8-17-28C,30,8,1,21,M208,AA7086,0,10
2026-08-02T13:53:26.568Z,deep_scan,20260802112912_1A-4-7-8-17-28C,30,8,1,9,M237,AA2719,0,10
2026-08-02T13:53:26.568Z,deep_scan,20260802112912_1A-4-7-8-17-28C,30,8,1,14,M92,AB6005,0,7
2026-08-02T13:53:26.568Z,deep_scan,20260802112912_1A-4-7-8-17-28C,30,8,1,21,M208,AA7086,0,28
2026-08-02T13:53:26.592Z,deep_scan,20260802112912_1A-4-7-8-17-28C,30,8,0,4,M22,AA7510,0,5
2026-08-02T13:53:26.592Z,deep_scan,20260802112912_1A-4-7-8-17-28C,30,8,0,11,M153,AA7622,1,23
2026-08-02T13:53:26.592Z,deep_scan,20260802112912_1A-4-7-8-17-28C,30,8,0,14,M159,AA3018,1,17
2026-08-02T13:53:26.592Z,deep_scan,20260802112912_1A-4-7-8-17-28C,30,8,0,17,M62/2,AB6503,1,0
2026-08-02T13:53:56.584Z,deep_scan,20260802112912_1A-4-7-8-17-28C,30,8,0,4,M22,AA7510,0,8
2026-08-02T13:53:56.584Z,deep_scan,20260802112912_1A-4-7-8-17-28C,30,8,0,11,M153,AA7622,1,6
2026-08-02T13:53:56.584Z,deep_scan,20260802112912_1A-4-7-8-17-28C,30,8,0,14,M159,AA3018,1,6
2026-08-02T13:53:56.598Z,deep_scan,20260802112912_1A-4-7-8-17-28C,30,8,1,0,M62/2,AB6503,1,18
2026-08-02T13:53:56.598Z,deep_scan,20260802112912_1A-4-7-8-17-28C,30,8,1,10,M245,AA2719,1,20
2026-08-02T13:53:56.598Z,deep_scan,20260802112912_1A-4-7-8-17-28C,30,8,1,14,M92,AB6005,0,22
2026-08-02T13:53:56.598Z,deep_scan,20260802112912_1A-4-7-8-17-28C,30,8,1,21,M208,AA7086,0,16
2026-08-02T13:54:26.614Z,deep_scan,20260802112912_1A-4-7-8-17-28C,30,8,1,0,M62/2,AB6503,1,18
2026-08-02T13:54:26.614Z,deep_scan,20260802112912_1A-4-7-8-17-28C,30,8,1,11,M119,AA2719,1,22
2026-08-02T13:54:26.614Z,deep_scan,20260802112912_1A-4-7-8-17-28C,30,8,1,15,M39,AB6005,1,7
2026-08-02T13:54:26.614Z,deep_scan,20260802112912_1A-4-7-8-17-28C,30,8,1,22,M267,AA7086,1,0
2026-08-02T13:54:26.619Z,deep_scan,20260802112912_1A-4-7-8-17-28C,30,8,0,6,M16/2,AA7510,1,30
2026-08-02T13:54:26.619Z,deep_scan,20260802112912_1A-4-7-8-17-28C,30,8,0,11,M153,AA7622,1,1
2026-08-02T13:54:26.619Z,deep_scan,20260802112912_1A-4-7-8-17-28C,30,8,0,14,M159,AA3018,0,28
2026-08-02T13:54:56.630Z,deep_scan,20260802112912_1A-4-7-8-17-28C,30,8,0,6,M16/2,AA7510,1,31
2026-08-02T13:54:56.630Z,deep_scan,20260802112912_1A-4-7-8-17-28C,30,8,0,11,M153,AA7622,1,1
2026-08-02T13:54:56.630Z,deep_scan,20260802112912_1A-4-7-8-17-28C,30,8,0,14,M159,AA3018,0,19
2026-08-02T13:54:56.639Z,deep_scan,20260802112912_1A-4-7-8-17-28C,30,8,1,0,M62/2,AB6503,1,18
2026-08-02T13:54:56.639Z,deep_scan,20260802112912_1A-4-7-8-17-28C,30,8,1,11,M119,AA2719,0,12
2026-08-02T13:54:56.639Z,deep_scan,20260802112912_1A-4-7-8-17-28C,30,8,1,15,M39,AB6005,1,9
2026-08-02T13:54:56.639Z,deep_scan,20260802112912_1A-4-7-8-17-28C,30,8,1,22,M267,AA7086,1,0
2026-08-02T13:55:26.575Z,deep_scan,20260802112912_1A-4-7-8-17-28C,30,8,0,6,M16/2,AA7510,1,31
2026-08-02T13:55:26.575Z,deep_scan,20260802112912_1A-4-7-8-17-28C,30,8,0,11,M153,AA7622,0,20
2026-08-02T13:55:26.575Z,deep_scan,20260802112912_1A-4-7-8-17-28C,30,8,0,14,M159,AA3018,0,14
2026-08-02T13:55:26.592Z,deep_scan,20260802112912_1A-4-7-8-17-28C,30,8,1,0,M62/2,AB6503,1,17
2026-08-02T13:55:26.592Z,deep_scan,20260802112912_1A-4-7-8-17-28C,30,8,1,12,M110,AA2719,0,9
2026-08-02T13:55:26.592Z,deep_scan,20260802112912_1A-4-7-8-17-28C,30,8,1,15,M39,AB6005,0,2
2026-08-02T13:55:26.592Z,deep_scan,20260802112912_1A-4-7-8-17-28C,30,8,1,22,M267,AA7086,1,0
2026-08-02T13:55:56.591Z,deep_scan,20260802112912_1A-4-7-8-17-28C,30,8,0,6,M16/2,AA7510,0,30
2026-08-02T13:55:56.591Z,deep_scan,20260802112912_1A-4-7-8-17-28C,30,8,0,11,M153,AA7622,0,9
2026-08-02T13:55:56.591Z,deep_scan,20260802112912_1A-4-7-8-17-28C,30,8,0,15,M262,AA3018,1,17
2026-08-02T13:55:56.601Z,deep_scan,20260802112912_1A-4-7-8-17-28C,30,8,1,0,M62/2,AB6503,0,15
2026-08-02T13:55:56.601Z,deep_scan,20260802112912_1A-4-7-8-17-28C,30,8,1,12,M110,AA2719,0,11
2026-08-02T13:55:56.601Z,deep_scan,20260802112912_1A-4-7-8-17-28C,30,8,1,15,M39,AB6005,0,2
2026-08-02T13:55:56.601Z,deep_scan,20260802112912_1A-4-7-8-17-28C,30,8,1,22,M267,AA7086,1,0
2026-08-02T13:56:26.584Z,deep_scan,20260802112912_1A-4-7-8-17-28C,30,8,0,6,M16/2,AA7510,0,5
2026-08-02T13:56:26.584Z,deep_scan,20260802112912_1A-4-7-8-17-28C,30,8,0,12,M168,AA7622,1,12
2026-08-02T13:56:26.584Z,deep_scan,20260802112912_1A-4-7-8-17-28C,30,8,0,15,M262,AA3018,1,13
2026-08-02T13:56:26.606Z,deep_scan,20260802112912_1A-4-7-8-17-28C,30,8,1,0,M62/2,AB6503,0,38
2026-08-02T13:56:26.606Z,deep_scan,20260802112912_1A-4-7-8-17-28C,30,8,1,12,M110,AA2719,0,11
2026-08-02T13:56:26.606Z,deep_scan,20260802112912_1A-4-7-8-17-28C,30,8,1,15,M39,AB6005,0,2
2026-08-02T13:56:26.606Z,deep_scan,20260802112912_1A-4-7-8-17-28C,30,8,1,22,M267,AA7086,1,0
2026-08-02T13:56:56.629Z,deep_scan,20260802112912_1A-4-7-8-17-28C,30,8,1,0,M62/2,AB6503,0,21
2026-08-02T13:56:56.629Z,deep_scan,20260802112912_1A-4-7-8-17-28C,30,8,1,13,M86,AA2719,0,11
2026-08-02T13:56:56.629Z,deep_scan,20260802112912_1A-4-7-8-17-28C,30,8,1,16,M28/1,AB6005,1,23
2026-08-02T13:56:56.639Z,deep_scan,20260802112912_1A-4-7-8-17-28C,30,8,0,0,M267,AA7086,1,8
2026-08-02T13:56:56.639Z,deep_scan,20260802112912_1A-4-7-8-17-28C,30,8,0,6,M16/2,AA7510,0,5
2026-08-02T13:56:56.639Z,deep_scan,20260802112912_1A-4-7-8-17-28C,30,8,0,12,M168,AA7622,1,13
2026-08-02T13:56:56.639Z,deep_scan,20260802112912_1A-4-7-8-17-28C,30,8,0,15,M262,AA3018,1,11
2026-08-02T13:57:26.597Z,deep_scan,20260802112912_1A-4-7-8-17-28C,30,8,0,0,M267,AA7086,1,8
2026-08-02T13:57:26.597Z,deep_scan,20260802112912_1A-4-7-8-17-28C,30,8,0,6,M16/2,AA7510,0,5
2026-08-02T13:57:26.597Z,deep_scan,20260802112912_1A-4-7-8-17-28C,30,8,0,12,M168,AA7622,0,11
2026-08-02T13:57:26.597Z,deep_scan,20260802112912_1A-4-7-8-17-28C,30,8,0,15,M262,AA3018,0,16
2026-08-02T13:57:26.621Z,deep_scan,20260802112912_1A-4-7-8-17-28C,30,8,1,0,M62/2,AB6503,0,43
2026-08-02T13:57:26.621Z,deep_scan,20260802112912_1A-4-7-8-17-28C,30,8,1,13,M86,AA2719,0,3
2026-08-02T13:57:26.621Z,deep_scan,20260802112912_1A-4-7-8-17-28C,30,8,1,16,M28/1,AB6005,1,15
2026-08-02T13:57:56.638Z,deep_scan,20260802112912_1A-4-7-8-17-28C,30,8,1,0,M62/2,AB6503,0,46
2026-08-02T13:57:56.638Z,deep_scan,20260802112912_1A-4-7-8-17-28C,30,8,1,14,M92,AA2719,1,2
2026-08-02T13:57:56.638Z,deep_scan,20260802112912_1A-4-7-8-17-28C,30,8,1,16,M28/1,AB6005,0,12
2026-08-02T13:57:56.662Z,deep_scan,20260802112912_1A-4-7-8-17-28C,30,8,0,0,M267,AA7086,1,8
2026-08-02T13:57:56.662Z,deep_scan,20260802112912_1A-4-7-8-17-28C,30,8,0,6,M16/2,AA7510,0,12
2026-08-02T13:57:56.662Z,deep_scan,20260802112912_1A-4-7-8-17-28C,30,8,0,12,M168,AA7622,0,19
2026-08-02T13:57:56.662Z,deep_scan,20260802112912_1A-4-7-8-17-28C,30,8,0,15,M262,AA3018,0,32
2026-08-02T13:58:26.655Z,deep_scan,20260802112912_1A-4-7-8-17-28C,30,8,0,0,M267,AA7086,0,21
2026-08-02T13:58:26.655Z,deep_scan,20260802112912_1A-4-7-8-17-28C,30,8,0,7,M116,AA7510,1,8
2026-08-02T13:58:26.655Z,deep_scan,20260802112912_1A-4-7-8-17-28C,30,8,0,13,M69/2,AA7622,1,31
2026-08-02T13:58:26.655Z,deep_scan,20260802112912_1A-4-7-8-17-28C,30,8,0,15,M262,AA3018,0,32
2026-08-02T13:58:26.664Z,deep_scan,20260802112912_1A-4-7-8-17-28C,30,8,1,0,M62/2,AB6503,0,33
2026-08-02T13:58:26.664Z,deep_scan,20260802112912_1A-4-7-8-17-28C,30,8,1,14,M92,AA2719,1,2
2026-08-02T13:58:26.664Z,deep_scan,20260802112912_1A-4-7-8-17-28C,30,8,1,16,M28/1,AB6005,0,17
2026-08-02T13:58:56.669Z,deep_scan,20260802112912_1A-4-7-8-17-28C,30,8,1,2,M266,AB6503,0,21
2026-08-02T13:58:56.669Z,deep_scan,20260802112912_1A-4-7-8-17-28C,30,8,1,14,M92,AA2719,1,2
2026-08-02T13:58:56.669Z,deep_scan,20260802112912_1A-4-7-8-17-28C,30,8,1,16,M28/1,AB6005,0,17
2026-08-02T13:58:56.700Z,deep_scan,20260802112912_1A-4-7-8-17-28C,30,8,0,1,M209/2,AA7086,1,7
2026-08-02T13:58:56.700Z,deep_scan,20260802112912_1A-4-7-8-17-28C,30,8,0,7,M116,AA7510,1,31
2026-08-02T13:58:56.700Z,deep_scan,20260802112912_1A-4-7-8-17-28C,30,8,0,13,M69/2,AA7622,0,5
2026-08-02T13:58:56.700Z,deep_scan,20260802112912_1A-4-7-8-17-28C,30,8,0,15,M262,AA3018,0,32
2026-08-02T13:59:26.666Z,deep_scan,20260802112912_1A-4-7-8-17-28C,30,8,1,2,M266,AB6503,0,21
2026-08-02T13:59:26.666Z,deep_scan,20260802112912_1A-4-7-8-17-28C,30,8,1,14,M92,AA2719,1,12
2026-08-02T13:59:26.666Z,deep_scan,20260802112912_1A-4-7-8-17-28C,30,8,1,16,M28/1,AB6005,0,11
2026-08-02T13:59:26.705Z,deep_scan,20260802112912_1A-4-7-8-17-28C,30,8,0,1,M209/2,AA7086,0,16
2026-08-02T13:59:26.705Z,deep_scan,20260802112912_1A-4-7-8-17-28C,30,8,0,7,M116,AA7510,0,19
2026-08-02T13:59:26.705Z,deep_scan,20260802112912_1A-4-7-8-17-28C,30,8,0,14,M159,AA7622,1,17
2026-08-02T13:59:26.705Z,deep_scan,20260802112912_1A-4-7-8-17-28C,30,8,0,15,M262,AA3018,0,26
2026-08-02T13:59:56.660Z,deep_scan,20260802112912_1A-4-7-8-17-28C,30,8,1,3,M257,AB6503,1,27
2026-08-02T13:59:56.660Z,deep_scan,20260802112912_1A-4-7-8-17-28C,30,8,1,14,M92,AA2719,0,2
2026-08-02T13:59:56.660Z,deep_scan,20260802112912_1A-4-7-8-17-28C,30,8,1,16,M28/1,AB6005,0,2
2026-08-02T13:59:56.706Z,deep_scan,20260802112912_1A-4-7-8-17-28C,30,8,0,1,M209/2,AA7086,0,16
2026-08-02T13:59:56.706Z,deep_scan,20260802112912_1A-4-7-8-17-28C,30,8,0,7,M116,AA7510,0,19
2026-08-02T13:59:56.706Z,deep_scan,20260802112912_1A-4-7-8-17-28C,30,8,0,14,M159,AA7622,1,17
2026-08-02T13:59:56.706Z,deep_scan,20260802112912_1A-4-7-8-17-28C,30,8,0,16,M259,AA3018,1,31
2026-08-02T14:00:26.679Z,deep_scan,20260802112912_1A-4-7-8-17-28C,30,8,1,3,M257,AB6503,0,19
2026-08-02T14:00:26.679Z,deep_scan,20260802112912_1A-4-7-8-17-28C,30,8,1,14,M92,AA2719,0,2
2026-08-02T14:00:26.679Z,deep_scan,20260802112912_1A-4-7-8-17-28C,30,8,1,17,M11,AB6005,1,14
2026-08-02T14:00:26.686Z,deep_scan,20260802112912_1A-4-7-8-17-28C,30,8,0,1,M209/2,AA7086,0,12
2026-08-02T14:00:26.686Z,deep_scan,20260802112912_1A-4-7-8-17-28C,30,8,0,7,M116,AA7510,0,19
2026-08-02T14:00:26.686Z,deep_scan,20260802112912_1A-4-7-8-17-28C,30,8,0,14,M159,AA7622,1,17
2026-08-02T14:00:26.686Z,deep_scan,20260802112912_1A-4-7-8-17-28C,30,8,0,16,M259,AA3018,1,13
2026-08-02T14:00:56.704Z,deep_scan,20260802112912_1A-4-7-8-17-28C,30,8,0,2,M211,AA7086,1,26
2026-08-02T14:00:56.704Z,deep_scan,20260802112912_1A-4-7-8-17-28C,30,8,0,7,M116,AA7510,0,19
2026-08-02T14:00:56.704Z,deep_scan,20260802112912_1A-4-7-8-17-28C,30,8,0,14,M159,AA7622,1,16
2026-08-02T14:00:56.704Z,deep_scan,20260802112912_1A-4-7-8-17-28C,30,8,0,16,M259,AA3018,0,28
2026-08-02T14:00:56.714Z,deep_scan,20260802112912_1A-4-7-8-17-28C,30,8,1,3,M257,AB6503,0,20
2026-08-02T14:00:56.714Z,deep_scan,20260802112912_1A-4-7-8-17-28C,30,8,1,14,M92,AA2719,0,27
2026-08-02T14:00:56.714Z,deep_scan,20260802112912_1A-4-7-8-17-28C,30,8,1,18,M12,AB6005,1,7
2026-08-02T14:01:26.673Z,deep_scan,20260802112912_1A-4-7-8-17-28C,30,8,1,4,M251,AB6503,1,2
2026-08-02T14:01:26.673Z,deep_scan,20260802112912_1A-4-7-8-17-28C,30,8,1,15,M39,AA2719,1,18
2026-08-02T14:01:26.673Z,deep_scan,20260802112912_1A-4-7-8-17-28C,30,8,1,18,M12,AB6005,0,23
2026-08-02T14:01:26.680Z,deep_scan,20260802112912_1A-4-7-8-17-28C,30,8,0,2,M211,AA7086,0,26
2026-08-02T14:01:26.680Z,deep_scan,20260802112912_1A-4-7-8-17-28C,30,8,0,8,M81,AA7510,1,2
2026-08-02T14:01:26.680Z,deep_scan,20260802112912_1A-4-7-8-17-28C,30,8,0,14,M159,AA7622,1,27
2026-08-02T14:01:26.680Z,deep_scan,20260802112912_1A-4-7-8-17-28C,30,8,0,16,M259,AA3018,0,15
2026-08-02T14:01:56.666Z,deep_scan,20260802112912_1A-4-7-8-17-28C,30,8,1,4,M251,AB6503,0,35
2026-08-02T14:01:56.666Z,deep_scan,20260802112912_1A-4-7-8-17-28C,30,8,1,15,M39,AA2719,1,8
2026-08-02T14:01:56.666Z,deep_scan,20260802112912_1A-4-7-8-17-28C,30,8,1,19,M21/1,AB6005,1,21
2026-08-02T14:01:56.729Z,deep_scan,20260802112912_1A-4-7-8-17-28C,30,8,0,2,M211,AA7086,0,23
2026-08-02T14:01:56.729Z,deep_scan,20260802112912_1A-4-7-8-17-28C,30,8,0,8,M81,AA7510,0,2
2026-08-02T14:01:56.729Z,deep_scan,20260802112912_1A-4-7-8-17-28C,30,8,0,14,M159,AA7622,1,6
2026-08-02T14:01:56.729Z,deep_scan,20260802112912_1A-4-7-8-17-28C,30,8,0,17,M62/2,AA3018,1,0
2026-08-02T14:02:26.687Z,deep_scan,20260802112912_1A-4-7-8-17-28C,30,8,1,4,M251,AB6503,0,3
2026-08-02T14:02:26.687Z,deep_scan,20260802112912_1A-4-7-8-17-28C,30,8,1,15,M39,AA2719,0,20
2026-08-02T14:02:26.687Z,deep_scan,20260802112912_1A-4-7-8-17-28C,30,8,1,19,M21/1,AB6005,1,21
2026-08-02T14:02:26.737Z,deep_scan,20260802112912_1A-4-7-8-17-28C,30,8,0,3,M25,AA7086,1,2
2026-08-02T14:02:26.737Z,deep_scan,20260802112912_1A-4-7-8-17-28C,30,8,0,9,M78,AA7510,1,3
2026-08-02T14:02:26.737Z,deep_scan,20260802112912_1A-4-7-8-17-28C,30,8,0,14,M159,AA7622,1,6
2026-08-02T14:02:26.737Z,deep_scan,20260802112912_1A-4-7-8-17-28C,30,8,0,17,M62/2,AA3018,1,0
2026-08-02T14:02:56.672Z,deep_scan,20260802112912_1A-4-7-8-17-28C,30,8,1,4,M251,AB6503,0,28
2026-08-02T14:02:56.672Z,deep_scan,20260802112912_1A-4-7-8-17-28C,30,8,1,16,M28/1,AA2719,1,22
2026-08-02T14:02:56.672Z,deep_scan,20260802112912_1A-4-7-8-17-28C,30,8,1,19,M21/1,AB6005,1,2
2026-08-02T14:02:56.718Z,deep_scan,20260802112912_1A-4-7-8-17-28C,30,8,0,3,M25,AA7086,0,2
2026-08-02T14:02:56.718Z,deep_scan,20260802112912_1A-4-7-8-17-28C,30,8,0,9,M78,AA7510,0,22
2026-08-02T14:02:56.718Z,deep_scan,20260802112912_1A-4-7-8-17-28C,30,8,0,15,M262,AA7622,1,13
2026-08-02T14:02:56.718Z,deep_scan,20260802112912_1A-4-7-8-17-28C,30,8,0,17,M62/2,AA3018,1,0
2026-08-02T14:03:26.706Z,deep_scan,20260802112912_1A-4-7-8-17-28C,30,8,0,3,M25,AA7086,0,2
2026-08-02T14:03:26.706Z,deep_scan,20260802112912_1A-4-7-8-17-28C,30,8,0,10,M270/2,AA7510,1,29
2026-08-02T14:03:26.706Z,deep_scan,20260802112912_1A-4-7-8-17-28C,30,8,0,15,M262,AA7622,0,38
2026-08-02T14:03:26.706Z,deep_scan,20260802112912_1A-4-7-8-17-28C,30,8,0,17,M62/2,AA3018,1,0
2026-08-02T14:03:26.709Z,deep_scan,20260802112912_1A-4-7-8-17-28C,30,8,1,5,M263,AB6503,0,34
2026-08-02T14:03:26.709Z,deep_scan,20260802112912_1A-4-7-8-17-28C,30,8,1,16,M28/1,AA2719,0,3
2026-08-02T14:03:26.709Z,deep_scan,20260802112912_1A-4-7-8-17-28C,30,8,1,19,M21/1,AB6005,0,8
2026-08-02T14:03:56.733Z,deep_scan,20260802112912_1A-4-7-8-17-28C,30,8,1,5,M263,AB6503,0,23
2026-08-02T14:03:56.733Z,deep_scan,20260802112912_1A-4-7-8-17-28C,30,8,1,16,M28/1,AA2719,0,9
2026-08-02T14:03:56.733Z,deep_scan,20260802112912_1A-4-7-8-17-28C,30,8,1,19,M21/1,AB6005,0,11
2026-08-02T14:03:56.746Z,deep_scan,20260802112912_1A-4-7-8-17-28C,30,8,0,4,M22,AA7086,1,20
2026-08-02T14:03:56.746Z,deep_scan,20260802112912_1A-4-7-8-17-28C,30,8,0,10,M270/2,AA7510,1,7
2026-08-02T14:03:56.746Z,deep_scan,20260802112912_1A-4-7-8-17-28C,30,8,0,15,M262,AA7622,0,3
2026-08-02T14:03:56.746Z,deep_scan,20260802112912_1A-4-7-8-17-28C,30,8,0,17,M62/2,AA3018,1,0
2026-08-02T14:04:26.712Z,deep_scan,20260802112912_1A-4-7-8-17-28C,30,8,1,5,M263,AB6503,0,33
2026-08-02T14:04:26.712Z,deep_scan,20260802112912_1A-4-7-8-17-28C,30,8,1,16,M28/1,AA2719,0,24
2026-08-02T14:04:26.712Z,deep_scan,20260802112912_1A-4-7-8-17-28C,30,8,1,19,M21/1,AB6005,0,11
2026-08-02T14:04:26.732Z,deep_scan,20260802112912_1A-4-7-8-17-28C,30,8,0,4,M22,AA7086,1,10
2026-08-02T14:04:26.732Z,deep_scan,20260802112912_1A-4-7-8-17-28C,30,8,0,10,M270/2,AA7510,0,6
2026-08-02T14:04:26.732Z,deep_scan,20260802112912_1A-4-7-8-17-28C,30,8,0,15,M262,AA7622,0,34
2026-08-02T14:04:26.732Z,deep_scan,20260802112912_1A-4-7-8-17-28C,30,8,0,17,M62/2,AA3018,1,0
2026-08-02T14:04:56.712Z,deep_scan,20260802112912_1A-4-7-8-17-28C,30,8,0,4,M22,AA7086,1,10
2026-08-02T14:04:56.712Z,deep_scan,20260802112912_1A-4-7-8-17-28C,30,8,0,11,M153,AA7510,1,11
2026-08-02T14:04:56.712Z,deep_scan,20260802112912_1A-4-7-8-17-28C,30,8,0,15,M262,AA7622,0,40
2026-08-02T14:04:56.712Z,deep_scan,20260802112912_1A-4-7-8-17-28C,30,8,0,17,M62/2,AA3018,1,0
2026-08-02T14:04:56.738Z,deep_scan,20260802112912_1A-4-7-8-17-28C,30,8,1,6,M160/1,AB6503,1,19
2026-08-02T14:04:56.738Z,deep_scan,20260802112912_1A-4-7-8-17-28C,30,8,1,16,M28/1,AA2719,0,6
2026-08-02T14:04:56.738Z,deep_scan,20260802112912_1A-4-7-8-17-28C,30,8,1,19,M21/1,AB6005,0,11
2026-08-02T14:05:26.702Z,deep_scan,20260802112912_1A-4-7-8-17-28C,30,8,0,4,M22,AA7086,0,1
2026-08-02T14:05:26.702Z,deep_scan,20260802112912_1A-4-7-8-17-28C,30,8,0,11,M153,AA7510,0,28
2026-08-02T14:05:26.702Z,deep_scan,20260802112912_1A-4-7-8-17-28C,30,8,0,16,M259,AA7622,1,9
2026-08-02T14:05:26.702Z,deep_scan,20260802112912_1A-4-7-8-17-28C,30,8,0,17,M62/2,AA3018,1,0
2026-08-02T14:05:26.733Z,deep_scan,20260802112912_1A-4-7-8-17-28C,30,8,1,6,M160/1,AB6503,1,12
2026-08-02T14:05:26.733Z,deep_scan,20260802112912_1A-4-7-8-17-28C,30,8,1,16,M28/1,AA2719,0,6
2026-08-02T14:05:26.733Z,deep_scan,20260802112912_1A-4-7-8-17-28C,30,8,1,20,M24,AB6005,1,36
2026-08-02T14:05:56.750Z,deep_scan,20260802112912_1A-4-7-8-17-28C,30,8,1,6,M160/1,AB6503,0,27
2026-08-02T14:05:56.750Z,deep_scan,20260802112912_1A-4-7-8-17-28C,30,8,1,17,M11,AA2719,1,29
2026-08-02T14:05:56.750Z,deep_scan,20260802112912_1A-4-7-8-17-28C,30,8,1,20,M24,AB6005,0,12
2026-08-02T14:05:56.754Z,deep_scan,20260802112912_1A-4-7-8-17-28C,30,8,0,4,M22,AA7086,0,2
2026-08-02T14:05:56.754Z,deep_scan,20260802112912_1A-4-7-8-17-28C,30,8,0,11,M153,AA7510,0,22
2026-08-02T14:05:56.754Z,deep_scan,20260802112912_1A-4-7-8-17-28C,30,8,0,16,M259,AA7622,0,27
2026-08-02T14:05:56.754Z,deep_scan,20260802112912_1A-4-7-8-17-28C,30,8,0,17,M62/2,AA3018,1,0
2026-08-02T14:06:26.742Z,deep_scan,20260802112912_1A-4-7-8-17-28C,30,8,0,4,M22,AA7086,0,2
2026-08-02T14:06:26.742Z,deep_scan,20260802112912_1A-4-7-8-17-28C,30,8,0,12,M168,AA7510,1,15
2026-08-02T14:06:26.742Z,deep_scan,20260802112912_1A-4-7-8-17-28C,30,8,0,16,M259,AA7622,0,47
2026-08-02T14:06:26.752Z,deep_scan,20260802112912_1A-4-7-8-17-28C,30,8,1,6,M160/1,AB6503,0,30
2026-08-02T14:06:26.752Z,deep_scan,20260802112912_1A-4-7-8-17-28C,30,8,1,18,M12,AA2719,1,7
2026-08-02T14:06:26.752Z,deep_scan,20260802112912_1A-4-7-8-17-28C,30,8,1,20,M24,AB6005,0,27
2026-08-02T14:06:56.793Z,deep_scan,20260802112912_1A-4-7-8-17-28C,30,8,0,4,M22,AA7086,0,9
2026-08-02T14:06:56.793Z,deep_scan,20260802112912_1A-4-7-8-17-28C,30,8,0,12,M168,AA7510,0,29
2026-08-02T14:06:56.793Z,deep_scan,20260802112912_1A-4-7-8-17-28C,30,8,0,16,M259,AA7622,0,8
2026-08-02T14:06:56.804Z,deep_scan,20260802112912_1A-4-7-8-17-28C,30,8,1,6,M160/1,AB6503,0,18
2026-08-02T14:06:56.804Z,deep_scan,20260802112912_1A-4-7-8-17-28C,30,8,1,18,M12,AA2719,1,2
2026-08-02T14:06:56.804Z,deep_scan,20260802112912_1A-4-7-8-17-28C,30,8,1,21,M208,AB6005,1,9
2026-08-02T14:07:26.751Z,deep_scan,20260802112912_1A-4-7-8-17-28C,30,8,1,6,M160/1,AB6503,0,18
2026-08-02T14:07:26.751Z,deep_scan,20260802112912_1A-4-7-8-17-28C,30,8,1,19,M21/1,AA2719,1,2
2026-08-02T14:07:26.751Z,deep_scan,20260802112912_1A-4-7-8-17-28C,30,8,1,21,M208,AB6005,0,42
2026-08-02T14:07:26.770Z,deep_scan,20260802112912_1A-4-7-8-17-28C,30,8,0,4,M22,AA7086,0,4
2026-08-02T14:07:26.770Z,deep_scan,20260802112912_1A-4-7-8-17-28C,30,8,0,12,M168,AA7510,0,9
2026-08-02T14:07:26.770Z,deep_scan,20260802112912_1A-4-7-8-17-28C,30,8,0,17,M62/2,AA7622,1,0
2026-08-02T14:07:56.765Z,deep_scan,20260802112912_1A-4-7-8-17-28C,30,8,1,0,M62/2,AA3018,1,6
2026-08-02T14:07:56.765Z,deep_scan,20260802112912_1A-4-7-8-17-28C,30,8,1,6,M160/1,AB6503,0,22
2026-08-02T14:07:56.765Z,deep_scan,20260802112912_1A-4-7-8-17-28C,30,8,1,19,M21/1,AA2719,1,2
2026-08-02T14:07:56.765Z,deep_scan,20260802112912_1A-4-7-8-17-28C,30,8,1,21,M208,AB6005,0,32
2026-08-02T14:07:56.934Z,deep_scan,20260802112912_1A-4-7-8-17-28C,30,8,0,4,M22,AA7086,0,20
2026-08-02T14:07:56.934Z,deep_scan,20260802112912_1A-4-7-8-17-28C,30,8,0,12,M168,AA7510,0,15
2026-08-02T14:07:56.934Z,deep_scan,20260802112912_1A-4-7-8-17-28C,30,8,0,17,M62/2,AA7622,1,0
2026-08-02T14:08:26.802Z,deep_scan,20260802112912_1A-4-7-8-17-28C,30,8,1,0,M62/2,AA3018,1,23
2026-08-02T14:08:26.802Z,deep_scan,20260802112912_1A-4-7-8-17-28C,30,8,1,7,M100,AB6503,1,29
2026-08-02T14:08:26.802Z,deep_scan,20260802112912_1A-4-7-8-17-28C,30,8,1,9,M237,AA7350,1,2
2026-08-02T14:08:26.802Z,deep_scan,20260802112912_1A-4-7-8-17-28C,30,8,1,19,M21/1,AA2719,1,12
2026-08-02T14:08:26.802Z,deep_scan,20260802112912_1A-4-7-8-17-28C,30,8,1,21,M208,AB6005,0,19
2026-08-02T14:08:26.814Z,deep_scan,20260802112912_1A-4-7-8-17-28C,30,8,0,4,M22,AA7086,0,13
2026-08-02T14:08:26.814Z,deep_scan,20260802112912_1A-4-7-8-17-28C,30,8,0,13,M69/2,AA7510,1,36
2026-08-02T14:08:26.814Z,deep_scan,20260802112912_1A-4-7-8-17-28C,30,8,0,17,M62/2,AA7622,1,0
2026-08-02T14:08:56.746Z,deep_scan,20260802112912_1A-4-7-8-17-28C,30,8,0,0,M267,AB6005,1,16
2026-08-02T14:08:56.746Z,deep_scan,20260802112912_1A-4-7-8-17-28C,30,8,0,6,M16/2,AA7086,0,2
2026-08-02T14:08:56.746Z,deep_scan,20260802112912_1A-4-7-8-17-28C,30,8,0,13,M69/2,AA7510,1,6
2026-08-02T14:08:56.746Z,deep_scan,20260802112912_1A-4-7-8-17-28C,30,8,0,17,M62/2,AA7622,1,0
2026-08-02T14:08:56.814Z,deep_scan,20260802112912_1A-4-7-8-17-28C,30,8,1,0,M62/2,AA3018,0,16
2026-08-02T14:08:56.814Z,deep_scan,20260802112912_1A-4-7-8-17-28C,30,8,1,7,M100,AB6503,0,32
2026-08-02T14:08:56.814Z,deep_scan,20260802112912_1A-4-7-8-17-28C,30,8,1,9,M237,AA7350,0,20
2026-08-02T14:08:56.814Z,deep_scan,20260802112912_1A-4-7-8-17-28C,30,8,1,19,M21/1,AA2719,0,24
2026-08-02T14:09:26.782Z,deep_scan,20260802112912_1A-4-7-8-17-28C,30,8,1,0,M62/2,AA3018,0,30
2026-08-02T14:09:26.782Z,deep_scan,20260802112912_1A-4-7-8-17-28C,30,8,1,7,M100,AB6503,0,25
2026-08-02T14:09:26.782Z,deep_scan,20260802112912_1A-4-7-8-17-28C,30,8,1,10,M245,AA7350,1,12
2026-08-02T14:09:26.782Z,deep_scan,20260802112912_1A-4-7-8-17-28C,30,8,1,19,M21/1,AA2719,0,9
2026-08-02T14:09:26.786Z,deep_scan,20260802112912_1A-4-7-8-17-28C,30,8,0,0,M267,AB6005,0,13
2026-08-02T14:09:26.786Z,deep_scan,20260802112912_1A-4-7-8-17-28C,30,8,0,6,M16/2,AA7086,0,2
2026-08-02T14:09:26.786Z,deep_scan,20260802112912_1A-4-7-8-17-28C,30,8,0,13,M69/2,AA7510,0,27
2026-08-02T14:09:26.786Z,deep_scan,20260802112912_1A-4-7-8-17-28C,30,8,0,17,M62/2,AA7622,1,0
2026-08-02T14:09:56.784Z,deep_scan,20260802112912_1A-4-7-8-17-28C,30,8,0,1,M209/2,AB6005,1,20
2026-08-02T14:09:56.784Z,deep_scan,20260802112912_1A-4-7-8-17-28C,30,8,0,6,M16/2,AA7086,0,3
2026-08-02T14:09:56.784Z,deep_scan,20260802112912_1A-4-7-8-17-28C,30,8,0,14,M159,AA7510,1,14
2026-08-02T14:09:56.784Z,deep_scan,20260802112912_1A-4-7-8-17-28C,30,8,0,17,M62/2,AA7622,1,0
2026-08-02T14:09:56.801Z,deep_scan,20260802112912_1A-4-7-8-17-28C,30,8,1,0,M62/2,AA3018,0,21
2026-08-02T14:09:56.801Z,deep_scan,20260802112912_1A-4-7-8-17-28C,30,8,1,7,M100,AB6503,0,29
2026-08-02T14:09:56.801Z,deep_scan,20260802112912_1A-4-7-8-17-28C,30,8,1,10,M245,AA7350,0,25
2026-08-02T14:09:56.801Z,deep_scan,20260802112912_1A-4-7-8-17-28C,30,8,1,19,M21/1,AA2719,0,9
2026-08-02T14:10:26.765Z,deep_scan,20260802112912_1A-4-7-8-17-28C,30,8,1,0,M62/2,AA3018,0,13
2026-08-02T14:10:26.765Z,deep_scan,20260802112912_1A-4-7-8-17-28C,30,8,1,7,M100,AB6503,0,29
2026-08-02T14:10:26.765Z,deep_scan,20260802112912_1A-4-7-8-17-28C,30,8,1,11,M119,AA7350,1,18
2026-08-02T14:10:26.765Z,deep_scan,20260802112912_1A-4-7-8-17-28C,30,8,1,19,M21/1,AA2719,0,9
2026-08-02T14:10:26.800Z,deep_scan,20260802112912_1A-4-7-8-17-28C,30,8,0,1,M209/2,AB6005,0,14
2026-08-02T14:10:26.800Z,deep_scan,20260802112912_1A-4-7-8-17-28C,30,8,0,6,M16/2,AA7086,0,3
2026-08-02T14:10:26.800Z,deep_scan,20260802112912_1A-4-7-8-17-28C,30,8,0,14,M159,AA7510,0,34
2026-08-02T14:10:26.800Z,deep_scan,20260802112912_1A-4-7-8-17-28C,30,8,0,17,M62/2,AA7622,1,0
2026-08-02T14:10:56.795Z,deep_scan,20260802112912_1A-4-7-8-17-28C,30,8,0,1,M209/2,AB6005,0,45
2026-08-02T14:10:56.795Z,deep_scan,20260802112912_1A-4-7-8-17-28C,30,8,0,6,M16/2,AA7086,0,29
2026-08-02T14:10:56.795Z,deep_scan,20260802112912_1A-4-7-8-17-28C,30,8,0,14,M159,AA7510,0,49
2026-08-02T14:10:56.795Z,deep_scan,20260802112912_1A-4-7-8-17-28C,30,8,0,17,M62/2,AA7622,1,0
2026-08-02T14:10:56.798Z,deep_scan,20260802112912_1A-4-7-8-17-28C,30,8,1,0,M62/2,AA3018,0,13
2026-08-02T14:10:56.798Z,deep_scan,20260802112912_1A-4-7-8-17-28C,30,8,1,8,M75,AB6503,1,14
2026-08-02T14:10:56.798Z,deep_scan,20260802112912_1A-4-7-8-17-28C,30,8,1,11,M119,AA7350,0,18
2026-08-02T14:10:56.798Z,deep_scan,20260802112912_1A-4-7-8-17-28C,30,8,1,20,M24,AA2719,1,8
2026-08-02T14:11:26.794Z,deep_scan,20260802112912_1A-4-7-8-17-28C,30,8,1,0,M62/2,AA3018,0,41
2026-08-02T14:11:26.794Z,deep_scan,20260802112912_1A-4-7-8-17-28C,30,8,1,8,M75,AB6503,0,12
2026-08-02T14:11:26.794Z,deep_scan,20260802112912_1A-4-7-8-17-28C,30,8,1,12,M110,AA7350,1,33
2026-08-02T14:11:26.794Z,deep_scan,20260802112912_1A-4-7-8-17-28C,30,8,1,20,M24,AA2719,1,14
2026-08-02T14:11:26.799Z,deep_scan,20260802112912_1A-4-7-8-17-28C,30,8,0,1,M209/2,AB6005,0,1
2026-08-02T14:11:26.799Z,deep_scan,20260802112912_1A-4-7-8-17-28C,30,8,0,6,M16/2,AA7086,0,10
2026-08-02T14:11:26.799Z,deep_scan,20260802112912_1A-4-7-8-17-28C,30,8,0,14,M159,AA7510,0,48
2026-08-02T14:11:56.787Z,deep_scan,20260802112912_1A-4-7-8-17-28C,30,8,1,0,M62/2,AA3018,0,38
2026-08-02T14:11:56.787Z,deep_scan,20260802112912_1A-4-7-8-17-28C,30,8,1,8,M75,AB6503,0,12
2026-08-02T14:11:56.787Z,deep_scan,20260802112912_1A-4-7-8-17-28C,30,8,1,12,M110,AA7350,0,21
2026-08-02T14:11:56.787Z,deep_scan,20260802112912_1A-4-7-8-17-28C,30,8,1,20,M24,AA2719,0,35
2026-08-02T14:11:56.800Z,deep_scan,20260802112912_1A-4-7-8-17-28C,30,8,0,2,M211,AB6005,1,29
2026-08-02T14:11:56.800Z,deep_scan,20260802112912_1A-4-7-8-17-28C,30,8,0,6,M16/2,AA7086,0,13
2026-08-02T14:11:56.800Z,deep_scan,20260802112912_1A-4-7-8-17-28C,30,8,0,15,M262,AA7510,1,4
2026-08-02T14:12:26.910Z,deep_scan,20260802112912_1A-4-7-8-17-28C,30,8,0,2,M211,AB6005,0,2
2026-08-02T14:12:26.910Z,deep_scan,20260802112912_1A-4-7-8-17-28C,30,8,0,6,M16/2,AA7086,0,10
2026-08-02T14:12:26.910Z,deep_scan,20260802112912_1A-4-7-8-17-28C,30,8,0,15,M262,AA7510,1,4
2026-08-02T14:12:26.918Z,deep_scan,20260802112912_1A-4-7-8-17-28C,30,8,1,0,M62/2,AA3018,0,19
2026-08-02T14:12:26.918Z,deep_scan,20260802112912_1A-4-7-8-17-28C,30,8,1,8,M75,AB6503,0,29
2026-08-02T14:12:26.918Z,deep_scan,20260802112912_1A-4-7-8-17-28C,30,8,1,13,M86,AA7350,1,11
2026-08-02T14:12:26.918Z,deep_scan,20260802112912_1A-4-7-8-17-28C,30,8,1,21,M208,AA2719,1,23
2026-08-02T14:12:56.819Z,deep_scan,20260802112912_1A-4-7-8-17-28C,30,8,1,2,M266,AA3018,1,18
2026-08-02T14:12:56.819Z,deep_scan,20260802112912_1A-4-7-8-17-28C,30,8,1,8,M75,AB6503,0,29
2026-08-02T14:12:56.819Z,deep_scan,20260802112912_1A-4-7-8-17-28C,30,8,1,13,M86,AA7350,1,6
2026-08-02T14:12:56.819Z,deep_scan,20260802112912_1A-4-7-8-17-28C,30,8,1,21,M208,AA2719,0,19
2026-08-02T14:12:56.846Z,deep_scan,20260802112912_1A-4-7-8-17-28C,30,8,0,2,M211,AB6005,0,27
2026-08-02T14:12:56.846Z,deep_scan,20260802112912_1A-4-7-8-17-28C,30,8,0,6,M16/2,AA7086,0,13
2026-08-02T14:12:56.846Z,deep_scan,20260802112912_1A-4-7-8-17-28C,30,8,0,15,M262,AA7510,1,4
2026-08-02T14:13:26.766Z,deep_scan,20260802112912_1A-4-7-8-17-28C,30,8,0,3,M25,AB6005,1,23
2026-08-02T14:13:26.766Z,deep_scan,20260802112912_1A-4-7-8-17-28C,30,8,0,6,M16/2,AA7086,0,26
2026-08-02T14:13:26.766Z,deep_scan,20260802112912_1A-4-7-8-17-28C,30,8,0,15,M262,AA7510,0,7
2026-08-02T14:13:26.839Z,deep_scan,20260802112912_1A-4-7-8-17-28C,30,8,1,2,M266,AA3018,0,15
2026-08-02T14:13:26.839Z,deep_scan,20260802112912_1A-4-7-8-17-28C,30,8,1,8,M75,AB6503,0,29
2026-08-02T14:13:26.839Z,deep_scan,20260802112912_1A-4-7-8-17-28C,30,8,1,13,M86,AA7350,0,20
2026-08-02T14:13:26.839Z,deep_scan,20260802112912_1A-4-7-8-17-28C,30,8,1,21,M208,AA2719,0,24
2026-08-02T14:13:56.806Z,deep_scan,20260802112912_1A-4-7-8-17-28C,30,8,0,3,M25,AB6005,0,16
2026-08-02T14:13:56.806Z,deep_scan,20260802112912_1A-4-7-8-17-28C,30,8,0,7,M116,AA7086,1,11
2026-08-02T14:13:56.806Z,deep_scan,20260802112912_1A-4-7-8-17-28C,30,8,0,15,M262,AA7510,0,17
2026-08-02T14:13:56.834Z,deep_scan,20260802112912_1A-4-7-8-17-28C,30,8,1,2,M266,AA3018,0,29
2026-08-02T14:13:56.834Z,deep_scan,20260802112912_1A-4-7-8-17-28C,30,8,1,8,M75,AB6503,0,23
2026-08-02T14:13:56.834Z,deep_scan,20260802112912_1A-4-7-8-17-28C,30,8,1,13,M86,AA7350,0,7
2026-08-02T14:13:56.834Z,deep_scan,20260802112912_1A-4-7-8-17-28C,30,8,1,21,M208,AA2719,0,41
2026-08-02T14:14:26.819Z,deep_scan,20260802112912_1A-4-7-8-17-28C,30,8,0,3,M25,AB6005,0,16
2026-08-02T14:14:26.819Z,deep_scan,20260802112912_1A-4-7-8-17-28C,30,8,0,7,M116,AA7086,0,3
2026-08-02T14:14:26.819Z,deep_scan,20260802112912_1A-4-7-8-17-28C,30,8,0,15,M262,AA7510,0,11
2026-08-02T14:14:26.859Z,deep_scan,20260802112912_1A-4-7-8-17-28C,30,8,1,3,M257,AA3018,1,16
2026-08-02T14:14:26.859Z,deep_scan,20260802112912_1A-4-7-8-17-28C,30,8,1,9,M237,AB6503,1,3
2026-08-02T14:14:26.859Z,deep_scan,20260802112912_1A-4-7-8-17-28C,30,8,1,13,M86,AA7350,0,7
2026-08-02T14:14:26.859Z,deep_scan,20260802112912_1A-4-7-8-17-28C,30,8,1,22,M267,AA2719,1,0
2026-08-02T14:14:56.818Z,deep_scan,20260802112912_1A-4-7-8-17-28C,30,8,0,4,M22,AB6005,1,13
2026-08-02T14:14:56.818Z,deep_scan,20260802112912_1A-4-7-8-17-28C,30,8,0,8,M81,AA7086,1,17
2026-08-02T14:14:56.818Z,deep_scan,20260802112912_1A-4-7-8-17-28C,30,8,0,15,M262,AA7510,0,27
2026-08-02T14:14:56.829Z,deep_scan,20260802112912_1A-4-7-8-17-28C,30,8,1,3,M257,AA3018,0,27
2026-08-02T14:14:56.829Z,deep_scan,20260802112912_1A-4-7-8-17-28C,30,8,1,9,M237,AB6503,0,13
2026-08-02T14:14:56.829Z,deep_scan,20260802112912_1A-4-7-8-17-28C,30,8,1,14,M92,AA7350,1,24
2026-08-02T14:14:56.829Z,deep_scan,20260802112912_1A-4-7-8-17-28C,30,8,1,22,M267,AA2719,1,0
2026-08-02T14:15:26.845Z,deep_scan,20260802112912_1A-4-7-8-17-28C,30,8,1,3,M257,AA3018,0,5
2026-08-02T14:15:26.845Z,deep_scan,20260802112912_1A-4-7-8-17-28C,30,8,1,10,M245,AB6503,1,26
2026-08-02T14:15:26.845Z,deep_scan,20260802112912_1A-4-7-8-17-28C,30,8,1,14,M92,AA7350,0,2
2026-08-02T14:15:26.845Z,deep_scan,20260802112912_1A-4-7-8-17-28C,30,8,1,22,M267,AA2719,1,0
2026-08-02T14:15:26.904Z,deep_scan,20260802112912_1A-4-7-8-17-28C,30,8,0,4,M22,AB6005,1,13
2026-08-02T14:15:26.904Z,deep_scan,20260802112912_1A-4-7-8-17-28C,30,8,0,8,M81,AA7086,0,5
2026-08-02T14:15:26.904Z,deep_scan,20260802112912_1A-4-7-8-17-28C,30,8,0,15,M262,AA7510,0,47
2026-08-02T14:15:56.855Z,deep_scan,20260802112912_1A-4-7-8-17-28C,30,8,1,4,M251,AA3018,1,24
2026-08-02T14:15:56.855Z,deep_scan,20260802112912_1A-4-7-8-17-28C,30,8,1,10,M245,AB6503,0,6
2026-08-02T14:15:56.855Z,deep_scan,20260802112912_1A-4-7-8-17-28C,30,8,1,14,M92,AA7350,0,2
2026-08-02T14:15:56.855Z,deep_scan,20260802112912_1A-4-7-8-17-28C,30,8,1,22,M267,AA2719,1,0
2026-08-02T14:15:56.864Z,deep_scan,20260802112912_1A-4-7-8-17-28C,30,8,0,4,M22,AB6005,0,21
2026-08-02T14:15:56.864Z,deep_scan,20260802112912_1A-4-7-8-17-28C,30,8,0,8,M81,AA7086,0,10
2026-08-02T14:15:56.864Z,deep_scan,20260802112912_1A-4-7-8-17-28C,30,8,0,16,M259,AA7510,1,12
2026-08-02T14:16:26.891Z,deep_scan,20260802112912_1A-4-7-8-17-28C,30,8,0,4,M22,AB6005,0,7
2026-08-02T14:16:26.891Z,deep_scan,20260802112912_1A-4-7-8-17-28C,30,8,0,8,M81,AA7086,0,23
2026-08-02T14:16:26.891Z,deep_scan,20260802112912_1A-4-7-8-17-28C,30,8,0,16,M259,AA7510,0,43
2026-08-02T14:16:26.905Z,deep_scan,20260802112912_1A-4-7-8-17-28C,30,8,1,4,M251,AA3018,1,18
2026-08-02T14:16:26.905Z,deep_scan,20260802112912_1A-4-7-8-17-28C,30,8,1,11,M119,AB6503,1,21
2026-08-02T14:16:26.905Z,deep_scan,20260802112912_1A-4-7-8-17-28C,30,8,1,14,M92,AA7350,0,21
2026-08-02T14:16:26.905Z,deep_scan,20260802112912_1A-4-7-8-17-28C,30,8,1,22,M267,AA2719,1,0
2026-08-02T14:16:56.851Z,deep_scan,20260802112912_1A-4-7-8-17-28C,30,8,0,4,M22,AB6005,0,7
2026-08-02T14:16:56.851Z,deep_scan,20260802112912_1A-4-7-8-17-28C,30,8,0,9,M78,AA7086,1,2
2026-08-02T14:16:56.851Z,deep_scan,20260802112912_1A-4-7-8-17-28C,30,8,0,16,M259,AA7510,0,42
2026-08-02T14:16:56.870Z,deep_scan,20260802112912_1A-4-7-8-17-28C,30,8,1,4,M251,AA3018,0,20
2026-08-02T14:16:56.870Z,deep_scan,20260802112912_1A-4-7-8-17-28C,30,8,1,11,M119,AB6503,1,11
2026-08-02T14:16:56.870Z,deep_scan,20260802112912_1A-4-7-8-17-28C,30,8,1,14,M92,AA7350,0,3
2026-08-02T14:16:56.870Z,deep_scan,20260802112912_1A-4-7-8-17-28C,30,8,1,22,M267,AA2719,1,0
2026-08-02T14:17:26.851Z,deep_scan,20260802112912_1A-4-7-8-17-28C,30,8,0,4,M22,AB6005,0,7
2026-08-02T14:17:26.851Z,deep_scan,20260802112912_1A-4-7-8-17-28C,30,8,0,9,M78,AA7086,0,2
2026-08-02T14:17:26.851Z,deep_scan,20260802112912_1A-4-7-8-17-28C,30,8,0,16,M259,AA7510,0,10
2026-08-02T14:17:26.876Z,deep_scan,20260802112912_1A-4-7-8-17-28C,30,8,1,4,M251,AA3018,0,20
2026-08-02T14:17:26.876Z,deep_scan,20260802112912_1A-4-7-8-17-28C,30,8,1,11,M119,AB6503,0,16
2026-08-02T14:17:26.876Z,deep_scan,20260802112912_1A-4-7-8-17-28C,30,8,1,15,M39,AA7350,1,4
2026-08-02T14:17:26.876Z,deep_scan,20260802112912_1A-4-7-8-17-28C,30,8,1,22,M267,AA2719,1,0
2026-08-02T14:17:56.887Z,deep_scan,20260802112912_1A-4-7-8-17-28C,30,8,0,4,M22,AB6005,0,7
2026-08-02T14:17:56.887Z,deep_scan,20260802112912_1A-4-7-8-17-28C,30,8,0,9,M78,AA7086,0,9
2026-08-02T14:17:56.887Z,deep_scan,20260802112912_1A-4-7-8-17-28C,30,8,0,17,M62/2,AA7510,1,0
2026-08-02T14:17:56.893Z,deep_scan,20260802112912_1A-4-7-8-17-28C,30,8,1,5,M263,AA3018,1,23
2026-08-02T14:17:56.893Z,deep_scan,20260802112912_1A-4-7-8-17-28C,30,8,1,12,M110,AB6503,1,4
2026-08-02T14:17:56.893Z,deep_scan,20260802112912_1A-4-7-8-17-28C,30,8,1,15,M39,AA7350,0,2
2026-08-02T14:17:56.893Z,deep_scan,20260802112912_1A-4-7-8-17-28C,30,8,1,22,M267,AA2719,1,0
2026-08-02T14:18:26.863Z,deep_scan,20260802112912_1A-4-7-8-17-28C,30,8,1,5,M263,AA3018,1,3
2026-08-02T14:18:26.863Z,deep_scan,20260802112912_1A-4-7-8-17-28C,30,8,1,12,M110,AB6503,0,13
2026-08-02T14:18:26.863Z,deep_scan,20260802112912_1A-4-7-8-17-28C,30,8,1,15,M39,AA7350,0,16
2026-08-02T14:18:26.863Z,deep_scan,20260802112912_1A-4-7-8-17-28C,30,8,1,22,M267,AA2719,1,0
2026-08-02T14:18:26.901Z,deep_scan,20260802112912_1A-4-7-8-17-28C,30,8,0,4,M22,AB6005,0,22
2026-08-02T14:18:26.901Z,deep_scan,20260802112912_1A-4-7-8-17-28C,30,8,0,10,M270/2,AA7086,1,14
2026-08-02T14:18:26.901Z,deep_scan,20260802112912_1A-4-7-8-17-28C,30,8,0,17,M62/2,AA7510,1,0
2026-08-02T14:18:56.920Z,deep_scan,20260802112912_1A-4-7-8-17-28C,30,8,1,5,M263,AA3018,0,14
2026-08-02T14:18:56.920Z,deep_scan,20260802112912_1A-4-7-8-17-28C,30,8,1,13,M86,AB6503,1,9
2026-08-02T14:18:56.920Z,deep_scan,20260802112912_1A-4-7-8-17-28C,30,8,1,16,M28/1,AA7350,1,6
2026-08-02T14:18:56.927Z,deep_scan,20260802112912_1A-4-7-8-17-28C,30,8,0,4,M22,AB6005,0,22
2026-08-02T14:18:56.927Z,deep_scan,20260802112912_1A-4-7-8-17-28C,30,8,0,10,M270/2,AA7086,1,24
2026-08-02T14:18:56.927Z,deep_scan,20260802112912_1A-4-7-8-17-28C,30,8,0,17,M62/2,AA7510,1,0
2026-08-02T14:19:26.768Z,deep_scan,20260802112912_1A-4-7-8-17-28C,30,8,1,0,M62/2,AA7622,1,6
2026-08-02T14:19:26.768Z,deep_scan,20260802112912_1A-4-7-8-17-28C,30,8,1,5,M263,AA3018,0,34
2026-08-02T14:19:26.768Z,deep_scan,20260802112912_1A-4-7-8-17-28C,30,8,1,13,M86,AB6503,0,10
2026-08-02T14:19:26.768Z,deep_scan,20260802112912_1A-4-7-8-17-28C,30,8,1,16,M28/1,AA7350,0,13
2026-08-02T14:19:26.861Z,deep_scan,20260802112912_1A-4-7-8-17-28C,30,8,0,4,M22,AB6005,0,25
2026-08-02T14:19:26.861Z,deep_scan,20260802112912_1A-4-7-8-17-28C,30,8,0,10,M270/2,AA7086,0,27
2026-08-02T14:19:26.861Z,deep_scan,20260802112912_1A-4-7-8-17-28C,30,8,0,17,M62/2,AA7510,1,0
2026-08-02T14:19:56.906Z,deep_scan,20260802112912_1A-4-7-8-17-28C,30,8,0,4,M22,AB6005,0,1
2026-08-02T14:19:56.906Z,deep_scan,20260802112912_1A-4-7-8-17-28C,30,8,0,10,M270/2,AA7086,0,18
2026-08-02T14:19:56.906Z,deep_scan,20260802112912_1A-4-7-8-17-28C,30,8,0,17,M62/2,AA7510,1,0
2026-08-02T14:19:56.934Z,deep_scan,20260802112912_1A-4-7-8-17-28C,30,8,1,0,M62/2,AA7622,1,7
2026-08-02T14:19:56.934Z,deep_scan,20260802112912_1A-4-7-8-17-28C,30,8,1,5,M263,AA3018,0,14
2026-08-02T14:19:56.934Z,deep_scan,20260802112912_1A-4-7-8-17-28C,30,8,1,14,M92,AB6503,1,30
2026-08-02T14:19:56.934Z,deep_scan,20260802112912_1A-4-7-8-17-28C,30,8,1,16,M28/1,AA7350,0,5
2026-08-02T14:20:26.869Z,deep_scan,20260802112912_1A-4-7-8-17-28C,30,8,0,6,M16/2,AB6005,1,20
2026-08-02T14:20:26.869Z,deep_scan,20260802112912_1A-4-7-8-17-28C,30,8,0,11,M153,AA7086,1,27
2026-08-02T14:20:26.869Z,deep_scan,20260802112912_1A-4-7-8-17-28C,30,8,0,17,M62/2,AA7510,1,0
2026-08-02T14:20:26.894Z,deep_scan,20260802112912_1A-4-7-8-17-28C,30,8,1,0,M62/2,AA7622,1,21
2026-08-02T14:20:26.894Z,deep_scan,20260802112912_1A-4-7-8-17-28C,30,8,1,6,M160/1,AA3018,1,24
2026-08-02T14:20:26.894Z,deep_scan,20260802112912_1A-4-7-8-17-28C,30,8,1,14,M92,AB6503,1,13
2026-08-02T14:20:26.894Z,deep_scan,20260802112912_1A-4-7-8-17-28C,30,8,1,16,M28/1,AA7350,0,5
2026-08-02T14:20:56.890Z,deep_scan,20260802112912_1A-4-7-8-17-28C,30,8,1,0,M62/2,AA7622,0,20
2026-08-02T14:20:56.890Z,deep_scan,20260802112912_1A-4-7-8-17-28C,30,8,1,6,M160/1,AA3018,0,3
2026-08-02T14:20:56.890Z,deep_scan,20260802112912_1A-4-7-8-17-28C,30,8,1,14,M92,AB6503,0,4
2026-08-02T14:20:56.890Z,deep_scan,20260802112912_1A-4-7-8-17-28C,30,8,1,16,M28/1,AA7350,0,21
2026-08-02T14:20:56.894Z,deep_scan,20260802112912_1A-4-7-8-17-28C,30,8,0,6,M16/2,AB6005,1,15
2026-08-02T14:20:56.894Z,deep_scan,20260802112912_1A-4-7-8-17-28C,30,8,0,11,M153,AA7086,0,25
2026-08-02T14:20:56.894Z,deep_scan,20260802112912_1A-4-7-8-17-28C,30,8,0,17,M62/2,AA7510,1,0
2026-08-02T14:21:26.910Z,deep_scan,20260802112912_1A-4-7-8-17-28C,30,8,0,0,M267,AA2719,1,9
2026-08-02T14:21:26.910Z,deep_scan,20260802112912_1A-4-7-8-17-28C,30,8,0,6,M16/2,AB6005,0,30
2026-08-02T14:21:26.910Z,deep_scan,20260802112912_1A-4-7-8-17-28C,30,8,0,12,M168,AA7086,0,30
2026-08-02T14:21:26.910Z,deep_scan,20260802112912_1A-4-7-8-17-28C,30,8,0,17,M62/2,AA7510,1,0
2026-08-02T14:21:26.914Z,deep_scan,20260802112912_1A-4-7-8-17-28C,30,8,1,0,M62/2,AA7622,0,40
2026-08-02T14:21:26.914Z,deep_scan,20260802112912_1A-4-7-8-17-28C,30,8,1,6,M160/1,AA3018,0,31
2026-08-02T14:21:26.914Z,deep_scan,20260802112912_1A-4-7-8-17-28C,30,8,1,14,M92,AB6503,0,23
2026-08-02T14:21:26.914Z,deep_scan,20260802112912_1A-4-7-8-17-28C,30,8,1,17,M11,AA7350,1,16
2026-08-02T14:21:56.936Z,deep_scan,20260802112912_1A-4-7-8-17-28C,30,8,1,0,M62/2,AA7622,0,35
2026-08-02T14:21:56.936Z,deep_scan,20260802112912_1A-4-7-8-17-28C,30,8,1,6,M160/1,AA3018,0,25
2026-08-02T14:21:56.936Z,deep_scan,20260802112912_1A-4-7-8-17-28C,30,8,1,15,M39,AB6503,1,33
2026-08-02T14:21:56.936Z,deep_scan,20260802112912_1A-4-7-8-17-28C,30,8,1,18,M12,AA7350,1,22
2026-08-02T14:21:56.973Z,deep_scan,20260802112912_1A-4-7-8-17-28C,30,8,0,1,M209/2,AA2719,1,32
2026-08-02T14:21:56.973Z,deep_scan,20260802112912_1A-4-7-8-17-28C,30,8,0,6,M16/2,AB6005,0,14
2026-08-02T14:21:56.973Z,deep_scan,20260802112912_1A-4-7-8-17-28C,30,8,0,12,M168,AA7086,0,30
2026-08-02T14:22:26.958Z,deep_scan,20260802112912_1A-4-7-8-17-28C,30,8,0,1,M209/2,AA2719,1,1
2026-08-02T14:22:26.958Z,deep_scan,20260802112912_1A-4-7-8-17-28C,30,8,0,6,M16/2,AB6005,0,14
2026-08-02T14:22:26.958Z,deep_scan,20260802112912_1A-4-7-8-17-28C,30,8,0,12,M168,AA7086,0,15
2026-08-02T14:22:26.969Z,deep_scan,20260802112912_1A-4-7-8-17-28C,30,8,1,0,M62/2,AA7622,0,42
2026-08-02T14:22:26.969Z,deep_scan,20260802112912_1A-4-7-8-17-28C,30,8,1,6,M160/1,AA3018,0,22
2026-08-02T14:22:26.969Z,deep_scan,20260802112912_1A-4-7-8-17-28C,30,8,1,15,M39,AB6503,0,23
2026-08-02T14:22:26.969Z,deep_scan,20260802112912_1A-4-7-8-17-28C,30,8,1,18,M12,AA7350,0,20
2026-08-02T14:22:56.952Z,deep_scan,20260802112912_1A-4-7-8-17-28C,30,8,0,1,M209/2,AA2719,0,19
2026-08-02T14:22:56.952Z,deep_scan,20260802112912_1A-4-7-8-17-28C,30,8,0,6,M16/2,AB6005,0,14
2026-08-02T14:22:56.952Z,deep_scan,20260802112912_1A-4-7-8-17-28C,30,8,0,12,M168,AA7086,0,23
2026-08-02T14:22:56.972Z,deep_scan,20260802112912_1A-4-7-8-17-28C,30,8,1,0,M62/2,AA7622,0,39
2026-08-02T14:22:56.972Z,deep_scan,20260802112912_1A-4-7-8-17-28C,30,8,1,6,M160/1,AA3018,0,22
2026-08-02T14:22:56.972Z,deep_scan,20260802112912_1A-4-7-8-17-28C,30,8,1,16,M28/1,AB6503,1,12
2026-08-02T14:22:56.972Z,deep_scan,20260802112912_1A-4-7-8-17-28C,30,8,1,18,M12,AA7350,0,20
2026-08-02T14:23:26.910Z,deep_scan,20260802112912_1A-4-7-8-17-28C,30,8,1,1,M264,AA7622,1,31
2026-08-02T14:23:26.910Z,deep_scan,20260802112912_1A-4-7-8-17-28C,30,8,1,6,M160/1,AA3018,0,22
2026-08-02T14:23:26.910Z,deep_scan,20260802112912_1A-4-7-8-17-28C,30,8,1,16,M28/1,AB6503,0,13
2026-08-02T14:23:26.910Z,deep_scan,20260802112912_1A-4-7-8-17-28C,30,8,1,19,M21/1,AA7350,1,2
2026-08-02T14:23:26.924Z,deep_scan,20260802112912_1A-4-7-8-17-28C,30,8,0,1,M209/2,AA2719,0,25
2026-08-02T14:23:26.924Z,deep_scan,20260802112912_1A-4-7-8-17-28C,30,8,0,6,M16/2,AB6005,0,27
2026-08-02T14:23:26.924Z,deep_scan,20260802112912_1A-4-7-8-17-28C,30,8,0,12,M168,AA7086,0,34
2026-08-02T14:23:56.949Z,deep_scan,20260802112912_1A-4-7-8-17-28C,30,8,1,2,M266,AA7622,1,32
2026-08-02T14:23:56.949Z,deep_scan,20260802112912_1A-4-7-8-17-28C,30,8,1,6,M160/1,AA3018,0,11
2026-08-02T14:23:56.949Z,deep_scan,20260802112912_1A-4-7-8-17-28C,30,8,1,16,M28/1,AB6503,0,16
2026-08-02T14:23:56.949Z,deep_scan,20260802112912_1A-4-7-8-17-28C,30,8,1,19,M21/1,AA7350,0,19
2026-08-02T14:23:56.967Z,deep_scan,20260802112912_1A-4-7-8-17-28C,30,8,0,1,M209/2,AA2719,0,19
2026-08-02T14:23:56.967Z,deep_scan,20260802112912_1A-4-7-8-17-28C,30,8,0,6,M16/2,AB6005,0,8
2026-08-02T14:23:56.967Z,deep_scan,20260802112912_1A-4-7-8-17-28C,30,8,0,12,M168,AA7086,0,6
2026-08-02T14:24:26.841Z,deep_scan,20260802112912_1A-4-7-8-17-28C,30,8,0,2,M211,AA2719,0,36
2026-08-02T14:24:26.841Z,deep_scan,20260802112912_1A-4-7-8-17-28C,30,8,0,7,M116,AB6005,1,16
2026-08-02T14:24:26.841Z,deep_scan,20260802112912_1A-4-7-8-17-28C,30,8,0,13,M69/2,AA7086,1,32
2026-08-02T14:24:26.960Z,deep_scan,20260802112912_1A-4-7-8-17-28C,30,8,1,2,M266,AA7622,0,7
2026-08-02T14:24:26.960Z,deep_scan,20260802112912_1A-4-7-8-17-28C,30,8,1,6,M160/1,AA3018,0,11
2026-08-02T14:24:26.960Z,deep_scan,20260802112912_1A-4-7-8-17-28C,30,8,1,16,M28/1,AB6503,0,24
2026-08-02T14:24:26.960Z,deep_scan,20260802112912_1A-4-7-8-17-28C,30,8,1,20,M24,AA7350,1,38
2026-08-02T14:24:56.967Z,deep_scan,20260802112912_1A-4-7-8-17-28C,30,8,1,2,M266,AA7622,0,23
2026-08-02T14:24:56.967Z,deep_scan,20260802112912_1A-4-7-8-17-28C,30,8,1,6,M160/1,AA3018,0,2
2026-08-02T14:24:56.967Z,deep_scan,20260802112912_1A-4-7-8-17-28C,30,8,1,17,M11,AB6503,1,14
2026-08-02T14:24:56.967Z,deep_scan,20260802112912_1A-4-7-8-17-28C,30,8,1,20,M24,AA7350,0,16
2026-08-02T14:24:56.979Z,deep_scan,20260802112912_1A-4-7-8-17-28C,30,8,0,2,M211,AA2719,0,6
2026-08-02T14:24:56.979Z,deep_scan,20260802112912_1A-4-7-8-17-28C,30,8,0,7,M116,AB6005,1,16
2026-08-02T14:24:56.979Z,deep_scan,20260802112912_1A-4-7-8-17-28C,30,8,0,13,M69/2,AA7086,1,1
2026-08-02T14:25:26.966Z,deep_scan,20260802112912_1A-4-7-8-17-28C,30,8,0,3,M25,AA2719,0,2
2026-08-02T14:25:26.966Z,deep_scan,20260802112912_1A-4-7-8-17-28C,30,8,0,7,M116,AB6005,0,12
2026-08-02T14:25:26.966Z,deep_scan,20260802112912_1A-4-7-8-17-28C,30,8,0,14,M159,AA7086,1,33
2026-08-02T14:25:26.986Z,deep_scan,20260802112912_1A-4-7-8-17-28C,30,8,1,3,M257,AA7622,1,18
2026-08-02T14:25:26.986Z,deep_scan,20260802112912_1A-4-7-8-17-28C,30,8,1,7,M100,AA3018,0,9
2026-08-02T14:25:26.986Z,deep_scan,20260802112912_1A-4-7-8-17-28C,30,8,1,18,M12,AB6503,1,19
2026-08-02T14:25:26.986Z,deep_scan,20260802112912_1A-4-7-8-17-28C,30,8,1,21,M208,AA7350,1,35
2026-08-02T14:25:56.981Z,deep_scan,20260802112912_1A-4-7-8-17-28C,30,8,1,3,M257,AA7622,0,35
2026-08-02T14:25:56.981Z,deep_scan,20260802112912_1A-4-7-8-17-28C,30,8,1,7,M100,AA3018,0,22
2026-08-02T14:25:56.981Z,deep_scan,20260802112912_1A-4-7-8-17-28C,30,8,1,18,M12,AB6503,0,22
2026-08-02T14:25:56.981Z,deep_scan,20260802112912_1A-4-7-8-17-28C,30,8,1,21,M208,AA7350,1,16
2026-08-02T14:25:57.000Z,deep_scan,20260802112912_1A-4-7-8-17-28C,30,8,0,3,M25,AA2719,0,7
2026-08-02T14:25:57.000Z,deep_scan,20260802112912_1A-4-7-8-17-28C,30,8,0,8,M81,AB6005,1,18
2026-08-02T14:25:57.000Z,deep_scan,20260802112912_1A-4-7-8-17-28C,30,8,0,14,M159,AA7086,0,27
2026-08-02T14:26:26.974Z,deep_scan,20260802112912_1A-4-7-8-17-28C,30,8,0,3,M25,AA2719,0,7
2026-08-02T14:26:26.974Z,deep_scan,20260802112912_1A-4-7-8-17-28C,30,8,0,8,M81,AB6005,1,23
2026-08-02T14:26:26.974Z,deep_scan,20260802112912_1A-4-7-8-17-28C,30,8,0,14,M159,AA7086,0,23
2026-08-02T14:26:26.995Z,deep_scan,20260802112912_1A-4-7-8-17-28C,30,8,1,3,M257,AA7622,0,25
2026-08-02T14:26:26.995Z,deep_scan,20260802112912_1A-4-7-8-17-28C,30,8,1,7,M100,AA3018,0,8
2026-08-02T14:26:26.995Z,deep_scan,20260802112912_1A-4-7-8-17-28C,30,8,1,18,M12,AB6503,0,6
2026-08-02T14:26:26.995Z,deep_scan,20260802112912_1A-4-7-8-17-28C,30,8,1,21,M208,AA7350,0,28
2026-08-02T14:26:57.023Z,deep_scan,20260802112912_1A-4-7-8-17-28C,30,8,1,3,M257,AA7622,0,25
2026-08-02T14:26:57.023Z,deep_scan,20260802112912_1A-4-7-8-17-28C,30,8,1,7,M100,AA3018,0,26
2026-08-02T14:26:57.023Z,deep_scan,20260802112912_1A-4-7-8-17-28C,30,8,1,18,M12,AB6503,0,15
2026-08-02T14:26:57.023Z,deep_scan,20260802112912_1A-4-7-8-17-28C,30,8,1,21,M208,AA7350,0,18
2026-08-02T14:26:57.040Z,deep_scan,20260802112912_1A-4-7-8-17-28C,30,8,0,3,M25,AA2719,0,7
2026-08-02T14:26:57.040Z,deep_scan,20260802112912_1A-4-7-8-17-28C,30,8,0,8,M81,AB6005,0,9
2026-08-02T14:26:57.040Z,deep_scan,20260802112912_1A-4-7-8-17-28C,30,8,0,14,M159,AA7086,0,18
2026-08-02T14:27:26.983Z,deep_scan,20260802112912_1A-4-7-8-17-28C,30,8,1,3,M257,AA7622,0,26
2026-08-02T14:27:26.983Z,deep_scan,20260802112912_1A-4-7-8-17-28C,30,8,1,8,M75,AA3018,1,12
2026-08-02T14:27:26.983Z,deep_scan,20260802112912_1A-4-7-8-17-28C,30,8,1,19,M21/1,AB6503,1,6
2026-08-02T14:27:26.983Z,deep_scan,20260802112912_1A-4-7-8-17-28C,30,8,1,21,M208,AA7350,0,24
2026-08-02T14:27:26.990Z,deep_scan,20260802112912_1A-4-7-8-17-28C,30,8,0,4,M22,AA2719,1,12
2026-08-02T14:27:26.990Z,deep_scan,20260802112912_1A-4-7-8-17-28C,30,8,0,8,M81,AB6005,0,9
2026-08-02T14:27:26.990Z,deep_scan,20260802112912_1A-4-7-8-17-28C,30,8,0,14,M159,AA7086,0,28
2026-08-02T14:27:57.012Z,deep_scan,20260802112912_1A-4-7-8-17-28C,30,8,0,4,M22,AA2719,1,2
2026-08-02T14:27:57.012Z,deep_scan,20260802112912_1A-4-7-8-17-28C,30,8,0,9,M78,AB6005,1,27
2026-08-02T14:27:57.012Z,deep_scan,20260802112912_1A-4-7-8-17-28C,30,8,0,15,M262,AA7086,1,26
2026-08-02T14:27:57.051Z,deep_scan,20260802112912_1A-4-7-8-17-28C,30,8,1,4,M251,AA7622,1,24
2026-08-02T14:27:57.051Z,deep_scan,20260802112912_1A-4-7-8-17-28C,30,8,1,8,M75,AA3018,0,33
2026-08-02T14:27:57.051Z,deep_scan,20260802112912_1A-4-7-8-17-28C,30,8,1,19,M21/1,AB6503,0,19
2026-08-02T14:27:57.051Z,deep_scan,20260802112912_1A-4-7-8-17-28C,30,8,1,22,M267,AA7350,1,0
2026-08-02T14:28:26.995Z,deep_scan,20260802112912_1A-4-7-8-17-28C,30,8,1,4,M251,AA7622,1,24
2026-08-02T14:28:26.995Z,deep_scan,20260802112912_1A-4-7-8-17-28C,30,8,1,8,M75,AA3018,0,33
2026-08-02T14:28:26.995Z,deep_scan,20260802112912_1A-4-7-8-17-28C,30,8,1,19,M21/1,AB6503,0,25
2026-08-02T14:28:26.995Z,deep_scan,20260802112912_1A-4-7-8-17-28C,30,8,1,22,M267,AA7350,1,0
2026-08-02T14:28:27.002Z,deep_scan,20260802112912_1A-4-7-8-17-28C,30,8,0,4,M22,AA2719,1,12
2026-08-02T14:28:27.002Z,deep_scan,20260802112912_1A-4-7-8-17-28C,30,8,0,9,M78,AB6005,0,11
2026-08-02T14:28:27.002Z,deep_scan,20260802112912_1A-4-7-8-17-28C,30,8,0,15,M262,AA7086,0,19
2026-08-02T14:28:56.979Z,deep_scan,20260802112912_1A-4-7-8-17-28C,30,8,0,4,M22,AA2719,0,13
2026-08-02T14:28:56.979Z,deep_scan,20260802112912_1A-4-7-8-17-28C,30,8,0,10,M270/2,AB6005,1,29
2026-08-02T14:28:56.979Z,deep_scan,20260802112912_1A-4-7-8-17-28C,30,8,0,15,M262,AA7086,0,11
2026-08-02T14:28:57.029Z,deep_scan,20260802112912_1A-4-7-8-17-28C,30,8,1,4,M251,AA7622,0,29
2026-08-02T14:28:57.029Z,deep_scan,20260802112912_1A-4-7-8-17-28C,30,8,1,8,M75,AA3018,0,30
2026-08-02T14:28:57.029Z,deep_scan,20260802112912_1A-4-7-8-17-28C,30,8,1,19,M21/1,AB6503,0,16
2026-08-02T14:28:57.029Z,deep_scan,20260802112912_1A-4-7-8-17-28C,30,8,1,22,M267,AA7350,1,0
2026-08-02T14:29:27.037Z,deep_scan,20260802112912_1A-4-7-8-17-28C,30,8,1,4,M251,AA7622,0,28
2026-08-02T14:29:27.037Z,deep_scan,20260802112912_1A-4-7-8-17-28C,30,8,1,8,M75,AA3018,0,22
2026-08-02T14:29:27.037Z,deep_scan,20260802112912_1A-4-7-8-17-28C,30,8,1,20,M24,AB6503,1,15
2026-08-02T14:29:27.037Z,deep_scan,20260802112912_1A-4-7-8-17-28C,30,8,1,22,M267,AA7350,1,0
2026-08-02T14:29:27.044Z,deep_scan,20260802112912_1A-4-7-8-17-28C,30,8,0,4,M22,AA2719,0,7
2026-08-02T14:29:27.044Z,deep_scan,20260802112912_1A-4-7-8-17-28C,30,8,0,10,M270/2,AB6005,1,21
2026-08-02T14:29:27.044Z,deep_scan,20260802112912_1A-4-7-8-17-28C,30,8,0,15,M262,AA7086,0,17
2026-08-02T14:29:57.086Z,deep_scan,20260802112912_1A-4-7-8-17-28C,30,8,0,4,M22,AA2719,0,3
2026-08-02T14:29:57.086Z,deep_scan,20260802112912_1A-4-7-8-17-28C,30,8,0,10,M270/2,AB6005,0,19
2026-08-02T14:29:57.086Z,deep_scan,20260802112912_1A-4-7-8-17-28C,30,8,0,15,M262,AA7086,0,31
2026-08-02T14:29:57.114Z,deep_scan,20260802112912_1A-4-7-8-17-28C,30,8,1,5,M263,AA7622,1,23
2026-08-02T14:29:57.114Z,deep_scan,20260802112912_1A-4-7-8-17-28C,30,8,1,8,M75,AA3018,0,22
2026-08-02T14:29:57.114Z,deep_scan,20260802112912_1A-4-7-8-17-28C,30,8,1,20,M24,AB6503,0,27
2026-08-02T14:29:57.114Z,deep_scan,20260802112912_1A-4-7-8-17-28C,30,8,1,22,M267,AA7350,1,0
2026-08-02T14:30:27.030Z,deep_scan,20260802112912_1A-4-7-8-17-28C,30,8,0,4,M22,AA2719,0,3
2026-08-02T14:30:27.030Z,deep_scan,20260802112912_1A-4-7-8-17-28C,30,8,0,11,M153,AB6005,1,31
2026-08-02T14:30:27.030Z,deep_scan,20260802112912_1A-4-7-8-17-28C,30,8,0,15,M262,AA7086,0,2
2026-08-02T14:30:27.036Z,deep_scan,20260802112912_1A-4-7-8-17-28C,30,8,1,0,M62/2,AA7510,1,4
2026-08-02T14:30:27.036Z,deep_scan,20260802112912_1A-4-7-8-17-28C,30,8,1,5,M263,AA7622,0,30
2026-08-02T14:30:27.036Z,deep_scan,20260802112912_1A-4-7-8-17-28C,30,8,1,8,M75,AA3018,0,10
2026-08-02T14:30:27.036Z,deep_scan,20260802112912_1A-4-7-8-17-28C,30,8,1,21,M208,AB6503,1,25
2026-08-02T14:30:27.036Z,deep_scan,20260802112912_1A-4-7-8-17-28C,30,8,1,22,M267,AA7350,1,0
2026-08-02T14:30:57.083Z,deep_scan,20260802112912_1A-4-7-8-17-28C,30,8,1,0,M62/2,AA7510,1,24
2026-08-02T14:30:57.083Z,deep_scan,20260802112912_1A-4-7-8-17-28C,30,8,1,5,M263,AA7622,0,31
2026-08-02T14:30:57.083Z,deep_scan,20260802112912_1A-4-7-8-17-28C,30,8,1,9,M237,AA3018,1,10
2026-08-02T14:30:57.083Z,deep_scan,20260802112912_1A-4-7-8-17-28C,30,8,1,21,M208,AB6503,0,39
2026-08-02T14:30:57.083Z,deep_scan,20260802112912_1A-4-7-8-17-28C,30,8,1,22,M267,AA7350,1,0
2026-08-02T14:30:57.094Z,deep_scan,20260802112912_1A-4-7-8-17-28C,30,8,0,4,M22,AA2719,0,27
2026-08-02T14:30:57.094Z,deep_scan,20260802112912_1A-4-7-8-17-28C,30,8,0,11,M153,AB6005,1,10
2026-08-02T14:30:57.094Z,deep_scan,20260802112912_1A-4-7-8-17-28C,30,8,0,15,M262,AA7086,0,2
2026-08-02T14:31:27.062Z,deep_scan,20260802112912_1A-4-7-8-17-28C,30,8,1,0,M62/2,AA7510,0,8
2026-08-02T14:31:27.062Z,deep_scan,20260802112912_1A-4-7-8-17-28C,30,8,1,6,M160/1,AA7622,1,2
2026-08-02T14:31:27.062Z,deep_scan,20260802112912_1A-4-7-8-17-28C,30,8,1,9,M237,AA3018,1,17
2026-08-02T14:31:27.062Z,deep_scan,20260802112912_1A-4-7-8-17-28C,30,8,1,21,M208,AB6503,0,28
2026-08-02T14:31:27.072Z,deep_scan,20260802112912_1A-4-7-8-17-28C,30,8,0,0,M267,AA7350,1,2
2026-08-02T14:31:27.072Z,deep_scan,20260802112912_1A-4-7-8-17-28C,30,8,0,6,M16/2,AA2719,1,2
2026-08-02T14:31:27.072Z,deep_scan,20260802112912_1A-4-7-8-17-28C,30,8,0,11,M153,AB6005,0,25
2026-08-02T14:31:27.072Z,deep_scan,20260802112912_1A-4-7-8-17-28C,30,8,0,15,M262,AA7086,0,33
2026-08-02T14:31:57.078Z,deep_scan,20260802112912_1A-4-7-8-17-28C,30,8,0,0,M267,AA7350,0,15
2026-08-02T14:31:57.078Z,deep_scan,20260802112912_1A-4-7-8-17-28C,30,8,0,6,M16/2,AA2719,1,6
2026-08-02T14:31:57.078Z,deep_scan,20260802112912_1A-4-7-8-17-28C,30,8,0,11,M153,AB6005,0,4
2026-08-02T14:31:57.078Z,deep_scan,20260802112912_1A-4-7-8-17-28C,30,8,0,16,M259,AA7086,1,29
2026-08-02T14:31:57.094Z,deep_scan,20260802112912_1A-4-7-8-17-28C,30,8,1,0,M62/2,AA7510,0,34
2026-08-02T14:31:57.094Z,deep_scan,20260802112912_1A-4-7-8-17-28C,30,8,1,6,M160/1,AA7622,1,11
2026-08-02T14:31:57.094Z,deep_scan,20260802112912_1A-4-7-8-17-28C,30,8,1,9,M237,AA3018,0,18
2026-08-02T14:31:57.094Z,deep_scan,20260802112912_1A-4-7-8-17-28C,30,8,1,21,M208,AB6503,0,27
2026-08-02T14:32:27.038Z,deep_scan,20260802112912_1A-4-7-8-17-28C,30,8,0,1,M209/2,AA7350,1,21
2026-08-02T14:32:27.038Z,deep_scan,20260802112912_1A-4-7-8-17-28C,30,8,0,6,M16/2,AA2719,0,21
2026-08-02T14:32:27.038Z,deep_scan,20260802112912_1A-4-7-8-17-28C,30,8,0,12,M168,AB6005,1,19
2026-08-02T14:32:27.038Z,deep_scan,20260802112912_1A-4-7-8-17-28C,30,8,0,16,M259,AA7086,1,29
2026-08-02T14:32:27.044Z,deep_scan,20260802112912_1A-4-7-8-17-28C,30,8,1,0,M62/2,AA7510,0,25
2026-08-02T14:32:27.044Z,deep_scan,20260802112912_1A-4-7-8-17-28C,30,8,1,6,M160/1,AA7622,0,14
2026-08-02T14:32:27.044Z,deep_scan,20260802112912_1A-4-7-8-17-28C,30,8,1,9,M237,AA3018,0,3
2026-08-02T14:32:27.044Z,deep_scan,20260802112912_1A-4-7-8-17-28C,30,8,1,22,M267,AB6503,1,0
2026-08-02T14:32:57.052Z,deep_scan,20260802112912_1A-4-7-8-17-28C,30,8,1,0,M62/2,AA7510,0,2
2026-08-02T14:32:57.052Z,deep_scan,20260802112912_1A-4-7-8-17-28C,30,8,1,6,M160/1,AA7622,0,25
2026-08-02T14:32:57.052Z,deep_scan,20260802112912_1A-4-7-8-17-28C,30,8,1,9,M237,AA3018,0,6
2026-08-02T14:32:57.052Z,deep_scan,20260802112912_1A-4-7-8-17-28C,30,8,1,22,M267,AB6503,1,0
2026-08-02T14:32:57.083Z,deep_scan,20260802112912_1A-4-7-8-17-28C,30,8,0,1,M209/2,AA7350,0,14
2026-08-02T14:32:57.083Z,deep_scan,20260802112912_1A-4-7-8-17-28C,30,8,0,6,M16/2,AA2719,0,39
2026-08-02T14:32:57.083Z,deep_scan,20260802112912_1A-4-7-8-17-28C,30,8,0,12,M168,AB6005,0,29
2026-08-02T14:32:57.083Z,deep_scan,20260802112912_1A-4-7-8-17-28C,30,8,0,16,M259,AA7086,1,23
2026-08-02T14:33:27.078Z,deep_scan,20260802112912_1A-4-7-8-17-28C,30,8,1,0,M62/2,AA7510,0,46
2026-08-02T14:33:27.078Z,deep_scan,20260802112912_1A-4-7-8-17-28C,30,8,1,6,M160/1,AA7622,0,16
2026-08-02T14:33:27.078Z,deep_scan,20260802112912_1A-4-7-8-17-28C,30,8,1,10,M245,AA3018,0,9
2026-08-02T14:33:27.078Z,deep_scan,20260802112912_1A-4-7-8-17-28C,30,8,1,22,M267,AB6503,1,0
2026-08-02T14:33:27.081Z,deep_scan,20260802112912_1A-4-7-8-17-28C,30,8,0,1,M209/2,AA7350,0,34
2026-08-02T14:33:27.081Z,deep_scan,20260802112912_1A-4-7-8-17-28C,30,8,0,6,M16/2,AA2719,0,4
2026-08-02T14:33:27.081Z,deep_scan,20260802112912_1A-4-7-8-17-28C,30,8,0,12,M168,AB6005,0,17
2026-08-02T14:33:27.081Z,deep_scan,20260802112912_1A-4-7-8-17-28C,30,8,0,16,M259,AA7086,0,43
2026-08-02T14:33:57.101Z,deep_scan,20260802112912_1A-4-7-8-17-28C,30,8,0,1,M209/2,AA7350,0,6
2026-08-02T14:33:57.101Z,deep_scan,20260802112912_1A-4-7-8-17-28C,30,8,0,7,M116,AA2719,1,6
2026-08-02T14:33:57.101Z,deep_scan,20260802112912_1A-4-7-8-17-28C,30,8,0,12,M168,AB6005,0,25
2026-08-02T14:33:57.101Z,deep_scan,20260802112912_1A-4-7-8-17-28C,30,8,0,16,M259,AA7086,0,20
2026-08-02T14:33:57.111Z,deep_scan,20260802112912_1A-4-7-8-17-28C,30,8,1,0,M62/2,AA7510,0,45
2026-08-02T14:33:57.111Z,deep_scan,20260802112912_1A-4-7-8-17-28C,30,8,1,6,M160/1,AA7622,0,18
2026-08-02T14:33:57.111Z,deep_scan,20260802112912_1A-4-7-8-17-28C,30,8,1,11,M119,AA3018,1,13
2026-08-02T14:33:57.111Z,deep_scan,20260802112912_1A-4-7-8-17-28C,30,8,1,22,M267,AB6503,1,0
2026-08-02T14:34:27.093Z,deep_scan,20260802112912_1A-4-7-8-17-28C,30,8,0,2,M211,AA7350,0,35
2026-08-02T14:34:27.093Z,deep_scan,20260802112912_1A-4-7-8-17-28C,30,8,0,7,M116,AA2719,0,26
2026-08-02T14:34:27.093Z,deep_scan,20260802112912_1A-4-7-8-17-28C,30,8,0,13,M69/2,AB6005,1,12
2026-08-02T14:34:27.093Z,deep_scan,20260802112912_1A-4-7-8-17-28C,30,8,0,17,M62/2,AA7086,1,0
2026-08-02T14:34:27.112Z,deep_scan,20260802112912_1A-4-7-8-17-28C,30,8,1,2,M266,AA7510,1,36
2026-08-02T14:34:27.112Z,deep_scan,20260802112912_1A-4-7-8-17-28C,30,8,1,6,M160/1,AA7622,0,17
2026-08-02T14:34:27.112Z,deep_scan,20260802112912_1A-4-7-8-17-28C,30,8,1,11,M119,AA3018,1,12
2026-08-02T14:34:27.112Z,deep_scan,20260802112912_1A-4-7-8-17-28C,30,8,1,22,M267,AB6503,1,0
2026-08-02T14:34:57.102Z,deep_scan,20260802112912_1A-4-7-8-17-28C,30,8,0,2,M211,AA7350,0,21
2026-08-02T14:34:57.102Z,deep_scan,20260802112912_1A-4-7-8-17-28C,30,8,0,7,M116,AA2719,0,15
2026-08-02T14:34:57.102Z,deep_scan,20260802112912_1A-4-7-8-17-28C,30,8,0,13,M69/2,AB6005,1,6
2026-08-02T14:34:57.102Z,deep_scan,20260802112912_1A-4-7-8-17-28C,30,8,0,17,M62/2,AA7086,1,0
2026-08-02T14:34:57.117Z,deep_scan,20260802112912_1A-4-7-8-17-28C,30,8,1,2,M266,AA7510,0,14
2026-08-02T14:34:57.117Z,deep_scan,20260802112912_1A-4-7-8-17-28C,30,8,1,6,M160/1,AA7622,0,37
2026-08-02T14:34:57.117Z,deep_scan,20260802112912_1A-4-7-8-17-28C,30,8,1,11,M119,AA3018,0,17
2026-08-02T14:34:57.117Z,deep_scan,20260802112912_1A-4-7-8-17-28C,30,8,1,22,M267,AB6503,1,0
2026-08-02T14:35:27.082Z,deep_scan,20260802112912_1A-4-7-8-17-28C,30,8,0,3,M25,AA7350,0,29
2026-08-02T14:35:27.082Z,deep_scan,20260802112912_1A-4-7-8-17-28C,30,8,0,8,M81,AA2719,0,26
2026-08-02T14:35:27.082Z,deep_scan,20260802112912_1A-4-7-8-17-28C,30,8,0,14,M159,AB6005,1,31
2026-08-02T14:35:27.082Z,deep_scan,20260802112912_1A-4-7-8-17-28C,30,8,0,17,M62/2,AA7086,1,0
2026-08-02T14:35:27.119Z,deep_scan,20260802112912_1A-4-7-8-17-28C,30,8,1,3,M257,AA7510,1,41
2026-08-02T14:35:27.119Z,deep_scan,20260802112912_1A-4-7-8-17-28C,30,8,1,6,M160/1,AA7622,0,31
2026-08-02T14:35:27.119Z,deep_scan,20260802112912_1A-4-7-8-17-28C,30,8,1,12,M110,AA3018,0,34
2026-08-02T14:35:27.119Z,deep_scan,20260802112912_1A-4-7-8-17-28C,30,8,1,22,M267,AB6503,1,0
2026-08-02T14:35:57.161Z,deep_scan,20260802112912_1A-4-7-8-17-28C,30,8,1,3,M257,AA7510,0,28
2026-08-02T14:35:57.161Z,deep_scan,20260802112912_1A-4-7-8-17-28C,30,8,1,6,M160/1,AA7622,0,26
2026-08-02T14:35:57.161Z,deep_scan,20260802112912_1A-4-7-8-17-28C,30,8,1,12,M110,AA3018,0,2
2026-08-02T14:35:57.161Z,deep_scan,20260802112912_1A-4-7-8-17-28C,30,8,1,22,M267,AB6503,1,0
2026-08-02T14:35:57.211Z,deep_scan,20260802112912_1A-4-7-8-17-28C,30,8,0,3,M25,AA7350,0,22
2026-08-02T14:35:57.211Z,deep_scan,20260802112912_1A-4-7-8-17-28C,30,8,0,8,M81,AA2719,0,4
2026-08-02T14:35:57.211Z,deep_scan,20260802112912_1A-4-7-8-17-28C,30,8,0,14,M159,AB6005,1,10
2026-08-02T14:35:57.211Z,deep_scan,20260802112912_1A-4-7-8-17-28C,30,8,0,17,M62/2,AA7086,1,0
2026-08-02T14:36:27.119Z,deep_scan,20260802112912_1A-4-7-8-17-28C,30,8,1,3,M257,AA7510,0,5
2026-08-02T14:36:27.119Z,deep_scan,20260802112912_1A-4-7-8-17-28C,30,8,1,8,M75,AA7622,0,11
2026-08-02T14:36:27.119Z,deep_scan,20260802112912_1A-4-7-8-17-28C,30,8,1,12,M110,AA3018,0,22
2026-08-02T14:36:27.119Z,deep_scan,20260802112912_1A-4-7-8-17-28C,30,8,1,22,M267,AB6503,1,0
2026-08-02T14:36:27.142Z,deep_scan,20260802112912_1A-4-7-8-17-28C,30,8,0,3,M25,AA7350,0,22
2026-08-02T14:36:27.142Z,deep_scan,20260802112912_1A-4-7-8-17-28C,30,8,0,8,M81,AA2719,0,7
2026-08-02T14:36:27.142Z,deep_scan,20260802112912_1A-4-7-8-17-28C,30,8,0,14,M159,AB6005,0,25
2026-08-02T14:36:27.142Z,deep_scan,20260802112912_1A-4-7-8-17-28C,30,8,0,17,M62/2,AA7086,1,0
2026-08-02T14:36:57.150Z,deep_scan,20260802112912_1A-4-7-8-17-28C,30,8,1,3,M257,AA7510,0,8
2026-08-02T14:36:57.150Z,deep_scan,20260802112912_1A-4-7-8-17-28C,30,8,1,8,M75,AA7622,0,8
2026-08-02T14:36:57.150Z,deep_scan,20260802112912_1A-4-7-8-17-28C,30,8,1,13,M86,AA3018,1,10
2026-08-02T14:36:57.177Z,deep_scan,20260802112912_1A-4-7-8-17-28C,30,8,0,3,M25,AA7350,0,22
2026-08-02T14:36:57.177Z,deep_scan,20260802112912_1A-4-7-8-17-28C,30,8,0,9,M78,AA2719,1,7
2026-08-02T14:36:57.177Z,deep_scan,20260802112912_1A-4-7-8-17-28C,30,8,0,14,M159,AB6005,0,41
2026-08-02T14:36:57.177Z,deep_scan,20260802112912_1A-4-7-8-17-28C,30,8,0,17,M62/2,AA7086,1,0
2026-08-02T14:37:27.139Z,deep_scan,20260802112912_1A-4-7-8-17-28C,30,8,1,3,M257,AA7510,0,44
2026-08-02T14:37:27.139Z,deep_scan,20260802112912_1A-4-7-8-17-28C,30,8,1,8,M75,AA7622,0,8
2026-08-02T14:37:27.139Z,deep_scan,20260802112912_1A-4-7-8-17-28C,30,8,1,13,M86,AA3018,1,9
2026-08-02T14:37:27.146Z,deep_scan,20260802112912_1A-4-7-8-17-28C,30,8,0,4,M22,AA7350,1,2
2026-08-02T14:37:27.146Z,deep_scan,20260802112912_1A-4-7-8-17-28C,30,8,0,9,M78,AA2719,1,19
2026-08-02T14:37:27.146Z,deep_scan,20260802112912_1A-4-7-8-17-28C,30,8,0,14,M159,AB6005,0,20
2026-08-02T14:37:27.146Z,deep_scan,20260802112912_1A-4-7-8-17-28C,30,8,0,17,M62/2,AA7086,1,0
2026-08-02T14:37:57.143Z,deep_scan,20260802112912_1A-4-7-8-17-28C,30,8,0,4,M22,AA7350,1,2
2026-08-02T14:37:57.143Z,deep_scan,20260802112912_1A-4-7-8-17-28C,30,8,0,9,M78,AA2719,1,14
2026-08-02T14:37:57.143Z,deep_scan,20260802112912_1A-4-7-8-17-28C,30,8,0,14,M159,AB6005,0,33
2026-08-02T14:37:57.143Z,deep_scan,20260802112912_1A-4-7-8-17-28C,30,8,0,17,M62/2,AA7086,1,0
2026-08-02T14:37:57.164Z,deep_scan,20260802112912_1A-4-7-8-17-28C,30,8,1,4,M251,AA7510,1,2
2026-08-02T14:37:57.164Z,deep_scan,20260802112912_1A-4-7-8-17-28C,30,8,1,8,M75,AA7622,0,16
2026-08-02T14:37:57.164Z,deep_scan,20260802112912_1A-4-7-8-17-28C,30,8,1,13,M86,AA3018,0,17
2026-08-02T14:38:27.141Z,deep_scan,20260802112912_1A-4-7-8-17-28C,30,8,0,4,M22,AA7350,0,23
2026-08-02T14:38:27.141Z,deep_scan,20260802112912_1A-4-7-8-17-28C,30,8,0,9,M78,AA2719,0,2
2026-08-02T14:38:27.141Z,deep_scan,20260802112912_1A-4-7-8-17-28C,30,8,0,15,M262,AB6005,1,9
2026-08-02T14:38:27.141Z,deep_scan,20260802112912_1A-4-7-8-17-28C,30,8,0,17,M62/2,AA7086,1,0
2026-08-02T14:38:27.182Z,deep_scan,20260802112912_1A-4-7-8-17-28C,30,8,1,4,M251,AA7510,0,41
2026-08-02T14:38:27.182Z,deep_scan,20260802112912_1A-4-7-8-17-28C,30,8,1,8,M75,AA7622,0,6
2026-08-02T14:38:27.182Z,deep_scan,20260802112912_1A-4-7-8-17-28C,30,8,1,13,M86,AA3018,0,7
2026-08-02T14:38:57.104Z,deep_scan,20260802112912_1A-4-7-8-17-28C,30,8,1,4,M251,AA7510,0,12
2026-08-02T14:38:57.104Z,deep_scan,20260802112912_1A-4-7-8-17-28C,30,8,1,8,M75,AA7622,0,6
2026-08-02T14:38:57.104Z,deep_scan,20260802112912_1A-4-7-8-17-28C,30,8,1,13,M86,AA3018,0,16
2026-08-02T14:38:57.164Z,deep_scan,20260802112912_1A-4-7-8-17-28C,30,8,0,4,M22,AA7350,0,16
2026-08-02T14:38:57.164Z,deep_scan,20260802112912_1A-4-7-8-17-28C,30,8,0,9,M78,AA2719,0,6
2026-08-02T14:38:57.164Z,deep_scan,20260802112912_1A-4-7-8-17-28C,30,8,0,15,M262,AB6005,1,1
2026-08-02T14:39:27.201Z,deep_scan,20260802112912_1A-4-7-8-17-28C,30,8,1,4,M251,AA7510,0,28
2026-08-02T14:39:27.201Z,deep_scan,20260802112912_1A-4-7-8-17-28C,30,8,1,8,M75,AA7622,0,25
2026-08-02T14:39:27.201Z,deep_scan,20260802112912_1A-4-7-8-17-28C,30,8,1,13,M86,AA3018,0,17
2026-08-02T14:39:27.221Z,deep_scan,20260802112912_1A-4-7-8-17-28C,30,8,0,0,M267,AB6503,1,3
2026-08-02T14:39:27.221Z,deep_scan,20260802112912_1A-4-7-8-17-28C,30,8,0,4,M22,AA7350,0,12
2026-08-02T14:39:27.221Z,deep_scan,20260802112912_1A-4-7-8-17-28C,30,8,0,10,M270/2,AA2719,1,26
2026-08-02T14:39:27.221Z,deep_scan,20260802112912_1A-4-7-8-17-28C,30,8,0,15,M262,AB6005,0,34
2026-08-02T14:39:57.192Z,deep_scan,20260802112912_1A-4-7-8-17-28C,30,8,1,5,M263,AA7510,0,35
2026-08-02T14:39:57.192Z,deep_scan,20260802112912_1A-4-7-8-17-28C,30,8,1,9,M237,AA7622,1,16
2026-08-02T14:39:57.192Z,deep_scan,20260802112912_1A-4-7-8-17-28C,30,8,1,13,M86,AA3018,0,22
2026-08-02T14:39:57.217Z,deep_scan,20260802112912_1A-4-7-8-17-28C,30,8,0,0,M267,AB6503,0,12
2026-08-02T14:39:57.217Z,deep_scan,20260802112912_1A-4-7-8-17-28C,30,8,0,4,M22,AA7350,0,18
2026-08-02T14:39:57.217Z,deep_scan,20260802112912_1A-4-7-8-17-28C,30,8,0,10,M270/2,AA2719,0,3
2026-08-02T14:39:57.217Z,deep_scan,20260802112912_1A-4-7-8-17-28C,30,8,0,15,M262,AB6005,0,26
2026-08-02T14:40:27.193Z,deep_scan,20260802112912_1A-4-7-8-17-28C,30,8,0,1,M209/2,AB6503,0,23
2026-08-02T14:40:27.193Z,deep_scan,20260802112912_1A-4-7-8-17-28C,30,8,0,4,M22,AA7350,0,5
2026-08-02T14:40:27.193Z,deep_scan,20260802112912_1A-4-7-8-17-28C,30,8,0,10,M270/2,AA2719,0,33
2026-08-02T14:40:27.193Z,deep_scan,20260802112912_1A-4-7-8-17-28C,30,8,0,15,M262,AB6005,0,6
2026-08-02T14:40:27.203Z,deep_scan,20260802112912_1A-4-7-8-17-28C,30,8,1,0,M62/2,AA7086,1,3
2026-08-02T14:40:27.203Z,deep_scan,20260802112912_1A-4-7-8-17-28C,30,8,1,5,M263,AA7510,0,39
2026-08-02T14:40:27.203Z,deep_scan,20260802112912_1A-4-7-8-17-28C,30,8,1,9,M237,AA7622,0,12
2026-08-02T14:40:27.203Z,deep_scan,20260802112912_1A-4-7-8-17-28C,30,8,1,13,M86,AA3018,0,27
2026-08-02T14:40:57.211Z,deep_scan,20260802112912_1A-4-7-8-17-28C,30,8,0,1,M209/2,AB6503,0,49
2026-08-02T14:40:57.211Z,deep_scan,20260802112912_1A-4-7-8-17-28C,30,8,0,4,M22,AA7350,0,19
2026-08-02T14:40:57.211Z,deep_scan,20260802112912_1A-4-7-8-17-28C,30,8,0,11,M153,AA2719,1,18
2026-08-02T14:40:57.211Z,deep_scan,20260802112912_1A-4-7-8-17-28C,30,8,0,15,M262,AB6005,0,34
2026-08-02T14:40:57.224Z,deep_scan,20260802112912_1A-4-7-8-17-28C,30,8,1,0,M62/2,AA7086,1,3
2026-08-02T14:40:57.224Z,deep_scan,20260802112912_1A-4-7-8-17-28C,30,8,1,6,M160/1,AA7510,1,18
2026-08-02T14:40:57.224Z,deep_scan,20260802112912_1A-4-7-8-17-28C,30,8,1,10,M245,AA7622,1,10
2026-08-02T14:40:57.224Z,deep_scan,20260802112912_1A-4-7-8-17-28C,30,8,1,13,M86,AA3018,0,18
2026-08-02T14:41:27.195Z,deep_scan,20260802112912_1A-4-7-8-17-28C,30,8,0,1,M209/2,AB6503,0,12
2026-08-02T14:41:27.195Z,deep_scan,20260802112912_1A-4-7-8-17-28C,30,8,0,4,M22,AA7350,0,11
2026-08-02T14:41:27.195Z,deep_scan,20260802112912_1A-4-7-8-17-28C,30,8,0,11,M153,AA2719,1,9
2026-08-02T14:41:27.195Z,deep_scan,20260802112912_1A-4-7-8-17-28C,30,8,0,15,M262,AB6005,0,29
2026-08-02T14:41:27.207Z,deep_scan,20260802112912_1A-4-7-8-17-28C,30,8,1,0,M62/2,AA7086,1,3
2026-08-02T14:41:27.207Z,deep_scan,20260802112912_1A-4-7-8-17-28C,30,8,1,6,M160/1,AA7510,0,20
2026-08-02T14:41:27.207Z,deep_scan,20260802112912_1A-4-7-8-17-28C,30,8,1,10,M245,AA7622,0,21
2026-08-02T14:41:27.207Z,deep_scan,20260802112912_1A-4-7-8-17-28C,30,8,1,15,M39,AA3018,1,9
2026-08-02T14:41:57.121Z,deep_scan,20260802112912_1A-4-7-8-17-28C,30,8,1,0,M62/2,AA7086,1,8
2026-08-02T14:41:57.121Z,deep_scan,20260802112912_1A-4-7-8-17-28C,30,8,1,6,M160/1,AA7510,0,39
2026-08-02T14:41:57.121Z,deep_scan,20260802112912_1A-4-7-8-17-28C,30,8,1,11,M119,AA7622,1,12
2026-08-02T14:41:57.121Z,deep_scan,20260802112912_1A-4-7-8-17-28C,30,8,1,15,M39,AA3018,1,6
2026-08-02T14:41:57.207Z,deep_scan,20260802112912_1A-4-7-8-17-28C,30,8,0,2,M211,AB6503,1,18
2026-08-02T14:41:57.207Z,deep_scan,20260802112912_1A-4-7-8-17-28C,30,8,0,6,M16/2,AA7350,1,8
2026-08-02T14:41:57.207Z,deep_scan,20260802112912_1A-4-7-8-17-28C,30,8,0,11,M153,AA2719,0,19
2026-08-02T14:41:57.207Z,deep_scan,20260802112912_1A-4-7-8-17-28C,30,8,0,16,M259,AB6005,1,26
2026-08-02T14:42:27.221Z,deep_scan,20260802112912_1A-4-7-8-17-28C,30,8,0,2,M211,AB6503,0,15
2026-08-02T14:42:27.221Z,deep_scan,20260802112912_1A-4-7-8-17-28C,30,8,0,6,M16/2,AA7350,1,8
2026-08-02T14:42:27.221Z,deep_scan,20260802112912_1A-4-7-8-17-28C,30,8,0,11,M153,AA2719,0,14
2026-08-02T14:42:27.221Z,deep_scan,20260802112912_1A-4-7-8-17-28C,30,8,0,16,M259,AB6005,1,2
2026-08-02T14:42:27.229Z,deep_scan,20260802112912_1A-4-7-8-17-28C,30,8,1,0,M62/2,AA7086,0,22
2026-08-02T14:42:27.229Z,deep_scan,20260802112912_1A-4-7-8-17-28C,30,8,1,6,M160/1,AA7510,0,43
2026-08-02T14:42:27.229Z,deep_scan,20260802112912_1A-4-7-8-17-28C,30,8,1,11,M119,AA7622,0,24
2026-08-02T14:42:27.229Z,deep_scan,20260802112912_1A-4-7-8-17-28C,30,8,1,16,M28/1,AA3018,1,20
2026-08-02T14:42:57.248Z,deep_scan,20260802112912_1A-4-7-8-17-28C,30,8,1,0,M62/2,AA7086,0,19
2026-08-02T14:42:57.248Z,deep_scan,20260802112912_1A-4-7-8-17-28C,30,8,1,6,M160/1,AA7510,0,2
2026-08-02T14:42:57.248Z,deep_scan,20260802112912_1A-4-7-8-17-28C,30,8,1,12,M110,AA7622,1,40
2026-08-02T14:42:57.248Z,deep_scan,20260802112912_1A-4-7-8-17-28C,30,8,1,16,M28/1,AA3018,1,18
2026-08-02T14:42:57.251Z,deep_scan,20260802112912_1A-4-7-8-17-28C,30,8,0,3,M25,AB6503,1,27
2026-08-02T14:42:57.251Z,deep_scan,20260802112912_1A-4-7-8-17-28C,30,8,0,6,M16/2,AA7350,0,12
2026-08-02T14:42:57.251Z,deep_scan,20260802112912_1A-4-7-8-17-28C,30,8,0,12,M168,AA2719,1,6
2026-08-02T14:42:57.251Z,deep_scan,20260802112912_1A-4-7-8-17-28C,30,8,0,16,M259,AB6005,0,33
2026-08-02T14:43:27.175Z,deep_scan,20260802112912_1A-4-7-8-17-28C,30,8,0,3,M25,AB6503,0,25
2026-08-02T14:43:27.175Z,deep_scan,20260802112912_1A-4-7-8-17-28C,30,8,0,6,M16/2,AA7350,0,12
2026-08-02T14:43:27.175Z,deep_scan,20260802112912_1A-4-7-8-17-28C,30,8,0,12,M168,AA2719,0,11
2026-08-02T14:43:27.175Z,deep_scan,20260802112912_1A-4-7-8-17-28C,30,8,0,16,M259,AB6005,0,12
2026-08-02T14:43:27.211Z,deep_scan,20260802112912_1A-4-7-8-17-28C,30,8,1,0,M62/2,AA7086,0,42
2026-08-02T14:43:27.211Z,deep_scan,20260802112912_1A-4-7-8-17-28C,30,8,1,6,M160/1,AA7510,0,2
2026-08-02T14:43:27.211Z,deep_scan,20260802112912_1A-4-7-8-17-28C,30,8,1,13,M86,AA7622,1,20
2026-08-02T14:43:27.211Z,deep_scan,20260802112912_1A-4-7-8-17-28C,30,8,1,16,M28/1,AA3018,1,16
2026-08-02T14:43:57.218Z,deep_scan,20260802112912_1A-4-7-8-17-28C,30,8,0,3,M25,AB6503,0,14
2026-08-02T14:43:57.218Z,deep_scan,20260802112912_1A-4-7-8-17-28C,30,8,0,6,M16/2,AA7350,0,12
2026-08-02T14:43:57.218Z,deep_scan,20260802112912_1A-4-7-8-17-28C,30,8,0,12,M168,AA2719,0,18
2026-08-02T14:43:57.218Z,deep_scan,20260802112912_1A-4-7-8-17-28C,30,8,0,17,M62/2,AB6005,1,0
2026-08-02T14:43:57.263Z,deep_scan,20260802112912_1A-4-7-8-17-28C,30,8,1,0,M62/2,AA7086,0,36
2026-08-02T14:43:57.263Z,deep_scan,20260802112912_1A-4-7-8-17-28C,30,8,1,6,M160/1,AA7510,0,19
2026-08-02T14:43:57.263Z,deep_scan,20260802112912_1A-4-7-8-17-28C,30,8,1,13,M86,AA7622,1,9
2026-08-02T14:43:57.263Z,deep_scan,20260802112912_1A-4-7-8-17-28C,30,8,1,16,M28/1,AA3018,0,3
2026-08-02T14:44:27.208Z,deep_scan,20260802112912_1A-4-7-8-17-28C,30,8,1,0,M62/2,AA7086,0,45
2026-08-02T14:44:27.208Z,deep_scan,20260802112912_1A-4-7-8-17-28C,30,8,1,6,M160/1,AA7510,0,19
2026-08-02T14:44:27.208Z,deep_scan,20260802112912_1A-4-7-8-17-28C,30,8,1,13,M86,AA7622,0,19
2026-08-02T14:44:27.208Z,deep_scan,20260802112912_1A-4-7-8-17-28C,30,8,1,16,M28/1,AA3018,0,20
2026-08-02T14:44:27.242Z,deep_scan,20260802112912_1A-4-7-8-17-28C,30,8,0,4,M22,AB6503,1,29
2026-08-02T14:44:27.242Z,deep_scan,20260802112912_1A-4-7-8-17-28C,30,8,0,6,M16/2,AA7350,0,21
2026-08-02T14:44:27.242Z,deep_scan,20260802112912_1A-4-7-8-17-28C,30,8,0,12,M168,AA2719,0,12
2026-08-02T14:44:27.242Z,deep_scan,20260802112912_1A-4-7-8-17-28C,30,8,0,17,M62/2,AB6005,1,0
2026-08-02T14:44:57.259Z,deep_scan,20260802112912_1A-4-7-8-17-28C,30,8,0,4,M22,AB6503,1,29
2026-08-02T14:44:57.259Z,deep_scan,20260802112912_1A-4-7-8-17-28C,30,8,0,6,M16/2,AA7350,0,12
2026-08-02T14:44:57.259Z,deep_scan,20260802112912_1A-4-7-8-17-28C,30,8,0,13,M69/2,AA2719,1,6
2026-08-02T14:44:57.259Z,deep_scan,20260802112912_1A-4-7-8-17-28C,30,8,0,17,M62/2,AB6005,1,0
2026-08-02T14:44:57.279Z,deep_scan,20260802112912_1A-4-7-8-17-28C,30,8,1,0,M62/2,AA7086,0,23
2026-08-02T14:44:57.279Z,deep_scan,20260802112912_1A-4-7-8-17-28C,30,8,1,6,M160/1,AA7510,0,12
2026-08-02T14:44:57.279Z,deep_scan,20260802112912_1A-4-7-8-17-28C,30,8,1,14,M92,AA7622,1,24
2026-08-02T14:44:57.279Z,deep_scan,20260802112912_1A-4-7-8-17-28C,30,8,1,16,M28/1,AA3018,0,20
2026-08-02T14:45:27.223Z,deep_scan,20260802112912_1A-4-7-8-17-28C,30,8,0,4,M22,AB6503,1,29
2026-08-02T14:45:27.223Z,deep_scan,20260802112912_1A-4-7-8-17-28C,30,8,0,6,M16/2,AA7350,0,11
2026-08-02T14:45:27.223Z,deep_scan,20260802112912_1A-4-7-8-17-28C,30,8,0,13,M69/2,AA2719,1,6
2026-08-02T14:45:27.223Z,deep_scan,20260802112912_1A-4-7-8-17-28C,30,8,0,17,M62/2,AB6005,1,0
2026-08-02T14:45:27.232Z,deep_scan,20260802112912_1A-4-7-8-17-28C,30,8,1,0,M62/2,AA7086,0,28
2026-08-02T14:45:27.232Z,deep_scan,20260802112912_1A-4-7-8-17-28C,30,8,1,6,M160/1,AA7510,0,15
2026-08-02T14:45:27.232Z,deep_scan,20260802112912_1A-4-7-8-17-28C,30,8,1,14,M92,AA7622,1,24
2026-08-02T14:45:27.232Z,deep_scan,20260802112912_1A-4-7-8-17-28C,30,8,1,16,M28/1,AA3018,0,5
2026-08-02T14:45:57.240Z,deep_scan,20260802112912_1A-4-7-8-17-28C,30,8,0,4,M22,AB6503,0,17
2026-08-02T14:45:57.240Z,deep_scan,20260802112912_1A-4-7-8-17-28C,30,8,0,6,M16/2,AA7350,0,14
2026-08-02T14:45:57.240Z,deep_scan,20260802112912_1A-4-7-8-17-28C,30,8,0,14,M159,AA2719,1,32
2026-08-02T14:45:57.240Z,deep_scan,20260802112912_1A-4-7-8-17-28C,30,8,0,17,M62/2,AB6005,1,0
2026-08-02T14:45:57.254Z,deep_scan,20260802112912_1A-4-7-8-17-28C,30,8,1,2,M266,AA7086,1,33
2026-08-02T14:45:57.254Z,deep_scan,20260802112912_1A-4-7-8-17-28C,30,8,1,6,M160/1,AA7510,0,27
2026-08-02T14:45:57.254Z,deep_scan,20260802112912_1A-4-7-8-17-28C,30,8,1,14,M92,AA7622,1,10
2026-08-02T14:45:57.254Z,deep_scan,20260802112912_1A-4-7-8-17-28C,30,8,1,17,M11,AA3018,1,12
2026-08-02T14:46:27.224Z,deep_scan,20260802112912_1A-4-7-8-17-28C,30,8,0,4,M22,AB6503,0,4
2026-08-02T14:46:27.224Z,deep_scan,20260802112912_1A-4-7-8-17-28C,30,8,0,7,M116,AA7350,1,6
2026-08-02T14:46:27.224Z,deep_scan,20260802112912_1A-4-7-8-17-28C,30,8,0,14,M159,AA2719,1,1
2026-08-02T14:46:27.224Z,deep_scan,20260802112912_1A-4-7-8-17-28C,30,8,0,17,M62/2,AB6005,1,0
2026-08-02T14:46:27.238Z,deep_scan,20260802112912_1A-4-7-8-17-28C,30,8,1,2,M266,AA7086,0,18
2026-08-02T14:46:27.238Z,deep_scan,20260802112912_1A-4-7-8-17-28C,30,8,1,6,M160/1,AA7510,0,25
2026-08-02T14:46:27.238Z,deep_scan,20260802112912_1A-4-7-8-17-28C,30,8,1,14,M92,AA7622,0,17
2026-08-02T14:46:27.238Z,deep_scan,20260802112912_1A-4-7-8-17-28C,30,8,1,17,M11,AA3018,0,12
2026-08-02T14:46:57.254Z,deep_scan,20260802112912_1A-4-7-8-17-28C,30,8,0,4,M22,AB6503,0,19
2026-08-02T14:46:57.254Z,deep_scan,20260802112912_1A-4-7-8-17-28C,30,8,0,7,M116,AA7350,1,11
2026-08-02T14:46:57.254Z,deep_scan,20260802112912_1A-4-7-8-17-28C,30,8,0,14,M159,AA2719,0,17
2026-08-02T14:46:57.254Z,deep_scan,20260802112912_1A-4-7-8-17-28C,30,8,0,17,M62/2,AB6005,1,0
2026-08-02T14:46:57.266Z,deep_scan,20260802112912_1A-4-7-8-17-28C,30,8,1,2,M266,AA7086,0,39
2026-08-02T14:46:57.266Z,deep_scan,20260802112912_1A-4-7-8-17-28C,30,8,1,8,M75,AA7510,1,18
2026-08-02T14:46:57.266Z,deep_scan,20260802112912_1A-4-7-8-17-28C,30,8,1,14,M92,AA7622,0,17
2026-08-02T14:46:57.266Z,deep_scan,20260802112912_1A-4-7-8-17-28C,30,8,1,18,M12,AA3018,1,9
2026-08-02T14:47:27.208Z,deep_scan,20260802112912_1A-4-7-8-17-28C,30,8,1,3,M257,AA7086,0,36
2026-08-02T14:47:27.208Z,deep_scan,20260802112912_1A-4-7-8-17-28C,30,8,1,8,M75,AA7510,0,5
2026-08-02T14:47:27.208Z,deep_scan,20260802112912_1A-4-7-8-17-28C,30,8,1,14,M92,AA7622,0,18
2026-08-02T14:47:27.208Z,deep_scan,20260802112912_1A-4-7-8-17-28C,30,8,1,18,M12,AA3018,0,10
2026-08-02T14:47:27.224Z,deep_scan,20260802112912_1A-4-7-8-17-28C,30,8,0,4,M22,AB6503,0,12
2026-08-02T14:47:27.224Z,deep_scan,20260802112912_1A-4-7-8-17-28C,30,8,0,7,M116,AA7350,0,24
2026-08-02T14:47:27.224Z,deep_scan,20260802112912_1A-4-7-8-17-28C,30,8,0,14,M159,AA2719,0,18
2026-08-02T14:47:27.224Z,deep_scan,20260802112912_1A-4-7-8-17-28C,30,8,0,17,M62/2,AB6005,1,0
2026-08-02T14:47:57.226Z,deep_scan,20260802112912_1A-4-7-8-17-28C,30,8,1,3,M257,AA7086,0,25
2026-08-02T14:47:57.226Z,deep_scan,20260802112912_1A-4-7-8-17-28C,30,8,1,8,M75,AA7510,0,5
2026-08-02T14:47:57.226Z,deep_scan,20260802112912_1A-4-7-8-17-28C,30,8,1,14,M92,AA7622,0,7
2026-08-02T14:47:57.226Z,deep_scan,20260802112912_1A-4-7-8-17-28C,30,8,1,19,M21/1,AA3018,1,5
2026-08-02T14:47:57.279Z,deep_scan,20260802112912_1A-4-7-8-17-28C,30,8,0,4,M22,AB6503,0,23
2026-08-02T14:47:57.279Z,deep_scan,20260802112912_1A-4-7-8-17-28C,30,8,0,8,M81,AA7350,0,22
2026-08-02T14:47:57.279Z,deep_scan,20260802112912_1A-4-7-8-17-28C,30,8,0,14,M159,AA2719,0,8
2026-08-02T14:47:57.279Z,deep_scan,20260802112912_1A-4-7-8-17-28C,30,8,0,17,M62/2,AB6005,1,0
2026-08-02T14:48:27.273Z,deep_scan,20260802112912_1A-4-7-8-17-28C,30,8,1,4,M251,AA7086,1,22
2026-08-02T14:48:27.273Z,deep_scan,20260802112912_1A-4-7-8-17-28C,30,8,1,8,M75,AA7510,0,27
2026-08-02T14:48:27.273Z,deep_scan,20260802112912_1A-4-7-8-17-28C,30,8,1,15,M39,AA7622,1,15
2026-08-02T14:48:27.273Z,deep_scan,20260802112912_1A-4-7-8-17-28C,30,8,1,19,M21/1,AA3018,1,5
2026-08-02T14:48:27.294Z,deep_scan,20260802112912_1A-4-7-8-17-28C,30,8,0,4,M22,AB6503,0,17
2026-08-02T14:48:27.294Z,deep_scan,20260802112912_1A-4-7-8-17-28C,30,8,0,8,M81,AA7350,0,22
2026-08-02T14:48:27.294Z,deep_scan,20260802112912_1A-4-7-8-17-28C,30,8,0,15,M262,AA2719,1,36
2026-08-02T14:48:57.252Z,deep_scan,20260802112912_1A-4-7-8-17-28C,30,8,1,4,M251,AA7086,0,5
2026-08-02T14:48:57.252Z,deep_scan,20260802112912_1A-4-7-8-17-28C,30,8,1,8,M75,AA7510,0,12
2026-08-02T14:48:57.252Z,deep_scan,20260802112912_1A-4-7-8-17-28C,30,8,1,15,M39,AA7622,0,6
2026-08-02T14:48:57.252Z,deep_scan,20260802112912_1A-4-7-8-17-28C,30,8,1,19,M21/1,AA3018,1,2
2026-08-02T14:48:57.282Z,deep_scan,20260802112912_1A-4-7-8-17-28C,30,8,0,4,M22,AB6503,0,34
2026-08-02T14:48:57.282Z,deep_scan,20260802112912_1A-4-7-8-17-28C,30,8,0,9,M78,AA7350,1,21
2026-08-02T14:48:57.282Z,deep_scan,20260802112912_1A-4-7-8-17-28C,30,8,0,15,M262,AA2719,1,4
2026-08-02T14:49:27.288Z,deep_scan,20260802112912_1A-4-7-8-17-28C,30,8,0,6,M16/2,AB6503,0,16
2026-08-02T14:49:27.288Z,deep_scan,20260802112912_1A-4-7-8-17-28C,30,8,0,9,M78,AA7350,0,19
2026-08-02T14:49:27.288Z,deep_scan,20260802112912_1A-4-7-8-17-28C,30,8,0,15,M262,AA2719,0,28
2026-08-02T14:49:27.300Z,deep_scan,20260802112912_1A-4-7-8-17-28C,30,8,1,4,M251,AA7086,0,22
2026-08-02T14:49:27.300Z,deep_scan,20260802112912_1A-4-7-8-17-28C,30,8,1,8,M75,AA7510,0,12
2026-08-02T14:49:27.300Z,deep_scan,20260802112912_1A-4-7-8-17-28C,30,8,1,15,M39,AA7622,0,9
2026-08-02T14:49:27.300Z,deep_scan,20260802112912_1A-4-7-8-17-28C,30,8,1,19,M21/1,AA3018,1,20
2026-08-02T14:49:57.300Z,deep_scan,20260802112912_1A-4-7-8-17-28C,30,8,0,6,M16/2,AB6503,0,6
2026-08-02T14:49:57.300Z,deep_scan,20260802112912_1A-4-7-8-17-28C,30,8,0,10,M270/2,AA7350,1,45
2026-08-02T14:49:57.300Z,deep_scan,20260802112912_1A-4-7-8-17-28C,30,8,0,15,M262,AA2719,0,30
2026-08-02T14:49:57.319Z,deep_scan,20260802112912_1A-4-7-8-17-28C,30,8,1,4,M251,AA7086,0,32
2026-08-02T14:49:57.319Z,deep_scan,20260802112912_1A-4-7-8-17-28C,30,8,1,8,M75,AA7510,0,26
2026-08-02T14:49:57.319Z,deep_scan,20260802112912_1A-4-7-8-17-28C,30,8,1,15,M39,AA7622,0,9
2026-08-02T14:49:57.319Z,deep_scan,20260802112912_1A-4-7-8-17-28C,30,8,1,19,M21/1,AA3018,0,20
2026-08-02T14:50:27.273Z,deep_scan,20260802112912_1A-4-7-8-17-28C,30,8,1,5,M263,AA7086,1,16
2026-08-02T14:50:27.273Z,deep_scan,20260802112912_1A-4-7-8-17-28C,30,8,1,9,M237,AA7510,1,29
2026-08-02T14:50:27.273Z,deep_scan,20260802112912_1A-4-7-8-17-28C,30,8,1,15,M39,AA7622,0,12
2026-08-02T14:50:27.273Z,deep_scan,20260802112912_1A-4-7-8-17-28C,30,8,1,19,M21/1,AA3018,0,4
2026-08-02T14:50:27.291Z,deep_scan,20260802112912_1A-4-7-8-17-28C,30,8,0,6,M16/2,AB6503,0,15
2026-08-02T14:50:27.291Z,deep_scan,20260802112912_1A-4-7-8-17-28C,30,8,0,10,M270/2,AA7350,0,35
2026-08-02T14:50:27.291Z,deep_scan,20260802112912_1A-4-7-8-17-28C,30,8,0,15,M262,AA2719,0,39
2026-08-02T14:50:57.199Z,deep_scan,20260802112912_1A-4-7-8-17-28C,30,8,1,5,M263,AA7086,0,13
2026-08-02T14:50:57.199Z,deep_scan,20260802112912_1A-4-7-8-17-28C,30,8,1,9,M237,AA7510,0,17
2026-08-02T14:50:57.199Z,deep_scan,20260802112912_1A-4-7-8-17-28C,30,8,1,16,M28/1,AA7622,1,4
2026-08-02T14:50:57.199Z,deep_scan,20260802112912_1A-4-7-8-17-28C,30,8,1,20,M24,AA3018,1,4
2026-08-02T14:50:57.318Z,deep_scan,20260802112912_1A-4-7-8-17-28C,30,8,0,6,M16/2,AB6503,0,3
2026-08-02T14:50:57.318Z,deep_scan,20260802112912_1A-4-7-8-17-28C,30,8,0,10,M270/2,AA7350,0,32
2026-08-02T14:50:57.318Z,deep_scan,20260802112912_1A-4-7-8-17-28C,30,8,0,15,M262,AA2719,0,39
2026-08-02T14:51:27.270Z,deep_scan,20260802112912_1A-4-7-8-17-28C,30,8,0,7,M116,AB6503,1,18
2026-08-02T14:51:27.270Z,deep_scan,20260802112912_1A-4-7-8-17-28C,30,8,0,11,M153,AA7350,1,31
2026-08-02T14:51:27.270Z,deep_scan,20260802112912_1A-4-7-8-17-28C,30,8,0,16,M259,AA2719,1,19
2026-08-02T14:51:27.304Z,deep_scan,20260802112912_1A-4-7-8-17-28C,30,8,1,5,M263,AA7086,0,17
2026-08-02T14:51:27.304Z,deep_scan,20260802112912_1A-4-7-8-17-28C,30,8,1,9,M237,AA7510,0,4
2026-08-02T14:51:27.304Z,deep_scan,20260802112912_1A-4-7-8-17-28C,30,8,1,16,M28/1,AA7622,0,15
2026-08-02T14:51:27.304Z,deep_scan,20260802112912_1A-4-7-8-17-28C,30,8,1,20,M24,AA3018,0,28
2026-08-02T14:51:57.302Z,deep_scan,20260802112912_1A-4-7-8-17-28C,30,8,1,6,M160/1,AA7086,1,17
2026-08-02T14:51:57.302Z,deep_scan,20260802112912_1A-4-7-8-17-28C,30,8,1,10,M245,AA7510,0,32
2026-08-02T14:51:57.302Z,deep_scan,20260802112912_1A-4-7-8-17-28C,30,8,1,16,M28/1,AA7622,0,8
2026-08-02T14:51:57.302Z,deep_scan,20260802112912_1A-4-7-8-17-28C,30,8,1,21,M208,AA3018,1,30
2026-08-02T14:51:57.307Z,deep_scan,20260802112912_1A-4-7-8-17-28C,30,8,0,7,M116,AB6503,0,8
2026-08-02T14:51:57.307Z,deep_scan,20260802112912_1A-4-7-8-17-28C,30,8,0,11,M153,AA7350,0,31
2026-08-02T14:51:57.307Z,deep_scan,20260802112912_1A-4-7-8-17-28C,30,8,0,16,M259,AA2719,0,20
2026-08-02T14:52:27.311Z,deep_scan,20260802112912_1A-4-7-8-17-28C,30,8,0,8,M81,AB6503,1,20
2026-08-02T14:52:27.311Z,deep_scan,20260802112912_1A-4-7-8-17-28C,30,8,0,12,M168,AA7350,1,24
2026-08-02T14:52:27.311Z,deep_scan,20260802112912_1A-4-7-8-17-28C,30,8,0,16,M259,AA2719,0,22
2026-08-02T14:52:27.341Z,deep_scan,20260802112912_1A-4-7-8-17-28C,30,8,1,6,M160/1,AA7086,0,17
2026-08-02T14:52:27.341Z,deep_scan,20260802112912_1A-4-7-8-17-28C,30,8,1,10,M245,AA7510,0,29
2026-08-02T14:52:27.341Z,deep_scan,20260802112912_1A-4-7-8-17-28C,30,8,1,16,M28/1,AA7622,0,21
2026-08-02T14:52:27.341Z,deep_scan,20260802112912_1A-4-7-8-17-28C,30,8,1,21,M208,AA3018,1,15
2026-08-02T14:52:57.346Z,deep_scan,20260802112912_1A-4-7-8-17-28C,30,8,0,8,M81,AB6503,1,10
2026-08-02T14:52:57.346Z,deep_scan,20260802112912_1A-4-7-8-17-28C,30,8,0,12,M168,AA7350,0,28
2026-08-02T14:52:57.346Z,deep_scan,20260802112912_1A-4-7-8-17-28C,30,8,0,17,M62/2,AA2719,1,0
2026-08-02T14:52:57.367Z,deep_scan,20260802112912_1A-4-7-8-17-28C,30,8,1,6,M160/1,AA7086,0,31
2026-08-02T14:52:57.367Z,deep_scan,20260802112912_1A-4-7-8-17-28C,30,8,1,11,M119,AA7510,1,26
2026-08-02T14:52:57.367Z,deep_scan,20260802112912_1A-4-7-8-17-28C,30,8,1,16,M28/1,AA7622,0,4
2026-08-02T14:52:57.367Z,deep_scan,20260802112912_1A-4-7-8-17-28C,30,8,1,21,M208,AA3018,0,31
2026-08-02T14:53:27.224Z,deep_scan,20260802112912_1A-4-7-8-17-28C,30,8,0,9,M78,AB6503,1,33
2026-08-02T14:53:27.224Z,deep_scan,20260802112912_1A-4-7-8-17-28C,30,8,0,12,M168,AA7350,0,6
2026-08-02T14:53:27.224Z,deep_scan,20260802112912_1A-4-7-8-17-28C,30,8,0,17,M62/2,AA2719,1,0
2026-08-02T14:53:27.327Z,deep_scan,20260802112912_1A-4-7-8-17-28C,30,8,1,6,M160/1,AA7086,0,29
2026-08-02T14:53:27.327Z,deep_scan,20260802112912_1A-4-7-8-17-28C,30,8,1,12,M110,AA7510,0,13
2026-08-02T14:53:27.327Z,deep_scan,20260802112912_1A-4-7-8-17-28C,30,8,1,16,M28/1,AA7622,0,13
2026-08-02T14:53:27.327Z,deep_scan,20260802112912_1A-4-7-8-17-28C,30,8,1,21,M208,AA3018,0,3
2026-08-02T14:53:57.350Z,deep_scan,20260802112912_1A-4-7-8-17-28C,30,8,0,9,M78,AB6503,0,7
2026-08-02T14:53:57.350Z,deep_scan,20260802112912_1A-4-7-8-17-28C,30,8,0,12,M168,AA7350,0,27
2026-08-02T14:53:57.350Z,deep_scan,20260802112912_1A-4-7-8-17-28C,30,8,0,17,M62/2,AA2719,1,0
2026-08-02T14:53:57.357Z,deep_scan,20260802112912_1A-4-7-8-17-28C,30,8,1,0,M62/2,AB6005,1,5
2026-08-02T14:53:57.357Z,deep_scan,20260802112912_1A-4-7-8-17-28C,30,8,1,6,M160/1,AA7086,0,14
2026-08-02T14:53:57.357Z,deep_scan,20260802112912_1A-4-7-8-17-28C,30,8,1,13,M86,AA7510,1,2
2026-08-02T14:53:57.357Z,deep_scan,20260802112912_1A-4-7-8-17-28C,30,8,1,17,M11,AA7622,0,26
2026-08-02T14:53:57.357Z,deep_scan,20260802112912_1A-4-7-8-17-28C,30,8,1,21,M208,AA3018,0,16
2026-08-02T14:54:27.343Z,deep_scan,20260802112912_1A-4-7-8-17-28C,30,8,1,0,M62/2,AB6005,1,18
2026-08-02T14:54:27.343Z,deep_scan,20260802112912_1A-4-7-8-17-28C,30,8,1,7,M100,AA7086,1,6
2026-08-02T14:54:27.343Z,deep_scan,20260802112912_1A-4-7-8-17-28C,30,8,1,13,M86,AA7510,0,10
2026-08-02T14:54:27.343Z,deep_scan,20260802112912_1A-4-7-8-17-28C,30,8,1,18,M12,AA7622,1,21
2026-08-02T14:54:27.343Z,deep_scan,20260802112912_1A-4-7-8-17-28C,30,8,1,22,M267,AA3018,1,0
2026-08-02T14:54:27.359Z,deep_scan,20260802112912_1A-4-7-8-17-28C,30,8,0,9,M78,AB6503,0,7
2026-08-02T14:54:27.359Z,deep_scan,20260802112912_1A-4-7-8-17-28C,30,8,0,13,M69/2,AA7350,1,36
2026-08-02T14:54:27.359Z,deep_scan,20260802112912_1A-4-7-8-17-28C,30,8,0,17,M62/2,AA2719,1,0
2026-08-02T14:54:57.364Z,deep_scan,20260802112912_1A-4-7-8-17-28C,30,8,1,0,M62/2,AB6005,0,7
2026-08-02T14:54:57.364Z,deep_scan,20260802112912_1A-4-7-8-17-28C,30,8,1,7,M100,AA7086,0,40
2026-08-02T14:54:57.364Z,deep_scan,20260802112912_1A-4-7-8-17-28C,30,8,1,14,M92,AA7510,1,24
2026-08-02T14:54:57.364Z,deep_scan,20260802112912_1A-4-7-8-17-28C,30,8,1,18,M12,AA7622,0,11
2026-08-02T14:54:57.391Z,deep_scan,20260802112912_1A-4-7-8-17-28C,30,8,0,0,M267,AA3018,1,14
2026-08-02T14:54:57.391Z,deep_scan,20260802112912_1A-4-7-8-17-28C,30,8,0,9,M78,AB6503,0,21
2026-08-02T14:54:57.391Z,deep_scan,20260802112912_1A-4-7-8-17-28C,30,8,0,14,M159,AA7350,1,36
2026-08-02T14:54:57.391Z,deep_scan,20260802112912_1A-4-7-8-17-28C,30,8,0,17,M62/2,AA2719,1,0
2026-08-02T14:55:27.368Z,deep_scan,20260802112912_1A-4-7-8-17-28C,30,8,0,1,M209/2,AA3018,1,4
2026-08-02T14:55:27.368Z,deep_scan,20260802112912_1A-4-7-8-17-28C,30,8,0,9,M78,AB6503,0,14
2026-08-02T14:55:27.368Z,deep_scan,20260802112912_1A-4-7-8-17-28C,30,8,0,14,M159,AA7350,0,33
2026-08-02T14:55:27.368Z,deep_scan,20260802112912_1A-4-7-8-17-28C,30,8,0,17,M62/2,AA2719,1,0
2026-08-02T14:55:27.386Z,deep_scan,20260802112912_1A-4-7-8-17-28C,30,8,1,0,M62/2,AB6005,0,12
2026-08-02T14:55:27.386Z,deep_scan,20260802112912_1A-4-7-8-17-28C,30,8,1,8,M75,AA7086,1,17
2026-08-02T14:55:27.386Z,deep_scan,20260802112912_1A-4-7-8-17-28C,30,8,1,14,M92,AA7510,1,24
2026-08-02T14:55:27.386Z,deep_scan,20260802112912_1A-4-7-8-17-28C,30,8,1,18,M12,AA7622,0,11
2026-08-02T14:55:57.346Z,deep_scan,20260802112912_1A-4-7-8-17-28C,30,8,1,0,M62/2,AB6005,0,38
2026-08-02T14:55:57.346Z,deep_scan,20260802112912_1A-4-7-8-17-28C,30,8,1,8,M75,AA7086,0,24
2026-08-02T14:55:57.346Z,deep_scan,20260802112912_1A-4-7-8-17-28C,30,8,1,14,M92,AA7510,1,24
2026-08-02T14:55:57.346Z,deep_scan,20260802112912_1A-4-7-8-17-28C,30,8,1,19,M21/1,AA7622,1,11
2026-08-02T14:55:57.365Z,deep_scan,20260802112912_1A-4-7-8-17-28C,30,8,0,1,M209/2,AA3018,1,10
2026-08-02T14:55:57.365Z,deep_scan,20260802112912_1A-4-7-8-17-28C,30,8,0,10,M270/2,AB6503,1,37
2026-08-02T14:55:57.365Z,deep_scan,20260802112912_1A-4-7-8-17-28C,30,8,0,14,M159,AA7350,0,39
2026-08-02T14:55:57.365Z,deep_scan,20260802112912_1A-4-7-8-17-28C,30,8,0,17,M62/2,AA2719,1,0
2026-08-02T14:56:27.311Z,deep_scan,20260802112912_1A-4-7-8-17-28C,30,8,0,1,M209/2,AA3018,0,40
2026-08-02T14:56:27.311Z,deep_scan,20260802112912_1A-4-7-8-17-28C,30,8,0,10,M270/2,AB6503,0,10
2026-08-02T14:56:27.311Z,deep_scan,20260802112912_1A-4-7-8-17-28C,30,8,0,14,M159,AA7350,0,7
2026-08-02T14:56:27.311Z,deep_scan,20260802112912_1A-4-7-8-17-28C,30,8,0,17,M62/2,AA2719,1,0
2026-08-02T14:56:27.397Z,deep_scan,20260802112912_1A-4-7-8-17-28C,30,8,1,0,M62/2,AB6005,0,14
2026-08-02T14:56:27.397Z,deep_scan,20260802112912_1A-4-7-8-17-28C,30,8,1,8,M75,AA7086,0,10
2026-08-02T14:56:27.397Z,deep_scan,20260802112912_1A-4-7-8-17-28C,30,8,1,14,M92,AA7510,1,32
2026-08-02T14:56:27.397Z,deep_scan,20260802112912_1A-4-7-8-17-28C,30,8,1,19,M21/1,AA7622,1,23
2026-08-02T14:56:57.369Z,deep_scan,20260802112912_1A-4-7-8-17-28C,30,8,0,1,M209/2,AA3018,0,16
2026-08-02T14:56:57.369Z,deep_scan,20260802112912_1A-4-7-8-17-28C,30,8,0,10,M270/2,AB6503,0,31
2026-08-02T14:56:57.369Z,deep_scan,20260802112912_1A-4-7-8-17-28C,30,8,0,14,M159,AA7350,0,38
2026-08-02T14:56:57.369Z,deep_scan,20260802112912_1A-4-7-8-17-28C,30,8,0,17,M62/2,AA2719,1,0
2026-08-02T14:56:57.407Z,deep_scan,20260802112912_1A-4-7-8-17-28C,30,8,1,0,M62/2,AB6005,0,46
2026-08-02T14:56:57.407Z,deep_scan,20260802112912_1A-4-7-8-17-28C,30,8,1,8,M75,AA7086,0,5
2026-08-02T14:56:57.407Z,deep_scan,20260802112912_1A-4-7-8-17-28C,30,8,1,14,M92,AA7510,0,3
2026-08-02T14:56:57.407Z,deep_scan,20260802112912_1A-4-7-8-17-28C,30,8,1,19,M21/1,AA7622,0,41
2026-08-02T14:57:27.420Z,deep_scan,20260802112912_1A-4-7-8-17-28C,30,8,1,0,M62/2,AB6005,0,42
2026-08-02T14:57:27.420Z,deep_scan,20260802112912_1A-4-7-8-17-28C,30,8,1,8,M75,AA7086,0,18
2026-08-02T14:57:27.420Z,deep_scan,20260802112912_1A-4-7-8-17-28C,30,8,1,14,M92,AA7510,0,3
2026-08-02T14:57:27.420Z,deep_scan,20260802112912_1A-4-7-8-17-28C,30,8,1,20,M24,AA7622,1,21
2026-08-02T14:57:27.432Z,deep_scan,20260802112912_1A-4-7-8-17-28C,30,8,0,1,M209/2,AA3018,0,31
2026-08-02T14:57:27.432Z,deep_scan,20260802112912_1A-4-7-8-17-28C,30,8,0,11,M153,AB6503,1,22
2026-08-02T14:57:27.432Z,deep_scan,20260802112912_1A-4-7-8-17-28C,30,8,0,15,M262,AA7350,1,24
2026-08-02T14:57:57.371Z,deep_scan,20260802112912_1A-4-7-8-17-28C,30,8,1,0,M62/2,AB6005,0,38
2026-08-02T14:57:57.371Z,deep_scan,20260802112912_1A-4-7-8-17-28C,30,8,1,9,M237,AA7086,1,11
2026-08-02T14:57:57.371Z,deep_scan,20260802112912_1A-4-7-8-17-28C,30,8,1,14,M92,AA7510,0,29
2026-08-02T14:57:57.371Z,deep_scan,20260802112912_1A-4-7-8-17-28C,30,8,1,20,M24,AA7622,0,38
2026-08-02T14:57:57.386Z,deep_scan,20260802112912_1A-4-7-8-17-28C,30,8,0,2,M211,AA3018,0,23
2026-08-02T14:57:57.386Z,deep_scan,20260802112912_1A-4-7-8-17-28C,30,8,0,11,M153,AB6503,0,3
2026-08-02T14:57:57.386Z,deep_scan,20260802112912_1A-4-7-8-17-28C,30,8,0,15,M262,AA7350,0,22
2026-08-02T14:58:27.453Z,deep_scan,20260802112912_1A-4-7-8-17-28C,30,8,0,2,M211,AA3018,0,18
2026-08-02T14:58:27.453Z,deep_scan,20260802112912_1A-4-7-8-17-28C,30,8,0,12,M168,AB6503,1,17
2026-08-02T14:58:27.453Z,deep_scan,20260802112912_1A-4-7-8-17-28C,30,8,0,15,M262,AA7350,0,45
2026-08-02T14:58:27.458Z,deep_scan,20260802112912_1A-4-7-8-17-28C,30,8,1,2,M266,AB6005,0,33
2026-08-02T14:58:27.458Z,deep_scan,20260802112912_1A-4-7-8-17-28C,30,8,1,9,M237,AA7086,0,17
2026-08-02T14:58:27.458Z,deep_scan,20260802112912_1A-4-7-8-17-28C,30,8,1,14,M92,AA7510,0,12
2026-08-02T14:58:27.458Z,deep_scan,20260802112912_1A-4-7-8-17-28C,30,8,1,21,M208,AA7622,1,19
2026-08-02T14:58:57.420Z,deep_scan,20260802112912_1A-4-7-8-17-28C,30,8,0,3,M25,AA3018,1,22
2026-08-02T14:58:57.420Z,deep_scan,20260802112912_1A-4-7-8-17-28C,30,8,0,12,M168,AB6503,0,34
2026-08-02T14:58:57.420Z,deep_scan,20260802112912_1A-4-7-8-17-28C,30,8,0,15,M262,AA7350,0,28
2026-08-02T14:58:57.434Z,deep_scan,20260802112912_1A-4-7-8-17-28C,30,8,1,2,M266,AB6005,0,12
2026-08-02T14:58:57.434Z,deep_scan,20260802112912_1A-4-7-8-17-28C,30,8,1,9,M237,AA7086,0,11
2026-08-02T14:58:57.434Z,deep_scan,20260802112912_1A-4-7-8-17-28C,30,8,1,15,M39,AA7510,0,25
2026-08-02T14:58:57.434Z,deep_scan,20260802112912_1A-4-7-8-17-28C,30,8,1,21,M208,AA7622,0,35
2026-08-02T14:59:27.445Z,deep_scan,20260802112912_1A-4-7-8-17-28C,30,8,0,4,M22,AA3018,1,14
2026-08-02T14:59:27.445Z,deep_scan,20260802112912_1A-4-7-8-17-28C,30,8,0,12,M168,AB6503,0,22
2026-08-02T14:59:27.445Z,deep_scan,20260802112912_1A-4-7-8-17-28C,30,8,0,15,M262,AA7350,0,25
2026-08-02T14:59:27.482Z,deep_scan,20260802112912_1A-4-7-8-17-28C,30,8,1,3,M257,AB6005,1,30
2026-08-02T14:59:27.482Z,deep_scan,20260802112912_1A-4-7-8-17-28C,30,8,1,11,M119,AA7086,1,33
2026-08-02T14:59:27.482Z,deep_scan,20260802112912_1A-4-7-8-17-28C,30,8,1,15,M39,AA7510,0,3
2026-08-02T14:59:27.482Z,deep_scan,20260802112912_1A-4-7-8-17-28C,30,8,1,21,M208,AA7622,0,26
2026-08-02T14:59:57.400Z,deep_scan,20260802112912_1A-4-7-8-17-28C,30,8,1,3,M257,AB6005,0,42
2026-08-02T14:59:57.400Z,deep_scan,20260802112912_1A-4-7-8-17-28C,30,8,1,11,M119,AA7086,1,5
2026-08-02T14:59:57.400Z,deep_scan,20260802112912_1A-4-7-8-17-28C,30,8,1,15,M39,AA7510,0,3
2026-08-02T14:59:57.400Z,deep_scan,20260802112912_1A-4-7-8-17-28C,30,8,1,21,M208,AA7622,0,38
2026-08-02T14:59:57.432Z,deep_scan,20260802112912_1A-4-7-8-17-28C,30,8,0,4,M22,AA3018,1,14
2026-08-02T14:59:57.432Z,deep_scan,20260802112912_1A-4-7-8-17-28C,30,8,0,12,M168,AB6503,0,11
2026-08-02T14:59:57.432Z,deep_scan,20260802112912_1A-4-7-8-17-28C,30,8,0,15,M262,AA7350,0,47
2026-08-02T15:00:27.468Z,deep_scan,20260802112912_1A-4-7-8-17-28C,30,8,0,4,M22,AA3018,1,2
2026-08-02T15:00:27.468Z,deep_scan,20260802112912_1A-4-7-8-17-28C,30,8,0,13,M69/2,AB6503,1,18
2026-08-02T15:00:27.468Z,deep_scan,20260802112912_1A-4-7-8-17-28C,30,8,0,16,M259,AA7350,1,21
2026-08-02T15:00:27.512Z,deep_scan,20260802112912_1A-4-7-8-17-28C,30,8,1,3,M257,AB6005,0,39
2026-08-02T15:00:27.512Z,deep_scan,20260802112912_1A-4-7-8-17-28C,30,8,1,11,M119,AA7086,0,37
2026-08-02T15:00:27.512Z,deep_scan,20260802112912_1A-4-7-8-17-28C,30,8,1,16,M28/1,AA7510,1,35
2026-08-02T15:00:27.512Z,deep_scan,20260802112912_1A-4-7-8-17-28C,30,8,1,22,M267,AA7622,1,0
2026-08-02T15:00:57.428Z,deep_scan,20260802112912_1A-4-7-8-17-28C,30,8,0,4,M22,AA3018,1,2
2026-08-02T15:00:57.428Z,deep_scan,20260802112912_1A-4-7-8-17-28C,30,8,0,13,M69/2,AB6503,0,30
2026-08-02T15:00:57.428Z,deep_scan,20260802112912_1A-4-7-8-17-28C,30,8,0,16,M259,AA7350,0,31
2026-08-02T15:00:57.435Z,deep_scan,20260802112912_1A-4-7-8-17-28C,30,8,1,4,M251,AB6005,1,2
2026-08-02T15:00:57.435Z,deep_scan,20260802112912_1A-4-7-8-17-28C,30,8,1,12,M110,AA7086,1,39
2026-08-02T15:00:57.435Z,deep_scan,20260802112912_1A-4-7-8-17-28C,30,8,1,16,M28/1,AA7510,0,16
2026-08-02T15:00:57.435Z,deep_scan,20260802112912_1A-4-7-8-17-28C,30,8,1,22,M267,AA7622,1,0
2026-08-02T15:01:27.458Z,deep_scan,20260802112912_1A-4-7-8-17-28C,30,8,0,4,M22,AA3018,1,2
2026-08-02T15:01:27.458Z,deep_scan,20260802112912_1A-4-7-8-17-28C,30,8,0,14,M159,AB6503,1,20
2026-08-02T15:01:27.458Z,deep_scan,20260802112912_1A-4-7-8-17-28C,30,8,0,16,M259,AA7350,0,29
2026-08-02T15:01:27.472Z,deep_scan,20260802112912_1A-4-7-8-17-28C,30,8,1,4,M251,AB6005,0,30
2026-08-02T15:01:27.472Z,deep_scan,20260802112912_1A-4-7-8-17-28C,30,8,1,13,M86,AA7086,1,15
2026-08-02T15:01:27.472Z,deep_scan,20260802112912_1A-4-7-8-17-28C,30,8,1,16,M28/1,AA7510,0,19
2026-08-02T15:01:27.472Z,deep_scan,20260802112912_1A-4-7-8-17-28C,30,8,1,22,M267,AA7622,1,0
2026-08-02T15:01:57.447Z,deep_scan,20260802112912_1A-4-7-8-17-28C,30,8,0,4,M22,AA3018,0,19
2026-08-02T15:01:57.447Z,deep_scan,20260802112912_1A-4-7-8-17-28C,30,8,0,14,M159,AB6503,0,9
2026-08-02T15:01:57.447Z,deep_scan,20260802112912_1A-4-7-8-17-28C,30,8,0,17,M62/2,AA7350,1,0
2026-08-02T15:01:57.465Z,deep_scan,20260802112912_1A-4-7-8-17-28C,30,8,1,0,M62/2,AA2719,1,17
2026-08-02T15:01:57.465Z,deep_scan,20260802112912_1A-4-7-8-17-28C,30,8,1,4,M251,AB6005,0,19
2026-08-02T15:01:57.465Z,deep_scan,20260802112912_1A-4-7-8-17-28C,30,8,1,13,M86,AA7086,1,6
2026-08-02T15:01:57.465Z,deep_scan,20260802112912_1A-4-7-8-17-28C,30,8,1,16,M28/1,AA7510,0,2
2026-08-02T15:01:57.465Z,deep_scan,20260802112912_1A-4-7-8-17-28C,30,8,1,22,M267,AA7622,1,0
2026-08-02T15:02:27.474Z,deep_scan,20260802112912_1A-4-7-8-17-28C,30,8,1,0,M62/2,AA2719,1,17
2026-08-02T15:02:27.474Z,deep_scan,20260802112912_1A-4-7-8-17-28C,30,8,1,4,M251,AB6005,0,32
2026-08-02T15:02:27.474Z,deep_scan,20260802112912_1A-4-7-8-17-28C,30,8,1,13,M86,AA7086,1,2
2026-08-02T15:02:27.474Z,deep_scan,20260802112912_1A-4-7-8-17-28C,30,8,1,16,M28/1,AA7510,0,23
2026-08-02T15:02:27.474Z,deep_scan,20260802112912_1A-4-7-8-17-28C,30,8,1,22,M267,AA7622,1,0
2026-08-02T15:02:27.481Z,deep_scan,20260802112912_1A-4-7-8-17-28C,30,8,0,4,M22,AA3018,0,29
2026-08-02T15:02:27.481Z,deep_scan,20260802112912_1A-4-7-8-17-28C,30,8,0,14,M159,AB6503,0,41
2026-08-02T15:02:27.481Z,deep_scan,20260802112912_1A-4-7-8-17-28C,30,8,0,17,M62/2,AA7350,1,0
2026-08-02T15:02:57.464Z,deep_scan,20260802112912_1A-4-7-8-17-28C,30,8,0,4,M22,AA3018,0,31
2026-08-02T15:02:57.464Z,deep_scan,20260802112912_1A-4-7-8-17-28C,30,8,0,14,M159,AB6503,0,40
2026-08-02T15:02:57.464Z,deep_scan,20260802112912_1A-4-7-8-17-28C,30,8,0,17,M62/2,AA7350,1,0
2026-08-02T15:02:57.468Z,deep_scan,20260802112912_1A-4-7-8-17-28C,30,8,1,0,M62/2,AA2719,1,10
2026-08-02T15:02:57.468Z,deep_scan,20260802112912_1A-4-7-8-17-28C,30,8,1,5,M263,AB6005,1,22
2026-08-02T15:02:57.468Z,deep_scan,20260802112912_1A-4-7-8-17-28C,30,8,1,13,M86,AA7086,0,31
2026-08-02T15:02:57.468Z,deep_scan,20260802112912_1A-4-7-8-17-28C,30,8,1,16,M28/1,AA7510,0,7
2026-08-02T15:02:57.468Z,deep_scan,20260802112912_1A-4-7-8-17-28C,30,8,1,22,M267,AA7622,1,0
2026-08-02T15:03:27.465Z,deep_scan,20260802112912_1A-4-7-8-17-28C,30,8,0,0,M267,AA7622,1,11
2026-08-02T15:03:27.465Z,deep_scan,20260802112912_1A-4-7-8-17-28C,30,8,0,4,M22,AA3018,0,8
2026-08-02T15:03:27.465Z,deep_scan,20260802112912_1A-4-7-8-17-28C,30,8,0,15,M262,AB6503,1,29
2026-08-02T15:03:27.465Z,deep_scan,20260802112912_1A-4-7-8-17-28C,30,8,0,17,M62/2,AA7350,1,0
2026-08-02T15:03:27.613Z,deep_scan,20260802112912_1A-4-7-8-17-28C,30,8,1,0,M62/2,AA2719,0,14
2026-08-02T15:03:27.613Z,deep_scan,20260802112912_1A-4-7-8-17-28C,30,8,1,5,M263,AB6005,0,30
2026-08-02T15:03:27.613Z,deep_scan,20260802112912_1A-4-7-8-17-28C,30,8,1,14,M92,AA7086,0,1
2026-08-02T15:03:27.613Z,deep_scan,20260802112912_1A-4-7-8-17-28C,30,8,1,17,M11,AA7510,1,10
2026-08-02T15:03:57.470Z,deep_scan,20260802112912_1A-4-7-8-17-28C,30,8,0,0,M267,AA7622,1,6
2026-08-02T15:03:57.470Z,deep_scan,20260802112912_1A-4-7-8-17-28C,30,8,0,4,M22,AA3018,0,30
2026-08-02T15:03:57.470Z,deep_scan,20260802112912_1A-4-7-8-17-28C,30,8,0,15,M262,AB6503,0,31
2026-08-02T15:03:57.470Z,deep_scan,20260802112912_1A-4-7-8-17-28C,30,8,0,17,M62/2,AA7350,1,0
2026-08-02T15:03:57.498Z,deep_scan,20260802112912_1A-4-7-8-17-28C,30,8,1,0,M62/2,AA2719,0,15
2026-08-02T15:03:57.498Z,deep_scan,20260802112912_1A-4-7-8-17-28C,30,8,1,5,M263,AB6005,0,33
2026-08-02T15:03:57.498Z,deep_scan,20260802112912_1A-4-7-8-17-28C,30,8,1,14,M92,AA7086,0,8
2026-08-02T15:03:57.498Z,deep_scan,20260802112912_1A-4-7-8-17-28C,30,8,1,18,M12,AA7510,1,13
2026-08-02T15:04:27.489Z,deep_scan,20260802112912_1A-4-7-8-17-28C,30,8,1,0,M62/2,AA2719,0,28
2026-08-02T15:04:27.489Z,deep_scan,20260802112912_1A-4-7-8-17-28C,30,8,1,5,M263,AB6005,0,35
2026-08-02T15:04:27.489Z,deep_scan,20260802112912_1A-4-7-8-17-28C,30,8,1,14,M92,AA7086,0,8
2026-08-02T15:04:27.489Z,deep_scan,20260802112912_1A-4-7-8-17-28C,30,8,1,18,M12,AA7510,0,38
2026-08-02T15:04:27.493Z,deep_scan,20260802112912_1A-4-7-8-17-28C,30,8,0,0,M267,AA7622,1,3
2026-08-02T15:04:27.493Z,deep_scan,20260802112912_1A-4-7-8-17-28C,30,8,0,6,M16/2,AA3018,1,26
2026-08-02T15:04:27.493Z,deep_scan,20260802112912_1A-4-7-8-17-28C,30,8,0,15,M262,AB6503,0,18
2026-08-02T15:04:27.493Z,deep_scan,20260802112912_1A-4-7-8-17-28C,30,8,0,17,M62/2,AA7350,1,0
2026-08-02T15:04:57.553Z,deep_scan,20260802112912_1A-4-7-8-17-28C,30,8,1,0,M62/2,AA2719,0,33
2026-08-02T15:04:57.553Z,deep_scan,20260802112912_1A-4-7-8-17-28C,30,8,1,6,M160/1,AB6005,1,7
2026-08-02T15:04:57.553Z,deep_scan,20260802112912_1A-4-7-8-17-28C,30,8,1,14,M92,AA7086,0,5
2026-08-02T15:04:57.553Z,deep_scan,20260802112912_1A-4-7-8-17-28C,30,8,1,18,M12,AA7510,0,28
2026-08-02T15:04:57.558Z,deep_scan,20260802112912_1A-4-7-8-17-28C,30,8,0,1,M209/2,AA7622,1,35
2026-08-02T15:04:57.558Z,deep_scan,20260802112912_1A-4-7-8-17-28C,30,8,0,6,M16/2,AA3018,1,7
2026-08-02T15:04:57.558Z,deep_scan,20260802112912_1A-4-7-8-17-28C,30,8,0,15,M262,AB6503,0,34
2026-08-02T15:04:57.558Z,deep_scan,20260802112912_1A-4-7-8-17-28C,30,8,0,17,M62/2,AA7350,1,0
2026-08-02T15:05:27.467Z,deep_scan,20260802112912_1A-4-7-8-17-28C,30,8,0,1,M209/2,AA7622,1,17
2026-08-02T15:05:27.467Z,deep_scan,20260802112912_1A-4-7-8-17-28C,30,8,0,6,M16/2,AA3018,1,7
2026-08-02T15:05:27.467Z,deep_scan,20260802112912_1A-4-7-8-17-28C,30,8,0,15,M262,AB6503,0,40
2026-08-02T15:05:27.467Z,deep_scan,20260802112912_1A-4-7-8-17-28C,30,8,0,17,M62/2,AA7350,1,0
2026-08-02T15:05:27.497Z,deep_scan,20260802112912_1A-4-7-8-17-28C,30,8,1,0,M62/2,AA2719,0,35
2026-08-02T15:05:27.497Z,deep_scan,20260802112912_1A-4-7-8-17-28C,30,8,1,6,M160/1,AB6005,1,4
2026-08-02T15:05:27.497Z,deep_scan,20260802112912_1A-4-7-8-17-28C,30,8,1,15,M39,AA7086,1,20
2026-08-02T15:05:27.497Z,deep_scan,20260802112912_1A-4-7-8-17-28C,30,8,1,18,M12,AA7510,0,28
2026-08-02T15:05:57.471Z,deep_scan,20260802112912_1A-4-7-8-17-28C,30,8,0,1,M209/2,AA7622,0,38
2026-08-02T15:05:57.471Z,deep_scan,20260802112912_1A-4-7-8-17-28C,30,8,0,6,M16/2,AA3018,1,7
2026-08-02T15:05:57.471Z,deep_scan,20260802112912_1A-4-7-8-17-28C,30,8,0,16,M259,AB6503,1,35
2026-08-02T15:05:57.471Z,deep_scan,20260802112912_1A-4-7-8-17-28C,30,8,0,17,M62/2,AA7350,1,0
2026-08-02T15:05:57.520Z,deep_scan,20260802112912_1A-4-7-8-17-28C,30,8,1,0,M62/2,AA2719,0,45
2026-08-02T15:05:57.520Z,deep_scan,20260802112912_1A-4-7-8-17-28C,30,8,1,6,M160/1,AB6005,0,2
2026-08-02T15:05:57.520Z,deep_scan,20260802112912_1A-4-7-8-17-28C,30,8,1,15,M39,AA7086,0,1
2026-08-02T15:05:57.520Z,deep_scan,20260802112912_1A-4-7-8-17-28C,30,8,1,19,M21/1,AA7510,1,29
2026-08-02T15:06:27.502Z,deep_scan,20260802112912_1A-4-7-8-17-28C,30,8,1,0,M62/2,AA2719,0,28
2026-08-02T15:06:27.502Z,deep_scan,20260802112912_1A-4-7-8-17-28C,30,8,1,6,M160/1,AB6005,0,27
2026-08-02T15:06:27.502Z,deep_scan,20260802112912_1A-4-7-8-17-28C,30,8,1,16,M28/1,AA7086,1,22
2026-08-02T15:06:27.502Z,deep_scan,20260802112912_1A-4-7-8-17-28C,30,8,1,19,M21/1,AA7510,0,33
2026-08-02T15:06:27.505Z,deep_scan,20260802112912_1A-4-7-8-17-28C,30,8,0,1,M209/2,AA7622,0,21
2026-08-02T15:06:27.505Z,deep_scan,20260802112912_1A-4-7-8-17-28C,30,8,0,6,M16/2,AA3018,0,11
2026-08-02T15:06:27.505Z,deep_scan,20260802112912_1A-4-7-8-17-28C,30,8,0,16,M259,AB6503,0,47
2026-08-02T15:06:57.487Z,deep_scan,20260802112912_1A-4-7-8-17-28C,30,8,0,2,M211,AA7622,0,28
2026-08-02T15:06:57.487Z,deep_scan,20260802112912_1A-4-7-8-17-28C,30,8,0,6,M16/2,AA3018,0,1
2026-08-02T15:06:57.487Z,deep_scan,20260802112912_1A-4-7-8-17-28C,30,8,0,16,M259,AB6503,0,21
2026-08-02T15:06:57.546Z,deep_scan,20260802112912_1A-4-7-8-17-28C,30,8,1,2,M266,AA2719,0,26
2026-08-02T15:06:57.546Z,deep_scan,20260802112912_1A-4-7-8-17-28C,30,8,1,6,M160/1,AB6005,0,12
2026-08-02T15:06:57.546Z,deep_scan,20260802112912_1A-4-7-8-17-28C,30,8,1,16,M28/1,AA7086,1,14
2026-08-02T15:06:57.546Z,deep_scan,20260802112912_1A-4-7-8-17-28C,30,8,1,19,M21/1,AA7510,0,9
2026-08-02T15:07:27.503Z,deep_scan,20260802112912_1A-4-7-8-17-28C,30,8,1,2,M266,AA2719,0,11
2026-08-02T15:07:27.503Z,deep_scan,20260802112912_1A-4-7-8-17-28C,30,8,1,6,M160/1,AB6005,0,12
2026-08-02T15:07:27.503Z,deep_scan,20260802112912_1A-4-7-8-17-28C,30,8,1,16,M28/1,AA7086,0,7
2026-08-02T15:07:27.503Z,deep_scan,20260802112912_1A-4-7-8-17-28C,30,8,1,19,M21/1,AA7510,0,9
2026-08-02T15:07:27.549Z,deep_scan,20260802112912_1A-4-7-8-17-28C,30,8,0,2,M211,AA7622,0,23
2026-08-02T15:07:27.549Z,deep_scan,20260802112912_1A-4-7-8-17-28C,30,8,0,6,M16/2,AA3018,0,1
2026-08-02T15:07:27.549Z,deep_scan,20260802112912_1A-4-7-8-17-28C,30,8,0,17,M62/2,AB6503,1,0
2026-08-02T15:07:57.510Z,deep_scan,20260802112912_1A-4-7-8-17-28C,30,8,1,2,M266,AA2719,0,18
2026-08-02T15:07:57.510Z,deep_scan,20260802112912_1A-4-7-8-17-28C,30,8,1,6,M160/1,AB6005,0,22
2026-08-02T15:07:57.510Z,deep_scan,20260802112912_1A-4-7-8-17-28C,30,8,1,16,M28/1,AA7086,0,25
2026-08-02T15:07:57.510Z,deep_scan,20260802112912_1A-4-7-8-17-28C,30,8,1,20,M24,AA7510,1,33
2026-08-02T15:07:57.562Z,deep_scan,20260802112912_1A-4-7-8-17-28C,30,8,0,3,M25,AA7622,1,15
2026-08-02T15:07:57.562Z,deep_scan,20260802112912_1A-4-7-8-17-28C,30,8,0,6,M16/2,AA3018,0,9
2026-08-02T15:07:57.562Z,deep_scan,20260802112912_1A-4-7-8-17-28C,30,8,0,17,M62/2,AB6503,1,0
2026-08-02T15:08:27.528Z,deep_scan,20260802112912_1A-4-7-8-17-28C,30,8,1,3,M257,AA2719,0,39
2026-08-02T15:08:27.528Z,deep_scan,20260802112912_1A-4-7-8-17-28C,30,8,1,7,M100,AB6005,1,14
2026-08-02T15:08:27.528Z,deep_scan,20260802112912_1A-4-7-8-17-28C,30,8,1,16,M28/1,AA7086,0,25
2026-08-02T15:08:27.528Z,deep_scan,20260802112912_1A-4-7-8-17-28C,30,8,1,20,M24,AA7510,0,45
2026-08-02T15:08:27.568Z,deep_scan,20260802112912_1A-4-7-8-17-28C,30,8,0,3,M25,AA7622,0,24
2026-08-02T15:08:27.568Z,deep_scan,20260802112912_1A-4-7-8-17-28C,30,8,0,6,M16/2,AA3018,0,24
2026-08-02T15:08:27.568Z,deep_scan,20260802112912_1A-4-7-8-17-28C,30,8,0,17,M62/2,AB6503,1,0
2026-08-02T15:08:57.544Z,deep_scan,20260802112912_1A-4-7-8-17-28C,30,8,1,3,M257,AA2719,0,24
2026-08-02T15:08:57.544Z,deep_scan,20260802112912_1A-4-7-8-17-28C,30,8,1,7,M100,AB6005,0,27
2026-08-02T15:08:57.544Z,deep_scan,20260802112912_1A-4-7-8-17-28C,30,8,1,17,M11,AA7086,1,3
2026-08-02T15:08:57.544Z,deep_scan,20260802112912_1A-4-7-8-17-28C,30,8,1,21,M208,AA7510,1,14
2026-08-02T15:08:57.574Z,deep_scan,20260802112912_1A-4-7-8-17-28C,30,8,0,4,M22,AA7622,1,2
2026-08-02T15:08:57.574Z,deep_scan,20260802112912_1A-4-7-8-17-28C,30,8,0,6,M16/2,AA3018,0,3
2026-08-02T15:08:57.574Z,deep_scan,20260802112912_1A-4-7-8-17-28C,30,8,0,17,M62/2,AB6503,1,0
2026-08-02T15:09:27.514Z,deep_scan,20260802112912_1A-4-7-8-17-28C,30,8,1,3,M257,AA2719,0,28
2026-08-02T15:09:27.514Z,deep_scan,20260802112912_1A-4-7-8-17-28C,30,8,1,7,M100,AB6005,0,10
2026-08-02T15:09:27.514Z,deep_scan,20260802112912_1A-4-7-8-17-28C,30,8,1,17,M11,AA7086,0,6
2026-08-02T15:09:27.514Z,deep_scan,20260802112912_1A-4-7-8-17-28C,30,8,1,21,M208,AA7510,0,28
2026-08-02T15:09:27.538Z,deep_scan,20260802112912_1A-4-7-8-17-28C,30,8,0,4,M22,AA7622,0,21
2026-08-02T15:09:27.538Z,deep_scan,20260802112912_1A-4-7-8-17-28C,30,8,0,7,M116,AA3018,1,5
2026-08-02T15:09:27.538Z,deep_scan,20260802112912_1A-4-7-8-17-28C,30,8,0,17,M62/2,AB6503,1,0
2026-08-02T15:09:57.540Z,deep_scan,20260802112912_1A-4-7-8-17-28C,30,8,0,4,M22,AA7622,0,7
2026-08-02T15:09:57.540Z,deep_scan,20260802112912_1A-4-7-8-17-28C,30,8,0,7,M116,AA3018,1,9
2026-08-02T15:09:57.540Z,deep_scan,20260802112912_1A-4-7-8-17-28C,30,8,0,17,M62/2,AB6503,1,0
2026-08-02T15:09:57.581Z,deep_scan,20260802112912_1A-4-7-8-17-28C,30,8,1,4,M251,AA2719,1,1
2026-08-02T15:09:57.581Z,deep_scan,20260802112912_1A-4-7-8-17-28C,30,8,1,7,M100,AB6005,0,10
2026-08-02T15:09:57.581Z,deep_scan,20260802112912_1A-4-7-8-17-28C,30,8,1,18,M12,AA7086,0,21
2026-08-02T15:09:57.581Z,deep_scan,20260802112912_1A-4-7-8-17-28C,30,8,1,21,M208,AA7510,0,30
2026-08-02T15:10:27.554Z,deep_scan,20260802112912_1A-4-7-8-17-28C,30,8,0,4,M22,AA7622,0,7
2026-08-02T15:10:27.554Z,deep_scan,20260802112912_1A-4-7-8-17-28C,30,8,0,8,M81,AA3018,1,18
2026-08-02T15:10:27.554Z,deep_scan,20260802112912_1A-4-7-8-17-28C,30,8,0,17,M62/2,AB6503,1,0
2026-08-02T15:10:27.558Z,deep_scan,20260802112912_1A-4-7-8-17-28C,30,8,1,0,M62/2,AA7350,1,9
2026-08-02T15:10:27.558Z,deep_scan,20260802112912_1A-4-7-8-17-28C,30,8,1,4,M251,AA2719,1,6
2026-08-02T15:10:27.558Z,deep_scan,20260802112912_1A-4-7-8-17-28C,30,8,1,8,M75,AB6005,1,27
2026-08-02T15:10:27.558Z,deep_scan,20260802112912_1A-4-7-8-17-28C,30,8,1,19,M21/1,AA7086,1,16
2026-08-02T15:10:27.558Z,deep_scan,20260802112912_1A-4-7-8-17-28C,30,8,1,21,M208,AA7510,0,48
2026-08-02T15:10:57.536Z,deep_scan,20260802112912_1A-4-7-8-17-28C,30,8,1,0,M62/2,AA7350,1,18
2026-08-02T15:10:57.536Z,deep_scan,20260802112912_1A-4-7-8-17-28C,30,8,1,4,M251,AA2719,0,24
2026-08-02T15:10:57.536Z,deep_scan,20260802112912_1A-4-7-8-17-28C,30,8,1,8,M75,AB6005,0,26
2026-08-02T15:10:57.536Z,deep_scan,20260802112912_1A-4-7-8-17-28C,30,8,1,19,M21/1,AA7086,1,20
2026-08-02T15:10:57.536Z,deep_scan,20260802112912_1A-4-7-8-17-28C,30,8,1,22,M267,AA7510,1,0
2026-08-02T15:10:57.582Z,deep_scan,20260802112912_1A-4-7-8-17-28C,30,8,0,4,M22,AA7622,0,12
2026-08-02T15:10:57.582Z,deep_scan,20260802112912_1A-4-7-8-17-28C,30,8,0,8,M81,AA3018,0,19
2026-08-02T15:10:57.582Z,deep_scan,20260802112912_1A-4-7-8-17-28C,30,8,0,17,M62/2,AB6503,1,0
2026-08-02T15:11:27.547Z,deep_scan,20260802112912_1A-4-7-8-17-28C,30,8,1,0,M62/2,AA7350,0,15
2026-08-02T15:11:27.547Z,deep_scan,20260802112912_1A-4-7-8-17-28C,30,8,1,4,M251,AA2719,0,3
2026-08-02T15:11:27.547Z,deep_scan,20260802112912_1A-4-7-8-17-28C,30,8,1,8,M75,AB6005,0,11
2026-08-02T15:11:27.547Z,deep_scan,20260802112912_1A-4-7-8-17-28C,30,8,1,19,M21/1,AA7086,0,1
2026-08-02T15:11:27.547Z,deep_scan,20260802112912_1A-4-7-8-17-28C,30,8,1,22,M267,AA7510,1,0
2026-08-02T15:11:27.563Z,deep_scan,20260802112912_1A-4-7-8-17-28C,30,8,0,4,M22,AA7622,0,21
2026-08-02T15:11:27.563Z,deep_scan,20260802112912_1A-4-7-8-17-28C,30,8,0,8,M81,AA3018,0,4
2026-08-02T15:11:27.563Z,deep_scan,20260802112912_1A-4-7-8-17-28C,30,8,0,17,M62/2,AB6503,1,0
2026-08-02T15:11:57.565Z,deep_scan,20260802112912_1A-4-7-8-17-28C,30,8,0,6,M16/2,AA7622,1,5
2026-08-02T15:11:57.565Z,deep_scan,20260802112912_1A-4-7-8-17-28C,30,8,0,8,M81,AA3018,0,4
2026-08-02T15:11:57.575Z,deep_scan,20260802112912_1A-4-7-8-17-28C,30,8,1,0,M62/2,AA7350,0,30
2026-08-02T15:11:57.575Z,deep_scan,20260802112912_1A-4-7-8-17-28C,30,8,1,5,M263,AA2719,1,12
2026-08-02T15:11:57.575Z,deep_scan,20260802112912_1A-4-7-8-17-28C,30,8,1,8,M75,AB6005,0,12
2026-08-02T15:11:57.575Z,deep_scan,20260802112912_1A-4-7-8-17-28C,30,8,1,19,M21/1,AA7086,0,8
2026-08-02T15:11:57.575Z,deep_scan,20260802112912_1A-4-7-8-17-28C,30,8,1,22,M267,AA7510,1,0
2026-08-02T15:12:27.542Z,deep_scan,20260802112912_1A-4-7-8-17-28C,30,8,1,0,M62/2,AA7350,0,37
2026-08-02T15:12:27.542Z,deep_scan,20260802112912_1A-4-7-8-17-28C,30,8,1,5,M263,AA2719,0,9
2026-08-02T15:12:27.542Z,deep_scan,20260802112912_1A-4-7-8-17-28C,30,8,1,8,M75,AB6005,0,12
2026-08-02T15:12:27.542Z,deep_scan,20260802112912_1A-4-7-8-17-28C,30,8,1,19,M21/1,AA7086,0,6
2026-08-02T15:12:27.542Z,deep_scan,20260802112912_1A-4-7-8-17-28C,30,8,1,22,M267,AA7510,1,0
2026-08-02T15:12:27.631Z,deep_scan,20260802112912_1A-4-7-8-17-28C,30,8,0,6,M16/2,AA7622,1,5
2026-08-02T15:12:27.631Z,deep_scan,20260802112912_1A-4-7-8-17-28C,30,8,0,9,M78,AA3018,1,4
2026-08-02T15:12:57.583Z,deep_scan,20260802112912_1A-4-7-8-17-28C,30,8,0,6,M16/2,AA7622,0,16
2026-08-02T15:12:57.583Z,deep_scan,20260802112912_1A-4-7-8-17-28C,30,8,0,9,M78,AA3018,1,4
2026-08-02T15:12:57.593Z,deep_scan,20260802112912_1A-4-7-8-17-28C,30,8,1,0,M62/2,AA7350,0,37
2026-08-02T15:12:57.593Z,deep_scan,20260802112912_1A-4-7-8-17-28C,30,8,1,5,M263,AA2719,0,26
2026-08-02T15:12:57.593Z,deep_scan,20260802112912_1A-4-7-8-17-28C,30,8,1,9,M237,AB6005,1,11
2026-08-02T15:12:57.593Z,deep_scan,20260802112912_1A-4-7-8-17-28C,30,8,1,19,M21/1,AA7086,0,6
2026-08-02T15:12:57.593Z,deep_scan,20260802112912_1A-4-7-8-17-28C,30,8,1,22,M267,AA7510,1,0
2026-08-02T15:13:27.559Z,deep_scan,20260802112912_1A-4-7-8-17-28C,30,8,1,0,M62/2,AA7350,0,21
2026-08-02T15:13:27.559Z,deep_scan,20260802112912_1A-4-7-8-17-28C,30,8,1,5,M263,AA2719,0,16
2026-08-02T15:13:27.559Z,deep_scan,20260802112912_1A-4-7-8-17-28C,30,8,1,9,M237,AB6005,0,21
2026-08-02T15:13:27.559Z,deep_scan,20260802112912_1A-4-7-8-17-28C,30,8,1,19,M21/1,AA7086,0,6
2026-08-02T15:13:27.559Z,deep_scan,20260802112912_1A-4-7-8-17-28C,30,8,1,22,M267,AA7510,1,0
2026-08-02T15:13:27.630Z,deep_scan,20260802112912_1A-4-7-8-17-28C,30,8,0,6,M16/2,AA7622,0,15
2026-08-02T15:13:27.630Z,deep_scan,20260802112912_1A-4-7-8-17-28C,30,8,0,9,M78,AA3018,0,24
2026-08-02T15:13:57.582Z,deep_scan,20260802112912_1A-4-7-8-17-28C,30,8,0,6,M16/2,AA7622,0,15
2026-08-02T15:13:57.582Z,deep_scan,20260802112912_1A-4-7-8-17-28C,30,8,0,10,M270/2,AA3018,1,28
2026-08-02T15:13:57.606Z,deep_scan,20260802112912_1A-4-7-8-17-28C,30,8,1,0,M62/2,AA7350,0,11
2026-08-02T15:13:57.606Z,deep_scan,20260802112912_1A-4-7-8-17-28C,30,8,1,6,M160/1,AA2719,1,12
2026-08-02T15:13:57.606Z,deep_scan,20260802112912_1A-4-7-8-17-28C,30,8,1,10,M245,AB6005,1,13
2026-08-02T15:13:57.606Z,deep_scan,20260802112912_1A-4-7-8-17-28C,30,8,1,19,M21/1,AA7086,0,6
2026-08-02T15:13:57.606Z,deep_scan,20260802112912_1A-4-7-8-17-28C,30,8,1,22,M267,AA7510,1,0
2026-08-02T15:14:27.643Z,deep_scan,20260802112912_1A-4-7-8-17-28C,30,8,0,6,M16/2,AA7622,0,14
2026-08-02T15:14:27.643Z,deep_scan,20260802112912_1A-4-7-8-17-28C,30,8,0,10,M270/2,AA3018,1,1
2026-08-02T15:14:27.661Z,deep_scan,20260802112912_1A-4-7-8-17-28C,30,8,1,0,M62/2,AA7350,0,32
2026-08-02T15:14:27.661Z,deep_scan,20260802112912_1A-4-7-8-17-28C,30,8,1,6,M160/1,AA2719,0,15
2026-08-02T15:14:27.661Z,deep_scan,20260802112912_1A-4-7-8-17-28C,30,8,1,10,M245,AB6005,0,23
2026-08-02T15:14:27.661Z,deep_scan,20260802112912_1A-4-7-8-17-28C,30,8,1,20,M24,AA7086,0,12
2026-08-02T15:14:27.661Z,deep_scan,20260802112912_1A-4-7-8-17-28C,30,8,1,22,M267,AA7510,1,0
2026-08-02T15:14:57.596Z,deep_scan,20260802112912_1A-4-7-8-17-28C,30,8,1,2,M266,AA7350,1,21
2026-08-02T15:14:57.596Z,deep_scan,20260802112912_1A-4-7-8-17-28C,30,8,1,6,M160/1,AA2719,0,36
2026-08-02T15:14:57.596Z,deep_scan,20260802112912_1A-4-7-8-17-28C,30,8,1,11,M119,AB6005,1,12
2026-08-02T15:14:57.596Z,deep_scan,20260802112912_1A-4-7-8-17-28C,30,8,1,20,M24,AA7086,0,30
2026-08-02T15:14:57.615Z,deep_scan,20260802112912_1A-4-7-8-17-28C,30,8,0,0,M267,AA7510,0,18
2026-08-02T15:14:57.615Z,deep_scan,20260802112912_1A-4-7-8-17-28C,30,8,0,6,M16/2,AA7622,0,8
2026-08-02T15:14:57.615Z,deep_scan,20260802112912_1A-4-7-8-17-28C,30,8,0,10,M270/2,AA3018,0,23
2026-08-02T15:15:27.620Z,deep_scan,20260802112912_1A-4-7-8-17-28C,30,8,0,1,M209/2,AA7510,1,4
2026-08-02T15:15:27.620Z,deep_scan,20260802112912_1A-4-7-8-17-28C,30,8,0,7,M116,AA7622,0,30
2026-08-02T15:15:27.620Z,deep_scan,20260802112912_1A-4-7-8-17-28C,30,8,0,11,M153,AA3018,1,16
2026-08-02T15:15:27.634Z,deep_scan,20260802112912_1A-4-7-8-17-28C,30,8,1,2,M266,AA7350,0,20
2026-08-02T15:15:27.634Z,deep_scan,20260802112912_1A-4-7-8-17-28C,30,8,1,6,M160/1,AA2719,0,21
2026-08-02T15:15:27.634Z,deep_scan,20260802112912_1A-4-7-8-17-28C,30,8,1,11,M119,AB6005,1,3
2026-08-02T15:15:27.634Z,deep_scan,20260802112912_1A-4-7-8-17-28C,30,8,1,21,M208,AA7086,0,12
2026-08-02T15:15:57.584Z,deep_scan,20260802112912_1A-4-7-8-17-28C,30,8,1,2,M266,AA7350,0,37
2026-08-02T15:15:57.584Z,deep_scan,20260802112912_1A-4-7-8-17-28C,30,8,1,6,M160/1,AA2719,0,23
2026-08-02T15:15:57.584Z,deep_scan,20260802112912_1A-4-7-8-17-28C,30,8,1,11,M119,AB6005,0,7
2026-08-02T15:15:57.584Z,deep_scan,20260802112912_1A-4-7-8-17-28C,30,8,1,21,M208,AA7086,0,34
2026-08-02T15:15:57.589Z,deep_scan,20260802112912_1A-4-7-8-17-28C,30,8,0,1,M209/2,AA7510,0,24
2026-08-02T15:15:57.589Z,deep_scan,20260802112912_1A-4-7-8-17-28C,30,8,0,7,M116,AA7622,0,31
2026-08-02T15:15:57.589Z,deep_scan,20260802112912_1A-4-7-8-17-28C,30,8,0,11,M153,AA3018,1,3
2026-08-02T15:16:27.657Z,deep_scan,20260802112912_1A-4-7-8-17-28C,30,8,0,1,M209/2,AA7510,0,29
2026-08-02T15:16:27.657Z,deep_scan,20260802112912_1A-4-7-8-17-28C,30,8,0,7,M116,AA7622,0,26
2026-08-02T15:16:27.657Z,deep_scan,20260802112912_1A-4-7-8-17-28C,30,8,0,11,M153,AA3018,0,24
2026-08-02T15:16:27.662Z,deep_scan,20260802112912_1A-4-7-8-17-28C,30,8,1,3,M257,AA7350,0,27
2026-08-02T15:16:27.662Z,deep_scan,20260802112912_1A-4-7-8-17-28C,30,8,1,7,M100,AA2719,1,4
2026-08-02T15:16:27.662Z,deep_scan,20260802112912_1A-4-7-8-17-28C,30,8,1,11,M119,AB6005,0,20
2026-08-02T15:16:27.662Z,deep_scan,20260802112912_1A-4-7-8-17-28C,30,8,1,21,M208,AA7086,0,14
2026-08-02T15:16:57.591Z,deep_scan,20260802112912_1A-4-7-8-17-28C,30,8,1,3,M257,AA7350,0,26
2026-08-02T15:16:57.591Z,deep_scan,20260802112912_1A-4-7-8-17-28C,30,8,1,7,M100,AA2719,0,9
2026-08-02T15:16:57.591Z,deep_scan,20260802112912_1A-4-7-8-17-28C,30,8,1,12,M110,AB6005,1,1
2026-08-02T15:16:57.591Z,deep_scan,20260802112912_1A-4-7-8-17-28C,30,8,1,21,M208,AA7086,0,20
2026-08-02T15:16:57.606Z,deep_scan,20260802112912_1A-4-7-8-17-28C,30,8,0,2,M211,AA7510,1,27
2026-08-02T15:16:57.606Z,deep_scan,20260802112912_1A-4-7-8-17-28C,30,8,0,8,M81,AA7622,1,29
2026-08-02T15:16:57.606Z,deep_scan,20260802112912_1A-4-7-8-17-28C,30,8,0,12,M168,AA3018,1,4
2026-08-02T15:17:27.603Z,deep_scan,20260802112912_1A-4-7-8-17-28C,30,8,0,2,M211,AA7510,0,19
2026-08-02T15:17:27.603Z,deep_scan,20260802112912_1A-4-7-8-17-28C,30,8,0,9,M78,AA7622,0,35
2026-08-02T15:17:27.603Z,deep_scan,20260802112912_1A-4-7-8-17-28C,30,8,0,12,M168,AA3018,0,23
2026-08-02T15:17:27.653Z,deep_scan,20260802112912_1A-4-7-8-17-28C,30,8,1,3,M257,AA7350,0,32
2026-08-02T15:17:27.653Z,deep_scan,20260802112912_1A-4-7-8-17-28C,30,8,1,7,M100,AA2719,0,38
2026-08-02T15:17:27.653Z,deep_scan,20260802112912_1A-4-7-8-17-28C,30,8,1,12,M110,AB6005,1,1
2026-08-02T15:17:27.653Z,deep_scan,20260802112912_1A-4-7-8-17-28C,30,8,1,22,M267,AA7086,1,0
2026-08-02T15:17:57.582Z,deep_scan,20260802112912_1A-4-7-8-17-28C,30,8,1,4,M251,AA7350,1,26
2026-08-02T15:17:57.582Z,deep_scan,20260802112912_1A-4-7-8-17-28C,30,8,1,7,M100,AA2719,0,15
2026-08-02T15:17:57.582Z,deep_scan,20260802112912_1A-4-7-8-17-28C,30,8,1,13,M86,AB6005,1,19
2026-08-02T15:17:57.582Z,deep_scan,20260802112912_1A-4-7-8-17-28C,30,8,1,22,M267,AA7086,1,0
2026-08-02T15:17:57.608Z,deep_scan,20260802112912_1A-4-7-8-17-28C,30,8,0,3,M25,AA7510,1,5
2026-08-02T15:17:57.608Z,deep_scan,20260802112912_1A-4-7-8-17-28C,30,8,0,9,M78,AA7622,0,7
2026-08-02T15:17:57.608Z,deep_scan,20260802112912_1A-4-7-8-17-28C,30,8,0,12,M168,AA3018,0,2
2026-08-02T15:18:27.681Z,deep_scan,20260802112912_1A-4-7-8-17-28C,30,8,1,4,M251,AA7350,0,24
2026-08-02T15:18:27.681Z,deep_scan,20260802112912_1A-4-7-8-17-28C,30,8,1,8,M75,AA2719,0,16
2026-08-02T15:18:27.681Z,deep_scan,20260802112912_1A-4-7-8-17-28C,30,8,1,13,M86,AB6005,0,8
2026-08-02T15:18:27.681Z,deep_scan,20260802112912_1A-4-7-8-17-28C,30,8,1,22,M267,AA7086,1,0
2026-08-02T15:18:27.702Z,deep_scan,20260802112912_1A-4-7-8-17-28C,30,8,0,3,M25,AA7510,0,24
2026-08-02T15:18:27.702Z,deep_scan,20260802112912_1A-4-7-8-17-28C,30,8,0,10,M270/2,AA7622,1,30
2026-08-02T15:18:27.702Z,deep_scan,20260802112912_1A-4-7-8-17-28C,30,8,0,12,M168,AA3018,0,16
2026-08-02T15:18:57.625Z,deep_scan,20260802112912_1A-4-7-8-17-28C,30,8,1,4,M251,AA7350,0,31
2026-08-02T15:18:57.625Z,deep_scan,20260802112912_1A-4-7-8-17-28C,30,8,1,8,M75,AA2719,0,2
2026-08-02T15:18:57.625Z,deep_scan,20260802112912_1A-4-7-8-17-28C,30,8,1,14,M92,AB6005,1,21
2026-08-02T15:18:57.625Z,deep_scan,20260802112912_1A-4-7-8-17-28C,30,8,1,22,M267,AA7086,1,0
2026-08-02T15:18:57.660Z,deep_scan,20260802112912_1A-4-7-8-17-28C,30,8,0,3,M25,AA7510,0,1
2026-08-02T15:18:57.660Z,deep_scan,20260802112912_1A-4-7-8-17-28C,30,8,0,10,M270/2,AA7622,1,25
2026-08-02T15:18:57.660Z,deep_scan,20260802112912_1A-4-7-8-17-28C,30,8,0,12,M168,AA3018,0,16
2026-08-02T15:19:27.666Z,deep_scan,20260802112912_1A-4-7-8-17-28C,30,8,1,5,M263,AA7350,1,28
2026-08-02T15:19:27.666Z,deep_scan,20260802112912_1A-4-7-8-17-28C,30,8,1,8,M75,AA2719,0,2
2026-08-02T15:19:27.666Z,deep_scan,20260802112912_1A-4-7-8-17-28C,30,8,1,14,M92,AB6005,1,21
2026-08-02T15:19:27.666Z,deep_scan,20260802112912_1A-4-7-8-17-28C,30,8,1,22,M267,AA7086,1,0
2026-08-02T15:19:27.686Z,deep_scan,20260802112912_1A-4-7-8-17-28C,30,8,0,4,M22,AA7510,1,13
2026-08-02T15:19:27.686Z,deep_scan,20260802112912_1A-4-7-8-17-28C,30,8,0,10,M270/2,AA7622,0,26
2026-08-02T15:19:27.686Z,deep_scan,20260802112912_1A-4-7-8-17-28C,30,8,0,12,M168,AA3018,0,16
2026-08-02T15:19:57.622Z,deep_scan,20260802112912_1A-4-7-8-17-28C,30,8,0,4,M22,AA7510,1,13
2026-08-02T15:19:57.622Z,deep_scan,20260802112912_1A-4-7-8-17-28C,30,8,0,11,M153,AA7622,1,26
2026-08-02T15:19:57.622Z,deep_scan,20260802112912_1A-4-7-8-17-28C,30,8,0,12,M168,AA3018,0,12
2026-08-02T15:19:57.639Z,deep_scan,20260802112912_1A-4-7-8-17-28C,30,8,1,5,M263,AA7350,0,26
2026-08-02T15:19:57.639Z,deep_scan,20260802112912_1A-4-7-8-17-28C,30,8,1,8,M75,AA2719,0,4
2026-08-02T15:19:57.639Z,deep_scan,20260802112912_1A-4-7-8-17-28C,30,8,1,14,M92,AB6005,1,21
2026-08-02T15:19:57.639Z,deep_scan,20260802112912_1A-4-7-8-17-28C,30,8,1,22,M267,AA7086,1,0
2026-08-02T15:20:27.686Z,deep_scan,20260802112912_1A-4-7-8-17-28C,30,8,1,5,M263,AA7350,0,31
2026-08-02T15:20:27.686Z,deep_scan,20260802112912_1A-4-7-8-17-28C,30,8,1,8,M75,AA2719,0,16
2026-08-02T15:20:27.686Z,deep_scan,20260802112912_1A-4-7-8-17-28C,30,8,1,14,M92,AB6005,1,21
2026-08-02T15:20:27.686Z,deep_scan,20260802112912_1A-4-7-8-17-28C,30,8,1,22,M267,AA7086,1,0
2026-08-02T15:20:27.718Z,deep_scan,20260802112912_1A-4-7-8-17-28C,30,8,0,4,M22,AA7510,1,13
2026-08-02T15:20:27.718Z,deep_scan,20260802112912_1A-4-7-8-17-28C,30,8,0,11,M153,AA7622,1,2
2026-08-02T15:20:27.718Z,deep_scan,20260802112912_1A-4-7-8-17-28C,30,8,0,13,M69/2,AA3018,1,34
2026-08-02T15:20:57.650Z,deep_scan,20260802112912_1A-4-7-8-17-28C,30,8,1,5,M263,AA7350,0,29
2026-08-02T15:20:57.650Z,deep_scan,20260802112912_1A-4-7-8-17-28C,30,8,1,8,M75,AA2719,0,16
2026-08-02T15:20:57.650Z,deep_scan,20260802112912_1A-4-7-8-17-28C,30,8,1,14,M92,AB6005,0,16
2026-08-02T15:20:57.650Z,deep_scan,20260802112912_1A-4-7-8-17-28C,30,8,1,22,M267,AA7086,1,0
2026-08-02T15:20:57.684Z,deep_scan,20260802112912_1A-4-7-8-17-28C,30,8,0,4,M22,AA7510,0,3
2026-08-02T15:20:57.684Z,deep_scan,20260802112912_1A-4-7-8-17-28C,30,8,0,12,M168,AA7622,1,16
2026-08-02T15:20:57.684Z,deep_scan,20260802112912_1A-4-7-8-17-28C,30,8,0,13,M69/2,AA3018,0,7
2026-08-02T15:21:27.696Z,deep_scan,20260802112912_1A-4-7-8-17-28C,30,8,0,4,M22,AA7510,0,3
2026-08-02T15:21:27.696Z,deep_scan,20260802112912_1A-4-7-8-17-28C,30,8,0,12,M168,AA7622,0,11
2026-08-02T15:21:27.696Z,deep_scan,20260802112912_1A-4-7-8-17-28C,30,8,0,14,M159,AA3018,1,23
2026-08-02T15:21:27.708Z,deep_scan,20260802112912_1A-4-7-8-17-28C,30,8,1,0,M62/2,AB6503,1,2
2026-08-02T15:21:27.708Z,deep_scan,20260802112912_1A-4-7-8-17-28C,30,8,1,5,M263,AA7350,0,26
2026-08-02T15:21:27.708Z,deep_scan,20260802112912_1A-4-7-8-17-28C,30,8,1,8,M75,AA2719,0,21
2026-08-02T15:21:27.708Z,deep_scan,20260802112912_1A-4-7-8-17-28C,30,8,1,14,M92,AB6005,0,2
2026-08-02T15:21:57.650Z,deep_scan,20260802112912_1A-4-7-8-17-28C,30,8,0,4,M22,AA7510,0,3
2026-08-02T15:21:57.650Z,deep_scan,20260802112912_1A-4-7-8-17-28C,30,8,0,12,M168,AA7622,0,8
2026-08-02T15:21:57.650Z,deep_scan,20260802112912_1A-4-7-8-17-28C,30,8,0,14,M159,AA3018,1,4
2026-08-02T15:21:57.654Z,deep_scan,20260802112912_1A-4-7-8-17-28C,30,8,1,0,M62/2,AB6503,1,1
2026-08-02T15:21:57.654Z,deep_scan,20260802112912_1A-4-7-8-17-28C,30,8,1,6,M160/1,AA7350,0,31
2026-08-02T15:21:57.654Z,deep_scan,20260802112912_1A-4-7-8-17-28C,30,8,1,9,M237,AA2719,1,21
2026-08-02T15:21:57.654Z,deep_scan,20260802112912_1A-4-7-8-17-28C,30,8,1,14,M92,AB6005,0,21
2026-08-02T15:22:27.696Z,deep_scan,20260802112912_1A-4-7-8-17-28C,30,8,0,4,M22,AA7510,0,3
2026-08-02T15:22:27.696Z,deep_scan,20260802112912_1A-4-7-8-17-28C,30,8,0,12,M168,AA7622,0,17
2026-08-02T15:22:27.696Z,deep_scan,20260802112912_1A-4-7-8-17-28C,30,8,0,14,M159,AA3018,0,23
2026-08-02T15:22:27.703Z,deep_scan,20260802112912_1A-4-7-8-17-28C,30,8,1,0,M62/2,AB6503,1,1
2026-08-02T15:22:27.703Z,deep_scan,20260802112912_1A-4-7-8-17-28C,30,8,1,6,M160/1,AA7350,0,11
2026-08-02T15:22:27.703Z,deep_scan,20260802112912_1A-4-7-8-17-28C,30,8,1,9,M237,AA2719,0,3
2026-08-02T15:22:27.703Z,deep_scan,20260802112912_1A-4-7-8-17-28C,30,8,1,14,M92,AB6005,0,11
2026-08-02T15:22:57.714Z,deep_scan,20260802112912_1A-4-7-8-17-28C,30,8,0,4,M22,AA7510,0,19
2026-08-02T15:22:57.714Z,deep_scan,20260802112912_1A-4-7-8-17-28C,30,8,0,12,M168,AA7622,0,17
2026-08-02T15:22:57.714Z,deep_scan,20260802112912_1A-4-7-8-17-28C,30,8,0,14,M159,AA3018,0,16
2026-08-02T15:22:57.719Z,deep_scan,20260802112912_1A-4-7-8-17-28C,30,8,1,0,M62/2,AB6503,0,16
2026-08-02T15:22:57.719Z,deep_scan,20260802112912_1A-4-7-8-17-28C,30,8,1,6,M160/1,AA7350,0,39
2026-08-02T15:22:57.719Z,deep_scan,20260802112912_1A-4-7-8-17-28C,30,8,1,9,M237,AA2719,0,18
2026-08-02T15:22:57.719Z,deep_scan,20260802112912_1A-4-7-8-17-28C,30,8,1,15,M39,AB6005,1,9
2026-08-02T15:23:27.664Z,deep_scan,20260802112912_1A-4-7-8-17-28C,30,8,0,4,M22,AA7510,0,37
2026-08-02T15:23:27.664Z,deep_scan,20260802112912_1A-4-7-8-17-28C,30,8,0,12,M168,AA7622,0,17
2026-08-02T15:23:27.664Z,deep_scan,20260802112912_1A-4-7-8-17-28C,30,8,0,14,M159,AA3018,0,23
2026-08-02T15:23:27.692Z,deep_scan,20260802112912_1A-4-7-8-17-28C,30,8,1,0,M62/2,AB6503,0,28
2026-08-02T15:23:27.692Z,deep_scan,20260802112912_1A-4-7-8-17-28C,30,8,1,6,M160/1,AA7350,0,34
2026-08-02T15:23:27.692Z,deep_scan,20260802112912_1A-4-7-8-17-28C,30,8,1,10,M245,AA2719,1,5
2026-08-02T15:23:27.692Z,deep_scan,20260802112912_1A-4-7-8-17-28C,30,8,1,15,M39,AB6005,0,14
2026-08-02T15:23:57.724Z,deep_scan,20260802112912_1A-4-7-8-17-28C,30,8,0,4,M22,AA7510,0,2
2026-08-02T15:23:57.724Z,deep_scan,20260802112912_1A-4-7-8-17-28C,30,8,0,12,M168,AA7622,0,21
2026-08-02T15:23:57.724Z,deep_scan,20260802112912_1A-4-7-8-17-28C,30,8,0,14,M159,AA3018,0,22
2026-08-02T15:23:57.746Z,deep_scan,20260802112912_1A-4-7-8-17-28C,30,8,1,0,M62/2,AB6503,0,31
2026-08-02T15:23:57.746Z,deep_scan,20260802112912_1A-4-7-8-17-28C,30,8,1,6,M160/1,AA7350,0,19
2026-08-02T15:23:57.746Z,deep_scan,20260802112912_1A-4-7-8-17-28C,30,8,1,11,M119,AA2719,1,8
2026-08-02T15:23:57.746Z,deep_scan,20260802112912_1A-4-7-8-17-28C,30,8,1,15,M39,AB6005,0,9
2026-08-02T15:24:27.706Z,deep_scan,20260802112912_1A-4-7-8-17-28C,30,8,0,6,M16/2,AA7510,1,10
2026-08-02T15:24:27.706Z,deep_scan,20260802112912_1A-4-7-8-17-28C,30,8,0,13,M69/2,AA7622,1,21
2026-08-02T15:24:27.706Z,deep_scan,20260802112912_1A-4-7-8-17-28C,30,8,0,15,M262,AA3018,1,1
2026-08-02T15:24:27.741Z,deep_scan,20260802112912_1A-4-7-8-17-28C,30,8,1,0,M62/2,AB6503,0,21
2026-08-02T15:24:27.741Z,deep_scan,20260802112912_1A-4-7-8-17-28C,30,8,1,7,M100,AA7350,1,25
2026-08-02T15:24:27.741Z,deep_scan,20260802112912_1A-4-7-8-17-28C,30,8,1,11,M119,AA2719,1,10
2026-08-02T15:24:27.741Z,deep_scan,20260802112912_1A-4-7-8-17-28C,30,8,1,16,M28/1,AB6005,1,28
2026-08-02T15:24:57.760Z,deep_scan,20260802112912_1A-4-7-8-17-28C,30,8,1,0,M62/2,AB6503,0,24
2026-08-02T15:24:57.760Z,deep_scan,20260802112912_1A-4-7-8-17-28C,30,8,1,7,M100,AA7350,0,29
2026-08-02T15:24:57.760Z,deep_scan,20260802112912_1A-4-7-8-17-28C,30,8,1,11,M119,AA2719,0,15
2026-08-02T15:24:57.760Z,deep_scan,20260802112912_1A-4-7-8-17-28C,30,8,1,16,M28/1,AB6005,0,18
2026-08-02T15:24:57.778Z,deep_scan,20260802112912_1A-4-7-8-17-28C,30,8,0,6,M16/2,AA7510,1,10
2026-08-02T15:24:57.778Z,deep_scan,20260802112912_1A-4-7-8-17-28C,30,8,0,13,M69/2,AA7622,0,12
2026-08-02T15:24:57.778Z,deep_scan,20260802112912_1A-4-7-8-17-28C,30,8,0,15,M262,AA3018,1,1
2026-08-02T15:25:27.711Z,deep_scan,20260802112912_1A-4-7-8-17-28C,30,8,1,0,M62/2,AB6503,0,32
2026-08-02T15:25:27.711Z,deep_scan,20260802112912_1A-4-7-8-17-28C,30,8,1,7,M100,AA7350,0,39
2026-08-02T15:25:27.711Z,deep_scan,20260802112912_1A-4-7-8-17-28C,30,8,1,12,M110,AA2719,0,21
2026-08-02T15:25:27.711Z,deep_scan,20260802112912_1A-4-7-8-17-28C,30,8,1,16,M28/1,AB6005,0,12
2026-08-02T15:25:27.745Z,deep_scan,20260802112912_1A-4-7-8-17-28C,30,8,0,0,M267,AA7086,1,20
2026-08-02T15:25:27.745Z,deep_scan,20260802112912_1A-4-7-8-17-28C,30,8,0,6,M16/2,AA7510,1,10
2026-08-02T15:25:27.745Z,deep_scan,20260802112912_1A-4-7-8-17-28C,30,8,0,14,M159,AA7622,1,1
2026-08-02T15:25:27.745Z,deep_scan,20260802112912_1A-4-7-8-17-28C,30,8,0,15,M262,AA3018,1,1
2026-08-02T15:25:57.620Z,deep_scan,20260802112912_1A-4-7-8-17-28C,30,8,0,0,M267,AA7086,1,20
2026-08-02T15:25:57.620Z,deep_scan,20260802112912_1A-4-7-8-17-28C,30,8,0,6,M16/2,AA7510,0,23
2026-08-02T15:25:57.620Z,deep_scan,20260802112912_1A-4-7-8-17-28C,30,8,0,14,M159,AA7622,0,2
2026-08-02T15:25:57.620Z,deep_scan,20260802112912_1A-4-7-8-17-28C,30,8,0,15,M262,AA3018,1,2
2026-08-02T15:25:57.734Z,deep_scan,20260802112912_1A-4-7-8-17-28C,30,8,1,0,M62/2,AB6503,0,45
2026-08-02T15:25:57.734Z,deep_scan,20260802112912_1A-4-7-8-17-28C,30,8,1,8,M75,AA7350,1,28
2026-08-02T15:25:57.734Z,deep_scan,20260802112912_1A-4-7-8-17-28C,30,8,1,13,M86,AA2719,1,28
2026-08-02T15:25:57.734Z,deep_scan,20260802112912_1A-4-7-8-17-28C,30,8,1,16,M28/1,AB6005,0,22
2026-08-02T15:26:27.790Z,deep_scan,20260802112912_1A-4-7-8-17-28C,30,8,1,0,M62/2,AB6503,0,43
2026-08-02T15:26:27.790Z,deep_scan,20260802112912_1A-4-7-8-17-28C,30,8,1,8,M75,AA7350,1,15
2026-08-02T15:26:27.790Z,deep_scan,20260802112912_1A-4-7-8-17-28C,30,8,1,13,M86,AA2719,0,16
2026-08-02T15:26:27.790Z,deep_scan,20260802112912_1A-4-7-8-17-28C,30,8,1,16,M28/1,AB6005,0,24
2026-08-02T15:26:27.823Z,deep_scan,20260802112912_1A-4-7-8-17-28C,30,8,0,0,M267,AA7086,0,20
2026-08-02T15:26:27.823Z,deep_scan,20260802112912_1A-4-7-8-17-28C,30,8,0,6,M16/2,AA7510,0,4
2026-08-02T15:26:27.823Z,deep_scan,20260802112912_1A-4-7-8-17-28C,30,8,0,14,M159,AA7622,0,11
2026-08-02T15:26:27.823Z,deep_scan,20260802112912_1A-4-7-8-17-28C,30,8,0,15,M262,AA3018,0,16
2026-08-02T15:26:57.744Z,deep_scan,20260802112912_1A-4-7-8-17-28C,30,8,1,2,M266,AB6503,0,21
2026-08-02T15:26:57.744Z,deep_scan,20260802112912_1A-4-7-8-17-28C,30,8,1,8,M75,AA7350,1,15
2026-08-02T15:26:57.744Z,deep_scan,20260802112912_1A-4-7-8-17-28C,30,8,1,14,M92,AA2719,1,11
2026-08-02T15:26:57.744Z,deep_scan,20260802112912_1A-4-7-8-17-28C,30,8,1,17,M11,AB6005,1,5
2026-08-02T15:26:57.764Z,deep_scan,20260802112912_1A-4-7-8-17-28C,30,8,0,1,M209/2,AA7086,1,22
2026-08-02T15:26:57.764Z,deep_scan,20260802112912_1A-4-7-8-17-28C,30,8,0,6,M16/2,AA7510,0,16
2026-08-02T15:26:57.764Z,deep_scan,20260802112912_1A-4-7-8-17-28C,30,8,0,14,M159,AA7622,0,15
2026-08-02T15:26:57.764Z,deep_scan,20260802112912_1A-4-7-8-17-28C,30,8,0,15,M262,AA3018,0,11
2026-08-02T15:27:27.772Z,deep_scan,20260802112912_1A-4-7-8-17-28C,30,8,0,1,M209/2,AA7086,0,16
2026-08-02T15:27:27.772Z,deep_scan,20260802112912_1A-4-7-8-17-28C,30,8,0,6,M16/2,AA7510,0,11
2026-08-02T15:27:27.772Z,deep_scan,20260802112912_1A-4-7-8-17-28C,30,8,0,14,M159,AA7622,0,2
2026-08-02T15:27:27.772Z,deep_scan,20260802112912_1A-4-7-8-17-28C,30,8,0,15,M262,AA3018,0,18
2026-08-02T15:27:27.795Z,deep_scan,20260802112912_1A-4-7-8-17-28C,30,8,1,2,M266,AB6503,0,22
2026-08-02T15:27:27.795Z,deep_scan,20260802112912_1A-4-7-8-17-28C,30,8,1,8,M75,AA7350,0,29
2026-08-02T15:27:27.795Z,deep_scan,20260802112912_1A-4-7-8-17-28C,30,8,1,14,M92,AA2719,1,23
2026-08-02T15:27:27.795Z,deep_scan,20260802112912_1A-4-7-8-17-28C,30,8,1,17,M11,AB6005,0,13
2026-08-02T15:27:57.752Z,deep_scan,20260802112912_1A-4-7-8-17-28C,30,8,1,3,M257,AB6503,1,34
2026-08-02T15:27:57.752Z,deep_scan,20260802112912_1A-4-7-8-17-28C,30,8,1,8,M75,AA7350,0,21
2026-08-02T15:27:57.752Z,deep_scan,20260802112912_1A-4-7-8-17-28C,30,8,1,14,M92,AA2719,0,14
2026-08-02T15:27:57.752Z,deep_scan,20260802112912_1A-4-7-8-17-28C,30,8,1,18,M12,AB6005,1,8
2026-08-02T15:27:57.757Z,deep_scan,20260802112912_1A-4-7-8-17-28C,30,8,0,1,M209/2,AA7086,0,49
2026-08-02T15:27:57.757Z,deep_scan,20260802112912_1A-4-7-8-17-28C,30,8,0,7,M116,AA7510,1,11
2026-08-02T15:27:57.757Z,deep_scan,20260802112912_1A-4-7-8-17-28C,30,8,0,14,M159,AA7622,0,13
2026-08-02T15:27:57.757Z,deep_scan,20260802112912_1A-4-7-8-17-28C,30,8,0,15,M262,AA3018,0,36
2026-08-02T15:28:27.785Z,deep_scan,20260802112912_1A-4-7-8-17-28C,30,8,0,1,M209/2,AA7086,0,30
2026-08-02T15:28:27.785Z,deep_scan,20260802112912_1A-4-7-8-17-28C,30,8,0,7,M116,AA7510,0,41
2026-08-02T15:28:27.785Z,deep_scan,20260802112912_1A-4-7-8-17-28C,30,8,0,15,M262,AA7622,1,10
2026-08-02T15:28:27.785Z,deep_scan,20260802112912_1A-4-7-8-17-28C,30,8,0,16,M259,AA3018,1,31
2026-08-02T15:28:27.800Z,deep_scan,20260802112912_1A-4-7-8-17-28C,30,8,1,3,M257,AB6503,0,41
2026-08-02T15:28:27.800Z,deep_scan,20260802112912_1A-4-7-8-17-28C,30,8,1,8,M75,AA7350,0,21
2026-08-02T15:28:27.800Z,deep_scan,20260802112912_1A-4-7-8-17-28C,30,8,1,14,M92,AA2719,0,9
2026-08-02T15:28:27.800Z,deep_scan,20260802112912_1A-4-7-8-17-28C,30,8,1,19,M21/1,AB6005,1,29
2026-08-02T15:28:57.753Z,deep_scan,20260802112912_1A-4-7-8-17-28C,30,8,0,2,M211,AA7086,1,38
2026-08-02T15:28:57.753Z,deep_scan,20260802112912_1A-4-7-8-17-28C,30,8,0,8,M81,AA7510,1,27
2026-08-02T15:28:57.753Z,deep_scan,20260802112912_1A-4-7-8-17-28C,30,8,0,15,M262,AA7622,0,20
2026-08-02T15:28:57.753Z,deep_scan,20260802112912_1A-4-7-8-17-28C,30,8,0,16,M259,AA3018,1,11
2026-08-02T15:28:57.765Z,deep_scan,20260802112912_1A-4-7-8-17-28C,30,8,1,3,M257,AB6503,0,25
2026-08-02T15:28:57.765Z,deep_scan,20260802112912_1A-4-7-8-17-28C,30,8,1,8,M75,AA7350,0,30
2026-08-02T15:28:57.765Z,deep_scan,20260802112912_1A-4-7-8-17-28C,30,8,1,14,M92,AA2719,0,22
2026-08-02T15:28:57.765Z,deep_scan,20260802112912_1A-4-7-8-17-28C,30,8,1,19,M21/1,AB6005,1,29
2026-08-02T15:29:27.722Z,deep_scan,20260802112912_1A-4-7-8-17-28C,30,8,1,3,M257,AB6503,0,32
2026-08-02T15:29:27.722Z,deep_scan,20260802112912_1A-4-7-8-17-28C,30,8,1,8,M75,AA7350,0,10
2026-08-02T15:29:27.722Z,deep_scan,20260802112912_1A-4-7-8-17-28C,30,8,1,14,M92,AA2719,0,8
2026-08-02T15:29:27.722Z,deep_scan,20260802112912_1A-4-7-8-17-28C,30,8,1,19,M21/1,AB6005,1,29
2026-08-02T15:29:27.798Z,deep_scan,20260802112912_1A-4-7-8-17-28C,30,8,0,2,M211,AA7086,0,30
2026-08-02T15:29:27.798Z,deep_scan,20260802112912_1A-4-7-8-17-28C,30,8,0,8,M81,AA7510,1,16
2026-08-02T15:29:27.798Z,deep_scan,20260802112912_1A-4-7-8-17-28C,30,8,0,15,M262,AA7622,0,1
2026-08-02T15:29:27.798Z,deep_scan,20260802112912_1A-4-7-8-17-28C,30,8,0,16,M259,AA3018,0,36
2026-08-02T15:29:57.765Z,deep_scan,20260802112912_1A-4-7-8-17-28C,30,8,1,4,M251,AB6503,1,30
2026-08-02T15:29:57.765Z,deep_scan,20260802112912_1A-4-7-8-17-28C,30,8,1,8,M75,AA7350,0,10
2026-08-02T15:29:57.765Z,deep_scan,20260802112912_1A-4-7-8-17-28C,30,8,1,15,M39,AA2719,1,13
2026-08-02T15:29:57.765Z,deep_scan,20260802112912_1A-4-7-8-17-28C,30,8,1,19,M21/1,AB6005,1,4
2026-08-02T15:29:57.777Z,deep_scan,20260802112912_1A-4-7-8-17-28C,30,8,0,2,M211,AA7086,0,7
2026-08-02T15:29:57.777Z,deep_scan,20260802112912_1A-4-7-8-17-28C,30,8,0,8,M81,AA7510,1,9
2026-08-02T15:29:57.777Z,deep_scan,20260802112912_1A-4-7-8-17-28C,30,8,0,15,M262,AA7622,0,1
2026-08-02T15:29:57.777Z,deep_scan,20260802112912_1A-4-7-8-17-28C,30,8,0,16,M259,AA3018,0,35
2026-08-02T15:30:27.768Z,deep_scan,20260802112912_1A-4-7-8-17-28C,30,8,1,4,M251,AB6503,0,29
2026-08-02T15:30:27.768Z,deep_scan,20260802112912_1A-4-7-8-17-28C,30,8,1,8,M75,AA7350,0,10
2026-08-02T15:30:27.768Z,deep_scan,20260802112912_1A-4-7-8-17-28C,30,8,1,15,M39,AA2719,0,15
2026-08-02T15:30:27.768Z,deep_scan,20260802112912_1A-4-7-8-17-28C,30,8,1,19,M21/1,AB6005,1,18
2026-08-02T15:30:27.788Z,deep_scan,20260802112912_1A-4-7-8-17-28C,30,8,0,3,M25,AA7086,0,6
2026-08-02T15:30:27.788Z,deep_scan,20260802112912_1A-4-7-8-17-28C,30,8,0,9,M78,AA7510,1,4
2026-08-02T15:30:27.788Z,deep_scan,20260802112912_1A-4-7-8-17-28C,30,8,0,15,M262,AA7622,0,31
2026-08-02T15:30:27.788Z,deep_scan,20260802112912_1A-4-7-8-17-28C,30,8,0,16,M259,AA3018,0,22
2026-08-02T15:30:57.761Z,deep_scan,20260802112912_1A-4-7-8-17-28C,30,8,1,4,M251,AB6503,0,31
2026-08-02T15:30:57.761Z,deep_scan,20260802112912_1A-4-7-8-17-28C,30,8,1,9,M237,AA7350,1,3
2026-08-02T15:30:57.761Z,deep_scan,20260802112912_1A-4-7-8-17-28C,30,8,1,16,M28/1,AA2719,0,15
2026-08-02T15:30:57.761Z,deep_scan,20260802112912_1A-4-7-8-17-28C,30,8,1,19,M21/1,AB6005,0,26
2026-08-02T15:30:57.781Z,deep_scan,20260802112912_1A-4-7-8-17-28C,30,8,0,4,M22,AA7086,1,6
2026-08-02T15:30:57.781Z,deep_scan,20260802112912_1A-4-7-8-17-28C,30,8,0,9,M78,AA7510,1,14
2026-08-02T15:30:57.781Z,deep_scan,20260802112912_1A-4-7-8-17-28C,30,8,0,15,M262,AA7622,0,36
2026-08-02T15:30:57.781Z,deep_scan,20260802112912_1A-4-7-8-17-28C,30,8,0,17,M62/2,AA3018,1,0
2026-08-02T15:31:27.786Z,deep_scan,20260802112912_1A-4-7-8-17-28C,30,8,0,4,M22,AA7086,1,6
2026-08-02T15:31:27.786Z,deep_scan,20260802112912_1A-4-7-8-17-28C,30,8,0,9,M78,AA7510,0,1
2026-08-02T15:31:27.786Z,deep_scan,20260802112912_1A-4-7-8-17-28C,30,8,0,16,M259,AA7622,1,28
2026-08-02T15:31:27.786Z,deep_scan,20260802112912_1A-4-7-8-17-28C,30,8,0,17,M62/2,AA3018,1,0
2026-08-02T15:31:27.846Z,deep_scan,20260802112912_1A-4-7-8-17-28C,30,8,1,5,M263,AB6503,0,32
2026-08-02T15:31:27.846Z,deep_scan,20260802112912_1A-4-7-8-17-28C,30,8,1,9,M237,AA7350,0,11
2026-08-02T15:31:27.846Z,deep_scan,20260802112912_1A-4-7-8-17-28C,30,8,1,16,M28/1,AA2719,0,17
2026-08-02T15:31:27.846Z,deep_scan,20260802112912_1A-4-7-8-17-28C,30,8,1,20,M24,AB6005,1,19
2026-08-02T15:31:57.822Z,deep_scan,20260802112912_1A-4-7-8-17-28C,30,8,0,4,M22,AA7086,0,10
2026-08-02T15:31:57.822Z,deep_scan,20260802112912_1A-4-7-8-17-28C,30,8,0,9,M78,AA7510,0,25
2026-08-02T15:31:57.822Z,deep_scan,20260802112912_1A-4-7-8-17-28C,30,8,0,16,M259,AA7622,0,44
2026-08-02T15:31:57.822Z,deep_scan,20260802112912_1A-4-7-8-17-28C,30,8,0,17,M62/2,AA3018,1,0
2026-08-02T15:31:57.839Z,deep_scan,20260802112912_1A-4-7-8-17-28C,30,8,1,5,M263,AB6503,0,21
2026-08-02T15:31:57.839Z,deep_scan,20260802112912_1A-4-7-8-17-28C,30,8,1,10,M245,AA7350,1,5
2026-08-02T15:31:57.839Z,deep_scan,20260802112912_1A-4-7-8-17-28C,30,8,1,16,M28/1,AA2719,0,7
2026-08-02T15:31:57.839Z,deep_scan,20260802112912_1A-4-7-8-17-28C,30,8,1,20,M24,AB6005,0,21
2026-08-02T15:32:27.781Z,deep_scan,20260802112912_1A-4-7-8-17-28C,30,8,0,4,M22,AA7086,0,7
2026-08-02T15:32:27.781Z,deep_scan,20260802112912_1A-4-7-8-17-28C,30,8,0,10,M270/2,AA7510,0,44
2026-08-02T15:32:27.781Z,deep_scan,20260802112912_1A-4-7-8-17-28C,30,8,0,16,M259,AA7622,0,37
2026-08-02T15:32:27.781Z,deep_scan,20260802112912_1A-4-7-8-17-28C,30,8,0,17,M62/2,AA3018,1,0
2026-08-02T15:32:27.804Z,deep_scan,20260802112912_1A-4-7-8-17-28C,30,8,1,6,M160/1,AB6503,1,17
2026-08-02T15:32:27.804Z,deep_scan,20260802112912_1A-4-7-8-17-28C,30,8,1,10,M245,AA7350,0,5
2026-08-02T15:32:27.804Z,deep_scan,20260802112912_1A-4-7-8-17-28C,30,8,1,16,M28/1,AA2719,0,11
2026-08-02T15:32:27.804Z,deep_scan,20260802112912_1A-4-7-8-17-28C,30,8,1,20,M24,AB6005,0,17
2026-08-02T15:32:57.715Z,deep_scan,20260802112912_1A-4-7-8-17-28C,30,8,0,4,M22,AA7086,0,18
2026-08-02T15:32:57.715Z,deep_scan,20260802112912_1A-4-7-8-17-28C,30,8,0,10,M270/2,AA7510,0,1
2026-08-02T15:32:57.715Z,deep_scan,20260802112912_1A-4-7-8-17-28C,30,8,0,17,M62/2,AA3018,1,0
2026-08-02T15:32:57.715Z,deep_scan,20260802112912_1A-4-7-8-17-28C,30,8,0,17,M62/2,AA7622,1,0
2026-08-02T15:32:57.829Z,deep_scan,20260802112912_1A-4-7-8-17-28C,30,8,1,6,M160/1,AB6503,1,9
2026-08-02T15:32:57.829Z,deep_scan,20260802112912_1A-4-7-8-17-28C,30,8,1,11,M119,AA7350,1,24
2026-08-02T15:32:57.829Z,deep_scan,20260802112912_1A-4-7-8-17-28C,30,8,1,16,M28/1,AA2719,0,2
2026-08-02T15:32:57.829Z,deep_scan,20260802112912_1A-4-7-8-17-28C,30,8,1,21,M208,AB6005,1,31
2026-08-02T15:33:27.800Z,deep_scan,20260802112912_1A-4-7-8-17-28C,30,8,0,4,M22,AA7086,0,18
2026-08-02T15:33:27.800Z,deep_scan,20260802112912_1A-4-7-8-17-28C,30,8,0,11,M153,AA7510,0,37
2026-08-02T15:33:27.800Z,deep_scan,20260802112912_1A-4-7-8-17-28C,30,8,0,17,M62/2,AA3018,1,0
2026-08-02T15:33:27.800Z,deep_scan,20260802112912_1A-4-7-8-17-28C,30,8,0,17,M62/2,AA7622,1,0
2026-08-02T15:33:27.834Z,deep_scan,20260802112912_1A-4-7-8-17-28C,30,8,1,6,M160/1,AB6503,0,3
2026-08-02T15:33:27.834Z,deep_scan,20260802112912_1A-4-7-8-17-28C,30,8,1,11,M119,AA7350,0,20
2026-08-02T15:33:27.834Z,deep_scan,20260802112912_1A-4-7-8-17-28C,30,8,1,16,M28/1,AA2719,0,14
2026-08-02T15:33:27.834Z,deep_scan,20260802112912_1A-4-7-8-17-28C,30,8,1,21,M208,AB6005,1,18
2026-08-02T15:33:57.808Z,deep_scan,20260802112912_1A-4-7-8-17-28C,30,8,1,6,M160/1,AB6503,0,30
2026-08-02T15:33:57.808Z,deep_scan,20260802112912_1A-4-7-8-17-28C,30,8,1,12,M110,AA7350,1,25
2026-08-02T15:33:57.808Z,deep_scan,20260802112912_1A-4-7-8-17-28C,30,8,1,17,M11,AA2719,0,9
2026-08-02T15:33:57.808Z,deep_scan,20260802112912_1A-4-7-8-17-28C,30,8,1,21,M208,AB6005,0,36
2026-08-02T15:33:57.836Z,deep_scan,20260802112912_1A-4-7-8-17-28C,30,8,0,4,M22,AA7086,0,18
2026-08-02T15:33:57.836Z,deep_scan,20260802112912_1A-4-7-8-17-28C,30,8,0,11,M153,AA7510,0,37
2026-08-02T15:33:57.836Z,deep_scan,20260802112912_1A-4-7-8-17-28C,30,8,0,17,M62/2,AA3018,1,0
2026-08-02T15:33:57.836Z,deep_scan,20260802112912_1A-4-7-8-17-28C,30,8,0,17,M62/2,AA7622,1,0
2026-08-02T15:34:27.850Z,deep_scan,20260802112912_1A-4-7-8-17-28C,30,8,0,4,M22,AA7086,0,18
2026-08-02T15:34:27.850Z,deep_scan,20260802112912_1A-4-7-8-17-28C,30,8,0,12,M168,AA7510,1,18
2026-08-02T15:34:27.850Z,deep_scan,20260802112912_1A-4-7-8-17-28C,30,8,0,17,M62/2,AA3018,1,0
2026-08-02T15:34:27.850Z,deep_scan,20260802112912_1A-4-7-8-17-28C,30,8,0,17,M62/2,AA7622,1,0
2026-08-02T15:34:27.857Z,deep_scan,20260802112912_1A-4-7-8-17-28C,30,8,1,6,M160/1,AB6503,0,31
2026-08-02T15:34:27.857Z,deep_scan,20260802112912_1A-4-7-8-17-28C,30,8,1,12,M110,AA7350,0,14
2026-08-02T15:34:27.857Z,deep_scan,20260802112912_1A-4-7-8-17-28C,30,8,1,18,M12,AA2719,1,8
2026-08-02T15:34:27.857Z,deep_scan,20260802112912_1A-4-7-8-17-28C,30,8,1,21,M208,AB6005,0,13
2026-08-02T15:34:57.792Z,deep_scan,20260802112912_1A-4-7-8-17-28C,30,8,0,4,M22,AA7086,0,2
2026-08-02T15:34:57.792Z,deep_scan,20260802112912_1A-4-7-8-17-28C,30,8,0,12,M168,AA7510,0,31
2026-08-02T15:34:57.792Z,deep_scan,20260802112912_1A-4-7-8-17-28C,30,8,0,17,M62/2,AA7622,1,0
2026-08-02T15:34:57.844Z,deep_scan,20260802112912_1A-4-7-8-17-28C,30,8,1,0,M62/2,AA3018,1,3
2026-08-02T15:34:57.844Z,deep_scan,20260802112912_1A-4-7-8-17-28C,30,8,1,6,M160/1,AB6503,0,31
2026-08-02T15:34:57.844Z,deep_scan,20260802112912_1A-4-7-8-17-28C,30,8,1,13,M86,AA7350,1,14
2026-08-02T15:34:57.844Z,deep_scan,20260802112912_1A-4-7-8-17-28C,30,8,1,18,M12,AA2719,0,11
2026-08-02T15:34:57.844Z,deep_scan,20260802112912_1A-4-7-8-17-28C,30,8,1,21,M208,AB6005,0,16
2026-08-02T15:35:27.832Z,deep_scan,20260802112912_1A-4-7-8-17-28C,30,8,0,4,M22,AA7086,0,28
2026-08-02T15:35:27.832Z,deep_scan,20260802112912_1A-4-7-8-17-28C,30,8,0,12,M168,AA7510,0,26
2026-08-02T15:35:27.832Z,deep_scan,20260802112912_1A-4-7-8-17-28C,30,8,0,17,M62/2,AA7622,1,0
2026-08-02T15:35:27.838Z,deep_scan,20260802112912_1A-4-7-8-17-28C,30,8,1,0,M62/2,AA3018,1,8
2026-08-02T15:35:27.838Z,deep_scan,20260802112912_1A-4-7-8-17-28C,30,8,1,6,M160/1,AB6503,0,31
2026-08-02T15:35:27.838Z,deep_scan,20260802112912_1A-4-7-8-17-28C,30,8,1,13,M86,AA7350,0,30
2026-08-02T15:35:27.838Z,deep_scan,20260802112912_1A-4-7-8-17-28C,30,8,1,18,M12,AA2719,0,11
2026-08-02T15:35:27.838Z,deep_scan,20260802112912_1A-4-7-8-17-28C,30,8,1,22,M267,AB6005,1,0
2026-08-02T15:35:57.783Z,deep_scan,20260802112912_1A-4-7-8-17-28C,30,8,1,0,M62/2,AA3018,1,14
2026-08-02T15:35:57.783Z,deep_scan,20260802112912_1A-4-7-8-17-28C,30,8,1,7,M100,AB6503,1,12
2026-08-02T15:35:57.783Z,deep_scan,20260802112912_1A-4-7-8-17-28C,30,8,1,13,M86,AA7350,0,13
2026-08-02T15:35:57.783Z,deep_scan,20260802112912_1A-4-7-8-17-28C,30,8,1,19,M21/1,AA2719,1,16
2026-08-02T15:35:57.783Z,deep_scan,20260802112912_1A-4-7-8-17-28C,30,8,1,22,M267,AB6005,1,0
2026-08-02T15:35:57.824Z,deep_scan,20260802112912_1A-4-7-8-17-28C,30,8,0,4,M22,AA7086,0,25
2026-08-02T15:35:57.824Z,deep_scan,20260802112912_1A-4-7-8-17-28C,30,8,0,12,M168,AA7510,0,9
2026-08-02T15:35:57.824Z,deep_scan,20260802112912_1A-4-7-8-17-28C,30,8,0,17,M62/2,AA7622,1,0
2026-08-02T15:36:27.800Z,deep_scan,20260802112912_1A-4-7-8-17-28C,30,8,1,0,M62/2,AA3018,0,7
2026-08-02T15:36:27.800Z,deep_scan,20260802112912_1A-4-7-8-17-28C,30,8,1,7,M100,AB6503,0,27
2026-08-02T15:36:27.800Z,deep_scan,20260802112912_1A-4-7-8-17-28C,30,8,1,14,M92,AA7350,0,11
2026-08-02T15:36:27.800Z,deep_scan,20260802112912_1A-4-7-8-17-28C,30,8,1,19,M21/1,AA2719,1,10
2026-08-02T15:36:27.800Z,deep_scan,20260802112912_1A-4-7-8-17-28C,30,8,1,22,M267,AB6005,1,0
2026-08-02T15:36:27.849Z,deep_scan,20260802112912_1A-4-7-8-17-28C,30,8,0,6,M16/2,AA7086,1,22
2026-08-02T15:36:27.849Z,deep_scan,20260802112912_1A-4-7-8-17-28C,30,8,0,13,M69/2,AA7510,1,37
2026-08-02T15:36:27.849Z,deep_scan,20260802112912_1A-4-7-8-17-28C,30,8,0,17,M62/2,AA7622,1,0
2026-08-02T15:36:57.862Z,deep_scan,20260802112912_1A-4-7-8-17-28C,30,8,0,6,M16/2,AA7086,1,23
2026-08-02T15:36:57.862Z,deep_scan,20260802112912_1A-4-7-8-17-28C,30,8,0,13,M69/2,AA7510,0,30
2026-08-02T15:36:57.862Z,deep_scan,20260802112912_1A-4-7-8-17-28C,30,8,0,17,M62/2,AA7622,1,0
2026-08-02T15:36:57.874Z,deep_scan,20260802112912_1A-4-7-8-17-28C,30,8,1,0,M62/2,AA3018,0,9
2026-08-02T15:36:57.874Z,deep_scan,20260802112912_1A-4-7-8-17-28C,30,8,1,7,M100,AB6503,0,20
2026-08-02T15:36:57.874Z,deep_scan,20260802112912_1A-4-7-8-17-28C,30,8,1,14,M92,AA7350,0,18
2026-08-02T15:36:57.874Z,deep_scan,20260802112912_1A-4-7-8-17-28C,30,8,1,19,M21/1,AA2719,1,10
2026-08-02T15:36:57.874Z,deep_scan,20260802112912_1A-4-7-8-17-28C,30,8,1,22,M267,AB6005,1,0
2026-08-02T15:37:27.843Z,deep_scan,20260802112912_1A-4-7-8-17-28C,30,8,0,6,M16/2,AA7086,1,23
2026-08-02T15:37:27.843Z,deep_scan,20260802112912_1A-4-7-8-17-28C,30,8,0,14,M159,AA7510,0,44
2026-08-02T15:37:27.916Z,deep_scan,20260802112912_1A-4-7-8-17-28C,30,8,1,0,M62/2,AA3018,0,31
2026-08-02T15:37:27.916Z,deep_scan,20260802112912_1A-4-7-8-17-28C,30,8,1,7,M100,AB6503,0,26
2026-08-02T15:37:27.916Z,deep_scan,20260802112912_1A-4-7-8-17-28C,30,8,1,14,M92,AA7350,0,18
2026-08-02T15:37:27.916Z,deep_scan,20260802112912_1A-4-7-8-17-28C,30,8,1,19,M21/1,AA2719,0,12
2026-08-02T15:37:27.916Z,deep_scan,20260802112912_1A-4-7-8-17-28C,30,8,1,22,M267,AB6005,1,0
2026-08-02T15:37:57.865Z,deep_scan,20260802112912_1A-4-7-8-17-28C,30,8,1,0,M62/2,AA3018,0,21
2026-08-02T15:37:57.865Z,deep_scan,20260802112912_1A-4-7-8-17-28C,30,8,1,8,M75,AB6503,1,9
2026-08-02T15:37:57.865Z,deep_scan,20260802112912_1A-4-7-8-17-28C,30,8,1,14,M92,AA7350,0,4
2026-08-02T15:37:57.865Z,deep_scan,20260802112912_1A-4-7-8-17-28C,30,8,1,20,M24,AA2719,1,2
2026-08-02T15:37:57.865Z,deep_scan,20260802112912_1A-4-7-8-17-28C,30,8,1,22,M267,AB6005,1,0
2026-08-02T15:37:57.893Z,deep_scan,20260802112912_1A-4-7-8-17-28C,30,8,0,6,M16/2,AA7086,1,23
2026-08-02T15:37:57.893Z,deep_scan,20260802112912_1A-4-7-8-17-28C,30,8,0,14,M159,AA7510,0,41
2026-08-02T15:38:27.846Z,deep_scan,20260802112912_1A-4-7-8-17-28C,30,8,1,0,M62/2,AA3018,0,29
2026-08-02T15:38:27.846Z,deep_scan,20260802112912_1A-4-7-8-17-28C,30,8,1,8,M75,AB6503,0,5
2026-08-02T15:38:27.846Z,deep_scan,20260802112912_1A-4-7-8-17-28C,30,8,1,14,M92,AA7350,0,4
2026-08-02T15:38:27.846Z,deep_scan,20260802112912_1A-4-7-8-17-28C,30,8,1,20,M24,AA2719,0,32
2026-08-02T15:38:27.878Z,deep_scan,20260802112912_1A-4-7-8-17-28C,30,8,0,0,M267,AB6005,0,10
2026-08-02T15:38:27.878Z,deep_scan,20260802112912_1A-4-7-8-17-28C,30,8,0,6,M16/2,AA7086,0,36
2026-08-02T15:38:27.878Z,deep_scan,20260802112912_1A-4-7-8-17-28C,30,8,0,14,M159,AA7510,0,11
2026-08-02T15:38:57.907Z,deep_scan,20260802112912_1A-4-7-8-17-28C,30,8,0,1,M209/2,AB6005,1,5
2026-08-02T15:38:57.907Z,deep_scan,20260802112912_1A-4-7-8-17-28C,30,8,0,6,M16/2,AA7086,0,19
2026-08-02T15:38:57.907Z,deep_scan,20260802112912_1A-4-7-8-17-28C,30,8,0,14,M159,AA7510,0,20
2026-08-02T15:38:57.925Z,deep_scan,20260802112912_1A-4-7-8-17-28C,30,8,1,0,M62/2,AA3018,0,39
2026-08-02T15:38:57.925Z,deep_scan,20260802112912_1A-4-7-8-17-28C,30,8,1,8,M75,AB6503,0,5
2026-08-02T15:38:57.925Z,deep_scan,20260802112912_1A-4-7-8-17-28C,30,8,1,15,M39,AA7350,1,29
2026-08-02T15:38:57.925Z,deep_scan,20260802112912_1A-4-7-8-17-28C,30,8,1,21,M208,AA2719,1,2
2026-08-02T15:39:27.868Z,deep_scan,20260802112912_1A-4-7-8-17-28C,30,8,0,1,M209/2,AB6005,0,21
2026-08-02T15:39:27.868Z,deep_scan,20260802112912_1A-4-7-8-17-28C,30,8,0,6,M16/2,AA7086,0,19
2026-08-02T15:39:27.868Z,deep_scan,20260802112912_1A-4-7-8-17-28C,30,8,0,15,M262,AA7510,1,11
2026-08-02T15:39:27.875Z,deep_scan,20260802112912_1A-4-7-8-17-28C,30,8,1,0,M62/2,AA3018,0,26
2026-08-02T15:39:27.875Z,deep_scan,20260802112912_1A-4-7-8-17-28C,30,8,1,8,M75,AB6503,0,29
2026-08-02T15:39:27.875Z,deep_scan,20260802112912_1A-4-7-8-17-28C,30,8,1,15,M39,AA7350,0,5
2026-08-02T15:39:27.875Z,deep_scan,20260802112912_1A-4-7-8-17-28C,30,8,1,21,M208,AA2719,0,28
2026-08-02T15:39:57.835Z,deep_scan,20260802112912_1A-4-7-8-17-28C,30,8,1,0,M62/2,AA3018,0,27
2026-08-02T15:39:57.835Z,deep_scan,20260802112912_1A-4-7-8-17-28C,30,8,1,9,M237,AB6503,1,28
2026-08-02T15:39:57.835Z,deep_scan,20260802112912_1A-4-7-8-17-28C,30,8,1,15,M39,AA7350,0,5
2026-08-02T15:39:57.835Z,deep_scan,20260802112912_1A-4-7-8-17-28C,30,8,1,21,M208,AA2719,0,33
2026-08-02T15:39:57.842Z,deep_scan,20260802112912_1A-4-7-8-17-28C,30,8,0,1,M209/2,AB6005,0,36
2026-08-02T15:39:57.842Z,deep_scan,20260802112912_1A-4-7-8-17-28C,30,8,0,6,M16/2,AA7086,0,22
2026-08-02T15:39:57.842Z,deep_scan,20260802112912_1A-4-7-8-17-28C,30,8,0,15,M262,AA7510,1,1
2026-08-02T15:40:27.898Z,deep_scan,20260802112912_1A-4-7-8-17-28C,30,8,1,2,M266,AA3018,0,15
2026-08-02T15:40:27.898Z,deep_scan,20260802112912_1A-4-7-8-17-28C,30,8,1,9,M237,AB6503,0,34
2026-08-02T15:40:27.898Z,deep_scan,20260802112912_1A-4-7-8-17-28C,30,8,1,16,M28/1,AA7350,1,15
2026-08-02T15:40:27.898Z,deep_scan,20260802112912_1A-4-7-8-17-28C,30,8,1,21,M208,AA2719,0,26
2026-08-02T15:40:27.923Z,deep_scan,20260802112912_1A-4-7-8-17-28C,30,8,0,1,M209/2,AB6005,0,8
2026-08-02T15:40:27.923Z,deep_scan,20260802112912_1A-4-7-8-17-28C,30,8,0,7,M116,AA7086,1,11
2026-08-02T15:40:27.923Z,deep_scan,20260802112912_1A-4-7-8-17-28C,30,8,0,15,M262,AA7510,1,2
2026-08-02T15:40:57.886Z,deep_scan,20260802112912_1A-4-7-8-17-28C,30,8,1,2,M266,AA3018,0,23
2026-08-02T15:40:57.886Z,deep_scan,20260802112912_1A-4-7-8-17-28C,30,8,1,10,M245,AB6503,1,14
2026-08-02T15:40:57.886Z,deep_scan,20260802112912_1A-4-7-8-17-28C,30,8,1,16,M28/1,AA7350,1,3
2026-08-02T15:40:57.886Z,deep_scan,20260802112912_1A-4-7-8-17-28C,30,8,1,22,M267,AA2719,1,0
2026-08-02T15:40:57.890Z,deep_scan,20260802112912_1A-4-7-8-17-28C,30,8,0,2,M211,AB6005,1,18
2026-08-02T15:40:57.890Z,deep_scan,20260802112912_1A-4-7-8-17-28C,30,8,0,7,M116,AA7086,1,11
2026-08-02T15:40:57.890Z,deep_scan,20260802112912_1A-4-7-8-17-28C,30,8,0,15,M262,AA7510,0,2
2026-08-02T15:41:27.892Z,deep_scan,20260802112912_1A-4-7-8-17-28C,30,8,0,2,M211,AB6005,0,20
2026-08-02T15:41:27.892Z,deep_scan,20260802112912_1A-4-7-8-17-28C,30,8,0,7,M116,AA7086,0,17
2026-08-02T15:41:27.892Z,deep_scan,20260802112912_1A-4-7-8-17-28C,30,8,0,15,M262,AA7510,0,14
2026-08-02T15:41:27.901Z,deep_scan,20260802112912_1A-4-7-8-17-28C,30,8,1,3,M257,AA3018,1,23
2026-08-02T15:41:27.901Z,deep_scan,20260802112912_1A-4-7-8-17-28C,30,8,1,10,M245,AB6503,0,33
2026-08-02T15:41:27.901Z,deep_scan,20260802112912_1A-4-7-8-17-28C,30,8,1,16,M28/1,AA7350,0,22
2026-08-02T15:41:27.901Z,deep_scan,20260802112912_1A-4-7-8-17-28C,30,8,1,22,M267,AA2719,1,0
2026-08-02T15:41:57.893Z,deep_scan,20260802112912_1A-4-7-8-17-28C,30,8,1,3,M257,AA3018,0,34
2026-08-02T15:41:57.893Z,deep_scan,20260802112912_1A-4-7-8-17-28C,30,8,1,11,M119,AB6503,1,20
2026-08-02T15:41:57.893Z,deep_scan,20260802112912_1A-4-7-8-17-28C,30,8,1,16,M28/1,AA7350,0,14
2026-08-02T15:41:57.893Z,deep_scan,20260802112912_1A-4-7-8-17-28C,30,8,1,22,M267,AA2719,1,0
2026-08-02T15:41:57.910Z,deep_scan,20260802112912_1A-4-7-8-17-28C,30,8,0,3,M25,AB6005,1,27
2026-08-02T15:41:57.910Z,deep_scan,20260802112912_1A-4-7-8-17-28C,30,8,0,8,M81,AA7086,1,30
2026-08-02T15:41:57.910Z,deep_scan,20260802112912_1A-4-7-8-17-28C,30,8,0,15,M262,AA7510,0,2
2026-08-02T15:42:27.953Z,deep_scan,20260802112912_1A-4-7-8-17-28C,30,8,0,3,M25,AB6005,0,27
2026-08-02T15:42:27.953Z,deep_scan,20260802112912_1A-4-7-8-17-28C,30,8,0,9,M78,AA7086,1,14
2026-08-02T15:42:27.953Z,deep_scan,20260802112912_1A-4-7-8-17-28C,30,8,0,15,M262,AA7510,0,41
2026-08-02T15:42:27.963Z,deep_scan,20260802112912_1A-4-7-8-17-28C,30,8,1,3,M257,AA3018,0,27
2026-08-02T15:42:27.963Z,deep_scan,20260802112912_1A-4-7-8-17-28C,30,8,1,11,M119,AB6503,0,21
2026-08-02T15:42:27.963Z,deep_scan,20260802112912_1A-4-7-8-17-28C,30,8,1,16,M28/1,AA7350,0,14
2026-08-02T15:42:27.963Z,deep_scan,20260802112912_1A-4-7-8-17-28C,30,8,1,22,M267,AA2719,1,0
2026-08-02T15:42:57.920Z,deep_scan,20260802112912_1A-4-7-8-17-28C,30,8,1,3,M257,AA3018,0,35
2026-08-02T15:42:57.920Z,deep_scan,20260802112912_1A-4-7-8-17-28C,30,8,1,11,M119,AB6503,0,21
2026-08-02T15:42:57.920Z,deep_scan,20260802112912_1A-4-7-8-17-28C,30,8,1,16,M28/1,AA7350,0,38
2026-08-02T15:42:57.920Z,deep_scan,20260802112912_1A-4-7-8-17-28C,30,8,1,22,M267,AA2719,1,0
2026-08-02T15:42:57.934Z,deep_scan,20260802112912_1A-4-7-8-17-28C,30,8,0,4,M22,AB6005,1,28
2026-08-02T15:42:57.934Z,deep_scan,20260802112912_1A-4-7-8-17-28C,30,8,0,9,M78,AA7086,1,21
2026-08-02T15:42:57.934Z,deep_scan,20260802112912_1A-4-7-8-17-28C,30,8,0,15,M262,AA7510,0,41
2026-08-02T15:43:27.923Z,deep_scan,20260802112912_1A-4-7-8-17-28C,30,8,1,4,M251,AA3018,1,12
2026-08-02T15:43:27.923Z,deep_scan,20260802112912_1A-4-7-8-17-28C,30,8,1,12,M110,AB6503,1,13
2026-08-02T15:43:27.923Z,deep_scan,20260802112912_1A-4-7-8-17-28C,30,8,1,17,M11,AA7350,0,22
2026-08-02T15:43:27.923Z,deep_scan,20260802112912_1A-4-7-8-17-28C,30,8,1,22,M267,AA2719,1,0
2026-08-02T15:43:27.964Z,deep_scan,20260802112912_1A-4-7-8-17-28C,30,8,0,4,M22,AB6005,1,11
2026-08-02T15:43:27.964Z,deep_scan,20260802112912_1A-4-7-8-17-28C,30,8,0,9,M78,AA7086,0,26
2026-08-02T15:43:27.964Z,deep_scan,20260802112912_1A-4-7-8-17-28C,30,8,0,16,M259,AA7510,1,24
2026-08-02T15:43:57.931Z,deep_scan,20260802112912_1A-4-7-8-17-28C,30,8,0,4,M22,AB6005,0,12
2026-08-02T15:43:57.931Z,deep_scan,20260802112912_1A-4-7-8-17-28C,30,8,0,9,M78,AA7086,0,26
2026-08-02T15:43:57.931Z,deep_scan,20260802112912_1A-4-7-8-17-28C,30,8,0,16,M259,AA7510,0,31
2026-08-02T15:43:57.940Z,deep_scan,20260802112912_1A-4-7-8-17-28C,30,8,1,4,M251,AA3018,0,19
2026-08-02T15:43:57.940Z,deep_scan,20260802112912_1A-4-7-8-17-28C,30,8,1,13,M86,AB6503,1,24
2026-08-02T15:43:57.940Z,deep_scan,20260802112912_1A-4-7-8-17-28C,30,8,1,18,M12,AA7350,0,26
2026-08-02T15:43:57.940Z,deep_scan,20260802112912_1A-4-7-8-17-28C,30,8,1,22,M267,AA2719,1,0
2026-08-02T15:44:27.920Z,deep_scan,20260802112912_1A-4-7-8-17-28C,30,8,0,4,M22,AB6005,0,20
2026-08-02T15:44:27.920Z,deep_scan,20260802112912_1A-4-7-8-17-28C,30,8,0,9,M78,AA7086,0,26
2026-08-02T15:44:27.920Z,deep_scan,20260802112912_1A-4-7-8-17-28C,30,8,0,16,M259,AA7510,0,35
2026-08-02T15:44:27.927Z,deep_scan,20260802112912_1A-4-7-8-17-28C,30,8,1,4,M251,AA3018,0,31
2026-08-02T15:44:27.927Z,deep_scan,20260802112912_1A-4-7-8-17-28C,30,8,1,13,M86,AB6503,0,13
2026-08-02T15:44:27.927Z,deep_scan,20260802112912_1A-4-7-8-17-28C,30,8,1,19,M21/1,AA7350,1,18
2026-08-02T15:44:27.927Z,deep_scan,20260802112912_1A-4-7-8-17-28C,30,8,1,22,M267,AA2719,1,0
2026-08-02T15:44:57.952Z,deep_scan,20260802112912_1A-4-7-8-17-28C,30,8,1,4,M251,AA3018,0,10
2026-08-02T15:44:57.952Z,deep_scan,20260802112912_1A-4-7-8-17-28C,30,8,1,14,M92,AB6503,1,36
2026-08-02T15:44:57.952Z,deep_scan,20260802112912_1A-4-7-8-17-28C,30,8,1,19,M21/1,AA7350,1,1
2026-08-02T15:44:57.967Z,deep_scan,20260802112912_1A-4-7-8-17-28C,30,8,0,4,M22,AB6005,0,17
2026-08-02T15:44:57.967Z,deep_scan,20260802112912_1A-4-7-8-17-28C,30,8,0,9,M78,AA7086,0,10
2026-08-02T15:44:57.967Z,deep_scan,20260802112912_1A-4-7-8-17-28C,30,8,0,16,M259,AA7510,0,5
2026-08-02T15:45:27.952Z,deep_scan,20260802112912_1A-4-7-8-17-28C,30,8,1,5,M263,AA3018,1,30
2026-08-02T15:45:27.952Z,deep_scan,20260802112912_1A-4-7-8-17-28C,30,8,1,14,M92,AB6503,0,13
2026-08-02T15:45:27.952Z,deep_scan,20260802112912_1A-4-7-8-17-28C,30,8,1,19,M21/1,AA7350,0,11
2026-08-02T15:45:27.960Z,deep_scan,20260802112912_1A-4-7-8-17-28C,30,8,0,4,M22,AB6005,0,9
2026-08-02T15:45:27.960Z,deep_scan,20260802112912_1A-4-7-8-17-28C,30,8,0,10,M270/2,AA7086,1,31
2026-08-02T15:45:27.960Z,deep_scan,20260802112912_1A-4-7-8-17-28C,30,8,0,17,M62/2,AA7510,1,0
2026-08-02T15:45:57.974Z,deep_scan,20260802112912_1A-4-7-8-17-28C,30,8,0,6,M16/2,AB6005,1,17
2026-08-02T15:45:57.974Z,deep_scan,20260802112912_1A-4-7-8-17-28C,30,8,0,10,M270/2,AA7086,0,6
2026-08-02T15:45:57.974Z,deep_scan,20260802112912_1A-4-7-8-17-28C,30,8,0,17,M62/2,AA7510,1,0
2026-08-02T15:45:57.994Z,deep_scan,20260802112912_1A-4-7-8-17-28C,30,8,1,5,M263,AA3018,0,29
2026-08-02T15:45:57.994Z,deep_scan,20260802112912_1A-4-7-8-17-28C,30,8,1,14,M92,AB6503,0,13
2026-08-02T15:45:57.994Z,deep_scan,20260802112912_1A-4-7-8-17-28C,30,8,1,19,M21/1,AA7350,0,11
2026-08-02T15:46:27.989Z,deep_scan,20260802112912_1A-4-7-8-17-28C,30,8,1,5,M263,AA3018,0,15
2026-08-02T15:46:27.989Z,deep_scan,20260802112912_1A-4-7-8-17-28C,30,8,1,14,M92,AB6503,0,12
2026-08-02T15:46:27.989Z,deep_scan,20260802112912_1A-4-7-8-17-28C,30,8,1,19,M21/1,AA7350,0,29
2026-08-02T15:46:28.016Z,deep_scan,20260802112912_1A-4-7-8-17-28C,30,8,0,6,M16/2,AB6005,1,1
2026-08-02T15:46:28.016Z,deep_scan,20260802112912_1A-4-7-8-17-28C,30,8,0,11,M153,AA7086,1,26
2026-08-02T15:46:28.016Z,deep_scan,20260802112912_1A-4-7-8-17-28C,30,8,0,17,M62/2,AA7510,1,0
2026-08-02T15:46:58.009Z,deep_scan,20260802112912_1A-4-7-8-17-28C,30,8,1,0,M62/2,AA7622,1,7
2026-08-02T15:46:58.009Z,deep_scan,20260802112912_1A-4-7-8-17-28C,30,8,1,5,M263,AA3018,0,19
2026-08-02T15:46:58.009Z,deep_scan,20260802112912_1A-4-7-8-17-28C,30,8,1,15,M39,AB6503,1,30
2026-08-02T15:46:58.009Z,deep_scan,20260802112912_1A-4-7-8-17-28C,30,8,1,20,M24,AA7350,1,13
2026-08-02T15:46:58.015Z,deep_scan,20260802112912_1A-4-7-8-17-28C,30,8,0,6,M16/2,AB6005,0,43
2026-08-02T15:46:58.015Z,deep_scan,20260802112912_1A-4-7-8-17-28C,30,8,0,11,M153,AA7086,1,15
2026-08-02T15:46:58.015Z,deep_scan,20260802112912_1A-4-7-8-17-28C,30,8,0,17,M62/2,AA7510,1,0
2026-08-02T15:47:27.930Z,deep_scan,20260802112912_1A-4-7-8-17-28C,30,8,0,6,M16/2,AB6005,0,15
2026-08-02T15:47:27.930Z,deep_scan,20260802112912_1A-4-7-8-17-28C,30,8,0,11,M153,AA7086,0,10
2026-08-02T15:47:27.930Z,deep_scan,20260802112912_1A-4-7-8-17-28C,30,8,0,17,M62/2,AA7510,1,0
2026-08-02T15:47:27.963Z,deep_scan,20260802112912_1A-4-7-8-17-28C,30,8,1,0,M62/2,AA7622,1,7
2026-08-02T15:47:27.963Z,deep_scan,20260802112912_1A-4-7-8-17-28C,30,8,1,6,M160/1,AA3018,1,12
2026-08-02T15:47:27.963Z,deep_scan,20260802112912_1A-4-7-8-17-28C,30,8,1,15,M39,AB6503,0,25
2026-08-02T15:47:27.963Z,deep_scan,20260802112912_1A-4-7-8-17-28C,30,8,1,20,M24,AA7350,0,35
2026-08-02T15:47:57.947Z,deep_scan,20260802112912_1A-4-7-8-17-28C,30,8,0,6,M16/2,AB6005,0,3
2026-08-02T15:47:57.947Z,deep_scan,20260802112912_1A-4-7-8-17-28C,30,8,0,11,M153,AA7086,0,10
2026-08-02T15:47:57.947Z,deep_scan,20260802112912_1A-4-7-8-17-28C,30,8,0,17,M62/2,AA7510,1,0
2026-08-02T15:47:57.999Z,deep_scan,20260802112912_1A-4-7-8-17-28C,30,8,1,0,M62/2,AA7622,1,13
2026-08-02T15:47:57.999Z,deep_scan,20260802112912_1A-4-7-8-17-28C,30,8,1,6,M160/1,AA3018,0,39
2026-08-02T15:47:57.999Z,deep_scan,20260802112912_1A-4-7-8-17-28C,30,8,1,15,M39,AB6503,0,12
2026-08-02T15:47:57.999Z,deep_scan,20260802112912_1A-4-7-8-17-28C,30,8,1,21,M208,AA7350,1,16
2026-08-02T15:48:27.970Z,deep_scan,20260802112912_1A-4-7-8-17-28C,30,8,0,6,M16/2,AB6005,0,18
2026-08-02T15:48:27.970Z,deep_scan,20260802112912_1A-4-7-8-17-28C,30,8,0,12,M168,AA7086,1,9
2026-08-02T15:48:27.970Z,deep_scan,20260802112912_1A-4-7-8-17-28C,30,8,0,17,M62/2,AA7510,1,0
2026-08-02T15:48:27.974Z,deep_scan,20260802112912_1A-4-7-8-17-28C,30,8,1,0,M62/2,AA7622,0,12
2026-08-02T15:48:27.974Z,deep_scan,20260802112912_1A-4-7-8-17-28C,30,8,1,6,M160/1,AA3018,0,19
2026-08-02T15:48:27.974Z,deep_scan,20260802112912_1A-4-7-8-17-28C,30,8,1,16,M28/1,AB6503,1,3
2026-08-02T15:48:27.974Z,deep_scan,20260802112912_1A-4-7-8-17-28C,30,8,1,21,M208,AA7350,0,31
2026-08-02T15:48:58.010Z,deep_scan,20260802112912_1A-4-7-8-17-28C,30,8,1,0,M62/2,AA7622,0,35
2026-08-02T15:48:58.010Z,deep_scan,20260802112912_1A-4-7-8-17-28C,30,8,1,6,M160/1,AA3018,0,30
2026-08-02T15:48:58.010Z,deep_scan,20260802112912_1A-4-7-8-17-28C,30,8,1,16,M28/1,AB6503,0,8
2026-08-02T15:48:58.010Z,deep_scan,20260802112912_1A-4-7-8-17-28C,30,8,1,21,M208,AA7350,0,9
2026-08-02T15:48:58.020Z,deep_scan,20260802112912_1A-4-7-8-17-28C,30,8,0,0,M267,AA2719,1,8
2026-08-02T15:48:58.020Z,deep_scan,20260802112912_1A-4-7-8-17-28C,30,8,0,7,M116,AB6005,1,14
2026-08-02T15:48:58.020Z,deep_scan,20260802112912_1A-4-7-8-17-28C,30,8,0,12,M168,AA7086,0,23
2026-08-02T15:48:58.020Z,deep_scan,20260802112912_1A-4-7-8-17-28C,30,8,0,17,M62/2,AA7510,1,0
2026-08-02T15:49:28.018Z,deep_scan,20260802112912_1A-4-7-8-17-28C,30,8,0,0,M267,AA2719,0,28
2026-08-02T15:49:28.018Z,deep_scan,20260802112912_1A-4-7-8-17-28C,30,8,0,7,M116,AB6005,1,11
2026-08-02T15:49:28.018Z,deep_scan,20260802112912_1A-4-7-8-17-28C,30,8,0,12,M168,AA7086,0,18
2026-08-02T15:49:28.022Z,deep_scan,20260802112912_1A-4-7-8-17-28C,30,8,1,0,M62/2,AA7622,0,31
2026-08-02T15:49:28.022Z,deep_scan,20260802112912_1A-4-7-8-17-28C,30,8,1,6,M160/1,AA3018,0,28
2026-08-02T15:49:28.022Z,deep_scan,20260802112912_1A-4-7-8-17-28C,30,8,1,16,M28/1,AB6503,0,28
2026-08-02T15:49:28.022Z,deep_scan,20260802112912_1A-4-7-8-17-28C,30,8,1,21,M208,AA7350,0,28
2026-08-02T15:49:57.992Z,deep_scan,20260802112912_1A-4-7-8-17-28C,30,8,0,1,M209/2,AA2719,0,16
2026-08-02T15:49:57.992Z,deep_scan,20260802112912_1A-4-7-8-17-28C,30,8,0,7,M116,AB6005,0,9
2026-08-02T15:49:57.992Z,deep_scan,20260802112912_1A-4-7-8-17-28C,30,8,0,12,M168,AA7086,0,7
2026-08-02T15:49:58.018Z,deep_scan,20260802112912_1A-4-7-8-17-28C,30,8,1,0,M62/2,AA7622,0,2
2026-08-02T15:49:58.018Z,deep_scan,20260802112912_1A-4-7-8-17-28C,30,8,1,6,M160/1,AA3018,0,22
2026-08-02T15:49:58.018Z,deep_scan,20260802112912_1A-4-7-8-17-28C,30,8,1,16,M28/1,AB6503,0,28
2026-08-02T15:49:58.018Z,deep_scan,20260802112912_1A-4-7-8-17-28C,30,8,1,22,M267,AA7350,1,0
2026-08-02T15:50:28.010Z,deep_scan,20260802112912_1A-4-7-8-17-28C,30,8,1,0,M62/2,AA7622,0,42
2026-08-02T15:50:28.010Z,deep_scan,20260802112912_1A-4-7-8-17-28C,30,8,1,6,M160/1,AA3018,0,10
2026-08-02T15:50:28.010Z,deep_scan,20260802112912_1A-4-7-8-17-28C,30,8,1,16,M28/1,AB6503,0,28
2026-08-02T15:50:28.010Z,deep_scan,20260802112912_1A-4-7-8-17-28C,30,8,1,22,M267,AA7350,1,0
2026-08-02T15:50:28.019Z,deep_scan,20260802112912_1A-4-7-8-17-28C,30,8,0,1,M209/2,AA2719,0,40
2026-08-02T15:50:28.019Z,deep_scan,20260802112912_1A-4-7-8-17-28C,30,8,0,7,M116,AB6005,0,17
2026-08-02T15:50:28.019Z,deep_scan,20260802112912_1A-4-7-8-17-28C,30,8,0,13,M69/2,AA7086,1,32
2026-08-02T15:50:58.038Z,deep_scan,20260802112912_1A-4-7-8-17-28C,30,8,1,0,M62/2,AA7622,0,42
2026-08-02T15:50:58.038Z,deep_scan,20260802112912_1A-4-7-8-17-28C,30,8,1,6,M160/1,AA3018,0,4
2026-08-02T15:50:58.038Z,deep_scan,20260802112912_1A-4-7-8-17-28C,30,8,1,16,M28/1,AB6503,0,41
2026-08-02T15:50:58.038Z,deep_scan,20260802112912_1A-4-7-8-17-28C,30,8,1,22,M267,AA7350,1,0
2026-08-02T15:50:58.068Z,deep_scan,20260802112912_1A-4-7-8-17-28C,30,8,0,1,M209/2,AA2719,0,20
2026-08-02T15:50:58.068Z,deep_scan,20260802112912_1A-4-7-8-17-28C,30,8,0,8,M81,AB6005,1,17
2026-08-02T15:50:58.068Z,deep_scan,20260802112912_1A-4-7-8-17-28C,30,8,0,14,M159,AA7086,1,36
2026-08-02T15:51:28.011Z,deep_scan,20260802112912_1A-4-7-8-17-28C,30,8,0,2,M211,AA2719,1,34
2026-08-02T15:51:28.011Z,deep_scan,20260802112912_1A-4-7-8-17-28C,30,8,0,8,M81,AB6005,1,8
2026-08-02T15:51:28.011Z,deep_scan,20260802112912_1A-4-7-8-17-28C,30,8,0,14,M159,AA7086,0,40
2026-08-02T15:51:28.027Z,deep_scan,20260802112912_1A-4-7-8-17-28C,30,8,1,0,M62/2,AA7622,0,13
2026-08-02T15:51:28.027Z,deep_scan,20260802112912_1A-4-7-8-17-28C,30,8,1,7,M100,AA3018,1,24
2026-08-02T15:51:28.027Z,deep_scan,20260802112912_1A-4-7-8-17-28C,30,8,1,17,M11,AB6503,0,8
2026-08-02T15:51:28.027Z,deep_scan,20260802112912_1A-4-7-8-17-28C,30,8,1,22,M267,AA7350,1,0
2026-08-02T15:51:57.915Z,deep_scan,20260802112912_1A-4-7-8-17-28C,30,8,0,2,M211,AA2719,0,23
2026-08-02T15:51:57.915Z,deep_scan,20260802112912_1A-4-7-8-17-28C,30,8,0,9,M78,AB6005,1,8
2026-08-02T15:51:57.915Z,deep_scan,20260802112912_1A-4-7-8-17-28C,30,8,0,14,M159,AA7086,0,29
2026-08-02T15:51:58.011Z,deep_scan,20260802112912_1A-4-7-8-17-28C,30,8,1,0,M62/2,AA7622,0,25
2026-08-02T15:51:58.011Z,deep_scan,20260802112912_1A-4-7-8-17-28C,30,8,1,7,M100,AA3018,0,26
2026-08-02T15:51:58.011Z,deep_scan,20260802112912_1A-4-7-8-17-28C,30,8,1,18,M12,AB6503,1,26
2026-08-02T15:51:58.011Z,deep_scan,20260802112912_1A-4-7-8-17-28C,30,8,1,22,M267,AA7350,1,0
2026-08-02T15:52:27.980Z,deep_scan,20260802112912_1A-4-7-8-17-28C,30,8,1,2,M266,AA7622,1,21
2026-08-02T15:52:27.980Z,deep_scan,20260802112912_1A-4-7-8-17-28C,30,8,1,7,M100,AA3018,0,35
2026-08-02T15:52:27.980Z,deep_scan,20260802112912_1A-4-7-8-17-28C,30,8,1,18,M12,AB6503,0,19
2026-08-02T15:52:27.980Z,deep_scan,20260802112912_1A-4-7-8-17-28C,30,8,1,22,M267,AA7350,1,0
2026-08-02T15:52:28.001Z,deep_scan,20260802112912_1A-4-7-8-17-28C,30,8,0,3,M25,AA2719,1,7
2026-08-02T15:52:28.001Z,deep_scan,20260802112912_1A-4-7-8-17-28C,30,8,0,9,M78,AB6005,1,8
2026-08-02T15:52:28.001Z,deep_scan,20260802112912_1A-4-7-8-17-28C,30,8,0,14,M159,AA7086,0,10
2026-08-02T15:52:57.998Z,deep_scan,20260802112912_1A-4-7-8-17-28C,30,8,0,3,M25,AA2719,0,24
2026-08-02T15:52:57.998Z,deep_scan,20260802112912_1A-4-7-8-17-28C,30,8,0,9,M78,AB6005,1,14
2026-08-02T15:52:57.998Z,deep_scan,20260802112912_1A-4-7-8-17-28C,30,8,0,14,M159,AA7086,0,29
2026-08-02T15:52:58.003Z,deep_scan,20260802112912_1A-4-7-8-17-28C,30,8,1,2,M266,AA7622,0,22
2026-08-02T15:52:58.003Z,deep_scan,20260802112912_1A-4-7-8-17-28C,30,8,1,7,M100,AA3018,0,23
2026-08-02T15:52:58.003Z,deep_scan,20260802112912_1A-4-7-8-17-28C,30,8,1,18,M12,AB6503,0,7
2026-08-02T15:52:58.003Z,deep_scan,20260802112912_1A-4-7-8-17-28C,30,8,1,22,M267,AA7350,1,0
2026-08-02T15:53:27.994Z,deep_scan,20260802112912_1A-4-7-8-17-28C,30,8,0,4,M22,AA2719,1,18
2026-08-02T15:53:27.994Z,deep_scan,20260802112912_1A-4-7-8-17-28C,30,8,0,9,M78,AB6005,0,11
2026-08-02T15:53:27.994Z,deep_scan,20260802112912_1A-4-7-8-17-28C,30,8,0,15,M262,AA7086,1,9
2026-08-02T15:53:28.016Z,deep_scan,20260802112912_1A-4-7-8-17-28C,30,8,1,3,M257,AA7622,1,34
2026-08-02T15:53:28.016Z,deep_scan,20260802112912_1A-4-7-8-17-28C,30,8,1,8,M75,AA3018,1,7
2026-08-02T15:53:28.016Z,deep_scan,20260802112912_1A-4-7-8-17-28C,30,8,1,19,M21/1,AB6503,1,30
2026-08-02T15:53:28.016Z,deep_scan,20260802112912_1A-4-7-8-17-28C,30,8,1,22,M267,AA7350,1,0
2026-08-02T15:53:57.999Z,deep_scan,20260802112912_1A-4-7-8-17-28C,30,8,0,4,M22,AA2719,1,7
2026-08-02T15:53:57.999Z,deep_scan,20260802112912_1A-4-7-8-17-28C,30,8,0,9,M78,AB6005,0,5
2026-08-02T15:53:57.999Z,deep_scan,20260802112912_1A-4-7-8-17-28C,30,8,0,15,M262,AA7086,1,2
2026-08-02T15:53:58.021Z,deep_scan,20260802112912_1A-4-7-8-17-28C,30,8,1,3,M257,AA7622,0,6
2026-08-02T15:53:58.021Z,deep_scan,20260802112912_1A-4-7-8-17-28C,30,8,1,8,M75,AA3018,1,7
2026-08-02T15:53:58.021Z,deep_scan,20260802112912_1A-4-7-8-17-28C,30,8,1,19,M21/1,AB6503,1,16
2026-08-02T15:54:28.047Z,deep_scan,20260802112912_1A-4-7-8-17-28C,30,8,1,3,M257,AA7622,0,24
2026-08-02T15:54:28.047Z,deep_scan,20260802112912_1A-4-7-8-17-28C,30,8,1,8,M75,AA3018,0,26
2026-08-02T15:54:28.047Z,deep_scan,20260802112912_1A-4-7-8-17-28C,30,8,1,19,M21/1,AB6503,0,20
2026-08-02T15:54:28.070Z,deep_scan,20260802112912_1A-4-7-8-17-28C,30,8,0,4,M22,AA2719,0,25
2026-08-02T15:54:28.070Z,deep_scan,20260802112912_1A-4-7-8-17-28C,30,8,0,10,M270/2,AB6005,1,30
2026-08-02T15:54:28.070Z,deep_scan,20260802112912_1A-4-7-8-17-28C,30,8,0,15,M262,AA7086,0,19
2026-08-02T15:54:58.033Z,deep_scan,20260802112912_1A-4-7-8-17-28C,30,8,0,4,M22,AA2719,0,4
2026-08-02T15:54:58.033Z,deep_scan,20260802112912_1A-4-7-8-17-28C,30,8,0,10,M270/2,AB6005,1,33
2026-08-02T15:54:58.033Z,deep_scan,20260802112912_1A-4-7-8-17-28C,30,8,0,15,M262,AA7086,0,21
2026-08-02T15:54:58.059Z,deep_scan,20260802112912_1A-4-7-8-17-28C,30,8,1,3,M257,AA7622,0,46
2026-08-02T15:54:58.059Z,deep_scan,20260802112912_1A-4-7-8-17-28C,30,8,1,8,M75,AA3018,0,36
2026-08-02T15:54:58.059Z,deep_scan,20260802112912_1A-4-7-8-17-28C,30,8,1,20,M24,AB6503,1,33
2026-08-02T15:55:28.104Z,deep_scan,20260802112912_1A-4-7-8-17-28C,30,8,0,4,M22,AA2719,0,4
2026-08-02T15:55:28.104Z,deep_scan,20260802112912_1A-4-7-8-17-28C,30,8,0,10,M270/2,AB6005,0,16
2026-08-02T15:55:28.104Z,deep_scan,20260802112912_1A-4-7-8-17-28C,30,8,0,15,M262,AA7086,0,39
2026-08-02T15:55:28.116Z,deep_scan,20260802112912_1A-4-7-8-17-28C,30,8,1,4,M251,AA7622,1,3
2026-08-02T15:55:28.116Z,deep_scan,20260802112912_1A-4-7-8-17-28C,30,8,1,8,M75,AA3018,0,36
2026-08-02T15:55:28.116Z,deep_scan,20260802112912_1A-4-7-8-17-28C,30,8,1,20,M24,AB6503,0,28
2026-08-02T15:55:58.055Z,deep_scan,20260802112912_1A-4-7-8-17-28C,30,8,1,4,M251,AA7622,0,22
2026-08-02T15:55:58.055Z,deep_scan,20260802112912_1A-4-7-8-17-28C,30,8,1,8,M75,AA3018,0,23
2026-08-02T15:55:58.055Z,deep_scan,20260802112912_1A-4-7-8-17-28C,30,8,1,21,M208,AB6503,1,34
2026-08-02T15:55:58.060Z,deep_scan,20260802112912_1A-4-7-8-17-28C,30,8,0,4,M22,AA2719,0,24
2026-08-02T15:55:58.060Z,deep_scan,20260802112912_1A-4-7-8-17-28C,30,8,0,11,M153,AB6005,1,29
2026-08-02T15:55:58.060Z,deep_scan,20260802112912_1A-4-7-8-17-28C,30,8,0,15,M262,AA7086,0,32
2026-08-02T15:56:28.103Z,deep_scan,20260802112912_1A-4-7-8-17-28C,30,8,0,4,M22,AA2719,0,23
2026-08-02T15:56:28.103Z,deep_scan,20260802112912_1A-4-7-8-17-28C,30,8,0,11,M153,AB6005,0,26
2026-08-02T15:56:28.103Z,deep_scan,20260802112912_1A-4-7-8-17-28C,30,8,0,16,M259,AA7086,1,36
2026-08-02T15:56:28.121Z,deep_scan,20260802112912_1A-4-7-8-17-28C,30,8,1,4,M251,AA7622,0,25
2026-08-02T15:56:28.121Z,deep_scan,20260802112912_1A-4-7-8-17-28C,30,8,1,8,M75,AA3018,0,14
2026-08-02T15:56:28.121Z,deep_scan,20260802112912_1A-4-7-8-17-28C,30,8,1,21,M208,AB6503,0,15
2026-08-02T15:56:58.132Z,deep_scan,20260802112912_1A-4-7-8-17-28C,30,8,1,4,M251,AA7622,0,21
2026-08-02T15:56:58.132Z,deep_scan,20260802112912_1A-4-7-8-17-28C,30,8,1,8,M75,AA3018,0,14
2026-08-02T15:56:58.132Z,deep_scan,20260802112912_1A-4-7-8-17-28C,30,8,1,21,M208,AB6503,0,45
2026-08-02T15:56:58.136Z,deep_scan,20260802112912_1A-4-7-8-17-28C,30,8,0,4,M22,AA2719,0,4
2026-08-02T15:56:58.136Z,deep_scan,20260802112912_1A-4-7-8-17-28C,30,8,0,12,M168,AB6005,0,39
2026-08-02T15:56:58.136Z,deep_scan,20260802112912_1A-4-7-8-17-28C,30,8,0,16,M259,AA7086,1,2
2026-08-02T15:57:28.122Z,deep_scan,20260802112912_1A-4-7-8-17-28C,30,8,1,5,M263,AA7622,0,14
2026-08-02T15:57:28.122Z,deep_scan,20260802112912_1A-4-7-8-17-28C,30,8,1,8,M75,AA3018,0,16
2026-08-02T15:57:28.122Z,deep_scan,20260802112912_1A-4-7-8-17-28C,30,8,1,21,M208,AB6503,0,20
2026-08-02T15:57:28.126Z,deep_scan,20260802112912_1A-4-7-8-17-28C,30,8,0,4,M22,AA2719,0,27
2026-08-02T15:57:28.126Z,deep_scan,20260802112912_1A-4-7-8-17-28C,30,8,0,12,M168,AB6005,0,26
2026-08-02T15:57:28.126Z,deep_scan,20260802112912_1A-4-7-8-17-28C,30,8,0,16,M259,AA7086,0,37
2026-08-02T15:57:58.102Z,deep_scan,20260802112912_1A-4-7-8-17-28C,30,8,1,5,M263,AA7622,0,44
2026-08-02T15:57:58.102Z,deep_scan,20260802112912_1A-4-7-8-17-28C,30,8,1,9,M237,AA3018,1,18
2026-08-02T15:57:58.102Z,deep_scan,20260802112912_1A-4-7-8-17-28C,30,8,1,22,M267,AB6503,1,0
2026-08-02T15:57:58.110Z,deep_scan,20260802112912_1A-4-7-8-17-28C,30,8,0,6,M16/2,AA2719,0,23
2026-08-02T15:57:58.110Z,deep_scan,20260802112912_1A-4-7-8-17-28C,30,8,0,12,M168,AB6005,0,28
2026-08-02T15:57:58.110Z,deep_scan,20260802112912_1A-4-7-8-17-28C,30,8,0,16,M259,AA7086,0,27
2026-08-02T15:58:28.084Z,deep_scan,20260802112912_1A-4-7-8-17-28C,30,8,1,6,M160/1,AA7622,1,26
2026-08-02T15:58:28.084Z,deep_scan,20260802112912_1A-4-7-8-17-28C,30,8,1,9,M237,AA3018,1,18
2026-08-02T15:58:28.084Z,deep_scan,20260802112912_1A-4-7-8-17-28C,30,8,1,22,M267,AB6503,1,0
2026-08-02T15:58:28.150Z,deep_scan,20260802112912_1A-4-7-8-17-28C,30,8,0,6,M16/2,AA2719,0,25
2026-08-02T15:58:28.150Z,deep_scan,20260802112912_1A-4-7-8-17-28C,30,8,0,13,M69/2,AB6005,1,41
2026-08-02T15:58:28.150Z,deep_scan,20260802112912_1A-4-7-8-17-28C,30,8,0,17,M62/2,AA7086,1,0
2026-08-02T15:58:58.086Z,deep_scan,20260802112912_1A-4-7-8-17-28C,30,8,0,6,M16/2,AA2719,0,11
2026-08-02T15:58:58.086Z,deep_scan,20260802112912_1A-4-7-8-17-28C,30,8,0,14,M159,AB6005,1,27
2026-08-02T15:58:58.086Z,deep_scan,20260802112912_1A-4-7-8-17-28C,30,8,0,17,M62/2,AA7086,1,0
2026-08-02T15:58:58.130Z,deep_scan,20260802112912_1A-4-7-8-17-28C,30,8,1,0,M62/2,AA7510,1,6
2026-08-02T15:58:58.130Z,deep_scan,20260802112912_1A-4-7-8-17-28C,30,8,1,6,M160/1,AA7622,1,4
2026-08-02T15:58:58.130Z,deep_scan,20260802112912_1A-4-7-8-17-28C,30,8,1,9,M237,AA3018,0,17
2026-08-02T15:58:58.130Z,deep_scan,20260802112912_1A-4-7-8-17-28C,30,8,1,22,M267,AB6503,1,0
2026-08-02T15:59:28.116Z,deep_scan,20260802112912_1A-4-7-8-17-28C,30,8,1,0,M62/2,AA7510,0,11
2026-08-02T15:59:28.116Z,deep_scan,20260802112912_1A-4-7-8-17-28C,30,8,1,6,M160/1,AA7622,0,33
2026-08-02T15:59:28.116Z,deep_scan,20260802112912_1A-4-7-8-17-28C,30,8,1,9,M237,AA3018,0,8
2026-08-02T15:59:28.116Z,deep_scan,20260802112912_1A-4-7-8-17-28C,30,8,1,22,M267,AB6503,1,0
2026-08-02T15:59:28.177Z,deep_scan,20260802112912_1A-4-7-8-17-28C,30,8,0,6,M16/2,AA2719,0,27
2026-08-02T15:59:28.177Z,deep_scan,20260802112912_1A-4-7-8-17-28C,30,8,0,14,M159,AB6005,0,2
2026-08-02T15:59:28.177Z,deep_scan,20260802112912_1A-4-7-8-17-28C,30,8,0,17,M62/2,AA7086,1,0
2026-08-02T15:59:58.120Z,deep_scan,20260802112912_1A-4-7-8-17-28C,30,8,0,6,M16/2,AA2719,0,14
2026-08-02T15:59:58.120Z,deep_scan,20260802112912_1A-4-7-8-17-28C,30,8,0,14,M159,AB6005,0,27
2026-08-02T15:59:58.120Z,deep_scan,20260802112912_1A-4-7-8-17-28C,30,8,0,17,M62/2,AA7086,1,0
2026-08-02T15:59:58.146Z,deep_scan,20260802112912_1A-4-7-8-17-28C,30,8,1,0,M62/2,AA7510,0,42
2026-08-02T15:59:58.146Z,deep_scan,20260802112912_1A-4-7-8-17-28C,30,8,1,6,M160/1,AA7622,0,40
2026-08-02T15:59:58.146Z,deep_scan,20260802112912_1A-4-7-8-17-28C,30,8,1,10,M245,AA3018,1,18
2026-08-02T15:59:58.146Z,deep_scan,20260802112912_1A-4-7-8-17-28C,30,8,1,22,M267,AB6503,1,0
