timestamp,source,scan_id,poll_interval_sec,route,direction,station_index,staCode,busPlate,status,speed
2026-08-01T07:39:23.067Z,deep_scan,20260801073922_MT4-AP1-26-56,30,56,0,4,T363/2,AA7402,1,4
2026-08-01T07:39:23.067Z,deep_scan,20260801073922_MT4-AP1-26-56,30,56,0,8,T343,AA7359,0,43
2026-08-01T07:39:23.067Z,deep_scan,20260801073922_MT4-AP1-26-56,30,56,0,13,M92,AA2619,1,17
2026-08-01T07:39:23.067Z,deep_scan,20260801073922_MT4-AP1-26-56,30,56,0,16,T342,AA2314,0,46
2026-08-01T07:39:53.095Z,deep_scan,20260801073922_MT4-AP1-26-56,30,56,0,4,T363/2,AA7402,1,3
2026-08-01T07:39:53.095Z,deep_scan,20260801073922_MT4-AP1-26-56,30,56,0,8,T343,AA7359,0,35
2026-08-01T07:39:53.095Z,deep_scan,20260801073922_MT4-AP1-26-56,30,56,0,13,M92,AA2619,1,8
2026-08-01T07:39:53.095Z,deep_scan,20260801073922_MT4-AP1-26-56,30,56,0,17,T409,AA2314,1,12
2026-08-01T07:40:23.149Z,deep_scan,20260801073922_MT4-AP1-26-56,30,56,0,4,T363/2,AA7402,1,3
2026-08-01T07:40:23.149Z,deep_scan,20260801073922_MT4-AP1-26-56,30,56,0,8,T343,AA7359,0,48
2026-08-01T07:40:23.149Z,deep_scan,20260801073922_MT4-AP1-26-56,30,56,0,13,M92,AA2619,0,12
2026-08-01T07:40:23.149Z,deep_scan,20260801073922_MT4-AP1-26-56,30,56,0,17,T409,AA2314,1,2
2026-08-01T07:40:53.115Z,deep_scan,20260801073922_MT4-AP1-26-56,30,56,0,4,T363/2,AA7402,1,3
2026-08-01T07:40:53.115Z,deep_scan,20260801073922_MT4-AP1-26-56,30,56,0,8,T343,AA7359,0,39
2026-08-01T07:40:53.115Z,deep_scan,20260801073922_MT4-AP1-26-56,30,56,0,14,M272,AA2619,1,18
2026-08-01T07:40:53.115Z,deep_scan,20260801073922_MT4-AP1-26-56,30,56,0,17,T409,AA2314,0,28
2026-08-01T07:41:23.152Z,deep_scan,20260801073922_MT4-AP1-26-56,30,56,0,4,T363/2,AA7402,0,13
2026-08-01T07:41:23.152Z,deep_scan,20260801073922_MT4-AP1-26-56,30,56,0,8,T343,AA7359,0,46
2026-08-01T07:41:23.152Z,deep_scan,20260801073922_MT4-AP1-26-56,30,56,0,14,M272,AA2619,1,5
2026-08-01T07:41:23.152Z,deep_scan,20260801073922_MT4-AP1-26-56,30,56,0,18,T313,AA2314,1,11
2026-08-01T07:41:53.111Z,deep_scan,20260801073922_MT4-AP1-26-56,30,56,0,4,T363/2,AA7402,0,11
2026-08-01T07:41:53.111Z,deep_scan,20260801073922_MT4-AP1-26-56,30,56,0,8,T343,AA7359,0,43
2026-08-01T07:41:53.111Z,deep_scan,20260801073922_MT4-AP1-26-56,30,56,0,14,M272,AA2619,0,22
2026-08-01T07:41:53.111Z,deep_scan,20260801073922_MT4-AP1-26-56,30,56,0,18,T313,AA2314,1,2
2026-08-01T07:42:23.134Z,deep_scan,20260801073922_MT4-AP1-26-56,30,56,0,4,T363/2,AA7402,0,13
2026-08-01T07:42:23.134Z,deep_scan,20260801073922_MT4-AP1-26-56,30,56,0,8,T343,AA7359,0,47
2026-08-01T07:42:23.134Z,deep_scan,20260801073922_MT4-AP1-26-56,30,56,0,14,M272,AA2619,0,17
2026-08-01T07:42:23.134Z,deep_scan,20260801073922_MT4-AP1-26-56,30,56,0,18,T313,AA2314,0,16
2026-08-01T07:42:53.140Z,deep_scan,20260801073922_MT4-AP1-26-56,30,56,0,4,T363/2,AA7402,0,17
2026-08-01T07:42:53.140Z,deep_scan,20260801073922_MT4-AP1-26-56,30,56,0,8,T343,AA7359,0,48
2026-08-01T07:42:53.140Z,deep_scan,20260801073922_MT4-AP1-26-56,30,56,0,14,M272,AA2619,0,34
2026-08-01T07:42:53.140Z,deep_scan,20260801073922_MT4-AP1-26-56,30,56,0,19,T315,AA2314,1,30
2026-08-01T07:43:23.157Z,deep_scan,20260801073922_MT4-AP1-26-56,30,56,0,5,T306,AA7402,1,8
2026-08-01T07:43:23.157Z,deep_scan,20260801073922_MT4-AP1-26-56,30,56,0,8,T343,AA7359,0,44
2026-08-01T07:43:23.157Z,deep_scan,20260801073922_MT4-AP1-26-56,30,56,0,14,M272,AA2619,0,34
2026-08-01T07:43:23.157Z,deep_scan,20260801073922_MT4-AP1-26-56,30,56,0,19,T315,AA2314,0,30
2026-08-01T07:43:53.154Z,deep_scan,20260801073922_MT4-AP1-26-56,30,56,0,0,C690/6,AA7445,1,9
2026-08-01T07:43:53.154Z,deep_scan,20260801073922_MT4-AP1-26-56,30,56,0,5,T306,AA7402,1,12
2026-08-01T07:43:53.154Z,deep_scan,20260801073922_MT4-AP1-26-56,30,56,0,8,T343,AA7359,0,47
2026-08-01T07:43:53.154Z,deep_scan,20260801073922_MT4-AP1-26-56,30,56,0,14,M272,AA2619,0,34
2026-08-01T07:43:53.154Z,deep_scan,20260801073922_MT4-AP1-26-56,30,56,0,19,T315,AA2314,0,24
2026-08-01T07:44:23.169Z,deep_scan,20260801073922_MT4-AP1-26-56,30,56,0,0,C690/6,AA7445,1,9
2026-08-01T07:44:23.169Z,deep_scan,20260801073922_MT4-AP1-26-56,30,56,0,5,T306,AA7402,0,10
2026-08-01T07:44:23.169Z,deep_scan,20260801073922_MT4-AP1-26-56,30,56,0,8,T343,AA7359,0,47
2026-08-01T07:44:23.169Z,deep_scan,20260801073922_MT4-AP1-26-56,30,56,0,15,M61/2,AA2619,1,36
2026-08-01T07:44:23.169Z,deep_scan,20260801073922_MT4-AP1-26-56,30,56,0,19,T315,AA2314,0,9
2026-08-01T07:44:53.180Z,deep_scan,20260801073922_MT4-AP1-26-56,30,56,0,1,C689/2,AA7445,1,9
2026-08-01T07:44:53.180Z,deep_scan,20260801073922_MT4-AP1-26-56,30,56,0,5,T306,AA7402,0,10
2026-08-01T07:44:53.180Z,deep_scan,20260801073922_MT4-AP1-26-56,30,56,0,8,T343,AA7359,0,48
2026-08-01T07:44:53.180Z,deep_scan,20260801073922_MT4-AP1-26-56,30,56,0,15,M61/2,AA2619,1,20
2026-08-01T07:44:53.180Z,deep_scan,20260801073922_MT4-AP1-26-56,30,56,0,19,T315,AA2314,0,9
2026-08-01T07:45:23.174Z,deep_scan,20260801073922_MT4-AP1-26-56,30,56,0,1,C689/2,AA7445,1,9
2026-08-01T07:45:23.174Z,deep_scan,20260801073922_MT4-AP1-26-56,30,56,0,5,T306,AA7402,0,22
2026-08-01T07:45:23.174Z,deep_scan,20260801073922_MT4-AP1-26-56,30,56,0,8,T343,AA7359,0,36
2026-08-01T07:45:23.174Z,deep_scan,20260801073922_MT4-AP1-26-56,30,56,0,15,M61/2,AA2619,1,12
2026-08-01T07:45:23.174Z,deep_scan,20260801073922_MT4-AP1-26-56,30,56,0,19,T315,AA2314,0,7
2026-08-01T07:45:53.191Z,deep_scan,20260801073922_MT4-AP1-26-56,30,56,0,1,C689/2,AA7445,0,9
2026-08-01T07:45:53.191Z,deep_scan,20260801073922_MT4-AP1-26-56,30,56,0,5,T306,AA7402,0,14
2026-08-01T07:45:53.191Z,deep_scan,20260801073922_MT4-AP1-26-56,30,56,0,9,M239/1,AA7359,1,25
2026-08-01T07:45:53.191Z,deep_scan,20260801073922_MT4-AP1-26-56,30,56,0,15,M61/2,AA2619,0,12
2026-08-01T07:45:53.191Z,deep_scan,20260801073922_MT4-AP1-26-56,30,56,0,19,T315,AA2314,0,3
2026-08-01T07:46:23.195Z,deep_scan,20260801073922_MT4-AP1-26-56,30,56,0,1,C689/2,AA7445,0,27
2026-08-01T07:46:23.195Z,deep_scan,20260801073922_MT4-AP1-26-56,30,56,0,5,T306,AA7402,0,3
2026-08-01T07:46:23.195Z,deep_scan,20260801073922_MT4-AP1-26-56,30,56,0,9,M239/1,AA7359,1,25
2026-08-01T07:46:23.195Z,deep_scan,20260801073922_MT4-AP1-26-56,30,56,0,15,M61/2,AA2619,0,18
2026-08-01T07:46:23.195Z,deep_scan,20260801073922_MT4-AP1-26-56,30,56,0,19,T315,AA2314,0,24
2026-08-01T07:46:53.177Z,deep_scan,20260801073922_MT4-AP1-26-56,30,56,0,1,C689/2,AA7445,0,26
2026-08-01T07:46:53.177Z,deep_scan,20260801073922_MT4-AP1-26-56,30,56,0,5,T306,AA7402,0,4
2026-08-01T07:46:53.177Z,deep_scan,20260801073922_MT4-AP1-26-56,30,56,0,9,M239/1,AA7359,1,8
2026-08-01T07:46:53.177Z,deep_scan,20260801073922_MT4-AP1-26-56,30,56,0,15,M61/2,AA2619,0,18
2026-08-01T07:46:53.177Z,deep_scan,20260801073922_MT4-AP1-26-56,30,56,0,20,T375,AA2314,1,36
2026-08-01T07:47:23.198Z,deep_scan,20260801073922_MT4-AP1-26-56,30,56,0,1,C689/2,AA7445,0,11
2026-08-01T07:47:23.198Z,deep_scan,20260801073922_MT4-AP1-26-56,30,56,0,6,T314/2,AA7402,1,11
2026-08-01T07:47:23.198Z,deep_scan,20260801073922_MT4-AP1-26-56,30,56,0,9,M239/1,AA7359,1,1
2026-08-01T07:47:23.198Z,deep_scan,20260801073922_MT4-AP1-26-56,30,56,0,15,M61/2,AA2619,0,41
2026-08-01T07:47:23.198Z,deep_scan,20260801073922_MT4-AP1-26-56,30,56,0,20,T375,AA2314,1,1
2026-08-01T07:47:53.189Z,deep_scan,20260801073922_MT4-AP1-26-56,30,56,0,1,C689/2,AA7445,0,6
2026-08-01T07:47:53.189Z,deep_scan,20260801073922_MT4-AP1-26-56,30,56,0,6,T314/2,AA7402,1,6
2026-08-01T07:47:53.189Z,deep_scan,20260801073922_MT4-AP1-26-56,30,56,0,9,M239/1,AA7359,0,14
2026-08-01T07:47:53.189Z,deep_scan,20260801073922_MT4-AP1-26-56,30,56,0,15,M61/2,AA2619,0,43
2026-08-01T07:47:53.189Z,deep_scan,20260801073922_MT4-AP1-26-56,30,56,0,20,T375,AA2314,0,27
2026-08-01T07:48:23.239Z,deep_scan,20260801073922_MT4-AP1-26-56,30,56,0,1,C689/2,AA7445,0,8
2026-08-01T07:48:23.239Z,deep_scan,20260801073922_MT4-AP1-26-56,30,56,0,6,T314/2,AA7402,0,2
2026-08-01T07:48:23.239Z,deep_scan,20260801073922_MT4-AP1-26-56,30,56,0,9,M239/1,AA7359,0,44
2026-08-01T07:48:23.239Z,deep_scan,20260801073922_MT4-AP1-26-56,30,56,0,15,M61/2,AA2619,0,43
2026-08-01T07:48:23.239Z,deep_scan,20260801073922_MT4-AP1-26-56,30,56,0,20,T375,AA2314,0,27
2026-08-01T07:48:53.243Z,deep_scan,20260801073922_MT4-AP1-26-56,30,56,0,1,C689/2,AA7445,0,37
2026-08-01T07:48:53.243Z,deep_scan,20260801073922_MT4-AP1-26-56,30,56,0,6,T314/2,AA7402,0,8
2026-08-01T07:48:53.243Z,deep_scan,20260801073922_MT4-AP1-26-56,30,56,0,10,M254,AA7359,1,22
2026-08-01T07:48:53.243Z,deep_scan,20260801073922_MT4-AP1-26-56,30,56,0,15,M61/2,AA2619,0,41
2026-08-01T07:48:53.243Z,deep_scan,20260801073922_MT4-AP1-26-56,30,56,0,20,T375,AA2314,0,26
2026-08-01T07:49:23.203Z,deep_scan,20260801073922_MT4-AP1-26-56,30,56,0,2,T360,AA7445,1,23
2026-08-01T07:49:23.203Z,deep_scan,20260801073922_MT4-AP1-26-56,30,56,0,6,T314/2,AA7402,0,18
2026-08-01T07:49:23.203Z,deep_scan,20260801073922_MT4-AP1-26-56,30,56,0,10,M254,AA7359,0,22
2026-08-01T07:49:23.203Z,deep_scan,20260801073922_MT4-AP1-26-56,30,56,0,15,M61/2,AA2619,0,42
2026-08-01T07:49:23.203Z,deep_scan,20260801073922_MT4-AP1-26-56,30,56,0,20,T375,AA2314,0,26
2026-08-01T07:49:53.257Z,deep_scan,20260801073922_MT4-AP1-26-56,30,56,0,2,T360,AA7445,0,18
2026-08-01T07:49:53.257Z,deep_scan,20260801073922_MT4-AP1-26-56,30,56,0,6,T314/2,AA7402,0,23
2026-08-01T07:49:53.257Z,deep_scan,20260801073922_MT4-AP1-26-56,30,56,0,10,M254,AA7359,0,30
2026-08-01T07:49:53.257Z,deep_scan,20260801073922_MT4-AP1-26-56,30,56,0,15,M61/2,AA2619,0,29
2026-08-01T07:49:53.257Z,deep_scan,20260801073922_MT4-AP1-26-56,30,56,0,21,T380,AA2314,1,31
2026-08-01T07:50:23.231Z,deep_scan,20260801073922_MT4-AP1-26-56,30,56,0,2,T360,AA7445,0,3
2026-08-01T07:50:23.231Z,deep_scan,20260801073922_MT4-AP1-26-56,30,56,0,7,T408/6,AA7402,0,10
2026-08-01T07:50:23.231Z,deep_scan,20260801073922_MT4-AP1-26-56,30,56,0,10,M254,AA7359,0,16
2026-08-01T07:50:23.231Z,deep_scan,20260801073922_MT4-AP1-26-56,30,56,0,15,M61/2,AA2619,0,44
2026-08-01T07:50:23.231Z,deep_scan,20260801073922_MT4-AP1-26-56,30,56,0,22,T379,AA2314,1,44
2026-08-01T07:50:53.271Z,deep_scan,20260801073922_MT4-AP1-26-56,30,56,0,3,T376/2,AA7445,1,26
2026-08-01T07:50:53.271Z,deep_scan,20260801073922_MT4-AP1-26-56,30,56,0,7,T408/6,AA7402,0,8
2026-08-01T07:50:53.271Z,deep_scan,20260801073922_MT4-AP1-26-56,30,56,0,10,M254,AA7359,0,16
2026-08-01T07:50:53.271Z,deep_scan,20260801073922_MT4-AP1-26-56,30,56,0,15,M61/2,AA2619,0,43
2026-08-01T07:50:53.271Z,deep_scan,20260801073922_MT4-AP1-26-56,30,56,0,22,T379,AA2314,0,24
2026-08-01T07:51:23.245Z,deep_scan,20260801073922_MT4-AP1-26-56,30,56,0,3,T376/2,AA7445,0,3
2026-08-01T07:51:23.245Z,deep_scan,20260801073922_MT4-AP1-26-56,30,56,0,7,T408/6,AA7402,0,44
2026-08-01T07:51:23.245Z,deep_scan,20260801073922_MT4-AP1-26-56,30,56,0,11,M117,AA7359,1,10
2026-08-01T07:51:23.245Z,deep_scan,20260801073922_MT4-AP1-26-56,30,56,0,15,M61/2,AA2619,0,48
2026-08-01T07:51:23.245Z,deep_scan,20260801073922_MT4-AP1-26-56,30,56,0,22,T379,AA2314,0,39
2026-08-01T07:51:53.256Z,deep_scan,20260801073922_MT4-AP1-26-56,30,56,0,3,T376/2,AA7445,0,3
2026-08-01T07:51:53.256Z,deep_scan,20260801073922_MT4-AP1-26-56,30,56,0,8,T343,AA7402,1,32
2026-08-01T07:51:53.256Z,deep_scan,20260801073922_MT4-AP1-26-56,30,56,0,11,M117,AA7359,0,35
2026-08-01T07:51:53.256Z,deep_scan,20260801073922_MT4-AP1-26-56,30,56,0,15,M61/2,AA2619,0,48
2026-08-01T07:51:53.256Z,deep_scan,20260801073922_MT4-AP1-26-56,30,56,0,22,T379,AA2314,0,7
2026-08-01T07:52:23.255Z,deep_scan,20260801073922_MT4-AP1-26-56,30,56,0,3,T376/2,AA7445,0,3
2026-08-01T07:52:23.255Z,deep_scan,20260801073922_MT4-AP1-26-56,30,56,0,8,T343,AA7402,1,20
2026-08-01T07:52:23.255Z,deep_scan,20260801073922_MT4-AP1-26-56,30,56,0,12,M155,AA7359,1,9
2026-08-01T07:52:23.255Z,deep_scan,20260801073922_MT4-AP1-26-56,30,56,0,15,M61/2,AA2619,0,45
2026-08-01T07:52:23.255Z,deep_scan,20260801073922_MT4-AP1-26-56,30,56,0,22,T379,AA2314,0,29
2026-08-01T07:52:53.288Z,deep_scan,20260801073922_MT4-AP1-26-56,30,56,0,3,T376/2,AA7445,0,6
2026-08-01T07:52:53.288Z,deep_scan,20260801073922_MT4-AP1-26-56,30,56,0,8,T343,AA7402,0,45
2026-08-01T07:52:53.288Z,deep_scan,20260801073922_MT4-AP1-26-56,30,56,0,12,M155,AA7359,0,28
2026-08-01T07:52:53.288Z,deep_scan,20260801073922_MT4-AP1-26-56,30,56,0,15,M61/2,AA2619,0,50
2026-08-01T07:52:53.288Z,deep_scan,20260801073922_MT4-AP1-26-56,30,56,0,22,T379,AA2314,0,39
2026-08-01T07:53:23.262Z,deep_scan,20260801073922_MT4-AP1-26-56,30,56,0,3,T376/2,AA7445,0,9
2026-08-01T07:53:23.262Z,deep_scan,20260801073922_MT4-AP1-26-56,30,56,0,8,T343,AA7402,0,36
2026-08-01T07:53:23.262Z,deep_scan,20260801073922_MT4-AP1-26-56,30,56,0,12,M155,AA7359,0,30
2026-08-01T07:53:23.262Z,deep_scan,20260801073922_MT4-AP1-26-56,30,56,0,15,M61/2,AA2619,0,50
2026-08-01T07:53:23.262Z,deep_scan,20260801073922_MT4-AP1-26-56,30,56,0,22,T379,AA2314,0,32
2026-08-01T07:53:53.289Z,deep_scan,20260801073922_MT4-AP1-26-56,30,56,0,3,T376/2,AA7445,0,18
2026-08-01T07:53:53.289Z,deep_scan,20260801073922_MT4-AP1-26-56,30,56,0,8,T343,AA7402,0,43
2026-08-01T07:53:53.289Z,deep_scan,20260801073922_MT4-AP1-26-56,30,56,0,12,M155,AA7359,0,7
2026-08-01T07:53:53.289Z,deep_scan,20260801073922_MT4-AP1-26-56,30,56,0,15,M61/2,AA2619,0,47
2026-08-01T07:53:53.289Z,deep_scan,20260801073922_MT4-AP1-26-56,30,56,0,22,T379,AA2314,0,21
2026-08-01T07:54:23.294Z,deep_scan,20260801073922_MT4-AP1-26-56,30,56,0,3,T376/2,AA7445,0,19
2026-08-01T07:54:23.294Z,deep_scan,20260801073922_MT4-AP1-26-56,30,56,0,8,T343,AA7402,0,41
2026-08-01T07:54:23.294Z,deep_scan,20260801073922_MT4-AP1-26-56,30,56,0,12,M155,AA7359,0,43
2026-08-01T07:54:23.294Z,deep_scan,20260801073922_MT4-AP1-26-56,30,56,0,15,M61/2,AA2619,0,39
2026-08-01T07:54:23.294Z,deep_scan,20260801073922_MT4-AP1-26-56,30,56,0,23,C688/2,AA2314,1,21
2026-08-01T07:54:53.301Z,deep_scan,20260801073922_MT4-AP1-26-56,30,56,0,4,T363/2,AA7445,1,15
2026-08-01T07:54:53.301Z,deep_scan,20260801073922_MT4-AP1-26-56,30,56,0,8,T343,AA7402,0,41
2026-08-01T07:54:53.301Z,deep_scan,20260801073922_MT4-AP1-26-56,30,56,0,12,M155,AA7359,0,32
2026-08-01T07:54:53.301Z,deep_scan,20260801073922_MT4-AP1-26-56,30,56,0,16,T342,AA2619,1,47
2026-08-01T07:54:53.301Z,deep_scan,20260801073922_MT4-AP1-26-56,30,56,0,23,C688/2,AA2314,1,21
2026-08-01T07:55:23.350Z,deep_scan,20260801073922_MT4-AP1-26-56,30,56,0,4,T363/2,AA7445,1,6
2026-08-01T07:55:23.350Z,deep_scan,20260801073922_MT4-AP1-26-56,30,56,0,8,T343,AA7402,0,31
2026-08-01T07:55:23.350Z,deep_scan,20260801073922_MT4-AP1-26-56,30,56,0,12,M155,AA7359,0,21
2026-08-01T07:55:23.350Z,deep_scan,20260801073922_MT4-AP1-26-56,30,56,0,16,T342,AA2619,1,14
2026-08-01T07:55:23.350Z,deep_scan,20260801073922_MT4-AP1-26-56,30,56,0,23,C688/2,AA2314,0,21
2026-08-01T07:55:53.369Z,deep_scan,20260801073922_MT4-AP1-26-56,30,56,0,4,T363/2,AA7445,0,10
2026-08-01T07:55:53.369Z,deep_scan,20260801073922_MT4-AP1-26-56,30,56,0,8,T343,AA7402,0,30
2026-08-01T07:55:53.369Z,deep_scan,20260801073922_MT4-AP1-26-56,30,56,0,12,M155,AA7359,0,6
2026-08-01T07:55:53.369Z,deep_scan,20260801073922_MT4-AP1-26-56,30,56,0,16,T342,AA2619,0,39
2026-08-01T07:55:53.369Z,deep_scan,20260801073922_MT4-AP1-26-56,30,56,0,23,C688/2,AA2314,0,21
2026-08-01T07:56:23.396Z,deep_scan,20260801073922_MT4-AP1-26-56,30,56,0,4,T363/2,AA7445,0,9
2026-08-01T07:56:23.396Z,deep_scan,20260801073922_MT4-AP1-26-56,30,56,0,8,T343,AA7402,0,27
2026-08-01T07:56:23.396Z,deep_scan,20260801073922_MT4-AP1-26-56,30,56,0,12,M155,AA7359,0,6
2026-08-01T07:56:23.396Z,deep_scan,20260801073922_MT4-AP1-26-56,30,56,0,17,T409,AA2619,1,6
2026-08-01T07:56:23.396Z,deep_scan,20260801073922_MT4-AP1-26-56,30,56,0,24,C690/6,AA2314,1,0
2026-08-01T07:56:53.334Z,deep_scan,20260801073922_MT4-AP1-26-56,30,56,0,5,T306,AA7445,1,26
2026-08-01T07:56:53.334Z,deep_scan,20260801073922_MT4-AP1-26-56,30,56,0,8,T343,AA7402,0,29
2026-08-01T07:56:53.334Z,deep_scan,20260801073922_MT4-AP1-26-56,30,56,0,12,M155,AA7359,0,6
2026-08-01T07:56:53.334Z,deep_scan,20260801073922_MT4-AP1-26-56,30,56,0,17,T409,AA2619,1,30
2026-08-01T07:56:53.334Z,deep_scan,20260801073922_MT4-AP1-26-56,30,56,0,24,C690/6,AA2314,1,0
2026-08-01T07:57:23.293Z,deep_scan,20260801073922_MT4-AP1-26-56,30,56,0,0,C690/6,AA7406,1,23
2026-08-01T07:57:23.293Z,deep_scan,20260801073922_MT4-AP1-26-56,30,56,0,5,T306,AA7445,0,42
2026-08-01T07:57:23.293Z,deep_scan,20260801073922_MT4-AP1-26-56,30,56,0,8,T343,AA7402,0,24
2026-08-01T07:57:23.293Z,deep_scan,20260801073922_MT4-AP1-26-56,30,56,0,12,M155,AA7359,0,9
2026-08-01T07:57:23.293Z,deep_scan,20260801073922_MT4-AP1-26-56,30,56,0,17,T409,AA2619,0,34
2026-08-01T07:57:23.293Z,deep_scan,20260801073922_MT4-AP1-26-56,30,56,0,24,C690/6,AA2314,1,0
2026-08-01T07:57:53.325Z,deep_scan,20260801073922_MT4-AP1-26-56,30,56,0,0,C690/6,AA7406,0,23
2026-08-01T07:57:53.325Z,deep_scan,20260801073922_MT4-AP1-26-56,30,56,0,6,T314/2,AA7445,1,38
2026-08-01T07:57:53.325Z,deep_scan,20260801073922_MT4-AP1-26-56,30,56,0,8,T343,AA7402,0,43
2026-08-01T07:57:53.325Z,deep_scan,20260801073922_MT4-AP1-26-56,30,56,0,12,M155,AA7359,0,12
2026-08-01T07:57:53.325Z,deep_scan,20260801073922_MT4-AP1-26-56,30,56,0,17,T409,AA2619,0,15
2026-08-01T07:57:53.325Z,deep_scan,20260801073922_MT4-AP1-26-56,30,56,0,24,C690/6,AA2314,1,0
2026-08-01T07:58:23.351Z,deep_scan,20260801073922_MT4-AP1-26-56,30,56,0,0,C690/6,AA7406,0,23
2026-08-01T07:58:23.351Z,deep_scan,20260801073922_MT4-AP1-26-56,30,56,0,6,T314/2,AA7445,1,22
2026-08-01T07:58:23.351Z,deep_scan,20260801073922_MT4-AP1-26-56,30,56,0,8,T343,AA7402,0,48
2026-08-01T07:58:23.351Z,deep_scan,20260801073922_MT4-AP1-26-56,30,56,0,12,M155,AA7359,0,5
2026-08-01T07:58:23.351Z,deep_scan,20260801073922_MT4-AP1-26-56,30,56,0,18,T313,AA2619,1,10
2026-08-01T07:58:23.351Z,deep_scan,20260801073922_MT4-AP1-26-56,30,56,0,24,C690/6,AA2314,1,0
2026-08-01T07:58:53.326Z,deep_scan,20260801073922_MT4-AP1-26-56,30,56,0,0,C690/6,AA7406,0,23
2026-08-01T07:58:53.326Z,deep_scan,20260801073922_MT4-AP1-26-56,30,56,0,6,T314/2,AA7445,1,22
2026-08-01T07:58:53.326Z,deep_scan,20260801073922_MT4-AP1-26-56,30,56,0,8,T343,AA7402,0,47
2026-08-01T07:58:53.326Z,deep_scan,20260801073922_MT4-AP1-26-56,30,56,0,13,M92,AA7359,1,17
2026-08-01T07:58:53.326Z,deep_scan,20260801073922_MT4-AP1-26-56,30,56,0,18,T313,AA2619,1,10
2026-08-01T07:58:53.326Z,deep_scan,20260801073922_MT4-AP1-26-56,30,56,0,24,C690/6,AA2314,1,0
2026-08-01T07:59:23.354Z,deep_scan,20260801073922_MT4-AP1-26-56,30,56,0,0,C690/6,AA7406,0,23
2026-08-01T07:59:23.354Z,deep_scan,20260801073922_MT4-AP1-26-56,30,56,0,6,T314/2,AA7445,1,2
2026-08-01T07:59:23.354Z,deep_scan,20260801073922_MT4-AP1-26-56,30,56,0,8,T343,AA7402,0,44
2026-08-01T07:59:23.354Z,deep_scan,20260801073922_MT4-AP1-26-56,30,56,0,13,M92,AA7359,1,7
2026-08-01T07:59:23.354Z,deep_scan,20260801073922_MT4-AP1-26-56,30,56,0,18,T313,AA2619,0,13
2026-08-01T07:59:23.354Z,deep_scan,20260801073922_MT4-AP1-26-56,30,56,0,24,C690/6,AA2314,1,0
2026-08-01T07:59:53.335Z,deep_scan,20260801073922_MT4-AP1-26-56,30,56,0,0,C690/6,AA7406,0,23
2026-08-01T07:59:53.335Z,deep_scan,20260801073922_MT4-AP1-26-56,30,56,0,6,T314/2,AA7445,1,2
2026-08-01T07:59:53.335Z,deep_scan,20260801073922_MT4-AP1-26-56,30,56,0,8,T343,AA7402,0,45
2026-08-01T07:59:53.335Z,deep_scan,20260801073922_MT4-AP1-26-56,30,56,0,13,M92,AA7359,1,7
2026-08-01T07:59:53.335Z,deep_scan,20260801073922_MT4-AP1-26-56,30,56,0,19,T315,AA2619,1,9
2026-08-01T07:59:53.335Z,deep_scan,20260801073922_MT4-AP1-26-56,30,56,0,24,C690/6,AA2314,1,0
2026-08-01T08:00:23.356Z,deep_scan,20260801073922_MT4-AP1-26-56,30,56,0,0,C690/6,AA7406,0,23
2026-08-01T08:00:23.356Z,deep_scan,20260801073922_MT4-AP1-26-56,30,56,0,6,T314/2,AA7445,1,3
2026-08-01T08:00:23.356Z,deep_scan,20260801073922_MT4-AP1-26-56,30,56,0,8,T343,AA7402,0,46
2026-08-01T08:00:23.356Z,deep_scan,20260801073922_MT4-AP1-26-56,30,56,0,13,M92,AA7359,1,7
2026-08-01T08:00:23.356Z,deep_scan,20260801073922_MT4-AP1-26-56,30,56,0,19,T315,AA2619,0,34
2026-08-01T08:00:23.356Z,deep_scan,20260801073922_MT4-AP1-26-56,30,56,0,24,C690/6,AA2314,1,0
2026-08-01T08:00:53.365Z,deep_scan,20260801073922_MT4-AP1-26-56,30,56,0,1,C689/2,AA7406,1,23
2026-08-01T08:00:53.365Z,deep_scan,20260801073922_MT4-AP1-26-56,30,56,0,6,T314/2,AA7445,1,3
2026-08-01T08:00:53.365Z,deep_scan,20260801073922_MT4-AP1-26-56,30,56,0,8,T343,AA7402,0,45
2026-08-01T08:00:53.365Z,deep_scan,20260801073922_MT4-AP1-26-56,30,56,0,13,M92,AA7359,1,4
2026-08-01T08:00:53.365Z,deep_scan,20260801073922_MT4-AP1-26-56,30,56,0,19,T315,AA2619,0,3
2026-08-01T08:01:23.368Z,deep_scan,20260801073922_MT4-AP1-26-56,30,56,0,1,C689/2,AA7406,1,23
2026-08-01T08:01:23.368Z,deep_scan,20260801073922_MT4-AP1-26-56,30,56,0,6,T314/2,AA7445,1,3
2026-08-01T08:01:23.368Z,deep_scan,20260801073922_MT4-AP1-26-56,30,56,0,8,T343,AA7402,0,47
2026-08-01T08:01:23.368Z,deep_scan,20260801073922_MT4-AP1-26-56,30,56,0,13,M92,AA7359,0,7
2026-08-01T08:01:23.368Z,deep_scan,20260801073922_MT4-AP1-26-56,30,56,0,19,T315,AA2619,0,24
2026-08-01T08:01:53.342Z,deep_scan,20260801073922_MT4-AP1-26-56,30,56,0,1,C689/2,AA7406,0,23
2026-08-01T08:01:53.342Z,deep_scan,20260801073922_MT4-AP1-26-56,30,56,0,6,T314/2,AA7445,0,2
2026-08-01T08:01:53.342Z,deep_scan,20260801073922_MT4-AP1-26-56,30,56,0,8,T343,AA7402,0,48
2026-08-01T08:01:53.342Z,deep_scan,20260801073922_MT4-AP1-26-56,30,56,0,13,M92,AA7359,0,7
2026-08-01T08:01:53.342Z,deep_scan,20260801073922_MT4-AP1-26-56,30,56,0,19,T315,AA2619,0,22
2026-08-01T08:02:23.422Z,deep_scan,20260801073922_MT4-AP1-26-56,30,56,0,1,C689/2,AA7406,0,41
2026-08-01T08:02:23.422Z,deep_scan,20260801073922_MT4-AP1-26-56,30,56,0,6,T314/2,AA7445,0,25
2026-08-01T08:02:23.422Z,deep_scan,20260801073922_MT4-AP1-26-56,30,56,0,8,T343,AA7402,0,49
2026-08-01T08:02:23.422Z,deep_scan,20260801073922_MT4-AP1-26-56,30,56,0,13,M92,AA7359,0,11
2026-08-01T08:02:23.422Z,deep_scan,20260801073922_MT4-AP1-26-56,30,56,0,20,T375,AA2619,1,22
2026-08-01T08:02:53.374Z,deep_scan,20260801073922_MT4-AP1-26-56,30,56,0,1,C689/2,AA7406,0,44
2026-08-01T08:02:53.374Z,deep_scan,20260801073922_MT4-AP1-26-56,30,56,0,6,T314/2,AA7445,0,16
2026-08-01T08:02:53.374Z,deep_scan,20260801073922_MT4-AP1-26-56,30,56,0,8,T343,AA7402,0,33
2026-08-01T08:02:53.374Z,deep_scan,20260801073922_MT4-AP1-26-56,30,56,0,14,M272,AA7359,1,25
2026-08-01T08:02:53.374Z,deep_scan,20260801073922_MT4-AP1-26-56,30,56,0,20,T375,AA2619,1,24
2026-08-01T08:03:23.436Z,deep_scan,20260801073922_MT4-AP1-26-56,30,56,0,1,C689/2,AA7406,0,5
2026-08-01T08:03:23.436Z,deep_scan,20260801073922_MT4-AP1-26-56,30,56,0,7,T408/6,AA7445,1,18
2026-08-01T08:03:23.436Z,deep_scan,20260801073922_MT4-AP1-26-56,30,56,0,8,T343,AA7402,0,37
2026-08-01T08:03:23.436Z,deep_scan,20260801073922_MT4-AP1-26-56,30,56,0,14,M272,AA7359,1,1
2026-08-01T08:03:23.436Z,deep_scan,20260801073922_MT4-AP1-26-56,30,56,0,20,T375,AA2619,1,15
2026-08-01T08:03:53.385Z,deep_scan,20260801073922_MT4-AP1-26-56,30,56,0,1,C689/2,AA7406,0,37
2026-08-01T08:03:53.385Z,deep_scan,20260801073922_MT4-AP1-26-56,30,56,0,7,T408/6,AA7445,0,18
2026-08-01T08:03:53.385Z,deep_scan,20260801073922_MT4-AP1-26-56,30,56,0,9,M239/1,AA7402,1,18
2026-08-01T08:03:53.385Z,deep_scan,20260801073922_MT4-AP1-26-56,30,56,0,14,M272,AA7359,0,17
2026-08-01T08:03:53.385Z,deep_scan,20260801073922_MT4-AP1-26-56,30,56,0,20,T375,AA2619,0,7
2026-08-01T08:04:23.415Z,deep_scan,20260801073922_MT4-AP1-26-56,30,56,0,2,T360,AA7406,1,1
2026-08-01T08:04:23.415Z,deep_scan,20260801073922_MT4-AP1-26-56,30,56,0,7,T408/6,AA7445,0,26
2026-08-01T08:04:23.415Z,deep_scan,20260801073922_MT4-AP1-26-56,30,56,0,9,M239/1,AA7402,0,25
2026-08-01T08:04:23.415Z,deep_scan,20260801073922_MT4-AP1-26-56,30,56,0,14,M272,AA7359,0,5
2026-08-01T08:04:23.415Z,deep_scan,20260801073922_MT4-AP1-26-56,30,56,0,20,T375,AA2619,0,33
2026-08-01T08:04:53.410Z,deep_scan,20260801073922_MT4-AP1-26-56,30,56,0,2,T360,AA7406,0,10
2026-08-01T08:04:53.410Z,deep_scan,20260801073922_MT4-AP1-26-56,30,56,0,8,T343,AA7445,1,16
2026-08-01T08:04:53.410Z,deep_scan,20260801073922_MT4-AP1-26-56,30,56,0,10,M254,AA7402,1,36
2026-08-01T08:04:53.410Z,deep_scan,20260801073922_MT4-AP1-26-56,30,56,0,14,M272,AA7359,0,21
2026-08-01T08:04:53.410Z,deep_scan,20260801073922_MT4-AP1-26-56,30,56,0,21,T380,AA2619,1,26
2026-08-01T08:05:23.452Z,deep_scan,20260801073922_MT4-AP1-26-56,30,56,0,2,T360,AA7406,0,18
2026-08-01T08:05:23.452Z,deep_scan,20260801073922_MT4-AP1-26-56,30,56,0,8,T343,AA7445,1,36
2026-08-01T08:05:23.452Z,deep_scan,20260801073922_MT4-AP1-26-56,30,56,0,10,M254,AA7402,1,24
2026-08-01T08:05:23.452Z,deep_scan,20260801073922_MT4-AP1-26-56,30,56,0,14,M272,AA7359,0,9
2026-08-01T08:05:23.452Z,deep_scan,20260801073922_MT4-AP1-26-56,30,56,0,21,T380,AA2619,0,21
2026-08-01T08:05:53.447Z,deep_scan,20260801073922_MT4-AP1-26-56,30,56,0,3,T376/2,AA7406,0,11
2026-08-01T08:05:53.447Z,deep_scan,20260801073922_MT4-AP1-26-56,30,56,0,8,T343,AA7445,0,37
2026-08-01T08:05:53.447Z,deep_scan,20260801073922_MT4-AP1-26-56,30,56,0,10,M254,AA7402,0,32
2026-08-01T08:05:53.447Z,deep_scan,20260801073922_MT4-AP1-26-56,30,56,0,14,M272,AA7359,0,9
2026-08-01T08:05:53.447Z,deep_scan,20260801073922_MT4-AP1-26-56,30,56,0,22,T379,AA2619,1,4
2026-08-01T08:06:23.455Z,deep_scan,20260801073922_MT4-AP1-26-56,30,56,0,3,T376/2,AA7406,0,3
2026-08-01T08:06:23.455Z,deep_scan,20260801073922_MT4-AP1-26-56,30,56,0,8,T343,AA7445,0,47
2026-08-01T08:06:23.455Z,deep_scan,20260801073922_MT4-AP1-26-56,30,56,0,10,M254,AA7402,0,17
2026-08-01T08:06:23.455Z,deep_scan,20260801073922_MT4-AP1-26-56,30,56,0,15,M61/2,AA7359,1,34
2026-08-01T08:06:23.455Z,deep_scan,20260801073922_MT4-AP1-26-56,30,56,0,22,T379,AA2619,1,17
2026-08-01T08:06:53.443Z,deep_scan,20260801073922_MT4-AP1-26-56,30,56,0,3,T376/2,AA7406,0,19
2026-08-01T08:06:53.443Z,deep_scan,20260801073922_MT4-AP1-26-56,30,56,0,8,T343,AA7445,0,20
2026-08-01T08:06:53.443Z,deep_scan,20260801073922_MT4-AP1-26-56,30,56,0,10,M254,AA7402,0,18
2026-08-01T08:06:53.443Z,deep_scan,20260801073922_MT4-AP1-26-56,30,56,0,15,M61/2,AA7359,1,34
2026-08-01T08:06:53.443Z,deep_scan,20260801073922_MT4-AP1-26-56,30,56,0,22,T379,AA2619,0,6
2026-08-01T08:07:23.439Z,deep_scan,20260801073922_MT4-AP1-26-56,30,56,0,3,T376/2,AA7406,0,5
2026-08-01T08:07:23.439Z,deep_scan,20260801073922_MT4-AP1-26-56,30,56,0,8,T343,AA7445,0,45
2026-08-01T08:07:23.439Z,deep_scan,20260801073922_MT4-AP1-26-56,30,56,0,10,M254,AA7402,0,21
2026-08-01T08:07:23.439Z,deep_scan,20260801073922_MT4-AP1-26-56,30,56,0,15,M61/2,AA7359,0,4
2026-08-01T08:07:23.439Z,deep_scan,20260801073922_MT4-AP1-26-56,30,56,0,22,T379,AA2619,0,6
2026-08-01T08:07:53.453Z,deep_scan,20260801073922_MT4-AP1-26-56,30,56,0,3,T376/2,AA7406,0,7
2026-08-01T08:07:53.453Z,deep_scan,20260801073922_MT4-AP1-26-56,30,56,0,8,T343,AA7445,0,27
2026-08-01T08:07:53.453Z,deep_scan,20260801073922_MT4-AP1-26-56,30,56,0,10,M254,AA7402,0,21
2026-08-01T08:07:53.453Z,deep_scan,20260801073922_MT4-AP1-26-56,30,56,0,15,M61/2,AA7359,0,14
2026-08-01T08:07:53.453Z,deep_scan,20260801073922_MT4-AP1-26-56,30,56,0,22,T379,AA2619,0,38
2026-08-01T08:08:23.471Z,deep_scan,20260801073922_MT4-AP1-26-56,30,56,0,3,T376/2,AA7406,0,7
2026-08-01T08:08:23.471Z,deep_scan,20260801073922_MT4-AP1-26-56,30,56,0,8,T343,AA7445,0,7
2026-08-01T08:08:23.471Z,deep_scan,20260801073922_MT4-AP1-26-56,30,56,0,11,M117,AA7402,1,24
2026-08-01T08:08:23.471Z,deep_scan,20260801073922_MT4-AP1-26-56,30,56,0,15,M61/2,AA7359,0,19
2026-08-01T08:08:23.471Z,deep_scan,20260801073922_MT4-AP1-26-56,30,56,0,22,T379,AA2619,0,28
2026-08-01T08:08:53.459Z,deep_scan,20260801073922_MT4-AP1-26-56,30,56,0,3,T376/2,AA7406,0,18
2026-08-01T08:08:53.459Z,deep_scan,20260801073922_MT4-AP1-26-56,30,56,0,8,T343,AA7445,0,14
2026-08-01T08:08:53.459Z,deep_scan,20260801073922_MT4-AP1-26-56,30,56,0,11,M117,AA7402,0,36
2026-08-01T08:08:53.459Z,deep_scan,20260801073922_MT4-AP1-26-56,30,56,0,15,M61/2,AA7359,0,36
2026-08-01T08:08:53.459Z,deep_scan,20260801073922_MT4-AP1-26-56,30,56,0,22,T379,AA2619,0,25
2026-08-01T08:09:23.523Z,deep_scan,20260801073922_MT4-AP1-26-56,30,56,0,3,T376/2,AA7406,0,31
2026-08-01T08:09:23.523Z,deep_scan,20260801073922_MT4-AP1-26-56,30,56,0,8,T343,AA7445,0,32
2026-08-01T08:09:23.523Z,deep_scan,20260801073922_MT4-AP1-26-56,30,56,0,12,M155,AA7402,1,19
2026-08-01T08:09:23.523Z,deep_scan,20260801073922_MT4-AP1-26-56,30,56,0,15,M61/2,AA7359,0,34
2026-08-01T08:09:23.523Z,deep_scan,20260801073922_MT4-AP1-26-56,30,56,0,22,T379,AA2619,0,49
2026-08-01T08:09:53.482Z,deep_scan,20260801073922_MT4-AP1-26-56,30,56,0,4,T363/2,AA7406,1,2
2026-08-01T08:09:53.482Z,deep_scan,20260801073922_MT4-AP1-26-56,30,56,0,8,T343,AA7445,0,38
2026-08-01T08:09:53.482Z,deep_scan,20260801073922_MT4-AP1-26-56,30,56,0,12,M155,AA7402,0,25
2026-08-01T08:09:53.482Z,deep_scan,20260801073922_MT4-AP1-26-56,30,56,0,15,M61/2,AA7359,0,12
2026-08-01T08:09:53.482Z,deep_scan,20260801073922_MT4-AP1-26-56,30,56,0,22,T379,AA2619,0,41
2026-08-01T08:10:23.482Z,deep_scan,20260801073922_MT4-AP1-26-56,30,56,0,4,T363/2,AA7406,0,9
2026-08-01T08:10:23.482Z,deep_scan,20260801073922_MT4-AP1-26-56,30,56,0,8,T343,AA7445,0,44
2026-08-01T08:10:23.482Z,deep_scan,20260801073922_MT4-AP1-26-56,30,56,0,12,M155,AA7402,0,36
2026-08-01T08:10:23.482Z,deep_scan,20260801073922_MT4-AP1-26-56,30,56,0,15,M61/2,AA7359,0,47
2026-08-01T08:10:23.482Z,deep_scan,20260801073922_MT4-AP1-26-56,30,56,0,22,T379,AA2619,0,14
2026-08-01T08:10:53.520Z,deep_scan,20260801073922_MT4-AP1-26-56,30,56,0,4,T363/2,AA7406,0,23
2026-08-01T08:10:53.520Z,deep_scan,20260801073922_MT4-AP1-26-56,30,56,0,8,T343,AA7445,0,42
2026-08-01T08:10:53.520Z,deep_scan,20260801073922_MT4-AP1-26-56,30,56,0,12,M155,AA7402,0,38
2026-08-01T08:10:53.520Z,deep_scan,20260801073922_MT4-AP1-26-56,30,56,0,15,M61/2,AA7359,0,40
2026-08-01T08:10:53.520Z,deep_scan,20260801073922_MT4-AP1-26-56,30,56,0,23,C688/2,AA2619,1,14
2026-08-01T08:11:23.505Z,deep_scan,20260801073922_MT4-AP1-26-56,30,56,0,0,C690/6,AA2314,1,21
2026-08-01T08:11:23.505Z,deep_scan,20260801073922_MT4-AP1-26-56,30,56,0,5,T306,AA7406,1,29
2026-08-01T08:11:23.505Z,deep_scan,20260801073922_MT4-AP1-26-56,30,56,0,8,T343,AA7445,0,48
2026-08-01T08:11:23.505Z,deep_scan,20260801073922_MT4-AP1-26-56,30,56,0,12,M155,AA7402,0,29
2026-08-01T08:11:23.505Z,deep_scan,20260801073922_MT4-AP1-26-56,30,56,0,15,M61/2,AA7359,0,10
2026-08-01T08:11:23.505Z,deep_scan,20260801073922_MT4-AP1-26-56,30,56,0,23,C688/2,AA2619,0,14
2026-08-01T08:11:53.495Z,deep_scan,20260801073922_MT4-AP1-26-56,30,56,0,1,C689/2,AA2314,1,21
2026-08-01T08:11:53.495Z,deep_scan,20260801073922_MT4-AP1-26-56,30,56,0,5,T306,AA7406,1,29
2026-08-01T08:11:53.495Z,deep_scan,20260801073922_MT4-AP1-26-56,30,56,0,8,T343,AA7445,0,48
2026-08-01T08:11:53.495Z,deep_scan,20260801073922_MT4-AP1-26-56,30,56,0,12,M155,AA7402,0,33
2026-08-01T08:11:53.495Z,deep_scan,20260801073922_MT4-AP1-26-56,30,56,0,15,M61/2,AA7359,0,43
2026-08-01T08:11:53.495Z,deep_scan,20260801073922_MT4-AP1-26-56,30,56,0,23,C688/2,AA2619,0,14
2026-08-01T08:12:23.500Z,deep_scan,20260801073922_MT4-AP1-26-56,30,56,0,1,C689/2,AA2314,1,21
2026-08-01T08:12:23.500Z,deep_scan,20260801073922_MT4-AP1-26-56,30,56,0,5,T306,AA7406,0,31
2026-08-01T08:12:23.500Z,deep_scan,20260801073922_MT4-AP1-26-56,30,56,0,8,T343,AA7445,0,45
2026-08-01T08:12:23.500Z,deep_scan,20260801073922_MT4-AP1-26-56,30,56,0,12,M155,AA7402,0,7
2026-08-01T08:12:23.500Z,deep_scan,20260801073922_MT4-AP1-26-56,30,56,0,15,M61/2,AA7359,0,43
2026-08-01T08:12:23.500Z,deep_scan,20260801073922_MT4-AP1-26-56,30,56,0,24,C690/6,AA2619,1,0
2026-08-01T08:12:53.529Z,deep_scan,20260801073922_MT4-AP1-26-56,30,56,0,1,C689/2,AA2314,0,21
2026-08-01T08:12:53.529Z,deep_scan,20260801073922_MT4-AP1-26-56,30,56,0,5,T306,AA7406,0,13
2026-08-01T08:12:53.529Z,deep_scan,20260801073922_MT4-AP1-26-56,30,56,0,8,T343,AA7445,0,44
2026-08-01T08:12:53.529Z,deep_scan,20260801073922_MT4-AP1-26-56,30,56,0,12,M155,AA7402,0,4
2026-08-01T08:12:53.529Z,deep_scan,20260801073922_MT4-AP1-26-56,30,56,0,15,M61/2,AA7359,0,47
2026-08-01T08:12:53.529Z,deep_scan,20260801073922_MT4-AP1-26-56,30,56,0,24,C690/6,AA2619,1,0
2026-08-01T08:13:23.536Z,deep_scan,20260801073922_MT4-AP1-26-56,30,56,0,1,C689/2,AA2314,0,21
2026-08-01T08:13:23.536Z,deep_scan,20260801073922_MT4-AP1-26-56,30,56,0,5,T306,AA7406,0,8
2026-08-01T08:13:23.536Z,deep_scan,20260801073922_MT4-AP1-26-56,30,56,0,8,T343,AA7445,0,45
2026-08-01T08:13:23.536Z,deep_scan,20260801073922_MT4-AP1-26-56,30,56,0,12,M155,AA7402,0,11
2026-08-01T08:13:23.536Z,deep_scan,20260801073922_MT4-AP1-26-56,30,56,0,15,M61/2,AA7359,0,47
2026-08-01T08:13:23.536Z,deep_scan,20260801073922_MT4-AP1-26-56,30,56,0,24,C690/6,AA2619,1,0
2026-08-01T08:13:53.560Z,deep_scan,20260801073922_MT4-AP1-26-56,30,56,0,1,C689/2,AA2314,0,36
2026-08-01T08:13:53.560Z,deep_scan,20260801073922_MT4-AP1-26-56,30,56,0,5,T306,AA7406,0,17
2026-08-01T08:13:53.560Z,deep_scan,20260801073922_MT4-AP1-26-56,30,56,0,8,T343,AA7445,0,49
2026-08-01T08:13:53.560Z,deep_scan,20260801073922_MT4-AP1-26-56,30,56,0,12,M155,AA7402,0,11
2026-08-01T08:13:53.560Z,deep_scan,20260801073922_MT4-AP1-26-56,30,56,0,15,M61/2,AA7359,0,43
2026-08-01T08:13:53.560Z,deep_scan,20260801073922_MT4-AP1-26-56,30,56,0,24,C690/6,AA2619,1,0
2026-08-01T08:14:23.513Z,deep_scan,20260801073922_MT4-AP1-26-56,30,56,0,1,C689/2,AA2314,0,47
2026-08-01T08:14:23.513Z,deep_scan,20260801073922_MT4-AP1-26-56,30,56,0,5,T306,AA7406,0,4
2026-08-01T08:14:23.513Z,deep_scan,20260801073922_MT4-AP1-26-56,30,56,0,8,T343,AA7445,0,44
2026-08-01T08:14:23.513Z,deep_scan,20260801073922_MT4-AP1-26-56,30,56,0,12,M155,AA7402,0,11
2026-08-01T08:14:23.513Z,deep_scan,20260801073922_MT4-AP1-26-56,30,56,0,15,M61/2,AA7359,0,46
2026-08-01T08:14:23.513Z,deep_scan,20260801073922_MT4-AP1-26-56,30,56,0,24,C690/6,AA2619,1,0
2026-08-01T08:14:53.562Z,deep_scan,20260801073922_MT4-AP1-26-56,30,56,0,1,C689/2,AA2314,0,16
2026-08-01T08:14:53.562Z,deep_scan,20260801073922_MT4-AP1-26-56,30,56,0,6,T314/2,AA7406,0,10
2026-08-01T08:14:53.562Z,deep_scan,20260801073922_MT4-AP1-26-56,30,56,0,8,T343,AA7445,0,49
2026-08-01T08:14:53.562Z,deep_scan,20260801073922_MT4-AP1-26-56,30,56,0,12,M155,AA7402,0,12
2026-08-01T08:14:53.562Z,deep_scan,20260801073922_MT4-AP1-26-56,30,56,0,15,M61/2,AA7359,0,48
2026-08-01T08:14:53.562Z,deep_scan,20260801073922_MT4-AP1-26-56,30,56,0,24,C690/6,AA2619,1,0
2026-08-01T08:15:23.525Z,deep_scan,20260801073922_MT4-AP1-26-56,30,56,0,1,C689/2,AA2314,0,23
2026-08-01T08:15:23.525Z,deep_scan,20260801073922_MT4-AP1-26-56,30,56,0,6,T314/2,AA7406,0,9
2026-08-01T08:15:23.525Z,deep_scan,20260801073922_MT4-AP1-26-56,30,56,0,8,T343,AA7445,0,48
2026-08-01T08:15:23.525Z,deep_scan,20260801073922_MT4-AP1-26-56,30,56,0,13,M92,AA7402,1,16
2026-08-01T08:15:23.525Z,deep_scan,20260801073922_MT4-AP1-26-56,30,56,0,15,M61/2,AA7359,0,47
2026-08-01T08:15:23.525Z,deep_scan,20260801073922_MT4-AP1-26-56,30,56,0,24,C690/6,AA2619,1,0
2026-08-01T08:15:53.547Z,deep_scan,20260801073922_MT4-AP1-26-56,30,56,0,2,T360,AA2314,1,13
2026-08-01T08:15:53.547Z,deep_scan,20260801073922_MT4-AP1-26-56,30,56,0,6,T314/2,AA7406,0,12
2026-08-01T08:15:53.547Z,deep_scan,20260801073922_MT4-AP1-26-56,30,56,0,8,T343,AA7445,0,36
2026-08-01T08:15:53.547Z,deep_scan,20260801073922_MT4-AP1-26-56,30,56,0,13,M92,AA7402,1,1
2026-08-01T08:15:53.547Z,deep_scan,20260801073922_MT4-AP1-26-56,30,56,0,15,M61/2,AA7359,0,46
2026-08-01T08:15:53.547Z,deep_scan,20260801073922_MT4-AP1-26-56,30,56,0,24,C690/6,AA2619,1,0
2026-08-01T08:16:23.558Z,deep_scan,20260801073922_MT4-AP1-26-56,30,56,0,2,T360,AA2314,1,2
2026-08-01T08:16:23.558Z,deep_scan,20260801073922_MT4-AP1-26-56,30,56,0,6,T314/2,AA7406,0,18
2026-08-01T08:16:23.558Z,deep_scan,20260801073922_MT4-AP1-26-56,30,56,0,8,T343,AA7445,0,35
2026-08-01T08:16:23.558Z,deep_scan,20260801073922_MT4-AP1-26-56,30,56,0,13,M92,AA7402,1,1
2026-08-01T08:16:23.558Z,deep_scan,20260801073922_MT4-AP1-26-56,30,56,0,15,M61/2,AA7359,0,39
2026-08-01T08:16:53.533Z,deep_scan,20260801073922_MT4-AP1-26-56,30,56,0,2,T360,AA2314,0,23
2026-08-01T08:16:53.533Z,deep_scan,20260801073922_MT4-AP1-26-56,30,56,0,6,T314/2,AA7406,0,12
2026-08-01T08:16:53.533Z,deep_scan,20260801073922_MT4-AP1-26-56,30,56,0,9,M239/1,AA7445,1,9
2026-08-01T08:16:53.533Z,deep_scan,20260801073922_MT4-AP1-26-56,30,56,0,13,M92,AA7402,1,1
2026-08-01T08:16:53.533Z,deep_scan,20260801073922_MT4-AP1-26-56,30,56,0,16,T342,AA7359,1,43
2026-08-01T08:17:23.564Z,deep_scan,20260801073922_MT4-AP1-26-56,30,56,0,2,T360,AA2314,0,23
2026-08-01T08:17:23.564Z,deep_scan,20260801073922_MT4-AP1-26-56,30,56,0,7,T408/6,AA7406,1,6
2026-08-01T08:17:23.564Z,deep_scan,20260801073922_MT4-AP1-26-56,30,56,0,9,M239/1,AA7445,0,30
2026-08-01T08:17:23.564Z,deep_scan,20260801073922_MT4-AP1-26-56,30,56,0,13,M92,AA7402,0,6
2026-08-01T08:17:23.564Z,deep_scan,20260801073922_MT4-AP1-26-56,30,56,0,16,T342,AA7359,1,24
2026-08-01T08:17:53.560Z,deep_scan,20260801073922_MT4-AP1-26-56,30,56,0,2,T360,AA2314,0,23
2026-08-01T08:17:53.560Z,deep_scan,20260801073922_MT4-AP1-26-56,30,56,0,7,T408/6,AA7406,0,26
2026-08-01T08:17:53.560Z,deep_scan,20260801073922_MT4-AP1-26-56,30,56,0,10,M254,AA7445,1,8
2026-08-01T08:17:53.560Z,deep_scan,20260801073922_MT4-AP1-26-56,30,56,0,13,M92,AA7402,0,2
2026-08-01T08:17:53.560Z,deep_scan,20260801073922_MT4-AP1-26-56,30,56,0,16,T342,AA7359,0,41
2026-08-01T08:18:23.602Z,deep_scan,20260801073922_MT4-AP1-26-56,30,56,0,2,T360,AA2314,0,22
2026-08-01T08:18:23.602Z,deep_scan,20260801073922_MT4-AP1-26-56,30,56,0,7,T408/6,AA7406,0,30
2026-08-01T08:18:23.602Z,deep_scan,20260801073922_MT4-AP1-26-56,30,56,0,10,M254,AA7445,0,9
2026-08-01T08:18:23.602Z,deep_scan,20260801073922_MT4-AP1-26-56,30,56,0,13,M92,AA7402,0,27
2026-08-01T08:18:23.602Z,deep_scan,20260801073922_MT4-AP1-26-56,30,56,0,17,T409,AA7359,1,25
2026-08-01T08:18:53.564Z,deep_scan,20260801073922_MT4-AP1-26-56,30,56,0,2,T360,AA2314,0,4
2026-08-01T08:18:53.564Z,deep_scan,20260801073922_MT4-AP1-26-56,30,56,0,7,T408/6,AA7406,0,28
2026-08-01T08:18:53.564Z,deep_scan,20260801073922_MT4-AP1-26-56,30,56,0,10,M254,AA7445,0,20
2026-08-01T08:18:53.564Z,deep_scan,20260801073922_MT4-AP1-26-56,30,56,0,14,M272,AA7402,1,4
2026-08-01T08:18:53.564Z,deep_scan,20260801073922_MT4-AP1-26-56,30,56,0,17,T409,AA7359,0,33
2026-08-01T08:19:23.640Z,deep_scan,20260801073922_MT4-AP1-26-56,30,56,0,3,T376/2,AA2314,1,12
2026-08-01T08:19:23.640Z,deep_scan,20260801073922_MT4-AP1-26-56,30,56,0,8,T343,AA7406,1,2
2026-08-01T08:19:23.640Z,deep_scan,20260801073922_MT4-AP1-26-56,30,56,0,10,M254,AA7445,0,1
2026-08-01T08:19:23.640Z,deep_scan,20260801073922_MT4-AP1-26-56,30,56,0,14,M272,AA7402,0,6
2026-08-01T08:19:23.640Z,deep_scan,20260801073922_MT4-AP1-26-56,30,56,0,17,T409,AA7359,0,22
2026-08-01T08:19:53.590Z,deep_scan,20260801073922_MT4-AP1-26-56,30,56,0,3,T376/2,AA2314,1,2
2026-08-01T08:19:53.590Z,deep_scan,20260801073922_MT4-AP1-26-56,30,56,0,8,T343,AA7406,0,34
2026-08-01T08:19:53.590Z,deep_scan,20260801073922_MT4-AP1-26-56,30,56,0,10,M254,AA7445,0,30
2026-08-01T08:19:53.590Z,deep_scan,20260801073922_MT4-AP1-26-56,30,56,0,14,M272,AA7402,0,6
2026-08-01T08:19:53.590Z,deep_scan,20260801073922_MT4-AP1-26-56,30,56,0,18,T313,AA7359,1,4
2026-08-01T08:20:23.666Z,deep_scan,20260801073922_MT4-AP1-26-56,30,56,0,3,T376/2,AA2314,1,2
2026-08-01T08:20:23.666Z,deep_scan,20260801073922_MT4-AP1-26-56,30,56,0,8,T343,AA7406,0,33
2026-08-01T08:20:23.666Z,deep_scan,20260801073922_MT4-AP1-26-56,30,56,0,11,M117,AA7445,1,33
2026-08-01T08:20:23.666Z,deep_scan,20260801073922_MT4-AP1-26-56,30,56,0,14,M272,AA7402,0,24
2026-08-01T08:20:23.666Z,deep_scan,20260801073922_MT4-AP1-26-56,30,56,0,18,T313,AA7359,0,13
2026-08-01T08:20:53.652Z,deep_scan,20260801073922_MT4-AP1-26-56,30,56,0,3,T376/2,AA2314,1,12
2026-08-01T08:20:53.652Z,deep_scan,20260801073922_MT4-AP1-26-56,30,56,0,8,T343,AA7406,0,28
2026-08-01T08:20:53.652Z,deep_scan,20260801073922_MT4-AP1-26-56,30,56,0,11,M117,AA7445,0,2
2026-08-01T08:20:53.652Z,deep_scan,20260801073922_MT4-AP1-26-56,30,56,0,14,M272,AA7402,0,35
2026-08-01T08:20:53.652Z,deep_scan,20260801073922_MT4-AP1-26-56,30,56,0,19,T315,AA7359,0,24
2026-08-01T08:21:23.656Z,deep_scan,20260801073922_MT4-AP1-26-56,30,56,0,3,T376/2,AA2314,1,12
2026-08-01T08:21:23.656Z,deep_scan,20260801073922_MT4-AP1-26-56,30,56,0,8,T343,AA7406,0,31
2026-08-01T08:21:23.656Z,deep_scan,20260801073922_MT4-AP1-26-56,30,56,0,12,M155,AA7445,1,26
2026-08-01T08:21:23.656Z,deep_scan,20260801073922_MT4-AP1-26-56,30,56,0,14,M272,AA7402,0,15
2026-08-01T08:21:23.656Z,deep_scan,20260801073922_MT4-AP1-26-56,30,56,0,19,T315,AA7359,0,18
2026-08-01T08:21:53.656Z,deep_scan,20260801073922_MT4-AP1-26-56,30,56,0,3,T376/2,AA2314,1,12
2026-08-01T08:21:53.656Z,deep_scan,20260801073922_MT4-AP1-26-56,30,56,0,8,T343,AA7406,0,36
2026-08-01T08:21:53.656Z,deep_scan,20260801073922_MT4-AP1-26-56,30,56,0,12,M155,AA7445,1,4
2026-08-01T08:21:53.656Z,deep_scan,20260801073922_MT4-AP1-26-56,30,56,0,14,M272,AA7402,0,3
2026-08-01T08:21:53.656Z,deep_scan,20260801073922_MT4-AP1-26-56,30,56,0,19,T315,AA7359,0,21
2026-08-01T08:22:23.644Z,deep_scan,20260801073922_MT4-AP1-26-56,30,56,0,3,T376/2,AA2314,0,11
2026-08-01T08:22:23.644Z,deep_scan,20260801073922_MT4-AP1-26-56,30,56,0,8,T343,AA7406,0,25
2026-08-01T08:22:23.644Z,deep_scan,20260801073922_MT4-AP1-26-56,30,56,0,12,M155,AA7445,0,27
2026-08-01T08:22:23.644Z,deep_scan,20260801073922_MT4-AP1-26-56,30,56,0,15,M61/2,AA7402,1,31
2026-08-01T08:22:23.644Z,deep_scan,20260801073922_MT4-AP1-26-56,30,56,0,19,T315,AA7359,0,24
2026-08-01T08:22:53.560Z,deep_scan,20260801073922_MT4-AP1-26-56,30,56,0,3,T376/2,AA2314,0,8
2026-08-01T08:22:53.560Z,deep_scan,20260801073922_MT4-AP1-26-56,30,56,0,8,T343,AA7406,0,3
2026-08-01T08:22:53.560Z,deep_scan,20260801073922_MT4-AP1-26-56,30,56,0,12,M155,AA7445,0,50
2026-08-01T08:22:53.560Z,deep_scan,20260801073922_MT4-AP1-26-56,30,56,0,15,M61/2,AA7402,1,16
2026-08-01T08:22:53.560Z,deep_scan,20260801073922_MT4-AP1-26-56,30,56,0,20,T375,AA7359,1,2
2026-08-01T08:23:23.700Z,deep_scan,20260801073922_MT4-AP1-26-56,30,56,0,3,T376/2,AA2314,0,1
2026-08-01T08:23:23.700Z,deep_scan,20260801073922_MT4-AP1-26-56,30,56,0,8,T343,AA7406,0,3
2026-08-01T08:23:23.700Z,deep_scan,20260801073922_MT4-AP1-26-56,30,56,0,12,M155,AA7445,0,39
2026-08-01T08:23:23.700Z,deep_scan,20260801073922_MT4-AP1-26-56,30,56,0,15,M61/2,AA7402,0,19
2026-08-01T08:23:23.700Z,deep_scan,20260801073922_MT4-AP1-26-56,30,56,0,20,T375,AA7359,0,27
2026-08-01T08:23:53.671Z,deep_scan,20260801073922_MT4-AP1-26-56,30,56,0,0,C690/6,AA2619,1,14
2026-08-01T08:23:53.671Z,deep_scan,20260801073922_MT4-AP1-26-56,30,56,0,3,T376/2,AA2314,0,1
2026-08-01T08:23:53.671Z,deep_scan,20260801073922_MT4-AP1-26-56,30,56,0,8,T343,AA7406,0,26
2026-08-01T08:23:53.671Z,deep_scan,20260801073922_MT4-AP1-26-56,30,56,0,12,M155,AA7445,0,25
2026-08-01T08:23:53.671Z,deep_scan,20260801073922_MT4-AP1-26-56,30,56,0,15,M61/2,AA7402,0,20
2026-08-01T08:23:53.671Z,deep_scan,20260801073922_MT4-AP1-26-56,30,56,0,21,T380,AA7359,1,22
2026-08-01T08:24:23.705Z,deep_scan,20260801073922_MT4-AP1-26-56,30,56,0,0,C690/6,AA2619,1,14
2026-08-01T08:24:23.705Z,deep_scan,20260801073922_MT4-AP1-26-56,30,56,0,3,T376/2,AA2314,0,1
2026-08-01T08:24:23.705Z,deep_scan,20260801073922_MT4-AP1-26-56,30,56,0,8,T343,AA7406,0,31
2026-08-01T08:24:23.705Z,deep_scan,20260801073922_MT4-AP1-26-56,30,56,0,12,M155,AA7445,0,6
2026-08-01T08:24:23.705Z,deep_scan,20260801073922_MT4-AP1-26-56,30,56,0,15,M61/2,AA7402,0,37
2026-08-01T08:24:23.705Z,deep_scan,20260801073922_MT4-AP1-26-56,30,56,0,21,T380,AA7359,0,37
2026-08-01T08:24:53.701Z,deep_scan,20260801073922_MT4-AP1-26-56,30,56,0,0,C690/6,AA2619,0,14
2026-08-01T08:24:53.701Z,deep_scan,20260801073922_MT4-AP1-26-56,30,56,0,3,T376/2,AA2314,0,5
2026-08-01T08:24:53.701Z,deep_scan,20260801073922_MT4-AP1-26-56,30,56,0,8,T343,AA7406,0,44
2026-08-01T08:24:53.701Z,deep_scan,20260801073922_MT4-AP1-26-56,30,56,0,12,M155,AA7445,0,21
2026-08-01T08:24:53.701Z,deep_scan,20260801073922_MT4-AP1-26-56,30,56,0,15,M61/2,AA7402,0,44
2026-08-01T08:24:53.701Z,deep_scan,20260801073922_MT4-AP1-26-56,30,56,0,22,T379,AA7359,1,13
2026-08-01T08:25:23.708Z,deep_scan,20260801073922_MT4-AP1-26-56,30,56,0,1,C689/2,AA2619,1,14
2026-08-01T08:25:23.708Z,deep_scan,20260801073922_MT4-AP1-26-56,30,56,0,3,T376/2,AA2314,0,8
2026-08-01T08:25:23.708Z,deep_scan,20260801073922_MT4-AP1-26-56,30,56,0,8,T343,AA7406,0,42
2026-08-01T08:25:23.708Z,deep_scan,20260801073922_MT4-AP1-26-56,30,56,0,12,M155,AA7445,0,1
2026-08-01T08:25:23.708Z,deep_scan,20260801073922_MT4-AP1-26-56,30,56,0,15,M61/2,AA7402,0,39
2026-08-01T08:25:23.708Z,deep_scan,20260801073922_MT4-AP1-26-56,30,56,0,22,T379,AA7359,0,21
2026-08-01T08:25:53.688Z,deep_scan,20260801073922_MT4-AP1-26-56,30,56,0,1,C689/2,AA2619,1,14
2026-08-01T08:25:53.688Z,deep_scan,20260801073922_MT4-AP1-26-56,30,56,0,3,T376/2,AA2314,0,8
2026-08-01T08:25:53.688Z,deep_scan,20260801073922_MT4-AP1-26-56,30,56,0,8,T343,AA7406,0,40
2026-08-01T08:25:53.688Z,deep_scan,20260801073922_MT4-AP1-26-56,30,56,0,12,M155,AA7445,0,6
2026-08-01T08:25:53.688Z,deep_scan,20260801073922_MT4-AP1-26-56,30,56,0,15,M61/2,AA7402,0,41
2026-08-01T08:25:53.688Z,deep_scan,20260801073922_MT4-AP1-26-56,30,56,0,22,T379,AA7359,0,47
2026-08-01T08:26:23.781Z,deep_scan,20260801073922_MT4-AP1-26-56,30,56,0,1,C689/2,AA2619,1,14
2026-08-01T08:26:23.781Z,deep_scan,20260801073922_MT4-AP1-26-56,30,56,0,3,T376/2,AA2314,0,5
2026-08-01T08:26:23.781Z,deep_scan,20260801073922_MT4-AP1-26-56,30,56,0,8,T343,AA7406,0,48
2026-08-01T08:26:23.781Z,deep_scan,20260801073922_MT4-AP1-26-56,30,56,0,12,M155,AA7445,0,3
2026-08-01T08:26:23.781Z,deep_scan,20260801073922_MT4-AP1-26-56,30,56,0,15,M61/2,AA7402,0,39
2026-08-01T08:26:23.781Z,deep_scan,20260801073922_MT4-AP1-26-56,30,56,0,22,T379,AA7359,0,31
2026-08-01T08:26:53.735Z,deep_scan,20260801073922_MT4-AP1-26-56,30,56,0,1,C689/2,AA2619,0,17
2026-08-01T08:26:53.735Z,deep_scan,20260801073922_MT4-AP1-26-56,30,56,0,3,T376/2,AA2314,0,5
2026-08-01T08:26:53.735Z,deep_scan,20260801073922_MT4-AP1-26-56,30,56,0,8,T343,AA7406,0,48
2026-08-01T08:26:53.735Z,deep_scan,20260801073922_MT4-AP1-26-56,30,56,0,12,M155,AA7445,0,6
2026-08-01T08:26:53.735Z,deep_scan,20260801073922_MT4-AP1-26-56,30,56,0,15,M61/2,AA7402,0,36
2026-08-01T08:26:53.735Z,deep_scan,20260801073922_MT4-AP1-26-56,30,56,0,22,T379,AA7359,0,41
2026-08-01T08:27:23.718Z,deep_scan,20260801073922_MT4-AP1-26-56,30,56,0,1,C689/2,AA2619,0,45
2026-08-01T08:27:23.718Z,deep_scan,20260801073922_MT4-AP1-26-56,30,56,0,3,T376/2,AA2314,0,3
2026-08-01T08:27:23.718Z,deep_scan,20260801073922_MT4-AP1-26-56,30,56,0,8,T343,AA7406,0,44
2026-08-01T08:27:23.718Z,deep_scan,20260801073922_MT4-AP1-26-56,30,56,0,13,M92,AA7445,1,9
2026-08-01T08:27:23.718Z,deep_scan,20260801073922_MT4-AP1-26-56,30,56,0,15,M61/2,AA7402,0,41
2026-08-01T08:27:23.718Z,deep_scan,20260801073922_MT4-AP1-26-56,30,56,0,22,T379,AA7359,0,47
2026-08-01T08:27:53.631Z,deep_scan,20260801073922_MT4-AP1-26-56,30,56,0,1,C689/2,AA2619,0,44
2026-08-01T08:27:53.631Z,deep_scan,20260801073922_MT4-AP1-26-56,30,56,0,3,T376/2,AA2314,0,22
2026-08-01T08:27:53.631Z,deep_scan,20260801073922_MT4-AP1-26-56,30,56,0,8,T343,AA7406,0,43
2026-08-01T08:27:53.631Z,deep_scan,20260801073922_MT4-AP1-26-56,30,56,0,13,M92,AA7445,1,4
2026-08-01T08:27:53.631Z,deep_scan,20260801073922_MT4-AP1-26-56,30,56,0,15,M61/2,AA7402,0,42
2026-08-01T08:27:53.631Z,deep_scan,20260801073922_MT4-AP1-26-56,30,56,0,22,T379,AA7359,0,11
2026-08-01T08:28:23.718Z,deep_scan,20260801073922_MT4-AP1-26-56,30,56,0,1,C689/2,AA2619,0,35
2026-08-01T08:28:23.718Z,deep_scan,20260801073922_MT4-AP1-26-56,30,56,0,4,T363/2,AA2314,1,14
2026-08-01T08:28:23.718Z,deep_scan,20260801073922_MT4-AP1-26-56,30,56,0,8,T343,AA7406,0,47
2026-08-01T08:28:23.718Z,deep_scan,20260801073922_MT4-AP1-26-56,30,56,0,13,M92,AA7445,1,4
2026-08-01T08:28:23.718Z,deep_scan,20260801073922_MT4-AP1-26-56,30,56,0,15,M61/2,AA7402,0,46
2026-08-01T08:28:23.718Z,deep_scan,20260801073922_MT4-AP1-26-56,30,56,0,23,C688/2,AA7359,1,10
2026-08-01T08:28:53.722Z,deep_scan,20260801073922_MT4-AP1-26-56,30,56,0,2,T360,AA2619,0,14
2026-08-01T08:28:53.722Z,deep_scan,20260801073922_MT4-AP1-26-56,30,56,0,4,T363/2,AA2314,1,2
2026-08-01T08:28:53.722Z,deep_scan,20260801073922_MT4-AP1-26-56,30,56,0,8,T343,AA7406,0,47
2026-08-01T08:28:53.722Z,deep_scan,20260801073922_MT4-AP1-26-56,30,56,0,13,M92,AA7445,0,12
2026-08-01T08:28:53.722Z,deep_scan,20260801073922_MT4-AP1-26-56,30,56,0,15,M61/2,AA7402,0,48
2026-08-01T08:28:53.722Z,deep_scan,20260801073922_MT4-AP1-26-56,30,56,0,23,C688/2,AA7359,0,10
2026-08-01T08:29:23.739Z,deep_scan,20260801073922_MT4-AP1-26-56,30,56,0,2,T360,AA2619,0,10
2026-08-01T08:29:23.739Z,deep_scan,20260801073922_MT4-AP1-26-56,30,56,0,4,T363/2,AA2314,1,2
2026-08-01T08:29:23.739Z,deep_scan,20260801073922_MT4-AP1-26-56,30,56,0,8,T343,AA7406,0,44
2026-08-01T08:29:23.739Z,deep_scan,20260801073922_MT4-AP1-26-56,30,56,0,13,M92,AA7445,0,12
2026-08-01T08:29:23.739Z,deep_scan,20260801073922_MT4-AP1-26-56,30,56,0,15,M61/2,AA7402,0,46
2026-08-01T08:29:23.739Z,deep_scan,20260801073922_MT4-AP1-26-56,30,56,0,24,C690/6,AA7359,1,0
2026-08-01T08:29:53.777Z,deep_scan,20260801073922_MT4-AP1-26-56,30,56,0,2,T360,AA2619,0,9
2026-08-01T08:29:53.777Z,deep_scan,20260801073922_MT4-AP1-26-56,30,56,0,4,T363/2,AA2314,0,7
2026-08-01T08:29:53.777Z,deep_scan,20260801073922_MT4-AP1-26-56,30,56,0,8,T343,AA7406,0,50
2026-08-01T08:29:53.777Z,deep_scan,20260801073922_MT4-AP1-26-56,30,56,0,13,M92,AA7445,0,12
2026-08-01T08:29:53.777Z,deep_scan,20260801073922_MT4-AP1-26-56,30,56,0,15,M61/2,AA7402,0,47
2026-08-01T08:29:53.777Z,deep_scan,20260801073922_MT4-AP1-26-56,30,56,0,24,C690/6,AA7359,1,0
2026-08-01T08:30:23.748Z,deep_scan,20260801073922_MT4-AP1-26-56,30,56,0,2,T360,AA2619,0,5
2026-08-01T08:30:23.748Z,deep_scan,20260801073922_MT4-AP1-26-56,30,56,0,4,T363/2,AA2314,0,29
2026-08-01T08:30:23.748Z,deep_scan,20260801073922_MT4-AP1-26-56,30,56,0,8,T343,AA7406,0,49
2026-08-01T08:30:23.748Z,deep_scan,20260801073922_MT4-AP1-26-56,30,56,0,13,M92,AA7445,0,18
2026-08-01T08:30:23.748Z,deep_scan,20260801073922_MT4-AP1-26-56,30,56,0,15,M61/2,AA7402,0,47
2026-08-01T08:30:23.748Z,deep_scan,20260801073922_MT4-AP1-26-56,30,56,0,24,C690/6,AA7359,1,0
2026-08-01T08:30:53.756Z,deep_scan,20260801073922_MT4-AP1-26-56,30,56,0,3,T376/2,AA2619,1,6
2026-08-01T08:30:53.756Z,deep_scan,20260801073922_MT4-AP1-26-56,30,56,0,5,T306,AA2314,1,38
2026-08-01T08:30:53.756Z,deep_scan,20260801073922_MT4-AP1-26-56,30,56,0,8,T343,AA7406,0,40
2026-08-01T08:30:53.756Z,deep_scan,20260801073922_MT4-AP1-26-56,30,56,0,14,M272,AA7445,1,16
2026-08-01T08:30:53.756Z,deep_scan,20260801073922_MT4-AP1-26-56,30,56,0,15,M61/2,AA7402,0,47
2026-08-01T08:30:53.756Z,deep_scan,20260801073922_MT4-AP1-26-56,30,56,0,24,C690/6,AA7359,1,0
2026-08-01T08:31:23.765Z,deep_scan,20260801073922_MT4-AP1-26-56,30,56,0,3,T376/2,AA2619,1,1
2026-08-01T08:31:23.765Z,deep_scan,20260801073922_MT4-AP1-26-56,30,56,0,5,T306,AA2314,0,26
2026-08-01T08:31:23.765Z,deep_scan,20260801073922_MT4-AP1-26-56,30,56,0,8,T343,AA7406,0,36
2026-08-01T08:31:23.765Z,deep_scan,20260801073922_MT4-AP1-26-56,30,56,0,14,M272,AA7445,1,11
2026-08-01T08:31:23.765Z,deep_scan,20260801073922_MT4-AP1-26-56,30,56,0,15,M61/2,AA7402,0,46
2026-08-01T08:31:23.765Z,deep_scan,20260801073922_MT4-AP1-26-56,30,56,0,24,C690/6,AA7359,1,0
2026-08-01T08:31:53.762Z,deep_scan,20260801073922_MT4-AP1-26-56,30,56,0,3,T376/2,AA2619,1,5
2026-08-01T08:31:53.762Z,deep_scan,20260801073922_MT4-AP1-26-56,30,56,0,5,T306,AA2314,0,42
2026-08-01T08:31:53.762Z,deep_scan,20260801073922_MT4-AP1-26-56,30,56,0,9,M239/1,AA7406,1,31
2026-08-01T08:31:53.762Z,deep_scan,20260801073922_MT4-AP1-26-56,30,56,0,14,M272,AA7445,0,14
2026-08-01T08:31:53.762Z,deep_scan,20260801073922_MT4-AP1-26-56,30,56,0,15,M61/2,AA7402,0,39
2026-08-01T08:31:53.762Z,deep_scan,20260801073922_MT4-AP1-26-56,30,56,0,24,C690/6,AA7359,1,0
2026-08-01T08:32:23.774Z,deep_scan,20260801073922_MT4-AP1-26-56,30,56,0,3,T376/2,AA2619,1,2
2026-08-01T08:32:23.774Z,deep_scan,20260801073922_MT4-AP1-26-56,30,56,0,6,T314/2,AA2314,1,45
2026-08-01T08:32:23.774Z,deep_scan,20260801073922_MT4-AP1-26-56,30,56,0,9,M239/1,AA7406,0,15
2026-08-01T08:32:23.774Z,deep_scan,20260801073922_MT4-AP1-26-56,30,56,0,14,M272,AA7445,0,17
2026-08-01T08:32:23.774Z,deep_scan,20260801073922_MT4-AP1-26-56,30,56,0,15,M61/2,AA7402,0,40
2026-08-01T08:32:23.774Z,deep_scan,20260801073922_MT4-AP1-26-56,30,56,0,24,C690/6,AA7359,1,0
2026-08-01T08:32:53.791Z,deep_scan,20260801073922_MT4-AP1-26-56,30,56,0,3,T376/2,AA2619,0,12
2026-08-01T08:32:53.791Z,deep_scan,20260801073922_MT4-AP1-26-56,30,56,0,6,T314/2,AA2314,0,26
2026-08-01T08:32:53.791Z,deep_scan,20260801073922_MT4-AP1-26-56,30,56,0,10,M254,AA7406,1,36
2026-08-01T08:32:53.791Z,deep_scan,20260801073922_MT4-AP1-26-56,30,56,0,14,M272,AA7445,0,38
2026-08-01T08:32:53.791Z,deep_scan,20260801073922_MT4-AP1-26-56,30,56,0,16,T342,AA7402,1,14
2026-08-01T08:32:53.791Z,deep_scan,20260801073922_MT4-AP1-26-56,30,56,0,24,C690/6,AA7359,1,0
2026-08-01T08:33:23.856Z,deep_scan,20260801073922_MT4-AP1-26-56,30,56,0,3,T376/2,AA2619,0,2
2026-08-01T08:33:23.856Z,deep_scan,20260801073922_MT4-AP1-26-56,30,56,0,6,T314/2,AA2314,0,27
2026-08-01T08:33:23.856Z,deep_scan,20260801073922_MT4-AP1-26-56,30,56,0,10,M254,AA7406,1,15
2026-08-01T08:33:23.856Z,deep_scan,20260801073922_MT4-AP1-26-56,30,56,0,14,M272,AA7445,0,4
2026-08-01T08:33:23.856Z,deep_scan,20260801073922_MT4-AP1-26-56,30,56,0,16,T342,AA7402,1,14
2026-08-01T08:33:23.856Z,deep_scan,20260801073922_MT4-AP1-26-56,30,56,0,24,C690/6,AA7359,1,0
2026-08-01T08:33:53.777Z,deep_scan,20260801073922_MT4-AP1-26-56,30,56,0,3,T376/2,AA2619,0,31
2026-08-01T08:33:53.777Z,deep_scan,20260801073922_MT4-AP1-26-56,30,56,0,7,T408/6,AA2314,1,18
2026-08-01T08:33:53.777Z,deep_scan,20260801073922_MT4-AP1-26-56,30,56,0,10,M254,AA7406,0,26
2026-08-01T08:33:53.777Z,deep_scan,20260801073922_MT4-AP1-26-56,30,56,0,14,M272,AA7445,0,1
2026-08-01T08:33:53.777Z,deep_scan,20260801073922_MT4-AP1-26-56,30,56,0,16,T342,AA7402,0,40
2026-08-01T08:34:23.847Z,deep_scan,20260801073922_MT4-AP1-26-56,30,56,0,3,T376/2,AA2619,0,6
2026-08-01T08:34:23.847Z,deep_scan,20260801073922_MT4-AP1-26-56,30,56,0,7,T408/6,AA2314,0,23
2026-08-01T08:34:23.847Z,deep_scan,20260801073922_MT4-AP1-26-56,30,56,0,10,M254,AA7406,0,12
2026-08-01T08:34:23.847Z,deep_scan,20260801073922_MT4-AP1-26-56,30,56,0,15,M61/2,AA7445,1,8
2026-08-01T08:34:23.847Z,deep_scan,20260801073922_MT4-AP1-26-56,30,56,0,17,T409,AA7402,1,23
2026-08-01T08:34:53.793Z,deep_scan,20260801073922_MT4-AP1-26-56,30,56,0,3,T376/2,AA2619,0,6
2026-08-01T08:34:53.793Z,deep_scan,20260801073922_MT4-AP1-26-56,30,56,0,7,T408/6,AA2314,0,24
2026-08-01T08:34:53.793Z,deep_scan,20260801073922_MT4-AP1-26-56,30,56,0,10,M254,AA7406,0,20
2026-08-01T08:34:53.793Z,deep_scan,20260801073922_MT4-AP1-26-56,30,56,0,15,M61/2,AA7445,0,3
2026-08-01T08:34:53.793Z,deep_scan,20260801073922_MT4-AP1-26-56,30,56,0,17,T409,AA7402,0,8
2026-08-01T08:35:23.881Z,deep_scan,20260801073922_MT4-AP1-26-56,30,56,0,3,T376/2,AA2619,0,17
2026-08-01T08:35:23.881Z,deep_scan,20260801073922_MT4-AP1-26-56,30,56,0,7,T408/6,AA2314,0,3
2026-08-01T08:35:23.881Z,deep_scan,20260801073922_MT4-AP1-26-56,30,56,0,11,M117,AA7406,1,15
2026-08-01T08:35:23.881Z,deep_scan,20260801073922_MT4-AP1-26-56,30,56,0,15,M61/2,AA7445,0,3
2026-08-01T08:35:23.881Z,deep_scan,20260801073922_MT4-AP1-26-56,30,56,0,17,T409,AA7402,0,21
2026-08-01T08:35:53.821Z,deep_scan,20260801073922_MT4-AP1-26-56,30,56,0,4,T363/2,AA2619,1,8
2026-08-01T08:35:53.821Z,deep_scan,20260801073922_MT4-AP1-26-56,30,56,0,8,T343,AA2314,1,20
2026-08-01T08:35:53.821Z,deep_scan,20260801073922_MT4-AP1-26-56,30,56,0,11,M117,AA7406,0,35
2026-08-01T08:35:53.821Z,deep_scan,20260801073922_MT4-AP1-26-56,30,56,0,15,M61/2,AA7445,0,3
2026-08-01T08:35:53.821Z,deep_scan,20260801073922_MT4-AP1-26-56,30,56,0,18,T313,AA7402,1,17
2026-08-01T08:36:23.816Z,deep_scan,20260801073922_MT4-AP1-26-56,30,56,0,4,T363/2,AA2619,1,3
2026-08-01T08:36:23.816Z,deep_scan,20260801073922_MT4-AP1-26-56,30,56,0,8,T343,AA2314,0,43
2026-08-01T08:36:23.816Z,deep_scan,20260801073922_MT4-AP1-26-56,30,56,0,12,M155,AA7406,1,17
2026-08-01T08:36:23.816Z,deep_scan,20260801073922_MT4-AP1-26-56,30,56,0,15,M61/2,AA7445,0,19
2026-08-01T08:36:23.816Z,deep_scan,20260801073922_MT4-AP1-26-56,30,56,0,18,T313,AA7402,0,7
2026-08-01T08:36:53.867Z,deep_scan,20260801073922_MT4-AP1-26-56,30,56,0,4,T363/2,AA2619,0,11
2026-08-01T08:36:53.867Z,deep_scan,20260801073922_MT4-AP1-26-56,30,56,0,8,T343,AA2314,0,41
2026-08-01T08:36:53.867Z,deep_scan,20260801073922_MT4-AP1-26-56,30,56,0,12,M155,AA7406,0,37
2026-08-01T08:36:53.867Z,deep_scan,20260801073922_MT4-AP1-26-56,30,56,0,15,M61/2,AA7445,0,48
2026-08-01T08:36:53.867Z,deep_scan,20260801073922_MT4-AP1-26-56,30,56,0,19,T315,AA7402,1,33
2026-08-01T08:37:23.847Z,deep_scan,20260801073922_MT4-AP1-26-56,30,56,0,4,T363/2,AA2619,0,9
2026-08-01T08:37:23.847Z,deep_scan,20260801073922_MT4-AP1-26-56,30,56,0,8,T343,AA2314,0,36
2026-08-01T08:37:23.847Z,deep_scan,20260801073922_MT4-AP1-26-56,30,56,0,12,M155,AA7406,0,23
2026-08-01T08:37:23.847Z,deep_scan,20260801073922_MT4-AP1-26-56,30,56,0,15,M61/2,AA7445,0,41
2026-08-01T08:37:23.847Z,deep_scan,20260801073922_MT4-AP1-26-56,30,56,0,19,T315,AA7402,0,36
2026-08-01T08:37:53.837Z,deep_scan,20260801073922_MT4-AP1-26-56,30,56,0,4,T363/2,AA2619,0,29
2026-08-01T08:37:53.837Z,deep_scan,20260801073922_MT4-AP1-26-56,30,56,0,8,T343,AA2314,0,46
2026-08-01T08:37:53.837Z,deep_scan,20260801073922_MT4-AP1-26-56,30,56,0,12,M155,AA7406,0,36
2026-08-01T08:37:53.837Z,deep_scan,20260801073922_MT4-AP1-26-56,30,56,0,15,M61/2,AA7445,0,28
2026-08-01T08:37:53.837Z,deep_scan,20260801073922_MT4-AP1-26-56,30,56,0,19,T315,AA7402,0,34
2026-08-01T08:38:23.834Z,deep_scan,20260801073922_MT4-AP1-26-56,30,56,0,4,T363/2,AA2619,0,26
2026-08-01T08:38:23.834Z,deep_scan,20260801073922_MT4-AP1-26-56,30,56,0,8,T343,AA2314,0,9
2026-08-01T08:38:23.834Z,deep_scan,20260801073922_MT4-AP1-26-56,30,56,0,12,M155,AA7406,0,29
2026-08-01T08:38:23.834Z,deep_scan,20260801073922_MT4-AP1-26-56,30,56,0,15,M61/2,AA7445,0,36
2026-08-01T08:38:23.834Z,deep_scan,20260801073922_MT4-AP1-26-56,30,56,0,20,T375,AA7402,1,29
2026-08-01T08:38:53.851Z,deep_scan,20260801073922_MT4-AP1-26-56,30,56,0,0,C690/6,AA7359,1,10
2026-08-01T08:38:53.851Z,deep_scan,20260801073922_MT4-AP1-26-56,30,56,0,5,T306,AA2619,0,31
2026-08-01T08:38:53.851Z,deep_scan,20260801073922_MT4-AP1-26-56,30,56,0,8,T343,AA2314,0,23
2026-08-01T08:38:53.851Z,deep_scan,20260801073922_MT4-AP1-26-56,30,56,0,12,M155,AA7406,0,38
2026-08-01T08:38:53.851Z,deep_scan,20260801073922_MT4-AP1-26-56,30,56,0,15,M61/2,AA7445,0,37
2026-08-01T08:38:53.851Z,deep_scan,20260801073922_MT4-AP1-26-56,30,56,0,20,T375,AA7402,1,25
2026-08-01T08:39:23.903Z,deep_scan,20260801073922_MT4-AP1-26-56,30,56,0,0,C690/6,AA7359,0,10
2026-08-01T08:39:23.903Z,deep_scan,20260801073922_MT4-AP1-26-56,30,56,0,5,T306,AA2619,0,28
2026-08-01T08:39:23.903Z,deep_scan,20260801073922_MT4-AP1-26-56,30,56,0,8,T343,AA2314,0,26
2026-08-01T08:39:23.903Z,deep_scan,20260801073922_MT4-AP1-26-56,30,56,0,12,M155,AA7406,0,25
2026-08-01T08:39:23.903Z,deep_scan,20260801073922_MT4-AP1-26-56,30,56,0,15,M61/2,AA7445,0,34
2026-08-01T08:39:23.903Z,deep_scan,20260801073922_MT4-AP1-26-56,30,56,0,20,T375,AA7402,0,20
2026-08-01T08:39:53.913Z,deep_scan,20260801073922_MT4-AP1-26-56,30,56,0,1,C689/2,AA7359,1,10
2026-08-01T08:39:53.913Z,deep_scan,20260801073922_MT4-AP1-26-56,30,56,0,5,T306,AA2619,0,8
2026-08-01T08:39:53.913Z,deep_scan,20260801073922_MT4-AP1-26-56,30,56,0,8,T343,AA2314,0,38
2026-08-01T08:39:53.913Z,deep_scan,20260801073922_MT4-AP1-26-56,30,56,0,12,M155,AA7406,0,3
2026-08-01T08:39:53.913Z,deep_scan,20260801073922_MT4-AP1-26-56,30,56,0,15,M61/2,AA7445,0,3
2026-08-01T08:39:53.913Z,deep_scan,20260801073922_MT4-AP1-26-56,30,56,0,21,T380,AA7402,1,26
2026-08-01T08:40:23.923Z,deep_scan,20260801073922_MT4-AP1-26-56,30,56,0,1,C689/2,AA7359,1,10
2026-08-01T08:40:23.923Z,deep_scan,20260801073922_MT4-AP1-26-56,30,56,0,5,T306,AA2619,0,10
2026-08-01T08:40:23.923Z,deep_scan,20260801073922_MT4-AP1-26-56,30,56,0,8,T343,AA2314,0,42
2026-08-01T08:40:23.923Z,deep_scan,20260801073922_MT4-AP1-26-56,30,56,0,12,M155,AA7406,0,2
2026-08-01T08:40:23.923Z,deep_scan,20260801073922_MT4-AP1-26-56,30,56,0,15,M61/2,AA7445,0,44
2026-08-01T08:40:23.923Z,deep_scan,20260801073922_MT4-AP1-26-56,30,56,0,21,T380,AA7402,1,26
2026-08-01T08:40:53.922Z,deep_scan,20260801073922_MT4-AP1-26-56,30,56,0,1,C689/2,AA7359,1,10
2026-08-01T08:40:53.922Z,deep_scan,20260801073922_MT4-AP1-26-56,30,56,0,6,T314/2,AA2619,1,11
2026-08-01T08:40:53.922Z,deep_scan,20260801073922_MT4-AP1-26-56,30,56,0,8,T343,AA2314,0,23
2026-08-01T08:40:53.922Z,deep_scan,20260801073922_MT4-AP1-26-56,30,56,0,12,M155,AA7406,0,22
2026-08-01T08:40:53.922Z,deep_scan,20260801073922_MT4-AP1-26-56,30,56,0,15,M61/2,AA7445,0,44
2026-08-01T08:40:53.922Z,deep_scan,20260801073922_MT4-AP1-26-56,30,56,0,22,T379,AA7402,1,40
2026-08-01T08:41:23.901Z,deep_scan,20260801073922_MT4-AP1-26-56,30,56,0,1,C689/2,AA7359,1,10
2026-08-01T08:41:23.901Z,deep_scan,20260801073922_MT4-AP1-26-56,30,56,0,6,T314/2,AA2619,1,7
2026-08-01T08:41:23.901Z,deep_scan,20260801073922_MT4-AP1-26-56,30,56,0,8,T343,AA2314,0,31
2026-08-01T08:41:23.901Z,deep_scan,20260801073922_MT4-AP1-26-56,30,56,0,13,M92,AA7406,1,4
2026-08-01T08:41:23.901Z,deep_scan,20260801073922_MT4-AP1-26-56,30,56,0,15,M61/2,AA7445,0,47
2026-08-01T08:41:23.901Z,deep_scan,20260801073922_MT4-AP1-26-56,30,56,0,22,T379,AA7402,1,5
2026-08-01T08:41:53.945Z,deep_scan,20260801073922_MT4-AP1-26-56,30,56,0,1,C689/2,AA7359,0,5
2026-08-01T08:41:53.945Z,deep_scan,20260801073922_MT4-AP1-26-56,30,56,0,6,T314/2,AA2619,1,2
2026-08-01T08:41:53.945Z,deep_scan,20260801073922_MT4-AP1-26-56,30,56,0,8,T343,AA2314,0,47
2026-08-01T08:41:53.945Z,deep_scan,20260801073922_MT4-AP1-26-56,30,56,0,13,M92,AA7406,1,4
2026-08-01T08:41:53.945Z,deep_scan,20260801073922_MT4-AP1-26-56,30,56,0,15,M61/2,AA7445,0,49
2026-08-01T08:41:53.945Z,deep_scan,20260801073922_MT4-AP1-26-56,30,56,0,22,T379,AA7402,0,10
2026-08-01T08:42:23.915Z,deep_scan,20260801073922_MT4-AP1-26-56,30,56,0,1,C689/2,AA7359,0,47
2026-08-01T08:42:23.915Z,deep_scan,20260801073922_MT4-AP1-26-56,30,56,0,6,T314/2,AA2619,1,6
2026-08-01T08:42:23.915Z,deep_scan,20260801073922_MT4-AP1-26-56,30,56,0,8,T343,AA2314,0,47
2026-08-01T08:42:23.915Z,deep_scan,20260801073922_MT4-AP1-26-56,30,56,0,13,M92,AA7406,1,4
2026-08-01T08:42:23.915Z,deep_scan,20260801073922_MT4-AP1-26-56,30,56,0,15,M61/2,AA7445,0,45
2026-08-01T08:42:23.915Z,deep_scan,20260801073922_MT4-AP1-26-56,30,56,0,22,T379,AA7402,0,41
2026-08-01T08:42:53.948Z,deep_scan,20260801073922_MT4-AP1-26-56,30,56,0,1,C689/2,AA7359,0,49
2026-08-01T08:42:53.948Z,deep_scan,20260801073922_MT4-AP1-26-56,30,56,0,6,T314/2,AA2619,0,14
2026-08-01T08:42:53.948Z,deep_scan,20260801073922_MT4-AP1-26-56,30,56,0,8,T343,AA2314,0,43
2026-08-01T08:42:53.948Z,deep_scan,20260801073922_MT4-AP1-26-56,30,56,0,13,M92,AA7406,0,7
2026-08-01T08:42:53.948Z,deep_scan,20260801073922_MT4-AP1-26-56,30,56,0,15,M61/2,AA7445,0,49
2026-08-01T08:42:53.948Z,deep_scan,20260801073922_MT4-AP1-26-56,30,56,0,22,T379,AA7402,0,30
2026-08-01T08:43:23.925Z,deep_scan,20260801073922_MT4-AP1-26-56,30,56,0,1,C689/2,AA7359,0,8
2026-08-01T08:43:23.925Z,deep_scan,20260801073922_MT4-AP1-26-56,30,56,0,7,T408/6,AA2619,1,21
2026-08-01T08:43:23.925Z,deep_scan,20260801073922_MT4-AP1-26-56,30,56,0,8,T343,AA2314,0,43
2026-08-01T08:43:23.925Z,deep_scan,20260801073922_MT4-AP1-26-56,30,56,0,13,M92,AA7406,0,7
2026-08-01T08:43:23.925Z,deep_scan,20260801073922_MT4-AP1-26-56,30,56,0,15,M61/2,AA7445,0,49
2026-08-01T08:43:23.925Z,deep_scan,20260801073922_MT4-AP1-26-56,30,56,0,22,T379,AA7402,0,36
2026-08-01T08:43:53.940Z,deep_scan,20260801073922_MT4-AP1-26-56,30,56,0,2,T360,AA7359,1,31
2026-08-01T08:43:53.940Z,deep_scan,20260801073922_MT4-AP1-26-56,30,56,0,7,T408/6,AA2619,1,12
2026-08-01T08:43:53.940Z,deep_scan,20260801073922_MT4-AP1-26-56,30,56,0,8,T343,AA2314,0,48
2026-08-01T08:43:53.940Z,deep_scan,20260801073922_MT4-AP1-26-56,30,56,0,13,M92,AA7406,0,7
2026-08-01T08:43:53.940Z,deep_scan,20260801073922_MT4-AP1-26-56,30,56,0,15,M61/2,AA7445,0,38
2026-08-01T08:43:53.940Z,deep_scan,20260801073922_MT4-AP1-26-56,30,56,0,22,T379,AA7402,0,42
2026-08-01T08:44:23.938Z,deep_scan,20260801073922_MT4-AP1-26-56,30,56,0,2,T360,AA7359,0,22
2026-08-01T08:44:23.938Z,deep_scan,20260801073922_MT4-AP1-26-56,30,56,0,7,T408/6,AA2619,0,14
2026-08-01T08:44:23.938Z,deep_scan,20260801073922_MT4-AP1-26-56,30,56,0,8,T343,AA2314,0,45
2026-08-01T08:44:23.938Z,deep_scan,20260801073922_MT4-AP1-26-56,30,56,0,13,M92,AA7406,0,27
2026-08-01T08:44:23.938Z,deep_scan,20260801073922_MT4-AP1-26-56,30,56,0,15,M61/2,AA7445,0,36
2026-08-01T08:44:23.938Z,deep_scan,20260801073922_MT4-AP1-26-56,30,56,0,22,T379,AA7402,0,22
2026-08-01T08:44:53.945Z,deep_scan,20260801073922_MT4-AP1-26-56,30,56,0,2,T360,AA7359,0,19
2026-08-01T08:44:53.945Z,deep_scan,20260801073922_MT4-AP1-26-56,30,56,0,7,T408/6,AA2619,0,12
2026-08-01T08:44:53.945Z,deep_scan,20260801073922_MT4-AP1-26-56,30,56,0,8,T343,AA2314,0,46
2026-08-01T08:44:53.945Z,deep_scan,20260801073922_MT4-AP1-26-56,30,56,0,14,M272,AA7406,1,25
2026-08-01T08:44:53.945Z,deep_scan,20260801073922_MT4-AP1-26-56,30,56,0,15,M61/2,AA7445,0,43
2026-08-01T08:44:53.945Z,deep_scan,20260801073922_MT4-AP1-26-56,30,56,0,23,C688/2,AA7402,1,22
2026-08-01T08:45:23.969Z,deep_scan,20260801073922_MT4-AP1-26-56,30,56,0,2,T360,AA7359,0,32
2026-08-01T08:45:23.969Z,deep_scan,20260801073922_MT4-AP1-26-56,30,56,0,7,T408/6,AA2619,0,23
2026-08-01T08:45:23.969Z,deep_scan,20260801073922_MT4-AP1-26-56,30,56,0,8,T343,AA2314,0,48
2026-08-01T08:45:23.969Z,deep_scan,20260801073922_MT4-AP1-26-56,30,56,0,14,M272,AA7406,1,25
2026-08-01T08:45:23.969Z,deep_scan,20260801073922_MT4-AP1-26-56,30,56,0,16,T342,AA7445,1,41
2026-08-01T08:45:23.969Z,deep_scan,20260801073922_MT4-AP1-26-56,30,56,0,23,C688/2,AA7402,0,22
2026-08-01T08:45:54.024Z,deep_scan,20260801073922_MT4-AP1-26-56,30,56,0,3,T376/2,AA7359,1,15
2026-08-01T08:45:54.024Z,deep_scan,20260801073922_MT4-AP1-26-56,30,56,0,7,T408/6,AA2619,0,18
2026-08-01T08:45:54.024Z,deep_scan,20260801073922_MT4-AP1-26-56,30,56,0,8,T343,AA2314,0,49
2026-08-01T08:45:54.024Z,deep_scan,20260801073922_MT4-AP1-26-56,30,56,0,14,M272,AA7406,0,25
2026-08-01T08:45:54.024Z,deep_scan,20260801073922_MT4-AP1-26-56,30,56,0,16,T342,AA7445,1,3
2026-08-01T08:45:54.024Z,deep_scan,20260801073922_MT4-AP1-26-56,30,56,0,24,C690/6,AA7402,1,0
2026-08-01T08:46:23.963Z,deep_scan,20260801073922_MT4-AP1-26-56,30,56,0,3,T376/2,AA7359,1,15
2026-08-01T08:46:23.963Z,deep_scan,20260801073922_MT4-AP1-26-56,30,56,0,8,T343,AA2314,0,37
2026-08-01T08:46:23.963Z,deep_scan,20260801073922_MT4-AP1-26-56,30,56,0,8,T343,AA2619,1,17
2026-08-01T08:46:23.963Z,deep_scan,20260801073922_MT4-AP1-26-56,30,56,0,14,M272,AA7406,0,6
2026-08-01T08:46:23.963Z,deep_scan,20260801073922_MT4-AP1-26-56,30,56,0,16,T342,AA7445,0,35
2026-08-01T08:46:23.963Z,deep_scan,20260801073922_MT4-AP1-26-56,30,56,0,24,C690/6,AA7402,1,0
2026-08-01T08:46:53.990Z,deep_scan,20260801073922_MT4-AP1-26-56,30,56,0,3,T376/2,AA7359,0,12
2026-08-01T08:46:53.990Z,deep_scan,20260801073922_MT4-AP1-26-56,30,56,0,8,T343,AA2314,0,46
2026-08-01T08:46:53.990Z,deep_scan,20260801073922_MT4-AP1-26-56,30,56,0,8,T343,AA2619,0,30
2026-08-01T08:46:53.990Z,deep_scan,20260801073922_MT4-AP1-26-56,30,56,0,14,M272,AA7406,0,24
2026-08-01T08:46:53.990Z,deep_scan,20260801073922_MT4-AP1-26-56,30,56,0,17,T409,AA7445,1,4
2026-08-01T08:46:53.990Z,deep_scan,20260801073922_MT4-AP1-26-56,30,56,0,24,C690/6,AA7402,1,0
2026-08-01T08:47:23.971Z,deep_scan,20260801073922_MT4-AP1-26-56,30,56,0,3,T376/2,AA7359,0,4
2026-08-01T08:47:23.971Z,deep_scan,20260801073922_MT4-AP1-26-56,30,56,0,8,T343,AA2619,0,37
2026-08-01T08:47:23.971Z,deep_scan,20260801073922_MT4-AP1-26-56,30,56,0,9,M239/1,AA2314,1,9
2026-08-01T08:47:23.971Z,deep_scan,20260801073922_MT4-AP1-26-56,30,56,0,14,M272,AA7406,0,3
2026-08-01T08:47:23.971Z,deep_scan,20260801073922_MT4-AP1-26-56,30,56,0,17,T409,AA7445,1,31
2026-08-01T08:47:23.971Z,deep_scan,20260801073922_MT4-AP1-26-56,30,56,0,24,C690/6,AA7402,1,0
2026-08-01T08:47:53.967Z,deep_scan,20260801073922_MT4-AP1-26-56,30,56,0,3,T376/2,AA7359,0,4
2026-08-01T08:47:53.967Z,deep_scan,20260801073922_MT4-AP1-26-56,30,56,0,8,T343,AA2619,0,30
2026-08-01T08:47:53.967Z,deep_scan,20260801073922_MT4-AP1-26-56,30,56,0,9,M239/1,AA2314,0,33
2026-08-01T08:47:53.967Z,deep_scan,20260801073922_MT4-AP1-26-56,30,56,0,14,M272,AA7406,0,20
2026-08-01T08:47:53.967Z,deep_scan,20260801073922_MT4-AP1-26-56,30,56,0,17,T409,AA7445,0,41
2026-08-01T08:47:53.967Z,deep_scan,20260801073922_MT4-AP1-26-56,30,56,0,24,C690/6,AA7402,1,0
2026-08-01T08:48:23.979Z,deep_scan,20260801073922_MT4-AP1-26-56,30,56,0,3,T376/2,AA7359,0,11
2026-08-01T08:48:23.979Z,deep_scan,20260801073922_MT4-AP1-26-56,30,56,0,8,T343,AA2619,0,36
2026-08-01T08:48:23.979Z,deep_scan,20260801073922_MT4-AP1-26-56,30,56,0,10,M254,AA2314,1,2
2026-08-01T08:48:23.979Z,deep_scan,20260801073922_MT4-AP1-26-56,30,56,0,15,M61/2,AA7406,1,21
2026-08-01T08:48:23.979Z,deep_scan,20260801073922_MT4-AP1-26-56,30,56,0,17,T409,AA7445,0,16
2026-08-01T08:48:23.979Z,deep_scan,20260801073922_MT4-AP1-26-56,30,56,0,24,C690/6,AA7402,1,0
2026-08-01T08:48:53.989Z,deep_scan,20260801073922_MT4-AP1-26-56,30,56,0,3,T376/2,AA7359,0,3
2026-08-01T08:48:53.989Z,deep_scan,20260801073922_MT4-AP1-26-56,30,56,0,8,T343,AA2619,0,49
2026-08-01T08:48:53.989Z,deep_scan,20260801073922_MT4-AP1-26-56,30,56,0,10,M254,AA2314,0,25
2026-08-01T08:48:53.989Z,deep_scan,20260801073922_MT4-AP1-26-56,30,56,0,15,M61/2,AA7406,1,14
2026-08-01T08:48:53.989Z,deep_scan,20260801073922_MT4-AP1-26-56,30,56,0,18,T313,AA7445,1,3
2026-08-01T08:48:53.989Z,deep_scan,20260801073922_MT4-AP1-26-56,30,56,0,24,C690/6,AA7402,1,0
2026-08-01T08:49:23.973Z,deep_scan,20260801073922_MT4-AP1-26-56,30,56,0,3,T376/2,AA7359,0,3
2026-08-01T08:49:23.973Z,deep_scan,20260801073922_MT4-AP1-26-56,30,56,0,8,T343,AA2619,0,30
2026-08-01T08:49:23.973Z,deep_scan,20260801073922_MT4-AP1-26-56,30,56,0,10,M254,AA2314,0,19
2026-08-01T08:49:23.973Z,deep_scan,20260801073922_MT4-AP1-26-56,30,56,0,15,M61/2,AA7406,0,24
2026-08-01T08:49:23.973Z,deep_scan,20260801073922_MT4-AP1-26-56,30,56,0,18,T313,AA7445,1,3
2026-08-01T08:49:23.973Z,deep_scan,20260801073922_MT4-AP1-26-56,30,56,0,24,C690/6,AA7402,1,0
2026-08-01T08:49:53.987Z,deep_scan,20260801073922_MT4-AP1-26-56,30,56,0,3,T376/2,AA7359,0,3
2026-08-01T08:49:53.987Z,deep_scan,20260801073922_MT4-AP1-26-56,30,56,0,8,T343,AA2619,0,15
2026-08-01T08:49:53.987Z,deep_scan,20260801073922_MT4-AP1-26-56,30,56,0,11,M117,AA2314,1,25
2026-08-01T08:49:53.987Z,deep_scan,20260801073922_MT4-AP1-26-56,30,56,0,15,M61/2,AA7406,0,24
2026-08-01T08:49:53.987Z,deep_scan,20260801073922_MT4-AP1-26-56,30,56,0,19,T315,AA7445,1,43
2026-08-01T08:49:53.987Z,deep_scan,20260801073922_MT4-AP1-26-56,30,56,0,24,C690/6,AA7402,1,0
2026-08-01T08:50:24.020Z,deep_scan,20260801073922_MT4-AP1-26-56,30,56,0,3,T376/2,AA7359,0,5
2026-08-01T08:50:24.020Z,deep_scan,20260801073922_MT4-AP1-26-56,30,56,0,8,T343,AA2619,0,16
2026-08-01T08:50:24.020Z,deep_scan,20260801073922_MT4-AP1-26-56,30,56,0,11,M117,AA2314,1,6
2026-08-01T08:50:24.020Z,deep_scan,20260801073922_MT4-AP1-26-56,30,56,0,15,M61/2,AA7406,0,27
2026-08-01T08:50:24.020Z,deep_scan,20260801073922_MT4-AP1-26-56,30,56,0,19,T315,AA7445,0,46
2026-08-01T08:50:53.999Z,deep_scan,20260801073922_MT4-AP1-26-56,30,56,0,3,T376/2,AA7359,0,5
2026-08-01T08:50:53.999Z,deep_scan,20260801073922_MT4-AP1-26-56,30,56,0,8,T343,AA2619,0,31
2026-08-01T08:50:53.999Z,deep_scan,20260801073922_MT4-AP1-26-56,30,56,0,11,M117,AA2314,0,39
2026-08-01T08:50:53.999Z,deep_scan,20260801073922_MT4-AP1-26-56,30,56,0,15,M61/2,AA7406,0,25
2026-08-01T08:50:53.999Z,deep_scan,20260801073922_MT4-AP1-26-56,30,56,0,19,T315,AA7445,0,3
2026-08-01T08:51:24.039Z,deep_scan,20260801073922_MT4-AP1-26-56,30,56,0,3,T376/2,AA7359,0,5
2026-08-01T08:51:24.039Z,deep_scan,20260801073922_MT4-AP1-26-56,30,56,0,8,T343,AA2619,0,37
2026-08-01T08:51:24.039Z,deep_scan,20260801073922_MT4-AP1-26-56,30,56,0,12,M155,AA2314,1,24
2026-08-01T08:51:24.039Z,deep_scan,20260801073922_MT4-AP1-26-56,30,56,0,15,M61/2,AA7406,0,44
2026-08-01T08:51:24.039Z,deep_scan,20260801073922_MT4-AP1-26-56,30,56,0,19,T315,AA7445,0,3
2026-08-01T08:51:54.021Z,deep_scan,20260801073922_MT4-AP1-26-56,30,56,0,3,T376/2,AA7359,0,28
2026-08-01T08:51:54.021Z,deep_scan,20260801073922_MT4-AP1-26-56,30,56,0,8,T343,AA2619,0,23
2026-08-01T08:51:54.021Z,deep_scan,20260801073922_MT4-AP1-26-56,30,56,0,12,M155,AA2314,0,4
2026-08-01T08:51:54.021Z,deep_scan,20260801073922_MT4-AP1-26-56,30,56,0,15,M61/2,AA7406,0,47
2026-08-01T08:51:54.021Z,deep_scan,20260801073922_MT4-AP1-26-56,30,56,0,20,T375,AA7445,1,24
2026-08-01T08:52:24.058Z,deep_scan,20260801073922_MT4-AP1-26-56,30,56,0,4,T363/2,AA7359,1,24
2026-08-01T08:52:24.058Z,deep_scan,20260801073922_MT4-AP1-26-56,30,56,0,8,T343,AA2619,0,36
2026-08-01T08:52:24.058Z,deep_scan,20260801073922_MT4-AP1-26-56,30,56,0,12,M155,AA2314,0,39
2026-08-01T08:52:24.058Z,deep_scan,20260801073922_MT4-AP1-26-56,30,56,0,15,M61/2,AA7406,0,44
2026-08-01T08:52:24.058Z,deep_scan,20260801073922_MT4-AP1-26-56,30,56,0,20,T375,AA7445,0,5
2026-08-01T08:52:54.025Z,deep_scan,20260801073922_MT4-AP1-26-56,30,56,0,4,T363/2,AA7359,1,24
2026-08-01T08:52:54.025Z,deep_scan,20260801073922_MT4-AP1-26-56,30,56,0,8,T343,AA2619,0,50
2026-08-01T08:52:54.025Z,deep_scan,20260801073922_MT4-AP1-26-56,30,56,0,12,M155,AA2314,0,47
2026-08-01T08:52:54.025Z,deep_scan,20260801073922_MT4-AP1-26-56,30,56,0,15,M61/2,AA7406,0,41
2026-08-01T08:52:54.025Z,deep_scan,20260801073922_MT4-AP1-26-56,30,56,0,21,T380,AA7445,1,42
2026-08-01T08:53:24.059Z,deep_scan,20260801073922_MT4-AP1-26-56,30,56,0,4,T363/2,AA7359,1,24
2026-08-01T08:53:24.059Z,deep_scan,20260801073922_MT4-AP1-26-56,30,56,0,8,T343,AA2619,0,45
2026-08-01T08:53:24.059Z,deep_scan,20260801073922_MT4-AP1-26-56,30,56,0,12,M155,AA2314,0,29
2026-08-01T08:53:24.059Z,deep_scan,20260801073922_MT4-AP1-26-56,30,56,0,15,M61/2,AA7406,0,40
2026-08-01T08:53:24.059Z,deep_scan,20260801073922_MT4-AP1-26-56,30,56,0,21,T380,AA7445,1,3
2026-08-01T08:53:54.042Z,deep_scan,20260801073922_MT4-AP1-26-56,30,56,0,0,C690/6,AA7402,1,22
2026-08-01T08:53:54.042Z,deep_scan,20260801073922_MT4-AP1-26-56,30,56,0,4,T363/2,AA7359,1,24
2026-08-01T08:53:54.042Z,deep_scan,20260801073922_MT4-AP1-26-56,30,56,0,8,T343,AA2619,0,44
2026-08-01T08:53:54.042Z,deep_scan,20260801073922_MT4-AP1-26-56,30,56,0,12,M155,AA2314,0,23
2026-08-01T08:53:54.042Z,deep_scan,20260801073922_MT4-AP1-26-56,30,56,0,15,M61/2,AA7406,0,16
2026-08-01T08:53:54.042Z,deep_scan,20260801073922_MT4-AP1-26-56,30,56,0,21,T380,AA7445,0,42
2026-08-01T08:54:24.142Z,deep_scan,20260801073922_MT4-AP1-26-56,30,56,0,0,C690/6,AA7402,0,22
2026-08-01T08:54:24.142Z,deep_scan,20260801073922_MT4-AP1-26-56,30,56,0,4,T363/2,AA7359,1,9
2026-08-01T08:54:24.142Z,deep_scan,20260801073922_MT4-AP1-26-56,30,56,0,8,T343,AA2619,0,43
2026-08-01T08:54:24.142Z,deep_scan,20260801073922_MT4-AP1-26-56,30,56,0,12,M155,AA2314,0,23
2026-08-01T08:54:24.142Z,deep_scan,20260801073922_MT4-AP1-26-56,30,56,0,15,M61/2,AA7406,0,43
2026-08-01T08:54:24.142Z,deep_scan,20260801073922_MT4-AP1-26-56,30,56,0,22,T379,AA7445,1,11
2026-08-01T08:54:54.101Z,deep_scan,20260801073922_MT4-AP1-26-56,30,56,0,0,C690/6,AA7402,0,22
2026-08-01T08:54:54.101Z,deep_scan,20260801073922_MT4-AP1-26-56,30,56,0,4,T363/2,AA7359,1,9
2026-08-01T08:54:54.101Z,deep_scan,20260801073922_MT4-AP1-26-56,30,56,0,8,T343,AA2619,0,40
2026-08-01T08:54:54.101Z,deep_scan,20260801073922_MT4-AP1-26-56,30,56,0,12,M155,AA2314,0,23
2026-08-01T08:54:54.101Z,deep_scan,20260801073922_MT4-AP1-26-56,30,56,0,15,M61/2,AA7406,0,43
2026-08-01T08:54:54.101Z,deep_scan,20260801073922_MT4-AP1-26-56,30,56,0,22,T379,AA7445,0,24
2026-08-01T08:55:24.067Z,deep_scan,20260801073922_MT4-AP1-26-56,30,56,0,0,C690/6,AA7402,0,22
2026-08-01T08:55:24.067Z,deep_scan,20260801073922_MT4-AP1-26-56,30,56,0,4,T363/2,AA7359,1,9
2026-08-01T08:55:24.067Z,deep_scan,20260801073922_MT4-AP1-26-56,30,56,0,8,T343,AA2619,0,46
2026-08-01T08:55:24.067Z,deep_scan,20260801073922_MT4-AP1-26-56,30,56,0,12,M155,AA2314,0,8
2026-08-01T08:55:24.067Z,deep_scan,20260801073922_MT4-AP1-26-56,30,56,0,15,M61/2,AA7406,0,48
2026-08-01T08:55:24.067Z,deep_scan,20260801073922_MT4-AP1-26-56,30,56,0,22,T379,AA7445,0,3
2026-08-01T08:55:54.097Z,deep_scan,20260801073922_MT4-AP1-26-56,30,56,0,1,C689/2,AA7402,1,22
2026-08-01T08:55:54.097Z,deep_scan,20260801073922_MT4-AP1-26-56,30,56,0,4,T363/2,AA7359,1,9
2026-08-01T08:55:54.097Z,deep_scan,20260801073922_MT4-AP1-26-56,30,56,0,8,T343,AA2619,0,43
2026-08-01T08:55:54.097Z,deep_scan,20260801073922_MT4-AP1-26-56,30,56,0,12,M155,AA2314,0,8
2026-08-01T08:55:54.097Z,deep_scan,20260801073922_MT4-AP1-26-56,30,56,0,15,M61/2,AA7406,0,49
2026-08-01T08:55:54.097Z,deep_scan,20260801073922_MT4-AP1-26-56,30,56,0,22,T379,AA7445,0,36
2026-08-01T08:56:24.100Z,deep_scan,20260801073922_MT4-AP1-26-56,30,56,0,1,C689/2,AA7402,1,22
2026-08-01T08:56:24.100Z,deep_scan,20260801073922_MT4-AP1-26-56,30,56,0,4,T363/2,AA7359,1,9
2026-08-01T08:56:24.100Z,deep_scan,20260801073922_MT4-AP1-26-56,30,56,0,8,T343,AA2619,0,41
2026-08-01T08:56:24.100Z,deep_scan,20260801073922_MT4-AP1-26-56,30,56,0,12,M155,AA2314,0,8
2026-08-01T08:56:24.100Z,deep_scan,20260801073922_MT4-AP1-26-56,30,56,0,15,M61/2,AA7406,0,44
2026-08-01T08:56:24.100Z,deep_scan,20260801073922_MT4-AP1-26-56,30,56,0,22,T379,AA7445,0,37
2026-08-01T08:56:54.090Z,deep_scan,20260801073922_MT4-AP1-26-56,30,56,0,1,C689/2,AA7402,1,22
2026-08-01T08:56:54.090Z,deep_scan,20260801073922_MT4-AP1-26-56,30,56,0,4,T363/2,AA7359,1,9
2026-08-01T08:56:54.090Z,deep_scan,20260801073922_MT4-AP1-26-56,30,56,0,8,T343,AA2619,0,44
2026-08-01T08:56:54.090Z,deep_scan,20260801073922_MT4-AP1-26-56,30,56,0,12,M155,AA2314,0,12
2026-08-01T08:56:54.090Z,deep_scan,20260801073922_MT4-AP1-26-56,30,56,0,15,M61/2,AA7406,0,49
2026-08-01T08:56:54.090Z,deep_scan,20260801073922_MT4-AP1-26-56,30,56,0,22,T379,AA7445,0,46
2026-08-01T08:57:24.080Z,deep_scan,20260801073922_MT4-AP1-26-56,30,56,0,1,C689/2,AA7402,0,22
2026-08-01T08:57:24.080Z,deep_scan,20260801073922_MT4-AP1-26-56,30,56,0,4,T363/2,AA7359,0,8
2026-08-01T08:57:24.080Z,deep_scan,20260801073922_MT4-AP1-26-56,30,56,0,8,T343,AA2619,0,40
2026-08-01T08:57:24.080Z,deep_scan,20260801073922_MT4-AP1-26-56,30,56,0,12,M155,AA2314,0,2
2026-08-01T08:57:24.080Z,deep_scan,20260801073922_MT4-AP1-26-56,30,56,0,15,M61/2,AA7406,0,49
2026-08-01T08:57:24.080Z,deep_scan,20260801073922_MT4-AP1-26-56,30,56,0,22,T379,AA7445,0,8
2026-08-01T08:57:54.113Z,deep_scan,20260801073922_MT4-AP1-26-56,30,56,0,1,C689/2,AA7402,0,27
2026-08-01T08:57:54.113Z,deep_scan,20260801073922_MT4-AP1-26-56,30,56,0,4,T363/2,AA7359,0,23
2026-08-01T08:57:54.113Z,deep_scan,20260801073922_MT4-AP1-26-56,30,56,0,8,T343,AA2619,0,35
2026-08-01T08:57:54.113Z,deep_scan,20260801073922_MT4-AP1-26-56,30,56,0,12,M155,AA2314,0,1
2026-08-01T08:57:54.113Z,deep_scan,20260801073922_MT4-AP1-26-56,30,56,0,15,M61/2,AA7406,0,48
2026-08-01T08:57:54.113Z,deep_scan,20260801073922_MT4-AP1-26-56,30,56,0,23,C688/2,AA7445,1,8
2026-08-01T08:58:24.180Z,deep_scan,20260801073922_MT4-AP1-26-56,30,56,0,1,C689/2,AA7402,0,46
2026-08-01T08:58:24.180Z,deep_scan,20260801073922_MT4-AP1-26-56,30,56,0,5,T306,AA7359,1,20
2026-08-01T08:58:24.180Z,deep_scan,20260801073922_MT4-AP1-26-56,30,56,0,8,T343,AA2619,0,20
2026-08-01T08:58:24.180Z,deep_scan,20260801073922_MT4-AP1-26-56,30,56,0,12,M155,AA2314,0,1
2026-08-01T08:58:24.180Z,deep_scan,20260801073922_MT4-AP1-26-56,30,56,0,15,M61/2,AA7406,0,45
2026-08-01T08:58:24.180Z,deep_scan,20260801073922_MT4-AP1-26-56,30,56,0,24,C690/6,AA7445,1,0
2026-08-01T08:58:54.122Z,deep_scan,20260801073922_MT4-AP1-26-56,30,56,0,1,C689/2,AA7402,0,39
2026-08-01T08:58:54.122Z,deep_scan,20260801073922_MT4-AP1-26-56,30,56,0,5,T306,AA7359,1,20
2026-08-01T08:58:54.122Z,deep_scan,20260801073922_MT4-AP1-26-56,30,56,0,9,M239/1,AA2619,1,4
2026-08-01T08:58:54.122Z,deep_scan,20260801073922_MT4-AP1-26-56,30,56,0,12,M155,AA2314,0,6
2026-08-01T08:58:54.122Z,deep_scan,20260801073922_MT4-AP1-26-56,30,56,0,15,M61/2,AA7406,0,34
2026-08-01T08:58:54.122Z,deep_scan,20260801073922_MT4-AP1-26-56,30,56,0,24,C690/6,AA7445,1,0
2026-08-01T08:59:24.147Z,deep_scan,20260801073922_MT4-AP1-26-56,30,56,0,1,C689/2,AA7402,0,35
2026-08-01T08:59:24.147Z,deep_scan,20260801073922_MT4-AP1-26-56,30,56,0,5,T306,AA7359,0,30
2026-08-01T08:59:24.147Z,deep_scan,20260801073922_MT4-AP1-26-56,30,56,0,9,M239/1,AA2619,1,5
2026-08-01T08:59:24.147Z,deep_scan,20260801073922_MT4-AP1-26-56,30,56,0,13,M92,AA2314,0,8
2026-08-01T08:59:24.147Z,deep_scan,20260801073922_MT4-AP1-26-56,30,56,0,16,T342,AA7406,1,38
2026-08-01T08:59:24.147Z,deep_scan,20260801073922_MT4-AP1-26-56,30,56,0,24,C690/6,AA7445,1,0
2026-08-01T08:59:54.134Z,deep_scan,20260801073922_MT4-AP1-26-56,30,56,0,2,T360,AA7402,0,30
2026-08-01T08:59:54.134Z,deep_scan,20260801073922_MT4-AP1-26-56,30,56,0,5,T306,AA7359,0,7
2026-08-01T08:59:54.134Z,deep_scan,20260801073922_MT4-AP1-26-56,30,56,0,9,M239/1,AA2619,1,5
2026-08-01T08:59:54.134Z,deep_scan,20260801073922_MT4-AP1-26-56,30,56,0,13,M92,AA2314,0,10
2026-08-01T08:59:54.134Z,deep_scan,20260801073922_MT4-AP1-26-56,30,56,0,16,T342,AA7406,1,5
2026-08-01T08:59:54.134Z,deep_scan,20260801073922_MT4-AP1-26-56,30,56,0,24,C690/6,AA7445,1,0
2026-08-01T09:00:24.203Z,deep_scan,20260801073922_MT4-AP1-26-56,30,56,0,3,T376/2,AA7402,1,36
2026-08-01T09:00:24.203Z,deep_scan,20260801073922_MT4-AP1-26-56,30,56,0,6,T314/2,AA7359,1,5
2026-08-01T09:00:24.203Z,deep_scan,20260801073922_MT4-AP1-26-56,30,56,0,9,M239/1,AA2619,1,5
2026-08-01T09:00:24.203Z,deep_scan,20260801073922_MT4-AP1-26-56,30,56,0,13,M92,AA2314,0,10
2026-08-01T09:00:24.203Z,deep_scan,20260801073922_MT4-AP1-26-56,30,56,0,16,T342,AA7406,0,23
2026-08-01T09:00:24.203Z,deep_scan,20260801073922_MT4-AP1-26-56,30,56,0,24,C690/6,AA7445,1,0
2026-08-01T09:00:54.128Z,deep_scan,20260801073922_MT4-AP1-26-56,30,56,0,3,T376/2,AA7402,0,30
2026-08-01T09:00:54.128Z,deep_scan,20260801073922_MT4-AP1-26-56,30,56,0,6,T314/2,AA7359,1,2
2026-08-01T09:00:54.128Z,deep_scan,20260801073922_MT4-AP1-26-56,30,56,0,9,M239/1,AA2619,0,45
2026-08-01T09:00:54.128Z,deep_scan,20260801073922_MT4-AP1-26-56,30,56,0,13,M92,AA2314,0,10
2026-08-01T09:00:54.128Z,deep_scan,20260801073922_MT4-AP1-26-56,30,56,0,16,T342,AA7406,0,7
2026-08-01T09:00:54.128Z,deep_scan,20260801073922_MT4-AP1-26-56,30,56,0,24,C690/6,AA7445,1,0
2026-08-01T09:01:24.143Z,deep_scan,20260801073922_MT4-AP1-26-56,30,56,0,3,T376/2,AA7402,0,29
2026-08-01T09:01:24.143Z,deep_scan,20260801073922_MT4-AP1-26-56,30,56,0,6,T314/2,AA7359,1,5
2026-08-01T09:01:24.143Z,deep_scan,20260801073922_MT4-AP1-26-56,30,56,0,10,M254,AA2619,1,5
2026-08-01T09:01:24.143Z,deep_scan,20260801073922_MT4-AP1-26-56,30,56,0,13,M92,AA2314,0,17
2026-08-01T09:01:24.143Z,deep_scan,20260801073922_MT4-AP1-26-56,30,56,0,17,T409,AA7406,1,26
2026-08-01T09:01:24.143Z,deep_scan,20260801073922_MT4-AP1-26-56,30,56,0,24,C690/6,AA7445,1,0
2026-08-01T09:01:54.156Z,deep_scan,20260801073922_MT4-AP1-26-56,30,56,0,3,T376/2,AA7402,0,9
2026-08-01T09:01:54.156Z,deep_scan,20260801073922_MT4-AP1-26-56,30,56,0,6,T314/2,AA7359,1,4
2026-08-01T09:01:54.156Z,deep_scan,20260801073922_MT4-AP1-26-56,30,56,0,10,M254,AA2619,0,18
2026-08-01T09:01:54.156Z,deep_scan,20260801073922_MT4-AP1-26-56,30,56,0,13,M92,AA2314,0,5
2026-08-01T09:01:54.156Z,deep_scan,20260801073922_MT4-AP1-26-56,30,56,0,17,T409,AA7406,0,36
2026-08-01T09:01:54.156Z,deep_scan,20260801073922_MT4-AP1-26-56,30,56,0,24,C690/6,AA7445,1,0
2026-08-01T09:02:24.182Z,deep_scan,20260801073922_MT4-AP1-26-56,30,56,0,3,T376/2,AA7402,0,9
2026-08-01T09:02:24.182Z,deep_scan,20260801073922_MT4-AP1-26-56,30,56,0,6,T314/2,AA7359,0,22
2026-08-01T09:02:24.182Z,deep_scan,20260801073922_MT4-AP1-26-56,30,56,0,10,M254,AA2619,0,28
2026-08-01T09:02:24.182Z,deep_scan,20260801073922_MT4-AP1-26-56,30,56,0,13,M92,AA2314,0,4
2026-08-01T09:02:24.182Z,deep_scan,20260801073922_MT4-AP1-26-56,30,56,0,17,T409,AA7406,0,5
2026-08-01T09:02:24.182Z,deep_scan,20260801073922_MT4-AP1-26-56,30,56,0,24,C690/6,AA7445,1,0
2026-08-01T09:02:54.173Z,deep_scan,20260801073922_MT4-AP1-26-56,30,56,0,3,T376/2,AA7402,0,21
2026-08-01T09:02:54.173Z,deep_scan,20260801073922_MT4-AP1-26-56,30,56,0,6,T314/2,AA7359,0,21
2026-08-01T09:02:54.173Z,deep_scan,20260801073922_MT4-AP1-26-56,30,56,0,10,M254,AA2619,0,7
2026-08-01T09:02:54.173Z,deep_scan,20260801073922_MT4-AP1-26-56,30,56,0,14,M272,AA2314,1,4
2026-08-01T09:02:54.173Z,deep_scan,20260801073922_MT4-AP1-26-56,30,56,0,17,T409,AA7406,0,6
2026-08-01T09:03:24.173Z,deep_scan,20260801073922_MT4-AP1-26-56,30,56,0,4,T363/2,AA7402,1,33
2026-08-01T09:03:24.173Z,deep_scan,20260801073922_MT4-AP1-26-56,30,56,0,7,T408/6,AA7359,1,2
2026-08-01T09:03:24.173Z,deep_scan,20260801073922_MT4-AP1-26-56,30,56,0,11,M117,AA2619,1,24
2026-08-01T09:03:24.173Z,deep_scan,20260801073922_MT4-AP1-26-56,30,56,0,14,M272,AA2314,1,4
2026-08-01T09:03:24.173Z,deep_scan,20260801073922_MT4-AP1-26-56,30,56,0,18,T313,AA7406,1,3
2026-08-01T09:03:54.227Z,deep_scan,20260801073922_MT4-AP1-26-56,30,56,0,4,T363/2,AA7402,1,14
2026-08-01T09:03:54.227Z,deep_scan,20260801073922_MT4-AP1-26-56,30,56,0,7,T408/6,AA7359,1,2
2026-08-01T09:03:54.227Z,deep_scan,20260801073922_MT4-AP1-26-56,30,56,0,11,M117,AA2619,1,24
2026-08-01T09:03:54.227Z,deep_scan,20260801073922_MT4-AP1-26-56,30,56,0,14,M272,AA2314,1,9
2026-08-01T09:03:54.227Z,deep_scan,20260801073922_MT4-AP1-26-56,30,56,0,18,T313,AA7406,1,3
2026-08-01T09:04:24.212Z,deep_scan,20260801073922_MT4-AP1-26-56,30,56,0,4,T363/2,AA7402,0,10
2026-08-01T09:04:24.212Z,deep_scan,20260801073922_MT4-AP1-26-56,30,56,0,7,T408/6,AA7359,0,6
2026-08-01T09:04:24.212Z,deep_scan,20260801073922_MT4-AP1-26-56,30,56,0,11,M117,AA2619,1,25
2026-08-01T09:04:24.212Z,deep_scan,20260801073922_MT4-AP1-26-56,30,56,0,14,M272,AA2314,0,4
2026-08-01T09:04:24.212Z,deep_scan,20260801073922_MT4-AP1-26-56,30,56,0,18,T313,AA7406,1,3
2026-08-01T09:04:54.199Z,deep_scan,20260801073922_MT4-AP1-26-56,30,56,0,4,T363/2,AA7402,0,22
2026-08-01T09:04:54.199Z,deep_scan,20260801073922_MT4-AP1-26-56,30,56,0,7,T408/6,AA7359,0,3
2026-08-01T09:04:54.199Z,deep_scan,20260801073922_MT4-AP1-26-56,30,56,0,11,M117,AA2619,0,45
2026-08-01T09:04:54.199Z,deep_scan,20260801073922_MT4-AP1-26-56,30,56,0,14,M272,AA2314,0,28
2026-08-01T09:04:54.199Z,deep_scan,20260801073922_MT4-AP1-26-56,30,56,0,18,T313,AA7406,0,23
2026-08-01T09:05:24.122Z,deep_scan,20260801073922_MT4-AP1-26-56,30,56,0,5,T306,AA7402,1,11
2026-08-01T09:05:24.122Z,deep_scan,20260801073922_MT4-AP1-26-56,30,56,0,7,T408/6,AA7359,0,26
2026-08-01T09:05:24.122Z,deep_scan,20260801073922_MT4-AP1-26-56,30,56,0,12,M155,AA2619,1,17
2026-08-01T09:05:24.122Z,deep_scan,20260801073922_MT4-AP1-26-56,30,56,0,14,M272,AA2314,0,32
2026-08-01T09:05:24.122Z,deep_scan,20260801073922_MT4-AP1-26-56,30,56,0,19,T315,AA7406,0,24
2026-08-01T09:05:54.274Z,deep_scan,20260801073922_MT4-AP1-26-56,30,56,0,5,T306,AA7402,0,18
2026-08-01T09:05:54.274Z,deep_scan,20260801073922_MT4-AP1-26-56,30,56,0,7,T408/6,AA7359,0,15
2026-08-01T09:05:54.274Z,deep_scan,20260801073922_MT4-AP1-26-56,30,56,0,12,M155,AA2619,0,7
2026-08-01T09:05:54.274Z,deep_scan,20260801073922_MT4-AP1-26-56,30,56,0,14,M272,AA2314,0,19
2026-08-01T09:05:54.274Z,deep_scan,20260801073922_MT4-AP1-26-56,30,56,0,19,T315,AA7406,0,47
2026-08-01T09:06:24.252Z,deep_scan,20260801073922_MT4-AP1-26-56,30,56,0,5,T306,AA7402,0,7
2026-08-01T09:06:24.252Z,deep_scan,20260801073922_MT4-AP1-26-56,30,56,0,8,T343,AA7359,1,28
2026-08-01T09:06:24.252Z,deep_scan,20260801073922_MT4-AP1-26-56,30,56,0,12,M155,AA2619,0,43
2026-08-01T09:06:24.252Z,deep_scan,20260801073922_MT4-AP1-26-56,30,56,0,15,M61/2,AA2314,1,3
2026-08-01T09:06:24.252Z,deep_scan,20260801073922_MT4-AP1-26-56,30,56,0,19,T315,AA7406,0,19
2026-08-01T09:06:54.239Z,deep_scan,20260801073922_MT4-AP1-26-56,30,56,0,5,T306,AA7402,0,27
2026-08-01T09:06:54.239Z,deep_scan,20260801073922_MT4-AP1-26-56,30,56,0,8,T343,AA7359,0,34
2026-08-01T09:06:54.239Z,deep_scan,20260801073922_MT4-AP1-26-56,30,56,0,12,M155,AA2619,0,46
2026-08-01T09:06:54.239Z,deep_scan,20260801073922_MT4-AP1-26-56,30,56,0,15,M61/2,AA2314,1,15
2026-08-01T09:06:54.239Z,deep_scan,20260801073922_MT4-AP1-26-56,30,56,0,20,T375,AA7406,1,8
2026-08-01T09:07:24.241Z,deep_scan,20260801073922_MT4-AP1-26-56,30,56,0,5,T306,AA7402,0,8
2026-08-01T09:07:24.241Z,deep_scan,20260801073922_MT4-AP1-26-56,30,56,0,8,T343,AA7359,0,35
2026-08-01T09:07:24.241Z,deep_scan,20260801073922_MT4-AP1-26-56,30,56,0,12,M155,AA2619,0,42
2026-08-01T09:07:24.241Z,deep_scan,20260801073922_MT4-AP1-26-56,30,56,0,15,M61/2,AA2314,0,24
2026-08-01T09:07:24.241Z,deep_scan,20260801073922_MT4-AP1-26-56,30,56,0,20,T375,AA7406,1,8
2026-08-01T09:07:54.262Z,deep_scan,20260801073922_MT4-AP1-26-56,30,56,0,5,T306,AA7402,0,8
2026-08-01T09:07:54.262Z,deep_scan,20260801073922_MT4-AP1-26-56,30,56,0,8,T343,AA7359,0,18
2026-08-01T09:07:54.262Z,deep_scan,20260801073922_MT4-AP1-26-56,30,56,0,12,M155,AA2619,0,43
2026-08-01T09:07:54.262Z,deep_scan,20260801073922_MT4-AP1-26-56,30,56,0,15,M61/2,AA2314,0,17
2026-08-01T09:07:54.262Z,deep_scan,20260801073922_MT4-AP1-26-56,30,56,0,20,T375,AA7406,0,12
2026-08-01T09:08:24.297Z,deep_scan,20260801073922_MT4-AP1-26-56,30,56,0,6,T314/2,AA7402,1,18
2026-08-01T09:08:24.297Z,deep_scan,20260801073922_MT4-AP1-26-56,30,56,0,8,T343,AA7359,0,40
2026-08-01T09:08:24.297Z,deep_scan,20260801073922_MT4-AP1-26-56,30,56,0,12,M155,AA2619,0,18
2026-08-01T09:08:24.297Z,deep_scan,20260801073922_MT4-AP1-26-56,30,56,0,15,M61/2,AA2314,0,46
2026-08-01T09:08:24.297Z,deep_scan,20260801073922_MT4-AP1-26-56,30,56,0,21,T380,AA7406,1,6
2026-08-01T09:08:54.336Z,deep_scan,20260801073922_MT4-AP1-26-56,30,56,0,6,T314/2,AA7402,1,8
2026-08-01T09:08:54.336Z,deep_scan,20260801073922_MT4-AP1-26-56,30,56,0,8,T343,AA7359,0,48
2026-08-01T09:08:54.336Z,deep_scan,20260801073922_MT4-AP1-26-56,30,56,0,12,M155,AA2619,0,12
2026-08-01T09:08:54.336Z,deep_scan,20260801073922_MT4-AP1-26-56,30,56,0,15,M61/2,AA2314,0,35
2026-08-01T09:08:54.336Z,deep_scan,20260801073922_MT4-AP1-26-56,30,56,0,21,T380,AA7406,1,33
2026-08-01T09:09:24.258Z,deep_scan,20260801073922_MT4-AP1-26-56,30,56,0,6,T314/2,AA7402,0,1
2026-08-01T09:09:24.258Z,deep_scan,20260801073922_MT4-AP1-26-56,30,56,0,8,T343,AA7359,0,20
2026-08-01T09:09:24.258Z,deep_scan,20260801073922_MT4-AP1-26-56,30,56,0,12,M155,AA2619,0,6
2026-08-01T09:09:24.258Z,deep_scan,20260801073922_MT4-AP1-26-56,30,56,0,15,M61/2,AA2314,0,26
2026-08-01T09:09:24.258Z,deep_scan,20260801073922_MT4-AP1-26-56,30,56,0,22,T379,AA7406,1,14
2026-08-01T09:09:54.288Z,deep_scan,20260801073922_MT4-AP1-26-56,30,56,0,6,T314/2,AA7402,0,19
2026-08-01T09:09:54.288Z,deep_scan,20260801073922_MT4-AP1-26-56,30,56,0,8,T343,AA7359,0,18
2026-08-01T09:09:54.288Z,deep_scan,20260801073922_MT4-AP1-26-56,30,56,0,12,M155,AA2619,0,6
2026-08-01T09:09:54.288Z,deep_scan,20260801073922_MT4-AP1-26-56,30,56,0,15,M61/2,AA2314,0,37
2026-08-01T09:09:54.288Z,deep_scan,20260801073922_MT4-AP1-26-56,30,56,0,22,T379,AA7406,1,14
2026-08-01T09:10:24.325Z,deep_scan,20260801073922_MT4-AP1-26-56,30,56,0,6,T314/2,AA7402,0,19
2026-08-01T09:10:24.325Z,deep_scan,20260801073922_MT4-AP1-26-56,30,56,0,8,T343,AA7359,0,14
2026-08-01T09:10:24.325Z,deep_scan,20260801073922_MT4-AP1-26-56,30,56,0,12,M155,AA2619,0,6
2026-08-01T09:10:24.325Z,deep_scan,20260801073922_MT4-AP1-26-56,30,56,0,15,M61/2,AA2314,0,44
2026-08-01T09:10:24.325Z,deep_scan,20260801073922_MT4-AP1-26-56,30,56,0,22,T379,AA7406,0,20
2026-08-01T09:10:54.277Z,deep_scan,20260801073922_MT4-AP1-26-56,30,56,0,7,T408/6,AA7402,1,14
2026-08-01T09:10:54.277Z,deep_scan,20260801073922_MT4-AP1-26-56,30,56,0,8,T343,AA7359,0,28
2026-08-01T09:10:54.277Z,deep_scan,20260801073922_MT4-AP1-26-56,30,56,0,12,M155,AA2619,0,3
2026-08-01T09:10:54.277Z,deep_scan,20260801073922_MT4-AP1-26-56,30,56,0,15,M61/2,AA2314,0,45
2026-08-01T09:10:54.277Z,deep_scan,20260801073922_MT4-AP1-26-56,30,56,0,22,T379,AA7406,0,35
2026-08-01T09:11:24.281Z,deep_scan,20260801073922_MT4-AP1-26-56,30,56,0,7,T408/6,AA7402,0,14
2026-08-01T09:11:24.281Z,deep_scan,20260801073922_MT4-AP1-26-56,30,56,0,8,T343,AA7359,0,25
2026-08-01T09:11:24.281Z,deep_scan,20260801073922_MT4-AP1-26-56,30,56,0,12,M155,AA2619,0,3
2026-08-01T09:11:24.281Z,deep_scan,20260801073922_MT4-AP1-26-56,30,56,0,15,M61/2,AA2314,0,43
2026-08-01T09:11:24.281Z,deep_scan,20260801073922_MT4-AP1-26-56,30,56,0,22,T379,AA7406,0,19
2026-08-01T09:11:54.310Z,deep_scan,20260801073922_MT4-AP1-26-56,30,56,0,7,T408/6,AA7402,0,42
2026-08-01T09:11:54.310Z,deep_scan,20260801073922_MT4-AP1-26-56,30,56,0,8,T343,AA7359,0,20
2026-08-01T09:11:54.310Z,deep_scan,20260801073922_MT4-AP1-26-56,30,56,0,12,M155,AA2619,0,14
2026-08-01T09:11:54.310Z,deep_scan,20260801073922_MT4-AP1-26-56,30,56,0,15,M61/2,AA2314,0,46
2026-08-01T09:11:54.310Z,deep_scan,20260801073922_MT4-AP1-26-56,30,56,0,22,T379,AA7406,0,36
2026-08-01T09:12:24.314Z,deep_scan,20260801073922_MT4-AP1-26-56,30,56,0,8,T343,AA7359,0,40
2026-08-01T09:12:24.314Z,deep_scan,20260801073922_MT4-AP1-26-56,30,56,0,8,T343,AA7402,1,28
2026-08-01T09:12:24.314Z,deep_scan,20260801073922_MT4-AP1-26-56,30,56,0,12,M155,AA2619,0,7
2026-08-01T09:12:24.314Z,deep_scan,20260801073922_MT4-AP1-26-56,30,56,0,15,M61/2,AA2314,0,49
2026-08-01T09:12:24.314Z,deep_scan,20260801073922_MT4-AP1-26-56,30,56,0,22,T379,AA7406,0,50
2026-08-01T09:12:54.351Z,deep_scan,20260801073922_MT4-AP1-26-56,30,56,0,8,T343,AA7359,0,48
2026-08-01T09:12:54.351Z,deep_scan,20260801073922_MT4-AP1-26-56,30,56,0,8,T343,AA7402,1,24
2026-08-01T09:12:54.351Z,deep_scan,20260801073922_MT4-AP1-26-56,30,56,0,13,M92,AA2619,1,18
2026-08-01T09:12:54.351Z,deep_scan,20260801073922_MT4-AP1-26-56,30,56,0,15,M61/2,AA2314,0,44
2026-08-01T09:12:54.351Z,deep_scan,20260801073922_MT4-AP1-26-56,30,56,0,22,T379,AA7406,0,24
2026-08-01T09:13:24.334Z,deep_scan,20260801073922_MT4-AP1-26-56,30,56,0,8,T343,AA7359,0,46
2026-08-01T09:13:24.334Z,deep_scan,20260801073922_MT4-AP1-26-56,30,56,0,8,T343,AA7402,1,10
2026-08-01T09:13:24.334Z,deep_scan,20260801073922_MT4-AP1-26-56,30,56,0,13,M92,AA2619,1,13
2026-08-01T09:13:24.334Z,deep_scan,20260801073922_MT4-AP1-26-56,30,56,0,15,M61/2,AA2314,0,49
2026-08-01T09:13:24.334Z,deep_scan,20260801073922_MT4-AP1-26-56,30,56,0,22,T379,AA7406,0,3
2026-08-01T09:13:54.359Z,deep_scan,20260801073922_MT4-AP1-26-56,30,56,0,8,T343,AA7359,0,43
2026-08-01T09:13:54.359Z,deep_scan,20260801073922_MT4-AP1-26-56,30,56,0,8,T343,AA7402,0,44
2026-08-01T09:13:54.359Z,deep_scan,20260801073922_MT4-AP1-26-56,30,56,0,13,M92,AA2619,1,13
2026-08-01T09:13:54.359Z,deep_scan,20260801073922_MT4-AP1-26-56,30,56,0,15,M61/2,AA2314,0,48
2026-08-01T09:13:54.359Z,deep_scan,20260801073922_MT4-AP1-26-56,30,56,0,23,C688/2,AA7406,1,3
2026-08-01T09:14:24.359Z,deep_scan,20260801073922_MT4-AP1-26-56,30,56,0,8,T343,AA7359,0,47
2026-08-01T09:14:24.359Z,deep_scan,20260801073922_MT4-AP1-26-56,30,56,0,8,T343,AA7402,0,38
2026-08-01T09:14:24.359Z,deep_scan,20260801073922_MT4-AP1-26-56,30,56,0,13,M92,AA2619,0,29
2026-08-01T09:14:24.359Z,deep_scan,20260801073922_MT4-AP1-26-56,30,56,0,15,M61/2,AA2314,0,47
2026-08-01T09:14:24.359Z,deep_scan,20260801073922_MT4-AP1-26-56,30,56,0,23,C688/2,AA7406,0,3
2026-08-01T09:14:54.360Z,deep_scan,20260801073922_MT4-AP1-26-56,30,56,0,0,C690/6,AA7445,1,8
2026-08-01T09:14:54.360Z,deep_scan,20260801073922_MT4-AP1-26-56,30,56,0,8,T343,AA7359,0,49
2026-08-01T09:14:54.360Z,deep_scan,20260801073922_MT4-AP1-26-56,30,56,0,8,T343,AA7402,0,44
2026-08-01T09:14:54.360Z,deep_scan,20260801073922_MT4-AP1-26-56,30,56,0,14,M272,AA2619,1,20
2026-08-01T09:14:54.360Z,deep_scan,20260801073922_MT4-AP1-26-56,30,56,0,15,M61/2,AA2314,0,47
2026-08-01T09:14:54.360Z,deep_scan,20260801073922_MT4-AP1-26-56,30,56,0,24,C690/6,AA7406,1,0
2026-08-01T09:15:24.348Z,deep_scan,20260801073922_MT4-AP1-26-56,30,56,0,1,C689/2,AA7445,1,8
2026-08-01T09:15:24.348Z,deep_scan,20260801073922_MT4-AP1-26-56,30,56,0,8,T343,AA7359,0,43
2026-08-01T09:15:24.348Z,deep_scan,20260801073922_MT4-AP1-26-56,30,56,0,8,T343,AA7402,0,43
2026-08-01T09:15:24.348Z,deep_scan,20260801073922_MT4-AP1-26-56,30,56,0,14,M272,AA2619,1,20
2026-08-01T09:15:24.348Z,deep_scan,20260801073922_MT4-AP1-26-56,30,56,0,15,M61/2,AA2314,0,42
2026-08-01T09:15:24.348Z,deep_scan,20260801073922_MT4-AP1-26-56,30,56,0,24,C690/6,AA7406,1,0
2026-08-01T09:15:54.379Z,deep_scan,20260801073922_MT4-AP1-26-56,30,56,0,1,C689/2,AA7445,1,8
2026-08-01T09:15:54.379Z,deep_scan,20260801073922_MT4-AP1-26-56,30,56,0,8,T343,AA7359,0,46
2026-08-01T09:15:54.379Z,deep_scan,20260801073922_MT4-AP1-26-56,30,56,0,8,T343,AA7402,0,36
2026-08-01T09:15:54.379Z,deep_scan,20260801073922_MT4-AP1-26-56,30,56,0,14,M272,AA2619,0,24
2026-08-01T09:15:54.379Z,deep_scan,20260801073922_MT4-AP1-26-56,30,56,0,15,M61/2,AA2314,0,44
2026-08-01T09:15:54.379Z,deep_scan,20260801073922_MT4-AP1-26-56,30,56,0,24,C690/6,AA7406,1,0
2026-08-01T09:16:24.396Z,deep_scan,20260801073922_MT4-AP1-26-56,30,56,0,1,C689/2,AA7445,0,8
2026-08-01T09:16:24.396Z,deep_scan,20260801073922_MT4-AP1-26-56,30,56,0,8,T343,AA7359,0,48
2026-08-01T09:16:24.396Z,deep_scan,20260801073922_MT4-AP1-26-56,30,56,0,8,T343,AA7402,0,15
2026-08-01T09:16:24.396Z,deep_scan,20260801073922_MT4-AP1-26-56,30,56,0,14,M272,AA2619,0,9
2026-08-01T09:16:24.396Z,deep_scan,20260801073922_MT4-AP1-26-56,30,56,0,16,T342,AA2314,1,12
2026-08-01T09:16:24.396Z,deep_scan,20260801073922_MT4-AP1-26-56,30,56,0,24,C690/6,AA7406,1,0
2026-08-01T09:16:54.363Z,deep_scan,20260801073922_MT4-AP1-26-56,30,56,0,1,C689/2,AA7445,0,4
2026-08-01T09:16:54.363Z,deep_scan,20260801073922_MT4-AP1-26-56,30,56,0,8,T343,AA7359,0,47
2026-08-01T09:16:54.363Z,deep_scan,20260801073922_MT4-AP1-26-56,30,56,0,8,T343,AA7402,0,15
2026-08-01T09:16:54.363Z,deep_scan,20260801073922_MT4-AP1-26-56,30,56,0,14,M272,AA2619,0,22
2026-08-01T09:16:54.363Z,deep_scan,20260801073922_MT4-AP1-26-56,30,56,0,16,T342,AA2314,0,34
2026-08-01T09:16:54.363Z,deep_scan,20260801073922_MT4-AP1-26-56,30,56,0,24,C690/6,AA7406,1,0
2026-08-01T09:17:24.418Z,deep_scan,20260801073922_MT4-AP1-26-56,30,56,0,1,C689/2,AA7445,0,40
2026-08-01T09:17:24.418Z,deep_scan,20260801073922_MT4-AP1-26-56,30,56,0,8,T343,AA7359,0,27
2026-08-01T09:17:24.418Z,deep_scan,20260801073922_MT4-AP1-26-56,30,56,0,8,T343,AA7402,0,15
2026-08-01T09:17:24.418Z,deep_scan,20260801073922_MT4-AP1-26-56,30,56,0,14,M272,AA2619,0,35
2026-08-01T09:17:24.418Z,deep_scan,20260801073922_MT4-AP1-26-56,30,56,0,16,T342,AA2314,0,13
2026-08-01T09:17:24.418Z,deep_scan,20260801073922_MT4-AP1-26-56,30,56,0,24,C690/6,AA7406,1,0
2026-08-01T09:17:54.402Z,deep_scan,20260801073922_MT4-AP1-26-56,30,56,0,1,C689/2,AA7445,0,31
2026-08-01T09:17:54.402Z,deep_scan,20260801073922_MT4-AP1-26-56,30,56,0,8,T343,AA7359,0,40
2026-08-01T09:17:54.402Z,deep_scan,20260801073922_MT4-AP1-26-56,30,56,0,8,T343,AA7402,0,17
2026-08-01T09:17:54.402Z,deep_scan,20260801073922_MT4-AP1-26-56,30,56,0,14,M272,AA2619,0,19
2026-08-01T09:17:54.402Z,deep_scan,20260801073922_MT4-AP1-26-56,30,56,0,17,T409,AA2314,1,28
2026-08-01T09:17:54.402Z,deep_scan,20260801073922_MT4-AP1-26-56,30,56,0,24,C690/6,AA7406,1,0
2026-08-01T09:18:24.428Z,deep_scan,20260801073922_MT4-AP1-26-56,30,56,0,1,C689/2,AA7445,0,7
2026-08-01T09:18:24.428Z,deep_scan,20260801073922_MT4-AP1-26-56,30,56,0,8,T343,AA7402,0,29
2026-08-01T09:18:24.428Z,deep_scan,20260801073922_MT4-AP1-26-56,30,56,0,9,M239/1,AA7359,1,12
2026-08-01T09:18:24.428Z,deep_scan,20260801073922_MT4-AP1-26-56,30,56,0,15,M61/2,AA2619,1,23
2026-08-01T09:18:24.428Z,deep_scan,20260801073922_MT4-AP1-26-56,30,56,0,17,T409,AA2314,0,10
2026-08-01T09:18:24.428Z,deep_scan,20260801073922_MT4-AP1-26-56,30,56,0,24,C690/6,AA7406,1,0
2026-08-01T09:18:54.395Z,deep_scan,20260801073922_MT4-AP1-26-56,30,56,0,1,C689/2,AA7445,0,23
2026-08-01T09:18:54.395Z,deep_scan,20260801073922_MT4-AP1-26-56,30,56,0,8,T343,AA7402,0,29
2026-08-01T09:18:54.395Z,deep_scan,20260801073922_MT4-AP1-26-56,30,56,0,9,M239/1,AA7359,0,17
2026-08-01T09:18:54.395Z,deep_scan,20260801073922_MT4-AP1-26-56,30,56,0,15,M61/2,AA2619,0,26
2026-08-01T09:18:54.395Z,deep_scan,20260801073922_MT4-AP1-26-56,30,56,0,17,T409,AA2314,0,16
2026-08-01T09:18:54.395Z,deep_scan,20260801073922_MT4-AP1-26-56,30,56,0,24,C690/6,AA7406,1,0
2026-08-01T09:19:24.460Z,deep_scan,20260801073922_MT4-AP1-26-56,30,56,0,2,T360,AA7445,1,20
2026-08-01T09:19:24.460Z,deep_scan,20260801073922_MT4-AP1-26-56,30,56,0,8,T343,AA7402,0,22
2026-08-01T09:19:24.460Z,deep_scan,20260801073922_MT4-AP1-26-56,30,56,0,10,M254,AA7359,1,6
2026-08-01T09:19:24.460Z,deep_scan,20260801073922_MT4-AP1-26-56,30,56,0,15,M61/2,AA2619,0,12
2026-08-01T09:19:24.460Z,deep_scan,20260801073922_MT4-AP1-26-56,30,56,0,17,T409,AA2314,0,10
2026-08-01T09:19:54.395Z,deep_scan,20260801073922_MT4-AP1-26-56,30,56,0,2,T360,AA7445,0,12
2026-08-01T09:19:54.395Z,deep_scan,20260801073922_MT4-AP1-26-56,30,56,0,8,T343,AA7402,0,39
2026-08-01T09:19:54.395Z,deep_scan,20260801073922_MT4-AP1-26-56,30,56,0,10,M254,AA7359,1,15
2026-08-01T09:19:54.395Z,deep_scan,20260801073922_MT4-AP1-26-56,30,56,0,15,M61/2,AA2619,0,32
2026-08-01T09:19:54.395Z,deep_scan,20260801073922_MT4-AP1-26-56,30,56,0,18,T313,AA2314,0,1
2026-08-01T09:20:24.438Z,deep_scan,20260801073922_MT4-AP1-26-56,30,56,0,2,T360,AA7445,0,22
2026-08-01T09:20:24.438Z,deep_scan,20260801073922_MT4-AP1-26-56,30,56,0,8,T343,AA7402,0,39
2026-08-01T09:20:24.438Z,deep_scan,20260801073922_MT4-AP1-26-56,30,56,0,10,M254,AA7359,0,18
2026-08-01T09:20:24.438Z,deep_scan,20260801073922_MT4-AP1-26-56,30,56,0,15,M61/2,AA2619,0,43
2026-08-01T09:20:24.438Z,deep_scan,20260801073922_MT4-AP1-26-56,30,56,0,18,T313,AA2314,0,34
2026-08-01T09:20:54.413Z,deep_scan,20260801073922_MT4-AP1-26-56,30,56,0,3,T376/2,AA7445,1,9
2026-08-01T09:20:54.413Z,deep_scan,20260801073922_MT4-AP1-26-56,30,56,0,8,T343,AA7402,0,34
2026-08-01T09:20:54.413Z,deep_scan,20260801073922_MT4-AP1-26-56,30,56,0,10,M254,AA7359,0,20
2026-08-01T09:20:54.413Z,deep_scan,20260801073922_MT4-AP1-26-56,30,56,0,15,M61/2,AA2619,0,30
2026-08-01T09:20:54.413Z,deep_scan,20260801073922_MT4-AP1-26-56,30,56,0,19,T315,AA2314,0,17
2026-08-01T09:21:24.431Z,deep_scan,20260801073922_MT4-AP1-26-56,30,56,0,3,T376/2,AA7445,1,9
2026-08-01T09:21:24.431Z,deep_scan,20260801073922_MT4-AP1-26-56,30,56,0,8,T343,AA7402,0,44
2026-08-01T09:21:24.431Z,deep_scan,20260801073922_MT4-AP1-26-56,30,56,0,10,M254,AA7359,0,28
2026-08-01T09:21:24.431Z,deep_scan,20260801073922_MT4-AP1-26-56,30,56,0,15,M61/2,AA2619,0,46
2026-08-01T09:21:24.431Z,deep_scan,20260801073922_MT4-AP1-26-56,30,56,0,19,T315,AA2314,0,30
2026-08-01T09:21:54.506Z,deep_scan,20260801073922_MT4-AP1-26-56,30,56,0,3,T376/2,AA7445,0,31
2026-08-01T09:21:54.506Z,deep_scan,20260801073922_MT4-AP1-26-56,30,56,0,8,T343,AA7402,0,43
2026-08-01T09:21:54.506Z,deep_scan,20260801073922_MT4-AP1-26-56,30,56,0,11,M117,AA7359,1,25
2026-08-01T09:21:54.506Z,deep_scan,20260801073922_MT4-AP1-26-56,30,56,0,15,M61/2,AA2619,0,43
2026-08-01T09:21:54.506Z,deep_scan,20260801073922_MT4-AP1-26-56,30,56,0,19,T315,AA2314,0,11
2026-08-01T09:22:24.446Z,deep_scan,20260801073922_MT4-AP1-26-56,30,56,0,3,T376/2,AA7445,0,7
2026-08-01T09:22:24.446Z,deep_scan,20260801073922_MT4-AP1-26-56,30,56,0,8,T343,AA7402,0,42
2026-08-01T09:22:24.446Z,deep_scan,20260801073922_MT4-AP1-26-56,30,56,0,11,M117,AA7359,0,34
2026-08-01T09:22:24.446Z,deep_scan,20260801073922_MT4-AP1-26-56,30,56,0,15,M61/2,AA2619,0,49
2026-08-01T09:22:24.446Z,deep_scan,20260801073922_MT4-AP1-26-56,30,56,0,19,T315,AA2314,0,13
2026-08-01T09:22:54.455Z,deep_scan,20260801073922_MT4-AP1-26-56,30,56,0,3,T376/2,AA7445,0,38
2026-08-01T09:22:54.455Z,deep_scan,20260801073922_MT4-AP1-26-56,30,56,0,8,T343,AA7402,0,41
2026-08-01T09:22:54.455Z,deep_scan,20260801073922_MT4-AP1-26-56,30,56,0,12,M155,AA7359,1,38
2026-08-01T09:22:54.455Z,deep_scan,20260801073922_MT4-AP1-26-56,30,56,0,15,M61/2,AA2619,0,44
2026-08-01T09:22:54.455Z,deep_scan,20260801073922_MT4-AP1-26-56,30,56,0,20,T375,AA2314,1,32
2026-08-01T09:23:24.470Z,deep_scan,20260801073922_MT4-AP1-26-56,30,56,0,4,T363/2,AA7445,1,30
2026-08-01T09:23:24.470Z,deep_scan,20260801073922_MT4-AP1-26-56,30,56,0,8,T343,AA7402,0,45
2026-08-01T09:23:24.470Z,deep_scan,20260801073922_MT4-AP1-26-56,30,56,0,12,M155,AA7359,0,1
2026-08-01T09:23:24.470Z,deep_scan,20260801073922_MT4-AP1-26-56,30,56,0,15,M61/2,AA2619,0,45
2026-08-01T09:23:24.470Z,deep_scan,20260801073922_MT4-AP1-26-56,30,56,0,20,T375,AA2314,1,14
2026-08-01T09:23:54.498Z,deep_scan,20260801073922_MT4-AP1-26-56,30,56,0,0,C690/6,AA7406,0,3
2026-08-01T09:23:54.498Z,deep_scan,20260801073922_MT4-AP1-26-56,30,56,0,4,T363/2,AA7445,1,30
2026-08-01T09:23:54.498Z,deep_scan,20260801073922_MT4-AP1-26-56,30,56,0,8,T343,AA7402,0,47
2026-08-01T09:23:54.498Z,deep_scan,20260801073922_MT4-AP1-26-56,30,56,0,12,M155,AA7359,0,28
2026-08-01T09:23:54.498Z,deep_scan,20260801073922_MT4-AP1-26-56,30,56,0,15,M61/2,AA2619,0,46
2026-08-01T09:23:54.498Z,deep_scan,20260801073922_MT4-AP1-26-56,30,56,0,20,T375,AA2314,0,36
2026-08-01T09:24:24.484Z,deep_scan,20260801073922_MT4-AP1-26-56,30,56,0,0,C690/6,AA7406,0,3
2026-08-01T09:24:24.484Z,deep_scan,20260801073922_MT4-AP1-26-56,30,56,0,4,T363/2,AA7445,0,5
2026-08-01T09:24:24.484Z,deep_scan,20260801073922_MT4-AP1-26-56,30,56,0,8,T343,AA7402,0,45
2026-08-01T09:24:24.484Z,deep_scan,20260801073922_MT4-AP1-26-56,30,56,0,12,M155,AA7359,0,42
2026-08-01T09:24:24.484Z,deep_scan,20260801073922_MT4-AP1-26-56,30,56,0,15,M61/2,AA2619,0,46
2026-08-01T09:24:24.484Z,deep_scan,20260801073922_MT4-AP1-26-56,30,56,0,21,T380,AA2314,1,36
2026-08-01T09:24:54.481Z,deep_scan,20260801073922_MT4-AP1-26-56,30,56,0,0,C690/6,AA7406,0,3
2026-08-01T09:24:54.481Z,deep_scan,20260801073922_MT4-AP1-26-56,30,56,0,4,T363/2,AA7445,0,16
2026-08-01T09:24:54.481Z,deep_scan,20260801073922_MT4-AP1-26-56,30,56,0,8,T343,AA7402,0,47
2026-08-01T09:24:54.481Z,deep_scan,20260801073922_MT4-AP1-26-56,30,56,0,12,M155,AA7359,0,40
2026-08-01T09:24:54.481Z,deep_scan,20260801073922_MT4-AP1-26-56,30,56,0,15,M61/2,AA2619,0,47
2026-08-01T09:24:54.481Z,deep_scan,20260801073922_MT4-AP1-26-56,30,56,0,22,T379,AA2314,1,46
2026-08-01T09:25:24.538Z,deep_scan,20260801073922_MT4-AP1-26-56,30,56,0,0,C690/6,AA7406,0,3
2026-08-01T09:25:24.538Z,deep_scan,20260801073922_MT4-AP1-26-56,30,56,0,5,T306,AA7445,1,26
2026-08-01T09:25:24.538Z,deep_scan,20260801073922_MT4-AP1-26-56,30,56,0,8,T343,AA7402,0,46
2026-08-01T09:25:24.538Z,deep_scan,20260801073922_MT4-AP1-26-56,30,56,0,12,M155,AA7359,0,1
2026-08-01T09:25:24.538Z,deep_scan,20260801073922_MT4-AP1-26-56,30,56,0,15,M61/2,AA2619,0,46
2026-08-01T09:25:24.538Z,deep_scan,20260801073922_MT4-AP1-26-56,30,56,0,22,T379,AA2314,0,32
2026-08-01T09:25:54.502Z,deep_scan,20260801073922_MT4-AP1-26-56,30,56,0,1,C689/2,AA7406,1,3
2026-08-01T09:25:54.502Z,deep_scan,20260801073922_MT4-AP1-26-56,30,56,0,5,T306,AA7445,1,26
2026-08-01T09:25:54.502Z,deep_scan,20260801073922_MT4-AP1-26-56,30,56,0,8,T343,AA7402,0,44
2026-08-01T09:25:54.502Z,deep_scan,20260801073922_MT4-AP1-26-56,30,56,0,12,M155,AA7359,0,1
2026-08-01T09:25:54.502Z,deep_scan,20260801073922_MT4-AP1-26-56,30,56,0,15,M61/2,AA2619,0,48
2026-08-01T09:25:54.502Z,deep_scan,20260801073922_MT4-AP1-26-56,30,56,0,22,T379,AA2314,0,32
2026-08-01T09:26:24.522Z,deep_scan,20260801073922_MT4-AP1-26-56,30,56,0,1,C689/2,AA7406,1,3
2026-08-01T09:26:24.522Z,deep_scan,20260801073922_MT4-AP1-26-56,30,56,0,5,T306,AA7445,0,40
2026-08-01T09:26:24.522Z,deep_scan,20260801073922_MT4-AP1-26-56,30,56,0,8,T343,AA7402,0,29
2026-08-01T09:26:24.522Z,deep_scan,20260801073922_MT4-AP1-26-56,30,56,0,12,M155,AA7359,0,5
2026-08-01T09:26:24.522Z,deep_scan,20260801073922_MT4-AP1-26-56,30,56,0,15,M61/2,AA2619,0,47
2026-08-01T09:26:24.522Z,deep_scan,20260801073922_MT4-AP1-26-56,30,56,0,22,T379,AA2314,0,13
2026-08-01T09:26:54.522Z,deep_scan,20260801073922_MT4-AP1-26-56,30,56,0,1,C689/2,AA7406,0,3
2026-08-01T09:26:54.522Z,deep_scan,20260801073922_MT4-AP1-26-56,30,56,0,6,T314/2,AA7445,1,17
2026-08-01T09:26:54.522Z,deep_scan,20260801073922_MT4-AP1-26-56,30,56,0,9,M239/1,AA7402,1,10
2026-08-01T09:26:54.522Z,deep_scan,20260801073922_MT4-AP1-26-56,30,56,0,12,M155,AA7359,0,5
2026-08-01T09:26:54.522Z,deep_scan,20260801073922_MT4-AP1-26-56,30,56,0,15,M61/2,AA2619,0,38
2026-08-01T09:26:54.522Z,deep_scan,20260801073922_MT4-AP1-26-56,30,56,0,22,T379,AA2314,0,39
2026-08-01T09:27:24.510Z,deep_scan,20260801073922_MT4-AP1-26-56,30,56,0,1,C689/2,AA7406,0,24
2026-08-01T09:27:24.510Z,deep_scan,20260801073922_MT4-AP1-26-56,30,56,0,6,T314/2,AA7445,1,17
2026-08-01T09:27:24.510Z,deep_scan,20260801073922_MT4-AP1-26-56,30,56,0,9,M239/1,AA7402,0,29
2026-08-01T09:27:24.510Z,deep_scan,20260801073922_MT4-AP1-26-56,30,56,0,12,M155,AA7359,0,5
2026-08-01T09:27:24.510Z,deep_scan,20260801073922_MT4-AP1-26-56,30,56,0,15,M61/2,AA2619,0,49
2026-08-01T09:27:24.510Z,deep_scan,20260801073922_MT4-AP1-26-56,30,56,0,22,T379,AA2314,0,47
2026-08-01T09:27:54.513Z,deep_scan,20260801073922_MT4-AP1-26-56,30,56,0,1,C689/2,AA7406,0,50
2026-08-01T09:27:54.513Z,deep_scan,20260801073922_MT4-AP1-26-56,30,56,0,6,T314/2,AA7445,1,11
2026-08-01T09:27:54.513Z,deep_scan,20260801073922_MT4-AP1-26-56,30,56,0,10,M254,AA7402,1,19
2026-08-01T09:27:54.513Z,deep_scan,20260801073922_MT4-AP1-26-56,30,56,0,12,M155,AA7359,0,14
2026-08-01T09:27:54.513Z,deep_scan,20260801073922_MT4-AP1-26-56,30,56,0,16,T342,AA2619,1,6
2026-08-01T09:27:54.513Z,deep_scan,20260801073922_MT4-AP1-26-56,30,56,0,22,T379,AA2314,0,19
2026-08-01T09:28:24.496Z,deep_scan,20260801073922_MT4-AP1-26-56,30,56,0,1,C689/2,AA7406,0,42
2026-08-01T09:28:24.496Z,deep_scan,20260801073922_MT4-AP1-26-56,30,56,0,6,T314/2,AA7445,1,9
2026-08-01T09:28:24.496Z,deep_scan,20260801073922_MT4-AP1-26-56,30,56,0,10,M254,AA7402,0,35
2026-08-01T09:28:24.496Z,deep_scan,20260801073922_MT4-AP1-26-56,30,56,0,12,M155,AA7359,0,14
2026-08-01T09:28:24.496Z,deep_scan,20260801073922_MT4-AP1-26-56,30,56,0,16,T342,AA2619,0,31
2026-08-01T09:28:24.496Z,deep_scan,20260801073922_MT4-AP1-26-56,30,56,0,23,C688/2,AA2314,1,4
2026-08-01T09:28:54.533Z,deep_scan,20260801073922_MT4-AP1-26-56,30,56,0,2,T360,AA7406,1,32
2026-08-01T09:28:54.533Z,deep_scan,20260801073922_MT4-AP1-26-56,30,56,0,6,T314/2,AA7445,0,12
2026-08-01T09:28:54.533Z,deep_scan,20260801073922_MT4-AP1-26-56,30,56,0,10,M254,AA7402,0,15
2026-08-01T09:28:54.533Z,deep_scan,20260801073922_MT4-AP1-26-56,30,56,0,12,M155,AA7359,0,14
2026-08-01T09:28:54.533Z,deep_scan,20260801073922_MT4-AP1-26-56,30,56,0,16,T342,AA2619,0,45
2026-08-01T09:28:54.533Z,deep_scan,20260801073922_MT4-AP1-26-56,30,56,0,23,C688/2,AA2314,0,4
2026-08-01T09:29:24.497Z,deep_scan,20260801073922_MT4-AP1-26-56,30,56,0,2,T360,AA7406,1,14
2026-08-01T09:29:24.497Z,deep_scan,20260801073922_MT4-AP1-26-56,30,56,0,7,T408/6,AA7445,1,17
2026-08-01T09:29:24.497Z,deep_scan,20260801073922_MT4-AP1-26-56,30,56,0,10,M254,AA7402,0,10
2026-08-01T09:29:24.497Z,deep_scan,20260801073922_MT4-AP1-26-56,30,56,0,12,M155,AA7359,0,12
2026-08-01T09:29:24.497Z,deep_scan,20260801073922_MT4-AP1-26-56,30,56,0,16,T342,AA2619,0,6
2026-08-01T09:29:24.497Z,deep_scan,20260801073922_MT4-AP1-26-56,30,56,0,24,C690/6,AA2314,1,0
2026-08-01T09:29:54.523Z,deep_scan,20260801073922_MT4-AP1-26-56,30,56,0,2,T360,AA7406,0,29
2026-08-01T09:29:54.523Z,deep_scan,20260801073922_MT4-AP1-26-56,30,56,0,7,T408/6,AA7445,0,10
2026-08-01T09:29:54.523Z,deep_scan,20260801073922_MT4-AP1-26-56,30,56,0,10,M254,AA7402,0,21
2026-08-01T09:29:54.523Z,deep_scan,20260801073922_MT4-AP1-26-56,30,56,0,12,M155,AA7359,0,5
2026-08-01T09:29:54.523Z,deep_scan,20260801073922_MT4-AP1-26-56,30,56,0,17,T409,AA2619,0,27
2026-08-01T09:29:54.523Z,deep_scan,20260801073922_MT4-AP1-26-56,30,56,0,24,C690/6,AA2314,1,0
2026-08-01T09:30:24.544Z,deep_scan,20260801073922_MT4-AP1-26-56,30,56,0,2,T360,AA7406,0,13
2026-08-01T09:30:24.544Z,deep_scan,20260801073922_MT4-AP1-26-56,30,56,0,7,T408/6,AA7445,0,10
2026-08-01T09:30:24.544Z,deep_scan,20260801073922_MT4-AP1-26-56,30,56,0,11,M117,AA7402,0,5
2026-08-01T09:30:24.544Z,deep_scan,20260801073922_MT4-AP1-26-56,30,56,0,12,M155,AA7359,0,3
2026-08-01T09:30:24.544Z,deep_scan,20260801073922_MT4-AP1-26-56,30,56,0,17,T409,AA2619,0,26
2026-08-01T09:30:24.544Z,deep_scan,20260801073922_MT4-AP1-26-56,30,56,0,24,C690/6,AA2314,1,0
2026-08-01T09:30:54.568Z,deep_scan,20260801073922_MT4-AP1-26-56,30,56,0,2,T360,AA7406,0,13
2026-08-01T09:30:54.568Z,deep_scan,20260801073922_MT4-AP1-26-56,30,56,0,7,T408/6,AA7445,0,10
2026-08-01T09:30:54.568Z,deep_scan,20260801073922_MT4-AP1-26-56,30,56,0,11,M117,AA7402,0,36
2026-08-01T09:30:54.568Z,deep_scan,20260801073922_MT4-AP1-26-56,30,56,0,12,M155,AA7359,0,15
2026-08-01T09:30:54.568Z,deep_scan,20260801073922_MT4-AP1-26-56,30,56,0,18,T313,AA2619,1,2
2026-08-01T09:30:54.568Z,deep_scan,20260801073922_MT4-AP1-26-56,30,56,0,24,C690/6,AA2314,1,0
2026-08-01T09:31:24.562Z,deep_scan,20260801073922_MT4-AP1-26-56,30,56,0,3,T376/2,AA7406,0,19
2026-08-01T09:31:24.562Z,deep_scan,20260801073922_MT4-AP1-26-56,30,56,0,7,T408/6,AA7445,0,21
2026-08-01T09:31:24.562Z,deep_scan,20260801073922_MT4-AP1-26-56,30,56,0,12,M155,AA7359,0,10
2026-08-01T09:31:24.562Z,deep_scan,20260801073922_MT4-AP1-26-56,30,56,0,12,M155,AA7402,1,3
2026-08-01T09:31:24.562Z,deep_scan,20260801073922_MT4-AP1-26-56,30,56,0,18,T313,AA2619,0,38
2026-08-01T09:31:24.562Z,deep_scan,20260801073922_MT4-AP1-26-56,30,56,0,24,C690/6,AA2314,1,0
2026-08-01T09:31:54.556Z,deep_scan,20260801073922_MT4-AP1-26-56,30,56,0,3,T376/2,AA7406,0,37
2026-08-01T09:31:54.556Z,deep_scan,20260801073922_MT4-AP1-26-56,30,56,0,7,T408/6,AA7445,0,10
2026-08-01T09:31:54.556Z,deep_scan,20260801073922_MT4-AP1-26-56,30,56,0,12,M155,AA7359,0,2
2026-08-01T09:31:54.556Z,deep_scan,20260801073922_MT4-AP1-26-56,30,56,0,12,M155,AA7402,0,30
2026-08-01T09:31:54.556Z,deep_scan,20260801073922_MT4-AP1-26-56,30,56,0,19,T315,AA2619,1,17
2026-08-01T09:31:54.556Z,deep_scan,20260801073922_MT4-AP1-26-56,30,56,0,24,C690/6,AA2314,1,0
2026-08-01T09:32:24.562Z,deep_scan,20260801073922_MT4-AP1-26-56,30,56,0,3,T376/2,AA7406,0,2
2026-08-01T09:32:24.562Z,deep_scan,20260801073922_MT4-AP1-26-56,30,56,0,7,T408/6,AA7445,0,8
2026-08-01T09:32:24.562Z,deep_scan,20260801073922_MT4-AP1-26-56,30,56,0,12,M155,AA7359,0,9
2026-08-01T09:32:24.562Z,deep_scan,20260801073922_MT4-AP1-26-56,30,56,0,12,M155,AA7402,0,38
2026-08-01T09:32:24.562Z,deep_scan,20260801073922_MT4-AP1-26-56,30,56,0,19,T315,AA2619,0,17
2026-08-01T09:32:24.562Z,deep_scan,20260801073922_MT4-AP1-26-56,30,56,0,24,C690/6,AA2314,1,0
2026-08-01T09:32:54.569Z,deep_scan,20260801073922_MT4-AP1-26-56,30,56,0,3,T376/2,AA7406,0,26
2026-08-01T09:32:54.569Z,deep_scan,20260801073922_MT4-AP1-26-56,30,56,0,8,T343,AA7445,1,27
2026-08-01T09:32:54.569Z,deep_scan,20260801073922_MT4-AP1-26-56,30,56,0,12,M155,AA7359,0,11
2026-08-01T09:32:54.569Z,deep_scan,20260801073922_MT4-AP1-26-56,30,56,0,12,M155,AA7402,0,41
2026-08-01T09:32:54.569Z,deep_scan,20260801073922_MT4-AP1-26-56,30,56,0,19,T315,AA2619,0,41
2026-08-01T09:32:54.569Z,deep_scan,20260801073922_MT4-AP1-26-56,30,56,0,24,C690/6,AA2314,1,0
2026-08-01T09:33:24.561Z,deep_scan,20260801073922_MT4-AP1-26-56,30,56,0,4,T363/2,AA7406,1,26
2026-08-01T09:33:24.561Z,deep_scan,20260801073922_MT4-AP1-26-56,30,56,0,8,T343,AA7445,0,25
2026-08-01T09:33:24.561Z,deep_scan,20260801073922_MT4-AP1-26-56,30,56,0,12,M155,AA7402,0,34
2026-08-01T09:33:24.561Z,deep_scan,20260801073922_MT4-AP1-26-56,30,56,0,13,M92,AA7359,1,6
2026-08-01T09:33:24.561Z,deep_scan,20260801073922_MT4-AP1-26-56,30,56,0,19,T315,AA2619,0,26
2026-08-01T09:33:24.561Z,deep_scan,20260801073922_MT4-AP1-26-56,30,56,0,24,C690/6,AA2314,1,0
2026-08-01T09:33:54.562Z,deep_scan,20260801073922_MT4-AP1-26-56,30,56,0,4,T363/2,AA7406,1,3
2026-08-01T09:33:54.562Z,deep_scan,20260801073922_MT4-AP1-26-56,30,56,0,8,T343,AA7445,0,36
2026-08-01T09:33:54.562Z,deep_scan,20260801073922_MT4-AP1-26-56,30,56,0,12,M155,AA7402,0,3
2026-08-01T09:33:54.562Z,deep_scan,20260801073922_MT4-AP1-26-56,30,56,0,13,M92,AA7359,1,6
2026-08-01T09:33:54.562Z,deep_scan,20260801073922_MT4-AP1-26-56,30,56,0,20,T375,AA2619,1,6
2026-08-01T09:34:24.561Z,deep_scan,20260801073922_MT4-AP1-26-56,30,56,0,4,T363/2,AA7406,0,8
2026-08-01T09:34:24.561Z,deep_scan,20260801073922_MT4-AP1-26-56,30,56,0,8,T343,AA7445,0,31
2026-08-01T09:34:24.561Z,deep_scan,20260801073922_MT4-AP1-26-56,30,56,0,12,M155,AA7402,0,7
2026-08-01T09:34:24.561Z,deep_scan,20260801073922_MT4-AP1-26-56,30,56,0,13,M92,AA7359,1,6
2026-08-01T09:34:24.561Z,deep_scan,20260801073922_MT4-AP1-26-56,30,56,0,20,T375,AA2619,0,6
2026-08-01T09:34:54.590Z,deep_scan,20260801073922_MT4-AP1-26-56,30,56,0,4,T363/2,AA7406,0,27
2026-08-01T09:34:54.590Z,deep_scan,20260801073922_MT4-AP1-26-56,30,56,0,8,T343,AA7445,0,47
2026-08-01T09:34:54.590Z,deep_scan,20260801073922_MT4-AP1-26-56,30,56,0,12,M155,AA7402,0,7
2026-08-01T09:34:54.590Z,deep_scan,20260801073922_MT4-AP1-26-56,30,56,0,13,M92,AA7359,0,14
2026-08-01T09:34:54.590Z,deep_scan,20260801073922_MT4-AP1-26-56,30,56,0,20,T375,AA2619,0,26
2026-08-01T09:35:24.574Z,deep_scan,20260801073922_MT4-AP1-26-56,30,56,0,5,T306,AA7406,1,25
2026-08-01T09:35:24.574Z,deep_scan,20260801073922_MT4-AP1-26-56,30,56,0,8,T343,AA7445,0,48
2026-08-01T09:35:24.574Z,deep_scan,20260801073922_MT4-AP1-26-56,30,56,0,12,M155,AA7402,0,17
2026-08-01T09:35:24.574Z,deep_scan,20260801073922_MT4-AP1-26-56,30,56,0,13,M92,AA7359,0,1
2026-08-01T09:35:24.574Z,deep_scan,20260801073922_MT4-AP1-26-56,30,56,0,20,T375,AA2619,0,15
2026-08-01T09:35:54.613Z,deep_scan,20260801073922_MT4-AP1-26-56,30,56,0,5,T306,AA7406,1,8
2026-08-01T09:35:54.613Z,deep_scan,20260801073922_MT4-AP1-26-56,30,56,0,8,T343,AA7445,0,11
2026-08-01T09:35:54.613Z,deep_scan,20260801073922_MT4-AP1-26-56,30,56,0,12,M155,AA7402,0,15
2026-08-01T09:35:54.613Z,deep_scan,20260801073922_MT4-AP1-26-56,30,56,0,13,M92,AA7359,0,1
2026-08-01T09:35:54.613Z,deep_scan,20260801073922_MT4-AP1-26-56,30,56,0,21,T380,AA2619,1,25
2026-08-01T09:36:24.581Z,deep_scan,20260801073922_MT4-AP1-26-56,30,56,0,0,C690/6,AA2314,1,4
2026-08-01T09:36:24.581Z,deep_scan,20260801073922_MT4-AP1-26-56,30,56,0,5,T306,AA7406,0,42
2026-08-01T09:36:24.581Z,deep_scan,20260801073922_MT4-AP1-26-56,30,56,0,8,T343,AA7445,0,11
2026-08-01T09:36:24.581Z,deep_scan,20260801073922_MT4-AP1-26-56,30,56,0,12,M155,AA7402,0,15
2026-08-01T09:36:24.581Z,deep_scan,20260801073922_MT4-AP1-26-56,30,56,0,13,M92,AA7359,0,5
2026-08-01T09:36:24.581Z,deep_scan,20260801073922_MT4-AP1-26-56,30,56,0,22,T379,AA2619,1,30
2026-08-01T09:36:54.594Z,deep_scan,20260801073922_MT4-AP1-26-56,30,56,0,0,C690/6,AA2314,1,4
2026-08-01T09:36:54.594Z,deep_scan,20260801073922_MT4-AP1-26-56,30,56,0,5,T306,AA7406,0,29
2026-08-01T09:36:54.594Z,deep_scan,20260801073922_MT4-AP1-26-56,30,56,0,8,T343,AA7445,0,13
2026-08-01T09:36:54.594Z,deep_scan,20260801073922_MT4-AP1-26-56,30,56,0,12,M155,AA7402,0,10
2026-08-01T09:36:54.594Z,deep_scan,20260801073922_MT4-AP1-26-56,30,56,0,14,M272,AA7359,1,9
2026-08-01T09:36:54.594Z,deep_scan,20260801073922_MT4-AP1-26-56,30,56,0,22,T379,AA2619,0,14
2026-08-01T09:37:24.622Z,deep_scan,20260801073922_MT4-AP1-26-56,30,56,0,1,C689/2,AA2314,1,4
2026-08-01T09:37:24.622Z,deep_scan,20260801073922_MT4-AP1-26-56,30,56,0,6,T314/2,AA7406,0,8
2026-08-01T09:37:24.622Z,deep_scan,20260801073922_MT4-AP1-26-56,30,56,0,8,T343,AA7445,0,27
2026-08-01T09:37:24.622Z,deep_scan,20260801073922_MT4-AP1-26-56,30,56,0,12,M155,AA7402,0,7
2026-08-01T09:37:24.622Z,deep_scan,20260801073922_MT4-AP1-26-56,30,56,0,14,M272,AA7359,1,9
2026-08-01T09:37:24.622Z,deep_scan,20260801073922_MT4-AP1-26-56,30,56,0,22,T379,AA2619,0,14
2026-08-01T09:37:54.623Z,deep_scan,20260801073922_MT4-AP1-26-56,30,56,0,1,C689/2,AA2314,1,4
2026-08-01T09:37:54.623Z,deep_scan,20260801073922_MT4-AP1-26-56,30,56,0,6,T314/2,AA7406,0,2
2026-08-01T09:37:54.623Z,deep_scan,20260801073922_MT4-AP1-26-56,30,56,0,8,T343,AA7445,0,36
2026-08-01T09:37:54.623Z,deep_scan,20260801073922_MT4-AP1-26-56,30,56,0,12,M155,AA7402,0,7
2026-08-01T09:37:54.623Z,deep_scan,20260801073922_MT4-AP1-26-56,30,56,0,14,M272,AA7359,0,19
2026-08-01T09:37:54.623Z,deep_scan,20260801073922_MT4-AP1-26-56,30,56,0,22,T379,AA2619,0,19
2026-08-01T09:38:24.590Z,deep_scan,20260801073922_MT4-AP1-26-56,30,56,0,1,C689/2,AA2314,0,4
2026-08-01T09:38:24.590Z,deep_scan,20260801073922_MT4-AP1-26-56,30,56,0,6,T314/2,AA7406,0,5
2026-08-01T09:38:24.590Z,deep_scan,20260801073922_MT4-AP1-26-56,30,56,0,8,T343,AA7445,0,34
2026-08-01T09:38:24.590Z,deep_scan,20260801073922_MT4-AP1-26-56,30,56,0,12,M155,AA7402,0,7
2026-08-01T09:38:24.590Z,deep_scan,20260801073922_MT4-AP1-26-56,30,56,0,14,M272,AA7359,0,7
2026-08-01T09:38:24.590Z,deep_scan,20260801073922_MT4-AP1-26-56,30,56,0,22,T379,AA2619,0,28
2026-08-01T09:38:54.610Z,deep_scan,20260801073922_MT4-AP1-26-56,30,56,0,1,C689/2,AA2314,0,20
2026-08-01T09:38:54.610Z,deep_scan,20260801073922_MT4-AP1-26-56,30,56,0,6,T314/2,AA7406,0,5
2026-08-01T09:38:54.610Z,deep_scan,20260801073922_MT4-AP1-26-56,30,56,0,8,T343,AA7445,0,36
2026-08-01T09:38:54.610Z,deep_scan,20260801073922_MT4-AP1-26-56,30,56,0,12,M155,AA7402,0,6
2026-08-01T09:38:54.610Z,deep_scan,20260801073922_MT4-AP1-26-56,30,56,0,14,M272,AA7359,0,25
2026-08-01T09:38:54.610Z,deep_scan,20260801073922_MT4-AP1-26-56,30,56,0,22,T379,AA2619,0,28
2026-08-01T09:39:24.596Z,deep_scan,20260801073922_MT4-AP1-26-56,30,56,0,1,C689/2,AA2314,0,32
2026-08-01T09:39:24.596Z,deep_scan,20260801073922_MT4-AP1-26-56,30,56,0,6,T314/2,AA7406,0,21
2026-08-01T09:39:24.596Z,deep_scan,20260801073922_MT4-AP1-26-56,30,56,0,8,T343,AA7445,0,31
2026-08-01T09:39:24.596Z,deep_scan,20260801073922_MT4-AP1-26-56,30,56,0,12,M155,AA7402,0,7
2026-08-01T09:39:24.596Z,deep_scan,20260801073922_MT4-AP1-26-56,30,56,0,14,M272,AA7359,0,21
2026-08-01T09:39:24.596Z,deep_scan,20260801073922_MT4-AP1-26-56,30,56,0,22,T379,AA2619,0,48
2026-08-01T09:39:54.664Z,deep_scan,20260801073922_MT4-AP1-26-56,30,56,0,1,C689/2,AA2314,0,31
2026-08-01T09:39:54.664Z,deep_scan,20260801073922_MT4-AP1-26-56,30,56,0,6,T314/2,AA7406,0,17
2026-08-01T09:39:54.664Z,deep_scan,20260801073922_MT4-AP1-26-56,30,56,0,8,T343,AA7445,0,44
2026-08-01T09:39:54.664Z,deep_scan,20260801073922_MT4-AP1-26-56,30,56,0,12,M155,AA7402,0,11
2026-08-01T09:39:54.664Z,deep_scan,20260801073922_MT4-AP1-26-56,30,56,0,14,M272,AA7359,0,24
2026-08-01T09:39:54.664Z,deep_scan,20260801073922_MT4-AP1-26-56,30,56,0,22,T379,AA2619,0,24
2026-08-01T09:40:24.636Z,deep_scan,20260801073922_MT4-AP1-26-56,30,56,0,2,T360,AA2314,1,25
2026-08-01T09:40:24.636Z,deep_scan,20260801073922_MT4-AP1-26-56,30,56,0,6,T314/2,AA7406,0,19
2026-08-01T09:40:24.636Z,deep_scan,20260801073922_MT4-AP1-26-56,30,56,0,8,T343,AA7445,0,48
2026-08-01T09:40:24.636Z,deep_scan,20260801073922_MT4-AP1-26-56,30,56,0,12,M155,AA7402,0,11
2026-08-01T09:40:24.636Z,deep_scan,20260801073922_MT4-AP1-26-56,30,56,0,15,M61/2,AA7359,1,10
2026-08-01T09:40:24.636Z,deep_scan,20260801073922_MT4-AP1-26-56,30,56,0,23,C688/2,AA2619,1,24
2026-08-01T09:40:54.623Z,deep_scan,20260801073922_MT4-AP1-26-56,30,56,0,2,T360,AA2314,0,25
2026-08-01T09:40:54.623Z,deep_scan,20260801073922_MT4-AP1-26-56,30,56,0,7,T408/6,AA7406,0,26
2026-08-01T09:40:54.623Z,deep_scan,20260801073922_MT4-AP1-26-56,30,56,0,8,T343,AA7445,0,48
2026-08-01T09:40:54.623Z,deep_scan,20260801073922_MT4-AP1-26-56,30,56,0,13,M92,AA7402,1,18
2026-08-01T09:40:54.623Z,deep_scan,20260801073922_MT4-AP1-26-56,30,56,0,15,M61/2,AA7359,1,2
2026-08-01T09:40:54.623Z,deep_scan,20260801073922_MT4-AP1-26-56,30,56,0,23,C688/2,AA2619,1,24
2026-08-01T09:41:24.642Z,deep_scan,20260801073922_MT4-AP1-26-56,30,56,0,2,T360,AA2314,0,18
2026-08-01T09:41:24.642Z,deep_scan,20260801073922_MT4-AP1-26-56,30,56,0,7,T408/6,AA7406,0,14
2026-08-01T09:41:24.642Z,deep_scan,20260801073922_MT4-AP1-26-56,30,56,0,8,T343,AA7445,0,43
2026-08-01T09:41:24.642Z,deep_scan,20260801073922_MT4-AP1-26-56,30,56,0,13,M92,AA7402,1,12
2026-08-01T09:41:24.642Z,deep_scan,20260801073922_MT4-AP1-26-56,30,56,0,15,M61/2,AA7359,0,21
2026-08-01T09:41:24.642Z,deep_scan,20260801073922_MT4-AP1-26-56,30,56,0,24,C690/6,AA2619,1,0
2026-08-01T09:41:54.645Z,deep_scan,20260801073922_MT4-AP1-26-56,30,56,0,2,T360,AA2314,0,18
2026-08-01T09:41:54.645Z,deep_scan,20260801073922_MT4-AP1-26-56,30,56,0,7,T408/6,AA7406,0,10
2026-08-01T09:41:54.645Z,deep_scan,20260801073922_MT4-AP1-26-56,30,56,0,8,T343,AA7445,0,47
2026-08-01T09:41:54.645Z,deep_scan,20260801073922_MT4-AP1-26-56,30,56,0,13,M92,AA7402,0,2
2026-08-01T09:41:54.645Z,deep_scan,20260801073922_MT4-AP1-26-56,30,56,0,15,M61/2,AA7359,0,21
2026-08-01T09:41:54.645Z,deep_scan,20260801073922_MT4-AP1-26-56,30,56,0,24,C690/6,AA2619,1,0
2026-08-01T09:42:24.667Z,deep_scan,20260801073922_MT4-AP1-26-56,30,56,0,2,T360,AA2314,0,7
2026-08-01T09:42:24.667Z,deep_scan,20260801073922_MT4-AP1-26-56,30,56,0,7,T408/6,AA7406,0,28
2026-08-01T09:42:24.667Z,deep_scan,20260801073922_MT4-AP1-26-56,30,56,0,8,T343,AA7445,0,49
2026-08-01T09:42:24.667Z,deep_scan,20260801073922_MT4-AP1-26-56,30,56,0,13,M92,AA7402,0,26
2026-08-01T09:42:24.667Z,deep_scan,20260801073922_MT4-AP1-26-56,30,56,0,15,M61/2,AA7359,0,19
2026-08-01T09:42:24.667Z,deep_scan,20260801073922_MT4-AP1-26-56,30,56,0,24,C690/6,AA2619,1,0
2026-08-01T09:42:54.676Z,deep_scan,20260801073922_MT4-AP1-26-56,30,56,0,3,T376/2,AA2314,1,26
2026-08-01T09:42:54.676Z,deep_scan,20260801073922_MT4-AP1-26-56,30,56,0,7,T408/6,AA7406,0,17
2026-08-01T09:42:54.676Z,deep_scan,20260801073922_MT4-AP1-26-56,30,56,0,8,T343,AA7445,0,44
2026-08-01T09:42:54.676Z,deep_scan,20260801073922_MT4-AP1-26-56,30,56,0,14,M272,AA7402,1,11
2026-08-01T09:42:54.676Z,deep_scan,20260801073922_MT4-AP1-26-56,30,56,0,15,M61/2,AA7359,0,34
2026-08-01T09:42:54.676Z,deep_scan,20260801073922_MT4-AP1-26-56,30,56,0,24,C690/6,AA2619,1,0
2026-08-01T09:43:24.631Z,deep_scan,20260801073922_MT4-AP1-26-56,30,56,0,3,T376/2,AA2314,1,26
2026-08-01T09:43:24.631Z,deep_scan,20260801073922_MT4-AP1-26-56,30,56,0,7,T408/6,AA7406,0,17
2026-08-01T09:43:24.631Z,deep_scan,20260801073922_MT4-AP1-26-56,30,56,0,8,T343,AA7445,0,48
2026-08-01T09:43:24.631Z,deep_scan,20260801073922_MT4-AP1-26-56,30,56,0,14,M272,AA7402,1,2
2026-08-01T09:43:24.631Z,deep_scan,20260801073922_MT4-AP1-26-56,30,56,0,15,M61/2,AA7359,0,31
2026-08-01T09:43:24.631Z,deep_scan,20260801073922_MT4-AP1-26-56,30,56,0,24,C690/6,AA2619,1,0
2026-08-01T09:43:54.686Z,deep_scan,20260801073922_MT4-AP1-26-56,30,56,0,3,T376/2,AA2314,0,38
2026-08-01T09:43:54.686Z,deep_scan,20260801073922_MT4-AP1-26-56,30,56,0,8,T343,AA7445,0,46
2026-08-01T09:43:54.686Z,deep_scan,20260801073922_MT4-AP1-26-56,30,56,0,8,T343,AA7406,1,28
2026-08-01T09:43:54.686Z,deep_scan,20260801073922_MT4-AP1-26-56,30,56,0,14,M272,AA7402,0,29
2026-08-01T09:43:54.686Z,deep_scan,20260801073922_MT4-AP1-26-56,30,56,0,15,M61/2,AA7359,0,37
2026-08-01T09:43:54.686Z,deep_scan,20260801073922_MT4-AP1-26-56,30,56,0,24,C690/6,AA2619,1,0
2026-08-01T09:44:24.665Z,deep_scan,20260801073922_MT4-AP1-26-56,30,56,0,3,T376/2,AA2314,0,10
2026-08-01T09:44:24.665Z,deep_scan,20260801073922_MT4-AP1-26-56,30,56,0,8,T343,AA7445,0,47
2026-08-01T09:44:24.665Z,deep_scan,20260801073922_MT4-AP1-26-56,30,56,0,8,T343,AA7406,0,39
2026-08-01T09:44:24.665Z,deep_scan,20260801073922_MT4-AP1-26-56,30,56,0,14,M272,AA7402,0,2
2026-08-01T09:44:24.665Z,deep_scan,20260801073922_MT4-AP1-26-56,30,56,0,15,M61/2,AA7359,0,26
2026-08-01T09:44:24.665Z,deep_scan,20260801073922_MT4-AP1-26-56,30,56,0,24,C690/6,AA2619,1,0
2026-08-01T09:44:54.691Z,deep_scan,20260801073922_MT4-AP1-26-56,30,56,0,3,T376/2,AA2314,0,28
2026-08-01T09:44:54.691Z,deep_scan,20260801073922_MT4-AP1-26-56,30,56,0,8,T343,AA7445,0,21
2026-08-01T09:44:54.691Z,deep_scan,20260801073922_MT4-AP1-26-56,30,56,0,8,T343,AA7406,0,46
2026-08-01T09:44:54.691Z,deep_scan,20260801073922_MT4-AP1-26-56,30,56,0,14,M272,AA7402,0,37
2026-08-01T09:44:54.691Z,deep_scan,20260801073922_MT4-AP1-26-56,30,56,0,15,M61/2,AA7359,0,46
2026-08-01T09:44:54.691Z,deep_scan,20260801073922_MT4-AP1-26-56,30,56,0,24,C690/6,AA2619,1,0
2026-08-01T09:45:24.686Z,deep_scan,20260801073922_MT4-AP1-26-56,30,56,0,4,T363/2,AA2314,1,27
2026-08-01T09:45:24.686Z,deep_scan,20260801073922_MT4-AP1-26-56,30,56,0,8,T343,AA7406,0,36
2026-08-01T09:45:24.686Z,deep_scan,20260801073922_MT4-AP1-26-56,30,56,0,9,M239/1,AA7445,1,30
2026-08-01T09:45:24.686Z,deep_scan,20260801073922_MT4-AP1-26-56,30,56,0,14,M272,AA7402,0,10
2026-08-01T09:45:24.686Z,deep_scan,20260801073922_MT4-AP1-26-56,30,56,0,15,M61/2,AA7359,0,39
2026-08-01T09:45:24.686Z,deep_scan,20260801073922_MT4-AP1-26-56,30,56,0,24,C690/6,AA2619,1,0
2026-08-01T09:45:54.733Z,deep_scan,20260801073922_MT4-AP1-26-56,30,56,0,4,T363/2,AA2314,1,27
2026-08-01T09:45:54.733Z,deep_scan,20260801073922_MT4-AP1-26-56,30,56,0,8,T343,AA7406,0,42
2026-08-01T09:45:54.733Z,deep_scan,20260801073922_MT4-AP1-26-56,30,56,0,9,M239/1,AA7445,1,3
2026-08-01T09:45:54.733Z,deep_scan,20260801073922_MT4-AP1-26-56,30,56,0,14,M272,AA7402,0,21
2026-08-01T09:45:54.733Z,deep_scan,20260801073922_MT4-AP1-26-56,30,56,0,15,M61/2,AA7359,0,43
2026-08-01T09:46:24.692Z,deep_scan,20260801073922_MT4-AP1-26-56,30,56,0,4,T363/2,AA2314,1,12
2026-08-01T09:46:24.692Z,deep_scan,20260801073922_MT4-AP1-26-56,30,56,0,8,T343,AA7406,0,10
2026-08-01T09:46:24.692Z,deep_scan,20260801073922_MT4-AP1-26-56,30,56,0,9,M239/1,AA7445,0,7
2026-08-01T09:46:24.692Z,deep_scan,20260801073922_MT4-AP1-26-56,30,56,0,15,M61/2,AA7359,0,43
2026-08-01T09:46:24.692Z,deep_scan,20260801073922_MT4-AP1-26-56,30,56,0,15,M61/2,AA7402,1,4
2026-08-01T09:46:54.704Z,deep_scan,20260801073922_MT4-AP1-26-56,30,56,0,4,T363/2,AA2314,0,27
2026-08-01T09:46:54.704Z,deep_scan,20260801073922_MT4-AP1-26-56,30,56,0,8,T343,AA7406,0,34
2026-08-01T09:46:54.704Z,deep_scan,20260801073922_MT4-AP1-26-56,30,56,0,10,M254,AA7445,1,30
2026-08-01T09:46:54.704Z,deep_scan,20260801073922_MT4-AP1-26-56,30,56,0,15,M61/2,AA7359,0,45
2026-08-01T09:46:54.704Z,deep_scan,20260801073922_MT4-AP1-26-56,30,56,0,15,M61/2,AA7402,1,6
2026-08-01T09:47:24.701Z,deep_scan,20260801073922_MT4-AP1-26-56,30,56,0,4,T363/2,AA2314,0,20
2026-08-01T09:47:24.701Z,deep_scan,20260801073922_MT4-AP1-26-56,30,56,0,8,T343,AA7406,0,11
2026-08-01T09:47:24.701Z,deep_scan,20260801073922_MT4-AP1-26-56,30,56,0,10,M254,AA7445,1,2
2026-08-01T09:47:24.701Z,deep_scan,20260801073922_MT4-AP1-26-56,30,56,0,15,M61/2,AA7359,0,46
2026-08-01T09:47:24.701Z,deep_scan,20260801073922_MT4-AP1-26-56,30,56,0,15,M61/2,AA7402,1,6
2026-08-01T09:47:54.706Z,deep_scan,20260801073922_MT4-AP1-26-56,30,56,0,5,T306,AA2314,1,38
2026-08-01T09:47:54.706Z,deep_scan,20260801073922_MT4-AP1-26-56,30,56,0,8,T343,AA7406,0,43
2026-08-01T09:47:54.706Z,deep_scan,20260801073922_MT4-AP1-26-56,30,56,0,10,M254,AA7445,0,18
2026-08-01T09:47:54.706Z,deep_scan,20260801073922_MT4-AP1-26-56,30,56,0,15,M61/2,AA7359,0,46
2026-08-01T09:47:54.706Z,deep_scan,20260801073922_MT4-AP1-26-56,30,56,0,15,M61/2,AA7402,0,35
2026-08-01T09:48:24.700Z,deep_scan,20260801073922_MT4-AP1-26-56,30,56,0,5,T306,AA2314,0,33
2026-08-01T09:48:24.700Z,deep_scan,20260801073922_MT4-AP1-26-56,30,56,0,8,T343,AA7406,0,33
2026-08-01T09:48:24.700Z,deep_scan,20260801073922_MT4-AP1-26-56,30,56,0,10,M254,AA7445,0,10
2026-08-01T09:48:24.700Z,deep_scan,20260801073922_MT4-AP1-26-56,30,56,0,15,M61/2,AA7359,0,46
2026-08-01T09:48:24.700Z,deep_scan,20260801073922_MT4-AP1-26-56,30,56,0,15,M61/2,AA7402,0,26
2026-08-01T09:48:54.756Z,deep_scan,20260801073922_MT4-AP1-26-56,30,56,0,6,T314/2,AA2314,1,24
2026-08-01T09:48:54.756Z,deep_scan,20260801073922_MT4-AP1-26-56,30,56,0,8,T343,AA7406,0,34
2026-08-01T09:48:54.756Z,deep_scan,20260801073922_MT4-AP1-26-56,30,56,0,10,M254,AA7445,0,25
2026-08-01T09:48:54.756Z,deep_scan,20260801073922_MT4-AP1-26-56,30,56,0,15,M61/2,AA7359,0,48
2026-08-01T09:48:54.756Z,deep_scan,20260801073922_MT4-AP1-26-56,30,56,0,15,M61/2,AA7402,0,38
2026-08-01T09:49:24.739Z,deep_scan,20260801073922_MT4-AP1-26-56,30,56,0,6,T314/2,AA2314,1,2
2026-08-01T09:49:24.739Z,deep_scan,20260801073922_MT4-AP1-26-56,30,56,0,8,T343,AA7406,0,36
2026-08-01T09:49:24.739Z,deep_scan,20260801073922_MT4-AP1-26-56,30,56,0,10,M254,AA7445,0,4
2026-08-01T09:49:24.739Z,deep_scan,20260801073922_MT4-AP1-26-56,30,56,0,15,M61/2,AA7359,0,47
2026-08-01T09:49:24.739Z,deep_scan,20260801073922_MT4-AP1-26-56,30,56,0,15,M61/2,AA7402,0,40
2026-08-01T09:49:54.722Z,deep_scan,20260801073922_MT4-AP1-26-56,30,56,0,6,T314/2,AA2314,0,6
2026-08-01T09:49:54.722Z,deep_scan,20260801073922_MT4-AP1-26-56,30,56,0,8,T343,AA7406,0,48
2026-08-01T09:49:54.722Z,deep_scan,20260801073922_MT4-AP1-26-56,30,56,0,10,M254,AA7445,0,36
2026-08-01T09:49:54.722Z,deep_scan,20260801073922_MT4-AP1-26-56,30,56,0,15,M61/2,AA7359,0,47
2026-08-01T09:49:54.722Z,deep_scan,20260801073922_MT4-AP1-26-56,30,56,0,15,M61/2,AA7402,0,34
2026-08-01T09:50:24.783Z,deep_scan,20260801073922_MT4-AP1-26-56,30,56,0,6,T314/2,AA2314,0,18
2026-08-01T09:50:24.783Z,deep_scan,20260801073922_MT4-AP1-26-56,30,56,0,8,T343,AA7406,0,47
2026-08-01T09:50:24.783Z,deep_scan,20260801073922_MT4-AP1-26-56,30,56,0,11,M117,AA7445,1,5
2026-08-01T09:50:24.783Z,deep_scan,20260801073922_MT4-AP1-26-56,30,56,0,15,M61/2,AA7359,0,38
2026-08-01T09:50:24.783Z,deep_scan,20260801073922_MT4-AP1-26-56,30,56,0,15,M61/2,AA7402,0,46
2026-08-01T09:50:54.730Z,deep_scan,20260801073922_MT4-AP1-26-56,30,56,0,0,C690/6,AA2619,1,24
2026-08-01T09:50:54.730Z,deep_scan,20260801073922_MT4-AP1-26-56,30,56,0,7,T408/6,AA2314,1,14
2026-08-01T09:50:54.730Z,deep_scan,20260801073922_MT4-AP1-26-56,30,56,0,8,T343,AA7406,0,44
2026-08-01T09:50:54.730Z,deep_scan,20260801073922_MT4-AP1-26-56,30,56,0,11,M117,AA7445,1,5
2026-08-01T09:50:54.730Z,deep_scan,20260801073922_MT4-AP1-26-56,30,56,0,15,M61/2,AA7359,0,41
2026-08-01T09:50:54.730Z,deep_scan,20260801073922_MT4-AP1-26-56,30,56,0,15,M61/2,AA7402,0,39
2026-08-01T09:51:24.784Z,deep_scan,20260801073922_MT4-AP1-26-56,30,56,0,0,C690/6,AA2619,1,24
2026-08-01T09:51:24.784Z,deep_scan,20260801073922_MT4-AP1-26-56,30,56,0,7,T408/6,AA2314,0,14
2026-08-01T09:51:24.784Z,deep_scan,20260801073922_MT4-AP1-26-56,30,56,0,8,T343,AA7406,0,43
2026-08-01T09:51:24.784Z,deep_scan,20260801073922_MT4-AP1-26-56,30,56,0,11,M117,AA7445,0,38
2026-08-01T09:51:24.784Z,deep_scan,20260801073922_MT4-AP1-26-56,30,56,0,15,M61/2,AA7402,0,46
2026-08-01T09:51:24.784Z,deep_scan,20260801073922_MT4-AP1-26-56,30,56,0,16,T342,AA7359,1,20
2026-08-01T09:51:54.765Z,deep_scan,20260801073922_MT4-AP1-26-56,30,56,0,1,C689/2,AA2619,1,24
2026-08-01T09:51:54.765Z,deep_scan,20260801073922_MT4-AP1-26-56,30,56,0,7,T408/6,AA2314,0,43
2026-08-01T09:51:54.765Z,deep_scan,20260801073922_MT4-AP1-26-56,30,56,0,8,T343,AA7406,0,49
2026-08-01T09:51:54.765Z,deep_scan,20260801073922_MT4-AP1-26-56,30,56,0,12,M155,AA7445,1,13
2026-08-01T09:51:54.765Z,deep_scan,20260801073922_MT4-AP1-26-56,30,56,0,15,M61/2,AA7402,0,43
2026-08-01T09:51:54.765Z,deep_scan,20260801073922_MT4-AP1-26-56,30,56,0,16,T342,AA7359,0,30
2026-08-01T09:52:24.800Z,deep_scan,20260801073922_MT4-AP1-26-56,30,56,0,1,C689/2,AA2619,0,24
2026-08-01T09:52:24.800Z,deep_scan,20260801073922_MT4-AP1-26-56,30,56,0,7,T408/6,AA2314,0,7
2026-08-01T09:52:24.800Z,deep_scan,20260801073922_MT4-AP1-26-56,30,56,0,8,T343,AA7406,0,49
2026-08-01T09:52:24.800Z,deep_scan,20260801073922_MT4-AP1-26-56,30,56,0,12,M155,AA7445,0,3
2026-08-01T09:52:24.800Z,deep_scan,20260801073922_MT4-AP1-26-56,30,56,0,15,M61/2,AA7402,0,44
2026-08-01T09:52:24.800Z,deep_scan,20260801073922_MT4-AP1-26-56,30,56,0,16,T342,AA7359,0,40
2026-08-01T09:52:54.802Z,deep_scan,20260801073922_MT4-AP1-26-56,30,56,0,1,C689/2,AA2619,0,24
2026-08-01T09:52:54.802Z,deep_scan,20260801073922_MT4-AP1-26-56,30,56,0,8,T343,AA7406,0,45
2026-08-01T09:52:54.802Z,deep_scan,20260801073922_MT4-AP1-26-56,30,56,0,8,T343,AA2314,1,22
2026-08-01T09:52:54.802Z,deep_scan,20260801073922_MT4-AP1-26-56,30,56,0,12,M155,AA7445,0,20
2026-08-01T09:52:54.802Z,deep_scan,20260801073922_MT4-AP1-26-56,30,56,0,15,M61/2,AA7402,0,47
2026-08-01T09:52:54.802Z,deep_scan,20260801073922_MT4-AP1-26-56,30,56,0,17,T409,AA7359,1,5
2026-08-01T09:53:24.787Z,deep_scan,20260801073922_MT4-AP1-26-56,30,56,0,1,C689/2,AA2619,0,4
2026-08-01T09:53:24.787Z,deep_scan,20260801073922_MT4-AP1-26-56,30,56,0,8,T343,AA7406,0,49
2026-08-01T09:53:24.787Z,deep_scan,20260801073922_MT4-AP1-26-56,30,56,0,8,T343,AA2314,0,42
2026-08-01T09:53:24.787Z,deep_scan,20260801073922_MT4-AP1-26-56,30,56,0,12,M155,AA7445,0,44
2026-08-01T09:53:24.787Z,deep_scan,20260801073922_MT4-AP1-26-56,30,56,0,15,M61/2,AA7402,0,46
2026-08-01T09:53:24.787Z,deep_scan,20260801073922_MT4-AP1-26-56,30,56,0,17,T409,AA7359,0,4
2026-08-01T09:53:54.843Z,deep_scan,20260801073922_MT4-AP1-26-56,30,56,0,1,C689/2,AA2619,0,48
2026-08-01T09:53:54.843Z,deep_scan,20260801073922_MT4-AP1-26-56,30,56,0,8,T343,AA7406,0,49
2026-08-01T09:53:54.843Z,deep_scan,20260801073922_MT4-AP1-26-56,30,56,0,8,T343,AA2314,0,45
2026-08-01T09:53:54.843Z,deep_scan,20260801073922_MT4-AP1-26-56,30,56,0,12,M155,AA7445,0,40
2026-08-01T09:53:54.843Z,deep_scan,20260801073922_MT4-AP1-26-56,30,56,0,15,M61/2,AA7402,0,48
2026-08-01T09:53:54.843Z,deep_scan,20260801073922_MT4-AP1-26-56,30,56,0,17,T409,AA7359,0,20
2026-08-01T09:54:24.821Z,deep_scan,20260801073922_MT4-AP1-26-56,30,56,0,1,C689/2,AA2619,0,10
2026-08-01T09:54:24.821Z,deep_scan,20260801073922_MT4-AP1-26-56,30,56,0,8,T343,AA7406,0,40
2026-08-01T09:54:24.821Z,deep_scan,20260801073922_MT4-AP1-26-56,30,56,0,8,T343,AA2314,0,48
2026-08-01T09:54:24.821Z,deep_scan,20260801073922_MT4-AP1-26-56,30,56,0,12,M155,AA7445,0,31
2026-08-01T09:54:24.821Z,deep_scan,20260801073922_MT4-AP1-26-56,30,56,0,15,M61/2,AA7402,0,47
2026-08-01T09:54:24.821Z,deep_scan,20260801073922_MT4-AP1-26-56,30,56,0,18,T313,AA7359,1,21
2026-08-01T09:54:54.865Z,deep_scan,20260801073922_MT4-AP1-26-56,30,56,0,1,C689/2,AA2619,0,27
2026-08-01T09:54:54.865Z,deep_scan,20260801073922_MT4-AP1-26-56,30,56,0,8,T343,AA7406,0,25
2026-08-01T09:54:54.865Z,deep_scan,20260801073922_MT4-AP1-26-56,30,56,0,8,T343,AA2314,0,47
2026-08-01T09:54:54.865Z,deep_scan,20260801073922_MT4-AP1-26-56,30,56,0,12,M155,AA7445,0,31
2026-08-01T09:54:54.865Z,deep_scan,20260801073922_MT4-AP1-26-56,30,56,0,15,M61/2,AA7402,0,46
2026-08-01T09:54:54.865Z,deep_scan,20260801073922_MT4-AP1-26-56,30,56,0,18,T313,AA7359,1,21
2026-08-01T09:55:24.853Z,deep_scan,20260801073922_MT4-AP1-26-56,30,56,0,2,T360,AA2619,1,37
2026-08-01T09:55:24.853Z,deep_scan,20260801073922_MT4-AP1-26-56,30,56,0,8,T343,AA2314,0,46
2026-08-01T09:55:24.853Z,deep_scan,20260801073922_MT4-AP1-26-56,30,56,0,9,M239/1,AA7406,1,7
2026-08-01T09:55:24.853Z,deep_scan,20260801073922_MT4-AP1-26-56,30,56,0,12,M155,AA7445,0,6
2026-08-01T09:55:24.853Z,deep_scan,20260801073922_MT4-AP1-26-56,30,56,0,15,M61/2,AA7402,0,44
2026-08-01T09:55:24.853Z,deep_scan,20260801073922_MT4-AP1-26-56,30,56,0,19,T315,AA7359,1,35
2026-08-01T09:55:54.843Z,deep_scan,20260801073922_MT4-AP1-26-56,30,56,0,2,T360,AA2619,1,2
2026-08-01T09:55:54.843Z,deep_scan,20260801073922_MT4-AP1-26-56,30,56,0,8,T343,AA2314,0,21
2026-08-01T09:55:54.843Z,deep_scan,20260801073922_MT4-AP1-26-56,30,56,0,9,M239/1,AA7406,0,18
2026-08-01T09:55:54.843Z,deep_scan,20260801073922_MT4-AP1-26-56,30,56,0,12,M155,AA7445,0,6
2026-08-01T09:55:54.843Z,deep_scan,20260801073922_MT4-AP1-26-56,30,56,0,15,M61/2,AA7402,0,38
2026-08-01T09:55:54.843Z,deep_scan,20260801073922_MT4-AP1-26-56,30,56,0,19,T315,AA7359,0,35
2026-08-01T09:56:24.838Z,deep_scan,20260801073922_MT4-AP1-26-56,30,56,0,2,T360,AA2619,0,7
2026-08-01T09:56:24.838Z,deep_scan,20260801073922_MT4-AP1-26-56,30,56,0,8,T343,AA2314,0,24
2026-08-01T09:56:24.838Z,deep_scan,20260801073922_MT4-AP1-26-56,30,56,0,10,M254,AA7406,1,44
2026-08-01T09:56:24.838Z,deep_scan,20260801073922_MT4-AP1-26-56,30,56,0,12,M155,AA7445,0,6
2026-08-01T09:56:24.838Z,deep_scan,20260801073922_MT4-AP1-26-56,30,56,0,15,M61/2,AA7402,0,40
2026-08-01T09:56:24.838Z,deep_scan,20260801073922_MT4-AP1-26-56,30,56,0,19,T315,AA7359,0,27
2026-08-01T09:56:54.882Z,deep_scan,20260801073922_MT4-AP1-26-56,30,56,0,2,T360,AA2619,0,21
2026-08-01T09:56:54.882Z,deep_scan,20260801073922_MT4-AP1-26-56,30,56,0,8,T343,AA2314,0,24
2026-08-01T09:56:54.882Z,deep_scan,20260801073922_MT4-AP1-26-56,30,56,0,10,M254,AA7406,0,32
2026-08-01T09:56:54.882Z,deep_scan,20260801073922_MT4-AP1-26-56,30,56,0,12,M155,AA7445,0,12
2026-08-01T09:56:54.882Z,deep_scan,20260801073922_MT4-AP1-26-56,30,56,0,16,T342,AA7402,1,6
2026-08-01T09:56:54.882Z,deep_scan,20260801073922_MT4-AP1-26-56,30,56,0,19,T315,AA7359,0,33
2026-08-01T09:57:24.858Z,deep_scan,20260801073922_MT4-AP1-26-56,30,56,0,3,T376/2,AA2619,1,37
2026-08-01T09:57:24.858Z,deep_scan,20260801073922_MT4-AP1-26-56,30,56,0,8,T343,AA2314,0,34
2026-08-01T09:57:24.858Z,deep_scan,20260801073922_MT4-AP1-26-56,30,56,0,10,M254,AA7406,0,26
2026-08-01T09:57:24.858Z,deep_scan,20260801073922_MT4-AP1-26-56,30,56,0,12,M155,AA7445,0,3
2026-08-01T09:57:24.858Z,deep_scan,20260801073922_MT4-AP1-26-56,30,56,0,16,T342,AA7402,0,38
2026-08-01T09:57:24.858Z,deep_scan,20260801073922_MT4-AP1-26-56,30,56,0,20,T375,AA7359,1,7
2026-08-01T09:57:54.881Z,deep_scan,20260801073922_MT4-AP1-26-56,30,56,0,3,T376/2,AA2619,0,37
2026-08-01T09:57:54.881Z,deep_scan,20260801073922_MT4-AP1-26-56,30,56,0,8,T343,AA2314,0,46
2026-08-01T09:57:54.881Z,deep_scan,20260801073922_MT4-AP1-26-56,30,56,0,10,M254,AA7406,0,9
2026-08-01T09:57:54.881Z,deep_scan,20260801073922_MT4-AP1-26-56,30,56,0,12,M155,AA7445,0,9
2026-08-01T09:57:54.881Z,deep_scan,20260801073922_MT4-AP1-26-56,30,56,0,17,T409,AA7402,1,34
2026-08-01T09:57:54.881Z,deep_scan,20260801073922_MT4-AP1-26-56,30,56,0,20,T375,AA7359,0,35
2026-08-01T09:58:24.852Z,deep_scan,20260801073922_MT4-AP1-26-56,30,56,0,3,T376/2,AA2619,0,30
2026-08-01T09:58:24.852Z,deep_scan,20260801073922_MT4-AP1-26-56,30,56,0,8,T343,AA2314,0,42
2026-08-01T09:58:24.852Z,deep_scan,20260801073922_MT4-AP1-26-56,30,56,0,10,M254,AA7406,0,6
2026-08-01T09:58:24.852Z,deep_scan,20260801073922_MT4-AP1-26-56,30,56,0,12,M155,AA7445,0,9
2026-08-01T09:58:24.852Z,deep_scan,20260801073922_MT4-AP1-26-56,30,56,0,17,T409,AA7402,0,34
2026-08-01T09:58:24.852Z,deep_scan,20260801073922_MT4-AP1-26-56,30,56,0,21,T380,AA7359,1,2
2026-08-01T09:58:54.895Z,deep_scan,20260801073922_MT4-AP1-26-56,30,56,0,3,T376/2,AA2619,0,43
2026-08-01T09:58:54.895Z,deep_scan,20260801073922_MT4-AP1-26-56,30,56,0,8,T343,AA2314,0,48
2026-08-01T09:58:54.895Z,deep_scan,20260801073922_MT4-AP1-26-56,30,56,0,10,M254,AA7406,0,6
2026-08-01T09:58:54.895Z,deep_scan,20260801073922_MT4-AP1-26-56,30,56,0,13,M92,AA7445,1,30
2026-08-01T09:58:54.895Z,deep_scan,20260801073922_MT4-AP1-26-56,30,56,0,17,T409,AA7402,0,24
2026-08-01T09:58:54.895Z,deep_scan,20260801073922_MT4-AP1-26-56,30,56,0,22,T379,AA7359,1,34
2026-08-01T09:59:24.888Z,deep_scan,20260801073922_MT4-AP1-26-56,30,56,0,4,T363/2,AA2619,1,15
2026-08-01T09:59:24.888Z,deep_scan,20260801073922_MT4-AP1-26-56,30,56,0,8,T343,AA2314,0,47
2026-08-01T09:59:24.888Z,deep_scan,20260801073922_MT4-AP1-26-56,30,56,0,11,M117,AA7406,1,13
2026-08-01T09:59:24.888Z,deep_scan,20260801073922_MT4-AP1-26-56,30,56,0,13,M92,AA7445,1,2
2026-08-01T09:59:24.888Z,deep_scan,20260801073922_MT4-AP1-26-56,30,56,0,18,T313,AA7402,1,10
2026-08-01T09:59:24.888Z,deep_scan,20260801073922_MT4-AP1-26-56,30,56,0,22,T379,AA7359,1,6
2026-08-01T09:59:54.895Z,deep_scan,20260801073922_MT4-AP1-26-56,30,56,0,4,T363/2,AA2619,0,5
2026-08-01T09:59:54.895Z,deep_scan,20260801073922_MT4-AP1-26-56,30,56,0,8,T343,AA2314,0,45
2026-08-01T09:59:54.895Z,deep_scan,20260801073922_MT4-AP1-26-56,30,56,0,11,M117,AA7406,0,36
2026-08-01T09:59:54.895Z,deep_scan,20260801073922_MT4-AP1-26-56,30,56,0,13,M92,AA7445,1,10
2026-08-01T09:59:54.895Z,deep_scan,20260801073922_MT4-AP1-26-56,30,56,0,18,T313,AA7402,0,30
2026-08-01T09:59:54.895Z,deep_scan,20260801073922_MT4-AP1-26-56,30,56,0,22,T379,AA7359,0,45
2026-08-01T10:00:24.887Z,deep_scan,20260801073922_MT4-AP1-26-56,30,56,0,4,T363/2,AA2619,0,32
2026-08-01T10:00:24.887Z,deep_scan,20260801073922_MT4-AP1-26-56,30,56,0,8,T343,AA2314,0,43
2026-08-01T10:00:24.887Z,deep_scan,20260801073922_MT4-AP1-26-56,30,56,0,12,M155,AA7406,1,17
2026-08-01T10:00:24.887Z,deep_scan,20260801073922_MT4-AP1-26-56,30,56,0,13,M92,AA7445,1,10
2026-08-01T10:00:24.887Z,deep_scan,20260801073922_MT4-AP1-26-56,30,56,0,19,T315,AA7402,1,8
2026-08-01T10:00:24.887Z,deep_scan,20260801073922_MT4-AP1-26-56,30,56,0,22,T379,AA7359,0,37
2026-08-01T10:00:54.946Z,deep_scan,20260801073922_MT4-AP1-26-56,30,56,0,4,T363/2,AA2619,0,23
2026-08-01T10:00:54.946Z,deep_scan,20260801073922_MT4-AP1-26-56,30,56,0,8,T343,AA2314,0,47
2026-08-01T10:00:54.946Z,deep_scan,20260801073922_MT4-AP1-26-56,30,56,0,12,M155,AA7406,1,5
2026-08-01T10:00:54.946Z,deep_scan,20260801073922_MT4-AP1-26-56,30,56,0,13,M92,AA7445,0,13
2026-08-01T10:00:54.946Z,deep_scan,20260801073922_MT4-AP1-26-56,30,56,0,19,T315,AA7402,0,37
2026-08-01T10:00:54.946Z,deep_scan,20260801073922_MT4-AP1-26-56,30,56,0,22,T379,AA7359,0,27
2026-08-01T10:01:24.890Z,deep_scan,20260801073922_MT4-AP1-26-56,30,56,0,5,T306,AA2619,0,38
2026-08-01T10:01:24.890Z,deep_scan,20260801073922_MT4-AP1-26-56,30,56,0,8,T343,AA2314,0,48
2026-08-01T10:01:24.890Z,deep_scan,20260801073922_MT4-AP1-26-56,30,56,0,12,M155,AA7406,0,26
2026-08-01T10:01:24.890Z,deep_scan,20260801073922_MT4-AP1-26-56,30,56,0,13,M92,AA7445,0,5
2026-08-01T10:01:24.890Z,deep_scan,20260801073922_MT4-AP1-26-56,30,56,0,19,T315,AA7402,0,25
2026-08-01T10:01:24.890Z,deep_scan,20260801073922_MT4-AP1-26-56,30,56,0,22,T379,AA7359,0,48
2026-08-01T10:01:54.940Z,deep_scan,20260801073922_MT4-AP1-26-56,30,56,0,5,T306,AA2619,0,38
2026-08-01T10:01:54.940Z,deep_scan,20260801073922_MT4-AP1-26-56,30,56,0,8,T343,AA2314,0,44
2026-08-01T10:01:54.940Z,deep_scan,20260801073922_MT4-AP1-26-56,30,56,0,12,M155,AA7406,0,42
2026-08-01T10:01:54.940Z,deep_scan,20260801073922_MT4-AP1-26-56,30,56,0,13,M92,AA7445,0,5
2026-08-01T10:01:54.940Z,deep_scan,20260801073922_MT4-AP1-26-56,30,56,0,20,T375,AA7402,1,15
2026-08-01T10:01:54.940Z,deep_scan,20260801073922_MT4-AP1-26-56,30,56,0,22,T379,AA7359,0,28
2026-08-01T10:02:24.946Z,deep_scan,20260801073922_MT4-AP1-26-56,30,56,0,6,T314/2,AA2619,1,11
2026-08-01T10:02:24.946Z,deep_scan,20260801073922_MT4-AP1-26-56,30,56,0,8,T343,AA2314,0,47
2026-08-01T10:02:24.946Z,deep_scan,20260801073922_MT4-AP1-26-56,30,56,0,12,M155,AA7406,0,39
2026-08-01T10:02:24.946Z,deep_scan,20260801073922_MT4-AP1-26-56,30,56,0,13,M92,AA7445,0,12
2026-08-01T10:02:24.946Z,deep_scan,20260801073922_MT4-AP1-26-56,30,56,0,20,T375,AA7402,1,15
2026-08-01T10:02:24.946Z,deep_scan,20260801073922_MT4-AP1-26-56,30,56,0,23,C688/2,AA7359,1,28
2026-08-01T10:02:54.928Z,deep_scan,20260801073922_MT4-AP1-26-56,30,56,0,6,T314/2,AA2619,1,9
2026-08-01T10:02:54.928Z,deep_scan,20260801073922_MT4-AP1-26-56,30,56,0,8,T343,AA2314,0,49
2026-08-01T10:02:54.928Z,deep_scan,20260801073922_MT4-AP1-26-56,30,56,0,12,M155,AA7406,0,44
2026-08-01T10:02:54.928Z,deep_scan,20260801073922_MT4-AP1-26-56,30,56,0,14,M272,AA7445,0,11
2026-08-01T10:02:54.928Z,deep_scan,20260801073922_MT4-AP1-26-56,30,56,0,20,T375,AA7402,1,5
2026-08-01T10:02:54.928Z,deep_scan,20260801073922_MT4-AP1-26-56,30,56,0,23,C688/2,AA7359,0,28
2026-08-01T10:03:24.934Z,deep_scan,20260801073922_MT4-AP1-26-56,30,56,0,6,T314/2,AA2619,0,20
2026-08-01T10:03:24.934Z,deep_scan,20260801073922_MT4-AP1-26-56,30,56,0,8,T343,AA2314,0,39
2026-08-01T10:03:24.934Z,deep_scan,20260801073922_MT4-AP1-26-56,30,56,0,12,M155,AA7406,0,26
2026-08-01T10:03:24.934Z,deep_scan,20260801073922_MT4-AP1-26-56,30,56,0,14,M272,AA7445,0,9
2026-08-01T10:03:24.934Z,deep_scan,20260801073922_MT4-AP1-26-56,30,56,0,20,T375,AA7402,1,2
2026-08-01T10:03:24.934Z,deep_scan,20260801073922_MT4-AP1-26-56,30,56,0,24,C690/6,AA7359,1,0
2026-08-01T10:03:54.948Z,deep_scan,20260801073922_MT4-AP1-26-56,30,56,0,7,T408/6,AA2619,1,21
2026-08-01T10:03:54.948Z,deep_scan,20260801073922_MT4-AP1-26-56,30,56,0,8,T343,AA2314,0,40
2026-08-01T10:03:54.948Z,deep_scan,20260801073922_MT4-AP1-26-56,30,56,0,12,M155,AA7406,0,7
2026-08-01T10:03:54.948Z,deep_scan,20260801073922_MT4-AP1-26-56,30,56,0,14,M272,AA7445,0,27
2026-08-01T10:03:54.948Z,deep_scan,20260801073922_MT4-AP1-26-56,30,56,0,20,T375,AA7402,0,31
2026-08-01T10:03:54.948Z,deep_scan,20260801073922_MT4-AP1-26-56,30,56,0,24,C690/6,AA7359,1,0
2026-08-01T10:04:24.988Z,deep_scan,20260801073922_MT4-AP1-26-56,30,56,0,0,C690/6,AA7460,1,10
2026-08-01T10:04:24.988Z,deep_scan,20260801073922_MT4-AP1-26-56,30,56,0,7,T408/6,AA2619,1,21
2026-08-01T10:04:24.988Z,deep_scan,20260801073922_MT4-AP1-26-56,30,56,0,9,M239/1,AA2314,1,31
2026-08-01T10:04:24.988Z,deep_scan,20260801073922_MT4-AP1-26-56,30,56,0,12,M155,AA7406,0,7
2026-08-01T10:04:24.988Z,deep_scan,20260801073922_MT4-AP1-26-56,30,56,0,14,M272,AA7445,0,27
2026-08-01T10:04:24.988Z,deep_scan,20260801073922_MT4-AP1-26-56,30,56,0,21,T380,AA7402,1,34
2026-08-01T10:04:24.988Z,deep_scan,20260801073922_MT4-AP1-26-56,30,56,0,24,C690/6,AA7359,1,0
2026-08-01T10:04:55.008Z,deep_scan,20260801073922_MT4-AP1-26-56,30,56,0,0,C690/6,AA7460,1,10
2026-08-01T10:04:55.008Z,deep_scan,20260801073922_MT4-AP1-26-56,30,56,0,7,T408/6,AA2619,1,21
2026-08-01T10:04:55.008Z,deep_scan,20260801073922_MT4-AP1-26-56,30,56,0,9,M239/1,AA2314,1,6
2026-08-01T10:04:55.008Z,deep_scan,20260801073922_MT4-AP1-26-56,30,56,0,12,M155,AA7406,0,7
2026-08-01T10:04:55.008Z,deep_scan,20260801073922_MT4-AP1-26-56,30,56,0,14,M272,AA7445,0,31
2026-08-01T10:04:55.008Z,deep_scan,20260801073922_MT4-AP1-26-56,30,56,0,22,T379,AA7402,1,21
2026-08-01T10:04:55.008Z,deep_scan,20260801073922_MT4-AP1-26-56,30,56,0,24,C690/6,AA7359,1,0
2026-08-01T10:05:24.968Z,deep_scan,20260801073922_MT4-AP1-26-56,30,56,0,0,C690/6,AA7460,1,10
2026-08-01T10:05:24.968Z,deep_scan,20260801073922_MT4-AP1-26-56,30,56,0,7,T408/6,AA2619,0,18
2026-08-01T10:05:24.968Z,deep_scan,20260801073922_MT4-AP1-26-56,30,56,0,9,M239/1,AA2314,1,7
2026-08-01T10:05:24.968Z,deep_scan,20260801073922_MT4-AP1-26-56,30,56,0,12,M155,AA7406,0,3
2026-08-01T10:05:24.968Z,deep_scan,20260801073922_MT4-AP1-26-56,30,56,0,14,M272,AA7445,0,31
2026-08-01T10:05:24.968Z,deep_scan,20260801073922_MT4-AP1-26-56,30,56,0,22,T379,AA7402,0,49
2026-08-01T10:05:24.968Z,deep_scan,20260801073922_MT4-AP1-26-56,30,56,0,24,C690/6,AA7359,1,0
2026-08-01T10:05:54.950Z,deep_scan,20260801073922_MT4-AP1-26-56,30,56,0,0,C690/6,AA7460,0,10
2026-08-01T10:05:54.950Z,deep_scan,20260801073922_MT4-AP1-26-56,30,56,0,7,T408/6,AA2619,0,38
2026-08-01T10:05:54.950Z,deep_scan,20260801073922_MT4-AP1-26-56,30,56,0,9,M239/1,AA2314,0,33
2026-08-01T10:05:54.950Z,deep_scan,20260801073922_MT4-AP1-26-56,30,56,0,12,M155,AA7406,0,3
2026-08-01T10:05:54.950Z,deep_scan,20260801073922_MT4-AP1-26-56,30,56,0,14,M272,AA7445,0,23
2026-08-01T10:05:54.950Z,deep_scan,20260801073922_MT4-AP1-26-56,30,56,0,22,T379,AA7402,0,27
2026-08-01T10:05:54.950Z,deep_scan,20260801073922_MT4-AP1-26-56,30,56,0,24,C690/6,AA7359,1,0
2026-08-01T10:06:25.023Z,deep_scan,20260801073922_MT4-AP1-26-56,30,56,0,1,C689/2,AA7460,1,10
2026-08-01T10:06:25.023Z,deep_scan,20260801073922_MT4-AP1-26-56,30,56,0,7,T408/6,AA2619,0,22
2026-08-01T10:06:25.023Z,deep_scan,20260801073922_MT4-AP1-26-56,30,56,0,10,M254,AA2314,1,16
2026-08-01T10:06:25.023Z,deep_scan,20260801073922_MT4-AP1-26-56,30,56,0,12,M155,AA7406,0,2
2026-08-01T10:06:25.023Z,deep_scan,20260801073922_MT4-AP1-26-56,30,56,0,15,M61/2,AA7445,1,5
2026-08-01T10:06:25.023Z,deep_scan,20260801073922_MT4-AP1-26-56,30,56,0,22,T379,AA7402,0,40
2026-08-01T10:06:25.023Z,deep_scan,20260801073922_MT4-AP1-26-56,30,56,0,24,C690/6,AA7359,1,0
2026-08-01T10:06:54.975Z,deep_scan,20260801073922_MT4-AP1-26-56,30,56,0,1,C689/2,AA7460,1,10
2026-08-01T10:06:54.975Z,deep_scan,20260801073922_MT4-AP1-26-56,30,56,0,8,T343,AA2619,1,16
2026-08-01T10:06:54.975Z,deep_scan,20260801073922_MT4-AP1-26-56,30,56,0,10,M254,AA2314,1,16
2026-08-01T10:06:54.975Z,deep_scan,20260801073922_MT4-AP1-26-56,30,56,0,12,M155,AA7406,0,17
2026-08-01T10:06:54.975Z,deep_scan,20260801073922_MT4-AP1-26-56,30,56,0,15,M61/2,AA7445,1,5
2026-08-01T10:06:54.975Z,deep_scan,20260801073922_MT4-AP1-26-56,30,56,0,22,T379,AA7402,0,39
2026-08-01T10:06:54.975Z,deep_scan,20260801073922_MT4-AP1-26-56,30,56,0,24,C690/6,AA7359,1,0
2026-08-01T10:07:24.999Z,deep_scan,20260801073922_MT4-AP1-26-56,30,56,0,1,C689/2,AA7460,1,10
2026-08-01T10:07:24.999Z,deep_scan,20260801073922_MT4-AP1-26-56,30,56,0,8,T343,AA2619,1,16
2026-08-01T10:07:24.999Z,deep_scan,20260801073922_MT4-AP1-26-56,30,56,0,10,M254,AA2314,1,4
2026-08-01T10:07:24.999Z,deep_scan,20260801073922_MT4-AP1-26-56,30,56,0,12,M155,AA7406,0,7
2026-08-01T10:07:24.999Z,deep_scan,20260801073922_MT4-AP1-26-56,30,56,0,15,M61/2,AA7445,0,7
2026-08-01T10:07:24.999Z,deep_scan,20260801073922_MT4-AP1-26-56,30,56,0,22,T379,AA7402,0,17
2026-08-01T10:07:24.999Z,deep_scan,20260801073922_MT4-AP1-26-56,30,56,0,24,C690/6,AA7359,1,0
2026-08-01T10:07:55.052Z,deep_scan,20260801073922_MT4-AP1-26-56,30,56,0,1,C689/2,AA7460,0,10
2026-08-01T10:07:55.052Z,deep_scan,20260801073922_MT4-AP1-26-56,30,56,0,8,T343,AA2619,1,13
2026-08-01T10:07:55.052Z,deep_scan,20260801073922_MT4-AP1-26-56,30,56,0,10,M254,AA2314,0,20
2026-08-01T10:07:55.052Z,deep_scan,20260801073922_MT4-AP1-26-56,30,56,0,12,M155,AA7406,0,7
2026-08-01T10:07:55.052Z,deep_scan,20260801073922_MT4-AP1-26-56,30,56,0,15,M61/2,AA7445,0,20
2026-08-01T10:07:55.052Z,deep_scan,20260801073922_MT4-AP1-26-56,30,56,0,22,T379,AA7402,0,16
2026-08-01T10:08:24.986Z,deep_scan,20260801073922_MT4-AP1-26-56,30,56,0,1,C689/2,AA7460,0,27
2026-08-01T10:08:24.986Z,deep_scan,20260801073922_MT4-AP1-26-56,30,56,0,8,T343,AA2619,1,13
2026-08-01T10:08:24.986Z,deep_scan,20260801073922_MT4-AP1-26-56,30,56,0,10,M254,AA2314,0,31
2026-08-01T10:08:24.986Z,deep_scan,20260801073922_MT4-AP1-26-56,30,56,0,12,M155,AA7406,0,7
2026-08-01T10:08:24.986Z,deep_scan,20260801073922_MT4-AP1-26-56,30,56,0,15,M61/2,AA7445,0,25
2026-08-01T10:08:24.986Z,deep_scan,20260801073922_MT4-AP1-26-56,30,56,0,23,C688/2,AA7402,1,16
2026-08-01T10:08:55.086Z,deep_scan,20260801073922_MT4-AP1-26-56,30,56,0,1,C689/2,AA7460,0,43
2026-08-01T10:08:55.086Z,deep_scan,20260801073922_MT4-AP1-26-56,30,56,0,8,T343,AA2619,0,44
2026-08-01T10:08:55.086Z,deep_scan,20260801073922_MT4-AP1-26-56,30,56,0,10,M254,AA2314,0,9
2026-08-01T10:08:55.086Z,deep_scan,20260801073922_MT4-AP1-26-56,30,56,0,12,M155,AA7406,0,7
2026-08-01T10:08:55.086Z,deep_scan,20260801073922_MT4-AP1-26-56,30,56,0,15,M61/2,AA7445,0,43
2026-08-01T10:08:55.086Z,deep_scan,20260801073922_MT4-AP1-26-56,30,56,0,24,C690/6,AA7402,1,0
2026-08-01T10:09:25.011Z,deep_scan,20260801073922_MT4-AP1-26-56,30,56,0,1,C689/2,AA7460,0,9
2026-08-01T10:09:25.011Z,deep_scan,20260801073922_MT4-AP1-26-56,30,56,0,8,T343,AA2619,0,35
2026-08-01T10:09:25.011Z,deep_scan,20260801073922_MT4-AP1-26-56,30,56,0,10,M254,AA2314,0,9
2026-08-01T10:09:25.011Z,deep_scan,20260801073922_MT4-AP1-26-56,30,56,0,13,M92,AA7406,1,22
2026-08-01T10:09:25.011Z,deep_scan,20260801073922_MT4-AP1-26-56,30,56,0,15,M61/2,AA7445,0,41
2026-08-01T10:09:25.011Z,deep_scan,20260801073922_MT4-AP1-26-56,30,56,0,24,C690/6,AA7402,1,0
2026-08-01T10:09:55.055Z,deep_scan,20260801073922_MT4-AP1-26-56,30,56,0,1,C689/2,AA7460,0,32
2026-08-01T10:09:55.055Z,deep_scan,20260801073922_MT4-AP1-26-56,30,56,0,8,T343,AA2619,0,46
2026-08-01T10:09:55.055Z,deep_scan,20260801073922_MT4-AP1-26-56,30,56,0,11,M117,AA2314,1,43
2026-08-01T10:09:55.055Z,deep_scan,20260801073922_MT4-AP1-26-56,30,56,0,13,M92,AA7406,1,4
2026-08-01T10:09:55.055Z,deep_scan,20260801073922_MT4-AP1-26-56,30,56,0,15,M61/2,AA7445,0,40
2026-08-01T10:09:55.055Z,deep_scan,20260801073922_MT4-AP1-26-56,30,56,0,24,C690/6,AA7402,1,0
2026-08-01T10:10:25.089Z,deep_scan,20260801073922_MT4-AP1-26-56,30,56,0,2,T360,AA7460,1,16
2026-08-01T10:10:25.089Z,deep_scan,20260801073922_MT4-AP1-26-56,30,56,0,8,T343,AA2619,0,47
2026-08-01T10:10:25.089Z,deep_scan,20260801073922_MT4-AP1-26-56,30,56,0,11,M117,AA2314,0,45
2026-08-01T10:10:25.089Z,deep_scan,20260801073922_MT4-AP1-26-56,30,56,0,13,M92,AA7406,0,24
2026-08-01T10:10:25.089Z,deep_scan,20260801073922_MT4-AP1-26-56,30,56,0,15,M61/2,AA7445,0,48
2026-08-01T10:10:25.089Z,deep_scan,20260801073922_MT4-AP1-26-56,30,56,0,24,C690/6,AA7402,1,0
2026-08-01T10:10:55.023Z,deep_scan,20260801073922_MT4-AP1-26-56,30,56,0,2,T360,AA7460,0,28
2026-08-01T10:10:55.023Z,deep_scan,20260801073922_MT4-AP1-26-56,30,56,0,8,T343,AA2619,0,6
2026-08-01T10:10:55.023Z,deep_scan,20260801073922_MT4-AP1-26-56,30,56,0,12,M155,AA2314,1,3
2026-08-01T10:10:55.023Z,deep_scan,20260801073922_MT4-AP1-26-56,30,56,0,13,M92,AA7406,0,8
2026-08-01T10:10:55.023Z,deep_scan,20260801073922_MT4-AP1-26-56,30,56,0,15,M61/2,AA7445,0,43
2026-08-01T10:10:55.023Z,deep_scan,20260801073922_MT4-AP1-26-56,30,56,0,24,C690/6,AA7402,1,0
2026-08-01T10:11:25.063Z,deep_scan,20260801073922_MT4-AP1-26-56,30,56,0,2,T360,AA7460,0,12
2026-08-01T10:11:25.063Z,deep_scan,20260801073922_MT4-AP1-26-56,30,56,0,8,T343,AA2619,0,11
2026-08-01T10:11:25.063Z,deep_scan,20260801073922_MT4-AP1-26-56,30,56,0,12,M155,AA2314,0,33
2026-08-01T10:11:25.063Z,deep_scan,20260801073922_MT4-AP1-26-56,30,56,0,13,M92,AA7406,0,8
2026-08-01T10:11:25.063Z,deep_scan,20260801073922_MT4-AP1-26-56,30,56,0,15,M61/2,AA7445,0,33
2026-08-01T10:11:25.063Z,deep_scan,20260801073922_MT4-AP1-26-56,30,56,0,24,C690/6,AA7402,1,0
2026-08-01T10:11:55.030Z,deep_scan,20260801073922_MT4-AP1-26-56,30,56,0,2,T360,AA7460,0,12
2026-08-01T10:11:55.030Z,deep_scan,20260801073922_MT4-AP1-26-56,30,56,0,8,T343,AA2619,0,29
2026-08-01T10:11:55.030Z,deep_scan,20260801073922_MT4-AP1-26-56,30,56,0,12,M155,AA2314,0,48
2026-08-01T10:11:55.030Z,deep_scan,20260801073922_MT4-AP1-26-56,30,56,0,13,M92,AA7406,0,8
2026-08-01T10:11:55.030Z,deep_scan,20260801073922_MT4-AP1-26-56,30,56,0,15,M61/2,AA7445,0,45
2026-08-01T10:11:55.030Z,deep_scan,20260801073922_MT4-AP1-26-56,30,56,0,24,C690/6,AA7402,1,0
2026-08-01T10:12:25.091Z,deep_scan,20260801073922_MT4-AP1-26-56,30,56,0,3,T376/2,AA7460,1,38
2026-08-01T10:12:25.091Z,deep_scan,20260801073922_MT4-AP1-26-56,30,56,0,8,T343,AA2619,0,48
2026-08-01T10:12:25.091Z,deep_scan,20260801073922_MT4-AP1-26-56,30,56,0,12,M155,AA2314,0,33
2026-08-01T10:12:25.091Z,deep_scan,20260801073922_MT4-AP1-26-56,30,56,0,13,M92,AA7406,0,8
2026-08-01T10:12:25.091Z,deep_scan,20260801073922_MT4-AP1-26-56,30,56,0,15,M61/2,AA7445,0,44
2026-08-01T10:12:25.091Z,deep_scan,20260801073922_MT4-AP1-26-56,30,56,0,24,C690/6,AA7402,1,0
2026-08-01T10:12:55.078Z,deep_scan,20260801073922_MT4-AP1-26-56,30,56,0,3,T376/2,AA7460,0,38
2026-08-01T10:12:55.078Z,deep_scan,20260801073922_MT4-AP1-26-56,30,56,0,8,T343,AA2619,0,48
2026-08-01T10:12:55.078Z,deep_scan,20260801073922_MT4-AP1-26-56,30,56,0,12,M155,AA2314,0,39
2026-08-01T10:12:55.078Z,deep_scan,20260801073922_MT4-AP1-26-56,30,56,0,14,M272,AA7406,1,17
2026-08-01T10:12:55.078Z,deep_scan,20260801073922_MT4-AP1-26-56,30,56,0,15,M61/2,AA7445,0,47
2026-08-01T10:12:55.078Z,deep_scan,20260801073922_MT4-AP1-26-56,30,56,0,24,C690/6,AA7402,1,0
2026-08-01T10:13:25.081Z,deep_scan,20260801073922_MT4-AP1-26-56,30,56,0,3,T376/2,AA7460,0,17
2026-08-01T10:13:25.081Z,deep_scan,20260801073922_MT4-AP1-26-56,30,56,0,8,T343,AA2619,0,40
2026-08-01T10:13:25.081Z,deep_scan,20260801073922_MT4-AP1-26-56,30,56,0,12,M155,AA2314,0,16
2026-08-01T10:13:25.081Z,deep_scan,20260801073922_MT4-AP1-26-56,30,56,0,14,M272,AA7406,1,10
2026-08-01T10:13:25.081Z,deep_scan,20260801073922_MT4-AP1-26-56,30,56,0,15,M61/2,AA7445,0,49
2026-08-01T10:13:55.109Z,deep_scan,20260801073922_MT4-AP1-26-56,30,56,0,3,T376/2,AA7460,0,13
2026-08-01T10:13:55.109Z,deep_scan,20260801073922_MT4-AP1-26-56,30,56,0,8,T343,AA2619,0,43
2026-08-01T10:13:55.109Z,deep_scan,20260801073922_MT4-AP1-26-56,30,56,0,12,M155,AA2314,0,2
2026-08-01T10:13:55.109Z,deep_scan,20260801073922_MT4-AP1-26-56,30,56,0,14,M272,AA7406,1,23
2026-08-01T10:13:55.109Z,deep_scan,20260801073922_MT4-AP1-26-56,30,56,0,15,M61/2,AA7445,0,44
2026-08-01T10:14:25.122Z,deep_scan,20260801073922_MT4-AP1-26-56,30,56,0,3,T376/2,AA7460,0,13
2026-08-01T10:14:25.122Z,deep_scan,20260801073922_MT4-AP1-26-56,30,56,0,8,T343,AA2619,0,47
2026-08-01T10:14:25.122Z,deep_scan,20260801073922_MT4-AP1-26-56,30,56,0,12,M155,AA2314,0,2
2026-08-01T10:14:25.122Z,deep_scan,20260801073922_MT4-AP1-26-56,30,56,0,14,M272,AA7406,0,12
2026-08-01T10:14:25.122Z,deep_scan,20260801073922_MT4-AP1-26-56,30,56,0,15,M61/2,AA7445,0,48
2026-08-01T10:14:55.109Z,deep_scan,20260801073922_MT4-AP1-26-56,30,56,0,3,T376/2,AA7460,0,8
2026-08-01T10:14:55.109Z,deep_scan,20260801073922_MT4-AP1-26-56,30,56,0,8,T343,AA2619,0,44
2026-08-01T10:14:55.109Z,deep_scan,20260801073922_MT4-AP1-26-56,30,56,0,12,M155,AA2314,0,15
2026-08-01T10:14:55.109Z,deep_scan,20260801073922_MT4-AP1-26-56,30,56,0,14,M272,AA7406,0,30
2026-08-01T10:14:55.109Z,deep_scan,20260801073922_MT4-AP1-26-56,30,56,0,15,M61/2,AA7445,0,50
2026-08-01T10:15:25.094Z,deep_scan,20260801073922_MT4-AP1-26-56,30,56,0,3,T376/2,AA7460,0,11
2026-08-01T10:15:25.094Z,deep_scan,20260801073922_MT4-AP1-26-56,30,56,0,8,T343,AA2619,0,43
2026-08-01T10:15:25.094Z,deep_scan,20260801073922_MT4-AP1-26-56,30,56,0,12,M155,AA2314,0,3
2026-08-01T10:15:25.094Z,deep_scan,20260801073922_MT4-AP1-26-56,30,56,0,14,M272,AA7406,0,26
2026-08-01T10:15:25.094Z,deep_scan,20260801073922_MT4-AP1-26-56,30,56,0,15,M61/2,AA7445,0,48
2026-08-01T10:15:55.091Z,deep_scan,20260801073922_MT4-AP1-26-56,30,56,0,4,T363/2,AA7460,1,19
2026-08-01T10:15:55.091Z,deep_scan,20260801073922_MT4-AP1-26-56,30,56,0,8,T343,AA2619,0,45
2026-08-01T10:15:55.091Z,deep_scan,20260801073922_MT4-AP1-26-56,30,56,0,12,M155,AA2314,0,3
2026-08-01T10:15:55.091Z,deep_scan,20260801073922_MT4-AP1-26-56,30,56,0,14,M272,AA7406,0,5
2026-08-01T10:15:55.091Z,deep_scan,20260801073922_MT4-AP1-26-56,30,56,0,15,M61/2,AA7445,0,46
2026-08-01T10:16:25.127Z,deep_scan,20260801073922_MT4-AP1-26-56,30,56,0,4,T363/2,AA7460,1,3
2026-08-01T10:16:25.127Z,deep_scan,20260801073922_MT4-AP1-26-56,30,56,0,8,T343,AA2619,0,45
2026-08-01T10:16:25.127Z,deep_scan,20260801073922_MT4-AP1-26-56,30,56,0,12,M155,AA2314,0,3
2026-08-01T10:16:25.127Z,deep_scan,20260801073922_MT4-AP1-26-56,30,56,0,14,M272,AA7406,0,4
2026-08-01T10:16:25.127Z,deep_scan,20260801073922_MT4-AP1-26-56,30,56,0,15,M61/2,AA7445,0,45
2026-08-01T10:16:55.142Z,deep_scan,20260801073922_MT4-AP1-26-56,30,56,0,4,T363/2,AA7460,1,2
2026-08-01T10:16:55.142Z,deep_scan,20260801073922_MT4-AP1-26-56,30,56,0,8,T343,AA2619,0,44
2026-08-01T10:16:55.142Z,deep_scan,20260801073922_MT4-AP1-26-56,30,56,0,12,M155,AA2314,0,11
2026-08-01T10:16:55.142Z,deep_scan,20260801073922_MT4-AP1-26-56,30,56,0,14,M272,AA7406,0,12
2026-08-01T10:16:55.142Z,deep_scan,20260801073922_MT4-AP1-26-56,30,56,0,16,T342,AA7445,1,42
2026-08-01T10:17:25.159Z,deep_scan,20260801073922_MT4-AP1-26-56,30,56,0,4,T363/2,AA7460,0,7
2026-08-01T10:17:25.159Z,deep_scan,20260801073922_MT4-AP1-26-56,30,56,0,8,T343,AA2619,0,47
2026-08-01T10:17:25.159Z,deep_scan,20260801073922_MT4-AP1-26-56,30,56,0,12,M155,AA2314,0,11
2026-08-01T10:17:25.159Z,deep_scan,20260801073922_MT4-AP1-26-56,30,56,0,15,M61/2,AA7406,1,21
2026-08-01T10:17:25.159Z,deep_scan,20260801073922_MT4-AP1-26-56,30,56,0,16,T342,AA7445,1,9
2026-08-01T10:17:55.176Z,deep_scan,20260801073922_MT4-AP1-26-56,30,56,0,0,C690/6,AA7402,1,16
2026-08-01T10:17:55.176Z,deep_scan,20260801073922_MT4-AP1-26-56,30,56,0,4,T363/2,AA7460,0,27
2026-08-01T10:17:55.176Z,deep_scan,20260801073922_MT4-AP1-26-56,30,56,0,8,T343,AA2619,0,47
2026-08-01T10:17:55.176Z,deep_scan,20260801073922_MT4-AP1-26-56,30,56,0,12,M155,AA2314,0,11
2026-08-01T10:17:55.176Z,deep_scan,20260801073922_MT4-AP1-26-56,30,56,0,15,M61/2,AA7406,0,28
2026-08-01T10:17:55.176Z,deep_scan,20260801073922_MT4-AP1-26-56,30,56,0,16,T342,AA7445,0,47
2026-08-01T10:18:25.154Z,deep_scan,20260801073922_MT4-AP1-26-56,30,56,0,0,C690/6,AA7402,1,16
2026-08-01T10:18:25.154Z,deep_scan,20260801073922_MT4-AP1-26-56,30,56,0,4,T363/2,AA7460,0,33
2026-08-01T10:18:25.154Z,deep_scan,20260801073922_MT4-AP1-26-56,30,56,0,8,T343,AA2619,0,47
2026-08-01T10:18:25.154Z,deep_scan,20260801073922_MT4-AP1-26-56,30,56,0,12,M155,AA2314,0,11
2026-08-01T10:18:25.154Z,deep_scan,20260801073922_MT4-AP1-26-56,30,56,0,15,M61/2,AA7406,0,6
2026-08-01T10:18:25.154Z,deep_scan,20260801073922_MT4-AP1-26-56,30,56,0,16,T342,AA7445,0,4
2026-08-01T10:18:55.135Z,deep_scan,20260801073922_MT4-AP1-26-56,30,56,0,0,C690/6,AA7402,1,16
2026-08-01T10:18:55.135Z,deep_scan,20260801073922_MT4-AP1-26-56,30,56,0,5,T306,AA7460,0,34
2026-08-01T10:18:55.135Z,deep_scan,20260801073922_MT4-AP1-26-56,30,56,0,8,T343,AA2619,0,25
2026-08-01T10:18:55.135Z,deep_scan,20260801073922_MT4-AP1-26-56,30,56,0,12,M155,AA2314,0,2
2026-08-01T10:18:55.135Z,deep_scan,20260801073922_MT4-AP1-26-56,30,56,0,15,M61/2,AA7406,0,36
2026-08-01T10:18:55.135Z,deep_scan,20260801073922_MT4-AP1-26-56,30,56,0,17,T409,AA7445,1,21
2026-08-01T10:19:25.166Z,deep_scan,20260801073922_MT4-AP1-26-56,30,56,0,0,C690/6,AA7402,0,16
2026-08-01T10:19:25.166Z,deep_scan,20260801073922_MT4-AP1-26-56,30,56,0,5,T306,AA7460,0,35
2026-08-01T10:19:25.166Z,deep_scan,20260801073922_MT4-AP1-26-56,30,56,0,8,T343,AA2619,0,39
2026-08-01T10:19:25.166Z,deep_scan,20260801073922_MT4-AP1-26-56,30,56,0,12,M155,AA2314,0,10
2026-08-01T10:19:25.166Z,deep_scan,20260801073922_MT4-AP1-26-56,30,56,0,15,M61/2,AA7406,0,39
2026-08-01T10:19:25.166Z,deep_scan,20260801073922_MT4-AP1-26-56,30,56,0,17,T409,AA7445,0,24
2026-08-01T10:19:55.217Z,deep_scan,20260801073922_MT4-AP1-26-56,30,56,0,0,C690/6,AA7402,0,16
2026-08-01T10:19:55.217Z,deep_scan,20260801073922_MT4-AP1-26-56,30,56,0,6,T314/2,AA7460,1,6
2026-08-01T10:19:55.217Z,deep_scan,20260801073922_MT4-AP1-26-56,30,56,0,9,M239/1,AA2619,1,13
2026-08-01T10:19:55.217Z,deep_scan,20260801073922_MT4-AP1-26-56,30,56,0,12,M155,AA2314,0,2
2026-08-01T10:19:55.217Z,deep_scan,20260801073922_MT4-AP1-26-56,30,56,0,15,M61/2,AA7406,0,40
2026-08-01T10:19:55.217Z,deep_scan,20260801073922_MT4-AP1-26-56,30,56,0,18,T313,AA7445,1,5
2026-08-01T10:20:25.099Z,deep_scan,20260801073922_MT4-AP1-26-56,30,56,0,1,C689/2,AA7402,1,16
2026-08-01T10:20:25.099Z,deep_scan,20260801073922_MT4-AP1-26-56,30,56,0,6,T314/2,AA7460,1,16
2026-08-01T10:20:25.099Z,deep_scan,20260801073922_MT4-AP1-26-56,30,56,0,9,M239/1,AA2619,0,13
2026-08-01T10:20:25.099Z,deep_scan,20260801073922_MT4-AP1-26-56,30,56,0,12,M155,AA2314,0,2
2026-08-01T10:20:25.099Z,deep_scan,20260801073922_MT4-AP1-26-56,30,56,0,15,M61/2,AA7406,0,45
2026-08-01T10:20:25.099Z,deep_scan,20260801073922_MT4-AP1-26-56,30,56,0,19,T315,AA7445,1,46
2026-08-01T10:20:55.165Z,deep_scan,20260801073922_MT4-AP1-26-56,30,56,0,1,C689/2,AA7402,0,16
2026-08-01T10:20:55.165Z,deep_scan,20260801073922_MT4-AP1-26-56,30,56,0,6,T314/2,AA7460,0,10
2026-08-01T10:20:55.165Z,deep_scan,20260801073922_MT4-AP1-26-56,30,56,0,10,M254,AA2619,1,39
2026-08-01T10:20:55.165Z,deep_scan,20260801073922_MT4-AP1-26-56,30,56,0,13,M92,AA2314,1,16
2026-08-01T10:20:55.165Z,deep_scan,20260801073922_MT4-AP1-26-56,30,56,0,15,M61/2,AA7406,0,40
2026-08-01T10:20:55.165Z,deep_scan,20260801073922_MT4-AP1-26-56,30,56,0,19,T315,AA7445,0,38
2026-08-01T10:21:25.172Z,deep_scan,20260801073922_MT4-AP1-26-56,30,56,0,1,C689/2,AA7402,0,22
2026-08-01T10:21:25.172Z,deep_scan,20260801073922_MT4-AP1-26-56,30,56,0,6,T314/2,AA7460,0,8
2026-08-01T10:21:25.172Z,deep_scan,20260801073922_MT4-AP1-26-56,30,56,0,10,M254,AA2619,1,24
2026-08-01T10:21:25.172Z,deep_scan,20260801073922_MT4-AP1-26-56,30,56,0,13,M92,AA2314,1,2
2026-08-01T10:21:25.172Z,deep_scan,20260801073922_MT4-AP1-26-56,30,56,0,15,M61/2,AA7406,0,6
2026-08-01T10:21:25.172Z,deep_scan,20260801073922_MT4-AP1-26-56,30,56,0,19,T315,AA7445,0,1
2026-08-01T10:21:55.301Z,deep_scan,20260801073922_MT4-AP1-26-56,30,56,0,1,C689/2,AA7402,0,46
2026-08-01T10:21:55.301Z,deep_scan,20260801073922_MT4-AP1-26-56,30,56,0,6,T314/2,AA7460,0,9
2026-08-01T10:21:55.301Z,deep_scan,20260801073922_MT4-AP1-26-56,30,56,0,10,M254,AA2619,0,9
2026-08-01T10:21:55.301Z,deep_scan,20260801073922_MT4-AP1-26-56,30,56,0,13,M92,AA2314,1,2
2026-08-01T10:21:55.301Z,deep_scan,20260801073922_MT4-AP1-26-56,30,56,0,15,M61/2,AA7406,0,43
2026-08-01T10:21:55.301Z,deep_scan,20260801073922_MT4-AP1-26-56,30,56,0,19,T315,AA7445,0,18
2026-08-01T10:22:25.192Z,deep_scan,20260801073922_MT4-AP1-26-56,30,56,0,1,C689/2,AA7402,0,24
2026-08-01T10:22:25.192Z,deep_scan,20260801073922_MT4-AP1-26-56,30,56,0,7,T408/6,AA7460,1,26
2026-08-01T10:22:25.192Z,deep_scan,20260801073922_MT4-AP1-26-56,30,56,0,10,M254,AA2619,0,27
2026-08-01T10:22:25.192Z,deep_scan,20260801073922_MT4-AP1-26-56,30,56,0,13,M92,AA2314,1,2
2026-08-01T10:22:25.192Z,deep_scan,20260801073922_MT4-AP1-26-56,30,56,0,15,M61/2,AA7406,0,43
2026-08-01T10:22:25.192Z,deep_scan,20260801073922_MT4-AP1-26-56,30,56,0,19,T315,AA7445,0,1
2026-08-01T10:22:55.234Z,deep_scan,20260801073922_MT4-AP1-26-56,30,56,0,1,C689/2,AA7402,0,42
2026-08-01T10:22:55.234Z,deep_scan,20260801073922_MT4-AP1-26-56,30,56,0,7,T408/6,AA7460,1,26
2026-08-01T10:22:55.234Z,deep_scan,20260801073922_MT4-AP1-26-56,30,56,0,10,M254,AA2619,0,19
2026-08-01T10:22:55.234Z,deep_scan,20260801073922_MT4-AP1-26-56,30,56,0,13,M92,AA2314,0,18
2026-08-01T10:22:55.234Z,deep_scan,20260801073922_MT4-AP1-26-56,30,56,0,15,M61/2,AA7406,0,47
2026-08-01T10:22:55.234Z,deep_scan,20260801073922_MT4-AP1-26-56,30,56,0,20,T375,AA7445,1,31
2026-08-01T10:23:25.201Z,deep_scan,20260801073922_MT4-AP1-26-56,30,56,0,2,T360,AA7402,1,7
2026-08-01T10:23:25.201Z,deep_scan,20260801073922_MT4-AP1-26-56,30,56,0,7,T408/6,AA7460,0,26
2026-08-01T10:23:25.201Z,deep_scan,20260801073922_MT4-AP1-26-56,30,56,0,11,M117,AA2619,1,37
2026-08-01T10:23:25.201Z,deep_scan,20260801073922_MT4-AP1-26-56,30,56,0,13,M92,AA2314,0,18
2026-08-01T10:23:25.201Z,deep_scan,20260801073922_MT4-AP1-26-56,30,56,0,15,M61/2,AA7406,0,49
2026-08-01T10:23:25.201Z,deep_scan,20260801073922_MT4-AP1-26-56,30,56,0,20,T375,AA7445,1,18
2026-08-01T10:23:55.219Z,deep_scan,20260801073922_MT4-AP1-26-56,30,56,0,2,T360,AA7402,0,17
2026-08-01T10:23:55.219Z,deep_scan,20260801073922_MT4-AP1-26-56,30,56,0,7,T408/6,AA7460,0,26
2026-08-01T10:23:55.219Z,deep_scan,20260801073922_MT4-AP1-26-56,30,56,0,11,M117,AA2619,1,37
2026-08-01T10:23:55.219Z,deep_scan,20260801073922_MT4-AP1-26-56,30,56,0,13,M92,AA2314,0,18
2026-08-01T10:23:55.219Z,deep_scan,20260801073922_MT4-AP1-26-56,30,56,0,15,M61/2,AA7406,0,44
2026-08-01T10:23:55.219Z,deep_scan,20260801073922_MT4-AP1-26-56,30,56,0,20,T375,AA7445,0,31
2026-08-01T10:24:25.264Z,deep_scan,20260801073922_MT4-AP1-26-56,30,56,0,2,T360,AA7402,0,19
2026-08-01T10:24:25.264Z,deep_scan,20260801073922_MT4-AP1-26-56,30,56,0,7,T408/6,AA7460,0,45
2026-08-01T10:24:25.264Z,deep_scan,20260801073922_MT4-AP1-26-56,30,56,0,11,M117,AA2619,1,9
2026-08-01T10:24:25.264Z,deep_scan,20260801073922_MT4-AP1-26-56,30,56,0,13,M92,AA2314,0,5
2026-08-01T10:24:25.264Z,deep_scan,20260801073922_MT4-AP1-26-56,30,56,0,15,M61/2,AA7406,0,46
2026-08-01T10:24:25.264Z,deep_scan,20260801073922_MT4-AP1-26-56,30,56,0,21,T380,AA7445,1,31
2026-08-01T10:24:55.262Z,deep_scan,20260801073922_MT4-AP1-26-56,30,56,0,2,T360,AA7402,0,19
2026-08-01T10:24:55.262Z,deep_scan,20260801073922_MT4-AP1-26-56,30,56,0,8,T343,AA7460,1,19
2026-08-01T10:24:55.262Z,deep_scan,20260801073922_MT4-AP1-26-56,30,56,0,11,M117,AA2619,0,9
2026-08-01T10:24:55.262Z,deep_scan,20260801073922_MT4-AP1-26-56,30,56,0,14,M272,AA2314,1,21
2026-08-01T10:24:55.262Z,deep_scan,20260801073922_MT4-AP1-26-56,30,56,0,15,M61/2,AA7406,0,46
2026-08-01T10:24:55.262Z,deep_scan,20260801073922_MT4-AP1-26-56,30,56,0,21,T380,AA7445,0,1
2026-08-01T10:25:25.288Z,deep_scan,20260801073922_MT4-AP1-26-56,30,56,0,3,T376/2,AA7402,1,35
2026-08-01T10:25:25.288Z,deep_scan,20260801073922_MT4-AP1-26-56,30,56,0,8,T343,AA7460,1,6
2026-08-01T10:25:25.288Z,deep_scan,20260801073922_MT4-AP1-26-56,30,56,0,12,M155,AA2619,1,33
2026-08-01T10:25:25.288Z,deep_scan,20260801073922_MT4-AP1-26-56,30,56,0,14,M272,AA2314,1,2
2026-08-01T10:25:25.288Z,deep_scan,20260801073922_MT4-AP1-26-56,30,56,0,15,M61/2,AA7406,0,48
2026-08-01T10:25:25.288Z,deep_scan,20260801073922_MT4-AP1-26-56,30,56,0,22,T379,AA7445,1,2
2026-08-01T10:25:55.267Z,deep_scan,20260801073922_MT4-AP1-26-56,30,56,0,3,T376/2,AA7402,1,18
2026-08-01T10:25:55.267Z,deep_scan,20260801073922_MT4-AP1-26-56,30,56,0,8,T343,AA7460,0,39
2026-08-01T10:25:55.267Z,deep_scan,20260801073922_MT4-AP1-26-56,30,56,0,12,M155,AA2619,0,34
2026-08-01T10:25:55.267Z,deep_scan,20260801073922_MT4-AP1-26-56,30,56,0,14,M272,AA2314,0,31
2026-08-01T10:25:55.267Z,deep_scan,20260801073922_MT4-AP1-26-56,30,56,0,15,M61/2,AA7406,0,48
2026-08-01T10:25:55.267Z,deep_scan,20260801073922_MT4-AP1-26-56,30,56,0,22,T379,AA7445,0,49
2026-08-01T10:26:25.344Z,deep_scan,20260801073922_MT4-AP1-26-56,30,56,0,3,T376/2,AA7402,0,11
2026-08-01T10:26:25.344Z,deep_scan,20260801073922_MT4-AP1-26-56,30,56,0,8,T343,AA7460,0,40
2026-08-01T10:26:25.344Z,deep_scan,20260801073922_MT4-AP1-26-56,30,56,0,12,M155,AA2619,0,23
2026-08-01T10:26:25.344Z,deep_scan,20260801073922_MT4-AP1-26-56,30,56,0,14,M272,AA2314,0,16
2026-08-01T10:26:25.344Z,deep_scan,20260801073922_MT4-AP1-26-56,30,56,0,15,M61/2,AA7406,0,38
2026-08-01T10:26:25.344Z,deep_scan,20260801073922_MT4-AP1-26-56,30,56,0,22,T379,AA7445,0,38
2026-08-01T10:26:55.267Z,deep_scan,20260801073922_MT4-AP1-26-56,30,56,0,3,T376/2,AA7402,0,6
2026-08-01T10:26:55.267Z,deep_scan,20260801073922_MT4-AP1-26-56,30,56,0,8,T343,AA7460,0,26
2026-08-01T10:26:55.267Z,deep_scan,20260801073922_MT4-AP1-26-56,30,56,0,12,M155,AA2619,0,40
2026-08-01T10:26:55.267Z,deep_scan,20260801073922_MT4-AP1-26-56,30,56,0,14,M272,AA2314,0,25
2026-08-01T10:26:55.267Z,deep_scan,20260801073922_MT4-AP1-26-56,30,56,0,15,M61/2,AA7406,0,46
2026-08-01T10:26:55.267Z,deep_scan,20260801073922_MT4-AP1-26-56,30,56,0,22,T379,AA7445,0,49
2026-08-01T10:27:25.326Z,deep_scan,20260801073922_MT4-AP1-26-56,30,56,0,3,T376/2,AA7402,0,1
2026-08-01T10:27:25.326Z,deep_scan,20260801073922_MT4-AP1-26-56,30,56,0,8,T343,AA7460,0,37
2026-08-01T10:27:25.326Z,deep_scan,20260801073922_MT4-AP1-26-56,30,56,0,12,M155,AA2619,0,44
2026-08-01T10:27:25.326Z,deep_scan,20260801073922_MT4-AP1-26-56,30,56,0,14,M272,AA2314,0,2
2026-08-01T10:27:25.326Z,deep_scan,20260801073922_MT4-AP1-26-56,30,56,0,16,T342,AA7406,1,1
2026-08-01T10:27:25.326Z,deep_scan,20260801073922_MT4-AP1-26-56,30,56,0,22,T379,AA7445,0,32
2026-08-01T10:27:55.270Z,deep_scan,20260801073922_MT4-AP1-26-56,30,56,0,3,T376/2,AA7402,0,1
2026-08-01T10:27:55.270Z,deep_scan,20260801073922_MT4-AP1-26-56,30,56,0,8,T343,AA7460,0,44
2026-08-01T10:27:55.270Z,deep_scan,20260801073922_MT4-AP1-26-56,30,56,0,12,M155,AA2619,0,44
2026-08-01T10:27:55.270Z,deep_scan,20260801073922_MT4-AP1-26-56,30,56,0,14,M272,AA2314,0,13
2026-08-01T10:27:55.270Z,deep_scan,20260801073922_MT4-AP1-26-56,30,56,0,16,T342,AA7406,0,38
2026-08-01T10:27:55.270Z,deep_scan,20260801073922_MT4-AP1-26-56,30,56,0,22,T379,AA7445,0,8
2026-08-01T10:28:25.308Z,deep_scan,20260801073922_MT4-AP1-26-56,30,56,0,3,T376/2,AA7402,0,1
2026-08-01T10:28:25.308Z,deep_scan,20260801073922_MT4-AP1-26-56,30,56,0,8,T343,AA7460,0,34
2026-08-01T10:28:25.308Z,deep_scan,20260801073922_MT4-AP1-26-56,30,56,0,12,M155,AA2619,0,17
2026-08-01T10:28:25.308Z,deep_scan,20260801073922_MT4-AP1-26-56,30,56,0,15,M61/2,AA2314,1,44
2026-08-01T10:28:25.308Z,deep_scan,20260801073922_MT4-AP1-26-56,30,56,0,16,T342,AA7406,0,22
2026-08-01T10:28:25.308Z,deep_scan,20260801073922_MT4-AP1-26-56,30,56,0,23,C688/2,AA7445,1,1
2026-08-01T10:28:55.291Z,deep_scan,20260801073922_MT4-AP1-26-56,30,56,0,3,T376/2,AA7402,0,23
2026-08-01T10:28:55.291Z,deep_scan,20260801073922_MT4-AP1-26-56,30,56,0,8,T343,AA7460,0,8
2026-08-01T10:28:55.291Z,deep_scan,20260801073922_MT4-AP1-26-56,30,56,0,12,M155,AA2619,0,12
2026-08-01T10:28:55.291Z,deep_scan,20260801073922_MT4-AP1-26-56,30,56,0,15,M61/2,AA2314,0,16
2026-08-01T10:28:55.291Z,deep_scan,20260801073922_MT4-AP1-26-56,30,56,0,17,T409,AA7406,1,7
2026-08-01T10:28:55.291Z,deep_scan,20260801073922_MT4-AP1-26-56,30,56,0,23,C688/2,AA7445,0,1
2026-08-01T10:29:25.307Z,deep_scan,20260801073922_MT4-AP1-26-56,30,56,0,4,T363/2,AA7402,1,9
2026-08-01T10:29:25.307Z,deep_scan,20260801073922_MT4-AP1-26-56,30,56,0,8,T343,AA7460,0,22
2026-08-01T10:29:25.307Z,deep_scan,20260801073922_MT4-AP1-26-56,30,56,0,12,M155,AA2619,0,12
2026-08-01T10:29:25.307Z,deep_scan,20260801073922_MT4-AP1-26-56,30,56,0,15,M61/2,AA2314,0,3
2026-08-01T10:29:25.307Z,deep_scan,20260801073922_MT4-AP1-26-56,30,56,0,17,T409,AA7406,0,21
2026-08-01T10:29:25.307Z,deep_scan,20260801073922_MT4-AP1-26-56,30,56,0,23,C688/2,AA7445,0,1
2026-08-01T10:29:55.280Z,deep_scan,20260801073922_MT4-AP1-26-56,30,56,0,4,T363/2,AA7402,1,9
2026-08-01T10:29:55.280Z,deep_scan,20260801073922_MT4-AP1-26-56,30,56,0,8,T343,AA7460,0,25
2026-08-01T10:29:55.280Z,deep_scan,20260801073922_MT4-AP1-26-56,30,56,0,12,M155,AA2619,0,12
2026-08-01T10:29:55.280Z,deep_scan,20260801073922_MT4-AP1-26-56,30,56,0,15,M61/2,AA2314,0,37
2026-08-01T10:29:55.280Z,deep_scan,20260801073922_MT4-AP1-26-56,30,56,0,17,T409,AA7406,0,16
2026-08-01T10:29:55.280Z,deep_scan,20260801073922_MT4-AP1-26-56,30,56,0,24,C690/6,AA7445,1,0
2026-08-01T10:30:25.363Z,deep_scan,20260801073922_MT4-AP1-26-56,30,56,0,4,T363/2,AA7402,1,9
2026-08-01T10:30:25.363Z,deep_scan,20260801073922_MT4-AP1-26-56,30,56,0,8,T343,AA7460,0,32
2026-08-01T10:30:25.363Z,deep_scan,20260801073922_MT4-AP1-26-56,30,56,0,12,M155,AA2619,0,12
2026-08-01T10:30:25.363Z,deep_scan,20260801073922_MT4-AP1-26-56,30,56,0,15,M61/2,AA2314,0,38
2026-08-01T10:30:25.363Z,deep_scan,20260801073922_MT4-AP1-26-56,30,56,0,18,T313,AA7406,1,16
2026-08-01T10:30:25.363Z,deep_scan,20260801073922_MT4-AP1-26-56,30,56,0,24,C690/6,AA7445,1,0
2026-08-01T10:30:55.308Z,deep_scan,20260801073922_MT4-AP1-26-56,30,56,0,4,T363/2,AA7402,0,33
2026-08-01T10:30:55.308Z,deep_scan,20260801073922_MT4-AP1-26-56,30,56,0,8,T343,AA7460,0,36
2026-08-01T10:30:55.308Z,deep_scan,20260801073922_MT4-AP1-26-56,30,56,0,12,M155,AA2619,0,5
2026-08-01T10:30:55.308Z,deep_scan,20260801073922_MT4-AP1-26-56,30,56,0,15,M61/2,AA2314,0,29
2026-08-01T10:30:55.308Z,deep_scan,20260801073922_MT4-AP1-26-56,30,56,0,18,T313,AA7406,0,29
2026-08-01T10:30:55.308Z,deep_scan,20260801073922_MT4-AP1-26-56,30,56,0,24,C690/6,AA7445,1,0
2026-08-01T10:31:25.361Z,deep_scan,20260801073922_MT4-AP1-26-56,30,56,0,5,T306,AA7402,1,27
2026-08-01T10:31:25.361Z,deep_scan,20260801073922_MT4-AP1-26-56,30,56,0,8,T343,AA7460,0,38
2026-08-01T10:31:25.361Z,deep_scan,20260801073922_MT4-AP1-26-56,30,56,0,12,M155,AA2619,0,5
2026-08-01T10:31:25.361Z,deep_scan,20260801073922_MT4-AP1-26-56,30,56,0,15,M61/2,AA2314,0,47
2026-08-01T10:31:25.361Z,deep_scan,20260801073922_MT4-AP1-26-56,30,56,0,19,T315,AA7406,1,23
2026-08-01T10:31:25.361Z,deep_scan,20260801073922_MT4-AP1-26-56,30,56,0,24,C690/6,AA7445,1,0
2026-08-01T10:31:55.306Z,deep_scan,20260801073922_MT4-AP1-26-56,30,56,0,5,T306,AA7402,0,34
2026-08-01T10:31:55.306Z,deep_scan,20260801073922_MT4-AP1-26-56,30,56,0,8,T343,AA7460,0,44
2026-08-01T10:31:55.306Z,deep_scan,20260801073922_MT4-AP1-26-56,30,56,0,12,M155,AA2619,0,5
2026-08-01T10:31:55.306Z,deep_scan,20260801073922_MT4-AP1-26-56,30,56,0,15,M61/2,AA2314,0,37
2026-08-01T10:31:55.306Z,deep_scan,20260801073922_MT4-AP1-26-56,30,56,0,19,T315,AA7406,0,31
2026-08-01T10:31:55.306Z,deep_scan,20260801073922_MT4-AP1-26-56,30,56,0,24,C690/6,AA7445,1,0
2026-08-01T10:32:25.357Z,deep_scan,20260801073922_MT4-AP1-26-56,30,56,0,5,T306,AA7402,0,39
2026-08-01T10:32:25.357Z,deep_scan,20260801073922_MT4-AP1-26-56,30,56,0,8,T343,AA7460,0,48
2026-08-01T10:32:25.357Z,deep_scan,20260801073922_MT4-AP1-26-56,30,56,0,12,M155,AA2619,0,5
2026-08-01T10:32:25.357Z,deep_scan,20260801073922_MT4-AP1-26-56,30,56,0,15,M61/2,AA2314,0,28
2026-08-01T10:32:25.357Z,deep_scan,20260801073922_MT4-AP1-26-56,30,56,0,19,T315,AA7406,0,29
2026-08-01T10:32:25.357Z,deep_scan,20260801073922_MT4-AP1-26-56,30,56,0,24,C690/6,AA7445,1,0
2026-08-01T10:32:55.343Z,deep_scan,20260801073922_MT4-AP1-26-56,30,56,0,6,T314/2,AA7402,1,4
2026-08-01T10:32:55.343Z,deep_scan,20260801073922_MT4-AP1-26-56,30,56,0,8,T343,AA7460,0,46
2026-08-01T10:32:55.343Z,deep_scan,20260801073922_MT4-AP1-26-56,30,56,0,12,M155,AA2619,0,2
2026-08-01T10:32:55.343Z,deep_scan,20260801073922_MT4-AP1-26-56,30,56,0,15,M61/2,AA2314,0,43
2026-08-01T10:32:55.343Z,deep_scan,20260801073922_MT4-AP1-26-56,30,56,0,19,T315,AA7406,0,9
2026-08-01T10:32:55.343Z,deep_scan,20260801073922_MT4-AP1-26-56,30,56,0,24,C690/6,AA7445,1,0
2026-08-01T10:33:25.375Z,deep_scan,20260801073922_MT4-AP1-26-56,30,56,0,6,T314/2,AA7402,1,4
2026-08-01T10:33:25.375Z,deep_scan,20260801073922_MT4-AP1-26-56,30,56,0,8,T343,AA7460,0,43
2026-08-01T10:33:25.375Z,deep_scan,20260801073922_MT4-AP1-26-56,30,56,0,12,M155,AA2619,0,5
2026-08-01T10:33:25.375Z,deep_scan,20260801073922_MT4-AP1-26-56,30,56,0,15,M61/2,AA2314,0,44
2026-08-01T10:33:25.375Z,deep_scan,20260801073922_MT4-AP1-26-56,30,56,0,19,T315,AA7406,0,14
2026-08-01T10:33:25.375Z,deep_scan,20260801073922_MT4-AP1-26-56,30,56,0,24,C690/6,AA7445,1,0
2026-08-01T10:33:55.373Z,deep_scan,20260801073922_MT4-AP1-26-56,30,56,0,6,T314/2,AA7402,1,8
2026-08-01T10:33:55.373Z,deep_scan,20260801073922_MT4-AP1-26-56,30,56,0,8,T343,AA7460,0,46
2026-08-01T10:33:55.373Z,deep_scan,20260801073922_MT4-AP1-26-56,30,56,0,12,M155,AA2619,0,5
2026-08-01T10:33:55.373Z,deep_scan,20260801073922_MT4-AP1-26-56,30,56,0,15,M61/2,AA2314,0,49
2026-08-01T10:33:55.373Z,deep_scan,20260801073922_MT4-AP1-26-56,30,56,0,20,T375,AA7406,1,16
2026-08-01T10:33:55.373Z,deep_scan,20260801073922_MT4-AP1-26-56,30,56,0,24,C690/6,AA7445,1,0
2026-08-01T10:34:25.374Z,deep_scan,20260801073922_MT4-AP1-26-56,30,56,0,6,T314/2,AA7402,0,3
2026-08-01T10:34:25.374Z,deep_scan,20260801073922_MT4-AP1-26-56,30,56,0,8,T343,AA7460,0,47
2026-08-01T10:34:25.374Z,deep_scan,20260801073922_MT4-AP1-26-56,30,56,0,12,M155,AA2619,0,5
2026-08-01T10:34:25.374Z,deep_scan,20260801073922_MT4-AP1-26-56,30,56,0,15,M61/2,AA2314,0,49
2026-08-01T10:34:25.374Z,deep_scan,20260801073922_MT4-AP1-26-56,30,56,0,20,T375,AA7406,1,16
2026-08-01T10:34:55.408Z,deep_scan,20260801073922_MT4-AP1-26-56,30,56,0,6,T314/2,AA7402,0,24
2026-08-01T10:34:55.408Z,deep_scan,20260801073922_MT4-AP1-26-56,30,56,0,8,T343,AA7460,0,43
2026-08-01T10:34:55.408Z,deep_scan,20260801073922_MT4-AP1-26-56,30,56,0,12,M155,AA2619,0,5
2026-08-01T10:34:55.408Z,deep_scan,20260801073922_MT4-AP1-26-56,30,56,0,15,M61/2,AA2314,0,44
2026-08-01T10:34:55.408Z,deep_scan,20260801073922_MT4-AP1-26-56,30,56,0,20,T375,AA7406,1,3
2026-08-01T10:35:25.380Z,deep_scan,20260801073922_MT4-AP1-26-56,30,56,0,7,T408/6,AA7402,1,23
2026-08-01T10:35:25.380Z,deep_scan,20260801073922_MT4-AP1-26-56,30,56,0,8,T343,AA7460,0,49
2026-08-01T10:35:25.380Z,deep_scan,20260801073922_MT4-AP1-26-56,30,56,0,13,M92,AA2619,1,24
2026-08-01T10:35:25.380Z,deep_scan,20260801073922_MT4-AP1-26-56,30,56,0,15,M61/2,AA2314,0,48
2026-08-01T10:35:25.380Z,deep_scan,20260801073922_MT4-AP1-26-56,30,56,0,20,T375,AA7406,0,17
2026-08-01T10:35:55.385Z,deep_scan,20260801073922_MT4-AP1-26-56,30,56,0,7,T408/6,AA7402,0,23
2026-08-01T10:35:55.385Z,deep_scan,20260801073922_MT4-AP1-26-56,30,56,0,8,T343,AA7460,0,47
2026-08-01T10:35:55.385Z,deep_scan,20260801073922_MT4-AP1-26-56,30,56,0,13,M92,AA2619,1,24
2026-08-01T10:35:55.385Z,deep_scan,20260801073922_MT4-AP1-26-56,30,56,0,15,M61/2,AA2314,0,49
2026-08-01T10:35:55.385Z,deep_scan,20260801073922_MT4-AP1-26-56,30,56,0,21,T380,AA7406,1,27
2026-08-01T10:36:25.407Z,deep_scan,20260801073922_MT4-AP1-26-56,30,56,0,0,C690/6,AA7359,1,28
2026-08-01T10:36:25.407Z,deep_scan,20260801073922_MT4-AP1-26-56,30,56,0,7,T408/6,AA7402,0,23
2026-08-01T10:36:25.407Z,deep_scan,20260801073922_MT4-AP1-26-56,30,56,0,8,T343,AA7460,0,50
2026-08-01T10:36:25.407Z,deep_scan,20260801073922_MT4-AP1-26-56,30,56,0,13,M92,AA2619,1,24
2026-08-01T10:36:25.407Z,deep_scan,20260801073922_MT4-AP1-26-56,30,56,0,15,M61/2,AA2314,0,47
2026-08-01T10:36:25.407Z,deep_scan,20260801073922_MT4-AP1-26-56,30,56,0,21,T380,AA7406,1,4
2026-08-01T10:36:55.378Z,deep_scan,20260801073922_MT4-AP1-26-56,30,56,0,0,C690/6,AA7359,0,28
2026-08-01T10:36:55.378Z,deep_scan,20260801073922_MT4-AP1-26-56,30,56,0,7,T408/6,AA7402,0,42
2026-08-01T10:36:55.378Z,deep_scan,20260801073922_MT4-AP1-26-56,30,56,0,8,T343,AA7460,0,38
2026-08-01T10:36:55.378Z,deep_scan,20260801073922_MT4-AP1-26-56,30,56,0,13,M92,AA2619,0,13
2026-08-01T10:36:55.378Z,deep_scan,20260801073922_MT4-AP1-26-56,30,56,0,15,M61/2,AA2314,0,47
2026-08-01T10:36:55.378Z,deep_scan,20260801073922_MT4-AP1-26-56,30,56,0,22,T379,AA7406,1,22
2026-08-01T10:37:25.439Z,deep_scan,20260801073922_MT4-AP1-26-56,30,56,0,0,C690/6,AA7359,0,28
2026-08-01T10:37:25.439Z,deep_scan,20260801073922_MT4-AP1-26-56,30,56,0,7,T408/6,AA7402,0,32
2026-08-01T10:37:25.439Z,deep_scan,20260801073922_MT4-AP1-26-56,30,56,0,9,M239/1,AA7460,1,40
2026-08-01T10:37:25.439Z,deep_scan,20260801073922_MT4-AP1-26-56,30,56,0,13,M92,AA2619,0,13
2026-08-01T10:37:25.439Z,deep_scan,20260801073922_MT4-AP1-26-56,30,56,0,15,M61/2,AA2314,0,48
2026-08-01T10:37:25.439Z,deep_scan,20260801073922_MT4-AP1-26-56,30,56,0,22,T379,AA7406,0,18
2026-08-01T10:37:55.438Z,deep_scan,20260801073922_MT4-AP1-26-56,30,56,0,1,C689/2,AA7359,1,28
2026-08-01T10:37:55.438Z,deep_scan,20260801073922_MT4-AP1-26-56,30,56,0,8,T343,AA7402,1,30
2026-08-01T10:37:55.438Z,deep_scan,20260801073922_MT4-AP1-26-56,30,56,0,9,M239/1,AA7460,1,8
2026-08-01T10:37:55.438Z,deep_scan,20260801073922_MT4-AP1-26-56,30,56,0,13,M92,AA2619,0,13
2026-08-01T10:37:55.438Z,deep_scan,20260801073922_MT4-AP1-26-56,30,56,0,16,T342,AA2314,1,14
2026-08-01T10:37:55.438Z,deep_scan,20260801073922_MT4-AP1-26-56,30,56,0,22,T379,AA7406,0,4
2026-08-01T10:38:25.424Z,deep_scan,20260801073922_MT4-AP1-26-56,30,56,0,1,C689/2,AA7359,1,28
2026-08-01T10:38:25.424Z,deep_scan,20260801073922_MT4-AP1-26-56,30,56,0,8,T343,AA7402,0,43
2026-08-01T10:38:25.424Z,deep_scan,20260801073922_MT4-AP1-26-56,30,56,0,9,M239/1,AA7460,0,45
2026-08-01T10:38:25.424Z,deep_scan,20260801073922_MT4-AP1-26-56,30,56,0,13,M92,AA2619,0,29
2026-08-01T10:38:25.424Z,deep_scan,20260801073922_MT4-AP1-26-56,30,56,0,16,T342,AA2314,1,31
2026-08-01T10:38:25.424Z,deep_scan,20260801073922_MT4-AP1-26-56,30,56,0,22,T379,AA7406,0,39
2026-08-01T10:38:55.445Z,deep_scan,20260801073922_MT4-AP1-26-56,30,56,0,1,C689/2,AA7359,0,28
2026-08-01T10:38:55.445Z,deep_scan,20260801073922_MT4-AP1-26-56,30,56,0,8,T343,AA7402,0,38
2026-08-01T10:38:55.445Z,deep_scan,20260801073922_MT4-AP1-26-56,30,56,0,10,M254,AA7460,1,3
2026-08-01T10:38:55.445Z,deep_scan,20260801073922_MT4-AP1-26-56,30,56,0,14,M272,AA2619,1,22
2026-08-01T10:38:55.445Z,deep_scan,20260801073922_MT4-AP1-26-56,30,56,0,16,T342,AA2314,0,46
2026-08-01T10:38:55.445Z,deep_scan,20260801073922_MT4-AP1-26-56,30,56,0,22,T379,AA7406,0,28
2026-08-01T10:39:25.457Z,deep_scan,20260801073922_MT4-AP1-26-56,30,56,0,1,C689/2,AA7359,0,28
2026-08-01T10:39:25.457Z,deep_scan,20260801073922_MT4-AP1-26-56,30,56,0,8,T343,AA7402,0,47
2026-08-01T10:39:25.457Z,deep_scan,20260801073922_MT4-AP1-26-56,30,56,0,10,M254,AA7460,0,26
2026-08-01T10:39:25.457Z,deep_scan,20260801073922_MT4-AP1-26-56,30,56,0,14,M272,AA2619,1,22
2026-08-01T10:39:25.457Z,deep_scan,20260801073922_MT4-AP1-26-56,30,56,0,17,T409,AA2314,1,9
2026-08-01T10:39:25.457Z,deep_scan,20260801073922_MT4-AP1-26-56,30,56,0,22,T379,AA7406,0,36
2026-08-01T10:39:55.441Z,deep_scan,20260801073922_MT4-AP1-26-56,30,56,0,1,C689/2,AA7359,0,28
2026-08-01T10:39:55.441Z,deep_scan,20260801073922_MT4-AP1-26-56,30,56,0,8,T343,AA7402,0,47
2026-08-01T10:39:55.441Z,deep_scan,20260801073922_MT4-AP1-26-56,30,56,0,10,M254,AA7460,0,6
2026-08-01T10:39:55.441Z,deep_scan,20260801073922_MT4-AP1-26-56,30,56,0,14,M272,AA2619,0,23
2026-08-01T10:39:55.441Z,deep_scan,20260801073922_MT4-AP1-26-56,30,56,0,17,T409,AA2314,0,11
2026-08-01T10:39:55.441Z,deep_scan,20260801073922_MT4-AP1-26-56,30,56,0,22,T379,AA7406,0,41
2026-08-01T10:40:25.483Z,deep_scan,20260801073922_MT4-AP1-26-56,30,56,0,1,C689/2,AA7359,0,23
2026-08-01T10:40:25.483Z,deep_scan,20260801073922_MT4-AP1-26-56,30,56,0,8,T343,AA7402,0,42
2026-08-01T10:40:25.483Z,deep_scan,20260801073922_MT4-AP1-26-56,30,56,0,10,M254,AA7460,0,14
2026-08-01T10:40:25.483Z,deep_scan,20260801073922_MT4-AP1-26-56,30,56,0,14,M272,AA2619,0,2
2026-08-01T10:40:25.483Z,deep_scan,20260801073922_MT4-AP1-26-56,30,56,0,17,T409,AA2314,0,27
2026-08-01T10:40:25.483Z,deep_scan,20260801073922_MT4-AP1-26-56,30,56,0,22,T379,AA7406,0,13
2026-08-01T10:40:55.444Z,deep_scan,20260801073922_MT4-AP1-26-56,30,56,0,1,C689/2,AA7359,0,47
2026-08-01T10:40:55.444Z,deep_scan,20260801073922_MT4-AP1-26-56,30,56,0,8,T343,AA7402,0,38
2026-08-01T10:40:55.444Z,deep_scan,20260801073922_MT4-AP1-26-56,30,56,0,10,M254,AA7460,0,23
2026-08-01T10:40:55.444Z,deep_scan,20260801073922_MT4-AP1-26-56,30,56,0,14,M272,AA2619,0,35
2026-08-01T10:40:55.444Z,deep_scan,20260801073922_MT4-AP1-26-56,30,56,0,18,T313,AA2314,1,8
2026-08-01T10:40:55.444Z,deep_scan,20260801073922_MT4-AP1-26-56,30,56,0,23,C688/2,AA7406,1,13
2026-08-01T10:41:25.512Z,deep_scan,20260801073922_MT4-AP1-26-56,30,56,0,1,C689/2,AA7359,0,35
2026-08-01T10:41:25.512Z,deep_scan,20260801073922_MT4-AP1-26-56,30,56,0,8,T343,AA7402,0,50
2026-08-01T10:41:25.512Z,deep_scan,20260801073922_MT4-AP1-26-56,30,56,0,10,M254,AA7460,0,23
2026-08-01T10:41:25.512Z,deep_scan,20260801073922_MT4-AP1-26-56,30,56,0,14,M272,AA2619,0,19
2026-08-01T10:41:25.512Z,deep_scan,20260801073922_MT4-AP1-26-56,30,56,0,19,T315,AA2314,1,45
2026-08-01T10:41:25.512Z,deep_scan,20260801073922_MT4-AP1-26-56,30,56,0,23,C688/2,AA7406,0,13
2026-08-01T10:41:55.471Z,deep_scan,20260801073922_MT4-AP1-26-56,30,56,0,1,C689/2,AA7359,0,32
2026-08-01T10:41:55.471Z,deep_scan,20260801073922_MT4-AP1-26-56,30,56,0,8,T343,AA7402,0,47
2026-08-01T10:41:55.471Z,deep_scan,20260801073922_MT4-AP1-26-56,30,56,0,10,M254,AA7460,0,11
2026-08-01T10:41:55.471Z,deep_scan,20260801073922_MT4-AP1-26-56,30,56,0,14,M272,AA2619,0,17
2026-08-01T10:41:55.471Z,deep_scan,20260801073922_MT4-AP1-26-56,30,56,0,19,T315,AA2314,1,26
2026-08-01T10:41:55.471Z,deep_scan,20260801073922_MT4-AP1-26-56,30,56,0,24,C690/6,AA7406,1,0
2026-08-01T10:42:25.522Z,deep_scan,20260801073922_MT4-AP1-26-56,30,56,0,2,T360,AA7359,1,21
2026-08-01T10:42:25.522Z,deep_scan,20260801073922_MT4-AP1-26-56,30,56,0,8,T343,AA7402,0,29
2026-08-01T10:42:25.522Z,deep_scan,20260801073922_MT4-AP1-26-56,30,56,0,11,M117,AA7460,0,47
2026-08-01T10:42:25.522Z,deep_scan,20260801073922_MT4-AP1-26-56,30,56,0,15,M61/2,AA2619,1,21
2026-08-01T10:42:25.522Z,deep_scan,20260801073922_MT4-AP1-26-56,30,56,0,19,T315,AA2314,1,26
2026-08-01T10:42:25.522Z,deep_scan,20260801073922_MT4-AP1-26-56,30,56,0,24,C690/6,AA7406,1,0
2026-08-01T10:42:55.507Z,deep_scan,20260801073922_MT4-AP1-26-56,30,56,0,2,T360,AA7359,0,21
2026-08-01T10:42:55.507Z,deep_scan,20260801073922_MT4-AP1-26-56,30,56,0,8,T343,AA7402,0,38
2026-08-01T10:42:55.507Z,deep_scan,20260801073922_MT4-AP1-26-56,30,56,0,12,M155,AA7460,1,23
2026-08-01T10:42:55.507Z,deep_scan,20260801073922_MT4-AP1-26-56,30,56,0,15,M61/2,AA2619,1,16
2026-08-01T10:42:55.507Z,deep_scan,20260801073922_MT4-AP1-26-56,30,56,0,19,T315,AA2314,1,15
2026-08-01T10:42:55.507Z,deep_scan,20260801073922_MT4-AP1-26-56,30,56,0,24,C690/6,AA7406,1,0
2026-08-01T10:43:25.481Z,deep_scan,20260801073922_MT4-AP1-26-56,30,56,0,2,T360,AA7359,0,8
2026-08-01T10:43:25.481Z,deep_scan,20260801073922_MT4-AP1-26-56,30,56,0,8,T343,AA7402,0,46
2026-08-01T10:43:25.481Z,deep_scan,20260801073922_MT4-AP1-26-56,30,56,0,12,M155,AA7460,1,15
2026-08-01T10:43:25.481Z,deep_scan,20260801073922_MT4-AP1-26-56,30,56,0,15,M61/2,AA2619,0,20
2026-08-01T10:43:25.481Z,deep_scan,20260801073922_MT4-AP1-26-56,30,56,0,19,T315,AA2314,0,28
2026-08-01T10:43:25.481Z,deep_scan,20260801073922_MT4-AP1-26-56,30,56,0,24,C690/6,AA7406,1,0
2026-08-01T10:43:55.546Z,deep_scan,20260801073922_MT4-AP1-26-56,30,56,0,2,T360,AA7359,0,34
2026-08-01T10:43:55.546Z,deep_scan,20260801073922_MT4-AP1-26-56,30,56,0,8,T343,AA7402,0,47
2026-08-01T10:43:55.546Z,deep_scan,20260801073922_MT4-AP1-26-56,30,56,0,12,M155,AA7460,0,39
2026-08-01T10:43:55.546Z,deep_scan,20260801073922_MT4-AP1-26-56,30,56,0,15,M61/2,AA2619,0,3
2026-08-01T10:43:55.546Z,deep_scan,20260801073922_MT4-AP1-26-56,30,56,0,19,T315,AA2314,0,31
2026-08-01T10:43:55.546Z,deep_scan,20260801073922_MT4-AP1-26-56,30,56,0,24,C690/6,AA7406,1,0
2026-08-01T10:44:25.508Z,deep_scan,20260801073922_MT4-AP1-26-56,30,56,0,3,T376/2,AA7359,1,25
2026-08-01T10:44:25.508Z,deep_scan,20260801073922_MT4-AP1-26-56,30,56,0,8,T343,AA7402,0,45
2026-08-01T10:44:25.508Z,deep_scan,20260801073922_MT4-AP1-26-56,30,56,0,12,M155,AA7460,0,41
2026-08-01T10:44:25.508Z,deep_scan,20260801073922_MT4-AP1-26-56,30,56,0,15,M61/2,AA2619,0,3
2026-08-01T10:44:25.508Z,deep_scan,20260801073922_MT4-AP1-26-56,30,56,0,19,T315,AA2314,0,5
2026-08-01T10:44:25.508Z,deep_scan,20260801073922_MT4-AP1-26-56,30,56,0,24,C690/6,AA7406,1,0
2026-08-01T10:44:55.551Z,deep_scan,20260801073922_MT4-AP1-26-56,30,56,0,3,T376/2,AA7359,1,25
2026-08-01T10:44:55.551Z,deep_scan,20260801073922_MT4-AP1-26-56,30,56,0,8,T343,AA7402,0,45
2026-08-01T10:44:55.551Z,deep_scan,20260801073922_MT4-AP1-26-56,30,56,0,12,M155,AA7460,0,41
2026-08-01T10:44:55.551Z,deep_scan,20260801073922_MT4-AP1-26-56,30,56,0,15,M61/2,AA2619,0,35
2026-08-01T10:44:55.551Z,deep_scan,20260801073922_MT4-AP1-26-56,30,56,0,20,T375,AA2314,1,25
2026-08-01T10:44:55.551Z,deep_scan,20260801073922_MT4-AP1-26-56,30,56,0,24,C690/6,AA7406,1,0
2026-08-01T10:45:25.518Z,deep_scan,20260801073922_MT4-AP1-26-56,30,56,0,3,T376/2,AA7359,1,25
2026-08-01T10:45:25.518Z,deep_scan,20260801073922_MT4-AP1-26-56,30,56,0,8,T343,AA7402,0,48
2026-08-01T10:45:25.518Z,deep_scan,20260801073922_MT4-AP1-26-56,30,56,0,12,M155,AA7460,0,25
2026-08-01T10:45:25.518Z,deep_scan,20260801073922_MT4-AP1-26-56,30,56,0,15,M61/2,AA2619,0,37
2026-08-01T10:45:25.518Z,deep_scan,20260801073922_MT4-AP1-26-56,30,56,0,20,T375,AA2314,1,1
2026-08-01T10:45:25.518Z,deep_scan,20260801073922_MT4-AP1-26-56,30,56,0,24,C690/6,AA7406,1,0
2026-08-01T10:45:55.593Z,deep_scan,20260801073922_MT4-AP1-26-56,30,56,0,3,T376/2,AA7359,0,22
2026-08-01T10:45:55.593Z,deep_scan,20260801073922_MT4-AP1-26-56,30,56,0,8,T343,AA7402,0,44
2026-08-01T10:45:55.593Z,deep_scan,20260801073922_MT4-AP1-26-56,30,56,0,12,M155,AA7460,0,4
2026-08-01T10:45:55.593Z,deep_scan,20260801073922_MT4-AP1-26-56,30,56,0,15,M61/2,AA2619,0,27
2026-08-01T10:45:55.593Z,deep_scan,20260801073922_MT4-AP1-26-56,30,56,0,20,T375,AA2314,1,1
2026-08-01T10:45:55.593Z,deep_scan,20260801073922_MT4-AP1-26-56,30,56,0,24,C690/6,AA7406,1,0
2026-08-01T10:46:25.558Z,deep_scan,20260801073922_MT4-AP1-26-56,30,56,0,3,T376/2,AA7359,0,22
2026-08-01T10:46:25.558Z,deep_scan,20260801073922_MT4-AP1-26-56,30,56,0,8,T343,AA7402,0,49
2026-08-01T10:46:25.558Z,deep_scan,20260801073922_MT4-AP1-26-56,30,56,0,12,M155,AA7460,0,1
2026-08-01T10:46:25.558Z,deep_scan,20260801073922_MT4-AP1-26-56,30,56,0,15,M61/2,AA2619,0,48
2026-08-01T10:46:25.558Z,deep_scan,20260801073922_MT4-AP1-26-56,30,56,0,20,T375,AA2314,0,28
2026-08-01T10:46:55.562Z,deep_scan,20260801073922_MT4-AP1-26-56,30,56,0,3,T376/2,AA7359,0,22
2026-08-01T10:46:55.562Z,deep_scan,20260801073922_MT4-AP1-26-56,30,56,0,8,T343,AA7402,0,47
2026-08-01T10:46:55.562Z,deep_scan,20260801073922_MT4-AP1-26-56,30,56,0,12,M155,AA7460,0,1
2026-08-01T10:46:55.562Z,deep_scan,20260801073922_MT4-AP1-26-56,30,56,0,15,M61/2,AA2619,0,39
2026-08-01T10:46:55.562Z,deep_scan,20260801073922_MT4-AP1-26-56,30,56,0,20,T375,AA2314,0,28
2026-08-01T10:47:25.572Z,deep_scan,20260801073922_MT4-AP1-26-56,30,56,0,3,T376/2,AA7359,0,31
2026-08-01T10:47:25.572Z,deep_scan,20260801073922_MT4-AP1-26-56,30,56,0,8,T343,AA7402,0,48
2026-08-01T10:47:25.572Z,deep_scan,20260801073922_MT4-AP1-26-56,30,56,0,12,M155,AA7460,0,1
2026-08-01T10:47:25.572Z,deep_scan,20260801073922_MT4-AP1-26-56,30,56,0,15,M61/2,AA2619,0,26
2026-08-01T10:47:25.572Z,deep_scan,20260801073922_MT4-AP1-26-56,30,56,0,20,T375,AA2314,0,4
2026-08-01T10:47:55.580Z,deep_scan,20260801073922_MT4-AP1-26-56,30,56,0,4,T363/2,AA7359,1,13
2026-08-01T10:47:55.580Z,deep_scan,20260801073922_MT4-AP1-26-56,30,56,0,8,T343,AA7402,0,10
2026-08-01T10:47:55.580Z,deep_scan,20260801073922_MT4-AP1-26-56,30,56,0,12,M155,AA7460,0,6
2026-08-01T10:47:55.580Z,deep_scan,20260801073922_MT4-AP1-26-56,30,56,0,15,M61/2,AA2619,0,44
2026-08-01T10:47:55.580Z,deep_scan,20260801073922_MT4-AP1-26-56,30,56,0,21,T380,AA2314,1,1
2026-08-01T10:48:25.565Z,deep_scan,20260801073922_MT4-AP1-26-56,30,56,0,4,T363/2,AA7359,1,13
2026-08-01T10:48:25.565Z,deep_scan,20260801073922_MT4-AP1-26-56,30,56,0,8,T343,AA7402,0,32
2026-08-01T10:48:25.565Z,deep_scan,20260801073922_MT4-AP1-26-56,30,56,0,12,M155,AA7460,0,6
2026-08-01T10:48:25.565Z,deep_scan,20260801073922_MT4-AP1-26-56,30,56,0,15,M61/2,AA2619,0,43
2026-08-01T10:48:25.565Z,deep_scan,20260801073922_MT4-AP1-26-56,30,56,0,21,T380,AA2314,0,1
2026-08-01T10:48:55.630Z,deep_scan,20260801073922_MT4-AP1-26-56,30,56,0,4,T363/2,AA7359,1,7
2026-08-01T10:48:55.630Z,deep_scan,20260801073922_MT4-AP1-26-56,30,56,0,9,M239/1,AA7402,1,7
2026-08-01T10:48:55.630Z,deep_scan,20260801073922_MT4-AP1-26-56,30,56,0,12,M155,AA7460,0,6
2026-08-01T10:48:55.630Z,deep_scan,20260801073922_MT4-AP1-26-56,30,56,0,15,M61/2,AA2619,0,49
2026-08-01T10:48:55.630Z,deep_scan,20260801073922_MT4-AP1-26-56,30,56,0,22,T379,AA2314,1,14
2026-08-01T10:49:25.599Z,deep_scan,20260801073922_MT4-AP1-26-56,30,56,0,4,T363/2,AA7359,0,10
2026-08-01T10:49:25.599Z,deep_scan,20260801073922_MT4-AP1-26-56,30,56,0,9,M239/1,AA7402,1,7
2026-08-01T10:49:25.599Z,deep_scan,20260801073922_MT4-AP1-26-56,30,56,0,12,M155,AA7460,0,12
2026-08-01T10:49:25.599Z,deep_scan,20260801073922_MT4-AP1-26-56,30,56,0,15,M61/2,AA2619,0,38
2026-08-01T10:49:25.599Z,deep_scan,20260801073922_MT4-AP1-26-56,30,56,0,22,T379,AA2314,0,44
2026-08-01T10:49:55.609Z,deep_scan,20260801073922_MT4-AP1-26-56,30,56,0,4,T363/2,AA7359,0,19
2026-08-01T10:49:55.609Z,deep_scan,20260801073922_MT4-AP1-26-56,30,56,0,9,M239/1,AA7402,1,1
2026-08-01T10:49:55.609Z,deep_scan,20260801073922_MT4-AP1-26-56,30,56,0,12,M155,AA7460,0,3
2026-08-01T10:49:55.609Z,deep_scan,20260801073922_MT4-AP1-26-56,30,56,0,15,M61/2,AA2619,0,45
2026-08-01T10:49:55.609Z,deep_scan,20260801073922_MT4-AP1-26-56,30,56,0,22,T379,AA2314,0,5
2026-08-01T10:50:25.662Z,deep_scan,20260801073922_MT4-AP1-26-56,30,56,0,5,T306,AA7359,1,20
2026-08-01T10:50:25.662Z,deep_scan,20260801073922_MT4-AP1-26-56,30,56,0,9,M239/1,AA7402,0,40
2026-08-01T10:50:25.662Z,deep_scan,20260801073922_MT4-AP1-26-56,30,56,0,12,M155,AA7460,0,3
2026-08-01T10:50:25.662Z,deep_scan,20260801073922_MT4-AP1-26-56,30,56,0,15,M61/2,AA2619,0,46
2026-08-01T10:50:25.662Z,deep_scan,20260801073922_MT4-AP1-26-56,30,56,0,22,T379,AA2314,0,28
2026-08-01T10:50:55.624Z,deep_scan,20260801073922_MT4-AP1-26-56,30,56,0,5,T306,AA7359,1,11
2026-08-01T10:50:55.624Z,deep_scan,20260801073922_MT4-AP1-26-56,30,56,0,10,M254,AA7402,1,27
2026-08-01T10:50:55.624Z,deep_scan,20260801073922_MT4-AP1-26-56,30,56,0,12,M155,AA7460,0,10
2026-08-01T10:50:55.624Z,deep_scan,20260801073922_MT4-AP1-26-56,30,56,0,15,M61/2,AA2619,0,47
2026-08-01T10:50:55.624Z,deep_scan,20260801073922_MT4-AP1-26-56,30,56,0,22,T379,AA2314,0,41
2026-08-01T10:51:25.666Z,deep_scan,20260801073922_MT4-AP1-26-56,30,56,0,5,T306,AA7359,0,23
2026-08-01T10:51:25.666Z,deep_scan,20260801073922_MT4-AP1-26-56,30,56,0,10,M254,AA7402,1,14
2026-08-01T10:51:25.666Z,deep_scan,20260801073922_MT4-AP1-26-56,30,56,0,12,M155,AA7460,0,12
2026-08-01T10:51:25.666Z,deep_scan,20260801073922_MT4-AP1-26-56,30,56,0,15,M61/2,AA2619,0,48
2026-08-01T10:51:25.666Z,deep_scan,20260801073922_MT4-AP1-26-56,30,56,0,22,T379,AA2314,0,48
2026-08-01T10:51:55.785Z,deep_scan,20260801073922_MT4-AP1-26-56,30,56,0,5,T306,AA7359,0,17
2026-08-01T10:51:55.785Z,deep_scan,20260801073922_MT4-AP1-26-56,30,56,0,10,M254,AA7402,0,30
2026-08-01T10:51:55.785Z,deep_scan,20260801073922_MT4-AP1-26-56,30,56,0,12,M155,AA7460,0,3
2026-08-01T10:51:55.785Z,deep_scan,20260801073922_MT4-AP1-26-56,30,56,0,15,M61/2,AA2619,0,41
2026-08-01T10:51:55.785Z,deep_scan,20260801073922_MT4-AP1-26-56,30,56,0,22,T379,AA2314,0,21
2026-08-01T10:52:25.663Z,deep_scan,20260801073922_MT4-AP1-26-56,30,56,0,0,C690/6,AA7406,1,13
2026-08-01T10:52:25.663Z,deep_scan,20260801073922_MT4-AP1-26-56,30,56,0,6,T314/2,AA7359,1,5
2026-08-01T10:52:25.663Z,deep_scan,20260801073922_MT4-AP1-26-56,30,56,0,10,M254,AA7402,0,16
2026-08-01T10:52:25.663Z,deep_scan,20260801073922_MT4-AP1-26-56,30,56,0,12,M155,AA7460,0,3
2026-08-01T10:52:25.663Z,deep_scan,20260801073922_MT4-AP1-26-56,30,56,0,15,M61/2,AA2619,0,46
2026-08-01T10:52:25.663Z,deep_scan,20260801073922_MT4-AP1-26-56,30,56,0,23,C688/2,AA2314,0,21
2026-08-01T10:52:55.691Z,deep_scan,20260801073922_MT4-AP1-26-56,30,56,0,0,C690/6,AA7406,1,13
2026-08-01T10:52:55.691Z,deep_scan,20260801073922_MT4-AP1-26-56,30,56,0,6,T314/2,AA7359,1,10
2026-08-01T10:52:55.691Z,deep_scan,20260801073922_MT4-AP1-26-56,30,56,0,11,M117,AA7402,1,19
2026-08-01T10:52:55.691Z,deep_scan,20260801073922_MT4-AP1-26-56,30,56,0,13,M92,AA7460,1,11
2026-08-01T10:52:55.691Z,deep_scan,20260801073922_MT4-AP1-26-56,30,56,0,16,T342,AA2619,1,36
2026-08-01T10:52:55.691Z,deep_scan,20260801073922_MT4-AP1-26-56,30,56,0,23,C688/2,AA2314,0,21
2026-08-01T10:53:25.665Z,deep_scan,20260801073922_MT4-AP1-26-56,30,56,0,1,C689/2,AA7406,1,13
2026-08-01T10:53:25.665Z,deep_scan,20260801073922_MT4-AP1-26-56,30,56,0,6,T314/2,AA7359,1,4
2026-08-01T10:53:25.665Z,deep_scan,20260801073922_MT4-AP1-26-56,30,56,0,11,M117,AA7402,0,42
2026-08-01T10:53:25.665Z,deep_scan,20260801073922_MT4-AP1-26-56,30,56,0,13,M92,AA7460,1,3
2026-08-01T10:53:25.665Z,deep_scan,20260801073922_MT4-AP1-26-56,30,56,0,16,T342,AA2619,0,20
2026-08-01T10:53:25.665Z,deep_scan,20260801073922_MT4-AP1-26-56,30,56,0,23,C688/2,AA2314,0,21
2026-08-01T10:53:55.645Z,deep_scan,20260801073922_MT4-AP1-26-56,30,56,0,1,C689/2,AA7406,1,13
2026-08-01T10:53:55.645Z,deep_scan,20260801073922_MT4-AP1-26-56,30,56,0,6,T314/2,AA7359,1,15
2026-08-01T10:53:55.645Z,deep_scan,20260801073922_MT4-AP1-26-56,30,56,0,12,M155,AA7402,1,22
2026-08-01T10:53:55.645Z,deep_scan,20260801073922_MT4-AP1-26-56,30,56,0,13,M92,AA7460,1,3
2026-08-01T10:53:55.645Z,deep_scan,20260801073922_MT4-AP1-26-56,30,56,0,16,T342,AA2619,0,45
2026-08-01T10:53:55.645Z,deep_scan,20260801073922_MT4-AP1-26-56,30,56,0,24,C690/6,AA2314,1,0
2026-08-01T10:54:25.684Z,deep_scan,20260801073922_MT4-AP1-26-56,30,56,0,1,C689/2,AA7406,1,13
2026-08-01T10:54:25.684Z,deep_scan,20260801073922_MT4-AP1-26-56,30,56,0,6,T314/2,AA7359,0,17
2026-08-01T10:54:25.684Z,deep_scan,20260801073922_MT4-AP1-26-56,30,56,0,12,M155,AA7402,0,31
2026-08-01T10:54:25.684Z,deep_scan,20260801073922_MT4-AP1-26-56,30,56,0,13,M92,AA7460,1,2
2026-08-01T10:54:25.684Z,deep_scan,20260801073922_MT4-AP1-26-56,30,56,0,16,T342,AA2619,0,10
2026-08-01T10:54:25.684Z,deep_scan,20260801073922_MT4-AP1-26-56,30,56,0,24,C690/6,AA2314,1,0
2026-08-01T10:54:55.709Z,deep_scan,20260801073922_MT4-AP1-26-56,30,56,0,1,C689/2,AA7406,0,28
2026-08-01T10:54:55.709Z,deep_scan,20260801073922_MT4-AP1-26-56,30,56,0,6,T314/2,AA7359,0,16
2026-08-01T10:54:55.709Z,deep_scan,20260801073922_MT4-AP1-26-56,30,56,0,12,M155,AA7402,0,36
2026-08-01T10:54:55.709Z,deep_scan,20260801073922_MT4-AP1-26-56,30,56,0,13,M92,AA7460,0,7
2026-08-01T10:54:55.709Z,deep_scan,20260801073922_MT4-AP1-26-56,30,56,0,17,T409,AA2619,1,3
2026-08-01T10:54:55.709Z,deep_scan,20260801073922_MT4-AP1-26-56,30,56,0,24,C690/6,AA2314,1,0
2026-08-01T10:55:25.697Z,deep_scan,20260801073922_MT4-AP1-26-56,30,56,0,1,C689/2,AA7406,0,44
2026-08-01T10:55:25.697Z,deep_scan,20260801073922_MT4-AP1-26-56,30,56,0,7,T408/6,AA7359,1,7
2026-08-01T10:55:25.697Z,deep_scan,20260801073922_MT4-AP1-26-56,30,56,0,12,M155,AA7402,0,43
2026-08-01T10:55:25.697Z,deep_scan,20260801073922_MT4-AP1-26-56,30,56,0,13,M92,AA7460,0,7
2026-08-01T10:55:25.697Z,deep_scan,20260801073922_MT4-AP1-26-56,30,56,0,17,T409,AA2619,0,29
2026-08-01T10:55:25.697Z,deep_scan,20260801073922_MT4-AP1-26-56,30,56,0,24,C690/6,AA2314,1,0
2026-08-01T10:55:55.738Z,deep_scan,20260801073922_MT4-AP1-26-56,30,56,0,1,C689/2,AA7406,0,31
2026-08-01T10:55:55.738Z,deep_scan,20260801073922_MT4-AP1-26-56,30,56,0,7,T408/6,AA7359,0,7
2026-08-01T10:55:55.738Z,deep_scan,20260801073922_MT4-AP1-26-56,30,56,0,12,M155,AA7402,0,37
2026-08-01T10:55:55.738Z,deep_scan,20260801073922_MT4-AP1-26-56,30,56,0,13,M92,AA7460,0,7
2026-08-01T10:55:55.738Z,deep_scan,20260801073922_MT4-AP1-26-56,30,56,0,18,T313,AA2619,1,21
2026-08-01T10:55:55.738Z,deep_scan,20260801073922_MT4-AP1-26-56,30,56,0,24,C690/6,AA2314,1,0
2026-08-01T10:56:25.720Z,deep_scan,20260801073922_MT4-AP1-26-56,30,56,0,1,C689/2,AA7406,0,43
2026-08-01T10:56:25.720Z,deep_scan,20260801073922_MT4-AP1-26-56,30,56,0,7,T408/6,AA7359,0,2
2026-08-01T10:56:25.720Z,deep_scan,20260801073922_MT4-AP1-26-56,30,56,0,12,M155,AA7402,0,35
2026-08-01T10:56:25.720Z,deep_scan,20260801073922_MT4-AP1-26-56,30,56,0,13,M92,AA7460,0,17
2026-08-01T10:56:25.720Z,deep_scan,20260801073922_MT4-AP1-26-56,30,56,0,18,T313,AA2619,1,1
2026-08-01T10:56:25.720Z,deep_scan,20260801073922_MT4-AP1-26-56,30,56,0,24,C690/6,AA2314,1,0
2026-08-01T10:56:55.737Z,deep_scan,20260801073922_MT4-AP1-26-56,30,56,0,2,T360,AA7406,1,19
2026-08-01T10:56:55.737Z,deep_scan,20260801073922_MT4-AP1-26-56,30,56,0,7,T408/6,AA7359,0,30
2026-08-01T10:56:55.737Z,deep_scan,20260801073922_MT4-AP1-26-56,30,56,0,12,M155,AA7402,0,14
2026-08-01T10:56:55.737Z,deep_scan,20260801073922_MT4-AP1-26-56,30,56,0,14,M272,AA7460,1,13
2026-08-01T10:56:55.737Z,deep_scan,20260801073922_MT4-AP1-26-56,30,56,0,19,T315,AA2619,1,30
2026-08-01T10:56:55.737Z,deep_scan,20260801073922_MT4-AP1-26-56,30,56,0,24,C690/6,AA2314,1,0
2026-08-01T10:57:25.724Z,deep_scan,20260801073922_MT4-AP1-26-56,30,56,0,2,T360,AA7406,0,35
2026-08-01T10:57:25.724Z,deep_scan,20260801073922_MT4-AP1-26-56,30,56,0,7,T408/6,AA7359,0,3
2026-08-01T10:57:25.724Z,deep_scan,20260801073922_MT4-AP1-26-56,30,56,0,12,M155,AA7402,0,6
2026-08-01T10:57:25.724Z,deep_scan,20260801073922_MT4-AP1-26-56,30,56,0,14,M272,AA7460,1,3
2026-08-01T10:57:25.724Z,deep_scan,20260801073922_MT4-AP1-26-56,30,56,0,19,T315,AA2619,0,35
2026-08-01T10:57:25.724Z,deep_scan,20260801073922_MT4-AP1-26-56,30,56,0,24,C690/6,AA2314,1,0
2026-08-01T10:57:55.727Z,deep_scan,20260801073922_MT4-AP1-26-56,30,56,0,3,T376/2,AA7406,1,26
2026-08-01T10:57:55.727Z,deep_scan,20260801073922_MT4-AP1-26-56,30,56,0,8,T343,AA7359,1,32
2026-08-01T10:57:55.727Z,deep_scan,20260801073922_MT4-AP1-26-56,30,56,0,12,M155,AA7402,0,6
2026-08-01T10:57:55.727Z,deep_scan,20260801073922_MT4-AP1-26-56,30,56,0,14,M272,AA7460,0,21
2026-08-01T10:57:55.727Z,deep_scan,20260801073922_MT4-AP1-26-56,30,56,0,19,T315,AA2619,0,16
2026-08-01T10:57:55.727Z,deep_scan,20260801073922_MT4-AP1-26-56,30,56,0,24,C690/6,AA2314,1,0
2026-08-01T10:58:25.721Z,deep_scan,20260801073922_MT4-AP1-26-56,30,56,0,3,T376/2,AA7406,1,8
2026-08-01T10:58:25.721Z,deep_scan,20260801073922_MT4-AP1-26-56,30,56,0,8,T343,AA7359,0,21
2026-08-01T10:58:25.721Z,deep_scan,20260801073922_MT4-AP1-26-56,30,56,0,12,M155,AA7402,0,6
2026-08-01T10:58:25.721Z,deep_scan,20260801073922_MT4-AP1-26-56,30,56,0,14,M272,AA7460,0,6
2026-08-01T10:58:25.721Z,deep_scan,20260801073922_MT4-AP1-26-56,30,56,0,19,T315,AA2619,0,16
2026-08-01T10:58:55.725Z,deep_scan,20260801073922_MT4-AP1-26-56,30,56,0,3,T376/2,AA7406,1,8
2026-08-01T10:58:55.725Z,deep_scan,20260801073922_MT4-AP1-26-56,30,56,0,8,T343,AA7359,0,38
2026-08-01T10:58:55.725Z,deep_scan,20260801073922_MT4-AP1-26-56,30,56,0,12,M155,AA7402,0,6
2026-08-01T10:58:55.725Z,deep_scan,20260801073922_MT4-AP1-26-56,30,56,0,14,M272,AA7460,0,34
2026-08-01T10:58:55.725Z,deep_scan,20260801073922_MT4-AP1-26-56,30,56,0,19,T315,AA2619,0,3
2026-08-01T10:59:25.812Z,deep_scan,20260801073922_MT4-AP1-26-56,30,56,0,3,T376/2,AA7406,0,12
2026-08-01T10:59:25.812Z,deep_scan,20260801073922_MT4-AP1-26-56,30,56,0,8,T343,AA7359,0,32
2026-08-01T10:59:25.812Z,deep_scan,20260801073922_MT4-AP1-26-56,30,56,0,12,M155,AA7402,0,15
2026-08-01T10:59:25.812Z,deep_scan,20260801073922_MT4-AP1-26-56,30,56,0,14,M272,AA7460,0,1
2026-08-01T10:59:25.812Z,deep_scan,20260801073922_MT4-AP1-26-56,30,56,0,20,T375,AA2619,1,24
2026-08-01T10:59:55.774Z,deep_scan,20260801073922_MT4-AP1-26-56,30,56,0,3,T376/2,AA7406,0,2
2026-08-01T10:59:55.774Z,deep_scan,20260801073922_MT4-AP1-26-56,30,56,0,8,T343,AA7359,0,34
2026-08-01T10:59:55.774Z,deep_scan,20260801073922_MT4-AP1-26-56,30,56,0,12,M155,AA7402,0,15
2026-08-01T10:59:55.774Z,deep_scan,20260801073922_MT4-AP1-26-56,30,56,0,14,M272,AA7460,0,22
2026-08-01T10:59:55.774Z,deep_scan,20260801073922_MT4-AP1-26-56,30,56,0,20,T375,AA2619,1,12
2026-08-01T11:00:25.795Z,deep_scan,20260801073922_MT4-AP1-26-56,30,56,0,3,T376/2,AA7406,0,2
2026-08-01T11:00:25.795Z,deep_scan,20260801073922_MT4-AP1-26-56,30,56,0,8,T343,AA7359,0,33
2026-08-01T11:00:25.795Z,deep_scan,20260801073922_MT4-AP1-26-56,30,56,0,12,M155,AA7402,0,15
2026-08-01T11:00:25.795Z,deep_scan,20260801073922_MT4-AP1-26-56,30,56,0,15,M61/2,AA7460,1,29
2026-08-01T11:00:25.795Z,deep_scan,20260801073922_MT4-AP1-26-56,30,56,0,20,T375,AA2619,0,32
2026-08-01T11:00:55.801Z,deep_scan,20260801073922_MT4-AP1-26-56,30,56,0,3,T376/2,AA7406,0,2
2026-08-01T11:00:55.801Z,deep_scan,20260801073922_MT4-AP1-26-56,30,56,0,8,T343,AA7359,0,37
2026-08-01T11:00:55.801Z,deep_scan,20260801073922_MT4-AP1-26-56,30,56,0,13,M92,AA7402,1,17
2026-08-01T11:00:55.801Z,deep_scan,20260801073922_MT4-AP1-26-56,30,56,0,15,M61/2,AA7460,1,2
2026-08-01T11:00:55.801Z,deep_scan,20260801073922_MT4-AP1-26-56,30,56,0,20,T375,AA2619,0,32
2026-08-01T11:01:25.777Z,deep_scan,20260801073922_MT4-AP1-26-56,30,56,0,3,T376/2,AA7406,0,17
2026-08-01T11:01:25.777Z,deep_scan,20260801073922_MT4-AP1-26-56,30,56,0,8,T343,AA7359,0,2
2026-08-01T11:01:25.777Z,deep_scan,20260801073922_MT4-AP1-26-56,30,56,0,13,M92,AA7402,1,8
2026-08-01T11:01:25.777Z,deep_scan,20260801073922_MT4-AP1-26-56,30,56,0,15,M61/2,AA7460,0,5
2026-08-01T11:01:25.777Z,deep_scan,20260801073922_MT4-AP1-26-56,30,56,0,20,T375,AA2619,0,24
2026-08-01T11:01:55.774Z,deep_scan,20260801073922_MT4-AP1-26-56,30,56,0,4,T363/2,AA7406,1,22
2026-08-01T11:01:55.774Z,deep_scan,20260801073922_MT4-AP1-26-56,30,56,0,8,T343,AA7359,0,19
2026-08-01T11:01:55.774Z,deep_scan,20260801073922_MT4-AP1-26-56,30,56,0,13,M92,AA7402,1,8
2026-08-01T11:01:55.774Z,deep_scan,20260801073922_MT4-AP1-26-56,30,56,0,15,M61/2,AA7460,0,13
2026-08-01T11:01:55.774Z,deep_scan,20260801073922_MT4-AP1-26-56,30,56,0,21,T380,AA2619,1,29
2026-08-01T11:02:25.820Z,deep_scan,20260801073922_MT4-AP1-26-56,30,56,0,4,T363/2,AA7406,1,2
2026-08-01T11:02:25.820Z,deep_scan,20260801073922_MT4-AP1-26-56,30,56,0,8,T343,AA7359,0,27
2026-08-01T11:02:25.820Z,deep_scan,20260801073922_MT4-AP1-26-56,30,56,0,13,M92,AA7402,0,20
2026-08-01T11:02:25.820Z,deep_scan,20260801073922_MT4-AP1-26-56,30,56,0,15,M61/2,AA7460,0,37
2026-08-01T11:02:25.820Z,deep_scan,20260801073922_MT4-AP1-26-56,30,56,0,22,T379,AA2619,1,41
2026-08-01T11:02:55.841Z,deep_scan,20260801073922_MT4-AP1-26-56,30,56,0,4,T363/2,AA7406,1,2
2026-08-01T11:02:55.841Z,deep_scan,20260801073922_MT4-AP1-26-56,30,56,0,8,T343,AA7359,0,22
2026-08-01T11:02:55.841Z,deep_scan,20260801073922_MT4-AP1-26-56,30,56,0,14,M272,AA7402,1,12
2026-08-01T11:02:55.841Z,deep_scan,20260801073922_MT4-AP1-26-56,30,56,0,15,M61/2,AA7460,0,39
2026-08-01T11:02:55.841Z,deep_scan,20260801073922_MT4-AP1-26-56,30,56,0,22,T379,AA2619,1,1
2026-08-01T11:03:25.815Z,deep_scan,20260801073922_MT4-AP1-26-56,30,56,0,4,T363/2,AA7406,1,2
2026-08-01T11:03:25.815Z,deep_scan,20260801073922_MT4-AP1-26-56,30,56,0,8,T343,AA7359,0,26
2026-08-01T11:03:25.815Z,deep_scan,20260801073922_MT4-AP1-26-56,30,56,0,14,M272,AA7402,1,11
2026-08-01T11:03:25.815Z,deep_scan,20260801073922_MT4-AP1-26-56,30,56,0,15,M61/2,AA7460,0,33
2026-08-01T11:03:25.815Z,deep_scan,20260801073922_MT4-AP1-26-56,30,56,0,22,T379,AA2619,0,38
2026-08-01T11:03:55.813Z,deep_scan,20260801073922_MT4-AP1-26-56,30,56,0,4,T363/2,AA7406,1,2
2026-08-01T11:03:55.813Z,deep_scan,20260801073922_MT4-AP1-26-56,30,56,0,8,T343,AA7359,0,23
2026-08-01T11:03:55.813Z,deep_scan,20260801073922_MT4-AP1-26-56,30,56,0,14,M272,AA7402,0,8
2026-08-01T11:03:55.813Z,deep_scan,20260801073922_MT4-AP1-26-56,30,56,0,15,M61/2,AA7460,0,32
2026-08-01T11:03:55.813Z,deep_scan,20260801073922_MT4-AP1-26-56,30,56,0,22,T379,AA2619,0,24
2026-08-01T11:04:25.861Z,deep_scan,20260801073922_MT4-AP1-26-56,30,56,0,4,T363/2,AA7406,1,15
2026-08-01T11:04:25.861Z,deep_scan,20260801073922_MT4-AP1-26-56,30,56,0,8,T343,AA7359,0,38
2026-08-01T11:04:25.861Z,deep_scan,20260801073922_MT4-AP1-26-56,30,56,0,14,M272,AA7402,0,1
2026-08-01T11:04:25.861Z,deep_scan,20260801073922_MT4-AP1-26-56,30,56,0,15,M61/2,AA7460,0,45
2026-08-01T11:04:25.861Z,deep_scan,20260801073922_MT4-AP1-26-56,30,56,0,22,T379,AA2619,0,33
2026-08-01T11:04:55.839Z,deep_scan,20260801073922_MT4-AP1-26-56,30,56,0,4,T363/2,AA7406,0,20
2026-08-01T11:04:55.839Z,deep_scan,20260801073922_MT4-AP1-26-56,30,56,0,8,T343,AA7359,0,40
2026-08-01T11:04:55.839Z,deep_scan,20260801073922_MT4-AP1-26-56,30,56,0,14,M272,AA7402,0,26
2026-08-01T11:04:55.839Z,deep_scan,20260801073922_MT4-AP1-26-56,30,56,0,15,M61/2,AA7460,0,34
2026-08-01T11:04:55.839Z,deep_scan,20260801073922_MT4-AP1-26-56,30,56,0,22,T379,AA2619,0,43
2026-08-01T11:05:25.829Z,deep_scan,20260801073922_MT4-AP1-26-56,30,56,0,4,T363/2,AA7406,0,25
2026-08-01T11:05:25.829Z,deep_scan,20260801073922_MT4-AP1-26-56,30,56,0,8,T343,AA7359,0,38
2026-08-01T11:05:25.829Z,deep_scan,20260801073922_MT4-AP1-26-56,30,56,0,14,M272,AA7402,0,11
2026-08-01T11:05:25.829Z,deep_scan,20260801073922_MT4-AP1-26-56,30,56,0,15,M61/2,AA7460,0,11
2026-08-01T11:05:25.829Z,deep_scan,20260801073922_MT4-AP1-26-56,30,56,0,22,T379,AA2619,0,28
2026-08-01T11:05:55.837Z,deep_scan,20260801073922_MT4-AP1-26-56,30,56,0,4,T363/2,AA7406,0,14
2026-08-01T11:05:55.837Z,deep_scan,20260801073922_MT4-AP1-26-56,30,56,0,8,T343,AA7359,0,47
2026-08-01T11:05:55.837Z,deep_scan,20260801073922_MT4-AP1-26-56,30,56,0,14,M272,AA7402,0,11
2026-08-01T11:05:55.837Z,deep_scan,20260801073922_MT4-AP1-26-56,30,56,0,15,M61/2,AA7460,0,45
2026-08-01T11:05:55.837Z,deep_scan,20260801073922_MT4-AP1-26-56,30,56,0,22,T379,AA2619,0,18
2026-08-01T11:06:25.852Z,deep_scan,20260801073922_MT4-AP1-26-56,30,56,0,5,T306,AA7406,1,19
2026-08-01T11:06:25.852Z,deep_scan,20260801073922_MT4-AP1-26-56,30,56,0,8,T343,AA7359,0,46
2026-08-01T11:06:25.852Z,deep_scan,20260801073922_MT4-AP1-26-56,30,56,0,14,M272,AA7402,0,16
2026-08-01T11:06:25.852Z,deep_scan,20260801073922_MT4-AP1-26-56,30,56,0,15,M61/2,AA7460,0,42
2026-08-01T11:06:25.852Z,deep_scan,20260801073922_MT4-AP1-26-56,30,56,0,23,C688/2,AA2619,1,18
2026-08-01T11:06:55.852Z,deep_scan,20260801073922_MT4-AP1-26-56,30,56,0,5,T306,AA7406,1,8
2026-08-01T11:06:55.852Z,deep_scan,20260801073922_MT4-AP1-26-56,30,56,0,8,T343,AA7359,0,42
2026-08-01T11:06:55.852Z,deep_scan,20260801073922_MT4-AP1-26-56,30,56,0,15,M61/2,AA7460,0,43
2026-08-01T11:06:55.852Z,deep_scan,20260801073922_MT4-AP1-26-56,30,56,0,15,M61/2,AA7402,1,18
2026-08-01T11:06:55.852Z,deep_scan,20260801073922_MT4-AP1-26-56,30,56,0,23,C688/2,AA2619,0,18
2026-08-01T11:07:25.854Z,deep_scan,20260801073922_MT4-AP1-26-56,30,56,0,0,C690/6,AA7445,1,1
2026-08-01T11:07:25.854Z,deep_scan,20260801073922_MT4-AP1-26-56,30,56,0,5,T306,AA7406,0,34
2026-08-01T11:07:25.854Z,deep_scan,20260801073922_MT4-AP1-26-56,30,56,0,8,T343,AA7359,0,46
2026-08-01T11:07:25.854Z,deep_scan,20260801073922_MT4-AP1-26-56,30,56,0,15,M61/2,AA7460,0,43
2026-08-01T11:07:25.854Z,deep_scan,20260801073922_MT4-AP1-26-56,30,56,0,15,M61/2,AA7402,0,17
2026-08-01T11:07:25.854Z,deep_scan,20260801073922_MT4-AP1-26-56,30,56,0,23,C688/2,AA2619,0,18
2026-08-01T11:07:55.858Z,deep_scan,20260801073922_MT4-AP1-26-56,30,56,0,0,C690/6,AA7445,1,1
2026-08-01T11:07:55.858Z,deep_scan,20260801073922_MT4-AP1-26-56,30,56,0,5,T306,AA7406,0,33
2026-08-01T11:07:55.858Z,deep_scan,20260801073922_MT4-AP1-26-56,30,56,0,8,T343,AA7359,0,47
2026-08-01T11:07:55.858Z,deep_scan,20260801073922_MT4-AP1-26-56,30,56,0,15,M61/2,AA7460,0,44
2026-08-01T11:07:55.858Z,deep_scan,20260801073922_MT4-AP1-26-56,30,56,0,15,M61/2,AA7402,0,17
2026-08-01T11:07:55.858Z,deep_scan,20260801073922_MT4-AP1-26-56,30,56,0,23,C688/2,AA2619,0,18
2026-08-01T11:08:25.871Z,deep_scan,20260801073922_MT4-AP1-26-56,30,56,0,1,C689/2,AA7445,1,1
2026-08-01T11:08:25.871Z,deep_scan,20260801073922_MT4-AP1-26-56,30,56,0,6,T314/2,AA7406,1,15
2026-08-01T11:08:25.871Z,deep_scan,20260801073922_MT4-AP1-26-56,30,56,0,8,T343,AA7359,0,44
2026-08-01T11:08:25.871Z,deep_scan,20260801073922_MT4-AP1-26-56,30,56,0,15,M61/2,AA7460,0,44
2026-08-01T11:08:25.871Z,deep_scan,20260801073922_MT4-AP1-26-56,30,56,0,15,M61/2,AA7402,0,24
2026-08-01T11:08:25.871Z,deep_scan,20260801073922_MT4-AP1-26-56,30,56,0,24,C690/6,AA2619,1,0
2026-08-01T11:08:55.868Z,deep_scan,20260801073922_MT4-AP1-26-56,30,56,0,1,C689/2,AA7445,0,1
2026-08-01T11:08:55.868Z,deep_scan,20260801073922_MT4-AP1-26-56,30,56,0,6,T314/2,AA7406,1,15
2026-08-01T11:08:55.868Z,deep_scan,20260801073922_MT4-AP1-26-56,30,56,0,8,T343,AA7359,0,46
2026-08-01T11:08:55.868Z,deep_scan,20260801073922_MT4-AP1-26-56,30,56,0,15,M61/2,AA7460,0,40
2026-08-01T11:08:55.868Z,deep_scan,20260801073922_MT4-AP1-26-56,30,56,0,15,M61/2,AA7402,0,18
2026-08-01T11:08:55.868Z,deep_scan,20260801073922_MT4-AP1-26-56,30,56,0,24,C690/6,AA2619,1,0
2026-08-01T11:09:25.867Z,deep_scan,20260801073922_MT4-AP1-26-56,30,56,0,1,C689/2,AA7445,0,29
2026-08-01T11:09:25.867Z,deep_scan,20260801073922_MT4-AP1-26-56,30,56,0,6,T314/2,AA7406,0,5
2026-08-01T11:09:25.867Z,deep_scan,20260801073922_MT4-AP1-26-56,30,56,0,8,T343,AA7359,0,43
2026-08-01T11:09:25.867Z,deep_scan,20260801073922_MT4-AP1-26-56,30,56,0,15,M61/2,AA7460,0,45
2026-08-01T11:09:25.867Z,deep_scan,20260801073922_MT4-AP1-26-56,30,56,0,15,M61/2,AA7402,0,33
2026-08-01T11:09:25.867Z,deep_scan,20260801073922_MT4-AP1-26-56,30,56,0,24,C690/6,AA2619,1,0
2026-08-01T11:09:55.906Z,deep_scan,20260801073922_MT4-AP1-26-56,30,56,0,1,C689/2,AA7445,0,18
2026-08-01T11:09:55.906Z,deep_scan,20260801073922_MT4-AP1-26-56,30,56,0,6,T314/2,AA7406,0,27
2026-08-01T11:09:55.906Z,deep_scan,20260801073922_MT4-AP1-26-56,30,56,0,8,T343,AA7359,0,47
2026-08-01T11:09:55.906Z,deep_scan,20260801073922_MT4-AP1-26-56,30,56,0,15,M61/2,AA7460,0,45
2026-08-01T11:09:55.906Z,deep_scan,20260801073922_MT4-AP1-26-56,30,56,0,15,M61/2,AA7402,0,46
2026-08-01T11:09:55.906Z,deep_scan,20260801073922_MT4-AP1-26-56,30,56,0,24,C690/6,AA2619,1,0
2026-08-01T11:10:25.881Z,deep_scan,20260801073922_MT4-AP1-26-56,30,56,0,1,C689/2,AA7445,0,40
2026-08-01T11:10:25.881Z,deep_scan,20260801073922_MT4-AP1-26-56,30,56,0,6,T314/2,AA7406,0,19
2026-08-01T11:10:25.881Z,deep_scan,20260801073922_MT4-AP1-26-56,30,56,0,8,T343,AA7359,0,24
2026-08-01T11:10:25.881Z,deep_scan,20260801073922_MT4-AP1-26-56,30,56,0,15,M61/2,AA7460,0,37
2026-08-01T11:10:25.881Z,deep_scan,20260801073922_MT4-AP1-26-56,30,56,0,15,M61/2,AA7402,0,39
2026-08-01T11:10:25.881Z,deep_scan,20260801073922_MT4-AP1-26-56,30,56,0,24,C690/6,AA2619,1,0
2026-08-01T11:10:55.926Z,deep_scan,20260801073922_MT4-AP1-26-56,30,56,0,1,C689/2,AA7445,0,28
2026-08-01T11:10:55.926Z,deep_scan,20260801073922_MT4-AP1-26-56,30,56,0,7,T408/6,AA7406,1,19
2026-08-01T11:10:55.926Z,deep_scan,20260801073922_MT4-AP1-26-56,30,56,0,8,T343,AA7359,0,40
2026-08-01T11:10:55.926Z,deep_scan,20260801073922_MT4-AP1-26-56,30,56,0,15,M61/2,AA7460,0,41
2026-08-01T11:10:55.926Z,deep_scan,20260801073922_MT4-AP1-26-56,30,56,0,15,M61/2,AA7402,0,47
2026-08-01T11:10:55.926Z,deep_scan,20260801073922_MT4-AP1-26-56,30,56,0,24,C690/6,AA2619,1,0
2026-08-01T11:11:25.880Z,deep_scan,20260801073922_MT4-AP1-26-56,30,56,0,2,T360,AA7445,1,19
2026-08-01T11:11:25.880Z,deep_scan,20260801073922_MT4-AP1-26-56,30,56,0,7,T408/6,AA7406,0,15
2026-08-01T11:11:25.880Z,deep_scan,20260801073922_MT4-AP1-26-56,30,56,0,9,M239/1,AA7359,1,18
2026-08-01T11:11:25.880Z,deep_scan,20260801073922_MT4-AP1-26-56,30,56,0,15,M61/2,AA7402,0,38
2026-08-01T11:11:25.880Z,deep_scan,20260801073922_MT4-AP1-26-56,30,56,0,16,T342,AA7460,1,36
2026-08-01T11:11:25.880Z,deep_scan,20260801073922_MT4-AP1-26-56,30,56,0,24,C690/6,AA2619,1,0
2026-08-01T11:11:55.896Z,deep_scan,20260801073922_MT4-AP1-26-56,30,56,0,2,T360,AA7445,0,9
2026-08-01T11:11:55.896Z,deep_scan,20260801073922_MT4-AP1-26-56,30,56,0,7,T408/6,AA7406,0,19
2026-08-01T11:11:55.896Z,deep_scan,20260801073922_MT4-AP1-26-56,30,56,0,9,M239/1,AA7359,0,14
2026-08-01T11:11:55.896Z,deep_scan,20260801073922_MT4-AP1-26-56,30,56,0,15,M61/2,AA7402,0,34
2026-08-01T11:11:55.896Z,deep_scan,20260801073922_MT4-AP1-26-56,30,56,0,16,T342,AA7460,1,1
2026-08-01T11:11:55.896Z,deep_scan,20260801073922_MT4-AP1-26-56,30,56,0,24,C690/6,AA2619,1,0
2026-08-01T11:12:25.907Z,deep_scan,20260801073922_MT4-AP1-26-56,30,56,0,2,T360,AA7445,0,6
2026-08-01T11:12:25.907Z,deep_scan,20260801073922_MT4-AP1-26-56,30,56,0,7,T408/6,AA7406,0,35
2026-08-01T11:12:25.907Z,deep_scan,20260801073922_MT4-AP1-26-56,30,56,0,10,M254,AA7359,1,29
2026-08-01T11:12:25.907Z,deep_scan,20260801073922_MT4-AP1-26-56,30,56,0,15,M61/2,AA7402,0,43
2026-08-01T11:12:25.907Z,deep_scan,20260801073922_MT4-AP1-26-56,30,56,0,16,T342,AA7460,0,45
2026-08-01T11:12:25.907Z,deep_scan,20260801073922_MT4-AP1-26-56,30,56,0,24,C690/6,AA2619,1,0
2026-08-01T11:12:55.926Z,deep_scan,20260801073922_MT4-AP1-26-56,30,56,0,3,T376/2,AA7445,1,42
2026-08-01T11:12:55.926Z,deep_scan,20260801073922_MT4-AP1-26-56,30,56,0,7,T408/6,AA7406,0,13
2026-08-01T11:12:55.926Z,deep_scan,20260801073922_MT4-AP1-26-56,30,56,0,10,M254,AA7359,1,4
2026-08-01T11:12:55.926Z,deep_scan,20260801073922_MT4-AP1-26-56,30,56,0,15,M61/2,AA7402,0,43
2026-08-01T11:12:55.926Z,deep_scan,20260801073922_MT4-AP1-26-56,30,56,0,17,T409,AA7460,1,7
2026-08-01T11:13:25.933Z,deep_scan,20260801073922_MT4-AP1-26-56,30,56,0,3,T376/2,AA7445,1,10
2026-08-01T11:13:25.933Z,deep_scan,20260801073922_MT4-AP1-26-56,30,56,0,8,T343,AA7406,1,13
2026-08-01T11:13:25.933Z,deep_scan,20260801073922_MT4-AP1-26-56,30,56,0,10,M254,AA7359,0,18
2026-08-01T11:13:25.933Z,deep_scan,20260801073922_MT4-AP1-26-56,30,56,0,15,M61/2,AA7402,0,42
2026-08-01T11:13:25.933Z,deep_scan,20260801073922_MT4-AP1-26-56,30,56,0,17,T409,AA7460,0,29
2026-08-01T11:13:55.933Z,deep_scan,20260801073922_MT4-AP1-26-56,30,56,0,3,T376/2,AA7445,1,5
2026-08-01T11:13:55.933Z,deep_scan,20260801073922_MT4-AP1-26-56,30,56,0,8,T343,AA7406,1,13
2026-08-01T11:13:55.933Z,deep_scan,20260801073922_MT4-AP1-26-56,30,56,0,10,M254,AA7359,0,23
2026-08-01T11:13:55.933Z,deep_scan,20260801073922_MT4-AP1-26-56,30,56,0,15,M61/2,AA7402,0,48
2026-08-01T11:13:55.933Z,deep_scan,20260801073922_MT4-AP1-26-56,30,56,0,17,T409,AA7460,0,20
2026-08-01T11:14:25.911Z,deep_scan,20260801073922_MT4-AP1-26-56,30,56,0,3,T376/2,AA7445,0,19
2026-08-01T11:14:25.911Z,deep_scan,20260801073922_MT4-AP1-26-56,30,56,0,8,T343,AA7406,1,13
2026-08-01T11:14:25.911Z,deep_scan,20260801073922_MT4-AP1-26-56,30,56,0,10,M254,AA7359,0,26
2026-08-01T11:14:25.911Z,deep_scan,20260801073922_MT4-AP1-26-56,30,56,0,15,M61/2,AA7402,0,45
2026-08-01T11:14:25.911Z,deep_scan,20260801073922_MT4-AP1-26-56,30,56,0,18,T313,AA7460,1,23
2026-08-01T11:14:55.947Z,deep_scan,20260801073922_MT4-AP1-26-56,30,56,0,3,T376/2,AA7445,0,10
2026-08-01T11:14:55.947Z,deep_scan,20260801073922_MT4-AP1-26-56,30,56,0,8,T343,AA7406,1,5
2026-08-01T11:14:55.947Z,deep_scan,20260801073922_MT4-AP1-26-56,30,56,0,10,M254,AA7359,0,2
2026-08-01T11:14:55.947Z,deep_scan,20260801073922_MT4-AP1-26-56,30,56,0,15,M61/2,AA7402,0,44
2026-08-01T11:14:55.947Z,deep_scan,20260801073922_MT4-AP1-26-56,30,56,0,18,T313,AA7460,0,31
2026-08-01T11:15:25.945Z,deep_scan,20260801073922_MT4-AP1-26-56,30,56,0,3,T376/2,AA7445,0,8
2026-08-01T11:15:25.945Z,deep_scan,20260801073922_MT4-AP1-26-56,30,56,0,8,T343,AA7406,0,27
2026-08-01T11:15:25.945Z,deep_scan,20260801073922_MT4-AP1-26-56,30,56,0,10,M254,AA7359,0,29
2026-08-01T11:15:25.945Z,deep_scan,20260801073922_MT4-AP1-26-56,30,56,0,15,M61/2,AA7402,0,45
2026-08-01T11:15:25.945Z,deep_scan,20260801073922_MT4-AP1-26-56,30,56,0,19,T315,AA7460,1,2
2026-08-01T11:15:55.961Z,deep_scan,20260801073922_MT4-AP1-26-56,30,56,0,0,C690/6,AA2619,1,18
2026-08-01T11:15:55.961Z,deep_scan,20260801073922_MT4-AP1-26-56,30,56,0,3,T376/2,AA7445,0,8
2026-08-01T11:15:55.961Z,deep_scan,20260801073922_MT4-AP1-26-56,30,56,0,8,T343,AA7406,0,46
2026-08-01T11:15:55.961Z,deep_scan,20260801073922_MT4-AP1-26-56,30,56,0,11,M117,AA7359,1,23
2026-08-01T11:15:55.961Z,deep_scan,20260801073922_MT4-AP1-26-56,30,56,0,15,M61/2,AA7402,0,47
2026-08-01T11:15:55.961Z,deep_scan,20260801073922_MT4-AP1-26-56,30,56,0,19,T315,AA7460,0,27
2026-08-01T11:16:26.003Z,deep_scan,20260801073922_MT4-AP1-26-56,30,56,0,0,C690/6,AA2619,1,18
2026-08-01T11:16:26.003Z,deep_scan,20260801073922_MT4-AP1-26-56,30,56,0,3,T376/2,AA7445,0,8
2026-08-01T11:16:26.003Z,deep_scan,20260801073922_MT4-AP1-26-56,30,56,0,8,T343,AA7406,0,32
2026-08-01T11:16:26.003Z,deep_scan,20260801073922_MT4-AP1-26-56,30,56,0,11,M117,AA7359,0,38
2026-08-01T11:16:26.003Z,deep_scan,20260801073922_MT4-AP1-26-56,30,56,0,15,M61/2,AA7402,0,47
2026-08-01T11:16:26.003Z,deep_scan,20260801073922_MT4-AP1-26-56,30,56,0,19,T315,AA7460,0,22
2026-08-01T11:16:55.962Z,deep_scan,20260801073922_MT4-AP1-26-56,30,56,0,0,C690/6,AA2619,1,18
2026-08-01T11:16:55.962Z,deep_scan,20260801073922_MT4-AP1-26-56,30,56,0,3,T376/2,AA7445,0,28
2026-08-01T11:16:55.962Z,deep_scan,20260801073922_MT4-AP1-26-56,30,56,0,8,T343,AA7406,0,41
2026-08-01T11:16:55.962Z,deep_scan,20260801073922_MT4-AP1-26-56,30,56,0,12,M155,AA7359,1,16
2026-08-01T11:16:55.962Z,deep_scan,20260801073922_MT4-AP1-26-56,30,56,0,15,M61/2,AA7402,0,38
2026-08-01T11:16:55.962Z,deep_scan,20260801073922_MT4-AP1-26-56,30,56,0,19,T315,AA7460,0,28
2026-08-01T11:17:26.002Z,deep_scan,20260801073922_MT4-AP1-26-56,30,56,0,1,C689/2,AA2619,1,18
2026-08-01T11:17:26.002Z,deep_scan,20260801073922_MT4-AP1-26-56,30,56,0,4,T363/2,AA7445,1,5
2026-08-01T11:17:26.002Z,deep_scan,20260801073922_MT4-AP1-26-56,30,56,0,8,T343,AA7406,0,39
2026-08-01T11:17:26.002Z,deep_scan,20260801073922_MT4-AP1-26-56,30,56,0,12,M155,AA7359,0,5
2026-08-01T11:17:26.002Z,deep_scan,20260801073922_MT4-AP1-26-56,30,56,0,15,M61/2,AA7402,0,36
2026-08-01T11:17:26.002Z,deep_scan,20260801073922_MT4-AP1-26-56,30,56,0,20,T375,AA7460,1,21
2026-08-01T11:17:56.000Z,deep_scan,20260801073922_MT4-AP1-26-56,30,56,0,1,C689/2,AA2619,1,18
2026-08-01T11:17:56.000Z,deep_scan,20260801073922_MT4-AP1-26-56,30,56,0,4,T363/2,AA7445,1,5
2026-08-01T11:17:56.000Z,deep_scan,20260801073922_MT4-AP1-26-56,30,56,0,8,T343,AA7406,0,32
2026-08-01T11:17:56.000Z,deep_scan,20260801073922_MT4-AP1-26-56,30,56,0,12,M155,AA7359,0,34
2026-08-01T11:17:56.000Z,deep_scan,20260801073922_MT4-AP1-26-56,30,56,0,16,T342,AA7402,1,34
2026-08-01T11:17:56.000Z,deep_scan,20260801073922_MT4-AP1-26-56,30,56,0,20,T375,AA7460,0,14
2026-08-01T11:18:26.017Z,deep_scan,20260801073922_MT4-AP1-26-56,30,56,0,1,C689/2,AA2619,0,18
2026-08-01T11:18:26.017Z,deep_scan,20260801073922_MT4-AP1-26-56,30,56,0,4,T363/2,AA7445,0,15
2026-08-01T11:18:26.017Z,deep_scan,20260801073922_MT4-AP1-26-56,30,56,0,8,T343,AA7406,0,8
2026-08-01T11:18:26.017Z,deep_scan,20260801073922_MT4-AP1-26-56,30,56,0,12,M155,AA7359,0,42
2026-08-01T11:18:26.017Z,deep_scan,20260801073922_MT4-AP1-26-56,30,56,0,16,T342,AA7402,0,32
2026-08-01T11:18:26.017Z,deep_scan,20260801073922_MT4-AP1-26-56,30,56,0,20,T375,AA7460,0,25
2026-08-01T11:18:55.980Z,deep_scan,20260801073922_MT4-AP1-26-56,30,56,0,1,C689/2,AA2619,0,40
2026-08-01T11:18:55.980Z,deep_scan,20260801073922_MT4-AP1-26-56,30,56,0,4,T363/2,AA7445,0,23
2026-08-01T11:18:55.980Z,deep_scan,20260801073922_MT4-AP1-26-56,30,56,0,8,T343,AA7406,0,8
2026-08-01T11:18:55.980Z,deep_scan,20260801073922_MT4-AP1-26-56,30,56,0,12,M155,AA7359,0,27
2026-08-01T11:18:55.980Z,deep_scan,20260801073922_MT4-AP1-26-56,30,56,0,17,T409,AA7402,1,30
2026-08-01T11:18:55.980Z,deep_scan,20260801073922_MT4-AP1-26-56,30,56,0,21,T380,AA7460,1,10
2026-08-01T11:19:25.995Z,deep_scan,20260801073922_MT4-AP1-26-56,30,56,0,1,C689/2,AA2619,0,44
2026-08-01T11:19:25.995Z,deep_scan,20260801073922_MT4-AP1-26-56,30,56,0,5,T306,AA7445,1,4
2026-08-01T11:19:25.995Z,deep_scan,20260801073922_MT4-AP1-26-56,30,56,0,8,T343,AA7406,0,24
2026-08-01T11:19:25.995Z,deep_scan,20260801073922_MT4-AP1-26-56,30,56,0,12,M155,AA7359,0,35
2026-08-01T11:19:25.995Z,deep_scan,20260801073922_MT4-AP1-26-56,30,56,0,17,T409,AA7402,0,37
2026-08-01T11:19:25.995Z,deep_scan,20260801073922_MT4-AP1-26-56,30,56,0,21,T380,AA7460,1,4
2026-08-01T11:19:55.990Z,deep_scan,20260801073922_MT4-AP1-26-56,30,56,0,1,C689/2,AA2619,0,9
2026-08-01T11:19:55.990Z,deep_scan,20260801073922_MT4-AP1-26-56,30,56,0,5,T306,AA7445,1,4
2026-08-01T11:19:55.990Z,deep_scan,20260801073922_MT4-AP1-26-56,30,56,0,8,T343,AA7406,0,26
2026-08-01T11:19:55.990Z,deep_scan,20260801073922_MT4-AP1-26-56,30,56,0,12,M155,AA7359,0,26
2026-08-01T11:19:55.990Z,deep_scan,20260801073922_MT4-AP1-26-56,30,56,0,17,T409,AA7402,0,2
2026-08-01T11:19:55.990Z,deep_scan,20260801073922_MT4-AP1-26-56,30,56,0,21,T380,AA7460,1,10
2026-08-01T11:20:26.036Z,deep_scan,20260801073922_MT4-AP1-26-56,30,56,0,2,T360,AA2619,1,30
2026-08-01T11:20:26.036Z,deep_scan,20260801073922_MT4-AP1-26-56,30,56,0,5,T306,AA7445,0,40
2026-08-01T11:20:26.036Z,deep_scan,20260801073922_MT4-AP1-26-56,30,56,0,8,T343,AA7406,0,18
2026-08-01T11:20:26.036Z,deep_scan,20260801073922_MT4-AP1-26-56,30,56,0,12,M155,AA7359,0,19
2026-08-01T11:20:26.036Z,deep_scan,20260801073922_MT4-AP1-26-56,30,56,0,18,T313,AA7402,1,24
2026-08-01T11:20:26.036Z,deep_scan,20260801073922_MT4-AP1-26-56,30,56,0,22,T379,AA7460,1,29
2026-08-01T11:20:56.023Z,deep_scan,20260801073922_MT4-AP1-26-56,30,56,0,2,T360,AA2619,1,7
2026-08-01T11:20:56.023Z,deep_scan,20260801073922_MT4-AP1-26-56,30,56,0,6,T314/2,AA7445,1,35
2026-08-01T11:20:56.023Z,deep_scan,20260801073922_MT4-AP1-26-56,30,56,0,8,T343,AA7406,0,6
2026-08-01T11:20:56.023Z,deep_scan,20260801073922_MT4-AP1-26-56,30,56,0,12,M155,AA7359,0,21
2026-08-01T11:20:56.023Z,deep_scan,20260801073922_MT4-AP1-26-56,30,56,0,18,T313,AA7402,1,10
2026-08-01T11:20:56.023Z,deep_scan,20260801073922_MT4-AP1-26-56,30,56,0,22,T379,AA7460,0,46
2026-08-01T11:21:26.019Z,deep_scan,20260801073922_MT4-AP1-26-56,30,56,0,2,T360,AA2619,0,27
2026-08-01T11:21:26.019Z,deep_scan,20260801073922_MT4-AP1-26-56,30,56,0,6,T314/2,AA7445,1,2
2026-08-01T11:21:26.019Z,deep_scan,20260801073922_MT4-AP1-26-56,30,56,0,8,T343,AA7406,0,35
2026-08-01T11:21:26.019Z,deep_scan,20260801073922_MT4-AP1-26-56,30,56,0,12,M155,AA7359,0,4
2026-08-01T11:21:26.019Z,deep_scan,20260801073922_MT4-AP1-26-56,30,56,0,18,T313,AA7402,0,27
2026-08-01T11:21:26.019Z,deep_scan,20260801073922_MT4-AP1-26-56,30,56,0,22,T379,AA7460,0,17
2026-08-01T11:21:56.031Z,deep_scan,20260801073922_MT4-AP1-26-56,30,56,0,2,T360,AA2619,0,7
2026-08-01T11:21:56.031Z,deep_scan,20260801073922_MT4-AP1-26-56,30,56,0,6,T314/2,AA7445,1,8
2026-08-01T11:21:56.031Z,deep_scan,20260801073922_MT4-AP1-26-56,30,56,0,8,T343,AA7406,0,31
2026-08-01T11:21:56.031Z,deep_scan,20260801073922_MT4-AP1-26-56,30,56,0,12,M155,AA7359,0,4
2026-08-01T11:21:56.031Z,deep_scan,20260801073922_MT4-AP1-26-56,30,56,0,19,T315,AA7402,1,16
2026-08-01T11:21:56.031Z,deep_scan,20260801073922_MT4-AP1-26-56,30,56,0,22,T379,AA7460,0,39
2026-08-01T11:22:26.019Z,deep_scan,20260801073922_MT4-AP1-26-56,30,56,0,2,T360,AA2619,0,7
2026-08-01T11:22:26.019Z,deep_scan,20260801073922_MT4-AP1-26-56,30,56,0,6,T314/2,AA7445,0,4
2026-08-01T11:22:26.019Z,deep_scan,20260801073922_MT4-AP1-26-56,30,56,0,8,T343,AA7406,0,39
2026-08-01T11:22:26.019Z,deep_scan,20260801073922_MT4-AP1-26-56,30,56,0,12,M155,AA7359,0,4
2026-08-01T11:22:26.019Z,deep_scan,20260801073922_MT4-AP1-26-56,30,56,0,19,T315,AA7402,0,29
2026-08-01T11:22:26.019Z,deep_scan,20260801073922_MT4-AP1-26-56,30,56,0,22,T379,AA7460,0,49
2026-08-01T11:22:56.031Z,deep_scan,20260801073922_MT4-AP1-26-56,30,56,0,3,T376/2,AA2619,1,38
2026-08-01T11:22:56.031Z,deep_scan,20260801073922_MT4-AP1-26-56,30,56,0,6,T314/2,AA7445,0,6
2026-08-01T11:22:56.031Z,deep_scan,20260801073922_MT4-AP1-26-56,30,56,0,8,T343,AA7406,0,43
2026-08-01T11:22:56.031Z,deep_scan,20260801073922_MT4-AP1-26-56,30,56,0,13,M92,AA7359,1,13
2026-08-01T11:22:56.031Z,deep_scan,20260801073922_MT4-AP1-26-56,30,56,0,19,T315,AA7402,0,23
2026-08-01T11:22:56.031Z,deep_scan,20260801073922_MT4-AP1-26-56,30,56,0,22,T379,AA7460,0,33
2026-08-01T11:23:26.055Z,deep_scan,20260801073922_MT4-AP1-26-56,30,56,0,3,T376/2,AA2619,0,13
2026-08-01T11:23:26.055Z,deep_scan,20260801073922_MT4-AP1-26-56,30,56,0,7,T408/6,AA7445,1,21
2026-08-01T11:23:26.055Z,deep_scan,20260801073922_MT4-AP1-26-56,30,56,0,8,T343,AA7406,0,46
2026-08-01T11:23:26.055Z,deep_scan,20260801073922_MT4-AP1-26-56,30,56,0,13,M92,AA7359,1,13
2026-08-01T11:23:26.055Z,deep_scan,20260801073922_MT4-AP1-26-56,30,56,0,19,T315,AA7402,0,26
2026-08-01T11:23:26.055Z,deep_scan,20260801073922_MT4-AP1-26-56,30,56,0,22,T379,AA7460,0,4
2026-08-01T11:23:56.101Z,deep_scan,20260801073922_MT4-AP1-26-56,30,56,0,3,T376/2,AA2619,0,13
2026-08-01T11:23:56.101Z,deep_scan,20260801073922_MT4-AP1-26-56,30,56,0,7,T408/6,AA7445,1,21
2026-08-01T11:23:56.101Z,deep_scan,20260801073922_MT4-AP1-26-56,30,56,0,8,T343,AA7406,0,43
2026-08-01T11:23:56.101Z,deep_scan,20260801073922_MT4-AP1-26-56,30,56,0,13,M92,AA7359,1,1
2026-08-01T11:23:56.101Z,deep_scan,20260801073922_MT4-AP1-26-56,30,56,0,20,T375,AA7402,1,15
2026-08-01T11:23:56.101Z,deep_scan,20260801073922_MT4-AP1-26-56,30,56,0,22,T379,AA7460,0,18
2026-08-01T11:24:26.094Z,deep_scan,20260801073922_MT4-AP1-26-56,30,56,0,3,T376/2,AA2619,0,10
2026-08-01T11:24:26.094Z,deep_scan,20260801073922_MT4-AP1-26-56,30,56,0,7,T408/6,AA7445,0,9
2026-08-01T11:24:26.094Z,deep_scan,20260801073922_MT4-AP1-26-56,30,56,0,8,T343,AA7406,0,37
2026-08-01T11:24:26.094Z,deep_scan,20260801073922_MT4-AP1-26-56,30,56,0,13,M92,AA7359,1,1
2026-08-01T11:24:26.094Z,deep_scan,20260801073922_MT4-AP1-26-56,30,56,0,20,T375,AA7402,1,15
2026-08-01T11:24:26.094Z,deep_scan,20260801073922_MT4-AP1-26-56,30,56,0,23,C688/2,AA7460,1,18
2026-08-01T11:24:56.091Z,deep_scan,20260801073922_MT4-AP1-26-56,30,56,0,3,T376/2,AA2619,0,30
2026-08-01T11:24:56.091Z,deep_scan,20260801073922_MT4-AP1-26-56,30,56,0,7,T408/6,AA7445,0,45
2026-08-01T11:24:56.091Z,deep_scan,20260801073922_MT4-AP1-26-56,30,56,0,8,T343,AA7406,0,39
2026-08-01T11:24:56.091Z,deep_scan,20260801073922_MT4-AP1-26-56,30,56,0,13,M92,AA7359,1,1
2026-08-01T11:24:56.091Z,deep_scan,20260801073922_MT4-AP1-26-56,30,56,0,20,T375,AA7402,0,15
2026-08-01T11:24:56.091Z,deep_scan,20260801073922_MT4-AP1-26-56,30,56,0,23,C688/2,AA7460,0,18
2026-08-01T11:25:26.105Z,deep_scan,20260801073922_MT4-AP1-26-56,30,56,0,4,T363/2,AA2619,1,33
2026-08-01T11:25:26.105Z,deep_scan,20260801073922_MT4-AP1-26-56,30,56,0,7,T408/6,AA7445,0,26
2026-08-01T11:25:26.105Z,deep_scan,20260801073922_MT4-AP1-26-56,30,56,0,8,T343,AA7406,0,43
2026-08-01T11:25:26.105Z,deep_scan,20260801073922_MT4-AP1-26-56,30,56,0,13,M92,AA7359,0,5
2026-08-01T11:25:26.105Z,deep_scan,20260801073922_MT4-AP1-26-56,30,56,0,20,T375,AA7402,0,21
2026-08-01T11:25:26.105Z,deep_scan,20260801073922_MT4-AP1-26-56,30,56,0,23,C688/2,AA7460,0,18
2026-08-01T11:25:56.082Z,deep_scan,20260801073922_MT4-AP1-26-56,30,56,0,4,T363/2,AA2619,1,33
2026-08-01T11:25:56.082Z,deep_scan,20260801073922_MT4-AP1-26-56,30,56,0,8,T343,AA7406,0,43
2026-08-01T11:25:56.082Z,deep_scan,20260801073922_MT4-AP1-26-56,30,56,0,8,T343,AA7445,1,6
2026-08-01T11:25:56.082Z,deep_scan,20260801073922_MT4-AP1-26-56,30,56,0,13,M92,AA7359,0,5
2026-08-01T11:25:56.082Z,deep_scan,20260801073922_MT4-AP1-26-56,30,56,0,21,T380,AA7402,1,21
2026-08-01T11:25:56.082Z,deep_scan,20260801073922_MT4-AP1-26-56,30,56,0,24,C690/6,AA7460,1,0
2026-08-01T11:26:26.077Z,deep_scan,20260801073922_MT4-AP1-26-56,30,56,0,4,T363/2,AA2619,0,21
2026-08-01T11:26:26.077Z,deep_scan,20260801073922_MT4-AP1-26-56,30,56,0,8,T343,AA7406,0,47
2026-08-01T11:26:26.077Z,deep_scan,20260801073922_MT4-AP1-26-56,30,56,0,8,T343,AA7445,0,38
2026-08-01T11:26:26.077Z,deep_scan,20260801073922_MT4-AP1-26-56,30,56,0,13,M92,AA7359,0,23
2026-08-01T11:26:26.077Z,deep_scan,20260801073922_MT4-AP1-26-56,30,56,0,21,T380,AA7402,0,33
2026-08-01T11:26:26.077Z,deep_scan,20260801073922_MT4-AP1-26-56,30,56,0,24,C690/6,AA7460,1,0
2026-08-01T11:26:56.089Z,deep_scan,20260801073922_MT4-AP1-26-56,30,56,0,4,T363/2,AA2619,0,26
2026-08-01T11:26:56.089Z,deep_scan,20260801073922_MT4-AP1-26-56,30,56,0,8,T343,AA7406,0,45
2026-08-01T11:26:56.089Z,deep_scan,20260801073922_MT4-AP1-26-56,30,56,0,8,T343,AA7445,0,44
2026-08-01T11:26:56.089Z,deep_scan,20260801073922_MT4-AP1-26-56,30,56,0,14,M272,AA7359,1,3
2026-08-01T11:26:56.089Z,deep_scan,20260801073922_MT4-AP1-26-56,30,56,0,22,T379,AA7402,1,19
2026-08-01T11:26:56.089Z,deep_scan,20260801073922_MT4-AP1-26-56,30,56,0,24,C690/6,AA7460,1,0
2026-08-01T11:27:26.114Z,deep_scan,20260801073922_MT4-AP1-26-56,30,56,0,5,T306,AA2619,1,31
2026-08-01T11:27:26.114Z,deep_scan,20260801073922_MT4-AP1-26-56,30,56,0,8,T343,AA7406,0,44
2026-08-01T11:27:26.114Z,deep_scan,20260801073922_MT4-AP1-26-56,30,56,0,8,T343,AA7445,0,25
2026-08-01T11:27:26.114Z,deep_scan,20260801073922_MT4-AP1-26-56,30,56,0,14,M272,AA7359,1,4
2026-08-01T11:27:26.114Z,deep_scan,20260801073922_MT4-AP1-26-56,30,56,0,22,T379,AA7402,0,9
2026-08-01T11:27:26.114Z,deep_scan,20260801073922_MT4-AP1-26-56,30,56,0,24,C690/6,AA7460,1,0
2026-08-01T11:27:56.096Z,deep_scan,20260801073922_MT4-AP1-26-56,30,56,0,5,T306,AA2619,0,20
2026-08-01T11:27:56.096Z,deep_scan,20260801073922_MT4-AP1-26-56,30,56,0,8,T343,AA7406,0,25
2026-08-01T11:27:56.096Z,deep_scan,20260801073922_MT4-AP1-26-56,30,56,0,8,T343,AA7445,0,41
2026-08-01T11:27:56.096Z,deep_scan,20260801073922_MT4-AP1-26-56,30,56,0,14,M272,AA7359,0,26
2026-08-01T11:27:56.096Z,deep_scan,20260801073922_MT4-AP1-26-56,30,56,0,22,T379,AA7402,0,41
2026-08-01T11:27:56.096Z,deep_scan,20260801073922_MT4-AP1-26-56,30,56,0,24,C690/6,AA7460,1,0
2026-08-01T11:28:26.116Z,deep_scan,20260801073922_MT4-AP1-26-56,30,56,0,5,T306,AA2619,0,37
2026-08-01T11:28:26.116Z,deep_scan,20260801073922_MT4-AP1-26-56,30,56,0,8,T343,AA7406,0,27
2026-08-01T11:28:26.116Z,deep_scan,20260801073922_MT4-AP1-26-56,30,56,0,8,T343,AA7445,0,48
2026-08-01T11:28:26.116Z,deep_scan,20260801073922_MT4-AP1-26-56,30,56,0,14,M272,AA7359,0,17
2026-08-01T11:28:26.116Z,deep_scan,20260801073922_MT4-AP1-26-56,30,56,0,22,T379,AA7402,0,23
2026-08-01T11:28:26.116Z,deep_scan,20260801073922_MT4-AP1-26-56,30,56,0,24,C690/6,AA7460,1,0
2026-08-01T11:28:56.123Z,deep_scan,20260801073922_MT4-AP1-26-56,30,56,0,6,T314/2,AA2619,1,26
2026-08-01T11:28:56.123Z,deep_scan,20260801073922_MT4-AP1-26-56,30,56,0,8,T343,AA7445,0,41
2026-08-01T11:28:56.123Z,deep_scan,20260801073922_MT4-AP1-26-56,30,56,0,9,M239/1,AA7406,1,8
2026-08-01T11:28:56.123Z,deep_scan,20260801073922_MT4-AP1-26-56,30,56,0,14,M272,AA7359,0,31
2026-08-01T11:28:56.123Z,deep_scan,20260801073922_MT4-AP1-26-56,30,56,0,22,T379,AA7402,0,37
2026-08-01T11:28:56.123Z,deep_scan,20260801073922_MT4-AP1-26-56,30,56,0,24,C690/6,AA7460,1,0
2026-08-01T11:29:26.101Z,deep_scan,20260801073922_MT4-AP1-26-56,30,56,0,6,T314/2,AA2619,1,3
2026-08-01T11:29:26.101Z,deep_scan,20260801073922_MT4-AP1-26-56,30,56,0,8,T343,AA7445,0,41
2026-08-01T11:29:26.101Z,deep_scan,20260801073922_MT4-AP1-26-56,30,56,0,9,M239/1,AA7406,1,5
2026-08-01T11:29:26.101Z,deep_scan,20260801073922_MT4-AP1-26-56,30,56,0,14,M272,AA7359,0,6
2026-08-01T11:29:26.101Z,deep_scan,20260801073922_MT4-AP1-26-56,30,56,0,22,T379,AA7402,0,48
2026-08-01T11:29:26.101Z,deep_scan,20260801073922_MT4-AP1-26-56,30,56,0,24,C690/6,AA7460,1,0
2026-08-01T11:29:56.114Z,deep_scan,20260801073922_MT4-AP1-26-56,30,56,0,6,T314/2,AA2619,1,7
2026-08-01T11:29:56.114Z,deep_scan,20260801073922_MT4-AP1-26-56,30,56,0,8,T343,AA7445,0,41
2026-08-01T11:29:56.114Z,deep_scan,20260801073922_MT4-AP1-26-56,30,56,0,9,M239/1,AA7406,0,33
2026-08-01T11:29:56.114Z,deep_scan,20260801073922_MT4-AP1-26-56,30,56,0,14,M272,AA7359,0,8
2026-08-01T11:29:56.114Z,deep_scan,20260801073922_MT4-AP1-26-56,30,56,0,22,T379,AA7402,0,40
2026-08-01T11:30:26.148Z,deep_scan,20260801073922_MT4-AP1-26-56,30,56,0,6,T314/2,AA2619,0,15
2026-08-01T11:30:26.148Z,deep_scan,20260801073922_MT4-AP1-26-56,30,56,0,8,T343,AA7445,0,31
2026-08-01T11:30:26.148Z,deep_scan,20260801073922_MT4-AP1-26-56,30,56,0,10,M254,AA7406,1,20
2026-08-01T11:30:26.148Z,deep_scan,20260801073922_MT4-AP1-26-56,30,56,0,15,M61/2,AA7359,1,29
2026-08-01T11:30:26.148Z,deep_scan,20260801073922_MT4-AP1-26-56,30,56,0,22,T379,AA7402,0,19
2026-08-01T11:30:56.115Z,deep_scan,20260801073922_MT4-AP1-26-56,30,56,0,7,T408/6,AA2619,1,19
2026-08-01T11:30:56.115Z,deep_scan,20260801073922_MT4-AP1-26-56,30,56,0,8,T343,AA7445,0,41
2026-08-01T11:30:56.115Z,deep_scan,20260801073922_MT4-AP1-26-56,30,56,0,10,M254,AA7406,1,20
2026-08-01T11:30:56.115Z,deep_scan,20260801073922_MT4-AP1-26-56,30,56,0,15,M61/2,AA7359,1,29
2026-08-01T11:30:56.115Z,deep_scan,20260801073922_MT4-AP1-26-56,30,56,0,22,T379,AA7402,0,19
2026-08-01T11:31:26.150Z,deep_scan,20260801073922_MT4-AP1-26-56,30,56,0,7,T408/6,AA2619,1,19
2026-08-01T11:31:26.150Z,deep_scan,20260801073922_MT4-AP1-26-56,30,56,0,8,T343,AA7445,0,18
2026-08-01T11:31:26.150Z,deep_scan,20260801073922_MT4-AP1-26-56,30,56,0,10,M254,AA7406,0,30
2026-08-01T11:31:26.150Z,deep_scan,20260801073922_MT4-AP1-26-56,30,56,0,15,M61/2,AA7359,1,29
2026-08-01T11:31:26.150Z,deep_scan,20260801073922_MT4-AP1-26-56,30,56,0,23,C688/2,AA7402,1,19
2026-08-01T11:31:56.137Z,deep_scan,20260801073922_MT4-AP1-26-56,30,56,0,7,T408/6,AA2619,0,9
2026-08-01T11:31:56.137Z,deep_scan,20260801073922_MT4-AP1-26-56,30,56,0,8,T343,AA7445,0,46
2026-08-01T11:31:56.137Z,deep_scan,20260801073922_MT4-AP1-26-56,30,56,0,10,M254,AA7406,0,26
2026-08-01T11:31:56.137Z,deep_scan,20260801073922_MT4-AP1-26-56,30,56,0,15,M61/2,AA7359,0,20
2026-08-01T11:31:56.137Z,deep_scan,20260801073922_MT4-AP1-26-56,30,56,0,23,C688/2,AA7402,0,19
2026-08-01T11:32:26.127Z,deep_scan,20260801073922_MT4-AP1-26-56,30,56,0,7,T408/6,AA2619,0,7
2026-08-01T11:32:26.127Z,deep_scan,20260801073922_MT4-AP1-26-56,30,56,0,8,T343,AA7445,0,42
2026-08-01T11:32:26.127Z,deep_scan,20260801073922_MT4-AP1-26-56,30,56,0,10,M254,AA7406,0,22
2026-08-01T11:32:26.127Z,deep_scan,20260801073922_MT4-AP1-26-56,30,56,0,15,M61/2,AA7359,0,21
2026-08-01T11:32:26.127Z,deep_scan,20260801073922_MT4-AP1-26-56,30,56,0,24,C690/6,AA7402,1,0
2026-08-01T11:32:56.146Z,deep_scan,20260801073922_MT4-AP1-26-56,30,56,0,8,T343,AA7445,0,48
2026-08-01T11:32:56.146Z,deep_scan,20260801073922_MT4-AP1-26-56,30,56,0,8,T343,AA2619,1,21
2026-08-01T11:32:56.146Z,deep_scan,20260801073922_MT4-AP1-26-56,30,56,0,10,M254,AA7406,0,25
2026-08-01T11:32:56.146Z,deep_scan,20260801073922_MT4-AP1-26-56,30,56,0,15,M61/2,AA7359,0,20
2026-08-01T11:32:56.146Z,deep_scan,20260801073922_MT4-AP1-26-56,30,56,0,24,C690/6,AA7402,1,0
2026-08-01T11:33:26.165Z,deep_scan,20260801073922_MT4-AP1-26-56,30,56,0,8,T343,AA7445,0,48
2026-08-01T11:33:26.165Z,deep_scan,20260801073922_MT4-AP1-26-56,30,56,0,8,T343,AA2619,1,10
2026-08-01T11:33:26.165Z,deep_scan,20260801073922_MT4-AP1-26-56,30,56,0,10,M254,AA7406,0,25
2026-08-01T11:33:26.165Z,deep_scan,20260801073922_MT4-AP1-26-56,30,56,0,15,M61/2,AA7359,0,31
2026-08-01T11:33:26.165Z,deep_scan,20260801073922_MT4-AP1-26-56,30,56,0,24,C690/6,AA7402,1,0
2026-08-01T11:33:56.184Z,deep_scan,20260801073922_MT4-AP1-26-56,30,56,0,8,T343,AA7445,0,43
2026-08-01T11:33:56.184Z,deep_scan,20260801073922_MT4-AP1-26-56,30,56,0,8,T343,AA2619,0,31
2026-08-01T11:33:56.184Z,deep_scan,20260801073922_MT4-AP1-26-56,30,56,0,10,M254,AA7406,0,26
2026-08-01T11:33:56.184Z,deep_scan,20260801073922_MT4-AP1-26-56,30,56,0,15,M61/2,AA7359,0,37
2026-08-01T11:33:56.184Z,deep_scan,20260801073922_MT4-AP1-26-56,30,56,0,24,C690/6,AA7402,1,0
2026-08-01T11:34:26.190Z,deep_scan,20260801073922_MT4-AP1-26-56,30,56,0,8,T343,AA7445,0,44
2026-08-01T11:34:26.190Z,deep_scan,20260801073922_MT4-AP1-26-56,30,56,0,8,T343,AA2619,0,33
2026-08-01T11:34:26.190Z,deep_scan,20260801073922_MT4-AP1-26-56,30,56,0,10,M254,AA7406,0,26
2026-08-01T11:34:26.190Z,deep_scan,20260801073922_MT4-AP1-26-56,30,56,0,15,M61/2,AA7359,0,19
2026-08-01T11:34:26.190Z,deep_scan,20260801073922_MT4-AP1-26-56,30,56,0,24,C690/6,AA7402,1,0
2026-08-01T11:34:56.187Z,deep_scan,20260801073922_MT4-AP1-26-56,30,56,0,8,T343,AA7445,0,48
2026-08-01T11:34:56.187Z,deep_scan,20260801073922_MT4-AP1-26-56,30,56,0,8,T343,AA2619,0,40
2026-08-01T11:34:56.187Z,deep_scan,20260801073922_MT4-AP1-26-56,30,56,0,11,M117,AA7406,1,4
2026-08-01T11:34:56.187Z,deep_scan,20260801073922_MT4-AP1-26-56,30,56,0,15,M61/2,AA7359,0,47
2026-08-01T11:34:56.187Z,deep_scan,20260801073922_MT4-AP1-26-56,30,56,0,24,C690/6,AA7402,1,0
2026-08-01T11:35:26.181Z,deep_scan,20260801073922_MT4-AP1-26-56,30,56,0,8,T343,AA7445,0,47
2026-08-01T11:35:26.181Z,deep_scan,20260801073922_MT4-AP1-26-56,30,56,0,8,T343,AA2619,0,43
2026-08-01T11:35:26.181Z,deep_scan,20260801073922_MT4-AP1-26-56,30,56,0,11,M117,AA7406,0,39
2026-08-01T11:35:26.181Z,deep_scan,20260801073922_MT4-AP1-26-56,30,56,0,15,M61/2,AA7359,0,39
2026-08-01T11:35:26.181Z,deep_scan,20260801073922_MT4-AP1-26-56,30,56,0,24,C690/6,AA7402,1,0
2026-08-01T11:35:56.176Z,deep_scan,20260801073922_MT4-AP1-26-56,30,56,0,8,T343,AA7445,0,46
2026-08-01T11:35:56.176Z,deep_scan,20260801073922_MT4-AP1-26-56,30,56,0,8,T343,AA2619,0,48
2026-08-01T11:35:56.176Z,deep_scan,20260801073922_MT4-AP1-26-56,30,56,0,12,M155,AA7406,1,22
2026-08-01T11:35:56.176Z,deep_scan,20260801073922_MT4-AP1-26-56,30,56,0,15,M61/2,AA7359,0,37
2026-08-01T11:35:56.176Z,deep_scan,20260801073922_MT4-AP1-26-56,30,56,0,24,C690/6,AA7402,1,0
2026-08-01T11:36:26.201Z,deep_scan,20260801073922_MT4-AP1-26-56,30,56,0,0,C690/6,AA2314,1,21
2026-08-01T11:36:26.201Z,deep_scan,20260801073922_MT4-AP1-26-56,30,56,0,8,T343,AA7445,0,48
2026-08-01T11:36:26.201Z,deep_scan,20260801073922_MT4-AP1-26-56,30,56,0,8,T343,AA2619,0,32
2026-08-01T11:36:26.201Z,deep_scan,20260801073922_MT4-AP1-26-56,30,56,0,12,M155,AA7406,1,22
2026-08-01T11:36:26.201Z,deep_scan,20260801073922_MT4-AP1-26-56,30,56,0,15,M61/2,AA7359,0,43
2026-08-01T11:36:56.193Z,deep_scan,20260801073922_MT4-AP1-26-56,30,56,0,1,C689/2,AA2314,1,21
2026-08-01T11:36:56.193Z,deep_scan,20260801073922_MT4-AP1-26-56,30,56,0,8,T343,AA7445,0,44
2026-08-01T11:36:56.193Z,deep_scan,20260801073922_MT4-AP1-26-56,30,56,0,8,T343,AA2619,0,45
2026-08-01T11:36:56.193Z,deep_scan,20260801073922_MT4-AP1-26-56,30,56,0,12,M155,AA7406,0,31
2026-08-01T11:36:56.193Z,deep_scan,20260801073922_MT4-AP1-26-56,30,56,0,15,M61/2,AA7359,0,44
2026-08-01T11:37:26.194Z,deep_scan,20260801073922_MT4-AP1-26-56,30,56,0,1,C689/2,AA2314,0,21
2026-08-01T11:37:26.194Z,deep_scan,20260801073922_MT4-AP1-26-56,30,56,0,8,T343,AA7445,0,39
2026-08-01T11:37:26.194Z,deep_scan,20260801073922_MT4-AP1-26-56,30,56,0,8,T343,AA2619,0,44
2026-08-01T11:37:26.194Z,deep_scan,20260801073922_MT4-AP1-26-56,30,56,0,12,M155,AA7406,0,39
2026-08-01T11:37:26.194Z,deep_scan,20260801073922_MT4-AP1-26-56,30,56,0,15,M61/2,AA7359,0,42
2026-08-01T11:37:56.236Z,deep_scan,20260801073922_MT4-AP1-26-56,30,56,0,1,C689/2,AA2314,0,21
2026-08-01T11:37:56.236Z,deep_scan,20260801073922_MT4-AP1-26-56,30,56,0,8,T343,AA7445,0,39
2026-08-01T11:37:56.236Z,deep_scan,20260801073922_MT4-AP1-26-56,30,56,0,8,T343,AA2619,0,32
2026-08-01T11:37:56.236Z,deep_scan,20260801073922_MT4-AP1-26-56,30,56,0,12,M155,AA7406,0,36
2026-08-01T11:37:56.236Z,deep_scan,20260801073922_MT4-AP1-26-56,30,56,0,15,M61/2,AA7359,0,47
2026-08-01T11:38:26.205Z,deep_scan,20260801073922_MT4-AP1-26-56,30,56,0,1,C689/2,AA2314,0,21
2026-08-01T11:38:26.205Z,deep_scan,20260801073922_MT4-AP1-26-56,30,56,0,8,T343,AA2619,0,36
2026-08-01T11:38:26.205Z,deep_scan,20260801073922_MT4-AP1-26-56,30,56,0,9,M239/1,AA7445,1,25
2026-08-01T11:38:26.205Z,deep_scan,20260801073922_MT4-AP1-26-56,30,56,0,12,M155,AA7406,0,39
2026-08-01T11:38:26.205Z,deep_scan,20260801073922_MT4-AP1-26-56,30,56,0,15,M61/2,AA7359,0,45
2026-08-01T11:38:56.221Z,deep_scan,20260801073922_MT4-AP1-26-56,30,56,0,1,C689/2,AA2314,0,26
2026-08-01T11:38:56.221Z,deep_scan,20260801073922_MT4-AP1-26-56,30,56,0,8,T343,AA2619,0,49
2026-08-01T11:38:56.221Z,deep_scan,20260801073922_MT4-AP1-26-56,30,56,0,9,M239/1,AA7445,0,29
2026-08-01T11:38:56.221Z,deep_scan,20260801073922_MT4-AP1-26-56,30,56,0,12,M155,AA7406,0,11
2026-08-01T11:38:56.221Z,deep_scan,20260801073922_MT4-AP1-26-56,30,56,0,15,M61/2,AA7359,0,47
2026-08-01T11:39:26.251Z,deep_scan,20260801073922_MT4-AP1-26-56,30,56,0,1,C689/2,AA2314,0,50
2026-08-01T11:39:26.251Z,deep_scan,20260801073922_MT4-AP1-26-56,30,56,0,8,T343,AA2619,0,48
2026-08-01T11:39:26.251Z,deep_scan,20260801073922_MT4-AP1-26-56,30,56,0,10,M254,AA7445,1,7
2026-08-01T11:39:26.251Z,deep_scan,20260801073922_MT4-AP1-26-56,30,56,0,12,M155,AA7406,0,19
2026-08-01T11:39:26.251Z,deep_scan,20260801073922_MT4-AP1-26-56,30,56,0,15,M61/2,AA7359,0,48
2026-08-01T11:39:56.269Z,deep_scan,20260801073922_MT4-AP1-26-56,30,56,0,1,C689/2,AA2314,0,23
2026-08-01T11:39:56.269Z,deep_scan,20260801073922_MT4-AP1-26-56,30,56,0,8,T343,AA2619,0,43
2026-08-01T11:39:56.269Z,deep_scan,20260801073922_MT4-AP1-26-56,30,56,0,10,M254,AA7445,0,27
2026-08-01T11:39:56.269Z,deep_scan,20260801073922_MT4-AP1-26-56,30,56,0,12,M155,AA7406,0,20
2026-08-01T11:39:56.269Z,deep_scan,20260801073922_MT4-AP1-26-56,30,56,0,15,M61/2,AA7359,0,47
2026-08-01T11:40:26.268Z,deep_scan,20260801073922_MT4-AP1-26-56,30,56,0,2,T360,AA2314,1,28
2026-08-01T11:40:26.268Z,deep_scan,20260801073922_MT4-AP1-26-56,30,56,0,8,T343,AA2619,0,44
2026-08-01T11:40:26.268Z,deep_scan,20260801073922_MT4-AP1-26-56,30,56,0,10,M254,AA7445,0,14
2026-08-01T11:40:26.268Z,deep_scan,20260801073922_MT4-AP1-26-56,30,56,0,12,M155,AA7406,0,20
2026-08-01T11:40:26.268Z,deep_scan,20260801073922_MT4-AP1-26-56,30,56,0,15,M61/2,AA7359,0,37
2026-08-01T11:40:56.251Z,deep_scan,20260801073922_MT4-AP1-26-56,30,56,0,2,T360,AA2314,0,36
2026-08-01T11:40:56.251Z,deep_scan,20260801073922_MT4-AP1-26-56,30,56,0,8,T343,AA2619,0,44
2026-08-01T11:40:56.251Z,deep_scan,20260801073922_MT4-AP1-26-56,30,56,0,10,M254,AA7445,0,28
2026-08-01T11:40:56.251Z,deep_scan,20260801073922_MT4-AP1-26-56,30,56,0,12,M155,AA7406,0,20
2026-08-01T11:40:56.251Z,deep_scan,20260801073922_MT4-AP1-26-56,30,56,0,15,M61/2,AA7359,0,40
2026-08-01T11:41:26.279Z,deep_scan,20260801073922_MT4-AP1-26-56,30,56,0,2,T360,AA2314,0,15
2026-08-01T11:41:26.279Z,deep_scan,20260801073922_MT4-AP1-26-56,30,56,0,8,T343,AA2619,0,43
2026-08-01T11:41:26.279Z,deep_scan,20260801073922_MT4-AP1-26-56,30,56,0,10,M254,AA7445,0,28
2026-08-01T11:41:26.279Z,deep_scan,20260801073922_MT4-AP1-26-56,30,56,0,13,M92,AA7406,1,14
2026-08-01T11:41:26.279Z,deep_scan,20260801073922_MT4-AP1-26-56,30,56,0,16,T342,AA7359,1,42
2026-08-01T11:41:56.258Z,deep_scan,20260801073922_MT4-AP1-26-56,30,56,0,2,T360,AA2314,0,15
2026-08-01T11:41:56.258Z,deep_scan,20260801073922_MT4-AP1-26-56,30,56,0,8,T343,AA2619,0,45
2026-08-01T11:41:56.258Z,deep_scan,20260801073922_MT4-AP1-26-56,30,56,0,10,M254,AA7445,0,8
2026-08-01T11:41:56.258Z,deep_scan,20260801073922_MT4-AP1-26-56,30,56,0,13,M92,AA7406,1,14
2026-08-01T11:41:56.258Z,deep_scan,20260801073922_MT4-AP1-26-56,30,56,0,16,T342,AA7359,1,38
2026-08-01T11:42:26.281Z,deep_scan,20260801073922_MT4-AP1-26-56,30,56,0,2,T360,AA2314,0,41
2026-08-01T11:42:26.281Z,deep_scan,20260801073922_MT4-AP1-26-56,30,56,0,8,T343,AA2619,0,45
2026-08-01T11:42:26.281Z,deep_scan,20260801073922_MT4-AP1-26-56,30,56,0,11,M117,AA7445,1,18
2026-08-01T11:42:26.281Z,deep_scan,20260801073922_MT4-AP1-26-56,30,56,0,13,M92,AA7406,1,14
2026-08-01T11:42:26.281Z,deep_scan,20260801073922_MT4-AP1-26-56,30,56,0,16,T342,AA7359,0,38
2026-08-01T11:42:56.318Z,deep_scan,20260801073922_MT4-AP1-26-56,30,56,0,3,T376/2,AA2314,1,3
2026-08-01T11:42:56.318Z,deep_scan,20260801073922_MT4-AP1-26-56,30,56,0,8,T343,AA2619,0,48
2026-08-01T11:42:56.318Z,deep_scan,20260801073922_MT4-AP1-26-56,30,56,0,11,M117,AA7445,0,38
2026-08-01T11:42:56.318Z,deep_scan,20260801073922_MT4-AP1-26-56,30,56,0,13,M92,AA7406,0,9
2026-08-01T11:42:56.318Z,deep_scan,20260801073922_MT4-AP1-26-56,30,56,0,16,T342,AA7359,0,39
2026-08-01T11:43:26.283Z,deep_scan,20260801073922_MT4-AP1-26-56,30,56,0,3,T376/2,AA2314,0,12
2026-08-01T11:43:26.283Z,deep_scan,20260801073922_MT4-AP1-26-56,30,56,0,8,T343,AA2619,0,37
2026-08-01T11:43:26.283Z,deep_scan,20260801073922_MT4-AP1-26-56,30,56,0,12,M155,AA7445,1,3
2026-08-01T11:43:26.283Z,deep_scan,20260801073922_MT4-AP1-26-56,30,56,0,13,M92,AA7406,0,9
2026-08-01T11:43:26.283Z,deep_scan,20260801073922_MT4-AP1-26-56,30,56,0,17,T409,AA7359,1,28
2026-08-01T11:43:56.327Z,deep_scan,20260801073922_MT4-AP1-26-56,30,56,0,3,T376/2,AA2314,0,3
2026-08-01T11:43:56.327Z,deep_scan,20260801073922_MT4-AP1-26-56,30,56,0,8,T343,AA2619,0,34
2026-08-01T11:43:56.327Z,deep_scan,20260801073922_MT4-AP1-26-56,30,56,0,12,M155,AA7445,0,24
2026-08-01T11:43:56.327Z,deep_scan,20260801073922_MT4-AP1-26-56,30,56,0,13,M92,AA7406,0,16
2026-08-01T11:43:56.327Z,deep_scan,20260801073922_MT4-AP1-26-56,30,56,0,17,T409,AA7359,0,39
2026-08-01T11:44:26.304Z,deep_scan,20260801073922_MT4-AP1-26-56,30,56,0,3,T376/2,AA2314,0,2
2026-08-01T11:44:26.304Z,deep_scan,20260801073922_MT4-AP1-26-56,30,56,0,9,M239/1,AA2619,1,31
2026-08-01T11:44:26.304Z,deep_scan,20260801073922_MT4-AP1-26-56,30,56,0,12,M155,AA7445,0,34
2026-08-01T11:44:26.304Z,deep_scan,20260801073922_MT4-AP1-26-56,30,56,0,13,M92,AA7406,0,16
2026-08-01T11:44:26.304Z,deep_scan,20260801073922_MT4-AP1-26-56,30,56,0,17,T409,AA7359,0,28
2026-08-01T11:44:56.303Z,deep_scan,20260801073922_MT4-AP1-26-56,30,56,0,3,T376/2,AA2314,0,6
2026-08-01T11:44:56.303Z,deep_scan,20260801073922_MT4-AP1-26-56,30,56,0,9,M239/1,AA2619,1,10
2026-08-01T11:44:56.303Z,deep_scan,20260801073922_MT4-AP1-26-56,30,56,0,12,M155,AA7445,0,35
2026-08-01T11:44:56.303Z,deep_scan,20260801073922_MT4-AP1-26-56,30,56,0,13,M92,AA7406,0,10
2026-08-01T11:44:56.303Z,deep_scan,20260801073922_MT4-AP1-26-56,30,56,0,18,T313,AA7359,1,1
2026-08-01T11:45:26.345Z,deep_scan,20260801073922_MT4-AP1-26-56,30,56,0,3,T376/2,AA2314,0,4
2026-08-01T11:45:26.345Z,deep_scan,20260801073922_MT4-AP1-26-56,30,56,0,9,M239/1,AA2619,0,16
2026-08-01T11:45:26.345Z,deep_scan,20260801073922_MT4-AP1-26-56,30,56,0,12,M155,AA7445,0,45
2026-08-01T11:45:26.345Z,deep_scan,20260801073922_MT4-AP1-26-56,30,56,0,14,M272,AA7406,1,2
2026-08-01T11:45:26.345Z,deep_scan,20260801073922_MT4-AP1-26-56,30,56,0,18,T313,AA7359,0,33
2026-08-01T11:45:56.328Z,deep_scan,20260801073922_MT4-AP1-26-56,30,56,0,3,T376/2,AA2314,0,4
2026-08-01T11:45:56.328Z,deep_scan,20260801073922_MT4-AP1-26-56,30,56,0,10,M254,AA2619,1,39
2026-08-01T11:45:56.328Z,deep_scan,20260801073922_MT4-AP1-26-56,30,56,0,12,M155,AA7445,0,46
2026-08-01T11:45:56.328Z,deep_scan,20260801073922_MT4-AP1-26-56,30,56,0,14,M272,AA7406,1,2
2026-08-01T11:45:56.328Z,deep_scan,20260801073922_MT4-AP1-26-56,30,56,0,19,T315,AA7359,1,31
2026-08-01T11:46:26.327Z,deep_scan,20260801073922_MT4-AP1-26-56,30,56,0,3,T376/2,AA2314,0,4
2026-08-01T11:46:26.327Z,deep_scan,20260801073922_MT4-AP1-26-56,30,56,0,10,M254,AA2619,1,23
2026-08-01T11:46:26.327Z,deep_scan,20260801073922_MT4-AP1-26-56,30,56,0,12,M155,AA7445,0,25
2026-08-01T11:46:26.327Z,deep_scan,20260801073922_MT4-AP1-26-56,30,56,0,14,M272,AA7406,0,22
2026-08-01T11:46:26.327Z,deep_scan,20260801073922_MT4-AP1-26-56,30,56,0,19,T315,AA7359,0,32
2026-08-01T11:46:56.331Z,deep_scan,20260801073922_MT4-AP1-26-56,30,56,0,3,T376/2,AA2314,0,31
2026-08-01T11:46:56.331Z,deep_scan,20260801073922_MT4-AP1-26-56,30,56,0,10,M254,AA2619,0,7
2026-08-01T11:46:56.331Z,deep_scan,20260801073922_MT4-AP1-26-56,30,56,0,12,M155,AA7445,0,8
2026-08-01T11:46:56.331Z,deep_scan,20260801073922_MT4-AP1-26-56,30,56,0,14,M272,AA7406,0,26
2026-08-01T11:46:56.331Z,deep_scan,20260801073922_MT4-AP1-26-56,30,56,0,19,T315,AA7359,0,25
2026-08-01T11:47:26.336Z,deep_scan,20260801073922_MT4-AP1-26-56,30,56,0,4,T363/2,AA2314,1,7
2026-08-01T11:47:26.336Z,deep_scan,20260801073922_MT4-AP1-26-56,30,56,0,10,M254,AA2619,0,19
2026-08-01T11:47:26.336Z,deep_scan,20260801073922_MT4-AP1-26-56,30,56,0,12,M155,AA7445,0,8
2026-08-01T11:47:26.336Z,deep_scan,20260801073922_MT4-AP1-26-56,30,56,0,14,M272,AA7406,0,24
2026-08-01T11:47:26.336Z,deep_scan,20260801073922_MT4-AP1-26-56,30,56,0,19,T315,AA7359,0,25
2026-08-01T11:47:56.364Z,deep_scan,20260801073922_MT4-AP1-26-56,30,56,0,4,T363/2,AA2314,1,7
2026-08-01T11:47:56.364Z,deep_scan,20260801073922_MT4-AP1-26-56,30,56,0,10,M254,AA2619,0,12
2026-08-01T11:47:56.364Z,deep_scan,20260801073922_MT4-AP1-26-56,30,56,0,12,M155,AA7445,0,8
2026-08-01T11:47:56.364Z,deep_scan,20260801073922_MT4-AP1-26-56,30,56,0,14,M272,AA7406,0,18
2026-08-01T11:47:56.364Z,deep_scan,20260801073922_MT4-AP1-26-56,30,56,0,20,T375,AA7359,1,36
2026-08-01T11:48:26.371Z,deep_scan,20260801073922_MT4-AP1-26-56,30,56,0,4,T363/2,AA2314,1,2
2026-08-01T11:48:26.371Z,deep_scan,20260801073922_MT4-AP1-26-56,30,56,0,11,M117,AA2619,1,12
2026-08-01T11:48:26.371Z,deep_scan,20260801073922_MT4-AP1-26-56,30,56,0,13,M92,AA7445,1,6
2026-08-01T11:48:26.371Z,deep_scan,20260801073922_MT4-AP1-26-56,30,56,0,14,M272,AA7406,0,15
2026-08-01T11:48:26.371Z,deep_scan,20260801073922_MT4-AP1-26-56,30,56,0,20,T375,AA7359,1,36
2026-08-01T11:48:56.341Z,deep_scan,20260801073922_MT4-AP1-26-56,30,56,0,4,T363/2,AA2314,0,7
2026-08-01T11:48:56.341Z,deep_scan,20260801073922_MT4-AP1-26-56,30,56,0,11,M117,AA2619,1,20
2026-08-01T11:48:56.341Z,deep_scan,20260801073922_MT4-AP1-26-56,30,56,0,13,M92,AA7445,0,8
2026-08-01T11:48:56.341Z,deep_scan,20260801073922_MT4-AP1-26-56,30,56,0,14,M272,AA7406,0,2
2026-08-01T11:48:56.341Z,deep_scan,20260801073922_MT4-AP1-26-56,30,56,0,20,T375,AA7359,0,9
2026-08-01T11:49:26.397Z,deep_scan,20260801073922_MT4-AP1-26-56,30,56,0,4,T363/2,AA2314,0,21
2026-08-01T11:49:26.397Z,deep_scan,20260801073922_MT4-AP1-26-56,30,56,0,11,M117,AA2619,0,37
2026-08-01T11:49:26.397Z,deep_scan,20260801073922_MT4-AP1-26-56,30,56,0,13,M92,AA7445,0,2
2026-08-01T11:49:26.397Z,deep_scan,20260801073922_MT4-AP1-26-56,30,56,0,14,M272,AA7406,0,2
2026-08-01T11:49:26.397Z,deep_scan,20260801073922_MT4-AP1-26-56,30,56,0,20,T375,AA7359,0,21
2026-08-01T11:49:56.350Z,deep_scan,20260801073922_MT4-AP1-26-56,30,56,0,4,T363/2,AA2314,0,13
2026-08-01T11:49:56.350Z,deep_scan,20260801073922_MT4-AP1-26-56,30,56,0,12,M155,AA2619,1,21
2026-08-01T11:49:56.350Z,deep_scan,20260801073922_MT4-AP1-26-56,30,56,0,13,M92,AA7445,0,2
2026-08-01T11:49:56.350Z,deep_scan,20260801073922_MT4-AP1-26-56,30,56,0,15,M61/2,AA7406,1,9
2026-08-01T11:49:56.350Z,deep_scan,20260801073922_MT4-AP1-26-56,30,56,0,20,T375,AA7359,0,8
2026-08-01T11:50:26.357Z,deep_scan,20260801073922_MT4-AP1-26-56,30,56,0,5,T306,AA2314,1,9
2026-08-01T11:50:26.357Z,deep_scan,20260801073922_MT4-AP1-26-56,30,56,0,12,M155,AA2619,0,27
2026-08-01T11:50:26.357Z,deep_scan,20260801073922_MT4-AP1-26-56,30,56,0,13,M92,AA7445,0,26
2026-08-01T11:50:26.357Z,deep_scan,20260801073922_MT4-AP1-26-56,30,56,0,15,M61/2,AA7406,0,36
2026-08-01T11:50:26.357Z,deep_scan,20260801073922_MT4-AP1-26-56,30,56,0,21,T380,AA7359,1,24
2026-08-01T11:50:56.363Z,deep_scan,20260801073922_MT4-AP1-26-56,30,56,0,5,T306,AA2314,0,22
2026-08-01T11:50:56.363Z,deep_scan,20260801073922_MT4-AP1-26-56,30,56,0,12,M155,AA2619,0,33
2026-08-01T11:50:56.363Z,deep_scan,20260801073922_MT4-AP1-26-56,30,56,0,14,M272,AA7445,1,14
2026-08-01T11:50:56.363Z,deep_scan,20260801073922_MT4-AP1-26-56,30,56,0,15,M61/2,AA7406,0,20
2026-08-01T11:50:56.363Z,deep_scan,20260801073922_MT4-AP1-26-56,30,56,0,21,T380,AA7359,1,24
2026-08-01T11:51:26.368Z,deep_scan,20260801073922_MT4-AP1-26-56,30,56,0,5,T306,AA2314,0,43
2026-08-01T11:51:26.368Z,deep_scan,20260801073922_MT4-AP1-26-56,30,56,0,12,M155,AA2619,0,39
2026-08-01T11:51:26.368Z,deep_scan,20260801073922_MT4-AP1-26-56,30,56,0,14,M272,AA7445,1,2
2026-08-01T11:51:26.368Z,deep_scan,20260801073922_MT4-AP1-26-56,30,56,0,15,M61/2,AA7406,0,29
2026-08-01T11:51:26.368Z,deep_scan,20260801073922_MT4-AP1-26-56,30,56,0,22,T379,AA7359,1,46
2026-08-01T11:51:56.402Z,deep_scan,20260801073922_MT4-AP1-26-56,30,56,0,6,T314/2,AA2314,1,10
2026-08-01T11:51:56.402Z,deep_scan,20260801073922_MT4-AP1-26-56,30,56,0,12,M155,AA2619,0,41
2026-08-01T11:51:56.402Z,deep_scan,20260801073922_MT4-AP1-26-56,30,56,0,14,M272,AA7445,0,37
2026-08-01T11:51:56.402Z,deep_scan,20260801073922_MT4-AP1-26-56,30,56,0,15,M61/2,AA7406,0,45
2026-08-01T11:51:56.402Z,deep_scan,20260801073922_MT4-AP1-26-56,30,56,0,22,T379,AA7359,1,23
2026-08-01T11:52:26.436Z,deep_scan,20260801073922_MT4-AP1-26-56,30,56,0,6,T314/2,AA2314,1,8
2026-08-01T11:52:26.436Z,deep_scan,20260801073922_MT4-AP1-26-56,30,56,0,12,M155,AA2619,0,37
2026-08-01T11:52:26.436Z,deep_scan,20260801073922_MT4-AP1-26-56,30,56,0,14,M272,AA7445,0,16
2026-08-01T11:52:26.436Z,deep_scan,20260801073922_MT4-AP1-26-56,30,56,0,15,M61/2,AA7406,0,38
2026-08-01T11:52:26.436Z,deep_scan,20260801073922_MT4-AP1-26-56,30,56,0,22,T379,AA7359,0,22
2026-08-01T11:52:56.386Z,deep_scan,20260801073922_MT4-AP1-26-56,30,56,0,6,T314/2,AA2314,0,16
2026-08-01T11:52:56.386Z,deep_scan,20260801073922_MT4-AP1-26-56,30,56,0,12,M155,AA2619,0,3
2026-08-01T11:52:56.386Z,deep_scan,20260801073922_MT4-AP1-26-56,30,56,0,14,M272,AA7445,0,44
2026-08-01T11:52:56.386Z,deep_scan,20260801073922_MT4-AP1-26-56,30,56,0,15,M61/2,AA7406,0,40
2026-08-01T11:52:56.386Z,deep_scan,20260801073922_MT4-AP1-26-56,30,56,0,22,T379,AA7359,0,24
2026-08-01T11:53:26.432Z,deep_scan,20260801073922_MT4-AP1-26-56,30,56,0,7,T408/6,AA2314,1,10
2026-08-01T11:53:26.432Z,deep_scan,20260801073922_MT4-AP1-26-56,30,56,0,12,M155,AA2619,0,11
2026-08-01T11:53:26.432Z,deep_scan,20260801073922_MT4-AP1-26-56,30,56,0,14,M272,AA7445,0,25
2026-08-01T11:53:26.432Z,deep_scan,20260801073922_MT4-AP1-26-56,30,56,0,15,M61/2,AA7406,0,36
2026-08-01T11:53:26.432Z,deep_scan,20260801073922_MT4-AP1-26-56,30,56,0,22,T379,AA7359,0,40
2026-08-01T11:53:56.406Z,deep_scan,20260801073922_MT4-AP1-26-56,30,56,0,7,T408/6,AA2314,0,5
2026-08-01T11:53:56.406Z,deep_scan,20260801073922_MT4-AP1-26-56,30,56,0,12,M155,AA2619,0,17
2026-08-01T11:53:56.406Z,deep_scan,20260801073922_MT4-AP1-26-56,30,56,0,14,M272,AA7445,0,7
2026-08-01T11:53:56.406Z,deep_scan,20260801073922_MT4-AP1-26-56,30,56,0,15,M61/2,AA7406,0,24
2026-08-01T11:53:56.406Z,deep_scan,20260801073922_MT4-AP1-26-56,30,56,0,22,T379,AA7359,0,41
2026-08-01T11:54:26.448Z,deep_scan,20260801073922_MT4-AP1-26-56,30,56,0,7,T408/6,AA2314,0,5
2026-08-01T11:54:26.448Z,deep_scan,20260801073922_MT4-AP1-26-56,30,56,0,12,M155,AA2619,0,17
2026-08-01T11:54:26.448Z,deep_scan,20260801073922_MT4-AP1-26-56,30,56,0,15,M61/2,AA7406,0,44
2026-08-01T11:54:26.448Z,deep_scan,20260801073922_MT4-AP1-26-56,30,56,0,15,M61/2,AA7445,1,4
2026-08-01T11:54:26.448Z,deep_scan,20260801073922_MT4-AP1-26-56,30,56,0,22,T379,AA7359,0,17
2026-08-01T11:54:56.418Z,deep_scan,20260801073922_MT4-AP1-26-56,30,56,0,7,T408/6,AA2314,0,24
2026-08-01T11:54:56.418Z,deep_scan,20260801073922_MT4-AP1-26-56,30,56,0,12,M155,AA2619,0,9
2026-08-01T11:54:56.418Z,deep_scan,20260801073922_MT4-AP1-26-56,30,56,0,15,M61/2,AA7406,0,44
2026-08-01T11:54:56.418Z,deep_scan,20260801073922_MT4-AP1-26-56,30,56,0,15,M61/2,AA7445,0,11
2026-08-01T11:54:56.418Z,deep_scan,20260801073922_MT4-AP1-26-56,30,56,0,22,T379,AA7359,0,14
2026-08-01T11:55:26.404Z,deep_scan,20260801073922_MT4-AP1-26-56,30,56,0,7,T408/6,AA2314,0,19
2026-08-01T11:55:26.404Z,deep_scan,20260801073922_MT4-AP1-26-56,30,56,0,13,M92,AA2619,1,10
2026-08-01T11:55:26.404Z,deep_scan,20260801073922_MT4-AP1-26-56,30,56,0,15,M61/2,AA7406,0,46
2026-08-01T11:55:26.404Z,deep_scan,20260801073922_MT4-AP1-26-56,30,56,0,15,M61/2,AA7445,0,4
2026-08-01T11:55:26.404Z,deep_scan,20260801073922_MT4-AP1-26-56,30,56,0,23,C688/2,AA7359,1,14
2026-08-01T11:55:56.441Z,deep_scan,20260801073922_MT4-AP1-26-56,30,56,0,8,T343,AA2314,1,5
2026-08-01T11:55:56.441Z,deep_scan,20260801073922_MT4-AP1-26-56,30,56,0,13,M92,AA2619,1,10
2026-08-01T11:55:56.441Z,deep_scan,20260801073922_MT4-AP1-26-56,30,56,0,15,M61/2,AA7406,0,48
2026-08-01T11:55:56.441Z,deep_scan,20260801073922_MT4-AP1-26-56,30,56,0,15,M61/2,AA7445,0,45
2026-08-01T11:55:56.441Z,deep_scan,20260801073922_MT4-AP1-26-56,30,56,0,23,C688/2,AA7359,1,14
2026-08-01T11:56:26.465Z,deep_scan,20260801073922_MT4-AP1-26-56,30,56,0,8,T343,AA2314,0,30
2026-08-01T11:56:26.465Z,deep_scan,20260801073922_MT4-AP1-26-56,30,56,0,13,M92,AA2619,0,13
2026-08-01T11:56:26.465Z,deep_scan,20260801073922_MT4-AP1-26-56,30,56,0,15,M61/2,AA7406,0,43
2026-08-01T11:56:26.465Z,deep_scan,20260801073922_MT4-AP1-26-56,30,56,0,15,M61/2,AA7445,0,37
2026-08-01T11:56:26.465Z,deep_scan,20260801073922_MT4-AP1-26-56,30,56,0,23,C688/2,AA7359,0,14
2026-08-01T11:56:56.422Z,deep_scan,20260801073922_MT4-AP1-26-56,30,56,0,8,T343,AA2314,0,46
2026-08-01T11:56:56.422Z,deep_scan,20260801073922_MT4-AP1-26-56,30,56,0,13,M92,AA2619,0,13
2026-08-01T11:56:56.422Z,deep_scan,20260801073922_MT4-AP1-26-56,30,56,0,15,M61/2,AA7406,0,48
2026-08-01T11:56:56.422Z,deep_scan,20260801073922_MT4-AP1-26-56,30,56,0,15,M61/2,AA7445,0,45
2026-08-01T11:56:56.422Z,deep_scan,20260801073922_MT4-AP1-26-56,30,56,0,24,C690/6,AA7359,1,0
2026-08-01T11:57:26.462Z,deep_scan,20260801073922_MT4-AP1-26-56,30,56,0,8,T343,AA2314,0,29
2026-08-01T11:57:26.462Z,deep_scan,20260801073922_MT4-AP1-26-56,30,56,0,13,M92,AA2619,0,23
2026-08-01T11:57:26.462Z,deep_scan,20260801073922_MT4-AP1-26-56,30,56,0,15,M61/2,AA7406,0,49
2026-08-01T11:57:26.462Z,deep_scan,20260801073922_MT4-AP1-26-56,30,56,0,15,M61/2,AA7445,0,44
2026-08-01T11:57:26.462Z,deep_scan,20260801073922_MT4-AP1-26-56,30,56,0,24,C690/6,AA7359,1,0
2026-08-01T11:57:56.434Z,deep_scan,20260801073922_MT4-AP1-26-56,30,56,0,8,T343,AA2314,0,42
2026-08-01T11:57:56.434Z,deep_scan,20260801073922_MT4-AP1-26-56,30,56,0,13,M92,AA2619,0,6
2026-08-01T11:57:56.434Z,deep_scan,20260801073922_MT4-AP1-26-56,30,56,0,15,M61/2,AA7406,0,48
2026-08-01T11:57:56.434Z,deep_scan,20260801073922_MT4-AP1-26-56,30,56,0,15,M61/2,AA7445,0,45
2026-08-01T11:57:56.434Z,deep_scan,20260801073922_MT4-AP1-26-56,30,56,0,24,C690/6,AA7359,1,0
2026-08-01T11:58:26.500Z,deep_scan,20260801073922_MT4-AP1-26-56,30,56,0,8,T343,AA2314,0,45
2026-08-01T11:58:26.500Z,deep_scan,20260801073922_MT4-AP1-26-56,30,56,0,14,M272,AA2619,1,23
2026-08-01T11:58:26.500Z,deep_scan,20260801073922_MT4-AP1-26-56,30,56,0,15,M61/2,AA7406,0,47
2026-08-01T11:58:26.500Z,deep_scan,20260801073922_MT4-AP1-26-56,30,56,0,15,M61/2,AA7445,0,44
2026-08-01T11:58:26.500Z,deep_scan,20260801073922_MT4-AP1-26-56,30,56,0,24,C690/6,AA7359,1,0
2026-08-01T11:58:56.433Z,deep_scan,20260801073922_MT4-AP1-26-56,30,56,0,8,T343,AA2314,0,2
2026-08-01T11:58:56.433Z,deep_scan,20260801073922_MT4-AP1-26-56,30,56,0,14,M272,AA2619,1,6
2026-08-01T11:58:56.433Z,deep_scan,20260801073922_MT4-AP1-26-56,30,56,0,15,M61/2,AA7406,0,35
2026-08-01T11:58:56.433Z,deep_scan,20260801073922_MT4-AP1-26-56,30,56,0,15,M61/2,AA7445,0,44
2026-08-01T11:58:56.433Z,deep_scan,20260801073922_MT4-AP1-26-56,30,56,0,24,C690/6,AA7359,1,0
2026-08-01T11:59:26.490Z,deep_scan,20260801073922_MT4-AP1-26-56,30,56,0,8,T343,AA2314,0,33
2026-08-01T11:59:26.490Z,deep_scan,20260801073922_MT4-AP1-26-56,30,56,0,14,M272,AA2619,0,21
2026-08-01T11:59:26.490Z,deep_scan,20260801073922_MT4-AP1-26-56,30,56,0,15,M61/2,AA7406,0,35
2026-08-01T11:59:26.490Z,deep_scan,20260801073922_MT4-AP1-26-56,30,56,0,15,M61/2,AA7445,0,43
2026-08-01T11:59:26.490Z,deep_scan,20260801073922_MT4-AP1-26-56,30,56,0,24,C690/6,AA7359,1,0
2026-08-01T11:59:56.486Z,deep_scan,20260801073922_MT4-AP1-26-56,30,56,0,8,T343,AA2314,0,37
2026-08-01T11:59:56.486Z,deep_scan,20260801073922_MT4-AP1-26-56,30,56,0,14,M272,AA2619,0,7
2026-08-01T11:59:56.486Z,deep_scan,20260801073922_MT4-AP1-26-56,30,56,0,15,M61/2,AA7445,0,48
2026-08-01T11:59:56.486Z,deep_scan,20260801073922_MT4-AP1-26-56,30,56,0,16,T342,AA7406,1,15
2026-08-01T11:59:56.486Z,deep_scan,20260801073922_MT4-AP1-26-56,30,56,0,24,C690/6,AA7359,1,0
2026-08-01T12:00:26.484Z,deep_scan,20260801073922_MT4-AP1-26-56,30,56,0,8,T343,AA2314,0,41
2026-08-01T12:00:26.484Z,deep_scan,20260801073922_MT4-AP1-26-56,30,56,0,14,M272,AA2619,0,26
2026-08-01T12:00:26.484Z,deep_scan,20260801073922_MT4-AP1-26-56,30,56,0,15,M61/2,AA7445,0,45
2026-08-01T12:00:26.484Z,deep_scan,20260801073922_MT4-AP1-26-56,30,56,0,16,T342,AA7406,1,12
2026-08-01T12:00:26.484Z,deep_scan,20260801073922_MT4-AP1-26-56,30,56,0,24,C690/6,AA7359,1,0
2026-08-01T12:00:56.484Z,deep_scan,20260801073922_MT4-AP1-26-56,30,56,0,8,T343,AA2314,0,37
2026-08-01T12:00:56.484Z,deep_scan,20260801073922_MT4-AP1-26-56,30,56,0,14,M272,AA2619,0,1
2026-08-01T12:00:56.484Z,deep_scan,20260801073922_MT4-AP1-26-56,30,56,0,15,M61/2,AA7445,0,45
2026-08-01T12:00:56.484Z,deep_scan,20260801073922_MT4-AP1-26-56,30,56,0,16,T342,AA7406,0,38
2026-08-01T12:00:56.484Z,deep_scan,20260801073922_MT4-AP1-26-56,30,56,0,24,C690/6,AA7359,1,0
2026-08-01T12:01:26.486Z,deep_scan,20260801073922_MT4-AP1-26-56,30,56,0,8,T343,AA2314,0,46
2026-08-01T12:01:26.486Z,deep_scan,20260801073922_MT4-AP1-26-56,30,56,0,15,M61/2,AA7445,0,43
2026-08-01T12:01:26.486Z,deep_scan,20260801073922_MT4-AP1-26-56,30,56,0,15,M61/2,AA2619,1,29
2026-08-01T12:01:26.486Z,deep_scan,20260801073922_MT4-AP1-26-56,30,56,0,17,T409,AA7406,1,16
2026-08-01T12:01:56.479Z,deep_scan,20260801073922_MT4-AP1-26-56,30,56,0,8,T343,AA2314,0,47
2026-08-01T12:01:56.479Z,deep_scan,20260801073922_MT4-AP1-26-56,30,56,0,15,M61/2,AA7445,0,48
2026-08-01T12:01:56.479Z,deep_scan,20260801073922_MT4-AP1-26-56,30,56,0,15,M61/2,AA2619,0,15
2026-08-01T12:01:56.479Z,deep_scan,20260801073922_MT4-AP1-26-56,30,56,0,17,T409,AA7406,0,33
2026-08-01T12:02:26.458Z,deep_scan,20260801073922_MT4-AP1-26-56,30,56,0,0,C690/6,AA7359,1,14
2026-08-01T12:02:26.458Z,deep_scan,20260801073922_MT4-AP1-26-56,30,56,0,8,T343,AA2314,0,47
2026-08-01T12:02:26.458Z,deep_scan,20260801073922_MT4-AP1-26-56,30,56,0,15,M61/2,AA7445,0,48
2026-08-01T12:02:26.458Z,deep_scan,20260801073922_MT4-AP1-26-56,30,56,0,15,M61/2,AA2619,0,15
2026-08-01T12:02:26.458Z,deep_scan,20260801073922_MT4-AP1-26-56,30,56,0,17,T409,AA7406,0,23
2026-08-01T12:02:56.487Z,deep_scan,20260801073922_MT4-AP1-26-56,30,56,0,1,C689/2,AA7359,1,14
2026-08-01T12:02:56.487Z,deep_scan,20260801073922_MT4-AP1-26-56,30,56,0,8,T343,AA2314,0,42
2026-08-01T12:02:56.487Z,deep_scan,20260801073922_MT4-AP1-26-56,30,56,0,15,M61/2,AA7445,0,44
2026-08-01T12:02:56.487Z,deep_scan,20260801073922_MT4-AP1-26-56,30,56,0,15,M61/2,AA2619,0,20
2026-08-01T12:02:56.487Z,deep_scan,20260801073922_MT4-AP1-26-56,30,56,0,18,T313,AA7406,1,18
2026-08-01T12:03:26.476Z,deep_scan,20260801073922_MT4-AP1-26-56,30,56,0,1,C689/2,AA7359,1,14
2026-08-01T12:03:26.476Z,deep_scan,20260801073922_MT4-AP1-26-56,30,56,0,8,T343,AA2314,0,46
2026-08-01T12:03:26.476Z,deep_scan,20260801073922_MT4-AP1-26-56,30,56,0,15,M61/2,AA2619,0,22
2026-08-01T12:03:26.476Z,deep_scan,20260801073922_MT4-AP1-26-56,30,56,0,16,T342,AA7445,1,41
2026-08-01T12:03:26.476Z,deep_scan,20260801073922_MT4-AP1-26-56,30,56,0,18,T313,AA7406,1,18
2026-08-01T12:03:56.481Z,deep_scan,20260801073922_MT4-AP1-26-56,30,56,0,1,C689/2,AA7359,0,14
2026-08-01T12:03:56.481Z,deep_scan,20260801073922_MT4-AP1-26-56,30,56,0,8,T343,AA2314,0,48
2026-08-01T12:03:56.481Z,deep_scan,20260801073922_MT4-AP1-26-56,30,56,0,15,M61/2,AA2619,0,34
2026-08-01T12:03:56.481Z,deep_scan,20260801073922_MT4-AP1-26-56,30,56,0,16,T342,AA7445,0,23
2026-08-01T12:03:56.481Z,deep_scan,20260801073922_MT4-AP1-26-56,30,56,0,18,T313,AA7406,1,18
2026-08-01T12:04:26.499Z,deep_scan,20260801073922_MT4-AP1-26-56,30,56,0,1,C689/2,AA7359,0,42
2026-08-01T12:04:26.499Z,deep_scan,20260801073922_MT4-AP1-26-56,30,56,0,8,T343,AA2314,0,44
2026-08-01T12:04:26.499Z,deep_scan,20260801073922_MT4-AP1-26-56,30,56,0,15,M61/2,AA2619,0,40
2026-08-01T12:04:26.499Z,deep_scan,20260801073922_MT4-AP1-26-56,30,56,0,16,T342,AA7445,0,43
2026-08-01T12:04:26.499Z,deep_scan,20260801073922_MT4-AP1-26-56,30,56,0,18,T313,AA7406,0,34
2026-08-01T12:04:56.553Z,deep_scan,20260801073922_MT4-AP1-26-56,30,56,0,1,C689/2,AA7359,0,47
2026-08-01T12:04:56.553Z,deep_scan,20260801073922_MT4-AP1-26-56,30,56,0,8,T343,AA2314,0,47
2026-08-01T12:04:56.553Z,deep_scan,20260801073922_MT4-AP1-26-56,30,56,0,15,M61/2,AA2619,0,38
2026-08-01T12:04:56.553Z,deep_scan,20260801073922_MT4-AP1-26-56,30,56,0,17,T409,AA7445,0,42
2026-08-01T12:04:56.553Z,deep_scan,20260801073922_MT4-AP1-26-56,30,56,0,19,T315,AA7406,1,33
2026-08-01T12:05:26.510Z,deep_scan,20260801073922_MT4-AP1-26-56,30,56,0,1,C689/2,AA7359,0,29
2026-08-01T12:05:26.510Z,deep_scan,20260801073922_MT4-AP1-26-56,30,56,0,8,T343,AA2314,0,46
2026-08-01T12:05:26.510Z,deep_scan,20260801073922_MT4-AP1-26-56,30,56,0,15,M61/2,AA2619,0,39
2026-08-01T12:05:26.510Z,deep_scan,20260801073922_MT4-AP1-26-56,30,56,0,17,T409,AA7445,0,20
2026-08-01T12:05:26.510Z,deep_scan,20260801073922_MT4-AP1-26-56,30,56,0,19,T315,AA7406,0,28
2026-08-01T12:05:56.516Z,deep_scan,20260801073922_MT4-AP1-26-56,30,56,0,2,T360,AA7359,1,27
2026-08-01T12:05:56.516Z,deep_scan,20260801073922_MT4-AP1-26-56,30,56,0,8,T343,AA2314,0,47
2026-08-01T12:05:56.516Z,deep_scan,20260801073922_MT4-AP1-26-56,30,56,0,15,M61/2,AA2619,0,38
2026-08-01T12:05:56.516Z,deep_scan,20260801073922_MT4-AP1-26-56,30,56,0,18,T313,AA7445,0,14
2026-08-01T12:05:56.516Z,deep_scan,20260801073922_MT4-AP1-26-56,30,56,0,19,T315,AA7406,0,36
2026-08-01T12:06:26.545Z,deep_scan,20260801073922_MT4-AP1-26-56,30,56,0,2,T360,AA7359,0,4
2026-08-01T12:06:26.545Z,deep_scan,20260801073922_MT4-AP1-26-56,30,56,0,8,T343,AA2314,0,39
2026-08-01T12:06:26.545Z,deep_scan,20260801073922_MT4-AP1-26-56,30,56,0,15,M61/2,AA2619,0,40
2026-08-01T12:06:26.545Z,deep_scan,20260801073922_MT4-AP1-26-56,30,56,0,19,T315,AA7406,0,18
2026-08-01T12:06:26.545Z,deep_scan,20260801073922_MT4-AP1-26-56,30,56,0,19,T315,AA7445,1,23
2026-08-01T12:06:56.572Z,deep_scan,20260801073922_MT4-AP1-26-56,30,56,0,3,T376/2,AA7359,1,20
2026-08-01T12:06:56.572Z,deep_scan,20260801073922_MT4-AP1-26-56,30,56,0,9,M239/1,AA2314,1,48
2026-08-01T12:06:56.572Z,deep_scan,20260801073922_MT4-AP1-26-56,30,56,0,15,M61/2,AA2619,0,46
2026-08-01T12:06:56.572Z,deep_scan,20260801073922_MT4-AP1-26-56,30,56,0,19,T315,AA7445,1,7
2026-08-01T12:06:56.572Z,deep_scan,20260801073922_MT4-AP1-26-56,30,56,0,20,T375,AA7406,1,27
2026-08-01T12:07:26.555Z,deep_scan,20260801073922_MT4-AP1-26-56,30,56,0,3,T376/2,AA7359,1,19
2026-08-01T12:07:26.555Z,deep_scan,20260801073922_MT4-AP1-26-56,30,56,0,9,M239/1,AA2314,0,15
2026-08-01T12:07:26.555Z,deep_scan,20260801073922_MT4-AP1-26-56,30,56,0,15,M61/2,AA2619,0,43
2026-08-01T12:07:26.555Z,deep_scan,20260801073922_MT4-AP1-26-56,30,56,0,19,T315,AA7445,0,36
2026-08-01T12:07:26.555Z,deep_scan,20260801073922_MT4-AP1-26-56,30,56,0,20,T375,AA7406,0,24
2026-08-01T12:07:56.534Z,deep_scan,20260801073922_MT4-AP1-26-56,30,56,0,3,T376/2,AA7359,1,19
2026-08-01T12:07:56.534Z,deep_scan,20260801073922_MT4-AP1-26-56,30,56,0,10,M254,AA2314,1,39
2026-08-01T12:07:56.534Z,deep_scan,20260801073922_MT4-AP1-26-56,30,56,0,15,M61/2,AA2619,0,43
2026-08-01T12:07:56.534Z,deep_scan,20260801073922_MT4-AP1-26-56,30,56,0,19,T315,AA7445,0,25
2026-08-01T12:07:56.534Z,deep_scan,20260801073922_MT4-AP1-26-56,30,56,0,20,T375,AA7406,0,24
2026-08-01T12:08:26.542Z,deep_scan,20260801073922_MT4-AP1-26-56,30,56,0,3,T376/2,AA7359,0,37
2026-08-01T12:08:26.542Z,deep_scan,20260801073922_MT4-AP1-26-56,30,56,0,10,M254,AA2314,0,25
2026-08-01T12:08:26.542Z,deep_scan,20260801073922_MT4-AP1-26-56,30,56,0,15,M61/2,AA2619,0,46
2026-08-01T12:08:26.542Z,deep_scan,20260801073922_MT4-AP1-26-56,30,56,0,20,T375,AA7406,0,19
2026-08-01T12:08:26.542Z,deep_scan,20260801073922_MT4-AP1-26-56,30,56,0,20,T375,AA7445,1,5
2026-08-01T12:08:56.564Z,deep_scan,20260801073922_MT4-AP1-26-56,30,56,0,3,T376/2,AA7359,0,23
2026-08-01T12:08:56.564Z,deep_scan,20260801073922_MT4-AP1-26-56,30,56,0,10,M254,AA2314,0,23
2026-08-01T12:08:56.564Z,deep_scan,20260801073922_MT4-AP1-26-56,30,56,0,15,M61/2,AA2619,0,44
2026-08-01T12:08:56.564Z,deep_scan,20260801073922_MT4-AP1-26-56,30,56,0,20,T375,AA7445,0,34
2026-08-01T12:08:56.564Z,deep_scan,20260801073922_MT4-AP1-26-56,30,56,0,21,T380,AA7406,1,4
2026-08-01T12:09:26.551Z,deep_scan,20260801073922_MT4-AP1-26-56,30,56,0,3,T376/2,AA7359,0,4
2026-08-01T12:09:26.551Z,deep_scan,20260801073922_MT4-AP1-26-56,30,56,0,10,M254,AA2314,0,4
2026-08-01T12:09:26.551Z,deep_scan,20260801073922_MT4-AP1-26-56,30,56,0,15,M61/2,AA2619,0,47
2026-08-01T12:09:26.551Z,deep_scan,20260801073922_MT4-AP1-26-56,30,56,0,21,T380,AA7445,1,37
2026-08-01T12:09:26.551Z,deep_scan,20260801073922_MT4-AP1-26-56,30,56,0,21,T380,AA7406,0,26
2026-08-01T12:09:56.573Z,deep_scan,20260801073922_MT4-AP1-26-56,30,56,0,3,T376/2,AA7359,0,23
2026-08-01T12:09:56.573Z,deep_scan,20260801073922_MT4-AP1-26-56,30,56,0,10,M254,AA2314,0,4
2026-08-01T12:09:56.573Z,deep_scan,20260801073922_MT4-AP1-26-56,30,56,0,15,M61/2,AA2619,0,47
2026-08-01T12:09:56.573Z,deep_scan,20260801073922_MT4-AP1-26-56,30,56,0,21,T380,AA7445,1,14
2026-08-01T12:09:56.573Z,deep_scan,20260801073922_MT4-AP1-26-56,30,56,0,22,T379,AA7406,1,16
2026-08-01T12:10:26.573Z,deep_scan,20260801073922_MT4-AP1-26-56,30,56,0,4,T363/2,AA7359,1,14
2026-08-01T12:10:26.573Z,deep_scan,20260801073922_MT4-AP1-26-56,30,56,0,11,M117,AA2314,1,37
2026-08-01T12:10:26.573Z,deep_scan,20260801073922_MT4-AP1-26-56,30,56,0,15,M61/2,AA2619,0,47
2026-08-01T12:10:26.573Z,deep_scan,20260801073922_MT4-AP1-26-56,30,56,0,22,T379,AA7406,0,7
2026-08-01T12:10:26.573Z,deep_scan,20260801073922_MT4-AP1-26-56,30,56,0,22,T379,AA7445,1,46
2026-08-01T12:10:56.608Z,deep_scan,20260801073922_MT4-AP1-26-56,30,56,0,4,T363/2,AA7359,1,6
2026-08-01T12:10:56.608Z,deep_scan,20260801073922_MT4-AP1-26-56,30,56,0,11,M117,AA2314,1,16
2026-08-01T12:10:56.608Z,deep_scan,20260801073922_MT4-AP1-26-56,30,56,0,15,M61/2,AA2619,0,46
2026-08-01T12:10:56.608Z,deep_scan,20260801073922_MT4-AP1-26-56,30,56,0,22,T379,AA7406,0,35
2026-08-01T12:10:56.608Z,deep_scan,20260801073922_MT4-AP1-26-56,30,56,0,22,T379,AA7445,0,35
2026-08-01T12:11:26.587Z,deep_scan,20260801073922_MT4-AP1-26-56,30,56,0,4,T363/2,AA7359,0,6
2026-08-01T12:11:26.587Z,deep_scan,20260801073922_MT4-AP1-26-56,30,56,0,11,M117,AA2314,0,41
2026-08-01T12:11:26.587Z,deep_scan,20260801073922_MT4-AP1-26-56,30,56,0,15,M61/2,AA2619,0,38
2026-08-01T12:11:26.587Z,deep_scan,20260801073922_MT4-AP1-26-56,30,56,0,22,T379,AA7406,0,22
2026-08-01T12:11:26.587Z,deep_scan,20260801073922_MT4-AP1-26-56,30,56,0,22,T379,AA7445,0,36
2026-08-01T12:11:56.596Z,deep_scan,20260801073922_MT4-AP1-26-56,30,56,0,4,T363/2,AA7359,0,25
2026-08-01T12:11:56.596Z,deep_scan,20260801073922_MT4-AP1-26-56,30,56,0,12,M155,AA2314,1,3
2026-08-01T12:11:56.596Z,deep_scan,20260801073922_MT4-AP1-26-56,30,56,0,15,M61/2,AA2619,0,38
2026-08-01T12:11:56.596Z,deep_scan,20260801073922_MT4-AP1-26-56,30,56,0,22,T379,AA7406,0,31
2026-08-01T12:11:56.596Z,deep_scan,20260801073922_MT4-AP1-26-56,30,56,0,22,T379,AA7445,0,35
2026-08-01T12:12:26.605Z,deep_scan,20260801073922_MT4-AP1-26-56,30,56,0,5,T306,AA7359,1,22
2026-08-01T12:12:26.605Z,deep_scan,20260801073922_MT4-AP1-26-56,30,56,0,12,M155,AA2314,0,3
2026-08-01T12:12:26.605Z,deep_scan,20260801073922_MT4-AP1-26-56,30,56,0,16,T342,AA2619,1,16
2026-08-01T12:12:26.605Z,deep_scan,20260801073922_MT4-AP1-26-56,30,56,0,22,T379,AA7406,0,43
2026-08-01T12:12:26.605Z,deep_scan,20260801073922_MT4-AP1-26-56,30,56,0,22,T379,AA7445,0,36
2026-08-01T12:12:56.615Z,deep_scan,20260801073922_MT4-AP1-26-56,30,56,0,5,T306,AA7359,0,31
2026-08-01T12:12:56.615Z,deep_scan,20260801073922_MT4-AP1-26-56,30,56,0,12,M155,AA2314,0,46
2026-08-01T12:12:56.615Z,deep_scan,20260801073922_MT4-AP1-26-56,30,56,0,16,T342,AA2619,0,35
2026-08-01T12:12:56.615Z,deep_scan,20260801073922_MT4-AP1-26-56,30,56,0,22,T379,AA7406,0,30
2026-08-01T12:12:56.615Z,deep_scan,20260801073922_MT4-AP1-26-56,30,56,0,22,T379,AA7445,0,36
2026-08-01T12:13:26.614Z,deep_scan,20260801073922_MT4-AP1-26-56,30,56,0,5,T306,AA7359,0,39
2026-08-01T12:13:26.614Z,deep_scan,20260801073922_MT4-AP1-26-56,30,56,0,12,M155,AA2314,0,43
2026-08-01T12:13:26.614Z,deep_scan,20260801073922_MT4-AP1-26-56,30,56,0,16,T342,AA2619,0,5
2026-08-01T12:13:26.614Z,deep_scan,20260801073922_MT4-AP1-26-56,30,56,0,22,T379,AA7406,0,7
2026-08-01T12:13:26.614Z,deep_scan,20260801073922_MT4-AP1-26-56,30,56,0,22,T379,AA7445,0,4
2026-08-01T12:13:56.548Z,deep_scan,20260801073922_MT4-AP1-26-56,30,56,0,6,T314/2,AA7359,1,4
2026-08-01T12:13:56.548Z,deep_scan,20260801073922_MT4-AP1-26-56,30,56,0,12,M155,AA2314,0,29
2026-08-01T12:13:56.548Z,deep_scan,20260801073922_MT4-AP1-26-56,30,56,0,17,T409,AA2619,1,20
2026-08-01T12:13:56.548Z,deep_scan,20260801073922_MT4-AP1-26-56,30,56,0,22,T379,AA7406,0,13
2026-08-01T12:13:56.548Z,deep_scan,20260801073922_MT4-AP1-26-56,30,56,0,22,T379,AA7445,0,4
2026-08-01T12:14:26.638Z,deep_scan,20260801073922_MT4-AP1-26-56,30,56,0,6,T314/2,AA7359,1,10
2026-08-01T12:14:26.638Z,deep_scan,20260801073922_MT4-AP1-26-56,30,56,0,12,M155,AA2314,0,38
2026-08-01T12:14:26.638Z,deep_scan,20260801073922_MT4-AP1-26-56,30,56,0,17,T409,AA2619,0,24
2026-08-01T12:14:26.638Z,deep_scan,20260801073922_MT4-AP1-26-56,30,56,0,23,C688/2,AA7406,1,13
2026-08-01T12:14:26.638Z,deep_scan,20260801073922_MT4-AP1-26-56,30,56,0,23,C688/2,AA7445,1,4
2026-08-01T12:14:56.663Z,deep_scan,20260801073922_MT4-AP1-26-56,30,56,0,6,T314/2,AA7359,0,16
2026-08-01T12:14:56.663Z,deep_scan,20260801073922_MT4-AP1-26-56,30,56,0,12,M155,AA2314,0,3
2026-08-01T12:14:56.663Z,deep_scan,20260801073922_MT4-AP1-26-56,30,56,0,18,T313,AA2619,1,22
2026-08-01T12:14:56.663Z,deep_scan,20260801073922_MT4-AP1-26-56,30,56,0,24,C690/6,AA7406,1,0
2026-08-01T12:14:56.663Z,deep_scan,20260801073922_MT4-AP1-26-56,30,56,0,24,C690/6,AA7445,1,0
2026-08-01T12:15:26.703Z,deep_scan,20260801073922_MT4-AP1-26-56,30,56,0,6,T314/2,AA7359,0,15
2026-08-01T12:15:26.703Z,deep_scan,20260801073922_MT4-AP1-26-56,30,56,0,12,M155,AA2314,0,3
2026-08-01T12:15:26.703Z,deep_scan,20260801073922_MT4-AP1-26-56,30,56,0,19,T315,AA2619,1,30
2026-08-01T12:15:26.703Z,deep_scan,20260801073922_MT4-AP1-26-56,30,56,0,24,C690/6,AA7406,1,0
2026-08-01T12:15:26.703Z,deep_scan,20260801073922_MT4-AP1-26-56,30,56,0,24,C690/6,AA7445,1,0
2026-08-01T12:15:56.695Z,deep_scan,20260801073922_MT4-AP1-26-56,30,56,0,6,T314/2,AA7359,0,15
2026-08-01T12:15:56.695Z,deep_scan,20260801073922_MT4-AP1-26-56,30,56,0,12,M155,AA2314,0,13
2026-08-01T12:15:56.695Z,deep_scan,20260801073922_MT4-AP1-26-56,30,56,0,19,T315,AA2619,0,35
2026-08-01T12:15:56.695Z,deep_scan,20260801073922_MT4-AP1-26-56,30,56,0,24,C690/6,AA7406,1,0
2026-08-01T12:15:56.695Z,deep_scan,20260801073922_MT4-AP1-26-56,30,56,0,24,C690/6,AA7445,1,0
2026-08-01T12:16:26.674Z,deep_scan,20260801073922_MT4-AP1-26-56,30,56,0,6,T314/2,AA7359,0,10
2026-08-01T12:16:26.674Z,deep_scan,20260801073922_MT4-AP1-26-56,30,56,0,12,M155,AA2314,0,2
2026-08-01T12:16:26.674Z,deep_scan,20260801073922_MT4-AP1-26-56,30,56,0,19,T315,AA2619,0,26
2026-08-01T12:16:26.674Z,deep_scan,20260801073922_MT4-AP1-26-56,30,56,0,24,C690/6,AA7445,1,0
2026-08-01T12:16:26.674Z,deep_scan,20260801073922_MT4-AP1-26-56,30,56,0,24,C690/6,AA7406,1,0
2026-08-01T12:16:56.642Z,deep_scan,20260801073922_MT4-AP1-26-56,30,56,0,6,T314/2,AA7359,0,5
2026-08-01T12:16:56.642Z,deep_scan,20260801073922_MT4-AP1-26-56,30,56,0,12,M155,AA2314,0,2
2026-08-01T12:16:56.642Z,deep_scan,20260801073922_MT4-AP1-26-56,30,56,0,19,T315,AA2619,0,27
2026-08-01T12:16:56.642Z,deep_scan,20260801073922_MT4-AP1-26-56,30,56,0,24,C690/6,AA7406,1,0
2026-08-01T12:16:56.642Z,deep_scan,20260801073922_MT4-AP1-26-56,30,56,0,24,C690/6,AA7445,1,0
2026-08-01T12:17:26.703Z,deep_scan,20260801073922_MT4-AP1-26-56,30,56,0,6,T314/2,AA7359,0,32
2026-08-01T12:17:26.703Z,deep_scan,20260801073922_MT4-AP1-26-56,30,56,0,13,M92,AA2314,1,12
2026-08-01T12:17:26.703Z,deep_scan,20260801073922_MT4-AP1-26-56,30,56,0,20,T375,AA2619,1,30
2026-08-01T12:17:26.703Z,deep_scan,20260801073922_MT4-AP1-26-56,30,56,0,24,C690/6,AA7445,1,0
2026-08-01T12:17:26.703Z,deep_scan,20260801073922_MT4-AP1-26-56,30,56,0,24,C690/6,AA7406,1,0
2026-08-01T12:17:56.717Z,deep_scan,20260801073922_MT4-AP1-26-56,30,56,0,8,T343,AA7359,1,34
2026-08-01T12:17:56.717Z,deep_scan,20260801073922_MT4-AP1-26-56,30,56,0,13,M92,AA2314,1,10
2026-08-01T12:17:56.717Z,deep_scan,20260801073922_MT4-AP1-26-56,30,56,0,20,T375,AA2619,0,29
2026-08-01T12:17:56.717Z,deep_scan,20260801073922_MT4-AP1-26-56,30,56,0,24,C690/6,AA7445,1,0
2026-08-01T12:17:56.717Z,deep_scan,20260801073922_MT4-AP1-26-56,30,56,0,24,C690/6,AA7406,1,0
2026-08-01T12:18:26.702Z,deep_scan,20260801073922_MT4-AP1-26-56,30,56,0,8,T343,AA7359,1,1
2026-08-01T12:18:26.702Z,deep_scan,20260801073922_MT4-AP1-26-56,30,56,0,13,M92,AA2314,1,10
2026-08-01T12:18:26.702Z,deep_scan,20260801073922_MT4-AP1-26-56,30,56,0,21,T380,AA2619,1,13
2026-08-01T12:18:26.702Z,deep_scan,20260801073922_MT4-AP1-26-56,30,56,0,24,C690/6,AA7445,1,0
2026-08-01T12:18:26.702Z,deep_scan,20260801073922_MT4-AP1-26-56,30,56,0,24,C690/6,AA7406,1,0
2026-08-01T12:18:56.771Z,deep_scan,20260801073922_MT4-AP1-26-56,30,56,0,8,T343,AA7359,0,24
2026-08-01T12:18:56.771Z,deep_scan,20260801073922_MT4-AP1-26-56,30,56,0,13,M92,AA2314,1,16
2026-08-01T12:18:56.771Z,deep_scan,20260801073922_MT4-AP1-26-56,30,56,0,21,T380,AA2619,1,14
2026-08-01T12:18:56.771Z,deep_scan,20260801073922_MT4-AP1-26-56,30,56,0,24,C690/6,AA7406,1,0
2026-08-01T12:18:56.771Z,deep_scan,20260801073922_MT4-AP1-26-56,30,56,0,24,C690/6,AA7445,1,0
2026-08-01T12:19:26.717Z,deep_scan,20260801073922_MT4-AP1-26-56,30,56,0,8,T343,AA7359,0,40
2026-08-01T12:19:26.717Z,deep_scan,20260801073922_MT4-AP1-26-56,30,56,0,13,M92,AA2314,0,16
2026-08-01T12:19:26.717Z,deep_scan,20260801073922_MT4-AP1-26-56,30,56,0,22,T379,AA2619,1,41
2026-08-01T12:19:56.710Z,deep_scan,20260801073922_MT4-AP1-26-56,30,56,0,8,T343,AA7359,0,31
2026-08-01T12:19:56.710Z,deep_scan,20260801073922_MT4-AP1-26-56,30,56,0,13,M92,AA2314,0,25
2026-08-01T12:19:56.710Z,deep_scan,20260801073922_MT4-AP1-26-56,30,56,0,22,T379,AA2619,0,29
2026-08-01T12:20:26.723Z,deep_scan,20260801073922_MT4-AP1-26-56,30,56,0,8,T343,AA7359,0,48
2026-08-01T12:20:26.723Z,deep_scan,20260801073922_MT4-AP1-26-56,30,56,0,14,M272,AA2314,1,13
2026-08-01T12:20:26.723Z,deep_scan,20260801073922_MT4-AP1-26-56,30,56,0,22,T379,AA2619,0,2
2026-08-01T12:20:56.750Z,deep_scan,20260801073922_MT4-AP1-26-56,30,56,0,8,T343,AA7359,0,46
2026-08-01T12:20:56.750Z,deep_scan,20260801073922_MT4-AP1-26-56,30,56,0,14,M272,AA2314,0,7
2026-08-01T12:20:56.750Z,deep_scan,20260801073922_MT4-AP1-26-56,30,56,0,22,T379,AA2619,0,47
2026-08-01T12:21:26.754Z,deep_scan,20260801073922_MT4-AP1-26-56,30,56,0,8,T343,AA7359,0,20
2026-08-01T12:21:26.754Z,deep_scan,20260801073922_MT4-AP1-26-56,30,56,0,14,M272,AA2314,0,29
2026-08-01T12:21:26.754Z,deep_scan,20260801073922_MT4-AP1-26-56,30,56,0,22,T379,AA2619,0,34
2026-08-01T12:21:56.741Z,deep_scan,20260801073922_MT4-AP1-26-56,30,56,0,8,T343,AA7359,0,20
2026-08-01T12:21:56.741Z,deep_scan,20260801073922_MT4-AP1-26-56,30,56,0,14,M272,AA2314,0,18
2026-08-01T12:21:56.741Z,deep_scan,20260801073922_MT4-AP1-26-56,30,56,0,22,T379,AA2619,0,49
2026-08-01T12:22:26.755Z,deep_scan,20260801073922_MT4-AP1-26-56,30,56,0,8,T343,AA7359,0,20
2026-08-01T12:22:26.755Z,deep_scan,20260801073922_MT4-AP1-26-56,30,56,0,14,M272,AA2314,0,31
2026-08-01T12:22:26.755Z,deep_scan,20260801073922_MT4-AP1-26-56,30,56,0,22,T379,AA2619,0,49
2026-08-01T12:22:56.793Z,deep_scan,20260801073922_MT4-AP1-26-56,30,56,0,8,T343,AA7359,0,37
2026-08-01T12:22:56.793Z,deep_scan,20260801073922_MT4-AP1-26-56,30,56,0,14,M272,AA2314,0,1
2026-08-01T12:22:56.793Z,deep_scan,20260801073922_MT4-AP1-26-56,30,56,0,23,C688/2,AA2619,1,28
2026-08-01T12:23:26.762Z,deep_scan,20260801073922_MT4-AP1-26-56,30,56,0,0,C690/6,AA7402,1,19
2026-08-01T12:23:26.762Z,deep_scan,20260801073922_MT4-AP1-26-56,30,56,0,8,T343,AA7359,0,38
2026-08-01T12:23:26.762Z,deep_scan,20260801073922_MT4-AP1-26-56,30,56,0,14,M272,AA2314,0,33
2026-08-01T12:23:26.762Z,deep_scan,20260801073922_MT4-AP1-26-56,30,56,0,23,C688/2,AA2619,0,28
2026-08-01T12:23:56.802Z,deep_scan,20260801073922_MT4-AP1-26-56,30,56,0,0,C690/6,AA7402,0,19
2026-08-01T12:23:56.802Z,deep_scan,20260801073922_MT4-AP1-26-56,30,56,0,8,T343,AA7359,0,40
2026-08-01T12:23:56.802Z,deep_scan,20260801073922_MT4-AP1-26-56,30,56,0,15,M61/2,AA2314,1,27
2026-08-01T12:23:56.802Z,deep_scan,20260801073922_MT4-AP1-26-56,30,56,0,24,C690/6,AA2619,1,0
2026-08-01T12:24:26.784Z,deep_scan,20260801073922_MT4-AP1-26-56,30,56,0,0,C690/6,AA7402,0,19
2026-08-01T12:24:26.784Z,deep_scan,20260801073922_MT4-AP1-26-56,30,56,0,8,T343,AA7359,0,28
2026-08-01T12:24:26.784Z,deep_scan,20260801073922_MT4-AP1-26-56,30,56,0,15,M61/2,AA2314,0,35
2026-08-01T12:24:26.784Z,deep_scan,20260801073922_MT4-AP1-26-56,30,56,0,24,C690/6,AA2619,1,0
2026-08-01T12:24:56.856Z,deep_scan,20260801073922_MT4-AP1-26-56,30,56,0,0,C690/6,AA7402,0,19
2026-08-01T12:24:56.856Z,deep_scan,20260801073922_MT4-AP1-26-56,30,56,0,8,T343,AA7359,0,34
2026-08-01T12:24:56.856Z,deep_scan,20260801073922_MT4-AP1-26-56,30,56,0,15,M61/2,AA2314,0,14
2026-08-01T12:24:56.856Z,deep_scan,20260801073922_MT4-AP1-26-56,30,56,0,24,C690/6,AA2619,1,0
2026-08-01T12:25:26.802Z,deep_scan,20260801073922_MT4-AP1-26-56,30,56,0,0,C690/6,AA7402,0,19
2026-08-01T12:25:26.802Z,deep_scan,20260801073922_MT4-AP1-26-56,30,56,0,8,T343,AA7359,0,44
2026-08-01T12:25:26.802Z,deep_scan,20260801073922_MT4-AP1-26-56,30,56,0,15,M61/2,AA2314,0,14
2026-08-01T12:25:26.802Z,deep_scan,20260801073922_MT4-AP1-26-56,30,56,0,24,C690/6,AA2619,1,0
2026-08-01T12:25:56.839Z,deep_scan,20260801073922_MT4-AP1-26-56,30,56,0,1,C689/2,AA7402,1,19
2026-08-01T12:25:56.839Z,deep_scan,20260801073922_MT4-AP1-26-56,30,56,0,8,T343,AA7359,0,48
2026-08-01T12:25:56.839Z,deep_scan,20260801073922_MT4-AP1-26-56,30,56,0,15,M61/2,AA2314,0,36
2026-08-01T12:25:56.839Z,deep_scan,20260801073922_MT4-AP1-26-56,30,56,0,24,C690/6,AA2619,1,0
2026-08-01T12:26:26.804Z,deep_scan,20260801073922_MT4-AP1-26-56,30,56,0,1,C689/2,AA7402,1,19
2026-08-01T12:26:26.804Z,deep_scan,20260801073922_MT4-AP1-26-56,30,56,0,8,T343,AA7359,0,45
2026-08-01T12:26:26.804Z,deep_scan,20260801073922_MT4-AP1-26-56,30,56,0,15,M61/2,AA2314,0,31
2026-08-01T12:26:26.804Z,deep_scan,20260801073922_MT4-AP1-26-56,30,56,0,24,C690/6,AA2619,1,0
2026-08-01T12:26:56.838Z,deep_scan,20260801073922_MT4-AP1-26-56,30,56,0,1,C689/2,AA7402,0,19
2026-08-01T12:26:56.838Z,deep_scan,20260801073922_MT4-AP1-26-56,30,56,0,8,T343,AA7359,0,43
2026-08-01T12:26:56.838Z,deep_scan,20260801073922_MT4-AP1-26-56,30,56,0,15,M61/2,AA2314,0,40
2026-08-01T12:26:56.838Z,deep_scan,20260801073922_MT4-AP1-26-56,30,56,0,24,C690/6,AA2619,1,0
2026-08-01T12:27:26.815Z,deep_scan,20260801073922_MT4-AP1-26-56,30,56,0,1,C689/2,AA7402,0,20
2026-08-01T12:27:26.815Z,deep_scan,20260801073922_MT4-AP1-26-56,30,56,0,8,T343,AA7359,0,44
2026-08-01T12:27:26.815Z,deep_scan,20260801073922_MT4-AP1-26-56,30,56,0,15,M61/2,AA2314,0,38
2026-08-01T12:27:26.815Z,deep_scan,20260801073922_MT4-AP1-26-56,30,56,0,24,C690/6,AA2619,1,0
2026-08-01T12:27:56.852Z,deep_scan,20260801073922_MT4-AP1-26-56,30,56,0,1,C689/2,AA7402,0,46
2026-08-01T12:27:56.852Z,deep_scan,20260801073922_MT4-AP1-26-56,30,56,0,8,T343,AA7359,0,47
2026-08-01T12:27:56.852Z,deep_scan,20260801073922_MT4-AP1-26-56,30,56,0,15,M61/2,AA2314,0,42
2026-08-01T12:28:26.843Z,deep_scan,20260801073922_MT4-AP1-26-56,30,56,0,1,C689/2,AA7402,0,10
2026-08-01T12:28:26.843Z,deep_scan,20260801073922_MT4-AP1-26-56,30,56,0,8,T343,AA7359,0,44
2026-08-01T12:28:26.843Z,deep_scan,20260801073922_MT4-AP1-26-56,30,56,0,15,M61/2,AA2314,0,42
2026-08-01T12:28:56.841Z,deep_scan,20260801073922_MT4-AP1-26-56,30,56,0,1,C689/2,AA7402,0,32
2026-08-01T12:28:56.841Z,deep_scan,20260801073922_MT4-AP1-26-56,30,56,0,8,T343,AA7359,0,46
2026-08-01T12:28:56.841Z,deep_scan,20260801073922_MT4-AP1-26-56,30,56,0,15,M61/2,AA2314,0,44
2026-08-01T12:29:26.836Z,deep_scan,20260801073922_MT4-AP1-26-56,30,56,0,2,T360,AA7402,1,14
2026-08-01T12:29:26.836Z,deep_scan,20260801073922_MT4-AP1-26-56,30,56,0,8,T343,AA7359,0,44
2026-08-01T12:29:26.836Z,deep_scan,20260801073922_MT4-AP1-26-56,30,56,0,15,M61/2,AA2314,0,43
2026-08-01T12:29:56.820Z,deep_scan,20260801073922_MT4-AP1-26-56,30,56,0,2,T360,AA7402,0,41
2026-08-01T12:29:56.820Z,deep_scan,20260801073922_MT4-AP1-26-56,30,56,0,8,T343,AA7359,0,40
2026-08-01T12:29:56.820Z,deep_scan,20260801073922_MT4-AP1-26-56,30,56,0,15,M61/2,AA2314,0,43
2026-08-01T12:30:26.900Z,deep_scan,20260801073922_MT4-AP1-26-56,30,56,0,3,T376/2,AA7402,0,5
2026-08-01T12:30:26.900Z,deep_scan,20260801073922_MT4-AP1-26-56,30,56,0,8,T343,AA7359,0,35
2026-08-01T12:30:26.900Z,deep_scan,20260801073922_MT4-AP1-26-56,30,56,0,15,M61/2,AA2314,0,48
2026-08-01T12:30:56.851Z,deep_scan,20260801073922_MT4-AP1-26-56,30,56,0,3,T376/2,AA7402,0,5
2026-08-01T12:30:56.851Z,deep_scan,20260801073922_MT4-AP1-26-56,30,56,0,9,M239/1,AA7359,1,33
2026-08-01T12:30:56.851Z,deep_scan,20260801073922_MT4-AP1-26-56,30,56,0,15,M61/2,AA2314,0,47
2026-08-01T12:31:26.891Z,deep_scan,20260801073922_MT4-AP1-26-56,30,56,0,3,T376/2,AA7402,0,21
2026-08-01T12:31:26.891Z,deep_scan,20260801073922_MT4-AP1-26-56,30,56,0,9,M239/1,AA7359,1,33
2026-08-01T12:31:26.891Z,deep_scan,20260801073922_MT4-AP1-26-56,30,56,0,15,M61/2,AA2314,0,44
2026-08-01T12:31:56.846Z,deep_scan,20260801073922_MT4-AP1-26-56,30,56,0,3,T376/2,AA7402,0,16
2026-08-01T12:31:56.846Z,deep_scan,20260801073922_MT4-AP1-26-56,30,56,0,9,M239/1,AA7359,1,5
2026-08-01T12:31:56.846Z,deep_scan,20260801073922_MT4-AP1-26-56,30,56,0,15,M61/2,AA2314,0,49
2026-08-01T12:32:26.891Z,deep_scan,20260801073922_MT4-AP1-26-56,30,56,0,3,T376/2,AA7402,0,21
2026-08-01T12:32:26.891Z,deep_scan,20260801073922_MT4-AP1-26-56,30,56,0,9,M239/1,AA7359,0,17
2026-08-01T12:32:26.891Z,deep_scan,20260801073922_MT4-AP1-26-56,30,56,0,15,M61/2,AA2314,0,46
2026-08-01T12:32:56.892Z,deep_scan,20260801073922_MT4-AP1-26-56,30,56,0,4,T363/2,AA7402,1,21
2026-08-01T12:32:56.892Z,deep_scan,20260801073922_MT4-AP1-26-56,30,56,0,10,M254,AA7359,1,39
2026-08-01T12:32:56.892Z,deep_scan,20260801073922_MT4-AP1-26-56,30,56,0,15,M61/2,AA2314,0,47
2026-08-01T12:33:26.911Z,deep_scan,20260801073922_MT4-AP1-26-56,30,56,0,4,T363/2,AA7402,1,5
2026-08-01T12:33:26.911Z,deep_scan,20260801073922_MT4-AP1-26-56,30,56,0,10,M254,AA7359,0,33
2026-08-01T12:33:26.911Z,deep_scan,20260801073922_MT4-AP1-26-56,30,56,0,15,M61/2,AA2314,0,47
2026-08-01T12:33:56.865Z,deep_scan,20260801073922_MT4-AP1-26-56,30,56,0,4,T363/2,AA7402,1,5
2026-08-01T12:33:56.865Z,deep_scan,20260801073922_MT4-AP1-26-56,30,56,0,10,M254,AA7359,0,8
2026-08-01T12:33:56.865Z,deep_scan,20260801073922_MT4-AP1-26-56,30,56,0,15,M61/2,AA2314,0,44
2026-08-01T12:34:26.896Z,deep_scan,20260801073922_MT4-AP1-26-56,30,56,0,4,T363/2,AA7402,0,13
2026-08-01T12:34:26.896Z,deep_scan,20260801073922_MT4-AP1-26-56,30,56,0,10,M254,AA7359,0,21
2026-08-01T12:34:26.896Z,deep_scan,20260801073922_MT4-AP1-26-56,30,56,0,16,T342,AA2314,1,42
2026-08-01T12:34:56.919Z,deep_scan,20260801073922_MT4-AP1-26-56,30,56,0,4,T363/2,AA7402,0,13
2026-08-01T12:34:56.919Z,deep_scan,20260801073922_MT4-AP1-26-56,30,56,0,11,M117,AA7359,1,31
2026-08-01T12:34:56.919Z,deep_scan,20260801073922_MT4-AP1-26-56,30,56,0,16,T342,AA2314,1,2
2026-08-01T12:35:26.885Z,deep_scan,20260801073922_MT4-AP1-26-56,30,56,0,4,T363/2,AA7402,0,27
2026-08-01T12:35:26.885Z,deep_scan,20260801073922_MT4-AP1-26-56,30,56,0,11,M117,AA7359,1,31
2026-08-01T12:35:26.885Z,deep_scan,20260801073922_MT4-AP1-26-56,30,56,0,16,T342,AA2314,0,30
2026-08-01T12:35:56.912Z,deep_scan,20260801073922_MT4-AP1-26-56,30,56,0,5,T306,AA7402,1,3
2026-08-01T12:35:56.912Z,deep_scan,20260801073922_MT4-AP1-26-56,30,56,0,11,M117,AA7359,1,17
2026-08-01T12:35:56.912Z,deep_scan,20260801073922_MT4-AP1-26-56,30,56,0,17,T409,AA2314,1,5
2026-08-01T12:36:26.923Z,deep_scan,20260801073922_MT4-AP1-26-56,30,56,0,5,T306,AA7402,0,25
2026-08-01T12:36:26.923Z,deep_scan,20260801073922_MT4-AP1-26-56,30,56,0,11,M117,AA7359,0,13
2026-08-01T12:36:26.923Z,deep_scan,20260801073922_MT4-AP1-26-56,30,56,0,17,T409,AA2314,1,16
2026-08-01T12:36:56.914Z,deep_scan,20260801073922_MT4-AP1-26-56,30,56,0,5,T306,AA7402,0,39
2026-08-01T12:36:56.914Z,deep_scan,20260801073922_MT4-AP1-26-56,30,56,0,12,M155,AA7359,1,1
2026-08-01T12:36:56.914Z,deep_scan,20260801073922_MT4-AP1-26-56,30,56,0,17,T409,AA2314,0,1
2026-08-01T12:37:26.919Z,deep_scan,20260801073922_MT4-AP1-26-56,30,56,0,6,T314/2,AA7402,1,33
2026-08-01T12:37:26.919Z,deep_scan,20260801073922_MT4-AP1-26-56,30,56,0,12,M155,AA7359,0,21
2026-08-01T12:37:26.919Z,deep_scan,20260801073922_MT4-AP1-26-56,30,56,0,17,T409,AA2314,0,6
2026-08-01T12:37:56.920Z,deep_scan,20260801073922_MT4-AP1-26-56,30,56,0,6,T314/2,AA7402,1,33
2026-08-01T12:37:56.920Z,deep_scan,20260801073922_MT4-AP1-26-56,30,56,0,12,M155,AA7359,0,33
2026-08-01T12:37:56.920Z,deep_scan,20260801073922_MT4-AP1-26-56,30,56,0,18,T313,AA2314,1,5
2026-08-01T12:38:26.913Z,deep_scan,20260801073922_MT4-AP1-26-56,30,56,0,6,T314/2,AA7402,0,24
2026-08-01T12:38:26.913Z,deep_scan,20260801073922_MT4-AP1-26-56,30,56,0,12,M155,AA7359,0,36
2026-08-01T12:38:26.913Z,deep_scan,20260801073922_MT4-AP1-26-56,30,56,0,18,T313,AA2314,0,39
2026-08-01T12:38:56.908Z,deep_scan,20260801073922_MT4-AP1-26-56,30,56,0,6,T314/2,AA7402,0,27
2026-08-01T12:38:56.908Z,deep_scan,20260801073922_MT4-AP1-26-56,30,56,0,12,M155,AA7359,0,39
2026-08-01T12:38:56.908Z,deep_scan,20260801073922_MT4-AP1-26-56,30,56,0,19,T315,AA2314,1,10
2026-08-01T12:39:26.947Z,deep_scan,20260801073922_MT4-AP1-26-56,30,56,0,7,T408/6,AA7402,1,15
2026-08-01T12:39:26.947Z,deep_scan,20260801073922_MT4-AP1-26-56,30,56,0,12,M155,AA7359,0,27
2026-08-01T12:39:26.947Z,deep_scan,20260801073922_MT4-AP1-26-56,30,56,0,19,T315,AA2314,0,31
2026-08-01T12:39:56.932Z,deep_scan,20260801073922_MT4-AP1-26-56,30,56,0,7,T408/6,AA7402,1,15
2026-08-01T12:39:56.932Z,deep_scan,20260801073922_MT4-AP1-26-56,30,56,0,12,M155,AA7359,0,13
2026-08-01T12:39:56.932Z,deep_scan,20260801073922_MT4-AP1-26-56,30,56,0,19,T315,AA2314,0,4
2026-08-01T12:40:26.957Z,deep_scan,20260801073922_MT4-AP1-26-56,30,56,0,7,T408/6,AA7402,0,15
2026-08-01T12:40:26.957Z,deep_scan,20260801073922_MT4-AP1-26-56,30,56,0,12,M155,AA7359,0,2
2026-08-01T12:40:26.957Z,deep_scan,20260801073922_MT4-AP1-26-56,30,56,0,20,T375,AA2314,1,35
2026-08-01T12:40:56.954Z,deep_scan,20260801073922_MT4-AP1-26-56,30,56,0,7,T408/6,AA7402,0,41
2026-08-01T12:40:56.954Z,deep_scan,20260801073922_MT4-AP1-26-56,30,56,0,12,M155,AA7359,0,4
2026-08-01T12:40:56.954Z,deep_scan,20260801073922_MT4-AP1-26-56,30,56,0,20,T375,AA2314,0,12
2026-08-01T12:41:26.934Z,deep_scan,20260801073922_MT4-AP1-26-56,30,56,0,7,T408/6,AA7402,0,4
2026-08-01T12:41:26.934Z,deep_scan,20260801073922_MT4-AP1-26-56,30,56,0,12,M155,AA7359,0,4
2026-08-01T12:41:26.934Z,deep_scan,20260801073922_MT4-AP1-26-56,30,56,0,20,T375,AA2314,0,12
2026-08-01T12:41:56.959Z,deep_scan,20260801073922_MT4-AP1-26-56,30,56,0,8,T343,AA7402,1,8
2026-08-01T12:41:56.959Z,deep_scan,20260801073922_MT4-AP1-26-56,30,56,0,13,M92,AA7359,1,10
2026-08-01T12:41:56.959Z,deep_scan,20260801073922_MT4-AP1-26-56,30,56,0,20,T375,AA2314,0,26
2026-08-01T12:42:26.963Z,deep_scan,20260801073922_MT4-AP1-26-56,30,56,0,8,T343,AA7402,0,38
2026-08-01T12:42:26.963Z,deep_scan,20260801073922_MT4-AP1-26-56,30,56,0,13,M92,AA7359,1,2
2026-08-01T12:42:26.963Z,deep_scan,20260801073922_MT4-AP1-26-56,30,56,0,21,T380,AA2314,1,1
2026-08-01T12:42:56.962Z,deep_scan,20260801073922_MT4-AP1-26-56,30,56,0,8,T343,AA7402,0,47
2026-08-01T12:42:56.962Z,deep_scan,20260801073922_MT4-AP1-26-56,30,56,0,13,M92,AA7359,1,4
2026-08-01T12:42:56.962Z,deep_scan,20260801073922_MT4-AP1-26-56,30,56,0,21,T380,AA2314,0,39
2026-08-01T12:43:26.959Z,deep_scan,20260801073922_MT4-AP1-26-56,30,56,0,8,T343,AA7402,0,32
2026-08-01T12:43:26.959Z,deep_scan,20260801073922_MT4-AP1-26-56,30,56,0,13,M92,AA7359,0,4
2026-08-01T12:43:26.959Z,deep_scan,20260801073922_MT4-AP1-26-56,30,56,0,22,T379,AA2314,0,22
2026-08-01T12:43:56.991Z,deep_scan,20260801073922_MT4-AP1-26-56,30,56,0,8,T343,AA7402,0,37
2026-08-01T12:43:56.991Z,deep_scan,20260801073922_MT4-AP1-26-56,30,56,0,13,M92,AA7359,0,11
2026-08-01T12:43:56.991Z,deep_scan,20260801073922_MT4-AP1-26-56,30,56,0,22,T379,AA2314,0,35
2026-08-01T12:44:26.953Z,deep_scan,20260801073922_MT4-AP1-26-56,30,56,0,8,T343,AA7402,0,41
2026-08-01T12:44:26.953Z,deep_scan,20260801073922_MT4-AP1-26-56,30,56,0,14,M272,AA7359,1,32
2026-08-01T12:44:26.953Z,deep_scan,20260801073922_MT4-AP1-26-56,30,56,0,22,T379,AA2314,0,23
2026-08-01T12:44:57.005Z,deep_scan,20260801073922_MT4-AP1-26-56,30,56,0,8,T343,AA7402,0,9
2026-08-01T12:44:57.005Z,deep_scan,20260801073922_MT4-AP1-26-56,30,56,0,14,M272,AA7359,1,21
2026-08-01T12:44:57.005Z,deep_scan,20260801073922_MT4-AP1-26-56,30,56,0,22,T379,AA2314,0,35
2026-08-01T12:45:26.981Z,deep_scan,20260801073922_MT4-AP1-26-56,30,56,0,8,T343,AA7402,0,9
2026-08-01T12:45:26.981Z,deep_scan,20260801073922_MT4-AP1-26-56,30,56,0,14,M272,AA7359,0,28
2026-08-01T12:45:26.981Z,deep_scan,20260801073922_MT4-AP1-26-56,30,56,0,22,T379,AA2314,0,43
2026-08-01T12:45:57.000Z,deep_scan,20260801073922_MT4-AP1-26-56,30,56,0,8,T343,AA7402,0,30
2026-08-01T12:45:57.000Z,deep_scan,20260801073922_MT4-AP1-26-56,30,56,0,14,M272,AA7359,0,4
2026-08-01T12:45:57.000Z,deep_scan,20260801073922_MT4-AP1-26-56,30,56,0,22,T379,AA2314,0,27
2026-08-01T12:46:27.003Z,deep_scan,20260801073922_MT4-AP1-26-56,30,56,0,8,T343,AA7402,0,18
2026-08-01T12:46:27.003Z,deep_scan,20260801073922_MT4-AP1-26-56,30,56,0,14,M272,AA7359,0,27
2026-08-01T12:46:27.003Z,deep_scan,20260801073922_MT4-AP1-26-56,30,56,0,23,C688/2,AA2314,1,15
2026-08-01T12:46:57.010Z,deep_scan,20260801073922_MT4-AP1-26-56,30,56,0,8,T343,AA7402,0,42
2026-08-01T12:46:57.010Z,deep_scan,20260801073922_MT4-AP1-26-56,30,56,0,14,M272,AA7359,0,29
2026-08-01T12:46:57.010Z,deep_scan,20260801073922_MT4-AP1-26-56,30,56,0,23,C688/2,AA2314,0,15
2026-08-01T12:47:27.001Z,deep_scan,20260801073922_MT4-AP1-26-56,30,56,0,8,T343,AA7402,0,39
2026-08-01T12:47:27.001Z,deep_scan,20260801073922_MT4-AP1-26-56,30,56,0,14,M272,AA7359,0,1
2026-08-01T12:47:27.001Z,deep_scan,20260801073922_MT4-AP1-26-56,30,56,0,23,C688/2,AA2314,0,15
2026-08-01T12:47:57.025Z,deep_scan,20260801073922_MT4-AP1-26-56,30,56,0,8,T343,AA7402,0,32
2026-08-01T12:47:57.025Z,deep_scan,20260801073922_MT4-AP1-26-56,30,56,0,14,M272,AA7359,0,1
2026-08-01T12:47:57.025Z,deep_scan,20260801073922_MT4-AP1-26-56,30,56,0,24,C690/6,AA2314,1,0
2026-08-01T12:48:27.023Z,deep_scan,20260801073922_MT4-AP1-26-56,30,56,0,8,T343,AA7402,0,37
2026-08-01T12:48:27.023Z,deep_scan,20260801073922_MT4-AP1-26-56,30,56,0,15,M61/2,AA7359,1,32
2026-08-01T12:48:27.023Z,deep_scan,20260801073922_MT4-AP1-26-56,30,56,0,24,C690/6,AA2314,1,0
2026-08-01T12:48:57.010Z,deep_scan,20260801073922_MT4-AP1-26-56,30,56,0,8,T343,AA7402,0,41
2026-08-01T12:48:57.010Z,deep_scan,20260801073922_MT4-AP1-26-56,30,56,0,15,M61/2,AA7359,0,11
2026-08-01T12:48:57.010Z,deep_scan,20260801073922_MT4-AP1-26-56,30,56,0,24,C690/6,AA2314,1,0
2026-08-01T12:49:27.027Z,deep_scan,20260801073922_MT4-AP1-26-56,30,56,0,8,T343,AA7402,0,42
2026-08-01T12:49:27.027Z,deep_scan,20260801073922_MT4-AP1-26-56,30,56,0,15,M61/2,AA7359,0,11
2026-08-01T12:49:27.027Z,deep_scan,20260801073922_MT4-AP1-26-56,30,56,0,24,C690/6,AA2314,1,0
2026-08-01T12:49:57.007Z,deep_scan,20260801073922_MT4-AP1-26-56,30,56,0,8,T343,AA7402,0,40
2026-08-01T12:49:57.007Z,deep_scan,20260801073922_MT4-AP1-26-56,30,56,0,15,M61/2,AA7359,0,24
2026-08-01T12:49:57.007Z,deep_scan,20260801073922_MT4-AP1-26-56,30,56,0,24,C690/6,AA2314,1,0
2026-08-01T12:50:27.052Z,deep_scan,20260801073922_MT4-AP1-26-56,30,56,0,8,T343,AA7402,0,41
2026-08-01T12:50:27.052Z,deep_scan,20260801073922_MT4-AP1-26-56,30,56,0,15,M61/2,AA7359,0,28
2026-08-01T12:50:27.052Z,deep_scan,20260801073922_MT4-AP1-26-56,30,56,0,24,C690/6,AA2314,1,0
2026-08-01T12:50:57.028Z,deep_scan,20260801073922_MT4-AP1-26-56,30,56,0,8,T343,AA7402,0,39
2026-08-01T12:50:57.028Z,deep_scan,20260801073922_MT4-AP1-26-56,30,56,0,15,M61/2,AA7359,0,45
2026-08-01T12:50:57.028Z,deep_scan,20260801073922_MT4-AP1-26-56,30,56,0,24,C690/6,AA2314,1,0
2026-08-01T12:51:27.017Z,deep_scan,20260801073922_MT4-AP1-26-56,30,56,0,8,T343,AA7402,0,42
2026-08-01T12:51:27.017Z,deep_scan,20260801073922_MT4-AP1-26-56,30,56,0,15,M61/2,AA7359,0,40
2026-08-01T12:51:27.017Z,deep_scan,20260801073922_MT4-AP1-26-56,30,56,0,24,C690/6,AA2314,1,0
2026-08-01T12:51:57.058Z,deep_scan,20260801073922_MT4-AP1-26-56,30,56,0,8,T343,AA7402,0,41
2026-08-01T12:51:57.058Z,deep_scan,20260801073922_MT4-AP1-26-56,30,56,0,15,M61/2,AA7359,0,43
2026-08-01T12:51:57.058Z,deep_scan,20260801073922_MT4-AP1-26-56,30,56,0,24,C690/6,AA2314,1,0
2026-08-01T12:52:27.059Z,deep_scan,20260801073922_MT4-AP1-26-56,30,56,0,8,T343,AA7402,0,40
2026-08-01T12:52:27.059Z,deep_scan,20260801073922_MT4-AP1-26-56,30,56,0,15,M61/2,AA7359,0,43
2026-08-01T12:52:57.050Z,deep_scan,20260801073922_MT4-AP1-26-56,30,56,0,8,T343,AA7402,0,41
2026-08-01T12:52:57.050Z,deep_scan,20260801073922_MT4-AP1-26-56,30,56,0,15,M61/2,AA7359,0,36
2026-08-01T12:53:27.100Z,deep_scan,20260801073922_MT4-AP1-26-56,30,56,0,8,T343,AA7402,0,41
2026-08-01T12:53:27.100Z,deep_scan,20260801073922_MT4-AP1-26-56,30,56,0,15,M61/2,AA7359,0,44
2026-08-01T12:53:57.059Z,deep_scan,20260801073922_MT4-AP1-26-56,30,56,0,8,T343,AA7402,0,37
2026-08-01T12:53:57.059Z,deep_scan,20260801073922_MT4-AP1-26-56,30,56,0,15,M61/2,AA7359,0,34
2026-08-01T12:54:27.096Z,deep_scan,20260801073922_MT4-AP1-26-56,30,56,0,8,T343,AA7402,0,29
2026-08-01T12:54:27.096Z,deep_scan,20260801073922_MT4-AP1-26-56,30,56,0,15,M61/2,AA7359,0,35
2026-08-01T12:54:57.119Z,deep_scan,20260801073922_MT4-AP1-26-56,30,56,0,9,M239/1,AA7402,1,35
2026-08-01T12:54:57.119Z,deep_scan,20260801073922_MT4-AP1-26-56,30,56,0,15,M61/2,AA7359,0,38
2026-08-01T12:55:27.071Z,deep_scan,20260801073922_MT4-AP1-26-56,30,56,0,9,M239/1,AA7402,1,14
2026-08-01T12:55:27.071Z,deep_scan,20260801073922_MT4-AP1-26-56,30,56,0,15,M61/2,AA7359,0,38
2026-08-01T12:55:57.098Z,deep_scan,20260801073922_MT4-AP1-26-56,30,56,0,9,M239/1,AA7402,1,7
2026-08-01T12:55:57.098Z,deep_scan,20260801073922_MT4-AP1-26-56,30,56,0,15,M61/2,AA7359,0,36
2026-08-01T12:56:27.150Z,deep_scan,20260801073922_MT4-AP1-26-56,30,56,0,9,M239/1,AA7402,0,21
2026-08-01T12:56:27.150Z,deep_scan,20260801073922_MT4-AP1-26-56,30,56,0,15,M61/2,AA7359,0,39
2026-08-01T12:56:57.073Z,deep_scan,20260801073922_MT4-AP1-26-56,30,56,0,10,M254,AA7402,1,15
2026-08-01T12:56:57.073Z,deep_scan,20260801073922_MT4-AP1-26-56,30,56,0,15,M61/2,AA7359,0,44
2026-08-01T12:57:27.109Z,deep_scan,20260801073922_MT4-AP1-26-56,30,56,0,10,M254,AA7402,0,31
2026-08-01T12:57:27.109Z,deep_scan,20260801073922_MT4-AP1-26-56,30,56,0,15,M61/2,AA7359,0,43
2026-08-01T12:57:57.064Z,deep_scan,20260801073922_MT4-AP1-26-56,30,56,0,10,M254,AA7402,0,22
2026-08-01T12:57:57.064Z,deep_scan,20260801073922_MT4-AP1-26-56,30,56,0,15,M61/2,AA7359,0,45
2026-08-01T12:58:27.127Z,deep_scan,20260801073922_MT4-AP1-26-56,30,56,0,10,M254,AA7402,0,11
2026-08-01T12:58:27.127Z,deep_scan,20260801073922_MT4-AP1-26-56,30,56,0,15,M61/2,AA7359,0,38
2026-08-01T12:58:57.083Z,deep_scan,20260801073922_MT4-AP1-26-56,30,56,0,11,M117,AA7402,1,37
2026-08-01T12:58:57.083Z,deep_scan,20260801073922_MT4-AP1-26-56,30,56,0,15,M61/2,AA7359,0,40
2026-08-01T12:59:27.104Z,deep_scan,20260801073922_MT4-AP1-26-56,30,56,0,11,M117,AA7402,0,15
2026-08-01T12:59:27.104Z,deep_scan,20260801073922_MT4-AP1-26-56,30,56,0,16,T342,AA7359,1,17
2026-08-01T12:59:57.086Z,deep_scan,20260801073922_MT4-AP1-26-56,30,56,0,11,M117,AA7402,0,27
2026-08-01T12:59:57.086Z,deep_scan,20260801073922_MT4-AP1-26-56,30,56,0,16,T342,AA7359,1,14
2026-08-01T13:00:27.134Z,deep_scan,20260801073922_MT4-AP1-26-56,30,56,0,12,M155,AA7402,1,34
2026-08-01T13:00:27.134Z,deep_scan,20260801073922_MT4-AP1-26-56,30,56,0,16,T342,AA7359,0,43
2026-08-01T13:00:57.121Z,deep_scan,20260801073922_MT4-AP1-26-56,30,56,0,0,C690/6,AA2314,0,15
2026-08-01T13:00:57.121Z,deep_scan,20260801073922_MT4-AP1-26-56,30,56,0,12,M155,AA7402,1,24
2026-08-01T13:00:57.121Z,deep_scan,20260801073922_MT4-AP1-26-56,30,56,0,17,T409,AA7359,1,2
2026-08-01T13:01:27.117Z,deep_scan,20260801073922_MT4-AP1-26-56,30,56,0,0,C690/6,AA2314,0,15
2026-08-01T13:01:27.117Z,deep_scan,20260801073922_MT4-AP1-26-56,30,56,0,12,M155,AA7402,0,25
2026-08-01T13:01:27.117Z,deep_scan,20260801073922_MT4-AP1-26-56,30,56,0,17,T409,AA7359,0,37
2026-08-01T13:01:57.106Z,deep_scan,20260801073922_MT4-AP1-26-56,30,56,0,1,C689/2,AA2314,1,15
2026-08-01T13:01:57.106Z,deep_scan,20260801073922_MT4-AP1-26-56,30,56,0,12,M155,AA7402,0,32
2026-08-01T13:01:57.106Z,deep_scan,20260801073922_MT4-AP1-26-56,30,56,0,18,T313,AA7359,1,5
2026-08-01T13:02:27.149Z,deep_scan,20260801073922_MT4-AP1-26-56,30,56,0,1,C689/2,AA2314,1,15
2026-08-01T13:02:27.149Z,deep_scan,20260801073922_MT4-AP1-26-56,30,56,0,12,M155,AA7402,0,42
2026-08-01T13:02:27.149Z,deep_scan,20260801073922_MT4-AP1-26-56,30,56,0,18,T313,AA7359,1,3
2026-08-01T13:02:57.163Z,deep_scan,20260801073922_MT4-AP1-26-56,30,56,0,1,C689/2,AA2314,0,15
2026-08-01T13:02:57.163Z,deep_scan,20260801073922_MT4-AP1-26-56,30,56,0,12,M155,AA7402,0,37
2026-08-01T13:02:57.163Z,deep_scan,20260801073922_MT4-AP1-26-56,30,56,0,19,T315,AA7359,1,38
2026-08-01T13:03:27.160Z,deep_scan,20260801073922_MT4-AP1-26-56,30,56,0,1,C689/2,AA2314,0,35
2026-08-01T13:03:27.160Z,deep_scan,20260801073922_MT4-AP1-26-56,30,56,0,12,M155,AA7402,0,34
2026-08-01T13:03:27.160Z,deep_scan,20260801073922_MT4-AP1-26-56,30,56,0,19,T315,AA7359,0,41
2026-08-01T13:03:57.174Z,deep_scan,20260801073922_MT4-AP1-26-56,30,56,0,1,C689/2,AA2314,0,46
2026-08-01T13:03:57.174Z,deep_scan,20260801073922_MT4-AP1-26-56,30,56,0,12,M155,AA7402,0,11
2026-08-01T13:03:57.174Z,deep_scan,20260801073922_MT4-AP1-26-56,30,56,0,19,T315,AA7359,0,2
2026-08-01T13:04:27.191Z,deep_scan,20260801073922_MT4-AP1-26-56,30,56,0,1,C689/2,AA2314,0,30
2026-08-01T13:04:27.191Z,deep_scan,20260801073922_MT4-AP1-26-56,30,56,0,12,M155,AA7402,0,11
2026-08-01T13:04:27.191Z,deep_scan,20260801073922_MT4-AP1-26-56,30,56,0,19,T315,AA7359,0,2
2026-08-01T13:04:57.119Z,deep_scan,20260801073922_MT4-AP1-26-56,30,56,0,2,T360,AA2314,1,2
2026-08-01T13:04:57.119Z,deep_scan,20260801073922_MT4-AP1-26-56,30,56,0,12,M155,AA7402,0,17
2026-08-01T13:04:57.119Z,deep_scan,20260801073922_MT4-AP1-26-56,30,56,0,20,T375,AA7359,1,45
2026-08-01T13:05:27.168Z,deep_scan,20260801073922_MT4-AP1-26-56,30,56,0,2,T360,AA2314,1,9
2026-08-01T13:05:27.168Z,deep_scan,20260801073922_MT4-AP1-26-56,30,56,0,12,M155,AA7402,0,17
2026-08-01T13:05:27.168Z,deep_scan,20260801073922_MT4-AP1-26-56,30,56,0,20,T375,AA7359,0,24
2026-08-01T13:05:57.170Z,deep_scan,20260801073922_MT4-AP1-26-56,30,56,0,2,T360,AA2314,0,27
2026-08-01T13:05:57.170Z,deep_scan,20260801073922_MT4-AP1-26-56,30,56,0,12,M155,AA7402,0,17
2026-08-01T13:05:57.170Z,deep_scan,20260801073922_MT4-AP1-26-56,30,56,0,20,T375,AA7359,0,24
2026-08-01T13:06:27.166Z,deep_scan,20260801073922_MT4-AP1-26-56,30,56,0,2,T360,AA2314,0,27
2026-08-01T13:06:27.166Z,deep_scan,20260801073922_MT4-AP1-26-56,30,56,0,13,M92,AA7402,1,19
2026-08-01T13:06:27.166Z,deep_scan,20260801073922_MT4-AP1-26-56,30,56,0,21,T380,AA7359,1,37
2026-08-01T13:06:57.190Z,deep_scan,20260801073922_MT4-AP1-26-56,30,56,0,2,T360,AA2314,0,37
2026-08-01T13:06:57.190Z,deep_scan,20260801073922_MT4-AP1-26-56,30,56,0,13,M92,AA7402,1,19
2026-08-01T13:06:57.190Z,deep_scan,20260801073922_MT4-AP1-26-56,30,56,0,21,T380,AA7359,0,17
2026-08-01T13:07:27.186Z,deep_scan,20260801073922_MT4-AP1-26-56,30,56,0,3,T376/2,AA2314,0,32
2026-08-01T13:07:27.186Z,deep_scan,20260801073922_MT4-AP1-26-56,30,56,0,13,M92,AA7402,1,19
2026-08-01T13:07:27.186Z,deep_scan,20260801073922_MT4-AP1-26-56,30,56,0,22,T379,AA7359,1,3
2026-08-01T13:07:57.170Z,deep_scan,20260801073922_MT4-AP1-26-56,30,56,0,3,T376/2,AA2314,0,32
2026-08-01T13:07:57.170Z,deep_scan,20260801073922_MT4-AP1-26-56,30,56,0,13,M92,AA7402,1,19
2026-08-01T13:07:57.170Z,deep_scan,20260801073922_MT4-AP1-26-56,30,56,0,22,T379,AA7359,0,48
2026-08-01T13:08:27.228Z,deep_scan,20260801073922_MT4-AP1-26-56,30,56,0,3,T376/2,AA2314,0,32
2026-08-01T13:08:27.228Z,deep_scan,20260801073922_MT4-AP1-26-56,30,56,0,13,M92,AA7402,0,19
2026-08-01T13:08:27.228Z,deep_scan,20260801073922_MT4-AP1-26-56,30,56,0,22,T379,AA7359,0,23
2026-08-01T13:08:57.172Z,deep_scan,20260801073922_MT4-AP1-26-56,30,56,0,3,T376/2,AA2314,0,29
2026-08-01T13:08:57.172Z,deep_scan,20260801073922_MT4-AP1-26-56,30,56,0,13,M92,AA7402,0,18
2026-08-01T13:08:57.172Z,deep_scan,20260801073922_MT4-AP1-26-56,30,56,0,22,T379,AA7359,0,48
2026-08-01T13:09:27.166Z,deep_scan,20260801073922_MT4-AP1-26-56,30,56,0,3,T376/2,AA2314,0,25
2026-08-01T13:09:27.166Z,deep_scan,20260801073922_MT4-AP1-26-56,30,56,0,13,M92,AA7402,0,18
2026-08-01T13:09:27.166Z,deep_scan,20260801073922_MT4-AP1-26-56,30,56,0,22,T379,AA7359,0,45
2026-08-01T13:09:57.183Z,deep_scan,20260801073922_MT4-AP1-26-56,30,56,0,4,T363/2,AA2314,1,8
2026-08-01T13:09:57.183Z,deep_scan,20260801073922_MT4-AP1-26-56,30,56,0,13,M92,AA7402,0,18
2026-08-01T13:09:57.183Z,deep_scan,20260801073922_MT4-AP1-26-56,30,56,0,23,C688/2,AA7359,1,33
2026-08-01T13:10:27.211Z,deep_scan,20260801073922_MT4-AP1-26-56,30,56,0,4,T363/2,AA2314,0,15
2026-08-01T13:10:27.211Z,deep_scan,20260801073922_MT4-AP1-26-56,30,56,0,14,M272,AA7402,1,20
2026-08-01T13:10:27.211Z,deep_scan,20260801073922_MT4-AP1-26-56,30,56,0,23,C688/2,AA7359,0,33
2026-08-01T13:10:57.254Z,deep_scan,20260801073922_MT4-AP1-26-56,30,56,0,4,T363/2,AA2314,0,8
2026-08-01T13:10:57.254Z,deep_scan,20260801073922_MT4-AP1-26-56,30,56,0,14,M272,AA7402,1,10
2026-08-01T13:10:57.254Z,deep_scan,20260801073922_MT4-AP1-26-56,30,56,0,24,C690/6,AA7359,1,0
2026-08-01T13:11:27.236Z,deep_scan,20260801073922_MT4-AP1-26-56,30,56,0,4,T363/2,AA2314,0,32
2026-08-01T13:11:27.236Z,deep_scan,20260801073922_MT4-AP1-26-56,30,56,0,14,M272,AA7402,0,23
2026-08-01T13:11:27.236Z,deep_scan,20260801073922_MT4-AP1-26-56,30,56,0,24,C690/6,AA7359,1,0
2026-08-01T13:11:57.212Z,deep_scan,20260801073922_MT4-AP1-26-56,30,56,0,5,T306,AA2314,1,2
2026-08-01T13:11:57.212Z,deep_scan,20260801073922_MT4-AP1-26-56,30,56,0,14,M272,AA7402,0,26
2026-08-01T13:11:57.212Z,deep_scan,20260801073922_MT4-AP1-26-56,30,56,0,24,C690/6,AA7359,1,0
2026-08-01T13:12:27.210Z,deep_scan,20260801073922_MT4-AP1-26-56,30,56,0,5,T306,AA2314,1,25
2026-08-01T13:12:27.210Z,deep_scan,20260801073922_MT4-AP1-26-56,30,56,0,14,M272,AA7402,0,2
2026-08-01T13:12:27.210Z,deep_scan,20260801073922_MT4-AP1-26-56,30,56,0,24,C690/6,AA7359,1,0
2026-08-01T13:12:57.289Z,deep_scan,20260801073922_MT4-AP1-26-56,30,56,0,5,T306,AA2314,0,31
2026-08-01T13:12:57.289Z,deep_scan,20260801073922_MT4-AP1-26-56,30,56,0,14,M272,AA7402,0,19
2026-08-01T13:12:57.289Z,deep_scan,20260801073922_MT4-AP1-26-56,30,56,0,24,C690/6,AA7359,1,0
2026-08-01T13:13:27.229Z,deep_scan,20260801073922_MT4-AP1-26-56,30,56,0,6,T314/2,AA2314,1,17
2026-08-01T13:13:27.229Z,deep_scan,20260801073922_MT4-AP1-26-56,30,56,0,15,M61/2,AA7402,1,26
2026-08-01T13:13:27.229Z,deep_scan,20260801073922_MT4-AP1-26-56,30,56,0,24,C690/6,AA7359,1,0
2026-08-01T13:13:57.255Z,deep_scan,20260801073922_MT4-AP1-26-56,30,56,0,6,T314/2,AA2314,1,12
2026-08-01T13:13:57.255Z,deep_scan,20260801073922_MT4-AP1-26-56,30,56,0,15,M61/2,AA7402,1,26
2026-08-01T13:13:57.255Z,deep_scan,20260801073922_MT4-AP1-26-56,30,56,0,24,C690/6,AA7359,1,0
2026-08-01T13:14:27.228Z,deep_scan,20260801073922_MT4-AP1-26-56,30,56,0,6,T314/2,AA2314,0,17
2026-08-01T13:14:27.228Z,deep_scan,20260801073922_MT4-AP1-26-56,30,56,0,15,M61/2,AA7402,0,18
2026-08-01T13:14:27.228Z,deep_scan,20260801073922_MT4-AP1-26-56,30,56,0,24,C690/6,AA7359,1,0
2026-08-01T13:14:57.227Z,deep_scan,20260801073922_MT4-AP1-26-56,30,56,0,7,T408/6,AA2314,1,19
2026-08-01T13:14:57.227Z,deep_scan,20260801073922_MT4-AP1-26-56,30,56,0,15,M61/2,AA7402,0,18
2026-08-01T13:14:57.227Z,deep_scan,20260801073922_MT4-AP1-26-56,30,56,0,24,C690/6,AA7359,1,0
2026-08-01T13:15:27.294Z,deep_scan,20260801073922_MT4-AP1-26-56,30,56,0,7,T408/6,AA2314,1,15
2026-08-01T13:15:27.294Z,deep_scan,20260801073922_MT4-AP1-26-56,30,56,0,15,M61/2,AA7402,0,11
2026-08-01T13:15:57.240Z,deep_scan,20260801073922_MT4-AP1-26-56,30,56,0,7,T408/6,AA2314,0,10
2026-08-01T13:15:57.240Z,deep_scan,20260801073922_MT4-AP1-26-56,30,56,0,15,M61/2,AA7402,0,30
2026-08-01T13:16:27.234Z,deep_scan,20260801073922_MT4-AP1-26-56,30,56,0,7,T408/6,AA2314,0,1
2026-08-01T13:16:27.234Z,deep_scan,20260801073922_MT4-AP1-26-56,30,56,0,15,M61/2,AA7402,0,30
2026-08-01T13:16:57.250Z,deep_scan,20260801073922_MT4-AP1-26-56,30,56,0,7,T408/6,AA2314,0,44
2026-08-01T13:16:57.250Z,deep_scan,20260801073922_MT4-AP1-26-56,30,56,0,15,M61/2,AA7402,0,37
2026-08-01T13:17:27.243Z,deep_scan,20260801073922_MT4-AP1-26-56,30,56,0,7,T408/6,AA2314,0,6
2026-08-01T13:17:27.243Z,deep_scan,20260801073922_MT4-AP1-26-56,30,56,0,15,M61/2,AA7402,0,41
2026-08-01T13:17:57.251Z,deep_scan,20260801073922_MT4-AP1-26-56,30,56,0,8,T343,AA2314,1,10
2026-08-01T13:17:57.251Z,deep_scan,20260801073922_MT4-AP1-26-56,30,56,0,15,M61/2,AA7402,0,49
2026-08-01T13:18:27.283Z,deep_scan,20260801073922_MT4-AP1-26-56,30,56,0,8,T343,AA2314,0,40
2026-08-01T13:18:27.283Z,deep_scan,20260801073922_MT4-AP1-26-56,30,56,0,15,M61/2,AA7402,0,40
2026-08-01T13:18:57.283Z,deep_scan,20260801073922_MT4-AP1-26-56,30,56,0,8,T343,AA2314,0,29
2026-08-01T13:18:57.283Z,deep_scan,20260801073922_MT4-AP1-26-56,30,56,0,15,M61/2,AA7402,0,33
2026-08-01T13:19:27.256Z,deep_scan,20260801073922_MT4-AP1-26-56,30,56,0,8,T343,AA2314,0,17
2026-08-01T13:19:27.256Z,deep_scan,20260801073922_MT4-AP1-26-56,30,56,0,15,M61/2,AA7402,0,43
2026-08-01T13:19:57.288Z,deep_scan,20260801073922_MT4-AP1-26-56,30,56,0,8,T343,AA2314,0,40
2026-08-01T13:19:57.288Z,deep_scan,20260801073922_MT4-AP1-26-56,30,56,0,15,M61/2,AA7402,0,43
2026-08-01T13:20:27.288Z,deep_scan,20260801073922_MT4-AP1-26-56,30,56,0,8,T343,AA2314,0,45
2026-08-01T13:20:27.288Z,deep_scan,20260801073922_MT4-AP1-26-56,30,56,0,15,M61/2,AA7402,0,46
2026-08-01T13:20:57.268Z,deep_scan,20260801073922_MT4-AP1-26-56,30,56,0,8,T343,AA2314,0,44
2026-08-01T13:20:57.268Z,deep_scan,20260801073922_MT4-AP1-26-56,30,56,0,15,M61/2,AA7402,0,47
2026-08-01T13:21:27.278Z,deep_scan,20260801073922_MT4-AP1-26-56,30,56,0,8,T343,AA2314,0,33
2026-08-01T13:21:27.278Z,deep_scan,20260801073922_MT4-AP1-26-56,30,56,0,15,M61/2,AA7402,0,43
2026-08-01T13:21:57.280Z,deep_scan,20260801073922_MT4-AP1-26-56,30,56,0,8,T343,AA2314,0,44
2026-08-01T13:21:57.280Z,deep_scan,20260801073922_MT4-AP1-26-56,30,56,0,15,M61/2,AA7402,0,46
2026-08-01T13:22:27.259Z,deep_scan,20260801073922_MT4-AP1-26-56,30,56,0,0,C690/6,AA7359,1,33
2026-08-01T13:22:27.259Z,deep_scan,20260801073922_MT4-AP1-26-56,30,56,0,8,T343,AA2314,0,38
2026-08-01T13:22:27.259Z,deep_scan,20260801073922_MT4-AP1-26-56,30,56,0,15,M61/2,AA7402,0,44
2026-08-01T13:22:57.306Z,deep_scan,20260801073922_MT4-AP1-26-56,30,56,0,0,C690/6,AA7359,0,33
2026-08-01T13:22:57.306Z,deep_scan,20260801073922_MT4-AP1-26-56,30,56,0,8,T343,AA2314,0,41
2026-08-01T13:22:57.306Z,deep_scan,20260801073922_MT4-AP1-26-56,30,56,0,15,M61/2,AA7402,0,44
2026-08-01T13:23:27.273Z,deep_scan,20260801073922_MT4-AP1-26-56,30,56,0,1,C689/2,AA7359,1,33
2026-08-01T13:23:27.273Z,deep_scan,20260801073922_MT4-AP1-26-56,30,56,0,8,T343,AA2314,0,47
2026-08-01T13:23:27.273Z,deep_scan,20260801073922_MT4-AP1-26-56,30,56,0,15,M61/2,AA7402,0,39
2026-08-01T13:23:57.307Z,deep_scan,20260801073922_MT4-AP1-26-56,30,56,0,1,C689/2,AA7359,1,33
2026-08-01T13:23:57.307Z,deep_scan,20260801073922_MT4-AP1-26-56,30,56,0,8,T343,AA2314,0,47
2026-08-01T13:23:57.307Z,deep_scan,20260801073922_MT4-AP1-26-56,30,56,0,15,M61/2,AA7402,0,43
2026-08-01T13:24:27.259Z,deep_scan,20260801073922_MT4-AP1-26-56,30,56,0,1,C689/2,AA7359,0,33
2026-08-01T13:24:27.259Z,deep_scan,20260801073922_MT4-AP1-26-56,30,56,0,8,T343,AA2314,0,43
2026-08-01T13:24:27.259Z,deep_scan,20260801073922_MT4-AP1-26-56,30,56,0,15,M61/2,AA7402,0,34
2026-08-01T13:24:57.270Z,deep_scan,20260801073922_MT4-AP1-26-56,30,56,0,1,C689/2,AA7359,0,47
2026-08-01T13:24:57.270Z,deep_scan,20260801073922_MT4-AP1-26-56,30,56,0,8,T343,AA2314,0,45
2026-08-01T13:24:57.270Z,deep_scan,20260801073922_MT4-AP1-26-56,30,56,0,16,T342,AA7402,1,4
2026-08-01T13:25:27.302Z,deep_scan,20260801073922_MT4-AP1-26-56,30,56,0,1,C689/2,AA7359,0,47
2026-08-01T13:25:27.302Z,deep_scan,20260801073922_MT4-AP1-26-56,30,56,0,8,T343,AA2314,0,49
2026-08-01T13:25:27.302Z,deep_scan,20260801073922_MT4-AP1-26-56,30,56,0,16,T342,AA7402,0,27
2026-08-01T13:25:57.273Z,deep_scan,20260801073922_MT4-AP1-26-56,30,56,0,1,C689/2,AA7359,0,33
2026-08-01T13:25:57.273Z,deep_scan,20260801073922_MT4-AP1-26-56,30,56,0,8,T343,AA2314,0,44
2026-08-01T13:25:57.273Z,deep_scan,20260801073922_MT4-AP1-26-56,30,56,0,16,T342,AA7402,0,40
2026-08-01T13:26:27.301Z,deep_scan,20260801073922_MT4-AP1-26-56,30,56,0,1,C689/2,AA7359,0,28
2026-08-01T13:26:27.301Z,deep_scan,20260801073922_MT4-AP1-26-56,30,56,0,8,T343,AA2314,0,47
2026-08-01T13:26:27.301Z,deep_scan,20260801073922_MT4-AP1-26-56,30,56,0,17,T409,AA7402,1,33
2026-08-01T13:26:57.292Z,deep_scan,20260801073922_MT4-AP1-26-56,30,56,0,2,T360,AA7359,1,16
2026-08-01T13:26:57.292Z,deep_scan,20260801073922_MT4-AP1-26-56,30,56,0,8,T343,AA2314,0,48
2026-08-01T13:26:57.292Z,deep_scan,20260801073922_MT4-AP1-26-56,30,56,0,17,T409,AA7402,0,38
2026-08-01T13:27:27.303Z,deep_scan,20260801073922_MT4-AP1-26-56,30,56,0,2,T360,AA7359,0,36
2026-08-01T13:27:27.303Z,deep_scan,20260801073922_MT4-AP1-26-56,30,56,0,8,T343,AA2314,0,45
2026-08-01T13:27:27.303Z,deep_scan,20260801073922_MT4-AP1-26-56,30,56,0,17,T409,AA7402,0,20
2026-08-01T13:27:57.336Z,deep_scan,20260801073922_MT4-AP1-26-56,30,56,0,3,T376/2,AA7359,1,30
2026-08-01T13:27:57.336Z,deep_scan,20260801073922_MT4-AP1-26-56,30,56,0,8,T343,AA2314,0,3
2026-08-01T13:27:57.336Z,deep_scan,20260801073922_MT4-AP1-26-56,30,56,0,18,T313,AA7402,1,18
2026-08-01T13:28:27.346Z,deep_scan,20260801073922_MT4-AP1-26-56,30,56,0,3,T376/2,AA7359,1,30
2026-08-01T13:28:27.346Z,deep_scan,20260801073922_MT4-AP1-26-56,30,56,0,8,T343,AA2314,0,40
2026-08-01T13:28:27.346Z,deep_scan,20260801073922_MT4-AP1-26-56,30,56,0,18,T313,AA7402,0,34
2026-08-01T13:28:57.286Z,deep_scan,20260801073922_MT4-AP1-26-56,30,56,0,3,T376/2,AA7359,1,30
2026-08-01T13:28:57.286Z,deep_scan,20260801073922_MT4-AP1-26-56,30,56,0,9,M239/1,AA2314,1,2
2026-08-01T13:28:57.286Z,deep_scan,20260801073922_MT4-AP1-26-56,30,56,0,19,T315,AA7402,1,6
2026-08-01T13:29:27.335Z,deep_scan,20260801073922_MT4-AP1-26-56,30,56,0,3,T376/2,AA7359,0,22
2026-08-01T13:29:27.335Z,deep_scan,20260801073922_MT4-AP1-26-56,30,56,0,9,M239/1,AA2314,0,22
2026-08-01T13:29:27.335Z,deep_scan,20260801073922_MT4-AP1-26-56,30,56,0,19,T315,AA7402,0,34
2026-08-01T13:29:57.316Z,deep_scan,20260801073922_MT4-AP1-26-56,30,56,0,3,T376/2,AA7359,0,18
2026-08-01T13:29:57.316Z,deep_scan,20260801073922_MT4-AP1-26-56,30,56,0,10,M254,AA2314,1,26
2026-08-01T13:29:57.316Z,deep_scan,20260801073922_MT4-AP1-26-56,30,56,0,19,T315,AA7402,0,4
2026-08-01T13:30:27.344Z,deep_scan,20260801073922_MT4-AP1-26-56,30,56,0,4,T363/2,AA7359,1,22
2026-08-01T13:30:27.344Z,deep_scan,20260801073922_MT4-AP1-26-56,30,56,0,10,M254,AA2314,0,29
2026-08-01T13:30:27.344Z,deep_scan,20260801073922_MT4-AP1-26-56,30,56,0,19,T315,AA7402,0,29
2026-08-01T13:30:57.347Z,deep_scan,20260801073922_MT4-AP1-26-56,30,56,0,4,T363/2,AA7359,1,22
2026-08-01T13:30:57.347Z,deep_scan,20260801073922_MT4-AP1-26-56,30,56,0,10,M254,AA2314,0,12
2026-08-01T13:30:57.347Z,deep_scan,20260801073922_MT4-AP1-26-56,30,56,0,19,T315,AA7402,0,29
2026-08-01T13:31:27.363Z,deep_scan,20260801073922_MT4-AP1-26-56,30,56,0,4,T363/2,AA7359,1,5
2026-08-01T13:31:27.363Z,deep_scan,20260801073922_MT4-AP1-26-56,30,56,0,10,M254,AA2314,0,31
2026-08-01T13:31:27.363Z,deep_scan,20260801073922_MT4-AP1-26-56,30,56,0,20,T375,AA7402,1,12
2026-08-01T13:31:57.341Z,deep_scan,20260801073922_MT4-AP1-26-56,30,56,0,4,T363/2,AA7359,0,32
2026-08-01T13:31:57.341Z,deep_scan,20260801073922_MT4-AP1-26-56,30,56,0,10,M254,AA2314,0,31
2026-08-01T13:31:57.341Z,deep_scan,20260801073922_MT4-AP1-26-56,30,56,0,20,T375,AA7402,0,15
2026-08-01T13:32:27.331Z,deep_scan,20260801073922_MT4-AP1-26-56,30,56,0,5,T306,AA7359,1,25
2026-08-01T13:32:27.331Z,deep_scan,20260801073922_MT4-AP1-26-56,30,56,0,10,M254,AA2314,0,31
2026-08-01T13:32:27.331Z,deep_scan,20260801073922_MT4-AP1-26-56,30,56,0,20,T375,AA7402,0,19
2026-08-01T13:32:57.427Z,deep_scan,20260801073922_MT4-AP1-26-56,30,56,0,5,T306,AA7359,0,26
2026-08-01T13:32:57.427Z,deep_scan,20260801073922_MT4-AP1-26-56,30,56,0,11,M117,AA2314,1,23
2026-08-01T13:32:57.427Z,deep_scan,20260801073922_MT4-AP1-26-56,30,56,0,21,T380,AA7402,1,26
2026-08-01T13:33:27.350Z,deep_scan,20260801073922_MT4-AP1-26-56,30,56,0,5,T306,AA7359,0,41
2026-08-01T13:33:27.350Z,deep_scan,20260801073922_MT4-AP1-26-56,30,56,0,12,M155,AA2314,1,32
2026-08-01T13:33:27.350Z,deep_scan,20260801073922_MT4-AP1-26-56,30,56,0,21,T380,AA7402,0,36
2026-08-01T13:33:57.390Z,deep_scan,20260801073922_MT4-AP1-26-56,30,56,0,6,T314/2,AA7359,1,16
2026-08-01T13:33:57.390Z,deep_scan,20260801073922_MT4-AP1-26-56,30,56,0,12,M155,AA2314,1,2
2026-08-01T13:33:57.390Z,deep_scan,20260801073922_MT4-AP1-26-56,30,56,0,22,T379,AA7402,1,1
2026-08-01T13:34:27.356Z,deep_scan,20260801073922_MT4-AP1-26-56,30,56,0,6,T314/2,AA7359,1,4
2026-08-01T13:34:27.356Z,deep_scan,20260801073922_MT4-AP1-26-56,30,56,0,12,M155,AA2314,0,16
2026-08-01T13:34:27.356Z,deep_scan,20260801073922_MT4-AP1-26-56,30,56,0,22,T379,AA7402,0,45
2026-08-01T13:34:57.415Z,deep_scan,20260801073922_MT4-AP1-26-56,30,56,0,6,T314/2,AA7359,0,25
2026-08-01T13:34:57.415Z,deep_scan,20260801073922_MT4-AP1-26-56,30,56,0,12,M155,AA2314,0,44
2026-08-01T13:34:57.415Z,deep_scan,20260801073922_MT4-AP1-26-56,30,56,0,22,T379,AA7402,0,24
2026-08-01T13:35:27.380Z,deep_scan,20260801073922_MT4-AP1-26-56,30,56,0,6,T314/2,AA7359,0,25
2026-08-01T13:35:27.380Z,deep_scan,20260801073922_MT4-AP1-26-56,30,56,0,12,M155,AA2314,0,34
2026-08-01T13:35:27.380Z,deep_scan,20260801073922_MT4-AP1-26-56,30,56,0,22,T379,AA7402,0,40
2026-08-01T13:35:57.419Z,deep_scan,20260801073922_MT4-AP1-26-56,30,56,0,7,T408/6,AA7359,1,22
2026-08-01T13:35:57.419Z,deep_scan,20260801073922_MT4-AP1-26-56,30,56,0,12,M155,AA2314,0,50
2026-08-01T13:35:57.419Z,deep_scan,20260801073922_MT4-AP1-26-56,30,56,0,22,T379,AA7402,0,48
2026-08-01T13:36:27.385Z,deep_scan,20260801073922_MT4-AP1-26-56,30,56,0,7,T408/6,AA7359,0,17
2026-08-01T13:36:27.385Z,deep_scan,20260801073922_MT4-AP1-26-56,30,56,0,12,M155,AA2314,0,3
2026-08-01T13:36:27.385Z,deep_scan,20260801073922_MT4-AP1-26-56,30,56,0,22,T379,AA7402,0,26
2026-08-01T13:36:57.390Z,deep_scan,20260801073922_MT4-AP1-26-56,30,56,0,7,T408/6,AA7359,0,22
2026-08-01T13:36:57.390Z,deep_scan,20260801073922_MT4-AP1-26-56,30,56,0,12,M155,AA2314,0,3
2026-08-01T13:36:57.390Z,deep_scan,20260801073922_MT4-AP1-26-56,30,56,0,23,C688/2,AA7402,1,6
2026-08-01T13:37:27.428Z,deep_scan,20260801073922_MT4-AP1-26-56,30,56,0,7,T408/6,AA7359,0,43
2026-08-01T13:37:27.428Z,deep_scan,20260801073922_MT4-AP1-26-56,30,56,0,12,M155,AA2314,0,13
2026-08-01T13:37:27.428Z,deep_scan,20260801073922_MT4-AP1-26-56,30,56,0,23,C688/2,AA7402,1,6
2026-08-01T13:37:57.386Z,deep_scan,20260801073922_MT4-AP1-26-56,30,56,0,7,T408/6,AA7359,0,23
2026-08-01T13:37:57.386Z,deep_scan,20260801073922_MT4-AP1-26-56,30,56,0,12,M155,AA2314,0,4
2026-08-01T13:37:57.386Z,deep_scan,20260801073922_MT4-AP1-26-56,30,56,0,24,C690/6,AA7402,1,0
2026-08-01T13:38:27.416Z,deep_scan,20260801073922_MT4-AP1-26-56,30,56,0,8,T343,AA7359,1,22
2026-08-01T13:38:27.416Z,deep_scan,20260801073922_MT4-AP1-26-56,30,56,0,12,M155,AA2314,0,8
2026-08-01T13:38:27.416Z,deep_scan,20260801073922_MT4-AP1-26-56,30,56,0,24,C690/6,AA7402,1,0
2026-08-01T13:38:57.396Z,deep_scan,20260801073922_MT4-AP1-26-56,30,56,0,8,T343,AA7359,0,36
2026-08-01T13:38:57.396Z,deep_scan,20260801073922_MT4-AP1-26-56,30,56,0,13,M92,AA2314,1,8
2026-08-01T13:38:57.396Z,deep_scan,20260801073922_MT4-AP1-26-56,30,56,0,24,C690/6,AA7402,1,0
2026-08-01T13:39:27.392Z,deep_scan,20260801073922_MT4-AP1-26-56,30,56,0,8,T343,AA7359,0,36
2026-08-01T13:39:27.392Z,deep_scan,20260801073922_MT4-AP1-26-56,30,56,0,13,M92,AA2314,1,10
2026-08-01T13:39:27.392Z,deep_scan,20260801073922_MT4-AP1-26-56,30,56,0,24,C690/6,AA7402,1,0
2026-08-01T13:39:57.424Z,deep_scan,20260801073922_MT4-AP1-26-56,30,56,0,8,T343,AA7359,0,31
2026-08-01T13:39:57.424Z,deep_scan,20260801073922_MT4-AP1-26-56,30,56,0,13,M92,AA2314,0,10
2026-08-01T13:39:57.424Z,deep_scan,20260801073922_MT4-AP1-26-56,30,56,0,24,C690/6,AA7402,1,0
2026-08-01T13:40:27.405Z,deep_scan,20260801073922_MT4-AP1-26-56,30,56,0,8,T343,AA7359,0,45
2026-08-01T13:40:27.405Z,deep_scan,20260801073922_MT4-AP1-26-56,30,56,0,13,M92,AA2314,0,19
2026-08-01T13:40:27.405Z,deep_scan,20260801073922_MT4-AP1-26-56,30,56,0,24,C690/6,AA7402,1,0
2026-08-01T13:40:57.447Z,deep_scan,20260801073922_MT4-AP1-26-56,30,56,0,8,T343,AA7359,0,47
2026-08-01T13:40:57.447Z,deep_scan,20260801073922_MT4-AP1-26-56,30,56,0,13,M92,AA2314,0,19
2026-08-01T13:40:57.447Z,deep_scan,20260801073922_MT4-AP1-26-56,30,56,0,24,C690/6,AA7402,1,0
2026-08-01T13:41:27.423Z,deep_scan,20260801073922_MT4-AP1-26-56,30,56,0,8,T343,AA7359,0,2
2026-08-01T13:41:27.423Z,deep_scan,20260801073922_MT4-AP1-26-56,30,56,0,13,M92,AA2314,0,41
2026-08-01T13:41:27.423Z,deep_scan,20260801073922_MT4-AP1-26-56,30,56,0,24,C690/6,AA7402,1,0
2026-08-01T13:41:57.428Z,deep_scan,20260801073922_MT4-AP1-26-56,30,56,0,8,T343,AA7359,0,32
2026-08-01T13:41:57.428Z,deep_scan,20260801073922_MT4-AP1-26-56,30,56,0,13,M92,AA2314,0,2
2026-08-01T13:41:57.428Z,deep_scan,20260801073922_MT4-AP1-26-56,30,56,0,24,C690/6,AA7402,1,0
2026-08-01T13:42:27.434Z,deep_scan,20260801073922_MT4-AP1-26-56,30,56,0,8,T343,AA7359,0,37
2026-08-01T13:42:27.434Z,deep_scan,20260801073922_MT4-AP1-26-56,30,56,0,14,M272,AA2314,1,12
2026-08-01T13:42:57.438Z,deep_scan,20260801073922_MT4-AP1-26-56,30,56,0,8,T343,AA7359,0,43
2026-08-01T13:42:57.438Z,deep_scan,20260801073922_MT4-AP1-26-56,30,56,0,14,M272,AA2314,1,15
2026-08-01T13:43:27.433Z,deep_scan,20260801073922_MT4-AP1-26-56,30,56,0,8,T343,AA7359,0,43
2026-08-01T13:43:27.433Z,deep_scan,20260801073922_MT4-AP1-26-56,30,56,0,14,M272,AA2314,0,18
2026-08-01T13:43:57.483Z,deep_scan,20260801073922_MT4-AP1-26-56,30,56,0,8,T343,AA7359,0,45
2026-08-01T13:43:57.483Z,deep_scan,20260801073922_MT4-AP1-26-56,30,56,0,14,M272,AA2314,0,1
2026-08-01T13:44:27.473Z,deep_scan,20260801073922_MT4-AP1-26-56,30,56,0,8,T343,AA7359,0,47
2026-08-01T13:44:27.473Z,deep_scan,20260801073922_MT4-AP1-26-56,30,56,0,14,M272,AA2314,0,36
2026-08-01T13:44:57.507Z,deep_scan,20260801073922_MT4-AP1-26-56,30,56,0,8,T343,AA7359,0,47
2026-08-01T13:44:57.507Z,deep_scan,20260801073922_MT4-AP1-26-56,30,56,0,14,M272,AA2314,0,27
2026-08-01T13:45:27.466Z,deep_scan,20260801073922_MT4-AP1-26-56,30,56,0,0,C690/6,AA7402,1,6
2026-08-01T13:45:27.466Z,deep_scan,20260801073922_MT4-AP1-26-56,30,56,0,8,T343,AA7359,0,43
2026-08-01T13:45:27.466Z,deep_scan,20260801073922_MT4-AP1-26-56,30,56,0,15,M61/2,AA2314,1,45
2026-08-01T13:45:57.498Z,deep_scan,20260801073922_MT4-AP1-26-56,30,56,0,0,C690/6,AA7402,0,6
2026-08-01T13:45:57.498Z,deep_scan,20260801073922_MT4-AP1-26-56,30,56,0,8,T343,AA7359,0,47
2026-08-01T13:45:57.498Z,deep_scan,20260801073922_MT4-AP1-26-56,30,56,0,15,M61/2,AA2314,1,4
2026-08-01T13:46:27.502Z,deep_scan,20260801073922_MT4-AP1-26-56,30,56,0,1,C689/2,AA7402,1,6
2026-08-01T13:46:27.502Z,deep_scan,20260801073922_MT4-AP1-26-56,30,56,0,8,T343,AA7359,0,48
2026-08-01T13:46:27.502Z,deep_scan,20260801073922_MT4-AP1-26-56,30,56,0,15,M61/2,AA2314,1,4
2026-08-01T13:46:57.516Z,deep_scan,20260801073922_MT4-AP1-26-56,30,56,0,1,C689/2,AA7402,1,6
2026-08-01T13:46:57.516Z,deep_scan,20260801073922_MT4-AP1-26-56,30,56,0,8,T343,AA7359,0,44
2026-08-01T13:46:57.516Z,deep_scan,20260801073922_MT4-AP1-26-56,30,56,0,15,M61/2,AA2314,0,30
2026-08-01T13:47:27.517Z,deep_scan,20260801073922_MT4-AP1-26-56,30,56,0,1,C689/2,AA7402,0,13
2026-08-01T13:47:27.517Z,deep_scan,20260801073922_MT4-AP1-26-56,30,56,0,8,T343,AA7359,0,47
2026-08-01T13:47:27.517Z,deep_scan,20260801073922_MT4-AP1-26-56,30,56,0,15,M61/2,AA2314,0,40
2026-08-01T13:47:57.497Z,deep_scan,20260801073922_MT4-AP1-26-56,30,56,0,1,C689/2,AA7402,0,43
2026-08-01T13:47:57.497Z,deep_scan,20260801073922_MT4-AP1-26-56,30,56,0,8,T343,AA7359,0,48
2026-08-01T13:47:57.497Z,deep_scan,20260801073922_MT4-AP1-26-56,30,56,0,15,M61/2,AA2314,0,49
2026-08-01T13:48:27.527Z,deep_scan,20260801073922_MT4-AP1-26-56,30,56,0,1,C689/2,AA7402,0,40
2026-08-01T13:48:27.527Z,deep_scan,20260801073922_MT4-AP1-26-56,30,56,0,8,T343,AA7359,0,47
2026-08-01T13:48:27.527Z,deep_scan,20260801073922_MT4-AP1-26-56,30,56,0,15,M61/2,AA2314,0,31
2026-08-01T13:48:57.529Z,deep_scan,20260801073922_MT4-AP1-26-56,30,56,0,1,C689/2,AA7402,0,2
2026-08-01T13:48:57.529Z,deep_scan,20260801073922_MT4-AP1-26-56,30,56,0,8,T343,AA7359,0,40
2026-08-01T13:48:57.529Z,deep_scan,20260801073922_MT4-AP1-26-56,30,56,0,15,M61/2,AA2314,0,41
2026-08-01T13:49:27.543Z,deep_scan,20260801073922_MT4-AP1-26-56,30,56,0,2,T360,AA7402,1,31
2026-08-01T13:49:27.543Z,deep_scan,20260801073922_MT4-AP1-26-56,30,56,0,8,T343,AA7359,0,41
2026-08-01T13:49:27.543Z,deep_scan,20260801073922_MT4-AP1-26-56,30,56,0,15,M61/2,AA2314,0,35
2026-08-01T13:49:57.533Z,deep_scan,20260801073922_MT4-AP1-26-56,30,56,0,2,T360,AA7402,1,15
2026-08-01T13:49:57.533Z,deep_scan,20260801073922_MT4-AP1-26-56,30,56,0,9,M239/1,AA7359,1,18
2026-08-01T13:49:57.533Z,deep_scan,20260801073922_MT4-AP1-26-56,30,56,0,15,M61/2,AA2314,0,42
2026-08-01T13:50:27.541Z,deep_scan,20260801073922_MT4-AP1-26-56,30,56,0,2,T360,AA7402,0,44
2026-08-01T13:50:27.541Z,deep_scan,20260801073922_MT4-AP1-26-56,30,56,0,9,M239/1,AA7359,1,5
2026-08-01T13:50:27.541Z,deep_scan,20260801073922_MT4-AP1-26-56,30,56,0,15,M61/2,AA2314,0,43
2026-08-01T13:50:57.543Z,deep_scan,20260801073922_MT4-AP1-26-56,30,56,0,3,T376/2,AA7402,1,6
2026-08-01T13:50:57.543Z,deep_scan,20260801073922_MT4-AP1-26-56,30,56,0,9,M239/1,AA7359,0,30
2026-08-01T13:50:57.543Z,deep_scan,20260801073922_MT4-AP1-26-56,30,56,0,15,M61/2,AA2314,0,43
2026-08-01T13:51:27.537Z,deep_scan,20260801073922_MT4-AP1-26-56,30,56,0,3,T376/2,AA7402,1,6
2026-08-01T13:51:27.537Z,deep_scan,20260801073922_MT4-AP1-26-56,30,56,0,10,M254,AA7359,1,44
2026-08-01T13:51:27.537Z,deep_scan,20260801073922_MT4-AP1-26-56,30,56,0,15,M61/2,AA2314,0,47
2026-08-01T13:51:57.574Z,deep_scan,20260801073922_MT4-AP1-26-56,30,56,0,3,T376/2,AA7402,0,6
2026-08-01T13:51:57.574Z,deep_scan,20260801073922_MT4-AP1-26-56,30,56,0,10,M254,AA7359,0,39
2026-08-01T13:51:57.574Z,deep_scan,20260801073922_MT4-AP1-26-56,30,56,0,15,M61/2,AA2314,0,47
2026-08-01T13:52:27.576Z,deep_scan,20260801073922_MT4-AP1-26-56,30,56,0,3,T376/2,AA7402,0,30
2026-08-01T13:52:27.576Z,deep_scan,20260801073922_MT4-AP1-26-56,30,56,0,10,M254,AA7359,0,23
2026-08-01T13:52:27.576Z,deep_scan,20260801073922_MT4-AP1-26-56,30,56,0,15,M61/2,AA2314,0,44
2026-08-01T13:52:57.543Z,deep_scan,20260801073922_MT4-AP1-26-56,30,56,0,4,T363/2,AA7402,1,42
2026-08-01T13:52:57.543Z,deep_scan,20260801073922_MT4-AP1-26-56,30,56,0,10,M254,AA7359,0,4
2026-08-01T13:52:57.543Z,deep_scan,20260801073922_MT4-AP1-26-56,30,56,0,15,M61/2,AA2314,0,49
2026-08-01T13:53:27.607Z,deep_scan,20260801073922_MT4-AP1-26-56,30,56,0,4,T363/2,AA7402,1,27
2026-08-01T13:53:27.607Z,deep_scan,20260801073922_MT4-AP1-26-56,30,56,0,10,M254,AA7359,0,22
2026-08-01T13:53:27.607Z,deep_scan,20260801073922_MT4-AP1-26-56,30,56,0,15,M61/2,AA2314,0,50
2026-08-01T13:53:57.576Z,deep_scan,20260801073922_MT4-AP1-26-56,30,56,0,4,T363/2,AA7402,0,14
2026-08-01T13:53:57.576Z,deep_scan,20260801073922_MT4-AP1-26-56,30,56,0,11,M117,AA7359,1,27
2026-08-01T13:53:57.576Z,deep_scan,20260801073922_MT4-AP1-26-56,30,56,0,15,M61/2,AA2314,0,47
2026-08-01T13:54:27.617Z,deep_scan,20260801073922_MT4-AP1-26-56,30,56,0,4,T363/2,AA7402,0,22
2026-08-01T13:54:27.617Z,deep_scan,20260801073922_MT4-AP1-26-56,30,56,0,11,M117,AA7359,0,29
2026-08-01T13:54:27.617Z,deep_scan,20260801073922_MT4-AP1-26-56,30,56,0,15,M61/2,AA2314,0,42
2026-08-01T13:54:57.583Z,deep_scan,20260801073922_MT4-AP1-26-56,30,56,0,5,T306,AA7402,1,23
2026-08-01T13:54:57.583Z,deep_scan,20260801073922_MT4-AP1-26-56,30,56,0,12,M155,AA7359,1,35
2026-08-01T13:54:57.583Z,deep_scan,20260801073922_MT4-AP1-26-56,30,56,0,15,M61/2,AA2314,0,44
2026-08-01T13:55:27.603Z,deep_scan,20260801073922_MT4-AP1-26-56,30,56,0,5,T306,AA7402,0,35
2026-08-01T13:55:27.603Z,deep_scan,20260801073922_MT4-AP1-26-56,30,56,0,12,M155,AA7359,1,11
2026-08-01T13:55:27.603Z,deep_scan,20260801073922_MT4-AP1-26-56,30,56,0,16,T342,AA2314,1,39
2026-08-01T13:55:57.651Z,deep_scan,20260801073922_MT4-AP1-26-56,30,56,0,5,T306,AA7402,0,37
2026-08-01T13:55:57.651Z,deep_scan,20260801073922_MT4-AP1-26-56,30,56,0,12,M155,AA7359,0,30
2026-08-01T13:55:57.651Z,deep_scan,20260801073922_MT4-AP1-26-56,30,56,0,16,T342,AA2314,1,4
2026-08-01T13:56:27.596Z,deep_scan,20260801073922_MT4-AP1-26-56,30,56,0,6,T314/2,AA7402,1,3
2026-08-01T13:56:27.596Z,deep_scan,20260801073922_MT4-AP1-26-56,30,56,0,12,M155,AA7359,0,49
2026-08-01T13:56:27.596Z,deep_scan,20260801073922_MT4-AP1-26-56,30,56,0,16,T342,AA2314,1,4
2026-08-01T13:56:57.648Z,deep_scan,20260801073922_MT4-AP1-26-56,30,56,0,6,T314/2,AA7402,0,10
2026-08-01T13:56:57.648Z,deep_scan,20260801073922_MT4-AP1-26-56,30,56,0,12,M155,AA7359,0,29
2026-08-01T13:56:57.648Z,deep_scan,20260801073922_MT4-AP1-26-56,30,56,0,16,T342,AA2314,0,34
2026-08-01T13:57:27.600Z,deep_scan,20260801073922_MT4-AP1-26-56,30,56,0,6,T314/2,AA7402,0,24
2026-08-01T13:57:27.600Z,deep_scan,20260801073922_MT4-AP1-26-56,30,56,0,12,M155,AA7359,0,38
2026-08-01T13:57:27.600Z,deep_scan,20260801073922_MT4-AP1-26-56,30,56,0,17,T409,AA2314,1,25
2026-08-01T13:57:57.641Z,deep_scan,20260801073922_MT4-AP1-26-56,30,56,0,7,T408/6,AA7402,1,18
2026-08-01T13:57:57.641Z,deep_scan,20260801073922_MT4-AP1-26-56,30,56,0,12,M155,AA7359,0,1
2026-08-01T13:57:57.641Z,deep_scan,20260801073922_MT4-AP1-26-56,30,56,0,17,T409,AA2314,0,28
2026-08-01T13:58:27.618Z,deep_scan,20260801073922_MT4-AP1-26-56,30,56,0,7,T408/6,AA7402,0,18
2026-08-01T13:58:27.618Z,deep_scan,20260801073922_MT4-AP1-26-56,30,56,0,12,M155,AA7359,0,15
2026-08-01T13:58:27.618Z,deep_scan,20260801073922_MT4-AP1-26-56,30,56,0,18,T313,AA2314,1,27
2026-08-01T13:58:57.628Z,deep_scan,20260801073922_MT4-AP1-26-56,30,56,0,7,T408/6,AA7402,0,23
2026-08-01T13:58:57.628Z,deep_scan,20260801073922_MT4-AP1-26-56,30,56,0,12,M155,AA7359,0,10
2026-08-01T13:58:57.628Z,deep_scan,20260801073922_MT4-AP1-26-56,30,56,0,18,T313,AA2314,0,8
2026-08-01T13:59:27.611Z,deep_scan,20260801073922_MT4-AP1-26-56,30,56,0,7,T408/6,AA7402,0,19
2026-08-01T13:59:27.611Z,deep_scan,20260801073922_MT4-AP1-26-56,30,56,0,12,M155,AA7359,0,10
2026-08-01T13:59:27.611Z,deep_scan,20260801073922_MT4-AP1-26-56,30,56,0,19,T315,AA2314,0,44
2026-08-01T13:59:57.640Z,deep_scan,20260801073922_MT4-AP1-26-56,30,56,0,8,T343,AA7402,1,33
2026-08-01T13:59:57.640Z,deep_scan,20260801073922_MT4-AP1-26-56,30,56,0,13,M92,AA7359,1,24
2026-08-01T13:59:57.640Z,deep_scan,20260801073922_MT4-AP1-26-56,30,56,0,19,T315,AA2314,0,43
2026-08-01T14:00:27.664Z,deep_scan,20260801073922_MT4-AP1-26-56,30,56,0,8,T343,AA7402,1,22
2026-08-01T14:00:27.664Z,deep_scan,20260801073922_MT4-AP1-26-56,30,56,0,13,M92,AA7359,1,24
2026-08-01T14:00:27.664Z,deep_scan,20260801073922_MT4-AP1-26-56,30,56,0,19,T315,AA2314,0,22
2026-08-01T14:00:57.665Z,deep_scan,20260801073922_MT4-AP1-26-56,30,56,0,8,T343,AA7402,0,35
2026-08-01T14:00:57.665Z,deep_scan,20260801073922_MT4-AP1-26-56,30,56,0,13,M92,AA7359,0,10
2026-08-01T14:00:57.665Z,deep_scan,20260801073922_MT4-AP1-26-56,30,56,0,20,T375,AA2314,1,26
2026-08-01T14:01:27.694Z,deep_scan,20260801073922_MT4-AP1-26-56,30,56,0,8,T343,AA7402,0,44
2026-08-01T14:01:27.694Z,deep_scan,20260801073922_MT4-AP1-26-56,30,56,0,13,M92,AA7359,0,10
2026-08-01T14:01:27.694Z,deep_scan,20260801073922_MT4-AP1-26-56,30,56,0,20,T375,AA2314,0,7
2026-08-01T14:01:57.661Z,deep_scan,20260801073922_MT4-AP1-26-56,30,56,0,8,T343,AA7402,0,20
2026-08-01T14:01:57.661Z,deep_scan,20260801073922_MT4-AP1-26-56,30,56,0,13,M92,AA7359,0,10
2026-08-01T14:01:57.661Z,deep_scan,20260801073922_MT4-AP1-26-56,30,56,0,20,T375,AA2314,0,3
2026-08-01T14:02:27.694Z,deep_scan,20260801073922_MT4-AP1-26-56,30,56,0,8,T343,AA7402,0,40
2026-08-01T14:02:27.694Z,deep_scan,20260801073922_MT4-AP1-26-56,30,56,0,13,M92,AA7359,0,1
2026-08-01T14:02:27.694Z,deep_scan,20260801073922_MT4-AP1-26-56,30,56,0,20,T375,AA2314,0,28
2026-08-01T14:02:57.649Z,deep_scan,20260801073922_MT4-AP1-26-56,30,56,0,8,T343,AA7402,0,48
2026-08-01T14:02:57.649Z,deep_scan,20260801073922_MT4-AP1-26-56,30,56,0,13,M92,AA7359,0,1
2026-08-01T14:02:57.649Z,deep_scan,20260801073922_MT4-AP1-26-56,30,56,0,21,T380,AA2314,1,2
2026-08-01T14:03:27.705Z,deep_scan,20260801073922_MT4-AP1-26-56,30,56,0,8,T343,AA7402,0,38
2026-08-01T14:03:27.705Z,deep_scan,20260801073922_MT4-AP1-26-56,30,56,0,14,M272,AA7359,1,27
2026-08-01T14:03:27.705Z,deep_scan,20260801073922_MT4-AP1-26-56,30,56,0,22,T379,AA2314,1,33
2026-08-01T14:03:57.648Z,deep_scan,20260801073922_MT4-AP1-26-56,30,56,0,8,T343,AA7402,0,21
2026-08-01T14:03:57.648Z,deep_scan,20260801073922_MT4-AP1-26-56,30,56,0,14,M272,AA7359,1,11
2026-08-01T14:03:57.648Z,deep_scan,20260801073922_MT4-AP1-26-56,30,56,0,22,T379,AA2314,0,4
2026-08-01T14:04:27.673Z,deep_scan,20260801073922_MT4-AP1-26-56,30,56,0,8,T343,AA7402,0,24
2026-08-01T14:04:27.673Z,deep_scan,20260801073922_MT4-AP1-26-56,30,56,0,14,M272,AA7359,0,41
2026-08-01T14:04:27.673Z,deep_scan,20260801073922_MT4-AP1-26-56,30,56,0,22,T379,AA2314,0,4
2026-08-01T14:04:57.651Z,deep_scan,20260801073922_MT4-AP1-26-56,30,56,0,8,T343,AA7402,0,46
2026-08-01T14:04:57.651Z,deep_scan,20260801073922_MT4-AP1-26-56,30,56,0,14,M272,AA7359,0,11
2026-08-01T14:04:57.651Z,deep_scan,20260801073922_MT4-AP1-26-56,30,56,0,22,T379,AA2314,0,5
2026-08-01T14:05:27.713Z,deep_scan,20260801073922_MT4-AP1-26-56,30,56,0,8,T343,AA7402,0,44
2026-08-01T14:05:27.713Z,deep_scan,20260801073922_MT4-AP1-26-56,30,56,0,14,M272,AA7359,0,22
2026-08-01T14:05:27.713Z,deep_scan,20260801073922_MT4-AP1-26-56,30,56,0,22,T379,AA2314,0,42
2026-08-01T14:05:57.657Z,deep_scan,20260801073922_MT4-AP1-26-56,30,56,0,8,T343,AA7402,0,46
2026-08-01T14:05:57.657Z,deep_scan,20260801073922_MT4-AP1-26-56,30,56,0,14,M272,AA7359,0,3
2026-08-01T14:05:57.657Z,deep_scan,20260801073922_MT4-AP1-26-56,30,56,0,22,T379,AA2314,0,49
2026-08-01T14:06:27.679Z,deep_scan,20260801073922_MT4-AP1-26-56,30,56,0,8,T343,AA7402,0,48
2026-08-01T14:06:27.679Z,deep_scan,20260801073922_MT4-AP1-26-56,30,56,0,15,M61/2,AA7359,1,24
2026-08-01T14:06:27.679Z,deep_scan,20260801073922_MT4-AP1-26-56,30,56,0,22,T379,AA2314,0,30
2026-08-01T14:06:57.680Z,deep_scan,20260801073922_MT4-AP1-26-56,30,56,0,8,T343,AA7402,0,46
2026-08-01T14:06:57.680Z,deep_scan,20260801073922_MT4-AP1-26-56,30,56,0,15,M61/2,AA7359,1,17
2026-08-01T14:06:57.680Z,deep_scan,20260801073922_MT4-AP1-26-56,30,56,0,23,C688/2,AA2314,1,18
2026-08-01T14:07:27.739Z,deep_scan,20260801073922_MT4-AP1-26-56,30,56,0,8,T343,AA7402,0,43
2026-08-01T14:07:27.739Z,deep_scan,20260801073922_MT4-AP1-26-56,30,56,0,15,M61/2,AA7359,0,10
2026-08-01T14:07:27.739Z,deep_scan,20260801073922_MT4-AP1-26-56,30,56,0,23,C688/2,AA2314,0,18
2026-08-01T14:07:57.682Z,deep_scan,20260801073922_MT4-AP1-26-56,30,56,0,8,T343,AA7402,0,45
2026-08-01T14:07:57.682Z,deep_scan,20260801073922_MT4-AP1-26-56,30,56,0,15,M61/2,AA7359,0,10
2026-08-01T14:07:57.682Z,deep_scan,20260801073922_MT4-AP1-26-56,30,56,0,23,C688/2,AA2314,0,18
2026-08-01T14:08:27.695Z,deep_scan,20260801073922_MT4-AP1-26-56,30,56,0,8,T343,AA7402,0,47
2026-08-01T14:08:27.695Z,deep_scan,20260801073922_MT4-AP1-26-56,30,56,0,15,M61/2,AA7359,0,23
2026-08-01T14:08:27.695Z,deep_scan,20260801073922_MT4-AP1-26-56,30,56,0,24,C690/6,AA2314,1,0
2026-08-01T14:08:57.706Z,deep_scan,20260801073922_MT4-AP1-26-56,30,56,0,8,T343,AA7402,0,42
2026-08-01T14:08:57.706Z,deep_scan,20260801073922_MT4-AP1-26-56,30,56,0,15,M61/2,AA7359,0,30
2026-08-01T14:08:57.706Z,deep_scan,20260801073922_MT4-AP1-26-56,30,56,0,24,C690/6,AA2314,1,0
2026-08-01T14:09:27.704Z,deep_scan,20260801073922_MT4-AP1-26-56,30,56,0,8,T343,AA7402,0,44
2026-08-01T14:09:27.704Z,deep_scan,20260801073922_MT4-AP1-26-56,30,56,0,15,M61/2,AA7359,0,36
2026-08-01T14:09:27.704Z,deep_scan,20260801073922_MT4-AP1-26-56,30,56,0,24,C690/6,AA2314,1,0
2026-08-01T14:09:57.705Z,deep_scan,20260801073922_MT4-AP1-26-56,30,56,0,8,T343,AA7402,0,48
2026-08-01T14:09:57.705Z,deep_scan,20260801073922_MT4-AP1-26-56,30,56,0,15,M61/2,AA7359,0,31
2026-08-01T14:09:57.705Z,deep_scan,20260801073922_MT4-AP1-26-56,30,56,0,24,C690/6,AA2314,1,0
2026-08-01T14:10:27.726Z,deep_scan,20260801073922_MT4-AP1-26-56,30,56,0,8,T343,AA7402,0,45
2026-08-01T14:10:27.726Z,deep_scan,20260801073922_MT4-AP1-26-56,30,56,0,15,M61/2,AA7359,0,15
2026-08-01T14:10:27.726Z,deep_scan,20260801073922_MT4-AP1-26-56,30,56,0,24,C690/6,AA2314,1,0
2026-08-01T14:10:57.749Z,deep_scan,20260801073922_MT4-AP1-26-56,30,56,0,8,T343,AA7402,0,36
2026-08-01T14:10:57.749Z,deep_scan,20260801073922_MT4-AP1-26-56,30,56,0,15,M61/2,AA7359,0,47
2026-08-01T14:10:57.749Z,deep_scan,20260801073922_MT4-AP1-26-56,30,56,0,24,C690/6,AA2314,1,0
2026-08-01T14:11:27.742Z,deep_scan,20260801073922_MT4-AP1-26-56,30,56,0,8,T343,AA7402,0,19
2026-08-01T14:11:27.742Z,deep_scan,20260801073922_MT4-AP1-26-56,30,56,0,15,M61/2,AA7359,0,37
2026-08-01T14:11:27.742Z,deep_scan,20260801073922_MT4-AP1-26-56,30,56,0,24,C690/6,AA2314,1,0
2026-08-01T14:11:57.738Z,deep_scan,20260801073922_MT4-AP1-26-56,30,56,0,9,M239/1,AA7402,1,2
2026-08-01T14:11:57.738Z,deep_scan,20260801073922_MT4-AP1-26-56,30,56,0,15,M61/2,AA7359,0,29
2026-08-01T14:11:57.738Z,deep_scan,20260801073922_MT4-AP1-26-56,30,56,0,24,C690/6,AA2314,1,0
2026-08-01T14:12:27.734Z,deep_scan,20260801073922_MT4-AP1-26-56,30,56,0,9,M239/1,AA7402,0,20
2026-08-01T14:12:27.734Z,deep_scan,20260801073922_MT4-AP1-26-56,30,56,0,15,M61/2,AA7359,0,44
2026-08-01T14:12:57.730Z,deep_scan,20260801073922_MT4-AP1-26-56,30,56,0,9,M239/1,AA7402,0,40
2026-08-01T14:12:57.730Z,deep_scan,20260801073922_MT4-AP1-26-56,30,56,0,15,M61/2,AA7359,0,43
2026-08-01T14:13:27.762Z,deep_scan,20260801073922_MT4-AP1-26-56,30,56,0,10,M254,AA7402,1,4
2026-08-01T14:13:27.762Z,deep_scan,20260801073922_MT4-AP1-26-56,30,56,0,15,M61/2,AA7359,0,47
2026-08-01T14:13:57.730Z,deep_scan,20260801073922_MT4-AP1-26-56,30,56,0,10,M254,AA7402,0,26
2026-08-01T14:13:57.730Z,deep_scan,20260801073922_MT4-AP1-26-56,30,56,0,15,M61/2,AA7359,0,48
2026-08-01T14:14:27.764Z,deep_scan,20260801073922_MT4-AP1-26-56,30,56,0,10,M254,AA7402,0,26
2026-08-01T14:14:27.764Z,deep_scan,20260801073922_MT4-AP1-26-56,30,56,0,15,M61/2,AA7359,0,43
2026-08-01T14:14:57.778Z,deep_scan,20260801073922_MT4-AP1-26-56,30,56,0,10,M254,AA7402,0,17
2026-08-01T14:14:57.778Z,deep_scan,20260801073922_MT4-AP1-26-56,30,56,0,15,M61/2,AA7359,0,47
2026-08-01T14:15:27.762Z,deep_scan,20260801073922_MT4-AP1-26-56,30,56,0,11,M117,AA7402,1,20
2026-08-01T14:15:27.762Z,deep_scan,20260801073922_MT4-AP1-26-56,30,56,0,15,M61/2,AA7359,0,48
2026-08-01T14:15:57.772Z,deep_scan,20260801073922_MT4-AP1-26-56,30,56,0,11,M117,AA7402,0,27
2026-08-01T14:15:57.772Z,deep_scan,20260801073922_MT4-AP1-26-56,30,56,0,15,M61/2,AA7359,0,47
2026-08-01T14:16:27.827Z,deep_scan,20260801073922_MT4-AP1-26-56,30,56,0,12,M155,AA7402,1,25
2026-08-01T14:16:27.827Z,deep_scan,20260801073922_MT4-AP1-26-56,30,56,0,15,M61/2,AA7359,0,34
2026-08-01T14:16:57.684Z,deep_scan,20260801073922_MT4-AP1-26-56,30,56,0,12,M155,AA7402,1,18
2026-08-01T14:16:57.684Z,deep_scan,20260801073922_MT4-AP1-26-56,30,56,0,15,M61/2,AA7359,0,35
2026-08-01T14:17:27.817Z,deep_scan,20260801073922_MT4-AP1-26-56,30,56,0,12,M155,AA7402,0,31
2026-08-01T14:17:27.817Z,deep_scan,20260801073922_MT4-AP1-26-56,30,56,0,15,M61/2,AA7359,0,35
2026-08-01T14:17:57.800Z,deep_scan,20260801073922_MT4-AP1-26-56,30,56,0,12,M155,AA7402,0,45
2026-08-01T14:17:57.800Z,deep_scan,20260801073922_MT4-AP1-26-56,30,56,0,16,T342,AA7359,1,35
2026-08-01T14:18:27.804Z,deep_scan,20260801073922_MT4-AP1-26-56,30,56,0,12,M155,AA7402,0,41
2026-08-01T14:18:27.804Z,deep_scan,20260801073922_MT4-AP1-26-56,30,56,0,16,T342,AA7359,0,40
2026-08-01T14:18:57.833Z,deep_scan,20260801073922_MT4-AP1-26-56,30,56,0,12,M155,AA7402,0,41
2026-08-01T14:18:57.833Z,deep_scan,20260801073922_MT4-AP1-26-56,30,56,0,16,T342,AA7359,0,7
2026-08-01T14:19:27.809Z,deep_scan,20260801073922_MT4-AP1-26-56,30,56,0,12,M155,AA7402,0,22
2026-08-01T14:19:27.809Z,deep_scan,20260801073922_MT4-AP1-26-56,30,56,0,17,T409,AA7359,1,1
2026-08-01T14:19:57.795Z,deep_scan,20260801073922_MT4-AP1-26-56,30,56,0,12,M155,AA7402,0,22
2026-08-01T14:19:57.795Z,deep_scan,20260801073922_MT4-AP1-26-56,30,56,0,17,T409,AA7359,0,30
2026-08-01T14:20:27.875Z,deep_scan,20260801073922_MT4-AP1-26-56,30,56,0,12,M155,AA7402,0,22
2026-08-01T14:20:27.875Z,deep_scan,20260801073922_MT4-AP1-26-56,30,56,0,17,T409,AA7359,0,16
2026-08-01T14:20:57.789Z,deep_scan,20260801073922_MT4-AP1-26-56,30,56,0,12,M155,AA7402,0,29
2026-08-01T14:20:57.789Z,deep_scan,20260801073922_MT4-AP1-26-56,30,56,0,18,T313,AA7359,1,12
2026-08-01T14:21:27.821Z,deep_scan,20260801073922_MT4-AP1-26-56,30,56,0,13,M92,AA7402,1,14
2026-08-01T14:21:27.821Z,deep_scan,20260801073922_MT4-AP1-26-56,30,56,0,19,T315,AA7359,1,19
2026-08-01T14:21:57.775Z,deep_scan,20260801073922_MT4-AP1-26-56,30,56,0,13,M92,AA7402,1,7
2026-08-01T14:21:57.775Z,deep_scan,20260801073922_MT4-AP1-26-56,30,56,0,19,T315,AA7359,0,18
2026-08-01T14:22:27.815Z,deep_scan,20260801073922_MT4-AP1-26-56,30,56,0,13,M92,AA7402,1,2
2026-08-01T14:22:27.815Z,deep_scan,20260801073922_MT4-AP1-26-56,30,56,0,19,T315,AA7359,0,38
2026-08-01T14:22:57.819Z,deep_scan,20260801073922_MT4-AP1-26-56,30,56,0,13,M92,AA7402,0,1
2026-08-01T14:22:57.819Z,deep_scan,20260801073922_MT4-AP1-26-56,30,56,0,19,T315,AA7359,0,32
2026-08-01T14:23:27.818Z,deep_scan,20260801073922_MT4-AP1-26-56,30,56,0,13,M92,AA7402,0,40
2026-08-01T14:23:27.818Z,deep_scan,20260801073922_MT4-AP1-26-56,30,56,0,20,T375,AA7359,1,16
2026-08-01T14:23:57.804Z,deep_scan,20260801073922_MT4-AP1-26-56,30,56,0,13,M92,AA7402,0,18
2026-08-01T14:23:57.804Z,deep_scan,20260801073922_MT4-AP1-26-56,30,56,0,20,T375,AA7359,0,20
2026-08-01T14:24:27.789Z,deep_scan,20260801073922_MT4-AP1-26-56,30,56,0,0,C690/6,AA2314,1,18
2026-08-01T14:24:27.789Z,deep_scan,20260801073922_MT4-AP1-26-56,30,56,0,14,M272,AA7402,1,23
2026-08-01T14:24:27.789Z,deep_scan,20260801073922_MT4-AP1-26-56,30,56,0,20,T375,AA7359,0,2
2026-08-01T14:24:57.790Z,deep_scan,20260801073922_MT4-AP1-26-56,30,56,0,1,C689/2,AA2314,1,18
2026-08-01T14:24:57.790Z,deep_scan,20260801073922_MT4-AP1-26-56,30,56,0,14,M272,AA7402,0,7
2026-08-01T14:24:57.790Z,deep_scan,20260801073922_MT4-AP1-26-56,30,56,0,21,T380,AA7359,1,22
2026-08-01T14:25:27.819Z,deep_scan,20260801073922_MT4-AP1-26-56,30,56,0,1,C689/2,AA2314,1,18
2026-08-01T14:25:27.819Z,deep_scan,20260801073922_MT4-AP1-26-56,30,56,0,14,M272,AA7402,0,21
2026-08-01T14:25:27.819Z,deep_scan,20260801073922_MT4-AP1-26-56,30,56,0,21,T380,AA7359,1,9
2026-08-01T14:25:57.810Z,deep_scan,20260801073922_MT4-AP1-26-56,30,56,0,1,C689/2,AA2314,0,21
2026-08-01T14:25:57.810Z,deep_scan,20260801073922_MT4-AP1-26-56,30,56,0,14,M272,AA7402,0,19
2026-08-01T14:25:57.810Z,deep_scan,20260801073922_MT4-AP1-26-56,30,56,0,22,T379,AA7359,1,31
2026-08-01T14:26:27.842Z,deep_scan,20260801073922_MT4-AP1-26-56,30,56,0,1,C689/2,AA2314,0,46
2026-08-01T14:26:27.842Z,deep_scan,20260801073922_MT4-AP1-26-56,30,56,0,15,M61/2,AA7402,1,33
2026-08-01T14:26:27.842Z,deep_scan,20260801073922_MT4-AP1-26-56,30,56,0,22,T379,AA7359,0,16
2026-08-01T14:26:57.820Z,deep_scan,20260801073922_MT4-AP1-26-56,30,56,0,1,C689/2,AA2314,0,34
2026-08-01T14:26:57.820Z,deep_scan,20260801073922_MT4-AP1-26-56,30,56,0,15,M61/2,AA7402,1,28
2026-08-01T14:26:57.820Z,deep_scan,20260801073922_MT4-AP1-26-56,30,56,0,22,T379,AA7359,0,47
2026-08-01T14:27:27.803Z,deep_scan,20260801073922_MT4-AP1-26-56,30,56,0,2,T360,AA2314,1,2
2026-08-01T14:27:27.803Z,deep_scan,20260801073922_MT4-AP1-26-56,30,56,0,15,M61/2,AA7402,0,6
2026-08-01T14:27:27.803Z,deep_scan,20260801073922_MT4-AP1-26-56,30,56,0,22,T379,AA7359,0,13
2026-08-01T14:27:57.830Z,deep_scan,20260801073922_MT4-AP1-26-56,30,56,0,2,T360,AA2314,1,2
2026-08-01T14:27:57.830Z,deep_scan,20260801073922_MT4-AP1-26-56,30,56,0,15,M61/2,AA7402,0,28
2026-08-01T14:27:57.830Z,deep_scan,20260801073922_MT4-AP1-26-56,30,56,0,22,T379,AA7359,0,39
2026-08-01T14:28:27.836Z,deep_scan,20260801073922_MT4-AP1-26-56,30,56,0,2,T360,AA2314,1,2
2026-08-01T14:28:27.836Z,deep_scan,20260801073922_MT4-AP1-26-56,30,56,0,15,M61/2,AA7402,0,21
2026-08-01T14:28:27.836Z,deep_scan,20260801073922_MT4-AP1-26-56,30,56,0,22,T379,AA7359,0,49
2026-08-01T14:28:57.810Z,deep_scan,20260801073922_MT4-AP1-26-56,30,56,0,2,T360,AA2314,0,17
2026-08-01T14:28:57.810Z,deep_scan,20260801073922_MT4-AP1-26-56,30,56,0,15,M61/2,AA7402,0,31
2026-08-01T14:28:57.810Z,deep_scan,20260801073922_MT4-AP1-26-56,30,56,0,22,T379,AA7359,0,28
2026-08-01T14:29:27.809Z,deep_scan,20260801073922_MT4-AP1-26-56,30,56,0,3,T376/2,AA2314,0,9
2026-08-01T14:29:27.809Z,deep_scan,20260801073922_MT4-AP1-26-56,30,56,0,15,M61/2,AA7402,0,49
2026-08-01T14:29:27.809Z,deep_scan,20260801073922_MT4-AP1-26-56,30,56,0,23,C688/2,AA7359,1,27
2026-08-01T14:29:57.808Z,deep_scan,20260801073922_MT4-AP1-26-56,30,56,0,3,T376/2,AA2314,0,9
2026-08-01T14:29:57.808Z,deep_scan,20260801073922_MT4-AP1-26-56,30,56,0,15,M61/2,AA7402,0,34
2026-08-01T14:29:57.808Z,deep_scan,20260801073922_MT4-AP1-26-56,30,56,0,23,C688/2,AA7359,1,27
2026-08-01T14:30:27.810Z,deep_scan,20260801073922_MT4-AP1-26-56,30,56,0,3,T376/2,AA2314,0,9
2026-08-01T14:30:27.810Z,deep_scan,20260801073922_MT4-AP1-26-56,30,56,0,15,M61/2,AA7402,0,47
2026-08-01T14:30:27.810Z,deep_scan,20260801073922_MT4-AP1-26-56,30,56,0,23,C688/2,AA7359,0,27
2026-08-01T14:30:57.878Z,deep_scan,20260801073922_MT4-AP1-26-56,30,56,0,3,T376/2,AA2314,0,29
2026-08-01T14:30:57.878Z,deep_scan,20260801073922_MT4-AP1-26-56,30,56,0,15,M61/2,AA7402,0,40
2026-08-01T14:30:57.878Z,deep_scan,20260801073922_MT4-AP1-26-56,30,56,0,24,C690/6,AA7359,1,0
2026-08-01T14:31:27.817Z,deep_scan,20260801073922_MT4-AP1-26-56,30,56,0,3,T376/2,AA2314,0,18
2026-08-01T14:31:27.817Z,deep_scan,20260801073922_MT4-AP1-26-56,30,56,0,15,M61/2,AA7402,0,36
2026-08-01T14:31:27.817Z,deep_scan,20260801073922_MT4-AP1-26-56,30,56,0,24,C690/6,AA7359,1,0
2026-08-01T14:31:57.816Z,deep_scan,20260801073922_MT4-AP1-26-56,30,56,0,4,T363/2,AA2314,1,34
2026-08-01T14:31:57.816Z,deep_scan,20260801073922_MT4-AP1-26-56,30,56,0,15,M61/2,AA7402,0,44
2026-08-01T14:31:57.816Z,deep_scan,20260801073922_MT4-AP1-26-56,30,56,0,24,C690/6,AA7359,1,0
2026-08-01T14:32:27.840Z,deep_scan,20260801073922_MT4-AP1-26-56,30,56,0,4,T363/2,AA2314,1,17
2026-08-01T14:32:27.840Z,deep_scan,20260801073922_MT4-AP1-26-56,30,56,0,15,M61/2,AA7402,0,45
2026-08-01T14:32:27.840Z,deep_scan,20260801073922_MT4-AP1-26-56,30,56,0,24,C690/6,AA7359,1,0
2026-08-01T14:32:57.849Z,deep_scan,20260801073922_MT4-AP1-26-56,30,56,0,4,T363/2,AA2314,1,17
2026-08-01T14:32:57.849Z,deep_scan,20260801073922_MT4-AP1-26-56,30,56,0,15,M61/2,AA7402,0,44
2026-08-01T14:32:57.849Z,deep_scan,20260801073922_MT4-AP1-26-56,30,56,0,24,C690/6,AA7359,1,0
2026-08-01T14:33:27.871Z,deep_scan,20260801073922_MT4-AP1-26-56,30,56,0,4,T363/2,AA2314,0,33
2026-08-01T14:33:27.871Z,deep_scan,20260801073922_MT4-AP1-26-56,30,56,0,15,M61/2,AA7402,0,46
2026-08-01T14:33:27.871Z,deep_scan,20260801073922_MT4-AP1-26-56,30,56,0,24,C690/6,AA7359,1,0
2026-08-01T14:33:57.867Z,deep_scan,20260801073922_MT4-AP1-26-56,30,56,0,4,T363/2,AA2314,0,22
2026-08-01T14:33:57.867Z,deep_scan,20260801073922_MT4-AP1-26-56,30,56,0,15,M61/2,AA7402,0,44
2026-08-01T14:33:57.867Z,deep_scan,20260801073922_MT4-AP1-26-56,30,56,0,24,C690/6,AA7359,1,0
2026-08-01T14:34:27.862Z,deep_scan,20260801073922_MT4-AP1-26-56,30,56,0,5,T306,AA2314,1,38
2026-08-01T14:34:27.862Z,deep_scan,20260801073922_MT4-AP1-26-56,30,56,0,15,M61/2,AA7402,0,47
2026-08-01T14:34:27.862Z,deep_scan,20260801073922_MT4-AP1-26-56,30,56,0,24,C690/6,AA7359,1,0
2026-08-01T14:34:57.840Z,deep_scan,20260801073922_MT4-AP1-26-56,30,56,0,5,T306,AA2314,0,38
2026-08-01T14:34:57.840Z,deep_scan,20260801073922_MT4-AP1-26-56,30,56,0,15,M61/2,AA7402,0,44
2026-08-01T14:34:57.840Z,deep_scan,20260801073922_MT4-AP1-26-56,30,56,0,24,C690/6,AA7359,1,0
2026-08-01T14:35:27.865Z,deep_scan,20260801073922_MT4-AP1-26-56,30,56,0,5,T306,AA2314,0,43
2026-08-01T14:35:27.865Z,deep_scan,20260801073922_MT4-AP1-26-56,30,56,0,15,M61/2,AA7402,0,47
2026-08-01T14:35:57.915Z,deep_scan,20260801073922_MT4-AP1-26-56,30,56,0,6,T314/2,AA2314,1,3
2026-08-01T14:35:57.915Z,deep_scan,20260801073922_MT4-AP1-26-56,30,56,0,15,M61/2,AA7402,0,42
2026-08-01T14:36:27.856Z,deep_scan,20260801073922_MT4-AP1-26-56,30,56,0,6,T314/2,AA2314,0,19
2026-08-01T14:36:27.856Z,deep_scan,20260801073922_MT4-AP1-26-56,30,56,0,15,M61/2,AA7402,0,42
2026-08-01T14:36:57.909Z,deep_scan,20260801073922_MT4-AP1-26-56,30,56,0,7,T408/6,AA2314,1,25
2026-08-01T14:36:57.909Z,deep_scan,20260801073922_MT4-AP1-26-56,30,56,0,15,M61/2,AA7402,0,39
2026-08-01T14:37:27.888Z,deep_scan,20260801073922_MT4-AP1-26-56,30,56,0,7,T408/6,AA2314,0,29
2026-08-01T14:37:27.888Z,deep_scan,20260801073922_MT4-AP1-26-56,30,56,0,16,T342,AA7402,1,11
2026-08-01T14:37:57.929Z,deep_scan,20260801073922_MT4-AP1-26-56,30,56,0,7,T408/6,AA2314,0,8
2026-08-01T14:37:57.929Z,deep_scan,20260801073922_MT4-AP1-26-56,30,56,0,16,T342,AA7402,0,29
2026-08-01T14:38:27.883Z,deep_scan,20260801073922_MT4-AP1-26-56,30,56,0,7,T408/6,AA2314,0,32
2026-08-01T14:38:27.883Z,deep_scan,20260801073922_MT4-AP1-26-56,30,56,0,16,T342,AA7402,0,21
2026-08-01T14:38:57.944Z,deep_scan,20260801073922_MT4-AP1-26-56,30,56,0,8,T343,AA2314,1,17
2026-08-01T14:38:57.944Z,deep_scan,20260801073922_MT4-AP1-26-56,30,56,0,17,T409,AA7402,1,28
2026-08-01T14:39:27.902Z,deep_scan,20260801073922_MT4-AP1-26-56,30,56,0,8,T343,AA2314,0,45
2026-08-01T14:39:27.902Z,deep_scan,20260801073922_MT4-AP1-26-56,30,56,0,17,T409,AA7402,0,25
2026-08-01T14:39:57.938Z,deep_scan,20260801073922_MT4-AP1-26-56,30,56,0,8,T343,AA2314,0,48
2026-08-01T14:39:57.938Z,deep_scan,20260801073922_MT4-AP1-26-56,30,56,0,18,T313,AA7402,1,26
2026-08-01T14:40:27.909Z,deep_scan,20260801073922_MT4-AP1-26-56,30,56,0,8,T343,AA2314,0,17
2026-08-01T14:40:27.909Z,deep_scan,20260801073922_MT4-AP1-26-56,30,56,0,18,T313,AA7402,0,30
2026-08-01T14:40:57.924Z,deep_scan,20260801073922_MT4-AP1-26-56,30,56,0,8,T343,AA2314,0,48
2026-08-01T14:40:57.924Z,deep_scan,20260801073922_MT4-AP1-26-56,30,56,0,19,T315,AA7402,0,35
2026-08-01T14:41:27.897Z,deep_scan,20260801073922_MT4-AP1-26-56,30,56,0,8,T343,AA2314,0,46
2026-08-01T14:41:27.897Z,deep_scan,20260801073922_MT4-AP1-26-56,30,56,0,19,T315,AA7402,0,33
2026-08-01T14:41:57.916Z,deep_scan,20260801073922_MT4-AP1-26-56,30,56,0,8,T343,AA2314,0,43
2026-08-01T14:41:57.916Z,deep_scan,20260801073922_MT4-AP1-26-56,30,56,0,19,T315,AA7402,0,33
2026-08-01T14:42:27.905Z,deep_scan,20260801073922_MT4-AP1-26-56,30,56,0,8,T343,AA2314,0,43
2026-08-01T14:42:27.905Z,deep_scan,20260801073922_MT4-AP1-26-56,30,56,0,20,T375,AA7402,1,17
2026-08-01T14:42:57.939Z,deep_scan,20260801073922_MT4-AP1-26-56,30,56,0,0,C690/6,AA7359,1,27
2026-08-01T14:42:57.939Z,deep_scan,20260801073922_MT4-AP1-26-56,30,56,0,8,T343,AA2314,0,45
2026-08-01T14:42:57.939Z,deep_scan,20260801073922_MT4-AP1-26-56,30,56,0,20,T375,AA7402,0,7
2026-08-01T14:43:27.891Z,deep_scan,20260801073922_MT4-AP1-26-56,30,56,0,1,C689/2,AA7359,1,27
2026-08-01T14:43:27.891Z,deep_scan,20260801073922_MT4-AP1-26-56,30,56,0,8,T343,AA2314,0,40
2026-08-01T14:43:27.891Z,deep_scan,20260801073922_MT4-AP1-26-56,30,56,0,20,T375,AA7402,0,33
2026-08-01T14:43:57.899Z,deep_scan,20260801073922_MT4-AP1-26-56,30,56,0,1,C689/2,AA7359,1,27
2026-08-01T14:43:57.899Z,deep_scan,20260801073922_MT4-AP1-26-56,30,56,0,8,T343,AA2314,0,45
2026-08-01T14:43:57.899Z,deep_scan,20260801073922_MT4-AP1-26-56,30,56,0,21,T380,AA7402,1,37
2026-08-01T14:44:27.987Z,deep_scan,20260801073922_MT4-AP1-26-56,30,56,0,1,C689/2,AA7359,1,27
2026-08-01T14:44:27.987Z,deep_scan,20260801073922_MT4-AP1-26-56,30,56,0,8,T343,AA2314,0,47
2026-08-01T14:44:27.987Z,deep_scan,20260801073922_MT4-AP1-26-56,30,56,0,22,T379,AA7402,1,40
2026-08-01T14:44:57.940Z,deep_scan,20260801073922_MT4-AP1-26-56,30,56,0,1,C689/2,AA7359,0,27
2026-08-01T14:44:57.940Z,deep_scan,20260801073922_MT4-AP1-26-56,30,56,0,8,T343,AA2314,0,47
2026-08-01T14:44:57.940Z,deep_scan,20260801073922_MT4-AP1-26-56,30,56,0,22,T379,AA7402,0,3
2026-08-01T14:45:27.918Z,deep_scan,20260801073922_MT4-AP1-26-56,30,56,0,1,C689/2,AA7359,0,31
2026-08-01T14:45:27.918Z,deep_scan,20260801073922_MT4-AP1-26-56,30,56,0,8,T343,AA2314,0,43
2026-08-01T14:45:27.918Z,deep_scan,20260801073922_MT4-AP1-26-56,30,56,0,22,T379,AA7402,0,36
2026-08-01T14:45:58.009Z,deep_scan,20260801073922_MT4-AP1-26-56,30,56,0,1,C689/2,AA7359,0,47
2026-08-01T14:45:58.009Z,deep_scan,20260801073922_MT4-AP1-26-56,30,56,0,8,T343,AA2314,0,45
2026-08-01T14:45:58.009Z,deep_scan,20260801073922_MT4-AP1-26-56,30,56,0,22,T379,AA7402,0,34
2026-08-01T14:46:27.927Z,deep_scan,20260801073922_MT4-AP1-26-56,30,56,0,1,C689/2,AA7359,0,37
2026-08-01T14:46:27.927Z,deep_scan,20260801073922_MT4-AP1-26-56,30,56,0,8,T343,AA2314,0,47
2026-08-01T14:46:27.927Z,deep_scan,20260801073922_MT4-AP1-26-56,30,56,0,22,T379,AA7402,0,36
2026-08-01T14:46:57.925Z,deep_scan,20260801073922_MT4-AP1-26-56,30,56,0,2,T360,AA7359,1,40
2026-08-01T14:46:57.925Z,deep_scan,20260801073922_MT4-AP1-26-56,30,56,0,8,T343,AA2314,0,43
2026-08-01T14:46:57.925Z,deep_scan,20260801073922_MT4-AP1-26-56,30,56,0,22,T379,AA7402,0,26
2026-08-01T14:47:27.944Z,deep_scan,20260801073922_MT4-AP1-26-56,30,56,0,2,T360,AA7359,1,3
2026-08-01T14:47:27.944Z,deep_scan,20260801073922_MT4-AP1-26-56,30,56,0,8,T343,AA2314,0,49
2026-08-01T14:47:27.944Z,deep_scan,20260801073922_MT4-AP1-26-56,30,56,0,22,T379,AA7402,0,18
2026-08-01T14:47:57.962Z,deep_scan,20260801073922_MT4-AP1-26-56,30,56,0,2,T360,AA7359,1,3
2026-08-01T14:47:57.962Z,deep_scan,20260801073922_MT4-AP1-26-56,30,56,0,8,T343,AA2314,0,48
2026-08-01T14:47:57.962Z,deep_scan,20260801073922_MT4-AP1-26-56,30,56,0,23,C688/2,AA7402,1,18
2026-08-01T14:48:27.936Z,deep_scan,20260801073922_MT4-AP1-26-56,30,56,0,2,T360,AA7359,1,3
2026-08-01T14:48:27.936Z,deep_scan,20260801073922_MT4-AP1-26-56,30,56,0,8,T343,AA2314,0,48
2026-08-01T14:48:27.936Z,deep_scan,20260801073922_MT4-AP1-26-56,30,56,0,23,C688/2,AA7402,1,18
2026-08-01T14:48:57.953Z,deep_scan,20260801073922_MT4-AP1-26-56,30,56,0,2,T360,AA7359,0,33
2026-08-01T14:48:57.953Z,deep_scan,20260801073922_MT4-AP1-26-56,30,56,0,8,T343,AA2314,0,36
2026-08-01T14:48:57.953Z,deep_scan,20260801073922_MT4-AP1-26-56,30,56,0,24,C690/6,AA7402,1,0
2026-08-01T14:49:27.977Z,deep_scan,20260801073922_MT4-AP1-26-56,30,56,0,2,T360,AA7359,0,33
2026-08-01T14:49:27.977Z,deep_scan,20260801073922_MT4-AP1-26-56,30,56,0,9,M239/1,AA2314,1,22
2026-08-01T14:49:27.977Z,deep_scan,20260801073922_MT4-AP1-26-56,30,56,0,24,C690/6,AA7402,1,0
2026-08-01T14:49:57.945Z,deep_scan,20260801073922_MT4-AP1-26-56,30,56,0,3,T376/2,AA7359,1,29
2026-08-01T14:49:57.945Z,deep_scan,20260801073922_MT4-AP1-26-56,30,56,0,9,M239/1,AA2314,1,22
2026-08-01T14:49:57.945Z,deep_scan,20260801073922_MT4-AP1-26-56,30,56,0,24,C690/6,AA7402,1,0
2026-08-01T14:50:27.973Z,deep_scan,20260801073922_MT4-AP1-26-56,30,56,0,3,T376/2,AA7359,0,29
2026-08-01T14:50:27.973Z,deep_scan,20260801073922_MT4-AP1-26-56,30,56,0,9,M239/1,AA2314,0,11
2026-08-01T14:50:27.973Z,deep_scan,20260801073922_MT4-AP1-26-56,30,56,0,24,C690/6,AA7402,1,0
2026-08-01T14:50:57.944Z,deep_scan,20260801073922_MT4-AP1-26-56,30,56,0,3,T376/2,AA7359,0,29
2026-08-01T14:50:57.944Z,deep_scan,20260801073922_MT4-AP1-26-56,30,56,0,9,M239/1,AA2314,0,32
2026-08-01T14:50:57.944Z,deep_scan,20260801073922_MT4-AP1-26-56,30,56,0,24,C690/6,AA7402,1,0
2026-08-01T14:51:27.983Z,deep_scan,20260801073922_MT4-AP1-26-56,30,56,0,3,T376/2,AA7359,0,2
2026-08-01T14:51:27.983Z,deep_scan,20260801073922_MT4-AP1-26-56,30,56,0,10,M254,AA2314,1,4
2026-08-01T14:51:27.983Z,deep_scan,20260801073922_MT4-AP1-26-56,30,56,0,24,C690/6,AA7402,1,0
2026-08-01T14:51:57.934Z,deep_scan,20260801073922_MT4-AP1-26-56,30,56,0,3,T376/2,AA7359,0,10
2026-08-01T14:51:57.934Z,deep_scan,20260801073922_MT4-AP1-26-56,30,56,0,10,M254,AA2314,1,18
2026-08-01T14:51:57.934Z,deep_scan,20260801073922_MT4-AP1-26-56,30,56,0,24,C690/6,AA7402,1,0
2026-08-01T14:52:27.978Z,deep_scan,20260801073922_MT4-AP1-26-56,30,56,0,4,T363/2,AA7359,1,36
2026-08-01T14:52:27.978Z,deep_scan,20260801073922_MT4-AP1-26-56,30,56,0,10,M254,AA2314,0,18
2026-08-01T14:52:27.978Z,deep_scan,20260801073922_MT4-AP1-26-56,30,56,0,24,C690/6,AA7402,1,0
2026-08-01T14:52:58.011Z,deep_scan,20260801073922_MT4-AP1-26-56,30,56,0,4,T363/2,AA7359,1,17
2026-08-01T14:52:58.011Z,deep_scan,20260801073922_MT4-AP1-26-56,30,56,0,10,M254,AA2314,0,17
2026-08-01T14:53:27.950Z,deep_scan,20260801073922_MT4-AP1-26-56,30,56,0,4,T363/2,AA7359,1,17
2026-08-01T14:53:27.950Z,deep_scan,20260801073922_MT4-AP1-26-56,30,56,0,10,M254,AA2314,0,11
2026-08-01T14:53:57.939Z,deep_scan,20260801073922_MT4-AP1-26-56,30,56,0,4,T363/2,AA7359,1,17
2026-08-01T14:53:57.939Z,deep_scan,20260801073922_MT4-AP1-26-56,30,56,0,10,M254,AA2314,0,11
2026-08-01T14:54:27.983Z,deep_scan,20260801073922_MT4-AP1-26-56,30,56,0,4,T363/2,AA7359,1,10
2026-08-01T14:54:27.983Z,deep_scan,20260801073922_MT4-AP1-26-56,30,56,0,11,M117,AA2314,1,10
2026-08-01T14:54:57.972Z,deep_scan,20260801073922_MT4-AP1-26-56,30,56,0,4,T363/2,AA7359,0,7
2026-08-01T14:54:57.972Z,deep_scan,20260801073922_MT4-AP1-26-56,30,56,0,11,M117,AA2314,0,36
2026-08-01T14:55:28.004Z,deep_scan,20260801073922_MT4-AP1-26-56,30,56,0,4,T363/2,AA7359,0,9
2026-08-01T14:55:28.004Z,deep_scan,20260801073922_MT4-AP1-26-56,30,56,0,12,M155,AA2314,1,32
2026-08-01T14:55:57.979Z,deep_scan,20260801073922_MT4-AP1-26-56,30,56,0,4,T363/2,AA7359,0,37
2026-08-01T14:55:57.979Z,deep_scan,20260801073922_MT4-AP1-26-56,30,56,0,12,M155,AA2314,1,3
2026-08-01T14:56:27.949Z,deep_scan,20260801073922_MT4-AP1-26-56,30,56,0,5,T306,AA7359,1,32
2026-08-01T14:56:27.949Z,deep_scan,20260801073922_MT4-AP1-26-56,30,56,0,12,M155,AA2314,0,20
2026-08-01T14:56:57.964Z,deep_scan,20260801073922_MT4-AP1-26-56,30,56,0,5,T306,AA7359,0,41
2026-08-01T14:56:57.964Z,deep_scan,20260801073922_MT4-AP1-26-56,30,56,0,12,M155,AA2314,0,48
2026-08-01T14:57:27.974Z,deep_scan,20260801073922_MT4-AP1-26-56,30,56,0,6,T314/2,AA7359,1,24
2026-08-01T14:57:27.974Z,deep_scan,20260801073922_MT4-AP1-26-56,30,56,0,12,M155,AA2314,0,23
2026-08-01T14:57:57.976Z,deep_scan,20260801073922_MT4-AP1-26-56,30,56,0,6,T314/2,AA7359,1,5
2026-08-01T14:57:57.976Z,deep_scan,20260801073922_MT4-AP1-26-56,30,56,0,12,M155,AA2314,0,46
2026-08-01T14:58:27.937Z,deep_scan,20260801073922_MT4-AP1-26-56,30,56,0,6,T314/2,AA7359,0,29
2026-08-01T14:58:27.937Z,deep_scan,20260801073922_MT4-AP1-26-56,30,56,0,12,M155,AA2314,0,11
2026-08-01T14:58:57.973Z,deep_scan,20260801073922_MT4-AP1-26-56,30,56,0,6,T314/2,AA7359,0,17
2026-08-01T14:58:57.973Z,deep_scan,20260801073922_MT4-AP1-26-56,30,56,0,12,M155,AA2314,0,25
2026-08-01T14:59:27.995Z,deep_scan,20260801073922_MT4-AP1-26-56,30,56,0,6,T314/2,AA7359,0,17
2026-08-01T14:59:27.995Z,deep_scan,20260801073922_MT4-AP1-26-56,30,56,0,12,M155,AA2314,0,9
2026-08-01T14:59:57.941Z,deep_scan,20260801073922_MT4-AP1-26-56,30,56,0,7,T408/6,AA7359,0,10
2026-08-01T14:59:57.941Z,deep_scan,20260801073922_MT4-AP1-26-56,30,56,0,12,M155,AA2314,0,9
2026-08-01T15:00:28.011Z,deep_scan,20260801073922_MT4-AP1-26-56,30,56,0,7,T408/6,AA7359,0,16
2026-08-01T15:00:28.011Z,deep_scan,20260801073922_MT4-AP1-26-56,30,56,0,12,M155,AA2314,0,9
2026-08-01T15:00:57.969Z,deep_scan,20260801073922_MT4-AP1-26-56,30,56,0,7,T408/6,AA7359,0,31
2026-08-01T15:00:57.969Z,deep_scan,20260801073922_MT4-AP1-26-56,30,56,0,13,M92,AA2314,1,18
2026-08-01T15:01:27.952Z,deep_scan,20260801073922_MT4-AP1-26-56,30,56,0,8,T343,AA7359,1,23
2026-08-01T15:01:27.952Z,deep_scan,20260801073922_MT4-AP1-26-56,30,56,0,13,M92,AA2314,1,13
2026-08-01T15:01:57.983Z,deep_scan,20260801073922_MT4-AP1-26-56,30,56,0,8,T343,AA7359,0,41
2026-08-01T15:01:57.983Z,deep_scan,20260801073922_MT4-AP1-26-56,30,56,0,13,M92,AA2314,0,6
2026-08-01T15:02:28.019Z,deep_scan,20260801073922_MT4-AP1-26-56,30,56,0,8,T343,AA7359,0,37
2026-08-01T15:02:28.019Z,deep_scan,20260801073922_MT4-AP1-26-56,30,56,0,13,M92,AA2314,0,6
2026-08-01T15:02:57.949Z,deep_scan,20260801073922_MT4-AP1-26-56,30,56,0,8,T343,AA7359,0,46
2026-08-01T15:02:57.949Z,deep_scan,20260801073922_MT4-AP1-26-56,30,56,0,13,M92,AA2314,0,29
2026-08-01T15:03:27.966Z,deep_scan,20260801073922_MT4-AP1-26-56,30,56,0,8,T343,AA7359,0,41
2026-08-01T15:03:27.966Z,deep_scan,20260801073922_MT4-AP1-26-56,30,56,0,14,M272,AA2314,0,30
2026-08-01T15:03:57.940Z,deep_scan,20260801073922_MT4-AP1-26-56,30,56,0,0,C690/6,AA7402,0,18
2026-08-01T15:03:57.940Z,deep_scan,20260801073922_MT4-AP1-26-56,30,56,0,8,T343,AA7359,0,23
2026-08-01T15:03:57.940Z,deep_scan,20260801073922_MT4-AP1-26-56,30,56,0,14,M272,AA2314,0,3
2026-08-01T15:04:27.951Z,deep_scan,20260801073922_MT4-AP1-26-56,30,56,0,0,C690/6,AA7402,0,18
2026-08-01T15:04:27.951Z,deep_scan,20260801073922_MT4-AP1-26-56,30,56,0,8,T343,AA7359,0,23
2026-08-01T15:04:27.951Z,deep_scan,20260801073922_MT4-AP1-26-56,30,56,0,14,M272,AA2314,0,24
2026-08-01T15:04:57.953Z,deep_scan,20260801073922_MT4-AP1-26-56,30,56,0,1,C689/2,AA7402,1,18
2026-08-01T15:04:57.953Z,deep_scan,20260801073922_MT4-AP1-26-56,30,56,0,8,T343,AA7359,0,35
2026-08-01T15:04:57.953Z,deep_scan,20260801073922_MT4-AP1-26-56,30,56,0,14,M272,AA2314,0,2
2026-08-01T15:05:28.024Z,deep_scan,20260801073922_MT4-AP1-26-56,30,56,0,1,C689/2,AA7402,1,18
2026-08-01T15:05:28.024Z,deep_scan,20260801073922_MT4-AP1-26-56,30,56,0,8,T343,AA7359,0,25
2026-08-01T15:05:28.024Z,deep_scan,20260801073922_MT4-AP1-26-56,30,56,0,14,M272,AA2314,0,5
2026-08-01T15:05:57.949Z,deep_scan,20260801073922_MT4-AP1-26-56,30,56,0,1,C689/2,AA7402,0,30
2026-08-01T15:05:57.949Z,deep_scan,20260801073922_MT4-AP1-26-56,30,56,0,8,T343,AA7359,0,47
2026-08-01T15:05:57.949Z,deep_scan,20260801073922_MT4-AP1-26-56,30,56,0,15,M61/2,AA2314,1,28
2026-08-01T15:06:27.985Z,deep_scan,20260801073922_MT4-AP1-26-56,30,56,0,1,C689/2,AA7402,0,47
2026-08-01T15:06:27.985Z,deep_scan,20260801073922_MT4-AP1-26-56,30,56,0,8,T343,AA7359,0,46
2026-08-01T15:06:27.985Z,deep_scan,20260801073922_MT4-AP1-26-56,30,56,0,15,M61/2,AA2314,0,15
2026-08-01T15:06:57.993Z,deep_scan,20260801073922_MT4-AP1-26-56,30,56,0,1,C689/2,AA7402,0,9
2026-08-01T15:06:57.993Z,deep_scan,20260801073922_MT4-AP1-26-56,30,56,0,8,T343,AA7359,0,47
2026-08-01T15:06:57.993Z,deep_scan,20260801073922_MT4-AP1-26-56,30,56,0,15,M61/2,AA2314,0,16
2026-08-01T15:07:27.941Z,deep_scan,20260801073922_MT4-AP1-26-56,30,56,0,1,C689/2,AA7402,0,30
2026-08-01T15:07:27.941Z,deep_scan,20260801073922_MT4-AP1-26-56,30,56,0,8,T343,AA7359,0,44
2026-08-01T15:07:27.941Z,deep_scan,20260801073922_MT4-AP1-26-56,30,56,0,15,M61/2,AA2314,0,45
2026-08-01T15:07:57.874Z,deep_scan,20260801073922_MT4-AP1-26-56,30,56,0,2,T360,AA7402,1,5
2026-08-01T15:07:57.874Z,deep_scan,20260801073922_MT4-AP1-26-56,30,56,0,8,T343,AA7359,0,44
2026-08-01T15:07:57.874Z,deep_scan,20260801073922_MT4-AP1-26-56,30,56,0,15,M61/2,AA2314,0,44
2026-08-01T15:08:28.002Z,deep_scan,20260801073922_MT4-AP1-26-56,30,56,0,2,T360,AA7402,0,20
2026-08-01T15:08:28.002Z,deep_scan,20260801073922_MT4-AP1-26-56,30,56,0,8,T343,AA7359,0,39
2026-08-01T15:08:28.002Z,deep_scan,20260801073922_MT4-AP1-26-56,30,56,0,15,M61/2,AA2314,0,42
2026-08-01T15:08:58.009Z,deep_scan,20260801073922_MT4-AP1-26-56,30,56,0,2,T360,AA7402,0,20
2026-08-01T15:08:58.009Z,deep_scan,20260801073922_MT4-AP1-26-56,30,56,0,8,T343,AA7359,0,43
2026-08-01T15:08:58.009Z,deep_scan,20260801073922_MT4-AP1-26-56,30,56,0,15,M61/2,AA2314,0,44
2026-08-01T15:09:27.970Z,deep_scan,20260801073922_MT4-AP1-26-56,30,56,0,3,T376/2,AA7402,1,13
2026-08-01T15:09:27.970Z,deep_scan,20260801073922_MT4-AP1-26-56,30,56,0,8,T343,AA7359,0,45
2026-08-01T15:09:27.970Z,deep_scan,20260801073922_MT4-AP1-26-56,30,56,0,15,M61/2,AA2314,0,36
2026-08-01T15:09:58.013Z,deep_scan,20260801073922_MT4-AP1-26-56,30,56,0,3,T376/2,AA7402,0,13
2026-08-01T15:09:58.013Z,deep_scan,20260801073922_MT4-AP1-26-56,30,56,0,8,T343,AA7359,0,45
2026-08-01T15:09:58.013Z,deep_scan,20260801073922_MT4-AP1-26-56,30,56,0,15,M61/2,AA2314,0,36
2026-08-01T15:10:27.970Z,deep_scan,20260801073922_MT4-AP1-26-56,30,56,0,3,T376/2,AA7402,0,13
2026-08-01T15:10:27.970Z,deep_scan,20260801073922_MT4-AP1-26-56,30,56,0,8,T343,AA7359,0,45
2026-08-01T15:10:27.970Z,deep_scan,20260801073922_MT4-AP1-26-56,30,56,0,15,M61/2,AA2314,0,43
2026-08-01T15:10:57.987Z,deep_scan,20260801073922_MT4-AP1-26-56,30,56,0,3,T376/2,AA7402,0,42
2026-08-01T15:10:57.987Z,deep_scan,20260801073922_MT4-AP1-26-56,30,56,0,8,T343,AA7359,0,47
2026-08-01T15:10:57.987Z,deep_scan,20260801073922_MT4-AP1-26-56,30,56,0,15,M61/2,AA2314,0,43
2026-08-01T15:11:27.994Z,deep_scan,20260801073922_MT4-AP1-26-56,30,56,0,4,T363/2,AA7402,1,21
2026-08-01T15:11:27.994Z,deep_scan,20260801073922_MT4-AP1-26-56,30,56,0,8,T343,AA7359,0,47
2026-08-01T15:11:27.994Z,deep_scan,20260801073922_MT4-AP1-26-56,30,56,0,15,M61/2,AA2314,0,48
2026-08-01T15:11:58.015Z,deep_scan,20260801073922_MT4-AP1-26-56,30,56,0,4,T363/2,AA7402,1,21
2026-08-01T15:11:58.015Z,deep_scan,20260801073922_MT4-AP1-26-56,30,56,0,8,T343,AA7359,0,37
2026-08-01T15:11:58.015Z,deep_scan,20260801073922_MT4-AP1-26-56,30,56,0,15,M61/2,AA2314,0,46
2026-08-01T15:12:27.959Z,deep_scan,20260801073922_MT4-AP1-26-56,30,56,0,4,T363/2,AA7402,1,21
2026-08-01T15:12:27.959Z,deep_scan,20260801073922_MT4-AP1-26-56,30,56,0,8,T343,AA7359,0,38
2026-08-01T15:12:27.959Z,deep_scan,20260801073922_MT4-AP1-26-56,30,56,0,15,M61/2,AA2314,0,44
2026-08-01T15:12:58.005Z,deep_scan,20260801073922_MT4-AP1-26-56,30,56,0,4,T363/2,AA7402,1,21
2026-08-01T15:12:58.005Z,deep_scan,20260801073922_MT4-AP1-26-56,30,56,0,9,M239/1,AA7359,1,21
2026-08-01T15:12:58.005Z,deep_scan,20260801073922_MT4-AP1-26-56,30,56,0,15,M61/2,AA2314,0,48
2026-08-01T15:13:27.974Z,deep_scan,20260801073922_MT4-AP1-26-56,30,56,0,4,T363/2,AA7402,0,4
2026-08-01T15:13:27.974Z,deep_scan,20260801073922_MT4-AP1-26-56,30,56,0,9,M239/1,AA7359,0,23
2026-08-01T15:13:27.974Z,deep_scan,20260801073922_MT4-AP1-26-56,30,56,0,15,M61/2,AA2314,0,49
2026-08-01T15:13:58.003Z,deep_scan,20260801073922_MT4-AP1-26-56,30,56,0,4,T363/2,AA7402,0,3
2026-08-01T15:13:58.003Z,deep_scan,20260801073922_MT4-AP1-26-56,30,56,0,10,M254,AA7359,1,45
2026-08-01T15:13:58.003Z,deep_scan,20260801073922_MT4-AP1-26-56,30,56,0,15,M61/2,AA2314,0,47
2026-08-01T15:14:28.005Z,deep_scan,20260801073922_MT4-AP1-26-56,30,56,0,4,T363/2,AA7402,0,25
2026-08-01T15:14:28.005Z,deep_scan,20260801073922_MT4-AP1-26-56,30,56,0,10,M254,AA7359,1,45
2026-08-01T15:14:28.005Z,deep_scan,20260801073922_MT4-AP1-26-56,30,56,0,15,M61/2,AA2314,0,45
2026-08-01T15:14:57.980Z,deep_scan,20260801073922_MT4-AP1-26-56,30,56,0,5,T306,AA7402,1,2
2026-08-01T15:14:57.980Z,deep_scan,20260801073922_MT4-AP1-26-56,30,56,0,10,M254,AA7359,1,43
2026-08-01T15:14:57.980Z,deep_scan,20260801073922_MT4-AP1-26-56,30,56,0,15,M61/2,AA2314,0,47
2026-08-01T15:15:27.966Z,deep_scan,20260801073922_MT4-AP1-26-56,30,56,0,5,T306,AA7402,0,39
2026-08-01T15:15:27.966Z,deep_scan,20260801073922_MT4-AP1-26-56,30,56,0,10,M254,AA7359,0,16
2026-08-01T15:15:27.966Z,deep_scan,20260801073922_MT4-AP1-26-56,30,56,0,16,T342,AA2314,1,27
2026-08-01T15:15:57.974Z,deep_scan,20260801073922_MT4-AP1-26-56,30,56,0,6,T314/2,AA7402,1,39
2026-08-01T15:15:57.974Z,deep_scan,20260801073922_MT4-AP1-26-56,30,56,0,10,M254,AA7359,0,31
2026-08-01T15:15:57.974Z,deep_scan,20260801073922_MT4-AP1-26-56,30,56,0,16,T342,AA2314,0,40
2026-08-01T15:16:28.037Z,deep_scan,20260801073922_MT4-AP1-26-56,30,56,0,6,T314/2,AA7402,1,20
2026-08-01T15:16:28.037Z,deep_scan,20260801073922_MT4-AP1-26-56,30,56,0,10,M254,AA7359,0,2
2026-08-01T15:16:28.037Z,deep_scan,20260801073922_MT4-AP1-26-56,30,56,0,16,T342,AA2314,0,28
2026-08-01T15:16:57.986Z,deep_scan,20260801073922_MT4-AP1-26-56,30,56,0,6,T314/2,AA7402,0,17
2026-08-01T15:16:57.986Z,deep_scan,20260801073922_MT4-AP1-26-56,30,56,0,10,M254,AA7359,0,32
2026-08-01T15:16:57.986Z,deep_scan,20260801073922_MT4-AP1-26-56,30,56,0,17,T409,AA2314,1,16
2026-08-01T15:17:27.952Z,deep_scan,20260801073922_MT4-AP1-26-56,30,56,0,7,T408/6,AA7402,1,16
2026-08-01T15:17:27.952Z,deep_scan,20260801073922_MT4-AP1-26-56,30,56,0,11,M117,AA7359,1,23
2026-08-01T15:17:27.952Z,deep_scan,20260801073922_MT4-AP1-26-56,30,56,0,17,T409,AA2314,0,42
2026-08-01T15:17:57.995Z,deep_scan,20260801073922_MT4-AP1-26-56,30,56,0,7,T408/6,AA7402,1,16
2026-08-01T15:17:57.995Z,deep_scan,20260801073922_MT4-AP1-26-56,30,56,0,12,M155,AA7359,1,44
2026-08-01T15:17:57.995Z,deep_scan,20260801073922_MT4-AP1-26-56,30,56,0,18,T313,AA2314,1,16
2026-08-01T15:18:27.973Z,deep_scan,20260801073922_MT4-AP1-26-56,30,56,0,7,T408/6,AA7402,0,17
2026-08-01T15:18:27.973Z,deep_scan,20260801073922_MT4-AP1-26-56,30,56,0,12,M155,AA7359,1,18
2026-08-01T15:18:27.973Z,deep_scan,20260801073922_MT4-AP1-26-56,30,56,0,18,T313,AA2314,0,39
2026-08-01T15:18:57.984Z,deep_scan,20260801073922_MT4-AP1-26-56,30,56,0,7,T408/6,AA7402,0,44
2026-08-01T15:18:57.984Z,deep_scan,20260801073922_MT4-AP1-26-56,30,56,0,12,M155,AA7359,0,31
2026-08-01T15:18:57.984Z,deep_scan,20260801073922_MT4-AP1-26-56,30,56,0,19,T315,AA2314,0,39
2026-08-01T15:19:28.038Z,deep_scan,20260801073922_MT4-AP1-26-56,30,56,0,7,T408/6,AA7402,0,17
2026-08-01T15:19:28.038Z,deep_scan,20260801073922_MT4-AP1-26-56,30,56,0,12,M155,AA7359,0,40
2026-08-01T15:19:28.038Z,deep_scan,20260801073922_MT4-AP1-26-56,30,56,0,19,T315,AA2314,0,11
2026-08-01T15:19:57.995Z,deep_scan,20260801073922_MT4-AP1-26-56,30,56,0,8,T343,AA7402,1,7
2026-08-01T15:19:57.995Z,deep_scan,20260801073922_MT4-AP1-26-56,30,56,0,12,M155,AA7359,0,40
2026-08-01T15:19:57.995Z,deep_scan,20260801073922_MT4-AP1-26-56,30,56,0,19,T315,AA2314,0,11
2026-08-01T15:20:28.001Z,deep_scan,20260801073922_MT4-AP1-26-56,30,56,0,8,T343,AA7402,0,35
2026-08-01T15:20:28.001Z,deep_scan,20260801073922_MT4-AP1-26-56,30,56,0,12,M155,AA7359,0,41
2026-08-01T15:20:28.001Z,deep_scan,20260801073922_MT4-AP1-26-56,30,56,0,20,T375,AA2314,1,22
2026-08-01T15:20:58.045Z,deep_scan,20260801073922_MT4-AP1-26-56,30,56,0,8,T343,AA7402,0,34
2026-08-01T15:20:58.045Z,deep_scan,20260801073922_MT4-AP1-26-56,30,56,0,12,M155,AA7359,0,4
2026-08-01T15:20:58.045Z,deep_scan,20260801073922_MT4-AP1-26-56,30,56,0,20,T375,AA2314,0,9
2026-08-01T15:21:28.009Z,deep_scan,20260801073922_MT4-AP1-26-56,30,56,0,8,T343,AA7402,0,20
2026-08-01T15:21:28.009Z,deep_scan,20260801073922_MT4-AP1-26-56,30,56,0,12,M155,AA7359,0,20
2026-08-01T15:21:28.009Z,deep_scan,20260801073922_MT4-AP1-26-56,30,56,0,21,T380,AA2314,1,42
2026-08-01T15:21:58.042Z,deep_scan,20260801073922_MT4-AP1-26-56,30,56,0,8,T343,AA7402,0,44
2026-08-01T15:21:58.042Z,deep_scan,20260801073922_MT4-AP1-26-56,30,56,0,13,M92,AA7359,1,3
2026-08-01T15:21:58.042Z,deep_scan,20260801073922_MT4-AP1-26-56,30,56,0,21,T380,AA2314,0,44
2026-08-01T15:22:28.036Z,deep_scan,20260801073922_MT4-AP1-26-56,30,56,0,8,T343,AA7402,0,28
2026-08-01T15:22:28.036Z,deep_scan,20260801073922_MT4-AP1-26-56,30,56,0,13,M92,AA7359,0,3
2026-08-01T15:22:28.036Z,deep_scan,20260801073922_MT4-AP1-26-56,30,56,0,22,T379,AA2314,0,19
2026-08-01T15:22:58.053Z,deep_scan,20260801073922_MT4-AP1-26-56,30,56,0,8,T343,AA7402,0,7
2026-08-01T15:22:58.053Z,deep_scan,20260801073922_MT4-AP1-26-56,30,56,0,13,M92,AA7359,0,19
2026-08-01T15:22:58.053Z,deep_scan,20260801073922_MT4-AP1-26-56,30,56,0,22,T379,AA2314,0,46
2026-08-01T15:23:28.015Z,deep_scan,20260801073922_MT4-AP1-26-56,30,56,0,8,T343,AA7402,0,32
2026-08-01T15:23:28.015Z,deep_scan,20260801073922_MT4-AP1-26-56,30,56,0,13,M92,AA7359,0,19
2026-08-01T15:23:28.015Z,deep_scan,20260801073922_MT4-AP1-26-56,30,56,0,22,T379,AA2314,0,32
2026-08-01T15:23:58.020Z,deep_scan,20260801073922_MT4-AP1-26-56,30,56,0,8,T343,AA7402,0,31
2026-08-01T15:23:58.020Z,deep_scan,20260801073922_MT4-AP1-26-56,30,56,0,13,M92,AA7359,0,7
2026-08-01T15:23:58.020Z,deep_scan,20260801073922_MT4-AP1-26-56,30,56,0,22,T379,AA2314,0,39
2026-08-01T15:24:28.053Z,deep_scan,20260801073922_MT4-AP1-26-56,30,56,0,8,T343,AA7402,0,44
2026-08-01T15:24:28.053Z,deep_scan,20260801073922_MT4-AP1-26-56,30,56,0,13,M92,AA7359,0,7
2026-08-01T15:24:28.053Z,deep_scan,20260801073922_MT4-AP1-26-56,30,56,0,22,T379,AA2314,0,44
2026-08-01T15:24:58.051Z,deep_scan,20260801073922_MT4-AP1-26-56,30,56,0,8,T343,AA7402,0,45
2026-08-01T15:24:58.051Z,deep_scan,20260801073922_MT4-AP1-26-56,30,56,0,14,M272,AA7359,1,13
2026-08-01T15:24:58.051Z,deep_scan,20260801073922_MT4-AP1-26-56,30,56,0,22,T379,AA2314,0,25
2026-08-01T15:25:28.042Z,deep_scan,20260801073922_MT4-AP1-26-56,30,56,0,8,T343,AA7402,0,48
2026-08-01T15:25:28.042Z,deep_scan,20260801073922_MT4-AP1-26-56,30,56,0,14,M272,AA7359,1,5
2026-08-01T15:25:28.042Z,deep_scan,20260801073922_MT4-AP1-26-56,30,56,0,22,T379,AA2314,0,25
2026-08-01T15:25:58.020Z,deep_scan,20260801073922_MT4-AP1-26-56,30,56,0,8,T343,AA7402,0,48
2026-08-01T15:25:58.020Z,deep_scan,20260801073922_MT4-AP1-26-56,30,56,0,14,M272,AA7359,0,26
2026-08-01T15:25:58.020Z,deep_scan,20260801073922_MT4-AP1-26-56,30,56,0,23,C688/2,AA2314,1,25
2026-08-01T15:26:28.036Z,deep_scan,20260801073922_MT4-AP1-26-56,30,56,0,8,T343,AA7402,0,47
2026-08-01T15:26:28.036Z,deep_scan,20260801073922_MT4-AP1-26-56,30,56,0,14,M272,AA7359,0,25
2026-08-01T15:26:28.036Z,deep_scan,20260801073922_MT4-AP1-26-56,30,56,0,24,C690/6,AA2314,1,0
2026-08-01T15:26:58.019Z,deep_scan,20260801073922_MT4-AP1-26-56,30,56,0,8,T343,AA7402,0,44
2026-08-01T15:26:58.019Z,deep_scan,20260801073922_MT4-AP1-26-56,30,56,0,14,M272,AA7359,0,32
2026-08-01T15:26:58.019Z,deep_scan,20260801073922_MT4-AP1-26-56,30,56,0,24,C690/6,AA2314,1,0
2026-08-01T15:27:28.017Z,deep_scan,20260801073922_MT4-AP1-26-56,30,56,0,8,T343,AA7402,0,45
2026-08-01T15:27:28.017Z,deep_scan,20260801073922_MT4-AP1-26-56,30,56,0,15,M61/2,AA7359,1,40
2026-08-01T15:27:28.017Z,deep_scan,20260801073922_MT4-AP1-26-56,30,56,0,24,C690/6,AA2314,1,0
2026-08-01T15:27:58.031Z,deep_scan,20260801073922_MT4-AP1-26-56,30,56,0,8,T343,AA7402,0,47
2026-08-01T15:27:58.031Z,deep_scan,20260801073922_MT4-AP1-26-56,30,56,0,15,M61/2,AA7359,0,38
2026-08-01T15:27:58.031Z,deep_scan,20260801073922_MT4-AP1-26-56,30,56,0,24,C690/6,AA2314,1,0
2026-08-01T15:28:28.039Z,deep_scan,20260801073922_MT4-AP1-26-56,30,56,0,8,T343,AA7402,0,43
2026-08-01T15:28:28.039Z,deep_scan,20260801073922_MT4-AP1-26-56,30,56,0,15,M61/2,AA7359,0,2
2026-08-01T15:28:28.039Z,deep_scan,20260801073922_MT4-AP1-26-56,30,56,0,24,C690/6,AA2314,1,0
2026-08-01T15:28:58.056Z,deep_scan,20260801073922_MT4-AP1-26-56,30,56,0,8,T343,AA7402,0,47
2026-08-01T15:28:58.056Z,deep_scan,20260801073922_MT4-AP1-26-56,30,56,0,15,M61/2,AA7359,0,21
2026-08-01T15:28:58.056Z,deep_scan,20260801073922_MT4-AP1-26-56,30,56,0,24,C690/6,AA2314,1,0
2026-08-01T15:29:28.035Z,deep_scan,20260801073922_MT4-AP1-26-56,30,56,0,8,T343,AA7402,0,47
2026-08-01T15:29:28.035Z,deep_scan,20260801073922_MT4-AP1-26-56,30,56,0,15,M61/2,AA7359,0,47
2026-08-01T15:29:28.035Z,deep_scan,20260801073922_MT4-AP1-26-56,30,56,0,24,C690/6,AA2314,1,0
2026-08-01T15:29:58.073Z,deep_scan,20260801073922_MT4-AP1-26-56,30,56,0,8,T343,AA7402,0,47
2026-08-01T15:29:58.073Z,deep_scan,20260801073922_MT4-AP1-26-56,30,56,0,15,M61/2,AA7359,0,26
2026-08-01T15:29:58.073Z,deep_scan,20260801073922_MT4-AP1-26-56,30,56,0,24,C690/6,AA2314,1,0
2026-08-01T15:30:28.085Z,deep_scan,20260801073922_MT4-AP1-26-56,30,56,0,8,T343,AA7402,0,32
2026-08-01T15:30:28.085Z,deep_scan,20260801073922_MT4-AP1-26-56,30,56,0,15,M61/2,AA7359,0,48
2026-08-01T15:30:28.085Z,deep_scan,20260801073922_MT4-AP1-26-56,30,56,0,24,C690/6,AA2314,1,0
2026-08-01T15:30:58.111Z,deep_scan,20260801073922_MT4-AP1-26-56,30,56,0,9,M239/1,AA7402,1,40
2026-08-01T15:30:58.111Z,deep_scan,20260801073922_MT4-AP1-26-56,30,56,0,15,M61/2,AA7359,0,40
2026-08-01T15:31:28.070Z,deep_scan,20260801073922_MT4-AP1-26-56,30,56,0,9,M239/1,AA7402,1,9
2026-08-01T15:31:28.070Z,deep_scan,20260801073922_MT4-AP1-26-56,30,56,0,15,M61/2,AA7359,0,46
2026-08-01T15:31:58.107Z,deep_scan,20260801073922_MT4-AP1-26-56,30,56,0,9,M239/1,AA7402,0,31
2026-08-01T15:31:58.107Z,deep_scan,20260801073922_MT4-AP1-26-56,30,56,0,15,M61/2,AA7359,0,43
2026-08-01T15:32:28.066Z,deep_scan,20260801073922_MT4-AP1-26-56,30,56,0,10,M254,AA7402,1,1
2026-08-01T15:32:28.066Z,deep_scan,20260801073922_MT4-AP1-26-56,30,56,0,15,M61/2,AA7359,0,46
2026-08-01T15:32:58.083Z,deep_scan,20260801073922_MT4-AP1-26-56,30,56,0,10,M254,AA7402,0,21
2026-08-01T15:32:58.083Z,deep_scan,20260801073922_MT4-AP1-26-56,30,56,0,15,M61/2,AA7359,0,46
2026-08-01T15:33:28.104Z,deep_scan,20260801073922_MT4-AP1-26-56,30,56,0,10,M254,AA7402,0,25
2026-08-01T15:33:28.104Z,deep_scan,20260801073922_MT4-AP1-26-56,30,56,0,15,M61/2,AA7359,0,45
2026-08-01T15:33:58.139Z,deep_scan,20260801073922_MT4-AP1-26-56,30,56,0,10,M254,AA7402,0,24
2026-08-01T15:33:58.139Z,deep_scan,20260801073922_MT4-AP1-26-56,30,56,0,15,M61/2,AA7359,0,48
2026-08-01T15:34:28.093Z,deep_scan,20260801073922_MT4-AP1-26-56,30,56,0,11,M117,AA7402,1,29
2026-08-01T15:34:28.093Z,deep_scan,20260801073922_MT4-AP1-26-56,30,56,0,15,M61/2,AA7359,0,47
2026-08-01T15:34:58.144Z,deep_scan,20260801073922_MT4-AP1-26-56,30,56,0,11,M117,AA7402,0,34
2026-08-01T15:34:58.144Z,deep_scan,20260801073922_MT4-AP1-26-56,30,56,0,15,M61/2,AA7359,0,46
2026-08-01T15:35:28.113Z,deep_scan,20260801073922_MT4-AP1-26-56,30,56,0,12,M155,AA7402,1,25
2026-08-01T15:35:28.113Z,deep_scan,20260801073922_MT4-AP1-26-56,30,56,0,15,M61/2,AA7359,0,48
2026-08-01T15:35:58.140Z,deep_scan,20260801073922_MT4-AP1-26-56,30,56,0,12,M155,AA7402,1,7
2026-08-01T15:35:58.140Z,deep_scan,20260801073922_MT4-AP1-26-56,30,56,0,15,M61/2,AA7359,0,38
2026-08-01T15:36:28.125Z,deep_scan,20260801073922_MT4-AP1-26-56,30,56,0,12,M155,AA7402,0,32
2026-08-01T15:36:28.125Z,deep_scan,20260801073922_MT4-AP1-26-56,30,56,0,15,M61/2,AA7359,0,43
2026-08-01T15:36:58.152Z,deep_scan,20260801073922_MT4-AP1-26-56,30,56,0,12,M155,AA7402,0,45
2026-08-01T15:36:58.152Z,deep_scan,20260801073922_MT4-AP1-26-56,30,56,0,16,T342,AA7359,1,31
2026-08-01T15:37:28.133Z,deep_scan,20260801073922_MT4-AP1-26-56,30,56,0,12,M155,AA7402,0,46
2026-08-01T15:37:28.133Z,deep_scan,20260801073922_MT4-AP1-26-56,30,56,0,16,T342,AA7359,1,14
2026-08-01T15:37:58.173Z,deep_scan,20260801073922_MT4-AP1-26-56,30,56,0,12,M155,AA7402,0,47
2026-08-01T15:37:58.173Z,deep_scan,20260801073922_MT4-AP1-26-56,30,56,0,16,T342,AA7359,0,40
2026-08-01T15:38:28.117Z,deep_scan,20260801073922_MT4-AP1-26-56,30,56,0,12,M155,AA7402,0,4
2026-08-01T15:38:28.117Z,deep_scan,20260801073922_MT4-AP1-26-56,30,56,0,17,T409,AA7359,1,28
2026-08-01T15:38:58.196Z,deep_scan,20260801073922_MT4-AP1-26-56,30,56,0,12,M155,AA7402,0,16
2026-08-01T15:38:58.196Z,deep_scan,20260801073922_MT4-AP1-26-56,30,56,0,17,T409,AA7359,0,20
2026-08-01T15:39:28.158Z,deep_scan,20260801073922_MT4-AP1-26-56,30,56,0,12,M155,AA7402,0,16
2026-08-01T15:39:28.158Z,deep_scan,20260801073922_MT4-AP1-26-56,30,56,0,18,T313,AA7359,0,26
2026-08-01T15:39:58.206Z,deep_scan,20260801073922_MT4-AP1-26-56,30,56,0,0,C690/6,AA2314,1,25
2026-08-01T15:39:58.206Z,deep_scan,20260801073922_MT4-AP1-26-56,30,56,0,12,M155,AA7402,0,16
2026-08-01T15:39:58.206Z,deep_scan,20260801073922_MT4-AP1-26-56,30,56,0,19,T315,AA7359,0,36
2026-08-01T15:40:28.229Z,deep_scan,20260801073922_MT4-AP1-26-56,30,56,0,1,C689/2,AA2314,1,25
2026-08-01T15:40:28.229Z,deep_scan,20260801073922_MT4-AP1-26-56,30,56,0,13,M92,AA7402,1,5
2026-08-01T15:40:28.229Z,deep_scan,20260801073922_MT4-AP1-26-56,30,56,0,19,T315,AA7359,0,34
2026-08-01T15:40:58.168Z,deep_scan,20260801073922_MT4-AP1-26-56,30,56,0,1,C689/2,AA2314,1,25
2026-08-01T15:40:58.168Z,deep_scan,20260801073922_MT4-AP1-26-56,30,56,0,13,M92,AA7402,0,5
2026-08-01T15:40:58.168Z,deep_scan,20260801073922_MT4-AP1-26-56,30,56,0,19,T315,AA7359,0,6
2026-08-01T15:41:28.201Z,deep_scan,20260801073922_MT4-AP1-26-56,30,56,0,1,C689/2,AA2314,0,25
2026-08-01T15:41:28.201Z,deep_scan,20260801073922_MT4-AP1-26-56,30,56,0,13,M92,AA7402,0,18
2026-08-01T15:41:28.201Z,deep_scan,20260801073922_MT4-AP1-26-56,30,56,0,20,T375,AA7359,1,40
2026-08-01T15:41:58.207Z,deep_scan,20260801073922_MT4-AP1-26-56,30,56,0,1,C689/2,AA2314,0,24
2026-08-01T15:41:58.207Z,deep_scan,20260801073922_MT4-AP1-26-56,30,56,0,13,M92,AA7402,0,18
2026-08-01T15:41:58.207Z,deep_scan,20260801073922_MT4-AP1-26-56,30,56,0,20,T375,AA7359,0,12
2026-08-01T15:42:28.225Z,deep_scan,20260801073922_MT4-AP1-26-56,30,56,0,1,C689/2,AA2314,0,46
2026-08-01T15:42:28.225Z,deep_scan,20260801073922_MT4-AP1-26-56,30,56,0,14,M272,AA7402,1,17
2026-08-01T15:42:28.225Z,deep_scan,20260801073922_MT4-AP1-26-56,30,56,0,20,T375,AA7359,0,9
2026-08-01T15:42:58.232Z,deep_scan,20260801073922_MT4-AP1-26-56,30,56,0,1,C689/2,AA2314,0,41
2026-08-01T15:42:58.232Z,deep_scan,20260801073922_MT4-AP1-26-56,30,56,0,14,M272,AA7402,0,2
2026-08-01T15:42:58.232Z,deep_scan,20260801073922_MT4-AP1-26-56,30,56,0,20,T375,AA7359,0,21
2026-08-01T15:43:28.273Z,deep_scan,20260801073922_MT4-AP1-26-56,30,56,0,2,T360,AA2314,1,2
2026-08-01T15:43:28.273Z,deep_scan,20260801073922_MT4-AP1-26-56,30,56,0,14,M272,AA7402,0,15
2026-08-01T15:43:28.273Z,deep_scan,20260801073922_MT4-AP1-26-56,30,56,0,21,T380,AA7359,1,12
2026-08-01T15:43:58.231Z,deep_scan,20260801073922_MT4-AP1-26-56,30,56,0,2,T360,AA2314,0,17
2026-08-01T15:43:58.231Z,deep_scan,20260801073922_MT4-AP1-26-56,30,56,0,14,M272,AA7402,0,7
2026-08-01T15:43:58.231Z,deep_scan,20260801073922_MT4-AP1-26-56,30,56,0,21,T380,AA7359,0,30
2026-08-01T15:44:28.223Z,deep_scan,20260801073922_MT4-AP1-26-56,30,56,0,3,T376/2,AA2314,1,46
2026-08-01T15:44:28.223Z,deep_scan,20260801073922_MT4-AP1-26-56,30,56,0,14,M272,AA7402,0,31
2026-08-01T15:44:28.223Z,deep_scan,20260801073922_MT4-AP1-26-56,30,56,0,22,T379,AA7359,1,16
2026-08-01T15:44:58.301Z,deep_scan,20260801073922_MT4-AP1-26-56,30,56,0,3,T376/2,AA2314,1,46
2026-08-01T15:44:58.301Z,deep_scan,20260801073922_MT4-AP1-26-56,30,56,0,15,M61/2,AA7402,1,4
2026-08-01T15:44:58.301Z,deep_scan,20260801073922_MT4-AP1-26-56,30,56,0,22,T379,AA7359,0,47
2026-08-01T15:45:28.249Z,deep_scan,20260801073922_MT4-AP1-26-56,30,56,0,3,T376/2,AA2314,0,46
2026-08-01T15:45:28.249Z,deep_scan,20260801073922_MT4-AP1-26-56,30,56,0,15,M61/2,AA7402,0,3
2026-08-01T15:45:28.249Z,deep_scan,20260801073922_MT4-AP1-26-56,30,56,0,22,T379,AA7359,0,29
2026-08-01T15:45:58.257Z,deep_scan,20260801073922_MT4-AP1-26-56,30,56,0,3,T376/2,AA2314,0,33
2026-08-01T15:45:58.257Z,deep_scan,20260801073922_MT4-AP1-26-56,30,56,0,15,M61/2,AA7402,0,33
2026-08-01T15:45:58.257Z,deep_scan,20260801073922_MT4-AP1-26-56,30,56,0,22,T379,AA7359,0,49
2026-08-01T15:46:28.245Z,deep_scan,20260801073922_MT4-AP1-26-56,30,56,0,4,T363/2,AA2314,1,43
2026-08-01T15:46:28.245Z,deep_scan,20260801073922_MT4-AP1-26-56,30,56,0,15,M61/2,AA7402,0,34
2026-08-01T15:46:28.245Z,deep_scan,20260801073922_MT4-AP1-26-56,30,56,0,22,T379,AA7359,0,48
2026-08-01T15:46:58.283Z,deep_scan,20260801073922_MT4-AP1-26-56,30,56,0,4,T363/2,AA2314,1,29
2026-08-01T15:46:58.283Z,deep_scan,20260801073922_MT4-AP1-26-56,30,56,0,15,M61/2,AA7402,0,39
2026-08-01T15:46:58.283Z,deep_scan,20260801073922_MT4-AP1-26-56,30,56,0,22,T379,AA7359,0,29
2026-08-01T15:47:28.251Z,deep_scan,20260801073922_MT4-AP1-26-56,30,56,0,4,T363/2,AA2314,1,29
2026-08-01T15:47:28.251Z,deep_scan,20260801073922_MT4-AP1-26-56,30,56,0,15,M61/2,AA7402,0,35
2026-08-01T15:47:28.251Z,deep_scan,20260801073922_MT4-AP1-26-56,30,56,0,23,C688/2,AA7359,1,29
2026-08-01T15:47:58.217Z,deep_scan,20260801073922_MT4-AP1-26-56,30,56,0,4,T363/2,AA2314,1,29
2026-08-01T15:47:58.217Z,deep_scan,20260801073922_MT4-AP1-26-56,30,56,0,15,M61/2,AA7402,0,38
2026-08-01T15:47:58.217Z,deep_scan,20260801073922_MT4-AP1-26-56,30,56,0,24,C690/6,AA7359,1,0
2026-08-01T15:48:28.227Z,deep_scan,20260801073922_MT4-AP1-26-56,30,56,0,4,T363/2,AA2314,0,7
2026-08-01T15:48:28.227Z,deep_scan,20260801073922_MT4-AP1-26-56,30,56,0,15,M61/2,AA7402,0,38
2026-08-01T15:48:28.227Z,deep_scan,20260801073922_MT4-AP1-26-56,30,56,0,24,C690/6,AA7359,1,0
2026-08-01T15:48:58.276Z,deep_scan,20260801073922_MT4-AP1-26-56,30,56,0,4,T363/2,AA2314,0,39
2026-08-01T15:48:58.276Z,deep_scan,20260801073922_MT4-AP1-26-56,30,56,0,15,M61/2,AA7402,0,39
2026-08-01T15:48:58.276Z,deep_scan,20260801073922_MT4-AP1-26-56,30,56,0,24,C690/6,AA7359,1,0
2026-08-01T15:49:28.281Z,deep_scan,20260801073922_MT4-AP1-26-56,30,56,0,5,T306,AA2314,0,40
2026-08-01T15:49:28.281Z,deep_scan,20260801073922_MT4-AP1-26-56,30,56,0,15,M61/2,AA7402,0,45
2026-08-01T15:49:28.281Z,deep_scan,20260801073922_MT4-AP1-26-56,30,56,0,24,C690/6,AA7359,1,0
2026-08-01T15:49:58.270Z,deep_scan,20260801073922_MT4-AP1-26-56,30,56,0,6,T314/2,AA2314,1,43
2026-08-01T15:49:58.270Z,deep_scan,20260801073922_MT4-AP1-26-56,30,56,0,15,M61/2,AA7402,0,44
2026-08-01T15:49:58.270Z,deep_scan,20260801073922_MT4-AP1-26-56,30,56,0,24,C690/6,AA7359,1,0
2026-08-01T15:50:28.284Z,deep_scan,20260801073922_MT4-AP1-26-56,30,56,0,6,T314/2,AA2314,1,4
2026-08-01T15:50:28.284Z,deep_scan,20260801073922_MT4-AP1-26-56,30,56,0,15,M61/2,AA7402,0,48
2026-08-01T15:50:28.284Z,deep_scan,20260801073922_MT4-AP1-26-56,30,56,0,24,C690/6,AA7359,1,0
2026-08-01T15:50:58.310Z,deep_scan,20260801073922_MT4-AP1-26-56,30,56,0,6,T314/2,AA2314,0,26
2026-08-01T15:50:58.310Z,deep_scan,20260801073922_MT4-AP1-26-56,30,56,0,15,M61/2,AA7402,0,47
2026-08-01T15:50:58.310Z,deep_scan,20260801073922_MT4-AP1-26-56,30,56,0,24,C690/6,AA7359,1,0
2026-08-01T15:51:28.333Z,deep_scan,20260801073922_MT4-AP1-26-56,30,56,0,7,T408/6,AA2314,1,18
2026-08-01T15:51:28.333Z,deep_scan,20260801073922_MT4-AP1-26-56,30,56,0,15,M61/2,AA7402,0,44
2026-08-01T15:51:28.333Z,deep_scan,20260801073922_MT4-AP1-26-56,30,56,0,24,C690/6,AA7359,1,0
2026-08-01T15:51:58.296Z,deep_scan,20260801073922_MT4-AP1-26-56,30,56,0,7,T408/6,AA2314,0,14
2026-08-01T15:51:58.296Z,deep_scan,20260801073922_MT4-AP1-26-56,30,56,0,15,M61/2,AA7402,0,46
2026-08-01T15:51:58.296Z,deep_scan,20260801073922_MT4-AP1-26-56,30,56,0,24,C690/6,AA7359,1,0
2026-08-01T15:52:28.318Z,deep_scan,20260801073922_MT4-AP1-26-56,30,56,0,7,T408/6,AA2314,0,14
2026-08-01T15:52:28.318Z,deep_scan,20260801073922_MT4-AP1-26-56,30,56,0,15,M61/2,AA7402,0,49
2026-08-01T15:52:58.302Z,deep_scan,20260801073922_MT4-AP1-26-56,30,56,0,7,T408/6,AA2314,0,45
2026-08-01T15:52:58.302Z,deep_scan,20260801073922_MT4-AP1-26-56,30,56,0,15,M61/2,AA7402,0,48
2026-08-01T15:53:28.332Z,deep_scan,20260801073922_MT4-AP1-26-56,30,56,0,8,T343,AA2314,1,8
2026-08-01T15:53:28.332Z,deep_scan,20260801073922_MT4-AP1-26-56,30,56,0,15,M61/2,AA7402,0,43
2026-08-01T15:53:58.328Z,deep_scan,20260801073922_MT4-AP1-26-56,30,56,0,8,T343,AA2314,0,48
2026-08-01T15:53:58.328Z,deep_scan,20260801073922_MT4-AP1-26-56,30,56,0,15,M61/2,AA7402,0,47
2026-08-01T15:54:28.336Z,deep_scan,20260801073922_MT4-AP1-26-56,30,56,0,8,T343,AA2314,0,42
2026-08-01T15:54:28.336Z,deep_scan,20260801073922_MT4-AP1-26-56,30,56,0,15,M61/2,AA7402,0,39
2026-08-01T15:54:58.369Z,deep_scan,20260801073922_MT4-AP1-26-56,30,56,0,8,T343,AA2314,0,46
2026-08-01T15:54:58.369Z,deep_scan,20260801073922_MT4-AP1-26-56,30,56,0,16,T342,AA7402,1,27
2026-08-01T15:55:28.416Z,deep_scan,20260801073922_MT4-AP1-26-56,30,56,0,8,T343,AA2314,0,47
2026-08-01T15:55:28.416Z,deep_scan,20260801073922_MT4-AP1-26-56,30,56,0,16,T342,AA7402,0,40
2026-08-01T15:55:58.369Z,deep_scan,20260801073922_MT4-AP1-26-56,30,56,0,8,T343,AA2314,0,15
2026-08-01T15:55:58.369Z,deep_scan,20260801073922_MT4-AP1-26-56,30,56,0,17,T409,AA7402,0,41
2026-08-01T15:56:28.420Z,deep_scan,20260801073922_MT4-AP1-26-56,30,56,0,8,T343,AA2314,0,32
2026-08-01T15:56:28.420Z,deep_scan,20260801073922_MT4-AP1-26-56,30,56,0,17,T409,AA7402,0,19
2026-08-01T15:56:58.416Z,deep_scan,20260801073922_MT4-AP1-26-56,30,56,0,8,T343,AA2314,0,39
2026-08-01T15:56:58.416Z,deep_scan,20260801073922_MT4-AP1-26-56,30,56,0,19,T315,AA7402,1,42
2026-08-01T15:57:28.406Z,deep_scan,20260801073922_MT4-AP1-26-56,30,56,0,8,T343,AA2314,0,48
2026-08-01T15:57:28.406Z,deep_scan,20260801073922_MT4-AP1-26-56,30,56,0,19,T315,AA7402,0,35
2026-08-01T15:57:58.410Z,deep_scan,20260801073922_MT4-AP1-26-56,30,56,0,8,T343,AA2314,0,43
2026-08-01T15:57:58.410Z,deep_scan,20260801073922_MT4-AP1-26-56,30,56,0,19,T315,AA7402,0,38
2026-08-01T15:58:28.460Z,deep_scan,20260801073922_MT4-AP1-26-56,30,56,0,8,T343,AA2314,0,47
2026-08-01T15:58:28.460Z,deep_scan,20260801073922_MT4-AP1-26-56,30,56,0,19,T315,AA7402,0,29
2026-08-01T15:58:58.427Z,deep_scan,20260801073922_MT4-AP1-26-56,30,56,0,8,T343,AA2314,0,47
2026-08-01T15:58:58.427Z,deep_scan,20260801073922_MT4-AP1-26-56,30,56,0,20,T375,AA7402,1,1
2026-08-01T15:59:28.399Z,deep_scan,20260801073922_MT4-AP1-26-56,30,56,0,0,C690/6,AA7359,1,29
2026-08-01T15:59:28.399Z,deep_scan,20260801073922_MT4-AP1-26-56,30,56,0,8,T343,AA2314,0,43
2026-08-01T15:59:28.399Z,deep_scan,20260801073922_MT4-AP1-26-56,30,56,0,20,T375,AA7402,0,18
2026-08-01T15:59:58.435Z,deep_scan,20260801073922_MT4-AP1-26-56,30,56,0,0,C690/6,AA7359,0,29
2026-08-01T15:59:58.435Z,deep_scan,20260801073922_MT4-AP1-26-56,30,56,0,8,T343,AA2314,0,43
2026-08-01T15:59:58.435Z,deep_scan,20260801073922_MT4-AP1-26-56,30,56,0,21,T380,AA7402,1,38
2026-08-01T16:00:28.482Z,deep_scan,20260801073922_MT4-AP1-26-56,30,56,0,1,C689/2,AA7359,1,29
2026-08-01T16:00:28.482Z,deep_scan,20260801073922_MT4-AP1-26-56,30,56,0,8,T343,AA2314,0,47
2026-08-01T16:00:28.482Z,deep_scan,20260801073922_MT4-AP1-26-56,30,56,0,21,T380,AA7402,0,10
2026-08-01T16:00:58.504Z,deep_scan,20260801073922_MT4-AP1-26-56,30,56,0,1,C689/2,AA7359,0,29
2026-08-01T16:00:58.504Z,deep_scan,20260801073922_MT4-AP1-26-56,30,56,0,8,T343,AA2314,0,48
2026-08-01T16:00:58.504Z,deep_scan,20260801073922_MT4-AP1-26-56,30,56,0,22,T379,AA7402,0,27
2026-08-01T16:01:28.492Z,deep_scan,20260801073922_MT4-AP1-26-56,30,56,0,1,C689/2,AA7359,0,48
2026-08-01T16:01:28.492Z,deep_scan,20260801073922_MT4-AP1-26-56,30,56,0,8,T343,AA2314,0,44
2026-08-01T16:01:28.492Z,deep_scan,20260801073922_MT4-AP1-26-56,30,56,0,22,T379,AA7402,0,43
2026-08-01T16:01:58.491Z,deep_scan,20260801073922_MT4-AP1-26-56,30,56,0,1,C689/2,AA7359,0,47
2026-08-01T16:01:58.491Z,deep_scan,20260801073922_MT4-AP1-26-56,30,56,0,8,T343,AA2314,0,48
2026-08-01T16:01:58.491Z,deep_scan,20260801073922_MT4-AP1-26-56,30,56,0,22,T379,AA7402,0,39
2026-08-01T16:02:28.512Z,deep_scan,20260801073922_MT4-AP1-26-56,30,56,0,2,T360,AA7359,1,32
2026-08-01T16:02:28.512Z,deep_scan,20260801073922_MT4-AP1-26-56,30,56,0,8,T343,AA2314,0,49
2026-08-01T16:02:28.512Z,deep_scan,20260801073922_MT4-AP1-26-56,30,56,0,22,T379,AA7402,0,41
2026-08-01T16:02:58.527Z,deep_scan,20260801073922_MT4-AP1-26-56,30,56,0,2,T360,AA7359,0,38
2026-08-01T16:02:58.527Z,deep_scan,20260801073922_MT4-AP1-26-56,30,56,0,8,T343,AA2314,0,43
2026-08-01T16:02:58.527Z,deep_scan,20260801073922_MT4-AP1-26-56,30,56,0,22,T379,AA7402,0,35
2026-08-01T16:03:28.497Z,deep_scan,20260801073922_MT4-AP1-26-56,30,56,0,2,T360,AA7359,0,19
2026-08-01T16:03:28.497Z,deep_scan,20260801073922_MT4-AP1-26-56,30,56,0,8,T343,AA2314,0,36
2026-08-01T16:03:28.497Z,deep_scan,20260801073922_MT4-AP1-26-56,30,56,0,23,C688/2,AA7402,1,26
2026-08-01T16:03:58.519Z,deep_scan,20260801073922_MT4-AP1-26-56,30,56,0,2,T360,AA7359,0,19
2026-08-01T16:03:58.519Z,deep_scan,20260801073922_MT4-AP1-26-56,30,56,0,9,M239/1,AA2314,1,23
2026-08-01T16:03:58.519Z,deep_scan,20260801073922_MT4-AP1-26-56,30,56,0,23,C688/2,AA7402,0,26
2026-08-01T16:04:28.548Z,deep_scan,20260801073922_MT4-AP1-26-56,30,56,0,3,T376/2,AA7359,1,28
2026-08-01T16:04:28.548Z,deep_scan,20260801073922_MT4-AP1-26-56,30,56,0,9,M239/1,AA2314,0,1
2026-08-01T16:04:28.548Z,deep_scan,20260801073922_MT4-AP1-26-56,30,56,0,23,C688/2,AA7402,0,26
2026-08-01T16:04:58.530Z,deep_scan,20260801073922_MT4-AP1-26-56,30,56,0,3,T376/2,AA7359,1,39
2026-08-01T16:04:58.530Z,deep_scan,20260801073922_MT4-AP1-26-56,30,56,0,10,M254,AA2314,1,30
2026-08-01T16:04:58.530Z,deep_scan,20260801073922_MT4-AP1-26-56,30,56,0,24,C690/6,AA7402,1,0
2026-08-01T16:05:28.503Z,deep_scan,20260801073922_MT4-AP1-26-56,30,56,0,3,T376/2,AA7359,0,39
2026-08-01T16:05:28.503Z,deep_scan,20260801073922_MT4-AP1-26-56,30,56,0,10,M254,AA2314,0,23
2026-08-01T16:05:28.503Z,deep_scan,20260801073922_MT4-AP1-26-56,30,56,0,24,C690/6,AA7402,1,0
2026-08-01T16:05:58.523Z,deep_scan,20260801073922_MT4-AP1-26-56,30,56,0,3,T376/2,AA7359,0,7
2026-08-01T16:05:58.523Z,deep_scan,20260801073922_MT4-AP1-26-56,30,56,0,10,M254,AA2314,0,18
2026-08-01T16:05:58.523Z,deep_scan,20260801073922_MT4-AP1-26-56,30,56,0,24,C690/6,AA7402,1,0
2026-08-01T16:06:28.571Z,deep_scan,20260801073922_MT4-AP1-26-56,30,56,0,3,T376/2,AA7359,0,6
2026-08-01T16:06:28.571Z,deep_scan,20260801073922_MT4-AP1-26-56,30,56,0,10,M254,AA2314,0,21
2026-08-01T16:06:28.571Z,deep_scan,20260801073922_MT4-AP1-26-56,30,56,0,24,C690/6,AA7402,1,0
2026-08-01T16:06:58.532Z,deep_scan,20260801073922_MT4-AP1-26-56,30,56,0,4,T363/2,AA7359,1,47
2026-08-01T16:06:58.532Z,deep_scan,20260801073922_MT4-AP1-26-56,30,56,0,11,M117,AA2314,0,18
2026-08-01T16:06:58.532Z,deep_scan,20260801073922_MT4-AP1-26-56,30,56,0,24,C690/6,AA7402,1,0
2026-08-01T16:07:28.536Z,deep_scan,20260801073922_MT4-AP1-26-56,30,56,0,4,T363/2,AA7359,1,16
2026-08-01T16:07:28.536Z,deep_scan,20260801073922_MT4-AP1-26-56,30,56,0,11,M117,AA2314,0,41
2026-08-01T16:07:28.536Z,deep_scan,20260801073922_MT4-AP1-26-56,30,56,0,24,C690/6,AA7402,1,0
2026-08-01T16:07:58.538Z,deep_scan,20260801073922_MT4-AP1-26-56,30,56,0,4,T363/2,AA7359,0,29
2026-08-01T16:07:58.538Z,deep_scan,20260801073922_MT4-AP1-26-56,30,56,0,12,M155,AA2314,1,1
2026-08-01T16:07:58.538Z,deep_scan,20260801073922_MT4-AP1-26-56,30,56,0,24,C690/6,AA7402,1,0
2026-08-01T16:08:28.565Z,deep_scan,20260801073922_MT4-AP1-26-56,30,56,0,4,T363/2,AA7359,0,35
2026-08-01T16:08:28.565Z,deep_scan,20260801073922_MT4-AP1-26-56,30,56,0,12,M155,AA2314,0,26
2026-08-01T16:08:28.565Z,deep_scan,20260801073922_MT4-AP1-26-56,30,56,0,24,C690/6,AA7402,1,0
2026-08-01T16:08:58.570Z,deep_scan,20260801073922_MT4-AP1-26-56,30,56,0,5,T306,AA7359,1,32
2026-08-01T16:08:58.570Z,deep_scan,20260801073922_MT4-AP1-26-56,30,56,0,12,M155,AA2314,0,43
2026-08-01T16:08:58.570Z,deep_scan,20260801073922_MT4-AP1-26-56,30,56,0,24,C690/6,AA7402,1,0
2026-08-01T16:09:28.582Z,deep_scan,20260801073922_MT4-AP1-26-56,30,56,0,5,T306,AA7359,0,44
2026-08-01T16:09:28.582Z,deep_scan,20260801073922_MT4-AP1-26-56,30,56,0,12,M155,AA2314,0,33
2026-08-01T16:09:58.567Z,deep_scan,20260801073922_MT4-AP1-26-56,30,56,0,6,T314/2,AA7359,1,45
2026-08-01T16:09:58.567Z,deep_scan,20260801073922_MT4-AP1-26-56,30,56,0,12,M155,AA2314,0,47
2026-08-01T16:10:28.586Z,deep_scan,20260801073922_MT4-AP1-26-56,30,56,0,6,T314/2,AA7359,0,18
2026-08-01T16:10:28.586Z,deep_scan,20260801073922_MT4-AP1-26-56,30,56,0,12,M155,AA2314,0,33
2026-08-01T16:10:58.649Z,deep_scan,20260801073922_MT4-AP1-26-56,30,56,0,7,T408/6,AA7359,1,29
2026-08-01T16:10:58.649Z,deep_scan,20260801073922_MT4-AP1-26-56,30,56,0,12,M155,AA2314,0,15
2026-08-01T16:11:28.593Z,deep_scan,20260801073922_MT4-AP1-26-56,30,56,0,7,T408/6,AA7359,0,2
2026-08-01T16:11:28.593Z,deep_scan,20260801073922_MT4-AP1-26-56,30,56,0,12,M155,AA2314,0,17
2026-08-01T16:11:58.650Z,deep_scan,20260801073922_MT4-AP1-26-56,30,56,0,7,T408/6,AA7359,0,2
2026-08-01T16:11:58.650Z,deep_scan,20260801073922_MT4-AP1-26-56,30,56,0,12,M155,AA2314,0,24
2026-08-01T16:12:28.608Z,deep_scan,20260801073922_MT4-AP1-26-56,30,56,0,7,T408/6,AA7359,0,41
2026-08-01T16:12:28.608Z,deep_scan,20260801073922_MT4-AP1-26-56,30,56,0,12,M155,AA2314,0,24
2026-08-01T16:12:58.653Z,deep_scan,20260801073922_MT4-AP1-26-56,30,56,0,8,T343,AA7359,1,3
2026-08-01T16:12:58.653Z,deep_scan,20260801073922_MT4-AP1-26-56,30,56,0,13,M92,AA2314,1,19
2026-08-01T16:13:28.635Z,deep_scan,20260801073922_MT4-AP1-26-56,30,56,0,8,T343,AA7359,0,44
2026-08-01T16:13:28.635Z,deep_scan,20260801073922_MT4-AP1-26-56,30,56,0,13,M92,AA2314,0,20
2026-08-01T16:13:58.667Z,deep_scan,20260801073922_MT4-AP1-26-56,30,56,0,8,T343,AA7359,0,36
2026-08-01T16:13:58.667Z,deep_scan,20260801073922_MT4-AP1-26-56,30,56,0,13,M92,AA2314,0,33
2026-08-01T16:14:28.632Z,deep_scan,20260801073922_MT4-AP1-26-56,30,56,0,8,T343,AA7359,0,47
2026-08-01T16:14:28.632Z,deep_scan,20260801073922_MT4-AP1-26-56,30,56,0,13,M92,AA2314,0,33
2026-08-01T16:14:58.695Z,deep_scan,20260801073922_MT4-AP1-26-56,30,56,0,8,T343,AA7359,0,48
2026-08-01T16:14:58.695Z,deep_scan,20260801073922_MT4-AP1-26-56,30,56,0,14,M272,AA2314,0,30
2026-08-01T16:15:28.691Z,deep_scan,20260801073922_MT4-AP1-26-56,30,56,0,8,T343,AA7359,0,48
2026-08-01T16:15:28.691Z,deep_scan,20260801073922_MT4-AP1-26-56,30,56,0,14,M272,AA2314,0,2
2026-08-01T16:15:58.697Z,deep_scan,20260801073922_MT4-AP1-26-56,30,56,0,8,T343,AA7359,0,43
2026-08-01T16:15:58.697Z,deep_scan,20260801073922_MT4-AP1-26-56,30,56,0,14,M272,AA2314,0,25
2026-08-01T16:16:28.717Z,deep_scan,20260801073922_MT4-AP1-26-56,30,56,0,8,T343,AA7359,0,47
2026-08-01T16:16:28.717Z,deep_scan,20260801073922_MT4-AP1-26-56,30,56,0,14,M272,AA2314,0,3
2026-08-01T16:16:58.698Z,deep_scan,20260801073922_MT4-AP1-26-56,30,56,0,8,T343,AA7359,0,49
2026-08-01T16:16:58.698Z,deep_scan,20260801073922_MT4-AP1-26-56,30,56,0,14,M272,AA2314,0,36
2026-08-01T16:17:28.713Z,deep_scan,20260801073922_MT4-AP1-26-56,30,56,0,8,T343,AA7359,0,48
2026-08-01T16:17:28.713Z,deep_scan,20260801073922_MT4-AP1-26-56,30,56,0,15,M61/2,AA2314,0,19
2026-08-01T16:17:58.745Z,deep_scan,20260801073922_MT4-AP1-26-56,30,56,0,8,T343,AA7359,0,48
2026-08-01T16:17:58.745Z,deep_scan,20260801073922_MT4-AP1-26-56,30,56,0,15,M61/2,AA2314,0,6
2026-08-01T16:18:28.727Z,deep_scan,20260801073922_MT4-AP1-26-56,30,56,0,8,T343,AA7359,0,45
2026-08-01T16:18:28.727Z,deep_scan,20260801073922_MT4-AP1-26-56,30,56,0,15,M61/2,AA2314,0,6
2026-08-01T16:18:58.769Z,deep_scan,20260801073922_MT4-AP1-26-56,30,56,0,8,T343,AA7359,0,44
2026-08-01T16:18:58.769Z,deep_scan,20260801073922_MT4-AP1-26-56,30,56,0,15,M61/2,AA2314,0,20
2026-08-01T16:19:28.753Z,deep_scan,20260801073922_MT4-AP1-26-56,30,56,0,8,T343,AA7359,0,48
2026-08-01T16:19:28.753Z,deep_scan,20260801073922_MT4-AP1-26-56,30,56,0,15,M61/2,AA2314,0,35
2026-08-01T16:19:58.765Z,deep_scan,20260801073922_MT4-AP1-26-56,30,56,0,8,T343,AA7359,0,48
2026-08-01T16:19:58.765Z,deep_scan,20260801073922_MT4-AP1-26-56,30,56,0,15,M61/2,AA2314,0,39
2026-08-01T16:20:28.771Z,deep_scan,20260801073922_MT4-AP1-26-56,30,56,0,8,T343,AA7359,0,44
2026-08-01T16:20:28.771Z,deep_scan,20260801073922_MT4-AP1-26-56,30,56,0,15,M61/2,AA2314,0,37
2026-08-01T16:20:58.787Z,deep_scan,20260801073922_MT4-AP1-26-56,30,56,0,8,T343,AA7359,0,47
2026-08-01T16:20:58.787Z,deep_scan,20260801073922_MT4-AP1-26-56,30,56,0,15,M61/2,AA2314,0,46
2026-08-01T16:21:28.795Z,deep_scan,20260801073922_MT4-AP1-26-56,30,56,0,8,T343,AA7359,0,48
2026-08-01T16:21:28.795Z,deep_scan,20260801073922_MT4-AP1-26-56,30,56,0,15,M61/2,AA2314,0,39
2026-08-01T16:21:58.808Z,deep_scan,20260801073922_MT4-AP1-26-56,30,56,0,8,T343,AA7359,0,40
2026-08-01T16:21:58.808Z,deep_scan,20260801073922_MT4-AP1-26-56,30,56,0,15,M61/2,AA2314,0,47
2026-08-01T16:22:28.807Z,deep_scan,20260801073922_MT4-AP1-26-56,30,56,0,8,T343,AA7359,0,41
2026-08-01T16:22:28.807Z,deep_scan,20260801073922_MT4-AP1-26-56,30,56,0,15,M61/2,AA2314,0,34
2026-08-01T16:22:58.801Z,deep_scan,20260801073922_MT4-AP1-26-56,30,56,0,9,M239/1,AA7359,1,35
2026-08-01T16:22:58.801Z,deep_scan,20260801073922_MT4-AP1-26-56,30,56,0,15,M61/2,AA2314,0,5
2026-08-01T16:23:28.846Z,deep_scan,20260801073922_MT4-AP1-26-56,30,56,0,9,M239/1,AA7359,0,43
2026-08-01T16:23:28.846Z,deep_scan,20260801073922_MT4-AP1-26-56,30,56,0,15,M61/2,AA2314,0,11
2026-08-01T16:23:58.822Z,deep_scan,20260801073922_MT4-AP1-26-56,30,56,0,10,M254,AA7359,1,40
2026-08-01T16:23:58.822Z,deep_scan,20260801073922_MT4-AP1-26-56,30,56,0,15,M61/2,AA2314,0,19
2026-08-01T16:24:28.901Z,deep_scan,20260801073922_MT4-AP1-26-56,30,56,0,10,M254,AA7359,0,24
2026-08-01T16:24:28.901Z,deep_scan,20260801073922_MT4-AP1-26-56,30,56,0,15,M61/2,AA2314,0,10
2026-08-01T16:24:58.869Z,deep_scan,20260801073922_MT4-AP1-26-56,30,56,0,10,M254,AA7359,0,9
2026-08-01T16:24:58.869Z,deep_scan,20260801073922_MT4-AP1-26-56,30,56,0,15,M61/2,AA2314,0,41
2026-08-01T16:25:28.889Z,deep_scan,20260801073922_MT4-AP1-26-56,30,56,0,10,M254,AA7359,0,15
2026-08-01T16:25:28.889Z,deep_scan,20260801073922_MT4-AP1-26-56,30,56,0,15,M61/2,AA2314,0,47
2026-08-01T16:25:58.905Z,deep_scan,20260801073922_MT4-AP1-26-56,30,56,0,11,M117,AA7359,1,37
2026-08-01T16:25:58.905Z,deep_scan,20260801073922_MT4-AP1-26-56,30,56,0,15,M61/2,AA2314,0,46
2026-08-01T16:26:28.870Z,deep_scan,20260801073922_MT4-AP1-26-56,30,56,0,11,M117,AA7359,1,37
2026-08-01T16:26:28.870Z,deep_scan,20260801073922_MT4-AP1-26-56,30,56,0,15,M61/2,AA2314,0,47
2026-08-01T16:26:58.858Z,deep_scan,20260801073922_MT4-AP1-26-56,30,56,0,11,M117,AA7359,0,21
2026-08-01T16:26:58.858Z,deep_scan,20260801073922_MT4-AP1-26-56,30,56,0,15,M61/2,AA2314,0,47
2026-08-01T16:27:28.870Z,deep_scan,20260801073922_MT4-AP1-26-56,30,56,0,12,M155,AA7359,1,38
2026-08-01T16:27:28.870Z,deep_scan,20260801073922_MT4-AP1-26-56,30,56,0,15,M61/2,AA2314,0,43
2026-08-01T16:27:58.897Z,deep_scan,20260801073922_MT4-AP1-26-56,30,56,0,12,M155,AA7359,0,33
2026-08-01T16:27:58.897Z,deep_scan,20260801073922_MT4-AP1-26-56,30,56,0,15,M61/2,AA2314,0,43
2026-08-01T16:28:28.886Z,deep_scan,20260801073922_MT4-AP1-26-56,30,56,0,12,M155,AA7359,0,45
2026-08-01T16:28:28.886Z,deep_scan,20260801073922_MT4-AP1-26-56,30,56,0,15,M61/2,AA2314,0,45
2026-08-01T16:28:58.943Z,deep_scan,20260801073922_MT4-AP1-26-56,30,56,0,12,M155,AA7359,0,34
2026-08-01T16:28:58.943Z,deep_scan,20260801073922_MT4-AP1-26-56,30,56,0,15,M61/2,AA2314,0,49
2026-08-01T16:29:28.882Z,deep_scan,20260801073922_MT4-AP1-26-56,30,56,0,12,M155,AA7359,0,41
2026-08-01T16:29:28.882Z,deep_scan,20260801073922_MT4-AP1-26-56,30,56,0,15,M61/2,AA2314,0,46
2026-08-01T16:29:58.940Z,deep_scan,20260801073922_MT4-AP1-26-56,30,56,0,12,M155,AA7359,0,7
2026-08-01T16:29:58.940Z,deep_scan,20260801073922_MT4-AP1-26-56,30,56,0,15,M61/2,AA2314,0,46
2026-08-01T16:30:28.891Z,deep_scan,20260801073922_MT4-AP1-26-56,30,56,0,12,M155,AA7359,0,11
2026-08-01T16:30:28.891Z,deep_scan,20260801073922_MT4-AP1-26-56,30,56,0,15,M61/2,AA2314,0,48
2026-08-01T16:30:58.935Z,deep_scan,20260801073922_MT4-AP1-26-56,30,56,0,12,M155,AA7359,0,2
2026-08-01T16:30:58.935Z,deep_scan,20260801073922_MT4-AP1-26-56,30,56,0,15,M61/2,AA2314,0,49
2026-08-01T16:31:28.934Z,deep_scan,20260801073922_MT4-AP1-26-56,30,56,0,12,M155,AA7359,0,2
2026-08-01T16:31:28.934Z,deep_scan,20260801073922_MT4-AP1-26-56,30,56,0,15,M61/2,AA2314,0,47
2026-08-01T16:31:58.963Z,deep_scan,20260801073922_MT4-AP1-26-56,30,56,0,13,M92,AA7359,1,21
2026-08-01T16:31:58.963Z,deep_scan,20260801073922_MT4-AP1-26-56,30,56,0,15,M61/2,AA2314,0,44
2026-08-01T16:32:28.922Z,deep_scan,20260801073922_MT4-AP1-26-56,30,56,0,13,M92,AA7359,0,4
2026-08-01T16:32:28.922Z,deep_scan,20260801073922_MT4-AP1-26-56,30,56,0,16,T342,AA2314,1,44
2026-08-01T16:32:58.997Z,deep_scan,20260801073922_MT4-AP1-26-56,30,56,0,13,M92,AA7359,0,28
2026-08-01T16:32:58.997Z,deep_scan,20260801073922_MT4-AP1-26-56,30,56,0,16,T342,AA2314,1,5
2026-08-01T16:33:28.943Z,deep_scan,20260801073922_MT4-AP1-26-56,30,56,0,14,M272,AA7359,1,4
2026-08-01T16:33:28.943Z,deep_scan,20260801073922_MT4-AP1-26-56,30,56,0,16,T342,AA2314,0,49
2026-08-01T16:33:59.033Z,deep_scan,20260801073922_MT4-AP1-26-56,30,56,0,14,M272,AA7359,0,30
2026-08-01T16:33:59.033Z,deep_scan,20260801073922_MT4-AP1-26-56,30,56,0,17,T409,AA2314,0,7
2026-08-01T16:34:29.005Z,deep_scan,20260801073922_MT4-AP1-26-56,30,56,0,14,M272,AA7359,0,42
2026-08-01T16:34:29.005Z,deep_scan,20260801073922_MT4-AP1-26-56,30,56,0,17,T409,AA2314,0,26
2026-08-01T16:34:58.985Z,deep_scan,20260801073922_MT4-AP1-26-56,30,56,0,14,M272,AA7359,0,6
2026-08-01T16:34:58.985Z,deep_scan,20260801073922_MT4-AP1-26-56,30,56,0,18,T313,AA2314,0,31
2026-08-01T16:35:29.003Z,deep_scan,20260801073922_MT4-AP1-26-56,30,56,0,15,M61/2,AA7359,1,40
2026-08-01T16:35:29.003Z,deep_scan,20260801073922_MT4-AP1-26-56,30,56,0,19,T315,AA2314,0,21
2026-08-01T16:35:59.024Z,deep_scan,20260801073922_MT4-AP1-26-56,30,56,0,15,M61/2,AA7359,0,16
2026-08-01T16:35:59.024Z,deep_scan,20260801073922_MT4-AP1-26-56,30,56,0,19,T315,AA2314,0,49
2026-08-01T16:36:29.046Z,deep_scan,20260801073922_MT4-AP1-26-56,30,56,0,15,M61/2,AA7359,0,16
2026-08-01T16:36:29.046Z,deep_scan,20260801073922_MT4-AP1-26-56,30,56,0,20,T375,AA2314,1,27
2026-08-01T16:36:59.035Z,deep_scan,20260801073922_MT4-AP1-26-56,30,56,0,15,M61/2,AA7359,0,26
2026-08-01T16:36:59.035Z,deep_scan,20260801073922_MT4-AP1-26-56,30,56,0,20,T375,AA2314,0,17
2026-08-01T16:37:29.038Z,deep_scan,20260801073922_MT4-AP1-26-56,30,56,0,15,M61/2,AA7359,0,37
2026-08-01T16:37:29.038Z,deep_scan,20260801073922_MT4-AP1-26-56,30,56,0,21,T380,AA2314,1,39
2026-08-01T16:37:59.027Z,deep_scan,20260801073922_MT4-AP1-26-56,30,56,0,15,M61/2,AA7359,0,39
2026-08-01T16:37:59.027Z,deep_scan,20260801073922_MT4-AP1-26-56,30,56,0,22,T379,AA2314,0,35
2026-08-01T16:38:29.046Z,deep_scan,20260801073922_MT4-AP1-26-56,30,56,0,15,M61/2,AA7359,0,47
2026-08-01T16:38:29.046Z,deep_scan,20260801073922_MT4-AP1-26-56,30,56,0,22,T379,AA2314,0,39
2026-08-01T16:38:59.042Z,deep_scan,20260801073922_MT4-AP1-26-56,30,56,0,15,M61/2,AA7359,0,49
2026-08-01T16:38:59.042Z,deep_scan,20260801073922_MT4-AP1-26-56,30,56,0,22,T379,AA2314,0,29
2026-08-01T16:39:29.039Z,deep_scan,20260801073922_MT4-AP1-26-56,30,56,0,15,M61/2,AA7359,0,43
2026-08-01T16:39:29.039Z,deep_scan,20260801073922_MT4-AP1-26-56,30,56,0,22,T379,AA2314,0,39
2026-08-01T16:39:59.061Z,deep_scan,20260801073922_MT4-AP1-26-56,30,56,0,15,M61/2,AA7359,0,47
2026-08-01T16:39:59.061Z,deep_scan,20260801073922_MT4-AP1-26-56,30,56,0,22,T379,AA2314,0,46
2026-08-01T16:40:29.119Z,deep_scan,20260801073922_MT4-AP1-26-56,30,56,0,15,M61/2,AA7359,0,48
2026-08-01T16:40:29.119Z,deep_scan,20260801073922_MT4-AP1-26-56,30,56,0,22,T379,AA2314,0,2
2026-08-01T16:40:59.070Z,deep_scan,20260801073922_MT4-AP1-26-56,30,56,0,15,M61/2,AA7359,0,26
2026-08-01T16:40:59.070Z,deep_scan,20260801073922_MT4-AP1-26-56,30,56,0,23,C688/2,AA2314,0,2
2026-08-01T16:41:29.089Z,deep_scan,20260801073922_MT4-AP1-26-56,30,56,0,15,M61/2,AA7359,0,26
2026-08-01T16:41:29.089Z,deep_scan,20260801073922_MT4-AP1-26-56,30,56,0,24,C690/6,AA2314,1,0
2026-08-01T16:41:59.099Z,deep_scan,20260801073922_MT4-AP1-26-56,30,56,0,15,M61/2,AA7359,0,1
2026-08-01T16:41:59.099Z,deep_scan,20260801073922_MT4-AP1-26-56,30,56,0,24,C690/6,AA2314,1,0
2026-08-01T16:42:29.118Z,deep_scan,20260801073922_MT4-AP1-26-56,30,56,0,15,M61/2,AA7359,0,35
2026-08-01T16:42:29.118Z,deep_scan,20260801073922_MT4-AP1-26-56,30,56,0,24,C690/6,AA2314,1,0
2026-08-01T16:42:59.125Z,deep_scan,20260801073922_MT4-AP1-26-56,30,56,0,15,M61/2,AA7359,0,46
2026-08-01T16:42:59.125Z,deep_scan,20260801073922_MT4-AP1-26-56,30,56,0,24,C690/6,AA2314,1,0
2026-08-01T16:43:29.169Z,deep_scan,20260801073922_MT4-AP1-26-56,30,56,0,15,M61/2,AA7359,0,42
2026-08-01T16:43:29.169Z,deep_scan,20260801073922_MT4-AP1-26-56,30,56,0,24,C690/6,AA2314,1,0
2026-08-01T16:43:59.142Z,deep_scan,20260801073922_MT4-AP1-26-56,30,56,0,15,M61/2,AA7359,0,48
2026-08-01T16:43:59.142Z,deep_scan,20260801073922_MT4-AP1-26-56,30,56,0,24,C690/6,AA2314,1,0
2026-08-01T16:44:29.139Z,deep_scan,20260801073922_MT4-AP1-26-56,30,56,0,15,M61/2,AA7359,0,47
2026-08-01T16:44:29.139Z,deep_scan,20260801073922_MT4-AP1-26-56,30,56,0,24,C690/6,AA2314,1,0
2026-08-01T16:44:59.194Z,deep_scan,20260801073922_MT4-AP1-26-56,30,56,0,15,M61/2,AA7359,0,48
2026-08-01T16:44:59.194Z,deep_scan,20260801073922_MT4-AP1-26-56,30,56,0,24,C690/6,AA2314,1,0
2026-08-01T16:45:29.163Z,deep_scan,20260801073922_MT4-AP1-26-56,30,56,0,15,M61/2,AA7359,0,27
2026-08-01T16:45:29.163Z,deep_scan,20260801073922_MT4-AP1-26-56,30,56,0,24,C690/6,AA2314,1,0
2026-08-01T16:45:59.196Z,deep_scan,20260801073922_MT4-AP1-26-56,30,56,0,15,M61/2,AA7359,0,44
2026-08-01T16:46:29.178Z,deep_scan,20260801073922_MT4-AP1-26-56,30,56,0,15,M61/2,AA7359,0,45
2026-08-01T16:46:59.250Z,deep_scan,20260801073922_MT4-AP1-26-56,30,56,0,15,M61/2,AA7359,0,48
2026-08-01T16:47:29.193Z,deep_scan,20260801073922_MT4-AP1-26-56,30,56,0,15,M61/2,AA7359,0,47
2026-08-01T16:47:59.240Z,deep_scan,20260801073922_MT4-AP1-26-56,30,56,0,15,M61/2,AA7359,0,46
2026-08-01T16:48:29.193Z,deep_scan,20260801073922_MT4-AP1-26-56,30,56,0,15,M61/2,AA7359,0,47
2026-08-01T16:48:59.271Z,deep_scan,20260801073922_MT4-AP1-26-56,30,56,0,15,M61/2,AA7359,0,47
2026-08-01T16:49:29.251Z,deep_scan,20260801073922_MT4-AP1-26-56,30,56,0,15,M61/2,AA7359,0,48
2026-08-01T16:49:59.254Z,deep_scan,20260801073922_MT4-AP1-26-56,30,56,0,15,M61/2,AA7359,0,39
2026-08-01T16:50:29.264Z,deep_scan,20260801073922_MT4-AP1-26-56,30,56,0,15,M61/2,AA7359,0,41
2026-08-01T16:50:59.302Z,deep_scan,20260801073922_MT4-AP1-26-56,30,56,0,16,T342,AA7359,1,46
2026-08-01T16:51:29.274Z,deep_scan,20260801073922_MT4-AP1-26-56,30,56,0,16,T342,AA7359,0,44
2026-08-01T16:51:59.329Z,deep_scan,20260801073922_MT4-AP1-26-56,30,56,0,17,T409,AA7359,1,35
2026-08-01T16:52:29.334Z,deep_scan,20260801073922_MT4-AP1-26-56,30,56,0,17,T409,AA7359,0,23
2026-08-01T16:52:59.289Z,deep_scan,20260801073922_MT4-AP1-26-56,30,56,0,18,T313,AA7359,0,39
2026-08-01T16:53:29.337Z,deep_scan,20260801073922_MT4-AP1-26-56,30,56,0,19,T315,AA7359,0,43
2026-08-01T16:53:59.324Z,deep_scan,20260801073922_MT4-AP1-26-56,30,56,0,19,T315,AA7359,0,18
2026-08-01T16:54:29.350Z,deep_scan,20260801073922_MT4-AP1-26-56,30,56,0,20,T375,AA7359,1,10
2026-08-01T16:54:59.344Z,deep_scan,20260801073922_MT4-AP1-26-56,30,56,0,20,T375,AA7359,0,2
2026-08-01T16:55:29.373Z,deep_scan,20260801073922_MT4-AP1-26-56,30,56,0,20,T375,AA7359,0,2
2026-08-01T16:55:59.364Z,deep_scan,20260801073922_MT4-AP1-26-56,30,56,0,21,T380,AA7359,1,41
2026-08-01T16:56:29.405Z,deep_scan,20260801073922_MT4-AP1-26-56,30,56,0,22,T379,AA7359,1,39
2026-08-01T16:56:59.336Z,deep_scan,20260801073922_MT4-AP1-26-56,30,56,0,22,T379,AA7359,0,48
2026-08-01T16:57:29.336Z,deep_scan,20260801073922_MT4-AP1-26-56,30,56,0,22,T379,AA7359,0,39
2026-08-01T16:57:59.383Z,deep_scan,20260801073922_MT4-AP1-26-56,30,56,0,22,T379,AA7359,0,48
2026-08-01T16:58:29.416Z,deep_scan,20260801073922_MT4-AP1-26-56,30,56,0,22,T379,AA7359,0,29
2026-08-01T16:58:59.377Z,deep_scan,20260801073922_MT4-AP1-26-56,30,56,0,23,C688/2,AA7359,1,31
2026-08-01T16:59:29.362Z,deep_scan,20260801073922_MT4-AP1-26-56,30,56,0,24,C690/6,AA7359,1,0
2026-08-01T16:59:59.395Z,deep_scan,20260801073922_MT4-AP1-26-56,30,56,0,24,C690/6,AA7359,1,0
2026-08-01T23:30:03.607Z,deep_scan,20260801073922_MT4-AP1-26-56,30,56,0,0,C690/6,AA7406,0,23
2026-08-01T23:30:03.607Z,deep_scan,20260801073922_MT4-AP1-26-56,30,56,0,11,M117,AA7402,1,20
2026-08-01T23:30:03.607Z,deep_scan,20260801073922_MT4-AP1-26-56,30,56,0,15,M61/2,AB6470,0,48
2026-08-01T23:30:33.618Z,deep_scan,20260801073922_MT4-AP1-26-56,30,56,0,0,C690/6,AA7406,0,23
2026-08-01T23:30:33.618Z,deep_scan,20260801073922_MT4-AP1-26-56,30,56,0,11,M117,AA7402,0,43
2026-08-01T23:30:33.618Z,deep_scan,20260801073922_MT4-AP1-26-56,30,56,0,15,M61/2,AB6470,0,46
2026-08-01T23:31:03.604Z,deep_scan,20260801073922_MT4-AP1-26-56,30,56,0,0,C690/6,AA7406,0,23
2026-08-01T23:31:03.604Z,deep_scan,20260801073922_MT4-AP1-26-56,30,56,0,12,M155,AA7402,1,15
2026-08-01T23:31:03.604Z,deep_scan,20260801073922_MT4-AP1-26-56,30,56,0,15,M61/2,AB6470,0,47
2026-08-01T23:31:33.611Z,deep_scan,20260801073922_MT4-AP1-26-56,30,56,0,0,C690/6,AA7406,0,29
2026-08-01T23:31:33.611Z,deep_scan,20260801073922_MT4-AP1-26-56,30,56,0,12,M155,AA7402,0,29
2026-08-01T23:31:33.611Z,deep_scan,20260801073922_MT4-AP1-26-56,30,56,0,15,M61/2,AB6470,0,45
2026-08-01T23:32:03.653Z,deep_scan,20260801073922_MT4-AP1-26-56,30,56,0,0,C690/6,AA7406,0,47
2026-08-01T23:32:03.653Z,deep_scan,20260801073922_MT4-AP1-26-56,30,56,0,12,M155,AA7402,0,47
2026-08-01T23:32:03.653Z,deep_scan,20260801073922_MT4-AP1-26-56,30,56,0,15,M61/2,AB6470,0,39
2026-08-01T23:32:33.623Z,deep_scan,20260801073922_MT4-AP1-26-56,30,56,0,0,C690/6,AA7406,0,47
2026-08-01T23:32:33.623Z,deep_scan,20260801073922_MT4-AP1-26-56,30,56,0,12,M155,AA7402,0,45
2026-08-01T23:32:33.623Z,deep_scan,20260801073922_MT4-AP1-26-56,30,56,0,16,T342,AB6470,1,8
2026-08-01T23:33:03.640Z,deep_scan,20260801073922_MT4-AP1-26-56,30,56,0,2,T360,AA7406,1,37
2026-08-01T23:33:03.640Z,deep_scan,20260801073922_MT4-AP1-26-56,30,56,0,12,M155,AA7402,0,47
2026-08-01T23:33:03.640Z,deep_scan,20260801073922_MT4-AP1-26-56,30,56,0,16,T342,AB6470,0,44
2026-08-01T23:33:33.688Z,deep_scan,20260801073922_MT4-AP1-26-56,30,56,0,2,T360,AA7406,0,45
2026-08-01T23:33:33.688Z,deep_scan,20260801073922_MT4-AP1-26-56,30,56,0,12,M155,AA7402,0,4
2026-08-01T23:33:33.688Z,deep_scan,20260801073922_MT4-AP1-26-56,30,56,0,16,T342,AB6470,0,21
2026-08-01T23:34:03.626Z,deep_scan,20260801073922_MT4-AP1-26-56,30,56,0,3,T376/2,AA7406,1,43
2026-08-01T23:34:03.626Z,deep_scan,20260801073922_MT4-AP1-26-56,30,56,0,12,M155,AA7402,0,4
2026-08-01T23:34:03.626Z,deep_scan,20260801073922_MT4-AP1-26-56,30,56,0,17,T409,AB6470,1,37
2026-08-01T23:34:33.602Z,deep_scan,20260801073922_MT4-AP1-26-56,30,56,0,3,T376/2,AA7406,0,22
2026-08-01T23:34:33.602Z,deep_scan,20260801073922_MT4-AP1-26-56,30,56,0,12,M155,AA7402,0,2
2026-08-01T23:34:33.602Z,deep_scan,20260801073922_MT4-AP1-26-56,30,56,0,17,T409,AB6470,0,44
2026-08-01T23:35:03.638Z,deep_scan,20260801073922_MT4-AP1-26-56,30,56,0,3,T376/2,AA7406,0,39
2026-08-01T23:35:03.638Z,deep_scan,20260801073922_MT4-AP1-26-56,30,56,0,13,M92,AA7402,1,17
2026-08-01T23:35:03.638Z,deep_scan,20260801073922_MT4-AP1-26-56,30,56,0,18,T313,AB6470,1,31
2026-08-01T23:35:33.608Z,deep_scan,20260801073922_MT4-AP1-26-56,30,56,0,4,T363/2,AA7406,1,34
2026-08-01T23:35:33.608Z,deep_scan,20260801073922_MT4-AP1-26-56,30,56,0,13,M92,AA7402,1,11
2026-08-01T23:35:33.608Z,deep_scan,20260801073922_MT4-AP1-26-56,30,56,0,18,T313,AB6470,1,31
2026-08-01T23:36:03.630Z,deep_scan,20260801073922_MT4-AP1-26-56,30,56,0,4,T363/2,AA7406,0,13
2026-08-01T23:36:03.630Z,deep_scan,20260801073922_MT4-AP1-26-56,30,56,0,13,M92,AA7402,0,2
2026-08-01T23:36:03.630Z,deep_scan,20260801073922_MT4-AP1-26-56,30,56,0,19,T315,AB6470,1,40
2026-08-01T23:36:33.653Z,deep_scan,20260801073922_MT4-AP1-26-56,30,56,0,4,T363/2,AA7406,0,23
2026-08-01T23:36:33.653Z,deep_scan,20260801073922_MT4-AP1-26-56,30,56,0,13,M92,AA7402,0,22
2026-08-01T23:36:33.653Z,deep_scan,20260801073922_MT4-AP1-26-56,30,56,0,19,T315,AB6470,0,48
2026-08-01T23:37:03.607Z,deep_scan,20260801073922_MT4-AP1-26-56,30,56,0,5,T306,AA7406,0,46
2026-08-01T23:37:03.607Z,deep_scan,20260801073922_MT4-AP1-26-56,30,56,0,13,M92,AA7402,0,22
2026-08-01T23:37:03.607Z,deep_scan,20260801073922_MT4-AP1-26-56,30,56,0,19,T315,AB6470,0,34
2026-08-01T23:37:33.645Z,deep_scan,20260801073922_MT4-AP1-26-56,30,56,0,6,T314/2,AA7406,1,48
2026-08-01T23:37:33.645Z,deep_scan,20260801073922_MT4-AP1-26-56,30,56,0,13,M92,AA7402,0,22
2026-08-01T23:37:33.645Z,deep_scan,20260801073922_MT4-AP1-26-56,30,56,0,20,T375,AB6470,1,17
2026-08-01T23:38:03.656Z,deep_scan,20260801073922_MT4-AP1-26-56,30,56,0,6,T314/2,AA7406,0,25
2026-08-01T23:38:03.656Z,deep_scan,20260801073922_MT4-AP1-26-56,30,56,0,14,M272,AA7402,1,8
2026-08-01T23:38:03.656Z,deep_scan,20260801073922_MT4-AP1-26-56,30,56,0,20,T375,AB6470,1,17
2026-08-01T23:38:33.662Z,deep_scan,20260801073922_MT4-AP1-26-56,30,56,0,6,T314/2,AA7406,0,17
2026-08-01T23:38:33.662Z,deep_scan,20260801073922_MT4-AP1-26-56,30,56,0,14,M272,AA7402,1,10
2026-08-01T23:38:33.662Z,deep_scan,20260801073922_MT4-AP1-26-56,30,56,0,21,T380,AB6470,1,35
2026-08-01T23:39:03.644Z,deep_scan,20260801073922_MT4-AP1-26-56,30,56,0,7,T408/6,AA7406,1,29
2026-08-01T23:39:03.644Z,deep_scan,20260801073922_MT4-AP1-26-56,30,56,0,14,M272,AA7402,0,2
2026-08-01T23:39:03.644Z,deep_scan,20260801073922_MT4-AP1-26-56,30,56,0,21,T380,AB6470,0,44
2026-08-01T23:39:33.664Z,deep_scan,20260801073922_MT4-AP1-26-56,30,56,0,7,T408/6,AA7406,0,29
2026-08-01T23:39:33.664Z,deep_scan,20260801073922_MT4-AP1-26-56,30,56,0,14,M272,AA7402,0,34
2026-08-01T23:39:33.664Z,deep_scan,20260801073922_MT4-AP1-26-56,30,56,0,22,T379,AB6470,0,5
2026-08-01T23:40:03.658Z,deep_scan,20260801073922_MT4-AP1-26-56,30,56,0,7,T408/6,AA7406,0,6
2026-08-01T23:40:03.658Z,deep_scan,20260801073922_MT4-AP1-26-56,30,56,0,14,M272,AA7402,0,14
2026-08-01T23:40:03.658Z,deep_scan,20260801073922_MT4-AP1-26-56,30,56,0,22,T379,AB6470,0,48
2026-08-01T23:40:33.694Z,deep_scan,20260801073922_MT4-AP1-26-56,30,56,0,8,T343,AA7406,1,38
2026-08-01T23:40:33.694Z,deep_scan,20260801073922_MT4-AP1-26-56,30,56,0,14,M272,AA7402,0,31
2026-08-01T23:40:33.694Z,deep_scan,20260801073922_MT4-AP1-26-56,30,56,0,22,T379,AB6470,0,39
2026-08-01T23:41:03.640Z,deep_scan,20260801073922_MT4-AP1-26-56,30,56,0,8,T343,AA7406,0,23
2026-08-01T23:41:03.640Z,deep_scan,20260801073922_MT4-AP1-26-56,30,56,0,15,M61/2,AA7402,1,15
2026-08-01T23:41:03.640Z,deep_scan,20260801073922_MT4-AP1-26-56,30,56,0,22,T379,AB6470,0,48
2026-08-01T23:41:33.668Z,deep_scan,20260801073922_MT4-AP1-26-56,30,56,0,8,T343,AA7406,0,49
2026-08-01T23:41:33.668Z,deep_scan,20260801073922_MT4-AP1-26-56,30,56,0,15,M61/2,AA7402,0,24
2026-08-01T23:41:33.668Z,deep_scan,20260801073922_MT4-AP1-26-56,30,56,0,22,T379,AB6470,0,39
2026-08-01T23:42:03.679Z,deep_scan,20260801073922_MT4-AP1-26-56,30,56,0,0,C690/6,AA7445,0,27
2026-08-01T23:42:03.679Z,deep_scan,20260801073922_MT4-AP1-26-56,30,56,0,8,T343,AA7406,0,49
2026-08-01T23:42:03.679Z,deep_scan,20260801073922_MT4-AP1-26-56,30,56,0,15,M61/2,AA7402,0,13
2026-08-01T23:42:03.679Z,deep_scan,20260801073922_MT4-AP1-26-56,30,56,0,23,C688/2,AB6470,1,30
2026-08-01T23:42:33.647Z,deep_scan,20260801073922_MT4-AP1-26-56,30,56,0,0,C690/6,AA7445,0,27
2026-08-01T23:42:33.647Z,deep_scan,20260801073922_MT4-AP1-26-56,30,56,0,8,T343,AA7406,0,48
2026-08-01T23:42:33.647Z,deep_scan,20260801073922_MT4-AP1-26-56,30,56,0,15,M61/2,AA7402,0,43
2026-08-01T23:42:33.647Z,deep_scan,20260801073922_MT4-AP1-26-56,30,56,0,23,C688/2,AB6470,1,30
2026-08-01T23:43:03.651Z,deep_scan,20260801073922_MT4-AP1-26-56,30,56,0,0,C690/6,AA7445,0,27
2026-08-01T23:43:03.651Z,deep_scan,20260801073922_MT4-AP1-26-56,30,56,0,8,T343,AA7406,0,48
2026-08-01T23:43:03.651Z,deep_scan,20260801073922_MT4-AP1-26-56,30,56,0,15,M61/2,AA7402,0,44
2026-08-01T23:43:03.651Z,deep_scan,20260801073922_MT4-AP1-26-56,30,56,0,23,C688/2,AB6470,0,30
2026-08-01T23:43:33.660Z,deep_scan,20260801073922_MT4-AP1-26-56,30,56,0,0,C690/6,AA7445,0,27
2026-08-01T23:43:33.660Z,deep_scan,20260801073922_MT4-AP1-26-56,30,56,0,8,T343,AA7406,0,10
2026-08-01T23:43:33.660Z,deep_scan,20260801073922_MT4-AP1-26-56,30,56,0,15,M61/2,AA7402,0,47
2026-08-01T23:43:33.660Z,deep_scan,20260801073922_MT4-AP1-26-56,30,56,0,24,C690/6,AB6470,1,0
2026-08-01T23:44:03.707Z,deep_scan,20260801073922_MT4-AP1-26-56,30,56,0,0,C690/6,AA7445,0,27
2026-08-01T23:44:03.707Z,deep_scan,20260801073922_MT4-AP1-26-56,30,56,0,8,T343,AA7406,0,10
2026-08-01T23:44:03.707Z,deep_scan,20260801073922_MT4-AP1-26-56,30,56,0,15,M61/2,AA7402,0,43
2026-08-01T23:44:03.707Z,deep_scan,20260801073922_MT4-AP1-26-56,30,56,0,24,C690/6,AB6470,1,0
2026-08-01T23:44:33.652Z,deep_scan,20260801073922_MT4-AP1-26-56,30,56,0,0,C690/6,AA7445,0,27
2026-08-01T23:44:33.652Z,deep_scan,20260801073922_MT4-AP1-26-56,30,56,0,8,T343,AA7406,0,32
2026-08-01T23:44:33.652Z,deep_scan,20260801073922_MT4-AP1-26-56,30,56,0,15,M61/2,AA7402,0,43
2026-08-01T23:44:33.652Z,deep_scan,20260801073922_MT4-AP1-26-56,30,56,0,24,C690/6,AB6470,1,0
2026-08-01T23:45:04.251Z,deep_scan,20260801073922_MT4-AP1-26-56,30,56,0,1,C689/2,AA7445,1,27
2026-08-01T23:45:04.251Z,deep_scan,20260801073922_MT4-AP1-26-56,30,56,0,8,T343,AA7406,0,12
2026-08-01T23:45:04.251Z,deep_scan,20260801073922_MT4-AP1-26-56,30,56,0,15,M61/2,AA7402,0,45
2026-08-01T23:45:04.251Z,deep_scan,20260801073922_MT4-AP1-26-56,30,56,0,24,C690/6,AB6470,1,0
2026-08-01T23:45:33.686Z,deep_scan,20260801073922_MT4-AP1-26-56,30,56,0,1,C689/2,AA7445,1,27
2026-08-01T23:45:33.686Z,deep_scan,20260801073922_MT4-AP1-26-56,30,56,0,8,T343,AA7406,0,11
2026-08-01T23:45:33.686Z,deep_scan,20260801073922_MT4-AP1-26-56,30,56,0,15,M61/2,AA7402,0,43
2026-08-01T23:45:33.686Z,deep_scan,20260801073922_MT4-AP1-26-56,30,56,0,24,C690/6,AB6470,1,0
2026-08-01T23:46:03.692Z,deep_scan,20260801073922_MT4-AP1-26-56,30,56,0,1,C689/2,AA7445,0,27
2026-08-01T23:46:03.692Z,deep_scan,20260801073922_MT4-AP1-26-56,30,56,0,8,T343,AA7406,0,45
2026-08-01T23:46:03.692Z,deep_scan,20260801073922_MT4-AP1-26-56,30,56,0,15,M61/2,AA7402,0,48
2026-08-01T23:46:03.692Z,deep_scan,20260801073922_MT4-AP1-26-56,30,56,0,24,C690/6,AB6470,1,0
2026-08-01T23:46:33.714Z,deep_scan,20260801073922_MT4-AP1-26-56,30,56,0,1,C689/2,AA7445,0,22
2026-08-01T23:46:33.714Z,deep_scan,20260801073922_MT4-AP1-26-56,30,56,0,8,T343,AA7406,0,48
2026-08-01T23:46:33.714Z,deep_scan,20260801073922_MT4-AP1-26-56,30,56,0,15,M61/2,AA7402,0,49
2026-08-01T23:46:33.714Z,deep_scan,20260801073922_MT4-AP1-26-56,30,56,0,24,C690/6,AB6470,1,0
2026-08-01T23:47:03.753Z,deep_scan,20260801073922_MT4-AP1-26-56,30,56,0,1,C689/2,AA7445,0,46
2026-08-01T23:47:03.753Z,deep_scan,20260801073922_MT4-AP1-26-56,30,56,0,8,T343,AA7406,0,47
2026-08-01T23:47:03.753Z,deep_scan,20260801073922_MT4-AP1-26-56,30,56,0,15,M61/2,AA7402,0,44
2026-08-01T23:47:03.753Z,deep_scan,20260801073922_MT4-AP1-26-56,30,56,0,24,C690/6,AB6470,1,0
2026-08-01T23:47:33.683Z,deep_scan,20260801073922_MT4-AP1-26-56,30,56,0,1,C689/2,AA7445,0,35
2026-08-01T23:47:33.683Z,deep_scan,20260801073922_MT4-AP1-26-56,30,56,0,8,T343,AA7406,0,50
2026-08-01T23:47:33.683Z,deep_scan,20260801073922_MT4-AP1-26-56,30,56,0,15,M61/2,AA7402,0,48
2026-08-01T23:47:33.683Z,deep_scan,20260801073922_MT4-AP1-26-56,30,56,0,24,C690/6,AB6470,1,0
2026-08-01T23:48:03.687Z,deep_scan,20260801073922_MT4-AP1-26-56,30,56,0,2,T360,AA7445,1,34
2026-08-01T23:48:03.687Z,deep_scan,20260801073922_MT4-AP1-26-56,30,56,0,8,T343,AA7406,0,48
2026-08-01T23:48:03.687Z,deep_scan,20260801073922_MT4-AP1-26-56,30,56,0,15,M61/2,AA7402,0,48
2026-08-01T23:48:33.676Z,deep_scan,20260801073922_MT4-AP1-26-56,30,56,0,2,T360,AA7445,0,7
2026-08-01T23:48:33.676Z,deep_scan,20260801073922_MT4-AP1-26-56,30,56,0,8,T343,AA7406,0,45
2026-08-01T23:48:33.676Z,deep_scan,20260801073922_MT4-AP1-26-56,30,56,0,15,M61/2,AA7402,0,47
2026-08-01T23:49:03.719Z,deep_scan,20260801073922_MT4-AP1-26-56,30,56,0,2,T360,AA7445,0,36
2026-08-01T23:49:03.719Z,deep_scan,20260801073922_MT4-AP1-26-56,30,56,0,8,T343,AA7406,0,43
2026-08-01T23:49:03.719Z,deep_scan,20260801073922_MT4-AP1-26-56,30,56,0,15,M61/2,AA7402,0,46
2026-08-01T23:49:33.715Z,deep_scan,20260801073922_MT4-AP1-26-56,30,56,0,3,T376/2,AA7445,1,27
2026-08-01T23:49:33.715Z,deep_scan,20260801073922_MT4-AP1-26-56,30,56,0,8,T343,AA7406,0,48
2026-08-01T23:49:33.715Z,deep_scan,20260801073922_MT4-AP1-26-56,30,56,0,15,M61/2,AA7402,0,37
2026-08-01T23:50:03.703Z,deep_scan,20260801073922_MT4-AP1-26-56,30,56,0,3,T376/2,AA7445,0,37
2026-08-01T23:50:03.703Z,deep_scan,20260801073922_MT4-AP1-26-56,30,56,0,8,T343,AA7406,0,50
2026-08-01T23:50:03.703Z,deep_scan,20260801073922_MT4-AP1-26-56,30,56,0,15,M61/2,AA7402,0,44
2026-08-01T23:50:33.706Z,deep_scan,20260801073922_MT4-AP1-26-56,30,56,0,3,T376/2,AA7445,0,15
2026-08-01T23:50:33.706Z,deep_scan,20260801073922_MT4-AP1-26-56,30,56,0,8,T343,AA7406,0,45
2026-08-01T23:50:33.706Z,deep_scan,20260801073922_MT4-AP1-26-56,30,56,0,16,T342,AA7402,1,22
2026-08-01T23:51:03.697Z,deep_scan,20260801073922_MT4-AP1-26-56,30,56,0,4,T363/2,AA7445,1,34
2026-08-01T23:51:03.697Z,deep_scan,20260801073922_MT4-AP1-26-56,30,56,0,8,T343,AA7406,0,46
2026-08-01T23:51:03.697Z,deep_scan,20260801073922_MT4-AP1-26-56,30,56,0,16,T342,AA7402,0,48
2026-08-01T23:51:33.694Z,deep_scan,20260801073922_MT4-AP1-26-56,30,56,0,4,T363/2,AA7445,0,8
2026-08-01T23:51:33.694Z,deep_scan,20260801073922_MT4-AP1-26-56,30,56,0,8,T343,AA7406,0,46
2026-08-01T23:51:33.694Z,deep_scan,20260801073922_MT4-AP1-26-56,30,56,0,16,T342,AA7402,0,6
2026-08-01T23:52:03.784Z,deep_scan,20260801073922_MT4-AP1-26-56,30,56,0,4,T363/2,AA7445,0,32
2026-08-01T23:52:03.784Z,deep_scan,20260801073922_MT4-AP1-26-56,30,56,0,8,T343,AA7406,0,42
2026-08-01T23:52:03.784Z,deep_scan,20260801073922_MT4-AP1-26-56,30,56,0,17,T409,AA7402,0,8
2026-08-01T23:52:33.710Z,deep_scan,20260801073922_MT4-AP1-26-56,30,56,0,5,T306,AA7445,1,20
2026-08-01T23:52:33.710Z,deep_scan,20260801073922_MT4-AP1-26-56,30,56,0,8,T343,AA7406,0,34
2026-08-01T23:52:33.710Z,deep_scan,20260801073922_MT4-AP1-26-56,30,56,0,17,T409,AA7402,0,24
2026-08-01T23:53:03.729Z,deep_scan,20260801073922_MT4-AP1-26-56,30,56,0,5,T306,AA7445,0,50
2026-08-01T23:53:03.729Z,deep_scan,20260801073922_MT4-AP1-26-56,30,56,0,9,M239/1,AA7406,0,2
2026-08-01T23:53:03.729Z,deep_scan,20260801073922_MT4-AP1-26-56,30,56,0,18,T313,AA7402,1,16
2026-08-01T23:53:33.761Z,deep_scan,20260801073922_MT4-AP1-26-56,30,56,0,6,T314/2,AA7445,1,31
2026-08-01T23:53:33.761Z,deep_scan,20260801073922_MT4-AP1-26-56,30,56,0,10,M254,AA7406,1,43
2026-08-01T23:53:33.761Z,deep_scan,20260801073922_MT4-AP1-26-56,30,56,0,18,T313,AA7402,0,36
2026-08-01T23:54:03.723Z,deep_scan,20260801073922_MT4-AP1-26-56,30,56,0,6,T314/2,AA7445,0,22
2026-08-01T23:54:03.723Z,deep_scan,20260801073922_MT4-AP1-26-56,30,56,0,10,M254,AA7406,0,23
2026-08-01T23:54:03.723Z,deep_scan,20260801073922_MT4-AP1-26-56,30,56,0,19,T315,AA7402,0,38
2026-08-01T23:54:33.737Z,deep_scan,20260801073922_MT4-AP1-26-56,30,56,0,6,T314/2,AA7445,0,35
2026-08-01T23:54:33.737Z,deep_scan,20260801073922_MT4-AP1-26-56,30,56,0,10,M254,AA7406,0,17
2026-08-01T23:54:33.737Z,deep_scan,20260801073922_MT4-AP1-26-56,30,56,0,19,T315,AA7402,0,27
2026-08-01T23:55:03.728Z,deep_scan,20260801073922_MT4-AP1-26-56,30,56,0,7,T408/6,AA7445,1,22
2026-08-01T23:55:03.728Z,deep_scan,20260801073922_MT4-AP1-26-56,30,56,0,10,M254,AA7406,0,4
2026-08-01T23:55:03.728Z,deep_scan,20260801073922_MT4-AP1-26-56,30,56,0,20,T375,AA7402,1,22
2026-08-01T23:55:33.731Z,deep_scan,20260801073922_MT4-AP1-26-56,30,56,0,7,T408/6,AA7445,0,22
2026-08-01T23:55:33.731Z,deep_scan,20260801073922_MT4-AP1-26-56,30,56,0,11,M117,AA7406,1,35
2026-08-01T23:55:33.731Z,deep_scan,20260801073922_MT4-AP1-26-56,30,56,0,20,T375,AA7402,0,39
2026-08-01T23:56:03.742Z,deep_scan,20260801073922_MT4-AP1-26-56,30,56,0,7,T408/6,AA7445,0,23
2026-08-01T23:56:03.742Z,deep_scan,20260801073922_MT4-AP1-26-56,30,56,0,11,M117,AA7406,0,43
2026-08-01T23:56:03.742Z,deep_scan,20260801073922_MT4-AP1-26-56,30,56,0,21,T380,AA7402,1,1
2026-08-01T23:56:33.765Z,deep_scan,20260801073922_MT4-AP1-26-56,30,56,0,1,C689/2,AA2784,1,2
2026-08-01T23:56:33.765Z,deep_scan,20260801073922_MT4-AP1-26-56,30,56,0,7,T408/6,AA7445,0,13
2026-08-01T23:56:33.765Z,deep_scan,20260801073922_MT4-AP1-26-56,30,56,0,12,M155,AA7406,0,36
2026-08-01T23:56:33.765Z,deep_scan,20260801073922_MT4-AP1-26-56,30,56,0,22,T379,AA7402,1,47
2026-08-01T23:57:03.729Z,deep_scan,20260801073922_MT4-AP1-26-56,30,56,0,1,C689/2,AA2784,1,2
2026-08-01T23:57:03.729Z,deep_scan,20260801073922_MT4-AP1-26-56,30,56,0,8,T343,AA7445,1,3
2026-08-01T23:57:03.729Z,deep_scan,20260801073922_MT4-AP1-26-56,30,56,0,12,M155,AA7406,0,36
2026-08-01T23:57:03.729Z,deep_scan,20260801073922_MT4-AP1-26-56,30,56,0,22,T379,AA7402,0,45
2026-08-01T23:57:33.778Z,deep_scan,20260801073922_MT4-AP1-26-56,30,56,0,1,C689/2,AA2784,1,2
2026-08-01T23:57:33.778Z,deep_scan,20260801073922_MT4-AP1-26-56,30,56,0,8,T343,AA7445,0,44
2026-08-01T23:57:33.778Z,deep_scan,20260801073922_MT4-AP1-26-56,30,56,0,12,M155,AA7406,0,48
2026-08-01T23:57:33.778Z,deep_scan,20260801073922_MT4-AP1-26-56,30,56,0,22,T379,AA7402,0,34
2026-08-01T23:58:03.786Z,deep_scan,20260801073922_MT4-AP1-26-56,30,56,0,1,C689/2,AA2784,1,2
2026-08-01T23:58:03.786Z,deep_scan,20260801073922_MT4-AP1-26-56,30,56,0,8,T343,AA7445,0,34
2026-08-01T23:58:03.786Z,deep_scan,20260801073922_MT4-AP1-26-56,30,56,0,12,M155,AA7406,0,34
2026-08-01T23:58:03.786Z,deep_scan,20260801073922_MT4-AP1-26-56,30,56,0,22,T379,AA7402,0,37
2026-08-01T23:58:34.099Z,deep_scan,20260801073922_MT4-AP1-26-56,30,56,0,1,C689/2,AA2784,1,2
2026-08-01T23:58:34.099Z,deep_scan,20260801073922_MT4-AP1-26-56,30,56,0,8,T343,AA7445,0,41
2026-08-01T23:58:34.099Z,deep_scan,20260801073922_MT4-AP1-26-56,30,56,0,12,M155,AA7406,0,32
2026-08-01T23:58:34.099Z,deep_scan,20260801073922_MT4-AP1-26-56,30,56,0,22,T379,AA7402,0,42
2026-08-01T23:59:03.797Z,deep_scan,20260801073922_MT4-AP1-26-56,30,56,0,1,C689/2,AA2784,0,2
2026-08-01T23:59:03.797Z,deep_scan,20260801073922_MT4-AP1-26-56,30,56,0,8,T343,AA7445,0,46
2026-08-01T23:59:03.797Z,deep_scan,20260801073922_MT4-AP1-26-56,30,56,0,12,M155,AA7406,0,18
2026-08-01T23:59:03.797Z,deep_scan,20260801073922_MT4-AP1-26-56,30,56,0,22,T379,AA7402,0,14
2026-08-01T23:59:33.751Z,deep_scan,20260801073922_MT4-AP1-26-56,30,56,0,1,C689/2,AA2784,0,24
2026-08-01T23:59:33.751Z,deep_scan,20260801073922_MT4-AP1-26-56,30,56,0,8,T343,AA7445,0,47
2026-08-01T23:59:33.751Z,deep_scan,20260801073922_MT4-AP1-26-56,30,56,0,13,M92,AA7406,1,20
2026-08-01T23:59:33.751Z,deep_scan,20260801073922_MT4-AP1-26-56,30,56,0,23,C688/2,AA7402,1,2
2026-08-02T00:00:03.778Z,deep_scan,20260801073922_MT4-AP1-26-56,30,56,0,1,C689/2,AA2784,0,47
2026-08-02T00:00:03.778Z,deep_scan,20260801073922_MT4-AP1-26-56,30,56,0,8,T343,AA7445,0,17
2026-08-02T00:00:03.778Z,deep_scan,20260801073922_MT4-AP1-26-56,30,56,0,13,M92,AA7406,1,20
2026-08-02T00:00:03.778Z,deep_scan,20260801073922_MT4-AP1-26-56,30,56,0,23,C688/2,AA7402,0,2
2026-08-02T00:00:33.762Z,deep_scan,20260801073922_MT4-AP1-26-56,30,56,0,1,C689/2,AA2784,0,34
2026-08-02T00:00:33.762Z,deep_scan,20260801073922_MT4-AP1-26-56,30,56,0,8,T343,AA7445,0,17
2026-08-02T00:00:33.762Z,deep_scan,20260801073922_MT4-AP1-26-56,30,56,0,13,M92,AA7406,0,28
2026-08-02T00:00:33.762Z,deep_scan,20260801073922_MT4-AP1-26-56,30,56,0,23,C688/2,AA7402,0,2
2026-08-02T00:01:03.772Z,deep_scan,20260801073922_MT4-AP1-26-56,30,56,0,2,T360,AA2784,1,34
2026-08-02T00:01:03.772Z,deep_scan,20260801073922_MT4-AP1-26-56,30,56,0,8,T343,AA7445,0,39
2026-08-02T00:01:03.772Z,deep_scan,20260801073922_MT4-AP1-26-56,30,56,0,13,M92,AA7406,0,28
2026-08-02T00:01:03.772Z,deep_scan,20260801073922_MT4-AP1-26-56,30,56,0,24,C690/6,AA7402,1,0
2026-08-02T00:01:33.805Z,deep_scan,20260801073922_MT4-AP1-26-56,30,56,0,2,T360,AA2784,0,41
2026-08-02T00:01:33.805Z,deep_scan,20260801073922_MT4-AP1-26-56,30,56,0,8,T343,AA7445,0,38
2026-08-02T00:01:33.805Z,deep_scan,20260801073922_MT4-AP1-26-56,30,56,0,14,M272,AA7406,1,15
2026-08-02T00:01:33.805Z,deep_scan,20260801073922_MT4-AP1-26-56,30,56,0,24,C690/6,AA7402,1,0
2026-08-02T00:02:03.772Z,deep_scan,20260801073922_MT4-AP1-26-56,30,56,0,2,T360,AA2784,0,41
2026-08-02T00:02:03.772Z,deep_scan,20260801073922_MT4-AP1-26-56,30,56,0,8,T343,AA7445,0,48
2026-08-02T00:02:03.772Z,deep_scan,20260801073922_MT4-AP1-26-56,30,56,0,14,M272,AA7406,0,15
2026-08-02T00:02:03.772Z,deep_scan,20260801073922_MT4-AP1-26-56,30,56,0,24,C690/6,AA7402,1,0
2026-08-02T00:02:33.743Z,deep_scan,20260801073922_MT4-AP1-26-56,30,56,0,2,T360,AA2784,0,41
2026-08-02T00:02:33.743Z,deep_scan,20260801073922_MT4-AP1-26-56,30,56,0,8,T343,AA7445,0,44
2026-08-02T00:02:33.743Z,deep_scan,20260801073922_MT4-AP1-26-56,30,56,0,14,M272,AA7406,0,2
2026-08-02T00:02:33.743Z,deep_scan,20260801073922_MT4-AP1-26-56,30,56,0,24,C690/6,AA7402,1,0
2026-08-02T00:03:03.794Z,deep_scan,20260801073922_MT4-AP1-26-56,30,56,0,2,T360,AA2784,0,29
2026-08-02T00:03:03.794Z,deep_scan,20260801073922_MT4-AP1-26-56,30,56,0,8,T343,AA7445,0,49
2026-08-02T00:03:03.794Z,deep_scan,20260801073922_MT4-AP1-26-56,30,56,0,14,M272,AA7406,0,43
2026-08-02T00:03:03.794Z,deep_scan,20260801073922_MT4-AP1-26-56,30,56,0,24,C690/6,AA7402,1,0
2026-08-02T00:03:33.809Z,deep_scan,20260801073922_MT4-AP1-26-56,30,56,0,3,T376/2,AA2784,0,32
2026-08-02T00:03:33.809Z,deep_scan,20260801073922_MT4-AP1-26-56,30,56,0,8,T343,AA7445,0,48
2026-08-02T00:03:33.809Z,deep_scan,20260801073922_MT4-AP1-26-56,30,56,0,14,M272,AA7406,0,12
2026-08-02T00:03:33.809Z,deep_scan,20260801073922_MT4-AP1-26-56,30,56,0,24,C690/6,AA7402,1,0
2026-08-02T00:04:03.775Z,deep_scan,20260801073922_MT4-AP1-26-56,30,56,0,3,T376/2,AA2784,0,42
2026-08-02T00:04:03.775Z,deep_scan,20260801073922_MT4-AP1-26-56,30,56,0,8,T343,AA7445,0,43
2026-08-02T00:04:03.775Z,deep_scan,20260801073922_MT4-AP1-26-56,30,56,0,14,M272,AA7406,0,23
2026-08-02T00:04:03.775Z,deep_scan,20260801073922_MT4-AP1-26-56,30,56,0,24,C690/6,AA7402,1,0
2026-08-02T00:04:33.791Z,deep_scan,20260801073922_MT4-AP1-26-56,30,56,0,3,T376/2,AA2784,0,25
2026-08-02T00:04:33.791Z,deep_scan,20260801073922_MT4-AP1-26-56,30,56,0,8,T343,AA7445,0,46
2026-08-02T00:04:33.791Z,deep_scan,20260801073922_MT4-AP1-26-56,30,56,0,15,M61/2,AA7406,0,33
2026-08-02T00:04:33.791Z,deep_scan,20260801073922_MT4-AP1-26-56,30,56,0,24,C690/6,AA7402,1,0
2026-08-02T00:05:03.816Z,deep_scan,20260801073922_MT4-AP1-26-56,30,56,0,4,T363/2,AA2784,1,2
2026-08-02T00:05:03.816Z,deep_scan,20260801073922_MT4-AP1-26-56,30,56,0,8,T343,AA7445,0,45
2026-08-02T00:05:03.816Z,deep_scan,20260801073922_MT4-AP1-26-56,30,56,0,15,M61/2,AA7406,0,33
2026-08-02T00:05:03.816Z,deep_scan,20260801073922_MT4-AP1-26-56,30,56,0,24,C690/6,AA7402,1,0
2026-08-02T00:05:33.852Z,deep_scan,20260801073922_MT4-AP1-26-56,30,56,0,4,T363/2,AA2784,0,6
2026-08-02T00:05:33.852Z,deep_scan,20260801073922_MT4-AP1-26-56,30,56,0,8,T343,AA7445,0,45
2026-08-02T00:05:33.852Z,deep_scan,20260801073922_MT4-AP1-26-56,30,56,0,15,M61/2,AA7406,0,26
2026-08-02T00:06:03.820Z,deep_scan,20260801073922_MT4-AP1-26-56,30,56,0,4,T363/2,AA2784,0,32
2026-08-02T00:06:03.820Z,deep_scan,20260801073922_MT4-AP1-26-56,30,56,0,8,T343,AA7445,0,45
2026-08-02T00:06:03.820Z,deep_scan,20260801073922_MT4-AP1-26-56,30,56,0,15,M61/2,AA7406,0,19
2026-08-02T00:06:33.784Z,deep_scan,20260801073922_MT4-AP1-26-56,30,56,0,5,T306,AA2784,0,44
2026-08-02T00:06:33.784Z,deep_scan,20260801073922_MT4-AP1-26-56,30,56,0,8,T343,AA7445,0,48
2026-08-02T00:06:33.784Z,deep_scan,20260801073922_MT4-AP1-26-56,30,56,0,15,M61/2,AA7406,0,31
2026-08-02T00:07:03.814Z,deep_scan,20260801073922_MT4-AP1-26-56,30,56,0,5,T306,AA2784,0,48
2026-08-02T00:07:03.814Z,deep_scan,20260801073922_MT4-AP1-26-56,30,56,0,8,T343,AA7445,0,48
2026-08-02T00:07:03.814Z,deep_scan,20260801073922_MT4-AP1-26-56,30,56,0,15,M61/2,AA7406,0,43
2026-08-02T00:07:34.826Z,deep_scan,20260801073922_MT4-AP1-26-56,30,56,0,6,T314/2,AA2784,1,43
2026-08-02T00:07:34.826Z,deep_scan,20260801073922_MT4-AP1-26-56,30,56,0,8,T343,AA7445,0,30
2026-08-02T00:07:34.826Z,deep_scan,20260801073922_MT4-AP1-26-56,30,56,0,15,M61/2,AA7406,0,36
2026-08-02T00:08:03.795Z,deep_scan,20260801073922_MT4-AP1-26-56,30,56,0,6,T314/2,AA2784,0,8
2026-08-02T00:08:03.795Z,deep_scan,20260801073922_MT4-AP1-26-56,30,56,0,9,M239/1,AA7445,1,31
2026-08-02T00:08:03.795Z,deep_scan,20260801073922_MT4-AP1-26-56,30,56,0,15,M61/2,AA7406,0,36
2026-08-02T00:08:33.795Z,deep_scan,20260801073922_MT4-AP1-26-56,30,56,0,6,T314/2,AA2784,0,17
2026-08-02T00:08:33.795Z,deep_scan,20260801073922_MT4-AP1-26-56,30,56,0,9,M239/1,AA7445,1,2
2026-08-02T00:08:33.795Z,deep_scan,20260801073922_MT4-AP1-26-56,30,56,0,15,M61/2,AA7406,0,44
2026-08-02T00:09:03.852Z,deep_scan,20260801073922_MT4-AP1-26-56,30,56,0,7,T408/6,AA2784,1,16
2026-08-02T00:09:03.852Z,deep_scan,20260801073922_MT4-AP1-26-56,30,56,0,9,M239/1,AA7445,0,50
2026-08-02T00:09:03.852Z,deep_scan,20260801073922_MT4-AP1-26-56,30,56,0,15,M61/2,AA7406,0,45
2026-08-02T00:09:33.802Z,deep_scan,20260801073922_MT4-AP1-26-56,30,56,0,7,T408/6,AA2784,0,16
2026-08-02T00:09:33.802Z,deep_scan,20260801073922_MT4-AP1-26-56,30,56,0,10,M254,AA7445,1,42
2026-08-02T00:09:33.802Z,deep_scan,20260801073922_MT4-AP1-26-56,30,56,0,15,M61/2,AA7406,0,43
2026-08-02T00:10:03.870Z,deep_scan,20260801073922_MT4-AP1-26-56,30,56,0,7,T408/6,AA2784,0,35
2026-08-02T00:10:03.870Z,deep_scan,20260801073922_MT4-AP1-26-56,30,56,0,10,M254,AA7445,0,19
2026-08-02T00:10:03.870Z,deep_scan,20260801073922_MT4-AP1-26-56,30,56,0,15,M61/2,AA7406,0,48
2026-08-02T00:10:33.813Z,deep_scan,20260801073922_MT4-AP1-26-56,30,56,0,7,T408/6,AA2784,0,19
2026-08-02T00:10:33.813Z,deep_scan,20260801073922_MT4-AP1-26-56,30,56,0,10,M254,AA7445,0,20
2026-08-02T00:10:33.813Z,deep_scan,20260801073922_MT4-AP1-26-56,30,56,0,15,M61/2,AA7406,0,50
2026-08-02T00:11:03.848Z,deep_scan,20260801073922_MT4-AP1-26-56,30,56,0,0,C690/6,AA7402,1,2
2026-08-02T00:11:03.848Z,deep_scan,20260801073922_MT4-AP1-26-56,30,56,0,8,T343,AA2784,1,31
2026-08-02T00:11:03.848Z,deep_scan,20260801073922_MT4-AP1-26-56,30,56,0,10,M254,AA7445,0,20
2026-08-02T00:11:03.848Z,deep_scan,20260801073922_MT4-AP1-26-56,30,56,0,15,M61/2,AA7406,0,44
2026-08-02T00:11:33.871Z,deep_scan,20260801073922_MT4-AP1-26-56,30,56,0,0,C690/6,AA7402,0,2
2026-08-02T00:11:33.871Z,deep_scan,20260801073922_MT4-AP1-26-56,30,56,0,8,T343,AA2784,0,34
2026-08-02T00:11:33.871Z,deep_scan,20260801073922_MT4-AP1-26-56,30,56,0,11,M117,AA7445,1,5
2026-08-02T00:11:33.871Z,deep_scan,20260801073922_MT4-AP1-26-56,30,56,0,15,M61/2,AA7406,0,50
2026-08-02T00:12:03.840Z,deep_scan,20260801073922_MT4-AP1-26-56,30,56,0,0,C690/6,AA7402,0,2
2026-08-02T00:12:03.840Z,deep_scan,20260801073922_MT4-AP1-26-56,30,56,0,8,T343,AA2784,0,42
2026-08-02T00:12:03.840Z,deep_scan,20260801073922_MT4-AP1-26-56,30,56,0,11,M117,AA7445,1,5
2026-08-02T00:12:03.840Z,deep_scan,20260801073922_MT4-AP1-26-56,30,56,0,15,M61/2,AA7406,0,48
2026-08-02T00:12:33.809Z,deep_scan,20260801073922_MT4-AP1-26-56,30,56,0,0,C690/6,AA7402,0,2
2026-08-02T00:12:33.809Z,deep_scan,20260801073922_MT4-AP1-26-56,30,56,0,8,T343,AA2784,0,28
2026-08-02T00:12:33.809Z,deep_scan,20260801073922_MT4-AP1-26-56,30,56,0,11,M117,AA7445,1,13
2026-08-02T00:12:33.809Z,deep_scan,20260801073922_MT4-AP1-26-56,30,56,0,15,M61/2,AA7406,0,47
2026-08-02T00:13:03.862Z,deep_scan,20260801073922_MT4-AP1-26-56,30,56,0,0,C690/6,AA7402,0,2
2026-08-02T00:13:03.862Z,deep_scan,20260801073922_MT4-AP1-26-56,30,56,0,8,T343,AA2784,0,43
2026-08-02T00:13:03.862Z,deep_scan,20260801073922_MT4-AP1-26-56,30,56,0,12,M155,AA7445,1,18
2026-08-02T00:13:03.862Z,deep_scan,20260801073922_MT4-AP1-26-56,30,56,0,15,M61/2,AA7406,0,48
2026-08-02T00:13:33.826Z,deep_scan,20260801073922_MT4-AP1-26-56,30,56,0,1,C689/2,AA7402,1,2
2026-08-02T00:13:33.826Z,deep_scan,20260801073922_MT4-AP1-26-56,30,56,0,8,T343,AA2784,0,47
2026-08-02T00:13:33.826Z,deep_scan,20260801073922_MT4-AP1-26-56,30,56,0,12,M155,AA7445,1,19
2026-08-02T00:13:33.826Z,deep_scan,20260801073922_MT4-AP1-26-56,30,56,0,15,M61/2,AA7406,0,47
2026-08-02T00:14:03.859Z,deep_scan,20260801073922_MT4-AP1-26-56,30,56,0,1,C689/2,AA7402,1,2
2026-08-02T00:14:03.859Z,deep_scan,20260801073922_MT4-AP1-26-56,30,56,0,8,T343,AA2784,0,9
2026-08-02T00:14:03.859Z,deep_scan,20260801073922_MT4-AP1-26-56,30,56,0,12,M155,AA7445,0,37
2026-08-02T00:14:03.859Z,deep_scan,20260801073922_MT4-AP1-26-56,30,56,0,15,M61/2,AA7406,0,14
2026-08-02T00:14:33.836Z,deep_scan,20260801073922_MT4-AP1-26-56,30,56,0,1,C689/2,AA7402,0,24
2026-08-02T00:14:33.836Z,deep_scan,20260801073922_MT4-AP1-26-56,30,56,0,8,T343,AA2784,0,9
2026-08-02T00:14:33.836Z,deep_scan,20260801073922_MT4-AP1-26-56,30,56,0,12,M155,AA7445,0,41
2026-08-02T00:14:33.836Z,deep_scan,20260801073922_MT4-AP1-26-56,30,56,0,16,T342,AA7406,1,20
2026-08-02T00:15:03.845Z,deep_scan,20260801073922_MT4-AP1-26-56,30,56,0,1,C689/2,AA7402,0,24
2026-08-02T00:15:03.845Z,deep_scan,20260801073922_MT4-AP1-26-56,30,56,0,8,T343,AA2784,0,35
2026-08-02T00:15:03.845Z,deep_scan,20260801073922_MT4-AP1-26-56,30,56,0,12,M155,AA7445,0,30
2026-08-02T00:15:03.845Z,deep_scan,20260801073922_MT4-AP1-26-56,30,56,0,16,T342,AA7406,0,44
2026-08-02T00:15:33.892Z,deep_scan,20260801073922_MT4-AP1-26-56,30,56,0,1,C689/2,AA7402,0,35
2026-08-02T00:15:33.892Z,deep_scan,20260801073922_MT4-AP1-26-56,30,56,0,8,T343,AA2784,0,32
2026-08-02T00:15:33.892Z,deep_scan,20260801073922_MT4-AP1-26-56,30,56,0,12,M155,AA7445,0,34
2026-08-02T00:15:33.892Z,deep_scan,20260801073922_MT4-AP1-26-56,30,56,0,16,T342,AA7406,0,8
2026-08-02T00:16:03.863Z,deep_scan,20260801073922_MT4-AP1-26-56,30,56,0,1,C689/2,AA7402,0,20
2026-08-02T00:16:03.863Z,deep_scan,20260801073922_MT4-AP1-26-56,30,56,0,8,T343,AA2784,0,45
2026-08-02T00:16:03.863Z,deep_scan,20260801073922_MT4-AP1-26-56,30,56,0,12,M155,AA7445,0,1
2026-08-02T00:16:03.863Z,deep_scan,20260801073922_MT4-AP1-26-56,30,56,0,17,T409,AA7406,1,3
2026-08-02T00:16:33.891Z,deep_scan,20260801073922_MT4-AP1-26-56,30,56,0,2,T360,AA7402,0,39
2026-08-02T00:16:33.891Z,deep_scan,20260801073922_MT4-AP1-26-56,30,56,0,8,T343,AA2784,0,47
2026-08-02T00:16:33.891Z,deep_scan,20260801073922_MT4-AP1-26-56,30,56,0,12,M155,AA7445,0,1
2026-08-02T00:16:33.891Z,deep_scan,20260801073922_MT4-AP1-26-56,30,56,0,17,T409,AA7406,1,5
2026-08-02T00:17:03.898Z,deep_scan,20260801073922_MT4-AP1-26-56,30,56,0,3,T376/2,AA7402,1,34
2026-08-02T00:17:03.898Z,deep_scan,20260801073922_MT4-AP1-26-56,30,56,0,8,T343,AA2784,0,46
2026-08-02T00:17:03.898Z,deep_scan,20260801073922_MT4-AP1-26-56,30,56,0,12,M155,AA7445,0,44
2026-08-02T00:17:03.898Z,deep_scan,20260801073922_MT4-AP1-26-56,30,56,0,17,T409,AA7406,0,28
2026-08-02T00:17:33.899Z,deep_scan,20260801073922_MT4-AP1-26-56,30,56,0,3,T376/2,AA7402,1,12
2026-08-02T00:17:33.899Z,deep_scan,20260801073922_MT4-AP1-26-56,30,56,0,8,T343,AA2784,0,48
2026-08-02T00:17:33.899Z,deep_scan,20260801073922_MT4-AP1-26-56,30,56,0,13,M92,AA7445,0,3
2026-08-02T00:17:33.899Z,deep_scan,20260801073922_MT4-AP1-26-56,30,56,0,18,T313,AA7406,1,20
2026-08-02T00:18:03.857Z,deep_scan,20260801073922_MT4-AP1-26-56,30,56,0,3,T376/2,AA7402,1,11
2026-08-02T00:18:03.857Z,deep_scan,20260801073922_MT4-AP1-26-56,30,56,0,8,T343,AA2784,0,45
2026-08-02T00:18:03.857Z,deep_scan,20260801073922_MT4-AP1-26-56,30,56,0,13,M92,AA7445,0,1
2026-08-02T00:18:03.857Z,deep_scan,20260801073922_MT4-AP1-26-56,30,56,0,19,T315,AA7406,1,41
2026-08-02T00:18:33.896Z,deep_scan,20260801073922_MT4-AP1-26-56,30,56,0,3,T376/2,AA7402,0,20
2026-08-02T00:18:33.896Z,deep_scan,20260801073922_MT4-AP1-26-56,30,56,0,8,T343,AA2784,0,43
2026-08-02T00:18:33.896Z,deep_scan,20260801073922_MT4-AP1-26-56,30,56,0,13,M92,AA7445,0,5
2026-08-02T00:18:33.896Z,deep_scan,20260801073922_MT4-AP1-26-56,30,56,0,19,T315,AA7406,0,39
2026-08-02T00:19:03.869Z,deep_scan,20260801073922_MT4-AP1-26-56,30,56,0,4,T363/2,AA7402,1,24
2026-08-02T00:19:03.869Z,deep_scan,20260801073922_MT4-AP1-26-56,30,56,0,8,T343,AA2784,0,48
2026-08-02T00:19:03.869Z,deep_scan,20260801073922_MT4-AP1-26-56,30,56,0,13,M92,AA7445,0,5
2026-08-02T00:19:03.869Z,deep_scan,20260801073922_MT4-AP1-26-56,30,56,0,19,T315,AA7406,0,33
2026-08-02T00:19:33.826Z,deep_scan,20260801073922_MT4-AP1-26-56,30,56,0,0,C690/6,AA7359,1,29
2026-08-02T00:19:33.826Z,deep_scan,20260801073922_MT4-AP1-26-56,30,56,0,4,T363/2,AA7402,0,34
2026-08-02T00:19:33.826Z,deep_scan,20260801073922_MT4-AP1-26-56,30,56,0,8,T343,AA2784,0,49
2026-08-02T00:19:33.826Z,deep_scan,20260801073922_MT4-AP1-26-56,30,56,0,13,M92,AA7445,0,5
2026-08-02T00:19:33.826Z,deep_scan,20260801073922_MT4-AP1-26-56,30,56,0,20,T375,AA7406,1,24
2026-08-02T00:20:03.897Z,deep_scan,20260801073922_MT4-AP1-26-56,30,56,0,0,C690/6,AA7359,1,29
2026-08-02T00:20:03.897Z,deep_scan,20260801073922_MT4-AP1-26-56,30,56,0,4,T363/2,AA7402,0,31
2026-08-02T00:20:03.897Z,deep_scan,20260801073922_MT4-AP1-26-56,30,56,0,8,T343,AA2784,0,44
2026-08-02T00:20:03.897Z,deep_scan,20260801073922_MT4-AP1-26-56,30,56,0,13,M92,AA7445,0,5
2026-08-02T00:20:03.897Z,deep_scan,20260801073922_MT4-AP1-26-56,30,56,0,20,T375,AA7406,0,46
2026-08-02T00:20:33.927Z,deep_scan,20260801073922_MT4-AP1-26-56,30,56,0,0,C690/6,AA7359,1,29
2026-08-02T00:20:33.927Z,deep_scan,20260801073922_MT4-AP1-26-56,30,56,0,5,T306,AA7402,1,28
2026-08-02T00:20:33.927Z,deep_scan,20260801073922_MT4-AP1-26-56,30,56,0,8,T343,AA2784,0,46
2026-08-02T00:20:33.927Z,deep_scan,20260801073922_MT4-AP1-26-56,30,56,0,14,M272,AA7445,1,35
2026-08-02T00:20:33.927Z,deep_scan,20260801073922_MT4-AP1-26-56,30,56,0,21,T380,AA7406,0,11
2026-08-02T00:21:03.877Z,deep_scan,20260801073922_MT4-AP1-26-56,30,56,0,1,C689/2,AA7359,1,29
2026-08-02T00:21:03.877Z,deep_scan,20260801073922_MT4-AP1-26-56,30,56,0,5,T306,AA7402,0,48
2026-08-02T00:21:03.877Z,deep_scan,20260801073922_MT4-AP1-26-56,30,56,0,8,T343,AA2784,0,47
2026-08-02T00:21:03.877Z,deep_scan,20260801073922_MT4-AP1-26-56,30,56,0,14,M272,AA7445,1,35
2026-08-02T00:21:03.877Z,deep_scan,20260801073922_MT4-AP1-26-56,30,56,0,22,T379,AA7406,1,2
2026-08-02T00:21:33.928Z,deep_scan,20260801073922_MT4-AP1-26-56,30,56,0,1,C689/2,AA7359,1,29
2026-08-02T00:21:33.928Z,deep_scan,20260801073922_MT4-AP1-26-56,30,56,0,6,T314/2,AA7402,1,17
2026-08-02T00:21:33.928Z,deep_scan,20260801073922_MT4-AP1-26-56,30,56,0,8,T343,AA2784,0,42
2026-08-02T00:21:33.928Z,deep_scan,20260801073922_MT4-AP1-26-56,30,56,0,14,M272,AA7445,1,16
2026-08-02T00:21:33.928Z,deep_scan,20260801073922_MT4-AP1-26-56,30,56,0,22,T379,AA7406,0,42
2026-08-02T00:22:03.881Z,deep_scan,20260801073922_MT4-AP1-26-56,30,56,0,1,C689/2,AA7359,0,29
2026-08-02T00:22:03.881Z,deep_scan,20260801073922_MT4-AP1-26-56,30,56,0,6,T314/2,AA7402,0,6
2026-08-02T00:22:03.881Z,deep_scan,20260801073922_MT4-AP1-26-56,30,56,0,8,T343,AA2784,0,16
2026-08-02T00:22:03.881Z,deep_scan,20260801073922_MT4-AP1-26-56,30,56,0,14,M272,AA7445,1,19
2026-08-02T00:22:03.881Z,deep_scan,20260801073922_MT4-AP1-26-56,30,56,0,22,T379,AA7406,0,29
2026-08-02T00:22:33.893Z,deep_scan,20260801073922_MT4-AP1-26-56,30,56,0,1,C689/2,AA7359,0,29
2026-08-02T00:22:33.893Z,deep_scan,20260801073922_MT4-AP1-26-56,30,56,0,7,T408/6,AA7402,1,24
2026-08-02T00:22:33.893Z,deep_scan,20260801073922_MT4-AP1-26-56,30,56,0,9,M239/1,AA2784,1,34
2026-08-02T00:22:33.893Z,deep_scan,20260801073922_MT4-AP1-26-56,30,56,0,14,M272,AA7445,0,32
2026-08-02T00:22:33.893Z,deep_scan,20260801073922_MT4-AP1-26-56,30,56,0,22,T379,AA7406,0,34
2026-08-02T00:23:03.883Z,deep_scan,20260801073922_MT4-AP1-26-56,30,56,0,1,C689/2,AA7359,0,48
2026-08-02T00:23:03.883Z,deep_scan,20260801073922_MT4-AP1-26-56,30,56,0,7,T408/6,AA7402,1,24
2026-08-02T00:23:03.883Z,deep_scan,20260801073922_MT4-AP1-26-56,30,56,0,9,M239/1,AA2784,1,3
2026-08-02T00:23:03.883Z,deep_scan,20260801073922_MT4-AP1-26-56,30,56,0,14,M272,AA7445,0,26
2026-08-02T00:23:03.883Z,deep_scan,20260801073922_MT4-AP1-26-56,30,56,0,22,T379,AA7406,0,48
2026-08-02T00:23:33.924Z,deep_scan,20260801073922_MT4-AP1-26-56,30,56,0,1,C689/2,AA7359,0,46
2026-08-02T00:23:33.924Z,deep_scan,20260801073922_MT4-AP1-26-56,30,56,0,7,T408/6,AA7402,0,14
2026-08-02T00:23:33.924Z,deep_scan,20260801073922_MT4-AP1-26-56,30,56,0,9,M239/1,AA2784,0,47
2026-08-02T00:23:33.924Z,deep_scan,20260801073922_MT4-AP1-26-56,30,56,0,14,M272,AA7445,0,2
2026-08-02T00:23:33.924Z,deep_scan,20260801073922_MT4-AP1-26-56,30,56,0,22,T379,AA7406,0,16
2026-08-02T00:24:03.894Z,deep_scan,20260801073922_MT4-AP1-26-56,30,56,0,1,C689/2,AA7359,0,27
2026-08-02T00:24:03.894Z,deep_scan,20260801073922_MT4-AP1-26-56,30,56,0,7,T408/6,AA7402,0,14
2026-08-02T00:24:03.894Z,deep_scan,20260801073922_MT4-AP1-26-56,30,56,0,10,M254,AA2784,1,20
2026-08-02T00:24:03.894Z,deep_scan,20260801073922_MT4-AP1-26-56,30,56,0,14,M272,AA7445,0,2
2026-08-02T00:24:03.894Z,deep_scan,20260801073922_MT4-AP1-26-56,30,56,0,22,T379,AA7406,0,23
2026-08-02T00:24:33.913Z,deep_scan,20260801073922_MT4-AP1-26-56,30,56,0,2,T360,AA7359,1,17
2026-08-02T00:24:33.913Z,deep_scan,20260801073922_MT4-AP1-26-56,30,56,0,7,T408/6,AA7402,0,46
2026-08-02T00:24:33.913Z,deep_scan,20260801073922_MT4-AP1-26-56,30,56,0,10,M254,AA2784,0,19
2026-08-02T00:24:33.913Z,deep_scan,20260801073922_MT4-AP1-26-56,30,56,0,15,M61/2,AA7445,1,21
2026-08-02T00:24:33.913Z,deep_scan,20260801073922_MT4-AP1-26-56,30,56,0,23,C688/2,AA7406,1,2
2026-08-02T00:25:03.926Z,deep_scan,20260801073922_MT4-AP1-26-56,30,56,0,2,T360,AA7359,0,39
2026-08-02T00:25:03.926Z,deep_scan,20260801073922_MT4-AP1-26-56,30,56,0,8,T343,AA7402,1,7
2026-08-02T00:25:03.926Z,deep_scan,20260801073922_MT4-AP1-26-56,30,56,0,10,M254,AA2784,0,19
2026-08-02T00:25:03.926Z,deep_scan,20260801073922_MT4-AP1-26-56,30,56,0,15,M61/2,AA7445,1,4
2026-08-02T00:25:03.926Z,deep_scan,20260801073922_MT4-AP1-26-56,30,56,0,24,C690/6,AA7406,1,0
2026-08-02T00:25:33.998Z,deep_scan,20260801073922_MT4-AP1-26-56,30,56,0,2,T360,AA7359,0,39
2026-08-02T00:25:33.998Z,deep_scan,20260801073922_MT4-AP1-26-56,30,56,0,8,T343,AA7402,0,48
2026-08-02T00:25:33.998Z,deep_scan,20260801073922_MT4-AP1-26-56,30,56,0,10,M254,AA2784,0,3
2026-08-02T00:25:33.998Z,deep_scan,20260801073922_MT4-AP1-26-56,30,56,0,15,M61/2,AA7445,0,2
2026-08-02T00:25:33.998Z,deep_scan,20260801073922_MT4-AP1-26-56,30,56,0,24,C690/6,AA7406,1,0
2026-08-02T00:26:03.922Z,deep_scan,20260801073922_MT4-AP1-26-56,30,56,0,2,T360,AA7359,0,38
2026-08-02T00:26:03.922Z,deep_scan,20260801073922_MT4-AP1-26-56,30,56,0,8,T343,AA7402,0,37
2026-08-02T00:26:03.922Z,deep_scan,20260801073922_MT4-AP1-26-56,30,56,0,10,M254,AA2784,0,15
2026-08-02T00:26:03.922Z,deep_scan,20260801073922_MT4-AP1-26-56,30,56,0,15,M61/2,AA7445,0,2
2026-08-02T00:26:03.922Z,deep_scan,20260801073922_MT4-AP1-26-56,30,56,0,24,C690/6,AA7406,1,0
2026-08-02T00:26:33.919Z,deep_scan,20260801073922_MT4-AP1-26-56,30,56,0,3,T376/2,AA7359,0,17
2026-08-02T00:26:33.919Z,deep_scan,20260801073922_MT4-AP1-26-56,30,56,0,8,T343,AA7402,0,45
2026-08-02T00:26:33.919Z,deep_scan,20260801073922_MT4-AP1-26-56,30,56,0,11,M117,AA2784,1,30
2026-08-02T00:26:33.919Z,deep_scan,20260801073922_MT4-AP1-26-56,30,56,0,15,M61/2,AA7445,0,23
2026-08-02T00:26:33.919Z,deep_scan,20260801073922_MT4-AP1-26-56,30,56,0,24,C690/6,AA7406,1,0
2026-08-02T00:27:03.927Z,deep_scan,20260801073922_MT4-AP1-26-56,30,56,0,3,T376/2,AA7359,0,7
2026-08-02T00:27:03.927Z,deep_scan,20260801073922_MT4-AP1-26-56,30,56,0,8,T343,AA7402,0,45
2026-08-02T00:27:03.927Z,deep_scan,20260801073922_MT4-AP1-26-56,30,56,0,11,M117,AA2784,1,30
2026-08-02T00:27:03.927Z,deep_scan,20260801073922_MT4-AP1-26-56,30,56,0,15,M61/2,AA7445,0,7
2026-08-02T00:27:03.927Z,deep_scan,20260801073922_MT4-AP1-26-56,30,56,0,24,C690/6,AA7406,1,0
2026-08-02T00:27:33.959Z,deep_scan,20260801073922_MT4-AP1-26-56,30,56,0,3,T376/2,AA7359,0,42
2026-08-02T00:27:33.959Z,deep_scan,20260801073922_MT4-AP1-26-56,30,56,0,8,T343,AA7402,0,15
2026-08-02T00:27:33.959Z,deep_scan,20260801073922_MT4-AP1-26-56,30,56,0,11,M117,AA2784,0,29
2026-08-02T00:27:33.959Z,deep_scan,20260801073922_MT4-AP1-26-56,30,56,0,15,M61/2,AA7445,0,38
2026-08-02T00:27:33.959Z,deep_scan,20260801073922_MT4-AP1-26-56,30,56,0,24,C690/6,AA7406,1,0
2026-08-02T00:28:03.932Z,deep_scan,20260801073922_MT4-AP1-26-56,30,56,0,3,T376/2,AA7359,0,7
2026-08-02T00:28:03.932Z,deep_scan,20260801073922_MT4-AP1-26-56,30,56,0,8,T343,AA7402,0,33
2026-08-02T00:28:03.932Z,deep_scan,20260801073922_MT4-AP1-26-56,30,56,0,12,M155,AA2784,1,28
2026-08-02T00:28:03.932Z,deep_scan,20260801073922_MT4-AP1-26-56,30,56,0,15,M61/2,AA7445,0,37
2026-08-02T00:28:03.932Z,deep_scan,20260801073922_MT4-AP1-26-56,30,56,0,24,C690/6,AA7406,1,0
2026-08-02T00:28:33.965Z,deep_scan,20260801073922_MT4-AP1-26-56,30,56,0,3,T376/2,AA7359,0,35
2026-08-02T00:28:33.965Z,deep_scan,20260801073922_MT4-AP1-26-56,30,56,0,8,T343,AA7402,0,42
2026-08-02T00:28:33.965Z,deep_scan,20260801073922_MT4-AP1-26-56,30,56,0,12,M155,AA2784,0,27
2026-08-02T00:28:33.965Z,deep_scan,20260801073922_MT4-AP1-26-56,30,56,0,15,M61/2,AA7445,0,18
2026-08-02T00:28:33.965Z,deep_scan,20260801073922_MT4-AP1-26-56,30,56,0,24,C690/6,AA7406,1,0
2026-08-02T00:29:03.914Z,deep_scan,20260801073922_MT4-AP1-26-56,30,56,0,4,T363/2,AA7359,1,14
2026-08-02T00:29:03.914Z,deep_scan,20260801073922_MT4-AP1-26-56,30,56,0,8,T343,AA7402,0,44
2026-08-02T00:29:03.914Z,deep_scan,20260801073922_MT4-AP1-26-56,30,56,0,12,M155,AA2784,0,38
2026-08-02T00:29:03.914Z,deep_scan,20260801073922_MT4-AP1-26-56,30,56,0,15,M61/2,AA7445,0,49
2026-08-02T00:29:03.914Z,deep_scan,20260801073922_MT4-AP1-26-56,30,56,0,24,C690/6,AA7406,1,0
2026-08-02T00:29:33.931Z,deep_scan,20260801073922_MT4-AP1-26-56,30,56,0,4,T363/2,AA7359,0,12
2026-08-02T00:29:33.931Z,deep_scan,20260801073922_MT4-AP1-26-56,30,56,0,8,T343,AA7402,0,42
2026-08-02T00:29:33.931Z,deep_scan,20260801073922_MT4-AP1-26-56,30,56,0,12,M155,AA2784,0,44
2026-08-02T00:29:33.931Z,deep_scan,20260801073922_MT4-AP1-26-56,30,56,0,15,M61/2,AA7445,0,42
2026-08-02T00:30:03.961Z,deep_scan,20260801073922_MT4-AP1-26-56,30,56,0,4,T363/2,AA7359,0,29
2026-08-02T00:30:03.961Z,deep_scan,20260801073922_MT4-AP1-26-56,30,56,0,8,T343,AA7402,0,49
2026-08-02T00:30:03.961Z,deep_scan,20260801073922_MT4-AP1-26-56,30,56,0,12,M155,AA2784,0,33
2026-08-02T00:30:03.961Z,deep_scan,20260801073922_MT4-AP1-26-56,30,56,0,15,M61/2,AA7445,0,46
2026-08-02T00:30:33.939Z,deep_scan,20260801073922_MT4-AP1-26-56,30,56,0,5,T306,AA7359,0,29
2026-08-02T00:30:33.939Z,deep_scan,20260801073922_MT4-AP1-26-56,30,56,0,8,T343,AA7402,0,47
2026-08-02T00:30:33.939Z,deep_scan,20260801073922_MT4-AP1-26-56,30,56,0,12,M155,AA2784,0,26
2026-08-02T00:30:33.939Z,deep_scan,20260801073922_MT4-AP1-26-56,30,56,0,15,M61/2,AA7445,0,44
2026-08-02T00:31:03.937Z,deep_scan,20260801073922_MT4-AP1-26-56,30,56,0,5,T306,AA7359,0,30
2026-08-02T00:31:03.937Z,deep_scan,20260801073922_MT4-AP1-26-56,30,56,0,8,T343,AA7402,0,43
2026-08-02T00:31:03.937Z,deep_scan,20260801073922_MT4-AP1-26-56,30,56,0,12,M155,AA2784,0,2
2026-08-02T00:31:03.937Z,deep_scan,20260801073922_MT4-AP1-26-56,30,56,0,15,M61/2,AA7445,0,47
2026-08-02T00:31:33.974Z,deep_scan,20260801073922_MT4-AP1-26-56,30,56,0,6,T314/2,AA7359,1,13
2026-08-02T00:31:33.974Z,deep_scan,20260801073922_MT4-AP1-26-56,30,56,0,8,T343,AA7402,0,42
2026-08-02T00:31:33.974Z,deep_scan,20260801073922_MT4-AP1-26-56,30,56,0,12,M155,AA2784,0,7
2026-08-02T00:31:33.974Z,deep_scan,20260801073922_MT4-AP1-26-56,30,56,0,15,M61/2,AA7445,0,46
2026-08-02T00:32:03.948Z,deep_scan,20260801073922_MT4-AP1-26-56,30,56,0,6,T314/2,AA7359,0,26
2026-08-02T00:32:03.948Z,deep_scan,20260801073922_MT4-AP1-26-56,30,56,0,8,T343,AA7402,0,47
2026-08-02T00:32:03.948Z,deep_scan,20260801073922_MT4-AP1-26-56,30,56,0,12,M155,AA2784,0,7
2026-08-02T00:32:03.948Z,deep_scan,20260801073922_MT4-AP1-26-56,30,56,0,15,M61/2,AA7445,0,43
2026-08-02T00:32:33.958Z,deep_scan,20260801073922_MT4-AP1-26-56,30,56,0,7,T408/6,AA7359,1,15
2026-08-02T00:32:33.958Z,deep_scan,20260801073922_MT4-AP1-26-56,30,56,0,8,T343,AA7402,0,48
2026-08-02T00:32:33.958Z,deep_scan,20260801073922_MT4-AP1-26-56,30,56,0,12,M155,AA2784,0,7
2026-08-02T00:32:33.958Z,deep_scan,20260801073922_MT4-AP1-26-56,30,56,0,15,M61/2,AA7445,0,47
2026-08-02T00:33:03.954Z,deep_scan,20260801073922_MT4-AP1-26-56,30,56,0,7,T408/6,AA7359,1,1
2026-08-02T00:33:03.954Z,deep_scan,20260801073922_MT4-AP1-26-56,30,56,0,8,T343,AA7402,0,42
2026-08-02T00:33:03.954Z,deep_scan,20260801073922_MT4-AP1-26-56,30,56,0,13,M92,AA2784,0,17
2026-08-02T00:33:03.954Z,deep_scan,20260801073922_MT4-AP1-26-56,30,56,0,15,M61/2,AA7445,0,49
2026-08-02T00:33:33.948Z,deep_scan,20260801073922_MT4-AP1-26-56,30,56,0,7,T408/6,AA7359,0,13
2026-08-02T00:33:33.948Z,deep_scan,20260801073922_MT4-AP1-26-56,30,56,0,8,T343,AA7402,0,44
2026-08-02T00:33:33.948Z,deep_scan,20260801073922_MT4-AP1-26-56,30,56,0,13,M92,AA2784,0,17
2026-08-02T00:33:33.948Z,deep_scan,20260801073922_MT4-AP1-26-56,30,56,0,15,M61/2,AA7445,0,48
2026-08-02T00:34:03.983Z,deep_scan,20260801073922_MT4-AP1-26-56,30,56,0,7,T408/6,AA7359,0,30
2026-08-02T00:34:03.983Z,deep_scan,20260801073922_MT4-AP1-26-56,30,56,0,8,T343,AA7402,0,49
2026-08-02T00:34:03.983Z,deep_scan,20260801073922_MT4-AP1-26-56,30,56,0,13,M92,AA2784,0,3
2026-08-02T00:34:03.983Z,deep_scan,20260801073922_MT4-AP1-26-56,30,56,0,15,M61/2,AA7445,0,48
2026-08-02T00:34:33.949Z,deep_scan,20260801073922_MT4-AP1-26-56,30,56,0,8,T343,AA7402,0,43
2026-08-02T00:34:33.949Z,deep_scan,20260801073922_MT4-AP1-26-56,30,56,0,8,T343,AA7359,1,26
2026-08-02T00:34:33.949Z,deep_scan,20260801073922_MT4-AP1-26-56,30,56,0,13,M92,AA2784,0,2
2026-08-02T00:34:33.949Z,deep_scan,20260801073922_MT4-AP1-26-56,30,56,0,15,M61/2,AA7445,0,43
2026-08-02T00:35:04.020Z,deep_scan,20260801073922_MT4-AP1-26-56,30,56,0,8,T343,AA7402,0,34
2026-08-02T00:35:04.020Z,deep_scan,20260801073922_MT4-AP1-26-56,30,56,0,8,T343,AA7359,0,36
2026-08-02T00:35:04.020Z,deep_scan,20260801073922_MT4-AP1-26-56,30,56,0,14,M272,AA2784,1,3
2026-08-02T00:35:04.020Z,deep_scan,20260801073922_MT4-AP1-26-56,30,56,0,15,M61/2,AA7445,0,41
2026-08-02T00:35:33.959Z,deep_scan,20260801073922_MT4-AP1-26-56,30,56,0,8,T343,AA7359,0,37
2026-08-02T00:35:33.959Z,deep_scan,20260801073922_MT4-AP1-26-56,30,56,0,9,M239/1,AA7402,1,42
2026-08-02T00:35:33.959Z,deep_scan,20260801073922_MT4-AP1-26-56,30,56,0,14,M272,AA2784,1,7
2026-08-02T00:35:33.959Z,deep_scan,20260801073922_MT4-AP1-26-56,30,56,0,16,T342,AA7445,1,1
2026-08-02T00:36:03.991Z,deep_scan,20260801073922_MT4-AP1-26-56,30,56,0,8,T343,AA7359,0,28
2026-08-02T00:36:03.991Z,deep_scan,20260801073922_MT4-AP1-26-56,30,56,0,9,M239/1,AA7402,0,16
2026-08-02T00:36:03.991Z,deep_scan,20260801073922_MT4-AP1-26-56,30,56,0,14,M272,AA2784,0,30
2026-08-02T00:36:03.991Z,deep_scan,20260801073922_MT4-AP1-26-56,30,56,0,16,T342,AA7445,0,33
2026-08-02T00:36:33.961Z,deep_scan,20260801073922_MT4-AP1-26-56,30,56,0,8,T343,AA7359,0,42
2026-08-02T00:36:33.961Z,deep_scan,20260801073922_MT4-AP1-26-56,30,56,0,9,M239/1,AA7402,0,49
2026-08-02T00:36:33.961Z,deep_scan,20260801073922_MT4-AP1-26-56,30,56,0,14,M272,AA2784,0,30
2026-08-02T00:36:33.961Z,deep_scan,20260801073922_MT4-AP1-26-56,30,56,0,17,T409,AA7445,1,11
2026-08-02T00:37:03.950Z,deep_scan,20260801073922_MT4-AP1-26-56,30,56,0,1,C689/2,AA7406,1,2
2026-08-02T00:37:03.950Z,deep_scan,20260801073922_MT4-AP1-26-56,30,56,0,8,T343,AA7359,0,34
2026-08-02T00:37:03.950Z,deep_scan,20260801073922_MT4-AP1-26-56,30,56,0,10,M254,AA7402,1,11
2026-08-02T00:37:03.950Z,deep_scan,20260801073922_MT4-AP1-26-56,30,56,0,14,M272,AA2784,0,2
2026-08-02T00:37:03.950Z,deep_scan,20260801073922_MT4-AP1-26-56,30,56,0,17,T409,AA7445,0,25
2026-08-02T00:37:33.963Z,deep_scan,20260801073922_MT4-AP1-26-56,30,56,0,1,C689/2,AA7406,0,2
2026-08-02T00:37:33.963Z,deep_scan,20260801073922_MT4-AP1-26-56,30,56,0,8,T343,AA7359,0,37
2026-08-02T00:37:33.963Z,deep_scan,20260801073922_MT4-AP1-26-56,30,56,0,10,M254,AA7402,0,23
2026-08-02T00:37:33.963Z,deep_scan,20260801073922_MT4-AP1-26-56,30,56,0,14,M272,AA2784,0,11
2026-08-02T00:37:33.963Z,deep_scan,20260801073922_MT4-AP1-26-56,30,56,0,18,T313,AA7445,1,25
2026-08-02T00:38:03.974Z,deep_scan,20260801073922_MT4-AP1-26-56,30,56,0,1,C689/2,AA7406,0,2
2026-08-02T00:38:03.974Z,deep_scan,20260801073922_MT4-AP1-26-56,30,56,0,8,T343,AA7359,0,16
2026-08-02T00:38:03.974Z,deep_scan,20260801073922_MT4-AP1-26-56,30,56,0,10,M254,AA7402,0,27
2026-08-02T00:38:03.974Z,deep_scan,20260801073922_MT4-AP1-26-56,30,56,0,15,M61/2,AA2784,1,17
2026-08-02T00:38:03.974Z,deep_scan,20260801073922_MT4-AP1-26-56,30,56,0,18,T313,AA7445,0,35
2026-08-02T00:38:33.962Z,deep_scan,20260801073922_MT4-AP1-26-56,30,56,0,1,C689/2,AA7406,0,2
2026-08-02T00:38:33.962Z,deep_scan,20260801073922_MT4-AP1-26-56,30,56,0,8,T343,AA7359,0,38
2026-08-02T00:38:33.962Z,deep_scan,20260801073922_MT4-AP1-26-56,30,56,0,10,M254,AA7402,0,22
2026-08-02T00:38:33.962Z,deep_scan,20260801073922_MT4-AP1-26-56,30,56,0,15,M61/2,AA2784,1,23
2026-08-02T00:38:33.962Z,deep_scan,20260801073922_MT4-AP1-26-56,30,56,0,19,T315,AA7445,0,39
2026-08-02T00:39:03.963Z,deep_scan,20260801073922_MT4-AP1-26-56,30,56,0,1,C689/2,AA7406,0,2
2026-08-02T00:39:03.963Z,deep_scan,20260801073922_MT4-AP1-26-56,30,56,0,8,T343,AA7359,0,48
2026-08-02T00:39:03.963Z,deep_scan,20260801073922_MT4-AP1-26-56,30,56,0,10,M254,AA7402,0,22
2026-08-02T00:39:03.963Z,deep_scan,20260801073922_MT4-AP1-26-56,30,56,0,15,M61/2,AA2784,0,13
2026-08-02T00:39:03.963Z,deep_scan,20260801073922_MT4-AP1-26-56,30,56,0,19,T315,AA7445,0,30
2026-08-02T00:39:34.027Z,deep_scan,20260801073922_MT4-AP1-26-56,30,56,0,1,C689/2,AA7406,0,21
2026-08-02T00:39:34.027Z,deep_scan,20260801073922_MT4-AP1-26-56,30,56,0,8,T343,AA7359,0,48
2026-08-02T00:39:34.027Z,deep_scan,20260801073922_MT4-AP1-26-56,30,56,0,11,M117,AA7402,1,25
2026-08-02T00:39:34.027Z,deep_scan,20260801073922_MT4-AP1-26-56,30,56,0,15,M61/2,AA2784,0,21
2026-08-02T00:39:34.027Z,deep_scan,20260801073922_MT4-AP1-26-56,30,56,0,19,T315,AA7445,0,30
2026-08-02T00:40:04.012Z,deep_scan,20260801073922_MT4-AP1-26-56,30,56,0,1,C689/2,AA7406,0,47
2026-08-02T00:40:04.012Z,deep_scan,20260801073922_MT4-AP1-26-56,30,56,0,8,T343,AA7359,0,47
2026-08-02T00:40:04.012Z,deep_scan,20260801073922_MT4-AP1-26-56,30,56,0,11,M117,AA7402,1,12
2026-08-02T00:40:04.012Z,deep_scan,20260801073922_MT4-AP1-26-56,30,56,0,15,M61/2,AA2784,0,26
2026-08-02T00:40:04.012Z,deep_scan,20260801073922_MT4-AP1-26-56,30,56,0,20,T375,AA7445,1,10
2026-08-02T00:40:33.975Z,deep_scan,20260801073922_MT4-AP1-26-56,30,56,0,1,C689/2,AA7406,0,21
2026-08-02T00:40:33.975Z,deep_scan,20260801073922_MT4-AP1-26-56,30,56,0,8,T343,AA7359,0,44
2026-08-02T00:40:33.975Z,deep_scan,20260801073922_MT4-AP1-26-56,30,56,0,11,M117,AA7402,0,36
2026-08-02T00:40:33.975Z,deep_scan,20260801073922_MT4-AP1-26-56,30,56,0,15,M61/2,AA2784,0,41
2026-08-02T00:40:33.975Z,deep_scan,20260801073922_MT4-AP1-26-56,30,56,0,20,T375,AA7445,0,21
2026-08-02T00:41:04.017Z,deep_scan,20260801073922_MT4-AP1-26-56,30,56,0,2,T360,AA7406,1,2
2026-08-02T00:41:04.017Z,deep_scan,20260801073922_MT4-AP1-26-56,30,56,0,8,T343,AA7359,0,47
2026-08-02T00:41:04.017Z,deep_scan,20260801073922_MT4-AP1-26-56,30,56,0,12,M155,AA7402,0,8
2026-08-02T00:41:04.017Z,deep_scan,20260801073922_MT4-AP1-26-56,30,56,0,15,M61/2,AA2784,0,27
2026-08-02T00:41:04.017Z,deep_scan,20260801073922_MT4-AP1-26-56,30,56,0,20,T375,AA7445,0,21
2026-08-02T00:41:33.971Z,deep_scan,20260801073922_MT4-AP1-26-56,30,56,0,2,T360,AA7406,1,9
2026-08-02T00:41:33.971Z,deep_scan,20260801073922_MT4-AP1-26-56,30,56,0,8,T343,AA7359,0,44
2026-08-02T00:41:33.971Z,deep_scan,20260801073922_MT4-AP1-26-56,30,56,0,12,M155,AA7402,0,46
2026-08-02T00:41:33.971Z,deep_scan,20260801073922_MT4-AP1-26-56,30,56,0,15,M61/2,AA2784,0,45
2026-08-02T00:41:33.971Z,deep_scan,20260801073922_MT4-AP1-26-56,30,56,0,21,T380,AA7445,1,32
2026-08-02T00:42:04.020Z,deep_scan,20260801073922_MT4-AP1-26-56,30,56,0,2,T360,AA7406,0,9
2026-08-02T00:42:04.020Z,deep_scan,20260801073922_MT4-AP1-26-56,30,56,0,8,T343,AA7359,0,43
2026-08-02T00:42:04.020Z,deep_scan,20260801073922_MT4-AP1-26-56,30,56,0,12,M155,AA7402,0,44
2026-08-02T00:42:04.020Z,deep_scan,20260801073922_MT4-AP1-26-56,30,56,0,15,M61/2,AA2784,0,34
2026-08-02T00:42:04.020Z,deep_scan,20260801073922_MT4-AP1-26-56,30,56,0,21,T380,AA7445,0,45
2026-08-02T00:42:34.033Z,deep_scan,20260801073922_MT4-AP1-26-56,30,56,0,3,T376/2,AA7406,1,31
2026-08-02T00:42:34.033Z,deep_scan,20260801073922_MT4-AP1-26-56,30,56,0,8,T343,AA7359,0,45
2026-08-02T00:42:34.033Z,deep_scan,20260801073922_MT4-AP1-26-56,30,56,0,12,M155,AA7402,0,37
2026-08-02T00:42:34.033Z,deep_scan,20260801073922_MT4-AP1-26-56,30,56,0,15,M61/2,AA2784,0,33
2026-08-02T00:42:34.033Z,deep_scan,20260801073922_MT4-AP1-26-56,30,56,0,22,T379,AA7445,1,40
2026-08-02T00:43:04.053Z,deep_scan,20260801073922_MT4-AP1-26-56,30,56,0,3,T376/2,AA7406,1,4
2026-08-02T00:43:04.053Z,deep_scan,20260801073922_MT4-AP1-26-56,30,56,0,8,T343,AA7359,0,49
2026-08-02T00:43:04.053Z,deep_scan,20260801073922_MT4-AP1-26-56,30,56,0,12,M155,AA7402,0,45
2026-08-02T00:43:04.053Z,deep_scan,20260801073922_MT4-AP1-26-56,30,56,0,15,M61/2,AA2784,0,44
2026-08-02T00:43:04.053Z,deep_scan,20260801073922_MT4-AP1-26-56,30,56,0,22,T379,AA7445,0,47
2026-08-02T00:43:34.037Z,deep_scan,20260801073922_MT4-AP1-26-56,30,56,0,3,T376/2,AA7406,0,40
2026-08-02T00:43:34.037Z,deep_scan,20260801073922_MT4-AP1-26-56,30,56,0,8,T343,AA7359,0,45
2026-08-02T00:43:34.037Z,deep_scan,20260801073922_MT4-AP1-26-56,30,56,0,12,M155,AA7402,0,3
2026-08-02T00:43:34.037Z,deep_scan,20260801073922_MT4-AP1-26-56,30,56,0,15,M61/2,AA2784,0,43
2026-08-02T00:43:34.037Z,deep_scan,20260801073922_MT4-AP1-26-56,30,56,0,22,T379,AA7445,0,36
2026-08-02T00:44:04.018Z,deep_scan,20260801073922_MT4-AP1-26-56,30,56,0,3,T376/2,AA7406,0,21
2026-08-02T00:44:04.018Z,deep_scan,20260801073922_MT4-AP1-26-56,30,56,0,8,T343,AA7359,0,48
2026-08-02T00:44:04.018Z,deep_scan,20260801073922_MT4-AP1-26-56,30,56,0,12,M155,AA7402,0,6
2026-08-02T00:44:04.018Z,deep_scan,20260801073922_MT4-AP1-26-56,30,56,0,15,M61/2,AA2784,0,45
2026-08-02T00:44:04.018Z,deep_scan,20260801073922_MT4-AP1-26-56,30,56,0,22,T379,AA7445,0,35
2026-08-02T00:44:34.063Z,deep_scan,20260801073922_MT4-AP1-26-56,30,56,0,3,T376/2,AA7406,0,14
2026-08-02T00:44:34.063Z,deep_scan,20260801073922_MT4-AP1-26-56,30,56,0,8,T343,AA7359,0,47
2026-08-02T00:44:34.063Z,deep_scan,20260801073922_MT4-AP1-26-56,30,56,0,12,M155,AA7402,0,6
2026-08-02T00:44:34.063Z,deep_scan,20260801073922_MT4-AP1-26-56,30,56,0,15,M61/2,AA2784,0,43
2026-08-02T00:44:34.063Z,deep_scan,20260801073922_MT4-AP1-26-56,30,56,0,22,T379,AA7445,0,32
2026-08-02T00:45:04.045Z,deep_scan,20260801073922_MT4-AP1-26-56,30,56,0,4,T363/2,AA7406,1,21
2026-08-02T00:45:04.045Z,deep_scan,20260801073922_MT4-AP1-26-56,30,56,0,8,T343,AA7359,0,41
2026-08-02T00:45:04.045Z,deep_scan,20260801073922_MT4-AP1-26-56,30,56,0,13,M92,AA7402,1,9
2026-08-02T00:45:04.045Z,deep_scan,20260801073922_MT4-AP1-26-56,30,56,0,15,M61/2,AA2784,0,43
2026-08-02T00:45:04.045Z,deep_scan,20260801073922_MT4-AP1-26-56,30,56,0,23,C688/2,AA7445,1,18
2026-08-02T00:45:34.055Z,deep_scan,20260801073922_MT4-AP1-26-56,30,56,0,4,T363/2,AA7406,0,37
2026-08-02T00:45:34.055Z,deep_scan,20260801073922_MT4-AP1-26-56,30,56,0,8,T343,AA7359,0,36
2026-08-02T00:45:34.055Z,deep_scan,20260801073922_MT4-AP1-26-56,30,56,0,13,M92,AA7402,1,9
2026-08-02T00:45:34.055Z,deep_scan,20260801073922_MT4-AP1-26-56,30,56,0,15,M61/2,AA2784,0,49
2026-08-02T00:45:34.055Z,deep_scan,20260801073922_MT4-AP1-26-56,30,56,0,24,C690/6,AA7445,1,0
2026-08-02T00:46:04.088Z,deep_scan,20260801073922_MT4-AP1-26-56,30,56,0,4,T363/2,AA7406,0,43
2026-08-02T00:46:04.088Z,deep_scan,20260801073922_MT4-AP1-26-56,30,56,0,9,M239/1,AA7359,1,44
2026-08-02T00:46:04.088Z,deep_scan,20260801073922_MT4-AP1-26-56,30,56,0,13,M92,AA7402,1,14
2026-08-02T00:46:04.088Z,deep_scan,20260801073922_MT4-AP1-26-56,30,56,0,15,M61/2,AA2784,0,48
2026-08-02T00:46:04.088Z,deep_scan,20260801073922_MT4-AP1-26-56,30,56,0,24,C690/6,AA7445,1,0
2026-08-02T00:46:34.055Z,deep_scan,20260801073922_MT4-AP1-26-56,30,56,0,5,T306,AA7406,1,15
2026-08-02T00:46:34.055Z,deep_scan,20260801073922_MT4-AP1-26-56,30,56,0,9,M239/1,AA7359,0,18
2026-08-02T00:46:34.055Z,deep_scan,20260801073922_MT4-AP1-26-56,30,56,0,13,M92,AA7402,0,7
2026-08-02T00:46:34.055Z,deep_scan,20260801073922_MT4-AP1-26-56,30,56,0,15,M61/2,AA2784,0,49
2026-08-02T00:46:34.055Z,deep_scan,20260801073922_MT4-AP1-26-56,30,56,0,24,C690/6,AA7445,1,0
2026-08-02T00:47:04.081Z,deep_scan,20260801073922_MT4-AP1-26-56,30,56,0,5,T306,AA7406,0,38
2026-08-02T00:47:04.081Z,deep_scan,20260801073922_MT4-AP1-26-56,30,56,0,9,M239/1,AA7359,0,25
2026-08-02T00:47:04.081Z,deep_scan,20260801073922_MT4-AP1-26-56,30,56,0,13,M92,AA7402,0,12
2026-08-02T00:47:04.081Z,deep_scan,20260801073922_MT4-AP1-26-56,30,56,0,15,M61/2,AA2784,0,43
2026-08-02T00:47:04.081Z,deep_scan,20260801073922_MT4-AP1-26-56,30,56,0,24,C690/6,AA7445,1,0
2026-08-02T00:47:34.082Z,deep_scan,20260801073922_MT4-AP1-26-56,30,56,0,6,T314/2,AA7406,0,43
2026-08-02T00:47:34.082Z,deep_scan,20260801073922_MT4-AP1-26-56,30,56,0,10,M254,AA7359,0,22
2026-08-02T00:47:34.082Z,deep_scan,20260801073922_MT4-AP1-26-56,30,56,0,13,M92,AA7402,0,12
2026-08-02T00:47:34.082Z,deep_scan,20260801073922_MT4-AP1-26-56,30,56,0,15,M61/2,AA2784,0,30
2026-08-02T00:47:34.082Z,deep_scan,20260801073922_MT4-AP1-26-56,30,56,0,24,C690/6,AA7445,1,0
2026-08-02T00:48:04.054Z,deep_scan,20260801073922_MT4-AP1-26-56,30,56,0,6,T314/2,AA7406,0,29
2026-08-02T00:48:04.054Z,deep_scan,20260801073922_MT4-AP1-26-56,30,56,0,10,M254,AA7359,0,18
2026-08-02T00:48:04.054Z,deep_scan,20260801073922_MT4-AP1-26-56,30,56,0,13,M92,AA7402,0,23
2026-08-02T00:48:04.054Z,deep_scan,20260801073922_MT4-AP1-26-56,30,56,0,15,M61/2,AA2784,0,38
2026-08-02T00:48:04.054Z,deep_scan,20260801073922_MT4-AP1-26-56,30,56,0,24,C690/6,AA7445,1,0
2026-08-02T00:48:34.082Z,deep_scan,20260801073922_MT4-AP1-26-56,30,56,0,7,T408/6,AA7406,0,22
2026-08-02T00:48:34.082Z,deep_scan,20260801073922_MT4-AP1-26-56,30,56,0,10,M254,AA7359,0,7
2026-08-02T00:48:34.082Z,deep_scan,20260801073922_MT4-AP1-26-56,30,56,0,13,M92,AA7402,0,34
2026-08-02T00:48:34.082Z,deep_scan,20260801073922_MT4-AP1-26-56,30,56,0,16,T342,AA2784,1,23
2026-08-02T00:48:34.082Z,deep_scan,20260801073922_MT4-AP1-26-56,30,56,0,24,C690/6,AA7445,1,0
2026-08-02T00:49:04.074Z,deep_scan,20260801073922_MT4-AP1-26-56,30,56,0,7,T408/6,AA7406,0,15
2026-08-02T00:49:04.074Z,deep_scan,20260801073922_MT4-AP1-26-56,30,56,0,11,M117,AA7359,1,3
2026-08-02T00:49:04.074Z,deep_scan,20260801073922_MT4-AP1-26-56,30,56,0,13,M92,AA7402,0,34
2026-08-02T00:49:04.074Z,deep_scan,20260801073922_MT4-AP1-26-56,30,56,0,16,T342,AA2784,0,36
2026-08-02T00:49:04.074Z,deep_scan,20260801073922_MT4-AP1-26-56,30,56,0,24,C690/6,AA7445,1,0
2026-08-02T00:49:34.076Z,deep_scan,20260801073922_MT4-AP1-26-56,30,56,0,7,T408/6,AA7406,0,14
2026-08-02T00:49:34.076Z,deep_scan,20260801073922_MT4-AP1-26-56,30,56,0,11,M117,AA7359,0,33
2026-08-02T00:49:34.076Z,deep_scan,20260801073922_MT4-AP1-26-56,30,56,0,14,M272,AA7402,1,20
2026-08-02T00:49:34.076Z,deep_scan,20260801073922_MT4-AP1-26-56,30,56,0,16,T342,AA2784,0,42
2026-08-02T00:49:34.076Z,deep_scan,20260801073922_MT4-AP1-26-56,30,56,0,24,C690/6,AA7445,1,0
2026-08-02T00:50:04.106Z,deep_scan,20260801073922_MT4-AP1-26-56,30,56,0,7,T408/6,AA7406,0,15
2026-08-02T00:50:04.106Z,deep_scan,20260801073922_MT4-AP1-26-56,30,56,0,12,M155,AA7359,1,26
2026-08-02T00:50:04.106Z,deep_scan,20260801073922_MT4-AP1-26-56,30,56,0,14,M272,AA7402,0,1
2026-08-02T00:50:04.106Z,deep_scan,20260801073922_MT4-AP1-26-56,30,56,0,17,T409,AA2784,1,4
2026-08-02T00:50:34.061Z,deep_scan,20260801073922_MT4-AP1-26-56,30,56,0,0,C690/6,AA7445,0,18
2026-08-02T00:50:34.061Z,deep_scan,20260801073922_MT4-AP1-26-56,30,56,0,7,T408/6,AA7406,0,35
2026-08-02T00:50:34.061Z,deep_scan,20260801073922_MT4-AP1-26-56,30,56,0,12,M155,AA7359,0,27
2026-08-02T00:50:34.061Z,deep_scan,20260801073922_MT4-AP1-26-56,30,56,0,14,M272,AA7402,0,22
2026-08-02T00:50:34.061Z,deep_scan,20260801073922_MT4-AP1-26-56,30,56,0,17,T409,AA2784,0,21
2026-08-02T00:51:04.059Z,deep_scan,20260801073922_MT4-AP1-26-56,30,56,0,0,C690/6,AA7445,0,18
2026-08-02T00:51:04.059Z,deep_scan,20260801073922_MT4-AP1-26-56,30,56,0,8,T343,AA7406,1,6
2026-08-02T00:51:04.059Z,deep_scan,20260801073922_MT4-AP1-26-56,30,56,0,12,M155,AA7359,0,44
2026-08-02T00:51:04.059Z,deep_scan,20260801073922_MT4-AP1-26-56,30,56,0,14,M272,AA7402,0,36
2026-08-02T00:51:04.059Z,deep_scan,20260801073922_MT4-AP1-26-56,30,56,0,18,T313,AA2784,1,13
2026-08-02T00:51:34.076Z,deep_scan,20260801073922_MT4-AP1-26-56,30,56,0,1,C689/2,AA7445,1,18
2026-08-02T00:51:34.076Z,deep_scan,20260801073922_MT4-AP1-26-56,30,56,0,8,T343,AA7406,0,47
2026-08-02T00:51:34.076Z,deep_scan,20260801073922_MT4-AP1-26-56,30,56,0,12,M155,AA7359,0,23
2026-08-02T00:51:34.076Z,deep_scan,20260801073922_MT4-AP1-26-56,30,56,0,14,M272,AA7402,0,37
2026-08-02T00:51:34.076Z,deep_scan,20260801073922_MT4-AP1-26-56,30,56,0,18,T313,AA2784,0,36
2026-08-02T00:52:04.098Z,deep_scan,20260801073922_MT4-AP1-26-56,30,56,0,1,C689/2,AA7445,1,18
2026-08-02T00:52:04.098Z,deep_scan,20260801073922_MT4-AP1-26-56,30,56,0,8,T343,AA7406,0,47
2026-08-02T00:52:04.098Z,deep_scan,20260801073922_MT4-AP1-26-56,30,56,0,12,M155,AA7359,0,39
2026-08-02T00:52:04.098Z,deep_scan,20260801073922_MT4-AP1-26-56,30,56,0,14,M272,AA7402,0,37
2026-08-02T00:52:04.098Z,deep_scan,20260801073922_MT4-AP1-26-56,30,56,0,19,T315,AA2784,1,9
2026-08-02T00:52:34.098Z,deep_scan,20260801073922_MT4-AP1-26-56,30,56,0,1,C689/2,AA7445,1,18
2026-08-02T00:52:34.098Z,deep_scan,20260801073922_MT4-AP1-26-56,30,56,0,8,T343,AA7406,0,44
2026-08-02T00:52:34.098Z,deep_scan,20260801073922_MT4-AP1-26-56,30,56,0,12,M155,AA7359,0,26
2026-08-02T00:52:34.098Z,deep_scan,20260801073922_MT4-AP1-26-56,30,56,0,15,M61/2,AA7402,1,40
2026-08-02T00:52:34.098Z,deep_scan,20260801073922_MT4-AP1-26-56,30,56,0,19,T315,AA2784,0,36
2026-08-02T00:53:04.122Z,deep_scan,20260801073922_MT4-AP1-26-56,30,56,0,1,C689/2,AA7445,0,18
2026-08-02T00:53:04.122Z,deep_scan,20260801073922_MT4-AP1-26-56,30,56,0,8,T343,AA7406,0,46
2026-08-02T00:53:04.122Z,deep_scan,20260801073922_MT4-AP1-26-56,30,56,0,13,M92,AA7359,1,31
2026-08-02T00:53:04.122Z,deep_scan,20260801073922_MT4-AP1-26-56,30,56,0,15,M61/2,AA7402,1,4
2026-08-02T00:53:04.122Z,deep_scan,20260801073922_MT4-AP1-26-56,30,56,0,19,T315,AA2784,0,26
2026-08-02T00:53:34.066Z,deep_scan,20260801073922_MT4-AP1-26-56,30,56,0,1,C689/2,AA7445,0,24
2026-08-02T00:53:34.066Z,deep_scan,20260801073922_MT4-AP1-26-56,30,56,0,8,T343,AA7406,0,42
2026-08-02T00:53:34.066Z,deep_scan,20260801073922_MT4-AP1-26-56,30,56,0,13,M92,AA7359,1,1
2026-08-02T00:53:34.066Z,deep_scan,20260801073922_MT4-AP1-26-56,30,56,0,15,M61/2,AA7402,0,16
2026-08-02T00:53:34.066Z,deep_scan,20260801073922_MT4-AP1-26-56,30,56,0,20,T375,AA2784,1,25
2026-08-02T00:54:04.086Z,deep_scan,20260801073922_MT4-AP1-26-56,30,56,0,1,C689/2,AA7445,0,33
2026-08-02T00:54:04.086Z,deep_scan,20260801073922_MT4-AP1-26-56,30,56,0,8,T343,AA7406,0,41
2026-08-02T00:54:04.086Z,deep_scan,20260801073922_MT4-AP1-26-56,30,56,0,13,M92,AA7359,1,5
2026-08-02T00:54:04.086Z,deep_scan,20260801073922_MT4-AP1-26-56,30,56,0,15,M61/2,AA7402,0,35
2026-08-02T00:54:04.086Z,deep_scan,20260801073922_MT4-AP1-26-56,30,56,0,20,T375,AA2784,0,46
2026-08-02T00:54:34.117Z,deep_scan,20260801073922_MT4-AP1-26-56,30,56,0,1,C689/2,AA7445,0,37
2026-08-02T00:54:34.117Z,deep_scan,20260801073922_MT4-AP1-26-56,30,56,0,8,T343,AA7406,0,43
2026-08-02T00:54:34.117Z,deep_scan,20260801073922_MT4-AP1-26-56,30,56,0,13,M92,AA7359,0,21
2026-08-02T00:54:34.117Z,deep_scan,20260801073922_MT4-AP1-26-56,30,56,0,15,M61/2,AA7402,0,36
2026-08-02T00:54:34.117Z,deep_scan,20260801073922_MT4-AP1-26-56,30,56,0,21,T380,AA2784,1,34
2026-08-02T00:55:04.083Z,deep_scan,20260801073922_MT4-AP1-26-56,30,56,0,1,C689/2,AA7445,0,40
2026-08-02T00:55:04.083Z,deep_scan,20260801073922_MT4-AP1-26-56,30,56,0,8,T343,AA7406,0,37
2026-08-02T00:55:04.083Z,deep_scan,20260801073922_MT4-AP1-26-56,30,56,0,13,M92,AA7359,0,21
2026-08-02T00:55:04.083Z,deep_scan,20260801073922_MT4-AP1-26-56,30,56,0,15,M61/2,AA7402,0,38
2026-08-02T00:55:04.083Z,deep_scan,20260801073922_MT4-AP1-26-56,30,56,0,22,T379,AA2784,1,24
2026-08-02T00:55:34.053Z,deep_scan,20260801073922_MT4-AP1-26-56,30,56,0,2,T360,AA7445,0,19
2026-08-02T00:55:34.053Z,deep_scan,20260801073922_MT4-AP1-26-56,30,56,0,8,T343,AA7406,0,33
2026-08-02T00:55:34.053Z,deep_scan,20260801073922_MT4-AP1-26-56,30,56,0,14,M272,AA7359,1,29
2026-08-02T00:55:34.053Z,deep_scan,20260801073922_MT4-AP1-26-56,30,56,0,15,M61/2,AA7402,0,41
2026-08-02T00:55:34.053Z,deep_scan,20260801073922_MT4-AP1-26-56,30,56,0,22,T379,AA2784,0,35
2026-08-02T00:56:04.102Z,deep_scan,20260801073922_MT4-AP1-26-56,30,56,0,2,T360,AA7445,0,44
2026-08-02T00:56:04.102Z,deep_scan,20260801073922_MT4-AP1-26-56,30,56,0,8,T343,AA7406,0,47
2026-08-02T00:56:04.102Z,deep_scan,20260801073922_MT4-AP1-26-56,30,56,0,14,M272,AA7359,1,29
2026-08-02T00:56:04.102Z,deep_scan,20260801073922_MT4-AP1-26-56,30,56,0,15,M61/2,AA7402,0,44
2026-08-02T00:56:04.102Z,deep_scan,20260801073922_MT4-AP1-26-56,30,56,0,22,T379,AA2784,0,41
2026-08-02T00:56:34.138Z,deep_scan,20260801073922_MT4-AP1-26-56,30,56,0,3,T376/2,AA7445,0,15
2026-08-02T00:56:34.138Z,deep_scan,20260801073922_MT4-AP1-26-56,30,56,0,8,T343,AA7406,0,47
2026-08-02T00:56:34.138Z,deep_scan,20260801073922_MT4-AP1-26-56,30,56,0,14,M272,AA7359,0,27
2026-08-02T00:56:34.138Z,deep_scan,20260801073922_MT4-AP1-26-56,30,56,0,15,M61/2,AA7402,0,42
2026-08-02T00:56:34.138Z,deep_scan,20260801073922_MT4-AP1-26-56,30,56,0,22,T379,AA2784,0,3
2026-08-02T00:57:04.137Z,deep_scan,20260801073922_MT4-AP1-26-56,30,56,0,3,T376/2,AA7445,0,40
2026-08-02T00:57:04.137Z,deep_scan,20260801073922_MT4-AP1-26-56,30,56,0,8,T343,AA7406,0,42
2026-08-02T00:57:04.137Z,deep_scan,20260801073922_MT4-AP1-26-56,30,56,0,14,M272,AA7359,0,32
2026-08-02T00:57:04.137Z,deep_scan,20260801073922_MT4-AP1-26-56,30,56,0,15,M61/2,AA7402,0,42
2026-08-02T00:57:04.137Z,deep_scan,20260801073922_MT4-AP1-26-56,30,56,0,22,T379,AA2784,0,38
2026-08-02T00:57:34.108Z,deep_scan,20260801073922_MT4-AP1-26-56,30,56,0,4,T363/2,AA7445,1,36
2026-08-02T00:57:34.108Z,deep_scan,20260801073922_MT4-AP1-26-56,30,56,0,8,T343,AA7406,0,43
2026-08-02T00:57:34.108Z,deep_scan,20260801073922_MT4-AP1-26-56,30,56,0,14,M272,AA7359,0,25
2026-08-02T00:57:34.108Z,deep_scan,20260801073922_MT4-AP1-26-56,30,56,0,15,M61/2,AA7402,0,41
2026-08-02T00:57:34.108Z,deep_scan,20260801073922_MT4-AP1-26-56,30,56,0,22,T379,AA2784,0,47
2026-08-02T00:58:04.124Z,deep_scan,20260801073922_MT4-AP1-26-56,30,56,0,4,T363/2,AA7445,0,38
2026-08-02T00:58:04.124Z,deep_scan,20260801073922_MT4-AP1-26-56,30,56,0,8,T343,AA7406,0,48
2026-08-02T00:58:04.124Z,deep_scan,20260801073922_MT4-AP1-26-56,30,56,0,14,M272,AA7359,0,34
2026-08-02T00:58:04.124Z,deep_scan,20260801073922_MT4-AP1-26-56,30,56,0,15,M61/2,AA7402,0,45
2026-08-02T00:58:04.124Z,deep_scan,20260801073922_MT4-AP1-26-56,30,56,0,22,T379,AA2784,0,4
2026-08-02T00:58:34.115Z,deep_scan,20260801073922_MT4-AP1-26-56,30,56,0,5,T306,AA7445,1,35
2026-08-02T00:58:34.115Z,deep_scan,20260801073922_MT4-AP1-26-56,30,56,0,8,T343,AA7406,0,45
2026-08-02T00:58:34.115Z,deep_scan,20260801073922_MT4-AP1-26-56,30,56,0,15,M61/2,AA7402,0,46
2026-08-02T00:58:34.115Z,deep_scan,20260801073922_MT4-AP1-26-56,30,56,0,15,M61/2,AA7359,1,28
2026-08-02T00:58:34.115Z,deep_scan,20260801073922_MT4-AP1-26-56,30,56,0,22,T379,AA2784,0,1
2026-08-02T00:59:04.110Z,deep_scan,20260801073922_MT4-AP1-26-56,30,56,0,5,T306,AA7445,0,41
2026-08-02T00:59:04.110Z,deep_scan,20260801073922_MT4-AP1-26-56,30,56,0,8,T343,AA7406,0,46
2026-08-02T00:59:04.110Z,deep_scan,20260801073922_MT4-AP1-26-56,30,56,0,15,M61/2,AA7402,0,45
2026-08-02T00:59:04.110Z,deep_scan,20260801073922_MT4-AP1-26-56,30,56,0,15,M61/2,AA7359,0,19
2026-08-02T00:59:04.110Z,deep_scan,20260801073922_MT4-AP1-26-56,30,56,0,22,T379,AA2784,0,1
2026-08-02T00:59:34.136Z,deep_scan,20260801073922_MT4-AP1-26-56,30,56,0,6,T314/2,AA7445,1,41
2026-08-02T00:59:34.136Z,deep_scan,20260801073922_MT4-AP1-26-56,30,56,0,8,T343,AA7406,0,49
2026-08-02T00:59:34.136Z,deep_scan,20260801073922_MT4-AP1-26-56,30,56,0,15,M61/2,AA7402,0,41
2026-08-02T00:59:34.136Z,deep_scan,20260801073922_MT4-AP1-26-56,30,56,0,15,M61/2,AA7359,0,18
2026-08-02T00:59:34.136Z,deep_scan,20260801073922_MT4-AP1-26-56,30,56,0,23,C688/2,AA2784,1,1
2026-08-02T01:15:09.638Z,deep_scan,20260801073922_MT4-AP1-26-56,30,56,0,4,T363/2,AA2784,1,30
2026-08-02T01:15:09.638Z,deep_scan,20260801073922_MT4-AP1-26-56,30,56,0,9,M239/1,AA7445,1,40
2026-08-02T01:15:09.638Z,deep_scan,20260801073922_MT4-AP1-26-56,30,56,0,14,M272,AA7406,0,34
2026-08-02T01:15:09.638Z,deep_scan,20260801073922_MT4-AP1-26-56,30,56,0,22,T379,AA7359,1,34
2026-08-02T01:15:09.638Z,deep_scan,20260801073922_MT4-AP1-26-56,30,56,0,24,C690/6,AA7402,1,0
2026-08-02T01:15:39.615Z,deep_scan,20260801073922_MT4-AP1-26-56,30,56,0,4,T363/2,AA2784,0,33
2026-08-02T01:15:39.615Z,deep_scan,20260801073922_MT4-AP1-26-56,30,56,0,9,M239/1,AA7445,0,49
2026-08-02T01:15:39.615Z,deep_scan,20260801073922_MT4-AP1-26-56,30,56,0,14,M272,AA7406,0,14
2026-08-02T01:15:39.615Z,deep_scan,20260801073922_MT4-AP1-26-56,30,56,0,22,T379,AA7359,0,31
2026-08-02T01:15:39.615Z,deep_scan,20260801073922_MT4-AP1-26-56,30,56,0,24,C690/6,AA7402,1,0
2026-08-02T01:16:09.638Z,deep_scan,20260801073922_MT4-AP1-26-56,30,56,0,5,T306,AA2784,0,41
2026-08-02T01:16:09.638Z,deep_scan,20260801073922_MT4-AP1-26-56,30,56,0,10,M254,AA7445,1,9
2026-08-02T01:16:09.638Z,deep_scan,20260801073922_MT4-AP1-26-56,30,56,0,14,M272,AA7406,0,4
2026-08-02T01:16:09.638Z,deep_scan,20260801073922_MT4-AP1-26-56,30,56,0,22,T379,AA7359,0,48
2026-08-02T01:16:09.638Z,deep_scan,20260801073922_MT4-AP1-26-56,30,56,0,24,C690/6,AA7402,1,0
2026-08-02T01:16:39.659Z,deep_scan,20260801073922_MT4-AP1-26-56,30,56,0,5,T306,AA2784,0,41
2026-08-02T01:16:39.659Z,deep_scan,20260801073922_MT4-AP1-26-56,30,56,0,10,M254,AA7445,1,9
2026-08-02T01:16:39.659Z,deep_scan,20260801073922_MT4-AP1-26-56,30,56,0,14,M272,AA7406,0,24
2026-08-02T01:16:39.659Z,deep_scan,20260801073922_MT4-AP1-26-56,30,56,0,22,T379,AA7359,0,8
2026-08-02T01:16:39.659Z,deep_scan,20260801073922_MT4-AP1-26-56,30,56,0,24,C690/6,AA7402,1,0
2026-08-02T01:17:09.684Z,deep_scan,20260801073922_MT4-AP1-26-56,30,56,0,6,T314/2,AA2784,1,7
2026-08-02T01:17:09.684Z,deep_scan,20260801073922_MT4-AP1-26-56,30,56,0,10,M254,AA7445,0,22
2026-08-02T01:17:09.684Z,deep_scan,20260801073922_MT4-AP1-26-56,30,56,0,15,M61/2,AA7406,0,18
2026-08-02T01:17:09.684Z,deep_scan,20260801073922_MT4-AP1-26-56,30,56,0,22,T379,AA7359,0,42
2026-08-02T01:17:09.684Z,deep_scan,20260801073922_MT4-AP1-26-56,30,56,0,24,C690/6,AA7402,1,0
2026-08-02T01:17:39.659Z,deep_scan,20260801073922_MT4-AP1-26-56,30,56,0,6,T314/2,AA2784,0,18
2026-08-02T01:17:39.659Z,deep_scan,20260801073922_MT4-AP1-26-56,30,56,0,10,M254,AA7445,0,10
2026-08-02T01:17:39.659Z,deep_scan,20260801073922_MT4-AP1-26-56,30,56,0,15,M61/2,AA7406,0,38
2026-08-02T01:17:39.659Z,deep_scan,20260801073922_MT4-AP1-26-56,30,56,0,22,T379,AA7359,0,48
2026-08-02T01:17:39.659Z,deep_scan,20260801073922_MT4-AP1-26-56,30,56,0,24,C690/6,AA7402,1,0
2026-08-02T01:18:09.685Z,deep_scan,20260801073922_MT4-AP1-26-56,30,56,0,7,T408/6,AA2784,1,26
2026-08-02T01:18:09.685Z,deep_scan,20260801073922_MT4-AP1-26-56,30,56,0,11,M117,AA7445,1,6
2026-08-02T01:18:09.685Z,deep_scan,20260801073922_MT4-AP1-26-56,30,56,0,15,M61/2,AA7406,0,46
2026-08-02T01:18:09.685Z,deep_scan,20260801073922_MT4-AP1-26-56,30,56,0,22,T379,AA7359,0,29
2026-08-02T01:18:09.685Z,deep_scan,20260801073922_MT4-AP1-26-56,30,56,0,24,C690/6,AA7402,1,0
2026-08-02T01:18:39.688Z,deep_scan,20260801073922_MT4-AP1-26-56,30,56,0,7,T408/6,AA2784,1,26
2026-08-02T01:18:39.688Z,deep_scan,20260801073922_MT4-AP1-26-56,30,56,0,11,M117,AA7445,0,47
2026-08-02T01:18:39.688Z,deep_scan,20260801073922_MT4-AP1-26-56,30,56,0,15,M61/2,AA7406,0,48
2026-08-02T01:18:39.688Z,deep_scan,20260801073922_MT4-AP1-26-56,30,56,0,23,C688/2,AA7359,1,29
