timestamp,source,scan_id,poll_interval_sec,route,direction,station_index,staCode,busPlate,status,speed
2026-08-02T01:19:14.082Z,deep_scan,20260802011913_1A-4-7-8-17-28C,30,1A,0,1,M108/1,AA7673,0,12
2026-08-02T01:19:14.082Z,deep_scan,20260802011913_1A-4-7-8-17-28C,30,1A,0,7,M48,AA6701,0,46
2026-08-02T01:19:14.082Z,deep_scan,20260802011913_1A-4-7-8-17-28C,30,1A,0,14,M253,AA7115,0,6
2026-08-02T01:19:14.087Z,deep_scan,20260802011913_1A-4-7-8-17-28C,30,1A,1,3,M118,AA5946,0,37
2026-08-02T01:19:14.087Z,deep_scan,20260802011913_1A-4-7-8-17-28C,30,1A,1,6,M35/1,AA7468,0,12
2026-08-02T01:19:14.087Z,deep_scan,20260802011913_1A-4-7-8-17-28C,30,1A,1,11,M120/2,AA5646,1,0
2026-08-02T01:19:44.113Z,deep_scan,20260802011913_1A-4-7-8-17-28C,30,1A,0,1,M108/1,AA7673,0,21
2026-08-02T01:19:44.113Z,deep_scan,20260802011913_1A-4-7-8-17-28C,30,1A,0,8,M52,AA6701,1,19
2026-08-02T01:19:44.113Z,deep_scan,20260802011913_1A-4-7-8-17-28C,30,1A,0,15,M250,AA7115,1,12
2026-08-02T01:19:44.117Z,deep_scan,20260802011913_1A-4-7-8-17-28C,30,1A,1,3,M118,AA5946,0,46
2026-08-02T01:19:44.117Z,deep_scan,20260802011913_1A-4-7-8-17-28C,30,1A,1,6,M35/1,AA7468,0,36
2026-08-02T01:19:44.117Z,deep_scan,20260802011913_1A-4-7-8-17-28C,30,1A,1,11,M120/2,AA5646,1,0
2026-08-02T01:20:14.123Z,deep_scan,20260802011913_1A-4-7-8-17-28C,30,1A,0,1,M108/1,AA7673,0,43
2026-08-02T01:20:14.123Z,deep_scan,20260802011913_1A-4-7-8-17-28C,30,1A,0,8,M52,AA6701,0,31
2026-08-02T01:20:14.123Z,deep_scan,20260802011913_1A-4-7-8-17-28C,30,1A,0,15,M250,AA7115,1,7
2026-08-02T01:20:14.143Z,deep_scan,20260802011913_1A-4-7-8-17-28C,30,1A,1,3,M118,AA5946,0,45
2026-08-02T01:20:14.143Z,deep_scan,20260802011913_1A-4-7-8-17-28C,30,1A,1,9,M12,AA7468,0,18
2026-08-02T01:20:14.143Z,deep_scan,20260802011913_1A-4-7-8-17-28C,30,1A,1,11,M120/2,AA5646,1,0
2026-08-02T01:20:44.095Z,deep_scan,20260802011913_1A-4-7-8-17-28C,30,1A,1,4,M53,AA5946,1,42
2026-08-02T01:20:44.095Z,deep_scan,20260802011913_1A-4-7-8-17-28C,30,1A,1,9,M12,AA7468,0,5
2026-08-02T01:20:44.095Z,deep_scan,20260802011913_1A-4-7-8-17-28C,30,1A,1,11,M120/2,AA5646,1,0
2026-08-02T01:20:44.099Z,deep_scan,20260802011913_1A-4-7-8-17-28C,30,1A,0,1,M108/1,AA7673,0,23
2026-08-02T01:20:44.099Z,deep_scan,20260802011913_1A-4-7-8-17-28C,30,1A,0,8,M52,AA6701,0,46
2026-08-02T01:20:44.099Z,deep_scan,20260802011913_1A-4-7-8-17-28C,30,1A,0,15,M250,AA7115,0,28
2026-08-02T01:21:14.117Z,deep_scan,20260802011913_1A-4-7-8-17-28C,30,1A,0,1,M108/1,AA7673,0,3
2026-08-02T01:21:14.117Z,deep_scan,20260802011913_1A-4-7-8-17-28C,30,1A,0,8,M52,AA6701,0,46
2026-08-02T01:21:14.117Z,deep_scan,20260802011913_1A-4-7-8-17-28C,30,1A,0,16,M252,AA7115,1,0
2026-08-02T01:21:14.131Z,deep_scan,20260802011913_1A-4-7-8-17-28C,30,1A,1,4,M53,AA5946,0,50
2026-08-02T01:21:14.131Z,deep_scan,20260802011913_1A-4-7-8-17-28C,30,1A,1,9,M12,AA7468,0,5
2026-08-02T01:21:14.131Z,deep_scan,20260802011913_1A-4-7-8-17-28C,30,1A,1,11,M120/2,AA5646,1,0
2026-08-02T01:21:44.136Z,deep_scan,20260802011913_1A-4-7-8-17-28C,30,1A,1,5,M49,AA5946,1,37
2026-08-02T01:21:44.136Z,deep_scan,20260802011913_1A-4-7-8-17-28C,30,1A,1,10,M21/1,AA7468,1,15
2026-08-02T01:21:44.136Z,deep_scan,20260802011913_1A-4-7-8-17-28C,30,1A,1,11,M120/2,AA5646,1,0
2026-08-02T01:21:44.152Z,deep_scan,20260802011913_1A-4-7-8-17-28C,30,1A,0,1,M108/1,AA7673,0,28
2026-08-02T01:21:44.152Z,deep_scan,20260802011913_1A-4-7-8-17-28C,30,1A,0,8,M52,AA6701,0,5
2026-08-02T01:21:44.152Z,deep_scan,20260802011913_1A-4-7-8-17-28C,30,1A,0,16,M252,AA7115,1,0
2026-08-02T01:22:14.121Z,deep_scan,20260802011913_1A-4-7-8-17-28C,30,1A,1,5,M49,AA5946,1,18
2026-08-02T01:22:14.121Z,deep_scan,20260802011913_1A-4-7-8-17-28C,30,1A,1,10,M21/1,AA7468,0,43
2026-08-02T01:22:14.121Z,deep_scan,20260802011913_1A-4-7-8-17-28C,30,1A,1,11,M120/2,AA5646,1,0
2026-08-02T01:22:14.152Z,deep_scan,20260802011913_1A-4-7-8-17-28C,30,1A,0,2,M26/1,AA7673,1,19
2026-08-02T01:22:14.152Z,deep_scan,20260802011913_1A-4-7-8-17-28C,30,1A,0,9,M239/1,AA6701,1,23
2026-08-02T01:22:14.152Z,deep_scan,20260802011913_1A-4-7-8-17-28C,30,1A,0,16,M252,AA7115,1,0
2026-08-02T01:22:44.134Z,deep_scan,20260802011913_1A-4-7-8-17-28C,30,1A,1,5,M49,AA5946,0,1
2026-08-02T01:22:44.134Z,deep_scan,20260802011913_1A-4-7-8-17-28C,30,1A,1,10,M21/1,AA7468,0,22
2026-08-02T01:22:44.134Z,deep_scan,20260802011913_1A-4-7-8-17-28C,30,1A,1,11,M120/2,AA5646,1,0
2026-08-02T01:22:44.137Z,deep_scan,20260802011913_1A-4-7-8-17-28C,30,1A,0,2,M26/1,AA7673,1,4
2026-08-02T01:22:44.137Z,deep_scan,20260802011913_1A-4-7-8-17-28C,30,1A,0,9,M239/1,AA6701,1,29
2026-08-02T01:22:44.137Z,deep_scan,20260802011913_1A-4-7-8-17-28C,30,1A,0,16,M252,AA7115,1,0
2026-08-02T01:23:14.036Z,deep_scan,20260802011913_1A-4-7-8-17-28C,30,1A,1,6,M35/1,AA5946,1,9
2026-08-02T01:23:14.036Z,deep_scan,20260802011913_1A-4-7-8-17-28C,30,1A,1,10,M21/1,AA7468,0,22
2026-08-02T01:23:14.036Z,deep_scan,20260802011913_1A-4-7-8-17-28C,30,1A,1,11,M120/2,AA5646,1,0
2026-08-02T01:23:14.135Z,deep_scan,20260802011913_1A-4-7-8-17-28C,30,1A,0,2,M26/1,AA7673,1,4
2026-08-02T01:23:14.135Z,deep_scan,20260802011913_1A-4-7-8-17-28C,30,1A,0,9,M239/1,AA6701,0,42
2026-08-02T01:23:14.135Z,deep_scan,20260802011913_1A-4-7-8-17-28C,30,1A,0,16,M252,AA7115,1,0
2026-08-02T01:23:44.175Z,deep_scan,20260802011913_1A-4-7-8-17-28C,30,1A,1,6,M35/1,AA5946,1,18
2026-08-02T01:23:44.175Z,deep_scan,20260802011913_1A-4-7-8-17-28C,30,1A,1,10,M21/1,AA7468,0,22
2026-08-02T01:23:44.199Z,deep_scan,20260802011913_1A-4-7-8-17-28C,30,1A,0,2,M26/1,AA7673,0,11
2026-08-02T01:23:44.199Z,deep_scan,20260802011913_1A-4-7-8-17-28C,30,1A,0,10,M254,AA6701,1,39
2026-08-02T01:23:44.199Z,deep_scan,20260802011913_1A-4-7-8-17-28C,30,1A,0,16,M252,AA7115,1,0
2026-08-02T01:24:14.165Z,deep_scan,20260802011913_1A-4-7-8-17-28C,30,1A,1,6,M35/1,AA5946,1,8
2026-08-02T01:24:14.165Z,deep_scan,20260802011913_1A-4-7-8-17-28C,30,1A,1,10,M21/1,AA7468,0,43
2026-08-02T01:24:14.195Z,deep_scan,20260802011913_1A-4-7-8-17-28C,30,1A,0,2,M26/1,AA7673,0,18
2026-08-02T01:24:14.195Z,deep_scan,20260802011913_1A-4-7-8-17-28C,30,1A,0,10,M254,AA6701,0,34
2026-08-02T01:24:14.195Z,deep_scan,20260802011913_1A-4-7-8-17-28C,30,1A,0,16,M252,AA7115,1,0
2026-08-02T01:24:44.188Z,deep_scan,20260802011913_1A-4-7-8-17-28C,30,1A,0,2,M26/1,AA7673,0,16
2026-08-02T01:24:44.188Z,deep_scan,20260802011913_1A-4-7-8-17-28C,30,1A,0,10,M254,AA6701,0,27
2026-08-02T01:24:44.188Z,deep_scan,20260802011913_1A-4-7-8-17-28C,30,1A,0,16,M252,AA7115,1,0
2026-08-02T01:24:44.228Z,deep_scan,20260802011913_1A-4-7-8-17-28C,30,1A,1,6,M35/1,AA5946,1,8
2026-08-02T01:24:44.228Z,deep_scan,20260802011913_1A-4-7-8-17-28C,30,1A,1,10,M21/1,AA7468,0,31
2026-08-02T01:25:14.149Z,deep_scan,20260802011913_1A-4-7-8-17-28C,30,1A,0,2,M26/1,AA7673,0,24
2026-08-02T01:25:14.149Z,deep_scan,20260802011913_1A-4-7-8-17-28C,30,1A,0,11,M241,AA6701,1,24
2026-08-02T01:25:14.154Z,deep_scan,20260802011913_1A-4-7-8-17-28C,30,1A,1,0,M252,AA7115,0,20
2026-08-02T01:25:14.154Z,deep_scan,20260802011913_1A-4-7-8-17-28C,30,1A,1,6,M35/1,AA5946,0,11
2026-08-02T01:25:14.154Z,deep_scan,20260802011913_1A-4-7-8-17-28C,30,1A,1,10,M21/1,AA7468,0,21
2026-08-02T01:25:44.194Z,deep_scan,20260802011913_1A-4-7-8-17-28C,30,1A,1,0,M252,AA7115,0,50
2026-08-02T01:25:44.194Z,deep_scan,20260802011913_1A-4-7-8-17-28C,30,1A,1,6,M35/1,AA5946,0,2
2026-08-02T01:25:44.194Z,deep_scan,20260802011913_1A-4-7-8-17-28C,30,1A,1,10,M21/1,AA7468,0,21
2026-08-02T01:25:44.235Z,deep_scan,20260802011913_1A-4-7-8-17-28C,30,1A,0,3,M10,AA7673,1,32
2026-08-02T01:25:44.235Z,deep_scan,20260802011913_1A-4-7-8-17-28C,30,1A,0,11,M241,AA6701,0,40
2026-08-02T01:26:14.166Z,deep_scan,20260802011913_1A-4-7-8-17-28C,30,1A,0,3,M10,AA7673,1,6
2026-08-02T01:26:14.166Z,deep_scan,20260802011913_1A-4-7-8-17-28C,30,1A,0,13,M156,AA6701,1,17
2026-08-02T01:26:14.183Z,deep_scan,20260802011913_1A-4-7-8-17-28C,30,1A,1,1,M161,AA7115,1,12
2026-08-02T01:26:14.183Z,deep_scan,20260802011913_1A-4-7-8-17-28C,30,1A,1,6,M35/1,AA5946,0,2
2026-08-02T01:26:14.183Z,deep_scan,20260802011913_1A-4-7-8-17-28C,30,1A,1,10,M21/1,AA7468,0,3
2026-08-02T01:26:44.197Z,deep_scan,20260802011913_1A-4-7-8-17-28C,30,1A,0,3,M10,AA7673,1,6
2026-08-02T01:26:44.197Z,deep_scan,20260802011913_1A-4-7-8-17-28C,30,1A,0,13,M156,AA6701,1,2
2026-08-02T01:26:44.205Z,deep_scan,20260802011913_1A-4-7-8-17-28C,30,1A,1,2,M70,AA7115,1,30
2026-08-02T01:26:44.205Z,deep_scan,20260802011913_1A-4-7-8-17-28C,30,1A,1,7,M28/1,AA5946,1,28
2026-08-02T01:26:44.205Z,deep_scan,20260802011913_1A-4-7-8-17-28C,30,1A,1,11,M120/2,AA7468,1,0
2026-08-02T01:27:14.158Z,deep_scan,20260802011913_1A-4-7-8-17-28C,30,1A,0,3,M10,AA7673,0,22
2026-08-02T01:27:14.158Z,deep_scan,20260802011913_1A-4-7-8-17-28C,30,1A,0,13,M156,AA6701,0,2
2026-08-02T01:27:14.229Z,deep_scan,20260802011913_1A-4-7-8-17-28C,30,1A,1,2,M70,AA7115,0,32
2026-08-02T01:27:14.229Z,deep_scan,20260802011913_1A-4-7-8-17-28C,30,1A,1,7,M28/1,AA5946,0,31
2026-08-02T01:27:14.229Z,deep_scan,20260802011913_1A-4-7-8-17-28C,30,1A,1,11,M120/2,AA7468,1,0
2026-08-02T01:27:44.162Z,deep_scan,20260802011913_1A-4-7-8-17-28C,30,1A,0,3,M10,AA7673,0,19
2026-08-02T01:27:44.162Z,deep_scan,20260802011913_1A-4-7-8-17-28C,30,1A,0,13,M156,AA6701,0,2
2026-08-02T01:27:44.194Z,deep_scan,20260802011913_1A-4-7-8-17-28C,30,1A,1,3,M118,AA7115,1,19
2026-08-02T01:27:44.194Z,deep_scan,20260802011913_1A-4-7-8-17-28C,30,1A,1,7,M28/1,AA5946,0,31
2026-08-02T01:27:44.194Z,deep_scan,20260802011913_1A-4-7-8-17-28C,30,1A,1,11,M120/2,AA7468,1,0
2026-08-02T01:28:14.189Z,deep_scan,20260802011913_1A-4-7-8-17-28C,30,1A,0,3,M10,AA7673,0,26
2026-08-02T01:28:14.189Z,deep_scan,20260802011913_1A-4-7-8-17-28C,30,1A,0,13,M156,AA6701,0,29
2026-08-02T01:28:14.193Z,deep_scan,20260802011913_1A-4-7-8-17-28C,30,1A,1,3,M118,AA7115,1,4
2026-08-02T01:28:14.193Z,deep_scan,20260802011913_1A-4-7-8-17-28C,30,1A,1,7,M28/1,AA5946,0,8
2026-08-02T01:28:14.193Z,deep_scan,20260802011913_1A-4-7-8-17-28C,30,1A,1,11,M120/2,AA7468,1,0
2026-08-02T01:28:44.198Z,deep_scan,20260802011913_1A-4-7-8-17-28C,30,1A,0,4,M27,AA7673,1,3
2026-08-02T01:28:44.198Z,deep_scan,20260802011913_1A-4-7-8-17-28C,30,1A,0,14,M253,AA6701,1,24
2026-08-02T01:28:44.272Z,deep_scan,20260802011913_1A-4-7-8-17-28C,30,1A,1,3,M118,AA7115,0,21
2026-08-02T01:28:44.272Z,deep_scan,20260802011913_1A-4-7-8-17-28C,30,1A,1,7,M28/1,AA5946,0,8
2026-08-02T01:28:44.272Z,deep_scan,20260802011913_1A-4-7-8-17-28C,30,1A,1,11,M120/2,AA7468,1,0
2026-08-02T01:29:14.207Z,deep_scan,20260802011913_1A-4-7-8-17-28C,30,1A,1,3,M118,AA7115,0,42
2026-08-02T01:29:14.207Z,deep_scan,20260802011913_1A-4-7-8-17-28C,30,1A,1,7,M28/1,AA5946,0,17
2026-08-02T01:29:14.207Z,deep_scan,20260802011913_1A-4-7-8-17-28C,30,1A,1,11,M120/2,AA7468,1,0
2026-08-02T01:29:14.214Z,deep_scan,20260802011913_1A-4-7-8-17-28C,30,1A,0,4,M27,AA7673,1,5
2026-08-02T01:29:14.214Z,deep_scan,20260802011913_1A-4-7-8-17-28C,30,1A,0,14,M253,AA6701,0,24
2026-08-02T01:29:44.266Z,deep_scan,20260802011913_1A-4-7-8-17-28C,30,1A,1,3,M118,AA7115,0,42
2026-08-02T01:29:44.266Z,deep_scan,20260802011913_1A-4-7-8-17-28C,30,1A,1,7,M28/1,AA5946,0,17
2026-08-02T01:29:44.266Z,deep_scan,20260802011913_1A-4-7-8-17-28C,30,1A,1,11,M120/2,AA7468,1,0
2026-08-02T01:29:44.277Z,deep_scan,20260802011913_1A-4-7-8-17-28C,30,1A,0,4,M27,AA7673,0,25
2026-08-02T01:29:44.277Z,deep_scan,20260802011913_1A-4-7-8-17-28C,30,1A,0,15,M250,AA6701,1,21
2026-08-02T01:30:14.217Z,deep_scan,20260802011913_1A-4-7-8-17-28C,30,1A,0,4,M27,AA7673,0,25
2026-08-02T01:30:14.217Z,deep_scan,20260802011913_1A-4-7-8-17-28C,30,1A,0,15,M250,AA6701,1,12
2026-08-02T01:30:14.254Z,deep_scan,20260802011913_1A-4-7-8-17-28C,30,1A,1,3,M118,AA7115,0,37
2026-08-02T01:30:14.254Z,deep_scan,20260802011913_1A-4-7-8-17-28C,30,1A,1,7,M28/1,AA5946,0,17
2026-08-02T01:30:14.254Z,deep_scan,20260802011913_1A-4-7-8-17-28C,30,1A,1,11,M120/2,AA7468,1,0
2026-08-02T01:30:44.237Z,deep_scan,20260802011913_1A-4-7-8-17-28C,30,1A,1,3,M118,AA7115,0,33
2026-08-02T01:30:44.237Z,deep_scan,20260802011913_1A-4-7-8-17-28C,30,1A,1,7,M28/1,AA5946,0,19
2026-08-02T01:30:44.237Z,deep_scan,20260802011913_1A-4-7-8-17-28C,30,1A,1,11,M120/2,AA7468,1,0
2026-08-02T01:30:44.332Z,deep_scan,20260802011913_1A-4-7-8-17-28C,30,1A,0,4,M27,AA7673,0,25
2026-08-02T01:30:44.332Z,deep_scan,20260802011913_1A-4-7-8-17-28C,30,1A,0,15,M250,AA6701,0,19
2026-08-02T01:31:14.282Z,deep_scan,20260802011913_1A-4-7-8-17-28C,30,1A,1,3,M118,AA7115,0,47
2026-08-02T01:31:14.282Z,deep_scan,20260802011913_1A-4-7-8-17-28C,30,1A,1,7,M28/1,AA5946,0,19
2026-08-02T01:31:14.288Z,deep_scan,20260802011913_1A-4-7-8-17-28C,30,1A,0,5,M29,AA7673,1,21
2026-08-02T01:31:14.288Z,deep_scan,20260802011913_1A-4-7-8-17-28C,30,1A,0,16,M252,AA6701,1,0
2026-08-02T01:31:44.230Z,deep_scan,20260802011913_1A-4-7-8-17-28C,30,1A,1,4,M53,AA7115,1,27
2026-08-02T01:31:44.230Z,deep_scan,20260802011913_1A-4-7-8-17-28C,30,1A,1,8,M11,AA5946,1,5
2026-08-02T01:31:44.273Z,deep_scan,20260802011913_1A-4-7-8-17-28C,30,1A,0,0,M120/2,AA5646,1,34
2026-08-02T01:31:44.273Z,deep_scan,20260802011913_1A-4-7-8-17-28C,30,1A,0,5,M29,AA7673,1,8
2026-08-02T01:31:44.273Z,deep_scan,20260802011913_1A-4-7-8-17-28C,30,1A,0,16,M252,AA6701,1,0
2026-08-02T01:32:14.236Z,deep_scan,20260802011913_1A-4-7-8-17-28C,30,1A,0,0,M120/2,AA5646,1,34
2026-08-02T01:32:14.236Z,deep_scan,20260802011913_1A-4-7-8-17-28C,30,1A,0,5,M29,AA7673,1,8
2026-08-02T01:32:14.236Z,deep_scan,20260802011913_1A-4-7-8-17-28C,30,1A,0,16,M252,AA6701,1,0
2026-08-02T01:32:14.252Z,deep_scan,20260802011913_1A-4-7-8-17-28C,30,1A,1,4,M53,AA7115,0,46
2026-08-02T01:32:14.252Z,deep_scan,20260802011913_1A-4-7-8-17-28C,30,1A,1,9,M12,AA5946,1,19
2026-08-02T01:32:44.266Z,deep_scan,20260802011913_1A-4-7-8-17-28C,30,1A,1,4,M53,AA7115,0,23
2026-08-02T01:32:44.266Z,deep_scan,20260802011913_1A-4-7-8-17-28C,30,1A,1,9,M12,AA5946,1,19
2026-08-02T01:32:44.321Z,deep_scan,20260802011913_1A-4-7-8-17-28C,30,1A,0,0,M120/2,AA5646,0,34
2026-08-02T01:32:44.321Z,deep_scan,20260802011913_1A-4-7-8-17-28C,30,1A,0,5,M29,AA7673,0,34
2026-08-02T01:32:44.321Z,deep_scan,20260802011913_1A-4-7-8-17-28C,30,1A,0,16,M252,AA6701,1,0
2026-08-02T01:33:14.274Z,deep_scan,20260802011913_1A-4-7-8-17-28C,30,1A,1,5,M49,AA7115,1,7
2026-08-02T01:33:14.274Z,deep_scan,20260802011913_1A-4-7-8-17-28C,30,1A,1,9,M12,AA5946,1,19
2026-08-02T01:33:14.301Z,deep_scan,20260802011913_1A-4-7-8-17-28C,30,1A,0,0,M120/2,AA5646,0,2
2026-08-02T01:33:14.301Z,deep_scan,20260802011913_1A-4-7-8-17-28C,30,1A,0,6,M36,AA7673,1,25
2026-08-02T01:33:14.301Z,deep_scan,20260802011913_1A-4-7-8-17-28C,30,1A,0,16,M252,AA6701,1,0
2026-08-02T01:33:44.259Z,deep_scan,20260802011913_1A-4-7-8-17-28C,30,1A,1,5,M49,AA7115,1,10
2026-08-02T01:33:44.259Z,deep_scan,20260802011913_1A-4-7-8-17-28C,30,1A,1,9,M12,AA5946,1,4
2026-08-02T01:33:44.262Z,deep_scan,20260802011913_1A-4-7-8-17-28C,30,1A,0,0,M120/2,AA5646,0,2
2026-08-02T01:33:44.262Z,deep_scan,20260802011913_1A-4-7-8-17-28C,30,1A,0,6,M36,AA7673,1,12
2026-08-02T01:33:44.262Z,deep_scan,20260802011913_1A-4-7-8-17-28C,30,1A,0,16,M252,AA6701,1,0
2026-08-02T01:34:14.268Z,deep_scan,20260802011913_1A-4-7-8-17-28C,30,1A,0,1,M108/1,AA5646,1,23
2026-08-02T01:34:14.268Z,deep_scan,20260802011913_1A-4-7-8-17-28C,30,1A,0,6,M36,AA7673,0,27
2026-08-02T01:34:14.268Z,deep_scan,20260802011913_1A-4-7-8-17-28C,30,1A,0,16,M252,AA6701,1,0
2026-08-02T01:34:14.272Z,deep_scan,20260802011913_1A-4-7-8-17-28C,30,1A,1,6,M35/1,AA7115,1,22
2026-08-02T01:34:14.272Z,deep_scan,20260802011913_1A-4-7-8-17-28C,30,1A,1,10,M21/1,AA5946,1,24
2026-08-02T01:34:44.334Z,deep_scan,20260802011913_1A-4-7-8-17-28C,30,1A,0,1,M108/1,AA5646,1,23
2026-08-02T01:34:44.334Z,deep_scan,20260802011913_1A-4-7-8-17-28C,30,1A,0,7,M48,AA7673,1,3
2026-08-02T01:34:44.334Z,deep_scan,20260802011913_1A-4-7-8-17-28C,30,1A,0,16,M252,AA6701,1,0
2026-08-02T01:34:44.346Z,deep_scan,20260802011913_1A-4-7-8-17-28C,30,1A,1,6,M35/1,AA7115,1,2
2026-08-02T01:34:44.346Z,deep_scan,20260802011913_1A-4-7-8-17-28C,30,1A,1,10,M21/1,AA5946,1,7
2026-08-02T01:35:14.280Z,deep_scan,20260802011913_1A-4-7-8-17-28C,30,1A,0,1,M108/1,AA5646,0,8
2026-08-02T01:35:14.280Z,deep_scan,20260802011913_1A-4-7-8-17-28C,30,1A,0,7,M48,AA7673,0,22
2026-08-02T01:35:14.280Z,deep_scan,20260802011913_1A-4-7-8-17-28C,30,1A,0,16,M252,AA6701,1,0
2026-08-02T01:35:14.291Z,deep_scan,20260802011913_1A-4-7-8-17-28C,30,1A,1,6,M35/1,AA7115,0,22
2026-08-02T01:35:14.291Z,deep_scan,20260802011913_1A-4-7-8-17-28C,30,1A,1,10,M21/1,AA5946,0,31
2026-08-02T01:35:44.273Z,deep_scan,20260802011913_1A-4-7-8-17-28C,30,1A,0,1,M108/1,AA5646,0,37
2026-08-02T01:35:44.273Z,deep_scan,20260802011913_1A-4-7-8-17-28C,30,1A,0,7,M48,AA7673,0,31
2026-08-02T01:35:44.307Z,deep_scan,20260802011913_1A-4-7-8-17-28C,30,1A,1,6,M35/1,AA7115,0,19
2026-08-02T01:35:44.307Z,deep_scan,20260802011913_1A-4-7-8-17-28C,30,1A,1,10,M21/1,AA5946,0,31
2026-08-02T01:36:14.275Z,deep_scan,20260802011913_1A-4-7-8-17-28C,30,1A,0,1,M108/1,AA5646,0,40
2026-08-02T01:36:14.275Z,deep_scan,20260802011913_1A-4-7-8-17-28C,30,1A,0,8,M52,AA7673,1,9
2026-08-02T01:36:14.322Z,deep_scan,20260802011913_1A-4-7-8-17-28C,30,1A,1,7,M28/1,AA7115,1,22
2026-08-02T01:36:14.322Z,deep_scan,20260802011913_1A-4-7-8-17-28C,30,1A,1,10,M21/1,AA5946,0,31
2026-08-02T01:36:44.330Z,deep_scan,20260802011913_1A-4-7-8-17-28C,30,1A,1,7,M28/1,AA7115,1,24
2026-08-02T01:36:44.330Z,deep_scan,20260802011913_1A-4-7-8-17-28C,30,1A,1,10,M21/1,AA5946,0,31
2026-08-02T01:36:44.362Z,deep_scan,20260802011913_1A-4-7-8-17-28C,30,1A,0,1,M108/1,AA5646,0,4
2026-08-02T01:36:44.362Z,deep_scan,20260802011913_1A-4-7-8-17-28C,30,1A,0,8,M52,AA7673,0,3
2026-08-02T01:37:14.315Z,deep_scan,20260802011913_1A-4-7-8-17-28C,30,1A,1,7,M28/1,AA7115,0,10
2026-08-02T01:37:14.315Z,deep_scan,20260802011913_1A-4-7-8-17-28C,30,1A,1,10,M21/1,AA5946,0,47
2026-08-02T01:37:14.382Z,deep_scan,20260802011913_1A-4-7-8-17-28C,30,1A,0,1,M108/1,AA5646,0,23
2026-08-02T01:37:14.382Z,deep_scan,20260802011913_1A-4-7-8-17-28C,30,1A,0,8,M52,AA7673,0,23
2026-08-02T01:37:44.306Z,deep_scan,20260802011913_1A-4-7-8-17-28C,30,1A,1,7,M28/1,AA7115,0,18
2026-08-02T01:37:44.306Z,deep_scan,20260802011913_1A-4-7-8-17-28C,30,1A,1,10,M21/1,AA5946,0,26
2026-08-02T01:37:44.332Z,deep_scan,20260802011913_1A-4-7-8-17-28C,30,1A,0,2,M26/1,AA5646,0,17
2026-08-02T01:37:44.332Z,deep_scan,20260802011913_1A-4-7-8-17-28C,30,1A,0,8,M52,AA7673,0,45
2026-08-02T01:38:14.277Z,deep_scan,20260802011913_1A-4-7-8-17-28C,30,1A,0,2,M26/1,AA5646,0,17
2026-08-02T01:38:14.277Z,deep_scan,20260802011913_1A-4-7-8-17-28C,30,1A,0,8,M52,AA7673,0,25
2026-08-02T01:38:14.285Z,deep_scan,20260802011913_1A-4-7-8-17-28C,30,1A,1,7,M28/1,AA7115,0,8
2026-08-02T01:38:14.285Z,deep_scan,20260802011913_1A-4-7-8-17-28C,30,1A,1,10,M21/1,AA5946,0,6
2026-08-02T01:38:44.306Z,deep_scan,20260802011913_1A-4-7-8-17-28C,30,1A,0,2,M26/1,AA5646,0,26
2026-08-02T01:38:44.306Z,deep_scan,20260802011913_1A-4-7-8-17-28C,30,1A,0,8,M52,AA7673,0,37
2026-08-02T01:38:44.311Z,deep_scan,20260802011913_1A-4-7-8-17-28C,30,1A,1,7,M28/1,AA7115,0,21
2026-08-02T01:38:44.311Z,deep_scan,20260802011913_1A-4-7-8-17-28C,30,1A,1,10,M21/1,AA5946,0,6
2026-08-02T01:39:14.318Z,deep_scan,20260802011913_1A-4-7-8-17-28C,30,1A,1,8,M11,AA7115,1,7
2026-08-02T01:39:14.318Z,deep_scan,20260802011913_1A-4-7-8-17-28C,30,1A,1,10,M21/1,AA5946,0,37
2026-08-02T01:39:14.368Z,deep_scan,20260802011913_1A-4-7-8-17-28C,30,1A,0,2,M26/1,AA5646,0,13
2026-08-02T01:39:14.368Z,deep_scan,20260802011913_1A-4-7-8-17-28C,30,1A,0,9,M239/1,AA7673,1,34
2026-08-02T01:39:44.349Z,deep_scan,20260802011913_1A-4-7-8-17-28C,30,1A,0,2,M26/1,AA5646,0,5
2026-08-02T01:39:44.349Z,deep_scan,20260802011913_1A-4-7-8-17-28C,30,1A,0,9,M239/1,AA7673,1,11
2026-08-02T01:39:44.354Z,deep_scan,20260802011913_1A-4-7-8-17-28C,30,1A,1,0,M252,AA6701,1,3
2026-08-02T01:39:44.354Z,deep_scan,20260802011913_1A-4-7-8-17-28C,30,1A,1,8,M11,AA7115,0,20
2026-08-02T01:39:44.354Z,deep_scan,20260802011913_1A-4-7-8-17-28C,30,1A,1,11,M120/2,AA5946,1,0
2026-08-02T01:40:14.260Z,deep_scan,20260802011913_1A-4-7-8-17-28C,30,1A,0,3,M10,AA5646,1,5
2026-08-02T01:40:14.260Z,deep_scan,20260802011913_1A-4-7-8-17-28C,30,1A,0,9,M239/1,AA7673,0,18
2026-08-02T01:40:14.334Z,deep_scan,20260802011913_1A-4-7-8-17-28C,30,1A,1,0,M252,AA6701,0,45
2026-08-02T01:40:14.334Z,deep_scan,20260802011913_1A-4-7-8-17-28C,30,1A,1,9,M12,AA7115,0,29
2026-08-02T01:40:14.334Z,deep_scan,20260802011913_1A-4-7-8-17-28C,30,1A,1,11,M120/2,AA5946,1,0
2026-08-02T01:40:44.343Z,deep_scan,20260802011913_1A-4-7-8-17-28C,30,1A,0,3,M10,AA5646,1,31
2026-08-02T01:40:44.343Z,deep_scan,20260802011913_1A-4-7-8-17-28C,30,1A,0,10,M254,AA7673,1,45
2026-08-02T01:40:44.364Z,deep_scan,20260802011913_1A-4-7-8-17-28C,30,1A,1,0,M252,AA6701,0,3
2026-08-02T01:40:44.364Z,deep_scan,20260802011913_1A-4-7-8-17-28C,30,1A,1,9,M12,AA7115,0,2
2026-08-02T01:40:44.364Z,deep_scan,20260802011913_1A-4-7-8-17-28C,30,1A,1,11,M120/2,AA5946,1,0
2026-08-02T01:41:14.388Z,deep_scan,20260802011913_1A-4-7-8-17-28C,30,1A,1,1,M161,AA6701,1,3
2026-08-02T01:41:14.388Z,deep_scan,20260802011913_1A-4-7-8-17-28C,30,1A,1,9,M12,AA7115,0,2
2026-08-02T01:41:14.388Z,deep_scan,20260802011913_1A-4-7-8-17-28C,30,1A,1,11,M120/2,AA5946,1,0
2026-08-02T01:41:14.418Z,deep_scan,20260802011913_1A-4-7-8-17-28C,30,1A,0,3,M10,AA5646,0,17
2026-08-02T01:41:14.418Z,deep_scan,20260802011913_1A-4-7-8-17-28C,30,1A,0,10,M254,AA7673,1,2
2026-08-02T01:41:44.384Z,deep_scan,20260802011913_1A-4-7-8-17-28C,30,1A,0,3,M10,AA5646,0,21
2026-08-02T01:41:44.384Z,deep_scan,20260802011913_1A-4-7-8-17-28C,30,1A,0,10,M254,AA7673,0,28
2026-08-02T01:41:44.388Z,deep_scan,20260802011913_1A-4-7-8-17-28C,30,1A,1,1,M161,AA6701,1,7
2026-08-02T01:41:44.388Z,deep_scan,20260802011913_1A-4-7-8-17-28C,30,1A,1,9,M12,AA7115,0,2
2026-08-02T01:41:44.388Z,deep_scan,20260802011913_1A-4-7-8-17-28C,30,1A,1,11,M120/2,AA5946,1,0
2026-08-02T01:42:14.394Z,deep_scan,20260802011913_1A-4-7-8-17-28C,30,1A,0,3,M10,AA5646,0,22
2026-08-02T01:42:14.394Z,deep_scan,20260802011913_1A-4-7-8-17-28C,30,1A,0,10,M254,AA7673,0,3
2026-08-02T01:42:14.423Z,deep_scan,20260802011913_1A-4-7-8-17-28C,30,1A,1,1,M161,AA6701,1,1
2026-08-02T01:42:14.423Z,deep_scan,20260802011913_1A-4-7-8-17-28C,30,1A,1,10,M21/1,AA7115,1,3
2026-08-02T01:42:14.423Z,deep_scan,20260802011913_1A-4-7-8-17-28C,30,1A,1,11,M120/2,AA5946,1,0
2026-08-02T01:42:44.402Z,deep_scan,20260802011913_1A-4-7-8-17-28C,30,1A,0,4,M27,AA5646,1,8
2026-08-02T01:42:44.402Z,deep_scan,20260802011913_1A-4-7-8-17-28C,30,1A,0,11,M241,AA7673,1,3
2026-08-02T01:42:44.409Z,deep_scan,20260802011913_1A-4-7-8-17-28C,30,1A,1,2,M70,AA6701,1,23
2026-08-02T01:42:44.409Z,deep_scan,20260802011913_1A-4-7-8-17-28C,30,1A,1,10,M21/1,AA7115,1,18
2026-08-02T01:42:44.409Z,deep_scan,20260802011913_1A-4-7-8-17-28C,30,1A,1,11,M120/2,AA5946,1,0
2026-08-02T01:43:14.377Z,deep_scan,20260802011913_1A-4-7-8-17-28C,30,1A,1,2,M70,AA6701,0,24
2026-08-02T01:43:14.377Z,deep_scan,20260802011913_1A-4-7-8-17-28C,30,1A,1,10,M21/1,AA7115,0,30
2026-08-02T01:43:14.377Z,deep_scan,20260802011913_1A-4-7-8-17-28C,30,1A,1,11,M120/2,AA5946,1,0
2026-08-02T01:43:14.468Z,deep_scan,20260802011913_1A-4-7-8-17-28C,30,1A,0,4,M27,AA5646,1,12
2026-08-02T01:43:14.468Z,deep_scan,20260802011913_1A-4-7-8-17-28C,30,1A,0,11,M241,AA7673,0,29
2026-08-02T01:43:44.389Z,deep_scan,20260802011913_1A-4-7-8-17-28C,30,1A,1,3,M118,AA6701,1,7
2026-08-02T01:43:44.389Z,deep_scan,20260802011913_1A-4-7-8-17-28C,30,1A,1,10,M21/1,AA7115,0,6
2026-08-02T01:43:44.389Z,deep_scan,20260802011913_1A-4-7-8-17-28C,30,1A,1,11,M120/2,AA5946,1,0
2026-08-02T01:43:44.427Z,deep_scan,20260802011913_1A-4-7-8-17-28C,30,1A,0,5,M29,AA5646,1,26
2026-08-02T01:43:44.427Z,deep_scan,20260802011913_1A-4-7-8-17-28C,30,1A,0,12,M71,AA7673,1,17
2026-08-02T01:44:14.442Z,deep_scan,20260802011913_1A-4-7-8-17-28C,30,1A,0,5,M29,AA5646,1,19
2026-08-02T01:44:14.442Z,deep_scan,20260802011913_1A-4-7-8-17-28C,30,1A,0,13,M156,AA7673,1,19
2026-08-02T01:44:14.455Z,deep_scan,20260802011913_1A-4-7-8-17-28C,30,1A,1,3,M118,AA6701,0,7
2026-08-02T01:44:14.455Z,deep_scan,20260802011913_1A-4-7-8-17-28C,30,1A,1,10,M21/1,AA7115,0,31
2026-08-02T01:44:44.422Z,deep_scan,20260802011913_1A-4-7-8-17-28C,30,1A,1,3,M118,AA6701,0,18
2026-08-02T01:44:44.422Z,deep_scan,20260802011913_1A-4-7-8-17-28C,30,1A,1,10,M21/1,AA7115,0,6
2026-08-02T01:44:44.431Z,deep_scan,20260802011913_1A-4-7-8-17-28C,30,1A,0,5,M29,AA5646,1,19
2026-08-02T01:44:44.431Z,deep_scan,20260802011913_1A-4-7-8-17-28C,30,1A,0,13,M156,AA7673,1,2
2026-08-02T01:45:14.411Z,deep_scan,20260802011913_1A-4-7-8-17-28C,30,1A,1,3,M118,AA6701,0,36
2026-08-02T01:45:14.411Z,deep_scan,20260802011913_1A-4-7-8-17-28C,30,1A,1,10,M21/1,AA7115,0,42
2026-08-02T01:45:14.430Z,deep_scan,20260802011913_1A-4-7-8-17-28C,30,1A,0,6,M36,AA5646,1,32
2026-08-02T01:45:14.430Z,deep_scan,20260802011913_1A-4-7-8-17-28C,30,1A,0,13,M156,AA7673,0,10
2026-08-02T01:45:44.458Z,deep_scan,20260802011913_1A-4-7-8-17-28C,30,1A,1,3,M118,AA6701,0,44
2026-08-02T01:45:44.458Z,deep_scan,20260802011913_1A-4-7-8-17-28C,30,1A,1,10,M21/1,AA7115,0,24
2026-08-02T01:45:44.472Z,deep_scan,20260802011913_1A-4-7-8-17-28C,30,1A,0,0,M120/2,AA5946,1,37
2026-08-02T01:45:44.472Z,deep_scan,20260802011913_1A-4-7-8-17-28C,30,1A,0,6,M36,AA5646,1,2
2026-08-02T01:45:44.472Z,deep_scan,20260802011913_1A-4-7-8-17-28C,30,1A,0,13,M156,AA7673,0,10
2026-08-02T01:46:14.458Z,deep_scan,20260802011913_1A-4-7-8-17-28C,30,1A,0,0,M120/2,AA5946,1,37
2026-08-02T01:46:14.458Z,deep_scan,20260802011913_1A-4-7-8-17-28C,30,1A,0,6,M36,AA5646,1,2
2026-08-02T01:46:14.458Z,deep_scan,20260802011913_1A-4-7-8-17-28C,30,1A,0,13,M156,AA7673,0,19
2026-08-02T01:46:14.478Z,deep_scan,20260802011913_1A-4-7-8-17-28C,30,1A,1,3,M118,AA6701,0,48
2026-08-02T01:46:14.478Z,deep_scan,20260802011913_1A-4-7-8-17-28C,30,1A,1,11,M120/2,AA7115,1,0
2026-08-02T01:46:44.462Z,deep_scan,20260802011913_1A-4-7-8-17-28C,30,1A,1,3,M118,AA6701,0,41
2026-08-02T01:46:44.462Z,deep_scan,20260802011913_1A-4-7-8-17-28C,30,1A,1,11,M120/2,AA7115,1,0
2026-08-02T01:46:44.469Z,deep_scan,20260802011913_1A-4-7-8-17-28C,30,1A,0,0,M120/2,AA5946,1,37
2026-08-02T01:46:44.469Z,deep_scan,20260802011913_1A-4-7-8-17-28C,30,1A,0,6,M36,AA5646,0,15
2026-08-02T01:46:44.469Z,deep_scan,20260802011913_1A-4-7-8-17-28C,30,1A,0,14,M253,AA7673,1,29
2026-08-02T01:47:14.468Z,deep_scan,20260802011913_1A-4-7-8-17-28C,30,1A,1,3,M118,AA6701,0,47
2026-08-02T01:47:14.468Z,deep_scan,20260802011913_1A-4-7-8-17-28C,30,1A,1,11,M120/2,AA7115,1,0
2026-08-02T01:47:15.531Z,deep_scan,20260802011913_1A-4-7-8-17-28C,30,1A,0,0,M120/2,AA5946,0,37
2026-08-02T01:47:15.531Z,deep_scan,20260802011913_1A-4-7-8-17-28C,30,1A,0,7,M48,AA5646,1,15
2026-08-02T01:47:15.531Z,deep_scan,20260802011913_1A-4-7-8-17-28C,30,1A,0,14,M253,AA7673,0,5
2026-08-02T01:47:44.467Z,deep_scan,20260802011913_1A-4-7-8-17-28C,30,1A,0,1,M108/1,AA5946,1,25
2026-08-02T01:47:44.467Z,deep_scan,20260802011913_1A-4-7-8-17-28C,30,1A,0,7,M48,AA5646,1,24
2026-08-02T01:47:44.467Z,deep_scan,20260802011913_1A-4-7-8-17-28C,30,1A,0,14,M253,AA7673,0,16
2026-08-02T01:47:44.486Z,deep_scan,20260802011913_1A-4-7-8-17-28C,30,1A,1,4,M53,AA6701,1,10
2026-08-02T01:47:44.486Z,deep_scan,20260802011913_1A-4-7-8-17-28C,30,1A,1,11,M120/2,AA7115,1,0
2026-08-02T01:48:14.465Z,deep_scan,20260802011913_1A-4-7-8-17-28C,30,1A,1,4,M53,AA6701,0,37
2026-08-02T01:48:14.465Z,deep_scan,20260802011913_1A-4-7-8-17-28C,30,1A,1,11,M120/2,AA7115,1,0
2026-08-02T01:48:14.494Z,deep_scan,20260802011913_1A-4-7-8-17-28C,30,1A,0,1,M108/1,AA5946,1,6
2026-08-02T01:48:14.494Z,deep_scan,20260802011913_1A-4-7-8-17-28C,30,1A,0,7,M48,AA5646,0,36
2026-08-02T01:48:14.494Z,deep_scan,20260802011913_1A-4-7-8-17-28C,30,1A,0,15,M250,AA7673,1,30
2026-08-02T01:48:44.455Z,deep_scan,20260802011913_1A-4-7-8-17-28C,30,1A,0,1,M108/1,AA5946,0,16
2026-08-02T01:48:44.455Z,deep_scan,20260802011913_1A-4-7-8-17-28C,30,1A,0,8,M52,AA5646,1,31
2026-08-02T01:48:44.455Z,deep_scan,20260802011913_1A-4-7-8-17-28C,30,1A,0,15,M250,AA7673,1,18
2026-08-02T01:48:44.484Z,deep_scan,20260802011913_1A-4-7-8-17-28C,30,1A,1,4,M53,AA6701,0,28
2026-08-02T01:48:44.484Z,deep_scan,20260802011913_1A-4-7-8-17-28C,30,1A,1,11,M120/2,AA7115,1,0
2026-08-02T01:49:14.515Z,deep_scan,20260802011913_1A-4-7-8-17-28C,30,1A,0,1,M108/1,AA5946,0,10
2026-08-02T01:49:14.515Z,deep_scan,20260802011913_1A-4-7-8-17-28C,30,1A,0,8,M52,AA5646,0,21
2026-08-02T01:49:14.515Z,deep_scan,20260802011913_1A-4-7-8-17-28C,30,1A,0,15,M250,AA7673,0,17
2026-08-02T01:49:14.579Z,deep_scan,20260802011913_1A-4-7-8-17-28C,30,1A,1,5,M49,AA6701,1,3
2026-08-02T01:49:14.579Z,deep_scan,20260802011913_1A-4-7-8-17-28C,30,1A,1,11,M120/2,AA7115,1,0
2026-08-02T01:49:44.485Z,deep_scan,20260802011913_1A-4-7-8-17-28C,30,1A,0,1,M108/1,AA5946,0,19
2026-08-02T01:49:44.485Z,deep_scan,20260802011913_1A-4-7-8-17-28C,30,1A,0,8,M52,AA5646,0,46
2026-08-02T01:49:44.485Z,deep_scan,20260802011913_1A-4-7-8-17-28C,30,1A,0,16,M252,AA7673,1,0
2026-08-02T01:49:44.498Z,deep_scan,20260802011913_1A-4-7-8-17-28C,30,1A,1,5,M49,AA6701,1,3
2026-08-02T01:49:44.498Z,deep_scan,20260802011913_1A-4-7-8-17-28C,30,1A,1,11,M120/2,AA7115,1,0
2026-08-02T01:50:14.533Z,deep_scan,20260802011913_1A-4-7-8-17-28C,30,1A,1,5,M49,AA6701,1,12
2026-08-02T01:50:14.533Z,deep_scan,20260802011913_1A-4-7-8-17-28C,30,1A,1,11,M120/2,AA7115,1,0
2026-08-02T01:50:14.586Z,deep_scan,20260802011913_1A-4-7-8-17-28C,30,1A,0,1,M108/1,AA5946,0,24
2026-08-02T01:50:14.586Z,deep_scan,20260802011913_1A-4-7-8-17-28C,30,1A,0,8,M52,AA5646,0,42
2026-08-02T01:50:14.586Z,deep_scan,20260802011913_1A-4-7-8-17-28C,30,1A,0,16,M252,AA7673,1,0
2026-08-02T01:50:44.553Z,deep_scan,20260802011913_1A-4-7-8-17-28C,30,1A,0,1,M108/1,AA5946,0,42
2026-08-02T01:50:44.553Z,deep_scan,20260802011913_1A-4-7-8-17-28C,30,1A,0,8,M52,AA5646,0,30
2026-08-02T01:50:44.553Z,deep_scan,20260802011913_1A-4-7-8-17-28C,30,1A,0,16,M252,AA7673,1,0
2026-08-02T01:50:44.569Z,deep_scan,20260802011913_1A-4-7-8-17-28C,30,1A,1,5,M49,AA6701,0,34
2026-08-02T01:51:14.534Z,deep_scan,20260802011913_1A-4-7-8-17-28C,30,1A,1,6,M35/1,AA6701,1,12
2026-08-02T01:51:14.557Z,deep_scan,20260802011913_1A-4-7-8-17-28C,30,1A,0,1,M108/1,AA5946,0,4
2026-08-02T01:51:14.557Z,deep_scan,20260802011913_1A-4-7-8-17-28C,30,1A,0,8,M52,AA5646,0,33
2026-08-02T01:51:14.557Z,deep_scan,20260802011913_1A-4-7-8-17-28C,30,1A,0,16,M252,AA7673,1,0
2026-08-02T01:51:44.532Z,deep_scan,20260802011913_1A-4-7-8-17-28C,30,1A,0,1,M108/1,AA5946,0,27
2026-08-02T01:51:44.532Z,deep_scan,20260802011913_1A-4-7-8-17-28C,30,1A,0,9,M239/1,AA5646,1,7
2026-08-02T01:51:44.532Z,deep_scan,20260802011913_1A-4-7-8-17-28C,30,1A,0,16,M252,AA7673,1,0
2026-08-02T01:51:44.536Z,deep_scan,20260802011913_1A-4-7-8-17-28C,30,1A,1,6,M35/1,AA6701,1,11
2026-08-02T01:52:14.562Z,deep_scan,20260802011913_1A-4-7-8-17-28C,30,1A,1,6,M35/1,AA6701,1,17
2026-08-02T01:52:14.591Z,deep_scan,20260802011913_1A-4-7-8-17-28C,30,1A,0,2,M26/1,AA5946,1,26
2026-08-02T01:52:14.591Z,deep_scan,20260802011913_1A-4-7-8-17-28C,30,1A,0,9,M239/1,AA5646,0,9
2026-08-02T01:52:14.591Z,deep_scan,20260802011913_1A-4-7-8-17-28C,30,1A,0,16,M252,AA7673,1,0
2026-08-02T01:52:44.532Z,deep_scan,20260802011913_1A-4-7-8-17-28C,30,1A,1,6,M35/1,AA6701,1,17
2026-08-02T01:52:44.543Z,deep_scan,20260802011913_1A-4-7-8-17-28C,30,1A,0,2,M26/1,AA5946,1,8
2026-08-02T01:52:44.543Z,deep_scan,20260802011913_1A-4-7-8-17-28C,30,1A,0,10,M254,AA5646,1,4
2026-08-02T01:52:44.543Z,deep_scan,20260802011913_1A-4-7-8-17-28C,30,1A,0,16,M252,AA7673,1,0
2026-08-02T01:53:14.590Z,deep_scan,20260802011913_1A-4-7-8-17-28C,30,1A,1,0,M252,AA7673,1,2
2026-08-02T01:53:14.590Z,deep_scan,20260802011913_1A-4-7-8-17-28C,30,1A,1,6,M35/1,AA6701,1,26
2026-08-02T01:53:14.617Z,deep_scan,20260802011913_1A-4-7-8-17-28C,30,1A,0,2,M26/1,AA5946,0,10
2026-08-02T01:53:14.617Z,deep_scan,20260802011913_1A-4-7-8-17-28C,30,1A,0,10,M254,AA5646,0,28
2026-08-02T01:53:44.545Z,deep_scan,20260802011913_1A-4-7-8-17-28C,30,1A,0,2,M26/1,AA5946,0,17
2026-08-02T01:53:44.545Z,deep_scan,20260802011913_1A-4-7-8-17-28C,30,1A,0,10,M254,AA5646,0,31
2026-08-02T01:53:44.565Z,deep_scan,20260802011913_1A-4-7-8-17-28C,30,1A,1,0,M252,AA7673,0,23
2026-08-02T01:53:44.565Z,deep_scan,20260802011913_1A-4-7-8-17-28C,30,1A,1,6,M35/1,AA6701,0,31
2026-08-02T01:54:14.586Z,deep_scan,20260802011913_1A-4-7-8-17-28C,30,1A,1,0,M252,AA7673,0,40
2026-08-02T01:54:14.586Z,deep_scan,20260802011913_1A-4-7-8-17-28C,30,1A,1,6,M35/1,AA6701,0,5
2026-08-02T01:54:14.603Z,deep_scan,20260802011913_1A-4-7-8-17-28C,30,1A,0,2,M26/1,AA5946,0,8
2026-08-02T01:54:14.603Z,deep_scan,20260802011913_1A-4-7-8-17-28C,30,1A,0,11,M241,AA5646,1,8
2026-08-02T01:54:44.558Z,deep_scan,20260802011913_1A-4-7-8-17-28C,30,1A,0,3,M10,AA5946,1,32
2026-08-02T01:54:44.558Z,deep_scan,20260802011913_1A-4-7-8-17-28C,30,1A,0,11,M241,AA5646,1,12
2026-08-02T01:54:44.596Z,deep_scan,20260802011913_1A-4-7-8-17-28C,30,1A,1,1,M161,AA7673,1,30
2026-08-02T01:54:44.596Z,deep_scan,20260802011913_1A-4-7-8-17-28C,30,1A,1,7,M28/1,AA6701,1,17
2026-08-02T01:55:14.617Z,deep_scan,20260802011913_1A-4-7-8-17-28C,30,1A,0,3,M10,AA5946,1,7
2026-08-02T01:55:14.617Z,deep_scan,20260802011913_1A-4-7-8-17-28C,30,1A,0,12,M71,AA5646,1,18
2026-08-02T01:55:14.701Z,deep_scan,20260802011913_1A-4-7-8-17-28C,30,1A,1,1,M161,AA7673,0,5
2026-08-02T01:55:14.701Z,deep_scan,20260802011913_1A-4-7-8-17-28C,30,1A,1,7,M28/1,AA6701,1,2
2026-08-02T01:55:44.597Z,deep_scan,20260802011913_1A-4-7-8-17-28C,30,1A,0,3,M10,AA5946,0,15
2026-08-02T01:55:44.597Z,deep_scan,20260802011913_1A-4-7-8-17-28C,30,1A,0,12,M71,AA5646,0,23
2026-08-02T01:55:44.607Z,deep_scan,20260802011913_1A-4-7-8-17-28C,30,1A,1,2,M70,AA7673,1,5
2026-08-02T01:55:44.607Z,deep_scan,20260802011913_1A-4-7-8-17-28C,30,1A,1,7,M28/1,AA6701,0,3
2026-08-02T01:56:14.614Z,deep_scan,20260802011913_1A-4-7-8-17-28C,30,1A,1,2,M70,AA7673,0,35
2026-08-02T01:56:14.614Z,deep_scan,20260802011913_1A-4-7-8-17-28C,30,1A,1,7,M28/1,AA6701,0,31
2026-08-02T01:56:14.619Z,deep_scan,20260802011913_1A-4-7-8-17-28C,30,1A,0,3,M10,AA5946,0,25
2026-08-02T01:56:14.619Z,deep_scan,20260802011913_1A-4-7-8-17-28C,30,1A,0,13,M156,AA5646,1,26
2026-08-02T01:56:44.601Z,deep_scan,20260802011913_1A-4-7-8-17-28C,30,1A,0,4,M27,AA5946,1,25
2026-08-02T01:56:44.601Z,deep_scan,20260802011913_1A-4-7-8-17-28C,30,1A,0,13,M156,AA5646,0,11
2026-08-02T01:56:44.640Z,deep_scan,20260802011913_1A-4-7-8-17-28C,30,1A,1,3,M118,AA7673,1,2
2026-08-02T01:56:44.640Z,deep_scan,20260802011913_1A-4-7-8-17-28C,30,1A,1,7,M28/1,AA6701,0,17
2026-08-02T01:57:14.620Z,deep_scan,20260802011913_1A-4-7-8-17-28C,30,1A,0,4,M27,AA5946,1,7
2026-08-02T01:57:14.620Z,deep_scan,20260802011913_1A-4-7-8-17-28C,30,1A,0,13,M156,AA5646,0,32
2026-08-02T01:57:14.661Z,deep_scan,20260802011913_1A-4-7-8-17-28C,30,1A,1,3,M118,AA7673,1,3
2026-08-02T01:57:14.661Z,deep_scan,20260802011913_1A-4-7-8-17-28C,30,1A,1,7,M28/1,AA6701,0,2
2026-08-02T01:57:44.635Z,deep_scan,20260802011913_1A-4-7-8-17-28C,30,1A,1,3,M118,AA7673,0,3
2026-08-02T01:57:44.635Z,deep_scan,20260802011913_1A-4-7-8-17-28C,30,1A,1,8,M11,AA6701,1,17
2026-08-02T01:57:44.648Z,deep_scan,20260802011913_1A-4-7-8-17-28C,30,1A,0,4,M27,AA5946,1,10
2026-08-02T01:57:44.648Z,deep_scan,20260802011913_1A-4-7-8-17-28C,30,1A,0,14,M253,AA5646,1,29
2026-08-02T01:58:14.664Z,deep_scan,20260802011913_1A-4-7-8-17-28C,30,1A,0,4,M27,AA5946,0,20
2026-08-02T01:58:14.664Z,deep_scan,20260802011913_1A-4-7-8-17-28C,30,1A,0,14,M253,AA5646,0,39
2026-08-02T01:58:14.671Z,deep_scan,20260802011913_1A-4-7-8-17-28C,30,1A,1,3,M118,AA7673,0,24
2026-08-02T01:58:14.671Z,deep_scan,20260802011913_1A-4-7-8-17-28C,30,1A,1,9,M12,AA6701,1,22
2026-08-02T01:58:44.655Z,deep_scan,20260802011913_1A-4-7-8-17-28C,30,1A,0,5,M29,AA5946,1,16
2026-08-02T01:58:44.655Z,deep_scan,20260802011913_1A-4-7-8-17-28C,30,1A,0,15,M250,AA5646,1,14
2026-08-02T01:58:44.675Z,deep_scan,20260802011913_1A-4-7-8-17-28C,30,1A,1,3,M118,AA7673,0,35
2026-08-02T01:58:44.675Z,deep_scan,20260802011913_1A-4-7-8-17-28C,30,1A,1,9,M12,AA6701,0,18
2026-08-02T01:59:14.620Z,deep_scan,20260802011913_1A-4-7-8-17-28C,30,1A,0,0,M120/2,AA5407,1,29
2026-08-02T01:59:14.620Z,deep_scan,20260802011913_1A-4-7-8-17-28C,30,1A,0,5,M29,AA5946,1,9
2026-08-02T01:59:14.620Z,deep_scan,20260802011913_1A-4-7-8-17-28C,30,1A,0,15,M250,AA5646,1,32
2026-08-02T01:59:14.639Z,deep_scan,20260802011913_1A-4-7-8-17-28C,30,1A,1,3,M118,AA7673,0,20
2026-08-02T01:59:14.639Z,deep_scan,20260802011913_1A-4-7-8-17-28C,30,1A,1,10,M21/1,AA6701,1,31
2026-08-02T01:59:44.631Z,deep_scan,20260802011913_1A-4-7-8-17-28C,30,1A,0,0,M120/2,AA5407,1,29
2026-08-02T01:59:44.631Z,deep_scan,20260802011913_1A-4-7-8-17-28C,30,1A,0,5,M29,AA5946,1,5
2026-08-02T01:59:44.631Z,deep_scan,20260802011913_1A-4-7-8-17-28C,30,1A,0,15,M250,AA5646,0,31
2026-08-02T01:59:44.640Z,deep_scan,20260802011913_1A-4-7-8-17-28C,30,1A,1,3,M118,AA7673,0,45
2026-08-02T01:59:44.640Z,deep_scan,20260802011913_1A-4-7-8-17-28C,30,1A,1,10,M21/1,AA6701,0,31
2026-08-02T02:00:14.663Z,deep_scan,20260802011913_1A-4-7-8-17-28C,30,1A,0,0,M120/2,AA5407,0,29
2026-08-02T02:00:14.663Z,deep_scan,20260802011913_1A-4-7-8-17-28C,30,1A,0,5,M29,AA5946,1,5
2026-08-02T02:00:14.663Z,deep_scan,20260802011913_1A-4-7-8-17-28C,30,1A,0,16,M252,AA5646,1,0
2026-08-02T02:00:14.682Z,deep_scan,20260802011913_1A-4-7-8-17-28C,30,1A,1,3,M118,AA7673,0,39
2026-08-02T02:00:14.682Z,deep_scan,20260802011913_1A-4-7-8-17-28C,30,1A,1,10,M21/1,AA6701,0,2
2026-08-02T02:00:44.662Z,deep_scan,20260802011913_1A-4-7-8-17-28C,30,1A,1,4,M53,AA7673,1,48
2026-08-02T02:00:44.662Z,deep_scan,20260802011913_1A-4-7-8-17-28C,30,1A,1,10,M21/1,AA6701,0,4
2026-08-02T02:00:44.686Z,deep_scan,20260802011913_1A-4-7-8-17-28C,30,1A,0,0,M120/2,AA5407,0,21
2026-08-02T02:00:44.686Z,deep_scan,20260802011913_1A-4-7-8-17-28C,30,1A,0,6,M36,AA5946,1,29
2026-08-02T02:00:44.686Z,deep_scan,20260802011913_1A-4-7-8-17-28C,30,1A,0,16,M252,AA5646,1,0
2026-08-02T02:01:14.714Z,deep_scan,20260802011913_1A-4-7-8-17-28C,30,1A,0,0,M120/2,AA5407,0,21
2026-08-02T02:01:14.714Z,deep_scan,20260802011913_1A-4-7-8-17-28C,30,1A,0,6,M36,AA5946,1,5
2026-08-02T02:01:14.714Z,deep_scan,20260802011913_1A-4-7-8-17-28C,30,1A,0,16,M252,AA5646,1,0
2026-08-02T02:01:14.745Z,deep_scan,20260802011913_1A-4-7-8-17-28C,30,1A,1,4,M53,AA7673,1,6
2026-08-02T02:01:14.745Z,deep_scan,20260802011913_1A-4-7-8-17-28C,30,1A,1,10,M21/1,AA6701,0,12
2026-08-02T02:01:44.665Z,deep_scan,20260802011913_1A-4-7-8-17-28C,30,1A,0,1,M108/1,AA5407,1,23
2026-08-02T02:01:44.665Z,deep_scan,20260802011913_1A-4-7-8-17-28C,30,1A,0,6,M36,AA5946,0,11
2026-08-02T02:01:44.665Z,deep_scan,20260802011913_1A-4-7-8-17-28C,30,1A,0,16,M252,AA5646,1,0
2026-08-02T02:01:44.679Z,deep_scan,20260802011913_1A-4-7-8-17-28C,30,1A,1,4,M53,AA7673,1,4
2026-08-02T02:01:44.679Z,deep_scan,20260802011913_1A-4-7-8-17-28C,30,1A,1,10,M21/1,AA6701,0,12
2026-08-02T02:02:14.701Z,deep_scan,20260802011913_1A-4-7-8-17-28C,30,1A,0,1,M108/1,AA5407,0,1
2026-08-02T02:02:14.701Z,deep_scan,20260802011913_1A-4-7-8-17-28C,30,1A,0,7,M48,AA5946,1,30
2026-08-02T02:02:14.701Z,deep_scan,20260802011913_1A-4-7-8-17-28C,30,1A,0,16,M252,AA5646,1,0
2026-08-02T02:02:14.706Z,deep_scan,20260802011913_1A-4-7-8-17-28C,30,1A,1,4,M53,AA7673,0,34
2026-08-02T02:02:14.706Z,deep_scan,20260802011913_1A-4-7-8-17-28C,30,1A,1,10,M21/1,AA6701,0,12
2026-08-02T02:02:44.651Z,deep_scan,20260802011913_1A-4-7-8-17-28C,30,1A,0,1,M108/1,AA5407,0,23
2026-08-02T02:02:44.651Z,deep_scan,20260802011913_1A-4-7-8-17-28C,30,1A,0,7,M48,AA5946,0,24
2026-08-02T02:02:44.651Z,deep_scan,20260802011913_1A-4-7-8-17-28C,30,1A,0,16,M252,AA5646,1,0
2026-08-02T02:02:44.659Z,deep_scan,20260802011913_1A-4-7-8-17-28C,30,1A,1,4,M53,AA7673,0,22
2026-08-02T02:02:44.659Z,deep_scan,20260802011913_1A-4-7-8-17-28C,30,1A,1,10,M21/1,AA6701,0,46
2026-08-02T02:03:14.669Z,deep_scan,20260802011913_1A-4-7-8-17-28C,30,1A,1,5,M49,AA7673,1,15
2026-08-02T02:03:14.669Z,deep_scan,20260802011913_1A-4-7-8-17-28C,30,1A,1,10,M21/1,AA6701,0,18
2026-08-02T02:03:14.691Z,deep_scan,20260802011913_1A-4-7-8-17-28C,30,1A,0,1,M108/1,AA5407,0,9
2026-08-02T02:03:14.691Z,deep_scan,20260802011913_1A-4-7-8-17-28C,30,1A,0,7,M48,AA5946,0,49
2026-08-02T02:03:14.691Z,deep_scan,20260802011913_1A-4-7-8-17-28C,30,1A,0,16,M252,AA5646,1,0
2026-08-02T02:03:44.680Z,deep_scan,20260802011913_1A-4-7-8-17-28C,30,1A,1,5,M49,AA7673,1,7
2026-08-02T02:03:44.680Z,deep_scan,20260802011913_1A-4-7-8-17-28C,30,1A,1,10,M21/1,AA6701,0,32
2026-08-02T02:03:44.718Z,deep_scan,20260802011913_1A-4-7-8-17-28C,30,1A,0,1,M108/1,AA5407,0,35
2026-08-02T02:03:44.718Z,deep_scan,20260802011913_1A-4-7-8-17-28C,30,1A,0,8,M52,AA5946,1,34
2026-08-02T02:03:44.718Z,deep_scan,20260802011913_1A-4-7-8-17-28C,30,1A,0,16,M252,AA5646,1,0
2026-08-02T02:04:14.723Z,deep_scan,20260802011913_1A-4-7-8-17-28C,30,1A,0,1,M108/1,AA5407,0,25
2026-08-02T02:04:14.723Z,deep_scan,20260802011913_1A-4-7-8-17-28C,30,1A,0,8,M52,AA5946,0,5
2026-08-02T02:04:14.723Z,deep_scan,20260802011913_1A-4-7-8-17-28C,30,1A,0,16,M252,AA5646,1,0
2026-08-02T02:04:14.797Z,deep_scan,20260802011913_1A-4-7-8-17-28C,30,1A,1,5,M49,AA7673,1,16
2026-08-02T02:04:14.797Z,deep_scan,20260802011913_1A-4-7-8-17-28C,30,1A,1,11,M120/2,AA6701,1,0
2026-08-02T02:04:44.687Z,deep_scan,20260802011913_1A-4-7-8-17-28C,30,1A,1,5,M49,AA7673,1,16
2026-08-02T02:04:44.687Z,deep_scan,20260802011913_1A-4-7-8-17-28C,30,1A,1,11,M120/2,AA6701,1,0
2026-08-02T02:04:44.761Z,deep_scan,20260802011913_1A-4-7-8-17-28C,30,1A,0,1,M108/1,AA5407,0,26
2026-08-02T02:04:44.761Z,deep_scan,20260802011913_1A-4-7-8-17-28C,30,1A,0,8,M52,AA5946,0,33
2026-08-02T02:05:14.714Z,deep_scan,20260802011913_1A-4-7-8-17-28C,30,1A,0,2,M26/1,AA5407,1,12
2026-08-02T02:05:14.714Z,deep_scan,20260802011913_1A-4-7-8-17-28C,30,1A,0,8,M52,AA5946,0,45
2026-08-02T02:05:14.738Z,deep_scan,20260802011913_1A-4-7-8-17-28C,30,1A,1,5,M49,AA7673,0,25
2026-08-02T02:05:14.738Z,deep_scan,20260802011913_1A-4-7-8-17-28C,30,1A,1,11,M120/2,AA6701,1,0
2026-08-02T02:05:44.693Z,deep_scan,20260802011913_1A-4-7-8-17-28C,30,1A,0,2,M26/1,AA5407,0,12
2026-08-02T02:05:44.693Z,deep_scan,20260802011913_1A-4-7-8-17-28C,30,1A,0,8,M52,AA5946,0,17
2026-08-02T02:05:44.752Z,deep_scan,20260802011913_1A-4-7-8-17-28C,30,1A,1,6,M35/1,AA7673,1,12
2026-08-02T02:05:44.752Z,deep_scan,20260802011913_1A-4-7-8-17-28C,30,1A,1,11,M120/2,AA6701,1,0
2026-08-02T02:06:14.695Z,deep_scan,20260802011913_1A-4-7-8-17-28C,30,1A,0,2,M26/1,AA5407,0,24
2026-08-02T02:06:14.695Z,deep_scan,20260802011913_1A-4-7-8-17-28C,30,1A,0,9,M239/1,AA5946,1,40
2026-08-02T02:06:14.698Z,deep_scan,20260802011913_1A-4-7-8-17-28C,30,1A,1,6,M35/1,AA7673,1,12
2026-08-02T02:06:14.698Z,deep_scan,20260802011913_1A-4-7-8-17-28C,30,1A,1,11,M120/2,AA6701,1,0
2026-08-02T02:06:44.732Z,deep_scan,20260802011913_1A-4-7-8-17-28C,30,1A,1,6,M35/1,AA7673,1,13
2026-08-02T02:06:44.732Z,deep_scan,20260802011913_1A-4-7-8-17-28C,30,1A,1,11,M120/2,AA6701,1,0
2026-08-02T02:06:44.751Z,deep_scan,20260802011913_1A-4-7-8-17-28C,30,1A,0,2,M26/1,AA5407,0,10
2026-08-02T02:06:44.751Z,deep_scan,20260802011913_1A-4-7-8-17-28C,30,1A,0,9,M239/1,AA5946,0,26
2026-08-02T02:07:14.713Z,deep_scan,20260802011913_1A-4-7-8-17-28C,30,1A,0,2,M26/1,AA5407,0,7
2026-08-02T02:07:14.713Z,deep_scan,20260802011913_1A-4-7-8-17-28C,30,1A,0,10,M254,AA5946,1,49
2026-08-02T02:07:14.745Z,deep_scan,20260802011913_1A-4-7-8-17-28C,30,1A,1,6,M35/1,AA7673,1,13
2026-08-02T02:07:14.745Z,deep_scan,20260802011913_1A-4-7-8-17-28C,30,1A,1,11,M120/2,AA6701,1,0
2026-08-02T02:07:44.715Z,deep_scan,20260802011913_1A-4-7-8-17-28C,30,1A,0,3,M10,AA5407,1,29
2026-08-02T02:07:44.715Z,deep_scan,20260802011913_1A-4-7-8-17-28C,30,1A,0,10,M254,AA5946,0,3
2026-08-02T02:07:44.734Z,deep_scan,20260802011913_1A-4-7-8-17-28C,30,1A,1,0,M252,AA5646,1,7
2026-08-02T02:07:44.734Z,deep_scan,20260802011913_1A-4-7-8-17-28C,30,1A,1,6,M35/1,AA7673,0,30
2026-08-02T02:07:44.734Z,deep_scan,20260802011913_1A-4-7-8-17-28C,30,1A,1,11,M120/2,AA6701,1,0
2026-08-02T02:08:14.705Z,deep_scan,20260802011913_1A-4-7-8-17-28C,30,1A,0,3,M10,AA5407,1,29
2026-08-02T02:08:14.705Z,deep_scan,20260802011913_1A-4-7-8-17-28C,30,1A,0,10,M254,AA5946,0,33
2026-08-02T02:08:14.738Z,deep_scan,20260802011913_1A-4-7-8-17-28C,30,1A,1,0,M252,AA5646,0,21
2026-08-02T02:08:14.738Z,deep_scan,20260802011913_1A-4-7-8-17-28C,30,1A,1,6,M35/1,AA7673,0,2
2026-08-02T02:08:14.738Z,deep_scan,20260802011913_1A-4-7-8-17-28C,30,1A,1,11,M120/2,AA6701,1,0
2026-08-02T02:08:44.697Z,deep_scan,20260802011913_1A-4-7-8-17-28C,30,1A,0,3,M10,AA5407,1,29
2026-08-02T02:08:44.697Z,deep_scan,20260802011913_1A-4-7-8-17-28C,30,1A,0,11,M241,AA5946,1,26
2026-08-02T02:08:44.735Z,deep_scan,20260802011913_1A-4-7-8-17-28C,30,1A,1,0,M252,AA5646,0,36
2026-08-02T02:08:44.735Z,deep_scan,20260802011913_1A-4-7-8-17-28C,30,1A,1,7,M28/1,AA7673,1,21
2026-08-02T02:09:14.754Z,deep_scan,20260802011913_1A-4-7-8-17-28C,30,1A,1,0,M252,AA5646,0,18
2026-08-02T02:09:14.754Z,deep_scan,20260802011913_1A-4-7-8-17-28C,30,1A,1,7,M28/1,AA7673,0,34
2026-08-02T02:09:14.784Z,deep_scan,20260802011913_1A-4-7-8-17-28C,30,1A,0,3,M10,AA5407,0,29
2026-08-02T02:09:14.784Z,deep_scan,20260802011913_1A-4-7-8-17-28C,30,1A,0,11,M241,AA5946,0,13
2026-08-02T02:09:44.706Z,deep_scan,20260802011913_1A-4-7-8-17-28C,30,1A,0,3,M10,AA5407,0,11
2026-08-02T02:09:44.706Z,deep_scan,20260802011913_1A-4-7-8-17-28C,30,1A,0,12,M71,AA5946,1,23
2026-08-02T02:09:44.722Z,deep_scan,20260802011913_1A-4-7-8-17-28C,30,1A,1,0,M252,AA5646,0,2
2026-08-02T02:09:44.722Z,deep_scan,20260802011913_1A-4-7-8-17-28C,30,1A,1,7,M28/1,AA7673,0,3
2026-08-02T02:10:14.761Z,deep_scan,20260802011913_1A-4-7-8-17-28C,30,1A,1,0,M252,AA5646,0,2
2026-08-02T02:10:14.761Z,deep_scan,20260802011913_1A-4-7-8-17-28C,30,1A,1,7,M28/1,AA7673,0,11
2026-08-02T02:10:14.783Z,deep_scan,20260802011913_1A-4-7-8-17-28C,30,1A,0,4,M27,AA5407,1,20
2026-08-02T02:10:14.783Z,deep_scan,20260802011913_1A-4-7-8-17-28C,30,1A,0,13,M156,AA5946,1,7
2026-08-02T02:10:44.727Z,deep_scan,20260802011913_1A-4-7-8-17-28C,30,1A,0,4,M27,AA5407,1,1
2026-08-02T02:10:44.727Z,deep_scan,20260802011913_1A-4-7-8-17-28C,30,1A,0,13,M156,AA5946,0,28
2026-08-02T02:10:44.772Z,deep_scan,20260802011913_1A-4-7-8-17-28C,30,1A,1,1,M161,AA5646,1,14
2026-08-02T02:10:44.772Z,deep_scan,20260802011913_1A-4-7-8-17-28C,30,1A,1,7,M28/1,AA7673,0,17
2026-08-02T02:11:14.697Z,deep_scan,20260802011913_1A-4-7-8-17-28C,30,1A,1,1,M161,AA5646,1,1
2026-08-02T02:11:14.697Z,deep_scan,20260802011913_1A-4-7-8-17-28C,30,1A,1,7,M28/1,AA7673,0,9
2026-08-02T02:11:14.727Z,deep_scan,20260802011913_1A-4-7-8-17-28C,30,1A,0,4,M27,AA5407,0,2
2026-08-02T02:11:14.727Z,deep_scan,20260802011913_1A-4-7-8-17-28C,30,1A,0,14,M253,AA5946,1,31
2026-08-02T02:11:44.748Z,deep_scan,20260802011913_1A-4-7-8-17-28C,30,1A,1,2,M70,AA5646,1,12
2026-08-02T02:11:44.748Z,deep_scan,20260802011913_1A-4-7-8-17-28C,30,1A,1,7,M28/1,AA7673,0,9
2026-08-02T02:11:44.774Z,deep_scan,20260802011913_1A-4-7-8-17-28C,30,1A,0,4,M27,AA5407,0,20
2026-08-02T02:11:44.774Z,deep_scan,20260802011913_1A-4-7-8-17-28C,30,1A,0,14,M253,AA5946,1,23
2026-08-02T02:12:14.715Z,deep_scan,20260802011913_1A-4-7-8-17-28C,30,1A,1,2,M70,AA5646,1,6
2026-08-02T02:12:14.715Z,deep_scan,20260802011913_1A-4-7-8-17-28C,30,1A,1,7,M28/1,AA7673,0,19
2026-08-02T02:12:14.805Z,deep_scan,20260802011913_1A-4-7-8-17-28C,30,1A,0,5,M29,AA5407,1,16
2026-08-02T02:12:14.805Z,deep_scan,20260802011913_1A-4-7-8-17-28C,30,1A,0,14,M253,AA5946,0,26
2026-08-02T02:12:44.759Z,deep_scan,20260802011913_1A-4-7-8-17-28C,30,1A,1,3,M118,AA5646,1,25
2026-08-02T02:12:44.759Z,deep_scan,20260802011913_1A-4-7-8-17-28C,30,1A,1,8,M11,AA7673,1,18
2026-08-02T02:12:44.783Z,deep_scan,20260802011913_1A-4-7-8-17-28C,30,1A,0,0,M120/2,AA7468,1,21
2026-08-02T02:12:44.783Z,deep_scan,20260802011913_1A-4-7-8-17-28C,30,1A,0,5,M29,AA5407,0,16
2026-08-02T02:12:44.783Z,deep_scan,20260802011913_1A-4-7-8-17-28C,30,1A,0,15,M250,AA5946,1,2
2026-08-02T02:13:14.762Z,deep_scan,20260802011913_1A-4-7-8-17-28C,30,1A,1,3,M118,AA5646,1,9
2026-08-02T02:13:14.762Z,deep_scan,20260802011913_1A-4-7-8-17-28C,30,1A,1,8,M11,AA7673,0,15
2026-08-02T02:13:14.786Z,deep_scan,20260802011913_1A-4-7-8-17-28C,30,1A,0,0,M120/2,AA7468,1,21
2026-08-02T02:13:14.786Z,deep_scan,20260802011913_1A-4-7-8-17-28C,30,1A,0,5,M29,AA5407,0,23
2026-08-02T02:13:14.786Z,deep_scan,20260802011913_1A-4-7-8-17-28C,30,1A,0,15,M250,AA5946,0,26
2026-08-02T02:13:44.766Z,deep_scan,20260802011913_1A-4-7-8-17-28C,30,1A,1,3,M118,AA5646,1,8
2026-08-02T02:13:44.766Z,deep_scan,20260802011913_1A-4-7-8-17-28C,30,1A,1,9,M12,AA7673,1,6
2026-08-02T02:13:44.795Z,deep_scan,20260802011913_1A-4-7-8-17-28C,30,1A,0,0,M120/2,AA7468,1,21
2026-08-02T02:13:44.795Z,deep_scan,20260802011913_1A-4-7-8-17-28C,30,1A,0,5,M29,AA5407,0,23
2026-08-02T02:13:44.795Z,deep_scan,20260802011913_1A-4-7-8-17-28C,30,1A,0,16,M252,AA5946,1,0
2026-08-02T02:14:14.806Z,deep_scan,20260802011913_1A-4-7-8-17-28C,30,1A,0,0,M120/2,AA7468,1,21
2026-08-02T02:14:14.806Z,deep_scan,20260802011913_1A-4-7-8-17-28C,30,1A,0,5,M29,AA5407,0,23
2026-08-02T02:14:14.806Z,deep_scan,20260802011913_1A-4-7-8-17-28C,30,1A,0,16,M252,AA5946,1,0
2026-08-02T02:14:14.820Z,deep_scan,20260802011913_1A-4-7-8-17-28C,30,1A,1,3,M118,AA5646,0,18
2026-08-02T02:14:14.820Z,deep_scan,20260802011913_1A-4-7-8-17-28C,30,1A,1,9,M12,AA7673,0,26
2026-08-02T02:14:44.791Z,deep_scan,20260802011913_1A-4-7-8-17-28C,30,1A,1,3,M118,AA5646,0,41
2026-08-02T02:14:44.791Z,deep_scan,20260802011913_1A-4-7-8-17-28C,30,1A,1,9,M12,AA7673,0,3
2026-08-02T02:14:44.796Z,deep_scan,20260802011913_1A-4-7-8-17-28C,30,1A,0,0,M120/2,AA7468,0,21
2026-08-02T02:14:44.796Z,deep_scan,20260802011913_1A-4-7-8-17-28C,30,1A,0,5,M29,AA5407,0,41
2026-08-02T02:14:44.796Z,deep_scan,20260802011913_1A-4-7-8-17-28C,30,1A,0,16,M252,AA5946,1,0
2026-08-02T02:15:14.764Z,deep_scan,20260802011913_1A-4-7-8-17-28C,30,1A,1,3,M118,AA5646,0,35
2026-08-02T02:15:14.764Z,deep_scan,20260802011913_1A-4-7-8-17-28C,30,1A,1,9,M12,AA7673,0,3
2026-08-02T02:15:14.810Z,deep_scan,20260802011913_1A-4-7-8-17-28C,30,1A,0,0,M120/2,AA7468,0,21
2026-08-02T02:15:14.810Z,deep_scan,20260802011913_1A-4-7-8-17-28C,30,1A,0,6,M36,AA5407,1,14
2026-08-02T02:15:14.810Z,deep_scan,20260802011913_1A-4-7-8-17-28C,30,1A,0,16,M252,AA5946,1,0
2026-08-02T02:15:44.763Z,deep_scan,20260802011913_1A-4-7-8-17-28C,30,1A,1,3,M118,AA5646,0,41
2026-08-02T02:15:44.763Z,deep_scan,20260802011913_1A-4-7-8-17-28C,30,1A,1,10,M21/1,AA7673,1,8
2026-08-02T02:15:44.790Z,deep_scan,20260802011913_1A-4-7-8-17-28C,30,1A,0,0,M120/2,AA7468,0,21
2026-08-02T02:15:44.790Z,deep_scan,20260802011913_1A-4-7-8-17-28C,30,1A,0,6,M36,AA5407,0,19
2026-08-02T02:15:44.790Z,deep_scan,20260802011913_1A-4-7-8-17-28C,30,1A,0,16,M252,AA5946,1,0
2026-08-02T02:16:14.832Z,deep_scan,20260802011913_1A-4-7-8-17-28C,30,1A,1,3,M118,AA5646,0,23
2026-08-02T02:16:14.832Z,deep_scan,20260802011913_1A-4-7-8-17-28C,30,1A,1,10,M21/1,AA7673,0,17
2026-08-02T02:16:14.859Z,deep_scan,20260802011913_1A-4-7-8-17-28C,30,1A,0,1,M108/1,AA7468,1,35
2026-08-02T02:16:14.859Z,deep_scan,20260802011913_1A-4-7-8-17-28C,30,1A,0,6,M36,AA5407,0,25
2026-08-02T02:16:14.859Z,deep_scan,20260802011913_1A-4-7-8-17-28C,30,1A,0,16,M252,AA5946,1,0
2026-08-02T02:16:44.833Z,deep_scan,20260802011913_1A-4-7-8-17-28C,30,1A,0,1,M108/1,AA7468,1,22
2026-08-02T02:16:44.833Z,deep_scan,20260802011913_1A-4-7-8-17-28C,30,1A,0,7,M48,AA5407,1,23
2026-08-02T02:16:44.833Z,deep_scan,20260802011913_1A-4-7-8-17-28C,30,1A,0,16,M252,AA5946,1,0
2026-08-02T02:16:44.839Z,deep_scan,20260802011913_1A-4-7-8-17-28C,30,1A,1,3,M118,AA5646,0,46
2026-08-02T02:16:44.839Z,deep_scan,20260802011913_1A-4-7-8-17-28C,30,1A,1,10,M21/1,AA7673,0,14
2026-08-02T02:17:14.838Z,deep_scan,20260802011913_1A-4-7-8-17-28C,30,1A,1,4,M53,AA5646,1,29
2026-08-02T02:17:14.838Z,deep_scan,20260802011913_1A-4-7-8-17-28C,30,1A,1,10,M21/1,AA7673,0,14
2026-08-02T02:17:14.850Z,deep_scan,20260802011913_1A-4-7-8-17-28C,30,1A,0,1,M108/1,AA7468,0,2
2026-08-02T02:17:14.850Z,deep_scan,20260802011913_1A-4-7-8-17-28C,30,1A,0,7,M48,AA5407,1,22
2026-08-02T02:17:14.850Z,deep_scan,20260802011913_1A-4-7-8-17-28C,30,1A,0,16,M252,AA5946,1,0
2026-08-02T02:17:44.812Z,deep_scan,20260802011913_1A-4-7-8-17-28C,30,1A,1,4,M53,AA5646,0,45
2026-08-02T02:17:44.812Z,deep_scan,20260802011913_1A-4-7-8-17-28C,30,1A,1,10,M21/1,AA7673,0,14
2026-08-02T02:17:44.818Z,deep_scan,20260802011913_1A-4-7-8-17-28C,30,1A,0,1,M108/1,AA7468,0,39
2026-08-02T02:17:44.818Z,deep_scan,20260802011913_1A-4-7-8-17-28C,30,1A,0,7,M48,AA5407,0,50
2026-08-02T02:17:44.818Z,deep_scan,20260802011913_1A-4-7-8-17-28C,30,1A,0,16,M252,AA5946,1,0
2026-08-02T02:18:14.834Z,deep_scan,20260802011913_1A-4-7-8-17-28C,30,1A,0,1,M108/1,AA7468,0,32
2026-08-02T02:18:14.834Z,deep_scan,20260802011913_1A-4-7-8-17-28C,30,1A,0,8,M52,AA5407,1,3
2026-08-02T02:18:14.860Z,deep_scan,20260802011913_1A-4-7-8-17-28C,30,1A,1,4,M53,AA5646,0,26
2026-08-02T02:18:14.860Z,deep_scan,20260802011913_1A-4-7-8-17-28C,30,1A,1,10,M21/1,AA7673,0,21
2026-08-02T02:18:44.839Z,deep_scan,20260802011913_1A-4-7-8-17-28C,30,1A,0,1,M108/1,AA7468,0,13
2026-08-02T02:18:44.839Z,deep_scan,20260802011913_1A-4-7-8-17-28C,30,1A,0,8,M52,AA5407,0,19
2026-08-02T02:18:44.872Z,deep_scan,20260802011913_1A-4-7-8-17-28C,30,1A,1,5,M49,AA5646,1,26
2026-08-02T02:18:44.872Z,deep_scan,20260802011913_1A-4-7-8-17-28C,30,1A,1,10,M21/1,AA7673,0,35
2026-08-02T02:19:14.885Z,deep_scan,20260802011913_1A-4-7-8-17-28C,30,1A,0,1,M108/1,AA7468,0,50
2026-08-02T02:19:14.885Z,deep_scan,20260802011913_1A-4-7-8-17-28C,30,1A,0,8,M52,AA5407,0,47
2026-08-02T02:19:14.925Z,deep_scan,20260802011913_1A-4-7-8-17-28C,30,1A,1,5,M49,AA5646,1,5
2026-08-02T02:19:14.925Z,deep_scan,20260802011913_1A-4-7-8-17-28C,30,1A,1,10,M21/1,AA7673,0,29
2026-08-02T02:19:44.864Z,deep_scan,20260802011913_1A-4-7-8-17-28C,30,1A,0,2,M26/1,AA7468,1,41
2026-08-02T02:19:44.864Z,deep_scan,20260802011913_1A-4-7-8-17-28C,30,1A,0,8,M52,AA5407,0,44
2026-08-02T02:19:44.867Z,deep_scan,20260802011913_1A-4-7-8-17-28C,30,1A,1,5,M49,AA5646,0,25
2026-08-02T02:19:44.867Z,deep_scan,20260802011913_1A-4-7-8-17-28C,30,1A,1,10,M21/1,AA7673,0,29
2026-08-02T02:20:14.875Z,deep_scan,20260802011913_1A-4-7-8-17-28C,30,1A,1,5,M49,AA5646,0,17
2026-08-02T02:20:14.875Z,deep_scan,20260802011913_1A-4-7-8-17-28C,30,1A,1,10,M21/1,AA7673,0,29
2026-08-02T02:20:14.914Z,deep_scan,20260802011913_1A-4-7-8-17-28C,30,1A,0,2,M26/1,AA7468,1,41
2026-08-02T02:20:14.914Z,deep_scan,20260802011913_1A-4-7-8-17-28C,30,1A,0,8,M52,AA5407,0,30
2026-08-02T02:20:44.860Z,deep_scan,20260802011913_1A-4-7-8-17-28C,30,1A,0,2,M26/1,AA7468,1,41
2026-08-02T02:20:44.860Z,deep_scan,20260802011913_1A-4-7-8-17-28C,30,1A,0,9,M239/1,AA5407,1,43
2026-08-02T02:20:44.881Z,deep_scan,20260802011913_1A-4-7-8-17-28C,30,1A,1,5,M49,AA5646,0,7
2026-08-02T02:20:44.881Z,deep_scan,20260802011913_1A-4-7-8-17-28C,30,1A,1,11,M120/2,AA7673,1,0
2026-08-02T02:21:14.873Z,deep_scan,20260802011913_1A-4-7-8-17-28C,30,1A,0,2,M26/1,AA7468,0,3
2026-08-02T02:21:14.873Z,deep_scan,20260802011913_1A-4-7-8-17-28C,30,1A,0,9,M239/1,AA5407,1,39
2026-08-02T02:21:14.922Z,deep_scan,20260802011913_1A-4-7-8-17-28C,30,1A,1,5,M49,AA5646,0,7
2026-08-02T02:21:14.922Z,deep_scan,20260802011913_1A-4-7-8-17-28C,30,1A,1,11,M120/2,AA7673,1,0
2026-08-02T02:21:44.859Z,deep_scan,20260802011913_1A-4-7-8-17-28C,30,1A,1,6,M35/1,AA5646,0,23
2026-08-02T02:21:44.859Z,deep_scan,20260802011913_1A-4-7-8-17-28C,30,1A,1,11,M120/2,AA7673,1,0
2026-08-02T02:21:44.879Z,deep_scan,20260802011913_1A-4-7-8-17-28C,30,1A,0,2,M26/1,AA7468,0,35
2026-08-02T02:21:44.879Z,deep_scan,20260802011913_1A-4-7-8-17-28C,30,1A,0,9,M239/1,AA5407,0,36
2026-08-02T02:22:14.882Z,deep_scan,20260802011913_1A-4-7-8-17-28C,30,1A,1,6,M35/1,AA5646,0,22
2026-08-02T02:22:14.882Z,deep_scan,20260802011913_1A-4-7-8-17-28C,30,1A,1,11,M120/2,AA7673,1,0
2026-08-02T02:22:14.933Z,deep_scan,20260802011913_1A-4-7-8-17-28C,30,1A,0,2,M26/1,AA7468,0,1
2026-08-02T02:22:14.933Z,deep_scan,20260802011913_1A-4-7-8-17-28C,30,1A,0,10,M254,AA5407,1,43
2026-08-02T02:22:44.876Z,deep_scan,20260802011913_1A-4-7-8-17-28C,30,1A,0,2,M26/1,AA7468,0,14
2026-08-02T02:22:44.876Z,deep_scan,20260802011913_1A-4-7-8-17-28C,30,1A,0,10,M254,AA5407,0,34
2026-08-02T02:22:45.146Z,deep_scan,20260802011913_1A-4-7-8-17-28C,30,1A,1,0,M252,AA5946,1,2
2026-08-02T02:22:45.146Z,deep_scan,20260802011913_1A-4-7-8-17-28C,30,1A,1,7,M28/1,AA5646,1,12
2026-08-02T02:22:45.146Z,deep_scan,20260802011913_1A-4-7-8-17-28C,30,1A,1,11,M120/2,AA7673,1,0
2026-08-02T02:23:14.905Z,deep_scan,20260802011913_1A-4-7-8-17-28C,30,1A,1,0,M252,AA5946,1,5
2026-08-02T02:23:14.905Z,deep_scan,20260802011913_1A-4-7-8-17-28C,30,1A,1,7,M28/1,AA5646,1,5
2026-08-02T02:23:14.905Z,deep_scan,20260802011913_1A-4-7-8-17-28C,30,1A,1,11,M120/2,AA7673,1,0
2026-08-02T02:23:14.978Z,deep_scan,20260802011913_1A-4-7-8-17-28C,30,1A,0,2,M26/1,AA7468,0,14
2026-08-02T02:23:14.978Z,deep_scan,20260802011913_1A-4-7-8-17-28C,30,1A,0,11,M241,AA5407,1,37
2026-08-02T02:23:44.887Z,deep_scan,20260802011913_1A-4-7-8-17-28C,30,1A,0,2,M26/1,AA7468,0,4
2026-08-02T02:23:44.887Z,deep_scan,20260802011913_1A-4-7-8-17-28C,30,1A,0,11,M241,AA5407,0,29
2026-08-02T02:23:44.891Z,deep_scan,20260802011913_1A-4-7-8-17-28C,30,1A,1,0,M252,AA5946,0,42
2026-08-02T02:23:44.891Z,deep_scan,20260802011913_1A-4-7-8-17-28C,30,1A,1,7,M28/1,AA5646,0,24
2026-08-02T02:23:44.891Z,deep_scan,20260802011913_1A-4-7-8-17-28C,30,1A,1,11,M120/2,AA7673,1,0
2026-08-02T02:24:14.927Z,deep_scan,20260802011913_1A-4-7-8-17-28C,30,1A,0,3,M10,AA7468,1,42
2026-08-02T02:24:14.927Z,deep_scan,20260802011913_1A-4-7-8-17-28C,30,1A,0,12,M71,AA5407,1,5
2026-08-02T02:24:15.007Z,deep_scan,20260802011913_1A-4-7-8-17-28C,30,1A,1,0,M252,AA5946,0,23
2026-08-02T02:24:15.007Z,deep_scan,20260802011913_1A-4-7-8-17-28C,30,1A,1,7,M28/1,AA5646,0,4
2026-08-02T02:24:15.007Z,deep_scan,20260802011913_1A-4-7-8-17-28C,30,1A,1,11,M120/2,AA7673,1,0
2026-08-02T02:24:44.892Z,deep_scan,20260802011913_1A-4-7-8-17-28C,30,1A,1,0,M252,AA5946,0,23
2026-08-02T02:24:44.892Z,deep_scan,20260802011913_1A-4-7-8-17-28C,30,1A,1,7,M28/1,AA5646,0,4
2026-08-02T02:24:44.892Z,deep_scan,20260802011913_1A-4-7-8-17-28C,30,1A,1,11,M120/2,AA7673,1,0
2026-08-02T02:24:44.932Z,deep_scan,20260802011913_1A-4-7-8-17-28C,30,1A,0,3,M10,AA7468,1,29
2026-08-02T02:24:44.932Z,deep_scan,20260802011913_1A-4-7-8-17-28C,30,1A,0,13,M156,AA5407,1,9
2026-08-02T02:25:14.903Z,deep_scan,20260802011913_1A-4-7-8-17-28C,30,1A,1,1,M161,AA5946,1,13
2026-08-02T02:25:14.903Z,deep_scan,20260802011913_1A-4-7-8-17-28C,30,1A,1,7,M28/1,AA5646,0,4
2026-08-02T02:25:14.982Z,deep_scan,20260802011913_1A-4-7-8-17-28C,30,1A,0,3,M10,AA7468,0,5
2026-08-02T02:25:14.982Z,deep_scan,20260802011913_1A-4-7-8-17-28C,30,1A,0,13,M156,AA5407,0,2
2026-08-02T02:25:44.900Z,deep_scan,20260802011913_1A-4-7-8-17-28C,30,1A,0,3,M10,AA7468,0,5
2026-08-02T02:25:44.900Z,deep_scan,20260802011913_1A-4-7-8-17-28C,30,1A,0,13,M156,AA5407,0,15
2026-08-02T02:25:44.944Z,deep_scan,20260802011913_1A-4-7-8-17-28C,30,1A,1,1,M161,AA5946,1,7
2026-08-02T02:25:44.944Z,deep_scan,20260802011913_1A-4-7-8-17-28C,30,1A,1,7,M28/1,AA5646,0,8
2026-08-02T02:26:14.959Z,deep_scan,20260802011913_1A-4-7-8-17-28C,30,1A,1,1,M161,AA5946,1,7
2026-08-02T02:26:14.959Z,deep_scan,20260802011913_1A-4-7-8-17-28C,30,1A,1,7,M28/1,AA5646,0,8
2026-08-02T02:26:14.996Z,deep_scan,20260802011913_1A-4-7-8-17-28C,30,1A,0,4,M27,AA7468,1,10
2026-08-02T02:26:14.996Z,deep_scan,20260802011913_1A-4-7-8-17-28C,30,1A,0,13,M156,AA5407,0,15
2026-08-02T02:26:44.925Z,deep_scan,20260802011913_1A-4-7-8-17-28C,30,1A,0,4,M27,AA7468,1,7
2026-08-02T02:26:44.925Z,deep_scan,20260802011913_1A-4-7-8-17-28C,30,1A,0,13,M156,AA5407,0,47
2026-08-02T02:26:44.970Z,deep_scan,20260802011913_1A-4-7-8-17-28C,30,1A,1,1,M161,AA5946,1,25
2026-08-02T02:26:44.970Z,deep_scan,20260802011913_1A-4-7-8-17-28C,30,1A,1,8,M11,AA5646,1,27
2026-08-02T02:27:14.921Z,deep_scan,20260802011913_1A-4-7-8-17-28C,30,1A,1,2,M70,AA5946,1,21
2026-08-02T02:27:14.921Z,deep_scan,20260802011913_1A-4-7-8-17-28C,30,1A,1,9,M12,AA5646,1,27
2026-08-02T02:27:14.940Z,deep_scan,20260802011913_1A-4-7-8-17-28C,30,1A,0,5,M29,AA7468,1,7
2026-08-02T02:27:14.940Z,deep_scan,20260802011913_1A-4-7-8-17-28C,30,1A,0,14,M253,AA5407,1,24
2026-08-02T02:27:44.916Z,deep_scan,20260802011913_1A-4-7-8-17-28C,30,1A,1,3,M118,AA5946,1,26
2026-08-02T02:27:44.916Z,deep_scan,20260802011913_1A-4-7-8-17-28C,30,1A,1,9,M12,AA5646,1,22
2026-08-02T02:27:44.937Z,deep_scan,20260802011913_1A-4-7-8-17-28C,30,1A,0,5,M29,AA7468,1,31
2026-08-02T02:27:44.937Z,deep_scan,20260802011913_1A-4-7-8-17-28C,30,1A,0,14,M253,AA5407,0,31
2026-08-02T02:28:14.951Z,deep_scan,20260802011913_1A-4-7-8-17-28C,30,1A,1,3,M118,AA5946,1,18
2026-08-02T02:28:14.951Z,deep_scan,20260802011913_1A-4-7-8-17-28C,30,1A,1,10,M21/1,AA5646,1,15
2026-08-02T02:28:14.970Z,deep_scan,20260802011913_1A-4-7-8-17-28C,30,1A,0,0,M120/2,AA7115,1,24
2026-08-02T02:28:14.970Z,deep_scan,20260802011913_1A-4-7-8-17-28C,30,1A,0,5,M29,AA7468,1,2
2026-08-02T02:28:14.970Z,deep_scan,20260802011913_1A-4-7-8-17-28C,30,1A,0,15,M250,AA5407,1,22
2026-08-02T02:28:44.961Z,deep_scan,20260802011913_1A-4-7-8-17-28C,30,1A,1,3,M118,AA5946,0,21
2026-08-02T02:28:44.961Z,deep_scan,20260802011913_1A-4-7-8-17-28C,30,1A,1,10,M21/1,AA5646,1,10
2026-08-02T02:28:44.968Z,deep_scan,20260802011913_1A-4-7-8-17-28C,30,1A,0,0,M120/2,AA7115,1,24
2026-08-02T02:28:44.968Z,deep_scan,20260802011913_1A-4-7-8-17-28C,30,1A,0,5,M29,AA7468,0,14
2026-08-02T02:28:44.968Z,deep_scan,20260802011913_1A-4-7-8-17-28C,30,1A,0,15,M250,AA5407,1,47
2026-08-02T02:29:14.975Z,deep_scan,20260802011913_1A-4-7-8-17-28C,30,1A,0,0,M120/2,AA7115,0,24
2026-08-02T02:29:14.975Z,deep_scan,20260802011913_1A-4-7-8-17-28C,30,1A,0,6,M36,AA7468,1,28
2026-08-02T02:29:14.975Z,deep_scan,20260802011913_1A-4-7-8-17-28C,30,1A,0,15,M250,AA5407,0,27
2026-08-02T02:29:15.008Z,deep_scan,20260802011913_1A-4-7-8-17-28C,30,1A,1,3,M118,AA5946,0,43
2026-08-02T02:29:15.008Z,deep_scan,20260802011913_1A-4-7-8-17-28C,30,1A,1,10,M21/1,AA5646,1,9
2026-08-02T02:29:44.992Z,deep_scan,20260802011913_1A-4-7-8-17-28C,30,1A,1,3,M118,AA5946,0,38
2026-08-02T02:29:44.992Z,deep_scan,20260802011913_1A-4-7-8-17-28C,30,1A,1,10,M21/1,AA5646,1,17
2026-08-02T02:29:45.007Z,deep_scan,20260802011913_1A-4-7-8-17-28C,30,1A,0,0,M120/2,AA7115,0,8
2026-08-02T02:29:45.007Z,deep_scan,20260802011913_1A-4-7-8-17-28C,30,1A,0,6,M36,AA7468,0,11
2026-08-02T02:29:45.007Z,deep_scan,20260802011913_1A-4-7-8-17-28C,30,1A,0,16,M252,AA5407,1,0
2026-08-02T02:30:14.994Z,deep_scan,20260802011913_1A-4-7-8-17-28C,30,1A,1,3,M118,AA5946,0,37
2026-08-02T02:30:14.994Z,deep_scan,20260802011913_1A-4-7-8-17-28C,30,1A,1,10,M21/1,AA5646,0,14
2026-08-02T02:30:15.004Z,deep_scan,20260802011913_1A-4-7-8-17-28C,30,1A,0,1,M108/1,AA7115,1,26
2026-08-02T02:30:15.004Z,deep_scan,20260802011913_1A-4-7-8-17-28C,30,1A,0,7,M48,AA7468,1,11
2026-08-02T02:30:15.004Z,deep_scan,20260802011913_1A-4-7-8-17-28C,30,1A,0,16,M252,AA5407,1,0
2026-08-02T02:30:45.021Z,deep_scan,20260802011913_1A-4-7-8-17-28C,30,1A,1,3,M118,AA5946,0,45
2026-08-02T02:30:45.021Z,deep_scan,20260802011913_1A-4-7-8-17-28C,30,1A,1,10,M21/1,AA5646,0,14
2026-08-02T02:30:45.043Z,deep_scan,20260802011913_1A-4-7-8-17-28C,30,1A,0,1,M108/1,AA7115,0,19
2026-08-02T02:30:45.043Z,deep_scan,20260802011913_1A-4-7-8-17-28C,30,1A,0,7,M48,AA7468,0,11
2026-08-02T02:30:45.043Z,deep_scan,20260802011913_1A-4-7-8-17-28C,30,1A,0,16,M252,AA5407,1,0
2026-08-02T02:31:14.974Z,deep_scan,20260802011913_1A-4-7-8-17-28C,30,1A,1,4,M53,AA5946,1,41
2026-08-02T02:31:14.974Z,deep_scan,20260802011913_1A-4-7-8-17-28C,30,1A,1,10,M21/1,AA5646,0,17
2026-08-02T02:31:14.999Z,deep_scan,20260802011913_1A-4-7-8-17-28C,30,1A,0,1,M108/1,AA7115,0,9
2026-08-02T02:31:14.999Z,deep_scan,20260802011913_1A-4-7-8-17-28C,30,1A,0,7,M48,AA7468,0,13
2026-08-02T02:31:14.999Z,deep_scan,20260802011913_1A-4-7-8-17-28C,30,1A,0,16,M252,AA5407,1,0
2026-08-02T02:31:45.022Z,deep_scan,20260802011913_1A-4-7-8-17-28C,30,1A,1,4,M53,AA5946,0,37
2026-08-02T02:31:45.022Z,deep_scan,20260802011913_1A-4-7-8-17-28C,30,1A,1,10,M21/1,AA5646,0,34
2026-08-02T02:31:45.032Z,deep_scan,20260802011913_1A-4-7-8-17-28C,30,1A,0,1,M108/1,AA7115,0,8
2026-08-02T02:31:45.032Z,deep_scan,20260802011913_1A-4-7-8-17-28C,30,1A,0,7,M48,AA7468,0,13
2026-08-02T02:31:45.032Z,deep_scan,20260802011913_1A-4-7-8-17-28C,30,1A,0,16,M252,AA5407,1,0
2026-08-02T02:32:14.987Z,deep_scan,20260802011913_1A-4-7-8-17-28C,30,1A,1,4,M53,AA5946,0,27
2026-08-02T02:32:14.987Z,deep_scan,20260802011913_1A-4-7-8-17-28C,30,1A,1,10,M21/1,AA5646,0,9
2026-08-02T02:32:14.992Z,deep_scan,20260802011913_1A-4-7-8-17-28C,30,1A,0,1,M108/1,AA7115,0,27
2026-08-02T02:32:14.992Z,deep_scan,20260802011913_1A-4-7-8-17-28C,30,1A,0,7,M48,AA7468,0,14
2026-08-02T02:32:14.992Z,deep_scan,20260802011913_1A-4-7-8-17-28C,30,1A,0,16,M252,AA5407,1,0
2026-08-02T02:32:45.021Z,deep_scan,20260802011913_1A-4-7-8-17-28C,30,1A,1,5,M49,AA5946,0,30
2026-08-02T02:32:45.021Z,deep_scan,20260802011913_1A-4-7-8-17-28C,30,1A,1,10,M21/1,AA5646,0,6
2026-08-02T02:32:45.060Z,deep_scan,20260802011913_1A-4-7-8-17-28C,30,1A,0,1,M108/1,AA7115,0,26
2026-08-02T02:32:45.060Z,deep_scan,20260802011913_1A-4-7-8-17-28C,30,1A,0,7,M48,AA7468,0,13
2026-08-02T02:32:45.060Z,deep_scan,20260802011913_1A-4-7-8-17-28C,30,1A,0,16,M252,AA5407,1,0
2026-08-02T02:33:14.991Z,deep_scan,20260802011913_1A-4-7-8-17-28C,30,1A,1,5,M49,AA5946,0,11
2026-08-02T02:33:14.991Z,deep_scan,20260802011913_1A-4-7-8-17-28C,30,1A,1,10,M21/1,AA5646,0,6
2026-08-02T02:33:14.996Z,deep_scan,20260802011913_1A-4-7-8-17-28C,30,1A,0,1,M108/1,AA7115,0,14
2026-08-02T02:33:14.996Z,deep_scan,20260802011913_1A-4-7-8-17-28C,30,1A,0,8,M52,AA7468,1,41
2026-08-02T02:33:14.996Z,deep_scan,20260802011913_1A-4-7-8-17-28C,30,1A,0,16,M252,AA5407,1,0
2026-08-02T02:33:45.030Z,deep_scan,20260802011913_1A-4-7-8-17-28C,30,1A,0,1,M108/1,AA7115,0,5
2026-08-02T02:33:45.030Z,deep_scan,20260802011913_1A-4-7-8-17-28C,30,1A,0,8,M52,AA7468,0,18
2026-08-02T02:33:45.066Z,deep_scan,20260802011913_1A-4-7-8-17-28C,30,1A,1,5,M49,AA5946,0,12
2026-08-02T02:33:45.066Z,deep_scan,20260802011913_1A-4-7-8-17-28C,30,1A,1,10,M21/1,AA5646,0,26
2026-08-02T02:34:14.993Z,deep_scan,20260802011913_1A-4-7-8-17-28C,30,1A,1,6,M35/1,AA5946,1,11
2026-08-02T02:34:14.993Z,deep_scan,20260802011913_1A-4-7-8-17-28C,30,1A,1,11,M120/2,AA5646,1,0
2026-08-02T02:34:15.004Z,deep_scan,20260802011913_1A-4-7-8-17-28C,30,1A,0,2,M26/1,AA7115,1,23
2026-08-02T02:34:15.004Z,deep_scan,20260802011913_1A-4-7-8-17-28C,30,1A,0,8,M52,AA7468,0,33
2026-08-02T02:34:45.037Z,deep_scan,20260802011913_1A-4-7-8-17-28C,30,1A,1,6,M35/1,AA5946,1,11
2026-08-02T02:34:45.037Z,deep_scan,20260802011913_1A-4-7-8-17-28C,30,1A,1,11,M120/2,AA5646,1,0
2026-08-02T02:34:45.040Z,deep_scan,20260802011913_1A-4-7-8-17-28C,30,1A,0,2,M26/1,AA7115,1,6
2026-08-02T02:34:45.040Z,deep_scan,20260802011913_1A-4-7-8-17-28C,30,1A,0,8,M52,AA7468,0,46
2026-08-02T02:35:15.015Z,deep_scan,20260802011913_1A-4-7-8-17-28C,30,1A,0,2,M26/1,AA7115,1,6
2026-08-02T02:35:15.015Z,deep_scan,20260802011913_1A-4-7-8-17-28C,30,1A,0,8,M52,AA7468,0,26
2026-08-02T02:35:15.018Z,deep_scan,20260802011913_1A-4-7-8-17-28C,30,1A,1,0,M252,AA5407,1,17
2026-08-02T02:35:15.018Z,deep_scan,20260802011913_1A-4-7-8-17-28C,30,1A,1,6,M35/1,AA5946,1,11
2026-08-02T02:35:15.018Z,deep_scan,20260802011913_1A-4-7-8-17-28C,30,1A,1,11,M120/2,AA5646,1,0
2026-08-02T02:35:45.019Z,deep_scan,20260802011913_1A-4-7-8-17-28C,30,1A,0,2,M26/1,AA7115,0,3
2026-08-02T02:35:45.019Z,deep_scan,20260802011913_1A-4-7-8-17-28C,30,1A,0,8,M52,AA7468,0,24
2026-08-02T02:35:45.046Z,deep_scan,20260802011913_1A-4-7-8-17-28C,30,1A,1,0,M252,AA5407,1,17
2026-08-02T02:35:45.046Z,deep_scan,20260802011913_1A-4-7-8-17-28C,30,1A,1,6,M35/1,AA5946,0,24
2026-08-02T02:35:45.046Z,deep_scan,20260802011913_1A-4-7-8-17-28C,30,1A,1,11,M120/2,AA5646,1,0
2026-08-02T02:36:15.023Z,deep_scan,20260802011913_1A-4-7-8-17-28C,30,1A,1,0,M252,AA5407,0,1
2026-08-02T02:36:15.023Z,deep_scan,20260802011913_1A-4-7-8-17-28C,30,1A,1,6,M35/1,AA5946,0,24
2026-08-02T02:36:15.023Z,deep_scan,20260802011913_1A-4-7-8-17-28C,30,1A,1,11,M120/2,AA5646,1,0
2026-08-02T02:36:15.038Z,deep_scan,20260802011913_1A-4-7-8-17-28C,30,1A,0,2,M26/1,AA7115,0,8
2026-08-02T02:36:15.038Z,deep_scan,20260802011913_1A-4-7-8-17-28C,30,1A,0,9,M239/1,AA7468,1,25
2026-08-02T02:36:45.028Z,deep_scan,20260802011913_1A-4-7-8-17-28C,30,1A,0,2,M26/1,AA7115,0,16
2026-08-02T02:36:45.028Z,deep_scan,20260802011913_1A-4-7-8-17-28C,30,1A,0,9,M239/1,AA7468,1,18
2026-08-02T02:36:45.044Z,deep_scan,20260802011913_1A-4-7-8-17-28C,30,1A,1,0,M252,AA5407,0,49
2026-08-02T02:36:45.044Z,deep_scan,20260802011913_1A-4-7-8-17-28C,30,1A,1,6,M35/1,AA5946,0,18
2026-08-02T02:36:45.044Z,deep_scan,20260802011913_1A-4-7-8-17-28C,30,1A,1,11,M120/2,AA5646,1,0
2026-08-02T02:37:15.083Z,deep_scan,20260802011913_1A-4-7-8-17-28C,30,1A,1,0,M252,AA5407,0,5
2026-08-02T02:37:15.083Z,deep_scan,20260802011913_1A-4-7-8-17-28C,30,1A,1,6,M35/1,AA5946,0,24
2026-08-02T02:37:15.083Z,deep_scan,20260802011913_1A-4-7-8-17-28C,30,1A,1,11,M120/2,AA5646,1,0
2026-08-02T02:37:15.092Z,deep_scan,20260802011913_1A-4-7-8-17-28C,30,1A,0,2,M26/1,AA7115,0,29
2026-08-02T02:37:15.092Z,deep_scan,20260802011913_1A-4-7-8-17-28C,30,1A,0,9,M239/1,AA7468,0,14
2026-08-02T02:37:45.064Z,deep_scan,20260802011913_1A-4-7-8-17-28C,30,1A,1,0,M252,AA5407,0,11
2026-08-02T02:37:45.064Z,deep_scan,20260802011913_1A-4-7-8-17-28C,30,1A,1,7,M28/1,AA5946,1,3
2026-08-02T02:37:45.064Z,deep_scan,20260802011913_1A-4-7-8-17-28C,30,1A,1,11,M120/2,AA5646,1,0
2026-08-02T02:37:45.074Z,deep_scan,20260802011913_1A-4-7-8-17-28C,30,1A,0,2,M26/1,AA7115,0,29
2026-08-02T02:37:45.074Z,deep_scan,20260802011913_1A-4-7-8-17-28C,30,1A,0,10,M254,AA7468,1,3
2026-08-02T02:38:15.058Z,deep_scan,20260802011913_1A-4-7-8-17-28C,30,1A,0,3,M10,AA7115,1,18
2026-08-02T02:38:15.058Z,deep_scan,20260802011913_1A-4-7-8-17-28C,30,1A,0,10,M254,AA7468,1,22
2026-08-02T02:38:15.086Z,deep_scan,20260802011913_1A-4-7-8-17-28C,30,1A,1,0,M252,AA5407,0,3
2026-08-02T02:38:15.086Z,deep_scan,20260802011913_1A-4-7-8-17-28C,30,1A,1,7,M28/1,AA5946,1,15
2026-08-02T02:38:45.052Z,deep_scan,20260802011913_1A-4-7-8-17-28C,30,1A,1,1,M161,AA5407,1,3
2026-08-02T02:38:45.052Z,deep_scan,20260802011913_1A-4-7-8-17-28C,30,1A,1,7,M28/1,AA5946,1,15
2026-08-02T02:38:45.063Z,deep_scan,20260802011913_1A-4-7-8-17-28C,30,1A,0,3,M10,AA7115,1,18
2026-08-02T02:38:45.063Z,deep_scan,20260802011913_1A-4-7-8-17-28C,30,1A,0,10,M254,AA7468,0,17
2026-08-02T02:39:15.098Z,deep_scan,20260802011913_1A-4-7-8-17-28C,30,1A,1,1,M161,AA5407,1,3
2026-08-02T02:39:15.098Z,deep_scan,20260802011913_1A-4-7-8-17-28C,30,1A,1,7,M28/1,AA5946,0,11
2026-08-02T02:39:15.103Z,deep_scan,20260802011913_1A-4-7-8-17-28C,30,1A,0,3,M10,AA7115,0,17
2026-08-02T02:39:15.103Z,deep_scan,20260802011913_1A-4-7-8-17-28C,30,1A,0,11,M241,AA7468,1,44
2026-08-02T02:39:44.997Z,deep_scan,20260802011913_1A-4-7-8-17-28C,30,1A,1,2,M70,AA5407,1,28
2026-08-02T02:39:44.997Z,deep_scan,20260802011913_1A-4-7-8-17-28C,30,1A,1,7,M28/1,AA5946,0,13
2026-08-02T02:39:45.060Z,deep_scan,20260802011913_1A-4-7-8-17-28C,30,1A,0,3,M10,AA7115,0,22
2026-08-02T02:39:45.060Z,deep_scan,20260802011913_1A-4-7-8-17-28C,30,1A,0,11,M241,AA7468,0,17
2026-08-02T02:40:15.072Z,deep_scan,20260802011913_1A-4-7-8-17-28C,30,1A,0,4,M27,AA7115,1,14
2026-08-02T02:40:15.072Z,deep_scan,20260802011913_1A-4-7-8-17-28C,30,1A,0,11,M241,AA7468,0,21
2026-08-02T02:40:15.131Z,deep_scan,20260802011913_1A-4-7-8-17-28C,30,1A,1,2,M70,AA5407,0,19
2026-08-02T02:40:15.131Z,deep_scan,20260802011913_1A-4-7-8-17-28C,30,1A,1,7,M28/1,AA5946,0,19
2026-08-02T02:40:45.070Z,deep_scan,20260802011913_1A-4-7-8-17-28C,30,1A,0,0,M120/2,AA6701,1,1
2026-08-02T02:40:45.070Z,deep_scan,20260802011913_1A-4-7-8-17-28C,30,1A,0,4,M27,AA7115,1,10
2026-08-02T02:40:45.070Z,deep_scan,20260802011913_1A-4-7-8-17-28C,30,1A,0,12,M71,AA7468,1,35
2026-08-02T02:40:45.092Z,deep_scan,20260802011913_1A-4-7-8-17-28C,30,1A,1,3,M118,AA5407,1,12
2026-08-02T02:40:45.092Z,deep_scan,20260802011913_1A-4-7-8-17-28C,30,1A,1,7,M28/1,AA5946,0,6
2026-08-02T02:41:15.138Z,deep_scan,20260802011913_1A-4-7-8-17-28C,30,1A,1,3,M118,AA5407,1,33
2026-08-02T02:41:15.138Z,deep_scan,20260802011913_1A-4-7-8-17-28C,30,1A,1,7,M28/1,AA5946,0,27
2026-08-02T02:41:15.156Z,deep_scan,20260802011913_1A-4-7-8-17-28C,30,1A,0,0,M120/2,AA6701,1,1
2026-08-02T02:41:15.156Z,deep_scan,20260802011913_1A-4-7-8-17-28C,30,1A,0,4,M27,AA7115,0,9
2026-08-02T02:41:15.156Z,deep_scan,20260802011913_1A-4-7-8-17-28C,30,1A,0,12,M71,AA7468,0,25
2026-08-02T02:41:45.113Z,deep_scan,20260802011913_1A-4-7-8-17-28C,30,1A,1,3,M118,AA5407,1,33
2026-08-02T02:41:45.113Z,deep_scan,20260802011913_1A-4-7-8-17-28C,30,1A,1,8,M11,AA5946,0,13
2026-08-02T02:41:45.127Z,deep_scan,20260802011913_1A-4-7-8-17-28C,30,1A,0,0,M120/2,AA6701,0,1
2026-08-02T02:41:45.127Z,deep_scan,20260802011913_1A-4-7-8-17-28C,30,1A,0,4,M27,AA7115,0,9
2026-08-02T02:41:45.127Z,deep_scan,20260802011913_1A-4-7-8-17-28C,30,1A,0,13,M156,AA7468,1,21
2026-08-02T02:42:15.127Z,deep_scan,20260802011913_1A-4-7-8-17-28C,30,1A,1,3,M118,AA5407,0,25
2026-08-02T02:42:15.127Z,deep_scan,20260802011913_1A-4-7-8-17-28C,30,1A,1,9,M12,AA5946,1,6
2026-08-02T02:42:15.187Z,deep_scan,20260802011913_1A-4-7-8-17-28C,30,1A,0,0,M120/2,AA6701,0,21
2026-08-02T02:42:15.187Z,deep_scan,20260802011913_1A-4-7-8-17-28C,30,1A,0,4,M27,AA7115,0,18
2026-08-02T02:42:15.187Z,deep_scan,20260802011913_1A-4-7-8-17-28C,30,1A,0,13,M156,AA7468,1,16
2026-08-02T02:42:45.125Z,deep_scan,20260802011913_1A-4-7-8-17-28C,30,1A,1,3,M118,AA5407,0,41
2026-08-02T02:42:45.125Z,deep_scan,20260802011913_1A-4-7-8-17-28C,30,1A,1,9,M12,AA5946,0,2
2026-08-02T02:42:45.137Z,deep_scan,20260802011913_1A-4-7-8-17-28C,30,1A,0,0,M120/2,AA6701,0,21
2026-08-02T02:42:45.137Z,deep_scan,20260802011913_1A-4-7-8-17-28C,30,1A,0,5,M29,AA7115,1,18
2026-08-02T02:42:45.137Z,deep_scan,20260802011913_1A-4-7-8-17-28C,30,1A,0,13,M156,AA7468,1,5
2026-08-02T02:43:15.107Z,deep_scan,20260802011913_1A-4-7-8-17-28C,30,1A,0,1,M108/1,AA6701,1,24
2026-08-02T02:43:15.107Z,deep_scan,20260802011913_1A-4-7-8-17-28C,30,1A,0,5,M29,AA7115,1,18
2026-08-02T02:43:15.107Z,deep_scan,20260802011913_1A-4-7-8-17-28C,30,1A,0,13,M156,AA7468,0,26
2026-08-02T02:43:15.135Z,deep_scan,20260802011913_1A-4-7-8-17-28C,30,1A,1,3,M118,AA5407,0,25
2026-08-02T02:43:15.135Z,deep_scan,20260802011913_1A-4-7-8-17-28C,30,1A,1,9,M12,AA5946,0,2
2026-08-02T02:43:45.113Z,deep_scan,20260802011913_1A-4-7-8-17-28C,30,1A,1,3,M118,AA5407,0,46
2026-08-02T02:43:45.113Z,deep_scan,20260802011913_1A-4-7-8-17-28C,30,1A,1,9,M12,AA5946,0,2
2026-08-02T02:43:45.133Z,deep_scan,20260802011913_1A-4-7-8-17-28C,30,1A,0,1,M108/1,AA6701,1,1
2026-08-02T02:43:45.133Z,deep_scan,20260802011913_1A-4-7-8-17-28C,30,1A,0,5,M29,AA7115,1,7
2026-08-02T02:43:45.133Z,deep_scan,20260802011913_1A-4-7-8-17-28C,30,1A,0,14,M253,AA7468,1,33
2026-08-02T02:44:15.136Z,deep_scan,20260802011913_1A-4-7-8-17-28C,30,1A,1,3,M118,AA5407,0,40
2026-08-02T02:44:15.136Z,deep_scan,20260802011913_1A-4-7-8-17-28C,30,1A,1,10,M21/1,AA5946,1,17
2026-08-02T02:44:15.145Z,deep_scan,20260802011913_1A-4-7-8-17-28C,30,1A,0,1,M108/1,AA6701,0,22
2026-08-02T02:44:15.145Z,deep_scan,20260802011913_1A-4-7-8-17-28C,30,1A,0,5,M29,AA7115,1,7
2026-08-02T02:44:15.145Z,deep_scan,20260802011913_1A-4-7-8-17-28C,30,1A,0,14,M253,AA7468,1,22
2026-08-02T02:44:45.175Z,deep_scan,20260802011913_1A-4-7-8-17-28C,30,1A,1,4,M53,AA5407,1,47
2026-08-02T02:44:45.175Z,deep_scan,20260802011913_1A-4-7-8-17-28C,30,1A,1,10,M21/1,AA5946,1,9
2026-08-02T02:44:45.180Z,deep_scan,20260802011913_1A-4-7-8-17-28C,30,1A,0,1,M108/1,AA6701,0,30
2026-08-02T02:44:45.180Z,deep_scan,20260802011913_1A-4-7-8-17-28C,30,1A,0,5,M29,AA7115,1,7
2026-08-02T02:44:45.180Z,deep_scan,20260802011913_1A-4-7-8-17-28C,30,1A,0,14,M253,AA7468,0,49
2026-08-02T02:45:15.169Z,deep_scan,20260802011913_1A-4-7-8-17-28C,30,1A,1,4,M53,AA5407,1,20
2026-08-02T02:45:15.169Z,deep_scan,20260802011913_1A-4-7-8-17-28C,30,1A,1,10,M21/1,AA5946,0,16
2026-08-02T02:45:15.194Z,deep_scan,20260802011913_1A-4-7-8-17-28C,30,1A,0,1,M108/1,AA6701,0,29
2026-08-02T02:45:15.194Z,deep_scan,20260802011913_1A-4-7-8-17-28C,30,1A,0,6,M36,AA7115,1,19
2026-08-02T02:45:15.194Z,deep_scan,20260802011913_1A-4-7-8-17-28C,30,1A,0,15,M250,AA7468,1,38
2026-08-02T02:45:45.179Z,deep_scan,20260802011913_1A-4-7-8-17-28C,30,1A,0,1,M108/1,AA6701,0,19
2026-08-02T02:45:45.179Z,deep_scan,20260802011913_1A-4-7-8-17-28C,30,1A,0,6,M36,AA7115,1,8
2026-08-02T02:45:45.179Z,deep_scan,20260802011913_1A-4-7-8-17-28C,30,1A,0,15,M250,AA7468,0,18
2026-08-02T02:45:45.217Z,deep_scan,20260802011913_1A-4-7-8-17-28C,30,1A,1,4,M53,AA5407,0,26
2026-08-02T02:45:45.217Z,deep_scan,20260802011913_1A-4-7-8-17-28C,30,1A,1,10,M21/1,AA5946,0,16
2026-08-02T02:46:15.178Z,deep_scan,20260802011913_1A-4-7-8-17-28C,30,1A,0,1,M108/1,AA6701,0,21
2026-08-02T02:46:15.178Z,deep_scan,20260802011913_1A-4-7-8-17-28C,30,1A,0,7,M48,AA7115,1,12
2026-08-02T02:46:15.178Z,deep_scan,20260802011913_1A-4-7-8-17-28C,30,1A,0,15,M250,AA7468,0,8
2026-08-02T02:46:15.193Z,deep_scan,20260802011913_1A-4-7-8-17-28C,30,1A,1,4,M53,AA5407,0,37
2026-08-02T02:46:15.193Z,deep_scan,20260802011913_1A-4-7-8-17-28C,30,1A,1,10,M21/1,AA5946,0,33
2026-08-02T02:46:45.150Z,deep_scan,20260802011913_1A-4-7-8-17-28C,30,1A,0,1,M108/1,AA6701,0,20
2026-08-02T02:46:45.150Z,deep_scan,20260802011913_1A-4-7-8-17-28C,30,1A,0,7,M48,AA7115,0,12
2026-08-02T02:46:45.150Z,deep_scan,20260802011913_1A-4-7-8-17-28C,30,1A,0,16,M252,AA7468,1,0
2026-08-02T02:46:45.186Z,deep_scan,20260802011913_1A-4-7-8-17-28C,30,1A,1,5,M49,AA5407,1,4
2026-08-02T02:46:45.186Z,deep_scan,20260802011913_1A-4-7-8-17-28C,30,1A,1,10,M21/1,AA5946,0,27
2026-08-02T02:47:15.187Z,deep_scan,20260802011913_1A-4-7-8-17-28C,30,1A,0,2,M26/1,AA6701,1,23
2026-08-02T02:47:15.187Z,deep_scan,20260802011913_1A-4-7-8-17-28C,30,1A,0,7,M48,AA7115,0,12
2026-08-02T02:47:15.187Z,deep_scan,20260802011913_1A-4-7-8-17-28C,30,1A,0,16,M252,AA7468,1,0
2026-08-02T02:47:15.208Z,deep_scan,20260802011913_1A-4-7-8-17-28C,30,1A,1,5,M49,AA5407,0,17
2026-08-02T02:47:15.208Z,deep_scan,20260802011913_1A-4-7-8-17-28C,30,1A,1,10,M21/1,AA5946,0,31
2026-08-02T02:47:45.208Z,deep_scan,20260802011913_1A-4-7-8-17-28C,30,1A,1,6,M35/1,AA5407,1,14
2026-08-02T02:47:45.208Z,deep_scan,20260802011913_1A-4-7-8-17-28C,30,1A,1,10,M21/1,AA5946,0,14
2026-08-02T02:47:45.232Z,deep_scan,20260802011913_1A-4-7-8-17-28C,30,1A,0,2,M26/1,AA6701,1,23
2026-08-02T02:47:45.232Z,deep_scan,20260802011913_1A-4-7-8-17-28C,30,1A,0,7,M48,AA7115,0,21
2026-08-02T02:47:45.232Z,deep_scan,20260802011913_1A-4-7-8-17-28C,30,1A,0,16,M252,AA7468,1,0
2026-08-02T02:48:15.178Z,deep_scan,20260802011913_1A-4-7-8-17-28C,30,1A,1,6,M35/1,AA5407,1,26
2026-08-02T02:48:15.178Z,deep_scan,20260802011913_1A-4-7-8-17-28C,30,1A,1,10,M21/1,AA5946,0,14
2026-08-02T02:48:15.220Z,deep_scan,20260802011913_1A-4-7-8-17-28C,30,1A,0,2,M26/1,AA6701,0,1
2026-08-02T02:48:15.220Z,deep_scan,20260802011913_1A-4-7-8-17-28C,30,1A,0,7,M48,AA7115,0,16
2026-08-02T02:48:15.220Z,deep_scan,20260802011913_1A-4-7-8-17-28C,30,1A,0,16,M252,AA7468,1,0
2026-08-02T02:48:45.264Z,deep_scan,20260802011913_1A-4-7-8-17-28C,30,1A,0,2,M26/1,AA6701,0,25
2026-08-02T02:48:45.264Z,deep_scan,20260802011913_1A-4-7-8-17-28C,30,1A,0,7,M48,AA7115,0,26
2026-08-02T02:48:45.264Z,deep_scan,20260802011913_1A-4-7-8-17-28C,30,1A,0,16,M252,AA7468,1,0
2026-08-02T02:48:45.269Z,deep_scan,20260802011913_1A-4-7-8-17-28C,30,1A,1,6,M35/1,AA5407,1,3
2026-08-02T02:48:45.269Z,deep_scan,20260802011913_1A-4-7-8-17-28C,30,1A,1,11,M120/2,AA5946,1,0
2026-08-02T02:49:15.205Z,deep_scan,20260802011913_1A-4-7-8-17-28C,30,1A,0,2,M26/1,AA6701,0,9
2026-08-02T02:49:15.205Z,deep_scan,20260802011913_1A-4-7-8-17-28C,30,1A,0,8,M52,AA7115,1,40
2026-08-02T02:49:15.231Z,deep_scan,20260802011913_1A-4-7-8-17-28C,30,1A,1,0,M252,AA7468,1,23
2026-08-02T02:49:15.231Z,deep_scan,20260802011913_1A-4-7-8-17-28C,30,1A,1,6,M35/1,AA5407,0,37
2026-08-02T02:49:15.231Z,deep_scan,20260802011913_1A-4-7-8-17-28C,30,1A,1,11,M120/2,AA5946,1,0
2026-08-02T02:49:45.211Z,deep_scan,20260802011913_1A-4-7-8-17-28C,30,1A,1,0,M252,AA7468,1,23
2026-08-02T02:49:45.211Z,deep_scan,20260802011913_1A-4-7-8-17-28C,30,1A,1,6,M35/1,AA5407,0,19
2026-08-02T02:49:45.211Z,deep_scan,20260802011913_1A-4-7-8-17-28C,30,1A,1,11,M120/2,AA5946,1,0
2026-08-02T02:49:45.234Z,deep_scan,20260802011913_1A-4-7-8-17-28C,30,1A,0,2,M26/1,AA6701,0,25
2026-08-02T02:49:45.234Z,deep_scan,20260802011913_1A-4-7-8-17-28C,30,1A,0,8,M52,AA7115,1,2
2026-08-02T02:50:15.244Z,deep_scan,20260802011913_1A-4-7-8-17-28C,30,1A,1,0,M252,AA7468,0,1
2026-08-02T02:50:15.244Z,deep_scan,20260802011913_1A-4-7-8-17-28C,30,1A,1,7,M28/1,AA5407,1,24
2026-08-02T02:50:15.244Z,deep_scan,20260802011913_1A-4-7-8-17-28C,30,1A,1,11,M120/2,AA5946,1,0
2026-08-02T02:50:15.286Z,deep_scan,20260802011913_1A-4-7-8-17-28C,30,1A,0,3,M10,AA6701,1,28
2026-08-02T02:50:15.286Z,deep_scan,20260802011913_1A-4-7-8-17-28C,30,1A,0,8,M52,AA7115,0,33
2026-08-02T02:50:45.213Z,deep_scan,20260802011913_1A-4-7-8-17-28C,30,1A,0,3,M10,AA6701,1,22
2026-08-02T02:50:45.213Z,deep_scan,20260802011913_1A-4-7-8-17-28C,30,1A,0,8,M52,AA7115,0,48
2026-08-02T02:50:45.239Z,deep_scan,20260802011913_1A-4-7-8-17-28C,30,1A,1,0,M252,AA7468,0,47
2026-08-02T02:50:45.239Z,deep_scan,20260802011913_1A-4-7-8-17-28C,30,1A,1,7,M28/1,AA5407,1,24
2026-08-02T02:50:45.239Z,deep_scan,20260802011913_1A-4-7-8-17-28C,30,1A,1,11,M120/2,AA5946,1,0
2026-08-02T02:51:15.263Z,deep_scan,20260802011913_1A-4-7-8-17-28C,30,1A,1,0,M252,AA7468,0,19
2026-08-02T02:51:15.263Z,deep_scan,20260802011913_1A-4-7-8-17-28C,30,1A,1,7,M28/1,AA5407,0,16
2026-08-02T02:51:15.263Z,deep_scan,20260802011913_1A-4-7-8-17-28C,30,1A,1,11,M120/2,AA5946,1,0
2026-08-02T02:51:15.326Z,deep_scan,20260802011913_1A-4-7-8-17-28C,30,1A,0,3,M10,AA6701,0,18
2026-08-02T02:51:15.326Z,deep_scan,20260802011913_1A-4-7-8-17-28C,30,1A,0,8,M52,AA7115,0,44
2026-08-02T02:51:45.234Z,deep_scan,20260802011913_1A-4-7-8-17-28C,30,1A,0,3,M10,AA6701,0,26
2026-08-02T02:51:45.234Z,deep_scan,20260802011913_1A-4-7-8-17-28C,30,1A,0,8,M52,AA7115,0,9
2026-08-02T02:51:45.242Z,deep_scan,20260802011913_1A-4-7-8-17-28C,30,1A,1,1,M161,AA7468,1,29
2026-08-02T02:51:45.242Z,deep_scan,20260802011913_1A-4-7-8-17-28C,30,1A,1,7,M28/1,AA5407,0,1
2026-08-02T02:51:45.242Z,deep_scan,20260802011913_1A-4-7-8-17-28C,30,1A,1,11,M120/2,AA5946,1,0
2026-08-02T02:52:15.323Z,deep_scan,20260802011913_1A-4-7-8-17-28C,30,1A,0,4,M27,AA6701,1,5
2026-08-02T02:52:15.323Z,deep_scan,20260802011913_1A-4-7-8-17-28C,30,1A,0,8,M52,AA7115,0,31
2026-08-02T02:52:15.380Z,deep_scan,20260802011913_1A-4-7-8-17-28C,30,1A,1,2,M70,AA7468,1,22
2026-08-02T02:52:15.380Z,deep_scan,20260802011913_1A-4-7-8-17-28C,30,1A,1,7,M28/1,AA5407,0,1
2026-08-02T02:52:15.380Z,deep_scan,20260802011913_1A-4-7-8-17-28C,30,1A,1,11,M120/2,AA5946,1,0
2026-08-02T02:52:45.227Z,deep_scan,20260802011913_1A-4-7-8-17-28C,30,1A,0,4,M27,AA6701,0,3
2026-08-02T02:52:45.227Z,deep_scan,20260802011913_1A-4-7-8-17-28C,30,1A,0,9,M239/1,AA7115,1,4
2026-08-02T02:52:45.259Z,deep_scan,20260802011913_1A-4-7-8-17-28C,30,1A,1,2,M70,AA7468,1,12
2026-08-02T02:52:45.259Z,deep_scan,20260802011913_1A-4-7-8-17-28C,30,1A,1,7,M28/1,AA5407,0,1
2026-08-02T02:52:45.259Z,deep_scan,20260802011913_1A-4-7-8-17-28C,30,1A,1,11,M120/2,AA5946,1,0
2026-08-02T02:53:15.338Z,deep_scan,20260802011913_1A-4-7-8-17-28C,30,1A,1,2,M70,AA7468,0,11
2026-08-02T02:53:15.338Z,deep_scan,20260802011913_1A-4-7-8-17-28C,30,1A,1,7,M28/1,AA5407,0,12
2026-08-02T02:53:15.353Z,deep_scan,20260802011913_1A-4-7-8-17-28C,30,1A,0,4,M27,AA6701,0,2
2026-08-02T02:53:15.353Z,deep_scan,20260802011913_1A-4-7-8-17-28C,30,1A,0,9,M239/1,AA7115,0,30
2026-08-02T02:53:45.243Z,deep_scan,20260802011913_1A-4-7-8-17-28C,30,1A,1,3,M118,AA7468,1,31
2026-08-02T02:53:45.243Z,deep_scan,20260802011913_1A-4-7-8-17-28C,30,1A,1,8,M11,AA5407,1,24
2026-08-02T02:53:45.282Z,deep_scan,20260802011913_1A-4-7-8-17-28C,30,1A,0,4,M27,AA6701,0,12
2026-08-02T02:53:45.282Z,deep_scan,20260802011913_1A-4-7-8-17-28C,30,1A,0,10,M254,AA7115,1,40
2026-08-02T02:54:15.288Z,deep_scan,20260802011913_1A-4-7-8-17-28C,30,1A,1,3,M118,AA7468,1,9
2026-08-02T02:54:15.288Z,deep_scan,20260802011913_1A-4-7-8-17-28C,30,1A,1,8,M11,AA5407,0,1
2026-08-02T02:54:15.311Z,deep_scan,20260802011913_1A-4-7-8-17-28C,30,1A,0,4,M27,AA6701,0,20
2026-08-02T02:54:15.311Z,deep_scan,20260802011913_1A-4-7-8-17-28C,30,1A,0,10,M254,AA7115,1,2
2026-08-02T02:54:45.236Z,deep_scan,20260802011913_1A-4-7-8-17-28C,30,1A,0,0,M120/2,AA7673,1,29
2026-08-02T02:54:45.236Z,deep_scan,20260802011913_1A-4-7-8-17-28C,30,1A,0,5,M29,AA6701,1,12
2026-08-02T02:54:45.236Z,deep_scan,20260802011913_1A-4-7-8-17-28C,30,1A,0,10,M254,AA7115,0,26
2026-08-02T02:54:45.249Z,deep_scan,20260802011913_1A-4-7-8-17-28C,30,1A,1,3,M118,AA7468,1,3
2026-08-02T02:54:45.249Z,deep_scan,20260802011913_1A-4-7-8-17-28C,30,1A,1,9,M12,AA5407,1,31
2026-08-02T02:55:15.272Z,deep_scan,20260802011913_1A-4-7-8-17-28C,30,1A,0,0,M120/2,AA7673,1,29
2026-08-02T02:55:15.272Z,deep_scan,20260802011913_1A-4-7-8-17-28C,30,1A,0,5,M29,AA6701,1,27
2026-08-02T02:55:15.272Z,deep_scan,20260802011913_1A-4-7-8-17-28C,30,1A,0,10,M254,AA7115,0,25
2026-08-02T02:55:15.280Z,deep_scan,20260802011913_1A-4-7-8-17-28C,30,1A,1,3,M118,AA7468,0,3
2026-08-02T02:55:15.280Z,deep_scan,20260802011913_1A-4-7-8-17-28C,30,1A,1,9,M12,AA5407,0,11
2026-08-02T02:55:45.269Z,deep_scan,20260802011913_1A-4-7-8-17-28C,30,1A,0,0,M120/2,AA7673,1,29
2026-08-02T02:55:45.269Z,deep_scan,20260802011913_1A-4-7-8-17-28C,30,1A,0,5,M29,AA6701,1,5
2026-08-02T02:55:45.269Z,deep_scan,20260802011913_1A-4-7-8-17-28C,30,1A,0,11,M241,AA7115,1,21
2026-08-02T02:55:45.277Z,deep_scan,20260802011913_1A-4-7-8-17-28C,30,1A,1,3,M118,AA7468,0,37
2026-08-02T02:55:45.277Z,deep_scan,20260802011913_1A-4-7-8-17-28C,30,1A,1,9,M12,AA5407,0,11
2026-08-02T02:56:15.283Z,deep_scan,20260802011913_1A-4-7-8-17-28C,30,1A,0,0,M120/2,AA7673,0,29
2026-08-02T02:56:15.283Z,deep_scan,20260802011913_1A-4-7-8-17-28C,30,1A,0,5,M29,AA6701,1,5
2026-08-02T02:56:15.283Z,deep_scan,20260802011913_1A-4-7-8-17-28C,30,1A,0,11,M241,AA7115,0,29
2026-08-02T02:56:15.287Z,deep_scan,20260802011913_1A-4-7-8-17-28C,30,1A,1,3,M118,AA7468,0,40
2026-08-02T02:56:15.287Z,deep_scan,20260802011913_1A-4-7-8-17-28C,30,1A,1,10,M21/1,AA5407,1,38
2026-08-02T02:56:45.257Z,deep_scan,20260802011913_1A-4-7-8-17-28C,30,1A,0,0,M120/2,AA7673,0,29
2026-08-02T02:56:45.257Z,deep_scan,20260802011913_1A-4-7-8-17-28C,30,1A,0,5,M29,AA6701,0,22
2026-08-02T02:56:45.257Z,deep_scan,20260802011913_1A-4-7-8-17-28C,30,1A,0,12,M71,AA7115,1,7
2026-08-02T02:56:45.263Z,deep_scan,20260802011913_1A-4-7-8-17-28C,30,1A,1,3,M118,AA7468,0,9
2026-08-02T02:56:45.263Z,deep_scan,20260802011913_1A-4-7-8-17-28C,30,1A,1,10,M21/1,AA5407,1,20
2026-08-02T02:57:15.288Z,deep_scan,20260802011913_1A-4-7-8-17-28C,30,1A,1,3,M118,AA7468,0,48
2026-08-02T02:57:15.288Z,deep_scan,20260802011913_1A-4-7-8-17-28C,30,1A,1,10,M21/1,AA5407,0,22
2026-08-02T02:57:15.312Z,deep_scan,20260802011913_1A-4-7-8-17-28C,30,1A,0,0,M120/2,AA7673,0,29
2026-08-02T02:57:15.312Z,deep_scan,20260802011913_1A-4-7-8-17-28C,30,1A,0,6,M36,AA6701,1,7
2026-08-02T02:57:15.312Z,deep_scan,20260802011913_1A-4-7-8-17-28C,30,1A,0,13,M156,AA7115,1,26
2026-08-02T02:57:45.290Z,deep_scan,20260802011913_1A-4-7-8-17-28C,30,1A,1,3,M118,AA7468,0,9
2026-08-02T02:57:45.290Z,deep_scan,20260802011913_1A-4-7-8-17-28C,30,1A,1,10,M21/1,AA5407,0,22
2026-08-02T02:57:45.305Z,deep_scan,20260802011913_1A-4-7-8-17-28C,30,1A,0,0,M120/2,AA7673,0,29
2026-08-02T02:57:45.305Z,deep_scan,20260802011913_1A-4-7-8-17-28C,30,1A,0,6,M36,AA6701,1,7
2026-08-02T02:57:45.305Z,deep_scan,20260802011913_1A-4-7-8-17-28C,30,1A,0,13,M156,AA7115,0,11
2026-08-02T02:58:15.262Z,deep_scan,20260802011913_1A-4-7-8-17-28C,30,1A,1,4,M53,AA7468,1,46
2026-08-02T02:58:15.262Z,deep_scan,20260802011913_1A-4-7-8-17-28C,30,1A,1,10,M21/1,AA5407,0,21
2026-08-02T02:58:15.275Z,deep_scan,20260802011913_1A-4-7-8-17-28C,30,1A,0,1,M108/1,AA7673,1,16
2026-08-02T02:58:15.275Z,deep_scan,20260802011913_1A-4-7-8-17-28C,30,1A,0,6,M36,AA6701,1,29
2026-08-02T02:58:15.275Z,deep_scan,20260802011913_1A-4-7-8-17-28C,30,1A,0,13,M156,AA7115,0,30
2026-08-02T02:58:45.257Z,deep_scan,20260802011913_1A-4-7-8-17-28C,30,1A,1,4,M53,AA7468,0,47
2026-08-02T02:58:45.257Z,deep_scan,20260802011913_1A-4-7-8-17-28C,30,1A,1,10,M21/1,AA5407,0,37
2026-08-02T02:58:45.286Z,deep_scan,20260802011913_1A-4-7-8-17-28C,30,1A,0,1,M108/1,AA7673,1,16
2026-08-02T02:58:45.286Z,deep_scan,20260802011913_1A-4-7-8-17-28C,30,1A,0,7,M48,AA6701,1,10
2026-08-02T02:58:45.286Z,deep_scan,20260802011913_1A-4-7-8-17-28C,30,1A,0,14,M253,AA7115,1,29
2026-08-02T02:59:15.264Z,deep_scan,20260802011913_1A-4-7-8-17-28C,30,1A,1,4,M53,AA7468,0,46
2026-08-02T02:59:15.264Z,deep_scan,20260802011913_1A-4-7-8-17-28C,30,1A,1,10,M21/1,AA5407,0,20
2026-08-02T02:59:15.287Z,deep_scan,20260802011913_1A-4-7-8-17-28C,30,1A,0,1,M108/1,AA7673,1,16
2026-08-02T02:59:15.287Z,deep_scan,20260802011913_1A-4-7-8-17-28C,30,1A,0,7,M48,AA6701,1,31
2026-08-02T02:59:15.287Z,deep_scan,20260802011913_1A-4-7-8-17-28C,30,1A,0,14,M253,AA7115,1,20
2026-08-02T02:59:45.300Z,deep_scan,20260802011913_1A-4-7-8-17-28C,30,1A,1,5,M49,AA7468,0,17
2026-08-02T02:59:45.300Z,deep_scan,20260802011913_1A-4-7-8-17-28C,30,1A,1,10,M21/1,AA5407,0,12
2026-08-02T02:59:45.312Z,deep_scan,20260802011913_1A-4-7-8-17-28C,30,1A,0,1,M108/1,AA7673,1,16
2026-08-02T02:59:45.312Z,deep_scan,20260802011913_1A-4-7-8-17-28C,30,1A,0,7,M48,AA6701,0,30
2026-08-02T02:59:45.312Z,deep_scan,20260802011913_1A-4-7-8-17-28C,30,1A,0,14,M253,AA7115,0,24
2026-08-02T03:00:15.361Z,deep_scan,20260802011913_1A-4-7-8-17-28C,30,1A,0,1,M108/1,AA7673,1,16
2026-08-02T03:00:15.361Z,deep_scan,20260802011913_1A-4-7-8-17-28C,30,1A,0,8,M52,AA6701,1,1
2026-08-02T03:00:15.361Z,deep_scan,20260802011913_1A-4-7-8-17-28C,30,1A,0,15,M250,AA7115,1,2
2026-08-02T03:00:15.380Z,deep_scan,20260802011913_1A-4-7-8-17-28C,30,1A,1,5,M49,AA7468,0,28
2026-08-02T03:00:15.380Z,deep_scan,20260802011913_1A-4-7-8-17-28C,30,1A,1,10,M21/1,AA5407,0,12
2026-08-02T03:00:45.306Z,deep_scan,20260802011913_1A-4-7-8-17-28C,30,1A,1,5,M49,AA7468,0,27
2026-08-02T03:00:45.306Z,deep_scan,20260802011913_1A-4-7-8-17-28C,30,1A,1,10,M21/1,AA5407,0,12
2026-08-02T03:00:45.323Z,deep_scan,20260802011913_1A-4-7-8-17-28C,30,1A,0,1,M108/1,AA7673,1,16
2026-08-02T03:00:45.323Z,deep_scan,20260802011913_1A-4-7-8-17-28C,30,1A,0,8,M52,AA6701,0,22
2026-08-02T03:00:45.323Z,deep_scan,20260802011913_1A-4-7-8-17-28C,30,1A,0,15,M250,AA7115,1,35
2026-08-02T03:01:15.371Z,deep_scan,20260802011913_1A-4-7-8-17-28C,30,1A,0,1,M108/1,AA7673,0,8
2026-08-02T03:01:15.371Z,deep_scan,20260802011913_1A-4-7-8-17-28C,30,1A,0,8,M52,AA6701,0,47
2026-08-02T03:01:15.371Z,deep_scan,20260802011913_1A-4-7-8-17-28C,30,1A,0,15,M250,AA7115,0,2
2026-08-02T03:01:15.393Z,deep_scan,20260802011913_1A-4-7-8-17-28C,30,1A,1,5,M49,AA7468,0,27
2026-08-02T03:01:15.393Z,deep_scan,20260802011913_1A-4-7-8-17-28C,30,1A,1,11,M120/2,AA5407,1,0
2026-08-02T03:01:45.294Z,deep_scan,20260802011913_1A-4-7-8-17-28C,30,1A,1,5,M49,AA7468,0,10
2026-08-02T03:01:45.294Z,deep_scan,20260802011913_1A-4-7-8-17-28C,30,1A,1,11,M120/2,AA5407,1,0
2026-08-02T03:01:45.322Z,deep_scan,20260802011913_1A-4-7-8-17-28C,30,1A,0,1,M108/1,AA7673,0,17
2026-08-02T03:01:45.322Z,deep_scan,20260802011913_1A-4-7-8-17-28C,30,1A,0,8,M52,AA6701,0,47
2026-08-02T03:01:45.322Z,deep_scan,20260802011913_1A-4-7-8-17-28C,30,1A,0,16,M252,AA7115,1,0
2026-08-02T03:02:15.339Z,deep_scan,20260802011913_1A-4-7-8-17-28C,30,1A,1,5,M49,AA7468,0,10
2026-08-02T03:02:15.339Z,deep_scan,20260802011913_1A-4-7-8-17-28C,30,1A,1,11,M120/2,AA5407,1,0
2026-08-02T03:02:15.375Z,deep_scan,20260802011913_1A-4-7-8-17-28C,30,1A,0,1,M108/1,AA7673,0,38
2026-08-02T03:02:15.375Z,deep_scan,20260802011913_1A-4-7-8-17-28C,30,1A,0,8,M52,AA6701,0,30
2026-08-02T03:02:15.375Z,deep_scan,20260802011913_1A-4-7-8-17-28C,30,1A,0,16,M252,AA7115,1,0
2026-08-02T03:02:45.324Z,deep_scan,20260802011913_1A-4-7-8-17-28C,30,1A,1,5,M49,AA7468,0,10
2026-08-02T03:02:45.324Z,deep_scan,20260802011913_1A-4-7-8-17-28C,30,1A,1,11,M120/2,AA5407,1,0
2026-08-02T03:02:45.341Z,deep_scan,20260802011913_1A-4-7-8-17-28C,30,1A,0,1,M108/1,AA7673,0,43
2026-08-02T03:02:45.341Z,deep_scan,20260802011913_1A-4-7-8-17-28C,30,1A,0,8,M52,AA6701,0,9
2026-08-02T03:02:45.341Z,deep_scan,20260802011913_1A-4-7-8-17-28C,30,1A,0,16,M252,AA7115,1,0
2026-08-02T03:03:15.364Z,deep_scan,20260802011913_1A-4-7-8-17-28C,30,1A,1,5,M49,AA7468,0,13
2026-08-02T03:03:15.364Z,deep_scan,20260802011913_1A-4-7-8-17-28C,30,1A,1,11,M120/2,AA5407,1,0
2026-08-02T03:03:15.391Z,deep_scan,20260802011913_1A-4-7-8-17-28C,30,1A,0,1,M108/1,AA7673,0,29
2026-08-02T03:03:15.391Z,deep_scan,20260802011913_1A-4-7-8-17-28C,30,1A,0,9,M239/1,AA6701,1,34
2026-08-02T03:03:15.391Z,deep_scan,20260802011913_1A-4-7-8-17-28C,30,1A,0,16,M252,AA7115,1,0
2026-08-02T03:03:45.348Z,deep_scan,20260802011913_1A-4-7-8-17-28C,30,1A,1,5,M49,AA7468,0,28
2026-08-02T03:03:45.348Z,deep_scan,20260802011913_1A-4-7-8-17-28C,30,1A,1,11,M120/2,AA5407,1,0
2026-08-02T03:03:45.366Z,deep_scan,20260802011913_1A-4-7-8-17-28C,30,1A,0,1,M108/1,AA7673,0,27
2026-08-02T03:03:45.366Z,deep_scan,20260802011913_1A-4-7-8-17-28C,30,1A,0,9,M239/1,AA6701,0,4
2026-08-02T03:03:45.366Z,deep_scan,20260802011913_1A-4-7-8-17-28C,30,1A,0,16,M252,AA7115,1,0
2026-08-02T03:04:15.321Z,deep_scan,20260802011913_1A-4-7-8-17-28C,30,1A,0,2,M26/1,AA7673,1,26
2026-08-02T03:04:15.321Z,deep_scan,20260802011913_1A-4-7-8-17-28C,30,1A,0,10,M254,AA6701,1,48
2026-08-02T03:04:15.321Z,deep_scan,20260802011913_1A-4-7-8-17-28C,30,1A,0,16,M252,AA7115,1,0
2026-08-02T03:04:15.327Z,deep_scan,20260802011913_1A-4-7-8-17-28C,30,1A,1,5,M49,AA7468,0,28
2026-08-02T03:04:15.327Z,deep_scan,20260802011913_1A-4-7-8-17-28C,30,1A,1,11,M120/2,AA5407,1,0
2026-08-02T03:04:45.357Z,deep_scan,20260802011913_1A-4-7-8-17-28C,30,1A,1,5,M49,AA7468,0,15
2026-08-02T03:04:45.357Z,deep_scan,20260802011913_1A-4-7-8-17-28C,30,1A,1,11,M120/2,AA5407,1,0
2026-08-02T03:04:45.360Z,deep_scan,20260802011913_1A-4-7-8-17-28C,30,1A,0,2,M26/1,AA7673,1,2
2026-08-02T03:04:45.360Z,deep_scan,20260802011913_1A-4-7-8-17-28C,30,1A,0,10,M254,AA6701,1,25
2026-08-02T03:04:45.360Z,deep_scan,20260802011913_1A-4-7-8-17-28C,30,1A,0,16,M252,AA7115,1,0
2026-08-02T03:05:15.329Z,deep_scan,20260802011913_1A-4-7-8-17-28C,30,1A,0,2,M26/1,AA7673,1,2
2026-08-02T03:05:15.329Z,deep_scan,20260802011913_1A-4-7-8-17-28C,30,1A,0,10,M254,AA6701,0,25
2026-08-02T03:05:15.355Z,deep_scan,20260802011913_1A-4-7-8-17-28C,30,1A,1,0,M252,AA7115,1,6
2026-08-02T03:05:15.355Z,deep_scan,20260802011913_1A-4-7-8-17-28C,30,1A,1,6,M35/1,AA7468,0,16
2026-08-02T03:05:15.355Z,deep_scan,20260802011913_1A-4-7-8-17-28C,30,1A,1,11,M120/2,AA5407,1,0
2026-08-02T03:05:45.392Z,deep_scan,20260802011913_1A-4-7-8-17-28C,30,1A,1,0,M252,AA7115,0,6
2026-08-02T03:05:45.392Z,deep_scan,20260802011913_1A-4-7-8-17-28C,30,1A,1,7,M28/1,AA7468,0,5
2026-08-02T03:05:45.413Z,deep_scan,20260802011913_1A-4-7-8-17-28C,30,1A,0,2,M26/1,AA7673,1,6
2026-08-02T03:05:45.413Z,deep_scan,20260802011913_1A-4-7-8-17-28C,30,1A,0,11,M241,AA6701,1,47
2026-08-02T03:06:15.315Z,deep_scan,20260802011913_1A-4-7-8-17-28C,30,1A,1,0,M252,AA7115,0,35
2026-08-02T03:06:15.315Z,deep_scan,20260802011913_1A-4-7-8-17-28C,30,1A,1,7,M28/1,AA7468,0,6
2026-08-02T03:06:15.349Z,deep_scan,20260802011913_1A-4-7-8-17-28C,30,1A,0,2,M26/1,AA7673,0,21
2026-08-02T03:06:15.349Z,deep_scan,20260802011913_1A-4-7-8-17-28C,30,1A,0,11,M241,AA6701,0,33
2026-08-02T03:06:45.350Z,deep_scan,20260802011913_1A-4-7-8-17-28C,30,1A,1,0,M252,AA7115,0,4
2026-08-02T03:06:45.350Z,deep_scan,20260802011913_1A-4-7-8-17-28C,30,1A,1,7,M28/1,AA7468,0,6
2026-08-02T03:06:45.368Z,deep_scan,20260802011913_1A-4-7-8-17-28C,30,1A,0,2,M26/1,AA7673,0,19
2026-08-02T03:06:45.368Z,deep_scan,20260802011913_1A-4-7-8-17-28C,30,1A,0,12,M71,AA6701,1,3
2026-08-02T03:07:15.362Z,deep_scan,20260802011913_1A-4-7-8-17-28C,30,1A,1,0,M252,AA7115,0,25
2026-08-02T03:07:15.362Z,deep_scan,20260802011913_1A-4-7-8-17-28C,30,1A,1,7,M28/1,AA7468,0,6
2026-08-02T03:07:15.397Z,deep_scan,20260802011913_1A-4-7-8-17-28C,30,1A,0,2,M26/1,AA7673,0,12
2026-08-02T03:07:15.397Z,deep_scan,20260802011913_1A-4-7-8-17-28C,30,1A,0,13,M156,AA6701,1,14
2026-08-02T03:07:45.340Z,deep_scan,20260802011913_1A-4-7-8-17-28C,30,1A,0,2,M26/1,AA7673,0,12
2026-08-02T03:07:45.340Z,deep_scan,20260802011913_1A-4-7-8-17-28C,30,1A,0,13,M156,AA6701,1,4
2026-08-02T03:07:45.459Z,deep_scan,20260802011913_1A-4-7-8-17-28C,30,1A,1,0,M252,AA7115,0,3
2026-08-02T03:07:45.459Z,deep_scan,20260802011913_1A-4-7-8-17-28C,30,1A,1,7,M28/1,AA7468,0,3
2026-08-02T03:08:15.368Z,deep_scan,20260802011913_1A-4-7-8-17-28C,30,1A,1,1,M161,AA7115,1,21
2026-08-02T03:08:15.368Z,deep_scan,20260802011913_1A-4-7-8-17-28C,30,1A,1,7,M28/1,AA7468,0,19
2026-08-02T03:08:15.424Z,deep_scan,20260802011913_1A-4-7-8-17-28C,30,1A,0,0,M120/2,AA5407,1,17
2026-08-02T03:08:15.424Z,deep_scan,20260802011913_1A-4-7-8-17-28C,30,1A,0,3,M10,AA7673,1,29
2026-08-02T03:08:15.424Z,deep_scan,20260802011913_1A-4-7-8-17-28C,30,1A,0,13,M156,AA6701,0,36
2026-08-02T03:08:45.368Z,deep_scan,20260802011913_1A-4-7-8-17-28C,30,1A,0,0,M120/2,AA5407,0,17
2026-08-02T03:08:45.368Z,deep_scan,20260802011913_1A-4-7-8-17-28C,30,1A,0,3,M10,AA7673,1,43
2026-08-02T03:08:45.368Z,deep_scan,20260802011913_1A-4-7-8-17-28C,30,1A,0,13,M156,AA6701,0,21
2026-08-02T03:08:45.415Z,deep_scan,20260802011913_1A-4-7-8-17-28C,30,1A,1,1,M161,AA7115,0,21
2026-08-02T03:08:45.415Z,deep_scan,20260802011913_1A-4-7-8-17-28C,30,1A,1,8,M11,AA7468,1,28
2026-08-02T03:09:15.408Z,deep_scan,20260802011913_1A-4-7-8-17-28C,30,1A,1,2,M70,AA7115,1,22
2026-08-02T03:09:15.408Z,deep_scan,20260802011913_1A-4-7-8-17-28C,30,1A,1,8,M11,AA7468,0,27
2026-08-02T03:09:15.615Z,deep_scan,20260802011913_1A-4-7-8-17-28C,30,1A,0,0,M120/2,AA5407,0,17
2026-08-02T03:09:15.615Z,deep_scan,20260802011913_1A-4-7-8-17-28C,30,1A,0,3,M10,AA7673,1,43
2026-08-02T03:09:15.615Z,deep_scan,20260802011913_1A-4-7-8-17-28C,30,1A,0,14,M253,AA6701,1,7
2026-08-02T03:09:45.370Z,deep_scan,20260802011913_1A-4-7-8-17-28C,30,1A,0,0,M120/2,AA5407,0,9
2026-08-02T03:09:45.370Z,deep_scan,20260802011913_1A-4-7-8-17-28C,30,1A,0,3,M10,AA7673,1,43
2026-08-02T03:09:45.370Z,deep_scan,20260802011913_1A-4-7-8-17-28C,30,1A,0,14,M253,AA6701,0,28
2026-08-02T03:09:45.380Z,deep_scan,20260802011913_1A-4-7-8-17-28C,30,1A,1,2,M70,AA7115,1,17
2026-08-02T03:09:45.380Z,deep_scan,20260802011913_1A-4-7-8-17-28C,30,1A,1,9,M12,AA7468,1,27
2026-08-02T03:10:15.424Z,deep_scan,20260802011913_1A-4-7-8-17-28C,30,1A,0,0,M120/2,AA5407,0,9
2026-08-02T03:10:15.424Z,deep_scan,20260802011913_1A-4-7-8-17-28C,30,1A,0,3,M10,AA7673,0,14
2026-08-02T03:10:15.424Z,deep_scan,20260802011913_1A-4-7-8-17-28C,30,1A,0,15,M250,AA6701,1,20
2026-08-02T03:10:15.434Z,deep_scan,20260802011913_1A-4-7-8-17-28C,30,1A,1,2,M70,AA7115,0,15
2026-08-02T03:10:15.434Z,deep_scan,20260802011913_1A-4-7-8-17-28C,30,1A,1,9,M12,AA7468,0,27
2026-08-02T03:10:45.402Z,deep_scan,20260802011913_1A-4-7-8-17-28C,30,1A,0,1,M108/1,AA5407,1,35
2026-08-02T03:10:45.402Z,deep_scan,20260802011913_1A-4-7-8-17-28C,30,1A,0,3,M10,AA7673,0,19
2026-08-02T03:10:45.402Z,deep_scan,20260802011913_1A-4-7-8-17-28C,30,1A,0,15,M250,AA6701,1,5
2026-08-02T03:10:45.451Z,deep_scan,20260802011913_1A-4-7-8-17-28C,30,1A,1,3,M118,AA7115,1,14
2026-08-02T03:10:45.451Z,deep_scan,20260802011913_1A-4-7-8-17-28C,30,1A,1,9,M12,AA7468,0,28
2026-08-02T03:11:15.414Z,deep_scan,20260802011913_1A-4-7-8-17-28C,30,1A,1,3,M118,AA7115,1,4
2026-08-02T03:11:15.414Z,deep_scan,20260802011913_1A-4-7-8-17-28C,30,1A,1,10,M21/1,AA7468,1,28
2026-08-02T03:11:15.458Z,deep_scan,20260802011913_1A-4-7-8-17-28C,30,1A,0,1,M108/1,AA5407,1,35
2026-08-02T03:11:15.458Z,deep_scan,20260802011913_1A-4-7-8-17-28C,30,1A,0,3,M10,AA7673,0,30
2026-08-02T03:11:15.458Z,deep_scan,20260802011913_1A-4-7-8-17-28C,30,1A,0,15,M250,AA6701,0,9
2026-08-02T03:11:45.379Z,deep_scan,20260802011913_1A-4-7-8-17-28C,30,1A,1,3,M118,AA7115,0,16
2026-08-02T03:11:45.379Z,deep_scan,20260802011913_1A-4-7-8-17-28C,30,1A,1,10,M21/1,AA7468,1,28
2026-08-02T03:11:45.396Z,deep_scan,20260802011913_1A-4-7-8-17-28C,30,1A,0,1,M108/1,AA5407,0,16
2026-08-02T03:11:45.396Z,deep_scan,20260802011913_1A-4-7-8-17-28C,30,1A,0,3,M10,AA7673,0,30
2026-08-02T03:11:45.396Z,deep_scan,20260802011913_1A-4-7-8-17-28C,30,1A,0,15,M250,AA6701,0,12
2026-08-02T03:12:15.440Z,deep_scan,20260802011913_1A-4-7-8-17-28C,30,1A,1,3,M118,AA7115,0,44
2026-08-02T03:12:15.440Z,deep_scan,20260802011913_1A-4-7-8-17-28C,30,1A,1,10,M21/1,AA7468,0,22
2026-08-02T03:12:15.482Z,deep_scan,20260802011913_1A-4-7-8-17-28C,30,1A,0,1,M108/1,AA5407,0,30
2026-08-02T03:12:15.482Z,deep_scan,20260802011913_1A-4-7-8-17-28C,30,1A,0,4,M27,AA7673,1,12
2026-08-02T03:12:15.482Z,deep_scan,20260802011913_1A-4-7-8-17-28C,30,1A,0,16,M252,AA6701,1,0
2026-08-02T03:12:45.398Z,deep_scan,20260802011913_1A-4-7-8-17-28C,30,1A,1,3,M118,AA7115,0,39
2026-08-02T03:12:45.398Z,deep_scan,20260802011913_1A-4-7-8-17-28C,30,1A,1,10,M21/1,AA7468,0,22
2026-08-02T03:12:45.429Z,deep_scan,20260802011913_1A-4-7-8-17-28C,30,1A,0,1,M108/1,AA5407,0,5
2026-08-02T03:12:45.429Z,deep_scan,20260802011913_1A-4-7-8-17-28C,30,1A,0,4,M27,AA7673,1,12
2026-08-02T03:12:45.429Z,deep_scan,20260802011913_1A-4-7-8-17-28C,30,1A,0,16,M252,AA6701,1,0
2026-08-02T03:13:15.477Z,deep_scan,20260802011913_1A-4-7-8-17-28C,30,1A,0,1,M108/1,AA5407,0,18
2026-08-02T03:13:15.477Z,deep_scan,20260802011913_1A-4-7-8-17-28C,30,1A,0,4,M27,AA7673,0,32
2026-08-02T03:13:15.477Z,deep_scan,20260802011913_1A-4-7-8-17-28C,30,1A,0,16,M252,AA6701,1,0
2026-08-02T03:13:16.435Z,deep_scan,20260802011913_1A-4-7-8-17-28C,30,1A,1,3,M118,AA7115,0,44
2026-08-02T03:13:16.435Z,deep_scan,20260802011913_1A-4-7-8-17-28C,30,1A,1,10,M21/1,AA7468,0,15
2026-08-02T03:13:45.411Z,deep_scan,20260802011913_1A-4-7-8-17-28C,30,1A,0,1,M108/1,AA5407,0,21
2026-08-02T03:13:45.411Z,deep_scan,20260802011913_1A-4-7-8-17-28C,30,1A,0,5,M29,AA7673,1,30
2026-08-02T03:13:45.411Z,deep_scan,20260802011913_1A-4-7-8-17-28C,30,1A,0,16,M252,AA6701,1,0
2026-08-02T03:13:45.433Z,deep_scan,20260802011913_1A-4-7-8-17-28C,30,1A,1,3,M118,AA7115,0,43
2026-08-02T03:13:45.433Z,deep_scan,20260802011913_1A-4-7-8-17-28C,30,1A,1,10,M21/1,AA7468,0,34
2026-08-02T03:14:15.453Z,deep_scan,20260802011913_1A-4-7-8-17-28C,30,1A,0,1,M108/1,AA5407,0,22
2026-08-02T03:14:15.453Z,deep_scan,20260802011913_1A-4-7-8-17-28C,30,1A,0,5,M29,AA7673,1,18
2026-08-02T03:14:15.453Z,deep_scan,20260802011913_1A-4-7-8-17-28C,30,1A,0,16,M252,AA6701,1,0
2026-08-02T03:14:15.463Z,deep_scan,20260802011913_1A-4-7-8-17-28C,30,1A,1,3,M118,AA7115,0,46
2026-08-02T03:14:15.463Z,deep_scan,20260802011913_1A-4-7-8-17-28C,30,1A,1,10,M21/1,AA7468,0,34
2026-08-02T03:14:45.447Z,deep_scan,20260802011913_1A-4-7-8-17-28C,30,1A,0,2,M26/1,AA5407,1,25
2026-08-02T03:14:45.447Z,deep_scan,20260802011913_1A-4-7-8-17-28C,30,1A,0,5,M29,AA7673,1,2
2026-08-02T03:14:45.447Z,deep_scan,20260802011913_1A-4-7-8-17-28C,30,1A,0,16,M252,AA6701,1,0
2026-08-02T03:14:45.462Z,deep_scan,20260802011913_1A-4-7-8-17-28C,30,1A,1,4,M53,AA7115,1,27
2026-08-02T03:14:45.462Z,deep_scan,20260802011913_1A-4-7-8-17-28C,30,1A,1,10,M21/1,AA7468,0,34
2026-08-02T03:15:15.460Z,deep_scan,20260802011913_1A-4-7-8-17-28C,30,1A,0,2,M26/1,AA5407,1,25
2026-08-02T03:15:15.460Z,deep_scan,20260802011913_1A-4-7-8-17-28C,30,1A,0,5,M29,AA7673,0,27
2026-08-02T03:15:15.460Z,deep_scan,20260802011913_1A-4-7-8-17-28C,30,1A,0,16,M252,AA6701,1,0
2026-08-02T03:15:15.465Z,deep_scan,20260802011913_1A-4-7-8-17-28C,30,1A,1,4,M53,AA7115,1,3
2026-08-02T03:15:15.465Z,deep_scan,20260802011913_1A-4-7-8-17-28C,30,1A,1,10,M21/1,AA7468,0,34
2026-08-02T03:15:45.442Z,deep_scan,20260802011913_1A-4-7-8-17-28C,30,1A,1,4,M53,AA7115,0,48
2026-08-02T03:15:45.442Z,deep_scan,20260802011913_1A-4-7-8-17-28C,30,1A,1,10,M21/1,AA7468,0,7
2026-08-02T03:15:45.447Z,deep_scan,20260802011913_1A-4-7-8-17-28C,30,1A,0,2,M26/1,AA5407,1,25
2026-08-02T03:15:45.447Z,deep_scan,20260802011913_1A-4-7-8-17-28C,30,1A,0,6,M36,AA7673,1,11
2026-08-02T03:15:45.447Z,deep_scan,20260802011913_1A-4-7-8-17-28C,30,1A,0,16,M252,AA6701,1,0
2026-08-02T03:16:15.442Z,deep_scan,20260802011913_1A-4-7-8-17-28C,30,1A,1,5,M49,AA7115,1,33
2026-08-02T03:16:15.442Z,deep_scan,20260802011913_1A-4-7-8-17-28C,30,1A,1,10,M21/1,AA7468,0,1
2026-08-02T03:16:15.453Z,deep_scan,20260802011913_1A-4-7-8-17-28C,30,1A,0,2,M26/1,AA5407,0,11
2026-08-02T03:16:15.453Z,deep_scan,20260802011913_1A-4-7-8-17-28C,30,1A,0,6,M36,AA7673,0,11
2026-08-02T03:16:45.508Z,deep_scan,20260802011913_1A-4-7-8-17-28C,30,1A,0,2,M26/1,AA5407,0,12
2026-08-02T03:16:45.508Z,deep_scan,20260802011913_1A-4-7-8-17-28C,30,1A,0,6,M36,AA7673,0,7
2026-08-02T03:16:45.519Z,deep_scan,20260802011913_1A-4-7-8-17-28C,30,1A,1,5,M49,AA7115,1,34
2026-08-02T03:16:45.519Z,deep_scan,20260802011913_1A-4-7-8-17-28C,30,1A,1,10,M21/1,AA7468,0,39
2026-08-02T03:17:15.480Z,deep_scan,20260802011913_1A-4-7-8-17-28C,30,1A,1,5,M49,AA7115,1,6
2026-08-02T03:17:15.480Z,deep_scan,20260802011913_1A-4-7-8-17-28C,30,1A,1,10,M21/1,AA7468,0,39
2026-08-02T03:17:15.487Z,deep_scan,20260802011913_1A-4-7-8-17-28C,30,1A,0,2,M26/1,AA5407,0,3
2026-08-02T03:17:15.487Z,deep_scan,20260802011913_1A-4-7-8-17-28C,30,1A,0,7,M48,AA7673,1,6
2026-08-02T03:17:45.502Z,deep_scan,20260802011913_1A-4-7-8-17-28C,30,1A,1,5,M49,AA7115,1,6
2026-08-02T03:17:45.502Z,deep_scan,20260802011913_1A-4-7-8-17-28C,30,1A,1,10,M21/1,AA7468,0,39
2026-08-02T03:17:45.515Z,deep_scan,20260802011913_1A-4-7-8-17-28C,30,1A,0,0,M120/2,AA5646,1,26
2026-08-02T03:17:45.515Z,deep_scan,20260802011913_1A-4-7-8-17-28C,30,1A,0,2,M26/1,AA5407,0,3
2026-08-02T03:17:45.515Z,deep_scan,20260802011913_1A-4-7-8-17-28C,30,1A,0,7,M48,AA7673,1,6
2026-08-02T03:18:15.459Z,deep_scan,20260802011913_1A-4-7-8-17-28C,30,1A,1,5,M49,AA7115,0,6
2026-08-02T03:18:15.459Z,deep_scan,20260802011913_1A-4-7-8-17-28C,30,1A,1,11,M120/2,AA7468,1,0
2026-08-02T03:18:15.462Z,deep_scan,20260802011913_1A-4-7-8-17-28C,30,1A,0,0,M120/2,AA5646,0,26
2026-08-02T03:18:15.462Z,deep_scan,20260802011913_1A-4-7-8-17-28C,30,1A,0,3,M10,AA5407,1,29
2026-08-02T03:18:15.462Z,deep_scan,20260802011913_1A-4-7-8-17-28C,30,1A,0,7,M48,AA7673,0,13
2026-08-02T03:18:45.495Z,deep_scan,20260802011913_1A-4-7-8-17-28C,30,1A,0,0,M120/2,AA5646,0,18
2026-08-02T03:18:45.495Z,deep_scan,20260802011913_1A-4-7-8-17-28C,30,1A,0,3,M10,AA5407,1,8
2026-08-02T03:18:45.495Z,deep_scan,20260802011913_1A-4-7-8-17-28C,30,1A,0,8,M52,AA7673,1,13
2026-08-02T03:18:45.518Z,deep_scan,20260802011913_1A-4-7-8-17-28C,30,1A,1,5,M49,AA7115,0,27
2026-08-02T03:18:45.518Z,deep_scan,20260802011913_1A-4-7-8-17-28C,30,1A,1,11,M120/2,AA7468,1,0
2026-08-02T03:19:15.481Z,deep_scan,20260802011913_1A-4-7-8-17-28C,30,1A,0,0,M120/2,AA5646,0,12
2026-08-02T03:19:15.481Z,deep_scan,20260802011913_1A-4-7-8-17-28C,30,1A,0,3,M10,AA5407,0,8
2026-08-02T03:19:15.481Z,deep_scan,20260802011913_1A-4-7-8-17-28C,30,1A,0,8,M52,AA7673,1,16
2026-08-02T03:19:15.516Z,deep_scan,20260802011913_1A-4-7-8-17-28C,30,1A,1,6,M35/1,AA7115,1,33
2026-08-02T03:19:15.516Z,deep_scan,20260802011913_1A-4-7-8-17-28C,30,1A,1,11,M120/2,AA7468,1,0
2026-08-02T03:19:45.488Z,deep_scan,20260802011913_1A-4-7-8-17-28C,30,1A,1,0,M252,AA6701,1,7
2026-08-02T03:19:45.488Z,deep_scan,20260802011913_1A-4-7-8-17-28C,30,1A,1,6,M35/1,AA7115,0,2
2026-08-02T03:19:45.488Z,deep_scan,20260802011913_1A-4-7-8-17-28C,30,1A,1,11,M120/2,AA7468,1,0
2026-08-02T03:19:45.506Z,deep_scan,20260802011913_1A-4-7-8-17-28C,30,1A,0,0,M120/2,AA5646,0,19
2026-08-02T03:19:45.506Z,deep_scan,20260802011913_1A-4-7-8-17-28C,30,1A,0,3,M10,AA5407,0,8
2026-08-02T03:19:45.506Z,deep_scan,20260802011913_1A-4-7-8-17-28C,30,1A,0,8,M52,AA7673,0,6
2026-08-02T03:20:15.534Z,deep_scan,20260802011913_1A-4-7-8-17-28C,30,1A,1,0,M252,AA6701,1,8
2026-08-02T03:20:15.534Z,deep_scan,20260802011913_1A-4-7-8-17-28C,30,1A,1,6,M35/1,AA7115,0,23
2026-08-02T03:20:15.534Z,deep_scan,20260802011913_1A-4-7-8-17-28C,30,1A,1,11,M120/2,AA7468,1,0
2026-08-02T03:20:15.567Z,deep_scan,20260802011913_1A-4-7-8-17-28C,30,1A,0,0,M120/2,AA5646,0,20
2026-08-02T03:20:15.567Z,deep_scan,20260802011913_1A-4-7-8-17-28C,30,1A,0,4,M27,AA5407,1,18
2026-08-02T03:20:15.567Z,deep_scan,20260802011913_1A-4-7-8-17-28C,30,1A,0,8,M52,AA7673,0,29
2026-08-02T03:20:45.507Z,deep_scan,20260802011913_1A-4-7-8-17-28C,30,1A,0,0,M120/2,AA5646,0,37
2026-08-02T03:20:45.507Z,deep_scan,20260802011913_1A-4-7-8-17-28C,30,1A,0,4,M27,AA5407,1,24
2026-08-02T03:20:45.507Z,deep_scan,20260802011913_1A-4-7-8-17-28C,30,1A,0,8,M52,AA7673,0,50
2026-08-02T03:20:45.515Z,deep_scan,20260802011913_1A-4-7-8-17-28C,30,1A,1,0,M252,AA6701,0,4
2026-08-02T03:20:45.515Z,deep_scan,20260802011913_1A-4-7-8-17-28C,30,1A,1,6,M35/1,AA7115,0,8
2026-08-02T03:20:45.515Z,deep_scan,20260802011913_1A-4-7-8-17-28C,30,1A,1,11,M120/2,AA7468,1,0
2026-08-02T03:21:15.544Z,deep_scan,20260802011913_1A-4-7-8-17-28C,30,1A,1,1,M161,AA6701,1,19
2026-08-02T03:21:15.544Z,deep_scan,20260802011913_1A-4-7-8-17-28C,30,1A,1,7,M28/1,AA7115,1,24
2026-08-02T03:21:15.544Z,deep_scan,20260802011913_1A-4-7-8-17-28C,30,1A,1,11,M120/2,AA7468,1,0
2026-08-02T03:21:15.560Z,deep_scan,20260802011913_1A-4-7-8-17-28C,30,1A,0,0,M120/2,AA5646,0,11
2026-08-02T03:21:15.560Z,deep_scan,20260802011913_1A-4-7-8-17-28C,30,1A,0,4,M27,AA5407,1,7
2026-08-02T03:21:15.560Z,deep_scan,20260802011913_1A-4-7-8-17-28C,30,1A,0,8,M52,AA7673,0,19
2026-08-02T03:21:45.542Z,deep_scan,20260802011913_1A-4-7-8-17-28C,30,1A,1,1,M161,AA6701,1,19
2026-08-02T03:21:45.542Z,deep_scan,20260802011913_1A-4-7-8-17-28C,30,1A,1,7,M28/1,AA7115,1,12
2026-08-02T03:21:45.542Z,deep_scan,20260802011913_1A-4-7-8-17-28C,30,1A,1,11,M120/2,AA7468,1,0
2026-08-02T03:21:45.550Z,deep_scan,20260802011913_1A-4-7-8-17-28C,30,1A,0,0,M120/2,AA5646,0,18
2026-08-02T03:21:45.550Z,deep_scan,20260802011913_1A-4-7-8-17-28C,30,1A,0,5,M29,AA5407,1,25
2026-08-02T03:21:45.550Z,deep_scan,20260802011913_1A-4-7-8-17-28C,30,1A,0,8,M52,AA7673,0,26
2026-08-02T03:22:15.551Z,deep_scan,20260802011913_1A-4-7-8-17-28C,30,1A,1,1,M161,AA6701,0,19
2026-08-02T03:22:15.551Z,deep_scan,20260802011913_1A-4-7-8-17-28C,30,1A,1,7,M28/1,AA7115,0,11
2026-08-02T03:22:15.551Z,deep_scan,20260802011913_1A-4-7-8-17-28C,30,1A,1,11,M120/2,AA7468,1,0
2026-08-02T03:22:15.566Z,deep_scan,20260802011913_1A-4-7-8-17-28C,30,1A,0,2,M26/1,AA5646,1,16
2026-08-02T03:22:15.566Z,deep_scan,20260802011913_1A-4-7-8-17-28C,30,1A,0,5,M29,AA5407,1,3
2026-08-02T03:22:15.566Z,deep_scan,20260802011913_1A-4-7-8-17-28C,30,1A,0,9,M239/1,AA7673,1,2
2026-08-02T03:22:45.534Z,deep_scan,20260802011913_1A-4-7-8-17-28C,30,1A,1,2,M70,AA6701,1,19
2026-08-02T03:22:45.534Z,deep_scan,20260802011913_1A-4-7-8-17-28C,30,1A,1,7,M28/1,AA7115,0,3
2026-08-02T03:22:45.554Z,deep_scan,20260802011913_1A-4-7-8-17-28C,30,1A,0,2,M26/1,AA5646,1,16
2026-08-02T03:22:45.554Z,deep_scan,20260802011913_1A-4-7-8-17-28C,30,1A,0,5,M29,AA5407,1,3
2026-08-02T03:22:45.554Z,deep_scan,20260802011913_1A-4-7-8-17-28C,30,1A,0,9,M239/1,AA7673,1,2
2026-08-02T03:23:15.655Z,deep_scan,20260802011913_1A-4-7-8-17-28C,30,1A,1,2,M70,AA6701,1,5
2026-08-02T03:23:15.655Z,deep_scan,20260802011913_1A-4-7-8-17-28C,30,1A,1,7,M28/1,AA7115,0,13
2026-08-02T03:23:16.565Z,deep_scan,20260802011913_1A-4-7-8-17-28C,30,1A,0,2,M26/1,AA5646,1,16
2026-08-02T03:23:16.565Z,deep_scan,20260802011913_1A-4-7-8-17-28C,30,1A,0,5,M29,AA5407,1,22
2026-08-02T03:23:16.565Z,deep_scan,20260802011913_1A-4-7-8-17-28C,30,1A,0,9,M239/1,AA7673,0,48
2026-08-02T03:23:45.568Z,deep_scan,20260802011913_1A-4-7-8-17-28C,30,1A,1,2,M70,AA6701,1,3
2026-08-02T03:23:45.568Z,deep_scan,20260802011913_1A-4-7-8-17-28C,30,1A,1,7,M28/1,AA7115,0,13
2026-08-02T03:23:45.591Z,deep_scan,20260802011913_1A-4-7-8-17-28C,30,1A,0,2,M26/1,AA5646,0,2
2026-08-02T03:23:45.591Z,deep_scan,20260802011913_1A-4-7-8-17-28C,30,1A,0,5,M29,AA5407,1,22
2026-08-02T03:23:45.591Z,deep_scan,20260802011913_1A-4-7-8-17-28C,30,1A,0,10,M254,AA7673,1,27
2026-08-02T03:24:15.587Z,deep_scan,20260802011913_1A-4-7-8-17-28C,30,1A,0,2,M26/1,AA5646,0,23
2026-08-02T03:24:15.587Z,deep_scan,20260802011913_1A-4-7-8-17-28C,30,1A,0,5,M29,AA5407,1,22
2026-08-02T03:24:15.587Z,deep_scan,20260802011913_1A-4-7-8-17-28C,30,1A,0,10,M254,AA7673,0,28
2026-08-02T03:24:15.608Z,deep_scan,20260802011913_1A-4-7-8-17-28C,30,1A,1,2,M70,AA6701,0,16
2026-08-02T03:24:15.608Z,deep_scan,20260802011913_1A-4-7-8-17-28C,30,1A,1,7,M28/1,AA7115,0,23
2026-08-02T03:24:45.564Z,deep_scan,20260802011913_1A-4-7-8-17-28C,30,1A,0,2,M26/1,AA5646,0,19
2026-08-02T03:24:45.564Z,deep_scan,20260802011913_1A-4-7-8-17-28C,30,1A,0,5,M29,AA5407,0,31
2026-08-02T03:24:45.564Z,deep_scan,20260802011913_1A-4-7-8-17-28C,30,1A,0,11,M241,AA7673,1,1
2026-08-02T03:24:45.592Z,deep_scan,20260802011913_1A-4-7-8-17-28C,30,1A,1,3,M118,AA6701,1,16
2026-08-02T03:24:45.592Z,deep_scan,20260802011913_1A-4-7-8-17-28C,30,1A,1,7,M28/1,AA7115,0,2
2026-08-02T03:25:15.550Z,deep_scan,20260802011913_1A-4-7-8-17-28C,30,1A,1,3,M118,AA6701,0,25
2026-08-02T03:25:15.550Z,deep_scan,20260802011913_1A-4-7-8-17-28C,30,1A,1,8,M11,AA7115,1,1
2026-08-02T03:25:15.560Z,deep_scan,20260802011913_1A-4-7-8-17-28C,30,1A,0,0,M120/2,AA7468,1,29
2026-08-02T03:25:15.560Z,deep_scan,20260802011913_1A-4-7-8-17-28C,30,1A,0,3,M10,AA5646,1,14
2026-08-02T03:25:15.560Z,deep_scan,20260802011913_1A-4-7-8-17-28C,30,1A,0,6,M36,AA5407,1,28
2026-08-02T03:25:15.560Z,deep_scan,20260802011913_1A-4-7-8-17-28C,30,1A,0,11,M241,AA7673,1,16
2026-08-02T03:25:45.582Z,deep_scan,20260802011913_1A-4-7-8-17-28C,30,1A,1,3,M118,AA6701,0,46
2026-08-02T03:25:45.582Z,deep_scan,20260802011913_1A-4-7-8-17-28C,30,1A,1,8,M11,AA7115,0,18
2026-08-02T03:25:45.590Z,deep_scan,20260802011913_1A-4-7-8-17-28C,30,1A,0,0,M120/2,AA7468,0,29
2026-08-02T03:25:45.590Z,deep_scan,20260802011913_1A-4-7-8-17-28C,30,1A,0,3,M10,AA5646,1,2
2026-08-02T03:25:45.590Z,deep_scan,20260802011913_1A-4-7-8-17-28C,30,1A,0,6,M36,AA5407,0,12
2026-08-02T03:25:45.590Z,deep_scan,20260802011913_1A-4-7-8-17-28C,30,1A,0,12,M71,AA7673,1,35
2026-08-02T03:26:15.650Z,deep_scan,20260802011913_1A-4-7-8-17-28C,30,1A,0,0,M120/2,AA7468,0,29
2026-08-02T03:26:15.650Z,deep_scan,20260802011913_1A-4-7-8-17-28C,30,1A,0,3,M10,AA5646,0,13
2026-08-02T03:26:15.650Z,deep_scan,20260802011913_1A-4-7-8-17-28C,30,1A,0,6,M36,AA5407,0,35
2026-08-02T03:26:15.650Z,deep_scan,20260802011913_1A-4-7-8-17-28C,30,1A,0,12,M71,AA7673,1,35
2026-08-02T03:26:15.667Z,deep_scan,20260802011913_1A-4-7-8-17-28C,30,1A,1,3,M118,AA6701,0,16
2026-08-02T03:26:15.667Z,deep_scan,20260802011913_1A-4-7-8-17-28C,30,1A,1,9,M12,AA7115,1,2
2026-08-02T03:26:45.606Z,deep_scan,20260802011913_1A-4-7-8-17-28C,30,1A,0,1,M108/1,AA7468,0,15
2026-08-02T03:26:45.606Z,deep_scan,20260802011913_1A-4-7-8-17-28C,30,1A,0,4,M27,AA5646,1,14
2026-08-02T03:26:45.606Z,deep_scan,20260802011913_1A-4-7-8-17-28C,30,1A,0,7,M48,AA5407,1,11
2026-08-02T03:26:45.606Z,deep_scan,20260802011913_1A-4-7-8-17-28C,30,1A,0,13,M156,AA7673,1,1
2026-08-02T03:26:45.622Z,deep_scan,20260802011913_1A-4-7-8-17-28C,30,1A,1,3,M118,AA6701,0,47
2026-08-02T03:26:45.622Z,deep_scan,20260802011913_1A-4-7-8-17-28C,30,1A,1,9,M12,AA7115,0,10
2026-08-02T03:27:15.625Z,deep_scan,20260802011913_1A-4-7-8-17-28C,30,1A,0,1,M108/1,AA7468,0,24
2026-08-02T03:27:15.625Z,deep_scan,20260802011913_1A-4-7-8-17-28C,30,1A,0,4,M27,AA5646,1,6
2026-08-02T03:27:15.625Z,deep_scan,20260802011913_1A-4-7-8-17-28C,30,1A,0,7,M48,AA5407,0,12
2026-08-02T03:27:15.625Z,deep_scan,20260802011913_1A-4-7-8-17-28C,30,1A,0,13,M156,AA7673,0,27
2026-08-02T03:27:15.631Z,deep_scan,20260802011913_1A-4-7-8-17-28C,30,1A,1,3,M118,AA6701,0,38
2026-08-02T03:27:15.631Z,deep_scan,20260802011913_1A-4-7-8-17-28C,30,1A,1,9,M12,AA7115,0,4
2026-08-02T03:27:45.625Z,deep_scan,20260802011913_1A-4-7-8-17-28C,30,1A,0,1,M108/1,AA7468,0,41
2026-08-02T03:27:45.625Z,deep_scan,20260802011913_1A-4-7-8-17-28C,30,1A,0,4,M27,AA5646,1,2
2026-08-02T03:27:45.625Z,deep_scan,20260802011913_1A-4-7-8-17-28C,30,1A,0,7,M48,AA5407,0,50
2026-08-02T03:27:45.625Z,deep_scan,20260802011913_1A-4-7-8-17-28C,30,1A,0,14,M253,AA7673,1,29
2026-08-02T03:27:45.637Z,deep_scan,20260802011913_1A-4-7-8-17-28C,30,1A,1,4,M53,AA6701,1,33
2026-08-02T03:27:45.637Z,deep_scan,20260802011913_1A-4-7-8-17-28C,30,1A,1,10,M21/1,AA7115,1,4
2026-08-02T03:28:15.651Z,deep_scan,20260802011913_1A-4-7-8-17-28C,30,1A,0,1,M108/1,AA7468,0,35
2026-08-02T03:28:15.651Z,deep_scan,20260802011913_1A-4-7-8-17-28C,30,1A,0,4,M27,AA5646,0,2
2026-08-02T03:28:15.651Z,deep_scan,20260802011913_1A-4-7-8-17-28C,30,1A,0,8,M52,AA5407,1,40
2026-08-02T03:28:15.651Z,deep_scan,20260802011913_1A-4-7-8-17-28C,30,1A,0,14,M253,AA7673,1,29
2026-08-02T03:28:15.679Z,deep_scan,20260802011913_1A-4-7-8-17-28C,30,1A,1,4,M53,AA6701,1,3
2026-08-02T03:28:15.679Z,deep_scan,20260802011913_1A-4-7-8-17-28C,30,1A,1,10,M21/1,AA7115,1,4
2026-08-02T03:28:45.605Z,deep_scan,20260802011913_1A-4-7-8-17-28C,30,1A,1,4,M53,AA6701,0,49
2026-08-02T03:28:45.605Z,deep_scan,20260802011913_1A-4-7-8-17-28C,30,1A,1,10,M21/1,AA7115,1,26
2026-08-02T03:28:45.653Z,deep_scan,20260802011913_1A-4-7-8-17-28C,30,1A,0,1,M108/1,AA7468,0,16
2026-08-02T03:28:45.653Z,deep_scan,20260802011913_1A-4-7-8-17-28C,30,1A,0,5,M29,AA5646,1,11
2026-08-02T03:28:45.653Z,deep_scan,20260802011913_1A-4-7-8-17-28C,30,1A,0,8,M52,AA5407,0,18
2026-08-02T03:28:45.653Z,deep_scan,20260802011913_1A-4-7-8-17-28C,30,1A,0,14,M253,AA7673,1,29
2026-08-02T03:29:15.698Z,deep_scan,20260802011913_1A-4-7-8-17-28C,30,1A,0,1,M108/1,AA7468,0,6
2026-08-02T03:29:15.698Z,deep_scan,20260802011913_1A-4-7-8-17-28C,30,1A,0,5,M29,AA5646,1,11
2026-08-02T03:29:15.698Z,deep_scan,20260802011913_1A-4-7-8-17-28C,30,1A,0,8,M52,AA5407,0,25
2026-08-02T03:29:15.698Z,deep_scan,20260802011913_1A-4-7-8-17-28C,30,1A,0,15,M250,AA7673,1,47
2026-08-02T03:29:17.668Z,deep_scan,20260802011913_1A-4-7-8-17-28C,30,1A,1,5,M49,AA6701,1,25
2026-08-02T03:29:17.668Z,deep_scan,20260802011913_1A-4-7-8-17-28C,30,1A,1,10,M21/1,AA7115,1,6
2026-08-02T03:29:45.731Z,deep_scan,20260802011913_1A-4-7-8-17-28C,30,1A,0,2,M26/1,AA7468,1,15
2026-08-02T03:29:45.731Z,deep_scan,20260802011913_1A-4-7-8-17-28C,30,1A,0,6,M36,AA5646,1,32
2026-08-02T03:29:45.731Z,deep_scan,20260802011913_1A-4-7-8-17-28C,30,1A,0,8,M52,AA5407,0,34
2026-08-02T03:29:45.731Z,deep_scan,20260802011913_1A-4-7-8-17-28C,30,1A,0,15,M250,AA7673,1,15
2026-08-02T03:29:45.751Z,deep_scan,20260802011913_1A-4-7-8-17-28C,30,1A,1,5,M49,AA6701,1,22
2026-08-02T03:29:45.751Z,deep_scan,20260802011913_1A-4-7-8-17-28C,30,1A,1,10,M21/1,AA7115,1,6
2026-08-02T03:30:15.668Z,deep_scan,20260802011913_1A-4-7-8-17-28C,30,1A,1,5,M49,AA6701,1,22
2026-08-02T03:30:15.668Z,deep_scan,20260802011913_1A-4-7-8-17-28C,30,1A,1,10,M21/1,AA7115,0,23
2026-08-02T03:30:15.690Z,deep_scan,20260802011913_1A-4-7-8-17-28C,30,1A,0,2,M26/1,AA7468,1,14
2026-08-02T03:30:15.690Z,deep_scan,20260802011913_1A-4-7-8-17-28C,30,1A,0,6,M36,AA5646,1,21
2026-08-02T03:30:15.690Z,deep_scan,20260802011913_1A-4-7-8-17-28C,30,1A,0,8,M52,AA5407,0,23
2026-08-02T03:30:15.690Z,deep_scan,20260802011913_1A-4-7-8-17-28C,30,1A,0,15,M250,AA7673,0,19
2026-08-02T03:30:45.702Z,deep_scan,20260802011913_1A-4-7-8-17-28C,30,1A,0,2,M26/1,AA7468,0,27
2026-08-02T03:30:45.702Z,deep_scan,20260802011913_1A-4-7-8-17-28C,30,1A,0,6,M36,AA5646,0,21
2026-08-02T03:30:45.702Z,deep_scan,20260802011913_1A-4-7-8-17-28C,30,1A,0,8,M52,AA5407,0,46
2026-08-02T03:30:45.702Z,deep_scan,20260802011913_1A-4-7-8-17-28C,30,1A,0,16,M252,AA7673,1,0
2026-08-02T03:30:45.705Z,deep_scan,20260802011913_1A-4-7-8-17-28C,30,1A,1,5,M49,AA6701,1,22
2026-08-02T03:30:45.705Z,deep_scan,20260802011913_1A-4-7-8-17-28C,30,1A,1,10,M21/1,AA7115,0,23
2026-08-02T03:31:15.661Z,deep_scan,20260802011913_1A-4-7-8-17-28C,30,1A,1,5,M49,AA6701,0,29
2026-08-02T03:31:15.661Z,deep_scan,20260802011913_1A-4-7-8-17-28C,30,1A,1,10,M21/1,AA7115,0,42
2026-08-02T03:31:15.700Z,deep_scan,20260802011913_1A-4-7-8-17-28C,30,1A,0,2,M26/1,AA7468,0,13
2026-08-02T03:31:15.700Z,deep_scan,20260802011913_1A-4-7-8-17-28C,30,1A,0,6,M36,AA5646,0,18
2026-08-02T03:31:15.700Z,deep_scan,20260802011913_1A-4-7-8-17-28C,30,1A,0,9,M239/1,AA5407,1,37
2026-08-02T03:31:15.700Z,deep_scan,20260802011913_1A-4-7-8-17-28C,30,1A,0,16,M252,AA7673,1,0
2026-08-02T03:31:45.722Z,deep_scan,20260802011913_1A-4-7-8-17-28C,30,1A,0,3,M10,AA7468,1,32
2026-08-02T03:31:45.722Z,deep_scan,20260802011913_1A-4-7-8-17-28C,30,1A,0,6,M36,AA5646,0,9
2026-08-02T03:31:45.722Z,deep_scan,20260802011913_1A-4-7-8-17-28C,30,1A,0,9,M239/1,AA5407,0,27
2026-08-02T03:31:45.722Z,deep_scan,20260802011913_1A-4-7-8-17-28C,30,1A,0,16,M252,AA7673,1,0
2026-08-02T03:31:45.748Z,deep_scan,20260802011913_1A-4-7-8-17-28C,30,1A,1,6,M35/1,AA6701,1,33
2026-08-02T03:31:45.748Z,deep_scan,20260802011913_1A-4-7-8-17-28C,30,1A,1,10,M21/1,AA7115,0,10
2026-08-02T03:32:15.678Z,deep_scan,20260802011913_1A-4-7-8-17-28C,30,1A,1,6,M35/1,AA6701,1,7
2026-08-02T03:32:15.678Z,deep_scan,20260802011913_1A-4-7-8-17-28C,30,1A,1,10,M21/1,AA7115,0,27
2026-08-02T03:32:15.703Z,deep_scan,20260802011913_1A-4-7-8-17-28C,30,1A,0,3,M10,AA7468,1,32
2026-08-02T03:32:15.703Z,deep_scan,20260802011913_1A-4-7-8-17-28C,30,1A,0,7,M48,AA5646,1,6
2026-08-02T03:32:15.703Z,deep_scan,20260802011913_1A-4-7-8-17-28C,30,1A,0,10,M254,AA5407,1,45
2026-08-02T03:32:15.703Z,deep_scan,20260802011913_1A-4-7-8-17-28C,30,1A,0,16,M252,AA7673,1,0
2026-08-02T03:32:45.682Z,deep_scan,20260802011913_1A-4-7-8-17-28C,30,1A,1,6,M35/1,AA6701,1,1
2026-08-02T03:32:45.682Z,deep_scan,20260802011913_1A-4-7-8-17-28C,30,1A,1,10,M21/1,AA7115,0,19
2026-08-02T03:32:45.692Z,deep_scan,20260802011913_1A-4-7-8-17-28C,30,1A,0,0,M120/2,AA5946,1,36
2026-08-02T03:32:45.692Z,deep_scan,20260802011913_1A-4-7-8-17-28C,30,1A,0,3,M10,AA7468,0,2
2026-08-02T03:32:45.692Z,deep_scan,20260802011913_1A-4-7-8-17-28C,30,1A,0,7,M48,AA5646,0,3
2026-08-02T03:32:45.692Z,deep_scan,20260802011913_1A-4-7-8-17-28C,30,1A,0,10,M254,AA5407,1,29
2026-08-02T03:32:45.692Z,deep_scan,20260802011913_1A-4-7-8-17-28C,30,1A,0,16,M252,AA7673,1,0
2026-08-02T03:33:15.689Z,deep_scan,20260802011913_1A-4-7-8-17-28C,30,1A,1,6,M35/1,AA6701,1,1
2026-08-02T03:33:15.689Z,deep_scan,20260802011913_1A-4-7-8-17-28C,30,1A,1,10,M21/1,AA7115,0,27
2026-08-02T03:33:15.706Z,deep_scan,20260802011913_1A-4-7-8-17-28C,30,1A,0,0,M120/2,AA5946,1,36
2026-08-02T03:33:15.706Z,deep_scan,20260802011913_1A-4-7-8-17-28C,30,1A,0,3,M10,AA7468,0,9
2026-08-02T03:33:15.706Z,deep_scan,20260802011913_1A-4-7-8-17-28C,30,1A,0,7,M48,AA5646,0,29
2026-08-02T03:33:15.706Z,deep_scan,20260802011913_1A-4-7-8-17-28C,30,1A,0,10,M254,AA5407,0,20
2026-08-02T03:33:15.706Z,deep_scan,20260802011913_1A-4-7-8-17-28C,30,1A,0,16,M252,AA7673,1,0
2026-08-02T03:33:45.723Z,deep_scan,20260802011913_1A-4-7-8-17-28C,30,1A,0,0,M120/2,AA5946,0,36
2026-08-02T03:33:45.723Z,deep_scan,20260802011913_1A-4-7-8-17-28C,30,1A,0,4,M27,AA7468,1,14
2026-08-02T03:33:45.723Z,deep_scan,20260802011913_1A-4-7-8-17-28C,30,1A,0,8,M52,AA5646,1,27
2026-08-02T03:33:45.723Z,deep_scan,20260802011913_1A-4-7-8-17-28C,30,1A,0,11,M241,AA5407,1,18
2026-08-02T03:33:45.723Z,deep_scan,20260802011913_1A-4-7-8-17-28C,30,1A,0,16,M252,AA7673,1,0
2026-08-02T03:33:45.742Z,deep_scan,20260802011913_1A-4-7-8-17-28C,30,1A,1,6,M35/1,AA6701,0,23
2026-08-02T03:33:45.742Z,deep_scan,20260802011913_1A-4-7-8-17-28C,30,1A,1,11,M120/2,AA7115,1,0
2026-08-02T03:34:15.698Z,deep_scan,20260802011913_1A-4-7-8-17-28C,30,1A,1,6,M35/1,AA6701,0,1
2026-08-02T03:34:15.698Z,deep_scan,20260802011913_1A-4-7-8-17-28C,30,1A,1,11,M120/2,AA7115,1,0
2026-08-02T03:34:15.732Z,deep_scan,20260802011913_1A-4-7-8-17-28C,30,1A,0,1,M108/1,AA5946,1,18
2026-08-02T03:34:15.732Z,deep_scan,20260802011913_1A-4-7-8-17-28C,30,1A,0,4,M27,AA7468,0,9
2026-08-02T03:34:15.732Z,deep_scan,20260802011913_1A-4-7-8-17-28C,30,1A,0,8,M52,AA5646,1,17
2026-08-02T03:34:15.732Z,deep_scan,20260802011913_1A-4-7-8-17-28C,30,1A,0,11,M241,AA5407,1,16
2026-08-02T03:34:15.732Z,deep_scan,20260802011913_1A-4-7-8-17-28C,30,1A,0,16,M252,AA7673,1,0
2026-08-02T03:34:45.727Z,deep_scan,20260802011913_1A-4-7-8-17-28C,30,1A,0,1,M108/1,AA5946,0,22
2026-08-02T03:34:45.727Z,deep_scan,20260802011913_1A-4-7-8-17-28C,30,1A,0,4,M27,AA7468,0,26
2026-08-02T03:34:45.727Z,deep_scan,20260802011913_1A-4-7-8-17-28C,30,1A,0,8,M52,AA5646,0,38
2026-08-02T03:34:45.727Z,deep_scan,20260802011913_1A-4-7-8-17-28C,30,1A,0,11,M241,AA5407,0,27
2026-08-02T03:34:45.727Z,deep_scan,20260802011913_1A-4-7-8-17-28C,30,1A,0,16,M252,AA7673,1,0
2026-08-02T03:34:45.767Z,deep_scan,20260802011913_1A-4-7-8-17-28C,30,1A,1,6,M35/1,AA6701,0,5
2026-08-02T03:34:45.767Z,deep_scan,20260802011913_1A-4-7-8-17-28C,30,1A,1,11,M120/2,AA7115,1,0
2026-08-02T03:35:15.771Z,deep_scan,20260802011913_1A-4-7-8-17-28C,30,1A,0,1,M108/1,AA5946,0,22
2026-08-02T03:35:15.771Z,deep_scan,20260802011913_1A-4-7-8-17-28C,30,1A,0,4,M27,AA7468,0,21
2026-08-02T03:35:15.771Z,deep_scan,20260802011913_1A-4-7-8-17-28C,30,1A,0,8,M52,AA5646,0,47
2026-08-02T03:35:15.771Z,deep_scan,20260802011913_1A-4-7-8-17-28C,30,1A,0,12,M71,AA5407,1,3
2026-08-02T03:35:15.784Z,deep_scan,20260802011913_1A-4-7-8-17-28C,30,1A,1,0,M252,AA7673,1,1
2026-08-02T03:35:15.784Z,deep_scan,20260802011913_1A-4-7-8-17-28C,30,1A,1,7,M28/1,AA6701,1,13
2026-08-02T03:35:15.784Z,deep_scan,20260802011913_1A-4-7-8-17-28C,30,1A,1,11,M120/2,AA7115,1,0
2026-08-02T03:35:45.726Z,deep_scan,20260802011913_1A-4-7-8-17-28C,30,1A,0,1,M108/1,AA5946,0,42
2026-08-02T03:35:45.726Z,deep_scan,20260802011913_1A-4-7-8-17-28C,30,1A,0,4,M27,AA7468,0,17
2026-08-02T03:35:45.726Z,deep_scan,20260802011913_1A-4-7-8-17-28C,30,1A,0,8,M52,AA5646,0,41
2026-08-02T03:35:45.726Z,deep_scan,20260802011913_1A-4-7-8-17-28C,30,1A,0,12,M71,AA5407,1,6
2026-08-02T03:35:45.754Z,deep_scan,20260802011913_1A-4-7-8-17-28C,30,1A,1,0,M252,AA7673,0,7
2026-08-02T03:35:45.754Z,deep_scan,20260802011913_1A-4-7-8-17-28C,30,1A,1,7,M28/1,AA6701,1,13
2026-08-02T03:35:45.754Z,deep_scan,20260802011913_1A-4-7-8-17-28C,30,1A,1,11,M120/2,AA7115,1,0
2026-08-02T03:36:15.776Z,deep_scan,20260802011913_1A-4-7-8-17-28C,30,1A,0,1,M108/1,AA5946,0,26
2026-08-02T03:36:15.776Z,deep_scan,20260802011913_1A-4-7-8-17-28C,30,1A,0,4,M27,AA7468,0,17
2026-08-02T03:36:15.776Z,deep_scan,20260802011913_1A-4-7-8-17-28C,30,1A,0,8,M52,AA5646,0,34
2026-08-02T03:36:15.776Z,deep_scan,20260802011913_1A-4-7-8-17-28C,30,1A,0,13,M156,AA5407,1,8
2026-08-02T03:36:15.825Z,deep_scan,20260802011913_1A-4-7-8-17-28C,30,1A,1,0,M252,AA7673,0,9
2026-08-02T03:36:15.825Z,deep_scan,20260802011913_1A-4-7-8-17-28C,30,1A,1,7,M28/1,AA6701,0,14
2026-08-02T03:36:15.825Z,deep_scan,20260802011913_1A-4-7-8-17-28C,30,1A,1,11,M120/2,AA7115,1,0
2026-08-02T03:36:45.735Z,deep_scan,20260802011913_1A-4-7-8-17-28C,30,1A,0,2,M26/1,AA5946,1,23
2026-08-02T03:36:45.735Z,deep_scan,20260802011913_1A-4-7-8-17-28C,30,1A,0,4,M27,AA7468,0,17
2026-08-02T03:36:45.735Z,deep_scan,20260802011913_1A-4-7-8-17-28C,30,1A,0,9,M239/1,AA5646,1,34
2026-08-02T03:36:45.735Z,deep_scan,20260802011913_1A-4-7-8-17-28C,30,1A,0,13,M156,AA5407,1,8
2026-08-02T03:36:45.741Z,deep_scan,20260802011913_1A-4-7-8-17-28C,30,1A,1,0,M252,AA7673,0,33
2026-08-02T03:36:45.741Z,deep_scan,20260802011913_1A-4-7-8-17-28C,30,1A,1,7,M28/1,AA6701,0,3
2026-08-02T03:36:45.741Z,deep_scan,20260802011913_1A-4-7-8-17-28C,30,1A,1,11,M120/2,AA7115,1,0
2026-08-02T03:37:15.793Z,deep_scan,20260802011913_1A-4-7-8-17-28C,30,1A,0,2,M26/1,AA5946,1,5
2026-08-02T03:37:15.793Z,deep_scan,20260802011913_1A-4-7-8-17-28C,30,1A,0,5,M29,AA7468,1,8
2026-08-02T03:37:15.793Z,deep_scan,20260802011913_1A-4-7-8-17-28C,30,1A,0,9,M239/1,AA5646,0,5
2026-08-02T03:37:15.793Z,deep_scan,20260802011913_1A-4-7-8-17-28C,30,1A,0,13,M156,AA5407,1,5
2026-08-02T03:37:15.808Z,deep_scan,20260802011913_1A-4-7-8-17-28C,30,1A,1,0,M252,AA7673,0,1
2026-08-02T03:37:15.808Z,deep_scan,20260802011913_1A-4-7-8-17-28C,30,1A,1,7,M28/1,AA6701,0,23
2026-08-02T03:37:15.808Z,deep_scan,20260802011913_1A-4-7-8-17-28C,30,1A,1,11,M120/2,AA7115,1,0
2026-08-02T03:37:45.722Z,deep_scan,20260802011913_1A-4-7-8-17-28C,30,1A,0,2,M26/1,AA5946,1,5
2026-08-02T03:37:45.722Z,deep_scan,20260802011913_1A-4-7-8-17-28C,30,1A,0,5,M29,AA7468,1,1
2026-08-02T03:37:45.722Z,deep_scan,20260802011913_1A-4-7-8-17-28C,30,1A,0,10,M254,AA5646,1,43
2026-08-02T03:37:45.722Z,deep_scan,20260802011913_1A-4-7-8-17-28C,30,1A,0,13,M156,AA5407,0,4
2026-08-02T03:37:45.727Z,deep_scan,20260802011913_1A-4-7-8-17-28C,30,1A,1,0,M252,AA7673,0,1
2026-08-02T03:37:45.727Z,deep_scan,20260802011913_1A-4-7-8-17-28C,30,1A,1,8,M11,AA6701,1,21
2026-08-02T03:37:45.727Z,deep_scan,20260802011913_1A-4-7-8-17-28C,30,1A,1,11,M120/2,AA7115,1,0
2026-08-02T03:38:15.733Z,deep_scan,20260802011913_1A-4-7-8-17-28C,30,1A,1,0,M252,AA7673,0,1
2026-08-02T03:38:15.733Z,deep_scan,20260802011913_1A-4-7-8-17-28C,30,1A,1,8,M11,AA6701,0,21
2026-08-02T03:38:15.770Z,deep_scan,20260802011913_1A-4-7-8-17-28C,30,1A,0,2,M26/1,AA5946,0,8
2026-08-02T03:38:15.770Z,deep_scan,20260802011913_1A-4-7-8-17-28C,30,1A,0,5,M29,AA7468,1,1
2026-08-02T03:38:15.770Z,deep_scan,20260802011913_1A-4-7-8-17-28C,30,1A,0,10,M254,AA5646,0,14
2026-08-02T03:38:15.770Z,deep_scan,20260802011913_1A-4-7-8-17-28C,30,1A,0,13,M156,AA5407,0,4
2026-08-02T03:38:45.774Z,deep_scan,20260802011913_1A-4-7-8-17-28C,30,1A,1,0,M252,AA7673,0,1
2026-08-02T03:38:45.774Z,deep_scan,20260802011913_1A-4-7-8-17-28C,30,1A,1,9,M12,AA6701,1,9
2026-08-02T03:38:45.796Z,deep_scan,20260802011913_1A-4-7-8-17-28C,30,1A,0,2,M26/1,AA5946,0,5
2026-08-02T03:38:45.796Z,deep_scan,20260802011913_1A-4-7-8-17-28C,30,1A,0,5,M29,AA7468,0,24
2026-08-02T03:38:45.796Z,deep_scan,20260802011913_1A-4-7-8-17-28C,30,1A,0,10,M254,AA5646,0,26
2026-08-02T03:38:45.796Z,deep_scan,20260802011913_1A-4-7-8-17-28C,30,1A,0,13,M156,AA5407,0,4
2026-08-02T03:39:15.803Z,deep_scan,20260802011913_1A-4-7-8-17-28C,30,1A,1,1,M161,AA7673,1,24
2026-08-02T03:39:15.803Z,deep_scan,20260802011913_1A-4-7-8-17-28C,30,1A,1,10,M21/1,AA6701,1,31
2026-08-02T03:39:15.817Z,deep_scan,20260802011913_1A-4-7-8-17-28C,30,1A,0,2,M26/1,AA5946,0,14
2026-08-02T03:39:15.817Z,deep_scan,20260802011913_1A-4-7-8-17-28C,30,1A,0,6,M36,AA7468,1,37
2026-08-02T03:39:15.817Z,deep_scan,20260802011913_1A-4-7-8-17-28C,30,1A,0,11,M241,AA5646,1,22
2026-08-02T03:39:15.817Z,deep_scan,20260802011913_1A-4-7-8-17-28C,30,1A,0,13,M156,AA5407,0,27
2026-08-02T03:39:45.787Z,deep_scan,20260802011913_1A-4-7-8-17-28C,30,1A,1,1,M161,AA7673,0,5
2026-08-02T03:39:45.787Z,deep_scan,20260802011913_1A-4-7-8-17-28C,30,1A,1,10,M21/1,AA6701,1,31
2026-08-02T03:39:45.798Z,deep_scan,20260802011913_1A-4-7-8-17-28C,30,1A,0,3,M10,AA5946,0,14
2026-08-02T03:39:45.798Z,deep_scan,20260802011913_1A-4-7-8-17-28C,30,1A,0,6,M36,AA7468,1,10
2026-08-02T03:39:45.798Z,deep_scan,20260802011913_1A-4-7-8-17-28C,30,1A,0,11,M241,AA5646,1,3
2026-08-02T03:39:45.798Z,deep_scan,20260802011913_1A-4-7-8-17-28C,30,1A,0,14,M253,AA5407,1,40
2026-08-02T03:40:15.791Z,deep_scan,20260802011913_1A-4-7-8-17-28C,30,1A,0,3,M10,AA5946,0,20
2026-08-02T03:40:15.791Z,deep_scan,20260802011913_1A-4-7-8-17-28C,30,1A,0,6,M36,AA7468,0,34
2026-08-02T03:40:15.791Z,deep_scan,20260802011913_1A-4-7-8-17-28C,30,1A,0,11,M241,AA5646,0,8
2026-08-02T03:40:15.791Z,deep_scan,20260802011913_1A-4-7-8-17-28C,30,1A,0,14,M253,AA5407,0,18
2026-08-02T03:40:15.810Z,deep_scan,20260802011913_1A-4-7-8-17-28C,30,1A,1,2,M70,AA7673,1,11
2026-08-02T03:40:15.810Z,deep_scan,20260802011913_1A-4-7-8-17-28C,30,1A,1,10,M21/1,AA6701,1,31
2026-08-02T03:40:45.770Z,deep_scan,20260802011913_1A-4-7-8-17-28C,30,1A,1,2,M70,AA7673,0,1
2026-08-02T03:40:45.770Z,deep_scan,20260802011913_1A-4-7-8-17-28C,30,1A,1,10,M21/1,AA6701,1,31
2026-08-02T03:40:45.802Z,deep_scan,20260802011913_1A-4-7-8-17-28C,30,1A,0,3,M10,AA5946,0,17
2026-08-02T03:40:45.802Z,deep_scan,20260802011913_1A-4-7-8-17-28C,30,1A,0,6,M36,AA7468,0,34
2026-08-02T03:40:45.802Z,deep_scan,20260802011913_1A-4-7-8-17-28C,30,1A,0,12,M71,AA5646,1,9
2026-08-02T03:40:45.802Z,deep_scan,20260802011913_1A-4-7-8-17-28C,30,1A,0,14,M253,AA5407,0,28
2026-08-02T03:41:15.811Z,deep_scan,20260802011913_1A-4-7-8-17-28C,30,1A,1,3,M118,AA7673,1,22
2026-08-02T03:41:15.811Z,deep_scan,20260802011913_1A-4-7-8-17-28C,30,1A,1,10,M21/1,AA6701,0,32
2026-08-02T03:41:15.852Z,deep_scan,20260802011913_1A-4-7-8-17-28C,30,1A,0,3,M10,AA5946,0,18
2026-08-02T03:41:15.852Z,deep_scan,20260802011913_1A-4-7-8-17-28C,30,1A,0,7,M48,AA7468,1,9
2026-08-02T03:41:15.852Z,deep_scan,20260802011913_1A-4-7-8-17-28C,30,1A,0,12,M71,AA5646,0,12
2026-08-02T03:41:15.852Z,deep_scan,20260802011913_1A-4-7-8-17-28C,30,1A,0,15,M250,AA5407,1,7
2026-08-02T03:41:45.780Z,deep_scan,20260802011913_1A-4-7-8-17-28C,30,1A,0,3,M10,AA5946,0,23
2026-08-02T03:41:45.780Z,deep_scan,20260802011913_1A-4-7-8-17-28C,30,1A,0,7,M48,AA7468,0,34
2026-08-02T03:41:45.780Z,deep_scan,20260802011913_1A-4-7-8-17-28C,30,1A,0,13,M156,AA5646,1,31
2026-08-02T03:41:45.780Z,deep_scan,20260802011913_1A-4-7-8-17-28C,30,1A,0,15,M250,AA5407,0,28
2026-08-02T03:41:45.802Z,deep_scan,20260802011913_1A-4-7-8-17-28C,30,1A,1,3,M118,AA7673,1,9
2026-08-02T03:41:45.802Z,deep_scan,20260802011913_1A-4-7-8-17-28C,30,1A,1,10,M21/1,AA6701,0,5
2026-08-02T03:42:15.786Z,deep_scan,20260802011913_1A-4-7-8-17-28C,30,1A,0,4,M27,AA5946,1,3
2026-08-02T03:42:15.786Z,deep_scan,20260802011913_1A-4-7-8-17-28C,30,1A,0,7,M48,AA7468,0,13
2026-08-02T03:42:15.786Z,deep_scan,20260802011913_1A-4-7-8-17-28C,30,1A,0,13,M156,AA5646,1,21
2026-08-02T03:42:15.786Z,deep_scan,20260802011913_1A-4-7-8-17-28C,30,1A,0,16,M252,AA5407,1,0
2026-08-02T03:42:15.838Z,deep_scan,20260802011913_1A-4-7-8-17-28C,30,1A,1,3,M118,AA7673,0,15
2026-08-02T03:42:15.838Z,deep_scan,20260802011913_1A-4-7-8-17-28C,30,1A,1,10,M21/1,AA6701,0,26
2026-08-02T03:42:45.773Z,deep_scan,20260802011913_1A-4-7-8-17-28C,30,1A,1,3,M118,AA7673,0,19
2026-08-02T03:42:45.773Z,deep_scan,20260802011913_1A-4-7-8-17-28C,30,1A,1,10,M21/1,AA6701,0,26
2026-08-02T03:42:45.785Z,deep_scan,20260802011913_1A-4-7-8-17-28C,30,1A,0,4,M27,AA5946,1,9
2026-08-02T03:42:45.785Z,deep_scan,20260802011913_1A-4-7-8-17-28C,30,1A,0,7,M48,AA7468,0,35
2026-08-02T03:42:45.785Z,deep_scan,20260802011913_1A-4-7-8-17-28C,30,1A,0,13,M156,AA5646,0,21
2026-08-02T03:42:45.785Z,deep_scan,20260802011913_1A-4-7-8-17-28C,30,1A,0,16,M252,AA5407,1,0
2026-08-02T03:43:15.811Z,deep_scan,20260802011913_1A-4-7-8-17-28C,30,1A,0,4,M27,AA5946,1,9
2026-08-02T03:43:15.811Z,deep_scan,20260802011913_1A-4-7-8-17-28C,30,1A,0,8,M52,AA7468,1,46
2026-08-02T03:43:15.811Z,deep_scan,20260802011913_1A-4-7-8-17-28C,30,1A,0,13,M156,AA5646,0,21
2026-08-02T03:43:15.811Z,deep_scan,20260802011913_1A-4-7-8-17-28C,30,1A,0,16,M252,AA5407,1,0
2026-08-02T03:43:15.829Z,deep_scan,20260802011913_1A-4-7-8-17-28C,30,1A,1,3,M118,AA7673,0,29
2026-08-02T03:43:15.829Z,deep_scan,20260802011913_1A-4-7-8-17-28C,30,1A,1,10,M21/1,AA6701,0,16
2026-08-02T03:43:45.825Z,deep_scan,20260802011913_1A-4-7-8-17-28C,30,1A,0,5,M29,AA5946,1,4
2026-08-02T03:43:45.825Z,deep_scan,20260802011913_1A-4-7-8-17-28C,30,1A,0,8,M52,AA7468,0,24
2026-08-02T03:43:45.825Z,deep_scan,20260802011913_1A-4-7-8-17-28C,30,1A,0,13,M156,AA5646,0,21
2026-08-02T03:43:45.825Z,deep_scan,20260802011913_1A-4-7-8-17-28C,30,1A,0,16,M252,AA5407,1,0
2026-08-02T03:43:45.852Z,deep_scan,20260802011913_1A-4-7-8-17-28C,30,1A,1,3,M118,AA7673,0,39
2026-08-02T03:43:45.852Z,deep_scan,20260802011913_1A-4-7-8-17-28C,30,1A,1,10,M21/1,AA6701,0,37
2026-08-02T03:44:15.876Z,deep_scan,20260802011913_1A-4-7-8-17-28C,30,1A,1,3,M118,AA7673,0,47
2026-08-02T03:44:15.876Z,deep_scan,20260802011913_1A-4-7-8-17-28C,30,1A,1,10,M21/1,AA6701,0,7
2026-08-02T03:44:15.905Z,deep_scan,20260802011913_1A-4-7-8-17-28C,30,1A,0,5,M29,AA5946,1,11
2026-08-02T03:44:15.905Z,deep_scan,20260802011913_1A-4-7-8-17-28C,30,1A,0,8,M52,AA7468,0,23
2026-08-02T03:44:15.905Z,deep_scan,20260802011913_1A-4-7-8-17-28C,30,1A,0,13,M156,AA5646,0,25
2026-08-02T03:44:15.905Z,deep_scan,20260802011913_1A-4-7-8-17-28C,30,1A,0,16,M252,AA5407,1,0
2026-08-02T03:44:45.810Z,deep_scan,20260802011913_1A-4-7-8-17-28C,30,1A,0,5,M29,AA5946,1,11
2026-08-02T03:44:45.810Z,deep_scan,20260802011913_1A-4-7-8-17-28C,30,1A,0,8,M52,AA7468,0,47
2026-08-02T03:44:45.810Z,deep_scan,20260802011913_1A-4-7-8-17-28C,30,1A,0,14,M253,AA5646,1,28
2026-08-02T03:44:45.810Z,deep_scan,20260802011913_1A-4-7-8-17-28C,30,1A,0,16,M252,AA5407,1,0
2026-08-02T03:44:45.826Z,deep_scan,20260802011913_1A-4-7-8-17-28C,30,1A,1,3,M118,AA7673,0,36
2026-08-02T03:44:45.826Z,deep_scan,20260802011913_1A-4-7-8-17-28C,30,1A,1,10,M21/1,AA6701,0,32
2026-08-02T03:45:15.860Z,deep_scan,20260802011913_1A-4-7-8-17-28C,30,1A,0,5,M29,AA5946,1,11
2026-08-02T03:45:15.860Z,deep_scan,20260802011913_1A-4-7-8-17-28C,30,1A,0,8,M52,AA7468,0,7
2026-08-02T03:45:15.860Z,deep_scan,20260802011913_1A-4-7-8-17-28C,30,1A,0,14,M253,AA5646,0,34
2026-08-02T03:45:15.860Z,deep_scan,20260802011913_1A-4-7-8-17-28C,30,1A,0,16,M252,AA5407,1,0
2026-08-02T03:45:15.864Z,deep_scan,20260802011913_1A-4-7-8-17-28C,30,1A,1,4,M53,AA7673,1,44
2026-08-02T03:45:15.864Z,deep_scan,20260802011913_1A-4-7-8-17-28C,30,1A,1,10,M21/1,AA6701,0,32
2026-08-02T03:45:45.827Z,deep_scan,20260802011913_1A-4-7-8-17-28C,30,1A,1,4,M53,AA7673,0,1
2026-08-02T03:45:45.827Z,deep_scan,20260802011913_1A-4-7-8-17-28C,30,1A,1,10,M21/1,AA6701,0,28
2026-08-02T03:45:45.834Z,deep_scan,20260802011913_1A-4-7-8-17-28C,30,1A,0,0,M120/2,AA7115,1,27
2026-08-02T03:45:45.834Z,deep_scan,20260802011913_1A-4-7-8-17-28C,30,1A,0,6,M36,AA5946,1,26
2026-08-02T03:45:45.834Z,deep_scan,20260802011913_1A-4-7-8-17-28C,30,1A,0,8,M52,AA7468,0,29
2026-08-02T03:45:45.834Z,deep_scan,20260802011913_1A-4-7-8-17-28C,30,1A,0,15,M250,AA5646,1,20
2026-08-02T03:45:45.834Z,deep_scan,20260802011913_1A-4-7-8-17-28C,30,1A,0,16,M252,AA5407,1,0
2026-08-02T03:46:15.888Z,deep_scan,20260802011913_1A-4-7-8-17-28C,30,1A,0,0,M120/2,AA7115,0,27
2026-08-02T03:46:15.888Z,deep_scan,20260802011913_1A-4-7-8-17-28C,30,1A,0,6,M36,AA5946,1,5
2026-08-02T03:46:15.888Z,deep_scan,20260802011913_1A-4-7-8-17-28C,30,1A,0,9,M239/1,AA7468,1,22
2026-08-02T03:46:15.888Z,deep_scan,20260802011913_1A-4-7-8-17-28C,30,1A,0,15,M250,AA5646,1,19
2026-08-02T03:46:15.888Z,deep_scan,20260802011913_1A-4-7-8-17-28C,30,1A,0,16,M252,AA5407,1,0
2026-08-02T03:46:15.907Z,deep_scan,20260802011913_1A-4-7-8-17-28C,30,1A,1,4,M53,AA7673,0,46
2026-08-02T03:46:15.907Z,deep_scan,20260802011913_1A-4-7-8-17-28C,30,1A,1,11,M120/2,AA6701,1,0
2026-08-02T03:46:45.852Z,deep_scan,20260802011913_1A-4-7-8-17-28C,30,1A,1,0,M252,AA5407,1,7
2026-08-02T03:46:45.852Z,deep_scan,20260802011913_1A-4-7-8-17-28C,30,1A,1,5,M49,AA7673,1,9
2026-08-02T03:46:45.852Z,deep_scan,20260802011913_1A-4-7-8-17-28C,30,1A,1,11,M120/2,AA6701,1,0
2026-08-02T03:46:45.895Z,deep_scan,20260802011913_1A-4-7-8-17-28C,30,1A,0,0,M120/2,AA7115,0,27
2026-08-02T03:46:45.895Z,deep_scan,20260802011913_1A-4-7-8-17-28C,30,1A,0,6,M36,AA5946,0,17
2026-08-02T03:46:45.895Z,deep_scan,20260802011913_1A-4-7-8-17-28C,30,1A,0,9,M239/1,AA7468,0,7
2026-08-02T03:46:45.895Z,deep_scan,20260802011913_1A-4-7-8-17-28C,30,1A,0,15,M250,AA5646,0,19
2026-08-02T03:47:15.966Z,deep_scan,20260802011913_1A-4-7-8-17-28C,30,1A,0,0,M120/2,AA7115,0,15
2026-08-02T03:47:15.966Z,deep_scan,20260802011913_1A-4-7-8-17-28C,30,1A,0,7,M48,AA5946,1,3
2026-08-02T03:47:15.966Z,deep_scan,20260802011913_1A-4-7-8-17-28C,30,1A,0,9,M239/1,AA7468,0,42
2026-08-02T03:47:15.966Z,deep_scan,20260802011913_1A-4-7-8-17-28C,30,1A,0,16,M252,AA5646,1,0
2026-08-02T03:47:16.125Z,deep_scan,20260802011913_1A-4-7-8-17-28C,30,1A,1,0,M252,AA5407,0,29
2026-08-02T03:47:16.125Z,deep_scan,20260802011913_1A-4-7-8-17-28C,30,1A,1,5,M49,AA7673,1,9
2026-08-02T03:47:16.125Z,deep_scan,20260802011913_1A-4-7-8-17-28C,30,1A,1,11,M120/2,AA6701,1,0
2026-08-02T03:47:45.875Z,deep_scan,20260802011913_1A-4-7-8-17-28C,30,1A,1,0,M252,AA5407,0,43
2026-08-02T03:47:45.875Z,deep_scan,20260802011913_1A-4-7-8-17-28C,30,1A,1,5,M49,AA7673,0,9
2026-08-02T03:47:45.875Z,deep_scan,20260802011913_1A-4-7-8-17-28C,30,1A,1,11,M120/2,AA6701,1,0
2026-08-02T03:47:45.880Z,deep_scan,20260802011913_1A-4-7-8-17-28C,30,1A,0,0,M120/2,AA7115,0,15
2026-08-02T03:47:45.880Z,deep_scan,20260802011913_1A-4-7-8-17-28C,30,1A,0,7,M48,AA5946,1,3
2026-08-02T03:47:45.880Z,deep_scan,20260802011913_1A-4-7-8-17-28C,30,1A,0,10,M254,AA7468,1,26
2026-08-02T03:47:45.880Z,deep_scan,20260802011913_1A-4-7-8-17-28C,30,1A,0,16,M252,AA5646,1,0
2026-08-02T03:48:15.867Z,deep_scan,20260802011913_1A-4-7-8-17-28C,30,1A,1,1,M161,AA5407,1,28
2026-08-02T03:48:15.867Z,deep_scan,20260802011913_1A-4-7-8-17-28C,30,1A,1,6,M35/1,AA7673,1,27
2026-08-02T03:48:15.867Z,deep_scan,20260802011913_1A-4-7-8-17-28C,30,1A,1,11,M120/2,AA6701,1,0
2026-08-02T03:48:15.942Z,deep_scan,20260802011913_1A-4-7-8-17-28C,30,1A,0,1,M108/1,AA7115,1,11
2026-08-02T03:48:15.942Z,deep_scan,20260802011913_1A-4-7-8-17-28C,30,1A,0,7,M48,AA5946,0,28
2026-08-02T03:48:15.942Z,deep_scan,20260802011913_1A-4-7-8-17-28C,30,1A,0,10,M254,AA7468,0,6
2026-08-02T03:48:15.942Z,deep_scan,20260802011913_1A-4-7-8-17-28C,30,1A,0,16,M252,AA5646,1,0
2026-08-02T03:48:45.872Z,deep_scan,20260802011913_1A-4-7-8-17-28C,30,1A,1,1,M161,AA5407,0,30
2026-08-02T03:48:45.872Z,deep_scan,20260802011913_1A-4-7-8-17-28C,30,1A,1,6,M35/1,AA7673,1,7
2026-08-02T03:48:45.872Z,deep_scan,20260802011913_1A-4-7-8-17-28C,30,1A,1,11,M120/2,AA6701,1,0
2026-08-02T03:48:45.902Z,deep_scan,20260802011913_1A-4-7-8-17-28C,30,1A,0,1,M108/1,AA7115,0,28
2026-08-02T03:48:45.902Z,deep_scan,20260802011913_1A-4-7-8-17-28C,30,1A,0,7,M48,AA5946,0,28
2026-08-02T03:48:45.902Z,deep_scan,20260802011913_1A-4-7-8-17-28C,30,1A,0,10,M254,AA7468,0,33
2026-08-02T03:48:45.902Z,deep_scan,20260802011913_1A-4-7-8-17-28C,30,1A,0,16,M252,AA5646,1,0
2026-08-02T03:49:15.932Z,deep_scan,20260802011913_1A-4-7-8-17-28C,30,1A,0,1,M108/1,AA7115,0,17
2026-08-02T03:49:15.932Z,deep_scan,20260802011913_1A-4-7-8-17-28C,30,1A,0,7,M48,AA5946,0,10
2026-08-02T03:49:15.932Z,deep_scan,20260802011913_1A-4-7-8-17-28C,30,1A,0,11,M241,AA7468,1,23
2026-08-02T03:49:15.932Z,deep_scan,20260802011913_1A-4-7-8-17-28C,30,1A,0,16,M252,AA5646,1,0
2026-08-02T03:49:15.938Z,deep_scan,20260802011913_1A-4-7-8-17-28C,30,1A,1,2,M70,AA5407,0,30
2026-08-02T03:49:15.938Z,deep_scan,20260802011913_1A-4-7-8-17-28C,30,1A,1,6,M35/1,AA7673,0,8
2026-08-02T03:49:15.938Z,deep_scan,20260802011913_1A-4-7-8-17-28C,30,1A,1,11,M120/2,AA6701,1,0
2026-08-02T03:49:45.891Z,deep_scan,20260802011913_1A-4-7-8-17-28C,30,1A,0,1,M108/1,AA7115,0,8
2026-08-02T03:49:45.891Z,deep_scan,20260802011913_1A-4-7-8-17-28C,30,1A,0,8,M52,AA5946,1,16
2026-08-02T03:49:45.891Z,deep_scan,20260802011913_1A-4-7-8-17-28C,30,1A,0,11,M241,AA7468,0,31
2026-08-02T03:49:45.891Z,deep_scan,20260802011913_1A-4-7-8-17-28C,30,1A,0,16,M252,AA5646,1,0
2026-08-02T03:49:45.919Z,deep_scan,20260802011913_1A-4-7-8-17-28C,30,1A,1,3,M118,AA5407,1,20
2026-08-02T03:49:45.919Z,deep_scan,20260802011913_1A-4-7-8-17-28C,30,1A,1,6,M35/1,AA7673,0,8
2026-08-02T03:49:45.919Z,deep_scan,20260802011913_1A-4-7-8-17-28C,30,1A,1,11,M120/2,AA6701,1,0
2026-08-02T03:50:15.939Z,deep_scan,20260802011913_1A-4-7-8-17-28C,30,1A,0,1,M108/1,AA7115,0,34
2026-08-02T03:50:15.939Z,deep_scan,20260802011913_1A-4-7-8-17-28C,30,1A,0,8,M52,AA5946,0,14
2026-08-02T03:50:15.939Z,deep_scan,20260802011913_1A-4-7-8-17-28C,30,1A,0,12,M71,AA7468,0,16
2026-08-02T03:50:15.939Z,deep_scan,20260802011913_1A-4-7-8-17-28C,30,1A,0,16,M252,AA5646,1,0
2026-08-02T03:50:15.963Z,deep_scan,20260802011913_1A-4-7-8-17-28C,30,1A,1,3,M118,AA5407,1,20
2026-08-02T03:50:15.963Z,deep_scan,20260802011913_1A-4-7-8-17-28C,30,1A,1,6,M35/1,AA7673,0,13
2026-08-02T03:50:15.963Z,deep_scan,20260802011913_1A-4-7-8-17-28C,30,1A,1,11,M120/2,AA6701,1,0
2026-08-02T03:50:45.816Z,deep_scan,20260802011913_1A-4-7-8-17-28C,30,1A,1,3,M118,AA5407,0,26
2026-08-02T03:50:45.816Z,deep_scan,20260802011913_1A-4-7-8-17-28C,30,1A,1,6,M35/1,AA7673,0,13
2026-08-02T03:50:45.909Z,deep_scan,20260802011913_1A-4-7-8-17-28C,30,1A,0,1,M108/1,AA7115,0,3
2026-08-02T03:50:45.909Z,deep_scan,20260802011913_1A-4-7-8-17-28C,30,1A,0,8,M52,AA5946,0,37
2026-08-02T03:50:45.909Z,deep_scan,20260802011913_1A-4-7-8-17-28C,30,1A,0,12,M71,AA7468,0,27
2026-08-02T03:50:45.909Z,deep_scan,20260802011913_1A-4-7-8-17-28C,30,1A,0,16,M252,AA5646,1,0
2026-08-02T03:51:15.970Z,deep_scan,20260802011913_1A-4-7-8-17-28C,30,1A,1,3,M118,AA5407,0,49
2026-08-02T03:51:15.970Z,deep_scan,20260802011913_1A-4-7-8-17-28C,30,1A,1,6,M35/1,AA7673,0,22
2026-08-02T03:51:15.997Z,deep_scan,20260802011913_1A-4-7-8-17-28C,30,1A,0,1,M108/1,AA7115,0,30
2026-08-02T03:51:15.997Z,deep_scan,20260802011913_1A-4-7-8-17-28C,30,1A,0,8,M52,AA5946,0,44
2026-08-02T03:51:15.997Z,deep_scan,20260802011913_1A-4-7-8-17-28C,30,1A,0,13,M156,AA7468,0,36
2026-08-02T03:51:15.997Z,deep_scan,20260802011913_1A-4-7-8-17-28C,30,1A,0,16,M252,AA5646,1,0
2026-08-02T03:51:45.917Z,deep_scan,20260802011913_1A-4-7-8-17-28C,30,1A,1,3,M118,AA5407,0,46
2026-08-02T03:51:45.917Z,deep_scan,20260802011913_1A-4-7-8-17-28C,30,1A,1,7,M28/1,AA7673,1,9
2026-08-02T03:51:45.936Z,deep_scan,20260802011913_1A-4-7-8-17-28C,30,1A,0,2,M26/1,AA7115,1,2
2026-08-02T03:51:45.936Z,deep_scan,20260802011913_1A-4-7-8-17-28C,30,1A,0,8,M52,AA5946,0,16
2026-08-02T03:51:45.936Z,deep_scan,20260802011913_1A-4-7-8-17-28C,30,1A,0,13,M156,AA7468,0,11
2026-08-02T03:52:15.953Z,deep_scan,20260802011913_1A-4-7-8-17-28C,30,1A,1,3,M118,AA5407,0,49
2026-08-02T03:52:15.953Z,deep_scan,20260802011913_1A-4-7-8-17-28C,30,1A,1,7,M28/1,AA7673,0,30
2026-08-02T03:52:15.980Z,deep_scan,20260802011913_1A-4-7-8-17-28C,30,1A,0,2,M26/1,AA7115,1,16
2026-08-02T03:52:15.980Z,deep_scan,20260802011913_1A-4-7-8-17-28C,30,1A,0,8,M52,AA5946,0,39
2026-08-02T03:52:15.980Z,deep_scan,20260802011913_1A-4-7-8-17-28C,30,1A,0,13,M156,AA7468,0,11
2026-08-02T03:52:45.978Z,deep_scan,20260802011913_1A-4-7-8-17-28C,30,1A,0,2,M26/1,AA7115,0,16
2026-08-02T03:52:45.978Z,deep_scan,20260802011913_1A-4-7-8-17-28C,30,1A,0,9,M239/1,AA5946,1,29
2026-08-02T03:52:45.978Z,deep_scan,20260802011913_1A-4-7-8-17-28C,30,1A,0,13,M156,AA7468,0,45
2026-08-02T03:52:45.981Z,deep_scan,20260802011913_1A-4-7-8-17-28C,30,1A,1,3,M118,AA5407,0,47
2026-08-02T03:52:45.981Z,deep_scan,20260802011913_1A-4-7-8-17-28C,30,1A,1,7,M28/1,AA7673,0,16
2026-08-02T03:53:15.923Z,deep_scan,20260802011913_1A-4-7-8-17-28C,30,1A,1,4,M53,AA5407,1,20
2026-08-02T03:53:15.923Z,deep_scan,20260802011913_1A-4-7-8-17-28C,30,1A,1,7,M28/1,AA7673,0,21
2026-08-02T03:53:15.949Z,deep_scan,20260802011913_1A-4-7-8-17-28C,30,1A,0,2,M26/1,AA7115,0,13
2026-08-02T03:53:15.949Z,deep_scan,20260802011913_1A-4-7-8-17-28C,30,1A,0,9,M239/1,AA5946,0,26
2026-08-02T03:53:15.949Z,deep_scan,20260802011913_1A-4-7-8-17-28C,30,1A,0,14,M253,AA7468,1,39
2026-08-02T03:53:45.961Z,deep_scan,20260802011913_1A-4-7-8-17-28C,30,1A,1,4,M53,AA5407,0,46
2026-08-02T03:53:45.961Z,deep_scan,20260802011913_1A-4-7-8-17-28C,30,1A,1,8,M11,AA7673,1,16
2026-08-02T03:53:45.989Z,deep_scan,20260802011913_1A-4-7-8-17-28C,30,1A,0,2,M26/1,AA7115,0,13
2026-08-02T03:53:45.989Z,deep_scan,20260802011913_1A-4-7-8-17-28C,30,1A,0,10,M254,AA5946,1,30
2026-08-02T03:53:45.989Z,deep_scan,20260802011913_1A-4-7-8-17-28C,30,1A,0,14,M253,AA7468,1,10
2026-08-02T03:54:15.951Z,deep_scan,20260802011913_1A-4-7-8-17-28C,30,1A,0,2,M26/1,AA7115,0,26
2026-08-02T03:54:15.951Z,deep_scan,20260802011913_1A-4-7-8-17-28C,30,1A,0,10,M254,AA5946,1,30
2026-08-02T03:54:15.951Z,deep_scan,20260802011913_1A-4-7-8-17-28C,30,1A,0,14,M253,AA7468,0,3
2026-08-02T03:54:15.990Z,deep_scan,20260802011913_1A-4-7-8-17-28C,30,1A,1,4,M53,AA5407,0,41
2026-08-02T03:54:15.990Z,deep_scan,20260802011913_1A-4-7-8-17-28C,30,1A,1,8,M11,AA7673,0,18
2026-08-02T03:54:45.967Z,deep_scan,20260802011913_1A-4-7-8-17-28C,30,1A,1,5,M49,AA5407,1,35
2026-08-02T03:54:45.967Z,deep_scan,20260802011913_1A-4-7-8-17-28C,30,1A,1,9,M12,AA7673,1,4
2026-08-02T03:54:46.031Z,deep_scan,20260802011913_1A-4-7-8-17-28C,30,1A,0,2,M26/1,AA7115,0,20
2026-08-02T03:54:46.031Z,deep_scan,20260802011913_1A-4-7-8-17-28C,30,1A,0,10,M254,AA5946,0,34
2026-08-02T03:54:46.031Z,deep_scan,20260802011913_1A-4-7-8-17-28C,30,1A,0,15,M250,AA7468,1,33
2026-08-02T03:55:15.972Z,deep_scan,20260802011913_1A-4-7-8-17-28C,30,1A,0,3,M10,AA7115,1,27
2026-08-02T03:55:15.972Z,deep_scan,20260802011913_1A-4-7-8-17-28C,30,1A,0,11,M241,AA5946,1,26
2026-08-02T03:55:15.972Z,deep_scan,20260802011913_1A-4-7-8-17-28C,30,1A,0,15,M250,AA7468,0,12
2026-08-02T03:55:15.985Z,deep_scan,20260802011913_1A-4-7-8-17-28C,30,1A,1,5,M49,AA5407,0,22
2026-08-02T03:55:15.985Z,deep_scan,20260802011913_1A-4-7-8-17-28C,30,1A,1,9,M12,AA7673,0,30
2026-08-02T03:55:45.957Z,deep_scan,20260802011913_1A-4-7-8-17-28C,30,1A,0,3,M10,AA7115,1,9
2026-08-02T03:55:45.957Z,deep_scan,20260802011913_1A-4-7-8-17-28C,30,1A,0,11,M241,AA5946,0,8
2026-08-02T03:55:45.957Z,deep_scan,20260802011913_1A-4-7-8-17-28C,30,1A,0,16,M252,AA7468,1,0
2026-08-02T03:55:45.989Z,deep_scan,20260802011913_1A-4-7-8-17-28C,30,1A,1,0,M252,AA5646,1,18
2026-08-02T03:55:45.989Z,deep_scan,20260802011913_1A-4-7-8-17-28C,30,1A,1,6,M35/1,AA5407,1,37
2026-08-02T03:55:45.989Z,deep_scan,20260802011913_1A-4-7-8-17-28C,30,1A,1,9,M12,AA7673,0,15
2026-08-02T03:56:15.999Z,deep_scan,20260802011913_1A-4-7-8-17-28C,30,1A,0,3,M10,AA7115,0,6
2026-08-02T03:56:15.999Z,deep_scan,20260802011913_1A-4-7-8-17-28C,30,1A,0,12,M71,AA5946,1,21
2026-08-02T03:56:15.999Z,deep_scan,20260802011913_1A-4-7-8-17-28C,30,1A,0,16,M252,AA7468,1,0
2026-08-02T03:56:16.010Z,deep_scan,20260802011913_1A-4-7-8-17-28C,30,1A,1,0,M252,AA5646,0,19
2026-08-02T03:56:16.010Z,deep_scan,20260802011913_1A-4-7-8-17-28C,30,1A,1,6,M35/1,AA5407,1,9
2026-08-02T03:56:16.010Z,deep_scan,20260802011913_1A-4-7-8-17-28C,30,1A,1,9,M12,AA7673,0,15
2026-08-02T03:56:46.024Z,deep_scan,20260802011913_1A-4-7-8-17-28C,30,1A,0,3,M10,AA7115,0,6
2026-08-02T03:56:46.024Z,deep_scan,20260802011913_1A-4-7-8-17-28C,30,1A,0,12,M71,AA5946,0,6
2026-08-02T03:56:46.024Z,deep_scan,20260802011913_1A-4-7-8-17-28C,30,1A,0,16,M252,AA7468,1,0
2026-08-02T03:56:46.046Z,deep_scan,20260802011913_1A-4-7-8-17-28C,30,1A,1,0,M252,AA5646,0,21
2026-08-02T03:56:46.046Z,deep_scan,20260802011913_1A-4-7-8-17-28C,30,1A,1,6,M35/1,AA5407,1,5
2026-08-02T03:56:46.046Z,deep_scan,20260802011913_1A-4-7-8-17-28C,30,1A,1,10,M21/1,AA7673,1,17
2026-08-02T03:57:15.994Z,deep_scan,20260802011913_1A-4-7-8-17-28C,30,1A,1,0,M252,AA5646,0,29
2026-08-02T03:57:15.994Z,deep_scan,20260802011913_1A-4-7-8-17-28C,30,1A,1,6,M35/1,AA5407,0,23
2026-08-02T03:57:15.994Z,deep_scan,20260802011913_1A-4-7-8-17-28C,30,1A,1,10,M21/1,AA7673,1,1
2026-08-02T03:57:16.029Z,deep_scan,20260802011913_1A-4-7-8-17-28C,30,1A,0,4,M27,AA7115,1,21
2026-08-02T03:57:16.029Z,deep_scan,20260802011913_1A-4-7-8-17-28C,30,1A,0,12,M71,AA5946,0,32
2026-08-02T03:57:16.029Z,deep_scan,20260802011913_1A-4-7-8-17-28C,30,1A,0,16,M252,AA7468,1,0
2026-08-02T03:57:46.038Z,deep_scan,20260802011913_1A-4-7-8-17-28C,30,1A,1,1,M161,AA5646,1,10
2026-08-02T03:57:46.038Z,deep_scan,20260802011913_1A-4-7-8-17-28C,30,1A,1,6,M35/1,AA5407,0,26
2026-08-02T03:57:46.038Z,deep_scan,20260802011913_1A-4-7-8-17-28C,30,1A,1,10,M21/1,AA7673,1,20
2026-08-02T03:57:46.071Z,deep_scan,20260802011913_1A-4-7-8-17-28C,30,1A,0,4,M27,AA7115,1,9
2026-08-02T03:57:46.071Z,deep_scan,20260802011913_1A-4-7-8-17-28C,30,1A,0,12,M71,AA5946,0,10
2026-08-02T03:57:46.071Z,deep_scan,20260802011913_1A-4-7-8-17-28C,30,1A,0,16,M252,AA7468,1,0
2026-08-02T03:58:16.011Z,deep_scan,20260802011913_1A-4-7-8-17-28C,30,1A,1,1,M161,AA5646,1,10
2026-08-02T03:58:16.011Z,deep_scan,20260802011913_1A-4-7-8-17-28C,30,1A,1,6,M35/1,AA5407,0,4
2026-08-02T03:58:16.011Z,deep_scan,20260802011913_1A-4-7-8-17-28C,30,1A,1,10,M21/1,AA7673,0,28
2026-08-02T03:58:16.045Z,deep_scan,20260802011913_1A-4-7-8-17-28C,30,1A,0,0,M120/2,AA6701,1,28
2026-08-02T03:58:16.045Z,deep_scan,20260802011913_1A-4-7-8-17-28C,30,1A,0,4,M27,AA7115,1,6
2026-08-02T03:58:16.045Z,deep_scan,20260802011913_1A-4-7-8-17-28C,30,1A,0,13,M156,AA5946,0,10
2026-08-02T03:58:16.045Z,deep_scan,20260802011913_1A-4-7-8-17-28C,30,1A,0,16,M252,AA7468,1,0
2026-08-02T03:58:46.014Z,deep_scan,20260802011913_1A-4-7-8-17-28C,30,1A,0,0,M120/2,AA6701,0,28
2026-08-02T03:58:46.014Z,deep_scan,20260802011913_1A-4-7-8-17-28C,30,1A,0,4,M27,AA7115,1,6
2026-08-02T03:58:46.014Z,deep_scan,20260802011913_1A-4-7-8-17-28C,30,1A,0,13,M156,AA5946,0,10
2026-08-02T03:58:46.014Z,deep_scan,20260802011913_1A-4-7-8-17-28C,30,1A,0,16,M252,AA7468,1,0
2026-08-02T03:58:46.075Z,deep_scan,20260802011913_1A-4-7-8-17-28C,30,1A,1,1,M161,AA5646,1,10
2026-08-02T03:58:46.075Z,deep_scan,20260802011913_1A-4-7-8-17-28C,30,1A,1,7,M28/1,AA5407,1,28
2026-08-02T03:58:46.075Z,deep_scan,20260802011913_1A-4-7-8-17-28C,30,1A,1,10,M21/1,AA7673,0,4
2026-08-02T03:59:16.035Z,deep_scan,20260802011913_1A-4-7-8-17-28C,30,1A,0,0,M120/2,AA6701,0,6
2026-08-02T03:59:16.035Z,deep_scan,20260802011913_1A-4-7-8-17-28C,30,1A,0,4,M27,AA7115,0,6
2026-08-02T03:59:16.035Z,deep_scan,20260802011913_1A-4-7-8-17-28C,30,1A,0,13,M156,AA5946,0,27
2026-08-02T03:59:16.035Z,deep_scan,20260802011913_1A-4-7-8-17-28C,30,1A,0,16,M252,AA7468,1,0
2026-08-02T03:59:16.044Z,deep_scan,20260802011913_1A-4-7-8-17-28C,30,1A,1,1,M161,AA5646,1,15
2026-08-02T03:59:16.044Z,deep_scan,20260802011913_1A-4-7-8-17-28C,30,1A,1,7,M28/1,AA5407,1,28
2026-08-02T03:59:16.044Z,deep_scan,20260802011913_1A-4-7-8-17-28C,30,1A,1,10,M21/1,AA7673,0,4
2026-08-02T03:59:46.077Z,deep_scan,20260802011913_1A-4-7-8-17-28C,30,1A,0,0,M120/2,AA6701,0,6
2026-08-02T03:59:46.077Z,deep_scan,20260802011913_1A-4-7-8-17-28C,30,1A,0,4,M27,AA7115,0,6
2026-08-02T03:59:46.077Z,deep_scan,20260802011913_1A-4-7-8-17-28C,30,1A,0,14,M253,AA5946,1,30
2026-08-02T03:59:46.077Z,deep_scan,20260802011913_1A-4-7-8-17-28C,30,1A,0,16,M252,AA7468,1,0
2026-08-02T03:59:46.089Z,deep_scan,20260802011913_1A-4-7-8-17-28C,30,1A,1,2,M70,AA5646,1,1
2026-08-02T03:59:46.089Z,deep_scan,20260802011913_1A-4-7-8-17-28C,30,1A,1,7,M28/1,AA5407,0,17
2026-08-02T03:59:46.089Z,deep_scan,20260802011913_1A-4-7-8-17-28C,30,1A,1,10,M21/1,AA7673,0,4
2026-08-02T04:00:16.043Z,deep_scan,20260802011913_1A-4-7-8-17-28C,30,1A,0,1,M108/1,AA6701,1,6
2026-08-02T04:00:16.043Z,deep_scan,20260802011913_1A-4-7-8-17-28C,30,1A,0,4,M27,AA7115,0,3
2026-08-02T04:00:16.043Z,deep_scan,20260802011913_1A-4-7-8-17-28C,30,1A,0,14,M253,AA5946,0,17
2026-08-02T04:00:16.168Z,deep_scan,20260802011913_1A-4-7-8-17-28C,30,1A,1,2,M70,AA5646,1,3
2026-08-02T04:00:16.168Z,deep_scan,20260802011913_1A-4-7-8-17-28C,30,1A,1,7,M28/1,AA5407,0,15
2026-08-02T04:00:16.168Z,deep_scan,20260802011913_1A-4-7-8-17-28C,30,1A,1,10,M21/1,AA7673,0,4
2026-08-02T04:00:46.075Z,deep_scan,20260802011913_1A-4-7-8-17-28C,30,1A,0,1,M108/1,AA6701,0,13
2026-08-02T04:00:46.075Z,deep_scan,20260802011913_1A-4-7-8-17-28C,30,1A,0,5,M29,AA7115,1,1
2026-08-02T04:00:46.075Z,deep_scan,20260802011913_1A-4-7-8-17-28C,30,1A,0,15,M250,AA5946,1,11
2026-08-02T04:00:46.092Z,deep_scan,20260802011913_1A-4-7-8-17-28C,30,1A,1,3,M118,AA5646,1,26
2026-08-02T04:00:46.092Z,deep_scan,20260802011913_1A-4-7-8-17-28C,30,1A,1,7,M28/1,AA5407,0,14
2026-08-02T04:00:46.092Z,deep_scan,20260802011913_1A-4-7-8-17-28C,30,1A,1,10,M21/1,AA7673,0,31
2026-08-02T04:01:16.060Z,deep_scan,20260802011913_1A-4-7-8-17-28C,30,1A,1,3,M118,AA5646,0,20
2026-08-02T04:01:16.060Z,deep_scan,20260802011913_1A-4-7-8-17-28C,30,1A,1,7,M28/1,AA5407,0,26
2026-08-02T04:01:16.060Z,deep_scan,20260802011913_1A-4-7-8-17-28C,30,1A,1,10,M21/1,AA7673,0,16
2026-08-02T04:01:16.064Z,deep_scan,20260802011913_1A-4-7-8-17-28C,30,1A,0,1,M108/1,AA6701,0,41
2026-08-02T04:01:16.064Z,deep_scan,20260802011913_1A-4-7-8-17-28C,30,1A,0,5,M29,AA7115,1,1
2026-08-02T04:01:16.064Z,deep_scan,20260802011913_1A-4-7-8-17-28C,30,1A,0,15,M250,AA5946,1,25
2026-08-02T04:01:46.057Z,deep_scan,20260802011913_1A-4-7-8-17-28C,30,1A,1,3,M118,AA5646,0,50
2026-08-02T04:01:46.057Z,deep_scan,20260802011913_1A-4-7-8-17-28C,30,1A,1,7,M28/1,AA5407,0,19
2026-08-02T04:01:46.057Z,deep_scan,20260802011913_1A-4-7-8-17-28C,30,1A,1,10,M21/1,AA7673,0,19
2026-08-02T04:01:46.089Z,deep_scan,20260802011913_1A-4-7-8-17-28C,30,1A,0,1,M108/1,AA6701,0,23
2026-08-02T04:01:46.089Z,deep_scan,20260802011913_1A-4-7-8-17-28C,30,1A,0,5,M29,AA7115,1,1
2026-08-02T04:01:46.089Z,deep_scan,20260802011913_1A-4-7-8-17-28C,30,1A,0,15,M250,AA5946,0,6
2026-08-02T04:02:16.063Z,deep_scan,20260802011913_1A-4-7-8-17-28C,30,1A,0,1,M108/1,AA6701,0,23
2026-08-02T04:02:16.063Z,deep_scan,20260802011913_1A-4-7-8-17-28C,30,1A,0,6,M36,AA7115,1,29
2026-08-02T04:02:16.063Z,deep_scan,20260802011913_1A-4-7-8-17-28C,30,1A,0,16,M252,AA5946,1,0
2026-08-02T04:02:16.092Z,deep_scan,20260802011913_1A-4-7-8-17-28C,30,1A,1,0,M252,AA7468,1,40
2026-08-02T04:02:16.092Z,deep_scan,20260802011913_1A-4-7-8-17-28C,30,1A,1,3,M118,AA5646,0,20
2026-08-02T04:02:16.092Z,deep_scan,20260802011913_1A-4-7-8-17-28C,30,1A,1,8,M11,AA5407,0,20
2026-08-02T04:02:16.092Z,deep_scan,20260802011913_1A-4-7-8-17-28C,30,1A,1,10,M21/1,AA7673,0,19
2026-08-02T04:02:46.094Z,deep_scan,20260802011913_1A-4-7-8-17-28C,30,1A,1,0,M252,AA7468,1,40
2026-08-02T04:02:46.094Z,deep_scan,20260802011913_1A-4-7-8-17-28C,30,1A,1,3,M118,AA5646,0,46
2026-08-02T04:02:46.094Z,deep_scan,20260802011913_1A-4-7-8-17-28C,30,1A,1,9,M12,AA5407,1,14
2026-08-02T04:02:46.094Z,deep_scan,20260802011913_1A-4-7-8-17-28C,30,1A,1,10,M21/1,AA7673,0,29
2026-08-02T04:02:46.117Z,deep_scan,20260802011913_1A-4-7-8-17-28C,30,1A,0,1,M108/1,AA6701,0,8
2026-08-02T04:02:46.117Z,deep_scan,20260802011913_1A-4-7-8-17-28C,30,1A,0,6,M36,AA7115,1,6
2026-08-02T04:02:46.117Z,deep_scan,20260802011913_1A-4-7-8-17-28C,30,1A,0,16,M252,AA5946,1,0
2026-08-02T04:03:16.072Z,deep_scan,20260802011913_1A-4-7-8-17-28C,30,1A,1,0,M252,AA7468,1,40
2026-08-02T04:03:16.072Z,deep_scan,20260802011913_1A-4-7-8-17-28C,30,1A,1,3,M118,AA5646,0,35
2026-08-02T04:03:16.072Z,deep_scan,20260802011913_1A-4-7-8-17-28C,30,1A,1,9,M12,AA5407,1,21
2026-08-02T04:03:16.072Z,deep_scan,20260802011913_1A-4-7-8-17-28C,30,1A,1,11,M120/2,AA7673,1,0
2026-08-02T04:03:16.087Z,deep_scan,20260802011913_1A-4-7-8-17-28C,30,1A,0,1,M108/1,AA6701,0,16
2026-08-02T04:03:16.087Z,deep_scan,20260802011913_1A-4-7-8-17-28C,30,1A,0,6,M36,AA7115,0,9
2026-08-02T04:03:16.087Z,deep_scan,20260802011913_1A-4-7-8-17-28C,30,1A,0,16,M252,AA5946,1,0
2026-08-02T04:03:46.111Z,deep_scan,20260802011913_1A-4-7-8-17-28C,30,1A,1,0,M252,AA7468,1,40
2026-08-02T04:03:46.111Z,deep_scan,20260802011913_1A-4-7-8-17-28C,30,1A,1,3,M118,AA5646,0,34
2026-08-02T04:03:46.111Z,deep_scan,20260802011913_1A-4-7-8-17-28C,30,1A,1,9,M12,AA5407,0,22
2026-08-02T04:03:46.111Z,deep_scan,20260802011913_1A-4-7-8-17-28C,30,1A,1,11,M120/2,AA7673,1,0
2026-08-02T04:03:46.131Z,deep_scan,20260802011913_1A-4-7-8-17-28C,30,1A,0,1,M108/1,AA6701,0,14
2026-08-02T04:03:46.131Z,deep_scan,20260802011913_1A-4-7-8-17-28C,30,1A,0,7,M48,AA7115,1,7
2026-08-02T04:03:46.131Z,deep_scan,20260802011913_1A-4-7-8-17-28C,30,1A,0,16,M252,AA5946,1,0
2026-08-02T04:04:16.075Z,deep_scan,20260802011913_1A-4-7-8-17-28C,30,1A,1,0,M252,AA7468,0,21
2026-08-02T04:04:16.075Z,deep_scan,20260802011913_1A-4-7-8-17-28C,30,1A,1,4,M53,AA5646,1,21
2026-08-02T04:04:16.075Z,deep_scan,20260802011913_1A-4-7-8-17-28C,30,1A,1,9,M12,AA5407,0,1
2026-08-02T04:04:16.075Z,deep_scan,20260802011913_1A-4-7-8-17-28C,30,1A,1,11,M120/2,AA7673,1,0
2026-08-02T04:04:16.099Z,deep_scan,20260802011913_1A-4-7-8-17-28C,30,1A,0,1,M108/1,AA6701,0,2
2026-08-02T04:04:16.099Z,deep_scan,20260802011913_1A-4-7-8-17-28C,30,1A,0,7,M48,AA7115,0,7
2026-08-02T04:04:16.099Z,deep_scan,20260802011913_1A-4-7-8-17-28C,30,1A,0,16,M252,AA5946,1,0
2026-08-02T04:04:46.121Z,deep_scan,20260802011913_1A-4-7-8-17-28C,30,1A,0,2,M26/1,AA6701,1,10
2026-08-02T04:04:46.121Z,deep_scan,20260802011913_1A-4-7-8-17-28C,30,1A,0,7,M48,AA7115,0,7
2026-08-02T04:04:46.121Z,deep_scan,20260802011913_1A-4-7-8-17-28C,30,1A,0,16,M252,AA5946,1,0
2026-08-02T04:04:46.132Z,deep_scan,20260802011913_1A-4-7-8-17-28C,30,1A,1,0,M252,AA7468,0,22
2026-08-02T04:04:46.132Z,deep_scan,20260802011913_1A-4-7-8-17-28C,30,1A,1,4,M53,AA5646,0,16
2026-08-02T04:04:46.132Z,deep_scan,20260802011913_1A-4-7-8-17-28C,30,1A,1,9,M12,AA5407,0,15
2026-08-02T04:04:46.132Z,deep_scan,20260802011913_1A-4-7-8-17-28C,30,1A,1,11,M120/2,AA7673,1,0
2026-08-02T04:05:16.086Z,deep_scan,20260802011913_1A-4-7-8-17-28C,30,1A,1,1,M161,AA7468,1,22
2026-08-02T04:05:16.086Z,deep_scan,20260802011913_1A-4-7-8-17-28C,30,1A,1,4,M53,AA5646,0,43
2026-08-02T04:05:16.086Z,deep_scan,20260802011913_1A-4-7-8-17-28C,30,1A,1,10,M21/1,AA5407,1,23
2026-08-02T04:05:16.086Z,deep_scan,20260802011913_1A-4-7-8-17-28C,30,1A,1,11,M120/2,AA7673,1,0
2026-08-02T04:05:16.134Z,deep_scan,20260802011913_1A-4-7-8-17-28C,30,1A,0,2,M26/1,AA6701,1,10
2026-08-02T04:05:16.134Z,deep_scan,20260802011913_1A-4-7-8-17-28C,30,1A,0,7,M48,AA7115,0,5
2026-08-02T04:05:16.134Z,deep_scan,20260802011913_1A-4-7-8-17-28C,30,1A,0,16,M252,AA5946,1,0
2026-08-02T04:05:46.107Z,deep_scan,20260802011913_1A-4-7-8-17-28C,30,1A,1,1,M161,AA7468,1,15
2026-08-02T04:05:46.107Z,deep_scan,20260802011913_1A-4-7-8-17-28C,30,1A,1,5,M49,AA5646,1,12
2026-08-02T04:05:46.107Z,deep_scan,20260802011913_1A-4-7-8-17-28C,30,1A,1,10,M21/1,AA5407,1,23
2026-08-02T04:05:46.107Z,deep_scan,20260802011913_1A-4-7-8-17-28C,30,1A,1,11,M120/2,AA7673,1,0
2026-08-02T04:05:46.129Z,deep_scan,20260802011913_1A-4-7-8-17-28C,30,1A,0,2,M26/1,AA6701,0,13
2026-08-02T04:05:46.129Z,deep_scan,20260802011913_1A-4-7-8-17-28C,30,1A,0,7,M48,AA7115,0,18
2026-08-02T04:05:46.129Z,deep_scan,20260802011913_1A-4-7-8-17-28C,30,1A,0,16,M252,AA5946,1,0
2026-08-02T04:06:16.163Z,deep_scan,20260802011913_1A-4-7-8-17-28C,30,1A,1,1,M161,AA7468,0,2
2026-08-02T04:06:16.163Z,deep_scan,20260802011913_1A-4-7-8-17-28C,30,1A,1,5,M49,AA5646,0,26
2026-08-02T04:06:16.163Z,deep_scan,20260802011913_1A-4-7-8-17-28C,30,1A,1,10,M21/1,AA5407,1,18
2026-08-02T04:06:16.163Z,deep_scan,20260802011913_1A-4-7-8-17-28C,30,1A,1,11,M120/2,AA7673,1,0
2026-08-02T04:06:16.187Z,deep_scan,20260802011913_1A-4-7-8-17-28C,30,1A,0,2,M26/1,AA6701,0,23
2026-08-02T04:06:16.187Z,deep_scan,20260802011913_1A-4-7-8-17-28C,30,1A,0,7,M48,AA7115,0,23
2026-08-02T04:06:16.187Z,deep_scan,20260802011913_1A-4-7-8-17-28C,30,1A,0,16,M252,AA5946,1,0
2026-08-02T04:06:46.165Z,deep_scan,20260802011913_1A-4-7-8-17-28C,30,1A,0,2,M26/1,AA6701,0,24
2026-08-02T04:06:46.165Z,deep_scan,20260802011913_1A-4-7-8-17-28C,30,1A,0,8,M52,AA7115,1,4
2026-08-02T04:06:46.205Z,deep_scan,20260802011913_1A-4-7-8-17-28C,30,1A,1,2,M70,AA7468,1,10
2026-08-02T04:06:46.205Z,deep_scan,20260802011913_1A-4-7-8-17-28C,30,1A,1,5,M49,AA5646,0,30
2026-08-02T04:06:46.205Z,deep_scan,20260802011913_1A-4-7-8-17-28C,30,1A,1,10,M21/1,AA5407,0,1
2026-08-02T04:06:46.205Z,deep_scan,20260802011913_1A-4-7-8-17-28C,30,1A,1,11,M120/2,AA7673,1,0
2026-08-02T04:07:16.138Z,deep_scan,20260802011913_1A-4-7-8-17-28C,30,1A,0,2,M26/1,AA6701,0,16
2026-08-02T04:07:16.138Z,deep_scan,20260802011913_1A-4-7-8-17-28C,30,1A,0,8,M52,AA7115,1,6
2026-08-02T04:07:16.144Z,deep_scan,20260802011913_1A-4-7-8-17-28C,30,1A,1,2,M70,AA7468,0,38
2026-08-02T04:07:16.144Z,deep_scan,20260802011913_1A-4-7-8-17-28C,30,1A,1,6,M35/1,AA5646,1,10
2026-08-02T04:07:16.144Z,deep_scan,20260802011913_1A-4-7-8-17-28C,30,1A,1,10,M21/1,AA5407,0,26
2026-08-02T04:07:16.144Z,deep_scan,20260802011913_1A-4-7-8-17-28C,30,1A,1,11,M120/2,AA7673,1,0
2026-08-02T04:07:46.121Z,deep_scan,20260802011913_1A-4-7-8-17-28C,30,1A,0,3,M10,AA6701,1,20
2026-08-02T04:07:46.121Z,deep_scan,20260802011913_1A-4-7-8-17-28C,30,1A,0,8,M52,AA7115,0,23
2026-08-02T04:07:46.126Z,deep_scan,20260802011913_1A-4-7-8-17-28C,30,1A,1,3,M118,AA7468,1,46
2026-08-02T04:07:46.126Z,deep_scan,20260802011913_1A-4-7-8-17-28C,30,1A,1,6,M35/1,AA5646,1,12
2026-08-02T04:07:46.126Z,deep_scan,20260802011913_1A-4-7-8-17-28C,30,1A,1,10,M21/1,AA5407,0,26
2026-08-02T04:08:16.167Z,deep_scan,20260802011913_1A-4-7-8-17-28C,30,1A,0,3,M10,AA6701,1,13
2026-08-02T04:08:16.167Z,deep_scan,20260802011913_1A-4-7-8-17-28C,30,1A,0,8,M52,AA7115,0,41
2026-08-02T04:08:16.178Z,deep_scan,20260802011913_1A-4-7-8-17-28C,30,1A,1,3,M118,AA7468,1,46
2026-08-02T04:08:16.178Z,deep_scan,20260802011913_1A-4-7-8-17-28C,30,1A,1,6,M35/1,AA5646,1,12
2026-08-02T04:08:16.178Z,deep_scan,20260802011913_1A-4-7-8-17-28C,30,1A,1,10,M21/1,AA5407,0,26
2026-08-02T04:08:46.160Z,deep_scan,20260802011913_1A-4-7-8-17-28C,30,1A,0,3,M10,AA6701,0,10
2026-08-02T04:08:46.160Z,deep_scan,20260802011913_1A-4-7-8-17-28C,30,1A,0,8,M52,AA7115,0,46
2026-08-02T04:08:46.169Z,deep_scan,20260802011913_1A-4-7-8-17-28C,30,1A,1,3,M118,AA7468,1,2
2026-08-02T04:08:46.169Z,deep_scan,20260802011913_1A-4-7-8-17-28C,30,1A,1,6,M35/1,AA5646,0,2
2026-08-02T04:08:46.169Z,deep_scan,20260802011913_1A-4-7-8-17-28C,30,1A,1,10,M21/1,AA5407,0,35
2026-08-02T04:09:16.227Z,deep_scan,20260802011913_1A-4-7-8-17-28C,30,1A,1,3,M118,AA7468,0,25
2026-08-02T04:09:16.227Z,deep_scan,20260802011913_1A-4-7-8-17-28C,30,1A,1,6,M35/1,AA5646,0,6
2026-08-02T04:09:16.227Z,deep_scan,20260802011913_1A-4-7-8-17-28C,30,1A,1,10,M21/1,AA5407,0,19
2026-08-02T04:09:16.233Z,deep_scan,20260802011913_1A-4-7-8-17-28C,30,1A,0,3,M10,AA6701,0,16
2026-08-02T04:09:16.233Z,deep_scan,20260802011913_1A-4-7-8-17-28C,30,1A,0,8,M52,AA7115,0,5
2026-08-02T04:09:46.189Z,deep_scan,20260802011913_1A-4-7-8-17-28C,30,1A,0,4,M27,AA6701,1,6
2026-08-02T04:09:46.189Z,deep_scan,20260802011913_1A-4-7-8-17-28C,30,1A,0,8,M52,AA7115,0,33
2026-08-02T04:09:46.198Z,deep_scan,20260802011913_1A-4-7-8-17-28C,30,1A,1,3,M118,AA7468,0,17
2026-08-02T04:09:46.198Z,deep_scan,20260802011913_1A-4-7-8-17-28C,30,1A,1,6,M35/1,AA5646,0,6
2026-08-02T04:09:46.198Z,deep_scan,20260802011913_1A-4-7-8-17-28C,30,1A,1,10,M21/1,AA5407,0,43
2026-08-02T04:10:16.161Z,deep_scan,20260802011913_1A-4-7-8-17-28C,30,1A,1,3,M118,AA7468,0,33
2026-08-02T04:10:16.161Z,deep_scan,20260802011913_1A-4-7-8-17-28C,30,1A,1,7,M28/1,AA5646,1,36
2026-08-02T04:10:16.161Z,deep_scan,20260802011913_1A-4-7-8-17-28C,30,1A,1,10,M21/1,AA5407,0,6
2026-08-02T04:10:16.230Z,deep_scan,20260802011913_1A-4-7-8-17-28C,30,1A,0,4,M27,AA6701,1,8
2026-08-02T04:10:16.230Z,deep_scan,20260802011913_1A-4-7-8-17-28C,30,1A,0,9,M239/1,AA7115,1,29
2026-08-02T04:10:46.155Z,deep_scan,20260802011913_1A-4-7-8-17-28C,30,1A,0,4,M27,AA6701,0,17
2026-08-02T04:10:46.155Z,deep_scan,20260802011913_1A-4-7-8-17-28C,30,1A,0,9,M239/1,AA7115,0,3
2026-08-02T04:10:46.181Z,deep_scan,20260802011913_1A-4-7-8-17-28C,30,1A,1,3,M118,AA7468,0,40
2026-08-02T04:10:46.181Z,deep_scan,20260802011913_1A-4-7-8-17-28C,30,1A,1,7,M28/1,AA5646,1,22
2026-08-02T04:10:46.181Z,deep_scan,20260802011913_1A-4-7-8-17-28C,30,1A,1,10,M21/1,AA5407,0,36
2026-08-02T04:11:16.187Z,deep_scan,20260802011913_1A-4-7-8-17-28C,30,1A,0,0,M120/2,AA7673,1,29
2026-08-02T04:11:16.187Z,deep_scan,20260802011913_1A-4-7-8-17-28C,30,1A,0,4,M27,AA6701,0,12
2026-08-02T04:11:16.187Z,deep_scan,20260802011913_1A-4-7-8-17-28C,30,1A,0,9,M239/1,AA7115,0,1
2026-08-02T04:11:16.224Z,deep_scan,20260802011913_1A-4-7-8-17-28C,30,1A,1,3,M118,AA7468,0,47
2026-08-02T04:11:16.224Z,deep_scan,20260802011913_1A-4-7-8-17-28C,30,1A,1,7,M28/1,AA5646,0,13
2026-08-02T04:11:16.224Z,deep_scan,20260802011913_1A-4-7-8-17-28C,30,1A,1,11,M120/2,AA5407,1,0
2026-08-02T04:11:46.192Z,deep_scan,20260802011913_1A-4-7-8-17-28C,30,1A,0,0,M120/2,AA7673,0,29
2026-08-02T04:11:46.192Z,deep_scan,20260802011913_1A-4-7-8-17-28C,30,1A,0,4,M27,AA6701,0,12
2026-08-02T04:11:46.192Z,deep_scan,20260802011913_1A-4-7-8-17-28C,30,1A,0,9,M239/1,AA7115,0,1
2026-08-02T04:11:46.220Z,deep_scan,20260802011913_1A-4-7-8-17-28C,30,1A,1,3,M118,AA7468,0,46
2026-08-02T04:11:46.220Z,deep_scan,20260802011913_1A-4-7-8-17-28C,30,1A,1,7,M28/1,AA5646,0,21
2026-08-02T04:11:46.220Z,deep_scan,20260802011913_1A-4-7-8-17-28C,30,1A,1,11,M120/2,AA5407,1,0
2026-08-02T04:12:16.208Z,deep_scan,20260802011913_1A-4-7-8-17-28C,30,1A,1,4,M53,AA7468,1,48
2026-08-02T04:12:16.208Z,deep_scan,20260802011913_1A-4-7-8-17-28C,30,1A,1,7,M28/1,AA5646,0,2
2026-08-02T04:12:16.208Z,deep_scan,20260802011913_1A-4-7-8-17-28C,30,1A,1,11,M120/2,AA5407,1,0
2026-08-02T04:12:16.214Z,deep_scan,20260802011913_1A-4-7-8-17-28C,30,1A,0,0,M120/2,AA7673,0,19
2026-08-02T04:12:16.214Z,deep_scan,20260802011913_1A-4-7-8-17-28C,30,1A,0,5,M29,AA6701,0,24
2026-08-02T04:12:16.214Z,deep_scan,20260802011913_1A-4-7-8-17-28C,30,1A,0,9,M239/1,AA7115,0,14
2026-08-02T04:12:46.165Z,deep_scan,20260802011913_1A-4-7-8-17-28C,30,1A,1,0,M252,AA5946,1,6
2026-08-02T04:12:46.165Z,deep_scan,20260802011913_1A-4-7-8-17-28C,30,1A,1,4,M53,AA7468,0,5
2026-08-02T04:12:46.165Z,deep_scan,20260802011913_1A-4-7-8-17-28C,30,1A,1,7,M28/1,AA5646,0,14
2026-08-02T04:12:46.165Z,deep_scan,20260802011913_1A-4-7-8-17-28C,30,1A,1,11,M120/2,AA5407,1,0
2026-08-02T04:12:46.195Z,deep_scan,20260802011913_1A-4-7-8-17-28C,30,1A,0,0,M120/2,AA7673,0,19
2026-08-02T04:12:46.195Z,deep_scan,20260802011913_1A-4-7-8-17-28C,30,1A,0,5,M29,AA6701,0,1
2026-08-02T04:12:46.195Z,deep_scan,20260802011913_1A-4-7-8-17-28C,30,1A,0,10,M254,AA7115,1,48
2026-08-02T04:13:16.180Z,deep_scan,20260802011913_1A-4-7-8-17-28C,30,1A,0,1,M108/1,AA7673,1,19
2026-08-02T04:13:16.180Z,deep_scan,20260802011913_1A-4-7-8-17-28C,30,1A,0,5,M29,AA6701,0,1
2026-08-02T04:13:16.180Z,deep_scan,20260802011913_1A-4-7-8-17-28C,30,1A,0,10,M254,AA7115,1,13
2026-08-02T04:13:16.190Z,deep_scan,20260802011913_1A-4-7-8-17-28C,30,1A,1,0,M252,AA5946,1,6
2026-08-02T04:13:16.190Z,deep_scan,20260802011913_1A-4-7-8-17-28C,30,1A,1,4,M53,AA7468,0,35
2026-08-02T04:13:16.190Z,deep_scan,20260802011913_1A-4-7-8-17-28C,30,1A,1,7,M28/1,AA5646,0,13
2026-08-02T04:13:16.190Z,deep_scan,20260802011913_1A-4-7-8-17-28C,30,1A,1,11,M120/2,AA5407,1,0
2026-08-02T04:13:46.232Z,deep_scan,20260802011913_1A-4-7-8-17-28C,30,1A,1,0,M252,AA5946,1,6
2026-08-02T04:13:46.232Z,deep_scan,20260802011913_1A-4-7-8-17-28C,30,1A,1,5,M49,AA7468,1,31
2026-08-02T04:13:46.232Z,deep_scan,20260802011913_1A-4-7-8-17-28C,30,1A,1,7,M28/1,AA5646,0,13
2026-08-02T04:13:46.232Z,deep_scan,20260802011913_1A-4-7-8-17-28C,30,1A,1,11,M120/2,AA5407,1,0
2026-08-02T04:13:46.238Z,deep_scan,20260802011913_1A-4-7-8-17-28C,30,1A,0,1,M108/1,AA7673,1,19
2026-08-02T04:13:46.238Z,deep_scan,20260802011913_1A-4-7-8-17-28C,30,1A,0,5,M29,AA6701,0,16
2026-08-02T04:13:46.238Z,deep_scan,20260802011913_1A-4-7-8-17-28C,30,1A,0,10,M254,AA7115,0,24
2026-08-02T04:14:16.175Z,deep_scan,20260802011913_1A-4-7-8-17-28C,30,1A,0,1,M108/1,AA7673,0,18
2026-08-02T04:14:16.175Z,deep_scan,20260802011913_1A-4-7-8-17-28C,30,1A,0,6,M36,AA6701,1,14
2026-08-02T04:14:16.175Z,deep_scan,20260802011913_1A-4-7-8-17-28C,30,1A,0,10,M254,AA7115,0,33
2026-08-02T04:14:16.194Z,deep_scan,20260802011913_1A-4-7-8-17-28C,30,1A,1,0,M252,AA5946,1,18
2026-08-02T04:14:16.194Z,deep_scan,20260802011913_1A-4-7-8-17-28C,30,1A,1,5,M49,AA7468,1,33
2026-08-02T04:14:16.194Z,deep_scan,20260802011913_1A-4-7-8-17-28C,30,1A,1,8,M11,AA5646,1,15
2026-08-02T04:14:16.194Z,deep_scan,20260802011913_1A-4-7-8-17-28C,30,1A,1,11,M120/2,AA5407,1,0
2026-08-02T04:14:46.220Z,deep_scan,20260802011913_1A-4-7-8-17-28C,30,1A,1,0,M252,AA5946,0,44
2026-08-02T04:14:46.220Z,deep_scan,20260802011913_1A-4-7-8-17-28C,30,1A,1,5,M49,AA7468,1,33
2026-08-02T04:14:46.220Z,deep_scan,20260802011913_1A-4-7-8-17-28C,30,1A,1,9,M12,AA5646,1,24
2026-08-02T04:14:46.220Z,deep_scan,20260802011913_1A-4-7-8-17-28C,30,1A,1,11,M120/2,AA5407,1,0
2026-08-02T04:14:46.243Z,deep_scan,20260802011913_1A-4-7-8-17-28C,30,1A,0,1,M108/1,AA7673,0,33
2026-08-02T04:14:46.243Z,deep_scan,20260802011913_1A-4-7-8-17-28C,30,1A,0,6,M36,AA6701,0,14
2026-08-02T04:14:46.243Z,deep_scan,20260802011913_1A-4-7-8-17-28C,30,1A,0,11,M241,AA7115,1,7
2026-08-02T04:15:16.211Z,deep_scan,20260802011913_1A-4-7-8-17-28C,30,1A,0,1,M108/1,AA7673,0,17
2026-08-02T04:15:16.211Z,deep_scan,20260802011913_1A-4-7-8-17-28C,30,1A,0,6,M36,AA6701,0,2
2026-08-02T04:15:16.211Z,deep_scan,20260802011913_1A-4-7-8-17-28C,30,1A,0,11,M241,AA7115,0,14
2026-08-02T04:15:16.243Z,deep_scan,20260802011913_1A-4-7-8-17-28C,30,1A,1,0,M252,AA5946,0,34
2026-08-02T04:15:16.243Z,deep_scan,20260802011913_1A-4-7-8-17-28C,30,1A,1,5,M49,AA7468,0,6
2026-08-02T04:15:16.243Z,deep_scan,20260802011913_1A-4-7-8-17-28C,30,1A,1,9,M12,AA5646,1,25
2026-08-02T04:15:16.243Z,deep_scan,20260802011913_1A-4-7-8-17-28C,30,1A,1,11,M120/2,AA5407,1,0
2026-08-02T04:15:46.274Z,deep_scan,20260802011913_1A-4-7-8-17-28C,30,1A,1,0,M252,AA5946,0,34
2026-08-02T04:15:46.274Z,deep_scan,20260802011913_1A-4-7-8-17-28C,30,1A,1,6,M35/1,AA7468,1,41
2026-08-02T04:15:46.274Z,deep_scan,20260802011913_1A-4-7-8-17-28C,30,1A,1,10,M21/1,AA5646,1,3
2026-08-02T04:15:46.297Z,deep_scan,20260802011913_1A-4-7-8-17-28C,30,1A,0,1,M108/1,AA7673,0,14
2026-08-02T04:15:46.297Z,deep_scan,20260802011913_1A-4-7-8-17-28C,30,1A,0,7,M48,AA6701,1,15
2026-08-02T04:15:46.297Z,deep_scan,20260802011913_1A-4-7-8-17-28C,30,1A,0,12,M71,AA7115,0,2
2026-08-02T04:16:16.236Z,deep_scan,20260802011913_1A-4-7-8-17-28C,30,1A,0,1,M108/1,AA7673,0,9
2026-08-02T04:16:16.236Z,deep_scan,20260802011913_1A-4-7-8-17-28C,30,1A,0,7,M48,AA6701,1,21
2026-08-02T04:16:16.236Z,deep_scan,20260802011913_1A-4-7-8-17-28C,30,1A,0,13,M156,AA7115,1,5
2026-08-02T04:16:16.274Z,deep_scan,20260802011913_1A-4-7-8-17-28C,30,1A,1,1,M161,AA5946,1,34
2026-08-02T04:16:16.274Z,deep_scan,20260802011913_1A-4-7-8-17-28C,30,1A,1,6,M35/1,AA7468,1,41
2026-08-02T04:16:16.274Z,deep_scan,20260802011913_1A-4-7-8-17-28C,30,1A,1,10,M21/1,AA5646,1,3
2026-08-02T04:16:46.308Z,deep_scan,20260802011913_1A-4-7-8-17-28C,30,1A,0,1,M108/1,AA7673,0,26
2026-08-02T04:16:46.308Z,deep_scan,20260802011913_1A-4-7-8-17-28C,30,1A,0,7,M48,AA6701,0,29
2026-08-02T04:16:46.308Z,deep_scan,20260802011913_1A-4-7-8-17-28C,30,1A,0,13,M156,AA7115,1,8
2026-08-02T04:16:46.317Z,deep_scan,20260802011913_1A-4-7-8-17-28C,30,1A,1,1,M161,AA5946,1,3
2026-08-02T04:16:46.317Z,deep_scan,20260802011913_1A-4-7-8-17-28C,30,1A,1,6,M35/1,AA7468,0,2
2026-08-02T04:16:46.317Z,deep_scan,20260802011913_1A-4-7-8-17-28C,30,1A,1,10,M21/1,AA5646,1,3
2026-08-02T04:17:16.250Z,deep_scan,20260802011913_1A-4-7-8-17-28C,30,1A,1,1,M161,AA5946,0,3
2026-08-02T04:17:16.250Z,deep_scan,20260802011913_1A-4-7-8-17-28C,30,1A,1,6,M35/1,AA7468,0,2
2026-08-02T04:17:16.250Z,deep_scan,20260802011913_1A-4-7-8-17-28C,30,1A,1,10,M21/1,AA5646,1,27
2026-08-02T04:17:16.278Z,deep_scan,20260802011913_1A-4-7-8-17-28C,30,1A,0,2,M26/1,AA7673,1,25
2026-08-02T04:17:16.278Z,deep_scan,20260802011913_1A-4-7-8-17-28C,30,1A,0,7,M48,AA6701,0,46
2026-08-02T04:17:16.278Z,deep_scan,20260802011913_1A-4-7-8-17-28C,30,1A,0,13,M156,AA7115,1,3
2026-08-02T04:17:46.284Z,deep_scan,20260802011913_1A-4-7-8-17-28C,30,1A,1,1,M161,AA5946,0,10
2026-08-02T04:17:46.284Z,deep_scan,20260802011913_1A-4-7-8-17-28C,30,1A,1,6,M35/1,AA7468,0,2
2026-08-02T04:17:46.284Z,deep_scan,20260802011913_1A-4-7-8-17-28C,30,1A,1,10,M21/1,AA5646,1,1
2026-08-02T04:17:46.322Z,deep_scan,20260802011913_1A-4-7-8-17-28C,30,1A,0,2,M26/1,AA7673,1,22
2026-08-02T04:17:46.322Z,deep_scan,20260802011913_1A-4-7-8-17-28C,30,1A,0,8,M52,AA6701,1,2
2026-08-02T04:17:46.322Z,deep_scan,20260802011913_1A-4-7-8-17-28C,30,1A,0,13,M156,AA7115,0,16
2026-08-02T04:18:16.247Z,deep_scan,20260802011913_1A-4-7-8-17-28C,30,1A,0,2,M26/1,AA7673,1,7
2026-08-02T04:18:16.247Z,deep_scan,20260802011913_1A-4-7-8-17-28C,30,1A,0,8,M52,AA6701,0,21
2026-08-02T04:18:16.247Z,deep_scan,20260802011913_1A-4-7-8-17-28C,30,1A,0,13,M156,AA7115,0,2
2026-08-02T04:18:16.267Z,deep_scan,20260802011913_1A-4-7-8-17-28C,30,1A,1,2,M70,AA5946,1,5
2026-08-02T04:18:16.267Z,deep_scan,20260802011913_1A-4-7-8-17-28C,30,1A,1,6,M35/1,AA7468,0,21
2026-08-02T04:18:16.267Z,deep_scan,20260802011913_1A-4-7-8-17-28C,30,1A,1,10,M21/1,AA5646,0,22
2026-08-02T04:18:46.219Z,deep_scan,20260802011913_1A-4-7-8-17-28C,30,1A,1,2,M70,AA5946,1,25
2026-08-02T04:18:46.219Z,deep_scan,20260802011913_1A-4-7-8-17-28C,30,1A,1,6,M35/1,AA7468,0,21
2026-08-02T04:18:46.219Z,deep_scan,20260802011913_1A-4-7-8-17-28C,30,1A,1,10,M21/1,AA5646,0,22
2026-08-02T04:18:46.305Z,deep_scan,20260802011913_1A-4-7-8-17-28C,30,1A,0,2,M26/1,AA7673,0,26
2026-08-02T04:18:46.305Z,deep_scan,20260802011913_1A-4-7-8-17-28C,30,1A,0,8,M52,AA6701,0,36
2026-08-02T04:18:46.305Z,deep_scan,20260802011913_1A-4-7-8-17-28C,30,1A,0,14,M253,AA7115,1,3
2026-08-02T04:19:16.289Z,deep_scan,20260802011913_1A-4-7-8-17-28C,30,1A,0,2,M26/1,AA7673,0,7
2026-08-02T04:19:16.289Z,deep_scan,20260802011913_1A-4-7-8-17-28C,30,1A,0,8,M52,AA6701,0,47
2026-08-02T04:19:16.289Z,deep_scan,20260802011913_1A-4-7-8-17-28C,30,1A,0,14,M253,AA7115,0,13
2026-08-02T04:19:16.320Z,deep_scan,20260802011913_1A-4-7-8-17-28C,30,1A,1,2,M70,AA5946,1,15
2026-08-02T04:19:16.320Z,deep_scan,20260802011913_1A-4-7-8-17-28C,30,1A,1,7,M28/1,AA7468,1,33
2026-08-02T04:19:16.320Z,deep_scan,20260802011913_1A-4-7-8-17-28C,30,1A,1,10,M21/1,AA5646,0,39
2026-08-02T04:19:46.284Z,deep_scan,20260802011913_1A-4-7-8-17-28C,30,1A,1,2,M70,AA5946,0,22
2026-08-02T04:19:46.284Z,deep_scan,20260802011913_1A-4-7-8-17-28C,30,1A,1,7,M28/1,AA7468,1,44
2026-08-02T04:19:46.284Z,deep_scan,20260802011913_1A-4-7-8-17-28C,30,1A,1,10,M21/1,AA5646,0,22
2026-08-02T04:19:46.335Z,deep_scan,20260802011913_1A-4-7-8-17-28C,30,1A,0,2,M26/1,AA7673,0,15
2026-08-02T04:19:46.335Z,deep_scan,20260802011913_1A-4-7-8-17-28C,30,1A,0,8,M52,AA6701,0,34
2026-08-02T04:19:46.335Z,deep_scan,20260802011913_1A-4-7-8-17-28C,30,1A,0,15,M250,AA7115,1,10
2026-08-02T04:20:16.316Z,deep_scan,20260802011913_1A-4-7-8-17-28C,30,1A,0,3,M10,AA7673,1,39
2026-08-02T04:20:16.316Z,deep_scan,20260802011913_1A-4-7-8-17-28C,30,1A,0,8,M52,AA6701,0,37
2026-08-02T04:20:16.316Z,deep_scan,20260802011913_1A-4-7-8-17-28C,30,1A,0,15,M250,AA7115,1,13
2026-08-02T04:20:16.328Z,deep_scan,20260802011913_1A-4-7-8-17-28C,30,1A,1,3,M118,AA5946,1,2
2026-08-02T04:20:16.328Z,deep_scan,20260802011913_1A-4-7-8-17-28C,30,1A,1,7,M28/1,AA7468,1,19
2026-08-02T04:20:16.328Z,deep_scan,20260802011913_1A-4-7-8-17-28C,30,1A,1,10,M21/1,AA5646,0,13
2026-08-02T04:20:46.342Z,deep_scan,20260802011913_1A-4-7-8-17-28C,30,1A,1,3,M118,AA5946,1,2
2026-08-02T04:20:46.342Z,deep_scan,20260802011913_1A-4-7-8-17-28C,30,1A,1,7,M28/1,AA7468,0,12
2026-08-02T04:20:46.342Z,deep_scan,20260802011913_1A-4-7-8-17-28C,30,1A,1,10,M21/1,AA5646,0,28
2026-08-02T04:20:46.401Z,deep_scan,20260802011913_1A-4-7-8-17-28C,30,1A,0,3,M10,AA7673,1,5
2026-08-02T04:20:46.401Z,deep_scan,20260802011913_1A-4-7-8-17-28C,30,1A,0,9,M239/1,AA6701,1,32
2026-08-02T04:20:46.401Z,deep_scan,20260802011913_1A-4-7-8-17-28C,30,1A,0,15,M250,AA7115,0,5
2026-08-02T04:21:16.325Z,deep_scan,20260802011913_1A-4-7-8-17-28C,30,1A,1,3,M118,AA5946,0,19
2026-08-02T04:21:16.325Z,deep_scan,20260802011913_1A-4-7-8-17-28C,30,1A,1,7,M28/1,AA7468,0,19
2026-08-02T04:21:16.325Z,deep_scan,20260802011913_1A-4-7-8-17-28C,30,1A,1,10,M21/1,AA5646,0,28
2026-08-02T04:21:16.399Z,deep_scan,20260802011913_1A-4-7-8-17-28C,30,1A,0,3,M10,AA7673,1,12
2026-08-02T04:21:16.399Z,deep_scan,20260802011913_1A-4-7-8-17-28C,30,1A,0,9,M239/1,AA6701,0,6
2026-08-02T04:21:16.399Z,deep_scan,20260802011913_1A-4-7-8-17-28C,30,1A,0,16,M252,AA7115,1,0
2026-08-02T04:21:46.306Z,deep_scan,20260802011913_1A-4-7-8-17-28C,30,1A,1,0,M252,AA7115,1,8
2026-08-02T04:21:46.306Z,deep_scan,20260802011913_1A-4-7-8-17-28C,30,1A,1,3,M118,AA5946,0,44
2026-08-02T04:21:46.306Z,deep_scan,20260802011913_1A-4-7-8-17-28C,30,1A,1,8,M11,AA7468,0,6
2026-08-02T04:21:46.306Z,deep_scan,20260802011913_1A-4-7-8-17-28C,30,1A,1,11,M120/2,AA5646,1,0
2026-08-02T04:21:46.375Z,deep_scan,20260802011913_1A-4-7-8-17-28C,30,1A,0,3,M10,AA7673,0,13
2026-08-02T04:21:46.375Z,deep_scan,20260802011913_1A-4-7-8-17-28C,30,1A,0,10,M254,AA6701,1,38
2026-08-02T04:22:16.357Z,deep_scan,20260802011913_1A-4-7-8-17-28C,30,1A,1,0,M252,AA7115,1,8
2026-08-02T04:22:16.357Z,deep_scan,20260802011913_1A-4-7-8-17-28C,30,1A,1,3,M118,AA5946,0,38
2026-08-02T04:22:16.357Z,deep_scan,20260802011913_1A-4-7-8-17-28C,30,1A,1,9,M12,AA7468,1,15
2026-08-02T04:22:16.357Z,deep_scan,20260802011913_1A-4-7-8-17-28C,30,1A,1,11,M120/2,AA5646,1,0
2026-08-02T04:22:16.362Z,deep_scan,20260802011913_1A-4-7-8-17-28C,30,1A,0,3,M10,AA7673,0,24
2026-08-02T04:22:16.362Z,deep_scan,20260802011913_1A-4-7-8-17-28C,30,1A,0,10,M254,AA6701,1,4
2026-08-02T04:22:46.336Z,deep_scan,20260802011913_1A-4-7-8-17-28C,30,1A,1,0,M252,AA7115,1,8
2026-08-02T04:22:46.336Z,deep_scan,20260802011913_1A-4-7-8-17-28C,30,1A,1,3,M118,AA5946,0,24
2026-08-02T04:22:46.336Z,deep_scan,20260802011913_1A-4-7-8-17-28C,30,1A,1,9,M12,AA7468,1,2
2026-08-02T04:22:46.336Z,deep_scan,20260802011913_1A-4-7-8-17-28C,30,1A,1,11,M120/2,AA5646,1,0
2026-08-02T04:22:46.382Z,deep_scan,20260802011913_1A-4-7-8-17-28C,30,1A,0,4,M27,AA7673,1,19
2026-08-02T04:22:46.382Z,deep_scan,20260802011913_1A-4-7-8-17-28C,30,1A,0,10,M254,AA6701,0,24
2026-08-02T04:23:16.368Z,deep_scan,20260802011913_1A-4-7-8-17-28C,30,1A,1,0,M252,AA7115,1,8
2026-08-02T04:23:16.368Z,deep_scan,20260802011913_1A-4-7-8-17-28C,30,1A,1,3,M118,AA5946,0,42
2026-08-02T04:23:16.368Z,deep_scan,20260802011913_1A-4-7-8-17-28C,30,1A,1,9,M12,AA7468,0,1
2026-08-02T04:23:16.368Z,deep_scan,20260802011913_1A-4-7-8-17-28C,30,1A,1,11,M120/2,AA5646,1,0
2026-08-02T04:23:16.375Z,deep_scan,20260802011913_1A-4-7-8-17-28C,30,1A,0,4,M27,AA7673,1,2
2026-08-02T04:23:16.375Z,deep_scan,20260802011913_1A-4-7-8-17-28C,30,1A,0,11,M241,AA6701,1,31
2026-08-02T04:23:46.358Z,deep_scan,20260802011913_1A-4-7-8-17-28C,30,1A,0,0,M120/2,AA5407,1,36
2026-08-02T04:23:46.358Z,deep_scan,20260802011913_1A-4-7-8-17-28C,30,1A,0,4,M27,AA7673,1,9
2026-08-02T04:23:46.358Z,deep_scan,20260802011913_1A-4-7-8-17-28C,30,1A,0,11,M241,AA6701,1,26
2026-08-02T04:23:46.385Z,deep_scan,20260802011913_1A-4-7-8-17-28C,30,1A,1,0,M252,AA7115,1,8
2026-08-02T04:23:46.385Z,deep_scan,20260802011913_1A-4-7-8-17-28C,30,1A,1,3,M118,AA5946,0,47
2026-08-02T04:23:46.385Z,deep_scan,20260802011913_1A-4-7-8-17-28C,30,1A,1,10,M21/1,AA7468,1,22
2026-08-02T04:23:46.385Z,deep_scan,20260802011913_1A-4-7-8-17-28C,30,1A,1,11,M120/2,AA5646,1,0
2026-08-02T04:24:16.362Z,deep_scan,20260802011913_1A-4-7-8-17-28C,30,1A,0,0,M120/2,AA5407,0,36
2026-08-02T04:24:16.362Z,deep_scan,20260802011913_1A-4-7-8-17-28C,30,1A,0,4,M27,AA7673,0,9
2026-08-02T04:24:16.362Z,deep_scan,20260802011913_1A-4-7-8-17-28C,30,1A,0,11,M241,AA6701,0,10
2026-08-02T04:24:16.385Z,deep_scan,20260802011913_1A-4-7-8-17-28C,30,1A,1,0,M252,AA7115,1,8
2026-08-02T04:24:16.385Z,deep_scan,20260802011913_1A-4-7-8-17-28C,30,1A,1,4,M53,AA5946,0,2
2026-08-02T04:24:16.385Z,deep_scan,20260802011913_1A-4-7-8-17-28C,30,1A,1,10,M21/1,AA7468,0,43
2026-08-02T04:24:16.385Z,deep_scan,20260802011913_1A-4-7-8-17-28C,30,1A,1,11,M120/2,AA5646,1,0
2026-08-02T04:24:46.372Z,deep_scan,20260802011913_1A-4-7-8-17-28C,30,1A,0,0,M120/2,AA5407,0,36
2026-08-02T04:24:46.372Z,deep_scan,20260802011913_1A-4-7-8-17-28C,30,1A,0,4,M27,AA7673,0,9
2026-08-02T04:24:46.372Z,deep_scan,20260802011913_1A-4-7-8-17-28C,30,1A,0,12,M71,AA6701,1,4
2026-08-02T04:24:46.419Z,deep_scan,20260802011913_1A-4-7-8-17-28C,30,1A,1,0,M252,AA7115,1,8
2026-08-02T04:24:46.419Z,deep_scan,20260802011913_1A-4-7-8-17-28C,30,1A,1,4,M53,AA5946,0,45
2026-08-02T04:24:46.419Z,deep_scan,20260802011913_1A-4-7-8-17-28C,30,1A,1,10,M21/1,AA7468,0,13
2026-08-02T04:24:46.419Z,deep_scan,20260802011913_1A-4-7-8-17-28C,30,1A,1,11,M120/2,AA5646,1,0
2026-08-02T04:25:16.408Z,deep_scan,20260802011913_1A-4-7-8-17-28C,30,1A,1,0,M252,AA7115,1,8
2026-08-02T04:25:16.408Z,deep_scan,20260802011913_1A-4-7-8-17-28C,30,1A,1,5,M49,AA5946,1,25
2026-08-02T04:25:16.408Z,deep_scan,20260802011913_1A-4-7-8-17-28C,30,1A,1,10,M21/1,AA7468,0,30
2026-08-02T04:25:16.408Z,deep_scan,20260802011913_1A-4-7-8-17-28C,30,1A,1,11,M120/2,AA5646,1,0
2026-08-02T04:25:16.418Z,deep_scan,20260802011913_1A-4-7-8-17-28C,30,1A,0,1,M108/1,AA5407,1,30
2026-08-02T04:25:16.418Z,deep_scan,20260802011913_1A-4-7-8-17-28C,30,1A,0,4,M27,AA7673,0,9
2026-08-02T04:25:16.418Z,deep_scan,20260802011913_1A-4-7-8-17-28C,30,1A,0,12,M71,AA6701,0,6
2026-08-02T04:25:46.424Z,deep_scan,20260802011913_1A-4-7-8-17-28C,30,1A,0,1,M108/1,AA5407,1,6
2026-08-02T04:25:46.424Z,deep_scan,20260802011913_1A-4-7-8-17-28C,30,1A,0,4,M27,AA7673,0,9
2026-08-02T04:25:46.424Z,deep_scan,20260802011913_1A-4-7-8-17-28C,30,1A,0,13,M156,AA6701,1,19
2026-08-02T04:25:46.428Z,deep_scan,20260802011913_1A-4-7-8-17-28C,30,1A,1,0,M252,AA7115,1,8
2026-08-02T04:25:46.428Z,deep_scan,20260802011913_1A-4-7-8-17-28C,30,1A,1,5,M49,AA5946,0,21
2026-08-02T04:25:46.428Z,deep_scan,20260802011913_1A-4-7-8-17-28C,30,1A,1,10,M21/1,AA7468,0,30
2026-08-02T04:26:16.397Z,deep_scan,20260802011913_1A-4-7-8-17-28C,30,1A,1,0,M252,AA7115,1,8
2026-08-02T04:26:16.397Z,deep_scan,20260802011913_1A-4-7-8-17-28C,30,1A,1,5,M49,AA5946,0,17
2026-08-02T04:26:16.397Z,deep_scan,20260802011913_1A-4-7-8-17-28C,30,1A,1,10,M21/1,AA7468,0,30
2026-08-02T04:26:16.405Z,deep_scan,20260802011913_1A-4-7-8-17-28C,30,1A,0,1,M108/1,AA5407,0,16
2026-08-02T04:26:16.405Z,deep_scan,20260802011913_1A-4-7-8-17-28C,30,1A,0,5,M29,AA7673,1,9
2026-08-02T04:26:16.405Z,deep_scan,20260802011913_1A-4-7-8-17-28C,30,1A,0,13,M156,AA6701,1,4
2026-08-02T04:26:46.413Z,deep_scan,20260802011913_1A-4-7-8-17-28C,30,1A,1,0,M252,AA7115,1,6
2026-08-02T04:26:46.413Z,deep_scan,20260802011913_1A-4-7-8-17-28C,30,1A,1,6,M35/1,AA5946,1,7
2026-08-02T04:26:46.413Z,deep_scan,20260802011913_1A-4-7-8-17-28C,30,1A,1,10,M21/1,AA7468,0,12
2026-08-02T04:26:46.476Z,deep_scan,20260802011913_1A-4-7-8-17-28C,30,1A,0,1,M108/1,AA5407,0,37
2026-08-02T04:26:46.476Z,deep_scan,20260802011913_1A-4-7-8-17-28C,30,1A,0,5,M29,AA7673,1,9
2026-08-02T04:26:46.476Z,deep_scan,20260802011913_1A-4-7-8-17-28C,30,1A,0,13,M156,AA6701,1,4
2026-08-02T04:27:16.395Z,deep_scan,20260802011913_1A-4-7-8-17-28C,30,1A,0,1,M108/1,AA5407,0,8
2026-08-02T04:27:16.395Z,deep_scan,20260802011913_1A-4-7-8-17-28C,30,1A,0,5,M29,AA7673,1,9
2026-08-02T04:27:16.395Z,deep_scan,20260802011913_1A-4-7-8-17-28C,30,1A,0,13,M156,AA6701,1,19
2026-08-02T04:27:16.402Z,deep_scan,20260802011913_1A-4-7-8-17-28C,30,1A,1,0,M252,AA7115,0,42
2026-08-02T04:27:16.402Z,deep_scan,20260802011913_1A-4-7-8-17-28C,30,1A,1,6,M35/1,AA5946,0,11
2026-08-02T04:27:16.402Z,deep_scan,20260802011913_1A-4-7-8-17-28C,30,1A,1,10,M21/1,AA7468,0,10
2026-08-02T04:27:46.315Z,deep_scan,20260802011913_1A-4-7-8-17-28C,30,1A,1,0,M252,AA7115,0,27
2026-08-02T04:27:46.315Z,deep_scan,20260802011913_1A-4-7-8-17-28C,30,1A,1,6,M35/1,AA5946,0,16
2026-08-02T04:27:46.315Z,deep_scan,20260802011913_1A-4-7-8-17-28C,30,1A,1,10,M21/1,AA7468,0,24
2026-08-02T04:27:46.410Z,deep_scan,20260802011913_1A-4-7-8-17-28C,30,1A,0,1,M108/1,AA5407,0,23
2026-08-02T04:27:46.410Z,deep_scan,20260802011913_1A-4-7-8-17-28C,30,1A,0,5,M29,AA7673,0,19
2026-08-02T04:27:46.410Z,deep_scan,20260802011913_1A-4-7-8-17-28C,30,1A,0,14,M253,AA6701,1,32
2026-08-02T04:28:16.442Z,deep_scan,20260802011913_1A-4-7-8-17-28C,30,1A,1,1,M161,AA7115,1,9
2026-08-02T04:28:16.442Z,deep_scan,20260802011913_1A-4-7-8-17-28C,30,1A,1,6,M35/1,AA5946,0,25
2026-08-02T04:28:16.442Z,deep_scan,20260802011913_1A-4-7-8-17-28C,30,1A,1,10,M21/1,AA7468,0,4
2026-08-02T04:28:16.455Z,deep_scan,20260802011913_1A-4-7-8-17-28C,30,1A,0,1,M108/1,AA5407,0,20
2026-08-02T04:28:16.455Z,deep_scan,20260802011913_1A-4-7-8-17-28C,30,1A,0,6,M36,AA7673,1,34
2026-08-02T04:28:16.455Z,deep_scan,20260802011913_1A-4-7-8-17-28C,30,1A,0,14,M253,AA6701,1,8
2026-08-02T04:28:46.392Z,deep_scan,20260802011913_1A-4-7-8-17-28C,30,1A,1,1,M161,AA7115,0,4
2026-08-02T04:28:46.392Z,deep_scan,20260802011913_1A-4-7-8-17-28C,30,1A,1,6,M35/1,AA5946,0,15
2026-08-02T04:28:46.392Z,deep_scan,20260802011913_1A-4-7-8-17-28C,30,1A,1,10,M21/1,AA7468,0,35
2026-08-02T04:28:46.420Z,deep_scan,20260802011913_1A-4-7-8-17-28C,30,1A,0,1,M108/1,AA5407,0,22
2026-08-02T04:28:46.420Z,deep_scan,20260802011913_1A-4-7-8-17-28C,30,1A,0,6,M36,AA7673,0,34
2026-08-02T04:28:46.420Z,deep_scan,20260802011913_1A-4-7-8-17-28C,30,1A,0,14,M253,AA6701,0,30
2026-08-02T04:29:16.401Z,deep_scan,20260802011913_1A-4-7-8-17-28C,30,1A,0,2,M26/1,AA5407,1,5
2026-08-02T04:29:16.401Z,deep_scan,20260802011913_1A-4-7-8-17-28C,30,1A,0,6,M36,AA7673,0,20
2026-08-02T04:29:16.401Z,deep_scan,20260802011913_1A-4-7-8-17-28C,30,1A,0,15,M250,AA6701,1,2
2026-08-02T04:29:16.451Z,deep_scan,20260802011913_1A-4-7-8-17-28C,30,1A,1,1,M161,AA7115,0,4
2026-08-02T04:29:16.451Z,deep_scan,20260802011913_1A-4-7-8-17-28C,30,1A,1,7,M28/1,AA5946,0,31
2026-08-02T04:29:16.451Z,deep_scan,20260802011913_1A-4-7-8-17-28C,30,1A,1,11,M120/2,AA7468,1,0
2026-08-02T04:29:46.437Z,deep_scan,20260802011913_1A-4-7-8-17-28C,30,1A,1,1,M161,AA7115,0,19
2026-08-02T04:29:46.437Z,deep_scan,20260802011913_1A-4-7-8-17-28C,30,1A,1,7,M28/1,AA5946,0,18
2026-08-02T04:29:46.437Z,deep_scan,20260802011913_1A-4-7-8-17-28C,30,1A,1,11,M120/2,AA7468,1,0
2026-08-02T04:29:46.450Z,deep_scan,20260802011913_1A-4-7-8-17-28C,30,1A,0,2,M26/1,AA5407,1,17
2026-08-02T04:29:46.450Z,deep_scan,20260802011913_1A-4-7-8-17-28C,30,1A,0,6,M36,AA7673,0,20
2026-08-02T04:29:46.450Z,deep_scan,20260802011913_1A-4-7-8-17-28C,30,1A,0,15,M250,AA6701,1,2
2026-08-02T04:30:16.460Z,deep_scan,20260802011913_1A-4-7-8-17-28C,30,1A,0,2,M26/1,AA5407,1,17
2026-08-02T04:30:16.460Z,deep_scan,20260802011913_1A-4-7-8-17-28C,30,1A,0,6,M36,AA7673,0,20
2026-08-02T04:30:16.460Z,deep_scan,20260802011913_1A-4-7-8-17-28C,30,1A,0,15,M250,AA6701,1,7
2026-08-02T04:30:16.476Z,deep_scan,20260802011913_1A-4-7-8-17-28C,30,1A,1,2,M70,AA7115,1,15
2026-08-02T04:30:16.476Z,deep_scan,20260802011913_1A-4-7-8-17-28C,30,1A,1,7,M28/1,AA5946,0,10
2026-08-02T04:30:16.476Z,deep_scan,20260802011913_1A-4-7-8-17-28C,30,1A,1,11,M120/2,AA7468,1,0
2026-08-02T04:30:46.430Z,deep_scan,20260802011913_1A-4-7-8-17-28C,30,1A,1,2,M70,AA7115,1,1
2026-08-02T04:30:46.430Z,deep_scan,20260802011913_1A-4-7-8-17-28C,30,1A,1,7,M28/1,AA5946,0,13
2026-08-02T04:30:46.430Z,deep_scan,20260802011913_1A-4-7-8-17-28C,30,1A,1,11,M120/2,AA7468,1,0
2026-08-02T04:30:46.466Z,deep_scan,20260802011913_1A-4-7-8-17-28C,30,1A,0,2,M26/1,AA5407,0,5
2026-08-02T04:30:46.466Z,deep_scan,20260802011913_1A-4-7-8-17-28C,30,1A,0,7,M48,AA7673,1,2
2026-08-02T04:30:46.466Z,deep_scan,20260802011913_1A-4-7-8-17-28C,30,1A,0,15,M250,AA6701,0,21
2026-08-02T04:31:16.481Z,deep_scan,20260802011913_1A-4-7-8-17-28C,30,1A,1,2,M70,AA7115,1,17
2026-08-02T04:31:16.481Z,deep_scan,20260802011913_1A-4-7-8-17-28C,30,1A,1,7,M28/1,AA5946,0,13
2026-08-02T04:31:16.481Z,deep_scan,20260802011913_1A-4-7-8-17-28C,30,1A,1,11,M120/2,AA7468,1,0
2026-08-02T04:31:16.508Z,deep_scan,20260802011913_1A-4-7-8-17-28C,30,1A,0,2,M26/1,AA5407,0,10
2026-08-02T04:31:16.508Z,deep_scan,20260802011913_1A-4-7-8-17-28C,30,1A,0,7,M48,AA7673,0,26
2026-08-02T04:31:16.508Z,deep_scan,20260802011913_1A-4-7-8-17-28C,30,1A,0,16,M252,AA6701,1,0
2026-08-02T04:31:46.445Z,deep_scan,20260802011913_1A-4-7-8-17-28C,30,1A,1,2,M70,AA7115,1,7
2026-08-02T04:31:46.445Z,deep_scan,20260802011913_1A-4-7-8-17-28C,30,1A,1,7,M28/1,AA5946,0,18
2026-08-02T04:31:46.445Z,deep_scan,20260802011913_1A-4-7-8-17-28C,30,1A,1,11,M120/2,AA7468,1,0
2026-08-02T04:31:46.459Z,deep_scan,20260802011913_1A-4-7-8-17-28C,30,1A,0,2,M26/1,AA5407,0,16
2026-08-02T04:31:46.459Z,deep_scan,20260802011913_1A-4-7-8-17-28C,30,1A,0,7,M48,AA7673,0,25
2026-08-02T04:31:46.459Z,deep_scan,20260802011913_1A-4-7-8-17-28C,30,1A,0,16,M252,AA6701,1,0
2026-08-02T04:32:16.463Z,deep_scan,20260802011913_1A-4-7-8-17-28C,30,1A,1,2,M70,AA7115,0,14
2026-08-02T04:32:16.463Z,deep_scan,20260802011913_1A-4-7-8-17-28C,30,1A,1,8,M11,AA5946,1,28
2026-08-02T04:32:16.463Z,deep_scan,20260802011913_1A-4-7-8-17-28C,30,1A,1,11,M120/2,AA7468,1,0
2026-08-02T04:32:17.840Z,deep_scan,20260802011913_1A-4-7-8-17-28C,30,1A,0,2,M26/1,AA5407,0,16
2026-08-02T04:32:17.840Z,deep_scan,20260802011913_1A-4-7-8-17-28C,30,1A,0,8,M52,AA7673,1,12
2026-08-02T04:32:17.840Z,deep_scan,20260802011913_1A-4-7-8-17-28C,30,1A,0,16,M252,AA6701,1,0
2026-08-02T04:32:46.455Z,deep_scan,20260802011913_1A-4-7-8-17-28C,30,1A,0,0,M120/2,AA5646,1,28
2026-08-02T04:32:46.455Z,deep_scan,20260802011913_1A-4-7-8-17-28C,30,1A,0,3,M10,AA5407,1,3
2026-08-02T04:32:46.455Z,deep_scan,20260802011913_1A-4-7-8-17-28C,30,1A,0,8,M52,AA7673,0,12
2026-08-02T04:32:46.455Z,deep_scan,20260802011913_1A-4-7-8-17-28C,30,1A,0,16,M252,AA6701,1,0
2026-08-02T04:32:46.474Z,deep_scan,20260802011913_1A-4-7-8-17-28C,30,1A,1,3,M118,AA7115,1,35
2026-08-02T04:32:46.474Z,deep_scan,20260802011913_1A-4-7-8-17-28C,30,1A,1,8,M11,AA5946,0,14
2026-08-02T04:32:46.474Z,deep_scan,20260802011913_1A-4-7-8-17-28C,30,1A,1,11,M120/2,AA7468,1,0
2026-08-02T04:33:16.475Z,deep_scan,20260802011913_1A-4-7-8-17-28C,30,1A,0,0,M120/2,AA5646,0,28
2026-08-02T04:33:16.475Z,deep_scan,20260802011913_1A-4-7-8-17-28C,30,1A,0,3,M10,AA5407,1,3
2026-08-02T04:33:16.475Z,deep_scan,20260802011913_1A-4-7-8-17-28C,30,1A,0,8,M52,AA7673,0,48
2026-08-02T04:33:16.475Z,deep_scan,20260802011913_1A-4-7-8-17-28C,30,1A,0,16,M252,AA6701,1,0
2026-08-02T04:33:16.493Z,deep_scan,20260802011913_1A-4-7-8-17-28C,30,1A,1,3,M118,AA7115,1,3
2026-08-02T04:33:16.493Z,deep_scan,20260802011913_1A-4-7-8-17-28C,30,1A,1,8,M11,AA5946,0,15
2026-08-02T04:33:16.493Z,deep_scan,20260802011913_1A-4-7-8-17-28C,30,1A,1,11,M120/2,AA7468,1,0
2026-08-02T04:33:46.458Z,deep_scan,20260802011913_1A-4-7-8-17-28C,30,1A,1,3,M118,AA7115,1,3
2026-08-02T04:33:46.458Z,deep_scan,20260802011913_1A-4-7-8-17-28C,30,1A,1,9,M12,AA5946,1,11
2026-08-02T04:33:46.467Z,deep_scan,20260802011913_1A-4-7-8-17-28C,30,1A,0,0,M120/2,AA5646,0,9
2026-08-02T04:33:46.467Z,deep_scan,20260802011913_1A-4-7-8-17-28C,30,1A,0,3,M10,AA5407,0,9
2026-08-02T04:33:46.467Z,deep_scan,20260802011913_1A-4-7-8-17-28C,30,1A,0,8,M52,AA7673,0,47
2026-08-02T04:33:46.467Z,deep_scan,20260802011913_1A-4-7-8-17-28C,30,1A,0,16,M252,AA6701,1,0
2026-08-02T04:34:16.473Z,deep_scan,20260802011913_1A-4-7-8-17-28C,30,1A,0,0,M120/2,AA5646,0,9
2026-08-02T04:34:16.473Z,deep_scan,20260802011913_1A-4-7-8-17-28C,30,1A,0,3,M10,AA5407,0,23
2026-08-02T04:34:16.473Z,deep_scan,20260802011913_1A-4-7-8-17-28C,30,1A,0,8,M52,AA7673,0,17
2026-08-02T04:34:16.473Z,deep_scan,20260802011913_1A-4-7-8-17-28C,30,1A,0,16,M252,AA6701,1,0
2026-08-02T04:34:16.505Z,deep_scan,20260802011913_1A-4-7-8-17-28C,30,1A,1,3,M118,AA7115,0,19
2026-08-02T04:34:16.505Z,deep_scan,20260802011913_1A-4-7-8-17-28C,30,1A,1,9,M12,AA5946,1,12
2026-08-02T04:34:46.488Z,deep_scan,20260802011913_1A-4-7-8-17-28C,30,1A,1,3,M118,AA7115,0,25
2026-08-02T04:34:46.488Z,deep_scan,20260802011913_1A-4-7-8-17-28C,30,1A,1,9,M12,AA5946,1,2
2026-08-02T04:34:46.498Z,deep_scan,20260802011913_1A-4-7-8-17-28C,30,1A,0,0,M120/2,AA5646,0,9
2026-08-02T04:34:46.498Z,deep_scan,20260802011913_1A-4-7-8-17-28C,30,1A,0,3,M10,AA5407,0,7
2026-08-02T04:34:46.498Z,deep_scan,20260802011913_1A-4-7-8-17-28C,30,1A,0,8,M52,AA7673,0,31
2026-08-02T04:34:46.498Z,deep_scan,20260802011913_1A-4-7-8-17-28C,30,1A,0,16,M252,AA6701,1,0
2026-08-02T04:35:16.548Z,deep_scan,20260802011913_1A-4-7-8-17-28C,30,1A,0,0,M120/2,AA5646,0,26
2026-08-02T04:35:16.548Z,deep_scan,20260802011913_1A-4-7-8-17-28C,30,1A,0,4,M27,AA5407,1,14
2026-08-02T04:35:16.548Z,deep_scan,20260802011913_1A-4-7-8-17-28C,30,1A,0,9,M239/1,AA7673,1,1
2026-08-02T04:35:16.590Z,deep_scan,20260802011913_1A-4-7-8-17-28C,30,1A,1,3,M118,AA7115,0,34
2026-08-02T04:35:16.590Z,deep_scan,20260802011913_1A-4-7-8-17-28C,30,1A,1,9,M12,AA5946,0,10
2026-08-02T04:35:46.525Z,deep_scan,20260802011913_1A-4-7-8-17-28C,30,1A,0,0,M120/2,AA5646,0,15
2026-08-02T04:35:46.525Z,deep_scan,20260802011913_1A-4-7-8-17-28C,30,1A,0,4,M27,AA5407,1,2
2026-08-02T04:35:46.525Z,deep_scan,20260802011913_1A-4-7-8-17-28C,30,1A,0,9,M239/1,AA7673,1,1
2026-08-02T04:35:46.570Z,deep_scan,20260802011913_1A-4-7-8-17-28C,30,1A,1,3,M118,AA7115,0,22
2026-08-02T04:35:46.570Z,deep_scan,20260802011913_1A-4-7-8-17-28C,30,1A,1,9,M12,AA5946,0,10
2026-08-02T04:36:16.541Z,deep_scan,20260802011913_1A-4-7-8-17-28C,30,1A,0,0,M120/2,AA5646,0,24
2026-08-02T04:36:16.541Z,deep_scan,20260802011913_1A-4-7-8-17-28C,30,1A,0,4,M27,AA5407,1,7
2026-08-02T04:36:16.541Z,deep_scan,20260802011913_1A-4-7-8-17-28C,30,1A,0,9,M239/1,AA7673,0,38
2026-08-02T04:36:16.555Z,deep_scan,20260802011913_1A-4-7-8-17-28C,30,1A,1,3,M118,AA7115,0,33
2026-08-02T04:36:16.555Z,deep_scan,20260802011913_1A-4-7-8-17-28C,30,1A,1,9,M12,AA5946,0,10
2026-08-02T04:36:46.565Z,deep_scan,20260802011913_1A-4-7-8-17-28C,30,1A,0,0,M120/2,AA5646,0,11
2026-08-02T04:36:46.565Z,deep_scan,20260802011913_1A-4-7-8-17-28C,30,1A,0,4,M27,AA5407,1,7
2026-08-02T04:36:46.565Z,deep_scan,20260802011913_1A-4-7-8-17-28C,30,1A,0,10,M254,AA7673,1,1
2026-08-02T04:36:46.570Z,deep_scan,20260802011913_1A-4-7-8-17-28C,30,1A,1,3,M118,AA7115,0,24
2026-08-02T04:36:46.570Z,deep_scan,20260802011913_1A-4-7-8-17-28C,30,1A,1,10,M21/1,AA5946,1,16
2026-08-02T04:37:16.520Z,deep_scan,20260802011913_1A-4-7-8-17-28C,30,1A,1,3,M118,AA7115,0,47
2026-08-02T04:37:16.520Z,deep_scan,20260802011913_1A-4-7-8-17-28C,30,1A,1,10,M21/1,AA5946,1,12
2026-08-02T04:37:16.630Z,deep_scan,20260802011913_1A-4-7-8-17-28C,30,1A,0,0,M120/2,AA5646,0,21
2026-08-02T04:37:16.630Z,deep_scan,20260802011913_1A-4-7-8-17-28C,30,1A,0,4,M27,AA5407,0,8
2026-08-02T04:37:16.630Z,deep_scan,20260802011913_1A-4-7-8-17-28C,30,1A,0,10,M254,AA7673,0,20
2026-08-02T04:37:46.545Z,deep_scan,20260802011913_1A-4-7-8-17-28C,30,1A,1,0,M252,AA6701,1,3
2026-08-02T04:37:46.545Z,deep_scan,20260802011913_1A-4-7-8-17-28C,30,1A,1,4,M53,AA7115,1,34
2026-08-02T04:37:46.545Z,deep_scan,20260802011913_1A-4-7-8-17-28C,30,1A,1,10,M21/1,AA5946,0,18
2026-08-02T04:37:46.557Z,deep_scan,20260802011913_1A-4-7-8-17-28C,30,1A,0,0,M120/2,AA5646,0,33
2026-08-02T04:37:46.557Z,deep_scan,20260802011913_1A-4-7-8-17-28C,30,1A,0,5,M29,AA5407,1,26
2026-08-02T04:37:46.557Z,deep_scan,20260802011913_1A-4-7-8-17-28C,30,1A,0,11,M241,AA7673,1,21
2026-08-02T04:38:16.542Z,deep_scan,20260802011913_1A-4-7-8-17-28C,30,1A,1,0,M252,AA6701,0,18
2026-08-02T04:38:16.542Z,deep_scan,20260802011913_1A-4-7-8-17-28C,30,1A,1,4,M53,AA7115,1,21
2026-08-02T04:38:16.542Z,deep_scan,20260802011913_1A-4-7-8-17-28C,30,1A,1,10,M21/1,AA5946,0,18
2026-08-02T04:38:16.596Z,deep_scan,20260802011913_1A-4-7-8-17-28C,30,1A,0,0,M120/2,AA5646,0,17
2026-08-02T04:38:16.596Z,deep_scan,20260802011913_1A-4-7-8-17-28C,30,1A,0,5,M29,AA5407,1,2
2026-08-02T04:38:16.596Z,deep_scan,20260802011913_1A-4-7-8-17-28C,30,1A,0,11,M241,AA7673,0,21
2026-08-02T04:38:46.547Z,deep_scan,20260802011913_1A-4-7-8-17-28C,30,1A,0,2,M26/1,AA5646,1,27
2026-08-02T04:38:46.547Z,deep_scan,20260802011913_1A-4-7-8-17-28C,30,1A,0,5,M29,AA5407,1,2
2026-08-02T04:38:46.547Z,deep_scan,20260802011913_1A-4-7-8-17-28C,30,1A,0,12,M71,AA7673,1,24
2026-08-02T04:38:46.596Z,deep_scan,20260802011913_1A-4-7-8-17-28C,30,1A,1,0,M252,AA6701,0,9
2026-08-02T04:38:46.596Z,deep_scan,20260802011913_1A-4-7-8-17-28C,30,1A,1,4,M53,AA7115,0,41
2026-08-02T04:38:46.596Z,deep_scan,20260802011913_1A-4-7-8-17-28C,30,1A,1,10,M21/1,AA5946,0,18
2026-08-02T04:39:16.580Z,deep_scan,20260802011913_1A-4-7-8-17-28C,30,1A,0,0,M120/2,AA7468,1,35
2026-08-02T04:39:16.580Z,deep_scan,20260802011913_1A-4-7-8-17-28C,30,1A,0,2,M26/1,AA5646,1,27
2026-08-02T04:39:16.580Z,deep_scan,20260802011913_1A-4-7-8-17-28C,30,1A,0,5,M29,AA5407,0,28
2026-08-02T04:39:16.580Z,deep_scan,20260802011913_1A-4-7-8-17-28C,30,1A,0,13,M156,AA7673,1,4
2026-08-02T04:39:16.985Z,deep_scan,20260802011913_1A-4-7-8-17-28C,30,1A,1,0,M252,AA6701,0,9
2026-08-02T04:39:16.985Z,deep_scan,20260802011913_1A-4-7-8-17-28C,30,1A,1,5,M49,AA7115,1,3
2026-08-02T04:39:16.985Z,deep_scan,20260802011913_1A-4-7-8-17-28C,30,1A,1,10,M21/1,AA5946,0,18
2026-08-02T04:39:46.613Z,deep_scan,20260802011913_1A-4-7-8-17-28C,30,1A,1,0,M252,AA6701,0,9
2026-08-02T04:39:46.613Z,deep_scan,20260802011913_1A-4-7-8-17-28C,30,1A,1,5,M49,AA7115,1,19
2026-08-02T04:39:46.613Z,deep_scan,20260802011913_1A-4-7-8-17-28C,30,1A,1,10,M21/1,AA5946,0,29
2026-08-02T04:39:46.657Z,deep_scan,20260802011913_1A-4-7-8-17-28C,30,1A,0,0,M120/2,AA7468,1,35
2026-08-02T04:39:46.657Z,deep_scan,20260802011913_1A-4-7-8-17-28C,30,1A,0,2,M26/1,AA5646,1,27
2026-08-02T04:39:46.657Z,deep_scan,20260802011913_1A-4-7-8-17-28C,30,1A,0,6,M36,AA5407,1,29
2026-08-02T04:39:46.657Z,deep_scan,20260802011913_1A-4-7-8-17-28C,30,1A,0,13,M156,AA7673,0,8
2026-08-02T04:40:16.593Z,deep_scan,20260802011913_1A-4-7-8-17-28C,30,1A,0,0,M120/2,AA7468,1,35
2026-08-02T04:40:16.593Z,deep_scan,20260802011913_1A-4-7-8-17-28C,30,1A,0,2,M26/1,AA5646,0,9
2026-08-02T04:40:16.593Z,deep_scan,20260802011913_1A-4-7-8-17-28C,30,1A,0,6,M36,AA5407,0,28
2026-08-02T04:40:16.593Z,deep_scan,20260802011913_1A-4-7-8-17-28C,30,1A,0,13,M156,AA7673,0,23
2026-08-02T04:40:16.600Z,deep_scan,20260802011913_1A-4-7-8-17-28C,30,1A,1,0,M252,AA6701,0,4
2026-08-02T04:40:16.600Z,deep_scan,20260802011913_1A-4-7-8-17-28C,30,1A,1,5,M49,AA7115,1,19
2026-08-02T04:40:16.600Z,deep_scan,20260802011913_1A-4-7-8-17-28C,30,1A,1,10,M21/1,AA5946,0,49
2026-08-02T04:40:46.633Z,deep_scan,20260802011913_1A-4-7-8-17-28C,30,1A,1,0,M252,AA6701,0,4
2026-08-02T04:40:46.633Z,deep_scan,20260802011913_1A-4-7-8-17-28C,30,1A,1,5,M49,AA7115,1,19
2026-08-02T04:40:46.633Z,deep_scan,20260802011913_1A-4-7-8-17-28C,30,1A,1,10,M21/1,AA5946,0,18
2026-08-02T04:40:46.677Z,deep_scan,20260802011913_1A-4-7-8-17-28C,30,1A,0,0,M120/2,AA7468,1,35
2026-08-02T04:40:46.677Z,deep_scan,20260802011913_1A-4-7-8-17-28C,30,1A,0,2,M26/1,AA5646,0,13
2026-08-02T04:40:46.677Z,deep_scan,20260802011913_1A-4-7-8-17-28C,30,1A,0,6,M36,AA5407,0,30
2026-08-02T04:40:46.677Z,deep_scan,20260802011913_1A-4-7-8-17-28C,30,1A,0,13,M156,AA7673,0,23
2026-08-02T04:41:16.585Z,deep_scan,20260802011913_1A-4-7-8-17-28C,30,1A,1,1,M161,AA6701,1,23
2026-08-02T04:41:16.585Z,deep_scan,20260802011913_1A-4-7-8-17-28C,30,1A,1,6,M35/1,AA7115,1,21
2026-08-02T04:41:16.585Z,deep_scan,20260802011913_1A-4-7-8-17-28C,30,1A,1,10,M21/1,AA5946,0,22
2026-08-02T04:41:16.630Z,deep_scan,20260802011913_1A-4-7-8-17-28C,30,1A,0,0,M120/2,AA7468,1,35
2026-08-02T04:41:16.630Z,deep_scan,20260802011913_1A-4-7-8-17-28C,30,1A,0,3,M10,AA5646,1,45
2026-08-02T04:41:16.630Z,deep_scan,20260802011913_1A-4-7-8-17-28C,30,1A,0,6,M36,AA5407,0,30
2026-08-02T04:41:16.630Z,deep_scan,20260802011913_1A-4-7-8-17-28C,30,1A,0,13,M156,AA7673,0,16
2026-08-02T04:41:46.619Z,deep_scan,20260802011913_1A-4-7-8-17-28C,30,1A,1,2,M70,AA6701,1,14
2026-08-02T04:41:46.619Z,deep_scan,20260802011913_1A-4-7-8-17-28C,30,1A,1,6,M35/1,AA7115,1,5
2026-08-02T04:41:46.619Z,deep_scan,20260802011913_1A-4-7-8-17-28C,30,1A,1,10,M21/1,AA5946,0,22
2026-08-02T04:41:46.626Z,deep_scan,20260802011913_1A-4-7-8-17-28C,30,1A,0,0,M120/2,AA7468,1,35
2026-08-02T04:41:46.626Z,deep_scan,20260802011913_1A-4-7-8-17-28C,30,1A,0,3,M10,AA5646,1,22
2026-08-02T04:41:46.626Z,deep_scan,20260802011913_1A-4-7-8-17-28C,30,1A,0,7,M48,AA5407,1,25
2026-08-02T04:41:46.626Z,deep_scan,20260802011913_1A-4-7-8-17-28C,30,1A,0,14,M253,AA7673,1,26
2026-08-02T04:42:16.599Z,deep_scan,20260802011913_1A-4-7-8-17-28C,30,1A,1,2,M70,AA6701,0,42
2026-08-02T04:42:16.599Z,deep_scan,20260802011913_1A-4-7-8-17-28C,30,1A,1,6,M35/1,AA7115,1,6
2026-08-02T04:42:16.599Z,deep_scan,20260802011913_1A-4-7-8-17-28C,30,1A,1,10,M21/1,AA5946,0,27
2026-08-02T04:42:16.610Z,deep_scan,20260802011913_1A-4-7-8-17-28C,30,1A,0,0,M120/2,AA7468,0,35
2026-08-02T04:42:16.610Z,deep_scan,20260802011913_1A-4-7-8-17-28C,30,1A,0,3,M10,AA5646,1,5
2026-08-02T04:42:16.610Z,deep_scan,20260802011913_1A-4-7-8-17-28C,30,1A,0,7,M48,AA5407,0,27
2026-08-02T04:42:16.610Z,deep_scan,20260802011913_1A-4-7-8-17-28C,30,1A,0,14,M253,AA7673,1,2
2026-08-02T04:42:46.593Z,deep_scan,20260802011913_1A-4-7-8-17-28C,30,1A,1,3,M118,AA6701,1,11
2026-08-02T04:42:46.593Z,deep_scan,20260802011913_1A-4-7-8-17-28C,30,1A,1,6,M35/1,AA7115,1,12
2026-08-02T04:42:46.593Z,deep_scan,20260802011913_1A-4-7-8-17-28C,30,1A,1,11,M120/2,AA5946,1,0
2026-08-02T04:42:46.626Z,deep_scan,20260802011913_1A-4-7-8-17-28C,30,1A,0,0,M120/2,AA7468,0,35
2026-08-02T04:42:46.626Z,deep_scan,20260802011913_1A-4-7-8-17-28C,30,1A,0,3,M10,AA5646,0,29
2026-08-02T04:42:46.626Z,deep_scan,20260802011913_1A-4-7-8-17-28C,30,1A,0,7,M48,AA5407,0,48
2026-08-02T04:42:46.626Z,deep_scan,20260802011913_1A-4-7-8-17-28C,30,1A,0,14,M253,AA7673,0,7
2026-08-02T04:43:16.642Z,deep_scan,20260802011913_1A-4-7-8-17-28C,30,1A,1,3,M118,AA6701,1,20
2026-08-02T04:43:16.642Z,deep_scan,20260802011913_1A-4-7-8-17-28C,30,1A,1,6,M35/1,AA7115,1,5
2026-08-02T04:43:16.642Z,deep_scan,20260802011913_1A-4-7-8-17-28C,30,1A,1,11,M120/2,AA5946,1,0
2026-08-02T04:43:16.672Z,deep_scan,20260802011913_1A-4-7-8-17-28C,30,1A,0,1,M108/1,AA7468,1,8
2026-08-02T04:43:16.672Z,deep_scan,20260802011913_1A-4-7-8-17-28C,30,1A,0,3,M10,AA5646,0,18
2026-08-02T04:43:16.672Z,deep_scan,20260802011913_1A-4-7-8-17-28C,30,1A,0,8,M52,AA5407,1,38
2026-08-02T04:43:16.672Z,deep_scan,20260802011913_1A-4-7-8-17-28C,30,1A,0,14,M253,AA7673,0,4
2026-08-02T04:43:46.635Z,deep_scan,20260802011913_1A-4-7-8-17-28C,30,1A,0,1,M108/1,AA7468,0,6
2026-08-02T04:43:46.635Z,deep_scan,20260802011913_1A-4-7-8-17-28C,30,1A,0,4,M27,AA5646,1,7
2026-08-02T04:43:46.635Z,deep_scan,20260802011913_1A-4-7-8-17-28C,30,1A,0,8,M52,AA5407,1,5
2026-08-02T04:43:46.635Z,deep_scan,20260802011913_1A-4-7-8-17-28C,30,1A,0,15,M250,AA7673,1,25
2026-08-02T04:43:46.644Z,deep_scan,20260802011913_1A-4-7-8-17-28C,30,1A,1,3,M118,AA6701,0,16
2026-08-02T04:43:46.644Z,deep_scan,20260802011913_1A-4-7-8-17-28C,30,1A,1,6,M35/1,AA7115,0,15
2026-08-02T04:43:46.644Z,deep_scan,20260802011913_1A-4-7-8-17-28C,30,1A,1,11,M120/2,AA5946,1,0
2026-08-02T04:44:16.631Z,deep_scan,20260802011913_1A-4-7-8-17-28C,30,1A,0,1,M108/1,AA7468,0,41
2026-08-02T04:44:16.631Z,deep_scan,20260802011913_1A-4-7-8-17-28C,30,1A,0,4,M27,AA5646,1,12
2026-08-02T04:44:16.631Z,deep_scan,20260802011913_1A-4-7-8-17-28C,30,1A,0,8,M52,AA5407,1,20
2026-08-02T04:44:16.631Z,deep_scan,20260802011913_1A-4-7-8-17-28C,30,1A,0,15,M250,AA7673,1,1
2026-08-02T04:44:16.658Z,deep_scan,20260802011913_1A-4-7-8-17-28C,30,1A,1,3,M118,AA6701,0,37
2026-08-02T04:44:16.658Z,deep_scan,20260802011913_1A-4-7-8-17-28C,30,1A,1,6,M35/1,AA7115,0,10
2026-08-02T04:44:16.658Z,deep_scan,20260802011913_1A-4-7-8-17-28C,30,1A,1,11,M120/2,AA5946,1,0
2026-08-02T04:44:46.673Z,deep_scan,20260802011913_1A-4-7-8-17-28C,30,1A,1,3,M118,AA6701,0,40
2026-08-02T04:44:46.673Z,deep_scan,20260802011913_1A-4-7-8-17-28C,30,1A,1,6,M35/1,AA7115,0,10
2026-08-02T04:44:46.673Z,deep_scan,20260802011913_1A-4-7-8-17-28C,30,1A,1,11,M120/2,AA5946,1,0
2026-08-02T04:44:46.719Z,deep_scan,20260802011913_1A-4-7-8-17-28C,30,1A,0,1,M108/1,AA7468,0,18
2026-08-02T04:44:46.719Z,deep_scan,20260802011913_1A-4-7-8-17-28C,30,1A,0,4,M27,AA5646,0,12
2026-08-02T04:44:46.719Z,deep_scan,20260802011913_1A-4-7-8-17-28C,30,1A,0,8,M52,AA5407,1,50
2026-08-02T04:44:46.719Z,deep_scan,20260802011913_1A-4-7-8-17-28C,30,1A,0,15,M250,AA7673,0,8
2026-08-02T04:45:17.691Z,deep_scan,20260802011913_1A-4-7-8-17-28C,30,1A,0,1,M108/1,AA7468,0,40
2026-08-02T04:45:17.691Z,deep_scan,20260802011913_1A-4-7-8-17-28C,30,1A,0,5,M29,AA5646,1,28
2026-08-02T04:45:17.691Z,deep_scan,20260802011913_1A-4-7-8-17-28C,30,1A,0,8,M52,AA5407,1,28
2026-08-02T04:45:17.691Z,deep_scan,20260802011913_1A-4-7-8-17-28C,30,1A,0,15,M250,AA7673,0,19
2026-08-02T04:45:18.648Z,deep_scan,20260802011913_1A-4-7-8-17-28C,30,1A,1,3,M118,AA6701,0,41
2026-08-02T04:45:18.648Z,deep_scan,20260802011913_1A-4-7-8-17-28C,30,1A,1,7,M28/1,AA7115,1,16
2026-08-02T04:45:18.648Z,deep_scan,20260802011913_1A-4-7-8-17-28C,30,1A,1,11,M120/2,AA5946,1,0
2026-08-02T04:45:46.721Z,deep_scan,20260802011913_1A-4-7-8-17-28C,30,1A,1,3,M118,AA6701,0,43
2026-08-02T04:45:46.721Z,deep_scan,20260802011913_1A-4-7-8-17-28C,30,1A,1,7,M28/1,AA7115,1,7
2026-08-02T04:45:46.721Z,deep_scan,20260802011913_1A-4-7-8-17-28C,30,1A,1,11,M120/2,AA5946,1,0
2026-08-02T04:45:46.727Z,deep_scan,20260802011913_1A-4-7-8-17-28C,30,1A,0,1,M108/1,AA7468,0,17
2026-08-02T04:45:46.727Z,deep_scan,20260802011913_1A-4-7-8-17-28C,30,1A,0,5,M29,AA5646,1,7
2026-08-02T04:45:46.727Z,deep_scan,20260802011913_1A-4-7-8-17-28C,30,1A,0,8,M52,AA5407,1,29
2026-08-02T04:45:46.727Z,deep_scan,20260802011913_1A-4-7-8-17-28C,30,1A,0,16,M252,AA7673,1,0
2026-08-02T04:46:16.677Z,deep_scan,20260802011913_1A-4-7-8-17-28C,30,1A,0,1,M108/1,AA7468,0,21
2026-08-02T04:46:16.677Z,deep_scan,20260802011913_1A-4-7-8-17-28C,30,1A,0,5,M29,AA5646,1,12
2026-08-02T04:46:16.677Z,deep_scan,20260802011913_1A-4-7-8-17-28C,30,1A,0,9,M239/1,AA5407,1,39
2026-08-02T04:46:16.677Z,deep_scan,20260802011913_1A-4-7-8-17-28C,30,1A,0,16,M252,AA7673,1,0
2026-08-02T04:46:16.709Z,deep_scan,20260802011913_1A-4-7-8-17-28C,30,1A,1,3,M118,AA6701,0,49
2026-08-02T04:46:16.709Z,deep_scan,20260802011913_1A-4-7-8-17-28C,30,1A,1,7,M28/1,AA7115,0,22
2026-08-02T04:46:16.709Z,deep_scan,20260802011913_1A-4-7-8-17-28C,30,1A,1,11,M120/2,AA5946,1,0
2026-08-02T04:46:46.737Z,deep_scan,20260802011913_1A-4-7-8-17-28C,30,1A,0,2,M26/1,AA7468,1,23
2026-08-02T04:46:46.737Z,deep_scan,20260802011913_1A-4-7-8-17-28C,30,1A,0,6,M36,AA5646,1,42
2026-08-02T04:46:46.737Z,deep_scan,20260802011913_1A-4-7-8-17-28C,30,1A,0,9,M239/1,AA5407,1,33
2026-08-02T04:46:46.737Z,deep_scan,20260802011913_1A-4-7-8-17-28C,30,1A,0,16,M252,AA7673,1,0
2026-08-02T04:46:46.754Z,deep_scan,20260802011913_1A-4-7-8-17-28C,30,1A,1,4,M53,AA6701,1,36
2026-08-02T04:46:46.754Z,deep_scan,20260802011913_1A-4-7-8-17-28C,30,1A,1,7,M28/1,AA7115,0,13
2026-08-02T04:46:46.754Z,deep_scan,20260802011913_1A-4-7-8-17-28C,30,1A,1,11,M120/2,AA5946,1,0
2026-08-02T04:47:16.681Z,deep_scan,20260802011913_1A-4-7-8-17-28C,30,1A,0,2,M26/1,AA7468,1,18
2026-08-02T04:47:16.681Z,deep_scan,20260802011913_1A-4-7-8-17-28C,30,1A,0,6,M36,AA5646,1,3
2026-08-02T04:47:16.681Z,deep_scan,20260802011913_1A-4-7-8-17-28C,30,1A,0,9,M239/1,AA5407,0,31
2026-08-02T04:47:16.681Z,deep_scan,20260802011913_1A-4-7-8-17-28C,30,1A,0,16,M252,AA7673,1,0
2026-08-02T04:47:16.700Z,deep_scan,20260802011913_1A-4-7-8-17-28C,30,1A,1,4,M53,AA6701,0,36
2026-08-02T04:47:16.700Z,deep_scan,20260802011913_1A-4-7-8-17-28C,30,1A,1,8,M11,AA7115,1,17
2026-08-02T04:47:46.715Z,deep_scan,20260802011913_1A-4-7-8-17-28C,30,1A,1,4,M53,AA6701,0,20
2026-08-02T04:47:46.715Z,deep_scan,20260802011913_1A-4-7-8-17-28C,30,1A,1,8,M11,AA7115,1,12
2026-08-02T04:47:46.734Z,deep_scan,20260802011913_1A-4-7-8-17-28C,30,1A,0,2,M26/1,AA7468,0,18
2026-08-02T04:47:46.734Z,deep_scan,20260802011913_1A-4-7-8-17-28C,30,1A,0,7,M48,AA5646,1,3
2026-08-02T04:47:46.734Z,deep_scan,20260802011913_1A-4-7-8-17-28C,30,1A,0,10,M254,AA5407,1,2
2026-08-02T04:47:46.734Z,deep_scan,20260802011913_1A-4-7-8-17-28C,30,1A,0,16,M252,AA7673,1,0
2026-08-02T04:48:16.700Z,deep_scan,20260802011913_1A-4-7-8-17-28C,30,1A,0,2,M26/1,AA7468,0,36
2026-08-02T04:48:16.700Z,deep_scan,20260802011913_1A-4-7-8-17-28C,30,1A,0,7,M48,AA5646,1,3
2026-08-02T04:48:16.700Z,deep_scan,20260802011913_1A-4-7-8-17-28C,30,1A,0,10,M254,AA5407,0,39
2026-08-02T04:48:16.700Z,deep_scan,20260802011913_1A-4-7-8-17-28C,30,1A,0,16,M252,AA7673,1,0
2026-08-02T04:48:16.729Z,deep_scan,20260802011913_1A-4-7-8-17-28C,30,1A,1,4,M53,AA6701,0,7
2026-08-02T04:48:16.729Z,deep_scan,20260802011913_1A-4-7-8-17-28C,30,1A,1,8,M11,AA7115,0,9
2026-08-02T04:48:46.764Z,deep_scan,20260802011913_1A-4-7-8-17-28C,30,1A,1,5,M49,AA6701,1,20
2026-08-02T04:48:46.764Z,deep_scan,20260802011913_1A-4-7-8-17-28C,30,1A,1,9,M12,AA7115,1,19
2026-08-02T04:48:46.775Z,deep_scan,20260802011913_1A-4-7-8-17-28C,30,1A,0,0,M120/2,AA5946,1,27
2026-08-02T04:48:46.775Z,deep_scan,20260802011913_1A-4-7-8-17-28C,30,1A,0,2,M26/1,AA7468,0,6
2026-08-02T04:48:46.775Z,deep_scan,20260802011913_1A-4-7-8-17-28C,30,1A,0,7,M48,AA5646,1,3
2026-08-02T04:48:46.775Z,deep_scan,20260802011913_1A-4-7-8-17-28C,30,1A,0,10,M254,AA5407,0,33
2026-08-02T04:48:46.775Z,deep_scan,20260802011913_1A-4-7-8-17-28C,30,1A,0,16,M252,AA7673,1,0
2026-08-02T04:49:16.628Z,deep_scan,20260802011913_1A-4-7-8-17-28C,30,1A,0,0,M120/2,AA5946,1,27
2026-08-02T04:49:16.628Z,deep_scan,20260802011913_1A-4-7-8-17-28C,30,1A,0,2,M26/1,AA7468,0,31
2026-08-02T04:49:16.628Z,deep_scan,20260802011913_1A-4-7-8-17-28C,30,1A,0,7,M48,AA5646,0,3
2026-08-02T04:49:16.628Z,deep_scan,20260802011913_1A-4-7-8-17-28C,30,1A,0,11,M241,AA5407,1,17
2026-08-02T04:49:16.628Z,deep_scan,20260802011913_1A-4-7-8-17-28C,30,1A,0,16,M252,AA7673,1,0
2026-08-02T04:49:16.711Z,deep_scan,20260802011913_1A-4-7-8-17-28C,30,1A,1,5,M49,AA6701,1,6
2026-08-02T04:49:16.711Z,deep_scan,20260802011913_1A-4-7-8-17-28C,30,1A,1,9,M12,AA7115,1,18
2026-08-02T04:49:46.734Z,deep_scan,20260802011913_1A-4-7-8-17-28C,30,1A,1,5,M49,AA6701,1,6
2026-08-02T04:49:46.734Z,deep_scan,20260802011913_1A-4-7-8-17-28C,30,1A,1,9,M12,AA7115,0,3
2026-08-02T04:49:46.796Z,deep_scan,20260802011913_1A-4-7-8-17-28C,30,1A,0,0,M120/2,AA5946,1,27
2026-08-02T04:49:46.796Z,deep_scan,20260802011913_1A-4-7-8-17-28C,30,1A,0,3,M10,AA7468,1,20
2026-08-02T04:49:46.796Z,deep_scan,20260802011913_1A-4-7-8-17-28C,30,1A,0,7,M48,AA5646,0,40
2026-08-02T04:49:46.796Z,deep_scan,20260802011913_1A-4-7-8-17-28C,30,1A,0,12,M71,AA5407,1,34
2026-08-02T04:49:46.796Z,deep_scan,20260802011913_1A-4-7-8-17-28C,30,1A,0,16,M252,AA7673,1,0
2026-08-02T04:50:16.765Z,deep_scan,20260802011913_1A-4-7-8-17-28C,30,1A,0,0,M120/2,AA5946,1,27
2026-08-02T04:50:16.765Z,deep_scan,20260802011913_1A-4-7-8-17-28C,30,1A,0,3,M10,AA7468,0,34
2026-08-02T04:50:16.765Z,deep_scan,20260802011913_1A-4-7-8-17-28C,30,1A,0,8,M52,AA5646,1,36
2026-08-02T04:50:16.765Z,deep_scan,20260802011913_1A-4-7-8-17-28C,30,1A,0,12,M71,AA5407,0,20
2026-08-02T04:50:16.860Z,deep_scan,20260802011913_1A-4-7-8-17-28C,30,1A,1,5,M49,AA6701,0,5
2026-08-02T04:50:16.860Z,deep_scan,20260802011913_1A-4-7-8-17-28C,30,1A,1,9,M12,AA7115,0,3
2026-08-02T04:50:46.752Z,deep_scan,20260802011913_1A-4-7-8-17-28C,30,1A,1,0,M252,AA7673,1,2
2026-08-02T04:50:46.752Z,deep_scan,20260802011913_1A-4-7-8-17-28C,30,1A,1,6,M35/1,AA6701,1,1
2026-08-02T04:50:46.752Z,deep_scan,20260802011913_1A-4-7-8-17-28C,30,1A,1,9,M12,AA7115,0,3
2026-08-02T04:50:46.770Z,deep_scan,20260802011913_1A-4-7-8-17-28C,30,1A,0,0,M120/2,AA5946,0,27
2026-08-02T04:50:46.770Z,deep_scan,20260802011913_1A-4-7-8-17-28C,30,1A,0,3,M10,AA7468,0,4
2026-08-02T04:50:46.770Z,deep_scan,20260802011913_1A-4-7-8-17-28C,30,1A,0,8,M52,AA5646,1,21
2026-08-02T04:50:46.770Z,deep_scan,20260802011913_1A-4-7-8-17-28C,30,1A,0,13,M156,AA5407,1,13
2026-08-02T04:51:16.790Z,deep_scan,20260802011913_1A-4-7-8-17-28C,30,1A,1,0,M252,AA7673,1,4
2026-08-02T04:51:16.790Z,deep_scan,20260802011913_1A-4-7-8-17-28C,30,1A,1,6,M35/1,AA6701,1,5
2026-08-02T04:51:16.790Z,deep_scan,20260802011913_1A-4-7-8-17-28C,30,1A,1,9,M12,AA7115,0,3
2026-08-02T04:51:16.795Z,deep_scan,20260802011913_1A-4-7-8-17-28C,30,1A,0,1,M108/1,AA5946,0,6
2026-08-02T04:51:16.795Z,deep_scan,20260802011913_1A-4-7-8-17-28C,30,1A,0,3,M10,AA7468,0,10
2026-08-02T04:51:16.795Z,deep_scan,20260802011913_1A-4-7-8-17-28C,30,1A,0,8,M52,AA5646,0,20
2026-08-02T04:51:16.795Z,deep_scan,20260802011913_1A-4-7-8-17-28C,30,1A,0,13,M156,AA5407,0,40
2026-08-02T04:51:46.781Z,deep_scan,20260802011913_1A-4-7-8-17-28C,30,1A,0,1,M108/1,AA5946,0,46
2026-08-02T04:51:46.781Z,deep_scan,20260802011913_1A-4-7-8-17-28C,30,1A,0,4,M27,AA7468,1,10
2026-08-02T04:51:46.781Z,deep_scan,20260802011913_1A-4-7-8-17-28C,30,1A,0,8,M52,AA5646,0,46
2026-08-02T04:51:46.781Z,deep_scan,20260802011913_1A-4-7-8-17-28C,30,1A,0,14,M253,AA5407,1,28
2026-08-02T04:51:46.787Z,deep_scan,20260802011913_1A-4-7-8-17-28C,30,1A,1,0,M252,AA7673,0,36
2026-08-02T04:51:46.787Z,deep_scan,20260802011913_1A-4-7-8-17-28C,30,1A,1,6,M35/1,AA6701,1,6
2026-08-02T04:51:46.787Z,deep_scan,20260802011913_1A-4-7-8-17-28C,30,1A,1,10,M21/1,AA7115,1,13
2026-08-02T04:52:16.745Z,deep_scan,20260802011913_1A-4-7-8-17-28C,30,1A,0,1,M108/1,AA5946,0,28
2026-08-02T04:52:16.745Z,deep_scan,20260802011913_1A-4-7-8-17-28C,30,1A,0,4,M27,AA7468,1,10
2026-08-02T04:52:16.745Z,deep_scan,20260802011913_1A-4-7-8-17-28C,30,1A,0,8,M52,AA5646,0,38
2026-08-02T04:52:16.745Z,deep_scan,20260802011913_1A-4-7-8-17-28C,30,1A,0,14,M253,AA5407,0,12
2026-08-02T04:52:16.766Z,deep_scan,20260802011913_1A-4-7-8-17-28C,30,1A,1,0,M252,AA7673,0,22
2026-08-02T04:52:16.766Z,deep_scan,20260802011913_1A-4-7-8-17-28C,30,1A,1,6,M35/1,AA6701,1,6
2026-08-02T04:52:16.766Z,deep_scan,20260802011913_1A-4-7-8-17-28C,30,1A,1,10,M21/1,AA7115,1,6
2026-08-02T04:52:46.791Z,deep_scan,20260802011913_1A-4-7-8-17-28C,30,1A,1,0,M252,AA7673,0,18
2026-08-02T04:52:46.791Z,deep_scan,20260802011913_1A-4-7-8-17-28C,30,1A,1,6,M35/1,AA6701,1,2
2026-08-02T04:52:46.791Z,deep_scan,20260802011913_1A-4-7-8-17-28C,30,1A,1,10,M21/1,AA7115,0,38
2026-08-02T04:52:46.822Z,deep_scan,20260802011913_1A-4-7-8-17-28C,30,1A,0,1,M108/1,AA5946,0,26
2026-08-02T04:52:46.822Z,deep_scan,20260802011913_1A-4-7-8-17-28C,30,1A,0,4,M27,AA7468,0,6
2026-08-02T04:52:46.822Z,deep_scan,20260802011913_1A-4-7-8-17-28C,30,1A,0,8,M52,AA5646,0,36
2026-08-02T04:52:46.822Z,deep_scan,20260802011913_1A-4-7-8-17-28C,30,1A,0,14,M253,AA5407,0,3
2026-08-02T04:53:16.816Z,deep_scan,20260802011913_1A-4-7-8-17-28C,30,1A,0,1,M108/1,AA5946,0,9
2026-08-02T04:53:16.816Z,deep_scan,20260802011913_1A-4-7-8-17-28C,30,1A,0,4,M27,AA7468,0,45
2026-08-02T04:53:16.816Z,deep_scan,20260802011913_1A-4-7-8-17-28C,30,1A,0,9,M239/1,AA5646,1,32
2026-08-02T04:53:16.816Z,deep_scan,20260802011913_1A-4-7-8-17-28C,30,1A,0,15,M250,AA5407,1,47
2026-08-02T04:53:17.088Z,deep_scan,20260802011913_1A-4-7-8-17-28C,30,1A,1,0,M252,AA7673,0,16
2026-08-02T04:53:17.088Z,deep_scan,20260802011913_1A-4-7-8-17-28C,30,1A,1,6,M35/1,AA6701,0,23
2026-08-02T04:53:17.088Z,deep_scan,20260802011913_1A-4-7-8-17-28C,30,1A,1,10,M21/1,AA7115,0,45
2026-08-02T04:53:46.780Z,deep_scan,20260802011913_1A-4-7-8-17-28C,30,1A,1,1,M161,AA7673,1,6
2026-08-02T04:53:46.780Z,deep_scan,20260802011913_1A-4-7-8-17-28C,30,1A,1,6,M35/1,AA6701,0,4
2026-08-02T04:53:46.780Z,deep_scan,20260802011913_1A-4-7-8-17-28C,30,1A,1,10,M21/1,AA7115,0,45
2026-08-02T04:53:46.878Z,deep_scan,20260802011913_1A-4-7-8-17-28C,30,1A,0,1,M108/1,AA5946,0,26
2026-08-02T04:53:46.878Z,deep_scan,20260802011913_1A-4-7-8-17-28C,30,1A,0,4,M27,AA7468,0,45
2026-08-02T04:53:46.878Z,deep_scan,20260802011913_1A-4-7-8-17-28C,30,1A,0,9,M239/1,AA5646,1,32
2026-08-02T04:53:46.878Z,deep_scan,20260802011913_1A-4-7-8-17-28C,30,1A,0,15,M250,AA5407,0,27
2026-08-02T04:54:16.778Z,deep_scan,20260802011913_1A-4-7-8-17-28C,30,1A,1,1,M161,AA7673,0,8
2026-08-02T04:54:16.778Z,deep_scan,20260802011913_1A-4-7-8-17-28C,30,1A,1,7,M28/1,AA6701,1,11
2026-08-02T04:54:16.778Z,deep_scan,20260802011913_1A-4-7-8-17-28C,30,1A,1,10,M21/1,AA7115,0,45
2026-08-02T04:54:16.785Z,deep_scan,20260802011913_1A-4-7-8-17-28C,30,1A,0,1,M108/1,AA5946,0,18
2026-08-02T04:54:16.785Z,deep_scan,20260802011913_1A-4-7-8-17-28C,30,1A,0,5,M29,AA7468,1,23
2026-08-02T04:54:16.785Z,deep_scan,20260802011913_1A-4-7-8-17-28C,30,1A,0,9,M239/1,AA5646,0,14
2026-08-02T04:54:16.785Z,deep_scan,20260802011913_1A-4-7-8-17-28C,30,1A,0,16,M252,AA5407,1,0
2026-08-02T04:54:46.835Z,deep_scan,20260802011913_1A-4-7-8-17-28C,30,1A,0,2,M26/1,AA5946,1,29
2026-08-02T04:54:46.835Z,deep_scan,20260802011913_1A-4-7-8-17-28C,30,1A,0,5,M29,AA7468,1,23
2026-08-02T04:54:46.835Z,deep_scan,20260802011913_1A-4-7-8-17-28C,30,1A,0,10,M254,AA5646,1,8
2026-08-02T04:54:46.835Z,deep_scan,20260802011913_1A-4-7-8-17-28C,30,1A,0,16,M252,AA5407,1,0
2026-08-02T04:54:46.851Z,deep_scan,20260802011913_1A-4-7-8-17-28C,30,1A,1,2,M70,AA7673,1,2
2026-08-02T04:54:46.851Z,deep_scan,20260802011913_1A-4-7-8-17-28C,30,1A,1,7,M28/1,AA6701,1,2
2026-08-02T04:54:46.851Z,deep_scan,20260802011913_1A-4-7-8-17-28C,30,1A,1,10,M21/1,AA7115,0,36
2026-08-02T04:55:16.820Z,deep_scan,20260802011913_1A-4-7-8-17-28C,30,1A,1,2,M70,AA7673,0,15
2026-08-02T04:55:16.820Z,deep_scan,20260802011913_1A-4-7-8-17-28C,30,1A,1,7,M28/1,AA6701,1,22
2026-08-02T04:55:16.820Z,deep_scan,20260802011913_1A-4-7-8-17-28C,30,1A,1,10,M21/1,AA7115,0,14
2026-08-02T04:55:16.834Z,deep_scan,20260802011913_1A-4-7-8-17-28C,30,1A,0,2,M26/1,AA5946,1,29
2026-08-02T04:55:16.834Z,deep_scan,20260802011913_1A-4-7-8-17-28C,30,1A,0,5,M29,AA7468,1,23
2026-08-02T04:55:16.834Z,deep_scan,20260802011913_1A-4-7-8-17-28C,30,1A,0,10,M254,AA5646,0,36
2026-08-02T04:55:16.834Z,deep_scan,20260802011913_1A-4-7-8-17-28C,30,1A,0,16,M252,AA5407,1,0
2026-08-02T04:55:46.801Z,deep_scan,20260802011913_1A-4-7-8-17-28C,30,1A,1,3,M118,AA7673,1,41
2026-08-02T04:55:46.801Z,deep_scan,20260802011913_1A-4-7-8-17-28C,30,1A,1,7,M28/1,AA6701,0,2
2026-08-02T04:55:46.801Z,deep_scan,20260802011913_1A-4-7-8-17-28C,30,1A,1,10,M21/1,AA7115,0,26
2026-08-02T04:55:46.809Z,deep_scan,20260802011913_1A-4-7-8-17-28C,30,1A,0,2,M26/1,AA5946,0,3
2026-08-02T04:55:46.809Z,deep_scan,20260802011913_1A-4-7-8-17-28C,30,1A,0,5,M29,AA7468,0,16
2026-08-02T04:55:46.809Z,deep_scan,20260802011913_1A-4-7-8-17-28C,30,1A,0,10,M254,AA5646,0,34
2026-08-02T04:55:46.809Z,deep_scan,20260802011913_1A-4-7-8-17-28C,30,1A,0,16,M252,AA5407,1,0
2026-08-02T04:56:16.838Z,deep_scan,20260802011913_1A-4-7-8-17-28C,30,1A,0,2,M26/1,AA5946,0,32
2026-08-02T04:56:16.838Z,deep_scan,20260802011913_1A-4-7-8-17-28C,30,1A,0,6,M36,AA7468,0,16
2026-08-02T04:56:16.838Z,deep_scan,20260802011913_1A-4-7-8-17-28C,30,1A,0,11,M241,AA5646,1,31
2026-08-02T04:56:16.838Z,deep_scan,20260802011913_1A-4-7-8-17-28C,30,1A,0,16,M252,AA5407,1,0
2026-08-02T04:56:16.890Z,deep_scan,20260802011913_1A-4-7-8-17-28C,30,1A,1,3,M118,AA7673,1,11
2026-08-02T04:56:16.890Z,deep_scan,20260802011913_1A-4-7-8-17-28C,30,1A,1,7,M28/1,AA6701,0,2
2026-08-02T04:56:16.890Z,deep_scan,20260802011913_1A-4-7-8-17-28C,30,1A,1,10,M21/1,AA7115,0,22
2026-08-02T04:56:46.827Z,deep_scan,20260802011913_1A-4-7-8-17-28C,30,1A,0,2,M26/1,AA5946,0,2
2026-08-02T04:56:46.827Z,deep_scan,20260802011913_1A-4-7-8-17-28C,30,1A,0,6,M36,AA7468,0,17
2026-08-02T04:56:46.827Z,deep_scan,20260802011913_1A-4-7-8-17-28C,30,1A,0,11,M241,AA5646,0,4
2026-08-02T04:56:46.827Z,deep_scan,20260802011913_1A-4-7-8-17-28C,30,1A,0,16,M252,AA5407,1,0
2026-08-02T04:56:46.839Z,deep_scan,20260802011913_1A-4-7-8-17-28C,30,1A,1,3,M118,AA7673,0,11
2026-08-02T04:56:46.839Z,deep_scan,20260802011913_1A-4-7-8-17-28C,30,1A,1,7,M28/1,AA6701,0,2
2026-08-02T04:56:46.839Z,deep_scan,20260802011913_1A-4-7-8-17-28C,30,1A,1,11,M120/2,AA7115,1,0
2026-08-02T04:57:16.813Z,deep_scan,20260802011913_1A-4-7-8-17-28C,30,1A,1,3,M118,AA7673,0,18
2026-08-02T04:57:16.813Z,deep_scan,20260802011913_1A-4-7-8-17-28C,30,1A,1,7,M28/1,AA6701,0,2
2026-08-02T04:57:16.813Z,deep_scan,20260802011913_1A-4-7-8-17-28C,30,1A,1,11,M120/2,AA7115,1,0
2026-08-02T04:57:16.858Z,deep_scan,20260802011913_1A-4-7-8-17-28C,30,1A,0,2,M26/1,AA5946,0,3
2026-08-02T04:57:16.858Z,deep_scan,20260802011913_1A-4-7-8-17-28C,30,1A,0,7,M48,AA7468,1,17
2026-08-02T04:57:16.858Z,deep_scan,20260802011913_1A-4-7-8-17-28C,30,1A,0,11,M241,AA5646,0,9
2026-08-02T04:57:16.858Z,deep_scan,20260802011913_1A-4-7-8-17-28C,30,1A,0,16,M252,AA5407,1,0
2026-08-02T04:57:46.838Z,deep_scan,20260802011913_1A-4-7-8-17-28C,30,1A,1,3,M118,AA7673,0,49
2026-08-02T04:57:46.838Z,deep_scan,20260802011913_1A-4-7-8-17-28C,30,1A,1,7,M28/1,AA6701,0,17
2026-08-02T04:57:46.838Z,deep_scan,20260802011913_1A-4-7-8-17-28C,30,1A,1,11,M120/2,AA7115,1,0
2026-08-02T04:57:46.841Z,deep_scan,20260802011913_1A-4-7-8-17-28C,30,1A,0,2,M26/1,AA5946,0,28
2026-08-02T04:57:46.841Z,deep_scan,20260802011913_1A-4-7-8-17-28C,30,1A,0,7,M48,AA7468,1,16
2026-08-02T04:57:46.841Z,deep_scan,20260802011913_1A-4-7-8-17-28C,30,1A,0,12,M71,AA5646,1,18
2026-08-02T04:57:46.841Z,deep_scan,20260802011913_1A-4-7-8-17-28C,30,1A,0,16,M252,AA5407,1,0
2026-08-02T04:58:16.891Z,deep_scan,20260802011913_1A-4-7-8-17-28C,30,1A,1,3,M118,AA7673,0,36
2026-08-02T04:58:16.891Z,deep_scan,20260802011913_1A-4-7-8-17-28C,30,1A,1,8,M11,AA6701,0,3
2026-08-02T04:58:16.891Z,deep_scan,20260802011913_1A-4-7-8-17-28C,30,1A,1,11,M120/2,AA7115,1,0
2026-08-02T04:58:16.905Z,deep_scan,20260802011913_1A-4-7-8-17-28C,30,1A,0,3,M10,AA5946,1,26
2026-08-02T04:58:16.905Z,deep_scan,20260802011913_1A-4-7-8-17-28C,30,1A,0,7,M48,AA7468,0,24
2026-08-02T04:58:16.905Z,deep_scan,20260802011913_1A-4-7-8-17-28C,30,1A,0,12,M71,AA5646,1,6
2026-08-02T04:58:16.905Z,deep_scan,20260802011913_1A-4-7-8-17-28C,30,1A,0,16,M252,AA5407,1,0
2026-08-02T04:58:46.844Z,deep_scan,20260802011913_1A-4-7-8-17-28C,30,1A,0,3,M10,AA5946,0,19
2026-08-02T04:58:46.844Z,deep_scan,20260802011913_1A-4-7-8-17-28C,30,1A,0,7,M48,AA7468,0,5
2026-08-02T04:58:46.844Z,deep_scan,20260802011913_1A-4-7-8-17-28C,30,1A,0,12,M71,AA5646,0,12
2026-08-02T04:58:46.850Z,deep_scan,20260802011913_1A-4-7-8-17-28C,30,1A,1,3,M118,AA7673,0,33
2026-08-02T04:58:46.850Z,deep_scan,20260802011913_1A-4-7-8-17-28C,30,1A,1,9,M12,AA6701,1,10
2026-08-02T04:58:46.850Z,deep_scan,20260802011913_1A-4-7-8-17-28C,30,1A,1,11,M120/2,AA7115,1,0
2026-08-02T04:59:16.851Z,deep_scan,20260802011913_1A-4-7-8-17-28C,30,1A,1,3,M118,AA7673,0,47
2026-08-02T04:59:16.851Z,deep_scan,20260802011913_1A-4-7-8-17-28C,30,1A,1,9,M12,AA6701,0,16
2026-08-02T04:59:16.851Z,deep_scan,20260802011913_1A-4-7-8-17-28C,30,1A,1,11,M120/2,AA7115,1,0
2026-08-02T04:59:16.908Z,deep_scan,20260802011913_1A-4-7-8-17-28C,30,1A,0,4,M27,AA5946,1,14
2026-08-02T04:59:16.908Z,deep_scan,20260802011913_1A-4-7-8-17-28C,30,1A,0,7,M48,AA7468,0,2
2026-08-02T04:59:16.908Z,deep_scan,20260802011913_1A-4-7-8-17-28C,30,1A,0,12,M71,AA5646,0,8
2026-08-02T04:59:46.864Z,deep_scan,20260802011913_1A-4-7-8-17-28C,30,1A,1,3,M118,AA7673,0,49
2026-08-02T04:59:46.864Z,deep_scan,20260802011913_1A-4-7-8-17-28C,30,1A,1,9,M12,AA6701,0,20
2026-08-02T04:59:46.864Z,deep_scan,20260802011913_1A-4-7-8-17-28C,30,1A,1,11,M120/2,AA7115,1,0
2026-08-02T04:59:46.883Z,deep_scan,20260802011913_1A-4-7-8-17-28C,30,1A,0,4,M27,AA5946,1,13
2026-08-02T04:59:46.883Z,deep_scan,20260802011913_1A-4-7-8-17-28C,30,1A,0,8,M52,AA7468,1,37
2026-08-02T04:59:46.883Z,deep_scan,20260802011913_1A-4-7-8-17-28C,30,1A,0,12,M71,AA5646,0,7
2026-08-02T05:00:16.901Z,deep_scan,20260802011913_1A-4-7-8-17-28C,30,1A,1,0,M252,AA5407,1,22
2026-08-02T05:00:16.901Z,deep_scan,20260802011913_1A-4-7-8-17-28C,30,1A,1,4,M53,AA7673,1,47
2026-08-02T05:00:16.901Z,deep_scan,20260802011913_1A-4-7-8-17-28C,30,1A,1,10,M21/1,AA6701,1,1
2026-08-02T05:00:16.901Z,deep_scan,20260802011913_1A-4-7-8-17-28C,30,1A,1,11,M120/2,AA7115,1,0
2026-08-02T05:00:17.220Z,deep_scan,20260802011913_1A-4-7-8-17-28C,30,1A,0,4,M27,AA5946,1,13
2026-08-02T05:00:17.220Z,deep_scan,20260802011913_1A-4-7-8-17-28C,30,1A,0,8,M52,AA7468,1,19
2026-08-02T05:00:17.220Z,deep_scan,20260802011913_1A-4-7-8-17-28C,30,1A,0,12,M71,AA5646,0,29
2026-08-02T05:00:46.893Z,deep_scan,20260802011913_1A-4-7-8-17-28C,30,1A,0,4,M27,AA5946,1,7
2026-08-02T05:00:46.893Z,deep_scan,20260802011913_1A-4-7-8-17-28C,30,1A,0,8,M52,AA7468,0,39
2026-08-02T05:00:46.893Z,deep_scan,20260802011913_1A-4-7-8-17-28C,30,1A,0,13,M156,AA5646,0,46
2026-08-02T05:00:46.909Z,deep_scan,20260802011913_1A-4-7-8-17-28C,30,1A,1,0,M252,AA5407,1,22
2026-08-02T05:00:46.909Z,deep_scan,20260802011913_1A-4-7-8-17-28C,30,1A,1,4,M53,AA7673,1,2
2026-08-02T05:00:46.909Z,deep_scan,20260802011913_1A-4-7-8-17-28C,30,1A,1,10,M21/1,AA6701,1,8
2026-08-02T05:01:16.938Z,deep_scan,20260802011913_1A-4-7-8-17-28C,30,1A,1,0,M252,AA5407,1,2
2026-08-02T05:01:16.938Z,deep_scan,20260802011913_1A-4-7-8-17-28C,30,1A,1,4,M53,AA7673,0,47
2026-08-02T05:01:16.938Z,deep_scan,20260802011913_1A-4-7-8-17-28C,30,1A,1,10,M21/1,AA6701,0,15
2026-08-02T05:01:16.951Z,deep_scan,20260802011913_1A-4-7-8-17-28C,30,1A,0,0,M120/2,AA7115,1,22
2026-08-02T05:01:16.951Z,deep_scan,20260802011913_1A-4-7-8-17-28C,30,1A,0,4,M27,AA5946,0,3
2026-08-02T05:01:16.951Z,deep_scan,20260802011913_1A-4-7-8-17-28C,30,1A,0,8,M52,AA7468,0,28
2026-08-02T05:01:16.951Z,deep_scan,20260802011913_1A-4-7-8-17-28C,30,1A,0,14,M253,AA5646,1,31
2026-08-02T05:01:46.885Z,deep_scan,20260802011913_1A-4-7-8-17-28C,30,1A,0,0,M120/2,AA7115,0,22
2026-08-02T05:01:46.885Z,deep_scan,20260802011913_1A-4-7-8-17-28C,30,1A,0,5,M29,AA5946,1,11
2026-08-02T05:01:46.885Z,deep_scan,20260802011913_1A-4-7-8-17-28C,30,1A,0,8,M52,AA7468,0,39
2026-08-02T05:01:46.885Z,deep_scan,20260802011913_1A-4-7-8-17-28C,30,1A,0,14,M253,AA5646,0,2
2026-08-02T05:01:46.937Z,deep_scan,20260802011913_1A-4-7-8-17-28C,30,1A,1,0,M252,AA5407,0,46
2026-08-02T05:01:46.937Z,deep_scan,20260802011913_1A-4-7-8-17-28C,30,1A,1,5,M49,AA7673,1,8
2026-08-02T05:01:46.937Z,deep_scan,20260802011913_1A-4-7-8-17-28C,30,1A,1,10,M21/1,AA6701,0,9
2026-08-02T05:02:16.958Z,deep_scan,20260802011913_1A-4-7-8-17-28C,30,1A,1,0,M252,AA5407,0,21
2026-08-02T05:02:16.958Z,deep_scan,20260802011913_1A-4-7-8-17-28C,30,1A,1,5,M49,AA7673,1,17
2026-08-02T05:02:16.958Z,deep_scan,20260802011913_1A-4-7-8-17-28C,30,1A,1,10,M21/1,AA6701,0,9
2026-08-02T05:02:16.996Z,deep_scan,20260802011913_1A-4-7-8-17-28C,30,1A,0,0,M120/2,AA7115,0,22
2026-08-02T05:02:16.996Z,deep_scan,20260802011913_1A-4-7-8-17-28C,30,1A,0,5,M29,AA5946,1,11
2026-08-02T05:02:16.996Z,deep_scan,20260802011913_1A-4-7-8-17-28C,30,1A,0,8,M52,AA7468,0,11
2026-08-02T05:02:16.996Z,deep_scan,20260802011913_1A-4-7-8-17-28C,30,1A,0,14,M253,AA5646,0,24
2026-08-02T05:02:46.932Z,deep_scan,20260802011913_1A-4-7-8-17-28C,30,1A,1,0,M252,AA5407,0,21
2026-08-02T05:02:46.932Z,deep_scan,20260802011913_1A-4-7-8-17-28C,30,1A,1,5,M49,AA7673,1,17
2026-08-02T05:02:46.932Z,deep_scan,20260802011913_1A-4-7-8-17-28C,30,1A,1,10,M21/1,AA6701,0,29
2026-08-02T05:02:46.946Z,deep_scan,20260802011913_1A-4-7-8-17-28C,30,1A,0,0,M120/2,AA7115,0,2
2026-08-02T05:02:46.946Z,deep_scan,20260802011913_1A-4-7-8-17-28C,30,1A,0,5,M29,AA5946,1,11
2026-08-02T05:02:46.946Z,deep_scan,20260802011913_1A-4-7-8-17-28C,30,1A,0,8,M52,AA7468,0,33
2026-08-02T05:02:46.946Z,deep_scan,20260802011913_1A-4-7-8-17-28C,30,1A,0,15,M250,AA5646,1,36
2026-08-02T05:03:16.955Z,deep_scan,20260802011913_1A-4-7-8-17-28C,30,1A,1,1,M161,AA5407,1,14
2026-08-02T05:03:16.955Z,deep_scan,20260802011913_1A-4-7-8-17-28C,30,1A,1,5,M49,AA7673,0,31
2026-08-02T05:03:16.955Z,deep_scan,20260802011913_1A-4-7-8-17-28C,30,1A,1,10,M21/1,AA6701,0,33
2026-08-02T05:03:16.992Z,deep_scan,20260802011913_1A-4-7-8-17-28C,30,1A,0,1,M108/1,AA7115,1,29
2026-08-02T05:03:16.992Z,deep_scan,20260802011913_1A-4-7-8-17-28C,30,1A,0,6,M36,AA5946,1,34
2026-08-02T05:03:16.992Z,deep_scan,20260802011913_1A-4-7-8-17-28C,30,1A,0,9,M239/1,AA7468,1,29
2026-08-02T05:03:16.992Z,deep_scan,20260802011913_1A-4-7-8-17-28C,30,1A,0,15,M250,AA5646,1,10
2026-08-02T05:03:46.926Z,deep_scan,20260802011913_1A-4-7-8-17-28C,30,1A,1,2,M70,AA5407,1,30
2026-08-02T05:03:46.926Z,deep_scan,20260802011913_1A-4-7-8-17-28C,30,1A,1,5,M49,AA7673,0,27
2026-08-02T05:03:46.926Z,deep_scan,20260802011913_1A-4-7-8-17-28C,30,1A,1,10,M21/1,AA6701,0,18
2026-08-02T05:03:46.936Z,deep_scan,20260802011913_1A-4-7-8-17-28C,30,1A,0,1,M108/1,AA7115,0,15
2026-08-02T05:03:46.936Z,deep_scan,20260802011913_1A-4-7-8-17-28C,30,1A,0,6,M36,AA5946,1,6
2026-08-02T05:03:46.936Z,deep_scan,20260802011913_1A-4-7-8-17-28C,30,1A,0,9,M239/1,AA7468,0,4
2026-08-02T05:03:46.936Z,deep_scan,20260802011913_1A-4-7-8-17-28C,30,1A,0,16,M252,AA5646,1,0
2026-08-02T05:04:16.921Z,deep_scan,20260802011913_1A-4-7-8-17-28C,30,1A,1,2,M70,AA5407,0,6
2026-08-02T05:04:16.921Z,deep_scan,20260802011913_1A-4-7-8-17-28C,30,1A,1,6,M35/1,AA7673,1,26
2026-08-02T05:04:16.921Z,deep_scan,20260802011913_1A-4-7-8-17-28C,30,1A,1,10,M21/1,AA6701,0,31
2026-08-02T05:04:16.977Z,deep_scan,20260802011913_1A-4-7-8-17-28C,30,1A,0,1,M108/1,AA7115,0,48
2026-08-02T05:04:16.977Z,deep_scan,20260802011913_1A-4-7-8-17-28C,30,1A,0,7,M48,AA5946,1,8
2026-08-02T05:04:16.977Z,deep_scan,20260802011913_1A-4-7-8-17-28C,30,1A,0,10,M254,AA7468,1,45
2026-08-02T05:04:16.977Z,deep_scan,20260802011913_1A-4-7-8-17-28C,30,1A,0,16,M252,AA5646,1,0
2026-08-02T05:04:46.943Z,deep_scan,20260802011913_1A-4-7-8-17-28C,30,1A,1,3,M118,AA5407,1,25
2026-08-02T05:04:46.943Z,deep_scan,20260802011913_1A-4-7-8-17-28C,30,1A,1,6,M35/1,AA7673,1,3
2026-08-02T05:04:46.943Z,deep_scan,20260802011913_1A-4-7-8-17-28C,30,1A,1,11,M120/2,AA6701,1,0
2026-08-02T05:04:46.979Z,deep_scan,20260802011913_1A-4-7-8-17-28C,30,1A,0,1,M108/1,AA7115,0,15
2026-08-02T05:04:46.979Z,deep_scan,20260802011913_1A-4-7-8-17-28C,30,1A,0,7,M48,AA5946,0,8
2026-08-02T05:04:46.979Z,deep_scan,20260802011913_1A-4-7-8-17-28C,30,1A,0,10,M254,AA7468,0,9
2026-08-02T05:04:46.979Z,deep_scan,20260802011913_1A-4-7-8-17-28C,30,1A,0,16,M252,AA5646,1,0
2026-08-02T05:05:16.970Z,deep_scan,20260802011913_1A-4-7-8-17-28C,30,1A,0,1,M108/1,AA7115,0,23
2026-08-02T05:05:16.970Z,deep_scan,20260802011913_1A-4-7-8-17-28C,30,1A,0,7,M48,AA5946,0,8
2026-08-02T05:05:16.970Z,deep_scan,20260802011913_1A-4-7-8-17-28C,30,1A,0,11,M241,AA7468,1,44
2026-08-02T05:05:16.970Z,deep_scan,20260802011913_1A-4-7-8-17-28C,30,1A,0,16,M252,AA5646,1,0
2026-08-02T05:05:17.028Z,deep_scan,20260802011913_1A-4-7-8-17-28C,30,1A,1,3,M118,AA5407,0,17
2026-08-02T05:05:17.028Z,deep_scan,20260802011913_1A-4-7-8-17-28C,30,1A,1,6,M35/1,AA7673,0,29
2026-08-02T05:05:17.028Z,deep_scan,20260802011913_1A-4-7-8-17-28C,30,1A,1,11,M120/2,AA6701,1,0
2026-08-02T05:05:46.943Z,deep_scan,20260802011913_1A-4-7-8-17-28C,30,1A,1,3,M118,AA5407,0,26
2026-08-02T05:05:46.943Z,deep_scan,20260802011913_1A-4-7-8-17-28C,30,1A,1,6,M35/1,AA7673,0,26
2026-08-02T05:05:46.943Z,deep_scan,20260802011913_1A-4-7-8-17-28C,30,1A,1,11,M120/2,AA6701,1,0
2026-08-02T05:05:46.986Z,deep_scan,20260802011913_1A-4-7-8-17-28C,30,1A,0,1,M108/1,AA7115,0,20
2026-08-02T05:05:46.986Z,deep_scan,20260802011913_1A-4-7-8-17-28C,30,1A,0,7,M48,AA5946,0,25
2026-08-02T05:05:46.986Z,deep_scan,20260802011913_1A-4-7-8-17-28C,30,1A,0,11,M241,AA7468,1,19
2026-08-02T05:05:46.986Z,deep_scan,20260802011913_1A-4-7-8-17-28C,30,1A,0,16,M252,AA5646,1,0
2026-08-02T05:06:16.974Z,deep_scan,20260802011913_1A-4-7-8-17-28C,30,1A,1,3,M118,AA5407,0,31
2026-08-02T05:06:16.974Z,deep_scan,20260802011913_1A-4-7-8-17-28C,30,1A,1,7,M28/1,AA7673,1,21
2026-08-02T05:06:16.974Z,deep_scan,20260802011913_1A-4-7-8-17-28C,30,1A,1,11,M120/2,AA6701,1,0
2026-08-02T05:06:17.029Z,deep_scan,20260802011913_1A-4-7-8-17-28C,30,1A,0,1,M108/1,AA7115,0,14
2026-08-02T05:06:17.029Z,deep_scan,20260802011913_1A-4-7-8-17-28C,30,1A,0,7,M48,AA5946,0,29
2026-08-02T05:06:17.029Z,deep_scan,20260802011913_1A-4-7-8-17-28C,30,1A,0,12,M71,AA7468,1,10
2026-08-02T05:06:17.029Z,deep_scan,20260802011913_1A-4-7-8-17-28C,30,1A,0,16,M252,AA5646,1,0
2026-08-02T05:06:46.991Z,deep_scan,20260802011913_1A-4-7-8-17-28C,30,1A,1,3,M118,AA5407,0,43
2026-08-02T05:06:46.991Z,deep_scan,20260802011913_1A-4-7-8-17-28C,30,1A,1,7,M28/1,AA7673,1,5
2026-08-02T05:06:46.991Z,deep_scan,20260802011913_1A-4-7-8-17-28C,30,1A,1,11,M120/2,AA6701,1,0
2026-08-02T05:06:47.018Z,deep_scan,20260802011913_1A-4-7-8-17-28C,30,1A,0,2,M26/1,AA7115,1,15
2026-08-02T05:06:47.018Z,deep_scan,20260802011913_1A-4-7-8-17-28C,30,1A,0,8,M52,AA5946,1,44
2026-08-02T05:06:47.018Z,deep_scan,20260802011913_1A-4-7-8-17-28C,30,1A,0,13,M156,AA7468,1,37
2026-08-02T05:06:47.018Z,deep_scan,20260802011913_1A-4-7-8-17-28C,30,1A,0,16,M252,AA5646,1,0
2026-08-02T05:07:16.987Z,deep_scan,20260802011913_1A-4-7-8-17-28C,30,1A,0,2,M26/1,AA7115,1,2
2026-08-02T05:07:16.987Z,deep_scan,20260802011913_1A-4-7-8-17-28C,30,1A,0,8,M52,AA5946,0,11
2026-08-02T05:07:16.987Z,deep_scan,20260802011913_1A-4-7-8-17-28C,30,1A,0,13,M156,AA7468,0,45
2026-08-02T05:07:16.987Z,deep_scan,20260802011913_1A-4-7-8-17-28C,30,1A,0,16,M252,AA5646,1,0
2026-08-02T05:07:16.994Z,deep_scan,20260802011913_1A-4-7-8-17-28C,30,1A,1,3,M118,AA5407,0,31
2026-08-02T05:07:16.994Z,deep_scan,20260802011913_1A-4-7-8-17-28C,30,1A,1,7,M28/1,AA7673,1,18
2026-08-02T05:07:16.994Z,deep_scan,20260802011913_1A-4-7-8-17-28C,30,1A,1,11,M120/2,AA6701,1,0
2026-08-02T05:07:46.984Z,deep_scan,20260802011913_1A-4-7-8-17-28C,30,1A,1,3,M118,AA5407,0,49
2026-08-02T05:07:46.984Z,deep_scan,20260802011913_1A-4-7-8-17-28C,30,1A,1,7,M28/1,AA7673,0,4
2026-08-02T05:07:46.984Z,deep_scan,20260802011913_1A-4-7-8-17-28C,30,1A,1,11,M120/2,AA6701,1,0
2026-08-02T05:07:47.000Z,deep_scan,20260802011913_1A-4-7-8-17-28C,30,1A,0,2,M26/1,AA7115,1,17
2026-08-02T05:07:47.000Z,deep_scan,20260802011913_1A-4-7-8-17-28C,30,1A,0,8,M52,AA5946,0,36
2026-08-02T05:07:47.000Z,deep_scan,20260802011913_1A-4-7-8-17-28C,30,1A,0,13,M156,AA7468,0,11
2026-08-02T05:07:47.000Z,deep_scan,20260802011913_1A-4-7-8-17-28C,30,1A,0,16,M252,AA5646,1,0
2026-08-02T05:08:17.064Z,deep_scan,20260802011913_1A-4-7-8-17-28C,30,1A,1,4,M53,AA5407,1,29
2026-08-02T05:08:17.064Z,deep_scan,20260802011913_1A-4-7-8-17-28C,30,1A,1,7,M28/1,AA7673,0,23
2026-08-02T05:08:17.064Z,deep_scan,20260802011913_1A-4-7-8-17-28C,30,1A,1,11,M120/2,AA6701,1,0
2026-08-02T05:08:17.076Z,deep_scan,20260802011913_1A-4-7-8-17-28C,30,1A,0,2,M26/1,AA7115,0,11
2026-08-02T05:08:17.076Z,deep_scan,20260802011913_1A-4-7-8-17-28C,30,1A,0,8,M52,AA5946,0,47
2026-08-02T05:08:17.076Z,deep_scan,20260802011913_1A-4-7-8-17-28C,30,1A,0,14,M253,AA7468,1,12
2026-08-02T05:08:46.984Z,deep_scan,20260802011913_1A-4-7-8-17-28C,30,1A,0,2,M26/1,AA7115,0,5
2026-08-02T05:08:46.984Z,deep_scan,20260802011913_1A-4-7-8-17-28C,30,1A,0,8,M52,AA5946,0,17
2026-08-02T05:08:46.984Z,deep_scan,20260802011913_1A-4-7-8-17-28C,30,1A,0,14,M253,AA7468,1,1
2026-08-02T05:08:47.001Z,deep_scan,20260802011913_1A-4-7-8-17-28C,30,1A,1,4,M53,AA5407,0,48
2026-08-02T05:08:47.001Z,deep_scan,20260802011913_1A-4-7-8-17-28C,30,1A,1,7,M28/1,AA7673,0,17
2026-08-02T05:08:47.001Z,deep_scan,20260802011913_1A-4-7-8-17-28C,30,1A,1,11,M120/2,AA6701,1,0
2026-08-02T05:09:17.050Z,deep_scan,20260802011913_1A-4-7-8-17-28C,30,1A,0,2,M26/1,AA7115,0,16
2026-08-02T05:09:17.050Z,deep_scan,20260802011913_1A-4-7-8-17-28C,30,1A,0,8,M52,AA5946,0,34
2026-08-02T05:09:17.050Z,deep_scan,20260802011913_1A-4-7-8-17-28C,30,1A,0,14,M253,AA7468,0,27
2026-08-02T05:09:17.118Z,deep_scan,20260802011913_1A-4-7-8-17-28C,30,1A,1,5,M49,AA5407,1,29
2026-08-02T05:09:17.118Z,deep_scan,20260802011913_1A-4-7-8-17-28C,30,1A,1,8,M11,AA7673,0,10
2026-08-02T05:09:47.034Z,deep_scan,20260802011913_1A-4-7-8-17-28C,30,1A,0,2,M26/1,AA7115,0,11
2026-08-02T05:09:47.034Z,deep_scan,20260802011913_1A-4-7-8-17-28C,30,1A,0,9,M239/1,AA5946,1,15
2026-08-02T05:09:47.034Z,deep_scan,20260802011913_1A-4-7-8-17-28C,30,1A,0,15,M250,AA7468,1,19
2026-08-02T05:09:47.047Z,deep_scan,20260802011913_1A-4-7-8-17-28C,30,1A,1,5,M49,AA5407,1,39
2026-08-02T05:09:47.047Z,deep_scan,20260802011913_1A-4-7-8-17-28C,30,1A,1,9,M12,AA7673,1,18
2026-08-02T05:10:17.022Z,deep_scan,20260802011913_1A-4-7-8-17-28C,30,1A,0,2,M26/1,AA7115,0,11
2026-08-02T05:10:17.022Z,deep_scan,20260802011913_1A-4-7-8-17-28C,30,1A,0,9,M239/1,AA5946,0,26
2026-08-02T05:10:17.022Z,deep_scan,20260802011913_1A-4-7-8-17-28C,30,1A,0,15,M250,AA7468,1,19
2026-08-02T05:10:17.030Z,deep_scan,20260802011913_1A-4-7-8-17-28C,30,1A,1,5,M49,AA5407,0,22
2026-08-02T05:10:17.030Z,deep_scan,20260802011913_1A-4-7-8-17-28C,30,1A,1,9,M12,AA7673,1,7
2026-08-02T05:10:47.018Z,deep_scan,20260802011913_1A-4-7-8-17-28C,30,1A,0,2,M26/1,AA7115,0,23
2026-08-02T05:10:47.018Z,deep_scan,20260802011913_1A-4-7-8-17-28C,30,1A,0,10,M254,AA5946,1,21
2026-08-02T05:10:47.018Z,deep_scan,20260802011913_1A-4-7-8-17-28C,30,1A,0,15,M250,AA7468,0,27
2026-08-02T05:10:47.030Z,deep_scan,20260802011913_1A-4-7-8-17-28C,30,1A,1,0,M252,AA5646,1,24
2026-08-02T05:10:47.030Z,deep_scan,20260802011913_1A-4-7-8-17-28C,30,1A,1,5,M49,AA5407,0,22
2026-08-02T05:10:47.030Z,deep_scan,20260802011913_1A-4-7-8-17-28C,30,1A,1,9,M12,AA7673,0,22
2026-08-02T05:11:17.078Z,deep_scan,20260802011913_1A-4-7-8-17-28C,30,1A,0,3,M10,AA7115,1,12
2026-08-02T05:11:17.078Z,deep_scan,20260802011913_1A-4-7-8-17-28C,30,1A,0,10,M254,AA5946,0,24
2026-08-02T05:11:17.078Z,deep_scan,20260802011913_1A-4-7-8-17-28C,30,1A,0,16,M252,AA7468,1,0
2026-08-02T05:11:17.103Z,deep_scan,20260802011913_1A-4-7-8-17-28C,30,1A,1,0,M252,AA5646,1,30
2026-08-02T05:11:17.103Z,deep_scan,20260802011913_1A-4-7-8-17-28C,30,1A,1,5,M49,AA5407,0,22
2026-08-02T05:11:17.103Z,deep_scan,20260802011913_1A-4-7-8-17-28C,30,1A,1,10,M21/1,AA7673,1,7
2026-08-02T05:11:47.036Z,deep_scan,20260802011913_1A-4-7-8-17-28C,30,1A,1,0,M252,AA5646,0,40
2026-08-02T05:11:47.036Z,deep_scan,20260802011913_1A-4-7-8-17-28C,30,1A,1,5,M49,AA5407,0,26
2026-08-02T05:11:47.036Z,deep_scan,20260802011913_1A-4-7-8-17-28C,30,1A,1,10,M21/1,AA7673,1,8
2026-08-02T05:11:47.056Z,deep_scan,20260802011913_1A-4-7-8-17-28C,30,1A,0,0,M120/2,AA6701,1,31
2026-08-02T05:11:47.056Z,deep_scan,20260802011913_1A-4-7-8-17-28C,30,1A,0,3,M10,AA7115,0,14
2026-08-02T05:11:47.056Z,deep_scan,20260802011913_1A-4-7-8-17-28C,30,1A,0,11,M241,AA5946,1,48
2026-08-02T05:11:47.056Z,deep_scan,20260802011913_1A-4-7-8-17-28C,30,1A,0,16,M252,AA7468,1,0
2026-08-02T05:12:16.975Z,deep_scan,20260802011913_1A-4-7-8-17-28C,30,1A,1,0,M252,AA5646,0,3
2026-08-02T05:12:16.975Z,deep_scan,20260802011913_1A-4-7-8-17-28C,30,1A,1,6,M35/1,AA5407,1,13
2026-08-02T05:12:16.975Z,deep_scan,20260802011913_1A-4-7-8-17-28C,30,1A,1,10,M21/1,AA7673,0,11
2026-08-02T05:12:17.092Z,deep_scan,20260802011913_1A-4-7-8-17-28C,30,1A,0,0,M120/2,AA6701,1,31
2026-08-02T05:12:17.092Z,deep_scan,20260802011913_1A-4-7-8-17-28C,30,1A,0,3,M10,AA7115,0,13
2026-08-02T05:12:17.092Z,deep_scan,20260802011913_1A-4-7-8-17-28C,30,1A,0,11,M241,AA5946,0,24
2026-08-02T05:12:17.092Z,deep_scan,20260802011913_1A-4-7-8-17-28C,30,1A,0,16,M252,AA7468,1,0
2026-08-02T05:12:47.088Z,deep_scan,20260802011913_1A-4-7-8-17-28C,30,1A,1,0,M252,AA5646,0,3
2026-08-02T05:12:47.088Z,deep_scan,20260802011913_1A-4-7-8-17-28C,30,1A,1,6,M35/1,AA5407,1,33
2026-08-02T05:12:47.088Z,deep_scan,20260802011913_1A-4-7-8-17-28C,30,1A,1,10,M21/1,AA7673,0,3
2026-08-02T05:12:47.095Z,deep_scan,20260802011913_1A-4-7-8-17-28C,30,1A,0,0,M120/2,AA6701,0,31
2026-08-02T05:12:47.095Z,deep_scan,20260802011913_1A-4-7-8-17-28C,30,1A,0,3,M10,AA7115,0,7
2026-08-02T05:12:47.095Z,deep_scan,20260802011913_1A-4-7-8-17-28C,30,1A,0,12,M71,AA5946,1,11
2026-08-02T05:12:47.095Z,deep_scan,20260802011913_1A-4-7-8-17-28C,30,1A,0,16,M252,AA7468,1,0
2026-08-02T05:13:17.073Z,deep_scan,20260802011913_1A-4-7-8-17-28C,30,1A,1,1,M161,AA5646,1,8
2026-08-02T05:13:17.073Z,deep_scan,20260802011913_1A-4-7-8-17-28C,30,1A,1,6,M35/1,AA5407,1,33
2026-08-02T05:13:17.073Z,deep_scan,20260802011913_1A-4-7-8-17-28C,30,1A,1,10,M21/1,AA7673,0,31
2026-08-02T05:13:17.096Z,deep_scan,20260802011913_1A-4-7-8-17-28C,30,1A,0,1,M108/1,AA6701,1,1
2026-08-02T05:13:17.096Z,deep_scan,20260802011913_1A-4-7-8-17-28C,30,1A,0,3,M10,AA7115,0,17
2026-08-02T05:13:17.096Z,deep_scan,20260802011913_1A-4-7-8-17-28C,30,1A,0,12,M71,AA5946,1,6
2026-08-02T05:13:17.096Z,deep_scan,20260802011913_1A-4-7-8-17-28C,30,1A,0,16,M252,AA7468,1,0
2026-08-02T05:13:47.068Z,deep_scan,20260802011913_1A-4-7-8-17-28C,30,1A,0,1,M108/1,AA6701,1,10
2026-08-02T05:13:47.068Z,deep_scan,20260802011913_1A-4-7-8-17-28C,30,1A,0,4,M27,AA7115,0,23
2026-08-02T05:13:47.068Z,deep_scan,20260802011913_1A-4-7-8-17-28C,30,1A,0,12,M71,AA5946,1,2
2026-08-02T05:13:47.068Z,deep_scan,20260802011913_1A-4-7-8-17-28C,30,1A,0,16,M252,AA7468,1,0
2026-08-02T05:13:47.083Z,deep_scan,20260802011913_1A-4-7-8-17-28C,30,1A,1,1,M161,AA5646,0,8
2026-08-02T05:13:47.083Z,deep_scan,20260802011913_1A-4-7-8-17-28C,30,1A,1,6,M35/1,AA5407,1,33
2026-08-02T05:13:47.083Z,deep_scan,20260802011913_1A-4-7-8-17-28C,30,1A,1,10,M21/1,AA7673,0,38
2026-08-02T05:14:17.099Z,deep_scan,20260802011913_1A-4-7-8-17-28C,30,1A,0,1,M108/1,AA6701,0,20
2026-08-02T05:14:17.099Z,deep_scan,20260802011913_1A-4-7-8-17-28C,30,1A,0,4,M27,AA7115,0,23
2026-08-02T05:14:17.099Z,deep_scan,20260802011913_1A-4-7-8-17-28C,30,1A,0,13,M156,AA5946,1,23
2026-08-02T05:14:17.099Z,deep_scan,20260802011913_1A-4-7-8-17-28C,30,1A,0,16,M252,AA7468,1,0
2026-08-02T05:14:17.151Z,deep_scan,20260802011913_1A-4-7-8-17-28C,30,1A,1,1,M161,AA5646,0,8
2026-08-02T05:14:17.151Z,deep_scan,20260802011913_1A-4-7-8-17-28C,30,1A,1,6,M35/1,AA5407,1,20
2026-08-02T05:14:17.151Z,deep_scan,20260802011913_1A-4-7-8-17-28C,30,1A,1,10,M21/1,AA7673,0,21
2026-08-02T05:14:47.117Z,deep_scan,20260802011913_1A-4-7-8-17-28C,30,1A,1,1,M161,AA5646,0,24
2026-08-02T05:14:47.117Z,deep_scan,20260802011913_1A-4-7-8-17-28C,30,1A,1,6,M35/1,AA5407,1,20
2026-08-02T05:14:47.117Z,deep_scan,20260802011913_1A-4-7-8-17-28C,30,1A,1,10,M21/1,AA7673,0,13
2026-08-02T05:14:47.140Z,deep_scan,20260802011913_1A-4-7-8-17-28C,30,1A,0,1,M108/1,AA6701,0,48
2026-08-02T05:14:47.140Z,deep_scan,20260802011913_1A-4-7-8-17-28C,30,1A,0,4,M27,AA7115,0,23
2026-08-02T05:14:47.140Z,deep_scan,20260802011913_1A-4-7-8-17-28C,30,1A,0,13,M156,AA5946,1,25
2026-08-02T05:14:47.140Z,deep_scan,20260802011913_1A-4-7-8-17-28C,30,1A,0,16,M252,AA7468,1,0
2026-08-02T05:15:17.143Z,deep_scan,20260802011913_1A-4-7-8-17-28C,30,1A,0,1,M108/1,AA6701,0,11
2026-08-02T05:15:17.143Z,deep_scan,20260802011913_1A-4-7-8-17-28C,30,1A,0,4,M27,AA7115,0,24
2026-08-02T05:15:17.143Z,deep_scan,20260802011913_1A-4-7-8-17-28C,30,1A,0,14,M253,AA5946,1,34
2026-08-02T05:15:17.143Z,deep_scan,20260802011913_1A-4-7-8-17-28C,30,1A,0,16,M252,AA7468,1,0
2026-08-02T05:15:17.240Z,deep_scan,20260802011913_1A-4-7-8-17-28C,30,1A,1,2,M70,AA5646,1,24
2026-08-02T05:15:17.240Z,deep_scan,20260802011913_1A-4-7-8-17-28C,30,1A,1,7,M28/1,AA5407,1,24
2026-08-02T05:15:17.240Z,deep_scan,20260802011913_1A-4-7-8-17-28C,30,1A,1,10,M21/1,AA7673,0,13
2026-08-02T05:15:47.090Z,deep_scan,20260802011913_1A-4-7-8-17-28C,30,1A,1,2,M70,AA5646,0,35
2026-08-02T05:15:47.090Z,deep_scan,20260802011913_1A-4-7-8-17-28C,30,1A,1,7,M28/1,AA5407,1,24
2026-08-02T05:15:47.090Z,deep_scan,20260802011913_1A-4-7-8-17-28C,30,1A,1,10,M21/1,AA7673,0,13
2026-08-02T05:15:47.102Z,deep_scan,20260802011913_1A-4-7-8-17-28C,30,1A,0,1,M108/1,AA6701,0,43
2026-08-02T05:15:47.102Z,deep_scan,20260802011913_1A-4-7-8-17-28C,30,1A,0,5,M29,AA7115,1,6
2026-08-02T05:15:47.102Z,deep_scan,20260802011913_1A-4-7-8-17-28C,30,1A,0,14,M253,AA5946,1,21
2026-08-02T05:16:17.121Z,deep_scan,20260802011913_1A-4-7-8-17-28C,30,1A,0,1,M108/1,AA6701,0,9
2026-08-02T05:16:17.121Z,deep_scan,20260802011913_1A-4-7-8-17-28C,30,1A,0,5,M29,AA7115,0,3
2026-08-02T05:16:17.121Z,deep_scan,20260802011913_1A-4-7-8-17-28C,30,1A,0,14,M253,AA5946,0,26
2026-08-02T05:16:17.169Z,deep_scan,20260802011913_1A-4-7-8-17-28C,30,1A,1,3,M118,AA5646,1,4
2026-08-02T05:16:17.169Z,deep_scan,20260802011913_1A-4-7-8-17-28C,30,1A,1,7,M28/1,AA5407,0,23
2026-08-02T05:16:17.169Z,deep_scan,20260802011913_1A-4-7-8-17-28C,30,1A,1,10,M21/1,AA7673,0,29
2026-08-02T05:16:47.170Z,deep_scan,20260802011913_1A-4-7-8-17-28C,30,1A,0,1,M108/1,AA6701,0,24
2026-08-02T05:16:47.170Z,deep_scan,20260802011913_1A-4-7-8-17-28C,30,1A,0,6,M36,AA7115,1,29
2026-08-02T05:16:47.170Z,deep_scan,20260802011913_1A-4-7-8-17-28C,30,1A,0,15,M250,AA5946,1,16
2026-08-02T05:16:47.174Z,deep_scan,20260802011913_1A-4-7-8-17-28C,30,1A,1,3,M118,AA5646,1,2
2026-08-02T05:16:47.174Z,deep_scan,20260802011913_1A-4-7-8-17-28C,30,1A,1,7,M28/1,AA5407,0,18
2026-08-02T05:16:47.174Z,deep_scan,20260802011913_1A-4-7-8-17-28C,30,1A,1,11,M120/2,AA7673,1,0
2026-08-02T05:17:17.105Z,deep_scan,20260802011913_1A-4-7-8-17-28C,30,1A,0,2,M26/1,AA6701,1,26
2026-08-02T05:17:17.105Z,deep_scan,20260802011913_1A-4-7-8-17-28C,30,1A,0,6,M36,AA7115,1,4
2026-08-02T05:17:17.105Z,deep_scan,20260802011913_1A-4-7-8-17-28C,30,1A,0,15,M250,AA5946,1,3
2026-08-02T05:17:17.169Z,deep_scan,20260802011913_1A-4-7-8-17-28C,30,1A,1,3,M118,AA5646,1,2
2026-08-02T05:17:17.169Z,deep_scan,20260802011913_1A-4-7-8-17-28C,30,1A,1,7,M28/1,AA5407,0,36
2026-08-02T05:17:17.169Z,deep_scan,20260802011913_1A-4-7-8-17-28C,30,1A,1,11,M120/2,AA7673,1,0
2026-08-02T05:17:47.098Z,deep_scan,20260802011913_1A-4-7-8-17-28C,30,1A,1,3,M118,AA5646,0,12
2026-08-02T05:17:47.098Z,deep_scan,20260802011913_1A-4-7-8-17-28C,30,1A,1,7,M28/1,AA5407,0,4
2026-08-02T05:17:47.098Z,deep_scan,20260802011913_1A-4-7-8-17-28C,30,1A,1,11,M120/2,AA7673,1,0
2026-08-02T05:17:47.146Z,deep_scan,20260802011913_1A-4-7-8-17-28C,30,1A,0,2,M26/1,AA6701,1,26
2026-08-02T05:17:47.146Z,deep_scan,20260802011913_1A-4-7-8-17-28C,30,1A,0,6,M36,AA7115,1,6
2026-08-02T05:17:47.146Z,deep_scan,20260802011913_1A-4-7-8-17-28C,30,1A,0,15,M250,AA5946,0,22
2026-08-02T05:18:17.145Z,deep_scan,20260802011913_1A-4-7-8-17-28C,30,1A,0,2,M26/1,AA6701,0,16
2026-08-02T05:18:17.145Z,deep_scan,20260802011913_1A-4-7-8-17-28C,30,1A,0,7,M48,AA7115,1,3
2026-08-02T05:18:17.145Z,deep_scan,20260802011913_1A-4-7-8-17-28C,30,1A,0,16,M252,AA5946,1,0
2026-08-02T05:18:17.151Z,deep_scan,20260802011913_1A-4-7-8-17-28C,30,1A,1,3,M118,AA5646,0,37
2026-08-02T05:18:17.151Z,deep_scan,20260802011913_1A-4-7-8-17-28C,30,1A,1,7,M28/1,AA5407,0,22
2026-08-02T05:18:17.151Z,deep_scan,20260802011913_1A-4-7-8-17-28C,30,1A,1,11,M120/2,AA7673,1,0
2026-08-02T05:18:47.207Z,deep_scan,20260802011913_1A-4-7-8-17-28C,30,1A,0,2,M26/1,AA6701,0,24
2026-08-02T05:18:47.207Z,deep_scan,20260802011913_1A-4-7-8-17-28C,30,1A,0,7,M48,AA7115,0,3
2026-08-02T05:18:47.207Z,deep_scan,20260802011913_1A-4-7-8-17-28C,30,1A,0,16,M252,AA5946,1,0
2026-08-02T05:18:47.396Z,deep_scan,20260802011913_1A-4-7-8-17-28C,30,1A,1,3,M118,AA5646,0,41
2026-08-02T05:18:47.396Z,deep_scan,20260802011913_1A-4-7-8-17-28C,30,1A,1,8,M11,AA5407,0,25
2026-08-02T05:18:47.396Z,deep_scan,20260802011913_1A-4-7-8-17-28C,30,1A,1,11,M120/2,AA7673,1,0
2026-08-02T05:19:17.136Z,deep_scan,20260802011913_1A-4-7-8-17-28C,30,1A,0,2,M26/1,AA6701,0,16
2026-08-02T05:19:17.136Z,deep_scan,20260802011913_1A-4-7-8-17-28C,30,1A,0,7,M48,AA7115,0,3
2026-08-02T05:19:17.136Z,deep_scan,20260802011913_1A-4-7-8-17-28C,30,1A,0,16,M252,AA5946,1,0
2026-08-02T05:19:17.170Z,deep_scan,20260802011913_1A-4-7-8-17-28C,30,1A,1,3,M118,AA5646,0,29
2026-08-02T05:19:17.170Z,deep_scan,20260802011913_1A-4-7-8-17-28C,30,1A,1,9,M12,AA5407,1,21
2026-08-02T05:19:17.170Z,deep_scan,20260802011913_1A-4-7-8-17-28C,30,1A,1,11,M120/2,AA7673,1,0
2026-08-02T05:19:47.175Z,deep_scan,20260802011913_1A-4-7-8-17-28C,30,1A,1,3,M118,AA5646,0,42
2026-08-02T05:19:47.175Z,deep_scan,20260802011913_1A-4-7-8-17-28C,30,1A,1,9,M12,AA5407,0,23
2026-08-02T05:19:47.175Z,deep_scan,20260802011913_1A-4-7-8-17-28C,30,1A,1,11,M120/2,AA7673,1,0
2026-08-02T05:19:47.235Z,deep_scan,20260802011913_1A-4-7-8-17-28C,30,1A,0,2,M26/1,AA6701,0,3
2026-08-02T05:19:47.235Z,deep_scan,20260802011913_1A-4-7-8-17-28C,30,1A,0,7,M48,AA7115,0,10
2026-08-02T05:19:47.235Z,deep_scan,20260802011913_1A-4-7-8-17-28C,30,1A,0,16,M252,AA5946,1,0
2026-08-02T05:20:17.179Z,deep_scan,20260802011913_1A-4-7-8-17-28C,30,1A,1,0,M252,AA7468,0,48
2026-08-02T05:20:17.179Z,deep_scan,20260802011913_1A-4-7-8-17-28C,30,1A,1,3,M118,AA5646,0,41
2026-08-02T05:20:17.179Z,deep_scan,20260802011913_1A-4-7-8-17-28C,30,1A,1,10,M21/1,AA5407,1,26
2026-08-02T05:20:17.179Z,deep_scan,20260802011913_1A-4-7-8-17-28C,30,1A,1,11,M120/2,AA7673,1,0
2026-08-02T05:20:17.198Z,deep_scan,20260802011913_1A-4-7-8-17-28C,30,1A,0,3,M10,AA6701,1,22
2026-08-02T05:20:17.198Z,deep_scan,20260802011913_1A-4-7-8-17-28C,30,1A,0,7,M48,AA7115,0,17
2026-08-02T05:20:17.198Z,deep_scan,20260802011913_1A-4-7-8-17-28C,30,1A,0,16,M252,AA5946,1,0
2026-08-02T05:20:47.210Z,deep_scan,20260802011913_1A-4-7-8-17-28C,30,1A,1,0,M252,AA7468,0,28
2026-08-02T05:20:47.210Z,deep_scan,20260802011913_1A-4-7-8-17-28C,30,1A,1,3,M118,AA5646,0,46
2026-08-02T05:20:47.210Z,deep_scan,20260802011913_1A-4-7-8-17-28C,30,1A,1,10,M21/1,AA5407,1,2
2026-08-02T05:20:47.210Z,deep_scan,20260802011913_1A-4-7-8-17-28C,30,1A,1,11,M120/2,AA7673,1,0
2026-08-02T05:20:47.248Z,deep_scan,20260802011913_1A-4-7-8-17-28C,30,1A,0,3,M10,AA6701,1,22
2026-08-02T05:20:47.248Z,deep_scan,20260802011913_1A-4-7-8-17-28C,30,1A,0,7,M48,AA7115,0,49
2026-08-02T05:20:47.248Z,deep_scan,20260802011913_1A-4-7-8-17-28C,30,1A,0,16,M252,AA5946,1,0
2026-08-02T05:21:17.195Z,deep_scan,20260802011913_1A-4-7-8-17-28C,30,1A,1,0,M252,AA7468,0,2
2026-08-02T05:21:17.195Z,deep_scan,20260802011913_1A-4-7-8-17-28C,30,1A,1,4,M53,AA5646,1,11
2026-08-02T05:21:17.195Z,deep_scan,20260802011913_1A-4-7-8-17-28C,30,1A,1,10,M21/1,AA5407,0,30
2026-08-02T05:21:17.205Z,deep_scan,20260802011913_1A-4-7-8-17-28C,30,1A,0,3,M10,AA6701,0,4
2026-08-02T05:21:17.205Z,deep_scan,20260802011913_1A-4-7-8-17-28C,30,1A,0,8,M52,AA7115,1,5
2026-08-02T05:21:17.205Z,deep_scan,20260802011913_1A-4-7-8-17-28C,30,1A,0,16,M252,AA5946,1,0
2026-08-02T05:21:47.210Z,deep_scan,20260802011913_1A-4-7-8-17-28C,30,1A,0,3,M10,AA6701,0,20
2026-08-02T05:21:47.210Z,deep_scan,20260802011913_1A-4-7-8-17-28C,30,1A,0,8,M52,AA7115,0,34
2026-08-02T05:21:47.210Z,deep_scan,20260802011913_1A-4-7-8-17-28C,30,1A,0,16,M252,AA5946,1,0
2026-08-02T05:21:47.219Z,deep_scan,20260802011913_1A-4-7-8-17-28C,30,1A,1,1,M161,AA7468,1,3
2026-08-02T05:21:47.219Z,deep_scan,20260802011913_1A-4-7-8-17-28C,30,1A,1,4,M53,AA5646,0,44
2026-08-02T05:21:47.219Z,deep_scan,20260802011913_1A-4-7-8-17-28C,30,1A,1,10,M21/1,AA5407,0,45
2026-08-02T05:22:17.236Z,deep_scan,20260802011913_1A-4-7-8-17-28C,30,1A,1,2,M70,AA7468,0,3
2026-08-02T05:22:17.236Z,deep_scan,20260802011913_1A-4-7-8-17-28C,30,1A,1,4,M53,AA5646,0,21
2026-08-02T05:22:17.236Z,deep_scan,20260802011913_1A-4-7-8-17-28C,30,1A,1,10,M21/1,AA5407,0,19
2026-08-02T05:22:17.255Z,deep_scan,20260802011913_1A-4-7-8-17-28C,30,1A,0,4,M27,AA6701,0,12
2026-08-02T05:22:17.255Z,deep_scan,20260802011913_1A-4-7-8-17-28C,30,1A,0,8,M52,AA7115,0,31
2026-08-02T05:22:47.266Z,deep_scan,20260802011913_1A-4-7-8-17-28C,30,1A,1,2,M70,AA7468,0,3
2026-08-02T05:22:47.266Z,deep_scan,20260802011913_1A-4-7-8-17-28C,30,1A,1,5,M49,AA5646,0,11
2026-08-02T05:22:47.266Z,deep_scan,20260802011913_1A-4-7-8-17-28C,30,1A,1,10,M21/1,AA5407,0,32
2026-08-02T05:22:47.625Z,deep_scan,20260802011913_1A-4-7-8-17-28C,30,1A,0,4,M27,AA6701,0,4
2026-08-02T05:22:47.625Z,deep_scan,20260802011913_1A-4-7-8-17-28C,30,1A,0,8,M52,AA7115,0,48
2026-08-02T05:23:17.191Z,deep_scan,20260802011913_1A-4-7-8-17-28C,30,1A,1,2,M70,AA7468,0,1
2026-08-02T05:23:17.191Z,deep_scan,20260802011913_1A-4-7-8-17-28C,30,1A,1,5,M49,AA5646,0,19
2026-08-02T05:23:17.191Z,deep_scan,20260802011913_1A-4-7-8-17-28C,30,1A,1,10,M21/1,AA5407,0,32
2026-08-02T05:23:17.226Z,deep_scan,20260802011913_1A-4-7-8-17-28C,30,1A,0,4,M27,AA6701,0,35
2026-08-02T05:23:17.226Z,deep_scan,20260802011913_1A-4-7-8-17-28C,30,1A,0,8,M52,AA7115,0,6
2026-08-02T05:23:47.264Z,deep_scan,20260802011913_1A-4-7-8-17-28C,30,1A,1,2,M70,AA7468,0,6
2026-08-02T05:23:47.264Z,deep_scan,20260802011913_1A-4-7-8-17-28C,30,1A,1,5,M49,AA5646,0,13
2026-08-02T05:23:47.264Z,deep_scan,20260802011913_1A-4-7-8-17-28C,30,1A,1,10,M21/1,AA5407,0,32
2026-08-02T05:23:47.556Z,deep_scan,20260802011913_1A-4-7-8-17-28C,30,1A,0,5,M29,AA6701,1,26
2026-08-02T05:23:47.556Z,deep_scan,20260802011913_1A-4-7-8-17-28C,30,1A,0,8,M52,AA7115,0,27
2026-08-02T05:24:17.221Z,deep_scan,20260802011913_1A-4-7-8-17-28C,30,1A,0,5,M29,AA6701,1,28
2026-08-02T05:24:17.221Z,deep_scan,20260802011913_1A-4-7-8-17-28C,30,1A,0,9,M239/1,AA7115,1,7
2026-08-02T05:24:17.262Z,deep_scan,20260802011913_1A-4-7-8-17-28C,30,1A,1,3,M118,AA7468,1,26
2026-08-02T05:24:17.262Z,deep_scan,20260802011913_1A-4-7-8-17-28C,30,1A,1,6,M35/1,AA5646,0,10
2026-08-02T05:24:17.262Z,deep_scan,20260802011913_1A-4-7-8-17-28C,30,1A,1,10,M21/1,AA5407,0,35
2026-08-02T05:24:47.228Z,deep_scan,20260802011913_1A-4-7-8-17-28C,30,1A,0,0,M120/2,AA7673,1,29
2026-08-02T05:24:47.228Z,deep_scan,20260802011913_1A-4-7-8-17-28C,30,1A,0,5,M29,AA6701,0,12
2026-08-02T05:24:47.228Z,deep_scan,20260802011913_1A-4-7-8-17-28C,30,1A,0,9,M239/1,AA7115,1,8
2026-08-02T05:24:47.276Z,deep_scan,20260802011913_1A-4-7-8-17-28C,30,1A,1,3,M118,AA7468,1,13
2026-08-02T05:24:47.276Z,deep_scan,20260802011913_1A-4-7-8-17-28C,30,1A,1,6,M35/1,AA5646,0,12
2026-08-02T05:24:47.276Z,deep_scan,20260802011913_1A-4-7-8-17-28C,30,1A,1,11,M120/2,AA5407,1,0
2026-08-02T05:25:17.239Z,deep_scan,20260802011913_1A-4-7-8-17-28C,30,1A,0,0,M120/2,AA7673,1,29
2026-08-02T05:25:17.239Z,deep_scan,20260802011913_1A-4-7-8-17-28C,30,1A,0,5,M29,AA6701,0,12
2026-08-02T05:25:17.239Z,deep_scan,20260802011913_1A-4-7-8-17-28C,30,1A,0,9,M239/1,AA7115,0,31
2026-08-02T05:25:17.275Z,deep_scan,20260802011913_1A-4-7-8-17-28C,30,1A,1,3,M118,AA7468,1,13
2026-08-02T05:25:17.275Z,deep_scan,20260802011913_1A-4-7-8-17-28C,30,1A,1,6,M35/1,AA5646,0,12
2026-08-02T05:25:17.275Z,deep_scan,20260802011913_1A-4-7-8-17-28C,30,1A,1,11,M120/2,AA5407,1,0
2026-08-02T05:25:47.275Z,deep_scan,20260802011913_1A-4-7-8-17-28C,30,1A,0,0,M120/2,AA7673,0,29
2026-08-02T05:25:47.275Z,deep_scan,20260802011913_1A-4-7-8-17-28C,30,1A,0,5,M29,AA6701,0,23
2026-08-02T05:25:47.275Z,deep_scan,20260802011913_1A-4-7-8-17-28C,30,1A,0,10,M254,AA7115,1,41
2026-08-02T05:25:47.301Z,deep_scan,20260802011913_1A-4-7-8-17-28C,30,1A,1,3,M118,AA7468,0,8
2026-08-02T05:25:47.301Z,deep_scan,20260802011913_1A-4-7-8-17-28C,30,1A,1,6,M35/1,AA5646,0,12
2026-08-02T05:25:47.301Z,deep_scan,20260802011913_1A-4-7-8-17-28C,30,1A,1,11,M120/2,AA5407,1,0
2026-08-02T05:26:17.254Z,deep_scan,20260802011913_1A-4-7-8-17-28C,30,1A,0,0,M120/2,AA7673,0,29
2026-08-02T05:26:17.254Z,deep_scan,20260802011913_1A-4-7-8-17-28C,30,1A,0,6,M36,AA6701,1,41
2026-08-02T05:26:17.254Z,deep_scan,20260802011913_1A-4-7-8-17-28C,30,1A,0,10,M254,AA7115,0,14
2026-08-02T05:26:17.277Z,deep_scan,20260802011913_1A-4-7-8-17-28C,30,1A,1,3,M118,AA7468,0,46
2026-08-02T05:26:17.277Z,deep_scan,20260802011913_1A-4-7-8-17-28C,30,1A,1,6,M35/1,AA5646,0,33
2026-08-02T05:26:17.277Z,deep_scan,20260802011913_1A-4-7-8-17-28C,30,1A,1,11,M120/2,AA5407,1,0
2026-08-02T05:26:47.300Z,deep_scan,20260802011913_1A-4-7-8-17-28C,30,1A,1,3,M118,AA7468,0,31
2026-08-02T05:26:47.300Z,deep_scan,20260802011913_1A-4-7-8-17-28C,30,1A,1,6,M35/1,AA5646,0,2
2026-08-02T05:26:47.300Z,deep_scan,20260802011913_1A-4-7-8-17-28C,30,1A,1,11,M120/2,AA5407,1,0
2026-08-02T05:26:47.339Z,deep_scan,20260802011913_1A-4-7-8-17-28C,30,1A,0,1,M108/1,AA7673,1,29
2026-08-02T05:26:47.339Z,deep_scan,20260802011913_1A-4-7-8-17-28C,30,1A,0,6,M36,AA6701,1,21
2026-08-02T05:26:47.339Z,deep_scan,20260802011913_1A-4-7-8-17-28C,30,1A,0,10,M254,AA7115,0,42
2026-08-02T05:27:17.293Z,deep_scan,20260802011913_1A-4-7-8-17-28C,30,1A,1,3,M118,AA7468,0,47
2026-08-02T05:27:17.293Z,deep_scan,20260802011913_1A-4-7-8-17-28C,30,1A,1,6,M35/1,AA5646,0,7
2026-08-02T05:27:17.293Z,deep_scan,20260802011913_1A-4-7-8-17-28C,30,1A,1,11,M120/2,AA5407,1,0
2026-08-02T05:27:17.338Z,deep_scan,20260802011913_1A-4-7-8-17-28C,30,1A,0,1,M108/1,AA7673,1,17
2026-08-02T05:27:17.338Z,deep_scan,20260802011913_1A-4-7-8-17-28C,30,1A,0,7,M48,AA6701,1,7
2026-08-02T05:27:17.338Z,deep_scan,20260802011913_1A-4-7-8-17-28C,30,1A,0,11,M241,AA7115,1,1
2026-08-02T05:27:47.315Z,deep_scan,20260802011913_1A-4-7-8-17-28C,30,1A,1,3,M118,AA7468,0,27
2026-08-02T05:27:47.315Z,deep_scan,20260802011913_1A-4-7-8-17-28C,30,1A,1,6,M35/1,AA5646,0,6
2026-08-02T05:27:47.315Z,deep_scan,20260802011913_1A-4-7-8-17-28C,30,1A,1,11,M120/2,AA5407,1,0
2026-08-02T05:27:47.364Z,deep_scan,20260802011913_1A-4-7-8-17-28C,30,1A,0,1,M108/1,AA7673,0,18
2026-08-02T05:27:47.364Z,deep_scan,20260802011913_1A-4-7-8-17-28C,30,1A,0,7,M48,AA6701,1,7
2026-08-02T05:27:47.364Z,deep_scan,20260802011913_1A-4-7-8-17-28C,30,1A,0,11,M241,AA7115,1,11
2026-08-02T05:28:17.287Z,deep_scan,20260802011913_1A-4-7-8-17-28C,30,1A,1,3,M118,AA7468,0,46
2026-08-02T05:28:17.287Z,deep_scan,20260802011913_1A-4-7-8-17-28C,30,1A,1,6,M35/1,AA5646,0,7
2026-08-02T05:28:17.287Z,deep_scan,20260802011913_1A-4-7-8-17-28C,30,1A,1,11,M120/2,AA5407,1,0
2026-08-02T05:28:17.310Z,deep_scan,20260802011913_1A-4-7-8-17-28C,30,1A,0,1,M108/1,AA7673,0,33
2026-08-02T05:28:17.310Z,deep_scan,20260802011913_1A-4-7-8-17-28C,30,1A,0,7,M48,AA6701,1,7
2026-08-02T05:28:17.310Z,deep_scan,20260802011913_1A-4-7-8-17-28C,30,1A,0,11,M241,AA7115,0,25
2026-08-02T05:28:47.283Z,deep_scan,20260802011913_1A-4-7-8-17-28C,30,1A,0,1,M108/1,AA7673,0,10
2026-08-02T05:28:47.283Z,deep_scan,20260802011913_1A-4-7-8-17-28C,30,1A,0,7,M48,AA6701,1,40
2026-08-02T05:28:47.283Z,deep_scan,20260802011913_1A-4-7-8-17-28C,30,1A,0,12,M71,AA7115,1,6
2026-08-02T05:28:47.315Z,deep_scan,20260802011913_1A-4-7-8-17-28C,30,1A,1,0,M252,AA5946,1,11
2026-08-02T05:28:47.315Z,deep_scan,20260802011913_1A-4-7-8-17-28C,30,1A,1,4,M53,AA7468,1,48
2026-08-02T05:28:47.315Z,deep_scan,20260802011913_1A-4-7-8-17-28C,30,1A,1,7,M28/1,AA5646,0,12
2026-08-02T05:29:17.319Z,deep_scan,20260802011913_1A-4-7-8-17-28C,30,1A,0,1,M108/1,AA7673,0,38
2026-08-02T05:29:17.319Z,deep_scan,20260802011913_1A-4-7-8-17-28C,30,1A,0,7,M48,AA6701,0,28
2026-08-02T05:29:17.319Z,deep_scan,20260802011913_1A-4-7-8-17-28C,30,1A,0,13,M156,AA7115,1,27
2026-08-02T05:29:17.326Z,deep_scan,20260802011913_1A-4-7-8-17-28C,30,1A,1,0,M252,AA5946,0,8
2026-08-02T05:29:17.326Z,deep_scan,20260802011913_1A-4-7-8-17-28C,30,1A,1,4,M53,AA7468,0,7
2026-08-02T05:29:17.326Z,deep_scan,20260802011913_1A-4-7-8-17-28C,30,1A,1,7,M28/1,AA5646,0,21
2026-08-02T05:29:47.332Z,deep_scan,20260802011913_1A-4-7-8-17-28C,30,1A,0,1,M108/1,AA7673,0,17
2026-08-02T05:29:47.332Z,deep_scan,20260802011913_1A-4-7-8-17-28C,30,1A,0,7,M48,AA6701,0,49
2026-08-02T05:29:47.332Z,deep_scan,20260802011913_1A-4-7-8-17-28C,30,1A,0,13,M156,AA7115,1,10
2026-08-02T05:29:47.338Z,deep_scan,20260802011913_1A-4-7-8-17-28C,30,1A,1,0,M252,AA5946,0,40
2026-08-02T05:29:47.338Z,deep_scan,20260802011913_1A-4-7-8-17-28C,30,1A,1,4,M53,AA7468,0,40
2026-08-02T05:29:47.338Z,deep_scan,20260802011913_1A-4-7-8-17-28C,30,1A,1,8,M11,AA5646,1,4
2026-08-02T05:30:17.321Z,deep_scan,20260802011913_1A-4-7-8-17-28C,30,1A,0,1,M108/1,AA7673,0,19
2026-08-02T05:30:17.321Z,deep_scan,20260802011913_1A-4-7-8-17-28C,30,1A,0,8,M52,AA6701,0,38
2026-08-02T05:30:17.321Z,deep_scan,20260802011913_1A-4-7-8-17-28C,30,1A,0,13,M156,AA7115,0,2
2026-08-02T05:30:17.362Z,deep_scan,20260802011913_1A-4-7-8-17-28C,30,1A,1,1,M161,AA5946,1,3
2026-08-02T05:30:17.362Z,deep_scan,20260802011913_1A-4-7-8-17-28C,30,1A,1,4,M53,AA7468,0,38
2026-08-02T05:30:17.362Z,deep_scan,20260802011913_1A-4-7-8-17-28C,30,1A,1,8,M11,AA5646,1,1
2026-08-02T05:30:47.325Z,deep_scan,20260802011913_1A-4-7-8-17-28C,30,1A,1,1,M161,AA5946,1,3
2026-08-02T05:30:47.325Z,deep_scan,20260802011913_1A-4-7-8-17-28C,30,1A,1,5,M49,AA7468,0,31
2026-08-02T05:30:47.325Z,deep_scan,20260802011913_1A-4-7-8-17-28C,30,1A,1,9,M12,AA5646,1,16
2026-08-02T05:30:47.371Z,deep_scan,20260802011913_1A-4-7-8-17-28C,30,1A,0,2,M26/1,AA7673,1,10
2026-08-02T05:30:47.371Z,deep_scan,20260802011913_1A-4-7-8-17-28C,30,1A,0,8,M52,AA6701,0,39
2026-08-02T05:30:47.371Z,deep_scan,20260802011913_1A-4-7-8-17-28C,30,1A,0,13,M156,AA7115,0,2
2026-08-02T05:31:17.333Z,deep_scan,20260802011913_1A-4-7-8-17-28C,30,1A,0,2,M26/1,AA7673,1,3
2026-08-02T05:31:17.333Z,deep_scan,20260802011913_1A-4-7-8-17-28C,30,1A,0,8,M52,AA6701,0,47
2026-08-02T05:31:17.333Z,deep_scan,20260802011913_1A-4-7-8-17-28C,30,1A,0,13,M156,AA7115,0,31
2026-08-02T05:31:17.342Z,deep_scan,20260802011913_1A-4-7-8-17-28C,30,1A,1,1,M161,AA5946,0,11
2026-08-02T05:31:17.342Z,deep_scan,20260802011913_1A-4-7-8-17-28C,30,1A,1,6,M35/1,AA7468,1,9
2026-08-02T05:31:17.342Z,deep_scan,20260802011913_1A-4-7-8-17-28C,30,1A,1,9,M12,AA5646,1,4
2026-08-02T05:31:47.368Z,deep_scan,20260802011913_1A-4-7-8-17-28C,30,1A,0,2,M26/1,AA7673,1,3
2026-08-02T05:31:47.368Z,deep_scan,20260802011913_1A-4-7-8-17-28C,30,1A,0,8,M52,AA6701,0,39
2026-08-02T05:31:47.368Z,deep_scan,20260802011913_1A-4-7-8-17-28C,30,1A,0,13,M156,AA7115,0,4
2026-08-02T05:31:47.379Z,deep_scan,20260802011913_1A-4-7-8-17-28C,30,1A,1,1,M161,AA5946,0,4
2026-08-02T05:31:47.379Z,deep_scan,20260802011913_1A-4-7-8-17-28C,30,1A,1,6,M35/1,AA7468,1,37
2026-08-02T05:31:47.379Z,deep_scan,20260802011913_1A-4-7-8-17-28C,30,1A,1,10,M21/1,AA5646,1,3
2026-08-02T05:32:17.351Z,deep_scan,20260802011913_1A-4-7-8-17-28C,30,1A,1,2,M70,AA5946,0,24
2026-08-02T05:32:17.351Z,deep_scan,20260802011913_1A-4-7-8-17-28C,30,1A,1,6,M35/1,AA7468,1,37
2026-08-02T05:32:17.351Z,deep_scan,20260802011913_1A-4-7-8-17-28C,30,1A,1,10,M21/1,AA5646,1,3
2026-08-02T05:32:17.379Z,deep_scan,20260802011913_1A-4-7-8-17-28C,30,1A,0,2,M26/1,AA7673,1,3
2026-08-02T05:32:17.379Z,deep_scan,20260802011913_1A-4-7-8-17-28C,30,1A,0,8,M52,AA6701,0,7
2026-08-02T05:32:17.379Z,deep_scan,20260802011913_1A-4-7-8-17-28C,30,1A,0,14,M253,AA7115,1,29
2026-08-02T05:32:47.399Z,deep_scan,20260802011913_1A-4-7-8-17-28C,30,1A,1,3,M118,AA5946,1,27
2026-08-02T05:32:47.399Z,deep_scan,20260802011913_1A-4-7-8-17-28C,30,1A,1,6,M35/1,AA7468,0,37
2026-08-02T05:32:47.399Z,deep_scan,20260802011913_1A-4-7-8-17-28C,30,1A,1,10,M21/1,AA5646,1,30
2026-08-02T05:32:47.436Z,deep_scan,20260802011913_1A-4-7-8-17-28C,30,1A,0,2,M26/1,AA7673,0,8
2026-08-02T05:32:47.436Z,deep_scan,20260802011913_1A-4-7-8-17-28C,30,1A,0,8,M52,AA6701,0,32
2026-08-02T05:32:47.436Z,deep_scan,20260802011913_1A-4-7-8-17-28C,30,1A,0,14,M253,AA7115,0,8
2026-08-02T05:33:17.362Z,deep_scan,20260802011913_1A-4-7-8-17-28C,30,1A,1,3,M118,AA5946,1,6
2026-08-02T05:33:17.362Z,deep_scan,20260802011913_1A-4-7-8-17-28C,30,1A,1,6,M35/1,AA7468,0,6
2026-08-02T05:33:17.362Z,deep_scan,20260802011913_1A-4-7-8-17-28C,30,1A,1,10,M21/1,AA5646,0,13
2026-08-02T05:33:17.375Z,deep_scan,20260802011913_1A-4-7-8-17-28C,30,1A,0,2,M26/1,AA7673,0,17
2026-08-02T05:33:17.375Z,deep_scan,20260802011913_1A-4-7-8-17-28C,30,1A,0,9,M239/1,AA6701,1,22
2026-08-02T05:33:17.375Z,deep_scan,20260802011913_1A-4-7-8-17-28C,30,1A,0,15,M250,AA7115,1,21
2026-08-02T05:33:47.406Z,deep_scan,20260802011913_1A-4-7-8-17-28C,30,1A,0,2,M26/1,AA7673,0,20
2026-08-02T05:33:47.406Z,deep_scan,20260802011913_1A-4-7-8-17-28C,30,1A,0,9,M239/1,AA6701,0,9
2026-08-02T05:33:47.406Z,deep_scan,20260802011913_1A-4-7-8-17-28C,30,1A,0,15,M250,AA7115,1,11
2026-08-02T05:33:47.410Z,deep_scan,20260802011913_1A-4-7-8-17-28C,30,1A,1,3,M118,AA5946,0,6
2026-08-02T05:33:47.410Z,deep_scan,20260802011913_1A-4-7-8-17-28C,30,1A,1,7,M28/1,AA7468,1,21
2026-08-02T05:33:47.410Z,deep_scan,20260802011913_1A-4-7-8-17-28C,30,1A,1,10,M21/1,AA5646,0,3
2026-08-02T05:34:17.390Z,deep_scan,20260802011913_1A-4-7-8-17-28C,30,1A,1,3,M118,AA5946,0,40
2026-08-02T05:34:17.390Z,deep_scan,20260802011913_1A-4-7-8-17-28C,30,1A,1,7,M28/1,AA7468,1,21
2026-08-02T05:34:17.390Z,deep_scan,20260802011913_1A-4-7-8-17-28C,30,1A,1,10,M21/1,AA5646,0,3
2026-08-02T05:34:17.493Z,deep_scan,20260802011913_1A-4-7-8-17-28C,30,1A,0,2,M26/1,AA7673,0,20
2026-08-02T05:34:17.493Z,deep_scan,20260802011913_1A-4-7-8-17-28C,30,1A,0,10,M254,AA6701,1,44
2026-08-02T05:34:17.493Z,deep_scan,20260802011913_1A-4-7-8-17-28C,30,1A,0,15,M250,AA7115,0,23
2026-08-02T05:34:47.428Z,deep_scan,20260802011913_1A-4-7-8-17-28C,30,1A,0,2,M26/1,AA7673,0,31
2026-08-02T05:34:47.428Z,deep_scan,20260802011913_1A-4-7-8-17-28C,30,1A,0,10,M254,AA6701,1,18
2026-08-02T05:34:47.428Z,deep_scan,20260802011913_1A-4-7-8-17-28C,30,1A,0,16,M252,AA7115,1,0
2026-08-02T05:34:48.440Z,deep_scan,20260802011913_1A-4-7-8-17-28C,30,1A,1,3,M118,AA5946,0,44
2026-08-02T05:34:48.440Z,deep_scan,20260802011913_1A-4-7-8-17-28C,30,1A,1,7,M28/1,AA7468,1,36
2026-08-02T05:34:48.440Z,deep_scan,20260802011913_1A-4-7-8-17-28C,30,1A,1,10,M21/1,AA5646,0,3
2026-08-02T05:35:17.401Z,deep_scan,20260802011913_1A-4-7-8-17-28C,30,1A,0,3,M10,AA7673,1,4
2026-08-02T05:35:17.401Z,deep_scan,20260802011913_1A-4-7-8-17-28C,30,1A,0,10,M254,AA6701,0,30
2026-08-02T05:35:17.401Z,deep_scan,20260802011913_1A-4-7-8-17-28C,30,1A,0,16,M252,AA7115,1,0
2026-08-02T05:35:17.437Z,deep_scan,20260802011913_1A-4-7-8-17-28C,30,1A,1,3,M118,AA5946,0,48
2026-08-02T05:35:17.437Z,deep_scan,20260802011913_1A-4-7-8-17-28C,30,1A,1,7,M28/1,AA7468,0,21
2026-08-02T05:35:17.437Z,deep_scan,20260802011913_1A-4-7-8-17-28C,30,1A,1,10,M21/1,AA5646,0,3
2026-08-02T05:35:47.466Z,deep_scan,20260802011913_1A-4-7-8-17-28C,30,1A,0,0,M120/2,AA5407,0,35
2026-08-02T05:35:47.466Z,deep_scan,20260802011913_1A-4-7-8-17-28C,30,1A,0,3,M10,AA7673,1,4
2026-08-02T05:35:47.466Z,deep_scan,20260802011913_1A-4-7-8-17-28C,30,1A,0,10,M254,AA6701,0,18
2026-08-02T05:35:47.466Z,deep_scan,20260802011913_1A-4-7-8-17-28C,30,1A,0,16,M252,AA7115,1,0
2026-08-02T05:35:47.486Z,deep_scan,20260802011913_1A-4-7-8-17-28C,30,1A,1,3,M118,AA5946,0,45
2026-08-02T05:35:47.486Z,deep_scan,20260802011913_1A-4-7-8-17-28C,30,1A,1,7,M28/1,AA7468,0,28
2026-08-02T05:35:47.486Z,deep_scan,20260802011913_1A-4-7-8-17-28C,30,1A,1,10,M21/1,AA5646,0,17
2026-08-02T05:36:17.436Z,deep_scan,20260802011913_1A-4-7-8-17-28C,30,1A,0,0,M120/2,AA5407,0,35
2026-08-02T05:36:17.436Z,deep_scan,20260802011913_1A-4-7-8-17-28C,30,1A,0,3,M10,AA7673,0,21
2026-08-02T05:36:17.436Z,deep_scan,20260802011913_1A-4-7-8-17-28C,30,1A,0,11,M241,AA6701,1,22
2026-08-02T05:36:17.436Z,deep_scan,20260802011913_1A-4-7-8-17-28C,30,1A,0,16,M252,AA7115,1,0
2026-08-02T05:36:17.460Z,deep_scan,20260802011913_1A-4-7-8-17-28C,30,1A,1,3,M118,AA5946,0,48
2026-08-02T05:36:17.460Z,deep_scan,20260802011913_1A-4-7-8-17-28C,30,1A,1,7,M28/1,AA7468,0,21
2026-08-02T05:36:17.460Z,deep_scan,20260802011913_1A-4-7-8-17-28C,30,1A,1,10,M21/1,AA5646,0,40
2026-08-02T05:36:47.419Z,deep_scan,20260802011913_1A-4-7-8-17-28C,30,1A,0,0,M120/2,AA5407,0,14
2026-08-02T05:36:47.419Z,deep_scan,20260802011913_1A-4-7-8-17-28C,30,1A,0,3,M10,AA7673,0,18
2026-08-02T05:36:47.419Z,deep_scan,20260802011913_1A-4-7-8-17-28C,30,1A,0,11,M241,AA6701,1,24
2026-08-02T05:36:47.419Z,deep_scan,20260802011913_1A-4-7-8-17-28C,30,1A,0,16,M252,AA7115,1,0
2026-08-02T05:36:47.470Z,deep_scan,20260802011913_1A-4-7-8-17-28C,30,1A,1,4,M53,AA5946,1,40
2026-08-02T05:36:47.470Z,deep_scan,20260802011913_1A-4-7-8-17-28C,30,1A,1,8,M11,AA7468,1,35
2026-08-02T05:36:47.470Z,deep_scan,20260802011913_1A-4-7-8-17-28C,30,1A,1,10,M21/1,AA5646,0,26
2026-08-02T05:37:17.440Z,deep_scan,20260802011913_1A-4-7-8-17-28C,30,1A,1,4,M53,AA5946,0,48
2026-08-02T05:37:17.440Z,deep_scan,20260802011913_1A-4-7-8-17-28C,30,1A,1,8,M11,AA7468,0,10
2026-08-02T05:37:17.440Z,deep_scan,20260802011913_1A-4-7-8-17-28C,30,1A,1,10,M21/1,AA5646,0,9
2026-08-02T05:37:17.624Z,deep_scan,20260802011913_1A-4-7-8-17-28C,30,1A,0,0,M120/2,AA5407,0,14
2026-08-02T05:37:17.624Z,deep_scan,20260802011913_1A-4-7-8-17-28C,30,1A,0,3,M10,AA7673,0,19
2026-08-02T05:37:17.624Z,deep_scan,20260802011913_1A-4-7-8-17-28C,30,1A,0,11,M241,AA6701,0,31
2026-08-02T05:37:17.624Z,deep_scan,20260802011913_1A-4-7-8-17-28C,30,1A,0,16,M252,AA7115,1,0
2026-08-02T05:37:47.431Z,deep_scan,20260802011913_1A-4-7-8-17-28C,30,1A,0,1,M108/1,AA5407,1,15
2026-08-02T05:37:47.431Z,deep_scan,20260802011913_1A-4-7-8-17-28C,30,1A,0,4,M27,AA7673,0,14
2026-08-02T05:37:47.431Z,deep_scan,20260802011913_1A-4-7-8-17-28C,30,1A,0,12,M71,AA6701,1,9
2026-08-02T05:37:47.431Z,deep_scan,20260802011913_1A-4-7-8-17-28C,30,1A,0,16,M252,AA7115,1,0
2026-08-02T05:37:47.440Z,deep_scan,20260802011913_1A-4-7-8-17-28C,30,1A,1,5,M49,AA5946,1,5
2026-08-02T05:37:47.440Z,deep_scan,20260802011913_1A-4-7-8-17-28C,30,1A,1,9,M12,AA7468,1,37
2026-08-02T05:37:47.440Z,deep_scan,20260802011913_1A-4-7-8-17-28C,30,1A,1,10,M21/1,AA5646,0,4
2026-08-02T05:38:17.439Z,deep_scan,20260802011913_1A-4-7-8-17-28C,30,1A,0,1,M108/1,AA5407,1,28
2026-08-02T05:38:17.439Z,deep_scan,20260802011913_1A-4-7-8-17-28C,30,1A,0,4,M27,AA7673,0,17
2026-08-02T05:38:17.439Z,deep_scan,20260802011913_1A-4-7-8-17-28C,30,1A,0,12,M71,AA6701,1,6
2026-08-02T05:38:17.439Z,deep_scan,20260802011913_1A-4-7-8-17-28C,30,1A,0,16,M252,AA7115,1,0
2026-08-02T05:38:17.480Z,deep_scan,20260802011913_1A-4-7-8-17-28C,30,1A,1,5,M49,AA5946,1,7
2026-08-02T05:38:17.480Z,deep_scan,20260802011913_1A-4-7-8-17-28C,30,1A,1,9,M12,AA7468,0,23
2026-08-02T05:38:17.480Z,deep_scan,20260802011913_1A-4-7-8-17-28C,30,1A,1,11,M120/2,AA5646,1,0
2026-08-02T05:38:47.452Z,deep_scan,20260802011913_1A-4-7-8-17-28C,30,1A,1,5,M49,AA5946,1,14
2026-08-02T05:38:47.452Z,deep_scan,20260802011913_1A-4-7-8-17-28C,30,1A,1,9,M12,AA7468,0,23
2026-08-02T05:38:47.452Z,deep_scan,20260802011913_1A-4-7-8-17-28C,30,1A,1,11,M120/2,AA5646,1,0
2026-08-02T05:38:47.489Z,deep_scan,20260802011913_1A-4-7-8-17-28C,30,1A,0,1,M108/1,AA5407,0,11
2026-08-02T05:38:47.489Z,deep_scan,20260802011913_1A-4-7-8-17-28C,30,1A,0,4,M27,AA7673,0,8
2026-08-02T05:38:47.489Z,deep_scan,20260802011913_1A-4-7-8-17-28C,30,1A,0,13,M156,AA6701,1,1
2026-08-02T05:38:47.489Z,deep_scan,20260802011913_1A-4-7-8-17-28C,30,1A,0,16,M252,AA7115,1,0
2026-08-02T05:39:17.445Z,deep_scan,20260802011913_1A-4-7-8-17-28C,30,1A,1,5,M49,AA5946,1,14
2026-08-02T05:39:17.445Z,deep_scan,20260802011913_1A-4-7-8-17-28C,30,1A,1,10,M21/1,AA7468,1,24
2026-08-02T05:39:17.445Z,deep_scan,20260802011913_1A-4-7-8-17-28C,30,1A,1,11,M120/2,AA5646,1,0
2026-08-02T05:39:17.504Z,deep_scan,20260802011913_1A-4-7-8-17-28C,30,1A,0,1,M108/1,AA5407,0,43
2026-08-02T05:39:17.504Z,deep_scan,20260802011913_1A-4-7-8-17-28C,30,1A,0,4,M27,AA7673,0,8
2026-08-02T05:39:17.504Z,deep_scan,20260802011913_1A-4-7-8-17-28C,30,1A,0,13,M156,AA6701,1,1
2026-08-02T05:39:47.488Z,deep_scan,20260802011913_1A-4-7-8-17-28C,30,1A,0,1,M108/1,AA5407,0,5
2026-08-02T05:39:47.488Z,deep_scan,20260802011913_1A-4-7-8-17-28C,30,1A,0,4,M27,AA7673,0,21
2026-08-02T05:39:47.488Z,deep_scan,20260802011913_1A-4-7-8-17-28C,30,1A,0,13,M156,AA6701,1,8
2026-08-02T05:39:47.559Z,deep_scan,20260802011913_1A-4-7-8-17-28C,30,1A,1,5,M49,AA5946,0,18
2026-08-02T05:39:47.559Z,deep_scan,20260802011913_1A-4-7-8-17-28C,30,1A,1,10,M21/1,AA7468,0,1
2026-08-02T05:39:47.559Z,deep_scan,20260802011913_1A-4-7-8-17-28C,30,1A,1,11,M120/2,AA5646,1,0
2026-08-02T05:40:17.501Z,deep_scan,20260802011913_1A-4-7-8-17-28C,30,1A,1,6,M35/1,AA5946,1,19
2026-08-02T05:40:17.501Z,deep_scan,20260802011913_1A-4-7-8-17-28C,30,1A,1,10,M21/1,AA7468,0,5
2026-08-02T05:40:17.501Z,deep_scan,20260802011913_1A-4-7-8-17-28C,30,1A,1,11,M120/2,AA5646,1,0
2026-08-02T05:40:17.532Z,deep_scan,20260802011913_1A-4-7-8-17-28C,30,1A,0,1,M108/1,AA5407,0,44
2026-08-02T05:40:17.532Z,deep_scan,20260802011913_1A-4-7-8-17-28C,30,1A,0,4,M27,AA7673,0,21
2026-08-02T05:40:17.532Z,deep_scan,20260802011913_1A-4-7-8-17-28C,30,1A,0,13,M156,AA6701,0,8
2026-08-02T05:40:47.540Z,deep_scan,20260802011913_1A-4-7-8-17-28C,30,1A,0,1,M108/1,AA5407,0,27
2026-08-02T05:40:47.540Z,deep_scan,20260802011913_1A-4-7-8-17-28C,30,1A,0,5,M29,AA7673,1,28
2026-08-02T05:40:47.540Z,deep_scan,20260802011913_1A-4-7-8-17-28C,30,1A,0,13,M156,AA6701,0,8
2026-08-02T05:40:47.584Z,deep_scan,20260802011913_1A-4-7-8-17-28C,30,1A,1,0,M252,AA7115,1,2
2026-08-02T05:40:47.584Z,deep_scan,20260802011913_1A-4-7-8-17-28C,30,1A,1,6,M35/1,AA5946,1,10
2026-08-02T05:40:47.584Z,deep_scan,20260802011913_1A-4-7-8-17-28C,30,1A,1,10,M21/1,AA7468,0,5
2026-08-02T05:40:47.584Z,deep_scan,20260802011913_1A-4-7-8-17-28C,30,1A,1,11,M120/2,AA5646,1,0
2026-08-02T05:41:17.506Z,deep_scan,20260802011913_1A-4-7-8-17-28C,30,1A,0,1,M108/1,AA5407,0,23
2026-08-02T05:41:17.506Z,deep_scan,20260802011913_1A-4-7-8-17-28C,30,1A,0,5,M29,AA7673,1,3
2026-08-02T05:41:17.506Z,deep_scan,20260802011913_1A-4-7-8-17-28C,30,1A,0,13,M156,AA6701,0,15
2026-08-02T05:41:17.555Z,deep_scan,20260802011913_1A-4-7-8-17-28C,30,1A,1,0,M252,AA7115,0,19
2026-08-02T05:41:17.555Z,deep_scan,20260802011913_1A-4-7-8-17-28C,30,1A,1,6,M35/1,AA5946,1,10
2026-08-02T05:41:17.555Z,deep_scan,20260802011913_1A-4-7-8-17-28C,30,1A,1,10,M21/1,AA7468,0,14
2026-08-02T05:41:17.555Z,deep_scan,20260802011913_1A-4-7-8-17-28C,30,1A,1,11,M120/2,AA5646,1,0
2026-08-02T05:41:47.543Z,deep_scan,20260802011913_1A-4-7-8-17-28C,30,1A,1,0,M252,AA7115,0,30
2026-08-02T05:41:47.543Z,deep_scan,20260802011913_1A-4-7-8-17-28C,30,1A,1,6,M35/1,AA5946,1,10
2026-08-02T05:41:47.543Z,deep_scan,20260802011913_1A-4-7-8-17-28C,30,1A,1,10,M21/1,AA7468,0,9
2026-08-02T05:41:47.543Z,deep_scan,20260802011913_1A-4-7-8-17-28C,30,1A,1,11,M120/2,AA5646,1,0
2026-08-02T05:41:47.547Z,deep_scan,20260802011913_1A-4-7-8-17-28C,30,1A,0,2,M26/1,AA5407,1,22
2026-08-02T05:41:47.547Z,deep_scan,20260802011913_1A-4-7-8-17-28C,30,1A,0,5,M29,AA7673,1,3
2026-08-02T05:41:47.547Z,deep_scan,20260802011913_1A-4-7-8-17-28C,30,1A,0,14,M253,AA6701,1,29
2026-08-02T05:42:17.563Z,deep_scan,20260802011913_1A-4-7-8-17-28C,30,1A,0,2,M26/1,AA5407,1,22
2026-08-02T05:42:17.563Z,deep_scan,20260802011913_1A-4-7-8-17-28C,30,1A,0,5,M29,AA7673,0,11
2026-08-02T05:42:17.563Z,deep_scan,20260802011913_1A-4-7-8-17-28C,30,1A,0,14,M253,AA6701,1,16
2026-08-02T05:42:17.567Z,deep_scan,20260802011913_1A-4-7-8-17-28C,30,1A,1,0,M252,AA7115,0,40
2026-08-02T05:42:17.567Z,deep_scan,20260802011913_1A-4-7-8-17-28C,30,1A,1,6,M35/1,AA5946,0,12
2026-08-02T05:42:17.567Z,deep_scan,20260802011913_1A-4-7-8-17-28C,30,1A,1,10,M21/1,AA7468,0,26
2026-08-02T05:42:17.567Z,deep_scan,20260802011913_1A-4-7-8-17-28C,30,1A,1,11,M120/2,AA5646,1,0
2026-08-02T05:42:47.511Z,deep_scan,20260802011913_1A-4-7-8-17-28C,30,1A,1,0,M252,AA7115,0,19
2026-08-02T05:42:47.511Z,deep_scan,20260802011913_1A-4-7-8-17-28C,30,1A,1,6,M35/1,AA5946,0,4
2026-08-02T05:42:47.511Z,deep_scan,20260802011913_1A-4-7-8-17-28C,30,1A,1,10,M21/1,AA7468,0,26
2026-08-02T05:42:47.526Z,deep_scan,20260802011913_1A-4-7-8-17-28C,30,1A,0,2,M26/1,AA5407,0,13
2026-08-02T05:42:47.526Z,deep_scan,20260802011913_1A-4-7-8-17-28C,30,1A,0,6,M36,AA7673,1,39
2026-08-02T05:42:47.526Z,deep_scan,20260802011913_1A-4-7-8-17-28C,30,1A,0,14,M253,AA6701,0,11
2026-08-02T05:43:17.564Z,deep_scan,20260802011913_1A-4-7-8-17-28C,30,1A,0,2,M26/1,AA5407,0,36
2026-08-02T05:43:17.564Z,deep_scan,20260802011913_1A-4-7-8-17-28C,30,1A,0,6,M36,AA7673,1,5
2026-08-02T05:43:17.564Z,deep_scan,20260802011913_1A-4-7-8-17-28C,30,1A,0,15,M250,AA6701,1,19
2026-08-02T05:43:17.606Z,deep_scan,20260802011913_1A-4-7-8-17-28C,30,1A,1,1,M161,AA7115,1,23
2026-08-02T05:43:17.606Z,deep_scan,20260802011913_1A-4-7-8-17-28C,30,1A,1,7,M28/1,AA5946,1,8
2026-08-02T05:43:17.606Z,deep_scan,20260802011913_1A-4-7-8-17-28C,30,1A,1,10,M21/1,AA7468,0,26
2026-08-02T05:43:47.574Z,deep_scan,20260802011913_1A-4-7-8-17-28C,30,1A,0,2,M26/1,AA5407,0,49
2026-08-02T05:43:47.574Z,deep_scan,20260802011913_1A-4-7-8-17-28C,30,1A,0,6,M36,AA7673,0,2
2026-08-02T05:43:47.574Z,deep_scan,20260802011913_1A-4-7-8-17-28C,30,1A,0,15,M250,AA6701,1,11
2026-08-02T05:43:47.592Z,deep_scan,20260802011913_1A-4-7-8-17-28C,30,1A,1,2,M70,AA7115,1,21
2026-08-02T05:43:47.592Z,deep_scan,20260802011913_1A-4-7-8-17-28C,30,1A,1,7,M28/1,AA5946,0,33
2026-08-02T05:43:47.592Z,deep_scan,20260802011913_1A-4-7-8-17-28C,30,1A,1,10,M21/1,AA7468,0,16
2026-08-02T05:44:17.586Z,deep_scan,20260802011913_1A-4-7-8-17-28C,30,1A,1,2,M70,AA7115,1,4
2026-08-02T05:44:17.586Z,deep_scan,20260802011913_1A-4-7-8-17-28C,30,1A,1,7,M28/1,AA5946,0,3
2026-08-02T05:44:17.586Z,deep_scan,20260802011913_1A-4-7-8-17-28C,30,1A,1,10,M21/1,AA7468,0,47
2026-08-02T05:44:17.595Z,deep_scan,20260802011913_1A-4-7-8-17-28C,30,1A,0,3,M10,AA5407,1,40
2026-08-02T05:44:17.595Z,deep_scan,20260802011913_1A-4-7-8-17-28C,30,1A,0,6,M36,AA7673,0,2
2026-08-02T05:44:17.595Z,deep_scan,20260802011913_1A-4-7-8-17-28C,30,1A,0,15,M250,AA6701,0,15
2026-08-02T05:44:47.563Z,deep_scan,20260802011913_1A-4-7-8-17-28C,30,1A,1,2,M70,AA7115,0,17
2026-08-02T05:44:47.563Z,deep_scan,20260802011913_1A-4-7-8-17-28C,30,1A,1,7,M28/1,AA5946,0,11
2026-08-02T05:44:47.563Z,deep_scan,20260802011913_1A-4-7-8-17-28C,30,1A,1,10,M21/1,AA7468,0,8
2026-08-02T05:44:47.606Z,deep_scan,20260802011913_1A-4-7-8-17-28C,30,1A,0,3,M10,AA5407,1,40
2026-08-02T05:44:47.606Z,deep_scan,20260802011913_1A-4-7-8-17-28C,30,1A,0,6,M36,AA7673,0,2
2026-08-02T05:44:47.606Z,deep_scan,20260802011913_1A-4-7-8-17-28C,30,1A,0,15,M250,AA6701,0,21
2026-08-02T05:45:17.539Z,deep_scan,20260802011913_1A-4-7-8-17-28C,30,1A,0,3,M10,AA5407,0,13
2026-08-02T05:45:17.539Z,deep_scan,20260802011913_1A-4-7-8-17-28C,30,1A,0,7,M48,AA7673,1,24
2026-08-02T05:45:17.539Z,deep_scan,20260802011913_1A-4-7-8-17-28C,30,1A,0,16,M252,AA6701,1,0
2026-08-02T05:45:17.631Z,deep_scan,20260802011913_1A-4-7-8-17-28C,30,1A,1,3,M118,AA7115,1,5
2026-08-02T05:45:17.631Z,deep_scan,20260802011913_1A-4-7-8-17-28C,30,1A,1,7,M28/1,AA5946,0,24
2026-08-02T05:45:17.631Z,deep_scan,20260802011913_1A-4-7-8-17-28C,30,1A,1,10,M21/1,AA7468,0,5
2026-08-02T05:45:47.593Z,deep_scan,20260802011913_1A-4-7-8-17-28C,30,1A,0,0,M120/2,AA5646,1,4
2026-08-02T05:45:47.593Z,deep_scan,20260802011913_1A-4-7-8-17-28C,30,1A,0,3,M10,AA5407,0,25
2026-08-02T05:45:47.593Z,deep_scan,20260802011913_1A-4-7-8-17-28C,30,1A,0,7,M48,AA7673,1,21
2026-08-02T05:45:47.593Z,deep_scan,20260802011913_1A-4-7-8-17-28C,30,1A,0,16,M252,AA6701,1,0
2026-08-02T05:45:47.603Z,deep_scan,20260802011913_1A-4-7-8-17-28C,30,1A,1,3,M118,AA7115,1,3
2026-08-02T05:45:47.603Z,deep_scan,20260802011913_1A-4-7-8-17-28C,30,1A,1,8,M11,AA5946,1,14
2026-08-02T05:45:47.603Z,deep_scan,20260802011913_1A-4-7-8-17-28C,30,1A,1,10,M21/1,AA7468,0,21
2026-08-02T05:46:17.609Z,deep_scan,20260802011913_1A-4-7-8-17-28C,30,1A,0,0,M120/2,AA5646,1,4
2026-08-02T05:46:17.609Z,deep_scan,20260802011913_1A-4-7-8-17-28C,30,1A,0,4,M27,AA5407,1,24
2026-08-02T05:46:17.609Z,deep_scan,20260802011913_1A-4-7-8-17-28C,30,1A,0,7,M48,AA7673,0,39
2026-08-02T05:46:17.609Z,deep_scan,20260802011913_1A-4-7-8-17-28C,30,1A,0,16,M252,AA6701,1,0
2026-08-02T05:46:17.617Z,deep_scan,20260802011913_1A-4-7-8-17-28C,30,1A,1,3,M118,AA7115,1,3
2026-08-02T05:46:17.617Z,deep_scan,20260802011913_1A-4-7-8-17-28C,30,1A,1,9,M12,AA5946,1,7
2026-08-02T05:46:17.617Z,deep_scan,20260802011913_1A-4-7-8-17-28C,30,1A,1,10,M21/1,AA7468,0,18
2026-08-02T05:46:47.566Z,deep_scan,20260802011913_1A-4-7-8-17-28C,30,1A,0,0,M120/2,AA5646,0,4
2026-08-02T05:46:47.566Z,deep_scan,20260802011913_1A-4-7-8-17-28C,30,1A,0,4,M27,AA5407,1,24
2026-08-02T05:46:47.566Z,deep_scan,20260802011913_1A-4-7-8-17-28C,30,1A,0,8,M52,AA7673,1,1
2026-08-02T05:46:47.566Z,deep_scan,20260802011913_1A-4-7-8-17-28C,30,1A,0,16,M252,AA6701,1,0
2026-08-02T05:46:47.611Z,deep_scan,20260802011913_1A-4-7-8-17-28C,30,1A,1,3,M118,AA7115,1,9
2026-08-02T05:46:47.611Z,deep_scan,20260802011913_1A-4-7-8-17-28C,30,1A,1,9,M12,AA5946,0,7
2026-08-02T05:46:47.611Z,deep_scan,20260802011913_1A-4-7-8-17-28C,30,1A,1,11,M120/2,AA7468,1,0
2026-08-02T05:47:17.644Z,deep_scan,20260802011913_1A-4-7-8-17-28C,30,1A,1,3,M118,AA7115,1,6
2026-08-02T05:47:17.644Z,deep_scan,20260802011913_1A-4-7-8-17-28C,30,1A,1,9,M12,AA5946,0,7
2026-08-02T05:47:17.644Z,deep_scan,20260802011913_1A-4-7-8-17-28C,30,1A,1,11,M120/2,AA7468,1,0
2026-08-02T05:47:17.665Z,deep_scan,20260802011913_1A-4-7-8-17-28C,30,1A,0,0,M120/2,AA5646,0,20
2026-08-02T05:47:17.665Z,deep_scan,20260802011913_1A-4-7-8-17-28C,30,1A,0,4,M27,AA5407,0,21
2026-08-02T05:47:17.665Z,deep_scan,20260802011913_1A-4-7-8-17-28C,30,1A,0,8,M52,AA7673,0,16
2026-08-02T05:47:17.665Z,deep_scan,20260802011913_1A-4-7-8-17-28C,30,1A,0,16,M252,AA6701,1,0
2026-08-02T05:47:47.609Z,deep_scan,20260802011913_1A-4-7-8-17-28C,30,1A,0,1,M108/1,AA5646,1,29
2026-08-02T05:47:47.609Z,deep_scan,20260802011913_1A-4-7-8-17-28C,30,1A,0,4,M27,AA5407,0,21
2026-08-02T05:47:47.609Z,deep_scan,20260802011913_1A-4-7-8-17-28C,30,1A,0,8,M52,AA7673,0,28
2026-08-02T05:47:47.609Z,deep_scan,20260802011913_1A-4-7-8-17-28C,30,1A,0,16,M252,AA6701,1,0
2026-08-02T05:47:47.641Z,deep_scan,20260802011913_1A-4-7-8-17-28C,30,1A,1,3,M118,AA7115,0,6
2026-08-02T05:47:47.641Z,deep_scan,20260802011913_1A-4-7-8-17-28C,30,1A,1,9,M12,AA5946,0,7
2026-08-02T05:47:47.641Z,deep_scan,20260802011913_1A-4-7-8-17-28C,30,1A,1,11,M120/2,AA7468,1,0
2026-08-02T05:48:17.598Z,deep_scan,20260802011913_1A-4-7-8-17-28C,30,1A,0,1,M108/1,AA5646,1,29
2026-08-02T05:48:17.598Z,deep_scan,20260802011913_1A-4-7-8-17-28C,30,1A,0,5,M29,AA5407,1,31
2026-08-02T05:48:17.598Z,deep_scan,20260802011913_1A-4-7-8-17-28C,30,1A,0,8,M52,AA7673,0,46
2026-08-02T05:48:17.598Z,deep_scan,20260802011913_1A-4-7-8-17-28C,30,1A,0,16,M252,AA6701,1,0
2026-08-02T05:48:17.697Z,deep_scan,20260802011913_1A-4-7-8-17-28C,30,1A,1,3,M118,AA7115,0,9
2026-08-02T05:48:17.697Z,deep_scan,20260802011913_1A-4-7-8-17-28C,30,1A,1,10,M21/1,AA5946,1,21
2026-08-02T05:48:17.697Z,deep_scan,20260802011913_1A-4-7-8-17-28C,30,1A,1,11,M120/2,AA7468,1,0
2026-08-02T05:48:47.629Z,deep_scan,20260802011913_1A-4-7-8-17-28C,30,1A,0,1,M108/1,AA5646,0,14
2026-08-02T05:48:47.629Z,deep_scan,20260802011913_1A-4-7-8-17-28C,30,1A,0,5,M29,AA5407,1,31
2026-08-02T05:48:47.629Z,deep_scan,20260802011913_1A-4-7-8-17-28C,30,1A,0,8,M52,AA7673,0,30
2026-08-02T05:48:47.629Z,deep_scan,20260802011913_1A-4-7-8-17-28C,30,1A,0,16,M252,AA6701,1,0
2026-08-02T05:48:47.636Z,deep_scan,20260802011913_1A-4-7-8-17-28C,30,1A,1,3,M118,AA7115,0,38
2026-08-02T05:48:47.636Z,deep_scan,20260802011913_1A-4-7-8-17-28C,30,1A,1,10,M21/1,AA5946,1,21
2026-08-02T05:48:47.636Z,deep_scan,20260802011913_1A-4-7-8-17-28C,30,1A,1,11,M120/2,AA7468,1,0
2026-08-02T05:49:17.608Z,deep_scan,20260802011913_1A-4-7-8-17-28C,30,1A,0,1,M108/1,AA5646,0,43
2026-08-02T05:49:17.608Z,deep_scan,20260802011913_1A-4-7-8-17-28C,30,1A,0,5,M29,AA5407,0,21
2026-08-02T05:49:17.608Z,deep_scan,20260802011913_1A-4-7-8-17-28C,30,1A,0,8,M52,AA7673,0,42
2026-08-02T05:49:17.772Z,deep_scan,20260802011913_1A-4-7-8-17-28C,30,1A,1,3,M118,AA7115,0,30
2026-08-02T05:49:17.772Z,deep_scan,20260802011913_1A-4-7-8-17-28C,30,1A,1,10,M21/1,AA5946,0,30
2026-08-02T05:49:17.772Z,deep_scan,20260802011913_1A-4-7-8-17-28C,30,1A,1,11,M120/2,AA7468,1,0
2026-08-02T05:49:47.618Z,deep_scan,20260802011913_1A-4-7-8-17-28C,30,1A,1,3,M118,AA7115,0,37
2026-08-02T05:49:47.618Z,deep_scan,20260802011913_1A-4-7-8-17-28C,30,1A,1,10,M21/1,AA5946,0,42
2026-08-02T05:49:47.618Z,deep_scan,20260802011913_1A-4-7-8-17-28C,30,1A,1,11,M120/2,AA7468,1,0
2026-08-02T05:49:47.630Z,deep_scan,20260802011913_1A-4-7-8-17-28C,30,1A,0,1,M108/1,AA5646,0,33
2026-08-02T05:49:47.630Z,deep_scan,20260802011913_1A-4-7-8-17-28C,30,1A,0,6,M36,AA5407,1,33
2026-08-02T05:49:47.630Z,deep_scan,20260802011913_1A-4-7-8-17-28C,30,1A,0,9,M239/1,AA7673,1,26
2026-08-02T05:50:17.654Z,deep_scan,20260802011913_1A-4-7-8-17-28C,30,1A,0,1,M108/1,AA5646,0,6
2026-08-02T05:50:17.654Z,deep_scan,20260802011913_1A-4-7-8-17-28C,30,1A,0,6,M36,AA5407,0,10
2026-08-02T05:50:17.654Z,deep_scan,20260802011913_1A-4-7-8-17-28C,30,1A,0,9,M239/1,AA7673,1,26
2026-08-02T05:50:17.711Z,deep_scan,20260802011913_1A-4-7-8-17-28C,30,1A,1,3,M118,AA7115,0,40
2026-08-02T05:50:17.711Z,deep_scan,20260802011913_1A-4-7-8-17-28C,30,1A,1,10,M21/1,AA5946,0,26
2026-08-02T05:50:17.711Z,deep_scan,20260802011913_1A-4-7-8-17-28C,30,1A,1,11,M120/2,AA7468,1,0
2026-08-02T05:50:47.621Z,deep_scan,20260802011913_1A-4-7-8-17-28C,30,1A,1,3,M118,AA7115,0,46
2026-08-02T05:50:47.621Z,deep_scan,20260802011913_1A-4-7-8-17-28C,30,1A,1,10,M21/1,AA5946,0,19
2026-08-02T05:50:47.648Z,deep_scan,20260802011913_1A-4-7-8-17-28C,30,1A,0,1,M108/1,AA5646,0,21
2026-08-02T05:50:47.648Z,deep_scan,20260802011913_1A-4-7-8-17-28C,30,1A,0,7,M48,AA5407,1,2
2026-08-02T05:50:47.648Z,deep_scan,20260802011913_1A-4-7-8-17-28C,30,1A,0,9,M239/1,AA7673,1,7
2026-08-02T05:51:17.628Z,deep_scan,20260802011913_1A-4-7-8-17-28C,30,1A,1,4,M53,AA7115,1,24
2026-08-02T05:51:17.628Z,deep_scan,20260802011913_1A-4-7-8-17-28C,30,1A,1,10,M21/1,AA5946,0,19
2026-08-02T05:51:17.695Z,deep_scan,20260802011913_1A-4-7-8-17-28C,30,1A,0,2,M26/1,AA5646,1,8
2026-08-02T05:51:17.695Z,deep_scan,20260802011913_1A-4-7-8-17-28C,30,1A,0,7,M48,AA5407,0,2
2026-08-02T05:51:17.695Z,deep_scan,20260802011913_1A-4-7-8-17-28C,30,1A,0,9,M239/1,AA7673,0,50
2026-08-02T05:51:47.633Z,deep_scan,20260802011913_1A-4-7-8-17-28C,30,1A,0,2,M26/1,AA5646,1,1
2026-08-02T05:51:47.633Z,deep_scan,20260802011913_1A-4-7-8-17-28C,30,1A,0,7,M48,AA5407,0,2
2026-08-02T05:51:47.633Z,deep_scan,20260802011913_1A-4-7-8-17-28C,30,1A,0,10,M254,AA7673,1,33
2026-08-02T05:51:47.667Z,deep_scan,20260802011913_1A-4-7-8-17-28C,30,1A,1,4,M53,AA7115,0,15
2026-08-02T05:51:47.667Z,deep_scan,20260802011913_1A-4-7-8-17-28C,30,1A,1,10,M21/1,AA5946,0,24
2026-08-02T05:52:17.666Z,deep_scan,20260802011913_1A-4-7-8-17-28C,30,1A,0,2,M26/1,AA5646,1,5
2026-08-02T05:52:17.666Z,deep_scan,20260802011913_1A-4-7-8-17-28C,30,1A,0,7,M48,AA5407,0,15
2026-08-02T05:52:17.666Z,deep_scan,20260802011913_1A-4-7-8-17-28C,30,1A,0,10,M254,AA7673,0,29
2026-08-02T05:52:18.049Z,deep_scan,20260802011913_1A-4-7-8-17-28C,30,1A,1,4,M53,AA7115,0,44
2026-08-02T05:52:18.049Z,deep_scan,20260802011913_1A-4-7-8-17-28C,30,1A,1,11,M120/2,AA5946,1,0
2026-08-02T05:52:47.750Z,deep_scan,20260802011913_1A-4-7-8-17-28C,30,1A,0,2,M26/1,AA5646,0,23
2026-08-02T05:52:47.750Z,deep_scan,20260802011913_1A-4-7-8-17-28C,30,1A,0,7,M48,AA5407,0,33
2026-08-02T05:52:47.750Z,deep_scan,20260802011913_1A-4-7-8-17-28C,30,1A,0,10,M254,AA7673,0,41
2026-08-02T05:52:47.770Z,deep_scan,20260802011913_1A-4-7-8-17-28C,30,1A,1,0,M252,AA6701,1,12
2026-08-02T05:52:47.770Z,deep_scan,20260802011913_1A-4-7-8-17-28C,30,1A,1,5,M49,AA7115,1,2
2026-08-02T05:52:47.770Z,deep_scan,20260802011913_1A-4-7-8-17-28C,30,1A,1,11,M120/2,AA5946,1,0
2026-08-02T05:53:17.689Z,deep_scan,20260802011913_1A-4-7-8-17-28C,30,1A,1,0,M252,AA6701,1,12
2026-08-02T05:53:17.689Z,deep_scan,20260802011913_1A-4-7-8-17-28C,30,1A,1,5,M49,AA7115,1,4
2026-08-02T05:53:17.689Z,deep_scan,20260802011913_1A-4-7-8-17-28C,30,1A,1,11,M120/2,AA5946,1,0
2026-08-02T05:53:17.712Z,deep_scan,20260802011913_1A-4-7-8-17-28C,30,1A,0,2,M26/1,AA5646,0,7
2026-08-02T05:53:17.712Z,deep_scan,20260802011913_1A-4-7-8-17-28C,30,1A,0,8,M52,AA5407,1,46
2026-08-02T05:53:17.712Z,deep_scan,20260802011913_1A-4-7-8-17-28C,30,1A,0,11,M241,AA7673,1,14
2026-08-02T05:53:47.702Z,deep_scan,20260802011913_1A-4-7-8-17-28C,30,1A,0,2,M26/1,AA5646,0,24
2026-08-02T05:53:47.702Z,deep_scan,20260802011913_1A-4-7-8-17-28C,30,1A,0,8,M52,AA5407,0,46
2026-08-02T05:53:47.702Z,deep_scan,20260802011913_1A-4-7-8-17-28C,30,1A,0,11,M241,AA7673,0,6
2026-08-02T05:53:47.707Z,deep_scan,20260802011913_1A-4-7-8-17-28C,30,1A,1,0,M252,AA6701,0,28
2026-08-02T05:53:47.707Z,deep_scan,20260802011913_1A-4-7-8-17-28C,30,1A,1,5,M49,AA7115,0,25
2026-08-02T05:53:47.707Z,deep_scan,20260802011913_1A-4-7-8-17-28C,30,1A,1,11,M120/2,AA5946,1,0
2026-08-02T05:54:17.674Z,deep_scan,20260802011913_1A-4-7-8-17-28C,30,1A,0,0,M120/2,AA7468,1,18
2026-08-02T05:54:17.674Z,deep_scan,20260802011913_1A-4-7-8-17-28C,30,1A,0,2,M26/1,AA5646,0,1
2026-08-02T05:54:17.674Z,deep_scan,20260802011913_1A-4-7-8-17-28C,30,1A,0,8,M52,AA5407,0,26
2026-08-02T05:54:17.674Z,deep_scan,20260802011913_1A-4-7-8-17-28C,30,1A,0,12,M71,AA7673,1,26
2026-08-02T05:54:17.727Z,deep_scan,20260802011913_1A-4-7-8-17-28C,30,1A,1,0,M252,AA6701,0,42
2026-08-02T05:54:17.727Z,deep_scan,20260802011913_1A-4-7-8-17-28C,30,1A,1,6,M35/1,AA7115,0,12
2026-08-02T05:54:17.727Z,deep_scan,20260802011913_1A-4-7-8-17-28C,30,1A,1,11,M120/2,AA5946,1,0
2026-08-02T05:54:47.677Z,deep_scan,20260802011913_1A-4-7-8-17-28C,30,1A,0,0,M120/2,AA7468,1,18
2026-08-02T05:54:47.677Z,deep_scan,20260802011913_1A-4-7-8-17-28C,30,1A,0,2,M26/1,AA5646,0,1
2026-08-02T05:54:47.677Z,deep_scan,20260802011913_1A-4-7-8-17-28C,30,1A,0,8,M52,AA5407,0,27
2026-08-02T05:54:47.677Z,deep_scan,20260802011913_1A-4-7-8-17-28C,30,1A,0,12,M71,AA7673,1,26
2026-08-02T05:54:47.697Z,deep_scan,20260802011913_1A-4-7-8-17-28C,30,1A,1,1,M161,AA6701,1,2
2026-08-02T05:54:47.697Z,deep_scan,20260802011913_1A-4-7-8-17-28C,30,1A,1,6,M35/1,AA7115,0,12
2026-08-02T05:54:47.697Z,deep_scan,20260802011913_1A-4-7-8-17-28C,30,1A,1,11,M120/2,AA5946,1,0
2026-08-02T05:55:17.710Z,deep_scan,20260802011913_1A-4-7-8-17-28C,30,1A,0,0,M120/2,AA7468,1,18
2026-08-02T05:55:17.710Z,deep_scan,20260802011913_1A-4-7-8-17-28C,30,1A,0,2,M26/1,AA5646,0,22
2026-08-02T05:55:17.710Z,deep_scan,20260802011913_1A-4-7-8-17-28C,30,1A,0,8,M52,AA5407,0,43
2026-08-02T05:55:17.710Z,deep_scan,20260802011913_1A-4-7-8-17-28C,30,1A,0,13,M156,AA7673,1,15
2026-08-02T05:55:17.724Z,deep_scan,20260802011913_1A-4-7-8-17-28C,30,1A,1,2,M70,AA6701,1,27
2026-08-02T05:55:17.724Z,deep_scan,20260802011913_1A-4-7-8-17-28C,30,1A,1,6,M35/1,AA7115,0,8
2026-08-02T05:55:17.724Z,deep_scan,20260802011913_1A-4-7-8-17-28C,30,1A,1,11,M120/2,AA5946,1,0
2026-08-02T05:55:47.703Z,deep_scan,20260802011913_1A-4-7-8-17-28C,30,1A,0,0,M120/2,AA7468,0,18
2026-08-02T05:55:47.703Z,deep_scan,20260802011913_1A-4-7-8-17-28C,30,1A,0,3,M10,AA5646,1,26
2026-08-02T05:55:47.703Z,deep_scan,20260802011913_1A-4-7-8-17-28C,30,1A,0,8,M52,AA5407,0,37
2026-08-02T05:55:47.703Z,deep_scan,20260802011913_1A-4-7-8-17-28C,30,1A,0,13,M156,AA7673,1,18
2026-08-02T05:55:47.794Z,deep_scan,20260802011913_1A-4-7-8-17-28C,30,1A,1,2,M70,AA6701,1,4
2026-08-02T05:55:47.794Z,deep_scan,20260802011913_1A-4-7-8-17-28C,30,1A,1,6,M35/1,AA7115,0,8
2026-08-02T05:55:47.794Z,deep_scan,20260802011913_1A-4-7-8-17-28C,30,1A,1,11,M120/2,AA5946,1,0
2026-08-02T05:56:17.730Z,deep_scan,20260802011913_1A-4-7-8-17-28C,30,1A,1,2,M70,AA6701,0,30
2026-08-02T05:56:17.730Z,deep_scan,20260802011913_1A-4-7-8-17-28C,30,1A,1,6,M35/1,AA7115,0,32
2026-08-02T05:56:17.736Z,deep_scan,20260802011913_1A-4-7-8-17-28C,30,1A,0,0,M120/2,AA7468,0,23
2026-08-02T05:56:17.736Z,deep_scan,20260802011913_1A-4-7-8-17-28C,30,1A,0,3,M10,AA5646,0,19
2026-08-02T05:56:17.736Z,deep_scan,20260802011913_1A-4-7-8-17-28C,30,1A,0,9,M239/1,AA5407,1,37
2026-08-02T05:56:17.736Z,deep_scan,20260802011913_1A-4-7-8-17-28C,30,1A,0,13,M156,AA7673,0,18
2026-08-02T05:56:47.803Z,deep_scan,20260802011913_1A-4-7-8-17-28C,30,1A,0,0,M120/2,AA7468,0,23
2026-08-02T05:56:47.803Z,deep_scan,20260802011913_1A-4-7-8-17-28C,30,1A,0,3,M10,AA5646,0,15
2026-08-02T05:56:47.803Z,deep_scan,20260802011913_1A-4-7-8-17-28C,30,1A,0,9,M239/1,AA5407,1,13
2026-08-02T05:56:47.803Z,deep_scan,20260802011913_1A-4-7-8-17-28C,30,1A,0,13,M156,AA7673,0,18
2026-08-02T05:56:47.808Z,deep_scan,20260802011913_1A-4-7-8-17-28C,30,1A,1,3,M118,AA6701,1,27
2026-08-02T05:56:47.808Z,deep_scan,20260802011913_1A-4-7-8-17-28C,30,1A,1,6,M35/1,AA7115,0,4
2026-08-02T05:57:17.748Z,deep_scan,20260802011913_1A-4-7-8-17-28C,30,1A,0,1,M108/1,AA7468,1,6
2026-08-02T05:57:17.748Z,deep_scan,20260802011913_1A-4-7-8-17-28C,30,1A,0,4,M27,AA5646,1,4
2026-08-02T05:57:17.748Z,deep_scan,20260802011913_1A-4-7-8-17-28C,30,1A,0,9,M239/1,AA5407,0,41
2026-08-02T05:57:17.748Z,deep_scan,20260802011913_1A-4-7-8-17-28C,30,1A,0,13,M156,AA7673,0,18
2026-08-02T05:57:17.762Z,deep_scan,20260802011913_1A-4-7-8-17-28C,30,1A,1,3,M118,AA6701,1,2
2026-08-02T05:57:17.762Z,deep_scan,20260802011913_1A-4-7-8-17-28C,30,1A,1,7,M28/1,AA7115,1,21
2026-08-02T05:57:47.792Z,deep_scan,20260802011913_1A-4-7-8-17-28C,30,1A,0,1,M108/1,AA7468,1,44
2026-08-02T05:57:47.792Z,deep_scan,20260802011913_1A-4-7-8-17-28C,30,1A,0,4,M27,AA5646,1,6
2026-08-02T05:57:47.792Z,deep_scan,20260802011913_1A-4-7-8-17-28C,30,1A,0,10,M254,AA5407,1,18
2026-08-02T05:57:47.792Z,deep_scan,20260802011913_1A-4-7-8-17-28C,30,1A,0,13,M156,AA7673,0,25
2026-08-02T05:57:47.797Z,deep_scan,20260802011913_1A-4-7-8-17-28C,30,1A,1,3,M118,AA6701,0,12
2026-08-02T05:57:47.797Z,deep_scan,20260802011913_1A-4-7-8-17-28C,30,1A,1,7,M28/1,AA7115,0,27
2026-08-02T05:58:17.771Z,deep_scan,20260802011913_1A-4-7-8-17-28C,30,1A,0,1,M108/1,AA7468,0,17
2026-08-02T05:58:17.771Z,deep_scan,20260802011913_1A-4-7-8-17-28C,30,1A,0,4,M27,AA5646,0,6
2026-08-02T05:58:17.771Z,deep_scan,20260802011913_1A-4-7-8-17-28C,30,1A,0,10,M254,AA5407,0,27
2026-08-02T05:58:17.771Z,deep_scan,20260802011913_1A-4-7-8-17-28C,30,1A,0,14,M253,AA7673,1,8
2026-08-02T05:58:17.780Z,deep_scan,20260802011913_1A-4-7-8-17-28C,30,1A,1,3,M118,AA6701,0,24
2026-08-02T05:58:17.780Z,deep_scan,20260802011913_1A-4-7-8-17-28C,30,1A,1,7,M28/1,AA7115,0,1
2026-08-02T05:58:47.748Z,deep_scan,20260802011913_1A-4-7-8-17-28C,30,1A,0,1,M108/1,AA7468,0,16
2026-08-02T05:58:47.748Z,deep_scan,20260802011913_1A-4-7-8-17-28C,30,1A,0,4,M27,AA5646,0,31
2026-08-02T05:58:47.748Z,deep_scan,20260802011913_1A-4-7-8-17-28C,30,1A,0,10,M254,AA5407,0,9
2026-08-02T05:58:47.748Z,deep_scan,20260802011913_1A-4-7-8-17-28C,30,1A,0,14,M253,AA7673,1,29
2026-08-02T05:58:47.764Z,deep_scan,20260802011913_1A-4-7-8-17-28C,30,1A,1,3,M118,AA6701,0,39
2026-08-02T05:58:47.764Z,deep_scan,20260802011913_1A-4-7-8-17-28C,30,1A,1,7,M28/1,AA7115,0,3
2026-08-02T05:59:17.818Z,deep_scan,20260802011913_1A-4-7-8-17-28C,30,1A,0,1,M108/1,AA7468,0,13
2026-08-02T05:59:17.818Z,deep_scan,20260802011913_1A-4-7-8-17-28C,30,1A,0,5,M29,AA5646,1,21
2026-08-02T05:59:17.818Z,deep_scan,20260802011913_1A-4-7-8-17-28C,30,1A,0,11,M241,AA5407,1,5
2026-08-02T05:59:17.818Z,deep_scan,20260802011913_1A-4-7-8-17-28C,30,1A,0,14,M253,AA7673,0,17
2026-08-02T05:59:17.826Z,deep_scan,20260802011913_1A-4-7-8-17-28C,30,1A,1,3,M118,AA6701,0,47
2026-08-02T05:59:17.826Z,deep_scan,20260802011913_1A-4-7-8-17-28C,30,1A,1,7,M28/1,AA7115,0,5
2026-08-02T05:59:47.753Z,deep_scan,20260802011913_1A-4-7-8-17-28C,30,1A,0,1,M108/1,AA7468,0,49
2026-08-02T05:59:47.753Z,deep_scan,20260802011913_1A-4-7-8-17-28C,30,1A,0,5,M29,AA5646,1,8
2026-08-02T05:59:47.753Z,deep_scan,20260802011913_1A-4-7-8-17-28C,30,1A,0,11,M241,AA5407,1,13
2026-08-02T05:59:47.753Z,deep_scan,20260802011913_1A-4-7-8-17-28C,30,1A,0,15,M250,AA7673,1,25
2026-08-02T05:59:47.766Z,deep_scan,20260802011913_1A-4-7-8-17-28C,30,1A,1,3,M118,AA6701,0,36
2026-08-02T05:59:47.766Z,deep_scan,20260802011913_1A-4-7-8-17-28C,30,1A,1,7,M28/1,AA7115,0,5
2026-08-02T06:00:17.776Z,deep_scan,20260802011913_1A-4-7-8-17-28C,30,1A,0,1,M108/1,AA7468,0,2
2026-08-02T06:00:17.776Z,deep_scan,20260802011913_1A-4-7-8-17-28C,30,1A,0,5,M29,AA5646,1,1
2026-08-02T06:00:17.776Z,deep_scan,20260802011913_1A-4-7-8-17-28C,30,1A,0,11,M241,AA5407,0,14
2026-08-02T06:00:17.776Z,deep_scan,20260802011913_1A-4-7-8-17-28C,30,1A,0,15,M250,AA7673,1,20
2026-08-02T06:00:17.802Z,deep_scan,20260802011913_1A-4-7-8-17-28C,30,1A,1,3,M118,AA6701,0,45
2026-08-02T06:00:17.802Z,deep_scan,20260802011913_1A-4-7-8-17-28C,30,1A,1,7,M28/1,AA7115,0,15
2026-08-02T06:00:47.795Z,deep_scan,20260802011913_1A-4-7-8-17-28C,30,1A,0,1,M108/1,AA7468,0,16
2026-08-02T06:00:47.795Z,deep_scan,20260802011913_1A-4-7-8-17-28C,30,1A,0,5,M29,AA5646,1,5
2026-08-02T06:00:47.795Z,deep_scan,20260802011913_1A-4-7-8-17-28C,30,1A,0,12,M71,AA5407,1,4
2026-08-02T06:00:47.795Z,deep_scan,20260802011913_1A-4-7-8-17-28C,30,1A,0,15,M250,AA7673,0,26
2026-08-02T06:00:47.845Z,deep_scan,20260802011913_1A-4-7-8-17-28C,30,1A,1,4,M53,AA6701,1,3
2026-08-02T06:00:47.845Z,deep_scan,20260802011913_1A-4-7-8-17-28C,30,1A,1,8,M11,AA7115,1,7
2026-08-02T06:01:17.794Z,deep_scan,20260802011913_1A-4-7-8-17-28C,30,1A,1,4,M53,AA6701,0,46
2026-08-02T06:01:17.794Z,deep_scan,20260802011913_1A-4-7-8-17-28C,30,1A,1,9,M12,AA7115,1,13
2026-08-02T06:01:17.844Z,deep_scan,20260802011913_1A-4-7-8-17-28C,30,1A,0,2,M26/1,AA7468,1,37
2026-08-02T06:01:17.844Z,deep_scan,20260802011913_1A-4-7-8-17-28C,30,1A,0,6,M36,AA5646,1,31
2026-08-02T06:01:17.844Z,deep_scan,20260802011913_1A-4-7-8-17-28C,30,1A,0,13,M156,AA5407,1,37
2026-08-02T06:01:17.844Z,deep_scan,20260802011913_1A-4-7-8-17-28C,30,1A,0,15,M250,AA7673,0,21
2026-08-02T06:01:47.848Z,deep_scan,20260802011913_1A-4-7-8-17-28C,30,1A,1,4,M53,AA6701,0,17
2026-08-02T06:01:47.848Z,deep_scan,20260802011913_1A-4-7-8-17-28C,30,1A,1,9,M12,AA7115,1,5
2026-08-02T06:01:47.867Z,deep_scan,20260802011913_1A-4-7-8-17-28C,30,1A,0,2,M26/1,AA7468,1,37
2026-08-02T06:01:47.867Z,deep_scan,20260802011913_1A-4-7-8-17-28C,30,1A,0,6,M36,AA5646,1,4
2026-08-02T06:01:47.867Z,deep_scan,20260802011913_1A-4-7-8-17-28C,30,1A,0,13,M156,AA5407,1,9
2026-08-02T06:01:47.867Z,deep_scan,20260802011913_1A-4-7-8-17-28C,30,1A,0,16,M252,AA7673,1,0
2026-08-02T06:02:17.835Z,deep_scan,20260802011913_1A-4-7-8-17-28C,30,1A,1,5,M49,AA6701,1,14
2026-08-02T06:02:17.835Z,deep_scan,20260802011913_1A-4-7-8-17-28C,30,1A,1,9,M12,AA7115,1,4
2026-08-02T06:02:17.903Z,deep_scan,20260802011913_1A-4-7-8-17-28C,30,1A,0,2,M26/1,AA7468,1,9
2026-08-02T06:02:17.903Z,deep_scan,20260802011913_1A-4-7-8-17-28C,30,1A,0,6,M36,AA5646,1,19
2026-08-02T06:02:17.903Z,deep_scan,20260802011913_1A-4-7-8-17-28C,30,1A,0,13,M156,AA5407,0,26
2026-08-02T06:02:17.903Z,deep_scan,20260802011913_1A-4-7-8-17-28C,30,1A,0,16,M252,AA7673,1,0
2026-08-02T06:02:47.821Z,deep_scan,20260802011913_1A-4-7-8-17-28C,30,1A,1,5,M49,AA6701,1,14
2026-08-02T06:02:47.821Z,deep_scan,20260802011913_1A-4-7-8-17-28C,30,1A,1,9,M12,AA7115,0,3
2026-08-02T06:02:47.833Z,deep_scan,20260802011913_1A-4-7-8-17-28C,30,1A,0,0,M120/2,AA5946,1,24
2026-08-02T06:02:47.833Z,deep_scan,20260802011913_1A-4-7-8-17-28C,30,1A,0,2,M26/1,AA7468,0,25
2026-08-02T06:02:47.833Z,deep_scan,20260802011913_1A-4-7-8-17-28C,30,1A,0,6,M36,AA5646,0,2
2026-08-02T06:02:47.833Z,deep_scan,20260802011913_1A-4-7-8-17-28C,30,1A,0,13,M156,AA5407,0,38
2026-08-02T06:02:47.833Z,deep_scan,20260802011913_1A-4-7-8-17-28C,30,1A,0,16,M252,AA7673,1,0
2026-08-02T06:03:17.867Z,deep_scan,20260802011913_1A-4-7-8-17-28C,30,1A,0,0,M120/2,AA5946,1,24
2026-08-02T06:03:17.867Z,deep_scan,20260802011913_1A-4-7-8-17-28C,30,1A,0,2,M26/1,AA7468,0,38
2026-08-02T06:03:17.867Z,deep_scan,20260802011913_1A-4-7-8-17-28C,30,1A,0,6,M36,AA5646,0,2
2026-08-02T06:03:17.867Z,deep_scan,20260802011913_1A-4-7-8-17-28C,30,1A,0,14,M253,AA5407,1,14
2026-08-02T06:03:17.867Z,deep_scan,20260802011913_1A-4-7-8-17-28C,30,1A,0,16,M252,AA7673,1,0
2026-08-02T06:03:17.895Z,deep_scan,20260802011913_1A-4-7-8-17-28C,30,1A,1,5,M49,AA6701,0,21
2026-08-02T06:03:17.895Z,deep_scan,20260802011913_1A-4-7-8-17-28C,30,1A,1,10,M21/1,AA7115,1,23
2026-08-02T06:03:47.832Z,deep_scan,20260802011913_1A-4-7-8-17-28C,30,1A,0,0,M120/2,AA5946,0,2
2026-08-02T06:03:47.832Z,deep_scan,20260802011913_1A-4-7-8-17-28C,30,1A,0,2,M26/1,AA7468,0,2
2026-08-02T06:03:47.832Z,deep_scan,20260802011913_1A-4-7-8-17-28C,30,1A,0,7,M48,AA5646,1,25
2026-08-02T06:03:47.832Z,deep_scan,20260802011913_1A-4-7-8-17-28C,30,1A,0,14,M253,AA5407,0,6
2026-08-02T06:03:47.832Z,deep_scan,20260802011913_1A-4-7-8-17-28C,30,1A,0,16,M252,AA7673,1,0
2026-08-02T06:03:47.869Z,deep_scan,20260802011913_1A-4-7-8-17-28C,30,1A,1,6,M35/1,AA6701,1,8
2026-08-02T06:03:47.869Z,deep_scan,20260802011913_1A-4-7-8-17-28C,30,1A,1,10,M21/1,AA7115,1,23
2026-08-02T06:04:17.834Z,deep_scan,20260802011913_1A-4-7-8-17-28C,30,1A,1,6,M35/1,AA6701,1,11
2026-08-02T06:04:17.834Z,deep_scan,20260802011913_1A-4-7-8-17-28C,30,1A,1,10,M21/1,AA7115,1,23
2026-08-02T06:04:17.918Z,deep_scan,20260802011913_1A-4-7-8-17-28C,30,1A,0,0,M120/2,AA5946,0,7
2026-08-02T06:04:17.918Z,deep_scan,20260802011913_1A-4-7-8-17-28C,30,1A,0,2,M26/1,AA7468,0,38
2026-08-02T06:04:17.918Z,deep_scan,20260802011913_1A-4-7-8-17-28C,30,1A,0,7,M48,AA5646,1,41
2026-08-02T06:04:17.918Z,deep_scan,20260802011913_1A-4-7-8-17-28C,30,1A,0,14,M253,AA5407,0,30
2026-08-02T06:04:17.918Z,deep_scan,20260802011913_1A-4-7-8-17-28C,30,1A,0,16,M252,AA7673,1,0
2026-08-02T06:04:47.845Z,deep_scan,20260802011913_1A-4-7-8-17-28C,30,1A,1,6,M35/1,AA6701,1,11
2026-08-02T06:04:47.845Z,deep_scan,20260802011913_1A-4-7-8-17-28C,30,1A,1,10,M21/1,AA7115,0,23
2026-08-02T06:04:47.867Z,deep_scan,20260802011913_1A-4-7-8-17-28C,30,1A,0,0,M120/2,AA5946,0,7
2026-08-02T06:04:47.867Z,deep_scan,20260802011913_1A-4-7-8-17-28C,30,1A,0,2,M26/1,AA7468,0,3
2026-08-02T06:04:47.867Z,deep_scan,20260802011913_1A-4-7-8-17-28C,30,1A,0,7,M48,AA5646,0,30
2026-08-02T06:04:47.867Z,deep_scan,20260802011913_1A-4-7-8-17-28C,30,1A,0,15,M250,AA5407,1,31
2026-08-02T06:04:47.867Z,deep_scan,20260802011913_1A-4-7-8-17-28C,30,1A,0,16,M252,AA7673,1,0
2026-08-02T06:05:17.854Z,deep_scan,20260802011913_1A-4-7-8-17-28C,30,1A,0,1,M108/1,AA5946,1,32
2026-08-02T06:05:17.854Z,deep_scan,20260802011913_1A-4-7-8-17-28C,30,1A,0,3,M10,AA7468,1,25
2026-08-02T06:05:17.854Z,deep_scan,20260802011913_1A-4-7-8-17-28C,30,1A,0,8,M52,AA5646,1,23
2026-08-02T06:05:17.854Z,deep_scan,20260802011913_1A-4-7-8-17-28C,30,1A,0,15,M250,AA5407,1,12
2026-08-02T06:05:17.926Z,deep_scan,20260802011913_1A-4-7-8-17-28C,30,1A,1,0,M252,AA7673,1,3
2026-08-02T06:05:17.926Z,deep_scan,20260802011913_1A-4-7-8-17-28C,30,1A,1,6,M35/1,AA6701,1,11
2026-08-02T06:05:17.926Z,deep_scan,20260802011913_1A-4-7-8-17-28C,30,1A,1,10,M21/1,AA7115,0,5
2026-08-02T06:05:47.867Z,deep_scan,20260802011913_1A-4-7-8-17-28C,30,1A,0,1,M108/1,AA5946,0,30
2026-08-02T06:05:47.867Z,deep_scan,20260802011913_1A-4-7-8-17-28C,30,1A,0,3,M10,AA7468,1,25
2026-08-02T06:05:47.867Z,deep_scan,20260802011913_1A-4-7-8-17-28C,30,1A,0,8,M52,AA5646,0,10
2026-08-02T06:05:47.867Z,deep_scan,20260802011913_1A-4-7-8-17-28C,30,1A,0,15,M250,AA5407,0,26
2026-08-02T06:05:47.881Z,deep_scan,20260802011913_1A-4-7-8-17-28C,30,1A,1,0,M252,AA7673,0,7
2026-08-02T06:05:47.881Z,deep_scan,20260802011913_1A-4-7-8-17-28C,30,1A,1,6,M35/1,AA6701,0,13
2026-08-02T06:05:47.881Z,deep_scan,20260802011913_1A-4-7-8-17-28C,30,1A,1,10,M21/1,AA7115,0,21
2026-08-02T06:06:17.891Z,deep_scan,20260802011913_1A-4-7-8-17-28C,30,1A,1,0,M252,AA7673,0,45
2026-08-02T06:06:17.891Z,deep_scan,20260802011913_1A-4-7-8-17-28C,30,1A,1,6,M35/1,AA6701,0,8
2026-08-02T06:06:17.891Z,deep_scan,20260802011913_1A-4-7-8-17-28C,30,1A,1,10,M21/1,AA7115,0,3
2026-08-02T06:06:17.941Z,deep_scan,20260802011913_1A-4-7-8-17-28C,30,1A,0,1,M108/1,AA5946,0,41
2026-08-02T06:06:17.941Z,deep_scan,20260802011913_1A-4-7-8-17-28C,30,1A,0,3,M10,AA7468,1,2
2026-08-02T06:06:17.941Z,deep_scan,20260802011913_1A-4-7-8-17-28C,30,1A,0,8,M52,AA5646,0,41
2026-08-02T06:06:17.941Z,deep_scan,20260802011913_1A-4-7-8-17-28C,30,1A,0,16,M252,AA5407,1,0
2026-08-02T06:06:47.884Z,deep_scan,20260802011913_1A-4-7-8-17-28C,30,1A,0,1,M108/1,AA5946,0,32
2026-08-02T06:06:47.884Z,deep_scan,20260802011913_1A-4-7-8-17-28C,30,1A,0,3,M10,AA7468,0,4
2026-08-02T06:06:47.884Z,deep_scan,20260802011913_1A-4-7-8-17-28C,30,1A,0,8,M52,AA5646,0,45
2026-08-02T06:06:47.884Z,deep_scan,20260802011913_1A-4-7-8-17-28C,30,1A,0,16,M252,AA5407,1,0
2026-08-02T06:06:47.889Z,deep_scan,20260802011913_1A-4-7-8-17-28C,30,1A,1,1,M161,AA7673,1,18
2026-08-02T06:06:47.889Z,deep_scan,20260802011913_1A-4-7-8-17-28C,30,1A,1,7,M28/1,AA6701,1,8
2026-08-02T06:06:47.889Z,deep_scan,20260802011913_1A-4-7-8-17-28C,30,1A,1,10,M21/1,AA7115,0,3
2026-08-02T06:07:17.867Z,deep_scan,20260802011913_1A-4-7-8-17-28C,30,1A,1,1,M161,AA7673,0,15
2026-08-02T06:07:17.867Z,deep_scan,20260802011913_1A-4-7-8-17-28C,30,1A,1,7,M28/1,AA6701,1,16
2026-08-02T06:07:17.867Z,deep_scan,20260802011913_1A-4-7-8-17-28C,30,1A,1,10,M21/1,AA7115,0,3
2026-08-02T06:07:17.882Z,deep_scan,20260802011913_1A-4-7-8-17-28C,30,1A,0,1,M108/1,AA5946,0,12
2026-08-02T06:07:17.882Z,deep_scan,20260802011913_1A-4-7-8-17-28C,30,1A,0,3,M10,AA7468,0,36
2026-08-02T06:07:17.882Z,deep_scan,20260802011913_1A-4-7-8-17-28C,30,1A,0,8,M52,AA5646,0,8
2026-08-02T06:07:17.882Z,deep_scan,20260802011913_1A-4-7-8-17-28C,30,1A,0,16,M252,AA5407,1,0
2026-08-02T06:07:47.940Z,deep_scan,20260802011913_1A-4-7-8-17-28C,30,1A,0,1,M108/1,AA5946,0,17
2026-08-02T06:07:47.940Z,deep_scan,20260802011913_1A-4-7-8-17-28C,30,1A,0,3,M10,AA7468,0,10
2026-08-02T06:07:47.940Z,deep_scan,20260802011913_1A-4-7-8-17-28C,30,1A,0,9,M239/1,AA5646,1,39
2026-08-02T06:07:47.940Z,deep_scan,20260802011913_1A-4-7-8-17-28C,30,1A,0,16,M252,AA5407,1,0
2026-08-02T06:07:47.960Z,deep_scan,20260802011913_1A-4-7-8-17-28C,30,1A,1,2,M70,AA7673,1,31
2026-08-02T06:07:47.960Z,deep_scan,20260802011913_1A-4-7-8-17-28C,30,1A,1,7,M28/1,AA6701,1,16
2026-08-02T06:07:47.960Z,deep_scan,20260802011913_1A-4-7-8-17-28C,30,1A,1,10,M21/1,AA7115,0,22
2026-08-02T06:08:17.887Z,deep_scan,20260802011913_1A-4-7-8-17-28C,30,1A,0,1,M108/1,AA5946,0,4
2026-08-02T06:08:17.887Z,deep_scan,20260802011913_1A-4-7-8-17-28C,30,1A,0,3,M10,AA7468,0,14
2026-08-02T06:08:17.887Z,deep_scan,20260802011913_1A-4-7-8-17-28C,30,1A,0,9,M239/1,AA5646,1,8
2026-08-02T06:08:17.887Z,deep_scan,20260802011913_1A-4-7-8-17-28C,30,1A,0,16,M252,AA5407,1,0
2026-08-02T06:08:17.912Z,deep_scan,20260802011913_1A-4-7-8-17-28C,30,1A,1,2,M70,AA7673,1,2
2026-08-02T06:08:17.912Z,deep_scan,20260802011913_1A-4-7-8-17-28C,30,1A,1,7,M28/1,AA6701,1,6
2026-08-02T06:08:17.912Z,deep_scan,20260802011913_1A-4-7-8-17-28C,30,1A,1,10,M21/1,AA7115,0,25
2026-08-02T06:08:47.954Z,deep_scan,20260802011913_1A-4-7-8-17-28C,30,1A,1,3,M118,AA7673,1,33
2026-08-02T06:08:47.954Z,deep_scan,20260802011913_1A-4-7-8-17-28C,30,1A,1,7,M28/1,AA6701,0,16
2026-08-02T06:08:47.954Z,deep_scan,20260802011913_1A-4-7-8-17-28C,30,1A,1,10,M21/1,AA7115,0,5
2026-08-02T06:08:47.958Z,deep_scan,20260802011913_1A-4-7-8-17-28C,30,1A,0,2,M26/1,AA5946,1,8
2026-08-02T06:08:47.958Z,deep_scan,20260802011913_1A-4-7-8-17-28C,30,1A,0,4,M27,AA7468,1,1
2026-08-02T06:08:47.958Z,deep_scan,20260802011913_1A-4-7-8-17-28C,30,1A,0,9,M239/1,AA5646,0,23
2026-08-02T06:08:47.958Z,deep_scan,20260802011913_1A-4-7-8-17-28C,30,1A,0,16,M252,AA5407,1,0
2026-08-02T06:09:17.870Z,deep_scan,20260802011913_1A-4-7-8-17-28C,30,1A,1,3,M118,AA7673,1,4
2026-08-02T06:09:17.870Z,deep_scan,20260802011913_1A-4-7-8-17-28C,30,1A,1,7,M28/1,AA6701,0,14
2026-08-02T06:09:17.870Z,deep_scan,20260802011913_1A-4-7-8-17-28C,30,1A,1,10,M21/1,AA7115,0,3
2026-08-02T06:09:18.125Z,deep_scan,20260802011913_1A-4-7-8-17-28C,30,1A,0,2,M26/1,AA5946,1,19
2026-08-02T06:09:18.125Z,deep_scan,20260802011913_1A-4-7-8-17-28C,30,1A,0,4,M27,AA7468,0,6
2026-08-02T06:09:18.125Z,deep_scan,20260802011913_1A-4-7-8-17-28C,30,1A,0,10,M254,AA5646,1,42
2026-08-02T06:09:18.125Z,deep_scan,20260802011913_1A-4-7-8-17-28C,30,1A,0,16,M252,AA5407,1,0
2026-08-02T06:09:47.963Z,deep_scan,20260802011913_1A-4-7-8-17-28C,30,1A,0,2,M26/1,AA5946,1,10
2026-08-02T06:09:47.963Z,deep_scan,20260802011913_1A-4-7-8-17-28C,30,1A,0,4,M27,AA7468,0,13
2026-08-02T06:09:47.963Z,deep_scan,20260802011913_1A-4-7-8-17-28C,30,1A,0,10,M254,AA5646,0,27
2026-08-02T06:09:47.963Z,deep_scan,20260802011913_1A-4-7-8-17-28C,30,1A,0,16,M252,AA5407,1,0
2026-08-02T06:09:47.985Z,deep_scan,20260802011913_1A-4-7-8-17-28C,30,1A,1,3,M118,AA7673,0,19
2026-08-02T06:09:47.985Z,deep_scan,20260802011913_1A-4-7-8-17-28C,30,1A,1,7,M28/1,AA6701,0,8
2026-08-02T06:09:47.985Z,deep_scan,20260802011913_1A-4-7-8-17-28C,30,1A,1,10,M21/1,AA7115,0,3
2026-08-02T06:10:17.902Z,deep_scan,20260802011913_1A-4-7-8-17-28C,30,1A,0,2,M26/1,AA5946,0,29
2026-08-02T06:10:17.902Z,deep_scan,20260802011913_1A-4-7-8-17-28C,30,1A,0,4,M27,AA7468,0,11
2026-08-02T06:10:17.902Z,deep_scan,20260802011913_1A-4-7-8-17-28C,30,1A,0,10,M254,AA5646,0,14
2026-08-02T06:10:17.902Z,deep_scan,20260802011913_1A-4-7-8-17-28C,30,1A,0,16,M252,AA5407,1,0
2026-08-02T06:10:17.931Z,deep_scan,20260802011913_1A-4-7-8-17-28C,30,1A,1,3,M118,AA7673,0,28
2026-08-02T06:10:17.931Z,deep_scan,20260802011913_1A-4-7-8-17-28C,30,1A,1,7,M28/1,AA6701,0,8
2026-08-02T06:10:17.931Z,deep_scan,20260802011913_1A-4-7-8-17-28C,30,1A,1,10,M21/1,AA7115,0,30
2026-08-02T06:10:47.969Z,deep_scan,20260802011913_1A-4-7-8-17-28C,30,1A,1,3,M118,AA7673,0,30
2026-08-02T06:10:47.969Z,deep_scan,20260802011913_1A-4-7-8-17-28C,30,1A,1,7,M28/1,AA6701,0,24
2026-08-02T06:10:47.969Z,deep_scan,20260802011913_1A-4-7-8-17-28C,30,1A,1,11,M120/2,AA7115,1,0
2026-08-02T06:10:47.991Z,deep_scan,20260802011913_1A-4-7-8-17-28C,30,1A,0,2,M26/1,AA5946,0,37
2026-08-02T06:10:47.991Z,deep_scan,20260802011913_1A-4-7-8-17-28C,30,1A,0,4,M27,AA7468,0,11
2026-08-02T06:10:47.991Z,deep_scan,20260802011913_1A-4-7-8-17-28C,30,1A,0,11,M241,AA5646,1,16
2026-08-02T06:11:17.982Z,deep_scan,20260802011913_1A-4-7-8-17-28C,30,1A,0,2,M26/1,AA5946,0,20
2026-08-02T06:11:17.982Z,deep_scan,20260802011913_1A-4-7-8-17-28C,30,1A,0,5,M29,AA7468,1,7
2026-08-02T06:11:17.982Z,deep_scan,20260802011913_1A-4-7-8-17-28C,30,1A,0,11,M241,AA5646,0,20
2026-08-02T06:11:18.015Z,deep_scan,20260802011913_1A-4-7-8-17-28C,30,1A,1,3,M118,AA7673,0,40
2026-08-02T06:11:18.015Z,deep_scan,20260802011913_1A-4-7-8-17-28C,30,1A,1,7,M28/1,AA6701,0,32
2026-08-02T06:11:18.015Z,deep_scan,20260802011913_1A-4-7-8-17-28C,30,1A,1,11,M120/2,AA7115,1,0
2026-08-02T06:11:47.952Z,deep_scan,20260802011913_1A-4-7-8-17-28C,30,1A,1,3,M118,AA7673,0,41
2026-08-02T06:11:47.952Z,deep_scan,20260802011913_1A-4-7-8-17-28C,30,1A,1,8,M11,AA6701,1,2
2026-08-02T06:11:47.952Z,deep_scan,20260802011913_1A-4-7-8-17-28C,30,1A,1,11,M120/2,AA7115,1,0
2026-08-02T06:11:47.977Z,deep_scan,20260802011913_1A-4-7-8-17-28C,30,1A,0,3,M10,AA5946,1,23
2026-08-02T06:11:47.977Z,deep_scan,20260802011913_1A-4-7-8-17-28C,30,1A,0,5,M29,AA7468,1,2
2026-08-02T06:11:47.977Z,deep_scan,20260802011913_1A-4-7-8-17-28C,30,1A,0,12,M71,AA5646,1,8
2026-08-02T06:12:17.952Z,deep_scan,20260802011913_1A-4-7-8-17-28C,30,1A,1,3,M118,AA7673,0,29
2026-08-02T06:12:17.952Z,deep_scan,20260802011913_1A-4-7-8-17-28C,30,1A,1,8,M11,AA6701,1,2
2026-08-02T06:12:17.952Z,deep_scan,20260802011913_1A-4-7-8-17-28C,30,1A,1,11,M120/2,AA7115,1,0
2026-08-02T06:12:18.072Z,deep_scan,20260802011913_1A-4-7-8-17-28C,30,1A,0,3,M10,AA5946,0,8
2026-08-02T06:12:18.072Z,deep_scan,20260802011913_1A-4-7-8-17-28C,30,1A,0,5,M29,AA7468,1,2
2026-08-02T06:12:18.072Z,deep_scan,20260802011913_1A-4-7-8-17-28C,30,1A,0,13,M156,AA5646,1,24
2026-08-02T06:12:47.938Z,deep_scan,20260802011913_1A-4-7-8-17-28C,30,1A,0,3,M10,AA5946,0,11
2026-08-02T06:12:47.938Z,deep_scan,20260802011913_1A-4-7-8-17-28C,30,1A,0,6,M36,AA7468,1,35
2026-08-02T06:12:47.938Z,deep_scan,20260802011913_1A-4-7-8-17-28C,30,1A,0,13,M156,AA5646,1,11
2026-08-02T06:12:47.972Z,deep_scan,20260802011913_1A-4-7-8-17-28C,30,1A,1,3,M118,AA7673,0,45
2026-08-02T06:12:47.972Z,deep_scan,20260802011913_1A-4-7-8-17-28C,30,1A,1,9,M12,AA6701,1,4
2026-08-02T06:12:47.972Z,deep_scan,20260802011913_1A-4-7-8-17-28C,30,1A,1,11,M120/2,AA7115,1,0
2026-08-02T06:13:17.951Z,deep_scan,20260802011913_1A-4-7-8-17-28C,30,1A,1,4,M53,AA7673,1,27
2026-08-02T06:13:17.951Z,deep_scan,20260802011913_1A-4-7-8-17-28C,30,1A,1,9,M12,AA6701,0,27
2026-08-02T06:13:17.951Z,deep_scan,20260802011913_1A-4-7-8-17-28C,30,1A,1,11,M120/2,AA7115,1,0
2026-08-02T06:13:17.962Z,deep_scan,20260802011913_1A-4-7-8-17-28C,30,1A,0,4,M27,AA5946,0,12
2026-08-02T06:13:17.962Z,deep_scan,20260802011913_1A-4-7-8-17-28C,30,1A,0,6,M36,AA7468,1,33
2026-08-02T06:13:17.962Z,deep_scan,20260802011913_1A-4-7-8-17-28C,30,1A,0,13,M156,AA5646,1,7
2026-08-02T06:13:48.003Z,deep_scan,20260802011913_1A-4-7-8-17-28C,30,1A,1,4,M53,AA7673,0,8
2026-08-02T06:13:48.003Z,deep_scan,20260802011913_1A-4-7-8-17-28C,30,1A,1,10,M21/1,AA6701,1,10
2026-08-02T06:13:48.003Z,deep_scan,20260802011913_1A-4-7-8-17-28C,30,1A,1,11,M120/2,AA7115,1,0
2026-08-02T06:13:48.020Z,deep_scan,20260802011913_1A-4-7-8-17-28C,30,1A,0,4,M27,AA5946,0,7
2026-08-02T06:13:48.020Z,deep_scan,20260802011913_1A-4-7-8-17-28C,30,1A,0,6,M36,AA7468,1,2
2026-08-02T06:13:48.020Z,deep_scan,20260802011913_1A-4-7-8-17-28C,30,1A,0,13,M156,AA5646,0,7
2026-08-02T06:14:17.988Z,deep_scan,20260802011913_1A-4-7-8-17-28C,30,1A,1,4,M53,AA7673,0,40
2026-08-02T06:14:17.988Z,deep_scan,20260802011913_1A-4-7-8-17-28C,30,1A,1,10,M21/1,AA6701,1,10
2026-08-02T06:14:18.092Z,deep_scan,20260802011913_1A-4-7-8-17-28C,30,1A,0,0,M120/2,AA7115,1,30
2026-08-02T06:14:18.092Z,deep_scan,20260802011913_1A-4-7-8-17-28C,30,1A,0,4,M27,AA5946,0,1
2026-08-02T06:14:18.092Z,deep_scan,20260802011913_1A-4-7-8-17-28C,30,1A,0,6,M36,AA7468,0,10
2026-08-02T06:14:18.092Z,deep_scan,20260802011913_1A-4-7-8-17-28C,30,1A,0,13,M156,AA5646,0,38
2026-08-02T06:14:48.000Z,deep_scan,20260802011913_1A-4-7-8-17-28C,30,1A,0,0,M120/2,AA7115,0,30
2026-08-02T06:14:48.000Z,deep_scan,20260802011913_1A-4-7-8-17-28C,30,1A,0,4,M27,AA5946,0,7
2026-08-02T06:14:48.000Z,deep_scan,20260802011913_1A-4-7-8-17-28C,30,1A,0,6,M36,AA7468,0,47
2026-08-02T06:14:48.000Z,deep_scan,20260802011913_1A-4-7-8-17-28C,30,1A,0,14,M253,AA5646,1,2
2026-08-02T06:14:48.024Z,deep_scan,20260802011913_1A-4-7-8-17-28C,30,1A,1,5,M49,AA7673,1,8
2026-08-02T06:14:48.024Z,deep_scan,20260802011913_1A-4-7-8-17-28C,30,1A,1,10,M21/1,AA6701,1,6
2026-08-02T06:15:17.991Z,deep_scan,20260802011913_1A-4-7-8-17-28C,30,1A,0,1,M108/1,AA7115,1,16
2026-08-02T06:15:17.991Z,deep_scan,20260802011913_1A-4-7-8-17-28C,30,1A,0,4,M27,AA5946,0,26
2026-08-02T06:15:17.991Z,deep_scan,20260802011913_1A-4-7-8-17-28C,30,1A,0,7,M48,AA7468,1,47
2026-08-02T06:15:17.991Z,deep_scan,20260802011913_1A-4-7-8-17-28C,30,1A,0,14,M253,AA5646,1,2
2026-08-02T06:15:17.996Z,deep_scan,20260802011913_1A-4-7-8-17-28C,30,1A,1,0,M252,AA5407,1,24
2026-08-02T06:15:17.996Z,deep_scan,20260802011913_1A-4-7-8-17-28C,30,1A,1,5,M49,AA7673,1,8
2026-08-02T06:15:17.996Z,deep_scan,20260802011913_1A-4-7-8-17-28C,30,1A,1,10,M21/1,AA6701,0,21
2026-08-02T06:15:47.992Z,deep_scan,20260802011913_1A-4-7-8-17-28C,30,1A,1,0,M252,AA5407,1,24
2026-08-02T06:15:47.992Z,deep_scan,20260802011913_1A-4-7-8-17-28C,30,1A,1,5,M49,AA7673,1,18
2026-08-02T06:15:47.992Z,deep_scan,20260802011913_1A-4-7-8-17-28C,30,1A,1,10,M21/1,AA6701,0,3
2026-08-02T06:15:48.001Z,deep_scan,20260802011913_1A-4-7-8-17-28C,30,1A,0,1,M108/1,AA7115,1,2
2026-08-02T06:15:48.001Z,deep_scan,20260802011913_1A-4-7-8-17-28C,30,1A,0,5,M29,AA5946,1,22
2026-08-02T06:15:48.001Z,deep_scan,20260802011913_1A-4-7-8-17-28C,30,1A,0,7,M48,AA7468,1,11
2026-08-02T06:15:48.001Z,deep_scan,20260802011913_1A-4-7-8-17-28C,30,1A,0,14,M253,AA5646,0,28
2026-08-02T06:16:18.045Z,deep_scan,20260802011913_1A-4-7-8-17-28C,30,1A,0,1,M108/1,AA7115,0,12
2026-08-02T06:16:18.045Z,deep_scan,20260802011913_1A-4-7-8-17-28C,30,1A,0,5,M29,AA5946,1,22
2026-08-02T06:16:18.045Z,deep_scan,20260802011913_1A-4-7-8-17-28C,30,1A,0,7,M48,AA7468,0,13
2026-08-02T06:16:18.045Z,deep_scan,20260802011913_1A-4-7-8-17-28C,30,1A,0,15,M250,AA5646,1,26
2026-08-02T06:16:18.066Z,deep_scan,20260802011913_1A-4-7-8-17-28C,30,1A,1,0,M252,AA5407,1,24
2026-08-02T06:16:18.066Z,deep_scan,20260802011913_1A-4-7-8-17-28C,30,1A,1,5,M49,AA7673,1,2
2026-08-02T06:16:18.066Z,deep_scan,20260802011913_1A-4-7-8-17-28C,30,1A,1,10,M21/1,AA6701,0,23
2026-08-02T06:16:48.009Z,deep_scan,20260802011913_1A-4-7-8-17-28C,30,1A,0,1,M108/1,AA7115,0,38
2026-08-02T06:16:48.009Z,deep_scan,20260802011913_1A-4-7-8-17-28C,30,1A,0,5,M29,AA5946,1,3
2026-08-02T06:16:48.009Z,deep_scan,20260802011913_1A-4-7-8-17-28C,30,1A,0,8,M52,AA7468,1,43
2026-08-02T06:16:48.009Z,deep_scan,20260802011913_1A-4-7-8-17-28C,30,1A,0,15,M250,AA5646,1,6
2026-08-02T06:16:48.051Z,deep_scan,20260802011913_1A-4-7-8-17-28C,30,1A,1,0,M252,AA5407,0,31
2026-08-02T06:16:48.051Z,deep_scan,20260802011913_1A-4-7-8-17-28C,30,1A,1,5,M49,AA7673,1,2
2026-08-02T06:16:48.051Z,deep_scan,20260802011913_1A-4-7-8-17-28C,30,1A,1,10,M21/1,AA6701,0,25
2026-08-02T06:17:18.039Z,deep_scan,20260802011913_1A-4-7-8-17-28C,30,1A,0,1,M108/1,AA7115,0,16
2026-08-02T06:17:18.039Z,deep_scan,20260802011913_1A-4-7-8-17-28C,30,1A,0,5,M29,AA5946,0,16
2026-08-02T06:17:18.039Z,deep_scan,20260802011913_1A-4-7-8-17-28C,30,1A,0,8,M52,AA7468,1,43
2026-08-02T06:17:18.039Z,deep_scan,20260802011913_1A-4-7-8-17-28C,30,1A,0,15,M250,AA5646,0,39
2026-08-02T06:17:18.058Z,deep_scan,20260802011913_1A-4-7-8-17-28C,30,1A,1,0,M252,AA5407,0,25
2026-08-02T06:17:18.058Z,deep_scan,20260802011913_1A-4-7-8-17-28C,30,1A,1,5,M49,AA7673,0,25
2026-08-02T06:17:18.058Z,deep_scan,20260802011913_1A-4-7-8-17-28C,30,1A,1,10,M21/1,AA6701,0,7
2026-08-02T06:17:48.049Z,deep_scan,20260802011913_1A-4-7-8-17-28C,30,1A,1,0,M252,AA5407,0,11
2026-08-02T06:17:48.049Z,deep_scan,20260802011913_1A-4-7-8-17-28C,30,1A,1,6,M35/1,AA7673,1,5
2026-08-02T06:17:48.049Z,deep_scan,20260802011913_1A-4-7-8-17-28C,30,1A,1,10,M21/1,AA6701,0,3
2026-08-02T06:17:48.079Z,deep_scan,20260802011913_1A-4-7-8-17-28C,30,1A,0,1,M108/1,AA7115,0,26
2026-08-02T06:17:48.079Z,deep_scan,20260802011913_1A-4-7-8-17-28C,30,1A,0,6,M36,AA5946,1,20
2026-08-02T06:17:48.079Z,deep_scan,20260802011913_1A-4-7-8-17-28C,30,1A,0,8,M52,AA7468,0,26
2026-08-02T06:17:48.079Z,deep_scan,20260802011913_1A-4-7-8-17-28C,30,1A,0,16,M252,AA5646,1,0
2026-08-02T06:18:18.001Z,deep_scan,20260802011913_1A-4-7-8-17-28C,30,1A,1,1,M161,AA5407,1,13
2026-08-02T06:18:18.001Z,deep_scan,20260802011913_1A-4-7-8-17-28C,30,1A,1,6,M35/1,AA7673,1,22
2026-08-02T06:18:18.001Z,deep_scan,20260802011913_1A-4-7-8-17-28C,30,1A,1,10,M21/1,AA6701,0,18
2026-08-02T06:18:18.047Z,deep_scan,20260802011913_1A-4-7-8-17-28C,30,1A,0,1,M108/1,AA7115,0,7
2026-08-02T06:18:18.047Z,deep_scan,20260802011913_1A-4-7-8-17-28C,30,1A,0,6,M36,AA5946,1,2
2026-08-02T06:18:18.047Z,deep_scan,20260802011913_1A-4-7-8-17-28C,30,1A,0,8,M52,AA7468,0,37
2026-08-02T06:18:18.047Z,deep_scan,20260802011913_1A-4-7-8-17-28C,30,1A,0,16,M252,AA5646,1,0
2026-08-02T06:18:48.059Z,deep_scan,20260802011913_1A-4-7-8-17-28C,30,1A,0,1,M108/1,AA7115,0,31
2026-08-02T06:18:48.059Z,deep_scan,20260802011913_1A-4-7-8-17-28C,30,1A,0,6,M36,AA5946,0,24
2026-08-02T06:18:48.059Z,deep_scan,20260802011913_1A-4-7-8-17-28C,30,1A,0,8,M52,AA7468,0,48
2026-08-02T06:18:48.059Z,deep_scan,20260802011913_1A-4-7-8-17-28C,30,1A,0,16,M252,AA5646,1,0
2026-08-02T06:18:48.079Z,deep_scan,20260802011913_1A-4-7-8-17-28C,30,1A,1,1,M161,AA5407,0,13
2026-08-02T06:18:48.079Z,deep_scan,20260802011913_1A-4-7-8-17-28C,30,1A,1,6,M35/1,AA7673,1,22
2026-08-02T06:18:48.079Z,deep_scan,20260802011913_1A-4-7-8-17-28C,30,1A,1,11,M120/2,AA6701,1,0
2026-08-02T06:19:18.061Z,deep_scan,20260802011913_1A-4-7-8-17-28C,30,1A,0,1,M108/1,AA7115,0,13
2026-08-02T06:19:18.061Z,deep_scan,20260802011913_1A-4-7-8-17-28C,30,1A,0,6,M36,AA5946,0,7
2026-08-02T06:19:18.061Z,deep_scan,20260802011913_1A-4-7-8-17-28C,30,1A,0,8,M52,AA7468,0,29
2026-08-02T06:19:18.061Z,deep_scan,20260802011913_1A-4-7-8-17-28C,30,1A,0,16,M252,AA5646,1,0
2026-08-02T06:19:18.071Z,deep_scan,20260802011913_1A-4-7-8-17-28C,30,1A,1,1,M161,AA5407,0,8
2026-08-02T06:19:18.071Z,deep_scan,20260802011913_1A-4-7-8-17-28C,30,1A,1,6,M35/1,AA7673,1,4
2026-08-02T06:19:18.071Z,deep_scan,20260802011913_1A-4-7-8-17-28C,30,1A,1,11,M120/2,AA6701,1,0
2026-08-02T06:19:48.049Z,deep_scan,20260802011913_1A-4-7-8-17-28C,30,1A,1,2,M70,AA5407,1,15
2026-08-02T06:19:48.049Z,deep_scan,20260802011913_1A-4-7-8-17-28C,30,1A,1,6,M35/1,AA7673,0,27
2026-08-02T06:19:48.049Z,deep_scan,20260802011913_1A-4-7-8-17-28C,30,1A,1,11,M120/2,AA6701,1,0
2026-08-02T06:19:48.074Z,deep_scan,20260802011913_1A-4-7-8-17-28C,30,1A,0,2,M26/1,AA7115,1,6
2026-08-02T06:19:48.074Z,deep_scan,20260802011913_1A-4-7-8-17-28C,30,1A,0,6,M36,AA5946,0,7
2026-08-02T06:19:48.074Z,deep_scan,20260802011913_1A-4-7-8-17-28C,30,1A,0,8,M52,AA7468,0,43
2026-08-02T06:19:48.074Z,deep_scan,20260802011913_1A-4-7-8-17-28C,30,1A,0,16,M252,AA5646,1,0
2026-08-02T06:20:18.130Z,deep_scan,20260802011913_1A-4-7-8-17-28C,30,1A,1,2,M70,AA5407,1,7
2026-08-02T06:20:18.130Z,deep_scan,20260802011913_1A-4-7-8-17-28C,30,1A,1,6,M35/1,AA7673,0,22
2026-08-02T06:20:18.130Z,deep_scan,20260802011913_1A-4-7-8-17-28C,30,1A,1,11,M120/2,AA6701,1,0
2026-08-02T06:20:18.167Z,deep_scan,20260802011913_1A-4-7-8-17-28C,30,1A,0,2,M26/1,AA7115,1,7
2026-08-02T06:20:18.167Z,deep_scan,20260802011913_1A-4-7-8-17-28C,30,1A,0,7,M48,AA5946,1,28
2026-08-02T06:20:18.167Z,deep_scan,20260802011913_1A-4-7-8-17-28C,30,1A,0,9,M239/1,AA7468,1,36
2026-08-02T06:20:18.167Z,deep_scan,20260802011913_1A-4-7-8-17-28C,30,1A,0,16,M252,AA5646,1,0
2026-08-02T06:20:48.090Z,deep_scan,20260802011913_1A-4-7-8-17-28C,30,1A,0,2,M26/1,AA7115,0,16
2026-08-02T06:20:48.090Z,deep_scan,20260802011913_1A-4-7-8-17-28C,30,1A,0,7,M48,AA5946,0,12
2026-08-02T06:20:48.090Z,deep_scan,20260802011913_1A-4-7-8-17-28C,30,1A,0,9,M239/1,AA7468,1,36
2026-08-02T06:20:48.090Z,deep_scan,20260802011913_1A-4-7-8-17-28C,30,1A,0,16,M252,AA5646,1,0
2026-08-02T06:20:48.102Z,deep_scan,20260802011913_1A-4-7-8-17-28C,30,1A,1,3,M118,AA5407,1,28
2026-08-02T06:20:48.102Z,deep_scan,20260802011913_1A-4-7-8-17-28C,30,1A,1,6,M35/1,AA7673,0,19
2026-08-02T06:20:48.102Z,deep_scan,20260802011913_1A-4-7-8-17-28C,30,1A,1,11,M120/2,AA6701,1,0
2026-08-02T06:21:18.101Z,deep_scan,20260802011913_1A-4-7-8-17-28C,30,1A,1,3,M118,AA5407,1,11
2026-08-02T06:21:18.101Z,deep_scan,20260802011913_1A-4-7-8-17-28C,30,1A,1,7,M28/1,AA7673,1,4
2026-08-02T06:21:18.101Z,deep_scan,20260802011913_1A-4-7-8-17-28C,30,1A,1,11,M120/2,AA6701,1,0
2026-08-02T06:21:18.138Z,deep_scan,20260802011913_1A-4-7-8-17-28C,30,1A,0,2,M26/1,AA7115,0,13
2026-08-02T06:21:18.138Z,deep_scan,20260802011913_1A-4-7-8-17-28C,30,1A,0,7,M48,AA5946,0,48
2026-08-02T06:21:18.138Z,deep_scan,20260802011913_1A-4-7-8-17-28C,30,1A,0,9,M239/1,AA7468,0,45
2026-08-02T06:21:18.138Z,deep_scan,20260802011913_1A-4-7-8-17-28C,30,1A,0,16,M252,AA5646,1,0
2026-08-02T06:21:48.051Z,deep_scan,20260802011913_1A-4-7-8-17-28C,30,1A,0,2,M26/1,AA7115,0,27
2026-08-02T06:21:48.051Z,deep_scan,20260802011913_1A-4-7-8-17-28C,30,1A,0,8,M52,AA5946,1,2
2026-08-02T06:21:48.051Z,deep_scan,20260802011913_1A-4-7-8-17-28C,30,1A,0,10,M254,AA7468,1,22
2026-08-02T06:21:48.093Z,deep_scan,20260802011913_1A-4-7-8-17-28C,30,1A,1,3,M118,AA5407,0,21
2026-08-02T06:21:48.093Z,deep_scan,20260802011913_1A-4-7-8-17-28C,30,1A,1,7,M28/1,AA7673,1,4
2026-08-02T06:21:48.093Z,deep_scan,20260802011913_1A-4-7-8-17-28C,30,1A,1,11,M120/2,AA6701,1,0
2026-08-02T06:22:18.095Z,deep_scan,20260802011913_1A-4-7-8-17-28C,30,1A,1,3,M118,AA5407,0,18
2026-08-02T06:22:18.095Z,deep_scan,20260802011913_1A-4-7-8-17-28C,30,1A,1,7,M28/1,AA7673,0,13
2026-08-02T06:22:18.095Z,deep_scan,20260802011913_1A-4-7-8-17-28C,30,1A,1,11,M120/2,AA6701,1,0
2026-08-02T06:22:18.101Z,deep_scan,20260802011913_1A-4-7-8-17-28C,30,1A,0,3,M10,AA7115,1,4
2026-08-02T06:22:18.101Z,deep_scan,20260802011913_1A-4-7-8-17-28C,30,1A,0,8,M52,AA5946,0,21
2026-08-02T06:22:18.101Z,deep_scan,20260802011913_1A-4-7-8-17-28C,30,1A,0,10,M254,AA7468,0,20
2026-08-02T06:22:48.123Z,deep_scan,20260802011913_1A-4-7-8-17-28C,30,1A,1,3,M118,AA5407,0,43
2026-08-02T06:22:48.123Z,deep_scan,20260802011913_1A-4-7-8-17-28C,30,1A,1,7,M28/1,AA7673,0,13
2026-08-02T06:22:48.123Z,deep_scan,20260802011913_1A-4-7-8-17-28C,30,1A,1,11,M120/2,AA6701,1,0
2026-08-02T06:22:48.128Z,deep_scan,20260802011913_1A-4-7-8-17-28C,30,1A,0,3,M10,AA7115,0,9
2026-08-02T06:22:48.128Z,deep_scan,20260802011913_1A-4-7-8-17-28C,30,1A,0,8,M52,AA5946,0,48
2026-08-02T06:22:48.128Z,deep_scan,20260802011913_1A-4-7-8-17-28C,30,1A,0,10,M254,AA7468,0,39
2026-08-02T06:23:18.097Z,deep_scan,20260802011913_1A-4-7-8-17-28C,30,1A,1,3,M118,AA5407,0,34
2026-08-02T06:23:18.097Z,deep_scan,20260802011913_1A-4-7-8-17-28C,30,1A,1,7,M28/1,AA7673,0,17
2026-08-02T06:23:18.106Z,deep_scan,20260802011913_1A-4-7-8-17-28C,30,1A,0,3,M10,AA7115,0,15
2026-08-02T06:23:18.106Z,deep_scan,20260802011913_1A-4-7-8-17-28C,30,1A,0,8,M52,AA5946,0,48
2026-08-02T06:23:18.106Z,deep_scan,20260802011913_1A-4-7-8-17-28C,30,1A,0,11,M241,AA7468,1,31
2026-08-02T06:23:48.126Z,deep_scan,20260802011913_1A-4-7-8-17-28C,30,1A,0,3,M10,AA7115,0,3
2026-08-02T06:23:48.126Z,deep_scan,20260802011913_1A-4-7-8-17-28C,30,1A,0,8,M52,AA5946,0,3
2026-08-02T06:23:48.126Z,deep_scan,20260802011913_1A-4-7-8-17-28C,30,1A,0,11,M241,AA7468,0,22
2026-08-02T06:23:48.130Z,deep_scan,20260802011913_1A-4-7-8-17-28C,30,1A,1,3,M118,AA5407,0,44
2026-08-02T06:23:48.130Z,deep_scan,20260802011913_1A-4-7-8-17-28C,30,1A,1,7,M28/1,AA7673,0,18
2026-08-02T06:24:18.093Z,deep_scan,20260802011913_1A-4-7-8-17-28C,30,1A,0,4,M27,AA7115,1,17
2026-08-02T06:24:18.093Z,deep_scan,20260802011913_1A-4-7-8-17-28C,30,1A,0,8,M52,AA5946,0,13
2026-08-02T06:24:18.093Z,deep_scan,20260802011913_1A-4-7-8-17-28C,30,1A,0,12,M71,AA7468,1,5
2026-08-02T06:24:18.132Z,deep_scan,20260802011913_1A-4-7-8-17-28C,30,1A,1,3,M118,AA5407,0,35
2026-08-02T06:24:18.132Z,deep_scan,20260802011913_1A-4-7-8-17-28C,30,1A,1,7,M28/1,AA7673,0,6
2026-08-02T06:24:48.119Z,deep_scan,20260802011913_1A-4-7-8-17-28C,30,1A,1,3,M118,AA5407,0,43
2026-08-02T06:24:48.119Z,deep_scan,20260802011913_1A-4-7-8-17-28C,30,1A,1,7,M28/1,AA7673,0,8
2026-08-02T06:24:48.151Z,deep_scan,20260802011913_1A-4-7-8-17-28C,30,1A,0,4,M27,AA7115,1,4
2026-08-02T06:24:48.151Z,deep_scan,20260802011913_1A-4-7-8-17-28C,30,1A,0,9,M239/1,AA5946,1,19
2026-08-02T06:24:48.151Z,deep_scan,20260802011913_1A-4-7-8-17-28C,30,1A,0,13,M156,AA7468,1,32
2026-08-02T06:25:18.226Z,deep_scan,20260802011913_1A-4-7-8-17-28C,30,1A,0,0,M120/2,AA6701,1,31
2026-08-02T06:25:18.226Z,deep_scan,20260802011913_1A-4-7-8-17-28C,30,1A,0,4,M27,AA7115,0,13
2026-08-02T06:25:18.226Z,deep_scan,20260802011913_1A-4-7-8-17-28C,30,1A,0,9,M239/1,AA5946,0,19
2026-08-02T06:25:18.226Z,deep_scan,20260802011913_1A-4-7-8-17-28C,30,1A,0,13,M156,AA7468,1,15
2026-08-02T06:25:19.153Z,deep_scan,20260802011913_1A-4-7-8-17-28C,30,1A,1,4,M53,AA5407,1,27
2026-08-02T06:25:19.153Z,deep_scan,20260802011913_1A-4-7-8-17-28C,30,1A,1,7,M28/1,AA7673,0,10
2026-08-02T06:25:48.193Z,deep_scan,20260802011913_1A-4-7-8-17-28C,30,1A,1,4,M53,AA5407,0,33
2026-08-02T06:25:48.193Z,deep_scan,20260802011913_1A-4-7-8-17-28C,30,1A,1,8,M11,AA7673,1,16
2026-08-02T06:25:48.212Z,deep_scan,20260802011913_1A-4-7-8-17-28C,30,1A,0,0,M120/2,AA6701,0,31
2026-08-02T06:25:48.212Z,deep_scan,20260802011913_1A-4-7-8-17-28C,30,1A,0,4,M27,AA7115,0,2
2026-08-02T06:25:48.212Z,deep_scan,20260802011913_1A-4-7-8-17-28C,30,1A,0,10,M254,AA5946,1,47
2026-08-02T06:25:48.212Z,deep_scan,20260802011913_1A-4-7-8-17-28C,30,1A,0,13,M156,AA7468,1,9
2026-08-02T06:26:18.124Z,deep_scan,20260802011913_1A-4-7-8-17-28C,30,1A,1,0,M252,AA5646,1,36
2026-08-02T06:26:18.124Z,deep_scan,20260802011913_1A-4-7-8-17-28C,30,1A,1,4,M53,AA5407,0,17
2026-08-02T06:26:18.124Z,deep_scan,20260802011913_1A-4-7-8-17-28C,30,1A,1,8,M11,AA7673,0,18
2026-08-02T06:26:18.148Z,deep_scan,20260802011913_1A-4-7-8-17-28C,30,1A,0,0,M120/2,AA6701,0,11
2026-08-02T06:26:18.148Z,deep_scan,20260802011913_1A-4-7-8-17-28C,30,1A,0,4,M27,AA7115,0,15
2026-08-02T06:26:18.148Z,deep_scan,20260802011913_1A-4-7-8-17-28C,30,1A,0,10,M254,AA5946,0,28
2026-08-02T06:26:18.148Z,deep_scan,20260802011913_1A-4-7-8-17-28C,30,1A,0,13,M156,AA7468,0,41
2026-08-02T06:26:48.184Z,deep_scan,20260802011913_1A-4-7-8-17-28C,30,1A,1,0,M252,AA5646,0,50
2026-08-02T06:26:48.184Z,deep_scan,20260802011913_1A-4-7-8-17-28C,30,1A,1,5,M49,AA5407,1,4
2026-08-02T06:26:48.184Z,deep_scan,20260802011913_1A-4-7-8-17-28C,30,1A,1,9,M12,AA7673,1,12
2026-08-02T06:26:48.212Z,deep_scan,20260802011913_1A-4-7-8-17-28C,30,1A,0,1,M108/1,AA6701,1,31
2026-08-02T06:26:48.212Z,deep_scan,20260802011913_1A-4-7-8-17-28C,30,1A,0,5,M29,AA7115,1,3
2026-08-02T06:26:48.212Z,deep_scan,20260802011913_1A-4-7-8-17-28C,30,1A,0,10,M254,AA5946,0,18
2026-08-02T06:26:48.212Z,deep_scan,20260802011913_1A-4-7-8-17-28C,30,1A,0,14,M253,AA7468,1,15
2026-08-02T06:27:18.179Z,deep_scan,20260802011913_1A-4-7-8-17-28C,30,1A,1,1,M161,AA5646,1,38
2026-08-02T06:27:18.179Z,deep_scan,20260802011913_1A-4-7-8-17-28C,30,1A,1,5,M49,AA5407,1,13
2026-08-02T06:27:18.179Z,deep_scan,20260802011913_1A-4-7-8-17-28C,30,1A,1,9,M12,AA7673,1,25
2026-08-02T06:27:18.187Z,deep_scan,20260802011913_1A-4-7-8-17-28C,30,1A,0,1,M108/1,AA6701,1,11
2026-08-02T06:27:18.187Z,deep_scan,20260802011913_1A-4-7-8-17-28C,30,1A,0,5,M29,AA7115,1,1
2026-08-02T06:27:18.187Z,deep_scan,20260802011913_1A-4-7-8-17-28C,30,1A,0,11,M241,AA5946,1,26
2026-08-02T06:27:18.187Z,deep_scan,20260802011913_1A-4-7-8-17-28C,30,1A,0,14,M253,AA7468,1,16
2026-08-02T06:27:48.191Z,deep_scan,20260802011913_1A-4-7-8-17-28C,30,1A,0,1,M108/1,AA6701,0,18
2026-08-02T06:27:48.191Z,deep_scan,20260802011913_1A-4-7-8-17-28C,30,1A,0,5,M29,AA7115,1,1
2026-08-02T06:27:48.191Z,deep_scan,20260802011913_1A-4-7-8-17-28C,30,1A,0,11,M241,AA5946,1,7
2026-08-02T06:27:48.191Z,deep_scan,20260802011913_1A-4-7-8-17-28C,30,1A,0,14,M253,AA7468,0,14
2026-08-02T06:27:48.236Z,deep_scan,20260802011913_1A-4-7-8-17-28C,30,1A,1,1,M161,AA5646,1,7
2026-08-02T06:27:48.236Z,deep_scan,20260802011913_1A-4-7-8-17-28C,30,1A,1,5,M49,AA5407,1,13
2026-08-02T06:27:48.236Z,deep_scan,20260802011913_1A-4-7-8-17-28C,30,1A,1,10,M21/1,AA7673,1,5
2026-08-02T06:28:18.185Z,deep_scan,20260802011913_1A-4-7-8-17-28C,30,1A,0,1,M108/1,AA6701,0,46
2026-08-02T06:28:18.185Z,deep_scan,20260802011913_1A-4-7-8-17-28C,30,1A,0,5,M29,AA7115,1,1
2026-08-02T06:28:18.185Z,deep_scan,20260802011913_1A-4-7-8-17-28C,30,1A,0,12,M71,AA5946,1,35
2026-08-02T06:28:18.185Z,deep_scan,20260802011913_1A-4-7-8-17-28C,30,1A,0,15,M250,AA7468,1,9
2026-08-02T06:28:18.189Z,deep_scan,20260802011913_1A-4-7-8-17-28C,30,1A,1,1,M161,AA5646,1,29
2026-08-02T06:28:18.189Z,deep_scan,20260802011913_1A-4-7-8-17-28C,30,1A,1,5,M49,AA5407,1,13
2026-08-02T06:28:18.189Z,deep_scan,20260802011913_1A-4-7-8-17-28C,30,1A,1,10,M21/1,AA7673,0,5
2026-08-02T06:28:48.207Z,deep_scan,20260802011913_1A-4-7-8-17-28C,30,1A,1,1,M161,AA5646,0,21
2026-08-02T06:28:48.207Z,deep_scan,20260802011913_1A-4-7-8-17-28C,30,1A,1,5,M49,AA5407,0,24
2026-08-02T06:28:48.207Z,deep_scan,20260802011913_1A-4-7-8-17-28C,30,1A,1,10,M21/1,AA7673,0,5
2026-08-02T06:28:48.222Z,deep_scan,20260802011913_1A-4-7-8-17-28C,30,1A,0,1,M108/1,AA6701,0,29
2026-08-02T06:28:48.222Z,deep_scan,20260802011913_1A-4-7-8-17-28C,30,1A,0,5,M29,AA7115,0,14
2026-08-02T06:28:48.222Z,deep_scan,20260802011913_1A-4-7-8-17-28C,30,1A,0,12,M71,AA5946,1,2
2026-08-02T06:28:48.222Z,deep_scan,20260802011913_1A-4-7-8-17-28C,30,1A,0,15,M250,AA7468,1,20
2026-08-02T06:29:18.167Z,deep_scan,20260802011913_1A-4-7-8-17-28C,30,1A,0,1,M108/1,AA6701,0,13
2026-08-02T06:29:18.167Z,deep_scan,20260802011913_1A-4-7-8-17-28C,30,1A,0,6,M36,AA7115,1,6
2026-08-02T06:29:18.167Z,deep_scan,20260802011913_1A-4-7-8-17-28C,30,1A,0,13,M156,AA5946,1,29
2026-08-02T06:29:18.167Z,deep_scan,20260802011913_1A-4-7-8-17-28C,30,1A,0,15,M250,AA7468,0,10
2026-08-02T06:29:18.190Z,deep_scan,20260802011913_1A-4-7-8-17-28C,30,1A,1,2,M70,AA5646,1,3
2026-08-02T06:29:18.190Z,deep_scan,20260802011913_1A-4-7-8-17-28C,30,1A,1,6,M35/1,AA5407,1,5
2026-08-02T06:29:18.190Z,deep_scan,20260802011913_1A-4-7-8-17-28C,30,1A,1,10,M21/1,AA7673,0,18
2026-08-02T06:29:48.220Z,deep_scan,20260802011913_1A-4-7-8-17-28C,30,1A,1,3,M118,AA5646,1,29
2026-08-02T06:29:48.220Z,deep_scan,20260802011913_1A-4-7-8-17-28C,30,1A,1,6,M35/1,AA5407,1,12
2026-08-02T06:29:48.220Z,deep_scan,20260802011913_1A-4-7-8-17-28C,30,1A,1,10,M21/1,AA7673,0,22
2026-08-02T06:29:48.272Z,deep_scan,20260802011913_1A-4-7-8-17-28C,30,1A,0,1,M108/1,AA6701,0,28
2026-08-02T06:29:48.272Z,deep_scan,20260802011913_1A-4-7-8-17-28C,30,1A,0,6,M36,AA7115,1,7
2026-08-02T06:29:48.272Z,deep_scan,20260802011913_1A-4-7-8-17-28C,30,1A,0,13,M156,AA5946,1,13
2026-08-02T06:29:48.272Z,deep_scan,20260802011913_1A-4-7-8-17-28C,30,1A,0,16,M252,AA7468,1,0
2026-08-02T06:30:18.226Z,deep_scan,20260802011913_1A-4-7-8-17-28C,30,1A,1,3,M118,AA5646,1,9
2026-08-02T06:30:18.226Z,deep_scan,20260802011913_1A-4-7-8-17-28C,30,1A,1,6,M35/1,AA5407,0,10
2026-08-02T06:30:18.226Z,deep_scan,20260802011913_1A-4-7-8-17-28C,30,1A,1,10,M21/1,AA7673,0,9
2026-08-02T06:30:18.258Z,deep_scan,20260802011913_1A-4-7-8-17-28C,30,1A,0,1,M108/1,AA6701,0,20
2026-08-02T06:30:18.258Z,deep_scan,20260802011913_1A-4-7-8-17-28C,30,1A,0,6,M36,AA7115,1,3
2026-08-02T06:30:18.258Z,deep_scan,20260802011913_1A-4-7-8-17-28C,30,1A,0,13,M156,AA5946,0,13
2026-08-02T06:30:18.258Z,deep_scan,20260802011913_1A-4-7-8-17-28C,30,1A,0,16,M252,AA7468,1,0
2026-08-02T06:30:48.247Z,deep_scan,20260802011913_1A-4-7-8-17-28C,30,1A,0,2,M26/1,AA6701,1,8
2026-08-02T06:30:48.247Z,deep_scan,20260802011913_1A-4-7-8-17-28C,30,1A,0,6,M36,AA7115,0,10
2026-08-02T06:30:48.247Z,deep_scan,20260802011913_1A-4-7-8-17-28C,30,1A,0,13,M156,AA5946,0,29
2026-08-02T06:30:48.247Z,deep_scan,20260802011913_1A-4-7-8-17-28C,30,1A,0,16,M252,AA7468,1,0
2026-08-02T06:30:48.264Z,deep_scan,20260802011913_1A-4-7-8-17-28C,30,1A,1,3,M118,AA5646,0,9
2026-08-02T06:30:48.264Z,deep_scan,20260802011913_1A-4-7-8-17-28C,30,1A,1,6,M35/1,AA5407,0,10
2026-08-02T06:30:48.264Z,deep_scan,20260802011913_1A-4-7-8-17-28C,30,1A,1,10,M21/1,AA7673,0,16
2026-08-02T06:31:18.268Z,deep_scan,20260802011913_1A-4-7-8-17-28C,30,1A,1,3,M118,AA5646,0,10
2026-08-02T06:31:18.268Z,deep_scan,20260802011913_1A-4-7-8-17-28C,30,1A,1,6,M35/1,AA5407,0,10
2026-08-02T06:31:18.268Z,deep_scan,20260802011913_1A-4-7-8-17-28C,30,1A,1,10,M21/1,AA7673,0,3
2026-08-02T06:31:18.412Z,deep_scan,20260802011913_1A-4-7-8-17-28C,30,1A,0,2,M26/1,AA6701,1,2
2026-08-02T06:31:18.412Z,deep_scan,20260802011913_1A-4-7-8-17-28C,30,1A,0,6,M36,AA7115,0,13
2026-08-02T06:31:18.412Z,deep_scan,20260802011913_1A-4-7-8-17-28C,30,1A,0,14,M253,AA5946,1,27
2026-08-02T06:31:18.412Z,deep_scan,20260802011913_1A-4-7-8-17-28C,30,1A,0,16,M252,AA7468,1,0
2026-08-02T06:31:48.230Z,deep_scan,20260802011913_1A-4-7-8-17-28C,30,1A,1,3,M118,AA5646,0,29
2026-08-02T06:31:48.230Z,deep_scan,20260802011913_1A-4-7-8-17-28C,30,1A,1,6,M35/1,AA5407,0,7
2026-08-02T06:31:48.230Z,deep_scan,20260802011913_1A-4-7-8-17-28C,30,1A,1,10,M21/1,AA7673,0,9
2026-08-02T06:31:48.274Z,deep_scan,20260802011913_1A-4-7-8-17-28C,30,1A,0,2,M26/1,AA6701,1,3
2026-08-02T06:31:48.274Z,deep_scan,20260802011913_1A-4-7-8-17-28C,30,1A,0,7,M48,AA7115,1,17
2026-08-02T06:31:48.274Z,deep_scan,20260802011913_1A-4-7-8-17-28C,30,1A,0,14,M253,AA5946,0,25
2026-08-02T06:31:48.274Z,deep_scan,20260802011913_1A-4-7-8-17-28C,30,1A,0,16,M252,AA7468,1,0
2026-08-02T06:32:18.243Z,deep_scan,20260802011913_1A-4-7-8-17-28C,30,1A,0,2,M26/1,AA6701,0,30
2026-08-02T06:32:18.243Z,deep_scan,20260802011913_1A-4-7-8-17-28C,30,1A,0,7,M48,AA7115,1,4
2026-08-02T06:32:18.243Z,deep_scan,20260802011913_1A-4-7-8-17-28C,30,1A,0,14,M253,AA5946,0,29
2026-08-02T06:32:18.243Z,deep_scan,20260802011913_1A-4-7-8-17-28C,30,1A,0,16,M252,AA7468,1,0
2026-08-02T06:32:18.252Z,deep_scan,20260802011913_1A-4-7-8-17-28C,30,1A,1,3,M118,AA5646,0,16
2026-08-02T06:32:18.252Z,deep_scan,20260802011913_1A-4-7-8-17-28C,30,1A,1,7,M28/1,AA5407,1,16
2026-08-02T06:32:18.252Z,deep_scan,20260802011913_1A-4-7-8-17-28C,30,1A,1,10,M21/1,AA7673,0,9
2026-08-02T06:32:48.209Z,deep_scan,20260802011913_1A-4-7-8-17-28C,30,1A,0,2,M26/1,AA6701,0,3
2026-08-02T06:32:48.209Z,deep_scan,20260802011913_1A-4-7-8-17-28C,30,1A,0,7,M48,AA7115,0,24
2026-08-02T06:32:48.209Z,deep_scan,20260802011913_1A-4-7-8-17-28C,30,1A,0,15,M250,AA5946,1,5
2026-08-02T06:32:48.209Z,deep_scan,20260802011913_1A-4-7-8-17-28C,30,1A,0,16,M252,AA7468,1,0
2026-08-02T06:32:48.222Z,deep_scan,20260802011913_1A-4-7-8-17-28C,30,1A,1,3,M118,AA5646,0,26
2026-08-02T06:32:48.222Z,deep_scan,20260802011913_1A-4-7-8-17-28C,30,1A,1,7,M28/1,AA5407,1,2
2026-08-02T06:32:48.222Z,deep_scan,20260802011913_1A-4-7-8-17-28C,30,1A,1,10,M21/1,AA7673,0,9
2026-08-02T06:33:18.152Z,deep_scan,20260802011913_1A-4-7-8-17-28C,30,1A,0,2,M26/1,AA6701,0,2
2026-08-02T06:33:18.152Z,deep_scan,20260802011913_1A-4-7-8-17-28C,30,1A,0,7,M48,AA7115,0,45
2026-08-02T06:33:18.152Z,deep_scan,20260802011913_1A-4-7-8-17-28C,30,1A,0,15,M250,AA5946,0,21
2026-08-02T06:33:18.152Z,deep_scan,20260802011913_1A-4-7-8-17-28C,30,1A,0,16,M252,AA7468,1,0
2026-08-02T06:33:18.282Z,deep_scan,20260802011913_1A-4-7-8-17-28C,30,1A,1,3,M118,AA5646,0,46
2026-08-02T06:33:18.282Z,deep_scan,20260802011913_1A-4-7-8-17-28C,30,1A,1,7,M28/1,AA5407,0,24
2026-08-02T06:33:18.282Z,deep_scan,20260802011913_1A-4-7-8-17-28C,30,1A,1,10,M21/1,AA7673,0,9
2026-08-02T06:33:48.226Z,deep_scan,20260802011913_1A-4-7-8-17-28C,30,1A,1,0,M252,AA7468,1,12
2026-08-02T06:33:48.226Z,deep_scan,20260802011913_1A-4-7-8-17-28C,30,1A,1,3,M118,AA5646,0,46
2026-08-02T06:33:48.226Z,deep_scan,20260802011913_1A-4-7-8-17-28C,30,1A,1,7,M28/1,AA5407,0,15
2026-08-02T06:33:48.226Z,deep_scan,20260802011913_1A-4-7-8-17-28C,30,1A,1,10,M21/1,AA7673,0,9
2026-08-02T06:33:48.253Z,deep_scan,20260802011913_1A-4-7-8-17-28C,30,1A,0,3,M10,AA6701,1,7
2026-08-02T06:33:48.253Z,deep_scan,20260802011913_1A-4-7-8-17-28C,30,1A,0,8,M52,AA7115,1,2
2026-08-02T06:33:48.253Z,deep_scan,20260802011913_1A-4-7-8-17-28C,30,1A,0,16,M252,AA5946,1,0
2026-08-02T06:34:18.265Z,deep_scan,20260802011913_1A-4-7-8-17-28C,30,1A,1,0,M252,AA7468,1,9
2026-08-02T06:34:18.265Z,deep_scan,20260802011913_1A-4-7-8-17-28C,30,1A,1,4,M53,AA5646,1,20
2026-08-02T06:34:18.265Z,deep_scan,20260802011913_1A-4-7-8-17-28C,30,1A,1,7,M28/1,AA5407,0,22
2026-08-02T06:34:18.265Z,deep_scan,20260802011913_1A-4-7-8-17-28C,30,1A,1,10,M21/1,AA7673,0,35
2026-08-02T06:34:18.274Z,deep_scan,20260802011913_1A-4-7-8-17-28C,30,1A,0,3,M10,AA6701,1,9
2026-08-02T06:34:18.274Z,deep_scan,20260802011913_1A-4-7-8-17-28C,30,1A,0,8,M52,AA7115,0,7
2026-08-02T06:34:18.274Z,deep_scan,20260802011913_1A-4-7-8-17-28C,30,1A,0,16,M252,AA5946,1,0
2026-08-02T06:34:48.239Z,deep_scan,20260802011913_1A-4-7-8-17-28C,30,1A,1,0,M252,AA7468,0,7
2026-08-02T06:34:48.239Z,deep_scan,20260802011913_1A-4-7-8-17-28C,30,1A,1,4,M53,AA5646,0,42
2026-08-02T06:34:48.239Z,deep_scan,20260802011913_1A-4-7-8-17-28C,30,1A,1,7,M28/1,AA5407,0,9
2026-08-02T06:34:48.239Z,deep_scan,20260802011913_1A-4-7-8-17-28C,30,1A,1,10,M21/1,AA7673,0,14
2026-08-02T06:34:48.274Z,deep_scan,20260802011913_1A-4-7-8-17-28C,30,1A,0,3,M10,AA6701,1,27
2026-08-02T06:34:48.274Z,deep_scan,20260802011913_1A-4-7-8-17-28C,30,1A,0,8,M52,AA7115,0,30
2026-08-02T06:34:48.274Z,deep_scan,20260802011913_1A-4-7-8-17-28C,30,1A,0,16,M252,AA5946,1,0
2026-08-02T06:35:18.263Z,deep_scan,20260802011913_1A-4-7-8-17-28C,30,1A,0,3,M10,AA6701,0,19
2026-08-02T06:35:18.263Z,deep_scan,20260802011913_1A-4-7-8-17-28C,30,1A,0,8,M52,AA7115,0,45
2026-08-02T06:35:18.263Z,deep_scan,20260802011913_1A-4-7-8-17-28C,30,1A,0,16,M252,AA5946,1,0
2026-08-02T06:35:18.280Z,deep_scan,20260802011913_1A-4-7-8-17-28C,30,1A,1,0,M252,AA7468,0,38
2026-08-02T06:35:18.280Z,deep_scan,20260802011913_1A-4-7-8-17-28C,30,1A,1,4,M53,AA5646,0,34
2026-08-02T06:35:18.280Z,deep_scan,20260802011913_1A-4-7-8-17-28C,30,1A,1,8,M11,AA5407,1,29
2026-08-02T06:35:18.280Z,deep_scan,20260802011913_1A-4-7-8-17-28C,30,1A,1,10,M21/1,AA7673,0,12
2026-08-02T06:35:48.267Z,deep_scan,20260802011913_1A-4-7-8-17-28C,30,1A,1,0,M252,AA7468,0,36
2026-08-02T06:35:48.267Z,deep_scan,20260802011913_1A-4-7-8-17-28C,30,1A,1,4,M53,AA5646,0,21
2026-08-02T06:35:48.267Z,deep_scan,20260802011913_1A-4-7-8-17-28C,30,1A,1,9,M12,AA5407,1,21
2026-08-02T06:35:48.267Z,deep_scan,20260802011913_1A-4-7-8-17-28C,30,1A,1,10,M21/1,AA7673,0,12
2026-08-02T06:35:48.276Z,deep_scan,20260802011913_1A-4-7-8-17-28C,30,1A,0,3,M10,AA6701,0,10
2026-08-02T06:35:48.276Z,deep_scan,20260802011913_1A-4-7-8-17-28C,30,1A,0,8,M52,AA7115,0,22
2026-08-02T06:35:48.276Z,deep_scan,20260802011913_1A-4-7-8-17-28C,30,1A,0,16,M252,AA5946,1,0
2026-08-02T06:36:18.284Z,deep_scan,20260802011913_1A-4-7-8-17-28C,30,1A,1,0,M252,AA7468,0,5
2026-08-02T06:36:18.284Z,deep_scan,20260802011913_1A-4-7-8-17-28C,30,1A,1,5,M49,AA5646,1,11
2026-08-02T06:36:18.284Z,deep_scan,20260802011913_1A-4-7-8-17-28C,30,1A,1,9,M12,AA5407,0,8
2026-08-02T06:36:18.284Z,deep_scan,20260802011913_1A-4-7-8-17-28C,30,1A,1,10,M21/1,AA7673,0,18
2026-08-02T06:36:18.331Z,deep_scan,20260802011913_1A-4-7-8-17-28C,30,1A,0,3,M10,AA6701,0,13
2026-08-02T06:36:18.331Z,deep_scan,20260802011913_1A-4-7-8-17-28C,30,1A,0,8,M52,AA7115,0,40
2026-08-02T06:36:18.331Z,deep_scan,20260802011913_1A-4-7-8-17-28C,30,1A,0,16,M252,AA5946,1,0
2026-08-02T06:36:48.367Z,deep_scan,20260802011913_1A-4-7-8-17-28C,30,1A,0,3,M10,AA6701,0,15
2026-08-02T06:36:48.367Z,deep_scan,20260802011913_1A-4-7-8-17-28C,30,1A,0,9,M239/1,AA7115,1,10
2026-08-02T06:36:48.367Z,deep_scan,20260802011913_1A-4-7-8-17-28C,30,1A,0,16,M252,AA5946,1,0
2026-08-02T06:36:48.374Z,deep_scan,20260802011913_1A-4-7-8-17-28C,30,1A,1,0,M252,AA7468,0,13
2026-08-02T06:36:48.374Z,deep_scan,20260802011913_1A-4-7-8-17-28C,30,1A,1,5,M49,AA5646,1,11
2026-08-02T06:36:48.374Z,deep_scan,20260802011913_1A-4-7-8-17-28C,30,1A,1,9,M12,AA5407,0,9
2026-08-02T06:36:48.374Z,deep_scan,20260802011913_1A-4-7-8-17-28C,30,1A,1,11,M120/2,AA7673,1,0
2026-08-02T06:37:18.309Z,deep_scan,20260802011913_1A-4-7-8-17-28C,30,1A,0,4,M27,AA6701,1,11
2026-08-02T06:37:18.309Z,deep_scan,20260802011913_1A-4-7-8-17-28C,30,1A,0,9,M239/1,AA7115,0,20
2026-08-02T06:37:18.309Z,deep_scan,20260802011913_1A-4-7-8-17-28C,30,1A,0,16,M252,AA5946,1,0
2026-08-02T06:37:18.356Z,deep_scan,20260802011913_1A-4-7-8-17-28C,30,1A,1,0,M252,AA7468,0,13
2026-08-02T06:37:18.356Z,deep_scan,20260802011913_1A-4-7-8-17-28C,30,1A,1,5,M49,AA5646,1,11
2026-08-02T06:37:18.356Z,deep_scan,20260802011913_1A-4-7-8-17-28C,30,1A,1,9,M12,AA5407,0,9
2026-08-02T06:37:18.356Z,deep_scan,20260802011913_1A-4-7-8-17-28C,30,1A,1,11,M120/2,AA7673,1,0
2026-08-02T06:37:48.282Z,deep_scan,20260802011913_1A-4-7-8-17-28C,30,1A,0,4,M27,AA6701,1,2
2026-08-02T06:37:48.282Z,deep_scan,20260802011913_1A-4-7-8-17-28C,30,1A,0,10,M254,AA7115,1,34
2026-08-02T06:37:48.282Z,deep_scan,20260802011913_1A-4-7-8-17-28C,30,1A,0,16,M252,AA5946,1,0
2026-08-02T06:37:48.332Z,deep_scan,20260802011913_1A-4-7-8-17-28C,30,1A,1,1,M161,AA7468,1,9
2026-08-02T06:37:48.332Z,deep_scan,20260802011913_1A-4-7-8-17-28C,30,1A,1,5,M49,AA5646,1,11
2026-08-02T06:37:48.332Z,deep_scan,20260802011913_1A-4-7-8-17-28C,30,1A,1,9,M12,AA5407,0,9
2026-08-02T06:37:48.332Z,deep_scan,20260802011913_1A-4-7-8-17-28C,30,1A,1,11,M120/2,AA7673,1,0
2026-08-02T06:38:18.337Z,deep_scan,20260802011913_1A-4-7-8-17-28C,30,1A,1,1,M161,AA7468,1,23
2026-08-02T06:38:18.337Z,deep_scan,20260802011913_1A-4-7-8-17-28C,30,1A,1,5,M49,AA5646,0,3
2026-08-02T06:38:18.337Z,deep_scan,20260802011913_1A-4-7-8-17-28C,30,1A,1,10,M21/1,AA5407,1,10
2026-08-02T06:38:18.337Z,deep_scan,20260802011913_1A-4-7-8-17-28C,30,1A,1,11,M120/2,AA7673,1,0
2026-08-02T06:38:18.359Z,deep_scan,20260802011913_1A-4-7-8-17-28C,30,1A,0,4,M27,AA6701,0,27
2026-08-02T06:38:18.359Z,deep_scan,20260802011913_1A-4-7-8-17-28C,30,1A,0,10,M254,AA7115,0,29
2026-08-02T06:38:48.260Z,deep_scan,20260802011913_1A-4-7-8-17-28C,30,1A,1,1,M161,AA7468,0,26
2026-08-02T06:38:48.260Z,deep_scan,20260802011913_1A-4-7-8-17-28C,30,1A,1,6,M35/1,AA5646,0,4
2026-08-02T06:38:48.260Z,deep_scan,20260802011913_1A-4-7-8-17-28C,30,1A,1,10,M21/1,AA5407,1,10
2026-08-02T06:38:48.260Z,deep_scan,20260802011913_1A-4-7-8-17-28C,30,1A,1,11,M120/2,AA7673,1,0
2026-08-02T06:38:48.365Z,deep_scan,20260802011913_1A-4-7-8-17-28C,30,1A,0,4,M27,AA6701,0,5
2026-08-02T06:38:48.365Z,deep_scan,20260802011913_1A-4-7-8-17-28C,30,1A,0,10,M254,AA7115,0,39
2026-08-02T06:39:18.344Z,deep_scan,20260802011913_1A-4-7-8-17-28C,30,1A,1,2,M70,AA7468,1,8
2026-08-02T06:39:18.344Z,deep_scan,20260802011913_1A-4-7-8-17-28C,30,1A,1,6,M35/1,AA5646,0,9
2026-08-02T06:39:18.344Z,deep_scan,20260802011913_1A-4-7-8-17-28C,30,1A,1,10,M21/1,AA5407,0,7
2026-08-02T06:39:18.344Z,deep_scan,20260802011913_1A-4-7-8-17-28C,30,1A,1,11,M120/2,AA7673,1,0
2026-08-02T06:39:18.366Z,deep_scan,20260802011913_1A-4-7-8-17-28C,30,1A,0,5,M29,AA6701,1,21
2026-08-02T06:39:18.366Z,deep_scan,20260802011913_1A-4-7-8-17-28C,30,1A,0,11,M241,AA7115,1,5
2026-08-02T06:39:48.320Z,deep_scan,20260802011913_1A-4-7-8-17-28C,30,1A,0,0,M120/2,AA7673,1,18
2026-08-02T06:39:48.320Z,deep_scan,20260802011913_1A-4-7-8-17-28C,30,1A,0,5,M29,AA6701,1,21
2026-08-02T06:39:48.320Z,deep_scan,20260802011913_1A-4-7-8-17-28C,30,1A,0,11,M241,AA7115,0,25
2026-08-02T06:39:48.353Z,deep_scan,20260802011913_1A-4-7-8-17-28C,30,1A,1,2,M70,AA7468,1,8
2026-08-02T06:39:48.353Z,deep_scan,20260802011913_1A-4-7-8-17-28C,30,1A,1,6,M35/1,AA5646,0,9
2026-08-02T06:39:48.353Z,deep_scan,20260802011913_1A-4-7-8-17-28C,30,1A,1,10,M21/1,AA5407,0,14
2026-08-02T06:40:18.329Z,deep_scan,20260802011913_1A-4-7-8-17-28C,30,1A,0,0,M120/2,AA7673,0,18
2026-08-02T06:40:18.329Z,deep_scan,20260802011913_1A-4-7-8-17-28C,30,1A,0,5,M29,AA6701,1,21
2026-08-02T06:40:18.329Z,deep_scan,20260802011913_1A-4-7-8-17-28C,30,1A,0,12,M71,AA7115,0,7
2026-08-02T06:40:18.368Z,deep_scan,20260802011913_1A-4-7-8-17-28C,30,1A,1,3,M118,AA7468,1,42
2026-08-02T06:40:18.368Z,deep_scan,20260802011913_1A-4-7-8-17-28C,30,1A,1,6,M35/1,AA5646,0,9
2026-08-02T06:40:18.368Z,deep_scan,20260802011913_1A-4-7-8-17-28C,30,1A,1,10,M21/1,AA5407,0,14
2026-08-02T06:40:48.390Z,deep_scan,20260802011913_1A-4-7-8-17-28C,30,1A,1,3,M118,AA7468,1,42
2026-08-02T06:40:48.390Z,deep_scan,20260802011913_1A-4-7-8-17-28C,30,1A,1,6,M35/1,AA5646,0,24
2026-08-02T06:40:48.390Z,deep_scan,20260802011913_1A-4-7-8-17-28C,30,1A,1,10,M21/1,AA5407,0,14
2026-08-02T06:40:48.412Z,deep_scan,20260802011913_1A-4-7-8-17-28C,30,1A,0,0,M120/2,AA7673,0,2
2026-08-02T06:40:48.412Z,deep_scan,20260802011913_1A-4-7-8-17-28C,30,1A,0,5,M29,AA6701,1,14
2026-08-02T06:40:48.412Z,deep_scan,20260802011913_1A-4-7-8-17-28C,30,1A,0,12,M71,AA7115,0,19
2026-08-02T06:41:18.333Z,deep_scan,20260802011913_1A-4-7-8-17-28C,30,1A,1,3,M118,AA7468,1,12
2026-08-02T06:41:18.333Z,deep_scan,20260802011913_1A-4-7-8-17-28C,30,1A,1,6,M35/1,AA5646,0,19
2026-08-02T06:41:18.333Z,deep_scan,20260802011913_1A-4-7-8-17-28C,30,1A,1,10,M21/1,AA5407,0,17
2026-08-02T06:41:18.345Z,deep_scan,20260802011913_1A-4-7-8-17-28C,30,1A,0,1,M108/1,AA7673,1,12
2026-08-02T06:41:18.345Z,deep_scan,20260802011913_1A-4-7-8-17-28C,30,1A,0,6,M36,AA6701,1,35
2026-08-02T06:41:18.345Z,deep_scan,20260802011913_1A-4-7-8-17-28C,30,1A,0,13,M156,AA7115,1,5
2026-08-02T06:41:48.419Z,deep_scan,20260802011913_1A-4-7-8-17-28C,30,1A,0,1,M108/1,AA7673,1,12
2026-08-02T06:41:48.419Z,deep_scan,20260802011913_1A-4-7-8-17-28C,30,1A,0,6,M36,AA6701,1,6
2026-08-02T06:41:48.419Z,deep_scan,20260802011913_1A-4-7-8-17-28C,30,1A,0,13,M156,AA7115,1,3
2026-08-02T06:41:48.424Z,deep_scan,20260802011913_1A-4-7-8-17-28C,30,1A,1,3,M118,AA7468,0,18
2026-08-02T06:41:48.424Z,deep_scan,20260802011913_1A-4-7-8-17-28C,30,1A,1,6,M35/1,AA5646,0,23
2026-08-02T06:41:48.424Z,deep_scan,20260802011913_1A-4-7-8-17-28C,30,1A,1,10,M21/1,AA5407,0,7
2026-08-02T06:42:18.355Z,deep_scan,20260802011913_1A-4-7-8-17-28C,30,1A,1,3,M118,AA7468,0,10
2026-08-02T06:42:18.355Z,deep_scan,20260802011913_1A-4-7-8-17-28C,30,1A,1,7,M28/1,AA5646,1,4
2026-08-02T06:42:18.355Z,deep_scan,20260802011913_1A-4-7-8-17-28C,30,1A,1,10,M21/1,AA5407,0,25
2026-08-02T06:42:18.367Z,deep_scan,20260802011913_1A-4-7-8-17-28C,30,1A,0,1,M108/1,AA7673,0,2
2026-08-02T06:42:18.367Z,deep_scan,20260802011913_1A-4-7-8-17-28C,30,1A,0,6,M36,AA6701,1,6
2026-08-02T06:42:18.367Z,deep_scan,20260802011913_1A-4-7-8-17-28C,30,1A,0,13,M156,AA7115,1,3
2026-08-02T06:42:48.366Z,deep_scan,20260802011913_1A-4-7-8-17-28C,30,1A,0,1,M108/1,AA7673,0,15
2026-08-02T06:42:48.366Z,deep_scan,20260802011913_1A-4-7-8-17-28C,30,1A,0,6,M36,AA6701,0,13
2026-08-02T06:42:48.366Z,deep_scan,20260802011913_1A-4-7-8-17-28C,30,1A,0,13,M156,AA7115,0,28
2026-08-02T06:42:48.392Z,deep_scan,20260802011913_1A-4-7-8-17-28C,30,1A,1,3,M118,AA7468,0,46
2026-08-02T06:42:48.392Z,deep_scan,20260802011913_1A-4-7-8-17-28C,30,1A,1,7,M28/1,AA5646,0,5
2026-08-02T06:42:48.392Z,deep_scan,20260802011913_1A-4-7-8-17-28C,30,1A,1,10,M21/1,AA5407,0,27
2026-08-02T06:43:18.363Z,deep_scan,20260802011913_1A-4-7-8-17-28C,30,1A,1,0,M252,AA5946,1,4
2026-08-02T06:43:18.363Z,deep_scan,20260802011913_1A-4-7-8-17-28C,30,1A,1,3,M118,AA7468,0,13
2026-08-02T06:43:18.363Z,deep_scan,20260802011913_1A-4-7-8-17-28C,30,1A,1,7,M28/1,AA5646,0,12
2026-08-02T06:43:18.363Z,deep_scan,20260802011913_1A-4-7-8-17-28C,30,1A,1,10,M21/1,AA5407,0,27
2026-08-02T06:43:18.382Z,deep_scan,20260802011913_1A-4-7-8-17-28C,30,1A,0,1,M108/1,AA7673,0,20
2026-08-02T06:43:18.382Z,deep_scan,20260802011913_1A-4-7-8-17-28C,30,1A,0,7,M48,AA6701,1,26
2026-08-02T06:43:18.382Z,deep_scan,20260802011913_1A-4-7-8-17-28C,30,1A,0,14,M253,AA7115,1,2
2026-08-02T06:43:48.394Z,deep_scan,20260802011913_1A-4-7-8-17-28C,30,1A,0,1,M108/1,AA7673,0,40
2026-08-02T06:43:48.394Z,deep_scan,20260802011913_1A-4-7-8-17-28C,30,1A,0,7,M48,AA6701,1,15
2026-08-02T06:43:48.394Z,deep_scan,20260802011913_1A-4-7-8-17-28C,30,1A,0,14,M253,AA7115,1,2
2026-08-02T06:43:48.419Z,deep_scan,20260802011913_1A-4-7-8-17-28C,30,1A,1,0,M252,AA5946,0,4
2026-08-02T06:43:48.419Z,deep_scan,20260802011913_1A-4-7-8-17-28C,30,1A,1,3,M118,AA7468,0,46
2026-08-02T06:43:48.419Z,deep_scan,20260802011913_1A-4-7-8-17-28C,30,1A,1,7,M28/1,AA5646,0,22
2026-08-02T06:43:48.419Z,deep_scan,20260802011913_1A-4-7-8-17-28C,30,1A,1,10,M21/1,AA5407,0,7
2026-08-02T06:44:18.400Z,deep_scan,20260802011913_1A-4-7-8-17-28C,30,1A,1,0,M252,AA5946,0,16
2026-08-02T06:44:18.400Z,deep_scan,20260802011913_1A-4-7-8-17-28C,30,1A,1,3,M118,AA7468,0,14
2026-08-02T06:44:18.400Z,deep_scan,20260802011913_1A-4-7-8-17-28C,30,1A,1,7,M28/1,AA5646,0,10
2026-08-02T06:44:18.400Z,deep_scan,20260802011913_1A-4-7-8-17-28C,30,1A,1,10,M21/1,AA5407,0,34
2026-08-02T06:44:18.413Z,deep_scan,20260802011913_1A-4-7-8-17-28C,30,1A,0,1,M108/1,AA7673,0,24
2026-08-02T06:44:18.413Z,deep_scan,20260802011913_1A-4-7-8-17-28C,30,1A,0,7,M48,AA6701,0,15
2026-08-02T06:44:18.413Z,deep_scan,20260802011913_1A-4-7-8-17-28C,30,1A,0,14,M253,AA7115,0,25
2026-08-02T06:44:48.414Z,deep_scan,20260802011913_1A-4-7-8-17-28C,30,1A,0,1,M108/1,AA7673,0,20
2026-08-02T06:44:48.414Z,deep_scan,20260802011913_1A-4-7-8-17-28C,30,1A,0,8,M52,AA6701,1,45
2026-08-02T06:44:48.414Z,deep_scan,20260802011913_1A-4-7-8-17-28C,30,1A,0,15,M250,AA7115,1,5
2026-08-02T06:44:48.455Z,deep_scan,20260802011913_1A-4-7-8-17-28C,30,1A,1,0,M252,AA5946,0,43
2026-08-02T06:44:48.455Z,deep_scan,20260802011913_1A-4-7-8-17-28C,30,1A,1,3,M118,AA7468,0,47
2026-08-02T06:44:48.455Z,deep_scan,20260802011913_1A-4-7-8-17-28C,30,1A,1,8,M11,AA5646,1,17
2026-08-02T06:44:48.455Z,deep_scan,20260802011913_1A-4-7-8-17-28C,30,1A,1,11,M120/2,AA5407,1,0
2026-08-02T06:45:18.388Z,deep_scan,20260802011913_1A-4-7-8-17-28C,30,1A,1,0,M252,AA5946,0,43
2026-08-02T06:45:18.388Z,deep_scan,20260802011913_1A-4-7-8-17-28C,30,1A,1,4,M53,AA7468,1,38
2026-08-02T06:45:18.388Z,deep_scan,20260802011913_1A-4-7-8-17-28C,30,1A,1,8,M11,AA5646,0,14
2026-08-02T06:45:18.388Z,deep_scan,20260802011913_1A-4-7-8-17-28C,30,1A,1,11,M120/2,AA5407,1,0
2026-08-02T06:45:18.402Z,deep_scan,20260802011913_1A-4-7-8-17-28C,30,1A,0,1,M108/1,AA7673,0,19
2026-08-02T06:45:18.402Z,deep_scan,20260802011913_1A-4-7-8-17-28C,30,1A,0,8,M52,AA6701,0,28
2026-08-02T06:45:18.402Z,deep_scan,20260802011913_1A-4-7-8-17-28C,30,1A,0,15,M250,AA7115,1,6
2026-08-02T06:45:48.400Z,deep_scan,20260802011913_1A-4-7-8-17-28C,30,1A,0,2,M26/1,AA7673,1,1
2026-08-02T06:45:48.400Z,deep_scan,20260802011913_1A-4-7-8-17-28C,30,1A,0,8,M52,AA6701,0,48
2026-08-02T06:45:48.400Z,deep_scan,20260802011913_1A-4-7-8-17-28C,30,1A,0,15,M250,AA7115,0,18
2026-08-02T06:45:48.406Z,deep_scan,20260802011913_1A-4-7-8-17-28C,30,1A,1,1,M161,AA5946,1,17
2026-08-02T06:45:48.406Z,deep_scan,20260802011913_1A-4-7-8-17-28C,30,1A,1,4,M53,AA7468,0,48
2026-08-02T06:45:48.406Z,deep_scan,20260802011913_1A-4-7-8-17-28C,30,1A,1,9,M12,AA5646,1,19
2026-08-02T06:45:48.406Z,deep_scan,20260802011913_1A-4-7-8-17-28C,30,1A,1,11,M120/2,AA5407,1,0
2026-08-02T06:46:18.459Z,deep_scan,20260802011913_1A-4-7-8-17-28C,30,1A,1,1,M161,AA5946,1,17
2026-08-02T06:46:18.459Z,deep_scan,20260802011913_1A-4-7-8-17-28C,30,1A,1,4,M53,AA7468,0,8
2026-08-02T06:46:18.459Z,deep_scan,20260802011913_1A-4-7-8-17-28C,30,1A,1,10,M21/1,AA5646,1,31
2026-08-02T06:46:18.459Z,deep_scan,20260802011913_1A-4-7-8-17-28C,30,1A,1,11,M120/2,AA5407,1,0
2026-08-02T06:46:18.494Z,deep_scan,20260802011913_1A-4-7-8-17-28C,30,1A,0,2,M26/1,AA7673,1,1
2026-08-02T06:46:18.494Z,deep_scan,20260802011913_1A-4-7-8-17-28C,30,1A,0,8,M52,AA6701,0,47
2026-08-02T06:46:18.494Z,deep_scan,20260802011913_1A-4-7-8-17-28C,30,1A,0,16,M252,AA7115,1,0
2026-08-02T06:46:48.488Z,deep_scan,20260802011913_1A-4-7-8-17-28C,30,1A,0,2,M26/1,AA7673,1,1
2026-08-02T06:46:48.488Z,deep_scan,20260802011913_1A-4-7-8-17-28C,30,1A,0,8,M52,AA6701,0,8
2026-08-02T06:46:48.488Z,deep_scan,20260802011913_1A-4-7-8-17-28C,30,1A,0,16,M252,AA7115,1,0
2026-08-02T06:46:48.505Z,deep_scan,20260802011913_1A-4-7-8-17-28C,30,1A,1,1,M161,AA5946,1,17
2026-08-02T06:46:48.505Z,deep_scan,20260802011913_1A-4-7-8-17-28C,30,1A,1,5,M49,AA7468,0,13
2026-08-02T06:46:48.505Z,deep_scan,20260802011913_1A-4-7-8-17-28C,30,1A,1,10,M21/1,AA5646,0,10
2026-08-02T06:46:48.505Z,deep_scan,20260802011913_1A-4-7-8-17-28C,30,1A,1,11,M120/2,AA5407,1,0
2026-08-02T06:47:18.446Z,deep_scan,20260802011913_1A-4-7-8-17-28C,30,1A,1,1,M161,AA5946,1,25
2026-08-02T06:47:18.446Z,deep_scan,20260802011913_1A-4-7-8-17-28C,30,1A,1,5,M49,AA7468,0,17
2026-08-02T06:47:18.446Z,deep_scan,20260802011913_1A-4-7-8-17-28C,30,1A,1,10,M21/1,AA5646,0,17
2026-08-02T06:47:18.446Z,deep_scan,20260802011913_1A-4-7-8-17-28C,30,1A,1,11,M120/2,AA5407,1,0
2026-08-02T06:47:18.468Z,deep_scan,20260802011913_1A-4-7-8-17-28C,30,1A,0,2,M26/1,AA7673,0,16
2026-08-02T06:47:18.468Z,deep_scan,20260802011913_1A-4-7-8-17-28C,30,1A,0,8,M52,AA6701,0,33
2026-08-02T06:47:18.468Z,deep_scan,20260802011913_1A-4-7-8-17-28C,30,1A,0,16,M252,AA7115,1,0
2026-08-02T06:47:48.493Z,deep_scan,20260802011913_1A-4-7-8-17-28C,30,1A,1,2,M70,AA5946,1,36
2026-08-02T06:47:48.493Z,deep_scan,20260802011913_1A-4-7-8-17-28C,30,1A,1,5,M49,AA7468,0,42
2026-08-02T06:47:48.493Z,deep_scan,20260802011913_1A-4-7-8-17-28C,30,1A,1,10,M21/1,AA5646,0,18
2026-08-02T06:47:48.493Z,deep_scan,20260802011913_1A-4-7-8-17-28C,30,1A,1,11,M120/2,AA5407,1,0
2026-08-02T06:47:48.509Z,deep_scan,20260802011913_1A-4-7-8-17-28C,30,1A,0,2,M26/1,AA7673,0,10
2026-08-02T06:47:48.509Z,deep_scan,20260802011913_1A-4-7-8-17-28C,30,1A,0,9,M239/1,AA6701,1,25
2026-08-02T06:47:48.509Z,deep_scan,20260802011913_1A-4-7-8-17-28C,30,1A,0,16,M252,AA7115,1,0
2026-08-02T06:48:18.469Z,deep_scan,20260802011913_1A-4-7-8-17-28C,30,1A,1,2,M70,AA5946,1,5
2026-08-02T06:48:18.469Z,deep_scan,20260802011913_1A-4-7-8-17-28C,30,1A,1,5,M49,AA7468,0,1
2026-08-02T06:48:18.469Z,deep_scan,20260802011913_1A-4-7-8-17-28C,30,1A,1,10,M21/1,AA5646,0,23
2026-08-02T06:48:18.469Z,deep_scan,20260802011913_1A-4-7-8-17-28C,30,1A,1,11,M120/2,AA5407,1,0
2026-08-02T06:48:18.510Z,deep_scan,20260802011913_1A-4-7-8-17-28C,30,1A,0,2,M26/1,AA7673,0,21
2026-08-02T06:48:18.510Z,deep_scan,20260802011913_1A-4-7-8-17-28C,30,1A,0,9,M239/1,AA6701,1,25
2026-08-02T06:48:18.510Z,deep_scan,20260802011913_1A-4-7-8-17-28C,30,1A,0,16,M252,AA7115,1,0
2026-08-02T06:48:48.491Z,deep_scan,20260802011913_1A-4-7-8-17-28C,30,1A,0,2,M26/1,AA7673,0,8
2026-08-02T06:48:48.491Z,deep_scan,20260802011913_1A-4-7-8-17-28C,30,1A,0,9,M239/1,AA6701,0,12
2026-08-02T06:48:48.491Z,deep_scan,20260802011913_1A-4-7-8-17-28C,30,1A,0,16,M252,AA7115,1,0
2026-08-02T06:48:48.494Z,deep_scan,20260802011913_1A-4-7-8-17-28C,30,1A,1,2,M70,AA5946,0,28
2026-08-02T06:48:48.494Z,deep_scan,20260802011913_1A-4-7-8-17-28C,30,1A,1,5,M49,AA7468,0,10
2026-08-02T06:48:48.494Z,deep_scan,20260802011913_1A-4-7-8-17-28C,30,1A,1,10,M21/1,AA5646,0,24
2026-08-02T06:49:18.463Z,deep_scan,20260802011913_1A-4-7-8-17-28C,30,1A,0,0,M120/2,AA5407,1,34
2026-08-02T06:49:18.463Z,deep_scan,20260802011913_1A-4-7-8-17-28C,30,1A,0,2,M26/1,AA7673,0,8
2026-08-02T06:49:18.463Z,deep_scan,20260802011913_1A-4-7-8-17-28C,30,1A,0,10,M254,AA6701,1,22
2026-08-02T06:49:18.463Z,deep_scan,20260802011913_1A-4-7-8-17-28C,30,1A,0,16,M252,AA7115,1,0
2026-08-02T06:49:18.505Z,deep_scan,20260802011913_1A-4-7-8-17-28C,30,1A,1,3,M118,AA5946,1,2
2026-08-02T06:49:18.505Z,deep_scan,20260802011913_1A-4-7-8-17-28C,30,1A,1,6,M35/1,AA7468,1,27
2026-08-02T06:49:18.505Z,deep_scan,20260802011913_1A-4-7-8-17-28C,30,1A,1,10,M21/1,AA5646,0,44
2026-08-02T06:49:48.516Z,deep_scan,20260802011913_1A-4-7-8-17-28C,30,1A,1,3,M118,AA5946,1,2
2026-08-02T06:49:48.516Z,deep_scan,20260802011913_1A-4-7-8-17-28C,30,1A,1,6,M35/1,AA7468,1,27
2026-08-02T06:49:48.516Z,deep_scan,20260802011913_1A-4-7-8-17-28C,30,1A,1,10,M21/1,AA5646,0,9
2026-08-02T06:49:48.520Z,deep_scan,20260802011913_1A-4-7-8-17-28C,30,1A,0,0,M120/2,AA5407,0,34
2026-08-02T06:49:48.520Z,deep_scan,20260802011913_1A-4-7-8-17-28C,30,1A,0,3,M10,AA7673,1,14
2026-08-02T06:49:48.520Z,deep_scan,20260802011913_1A-4-7-8-17-28C,30,1A,0,10,M254,AA6701,1,22
2026-08-02T06:49:48.520Z,deep_scan,20260802011913_1A-4-7-8-17-28C,30,1A,0,16,M252,AA7115,1,0
2026-08-02T06:50:18.468Z,deep_scan,20260802011913_1A-4-7-8-17-28C,30,1A,1,3,M118,AA5946,1,4
2026-08-02T06:50:18.468Z,deep_scan,20260802011913_1A-4-7-8-17-28C,30,1A,1,6,M35/1,AA7468,0,9
2026-08-02T06:50:18.468Z,deep_scan,20260802011913_1A-4-7-8-17-28C,30,1A,1,10,M21/1,AA5646,0,22
2026-08-02T06:50:18.511Z,deep_scan,20260802011913_1A-4-7-8-17-28C,30,1A,0,0,M120/2,AA5407,0,15
2026-08-02T06:50:18.511Z,deep_scan,20260802011913_1A-4-7-8-17-28C,30,1A,0,3,M10,AA7673,1,19
2026-08-02T06:50:18.511Z,deep_scan,20260802011913_1A-4-7-8-17-28C,30,1A,0,10,M254,AA6701,0,26
2026-08-02T06:50:18.511Z,deep_scan,20260802011913_1A-4-7-8-17-28C,30,1A,0,16,M252,AA7115,1,0
2026-08-02T06:50:48.510Z,deep_scan,20260802011913_1A-4-7-8-17-28C,30,1A,1,3,M118,AA5946,0,4
2026-08-02T06:50:48.510Z,deep_scan,20260802011913_1A-4-7-8-17-28C,30,1A,1,6,M35/1,AA7468,0,12
2026-08-02T06:50:48.510Z,deep_scan,20260802011913_1A-4-7-8-17-28C,30,1A,1,11,M120/2,AA5646,1,0
2026-08-02T06:50:48.562Z,deep_scan,20260802011913_1A-4-7-8-17-28C,30,1A,0,1,M108/1,AA5407,1,22
2026-08-02T06:50:48.562Z,deep_scan,20260802011913_1A-4-7-8-17-28C,30,1A,0,3,M10,AA7673,0,19
2026-08-02T06:50:48.562Z,deep_scan,20260802011913_1A-4-7-8-17-28C,30,1A,0,10,M254,AA6701,0,40
2026-08-02T06:51:18.506Z,deep_scan,20260802011913_1A-4-7-8-17-28C,30,1A,0,1,M108/1,AA5407,0,13
2026-08-02T06:51:18.506Z,deep_scan,20260802011913_1A-4-7-8-17-28C,30,1A,0,3,M10,AA7673,0,12
2026-08-02T06:51:18.506Z,deep_scan,20260802011913_1A-4-7-8-17-28C,30,1A,0,11,M241,AA6701,1,25
2026-08-02T06:51:18.543Z,deep_scan,20260802011913_1A-4-7-8-17-28C,30,1A,1,3,M118,AA5946,0,3
2026-08-02T06:51:18.543Z,deep_scan,20260802011913_1A-4-7-8-17-28C,30,1A,1,6,M35/1,AA7468,0,39
2026-08-02T06:51:18.543Z,deep_scan,20260802011913_1A-4-7-8-17-28C,30,1A,1,11,M120/2,AA5646,1,0
2026-08-02T06:51:48.547Z,deep_scan,20260802011913_1A-4-7-8-17-28C,30,1A,1,3,M118,AA5946,0,46
2026-08-02T06:51:48.547Z,deep_scan,20260802011913_1A-4-7-8-17-28C,30,1A,1,6,M35/1,AA7468,0,27
2026-08-02T06:51:48.547Z,deep_scan,20260802011913_1A-4-7-8-17-28C,30,1A,1,11,M120/2,AA5646,1,0
2026-08-02T06:51:48.569Z,deep_scan,20260802011913_1A-4-7-8-17-28C,30,1A,0,1,M108/1,AA5407,0,3
2026-08-02T06:51:48.569Z,deep_scan,20260802011913_1A-4-7-8-17-28C,30,1A,0,3,M10,AA7673,0,7
2026-08-02T06:51:48.569Z,deep_scan,20260802011913_1A-4-7-8-17-28C,30,1A,0,11,M241,AA6701,0,19
2026-08-02T06:52:18.532Z,deep_scan,20260802011913_1A-4-7-8-17-28C,30,1A,1,3,M118,AA5946,0,49
2026-08-02T06:52:18.532Z,deep_scan,20260802011913_1A-4-7-8-17-28C,30,1A,1,6,M35/1,AA7468,0,15
2026-08-02T06:52:18.532Z,deep_scan,20260802011913_1A-4-7-8-17-28C,30,1A,1,11,M120/2,AA5646,1,0
2026-08-02T06:52:18.535Z,deep_scan,20260802011913_1A-4-7-8-17-28C,30,1A,0,1,M108/1,AA5407,0,35
2026-08-02T06:52:18.535Z,deep_scan,20260802011913_1A-4-7-8-17-28C,30,1A,0,3,M10,AA7673,0,7
2026-08-02T06:52:18.535Z,deep_scan,20260802011913_1A-4-7-8-17-28C,30,1A,0,12,M71,AA6701,1,2
2026-08-02T06:52:48.539Z,deep_scan,20260802011913_1A-4-7-8-17-28C,30,1A,1,3,M118,AA5946,0,46
2026-08-02T06:52:48.539Z,deep_scan,20260802011913_1A-4-7-8-17-28C,30,1A,1,6,M35/1,AA7468,0,11
2026-08-02T06:52:48.539Z,deep_scan,20260802011913_1A-4-7-8-17-28C,30,1A,1,11,M120/2,AA5646,1,0
2026-08-02T06:52:48.546Z,deep_scan,20260802011913_1A-4-7-8-17-28C,30,1A,0,1,M108/1,AA5407,0,13
2026-08-02T06:52:48.546Z,deep_scan,20260802011913_1A-4-7-8-17-28C,30,1A,0,4,M27,AA7673,1,7
2026-08-02T06:52:48.546Z,deep_scan,20260802011913_1A-4-7-8-17-28C,30,1A,0,13,M156,AA6701,1,17
2026-08-02T06:53:18.524Z,deep_scan,20260802011913_1A-4-7-8-17-28C,30,1A,1,3,M118,AA5946,0,50
2026-08-02T06:53:18.524Z,deep_scan,20260802011913_1A-4-7-8-17-28C,30,1A,1,7,M28/1,AA7468,0,11
2026-08-02T06:53:18.524Z,deep_scan,20260802011913_1A-4-7-8-17-28C,30,1A,1,11,M120/2,AA5646,1,0
2026-08-02T06:53:18.574Z,deep_scan,20260802011913_1A-4-7-8-17-28C,30,1A,0,1,M108/1,AA5407,0,7
2026-08-02T06:53:18.574Z,deep_scan,20260802011913_1A-4-7-8-17-28C,30,1A,0,4,M27,AA7673,0,16
2026-08-02T06:53:18.574Z,deep_scan,20260802011913_1A-4-7-8-17-28C,30,1A,0,13,M156,AA6701,1,17
2026-08-02T06:53:48.537Z,deep_scan,20260802011913_1A-4-7-8-17-28C,30,1A,1,4,M53,AA5946,1,40
2026-08-02T06:53:48.537Z,deep_scan,20260802011913_1A-4-7-8-17-28C,30,1A,1,7,M28/1,AA7468,0,4
2026-08-02T06:53:48.537Z,deep_scan,20260802011913_1A-4-7-8-17-28C,30,1A,1,11,M120/2,AA5646,1,0
2026-08-02T06:53:48.618Z,deep_scan,20260802011913_1A-4-7-8-17-28C,30,1A,0,1,M108/1,AA5407,0,13
2026-08-02T06:53:48.618Z,deep_scan,20260802011913_1A-4-7-8-17-28C,30,1A,0,4,M27,AA7673,0,29
2026-08-02T06:53:48.618Z,deep_scan,20260802011913_1A-4-7-8-17-28C,30,1A,0,13,M156,AA6701,1,17
2026-08-02T06:54:18.574Z,deep_scan,20260802011913_1A-4-7-8-17-28C,30,1A,0,1,M108/1,AA5407,0,23
2026-08-02T06:54:18.574Z,deep_scan,20260802011913_1A-4-7-8-17-28C,30,1A,0,4,M27,AA7673,0,2
2026-08-02T06:54:18.574Z,deep_scan,20260802011913_1A-4-7-8-17-28C,30,1A,0,13,M156,AA6701,1,17
2026-08-02T06:54:18.582Z,deep_scan,20260802011913_1A-4-7-8-17-28C,30,1A,1,4,M53,AA5946,1,25
2026-08-02T06:54:18.582Z,deep_scan,20260802011913_1A-4-7-8-17-28C,30,1A,1,7,M28/1,AA7468,0,5
2026-08-02T06:54:18.582Z,deep_scan,20260802011913_1A-4-7-8-17-28C,30,1A,1,11,M120/2,AA5646,1,0
2026-08-02T06:54:48.565Z,deep_scan,20260802011913_1A-4-7-8-17-28C,30,1A,1,4,M53,AA5946,0,38
2026-08-02T06:54:48.565Z,deep_scan,20260802011913_1A-4-7-8-17-28C,30,1A,1,7,M28/1,AA7468,0,9
2026-08-02T06:54:48.597Z,deep_scan,20260802011913_1A-4-7-8-17-28C,30,1A,0,2,M26/1,AA5407,1,23
2026-08-02T06:54:48.597Z,deep_scan,20260802011913_1A-4-7-8-17-28C,30,1A,0,4,M27,AA7673,0,2
2026-08-02T06:54:48.597Z,deep_scan,20260802011913_1A-4-7-8-17-28C,30,1A,0,13,M156,AA6701,0,32
2026-08-02T06:55:18.550Z,deep_scan,20260802011913_1A-4-7-8-17-28C,30,1A,1,5,M49,AA5946,1,25
2026-08-02T06:55:18.550Z,deep_scan,20260802011913_1A-4-7-8-17-28C,30,1A,1,7,M28/1,AA7468,0,9
2026-08-02T06:55:18.595Z,deep_scan,20260802011913_1A-4-7-8-17-28C,30,1A,0,2,M26/1,AA5407,1,23
2026-08-02T06:55:18.595Z,deep_scan,20260802011913_1A-4-7-8-17-28C,30,1A,0,5,M29,AA7673,1,2
2026-08-02T06:55:18.595Z,deep_scan,20260802011913_1A-4-7-8-17-28C,30,1A,0,14,M253,AA6701,1,16
2026-08-02T06:55:48.626Z,deep_scan,20260802011913_1A-4-7-8-17-28C,30,1A,1,5,M49,AA5946,1,12
2026-08-02T06:55:48.626Z,deep_scan,20260802011913_1A-4-7-8-17-28C,30,1A,1,7,M28/1,AA7468,0,6
2026-08-02T06:55:48.630Z,deep_scan,20260802011913_1A-4-7-8-17-28C,30,1A,0,2,M26/1,AA5407,1,8
2026-08-02T06:55:48.630Z,deep_scan,20260802011913_1A-4-7-8-17-28C,30,1A,0,5,M29,AA7673,1,2
2026-08-02T06:55:48.630Z,deep_scan,20260802011913_1A-4-7-8-17-28C,30,1A,0,14,M253,AA6701,0,21
2026-08-02T06:56:18.580Z,deep_scan,20260802011913_1A-4-7-8-17-28C,30,1A,0,2,M26/1,AA5407,0,14
2026-08-02T06:56:18.580Z,deep_scan,20260802011913_1A-4-7-8-17-28C,30,1A,0,5,M29,AA7673,1,7
2026-08-02T06:56:18.580Z,deep_scan,20260802011913_1A-4-7-8-17-28C,30,1A,0,14,M253,AA6701,0,10
2026-08-02T06:56:18.594Z,deep_scan,20260802011913_1A-4-7-8-17-28C,30,1A,1,5,M49,AA5946,1,12
2026-08-02T06:56:18.594Z,deep_scan,20260802011913_1A-4-7-8-17-28C,30,1A,1,7,M28/1,AA7468,0,23
2026-08-02T06:56:48.639Z,deep_scan,20260802011913_1A-4-7-8-17-28C,30,1A,0,2,M26/1,AA5407,0,16
2026-08-02T06:56:48.639Z,deep_scan,20260802011913_1A-4-7-8-17-28C,30,1A,0,5,M29,AA7673,0,19
2026-08-02T06:56:48.639Z,deep_scan,20260802011913_1A-4-7-8-17-28C,30,1A,0,15,M250,AA6701,1,23
2026-08-02T06:56:48.656Z,deep_scan,20260802011913_1A-4-7-8-17-28C,30,1A,1,5,M49,AA5946,0,21
2026-08-02T06:56:48.656Z,deep_scan,20260802011913_1A-4-7-8-17-28C,30,1A,1,7,M28/1,AA7468,0,23
2026-08-02T06:57:18.630Z,deep_scan,20260802011913_1A-4-7-8-17-28C,30,1A,0,2,M26/1,AA5407,0,30
2026-08-02T06:57:18.630Z,deep_scan,20260802011913_1A-4-7-8-17-28C,30,1A,0,6,M36,AA7673,1,19
2026-08-02T06:57:18.630Z,deep_scan,20260802011913_1A-4-7-8-17-28C,30,1A,0,15,M250,AA6701,1,3
2026-08-02T06:57:18.638Z,deep_scan,20260802011913_1A-4-7-8-17-28C,30,1A,1,6,M35/1,AA5946,1,5
2026-08-02T06:57:18.638Z,deep_scan,20260802011913_1A-4-7-8-17-28C,30,1A,1,7,M28/1,AA7468,0,23
2026-08-02T06:57:48.622Z,deep_scan,20260802011913_1A-4-7-8-17-28C,30,1A,0,0,M120/2,AA5646,1,22
2026-08-02T06:57:48.622Z,deep_scan,20260802011913_1A-4-7-8-17-28C,30,1A,0,3,M10,AA5407,1,9
2026-08-02T06:57:48.622Z,deep_scan,20260802011913_1A-4-7-8-17-28C,30,1A,0,6,M36,AA7673,1,13
2026-08-02T06:57:48.622Z,deep_scan,20260802011913_1A-4-7-8-17-28C,30,1A,0,15,M250,AA6701,1,5
2026-08-02T06:57:48.679Z,deep_scan,20260802011913_1A-4-7-8-17-28C,30,1A,1,6,M35/1,AA5946,1,10
2026-08-02T06:57:48.679Z,deep_scan,20260802011913_1A-4-7-8-17-28C,30,1A,1,10,M21/1,AA7468,0,38
2026-08-02T06:58:18.618Z,deep_scan,20260802011913_1A-4-7-8-17-28C,30,1A,1,2,M70,AA7115,1,5
2026-08-02T06:58:18.618Z,deep_scan,20260802011913_1A-4-7-8-17-28C,30,1A,1,6,M35/1,AA5946,1,10
2026-08-02T06:58:18.618Z,deep_scan,20260802011913_1A-4-7-8-17-28C,30,1A,1,10,M21/1,AA7468,0,13
2026-08-02T06:58:18.631Z,deep_scan,20260802011913_1A-4-7-8-17-28C,30,1A,0,0,M120/2,AA5646,1,22
2026-08-02T06:58:18.631Z,deep_scan,20260802011913_1A-4-7-8-17-28C,30,1A,0,3,M10,AA5407,1,9
2026-08-02T06:58:18.631Z,deep_scan,20260802011913_1A-4-7-8-17-28C,30,1A,0,6,M36,AA7673,0,21
2026-08-02T06:58:18.631Z,deep_scan,20260802011913_1A-4-7-8-17-28C,30,1A,0,15,M250,AA6701,0,33
2026-08-02T06:58:48.616Z,deep_scan,20260802011913_1A-4-7-8-17-28C,30,1A,1,2,M70,AA7115,0,25
2026-08-02T06:58:48.616Z,deep_scan,20260802011913_1A-4-7-8-17-28C,30,1A,1,6,M35/1,AA5946,1,10
2026-08-02T06:58:48.616Z,deep_scan,20260802011913_1A-4-7-8-17-28C,30,1A,1,10,M21/1,AA7468,0,13
2026-08-02T06:58:48.650Z,deep_scan,20260802011913_1A-4-7-8-17-28C,30,1A,0,0,M120/2,AA5646,1,22
2026-08-02T06:58:48.650Z,deep_scan,20260802011913_1A-4-7-8-17-28C,30,1A,0,3,M10,AA5407,0,6
2026-08-02T06:58:48.650Z,deep_scan,20260802011913_1A-4-7-8-17-28C,30,1A,0,6,M36,AA7673,0,3
2026-08-02T06:58:48.650Z,deep_scan,20260802011913_1A-4-7-8-17-28C,30,1A,0,16,M252,AA6701,1,0
2026-08-02T06:59:18.613Z,deep_scan,20260802011913_1A-4-7-8-17-28C,30,1A,0,0,M120/2,AA5646,0,22
2026-08-02T06:59:18.613Z,deep_scan,20260802011913_1A-4-7-8-17-28C,30,1A,0,3,M10,AA5407,0,14
2026-08-02T06:59:18.613Z,deep_scan,20260802011913_1A-4-7-8-17-28C,30,1A,0,6,M36,AA7673,0,3
2026-08-02T06:59:18.613Z,deep_scan,20260802011913_1A-4-7-8-17-28C,30,1A,0,16,M252,AA6701,1,0
2026-08-02T06:59:18.661Z,deep_scan,20260802011913_1A-4-7-8-17-28C,30,1A,1,3,M118,AA7115,1,30
2026-08-02T06:59:18.661Z,deep_scan,20260802011913_1A-4-7-8-17-28C,30,1A,1,6,M35/1,AA5946,0,26
2026-08-02T06:59:18.661Z,deep_scan,20260802011913_1A-4-7-8-17-28C,30,1A,1,10,M21/1,AA7468,0,5
2026-08-02T06:59:48.619Z,deep_scan,20260802011913_1A-4-7-8-17-28C,30,1A,0,0,M120/2,AA5646,0,1
2026-08-02T06:59:48.619Z,deep_scan,20260802011913_1A-4-7-8-17-28C,30,1A,0,4,M27,AA5407,1,17
2026-08-02T06:59:48.619Z,deep_scan,20260802011913_1A-4-7-8-17-28C,30,1A,0,7,M48,AA7673,1,2
2026-08-02T06:59:48.619Z,deep_scan,20260802011913_1A-4-7-8-17-28C,30,1A,0,16,M252,AA6701,1,0
2026-08-02T06:59:48.662Z,deep_scan,20260802011913_1A-4-7-8-17-28C,30,1A,1,3,M118,AA7115,1,3
2026-08-02T06:59:48.662Z,deep_scan,20260802011913_1A-4-7-8-17-28C,30,1A,1,6,M35/1,AA5946,0,2
2026-08-02T06:59:48.662Z,deep_scan,20260802011913_1A-4-7-8-17-28C,30,1A,1,10,M21/1,AA7468,0,19
2026-08-02T07:00:18.632Z,deep_scan,20260802011913_1A-4-7-8-17-28C,30,1A,1,3,M118,AA7115,0,3
2026-08-02T07:00:18.632Z,deep_scan,20260802011913_1A-4-7-8-17-28C,30,1A,1,7,M28/1,AA5946,1,16
2026-08-02T07:00:18.632Z,deep_scan,20260802011913_1A-4-7-8-17-28C,30,1A,1,10,M21/1,AA7468,0,32
2026-08-02T07:00:18.646Z,deep_scan,20260802011913_1A-4-7-8-17-28C,30,1A,0,0,M120/2,AA5646,0,1
2026-08-02T07:00:18.646Z,deep_scan,20260802011913_1A-4-7-8-17-28C,30,1A,0,4,M27,AA5407,1,14
2026-08-02T07:00:18.646Z,deep_scan,20260802011913_1A-4-7-8-17-28C,30,1A,0,7,M48,AA7673,1,2
2026-08-02T07:00:18.646Z,deep_scan,20260802011913_1A-4-7-8-17-28C,30,1A,0,16,M252,AA6701,1,0
2026-08-02T07:00:48.700Z,deep_scan,20260802011913_1A-4-7-8-17-28C,30,1A,0,1,M108/1,AA5646,1,12
2026-08-02T07:00:48.700Z,deep_scan,20260802011913_1A-4-7-8-17-28C,30,1A,0,4,M27,AA5407,0,23
2026-08-02T07:00:48.700Z,deep_scan,20260802011913_1A-4-7-8-17-28C,30,1A,0,7,M48,AA7673,0,42
2026-08-02T07:00:48.700Z,deep_scan,20260802011913_1A-4-7-8-17-28C,30,1A,0,16,M252,AA6701,1,0
2026-08-02T07:00:48.725Z,deep_scan,20260802011913_1A-4-7-8-17-28C,30,1A,1,3,M118,AA7115,0,20
2026-08-02T07:00:48.725Z,deep_scan,20260802011913_1A-4-7-8-17-28C,30,1A,1,7,M28/1,AA5946,0,22
2026-08-02T07:00:48.725Z,deep_scan,20260802011913_1A-4-7-8-17-28C,30,1A,1,10,M21/1,AA7468,0,32
2026-08-02T07:01:18.674Z,deep_scan,20260802011913_1A-4-7-8-17-28C,30,1A,0,1,M108/1,AA5646,1,7
2026-08-02T07:01:18.674Z,deep_scan,20260802011913_1A-4-7-8-17-28C,30,1A,0,4,M27,AA5407,0,2
2026-08-02T07:01:18.674Z,deep_scan,20260802011913_1A-4-7-8-17-28C,30,1A,0,8,M52,AA7673,1,42
2026-08-02T07:01:18.674Z,deep_scan,20260802011913_1A-4-7-8-17-28C,30,1A,0,16,M252,AA6701,1,0
2026-08-02T07:01:18.715Z,deep_scan,20260802011913_1A-4-7-8-17-28C,30,1A,1,3,M118,AA7115,0,28
2026-08-02T07:01:18.715Z,deep_scan,20260802011913_1A-4-7-8-17-28C,30,1A,1,7,M28/1,AA5946,0,11
2026-08-02T07:01:18.715Z,deep_scan,20260802011913_1A-4-7-8-17-28C,30,1A,1,10,M21/1,AA7468,0,32
2026-08-02T07:01:48.649Z,deep_scan,20260802011913_1A-4-7-8-17-28C,30,1A,0,1,M108/1,AA5646,0,2
2026-08-02T07:01:48.649Z,deep_scan,20260802011913_1A-4-7-8-17-28C,30,1A,0,4,M27,AA5407,0,2
2026-08-02T07:01:48.649Z,deep_scan,20260802011913_1A-4-7-8-17-28C,30,1A,0,8,M52,AA7673,1,25
2026-08-02T07:01:48.649Z,deep_scan,20260802011913_1A-4-7-8-17-28C,30,1A,0,16,M252,AA6701,1,0
2026-08-02T07:01:48.693Z,deep_scan,20260802011913_1A-4-7-8-17-28C,30,1A,1,3,M118,AA7115,0,30
2026-08-02T07:01:48.693Z,deep_scan,20260802011913_1A-4-7-8-17-28C,30,1A,1,7,M28/1,AA5946,0,6
2026-08-02T07:01:48.693Z,deep_scan,20260802011913_1A-4-7-8-17-28C,30,1A,1,10,M21/1,AA7468,0,7
2026-08-02T07:02:18.659Z,deep_scan,20260802011913_1A-4-7-8-17-28C,30,1A,0,1,M108/1,AA5646,0,4
2026-08-02T07:02:18.659Z,deep_scan,20260802011913_1A-4-7-8-17-28C,30,1A,0,4,M27,AA5407,0,16
2026-08-02T07:02:18.659Z,deep_scan,20260802011913_1A-4-7-8-17-28C,30,1A,0,8,M52,AA7673,1,16
2026-08-02T07:02:18.659Z,deep_scan,20260802011913_1A-4-7-8-17-28C,30,1A,0,16,M252,AA6701,1,0
2026-08-02T07:02:18.683Z,deep_scan,20260802011913_1A-4-7-8-17-28C,30,1A,1,3,M118,AA7115,0,46
2026-08-02T07:02:18.683Z,deep_scan,20260802011913_1A-4-7-8-17-28C,30,1A,1,7,M28/1,AA5946,0,3
2026-08-02T07:02:18.683Z,deep_scan,20260802011913_1A-4-7-8-17-28C,30,1A,1,10,M21/1,AA7468,0,30
2026-08-02T07:02:48.711Z,deep_scan,20260802011913_1A-4-7-8-17-28C,30,1A,0,1,M108/1,AA5646,0,35
2026-08-02T07:02:48.711Z,deep_scan,20260802011913_1A-4-7-8-17-28C,30,1A,0,5,M29,AA5407,1,15
2026-08-02T07:02:48.711Z,deep_scan,20260802011913_1A-4-7-8-17-28C,30,1A,0,8,M52,AA7673,0,1
2026-08-02T07:02:48.711Z,deep_scan,20260802011913_1A-4-7-8-17-28C,30,1A,0,16,M252,AA6701,1,0
2026-08-02T07:02:48.719Z,deep_scan,20260802011913_1A-4-7-8-17-28C,30,1A,1,3,M118,AA7115,0,29
2026-08-02T07:02:48.719Z,deep_scan,20260802011913_1A-4-7-8-17-28C,30,1A,1,7,M28/1,AA5946,0,11
2026-08-02T07:02:48.719Z,deep_scan,20260802011913_1A-4-7-8-17-28C,30,1A,1,11,M120/2,AA7468,1,0
2026-08-02T07:03:18.683Z,deep_scan,20260802011913_1A-4-7-8-17-28C,30,1A,0,1,M108/1,AA5646,0,14
2026-08-02T07:03:18.683Z,deep_scan,20260802011913_1A-4-7-8-17-28C,30,1A,0,5,M29,AA5407,1,15
2026-08-02T07:03:18.683Z,deep_scan,20260802011913_1A-4-7-8-17-28C,30,1A,0,8,M52,AA7673,0,28
2026-08-02T07:03:18.706Z,deep_scan,20260802011913_1A-4-7-8-17-28C,30,1A,1,3,M118,AA7115,0,46
2026-08-02T07:03:18.706Z,deep_scan,20260802011913_1A-4-7-8-17-28C,30,1A,1,7,M28/1,AA5946,0,11
2026-08-02T07:03:18.706Z,deep_scan,20260802011913_1A-4-7-8-17-28C,30,1A,1,11,M120/2,AA7468,1,0
2026-08-02T07:03:48.751Z,deep_scan,20260802011913_1A-4-7-8-17-28C,30,1A,1,4,M53,AA7115,1,9
2026-08-02T07:03:48.751Z,deep_scan,20260802011913_1A-4-7-8-17-28C,30,1A,1,8,M11,AA5946,1,4
2026-08-02T07:03:48.751Z,deep_scan,20260802011913_1A-4-7-8-17-28C,30,1A,1,11,M120/2,AA7468,1,0
2026-08-02T07:03:48.755Z,deep_scan,20260802011913_1A-4-7-8-17-28C,30,1A,0,1,M108/1,AA5646,0,20
2026-08-02T07:03:48.755Z,deep_scan,20260802011913_1A-4-7-8-17-28C,30,1A,0,5,M29,AA5407,0,22
2026-08-02T07:03:48.755Z,deep_scan,20260802011913_1A-4-7-8-17-28C,30,1A,0,8,M52,AA7673,0,39
2026-08-02T07:04:18.692Z,deep_scan,20260802011913_1A-4-7-8-17-28C,30,1A,1,4,M53,AA7115,0,41
2026-08-02T07:04:18.692Z,deep_scan,20260802011913_1A-4-7-8-17-28C,30,1A,1,9,M12,AA5946,1,4
2026-08-02T07:04:18.692Z,deep_scan,20260802011913_1A-4-7-8-17-28C,30,1A,1,11,M120/2,AA7468,1,0
2026-08-02T07:04:18.709Z,deep_scan,20260802011913_1A-4-7-8-17-28C,30,1A,0,1,M108/1,AA5646,0,11
2026-08-02T07:04:18.709Z,deep_scan,20260802011913_1A-4-7-8-17-28C,30,1A,0,6,M36,AA5407,1,26
2026-08-02T07:04:18.709Z,deep_scan,20260802011913_1A-4-7-8-17-28C,30,1A,0,8,M52,AA7673,0,25
2026-08-02T07:04:48.711Z,deep_scan,20260802011913_1A-4-7-8-17-28C,30,1A,1,4,M53,AA7115,0,35
2026-08-02T07:04:48.711Z,deep_scan,20260802011913_1A-4-7-8-17-28C,30,1A,1,9,M12,AA5946,0,31
2026-08-02T07:04:48.711Z,deep_scan,20260802011913_1A-4-7-8-17-28C,30,1A,1,11,M120/2,AA7468,1,0
2026-08-02T07:04:48.747Z,deep_scan,20260802011913_1A-4-7-8-17-28C,30,1A,0,1,M108/1,AA5646,0,18
2026-08-02T07:04:48.747Z,deep_scan,20260802011913_1A-4-7-8-17-28C,30,1A,0,6,M36,AA5407,1,16
2026-08-02T07:04:48.747Z,deep_scan,20260802011913_1A-4-7-8-17-28C,30,1A,0,8,M52,AA7673,0,30
2026-08-02T07:05:18.705Z,deep_scan,20260802011913_1A-4-7-8-17-28C,30,1A,1,5,M49,AA7115,1,2
2026-08-02T07:05:18.705Z,deep_scan,20260802011913_1A-4-7-8-17-28C,30,1A,1,9,M12,AA5946,0,9
2026-08-02T07:05:18.705Z,deep_scan,20260802011913_1A-4-7-8-17-28C,30,1A,1,11,M120/2,AA7468,1,0
2026-08-02T07:05:18.716Z,deep_scan,20260802011913_1A-4-7-8-17-28C,30,1A,0,1,M108/1,AA5646,0,7
2026-08-02T07:05:18.716Z,deep_scan,20260802011913_1A-4-7-8-17-28C,30,1A,0,6,M36,AA5407,0,15
2026-08-02T07:05:18.716Z,deep_scan,20260802011913_1A-4-7-8-17-28C,30,1A,0,9,M239/1,AA7673,1,30
2026-08-02T07:05:48.693Z,deep_scan,20260802011913_1A-4-7-8-17-28C,30,1A,0,2,M26/1,AA5646,0,14
2026-08-02T07:05:48.693Z,deep_scan,20260802011913_1A-4-7-8-17-28C,30,1A,0,6,M36,AA5407,0,19
2026-08-02T07:05:48.693Z,deep_scan,20260802011913_1A-4-7-8-17-28C,30,1A,0,9,M239/1,AA7673,1,22
2026-08-02T07:05:48.727Z,deep_scan,20260802011913_1A-4-7-8-17-28C,30,1A,1,0,M252,AA6701,1,1
2026-08-02T07:05:48.727Z,deep_scan,20260802011913_1A-4-7-8-17-28C,30,1A,1,5,M49,AA7115,1,9
2026-08-02T07:05:48.727Z,deep_scan,20260802011913_1A-4-7-8-17-28C,30,1A,1,9,M12,AA5946,0,9
2026-08-02T07:05:48.727Z,deep_scan,20260802011913_1A-4-7-8-17-28C,30,1A,1,11,M120/2,AA7468,1,0
2026-08-02T07:06:18.709Z,deep_scan,20260802011913_1A-4-7-8-17-28C,30,1A,0,2,M26/1,AA5646,0,1
2026-08-02T07:06:18.709Z,deep_scan,20260802011913_1A-4-7-8-17-28C,30,1A,0,6,M36,AA5407,0,19
2026-08-02T07:06:18.709Z,deep_scan,20260802011913_1A-4-7-8-17-28C,30,1A,0,9,M239/1,AA7673,0,49
2026-08-02T07:06:18.782Z,deep_scan,20260802011913_1A-4-7-8-17-28C,30,1A,1,0,M252,AA6701,0,2
2026-08-02T07:06:18.782Z,deep_scan,20260802011913_1A-4-7-8-17-28C,30,1A,1,5,M49,AA7115,0,6
2026-08-02T07:06:18.782Z,deep_scan,20260802011913_1A-4-7-8-17-28C,30,1A,1,9,M12,AA5946,0,30
2026-08-02T07:06:18.782Z,deep_scan,20260802011913_1A-4-7-8-17-28C,30,1A,1,11,M120/2,AA7468,1,0
2026-08-02T07:06:48.716Z,deep_scan,20260802011913_1A-4-7-8-17-28C,30,1A,0,2,M26/1,AA5646,0,14
2026-08-02T07:06:48.716Z,deep_scan,20260802011913_1A-4-7-8-17-28C,30,1A,0,7,M48,AA5407,1,23
2026-08-02T07:06:48.716Z,deep_scan,20260802011913_1A-4-7-8-17-28C,30,1A,0,10,M254,AA7673,1,25
2026-08-02T07:06:48.734Z,deep_scan,20260802011913_1A-4-7-8-17-28C,30,1A,1,0,M252,AA6701,0,20
2026-08-02T07:06:48.734Z,deep_scan,20260802011913_1A-4-7-8-17-28C,30,1A,1,6,M35/1,AA7115,1,2
2026-08-02T07:06:48.734Z,deep_scan,20260802011913_1A-4-7-8-17-28C,30,1A,1,10,M21/1,AA5946,1,5
2026-08-02T07:06:48.734Z,deep_scan,20260802011913_1A-4-7-8-17-28C,30,1A,1,11,M120/2,AA7468,1,0
2026-08-02T07:07:18.741Z,deep_scan,20260802011913_1A-4-7-8-17-28C,30,1A,0,0,M120/2,AA7468,1,30
2026-08-02T07:07:18.741Z,deep_scan,20260802011913_1A-4-7-8-17-28C,30,1A,0,2,M26/1,AA5646,0,16
2026-08-02T07:07:18.741Z,deep_scan,20260802011913_1A-4-7-8-17-28C,30,1A,0,7,M48,AA5407,0,23
2026-08-02T07:07:18.741Z,deep_scan,20260802011913_1A-4-7-8-17-28C,30,1A,0,10,M254,AA7673,0,26
2026-08-02T07:07:18.749Z,deep_scan,20260802011913_1A-4-7-8-17-28C,30,1A,1,0,M252,AA6701,0,32
2026-08-02T07:07:18.749Z,deep_scan,20260802011913_1A-4-7-8-17-28C,30,1A,1,6,M35/1,AA7115,1,2
2026-08-02T07:07:18.749Z,deep_scan,20260802011913_1A-4-7-8-17-28C,30,1A,1,10,M21/1,AA5946,1,10
2026-08-02T07:07:48.705Z,deep_scan,20260802011913_1A-4-7-8-17-28C,30,1A,0,0,M120/2,AA7468,1,30
2026-08-02T07:07:48.705Z,deep_scan,20260802011913_1A-4-7-8-17-28C,30,1A,0,2,M26/1,AA5646,0,10
2026-08-02T07:07:48.705Z,deep_scan,20260802011913_1A-4-7-8-17-28C,30,1A,0,7,M48,AA5407,0,18
2026-08-02T07:07:48.705Z,deep_scan,20260802011913_1A-4-7-8-17-28C,30,1A,0,11,M241,AA7673,1,50
2026-08-02T07:07:48.721Z,deep_scan,20260802011913_1A-4-7-8-17-28C,30,1A,1,1,M161,AA6701,1,25
2026-08-02T07:07:48.721Z,deep_scan,20260802011913_1A-4-7-8-17-28C,30,1A,1,6,M35/1,AA7115,1,2
2026-08-02T07:07:48.721Z,deep_scan,20260802011913_1A-4-7-8-17-28C,30,1A,1,10,M21/1,AA5946,0,2
2026-08-02T07:08:18.740Z,deep_scan,20260802011913_1A-4-7-8-17-28C,30,1A,1,1,M161,AA6701,0,8
2026-08-02T07:08:18.740Z,deep_scan,20260802011913_1A-4-7-8-17-28C,30,1A,1,6,M35/1,AA7115,1,13
2026-08-02T07:08:18.740Z,deep_scan,20260802011913_1A-4-7-8-17-28C,30,1A,1,10,M21/1,AA5946,0,24
2026-08-02T07:08:18.812Z,deep_scan,20260802011913_1A-4-7-8-17-28C,30,1A,0,0,M120/2,AA7468,0,30
2026-08-02T07:08:18.812Z,deep_scan,20260802011913_1A-4-7-8-17-28C,30,1A,0,2,M26/1,AA5646,0,20
2026-08-02T07:08:18.812Z,deep_scan,20260802011913_1A-4-7-8-17-28C,30,1A,0,8,M52,AA5407,1,39
2026-08-02T07:08:18.812Z,deep_scan,20260802011913_1A-4-7-8-17-28C,30,1A,0,11,M241,AA7673,0,23
2026-08-02T07:08:48.780Z,deep_scan,20260802011913_1A-4-7-8-17-28C,30,1A,1,1,M161,AA6701,0,26
2026-08-02T07:08:48.780Z,deep_scan,20260802011913_1A-4-7-8-17-28C,30,1A,1,6,M35/1,AA7115,0,30
2026-08-02T07:08:48.780Z,deep_scan,20260802011913_1A-4-7-8-17-28C,30,1A,1,10,M21/1,AA5946,0,24
2026-08-02T07:08:48.785Z,deep_scan,20260802011913_1A-4-7-8-17-28C,30,1A,0,0,M120/2,AA7468,0,16
2026-08-02T07:08:48.785Z,deep_scan,20260802011913_1A-4-7-8-17-28C,30,1A,0,3,M10,AA5646,1,21
2026-08-02T07:08:48.785Z,deep_scan,20260802011913_1A-4-7-8-17-28C,30,1A,0,8,M52,AA5407,1,2
2026-08-02T07:08:48.785Z,deep_scan,20260802011913_1A-4-7-8-17-28C,30,1A,0,12,M71,AA7673,1,19
2026-08-02T07:09:18.873Z,deep_scan,20260802011913_1A-4-7-8-17-28C,30,1A,0,0,M120/2,AA7468,0,16
2026-08-02T07:09:18.873Z,deep_scan,20260802011913_1A-4-7-8-17-28C,30,1A,0,3,M10,AA5646,1,14
2026-08-02T07:09:18.873Z,deep_scan,20260802011913_1A-4-7-8-17-28C,30,1A,0,8,M52,AA5407,0,7
2026-08-02T07:09:18.873Z,deep_scan,20260802011913_1A-4-7-8-17-28C,30,1A,0,12,M71,AA7673,0,9
2026-08-02T07:09:18.890Z,deep_scan,20260802011913_1A-4-7-8-17-28C,30,1A,1,1,M161,AA6701,0,15
2026-08-02T07:09:18.890Z,deep_scan,20260802011913_1A-4-7-8-17-28C,30,1A,1,6,M35/1,AA7115,0,1
2026-08-02T07:09:18.890Z,deep_scan,20260802011913_1A-4-7-8-17-28C,30,1A,1,10,M21/1,AA5946,0,24
2026-08-02T07:09:48.773Z,deep_scan,20260802011913_1A-4-7-8-17-28C,30,1A,1,2,M70,AA6701,1,29
2026-08-02T07:09:48.773Z,deep_scan,20260802011913_1A-4-7-8-17-28C,30,1A,1,7,M28/1,AA7115,1,23
2026-08-02T07:09:48.773Z,deep_scan,20260802011913_1A-4-7-8-17-28C,30,1A,1,10,M21/1,AA5946,0,31
2026-08-02T07:09:48.795Z,deep_scan,20260802011913_1A-4-7-8-17-28C,30,1A,0,0,M120/2,AA7468,0,1
2026-08-02T07:09:48.795Z,deep_scan,20260802011913_1A-4-7-8-17-28C,30,1A,0,3,M10,AA5646,1,7
2026-08-02T07:09:48.795Z,deep_scan,20260802011913_1A-4-7-8-17-28C,30,1A,0,8,M52,AA5407,0,40
2026-08-02T07:09:48.795Z,deep_scan,20260802011913_1A-4-7-8-17-28C,30,1A,0,13,M156,AA7673,1,5
2026-08-02T07:10:18.794Z,deep_scan,20260802011913_1A-4-7-8-17-28C,30,1A,1,2,M70,AA6701,1,19
2026-08-02T07:10:18.794Z,deep_scan,20260802011913_1A-4-7-8-17-28C,30,1A,1,7,M28/1,AA7115,0,2
2026-08-02T07:10:18.794Z,deep_scan,20260802011913_1A-4-7-8-17-28C,30,1A,1,10,M21/1,AA5946,0,29
2026-08-02T07:10:18.831Z,deep_scan,20260802011913_1A-4-7-8-17-28C,30,1A,0,0,M120/2,AA7468,0,20
2026-08-02T07:10:18.831Z,deep_scan,20260802011913_1A-4-7-8-17-28C,30,1A,0,3,M10,AA5646,0,11
2026-08-02T07:10:18.831Z,deep_scan,20260802011913_1A-4-7-8-17-28C,30,1A,0,8,M52,AA5407,0,43
2026-08-02T07:10:18.831Z,deep_scan,20260802011913_1A-4-7-8-17-28C,30,1A,0,13,M156,AA7673,1,11
2026-08-02T07:10:48.799Z,deep_scan,20260802011913_1A-4-7-8-17-28C,30,1A,1,2,M70,AA6701,0,24
2026-08-02T07:10:48.799Z,deep_scan,20260802011913_1A-4-7-8-17-28C,30,1A,1,7,M28/1,AA7115,0,10
2026-08-02T07:10:48.799Z,deep_scan,20260802011913_1A-4-7-8-17-28C,30,1A,1,10,M21/1,AA5946,0,24
2026-08-02T07:10:48.816Z,deep_scan,20260802011913_1A-4-7-8-17-28C,30,1A,0,0,M120/2,AA7468,0,21
2026-08-02T07:10:48.816Z,deep_scan,20260802011913_1A-4-7-8-17-28C,30,1A,0,3,M10,AA5646,0,9
2026-08-02T07:10:48.816Z,deep_scan,20260802011913_1A-4-7-8-17-28C,30,1A,0,8,M52,AA5407,0,19
2026-08-02T07:10:48.816Z,deep_scan,20260802011913_1A-4-7-8-17-28C,30,1A,0,13,M156,AA7673,0,11
2026-08-02T07:11:18.805Z,deep_scan,20260802011913_1A-4-7-8-17-28C,30,1A,1,3,M118,AA6701,1,32
2026-08-02T07:11:18.805Z,deep_scan,20260802011913_1A-4-7-8-17-28C,30,1A,1,7,M28/1,AA7115,0,14
2026-08-02T07:11:18.805Z,deep_scan,20260802011913_1A-4-7-8-17-28C,30,1A,1,10,M21/1,AA5946,0,3
2026-08-02T07:11:18.866Z,deep_scan,20260802011913_1A-4-7-8-17-28C,30,1A,0,0,M120/2,AA7468,0,29
2026-08-02T07:11:18.866Z,deep_scan,20260802011913_1A-4-7-8-17-28C,30,1A,0,3,M10,AA5646,0,4
2026-08-02T07:11:18.866Z,deep_scan,20260802011913_1A-4-7-8-17-28C,30,1A,0,8,M52,AA5407,0,37
2026-08-02T07:11:18.866Z,deep_scan,20260802011913_1A-4-7-8-17-28C,30,1A,0,13,M156,AA7673,0,22
2026-08-02T07:11:48.714Z,deep_scan,20260802011913_1A-4-7-8-17-28C,30,1A,1,3,M118,AA6701,1,16
2026-08-02T07:11:48.714Z,deep_scan,20260802011913_1A-4-7-8-17-28C,30,1A,1,7,M28/1,AA7115,0,4
2026-08-02T07:11:48.714Z,deep_scan,20260802011913_1A-4-7-8-17-28C,30,1A,1,10,M21/1,AA5946,0,7
2026-08-02T07:11:48.828Z,deep_scan,20260802011913_1A-4-7-8-17-28C,30,1A,0,0,M120/2,AA7468,0,4
2026-08-02T07:11:48.828Z,deep_scan,20260802011913_1A-4-7-8-17-28C,30,1A,0,3,M10,AA5646,0,4
2026-08-02T07:11:48.828Z,deep_scan,20260802011913_1A-4-7-8-17-28C,30,1A,0,9,M239/1,AA5407,1,33
2026-08-02T07:11:48.828Z,deep_scan,20260802011913_1A-4-7-8-17-28C,30,1A,0,13,M156,AA7673,0,15
2026-08-02T07:12:18.849Z,deep_scan,20260802011913_1A-4-7-8-17-28C,30,1A,1,3,M118,AA6701,1,16
2026-08-02T07:12:18.849Z,deep_scan,20260802011913_1A-4-7-8-17-28C,30,1A,1,8,M11,AA7115,1,8
2026-08-02T07:12:18.849Z,deep_scan,20260802011913_1A-4-7-8-17-28C,30,1A,1,10,M21/1,AA5946,0,23
2026-08-02T07:12:18.866Z,deep_scan,20260802011913_1A-4-7-8-17-28C,30,1A,0,0,M120/2,AA7468,0,28
2026-08-02T07:12:18.866Z,deep_scan,20260802011913_1A-4-7-8-17-28C,30,1A,0,4,M27,AA5646,0,13
2026-08-02T07:12:18.866Z,deep_scan,20260802011913_1A-4-7-8-17-28C,30,1A,0,9,M239/1,AA5407,1,27
2026-08-02T07:12:18.866Z,deep_scan,20260802011913_1A-4-7-8-17-28C,30,1A,0,13,M156,AA7673,0,23
2026-08-02T07:12:48.814Z,deep_scan,20260802011913_1A-4-7-8-17-28C,30,1A,0,0,M120/2,AA7468,0,14
2026-08-02T07:12:48.814Z,deep_scan,20260802011913_1A-4-7-8-17-28C,30,1A,0,4,M27,AA5646,0,1
2026-08-02T07:12:48.814Z,deep_scan,20260802011913_1A-4-7-8-17-28C,30,1A,0,9,M239/1,AA5407,0,38
2026-08-02T07:12:48.814Z,deep_scan,20260802011913_1A-4-7-8-17-28C,30,1A,0,14,M253,AA7673,1,21
2026-08-02T07:12:48.834Z,deep_scan,20260802011913_1A-4-7-8-17-28C,30,1A,1,3,M118,AA6701,0,29
2026-08-02T07:12:48.834Z,deep_scan,20260802011913_1A-4-7-8-17-28C,30,1A,1,9,M12,AA7115,1,16
2026-08-02T07:12:48.834Z,deep_scan,20260802011913_1A-4-7-8-17-28C,30,1A,1,11,M120/2,AA5946,1,0
2026-08-02T07:13:18.842Z,deep_scan,20260802011913_1A-4-7-8-17-28C,30,1A,0,0,M120/2,AA7468,0,11
2026-08-02T07:13:18.842Z,deep_scan,20260802011913_1A-4-7-8-17-28C,30,1A,0,4,M27,AA5646,0,1
2026-08-02T07:13:18.842Z,deep_scan,20260802011913_1A-4-7-8-17-28C,30,1A,0,10,M254,AA5407,1,18
2026-08-02T07:13:18.842Z,deep_scan,20260802011913_1A-4-7-8-17-28C,30,1A,0,14,M253,AA7673,0,6
2026-08-02T07:13:18.856Z,deep_scan,20260802011913_1A-4-7-8-17-28C,30,1A,1,3,M118,AA6701,0,7
2026-08-02T07:13:18.856Z,deep_scan,20260802011913_1A-4-7-8-17-28C,30,1A,1,9,M12,AA7115,1,4
2026-08-02T07:13:18.856Z,deep_scan,20260802011913_1A-4-7-8-17-28C,30,1A,1,11,M120/2,AA5946,1,0
2026-08-02T07:13:48.826Z,deep_scan,20260802011913_1A-4-7-8-17-28C,30,1A,1,3,M118,AA6701,0,31
2026-08-02T07:13:48.826Z,deep_scan,20260802011913_1A-4-7-8-17-28C,30,1A,1,10,M21/1,AA7115,1,27
2026-08-02T07:13:48.826Z,deep_scan,20260802011913_1A-4-7-8-17-28C,30,1A,1,11,M120/2,AA5946,1,0
2026-08-02T07:13:48.852Z,deep_scan,20260802011913_1A-4-7-8-17-28C,30,1A,0,0,M120/2,AA7468,0,23
2026-08-02T07:13:48.852Z,deep_scan,20260802011913_1A-4-7-8-17-28C,30,1A,0,4,M27,AA5646,0,23
2026-08-02T07:13:48.852Z,deep_scan,20260802011913_1A-4-7-8-17-28C,30,1A,0,10,M254,AA5407,0,29
2026-08-02T07:13:48.852Z,deep_scan,20260802011913_1A-4-7-8-17-28C,30,1A,0,14,M253,AA7673,0,17
2026-08-02T07:14:18.833Z,deep_scan,20260802011913_1A-4-7-8-17-28C,30,1A,0,0,M120/2,AA7468,0,16
2026-08-02T07:14:18.833Z,deep_scan,20260802011913_1A-4-7-8-17-28C,30,1A,0,5,M29,AA5646,1,6
2026-08-02T07:14:18.833Z,deep_scan,20260802011913_1A-4-7-8-17-28C,30,1A,0,10,M254,AA5407,0,33
2026-08-02T07:14:18.833Z,deep_scan,20260802011913_1A-4-7-8-17-28C,30,1A,0,15,M250,AA7673,1,30
2026-08-02T07:14:18.892Z,deep_scan,20260802011913_1A-4-7-8-17-28C,30,1A,1,3,M118,AA6701,0,44
2026-08-02T07:14:18.892Z,deep_scan,20260802011913_1A-4-7-8-17-28C,30,1A,1,10,M21/1,AA7115,1,6
2026-08-02T07:14:18.892Z,deep_scan,20260802011913_1A-4-7-8-17-28C,30,1A,1,11,M120/2,AA5946,1,0
2026-08-02T07:14:48.856Z,deep_scan,20260802011913_1A-4-7-8-17-28C,30,1A,1,3,M118,AA6701,0,48
2026-08-02T07:14:48.856Z,deep_scan,20260802011913_1A-4-7-8-17-28C,30,1A,1,10,M21/1,AA7115,0,27
2026-08-02T07:14:48.856Z,deep_scan,20260802011913_1A-4-7-8-17-28C,30,1A,1,11,M120/2,AA5946,1,0
2026-08-02T07:14:48.873Z,deep_scan,20260802011913_1A-4-7-8-17-28C,30,1A,0,0,M120/2,AA7468,0,44
2026-08-02T07:14:48.873Z,deep_scan,20260802011913_1A-4-7-8-17-28C,30,1A,0,5,M29,AA5646,1,6
2026-08-02T07:14:48.873Z,deep_scan,20260802011913_1A-4-7-8-17-28C,30,1A,0,11,M241,AA5407,1,9
2026-08-02T07:14:48.873Z,deep_scan,20260802011913_1A-4-7-8-17-28C,30,1A,0,15,M250,AA7673,1,3
2026-08-02T07:15:18.837Z,deep_scan,20260802011913_1A-4-7-8-17-28C,30,1A,0,0,M120/2,AA7468,0,30
2026-08-02T07:15:18.837Z,deep_scan,20260802011913_1A-4-7-8-17-28C,30,1A,0,5,M29,AA5646,1,20
2026-08-02T07:15:18.837Z,deep_scan,20260802011913_1A-4-7-8-17-28C,30,1A,0,12,M71,AA5407,1,24
2026-08-02T07:15:18.837Z,deep_scan,20260802011913_1A-4-7-8-17-28C,30,1A,0,15,M250,AA7673,0,4
2026-08-02T07:15:18.898Z,deep_scan,20260802011913_1A-4-7-8-17-28C,30,1A,1,4,M53,AA6701,1,45
2026-08-02T07:15:18.898Z,deep_scan,20260802011913_1A-4-7-8-17-28C,30,1A,1,10,M21/1,AA7115,0,45
2026-08-02T07:15:18.898Z,deep_scan,20260802011913_1A-4-7-8-17-28C,30,1A,1,11,M120/2,AA5946,1,0
2026-08-02T07:15:48.837Z,deep_scan,20260802011913_1A-4-7-8-17-28C,30,1A,1,4,M53,AA6701,0,46
2026-08-02T07:15:48.837Z,deep_scan,20260802011913_1A-4-7-8-17-28C,30,1A,1,10,M21/1,AA7115,0,15
2026-08-02T07:15:48.837Z,deep_scan,20260802011913_1A-4-7-8-17-28C,30,1A,1,11,M120/2,AA5946,1,0
2026-08-02T07:15:48.886Z,deep_scan,20260802011913_1A-4-7-8-17-28C,30,1A,0,0,M120/2,AA7468,0,28
2026-08-02T07:15:48.886Z,deep_scan,20260802011913_1A-4-7-8-17-28C,30,1A,0,6,M36,AA5646,1,26
2026-08-02T07:15:48.886Z,deep_scan,20260802011913_1A-4-7-8-17-28C,30,1A,0,12,M71,AA5407,0,13
2026-08-02T07:15:48.886Z,deep_scan,20260802011913_1A-4-7-8-17-28C,30,1A,0,16,M252,AA7673,1,0
2026-08-02T07:16:18.935Z,deep_scan,20260802011913_1A-4-7-8-17-28C,30,1A,0,3,M10,AA7468,1,22
2026-08-02T07:16:18.935Z,deep_scan,20260802011913_1A-4-7-8-17-28C,30,1A,0,6,M36,AA5646,1,16
2026-08-02T07:16:18.935Z,deep_scan,20260802011913_1A-4-7-8-17-28C,30,1A,0,13,M156,AA5407,1,15
2026-08-02T07:16:18.935Z,deep_scan,20260802011913_1A-4-7-8-17-28C,30,1A,0,16,M252,AA7673,1,0
2026-08-02T07:16:18.939Z,deep_scan,20260802011913_1A-4-7-8-17-28C,30,1A,1,4,M53,AA6701,0,31
2026-08-02T07:16:18.939Z,deep_scan,20260802011913_1A-4-7-8-17-28C,30,1A,1,10,M21/1,AA7115,0,3
2026-08-02T07:16:18.939Z,deep_scan,20260802011913_1A-4-7-8-17-28C,30,1A,1,11,M120/2,AA5946,1,0
2026-08-02T07:16:48.887Z,deep_scan,20260802011913_1A-4-7-8-17-28C,30,1A,1,5,M49,AA6701,1,6
2026-08-02T07:16:48.887Z,deep_scan,20260802011913_1A-4-7-8-17-28C,30,1A,1,10,M21/1,AA7115,0,3
2026-08-02T07:16:48.908Z,deep_scan,20260802011913_1A-4-7-8-17-28C,30,1A,0,0,M120/2,AA5946,1,23
2026-08-02T07:16:48.908Z,deep_scan,20260802011913_1A-4-7-8-17-28C,30,1A,0,3,M10,AA7468,1,18
2026-08-02T07:16:48.908Z,deep_scan,20260802011913_1A-4-7-8-17-28C,30,1A,0,6,M36,AA5646,1,18
2026-08-02T07:16:48.908Z,deep_scan,20260802011913_1A-4-7-8-17-28C,30,1A,0,13,M156,AA5407,1,5
2026-08-02T07:16:48.908Z,deep_scan,20260802011913_1A-4-7-8-17-28C,30,1A,0,16,M252,AA7673,1,0
2026-08-02T07:17:18.870Z,deep_scan,20260802011913_1A-4-7-8-17-28C,30,1A,1,5,M49,AA6701,1,6
2026-08-02T07:17:18.870Z,deep_scan,20260802011913_1A-4-7-8-17-28C,30,1A,1,10,M21/1,AA7115,0,3
2026-08-02T07:17:19.277Z,deep_scan,20260802011913_1A-4-7-8-17-28C,30,1A,0,0,M120/2,AA5946,0,23
2026-08-02T07:17:19.277Z,deep_scan,20260802011913_1A-4-7-8-17-28C,30,1A,0,3,M10,AA7468,1,18
2026-08-02T07:17:19.277Z,deep_scan,20260802011913_1A-4-7-8-17-28C,30,1A,0,7,M48,AA5646,1,5
2026-08-02T07:17:19.277Z,deep_scan,20260802011913_1A-4-7-8-17-28C,30,1A,0,13,M156,AA5407,0,5
2026-08-02T07:17:19.277Z,deep_scan,20260802011913_1A-4-7-8-17-28C,30,1A,0,16,M252,AA7673,1,0
2026-08-02T07:17:48.867Z,deep_scan,20260802011913_1A-4-7-8-17-28C,30,1A,0,0,M120/2,AA5946,0,23
2026-08-02T07:17:48.867Z,deep_scan,20260802011913_1A-4-7-8-17-28C,30,1A,0,3,M10,AA7468,1,18
2026-08-02T07:17:48.867Z,deep_scan,20260802011913_1A-4-7-8-17-28C,30,1A,0,7,M48,AA5646,1,2
2026-08-02T07:17:48.867Z,deep_scan,20260802011913_1A-4-7-8-17-28C,30,1A,0,13,M156,AA5407,0,24
2026-08-02T07:17:48.867Z,deep_scan,20260802011913_1A-4-7-8-17-28C,30,1A,0,16,M252,AA7673,1,0
2026-08-02T07:17:48.897Z,deep_scan,20260802011913_1A-4-7-8-17-28C,30,1A,1,5,M49,AA6701,0,21
2026-08-02T07:17:48.897Z,deep_scan,20260802011913_1A-4-7-8-17-28C,30,1A,1,10,M21/1,AA7115,0,23
2026-08-02T07:18:18.882Z,deep_scan,20260802011913_1A-4-7-8-17-28C,30,1A,1,5,M49,AA6701,0,9
2026-08-02T07:18:18.882Z,deep_scan,20260802011913_1A-4-7-8-17-28C,30,1A,1,11,M120/2,AA7115,1,0
2026-08-02T07:18:18.937Z,deep_scan,20260802011913_1A-4-7-8-17-28C,30,1A,0,0,M120/2,AA5946,0,10
2026-08-02T07:18:18.937Z,deep_scan,20260802011913_1A-4-7-8-17-28C,30,1A,0,3,M10,AA7468,0,42
2026-08-02T07:18:18.937Z,deep_scan,20260802011913_1A-4-7-8-17-28C,30,1A,0,7,M48,AA5646,1,11
2026-08-02T07:18:18.937Z,deep_scan,20260802011913_1A-4-7-8-17-28C,30,1A,0,14,M253,AA5407,1,28
2026-08-02T07:18:18.937Z,deep_scan,20260802011913_1A-4-7-8-17-28C,30,1A,0,16,M252,AA7673,1,0
2026-08-02T07:18:48.899Z,deep_scan,20260802011913_1A-4-7-8-17-28C,30,1A,1,5,M49,AA6701,0,5
2026-08-02T07:18:48.899Z,deep_scan,20260802011913_1A-4-7-8-17-28C,30,1A,1,11,M120/2,AA7115,1,0
2026-08-02T07:18:48.947Z,deep_scan,20260802011913_1A-4-7-8-17-28C,30,1A,0,1,M108/1,AA5946,1,6
2026-08-02T07:18:48.947Z,deep_scan,20260802011913_1A-4-7-8-17-28C,30,1A,0,3,M10,AA7468,0,19
2026-08-02T07:18:48.947Z,deep_scan,20260802011913_1A-4-7-8-17-28C,30,1A,0,7,M48,AA5646,0,25
2026-08-02T07:18:48.947Z,deep_scan,20260802011913_1A-4-7-8-17-28C,30,1A,0,14,M253,AA5407,0,1
2026-08-02T07:18:48.947Z,deep_scan,20260802011913_1A-4-7-8-17-28C,30,1A,0,16,M252,AA7673,1,0
2026-08-02T07:19:18.912Z,deep_scan,20260802011913_1A-4-7-8-17-28C,30,1A,1,5,M49,AA6701,0,1
2026-08-02T07:19:18.912Z,deep_scan,20260802011913_1A-4-7-8-17-28C,30,1A,1,11,M120/2,AA7115,1,0
2026-08-02T07:19:18.924Z,deep_scan,20260802011913_1A-4-7-8-17-28C,30,1A,0,1,M108/1,AA5946,1,6
2026-08-02T07:19:18.924Z,deep_scan,20260802011913_1A-4-7-8-17-28C,30,1A,0,3,M10,AA7468,0,18
2026-08-02T07:19:18.924Z,deep_scan,20260802011913_1A-4-7-8-17-28C,30,1A,0,7,M48,AA5646,0,42
2026-08-02T07:19:18.924Z,deep_scan,20260802011913_1A-4-7-8-17-28C,30,1A,0,14,M253,AA5407,0,19
2026-08-02T07:19:18.924Z,deep_scan,20260802011913_1A-4-7-8-17-28C,30,1A,0,16,M252,AA7673,1,0
2026-08-02T07:19:48.979Z,deep_scan,20260802011913_1A-4-7-8-17-28C,30,1A,1,0,M252,AA7673,1,2
2026-08-02T07:19:48.979Z,deep_scan,20260802011913_1A-4-7-8-17-28C,30,1A,1,5,M49,AA6701,0,1
2026-08-02T07:19:48.979Z,deep_scan,20260802011913_1A-4-7-8-17-28C,30,1A,1,11,M120/2,AA7115,1,0
2026-08-02T07:19:48.985Z,deep_scan,20260802011913_1A-4-7-8-17-28C,30,1A,0,1,M108/1,AA5946,0,2
2026-08-02T07:19:48.985Z,deep_scan,20260802011913_1A-4-7-8-17-28C,30,1A,0,3,M10,AA7468,0,18
2026-08-02T07:19:48.985Z,deep_scan,20260802011913_1A-4-7-8-17-28C,30,1A,0,8,M52,AA5646,1,38
2026-08-02T07:19:48.985Z,deep_scan,20260802011913_1A-4-7-8-17-28C,30,1A,0,15,M250,AA5407,1,32
2026-08-02T07:20:18.924Z,deep_scan,20260802011913_1A-4-7-8-17-28C,30,1A,0,0,M120/2,AA7115,1,23
2026-08-02T07:20:18.924Z,deep_scan,20260802011913_1A-4-7-8-17-28C,30,1A,0,1,M108/1,AA5946,0,37
2026-08-02T07:20:18.924Z,deep_scan,20260802011913_1A-4-7-8-17-28C,30,1A,0,4,M27,AA7468,0,35
2026-08-02T07:20:18.924Z,deep_scan,20260802011913_1A-4-7-8-17-28C,30,1A,0,8,M52,AA5646,1,30
2026-08-02T07:20:18.924Z,deep_scan,20260802011913_1A-4-7-8-17-28C,30,1A,0,15,M250,AA5407,0,10
2026-08-02T07:20:18.960Z,deep_scan,20260802011913_1A-4-7-8-17-28C,30,1A,1,0,M252,AA7673,0,21
2026-08-02T07:20:18.960Z,deep_scan,20260802011913_1A-4-7-8-17-28C,30,1A,1,5,M49,AA6701,0,22
2026-08-02T07:20:48.949Z,deep_scan,20260802011913_1A-4-7-8-17-28C,30,1A,1,0,M252,AA7673,0,28
2026-08-02T07:20:48.949Z,deep_scan,20260802011913_1A-4-7-8-17-28C,30,1A,1,5,M49,AA6701,0,39
2026-08-02T07:20:48.972Z,deep_scan,20260802011913_1A-4-7-8-17-28C,30,1A,0,0,M120/2,AA7115,1,23
2026-08-02T07:20:48.972Z,deep_scan,20260802011913_1A-4-7-8-17-28C,30,1A,0,1,M108/1,AA5946,0,17
2026-08-02T07:20:48.972Z,deep_scan,20260802011913_1A-4-7-8-17-28C,30,1A,0,4,M27,AA7468,0,17
2026-08-02T07:20:48.972Z,deep_scan,20260802011913_1A-4-7-8-17-28C,30,1A,0,8,M52,AA5646,1,11
2026-08-02T07:20:48.972Z,deep_scan,20260802011913_1A-4-7-8-17-28C,30,1A,0,15,M250,AA5407,0,28
2026-08-02T07:21:18.972Z,deep_scan,20260802011913_1A-4-7-8-17-28C,30,1A,1,0,M252,AA7673,0,27
2026-08-02T07:21:18.972Z,deep_scan,20260802011913_1A-4-7-8-17-28C,30,1A,1,5,M49,AA6701,0,25
2026-08-02T07:21:18.988Z,deep_scan,20260802011913_1A-4-7-8-17-28C,30,1A,0,0,M120/2,AA7115,1,23
2026-08-02T07:21:18.988Z,deep_scan,20260802011913_1A-4-7-8-17-28C,30,1A,0,1,M108/1,AA5946,0,15
2026-08-02T07:21:18.988Z,deep_scan,20260802011913_1A-4-7-8-17-28C,30,1A,0,5,M29,AA7468,1,4
2026-08-02T07:21:18.988Z,deep_scan,20260802011913_1A-4-7-8-17-28C,30,1A,0,8,M52,AA5646,0,4
2026-08-02T07:21:18.988Z,deep_scan,20260802011913_1A-4-7-8-17-28C,30,1A,0,16,M252,AA5407,1,0
2026-08-02T07:21:49.000Z,deep_scan,20260802011913_1A-4-7-8-17-28C,30,1A,1,0,M252,AA7673,0,5
2026-08-02T07:21:49.000Z,deep_scan,20260802011913_1A-4-7-8-17-28C,30,1A,1,5,M49,AA6701,0,25
2026-08-02T07:21:49.047Z,deep_scan,20260802011913_1A-4-7-8-17-28C,30,1A,0,0,M120/2,AA7115,1,23
2026-08-02T07:21:49.047Z,deep_scan,20260802011913_1A-4-7-8-17-28C,30,1A,0,1,M108/1,AA5946,0,25
2026-08-02T07:21:49.047Z,deep_scan,20260802011913_1A-4-7-8-17-28C,30,1A,0,5,M29,AA7468,1,45
2026-08-02T07:21:49.047Z,deep_scan,20260802011913_1A-4-7-8-17-28C,30,1A,0,8,M52,AA5646,0,30
2026-08-02T07:21:49.047Z,deep_scan,20260802011913_1A-4-7-8-17-28C,30,1A,0,16,M252,AA5407,1,0
2026-08-02T07:22:18.980Z,deep_scan,20260802011913_1A-4-7-8-17-28C,30,1A,0,0,M120/2,AA7115,1,23
2026-08-02T07:22:18.980Z,deep_scan,20260802011913_1A-4-7-8-17-28C,30,1A,0,1,M108/1,AA5946,0,7
2026-08-02T07:22:18.980Z,deep_scan,20260802011913_1A-4-7-8-17-28C,30,1A,0,5,M29,AA7468,0,7
2026-08-02T07:22:18.980Z,deep_scan,20260802011913_1A-4-7-8-17-28C,30,1A,0,8,M52,AA5646,0,37
2026-08-02T07:22:18.980Z,deep_scan,20260802011913_1A-4-7-8-17-28C,30,1A,0,16,M252,AA5407,1,0
2026-08-02T07:22:18.989Z,deep_scan,20260802011913_1A-4-7-8-17-28C,30,1A,1,1,M161,AA7673,1,23
2026-08-02T07:22:18.989Z,deep_scan,20260802011913_1A-4-7-8-17-28C,30,1A,1,5,M49,AA6701,0,9
2026-08-02T07:22:48.978Z,deep_scan,20260802011913_1A-4-7-8-17-28C,30,1A,0,0,M120/2,AA7115,1,23
2026-08-02T07:22:48.978Z,deep_scan,20260802011913_1A-4-7-8-17-28C,30,1A,0,1,M108/1,AA5946,0,29
2026-08-02T07:22:48.978Z,deep_scan,20260802011913_1A-4-7-8-17-28C,30,1A,0,5,M29,AA7468,0,28
2026-08-02T07:22:48.978Z,deep_scan,20260802011913_1A-4-7-8-17-28C,30,1A,0,8,M52,AA5646,0,45
2026-08-02T07:22:48.978Z,deep_scan,20260802011913_1A-4-7-8-17-28C,30,1A,0,16,M252,AA5407,1,0
2026-08-02T07:22:48.994Z,deep_scan,20260802011913_1A-4-7-8-17-28C,30,1A,1,1,M161,AA7673,1,7
2026-08-02T07:22:48.994Z,deep_scan,20260802011913_1A-4-7-8-17-28C,30,1A,1,5,M49,AA6701,0,11
2026-08-02T07:23:18.967Z,deep_scan,20260802011913_1A-4-7-8-17-28C,30,1A,1,2,M70,AA7673,0,25
2026-08-02T07:23:18.967Z,deep_scan,20260802011913_1A-4-7-8-17-28C,30,1A,1,7,M28/1,AA6701,1,18
2026-08-02T07:23:19.008Z,deep_scan,20260802011913_1A-4-7-8-17-28C,30,1A,0,0,M120/2,AA7115,1,23
2026-08-02T07:23:19.008Z,deep_scan,20260802011913_1A-4-7-8-17-28C,30,1A,0,1,M108/1,AA5946,0,16
2026-08-02T07:23:19.008Z,deep_scan,20260802011913_1A-4-7-8-17-28C,30,1A,0,6,M36,AA7468,0,41
2026-08-02T07:23:19.008Z,deep_scan,20260802011913_1A-4-7-8-17-28C,30,1A,0,8,M52,AA5646,0,21
2026-08-02T07:23:19.008Z,deep_scan,20260802011913_1A-4-7-8-17-28C,30,1A,0,16,M252,AA5407,1,0
2026-08-02T07:23:48.995Z,deep_scan,20260802011913_1A-4-7-8-17-28C,30,1A,1,2,M70,AA7673,0,21
2026-08-02T07:23:48.995Z,deep_scan,20260802011913_1A-4-7-8-17-28C,30,1A,1,7,M28/1,AA6701,1,18
2026-08-02T07:23:49.026Z,deep_scan,20260802011913_1A-4-7-8-17-28C,30,1A,0,0,M120/2,AA7115,1,23
2026-08-02T07:23:49.026Z,deep_scan,20260802011913_1A-4-7-8-17-28C,30,1A,0,2,M26/1,AA5946,1,11
2026-08-02T07:23:49.026Z,deep_scan,20260802011913_1A-4-7-8-17-28C,30,1A,0,6,M36,AA7468,0,29
2026-08-02T07:23:49.026Z,deep_scan,20260802011913_1A-4-7-8-17-28C,30,1A,0,9,M239/1,AA5646,1,37
2026-08-02T07:23:49.026Z,deep_scan,20260802011913_1A-4-7-8-17-28C,30,1A,0,16,M252,AA5407,1,0
2026-08-02T07:24:18.990Z,deep_scan,20260802011913_1A-4-7-8-17-28C,30,1A,1,3,M118,AA7673,1,18
2026-08-02T07:24:18.990Z,deep_scan,20260802011913_1A-4-7-8-17-28C,30,1A,1,7,M28/1,AA6701,0,4
2026-08-02T07:24:19.048Z,deep_scan,20260802011913_1A-4-7-8-17-28C,30,1A,0,0,M120/2,AA7115,1,23
2026-08-02T07:24:19.048Z,deep_scan,20260802011913_1A-4-7-8-17-28C,30,1A,0,2,M26/1,AA5946,1,8
2026-08-02T07:24:19.048Z,deep_scan,20260802011913_1A-4-7-8-17-28C,30,1A,0,6,M36,AA7468,0,29
2026-08-02T07:24:19.048Z,deep_scan,20260802011913_1A-4-7-8-17-28C,30,1A,0,9,M239/1,AA5646,1,31
2026-08-02T07:24:19.048Z,deep_scan,20260802011913_1A-4-7-8-17-28C,30,1A,0,16,M252,AA5407,1,0
2026-08-02T07:24:49.038Z,deep_scan,20260802011913_1A-4-7-8-17-28C,30,1A,0,0,M120/2,AA7115,1,23
2026-08-02T07:24:49.038Z,deep_scan,20260802011913_1A-4-7-8-17-28C,30,1A,0,2,M26/1,AA5946,1,8
2026-08-02T07:24:49.038Z,deep_scan,20260802011913_1A-4-7-8-17-28C,30,1A,0,6,M36,AA7468,0,29
2026-08-02T07:24:49.038Z,deep_scan,20260802011913_1A-4-7-8-17-28C,30,1A,0,9,M239/1,AA5646,0,31
2026-08-02T07:24:49.038Z,deep_scan,20260802011913_1A-4-7-8-17-28C,30,1A,0,16,M252,AA5407,1,0
2026-08-02T07:24:49.048Z,deep_scan,20260802011913_1A-4-7-8-17-28C,30,1A,1,3,M118,AA7673,1,4
2026-08-02T07:24:49.048Z,deep_scan,20260802011913_1A-4-7-8-17-28C,30,1A,1,7,M28/1,AA6701,0,4
2026-08-02T07:25:19.029Z,deep_scan,20260802011913_1A-4-7-8-17-28C,30,1A,0,0,M120/2,AA7115,1,23
2026-08-02T07:25:19.029Z,deep_scan,20260802011913_1A-4-7-8-17-28C,30,1A,0,2,M26/1,AA5946,0,7
2026-08-02T07:25:19.029Z,deep_scan,20260802011913_1A-4-7-8-17-28C,30,1A,0,7,M48,AA7468,1,17
2026-08-02T07:25:19.029Z,deep_scan,20260802011913_1A-4-7-8-17-28C,30,1A,0,10,M254,AA5646,1,41
2026-08-02T07:25:19.029Z,deep_scan,20260802011913_1A-4-7-8-17-28C,30,1A,0,16,M252,AA5407,1,0
2026-08-02T07:25:19.060Z,deep_scan,20260802011913_1A-4-7-8-17-28C,30,1A,1,3,M118,AA7673,0,4
2026-08-02T07:25:19.060Z,deep_scan,20260802011913_1A-4-7-8-17-28C,30,1A,1,7,M28/1,AA6701,0,8
2026-08-02T07:25:49.044Z,deep_scan,20260802011913_1A-4-7-8-17-28C,30,1A,0,0,M120/2,AA7115,1,23
2026-08-02T07:25:49.044Z,deep_scan,20260802011913_1A-4-7-8-17-28C,30,1A,0,2,M26/1,AA5946,0,37
2026-08-02T07:25:49.044Z,deep_scan,20260802011913_1A-4-7-8-17-28C,30,1A,0,7,M48,AA7468,0,28
2026-08-02T07:25:49.044Z,deep_scan,20260802011913_1A-4-7-8-17-28C,30,1A,0,10,M254,AA5646,1,21
2026-08-02T07:25:49.048Z,deep_scan,20260802011913_1A-4-7-8-17-28C,30,1A,1,3,M118,AA7673,0,6
2026-08-02T07:25:49.048Z,deep_scan,20260802011913_1A-4-7-8-17-28C,30,1A,1,8,M11,AA6701,1,26
2026-08-02T07:26:19.048Z,deep_scan,20260802011913_1A-4-7-8-17-28C,30,1A,0,0,M120/2,AA7115,1,23
2026-08-02T07:26:19.048Z,deep_scan,20260802011913_1A-4-7-8-17-28C,30,1A,0,2,M26/1,AA5946,0,2
2026-08-02T07:26:19.048Z,deep_scan,20260802011913_1A-4-7-8-17-28C,30,1A,0,7,M48,AA7468,0,28
2026-08-02T07:26:19.048Z,deep_scan,20260802011913_1A-4-7-8-17-28C,30,1A,0,10,M254,AA5646,0,31
2026-08-02T07:26:19.087Z,deep_scan,20260802011913_1A-4-7-8-17-28C,30,1A,1,3,M118,AA7673,0,26
2026-08-02T07:26:19.087Z,deep_scan,20260802011913_1A-4-7-8-17-28C,30,1A,1,8,M11,AA6701,1,6
2026-08-02T07:26:49.067Z,deep_scan,20260802011913_1A-4-7-8-17-28C,30,1A,0,0,M120/2,AA7115,0,23
2026-08-02T07:26:49.067Z,deep_scan,20260802011913_1A-4-7-8-17-28C,30,1A,0,2,M26/1,AA5946,0,22
2026-08-02T07:26:49.067Z,deep_scan,20260802011913_1A-4-7-8-17-28C,30,1A,0,7,M48,AA7468,0,24
2026-08-02T07:26:49.067Z,deep_scan,20260802011913_1A-4-7-8-17-28C,30,1A,0,11,M241,AA5646,1,36
2026-08-02T07:26:49.079Z,deep_scan,20260802011913_1A-4-7-8-17-28C,30,1A,1,3,M118,AA7673,0,38
2026-08-02T07:26:49.079Z,deep_scan,20260802011913_1A-4-7-8-17-28C,30,1A,1,9,M12,AA6701,1,6
2026-08-02T07:27:19.047Z,deep_scan,20260802011913_1A-4-7-8-17-28C,30,1A,1,0,M252,AA5407,1,19
2026-08-02T07:27:19.047Z,deep_scan,20260802011913_1A-4-7-8-17-28C,30,1A,1,3,M118,AA7673,0,49
2026-08-02T07:27:19.047Z,deep_scan,20260802011913_1A-4-7-8-17-28C,30,1A,1,9,M12,AA6701,1,21
2026-08-02T07:27:19.086Z,deep_scan,20260802011913_1A-4-7-8-17-28C,30,1A,0,0,M120/2,AA7115,0,23
2026-08-02T07:27:19.086Z,deep_scan,20260802011913_1A-4-7-8-17-28C,30,1A,0,2,M26/1,AA5946,0,21
2026-08-02T07:27:19.086Z,deep_scan,20260802011913_1A-4-7-8-17-28C,30,1A,0,8,M52,AA7468,1,46
2026-08-02T07:27:19.086Z,deep_scan,20260802011913_1A-4-7-8-17-28C,30,1A,0,11,M241,AA5646,1,1
2026-08-02T07:27:49.053Z,deep_scan,20260802011913_1A-4-7-8-17-28C,30,1A,1,0,M252,AA5407,0,14
2026-08-02T07:27:49.053Z,deep_scan,20260802011913_1A-4-7-8-17-28C,30,1A,1,3,M118,AA7673,0,47
2026-08-02T07:27:49.053Z,deep_scan,20260802011913_1A-4-7-8-17-28C,30,1A,1,9,M12,AA6701,0,6
2026-08-02T07:27:49.059Z,deep_scan,20260802011913_1A-4-7-8-17-28C,30,1A,0,0,M120/2,AA7115,0,23
2026-08-02T07:27:49.059Z,deep_scan,20260802011913_1A-4-7-8-17-28C,30,1A,0,3,M10,AA5946,1,16
2026-08-02T07:27:49.059Z,deep_scan,20260802011913_1A-4-7-8-17-28C,30,1A,0,8,M52,AA7468,1,33
2026-08-02T07:27:49.059Z,deep_scan,20260802011913_1A-4-7-8-17-28C,30,1A,0,11,M241,AA5646,0,21
2026-08-02T07:28:19.118Z,deep_scan,20260802011913_1A-4-7-8-17-28C,30,1A,0,0,M120/2,AA7115,0,23
2026-08-02T07:28:19.118Z,deep_scan,20260802011913_1A-4-7-8-17-28C,30,1A,0,3,M10,AA5946,1,8
2026-08-02T07:28:19.118Z,deep_scan,20260802011913_1A-4-7-8-17-28C,30,1A,0,8,M52,AA7468,0,15
2026-08-02T07:28:19.118Z,deep_scan,20260802011913_1A-4-7-8-17-28C,30,1A,0,12,M71,AA5646,0,19
2026-08-02T07:28:19.145Z,deep_scan,20260802011913_1A-4-7-8-17-28C,30,1A,1,0,M252,AA5407,0,42
2026-08-02T07:28:19.145Z,deep_scan,20260802011913_1A-4-7-8-17-28C,30,1A,1,3,M118,AA7673,0,48
2026-08-02T07:28:19.145Z,deep_scan,20260802011913_1A-4-7-8-17-28C,30,1A,1,9,M12,AA6701,0,6
2026-08-02T07:28:49.056Z,deep_scan,20260802011913_1A-4-7-8-17-28C,30,1A,0,1,M108/1,AA7115,1,2
2026-08-02T07:28:49.056Z,deep_scan,20260802011913_1A-4-7-8-17-28C,30,1A,0,3,M10,AA5946,0,13
2026-08-02T07:28:49.056Z,deep_scan,20260802011913_1A-4-7-8-17-28C,30,1A,0,8,M52,AA7468,0,21
2026-08-02T07:28:49.056Z,deep_scan,20260802011913_1A-4-7-8-17-28C,30,1A,0,12,M71,AA5646,0,13
2026-08-02T07:28:49.084Z,deep_scan,20260802011913_1A-4-7-8-17-28C,30,1A,1,1,M161,AA5407,1,15
2026-08-02T07:28:49.084Z,deep_scan,20260802011913_1A-4-7-8-17-28C,30,1A,1,4,M53,AA7673,1,25
2026-08-02T07:28:49.084Z,deep_scan,20260802011913_1A-4-7-8-17-28C,30,1A,1,10,M21/1,AA6701,1,18
2026-08-02T07:29:19.158Z,deep_scan,20260802011913_1A-4-7-8-17-28C,30,1A,0,1,M108/1,AA7115,0,12
2026-08-02T07:29:19.158Z,deep_scan,20260802011913_1A-4-7-8-17-28C,30,1A,0,3,M10,AA5946,0,9
2026-08-02T07:29:19.158Z,deep_scan,20260802011913_1A-4-7-8-17-28C,30,1A,0,8,M52,AA7468,0,49
2026-08-02T07:29:19.158Z,deep_scan,20260802011913_1A-4-7-8-17-28C,30,1A,0,13,M156,AA5646,1,5
2026-08-02T07:29:19.162Z,deep_scan,20260802011913_1A-4-7-8-17-28C,30,1A,1,1,M161,AA5407,0,1
2026-08-02T07:29:19.162Z,deep_scan,20260802011913_1A-4-7-8-17-28C,30,1A,1,4,M53,AA7673,1,7
2026-08-02T07:29:19.162Z,deep_scan,20260802011913_1A-4-7-8-17-28C,30,1A,1,10,M21/1,AA6701,1,9
2026-08-02T07:29:49.122Z,deep_scan,20260802011913_1A-4-7-8-17-28C,30,1A,1,1,M161,AA5407,0,21
2026-08-02T07:29:49.122Z,deep_scan,20260802011913_1A-4-7-8-17-28C,30,1A,1,4,M53,AA7673,0,41
2026-08-02T07:29:49.122Z,deep_scan,20260802011913_1A-4-7-8-17-28C,30,1A,1,10,M21/1,AA6701,1,28
2026-08-02T07:29:49.135Z,deep_scan,20260802011913_1A-4-7-8-17-28C,30,1A,0,1,M108/1,AA7115,0,36
2026-08-02T07:29:49.135Z,deep_scan,20260802011913_1A-4-7-8-17-28C,30,1A,0,3,M10,AA5946,0,6
2026-08-02T07:29:49.135Z,deep_scan,20260802011913_1A-4-7-8-17-28C,30,1A,0,8,M52,AA7468,0,33
2026-08-02T07:29:49.135Z,deep_scan,20260802011913_1A-4-7-8-17-28C,30,1A,0,13,M156,AA5646,0,34
2026-08-02T07:30:19.112Z,deep_scan,20260802011913_1A-4-7-8-17-28C,30,1A,0,1,M108/1,AA7115,0,13
2026-08-02T07:30:19.112Z,deep_scan,20260802011913_1A-4-7-8-17-28C,30,1A,0,3,M10,AA5946,0,22
2026-08-02T07:30:19.112Z,deep_scan,20260802011913_1A-4-7-8-17-28C,30,1A,0,8,M52,AA7468,0,3
2026-08-02T07:30:19.112Z,deep_scan,20260802011913_1A-4-7-8-17-28C,30,1A,0,14,M253,AA5646,1,7
2026-08-02T07:30:19.137Z,deep_scan,20260802011913_1A-4-7-8-17-28C,30,1A,1,1,M161,AA5407,0,13
2026-08-02T07:30:19.137Z,deep_scan,20260802011913_1A-4-7-8-17-28C,30,1A,1,4,M53,AA7673,0,29
2026-08-02T07:30:19.137Z,deep_scan,20260802011913_1A-4-7-8-17-28C,30,1A,1,10,M21/1,AA6701,0,12
2026-08-02T07:30:49.152Z,deep_scan,20260802011913_1A-4-7-8-17-28C,30,1A,0,1,M108/1,AA7115,0,35
2026-08-02T07:30:49.152Z,deep_scan,20260802011913_1A-4-7-8-17-28C,30,1A,0,3,M10,AA5946,0,22
2026-08-02T07:30:49.152Z,deep_scan,20260802011913_1A-4-7-8-17-28C,30,1A,0,9,M239/1,AA7468,1,46
2026-08-02T07:30:49.152Z,deep_scan,20260802011913_1A-4-7-8-17-28C,30,1A,0,14,M253,AA5646,0,31
2026-08-02T07:30:49.157Z,deep_scan,20260802011913_1A-4-7-8-17-28C,30,1A,1,2,M70,AA5407,1,16
2026-08-02T07:30:49.157Z,deep_scan,20260802011913_1A-4-7-8-17-28C,30,1A,1,5,M49,AA7673,1,28
2026-08-02T07:30:49.157Z,deep_scan,20260802011913_1A-4-7-8-17-28C,30,1A,1,10,M21/1,AA6701,0,12
2026-08-02T07:31:19.087Z,deep_scan,20260802011913_1A-4-7-8-17-28C,30,1A,1,2,M70,AA5407,1,11
2026-08-02T07:31:19.087Z,deep_scan,20260802011913_1A-4-7-8-17-28C,30,1A,1,5,M49,AA7673,1,10
2026-08-02T07:31:19.087Z,deep_scan,20260802011913_1A-4-7-8-17-28C,30,1A,1,10,M21/1,AA6701,0,23
2026-08-02T07:31:19.155Z,deep_scan,20260802011913_1A-4-7-8-17-28C,30,1A,0,1,M108/1,AA7115,0,21
2026-08-02T07:31:19.155Z,deep_scan,20260802011913_1A-4-7-8-17-28C,30,1A,0,4,M27,AA5946,1,10
2026-08-02T07:31:19.155Z,deep_scan,20260802011913_1A-4-7-8-17-28C,30,1A,0,9,M239/1,AA7468,1,25
2026-08-02T07:31:19.155Z,deep_scan,20260802011913_1A-4-7-8-17-28C,30,1A,0,15,M250,AA5646,1,25
2026-08-02T07:31:49.152Z,deep_scan,20260802011913_1A-4-7-8-17-28C,30,1A,0,1,M108/1,AA7115,0,42
2026-08-02T07:31:49.152Z,deep_scan,20260802011913_1A-4-7-8-17-28C,30,1A,0,4,M27,AA5946,1,6
2026-08-02T07:31:49.152Z,deep_scan,20260802011913_1A-4-7-8-17-28C,30,1A,0,9,M239/1,AA7468,0,25
2026-08-02T07:31:49.152Z,deep_scan,20260802011913_1A-4-7-8-17-28C,30,1A,0,15,M250,AA5646,1,10
2026-08-02T07:31:49.166Z,deep_scan,20260802011913_1A-4-7-8-17-28C,30,1A,1,2,M70,AA5407,0,18
2026-08-02T07:31:49.166Z,deep_scan,20260802011913_1A-4-7-8-17-28C,30,1A,1,5,M49,AA7673,0,24
2026-08-02T07:31:49.166Z,deep_scan,20260802011913_1A-4-7-8-17-28C,30,1A,1,10,M21/1,AA6701,0,26
2026-08-02T07:32:19.092Z,deep_scan,20260802011913_1A-4-7-8-17-28C,30,1A,0,1,M108/1,AA7115,0,16
2026-08-02T07:32:19.092Z,deep_scan,20260802011913_1A-4-7-8-17-28C,30,1A,0,4,M27,AA5946,1,5
2026-08-02T07:32:19.092Z,deep_scan,20260802011913_1A-4-7-8-17-28C,30,1A,0,10,M254,AA7468,1,17
2026-08-02T07:32:19.092Z,deep_scan,20260802011913_1A-4-7-8-17-28C,30,1A,0,15,M250,AA5646,1,7
2026-08-02T07:32:19.118Z,deep_scan,20260802011913_1A-4-7-8-17-28C,30,1A,1,3,M118,AA5407,1,15
2026-08-02T07:32:19.118Z,deep_scan,20260802011913_1A-4-7-8-17-28C,30,1A,1,6,M35/1,AA7673,1,11
2026-08-02T07:32:19.118Z,deep_scan,20260802011913_1A-4-7-8-17-28C,30,1A,1,10,M21/1,AA6701,0,29
2026-08-02T07:32:49.125Z,deep_scan,20260802011913_1A-4-7-8-17-28C,30,1A,0,2,M26/1,AA7115,0,6
2026-08-02T07:32:49.125Z,deep_scan,20260802011913_1A-4-7-8-17-28C,30,1A,0,4,M27,AA5946,0,8
2026-08-02T07:32:49.125Z,deep_scan,20260802011913_1A-4-7-8-17-28C,30,1A,0,10,M254,AA7468,0,26
2026-08-02T07:32:49.125Z,deep_scan,20260802011913_1A-4-7-8-17-28C,30,1A,0,15,M250,AA5646,0,8
2026-08-02T07:32:49.189Z,deep_scan,20260802011913_1A-4-7-8-17-28C,30,1A,1,3,M118,AA5407,1,13
2026-08-02T07:32:49.189Z,deep_scan,20260802011913_1A-4-7-8-17-28C,30,1A,1,6,M35/1,AA7673,1,11
2026-08-02T07:32:49.189Z,deep_scan,20260802011913_1A-4-7-8-17-28C,30,1A,1,10,M21/1,AA6701,0,8
2026-08-02T07:33:19.124Z,deep_scan,20260802011913_1A-4-7-8-17-28C,30,1A,1,3,M118,AA5407,1,5
2026-08-02T07:33:19.124Z,deep_scan,20260802011913_1A-4-7-8-17-28C,30,1A,1,6,M35/1,AA7673,1,11
2026-08-02T07:33:19.124Z,deep_scan,20260802011913_1A-4-7-8-17-28C,30,1A,1,10,M21/1,AA6701,0,8
2026-08-02T07:33:19.168Z,deep_scan,20260802011913_1A-4-7-8-17-28C,30,1A,0,2,M26/1,AA7115,0,15
2026-08-02T07:33:19.168Z,deep_scan,20260802011913_1A-4-7-8-17-28C,30,1A,0,5,M29,AA5946,1,11
2026-08-02T07:33:19.168Z,deep_scan,20260802011913_1A-4-7-8-17-28C,30,1A,0,11,M241,AA7468,1,14
2026-08-02T07:33:19.168Z,deep_scan,20260802011913_1A-4-7-8-17-28C,30,1A,0,16,M252,AA5646,1,0
2026-08-02T07:33:49.140Z,deep_scan,20260802011913_1A-4-7-8-17-28C,30,1A,1,3,M118,AA5407,0,5
2026-08-02T07:33:49.140Z,deep_scan,20260802011913_1A-4-7-8-17-28C,30,1A,1,6,M35/1,AA7673,1,11
2026-08-02T07:33:49.140Z,deep_scan,20260802011913_1A-4-7-8-17-28C,30,1A,1,10,M21/1,AA6701,0,8
2026-08-02T07:33:49.183Z,deep_scan,20260802011913_1A-4-7-8-17-28C,30,1A,0,2,M26/1,AA7115,0,30
2026-08-02T07:33:49.183Z,deep_scan,20260802011913_1A-4-7-8-17-28C,30,1A,0,5,M29,AA5946,1,11
2026-08-02T07:33:49.183Z,deep_scan,20260802011913_1A-4-7-8-17-28C,30,1A,0,11,M241,AA7468,1,30
2026-08-02T07:33:49.183Z,deep_scan,20260802011913_1A-4-7-8-17-28C,30,1A,0,16,M252,AA5646,1,0
2026-08-02T07:34:19.190Z,deep_scan,20260802011913_1A-4-7-8-17-28C,30,1A,0,2,M26/1,AA7115,0,18
2026-08-02T07:34:19.190Z,deep_scan,20260802011913_1A-4-7-8-17-28C,30,1A,0,5,M29,AA5946,1,11
2026-08-02T07:34:19.190Z,deep_scan,20260802011913_1A-4-7-8-17-28C,30,1A,0,11,M241,AA7468,0,10
2026-08-02T07:34:19.190Z,deep_scan,20260802011913_1A-4-7-8-17-28C,30,1A,0,16,M252,AA5646,1,0
2026-08-02T07:34:19.201Z,deep_scan,20260802011913_1A-4-7-8-17-28C,30,1A,1,3,M118,AA5407,0,27
2026-08-02T07:34:19.201Z,deep_scan,20260802011913_1A-4-7-8-17-28C,30,1A,1,6,M35/1,AA7673,0,11
2026-08-02T07:34:19.201Z,deep_scan,20260802011913_1A-4-7-8-17-28C,30,1A,1,11,M120/2,AA6701,1,0
2026-08-02T07:34:49.191Z,deep_scan,20260802011913_1A-4-7-8-17-28C,30,1A,1,3,M118,AA5407,0,33
2026-08-02T07:34:49.191Z,deep_scan,20260802011913_1A-4-7-8-17-28C,30,1A,1,6,M35/1,AA7673,0,21
2026-08-02T07:34:49.191Z,deep_scan,20260802011913_1A-4-7-8-17-28C,30,1A,1,11,M120/2,AA6701,1,0
2026-08-02T07:34:49.201Z,deep_scan,20260802011913_1A-4-7-8-17-28C,30,1A,0,2,M26/1,AA7115,0,24
2026-08-02T07:34:49.201Z,deep_scan,20260802011913_1A-4-7-8-17-28C,30,1A,0,5,M29,AA5946,1,12
2026-08-02T07:34:49.201Z,deep_scan,20260802011913_1A-4-7-8-17-28C,30,1A,0,11,M241,AA7468,0,4
2026-08-02T07:34:49.201Z,deep_scan,20260802011913_1A-4-7-8-17-28C,30,1A,0,16,M252,AA5646,1,0
2026-08-02T07:35:19.181Z,deep_scan,20260802011913_1A-4-7-8-17-28C,30,1A,0,3,M10,AA7115,0,6
2026-08-02T07:35:19.181Z,deep_scan,20260802011913_1A-4-7-8-17-28C,30,1A,0,5,M29,AA5946,1,5
2026-08-02T07:35:19.181Z,deep_scan,20260802011913_1A-4-7-8-17-28C,30,1A,0,13,M156,AA7468,1,33
2026-08-02T07:35:19.181Z,deep_scan,20260802011913_1A-4-7-8-17-28C,30,1A,0,16,M252,AA5646,1,0
2026-08-02T07:35:19.196Z,deep_scan,20260802011913_1A-4-7-8-17-28C,30,1A,1,3,M118,AA5407,0,22
2026-08-02T07:35:19.196Z,deep_scan,20260802011913_1A-4-7-8-17-28C,30,1A,1,6,M35/1,AA7673,0,24
2026-08-02T07:35:19.196Z,deep_scan,20260802011913_1A-4-7-8-17-28C,30,1A,1,11,M120/2,AA6701,1,0
2026-08-02T07:35:49.150Z,deep_scan,20260802011913_1A-4-7-8-17-28C,30,1A,1,0,M252,AA5646,1,16
2026-08-02T07:35:49.150Z,deep_scan,20260802011913_1A-4-7-8-17-28C,30,1A,1,3,M118,AA5407,0,48
2026-08-02T07:35:49.150Z,deep_scan,20260802011913_1A-4-7-8-17-28C,30,1A,1,7,M28/1,AA7673,1,4
2026-08-02T07:35:49.150Z,deep_scan,20260802011913_1A-4-7-8-17-28C,30,1A,1,11,M120/2,AA6701,1,0
2026-08-02T07:35:49.195Z,deep_scan,20260802011913_1A-4-7-8-17-28C,30,1A,0,3,M10,AA7115,0,6
2026-08-02T07:35:49.195Z,deep_scan,20260802011913_1A-4-7-8-17-28C,30,1A,0,5,M29,AA5946,1,5
2026-08-02T07:35:49.195Z,deep_scan,20260802011913_1A-4-7-8-17-28C,30,1A,0,13,M156,AA7468,0,3
2026-08-02T07:36:19.112Z,deep_scan,20260802011913_1A-4-7-8-17-28C,30,1A,0,3,M10,AA7115,0,3
2026-08-02T07:36:19.112Z,deep_scan,20260802011913_1A-4-7-8-17-28C,30,1A,0,5,M29,AA5946,1,16
2026-08-02T07:36:19.112Z,deep_scan,20260802011913_1A-4-7-8-17-28C,30,1A,0,13,M156,AA7468,0,26
2026-08-02T07:36:19.246Z,deep_scan,20260802011913_1A-4-7-8-17-28C,30,1A,1,0,M252,AA5646,1,16
2026-08-02T07:36:19.246Z,deep_scan,20260802011913_1A-4-7-8-17-28C,30,1A,1,3,M118,AA5407,0,38
2026-08-02T07:36:19.246Z,deep_scan,20260802011913_1A-4-7-8-17-28C,30,1A,1,7,M28/1,AA7673,1,9
2026-08-02T07:36:19.246Z,deep_scan,20260802011913_1A-4-7-8-17-28C,30,1A,1,11,M120/2,AA6701,1,0
2026-08-02T07:36:49.201Z,deep_scan,20260802011913_1A-4-7-8-17-28C,30,1A,1,0,M252,AA5646,1,16
2026-08-02T07:36:49.201Z,deep_scan,20260802011913_1A-4-7-8-17-28C,30,1A,1,4,M53,AA5407,1,45
2026-08-02T07:36:49.201Z,deep_scan,20260802011913_1A-4-7-8-17-28C,30,1A,1,7,M28/1,AA7673,1,7
2026-08-02T07:36:49.220Z,deep_scan,20260802011913_1A-4-7-8-17-28C,30,1A,0,0,M120/2,AA6701,1,8
2026-08-02T07:36:49.220Z,deep_scan,20260802011913_1A-4-7-8-17-28C,30,1A,0,3,M10,AA7115,0,7
2026-08-02T07:36:49.220Z,deep_scan,20260802011913_1A-4-7-8-17-28C,30,1A,0,6,M36,AA5946,1,24
2026-08-02T07:36:49.220Z,deep_scan,20260802011913_1A-4-7-8-17-28C,30,1A,0,14,M253,AA7468,1,27
2026-08-02T07:37:19.231Z,deep_scan,20260802011913_1A-4-7-8-17-28C,30,1A,0,0,M120/2,AA6701,1,8
2026-08-02T07:37:19.231Z,deep_scan,20260802011913_1A-4-7-8-17-28C,30,1A,0,3,M10,AA7115,0,9
2026-08-02T07:37:19.231Z,deep_scan,20260802011913_1A-4-7-8-17-28C,30,1A,0,6,M36,AA5946,1,13
2026-08-02T07:37:19.231Z,deep_scan,20260802011913_1A-4-7-8-17-28C,30,1A,0,14,M253,AA7468,0,13
2026-08-02T07:37:19.248Z,deep_scan,20260802011913_1A-4-7-8-17-28C,30,1A,1,0,M252,AA5646,1,16
2026-08-02T07:37:19.248Z,deep_scan,20260802011913_1A-4-7-8-17-28C,30,1A,1,4,M53,AA5407,0,41
2026-08-02T07:37:19.248Z,deep_scan,20260802011913_1A-4-7-8-17-28C,30,1A,1,7,M28/1,AA7673,0,1
2026-08-02T07:37:49.205Z,deep_scan,20260802011913_1A-4-7-8-17-28C,30,1A,1,0,M252,AA5646,1,16
2026-08-02T07:37:49.205Z,deep_scan,20260802011913_1A-4-7-8-17-28C,30,1A,1,4,M53,AA5407,0,18
2026-08-02T07:37:49.205Z,deep_scan,20260802011913_1A-4-7-8-17-28C,30,1A,1,7,M28/1,AA7673,0,1
2026-08-02T07:37:49.217Z,deep_scan,20260802011913_1A-4-7-8-17-28C,30,1A,0,0,M120/2,AA6701,1,8
2026-08-02T07:37:49.217Z,deep_scan,20260802011913_1A-4-7-8-17-28C,30,1A,0,4,M27,AA7115,1,15
2026-08-02T07:37:49.217Z,deep_scan,20260802011913_1A-4-7-8-17-28C,30,1A,0,6,M36,AA5946,1,19
2026-08-02T07:37:49.217Z,deep_scan,20260802011913_1A-4-7-8-17-28C,30,1A,0,14,M253,AA7468,0,48
2026-08-02T07:38:19.218Z,deep_scan,20260802011913_1A-4-7-8-17-28C,30,1A,1,0,M252,AA5646,1,16
2026-08-02T07:38:19.218Z,deep_scan,20260802011913_1A-4-7-8-17-28C,30,1A,1,5,M49,AA5407,1,21
2026-08-02T07:38:19.218Z,deep_scan,20260802011913_1A-4-7-8-17-28C,30,1A,1,7,M28/1,AA7673,0,9
2026-08-02T07:38:19.230Z,deep_scan,20260802011913_1A-4-7-8-17-28C,30,1A,0,0,M120/2,AA6701,1,8
2026-08-02T07:38:19.230Z,deep_scan,20260802011913_1A-4-7-8-17-28C,30,1A,0,4,M27,AA7115,1,2
2026-08-02T07:38:19.230Z,deep_scan,20260802011913_1A-4-7-8-17-28C,30,1A,0,7,M48,AA5946,1,3
2026-08-02T07:38:19.230Z,deep_scan,20260802011913_1A-4-7-8-17-28C,30,1A,0,15,M250,AA7468,0,39
2026-08-02T07:38:49.249Z,deep_scan,20260802011913_1A-4-7-8-17-28C,30,1A,1,0,M252,AA5646,1,16
2026-08-02T07:38:49.249Z,deep_scan,20260802011913_1A-4-7-8-17-28C,30,1A,1,5,M49,AA5407,0,24
2026-08-02T07:38:49.249Z,deep_scan,20260802011913_1A-4-7-8-17-28C,30,1A,1,7,M28/1,AA7673,0,9
2026-08-02T07:38:49.287Z,deep_scan,20260802011913_1A-4-7-8-17-28C,30,1A,0,0,M120/2,AA6701,0,8
2026-08-02T07:38:49.287Z,deep_scan,20260802011913_1A-4-7-8-17-28C,30,1A,0,4,M27,AA7115,0,20
2026-08-02T07:38:49.287Z,deep_scan,20260802011913_1A-4-7-8-17-28C,30,1A,0,7,M48,AA5946,1,12
2026-08-02T07:38:49.287Z,deep_scan,20260802011913_1A-4-7-8-17-28C,30,1A,0,15,M250,AA7468,0,23
2026-08-02T07:39:19.262Z,deep_scan,20260802011913_1A-4-7-8-17-28C,30,1A,1,0,M252,AA5646,1,16
2026-08-02T07:39:19.262Z,deep_scan,20260802011913_1A-4-7-8-17-28C,30,1A,1,6,M35/1,AA5407,1,18
2026-08-02T07:39:19.262Z,deep_scan,20260802011913_1A-4-7-8-17-28C,30,1A,1,7,M28/1,AA7673,0,13
2026-08-02T07:39:19.287Z,deep_scan,20260802011913_1A-4-7-8-17-28C,30,1A,0,0,M120/2,AA6701,0,8
2026-08-02T07:39:19.287Z,deep_scan,20260802011913_1A-4-7-8-17-28C,30,1A,0,4,M27,AA7115,0,8
2026-08-02T07:39:19.287Z,deep_scan,20260802011913_1A-4-7-8-17-28C,30,1A,0,7,M48,AA5946,1,12
2026-08-02T07:39:19.287Z,deep_scan,20260802011913_1A-4-7-8-17-28C,30,1A,0,16,M252,AA7468,1,0
2026-08-02T07:39:49.304Z,deep_scan,20260802011913_1A-4-7-8-17-28C,30,1A,0,0,M120/2,AA6701,0,8
2026-08-02T07:39:49.304Z,deep_scan,20260802011913_1A-4-7-8-17-28C,30,1A,0,5,M29,AA7115,1,4
2026-08-02T07:39:49.304Z,deep_scan,20260802011913_1A-4-7-8-17-28C,30,1A,0,7,M48,AA5946,1,3
2026-08-02T07:39:49.304Z,deep_scan,20260802011913_1A-4-7-8-17-28C,30,1A,0,16,M252,AA7468,1,0
2026-08-02T07:39:49.313Z,deep_scan,20260802011913_1A-4-7-8-17-28C,30,1A,1,0,M252,AA5646,1,16
2026-08-02T07:39:49.313Z,deep_scan,20260802011913_1A-4-7-8-17-28C,30,1A,1,6,M35/1,AA5407,0,14
2026-08-02T07:39:49.313Z,deep_scan,20260802011913_1A-4-7-8-17-28C,30,1A,1,7,M28/1,AA7673,0,23
2026-08-02T07:40:19.263Z,deep_scan,20260802011913_1A-4-7-8-17-28C,30,1A,1,0,M252,AA5646,1,16
2026-08-02T07:40:19.263Z,deep_scan,20260802011913_1A-4-7-8-17-28C,30,1A,1,6,M35/1,AA5407,0,14
2026-08-02T07:40:19.263Z,deep_scan,20260802011913_1A-4-7-8-17-28C,30,1A,1,7,M28/1,AA7673,0,7
2026-08-02T07:40:19.273Z,deep_scan,20260802011913_1A-4-7-8-17-28C,30,1A,0,0,M120/2,AA6701,0,8
2026-08-02T07:40:19.273Z,deep_scan,20260802011913_1A-4-7-8-17-28C,30,1A,0,5,M29,AA7115,1,4
2026-08-02T07:40:19.273Z,deep_scan,20260802011913_1A-4-7-8-17-28C,30,1A,0,7,M48,AA5946,0,7
2026-08-02T07:40:19.273Z,deep_scan,20260802011913_1A-4-7-8-17-28C,30,1A,0,16,M252,AA7468,1,0
2026-08-02T07:40:49.257Z,deep_scan,20260802011913_1A-4-7-8-17-28C,30,1A,1,0,M252,AA5646,1,16
2026-08-02T07:40:49.257Z,deep_scan,20260802011913_1A-4-7-8-17-28C,30,1A,1,6,M35/1,AA5407,0,14
2026-08-02T07:40:49.257Z,deep_scan,20260802011913_1A-4-7-8-17-28C,30,1A,1,8,M11,AA7673,1,10
2026-08-02T07:40:49.270Z,deep_scan,20260802011913_1A-4-7-8-17-28C,30,1A,0,1,M108/1,AA6701,1,24
2026-08-02T07:40:49.270Z,deep_scan,20260802011913_1A-4-7-8-17-28C,30,1A,0,5,M29,AA7115,1,4
2026-08-02T07:40:49.270Z,deep_scan,20260802011913_1A-4-7-8-17-28C,30,1A,0,7,M48,AA5946,0,44
2026-08-02T07:40:49.270Z,deep_scan,20260802011913_1A-4-7-8-17-28C,30,1A,0,16,M252,AA7468,1,0
2026-08-02T07:41:19.165Z,deep_scan,20260802011913_1A-4-7-8-17-28C,30,1A,1,0,M252,AA5646,1,16
2026-08-02T07:41:19.165Z,deep_scan,20260802011913_1A-4-7-8-17-28C,30,1A,1,6,M35/1,AA5407,0,27
2026-08-02T07:41:19.165Z,deep_scan,20260802011913_1A-4-7-8-17-28C,30,1A,1,9,M12,AA7673,1,13
2026-08-02T07:41:19.294Z,deep_scan,20260802011913_1A-4-7-8-17-28C,30,1A,0,1,M108/1,AA6701,0,18
2026-08-02T07:41:19.294Z,deep_scan,20260802011913_1A-4-7-8-17-28C,30,1A,0,5,M29,AA7115,0,15
2026-08-02T07:41:19.294Z,deep_scan,20260802011913_1A-4-7-8-17-28C,30,1A,0,8,M52,AA5946,1,32
2026-08-02T07:41:19.294Z,deep_scan,20260802011913_1A-4-7-8-17-28C,30,1A,0,16,M252,AA7468,1,0
2026-08-02T07:41:49.259Z,deep_scan,20260802011913_1A-4-7-8-17-28C,30,1A,1,0,M252,AA5646,0,16
2026-08-02T07:41:49.259Z,deep_scan,20260802011913_1A-4-7-8-17-28C,30,1A,1,6,M35/1,AA5407,0,1
2026-08-02T07:41:49.259Z,deep_scan,20260802011913_1A-4-7-8-17-28C,30,1A,1,9,M12,AA7673,1,12
2026-08-02T07:41:49.297Z,deep_scan,20260802011913_1A-4-7-8-17-28C,30,1A,0,1,M108/1,AA6701,0,14
2026-08-02T07:41:49.297Z,deep_scan,20260802011913_1A-4-7-8-17-28C,30,1A,0,6,M36,AA7115,1,7
2026-08-02T07:41:49.297Z,deep_scan,20260802011913_1A-4-7-8-17-28C,30,1A,0,8,M52,AA5946,0,2
2026-08-02T07:41:49.297Z,deep_scan,20260802011913_1A-4-7-8-17-28C,30,1A,0,16,M252,AA7468,1,0
2026-08-02T07:42:19.232Z,deep_scan,20260802011913_1A-4-7-8-17-28C,30,1A,1,0,M252,AA5646,0,28
2026-08-02T07:42:19.232Z,deep_scan,20260802011913_1A-4-7-8-17-28C,30,1A,1,7,M28/1,AA5407,1,17
2026-08-02T07:42:19.232Z,deep_scan,20260802011913_1A-4-7-8-17-28C,30,1A,1,9,M12,AA7673,0,12
2026-08-02T07:42:19.240Z,deep_scan,20260802011913_1A-4-7-8-17-28C,30,1A,0,1,M108/1,AA6701,0,47
2026-08-02T07:42:19.240Z,deep_scan,20260802011913_1A-4-7-8-17-28C,30,1A,0,6,M36,AA7115,1,7
2026-08-02T07:42:19.240Z,deep_scan,20260802011913_1A-4-7-8-17-28C,30,1A,0,8,M52,AA5946,0,31
2026-08-02T07:42:19.240Z,deep_scan,20260802011913_1A-4-7-8-17-28C,30,1A,0,16,M252,AA7468,1,0
2026-08-02T07:42:49.293Z,deep_scan,20260802011913_1A-4-7-8-17-28C,30,1A,1,0,M252,AA5646,0,2
2026-08-02T07:42:49.293Z,deep_scan,20260802011913_1A-4-7-8-17-28C,30,1A,1,7,M28/1,AA5407,1,21
2026-08-02T07:42:49.293Z,deep_scan,20260802011913_1A-4-7-8-17-28C,30,1A,1,10,M21/1,AA7673,1,23
2026-08-02T07:42:49.301Z,deep_scan,20260802011913_1A-4-7-8-17-28C,30,1A,0,1,M108/1,AA6701,0,41
2026-08-02T07:42:49.301Z,deep_scan,20260802011913_1A-4-7-8-17-28C,30,1A,0,6,M36,AA7115,1,12
2026-08-02T07:42:49.301Z,deep_scan,20260802011913_1A-4-7-8-17-28C,30,1A,0,8,M52,AA5946,0,40
2026-08-02T07:42:49.301Z,deep_scan,20260802011913_1A-4-7-8-17-28C,30,1A,0,16,M252,AA7468,1,0
2026-08-02T07:43:19.287Z,deep_scan,20260802011913_1A-4-7-8-17-28C,30,1A,0,1,M108/1,AA6701,0,16
2026-08-02T07:43:19.287Z,deep_scan,20260802011913_1A-4-7-8-17-28C,30,1A,0,6,M36,AA7115,0,17
2026-08-02T07:43:19.287Z,deep_scan,20260802011913_1A-4-7-8-17-28C,30,1A,0,8,M52,AA5946,0,43
2026-08-02T07:43:19.287Z,deep_scan,20260802011913_1A-4-7-8-17-28C,30,1A,0,16,M252,AA7468,1,0
2026-08-02T07:43:19.298Z,deep_scan,20260802011913_1A-4-7-8-17-28C,30,1A,1,1,M161,AA5646,1,8
2026-08-02T07:43:19.298Z,deep_scan,20260802011913_1A-4-7-8-17-28C,30,1A,1,7,M28/1,AA5407,0,13
2026-08-02T07:43:19.298Z,deep_scan,20260802011913_1A-4-7-8-17-28C,30,1A,1,10,M21/1,AA7673,1,21
2026-08-02T07:43:49.257Z,deep_scan,20260802011913_1A-4-7-8-17-28C,30,1A,0,1,M108/1,AA6701,0,16
2026-08-02T07:43:49.257Z,deep_scan,20260802011913_1A-4-7-8-17-28C,30,1A,0,6,M36,AA7115,0,9
2026-08-02T07:43:49.257Z,deep_scan,20260802011913_1A-4-7-8-17-28C,30,1A,0,8,M52,AA5946,0,3
2026-08-02T07:43:49.266Z,deep_scan,20260802011913_1A-4-7-8-17-28C,30,1A,1,1,M161,AA5646,1,8
2026-08-02T07:43:49.266Z,deep_scan,20260802011913_1A-4-7-8-17-28C,30,1A,1,7,M28/1,AA5407,0,21
2026-08-02T07:43:49.266Z,deep_scan,20260802011913_1A-4-7-8-17-28C,30,1A,1,10,M21/1,AA7673,1,9
2026-08-02T07:44:19.300Z,deep_scan,20260802011913_1A-4-7-8-17-28C,30,1A,1,1,M161,AA5646,1,30
2026-08-02T07:44:19.300Z,deep_scan,20260802011913_1A-4-7-8-17-28C,30,1A,1,7,M28/1,AA5407,0,20
2026-08-02T07:44:19.300Z,deep_scan,20260802011913_1A-4-7-8-17-28C,30,1A,1,10,M21/1,AA7673,0,9
2026-08-02T07:44:19.337Z,deep_scan,20260802011913_1A-4-7-8-17-28C,30,1A,0,0,M120/2,AA7418,1,28
2026-08-02T07:44:19.337Z,deep_scan,20260802011913_1A-4-7-8-17-28C,30,1A,0,2,M26/1,AA6701,1,4
2026-08-02T07:44:19.337Z,deep_scan,20260802011913_1A-4-7-8-17-28C,30,1A,0,7,M48,AA7115,1,26
2026-08-02T07:44:19.337Z,deep_scan,20260802011913_1A-4-7-8-17-28C,30,1A,0,8,M52,AA5946,0,27
2026-08-02T07:44:49.283Z,deep_scan,20260802011913_1A-4-7-8-17-28C,30,1A,1,2,M70,AA5646,1,25
2026-08-02T07:44:49.283Z,deep_scan,20260802011913_1A-4-7-8-17-28C,30,1A,1,8,M11,AA5407,1,15
2026-08-02T07:44:49.283Z,deep_scan,20260802011913_1A-4-7-8-17-28C,30,1A,1,10,M21/1,AA7673,0,12
2026-08-02T07:44:49.305Z,deep_scan,20260802011913_1A-4-7-8-17-28C,30,1A,0,0,M120/2,AA7418,1,28
2026-08-02T07:44:49.305Z,deep_scan,20260802011913_1A-4-7-8-17-28C,30,1A,0,2,M26/1,AA6701,1,22
2026-08-02T07:44:49.305Z,deep_scan,20260802011913_1A-4-7-8-17-28C,30,1A,0,7,M48,AA7115,1,27
2026-08-02T07:44:49.305Z,deep_scan,20260802011913_1A-4-7-8-17-28C,30,1A,0,9,M239/1,AA5946,1,32
2026-08-02T07:45:19.285Z,deep_scan,20260802011913_1A-4-7-8-17-28C,30,1A,0,0,M120/2,AA7418,1,28
2026-08-02T07:45:19.285Z,deep_scan,20260802011913_1A-4-7-8-17-28C,30,1A,0,2,M26/1,AA6701,1,22
2026-08-02T07:45:19.285Z,deep_scan,20260802011913_1A-4-7-8-17-28C,30,1A,0,7,M48,AA7115,0,29
2026-08-02T07:45:19.285Z,deep_scan,20260802011913_1A-4-7-8-17-28C,30,1A,0,9,M239/1,AA5946,1,8
2026-08-02T07:45:19.315Z,deep_scan,20260802011913_1A-4-7-8-17-28C,30,1A,1,2,M70,AA5646,0,11
2026-08-02T07:45:19.315Z,deep_scan,20260802011913_1A-4-7-8-17-28C,30,1A,1,8,M11,AA5407,0,19
2026-08-02T07:45:19.315Z,deep_scan,20260802011913_1A-4-7-8-17-28C,30,1A,1,10,M21/1,AA7673,0,14
2026-08-02T07:45:49.299Z,deep_scan,20260802011913_1A-4-7-8-17-28C,30,1A,1,2,M70,AA5646,0,18
2026-08-02T07:45:49.299Z,deep_scan,20260802011913_1A-4-7-8-17-28C,30,1A,1,9,M12,AA5407,1,23
2026-08-02T07:45:49.299Z,deep_scan,20260802011913_1A-4-7-8-17-28C,30,1A,1,10,M21/1,AA7673,0,14
2026-08-02T07:45:49.315Z,deep_scan,20260802011913_1A-4-7-8-17-28C,30,1A,0,0,M120/2,AA7418,0,28
2026-08-02T07:45:49.315Z,deep_scan,20260802011913_1A-4-7-8-17-28C,30,1A,0,2,M26/1,AA6701,1,4
2026-08-02T07:45:49.315Z,deep_scan,20260802011913_1A-4-7-8-17-28C,30,1A,0,8,M52,AA7115,1,47
2026-08-02T07:45:49.315Z,deep_scan,20260802011913_1A-4-7-8-17-28C,30,1A,0,9,M239/1,AA5946,0,18
2026-08-02T07:46:19.298Z,deep_scan,20260802011913_1A-4-7-8-17-28C,30,1A,1,3,M118,AA5646,1,27
2026-08-02T07:46:19.298Z,deep_scan,20260802011913_1A-4-7-8-17-28C,30,1A,1,9,M12,AA5407,0,12
2026-08-02T07:46:19.298Z,deep_scan,20260802011913_1A-4-7-8-17-28C,30,1A,1,10,M21/1,AA7673,0,40
2026-08-02T07:46:19.624Z,deep_scan,20260802011913_1A-4-7-8-17-28C,30,1A,0,0,M120/2,AA7418,0,28
2026-08-02T07:46:19.624Z,deep_scan,20260802011913_1A-4-7-8-17-28C,30,1A,0,2,M26/1,AA6701,0,29
2026-08-02T07:46:19.624Z,deep_scan,20260802011913_1A-4-7-8-17-28C,30,1A,0,8,M52,AA7115,1,19
2026-08-02T07:46:19.624Z,deep_scan,20260802011913_1A-4-7-8-17-28C,30,1A,0,10,M254,AA5946,1,39
2026-08-02T07:46:49.294Z,deep_scan,20260802011913_1A-4-7-8-17-28C,30,1A,0,1,M108/1,AA7418,0,22
2026-08-02T07:46:49.294Z,deep_scan,20260802011913_1A-4-7-8-17-28C,30,1A,0,2,M26/1,AA6701,0,31
2026-08-02T07:46:49.294Z,deep_scan,20260802011913_1A-4-7-8-17-28C,30,1A,0,8,M52,AA7115,0,5
2026-08-02T07:46:49.294Z,deep_scan,20260802011913_1A-4-7-8-17-28C,30,1A,0,10,M254,AA5946,1,37
2026-08-02T07:46:49.345Z,deep_scan,20260802011913_1A-4-7-8-17-28C,30,1A,1,3,M118,AA5646,1,3
2026-08-02T07:46:49.345Z,deep_scan,20260802011913_1A-4-7-8-17-28C,30,1A,1,9,M12,AA5407,0,2
2026-08-02T07:46:49.345Z,deep_scan,20260802011913_1A-4-7-8-17-28C,30,1A,1,10,M21/1,AA7673,0,22
2026-08-02T07:47:19.283Z,deep_scan,20260802011913_1A-4-7-8-17-28C,30,1A,1,3,M118,AA5646,0,10
2026-08-02T07:47:19.283Z,deep_scan,20260802011913_1A-4-7-8-17-28C,30,1A,1,10,M21/1,AA7673,0,16
2026-08-02T07:47:19.283Z,deep_scan,20260802011913_1A-4-7-8-17-28C,30,1A,1,10,M21/1,AA5407,1,24
2026-08-02T07:47:19.317Z,deep_scan,20260802011913_1A-4-7-8-17-28C,30,1A,0,1,M108/1,AA7418,0,22
2026-08-02T07:47:19.317Z,deep_scan,20260802011913_1A-4-7-8-17-28C,30,1A,0,2,M26/1,AA6701,0,42
2026-08-02T07:47:19.317Z,deep_scan,20260802011913_1A-4-7-8-17-28C,30,1A,0,8,M52,AA7115,0,30
2026-08-02T07:47:19.317Z,deep_scan,20260802011913_1A-4-7-8-17-28C,30,1A,0,10,M254,AA5946,0,24
2026-08-02T07:47:49.278Z,deep_scan,20260802011913_1A-4-7-8-17-28C,30,1A,0,1,M108/1,AA7418,0,14
2026-08-02T07:47:49.278Z,deep_scan,20260802011913_1A-4-7-8-17-28C,30,1A,0,3,M10,AA6701,1,12
2026-08-02T07:47:49.278Z,deep_scan,20260802011913_1A-4-7-8-17-28C,30,1A,0,8,M52,AA7115,0,43
2026-08-02T07:47:49.278Z,deep_scan,20260802011913_1A-4-7-8-17-28C,30,1A,0,10,M254,AA5946,0,37
2026-08-02T07:47:49.309Z,deep_scan,20260802011913_1A-4-7-8-17-28C,30,1A,1,3,M118,AA5646,0,28
2026-08-02T07:47:49.309Z,deep_scan,20260802011913_1A-4-7-8-17-28C,30,1A,1,10,M21/1,AA7673,0,18
2026-08-02T07:47:49.309Z,deep_scan,20260802011913_1A-4-7-8-17-28C,30,1A,1,10,M21/1,AA5407,0,20
2026-08-02T07:48:19.302Z,deep_scan,20260802011913_1A-4-7-8-17-28C,30,1A,0,1,M108/1,AA7418,0,14
2026-08-02T07:48:19.302Z,deep_scan,20260802011913_1A-4-7-8-17-28C,30,1A,0,3,M10,AA6701,1,2
2026-08-02T07:48:19.302Z,deep_scan,20260802011913_1A-4-7-8-17-28C,30,1A,0,8,M52,AA7115,0,20
2026-08-02T07:48:19.302Z,deep_scan,20260802011913_1A-4-7-8-17-28C,30,1A,0,11,M241,AA5946,1,23
2026-08-02T07:48:19.321Z,deep_scan,20260802011913_1A-4-7-8-17-28C,30,1A,1,0,M252,AA7468,1,3
2026-08-02T07:48:19.321Z,deep_scan,20260802011913_1A-4-7-8-17-28C,30,1A,1,3,M118,AA5646,0,38
2026-08-02T07:48:19.321Z,deep_scan,20260802011913_1A-4-7-8-17-28C,30,1A,1,10,M21/1,AA7673,0,9
2026-08-02T07:48:19.321Z,deep_scan,20260802011913_1A-4-7-8-17-28C,30,1A,1,10,M21/1,AA5407,0,8
2026-08-02T07:48:49.309Z,deep_scan,20260802011913_1A-4-7-8-17-28C,30,1A,0,1,M108/1,AA7418,0,31
2026-08-02T07:48:49.309Z,deep_scan,20260802011913_1A-4-7-8-17-28C,30,1A,0,3,M10,AA6701,0,14
2026-08-02T07:48:49.309Z,deep_scan,20260802011913_1A-4-7-8-17-28C,30,1A,0,8,M52,AA7115,0,38
2026-08-02T07:48:49.309Z,deep_scan,20260802011913_1A-4-7-8-17-28C,30,1A,0,11,M241,AA5946,0,23
2026-08-02T07:48:49.323Z,deep_scan,20260802011913_1A-4-7-8-17-28C,30,1A,1,0,M252,AA7468,1,3
2026-08-02T07:48:49.323Z,deep_scan,20260802011913_1A-4-7-8-17-28C,30,1A,1,3,M118,AA5646,0,47
2026-08-02T07:48:49.323Z,deep_scan,20260802011913_1A-4-7-8-17-28C,30,1A,1,10,M21/1,AA5407,0,18
2026-08-02T07:48:49.323Z,deep_scan,20260802011913_1A-4-7-8-17-28C,30,1A,1,11,M120/2,AA7673,1,0
2026-08-02T07:49:19.306Z,deep_scan,20260802011913_1A-4-7-8-17-28C,30,1A,0,1,M108/1,AA7418,0,5
2026-08-02T07:49:19.306Z,deep_scan,20260802011913_1A-4-7-8-17-28C,30,1A,0,3,M10,AA6701,0,11
2026-08-02T07:49:19.306Z,deep_scan,20260802011913_1A-4-7-8-17-28C,30,1A,0,9,M239/1,AA7115,1,29
2026-08-02T07:49:19.306Z,deep_scan,20260802011913_1A-4-7-8-17-28C,30,1A,0,12,M71,AA5946,1,10
2026-08-02T07:49:19.398Z,deep_scan,20260802011913_1A-4-7-8-17-28C,30,1A,1,0,M252,AA7468,0,5
2026-08-02T07:49:19.398Z,deep_scan,20260802011913_1A-4-7-8-17-28C,30,1A,1,3,M118,AA5646,0,42
2026-08-02T07:49:19.398Z,deep_scan,20260802011913_1A-4-7-8-17-28C,30,1A,1,10,M21/1,AA5407,0,36
2026-08-02T07:49:19.398Z,deep_scan,20260802011913_1A-4-7-8-17-28C,30,1A,1,11,M120/2,AA7673,1,0
2026-08-02T07:49:49.204Z,deep_scan,20260802011913_1A-4-7-8-17-28C,30,1A,1,0,M252,AA7468,0,11
2026-08-02T07:49:49.204Z,deep_scan,20260802011913_1A-4-7-8-17-28C,30,1A,1,3,M118,AA5646,0,46
2026-08-02T07:49:49.204Z,deep_scan,20260802011913_1A-4-7-8-17-28C,30,1A,1,10,M21/1,AA5407,0,13
2026-08-02T07:49:49.204Z,deep_scan,20260802011913_1A-4-7-8-17-28C,30,1A,1,11,M120/2,AA7673,1,0
2026-08-02T07:49:49.289Z,deep_scan,20260802011913_1A-4-7-8-17-28C,30,1A,0,1,M108/1,AA7418,0,29
2026-08-02T07:49:49.289Z,deep_scan,20260802011913_1A-4-7-8-17-28C,30,1A,0,4,M27,AA6701,1,17
2026-08-02T07:49:49.289Z,deep_scan,20260802011913_1A-4-7-8-17-28C,30,1A,0,9,M239/1,AA7115,1,3
2026-08-02T07:49:49.289Z,deep_scan,20260802011913_1A-4-7-8-17-28C,30,1A,0,12,M71,AA5946,0,12
2026-08-02T07:50:19.291Z,deep_scan,20260802011913_1A-4-7-8-17-28C,30,1A,0,1,M108/1,AA7418,0,8
2026-08-02T07:50:19.291Z,deep_scan,20260802011913_1A-4-7-8-17-28C,30,1A,0,4,M27,AA6701,1,17
2026-08-02T07:50:19.291Z,deep_scan,20260802011913_1A-4-7-8-17-28C,30,1A,0,9,M239/1,AA7115,0,3
2026-08-02T07:50:19.291Z,deep_scan,20260802011913_1A-4-7-8-17-28C,30,1A,0,13,M156,AA5946,1,1
2026-08-02T07:50:19.586Z,deep_scan,20260802011913_1A-4-7-8-17-28C,30,1A,1,0,M252,AA7468,0,2
2026-08-02T07:50:19.586Z,deep_scan,20260802011913_1A-4-7-8-17-28C,30,1A,1,4,M53,AA5646,1,36
2026-08-02T07:50:19.586Z,deep_scan,20260802011913_1A-4-7-8-17-28C,30,1A,1,10,M21/1,AA5407,0,26
2026-08-02T07:50:19.586Z,deep_scan,20260802011913_1A-4-7-8-17-28C,30,1A,1,11,M120/2,AA7673,1,0
2026-08-02T07:50:49.311Z,deep_scan,20260802011913_1A-4-7-8-17-28C,30,1A,0,1,M108/1,AA7418,0,19
2026-08-02T07:50:49.311Z,deep_scan,20260802011913_1A-4-7-8-17-28C,30,1A,0,4,M27,AA6701,1,12
2026-08-02T07:50:49.311Z,deep_scan,20260802011913_1A-4-7-8-17-28C,30,1A,0,10,M254,AA7115,1,14
2026-08-02T07:50:49.311Z,deep_scan,20260802011913_1A-4-7-8-17-28C,30,1A,0,13,M156,AA5946,0,4
2026-08-02T07:50:49.320Z,deep_scan,20260802011913_1A-4-7-8-17-28C,30,1A,1,1,M161,AA7468,1,32
2026-08-02T07:50:49.320Z,deep_scan,20260802011913_1A-4-7-8-17-28C,30,1A,1,4,M53,AA5646,1,7
2026-08-02T07:50:49.320Z,deep_scan,20260802011913_1A-4-7-8-17-28C,30,1A,1,10,M21/1,AA5407,0,14
2026-08-02T07:50:49.320Z,deep_scan,20260802011913_1A-4-7-8-17-28C,30,1A,1,11,M120/2,AA7673,1,0
2026-08-02T07:51:19.338Z,deep_scan,20260802011913_1A-4-7-8-17-28C,30,1A,1,1,M161,AA7468,0,16
2026-08-02T07:51:19.338Z,deep_scan,20260802011913_1A-4-7-8-17-28C,30,1A,1,4,M53,AA5646,0,42
2026-08-02T07:51:19.338Z,deep_scan,20260802011913_1A-4-7-8-17-28C,30,1A,1,10,M21/1,AA5407,0,14
2026-08-02T07:51:19.338Z,deep_scan,20260802011913_1A-4-7-8-17-28C,30,1A,1,11,M120/2,AA7673,1,0
2026-08-02T07:51:19.391Z,deep_scan,20260802011913_1A-4-7-8-17-28C,30,1A,0,2,M26/1,AA7418,1,27
2026-08-02T07:51:19.391Z,deep_scan,20260802011913_1A-4-7-8-17-28C,30,1A,0,4,M27,AA6701,1,1
2026-08-02T07:51:19.391Z,deep_scan,20260802011913_1A-4-7-8-17-28C,30,1A,0,10,M254,AA7115,1,15
2026-08-02T07:51:19.391Z,deep_scan,20260802011913_1A-4-7-8-17-28C,30,1A,0,13,M156,AA5946,0,18
2026-08-02T07:51:49.301Z,deep_scan,20260802011913_1A-4-7-8-17-28C,30,1A,0,2,M26/1,AA7418,1,10
2026-08-02T07:51:49.301Z,deep_scan,20260802011913_1A-4-7-8-17-28C,30,1A,0,4,M27,AA6701,1,8
2026-08-02T07:51:49.301Z,deep_scan,20260802011913_1A-4-7-8-17-28C,30,1A,0,10,M254,AA7115,0,33
2026-08-02T07:51:49.301Z,deep_scan,20260802011913_1A-4-7-8-17-28C,30,1A,0,13,M156,AA5946,0,13
2026-08-02T07:51:49.311Z,deep_scan,20260802011913_1A-4-7-8-17-28C,30,1A,1,1,M161,AA7468,0,2
2026-08-02T07:51:49.311Z,deep_scan,20260802011913_1A-4-7-8-17-28C,30,1A,1,5,M49,AA5646,1,18
2026-08-02T07:51:49.311Z,deep_scan,20260802011913_1A-4-7-8-17-28C,30,1A,1,10,M21/1,AA5407,0,24
2026-08-02T07:51:49.311Z,deep_scan,20260802011913_1A-4-7-8-17-28C,30,1A,1,11,M120/2,AA7673,1,0
2026-08-02T07:52:19.344Z,deep_scan,20260802011913_1A-4-7-8-17-28C,30,1A,0,2,M26/1,AA7418,0,4
2026-08-02T07:52:19.344Z,deep_scan,20260802011913_1A-4-7-8-17-28C,30,1A,0,4,M27,AA6701,0,5
2026-08-02T07:52:19.344Z,deep_scan,20260802011913_1A-4-7-8-17-28C,30,1A,0,10,M254,AA7115,0,25
2026-08-02T07:52:19.344Z,deep_scan,20260802011913_1A-4-7-8-17-28C,30,1A,0,13,M156,AA5946,0,5
2026-08-02T07:52:19.384Z,deep_scan,20260802011913_1A-4-7-8-17-28C,30,1A,1,1,M161,AA7468,0,4
2026-08-02T07:52:19.384Z,deep_scan,20260802011913_1A-4-7-8-17-28C,30,1A,1,5,M49,AA5646,1,22
2026-08-02T07:52:19.384Z,deep_scan,20260802011913_1A-4-7-8-17-28C,30,1A,1,11,M120/2,AA7673,1,0
2026-08-02T07:52:19.384Z,deep_scan,20260802011913_1A-4-7-8-17-28C,30,1A,1,11,M120/2,AA5407,1,0
2026-08-02T07:52:49.340Z,deep_scan,20260802011913_1A-4-7-8-17-28C,30,1A,1,2,M70,AA7468,1,18
2026-08-02T07:52:49.340Z,deep_scan,20260802011913_1A-4-7-8-17-28C,30,1A,1,5,M49,AA5646,0,21
2026-08-02T07:52:49.340Z,deep_scan,20260802011913_1A-4-7-8-17-28C,30,1A,1,11,M120/2,AA7673,1,0
2026-08-02T07:52:49.340Z,deep_scan,20260802011913_1A-4-7-8-17-28C,30,1A,1,11,M120/2,AA5407,1,0
2026-08-02T07:52:49.367Z,deep_scan,20260802011913_1A-4-7-8-17-28C,30,1A,0,2,M26/1,AA7418,0,9
2026-08-02T07:52:49.367Z,deep_scan,20260802011913_1A-4-7-8-17-28C,30,1A,0,4,M27,AA6701,0,5
2026-08-02T07:52:49.367Z,deep_scan,20260802011913_1A-4-7-8-17-28C,30,1A,0,11,M241,AA7115,1,10
2026-08-02T07:52:49.367Z,deep_scan,20260802011913_1A-4-7-8-17-28C,30,1A,0,14,M253,AA5946,1,22
2026-08-02T07:53:19.308Z,deep_scan,20260802011913_1A-4-7-8-17-28C,30,1A,1,2,M70,AA7468,0,12
2026-08-02T07:53:19.308Z,deep_scan,20260802011913_1A-4-7-8-17-28C,30,1A,1,6,M35/1,AA5646,1,17
2026-08-02T07:53:19.308Z,deep_scan,20260802011913_1A-4-7-8-17-28C,30,1A,1,11,M120/2,AA5407,1,0
2026-08-02T07:53:19.334Z,deep_scan,20260802011913_1A-4-7-8-17-28C,30,1A,0,2,M26/1,AA7418,0,12
2026-08-02T07:53:19.334Z,deep_scan,20260802011913_1A-4-7-8-17-28C,30,1A,0,4,M27,AA6701,0,5
2026-08-02T07:53:19.334Z,deep_scan,20260802011913_1A-4-7-8-17-28C,30,1A,0,11,M241,AA7115,0,14
2026-08-02T07:53:19.334Z,deep_scan,20260802011913_1A-4-7-8-17-28C,30,1A,0,14,M253,AA5946,1,4
2026-08-02T07:53:49.321Z,deep_scan,20260802011913_1A-4-7-8-17-28C,30,1A,0,3,M10,AA7418,1,16
2026-08-02T07:53:49.321Z,deep_scan,20260802011913_1A-4-7-8-17-28C,30,1A,0,5,M29,AA6701,1,3
2026-08-02T07:53:49.321Z,deep_scan,20260802011913_1A-4-7-8-17-28C,30,1A,0,12,M71,AA7115,1,12
2026-08-02T07:53:49.321Z,deep_scan,20260802011913_1A-4-7-8-17-28C,30,1A,0,14,M253,AA5946,0,18
2026-08-02T07:53:49.357Z,deep_scan,20260802011913_1A-4-7-8-17-28C,30,1A,1,2,M70,AA7468,0,23
2026-08-02T07:53:49.357Z,deep_scan,20260802011913_1A-4-7-8-17-28C,30,1A,1,6,M35/1,AA5646,1,4
2026-08-02T07:53:49.357Z,deep_scan,20260802011913_1A-4-7-8-17-28C,30,1A,1,11,M120/2,AA5407,1,0
2026-08-02T07:54:19.411Z,deep_scan,20260802011913_1A-4-7-8-17-28C,30,1A,1,3,M118,AA7468,1,19
2026-08-02T07:54:19.411Z,deep_scan,20260802011913_1A-4-7-8-17-28C,30,1A,1,6,M35/1,AA5646,1,12
2026-08-02T07:54:19.411Z,deep_scan,20260802011913_1A-4-7-8-17-28C,30,1A,1,11,M120/2,AA5407,1,0
2026-08-02T07:54:19.423Z,deep_scan,20260802011913_1A-4-7-8-17-28C,30,1A,0,3,M10,AA7418,1,22
2026-08-02T07:54:19.423Z,deep_scan,20260802011913_1A-4-7-8-17-28C,30,1A,0,5,M29,AA6701,1,6
2026-08-02T07:54:19.423Z,deep_scan,20260802011913_1A-4-7-8-17-28C,30,1A,0,12,M71,AA7115,0,3
2026-08-02T07:54:19.423Z,deep_scan,20260802011913_1A-4-7-8-17-28C,30,1A,0,15,M250,AA5946,1,9
2026-08-02T07:54:49.355Z,deep_scan,20260802011913_1A-4-7-8-17-28C,30,1A,0,0,M120/2,AA7673,1,9
2026-08-02T07:54:49.355Z,deep_scan,20260802011913_1A-4-7-8-17-28C,30,1A,0,3,M10,AA7418,1,2
2026-08-02T07:54:49.355Z,deep_scan,20260802011913_1A-4-7-8-17-28C,30,1A,0,5,M29,AA6701,1,22
2026-08-02T07:54:49.355Z,deep_scan,20260802011913_1A-4-7-8-17-28C,30,1A,0,13,M156,AA7115,1,1
2026-08-02T07:54:49.355Z,deep_scan,20260802011913_1A-4-7-8-17-28C,30,1A,0,15,M250,AA5946,1,11
2026-08-02T07:54:49.404Z,deep_scan,20260802011913_1A-4-7-8-17-28C,30,1A,1,3,M118,AA7468,1,6
2026-08-02T07:54:49.404Z,deep_scan,20260802011913_1A-4-7-8-17-28C,30,1A,1,6,M35/1,AA5646,1,12
2026-08-02T07:54:49.404Z,deep_scan,20260802011913_1A-4-7-8-17-28C,30,1A,1,11,M120/2,AA5407,1,0
2026-08-02T07:55:19.353Z,deep_scan,20260802011913_1A-4-7-8-17-28C,30,1A,1,3,M118,AA7468,1,6
2026-08-02T07:55:19.353Z,deep_scan,20260802011913_1A-4-7-8-17-28C,30,1A,1,6,M35/1,AA5646,0,21
2026-08-02T07:55:19.353Z,deep_scan,20260802011913_1A-4-7-8-17-28C,30,1A,1,11,M120/2,AA5407,1,0
2026-08-02T07:55:19.391Z,deep_scan,20260802011913_1A-4-7-8-17-28C,30,1A,0,0,M120/2,AA7673,0,9
2026-08-02T07:55:19.391Z,deep_scan,20260802011913_1A-4-7-8-17-28C,30,1A,0,3,M10,AA7418,0,6
2026-08-02T07:55:19.391Z,deep_scan,20260802011913_1A-4-7-8-17-28C,30,1A,0,6,M36,AA6701,1,36
2026-08-02T07:55:19.391Z,deep_scan,20260802011913_1A-4-7-8-17-28C,30,1A,0,13,M156,AA7115,1,1
2026-08-02T07:55:19.391Z,deep_scan,20260802011913_1A-4-7-8-17-28C,30,1A,0,15,M250,AA5946,1,14
2026-08-02T07:55:49.430Z,deep_scan,20260802011913_1A-4-7-8-17-28C,30,1A,1,3,M118,AA7468,0,31
2026-08-02T07:55:49.430Z,deep_scan,20260802011913_1A-4-7-8-17-28C,30,1A,1,6,M35/1,AA5646,0,14
2026-08-02T07:55:49.430Z,deep_scan,20260802011913_1A-4-7-8-17-28C,30,1A,1,11,M120/2,AA5407,1,0
2026-08-02T07:55:49.438Z,deep_scan,20260802011913_1A-4-7-8-17-28C,30,1A,0,0,M120/2,AA7673,0,16
2026-08-02T07:55:49.438Z,deep_scan,20260802011913_1A-4-7-8-17-28C,30,1A,0,3,M10,AA7418,0,3
2026-08-02T07:55:49.438Z,deep_scan,20260802011913_1A-4-7-8-17-28C,30,1A,0,6,M36,AA6701,1,24
2026-08-02T07:55:49.438Z,deep_scan,20260802011913_1A-4-7-8-17-28C,30,1A,0,13,M156,AA7115,0,31
2026-08-02T07:55:49.438Z,deep_scan,20260802011913_1A-4-7-8-17-28C,30,1A,0,15,M250,AA5946,0,9
2026-08-02T07:56:19.371Z,deep_scan,20260802011913_1A-4-7-8-17-28C,30,1A,1,3,M118,AA7468,0,15
2026-08-02T07:56:19.371Z,deep_scan,20260802011913_1A-4-7-8-17-28C,30,1A,1,6,M35/1,AA5646,0,15
2026-08-02T07:56:19.371Z,deep_scan,20260802011913_1A-4-7-8-17-28C,30,1A,1,11,M120/2,AA5407,1,0
2026-08-02T07:56:19.383Z,deep_scan,20260802011913_1A-4-7-8-17-28C,30,1A,0,1,M108/1,AA7673,1,18
2026-08-02T07:56:19.383Z,deep_scan,20260802011913_1A-4-7-8-17-28C,30,1A,0,4,M27,AA7418,1,14
2026-08-02T07:56:19.383Z,deep_scan,20260802011913_1A-4-7-8-17-28C,30,1A,0,6,M36,AA6701,0,29
2026-08-02T07:56:19.383Z,deep_scan,20260802011913_1A-4-7-8-17-28C,30,1A,0,13,M156,AA7115,0,24
2026-08-02T07:56:19.383Z,deep_scan,20260802011913_1A-4-7-8-17-28C,30,1A,0,16,M252,AA5946,1,0
2026-08-02T07:56:49.386Z,deep_scan,20260802011913_1A-4-7-8-17-28C,30,1A,1,3,M118,AA7468,0,31
2026-08-02T07:56:49.386Z,deep_scan,20260802011913_1A-4-7-8-17-28C,30,1A,1,7,M28/1,AA5646,1,10
2026-08-02T07:56:49.389Z,deep_scan,20260802011913_1A-4-7-8-17-28C,30,1A,0,1,M108/1,AA7673,1,22
2026-08-02T07:56:49.389Z,deep_scan,20260802011913_1A-4-7-8-17-28C,30,1A,0,4,M27,AA7418,1,4
2026-08-02T07:56:49.389Z,deep_scan,20260802011913_1A-4-7-8-17-28C,30,1A,0,7,M48,AA6701,1,2
2026-08-02T07:56:49.389Z,deep_scan,20260802011913_1A-4-7-8-17-28C,30,1A,0,14,M253,AA7115,1,19
2026-08-02T07:56:49.389Z,deep_scan,20260802011913_1A-4-7-8-17-28C,30,1A,0,16,M252,AA5946,1,0
2026-08-02T07:57:19.370Z,deep_scan,20260802011913_1A-4-7-8-17-28C,30,1A,1,3,M118,AA7468,0,45
2026-08-02T07:57:19.370Z,deep_scan,20260802011913_1A-4-7-8-17-28C,30,1A,1,7,M28/1,AA5646,1,6
2026-08-02T07:57:19.402Z,deep_scan,20260802011913_1A-4-7-8-17-28C,30,1A,0,1,M108/1,AA7673,0,18
2026-08-02T07:57:19.402Z,deep_scan,20260802011913_1A-4-7-8-17-28C,30,1A,0,4,M27,AA7418,0,34
2026-08-02T07:57:19.402Z,deep_scan,20260802011913_1A-4-7-8-17-28C,30,1A,0,7,M48,AA6701,1,2
2026-08-02T07:57:19.402Z,deep_scan,20260802011913_1A-4-7-8-17-28C,30,1A,0,14,M253,AA7115,0,22
2026-08-02T07:57:19.402Z,deep_scan,20260802011913_1A-4-7-8-17-28C,30,1A,0,16,M252,AA5946,1,0
2026-08-02T07:57:49.418Z,deep_scan,20260802011913_1A-4-7-8-17-28C,30,1A,1,0,M252,AA5946,1,3
2026-08-02T07:57:49.418Z,deep_scan,20260802011913_1A-4-7-8-17-28C,30,1A,1,3,M118,AA7468,0,49
2026-08-02T07:57:49.418Z,deep_scan,20260802011913_1A-4-7-8-17-28C,30,1A,1,7,M28/1,AA5646,1,2
2026-08-02T07:57:49.426Z,deep_scan,20260802011913_1A-4-7-8-17-28C,30,1A,0,1,M108/1,AA7673,0,39
2026-08-02T07:57:49.426Z,deep_scan,20260802011913_1A-4-7-8-17-28C,30,1A,0,4,M27,AA7418,0,37
2026-08-02T07:57:49.426Z,deep_scan,20260802011913_1A-4-7-8-17-28C,30,1A,0,7,M48,AA6701,1,26
2026-08-02T07:57:49.426Z,deep_scan,20260802011913_1A-4-7-8-17-28C,30,1A,0,14,M253,AA7115,0,4
2026-08-02T07:58:19.418Z,deep_scan,20260802011913_1A-4-7-8-17-28C,30,1A,1,0,M252,AA5946,0,17
2026-08-02T07:58:19.418Z,deep_scan,20260802011913_1A-4-7-8-17-28C,30,1A,1,4,M53,AA7468,1,47
2026-08-02T07:58:19.418Z,deep_scan,20260802011913_1A-4-7-8-17-28C,30,1A,1,7,M28/1,AA5646,0,6
2026-08-02T07:58:19.452Z,deep_scan,20260802011913_1A-4-7-8-17-28C,30,1A,0,1,M108/1,AA7673,0,5
2026-08-02T07:58:19.452Z,deep_scan,20260802011913_1A-4-7-8-17-28C,30,1A,0,5,M29,AA7418,1,37
2026-08-02T07:58:19.452Z,deep_scan,20260802011913_1A-4-7-8-17-28C,30,1A,0,7,M48,AA6701,0,21
2026-08-02T07:58:19.452Z,deep_scan,20260802011913_1A-4-7-8-17-28C,30,1A,0,15,M250,AA7115,1,33
2026-08-02T07:58:49.419Z,deep_scan,20260802011913_1A-4-7-8-17-28C,30,1A,0,1,M108/1,AA7673,0,44
2026-08-02T07:58:49.419Z,deep_scan,20260802011913_1A-4-7-8-17-28C,30,1A,0,5,M29,AA7418,1,22
2026-08-02T07:58:49.419Z,deep_scan,20260802011913_1A-4-7-8-17-28C,30,1A,0,7,M48,AA6701,0,44
2026-08-02T07:58:49.419Z,deep_scan,20260802011913_1A-4-7-8-17-28C,30,1A,0,15,M250,AA7115,0,2
2026-08-02T07:58:49.442Z,deep_scan,20260802011913_1A-4-7-8-17-28C,30,1A,1,0,M252,AA5946,0,18
2026-08-02T07:58:49.442Z,deep_scan,20260802011913_1A-4-7-8-17-28C,30,1A,1,4,M53,AA7468,1,7
2026-08-02T07:58:49.442Z,deep_scan,20260802011913_1A-4-7-8-17-28C,30,1A,1,7,M28/1,AA5646,0,22
2026-08-02T07:59:19.480Z,deep_scan,20260802011913_1A-4-7-8-17-28C,30,1A,0,1,M108/1,AA7673,0,21
2026-08-02T07:59:19.480Z,deep_scan,20260802011913_1A-4-7-8-17-28C,30,1A,0,5,M29,AA7418,1,22
2026-08-02T07:59:19.480Z,deep_scan,20260802011913_1A-4-7-8-17-28C,30,1A,0,8,M52,AA6701,1,1
2026-08-02T07:59:19.480Z,deep_scan,20260802011913_1A-4-7-8-17-28C,30,1A,0,16,M252,AA7115,1,0
2026-08-02T07:59:19.491Z,deep_scan,20260802011913_1A-4-7-8-17-28C,30,1A,1,0,M252,AA5946,0,35
2026-08-02T07:59:19.491Z,deep_scan,20260802011913_1A-4-7-8-17-28C,30,1A,1,4,M53,AA7468,0,48
2026-08-02T07:59:19.491Z,deep_scan,20260802011913_1A-4-7-8-17-28C,30,1A,1,7,M28/1,AA5646,0,46
2026-08-02T07:59:49.489Z,deep_scan,20260802011913_1A-4-7-8-17-28C,30,1A,0,1,M108/1,AA7673,0,19
2026-08-02T07:59:49.489Z,deep_scan,20260802011913_1A-4-7-8-17-28C,30,1A,0,5,M29,AA7418,0,9
2026-08-02T07:59:49.489Z,deep_scan,20260802011913_1A-4-7-8-17-28C,30,1A,0,8,M52,AA6701,0,36
2026-08-02T07:59:49.489Z,deep_scan,20260802011913_1A-4-7-8-17-28C,30,1A,0,16,M252,AA7115,1,0
2026-08-02T07:59:49.503Z,deep_scan,20260802011913_1A-4-7-8-17-28C,30,1A,1,1,M161,AA5946,1,4
2026-08-02T07:59:49.503Z,deep_scan,20260802011913_1A-4-7-8-17-28C,30,1A,1,4,M53,AA7468,0,12
2026-08-02T07:59:49.503Z,deep_scan,20260802011913_1A-4-7-8-17-28C,30,1A,1,7,M28/1,AA5646,0,1
2026-08-02T08:00:19.495Z,deep_scan,20260802011913_1A-4-7-8-17-28C,30,1A,0,1,M108/1,AA7673,0,15
2026-08-02T08:00:19.495Z,deep_scan,20260802011913_1A-4-7-8-17-28C,30,1A,0,6,M36,AA7418,1,29
2026-08-02T08:00:19.495Z,deep_scan,20260802011913_1A-4-7-8-17-28C,30,1A,0,8,M52,AA6701,0,44
2026-08-02T08:00:19.495Z,deep_scan,20260802011913_1A-4-7-8-17-28C,30,1A,0,16,M252,AA7115,1,0
2026-08-02T08:00:19.520Z,deep_scan,20260802011913_1A-4-7-8-17-28C,30,1A,1,1,M161,AA5946,1,8
2026-08-02T08:00:19.520Z,deep_scan,20260802011913_1A-4-7-8-17-28C,30,1A,1,4,M53,AA7468,0,19
2026-08-02T08:00:19.520Z,deep_scan,20260802011913_1A-4-7-8-17-28C,30,1A,1,8,M11,AA5646,1,17
2026-08-02T08:00:49.489Z,deep_scan,20260802011913_1A-4-7-8-17-28C,30,1A,1,2,M70,AA5946,1,13
2026-08-02T08:00:49.489Z,deep_scan,20260802011913_1A-4-7-8-17-28C,30,1A,1,5,M49,AA7468,1,22
2026-08-02T08:00:49.489Z,deep_scan,20260802011913_1A-4-7-8-17-28C,30,1A,1,8,M11,AA5646,0,11
2026-08-02T08:00:49.507Z,deep_scan,20260802011913_1A-4-7-8-17-28C,30,1A,0,2,M26/1,AA7673,1,11
2026-08-02T08:00:49.507Z,deep_scan,20260802011913_1A-4-7-8-17-28C,30,1A,0,6,M36,AA7418,1,23
2026-08-02T08:00:49.507Z,deep_scan,20260802011913_1A-4-7-8-17-28C,30,1A,0,8,M52,AA6701,0,46
2026-08-02T08:00:49.507Z,deep_scan,20260802011913_1A-4-7-8-17-28C,30,1A,0,16,M252,AA7115,1,0
2026-08-02T08:01:19.476Z,deep_scan,20260802011913_1A-4-7-8-17-28C,30,1A,1,2,M70,AA5946,1,7
2026-08-02T08:01:19.476Z,deep_scan,20260802011913_1A-4-7-8-17-28C,30,1A,1,5,M49,AA7468,1,1
2026-08-02T08:01:19.476Z,deep_scan,20260802011913_1A-4-7-8-17-28C,30,1A,1,9,M12,AA5646,1,6
2026-08-02T08:01:19.500Z,deep_scan,20260802011913_1A-4-7-8-17-28C,30,1A,0,2,M26/1,AA7673,1,11
2026-08-02T08:01:19.500Z,deep_scan,20260802011913_1A-4-7-8-17-28C,30,1A,0,7,M48,AA7418,1,23
2026-08-02T08:01:19.500Z,deep_scan,20260802011913_1A-4-7-8-17-28C,30,1A,0,8,M52,AA6701,0,5
2026-08-02T08:01:19.500Z,deep_scan,20260802011913_1A-4-7-8-17-28C,30,1A,0,16,M252,AA7115,1,0
2026-08-02T08:01:49.520Z,deep_scan,20260802011913_1A-4-7-8-17-28C,30,1A,1,3,M118,AA5946,1,22
2026-08-02T08:01:49.520Z,deep_scan,20260802011913_1A-4-7-8-17-28C,30,1A,1,5,M49,AA7468,0,1
2026-08-02T08:01:49.520Z,deep_scan,20260802011913_1A-4-7-8-17-28C,30,1A,1,9,M12,AA5646,1,4
2026-08-02T08:01:49.531Z,deep_scan,20260802011913_1A-4-7-8-17-28C,30,1A,0,2,M26/1,AA7673,1,11
2026-08-02T08:01:49.531Z,deep_scan,20260802011913_1A-4-7-8-17-28C,30,1A,0,7,M48,AA7418,0,23
2026-08-02T08:01:49.531Z,deep_scan,20260802011913_1A-4-7-8-17-28C,30,1A,0,8,M52,AA6701,0,36
2026-08-02T08:01:49.531Z,deep_scan,20260802011913_1A-4-7-8-17-28C,30,1A,0,16,M252,AA7115,1,0
2026-08-02T08:02:19.504Z,deep_scan,20260802011913_1A-4-7-8-17-28C,30,1A,1,3,M118,AA5946,1,25
2026-08-02T08:02:19.504Z,deep_scan,20260802011913_1A-4-7-8-17-28C,30,1A,1,5,M49,AA7468,0,41
2026-08-02T08:02:19.504Z,deep_scan,20260802011913_1A-4-7-8-17-28C,30,1A,1,9,M12,AA5646,1,11
2026-08-02T08:02:19.511Z,deep_scan,20260802011913_1A-4-7-8-17-28C,30,1A,0,2,M26/1,AA7673,0,10
2026-08-02T08:02:19.511Z,deep_scan,20260802011913_1A-4-7-8-17-28C,30,1A,0,7,M48,AA7418,0,23
2026-08-02T08:02:19.511Z,deep_scan,20260802011913_1A-4-7-8-17-28C,30,1A,0,9,M239/1,AA6701,1,18
2026-08-02T08:02:19.511Z,deep_scan,20260802011913_1A-4-7-8-17-28C,30,1A,0,16,M252,AA7115,1,0
2026-08-02T08:02:49.511Z,deep_scan,20260802011913_1A-4-7-8-17-28C,30,1A,1,3,M118,AA5946,1,17
2026-08-02T08:02:49.511Z,deep_scan,20260802011913_1A-4-7-8-17-28C,30,1A,1,5,M49,AA7468,0,15
2026-08-02T08:02:49.511Z,deep_scan,20260802011913_1A-4-7-8-17-28C,30,1A,1,9,M12,AA5646,0,14
2026-08-02T08:02:49.519Z,deep_scan,20260802011913_1A-4-7-8-17-28C,30,1A,0,2,M26/1,AA7673,0,32
2026-08-02T08:02:49.519Z,deep_scan,20260802011913_1A-4-7-8-17-28C,30,1A,0,7,M48,AA7418,0,11
2026-08-02T08:02:49.519Z,deep_scan,20260802011913_1A-4-7-8-17-28C,30,1A,0,9,M239/1,AA6701,1,11
2026-08-02T08:02:49.519Z,deep_scan,20260802011913_1A-4-7-8-17-28C,30,1A,0,16,M252,AA7115,1,0
2026-08-02T08:03:19.545Z,deep_scan,20260802011913_1A-4-7-8-17-28C,30,1A,0,2,M26/1,AA7673,0,1
2026-08-02T08:03:19.545Z,deep_scan,20260802011913_1A-4-7-8-17-28C,30,1A,0,7,M48,AA7418,0,19
2026-08-02T08:03:19.545Z,deep_scan,20260802011913_1A-4-7-8-17-28C,30,1A,0,9,M239/1,AA6701,0,36
2026-08-02T08:03:19.545Z,deep_scan,20260802011913_1A-4-7-8-17-28C,30,1A,0,16,M252,AA7115,1,0
2026-08-02T08:03:19.556Z,deep_scan,20260802011913_1A-4-7-8-17-28C,30,1A,1,3,M118,AA5946,1,17
2026-08-02T08:03:19.556Z,deep_scan,20260802011913_1A-4-7-8-17-28C,30,1A,1,5,M49,AA7468,0,2
2026-08-02T08:03:19.556Z,deep_scan,20260802011913_1A-4-7-8-17-28C,30,1A,1,9,M12,AA5646,0,14
2026-08-02T08:03:49.562Z,deep_scan,20260802011913_1A-4-7-8-17-28C,30,1A,0,2,M26/1,AA7673,0,23
2026-08-02T08:03:49.562Z,deep_scan,20260802011913_1A-4-7-8-17-28C,30,1A,0,7,M48,AA7418,0,35
2026-08-02T08:03:49.562Z,deep_scan,20260802011913_1A-4-7-8-17-28C,30,1A,0,10,M254,AA6701,1,32
2026-08-02T08:03:49.568Z,deep_scan,20260802011913_1A-4-7-8-17-28C,30,1A,1,3,M118,AA5946,0,22
2026-08-02T08:03:49.568Z,deep_scan,20260802011913_1A-4-7-8-17-28C,30,1A,1,5,M49,AA7468,0,3
2026-08-02T08:03:49.568Z,deep_scan,20260802011913_1A-4-7-8-17-28C,30,1A,1,9,M12,AA5646,0,14
2026-08-02T08:04:19.470Z,deep_scan,20260802011913_1A-4-7-8-17-28C,30,1A,0,2,M26/1,AA7673,0,34
2026-08-02T08:04:19.470Z,deep_scan,20260802011913_1A-4-7-8-17-28C,30,1A,0,8,M52,AA7418,1,47
2026-08-02T08:04:19.470Z,deep_scan,20260802011913_1A-4-7-8-17-28C,30,1A,0,10,M254,AA6701,0,28
2026-08-02T08:04:19.576Z,deep_scan,20260802011913_1A-4-7-8-17-28C,30,1A,1,3,M118,AA5946,0,33
2026-08-02T08:04:19.576Z,deep_scan,20260802011913_1A-4-7-8-17-28C,30,1A,1,5,M49,AA7468,0,3
2026-08-02T08:04:19.576Z,deep_scan,20260802011913_1A-4-7-8-17-28C,30,1A,1,10,M21/1,AA5646,1,24
2026-08-02T08:04:49.554Z,deep_scan,20260802011913_1A-4-7-8-17-28C,30,1A,0,0,M120/2,AA5407,0,24
2026-08-02T08:04:49.554Z,deep_scan,20260802011913_1A-4-7-8-17-28C,30,1A,0,3,M10,AA7673,1,2
2026-08-02T08:04:49.554Z,deep_scan,20260802011913_1A-4-7-8-17-28C,30,1A,0,8,M52,AA7418,0,19
2026-08-02T08:04:49.554Z,deep_scan,20260802011913_1A-4-7-8-17-28C,30,1A,0,11,M241,AA6701,1,16
2026-08-02T08:04:49.586Z,deep_scan,20260802011913_1A-4-7-8-17-28C,30,1A,1,3,M118,AA5946,0,29
2026-08-02T08:04:49.586Z,deep_scan,20260802011913_1A-4-7-8-17-28C,30,1A,1,6,M35/1,AA7468,0,32
2026-08-02T08:04:49.586Z,deep_scan,20260802011913_1A-4-7-8-17-28C,30,1A,1,10,M21/1,AA5646,1,11
2026-08-02T08:05:19.567Z,deep_scan,20260802011913_1A-4-7-8-17-28C,30,1A,1,0,M252,AA7115,1,12
2026-08-02T08:05:19.567Z,deep_scan,20260802011913_1A-4-7-8-17-28C,30,1A,1,3,M118,AA5946,0,32
2026-08-02T08:05:19.567Z,deep_scan,20260802011913_1A-4-7-8-17-28C,30,1A,1,6,M35/1,AA7468,0,6
2026-08-02T08:05:19.567Z,deep_scan,20260802011913_1A-4-7-8-17-28C,30,1A,1,10,M21/1,AA5646,1,11
2026-08-02T08:05:19.572Z,deep_scan,20260802011913_1A-4-7-8-17-28C,30,1A,0,0,M120/2,AA5407,0,24
2026-08-02T08:05:19.572Z,deep_scan,20260802011913_1A-4-7-8-17-28C,30,1A,0,3,M10,AA7673,1,9
2026-08-02T08:05:19.572Z,deep_scan,20260802011913_1A-4-7-8-17-28C,30,1A,0,8,M52,AA7418,0,28
2026-08-02T08:05:19.572Z,deep_scan,20260802011913_1A-4-7-8-17-28C,30,1A,0,11,M241,AA6701,0,28
2026-08-02T08:05:49.545Z,deep_scan,20260802011913_1A-4-7-8-17-28C,30,1A,0,0,M120/2,AA5407,0,17
2026-08-02T08:05:49.545Z,deep_scan,20260802011913_1A-4-7-8-17-28C,30,1A,0,3,M10,AA7673,1,13
2026-08-02T08:05:49.545Z,deep_scan,20260802011913_1A-4-7-8-17-28C,30,1A,0,8,M52,AA7418,0,45
2026-08-02T08:05:49.545Z,deep_scan,20260802011913_1A-4-7-8-17-28C,30,1A,0,13,M156,AA6701,1,47
2026-08-02T08:05:49.555Z,deep_scan,20260802011913_1A-4-7-8-17-28C,30,1A,1,0,M252,AA7115,0,24
2026-08-02T08:05:49.555Z,deep_scan,20260802011913_1A-4-7-8-17-28C,30,1A,1,3,M118,AA5946,0,36
2026-08-02T08:05:49.555Z,deep_scan,20260802011913_1A-4-7-8-17-28C,30,1A,1,6,M35/1,AA7468,0,2
2026-08-02T08:05:49.555Z,deep_scan,20260802011913_1A-4-7-8-17-28C,30,1A,1,10,M21/1,AA5646,0,19
2026-08-02T08:06:19.575Z,deep_scan,20260802011913_1A-4-7-8-17-28C,30,1A,1,0,M252,AA7115,0,32
2026-08-02T08:06:19.575Z,deep_scan,20260802011913_1A-4-7-8-17-28C,30,1A,1,3,M118,AA5946,0,45
2026-08-02T08:06:19.575Z,deep_scan,20260802011913_1A-4-7-8-17-28C,30,1A,1,7,M28/1,AA7468,1,9
2026-08-02T08:06:19.575Z,deep_scan,20260802011913_1A-4-7-8-17-28C,30,1A,1,10,M21/1,AA5646,0,7
2026-08-02T08:06:19.627Z,deep_scan,20260802011913_1A-4-7-8-17-28C,30,1A,0,1,M108/1,AA5407,1,19
2026-08-02T08:06:19.627Z,deep_scan,20260802011913_1A-4-7-8-17-28C,30,1A,0,3,M10,AA7673,0,10
2026-08-02T08:06:19.627Z,deep_scan,20260802011913_1A-4-7-8-17-28C,30,1A,0,8,M52,AA7418,0,22
2026-08-02T08:06:19.627Z,deep_scan,20260802011913_1A-4-7-8-17-28C,30,1A,0,13,M156,AA6701,0,10
2026-08-02T08:06:49.583Z,deep_scan,20260802011913_1A-4-7-8-17-28C,30,1A,1,0,M252,AA7115,0,1
2026-08-02T08:06:49.583Z,deep_scan,20260802011913_1A-4-7-8-17-28C,30,1A,1,4,M53,AA5946,1,37
2026-08-02T08:06:49.583Z,deep_scan,20260802011913_1A-4-7-8-17-28C,30,1A,1,7,M28/1,AA7468,1,3
2026-08-02T08:06:49.583Z,deep_scan,20260802011913_1A-4-7-8-17-28C,30,1A,1,10,M21/1,AA5646,0,7
2026-08-02T08:06:49.587Z,deep_scan,20260802011913_1A-4-7-8-17-28C,30,1A,0,1,M108/1,AA5407,1,14
2026-08-02T08:06:49.587Z,deep_scan,20260802011913_1A-4-7-8-17-28C,30,1A,0,3,M10,AA7673,0,15
2026-08-02T08:06:49.587Z,deep_scan,20260802011913_1A-4-7-8-17-28C,30,1A,0,9,M239/1,AA7418,1,42
2026-08-02T08:06:49.587Z,deep_scan,20260802011913_1A-4-7-8-17-28C,30,1A,0,13,M156,AA6701,0,29
2026-08-02T08:07:19.588Z,deep_scan,20260802011913_1A-4-7-8-17-28C,30,1A,0,1,M108/1,AA5407,0,13
2026-08-02T08:07:19.588Z,deep_scan,20260802011913_1A-4-7-8-17-28C,30,1A,0,3,M10,AA7673,0,6
2026-08-02T08:07:19.588Z,deep_scan,20260802011913_1A-4-7-8-17-28C,30,1A,0,9,M239/1,AA7418,1,12
2026-08-02T08:07:19.588Z,deep_scan,20260802011913_1A-4-7-8-17-28C,30,1A,0,14,M253,AA6701,1,27
2026-08-02T08:07:19.628Z,deep_scan,20260802011913_1A-4-7-8-17-28C,30,1A,1,0,M252,AA7115,0,17
2026-08-02T08:07:19.628Z,deep_scan,20260802011913_1A-4-7-8-17-28C,30,1A,1,4,M53,AA5946,1,17
2026-08-02T08:07:19.628Z,deep_scan,20260802011913_1A-4-7-8-17-28C,30,1A,1,7,M28/1,AA7468,1,9
2026-08-02T08:07:19.628Z,deep_scan,20260802011913_1A-4-7-8-17-28C,30,1A,1,10,M21/1,AA5646,0,7
2026-08-02T08:07:49.571Z,deep_scan,20260802011913_1A-4-7-8-17-28C,30,1A,1,1,M161,AA7115,1,2
2026-08-02T08:07:49.571Z,deep_scan,20260802011913_1A-4-7-8-17-28C,30,1A,1,4,M53,AA5946,0,37
2026-08-02T08:07:49.571Z,deep_scan,20260802011913_1A-4-7-8-17-28C,30,1A,1,7,M28/1,AA7468,0,8
2026-08-02T08:07:49.571Z,deep_scan,20260802011913_1A-4-7-8-17-28C,30,1A,1,10,M21/1,AA5646,0,35
2026-08-02T08:07:49.585Z,deep_scan,20260802011913_1A-4-7-8-17-28C,30,1A,0,1,M108/1,AA5407,0,27
2026-08-02T08:07:49.585Z,deep_scan,20260802011913_1A-4-7-8-17-28C,30,1A,0,3,M10,AA7673,0,6
2026-08-02T08:07:49.585Z,deep_scan,20260802011913_1A-4-7-8-17-28C,30,1A,0,9,M239/1,AA7418,1,4
2026-08-02T08:07:49.585Z,deep_scan,20260802011913_1A-4-7-8-17-28C,30,1A,0,14,M253,AA6701,0,6
2026-08-02T08:08:19.681Z,deep_scan,20260802011913_1A-4-7-8-17-28C,30,1A,0,1,M108/1,AA5407,0,22
2026-08-02T08:08:19.681Z,deep_scan,20260802011913_1A-4-7-8-17-28C,30,1A,0,4,M27,AA7673,1,9
2026-08-02T08:08:19.681Z,deep_scan,20260802011913_1A-4-7-8-17-28C,30,1A,0,10,M254,AA7418,1,45
2026-08-02T08:08:19.681Z,deep_scan,20260802011913_1A-4-7-8-17-28C,30,1A,0,15,M250,AA6701,1,38
2026-08-02T08:08:19.711Z,deep_scan,20260802011913_1A-4-7-8-17-28C,30,1A,1,1,M161,AA7115,1,1
2026-08-02T08:08:19.711Z,deep_scan,20260802011913_1A-4-7-8-17-28C,30,1A,1,4,M53,AA5946,0,23
2026-08-02T08:08:19.711Z,deep_scan,20260802011913_1A-4-7-8-17-28C,30,1A,1,7,M28/1,AA7468,0,14
2026-08-02T08:08:19.711Z,deep_scan,20260802011913_1A-4-7-8-17-28C,30,1A,1,10,M21/1,AA5646,0,18
2026-08-02T08:08:49.572Z,deep_scan,20260802011913_1A-4-7-8-17-28C,30,1A,1,1,M161,AA7115,0,11
2026-08-02T08:08:49.572Z,deep_scan,20260802011913_1A-4-7-8-17-28C,30,1A,1,5,M49,AA5946,1,11
2026-08-02T08:08:49.572Z,deep_scan,20260802011913_1A-4-7-8-17-28C,30,1A,1,7,M28/1,AA7468,0,29
2026-08-02T08:08:49.572Z,deep_scan,20260802011913_1A-4-7-8-17-28C,30,1A,1,10,M21/1,AA5646,0,23
2026-08-02T08:08:49.594Z,deep_scan,20260802011913_1A-4-7-8-17-28C,30,1A,0,1,M108/1,AA5407,0,45
2026-08-02T08:08:49.594Z,deep_scan,20260802011913_1A-4-7-8-17-28C,30,1A,0,4,M27,AA7673,0,31
2026-08-02T08:08:49.594Z,deep_scan,20260802011913_1A-4-7-8-17-28C,30,1A,0,10,M254,AA7418,1,13
2026-08-02T08:08:49.594Z,deep_scan,20260802011913_1A-4-7-8-17-28C,30,1A,0,15,M250,AA6701,1,7
2026-08-02T08:09:19.631Z,deep_scan,20260802011913_1A-4-7-8-17-28C,30,1A,0,1,M108/1,AA5407,0,17
2026-08-02T08:09:19.631Z,deep_scan,20260802011913_1A-4-7-8-17-28C,30,1A,0,4,M27,AA7673,0,20
2026-08-02T08:09:19.631Z,deep_scan,20260802011913_1A-4-7-8-17-28C,30,1A,0,10,M254,AA7418,0,35
2026-08-02T08:09:19.631Z,deep_scan,20260802011913_1A-4-7-8-17-28C,30,1A,0,15,M250,AA6701,0,34
2026-08-02T08:09:19.668Z,deep_scan,20260802011913_1A-4-7-8-17-28C,30,1A,1,2,M70,AA7115,1,12
2026-08-02T08:09:19.668Z,deep_scan,20260802011913_1A-4-7-8-17-28C,30,1A,1,5,M49,AA5946,0,24
2026-08-02T08:09:19.668Z,deep_scan,20260802011913_1A-4-7-8-17-28C,30,1A,1,7,M28/1,AA7468,0,26
2026-08-02T08:09:19.668Z,deep_scan,20260802011913_1A-4-7-8-17-28C,30,1A,1,10,M21/1,AA5646,0,28
2026-08-02T08:09:49.607Z,deep_scan,20260802011913_1A-4-7-8-17-28C,30,1A,0,1,M108/1,AA5407,0,21
2026-08-02T08:09:49.607Z,deep_scan,20260802011913_1A-4-7-8-17-28C,30,1A,0,4,M27,AA7673,0,20
2026-08-02T08:09:49.607Z,deep_scan,20260802011913_1A-4-7-8-17-28C,30,1A,0,10,M254,AA7418,0,11
2026-08-02T08:09:49.607Z,deep_scan,20260802011913_1A-4-7-8-17-28C,30,1A,0,16,M252,AA6701,1,0
2026-08-02T08:09:49.646Z,deep_scan,20260802011913_1A-4-7-8-17-28C,30,1A,1,2,M70,AA7115,0,20
2026-08-02T08:09:49.646Z,deep_scan,20260802011913_1A-4-7-8-17-28C,30,1A,1,5,M49,AA5946,0,11
2026-08-02T08:09:49.646Z,deep_scan,20260802011913_1A-4-7-8-17-28C,30,1A,1,7,M28/1,AA7468,0,13
2026-08-02T08:09:49.646Z,deep_scan,20260802011913_1A-4-7-8-17-28C,30,1A,1,11,M120/2,AA5646,1,0
2026-08-02T08:10:19.640Z,deep_scan,20260802011913_1A-4-7-8-17-28C,30,1A,1,3,M118,AA7115,1,2
2026-08-02T08:10:19.640Z,deep_scan,20260802011913_1A-4-7-8-17-28C,30,1A,1,5,M49,AA5946,0,1
2026-08-02T08:10:19.640Z,deep_scan,20260802011913_1A-4-7-8-17-28C,30,1A,1,7,M28/1,AA7468,0,13
2026-08-02T08:10:19.640Z,deep_scan,20260802011913_1A-4-7-8-17-28C,30,1A,1,11,M120/2,AA5646,1,0
2026-08-02T08:10:19.648Z,deep_scan,20260802011913_1A-4-7-8-17-28C,30,1A,0,1,M108/1,AA5407,0,21
2026-08-02T08:10:19.648Z,deep_scan,20260802011913_1A-4-7-8-17-28C,30,1A,0,5,M29,AA7673,1,7
2026-08-02T08:10:19.648Z,deep_scan,20260802011913_1A-4-7-8-17-28C,30,1A,0,11,M241,AA7418,1,5
2026-08-02T08:10:19.648Z,deep_scan,20260802011913_1A-4-7-8-17-28C,30,1A,0,16,M252,AA6701,1,0
2026-08-02T08:10:49.628Z,deep_scan,20260802011913_1A-4-7-8-17-28C,30,1A,0,2,M26/1,AA5407,1,14
2026-08-02T08:10:49.628Z,deep_scan,20260802011913_1A-4-7-8-17-28C,30,1A,0,5,M29,AA7673,1,7
2026-08-02T08:10:49.628Z,deep_scan,20260802011913_1A-4-7-8-17-28C,30,1A,0,11,M241,AA7418,0,2
2026-08-02T08:10:49.628Z,deep_scan,20260802011913_1A-4-7-8-17-28C,30,1A,0,16,M252,AA6701,1,0
2026-08-02T08:10:49.633Z,deep_scan,20260802011913_1A-4-7-8-17-28C,30,1A,1,3,M118,AA7115,1,8
2026-08-02T08:10:49.633Z,deep_scan,20260802011913_1A-4-7-8-17-28C,30,1A,1,6,M35/1,AA5946,1,8
2026-08-02T08:10:49.633Z,deep_scan,20260802011913_1A-4-7-8-17-28C,30,1A,1,8,M11,AA7468,1,10
2026-08-02T08:10:49.633Z,deep_scan,20260802011913_1A-4-7-8-17-28C,30,1A,1,11,M120/2,AA5646,1,0
2026-08-02T08:11:19.625Z,deep_scan,20260802011913_1A-4-7-8-17-28C,30,1A,0,2,M26/1,AA5407,1,8
2026-08-02T08:11:19.625Z,deep_scan,20260802011913_1A-4-7-8-17-28C,30,1A,0,5,M29,AA7673,0,23
2026-08-02T08:11:19.625Z,deep_scan,20260802011913_1A-4-7-8-17-28C,30,1A,0,12,M71,AA7418,1,23
2026-08-02T08:11:19.625Z,deep_scan,20260802011913_1A-4-7-8-17-28C,30,1A,0,16,M252,AA6701,1,0
2026-08-02T08:11:19.633Z,deep_scan,20260802011913_1A-4-7-8-17-28C,30,1A,1,3,M118,AA7115,0,8
2026-08-02T08:11:19.633Z,deep_scan,20260802011913_1A-4-7-8-17-28C,30,1A,1,6,M35/1,AA5946,1,8
2026-08-02T08:11:19.633Z,deep_scan,20260802011913_1A-4-7-8-17-28C,30,1A,1,8,M11,AA7468,0,27
2026-08-02T08:11:19.633Z,deep_scan,20260802011913_1A-4-7-8-17-28C,30,1A,1,11,M120/2,AA5646,1,0
2026-08-02T08:11:49.666Z,deep_scan,20260802011913_1A-4-7-8-17-28C,30,1A,0,2,M26/1,AA5407,1,8
2026-08-02T08:11:49.666Z,deep_scan,20260802011913_1A-4-7-8-17-28C,30,1A,0,5,M29,AA7673,0,20
2026-08-02T08:11:49.666Z,deep_scan,20260802011913_1A-4-7-8-17-28C,30,1A,0,12,M71,AA7418,0,13
2026-08-02T08:11:49.666Z,deep_scan,20260802011913_1A-4-7-8-17-28C,30,1A,0,16,M252,AA6701,1,0
2026-08-02T08:11:49.711Z,deep_scan,20260802011913_1A-4-7-8-17-28C,30,1A,1,3,M118,AA7115,0,29
2026-08-02T08:11:49.711Z,deep_scan,20260802011913_1A-4-7-8-17-28C,30,1A,1,6,M35/1,AA5946,0,28
2026-08-02T08:11:49.711Z,deep_scan,20260802011913_1A-4-7-8-17-28C,30,1A,1,8,M11,AA7468,0,27
2026-08-02T08:11:49.711Z,deep_scan,20260802011913_1A-4-7-8-17-28C,30,1A,1,11,M120/2,AA5646,1,0
2026-08-02T08:12:19.659Z,deep_scan,20260802011913_1A-4-7-8-17-28C,30,1A,0,2,M26/1,AA5407,0,5
2026-08-02T08:12:19.659Z,deep_scan,20260802011913_1A-4-7-8-17-28C,30,1A,0,6,M36,AA7673,1,13
2026-08-02T08:12:19.659Z,deep_scan,20260802011913_1A-4-7-8-17-28C,30,1A,0,13,M156,AA7418,0,11
2026-08-02T08:12:19.659Z,deep_scan,20260802011913_1A-4-7-8-17-28C,30,1A,0,16,M252,AA6701,1,0
2026-08-02T08:12:19.674Z,deep_scan,20260802011913_1A-4-7-8-17-28C,30,1A,1,3,M118,AA7115,0,34
2026-08-02T08:12:19.674Z,deep_scan,20260802011913_1A-4-7-8-17-28C,30,1A,1,6,M35/1,AA5946,0,19
2026-08-02T08:12:19.674Z,deep_scan,20260802011913_1A-4-7-8-17-28C,30,1A,1,9,M12,AA7468,1,45
2026-08-02T08:12:19.674Z,deep_scan,20260802011913_1A-4-7-8-17-28C,30,1A,1,11,M120/2,AA5646,1,0
2026-08-02T08:12:49.633Z,deep_scan,20260802011913_1A-4-7-8-17-28C,30,1A,1,3,M118,AA7115,0,20
2026-08-02T08:12:49.633Z,deep_scan,20260802011913_1A-4-7-8-17-28C,30,1A,1,7,M28/1,AA5946,1,19
2026-08-02T08:12:49.633Z,deep_scan,20260802011913_1A-4-7-8-17-28C,30,1A,1,9,M12,AA7468,1,45
2026-08-02T08:12:49.633Z,deep_scan,20260802011913_1A-4-7-8-17-28C,30,1A,1,11,M120/2,AA5646,1,0
2026-08-02T08:12:49.746Z,deep_scan,20260802011913_1A-4-7-8-17-28C,30,1A,0,2,M26/1,AA5407,0,5
2026-08-02T08:12:49.746Z,deep_scan,20260802011913_1A-4-7-8-17-28C,30,1A,0,6,M36,AA7673,0,1
2026-08-02T08:12:49.746Z,deep_scan,20260802011913_1A-4-7-8-17-28C,30,1A,0,14,M253,AA7418,1,11
2026-08-02T08:12:49.746Z,deep_scan,20260802011913_1A-4-7-8-17-28C,30,1A,0,16,M252,AA6701,1,0
2026-08-02T08:13:19.690Z,deep_scan,20260802011913_1A-4-7-8-17-28C,30,1A,0,2,M26/1,AA5407,0,8
2026-08-02T08:13:19.690Z,deep_scan,20260802011913_1A-4-7-8-17-28C,30,1A,0,6,M36,AA7673,0,2
2026-08-02T08:13:19.690Z,deep_scan,20260802011913_1A-4-7-8-17-28C,30,1A,0,14,M253,AA7418,0,26
2026-08-02T08:13:19.690Z,deep_scan,20260802011913_1A-4-7-8-17-28C,30,1A,0,16,M252,AA6701,1,0
2026-08-02T08:13:19.705Z,deep_scan,20260802011913_1A-4-7-8-17-28C,30,1A,1,3,M118,AA7115,0,41
2026-08-02T08:13:19.705Z,deep_scan,20260802011913_1A-4-7-8-17-28C,30,1A,1,7,M28/1,AA5946,1,13
2026-08-02T08:13:19.705Z,deep_scan,20260802011913_1A-4-7-8-17-28C,30,1A,1,9,M12,AA7468,0,1
2026-08-02T08:13:19.705Z,deep_scan,20260802011913_1A-4-7-8-17-28C,30,1A,1,11,M120/2,AA5646,1,0
2026-08-02T08:13:49.648Z,deep_scan,20260802011913_1A-4-7-8-17-28C,30,1A,1,3,M118,AA7115,0,43
2026-08-02T08:13:49.648Z,deep_scan,20260802011913_1A-4-7-8-17-28C,30,1A,1,7,M28/1,AA5946,1,6
2026-08-02T08:13:49.648Z,deep_scan,20260802011913_1A-4-7-8-17-28C,30,1A,1,9,M12,AA7468,0,14
2026-08-02T08:13:49.648Z,deep_scan,20260802011913_1A-4-7-8-17-28C,30,1A,1,11,M120/2,AA5646,1,0
2026-08-02T08:13:49.681Z,deep_scan,20260802011913_1A-4-7-8-17-28C,30,1A,0,2,M26/1,AA5407,0,9
2026-08-02T08:13:49.681Z,deep_scan,20260802011913_1A-4-7-8-17-28C,30,1A,0,6,M36,AA7673,0,2
2026-08-02T08:13:49.681Z,deep_scan,20260802011913_1A-4-7-8-17-28C,30,1A,0,15,M250,AA7418,1,1
2026-08-02T08:13:49.681Z,deep_scan,20260802011913_1A-4-7-8-17-28C,30,1A,0,16,M252,AA6701,1,0
2026-08-02T08:14:19.669Z,deep_scan,20260802011913_1A-4-7-8-17-28C,30,1A,1,0,M252,AA6701,1,17
2026-08-02T08:14:19.669Z,deep_scan,20260802011913_1A-4-7-8-17-28C,30,1A,1,4,M53,AA7115,1,40
2026-08-02T08:14:19.669Z,deep_scan,20260802011913_1A-4-7-8-17-28C,30,1A,1,7,M28/1,AA5946,0,19
2026-08-02T08:14:19.669Z,deep_scan,20260802011913_1A-4-7-8-17-28C,30,1A,1,9,M12,AA7468,0,14
2026-08-02T08:14:19.718Z,deep_scan,20260802011913_1A-4-7-8-17-28C,30,1A,0,0,M120/2,AA5646,1,28
2026-08-02T08:14:19.718Z,deep_scan,20260802011913_1A-4-7-8-17-28C,30,1A,0,2,M26/1,AA5407,0,13
2026-08-02T08:14:19.718Z,deep_scan,20260802011913_1A-4-7-8-17-28C,30,1A,0,6,M36,AA7673,0,29
2026-08-02T08:14:19.718Z,deep_scan,20260802011913_1A-4-7-8-17-28C,30,1A,0,15,M250,AA7418,1,42
2026-08-02T08:14:49.687Z,deep_scan,20260802011913_1A-4-7-8-17-28C,30,1A,1,0,M252,AA6701,0,49
2026-08-02T08:14:49.687Z,deep_scan,20260802011913_1A-4-7-8-17-28C,30,1A,1,4,M53,AA7115,1,10
2026-08-02T08:14:49.687Z,deep_scan,20260802011913_1A-4-7-8-17-28C,30,1A,1,7,M28/1,AA5946,0,10
2026-08-02T08:14:49.687Z,deep_scan,20260802011913_1A-4-7-8-17-28C,30,1A,1,9,M12,AA7468,0,14
2026-08-02T08:14:49.719Z,deep_scan,20260802011913_1A-4-7-8-17-28C,30,1A,0,0,M120/2,AA5646,0,28
2026-08-02T08:14:49.719Z,deep_scan,20260802011913_1A-4-7-8-17-28C,30,1A,0,3,M10,AA5407,1,27
2026-08-02T08:14:49.719Z,deep_scan,20260802011913_1A-4-7-8-17-28C,30,1A,0,7,M48,AA7673,1,24
2026-08-02T08:14:49.719Z,deep_scan,20260802011913_1A-4-7-8-17-28C,30,1A,0,15,M250,AA7418,1,4
2026-08-02T08:15:19.756Z,deep_scan,20260802011913_1A-4-7-8-17-28C,30,1A,0,0,M120/2,AA5646,0,34
2026-08-02T08:15:19.756Z,deep_scan,20260802011913_1A-4-7-8-17-28C,30,1A,0,3,M10,AA5407,1,1
2026-08-02T08:15:19.756Z,deep_scan,20260802011913_1A-4-7-8-17-28C,30,1A,0,7,M48,AA7673,1,13
2026-08-02T08:15:19.756Z,deep_scan,20260802011913_1A-4-7-8-17-28C,30,1A,0,15,M250,AA7418,0,3
2026-08-02T08:15:19.787Z,deep_scan,20260802011913_1A-4-7-8-17-28C,30,1A,1,0,M252,AA6701,0,8
2026-08-02T08:15:19.787Z,deep_scan,20260802011913_1A-4-7-8-17-28C,30,1A,1,4,M53,AA7115,1,14
2026-08-02T08:15:19.787Z,deep_scan,20260802011913_1A-4-7-8-17-28C,30,1A,1,7,M28/1,AA5946,0,8
2026-08-02T08:15:19.787Z,deep_scan,20260802011913_1A-4-7-8-17-28C,30,1A,1,9,M12,AA7468,0,14
2026-08-02T08:15:49.687Z,deep_scan,20260802011913_1A-4-7-8-17-28C,30,1A,0,0,M120/2,AA5646,0,5
2026-08-02T08:15:49.687Z,deep_scan,20260802011913_1A-4-7-8-17-28C,30,1A,0,3,M10,AA5407,0,14
2026-08-02T08:15:49.687Z,deep_scan,20260802011913_1A-4-7-8-17-28C,30,1A,0,7,M48,AA7673,0,41
2026-08-02T08:15:49.687Z,deep_scan,20260802011913_1A-4-7-8-17-28C,30,1A,0,16,M252,AA7418,1,0
2026-08-02T08:15:49.729Z,deep_scan,20260802011913_1A-4-7-8-17-28C,30,1A,1,1,M161,AA6701,1,24
2026-08-02T08:15:49.729Z,deep_scan,20260802011913_1A-4-7-8-17-28C,30,1A,1,4,M53,AA7115,0,39
2026-08-02T08:15:49.729Z,deep_scan,20260802011913_1A-4-7-8-17-28C,30,1A,1,7,M28/1,AA5946,0,18
2026-08-02T08:15:49.729Z,deep_scan,20260802011913_1A-4-7-8-17-28C,30,1A,1,10,M21/1,AA7468,1,47
2026-08-02T08:16:19.688Z,deep_scan,20260802011913_1A-4-7-8-17-28C,30,1A,1,1,M161,AA6701,1,24
2026-08-02T08:16:19.688Z,deep_scan,20260802011913_1A-4-7-8-17-28C,30,1A,1,4,M53,AA7115,0,22
2026-08-02T08:16:19.688Z,deep_scan,20260802011913_1A-4-7-8-17-28C,30,1A,1,8,M11,AA5946,1,6
2026-08-02T08:16:19.688Z,deep_scan,20260802011913_1A-4-7-8-17-28C,30,1A,1,10,M21/1,AA7468,0,13
2026-08-02T08:16:19.745Z,deep_scan,20260802011913_1A-4-7-8-17-28C,30,1A,0,1,M108/1,AA5646,1,14
2026-08-02T08:16:19.745Z,deep_scan,20260802011913_1A-4-7-8-17-28C,30,1A,0,3,M10,AA5407,0,13
2026-08-02T08:16:19.745Z,deep_scan,20260802011913_1A-4-7-8-17-28C,30,1A,0,8,M52,AA7673,0,25
2026-08-02T08:16:19.745Z,deep_scan,20260802011913_1A-4-7-8-17-28C,30,1A,0,16,M252,AA7418,1,0
2026-08-02T08:16:49.713Z,deep_scan,20260802011913_1A-4-7-8-17-28C,30,1A,0,1,M108/1,AA5646,0,17
2026-08-02T08:16:49.713Z,deep_scan,20260802011913_1A-4-7-8-17-28C,30,1A,0,3,M10,AA5407,0,13
2026-08-02T08:16:49.713Z,deep_scan,20260802011913_1A-4-7-8-17-28C,30,1A,0,8,M52,AA7673,0,25
2026-08-02T08:16:49.713Z,deep_scan,20260802011913_1A-4-7-8-17-28C,30,1A,0,16,M252,AA7418,1,0
2026-08-02T08:16:49.752Z,deep_scan,20260802011913_1A-4-7-8-17-28C,30,1A,1,1,M161,AA6701,1,1
2026-08-02T08:16:49.752Z,deep_scan,20260802011913_1A-4-7-8-17-28C,30,1A,1,5,M49,AA7115,1,3
2026-08-02T08:16:49.752Z,deep_scan,20260802011913_1A-4-7-8-17-28C,30,1A,1,8,M11,AA5946,0,12
2026-08-02T08:16:49.752Z,deep_scan,20260802011913_1A-4-7-8-17-28C,30,1A,1,10,M21/1,AA7468,0,39
2026-08-02T08:17:19.736Z,deep_scan,20260802011913_1A-4-7-8-17-28C,30,1A,1,2,M70,AA6701,1,18
2026-08-02T08:17:19.736Z,deep_scan,20260802011913_1A-4-7-8-17-28C,30,1A,1,5,M49,AA7115,1,23
2026-08-02T08:17:19.736Z,deep_scan,20260802011913_1A-4-7-8-17-28C,30,1A,1,9,M12,AA5946,1,15
2026-08-02T08:17:19.736Z,deep_scan,20260802011913_1A-4-7-8-17-28C,30,1A,1,10,M21/1,AA7468,0,39
2026-08-02T08:17:19.775Z,deep_scan,20260802011913_1A-4-7-8-17-28C,30,1A,0,1,M108/1,AA5646,0,12
2026-08-02T08:17:19.775Z,deep_scan,20260802011913_1A-4-7-8-17-28C,30,1A,0,3,M10,AA5407,0,12
2026-08-02T08:17:19.775Z,deep_scan,20260802011913_1A-4-7-8-17-28C,30,1A,0,8,M52,AA7673,0,49
2026-08-02T08:17:19.775Z,deep_scan,20260802011913_1A-4-7-8-17-28C,30,1A,0,16,M252,AA7418,1,0
2026-08-02T08:17:49.746Z,deep_scan,20260802011913_1A-4-7-8-17-28C,30,1A,0,1,M108/1,AA5646,0,40
2026-08-02T08:17:49.746Z,deep_scan,20260802011913_1A-4-7-8-17-28C,30,1A,0,4,M27,AA5407,1,18
2026-08-02T08:17:49.746Z,deep_scan,20260802011913_1A-4-7-8-17-28C,30,1A,0,8,M52,AA7673,0,35
2026-08-02T08:17:49.746Z,deep_scan,20260802011913_1A-4-7-8-17-28C,30,1A,0,16,M252,AA7418,1,0
2026-08-02T08:17:49.755Z,deep_scan,20260802011913_1A-4-7-8-17-28C,30,1A,1,2,M70,AA6701,0,26
2026-08-02T08:17:49.755Z,deep_scan,20260802011913_1A-4-7-8-17-28C,30,1A,1,5,M49,AA7115,1,23
2026-08-02T08:17:49.755Z,deep_scan,20260802011913_1A-4-7-8-17-28C,30,1A,1,9,M12,AA5946,1,14
2026-08-02T08:17:49.755Z,deep_scan,20260802011913_1A-4-7-8-17-28C,30,1A,1,10,M21/1,AA7468,0,39
2026-08-02T08:18:19.749Z,deep_scan,20260802011913_1A-4-7-8-17-28C,30,1A,1,3,M118,AA6701,1,4
2026-08-02T08:18:19.749Z,deep_scan,20260802011913_1A-4-7-8-17-28C,30,1A,1,5,M49,AA7115,0,17
2026-08-02T08:18:19.749Z,deep_scan,20260802011913_1A-4-7-8-17-28C,30,1A,1,9,M12,AA5946,0,8
2026-08-02T08:18:19.749Z,deep_scan,20260802011913_1A-4-7-8-17-28C,30,1A,1,10,M21/1,AA7468,0,13
2026-08-02T08:18:19.783Z,deep_scan,20260802011913_1A-4-7-8-17-28C,30,1A,0,1,M108/1,AA5646,0,26
2026-08-02T08:18:19.783Z,deep_scan,20260802011913_1A-4-7-8-17-28C,30,1A,0,4,M27,AA5407,1,5
2026-08-02T08:18:19.783Z,deep_scan,20260802011913_1A-4-7-8-17-28C,30,1A,0,8,M52,AA7673,0,27
2026-08-02T08:18:19.783Z,deep_scan,20260802011913_1A-4-7-8-17-28C,30,1A,0,16,M252,AA7418,1,0
2026-08-02T08:18:49.818Z,deep_scan,20260802011913_1A-4-7-8-17-28C,30,1A,1,3,M118,AA6701,1,3
2026-08-02T08:18:49.818Z,deep_scan,20260802011913_1A-4-7-8-17-28C,30,1A,1,5,M49,AA7115,0,17
2026-08-02T08:18:49.818Z,deep_scan,20260802011913_1A-4-7-8-17-28C,30,1A,1,9,M12,AA5946,0,2
2026-08-02T08:18:49.818Z,deep_scan,20260802011913_1A-4-7-8-17-28C,30,1A,1,10,M21/1,AA7468,0,9
2026-08-02T08:18:49.858Z,deep_scan,20260802011913_1A-4-7-8-17-28C,30,1A,0,1,M108/1,AA5646,0,1
2026-08-02T08:18:49.858Z,deep_scan,20260802011913_1A-4-7-8-17-28C,30,1A,0,4,M27,AA5407,1,10
2026-08-02T08:18:49.858Z,deep_scan,20260802011913_1A-4-7-8-17-28C,30,1A,0,8,M52,AA7673,0,30
2026-08-02T08:18:49.858Z,deep_scan,20260802011913_1A-4-7-8-17-28C,30,1A,0,16,M252,AA7418,1,0
2026-08-02T08:19:19.741Z,deep_scan,20260802011913_1A-4-7-8-17-28C,30,1A,0,1,M108/1,AA5646,0,21
2026-08-02T08:19:19.741Z,deep_scan,20260802011913_1A-4-7-8-17-28C,30,1A,0,4,M27,AA5407,0,12
2026-08-02T08:19:19.741Z,deep_scan,20260802011913_1A-4-7-8-17-28C,30,1A,0,9,M239/1,AA7673,1,3
2026-08-02T08:19:19.741Z,deep_scan,20260802011913_1A-4-7-8-17-28C,30,1A,0,16,M252,AA7418,1,0
2026-08-02T08:19:19.856Z,deep_scan,20260802011913_1A-4-7-8-17-28C,30,1A,1,3,M118,AA6701,0,8
2026-08-02T08:19:19.856Z,deep_scan,20260802011913_1A-4-7-8-17-28C,30,1A,1,6,M35/1,AA7115,1,1
2026-08-02T08:19:19.856Z,deep_scan,20260802011913_1A-4-7-8-17-28C,30,1A,1,9,M12,AA5946,0,2
2026-08-02T08:19:19.856Z,deep_scan,20260802011913_1A-4-7-8-17-28C,30,1A,1,10,M21/1,AA7468,0,28
2026-08-02T08:19:49.774Z,deep_scan,20260802011913_1A-4-7-8-17-28C,30,1A,0,1,M108/1,AA5646,0,21
2026-08-02T08:19:49.774Z,deep_scan,20260802011913_1A-4-7-8-17-28C,30,1A,0,5,M29,AA5407,1,12
2026-08-02T08:19:49.774Z,deep_scan,20260802011913_1A-4-7-8-17-28C,30,1A,0,9,M239/1,AA7673,0,37
2026-08-02T08:19:49.774Z,deep_scan,20260802011913_1A-4-7-8-17-28C,30,1A,0,16,M252,AA7418,1,0
2026-08-02T08:19:49.816Z,deep_scan,20260802011913_1A-4-7-8-17-28C,30,1A,1,3,M118,AA6701,0,30
2026-08-02T08:19:49.816Z,deep_scan,20260802011913_1A-4-7-8-17-28C,30,1A,1,6,M35/1,AA7115,1,1
2026-08-02T08:19:49.816Z,deep_scan,20260802011913_1A-4-7-8-17-28C,30,1A,1,9,M12,AA5946,0,3
2026-08-02T08:19:49.816Z,deep_scan,20260802011913_1A-4-7-8-17-28C,30,1A,1,10,M21/1,AA7468,0,39
2026-08-02T08:20:19.764Z,deep_scan,20260802011913_1A-4-7-8-17-28C,30,1A,0,2,M26/1,AA5646,1,3
2026-08-02T08:20:19.764Z,deep_scan,20260802011913_1A-4-7-8-17-28C,30,1A,0,5,M29,AA5407,1,12
2026-08-02T08:20:19.764Z,deep_scan,20260802011913_1A-4-7-8-17-28C,30,1A,0,10,M254,AA7673,1,44
2026-08-02T08:20:19.782Z,deep_scan,20260802011913_1A-4-7-8-17-28C,30,1A,1,3,M118,AA6701,0,42
2026-08-02T08:20:19.782Z,deep_scan,20260802011913_1A-4-7-8-17-28C,30,1A,1,6,M35/1,AA7115,1,1
2026-08-02T08:20:19.782Z,deep_scan,20260802011913_1A-4-7-8-17-28C,30,1A,1,10,M21/1,AA7468,0,39
2026-08-02T08:20:19.782Z,deep_scan,20260802011913_1A-4-7-8-17-28C,30,1A,1,10,M21/1,AA5946,1,5
2026-08-02T08:20:49.694Z,deep_scan,20260802011913_1A-4-7-8-17-28C,30,1A,0,2,M26/1,AA5646,1,9
2026-08-02T08:20:49.694Z,deep_scan,20260802011913_1A-4-7-8-17-28C,30,1A,0,5,M29,AA5407,1,12
2026-08-02T08:20:49.694Z,deep_scan,20260802011913_1A-4-7-8-17-28C,30,1A,0,10,M254,AA7673,1,44
2026-08-02T08:20:49.776Z,deep_scan,20260802011913_1A-4-7-8-17-28C,30,1A,1,3,M118,AA6701,0,40
2026-08-02T08:20:49.776Z,deep_scan,20260802011913_1A-4-7-8-17-28C,30,1A,1,6,M35/1,AA7115,1,1
2026-08-02T08:20:49.776Z,deep_scan,20260802011913_1A-4-7-8-17-28C,30,1A,1,10,M21/1,AA7468,0,39
2026-08-02T08:20:49.776Z,deep_scan,20260802011913_1A-4-7-8-17-28C,30,1A,1,10,M21/1,AA5946,1,5
2026-08-02T08:21:19.756Z,deep_scan,20260802011913_1A-4-7-8-17-28C,30,1A,0,2,M26/1,AA5646,0,8
2026-08-02T08:21:19.756Z,deep_scan,20260802011913_1A-4-7-8-17-28C,30,1A,0,5,M29,AA5407,0,27
2026-08-02T08:21:19.756Z,deep_scan,20260802011913_1A-4-7-8-17-28C,30,1A,0,10,M254,AA7673,0,30
2026-08-02T08:21:19.847Z,deep_scan,20260802011913_1A-4-7-8-17-28C,30,1A,1,3,M118,AA6701,0,45
2026-08-02T08:21:19.847Z,deep_scan,20260802011913_1A-4-7-8-17-28C,30,1A,1,6,M35/1,AA7115,0,35
2026-08-02T08:21:19.847Z,deep_scan,20260802011913_1A-4-7-8-17-28C,30,1A,1,10,M21/1,AA7468,0,39
2026-08-02T08:21:19.847Z,deep_scan,20260802011913_1A-4-7-8-17-28C,30,1A,1,10,M21/1,AA5946,1,5
2026-08-02T08:21:49.806Z,deep_scan,20260802011913_1A-4-7-8-17-28C,30,1A,0,2,M26/1,AA5646,0,14
2026-08-02T08:21:49.806Z,deep_scan,20260802011913_1A-4-7-8-17-28C,30,1A,0,6,M36,AA5407,1,15
2026-08-02T08:21:49.806Z,deep_scan,20260802011913_1A-4-7-8-17-28C,30,1A,0,10,M254,AA7673,0,33
2026-08-02T08:21:49.832Z,deep_scan,20260802011913_1A-4-7-8-17-28C,30,1A,1,3,M118,AA6701,0,49
2026-08-02T08:21:49.832Z,deep_scan,20260802011913_1A-4-7-8-17-28C,30,1A,1,6,M35/1,AA7115,0,7
2026-08-02T08:21:49.832Z,deep_scan,20260802011913_1A-4-7-8-17-28C,30,1A,1,10,M21/1,AA7468,0,39
2026-08-02T08:21:49.832Z,deep_scan,20260802011913_1A-4-7-8-17-28C,30,1A,1,10,M21/1,AA5946,1,18
2026-08-02T08:22:19.807Z,deep_scan,20260802011913_1A-4-7-8-17-28C,30,1A,0,2,M26/1,AA5646,0,21
2026-08-02T08:22:19.807Z,deep_scan,20260802011913_1A-4-7-8-17-28C,30,1A,0,6,M36,AA5407,1,15
2026-08-02T08:22:19.807Z,deep_scan,20260802011913_1A-4-7-8-17-28C,30,1A,0,11,M241,AA7673,1,15
2026-08-02T08:22:19.823Z,deep_scan,20260802011913_1A-4-7-8-17-28C,30,1A,1,4,M53,AA6701,1,37
2026-08-02T08:22:19.823Z,deep_scan,20260802011913_1A-4-7-8-17-28C,30,1A,1,7,M28/1,AA7115,1,27
2026-08-02T08:22:19.823Z,deep_scan,20260802011913_1A-4-7-8-17-28C,30,1A,1,10,M21/1,AA7468,0,39
2026-08-02T08:22:19.823Z,deep_scan,20260802011913_1A-4-7-8-17-28C,30,1A,1,10,M21/1,AA5946,1,1
2026-08-02T08:22:49.804Z,deep_scan,20260802011913_1A-4-7-8-17-28C,30,1A,1,4,M53,AA6701,1,5
2026-08-02T08:22:49.804Z,deep_scan,20260802011913_1A-4-7-8-17-28C,30,1A,1,7,M28/1,AA7115,1,27
2026-08-02T08:22:49.804Z,deep_scan,20260802011913_1A-4-7-8-17-28C,30,1A,1,10,M21/1,AA7468,0,39
2026-08-02T08:22:49.804Z,deep_scan,20260802011913_1A-4-7-8-17-28C,30,1A,1,10,M21/1,AA5946,0,16
2026-08-02T08:22:49.827Z,deep_scan,20260802011913_1A-4-7-8-17-28C,30,1A,0,2,M26/1,AA5646,0,2
2026-08-02T08:22:49.827Z,deep_scan,20260802011913_1A-4-7-8-17-28C,30,1A,0,6,M36,AA5407,0,16
2026-08-02T08:22:49.827Z,deep_scan,20260802011913_1A-4-7-8-17-28C,30,1A,0,11,M241,AA7673,1,18
2026-08-02T08:23:19.832Z,deep_scan,20260802011913_1A-4-7-8-17-28C,30,1A,0,2,M26/1,AA5646,0,2
2026-08-02T08:23:19.832Z,deep_scan,20260802011913_1A-4-7-8-17-28C,30,1A,0,6,M36,AA5407,0,16
2026-08-02T08:23:19.832Z,deep_scan,20260802011913_1A-4-7-8-17-28C,30,1A,0,11,M241,AA7673,0,19
2026-08-02T08:23:19.855Z,deep_scan,20260802011913_1A-4-7-8-17-28C,30,1A,1,4,M53,AA6701,0,43
2026-08-02T08:23:19.855Z,deep_scan,20260802011913_1A-4-7-8-17-28C,30,1A,1,7,M28/1,AA7115,0,30
2026-08-02T08:23:19.855Z,deep_scan,20260802011913_1A-4-7-8-17-28C,30,1A,1,10,M21/1,AA7468,0,39
2026-08-02T08:23:19.855Z,deep_scan,20260802011913_1A-4-7-8-17-28C,30,1A,1,10,M21/1,AA5946,0,9
2026-08-02T08:23:49.831Z,deep_scan,20260802011913_1A-4-7-8-17-28C,30,1A,0,2,M26/1,AA5646,0,2
2026-08-02T08:23:49.831Z,deep_scan,20260802011913_1A-4-7-8-17-28C,30,1A,0,7,M48,AA5407,1,6
2026-08-02T08:23:49.831Z,deep_scan,20260802011913_1A-4-7-8-17-28C,30,1A,0,12,M71,AA7673,1,10
2026-08-02T08:23:49.864Z,deep_scan,20260802011913_1A-4-7-8-17-28C,30,1A,1,4,M53,AA6701,0,30
2026-08-02T08:23:49.864Z,deep_scan,20260802011913_1A-4-7-8-17-28C,30,1A,1,7,M28/1,AA7115,0,3
2026-08-02T08:23:49.864Z,deep_scan,20260802011913_1A-4-7-8-17-28C,30,1A,1,10,M21/1,AA7468,0,39
2026-08-02T08:23:49.864Z,deep_scan,20260802011913_1A-4-7-8-17-28C,30,1A,1,10,M21/1,AA5946,0,36
2026-08-02T08:24:19.890Z,deep_scan,20260802011913_1A-4-7-8-17-28C,30,1A,0,3,M10,AA5646,1,20
2026-08-02T08:24:19.890Z,deep_scan,20260802011913_1A-4-7-8-17-28C,30,1A,0,7,M48,AA5407,1,1
2026-08-02T08:24:19.890Z,deep_scan,20260802011913_1A-4-7-8-17-28C,30,1A,0,13,M156,AA7673,1,22
2026-08-02T08:24:19.901Z,deep_scan,20260802011913_1A-4-7-8-17-28C,30,1A,1,5,M49,AA6701,1,34
2026-08-02T08:24:19.901Z,deep_scan,20260802011913_1A-4-7-8-17-28C,30,1A,1,8,M11,AA7115,1,32
2026-08-02T08:24:19.901Z,deep_scan,20260802011913_1A-4-7-8-17-28C,30,1A,1,10,M21/1,AA7468,0,39
2026-08-02T08:24:19.901Z,deep_scan,20260802011913_1A-4-7-8-17-28C,30,1A,1,10,M21/1,AA5946,0,16
2026-08-02T08:24:49.868Z,deep_scan,20260802011913_1A-4-7-8-17-28C,30,1A,1,0,M252,AA7418,1,15
2026-08-02T08:24:49.868Z,deep_scan,20260802011913_1A-4-7-8-17-28C,30,1A,1,5,M49,AA6701,1,6
2026-08-02T08:24:49.868Z,deep_scan,20260802011913_1A-4-7-8-17-28C,30,1A,1,8,M11,AA7115,0,15
2026-08-02T08:24:49.868Z,deep_scan,20260802011913_1A-4-7-8-17-28C,30,1A,1,10,M21/1,AA7468,0,39
2026-08-02T08:24:49.868Z,deep_scan,20260802011913_1A-4-7-8-17-28C,30,1A,1,10,M21/1,AA5946,0,18
2026-08-02T08:24:49.903Z,deep_scan,20260802011913_1A-4-7-8-17-28C,30,1A,0,3,M10,AA5646,1,3
2026-08-02T08:24:49.903Z,deep_scan,20260802011913_1A-4-7-8-17-28C,30,1A,0,7,M48,AA5407,0,27
2026-08-02T08:24:49.903Z,deep_scan,20260802011913_1A-4-7-8-17-28C,30,1A,0,13,M156,AA7673,1,4
2026-08-02T08:25:19.844Z,deep_scan,20260802011913_1A-4-7-8-17-28C,30,1A,0,3,M10,AA5646,0,17
2026-08-02T08:25:19.844Z,deep_scan,20260802011913_1A-4-7-8-17-28C,30,1A,0,8,M52,AA5407,1,39
2026-08-02T08:25:19.844Z,deep_scan,20260802011913_1A-4-7-8-17-28C,30,1A,0,13,M156,AA7673,0,4
2026-08-02T08:25:19.848Z,deep_scan,20260802011913_1A-4-7-8-17-28C,30,1A,1,0,M252,AA7418,0,45
2026-08-02T08:25:19.848Z,deep_scan,20260802011913_1A-4-7-8-17-28C,30,1A,1,5,M49,AA6701,0,11
2026-08-02T08:25:19.848Z,deep_scan,20260802011913_1A-4-7-8-17-28C,30,1A,1,9,M12,AA7115,1,15
2026-08-02T08:25:19.848Z,deep_scan,20260802011913_1A-4-7-8-17-28C,30,1A,1,10,M21/1,AA7468,0,39
2026-08-02T08:25:19.848Z,deep_scan,20260802011913_1A-4-7-8-17-28C,30,1A,1,10,M21/1,AA5946,0,18
2026-08-02T08:25:49.854Z,deep_scan,20260802011913_1A-4-7-8-17-28C,30,1A,1,0,M252,AA7418,0,19
2026-08-02T08:25:49.854Z,deep_scan,20260802011913_1A-4-7-8-17-28C,30,1A,1,5,M49,AA6701,0,21
2026-08-02T08:25:49.854Z,deep_scan,20260802011913_1A-4-7-8-17-28C,30,1A,1,9,M12,AA7115,1,4
2026-08-02T08:25:49.854Z,deep_scan,20260802011913_1A-4-7-8-17-28C,30,1A,1,10,M21/1,AA7468,0,39
2026-08-02T08:25:49.854Z,deep_scan,20260802011913_1A-4-7-8-17-28C,30,1A,1,11,M120/2,AA5946,1,0
2026-08-02T08:25:49.889Z,deep_scan,20260802011913_1A-4-7-8-17-28C,30,1A,0,4,M27,AA5646,1,18
2026-08-02T08:25:49.889Z,deep_scan,20260802011913_1A-4-7-8-17-28C,30,1A,0,8,M52,AA5407,0,19
2026-08-02T08:25:49.889Z,deep_scan,20260802011913_1A-4-7-8-17-28C,30,1A,0,13,M156,AA7673,0,7
2026-08-02T08:26:19.890Z,deep_scan,20260802011913_1A-4-7-8-17-28C,30,1A,1,0,M252,AA7418,0,17
2026-08-02T08:26:19.890Z,deep_scan,20260802011913_1A-4-7-8-17-28C,30,1A,1,6,M35/1,AA6701,1,18
2026-08-02T08:26:19.890Z,deep_scan,20260802011913_1A-4-7-8-17-28C,30,1A,1,9,M12,AA7115,0,5
2026-08-02T08:26:19.890Z,deep_scan,20260802011913_1A-4-7-8-17-28C,30,1A,1,10,M21/1,AA7468,0,39
2026-08-02T08:26:19.890Z,deep_scan,20260802011913_1A-4-7-8-17-28C,30,1A,1,11,M120/2,AA5946,1,0
2026-08-02T08:26:19.901Z,deep_scan,20260802011913_1A-4-7-8-17-28C,30,1A,0,4,M27,AA5646,1,2
2026-08-02T08:26:19.901Z,deep_scan,20260802011913_1A-4-7-8-17-28C,30,1A,0,8,M52,AA5407,0,20
2026-08-02T08:26:19.901Z,deep_scan,20260802011913_1A-4-7-8-17-28C,30,1A,0,13,M156,AA7673,0,21
2026-08-02T08:26:49.887Z,deep_scan,20260802011913_1A-4-7-8-17-28C,30,1A,0,4,M27,AA5646,0,7
2026-08-02T08:26:49.887Z,deep_scan,20260802011913_1A-4-7-8-17-28C,30,1A,0,8,M52,AA5407,0,39
2026-08-02T08:26:49.887Z,deep_scan,20260802011913_1A-4-7-8-17-28C,30,1A,0,14,M253,AA7673,1,8
2026-08-02T08:26:49.932Z,deep_scan,20260802011913_1A-4-7-8-17-28C,30,1A,1,1,M161,AA7418,1,1
2026-08-02T08:26:49.932Z,deep_scan,20260802011913_1A-4-7-8-17-28C,30,1A,1,6,M35/1,AA6701,1,18
2026-08-02T08:26:49.932Z,deep_scan,20260802011913_1A-4-7-8-17-28C,30,1A,1,9,M12,AA7115,0,13
2026-08-02T08:26:49.932Z,deep_scan,20260802011913_1A-4-7-8-17-28C,30,1A,1,10,M21/1,AA7468,0,39
2026-08-02T08:26:49.932Z,deep_scan,20260802011913_1A-4-7-8-17-28C,30,1A,1,11,M120/2,AA5946,1,0
2026-08-02T08:27:19.891Z,deep_scan,20260802011913_1A-4-7-8-17-28C,30,1A,1,1,M161,AA7418,1,1
2026-08-02T08:27:19.891Z,deep_scan,20260802011913_1A-4-7-8-17-28C,30,1A,1,6,M35/1,AA6701,1,18
2026-08-02T08:27:19.891Z,deep_scan,20260802011913_1A-4-7-8-17-28C,30,1A,1,9,M12,AA7115,0,13
2026-08-02T08:27:19.891Z,deep_scan,20260802011913_1A-4-7-8-17-28C,30,1A,1,10,M21/1,AA7468,0,39
2026-08-02T08:27:19.891Z,deep_scan,20260802011913_1A-4-7-8-17-28C,30,1A,1,11,M120/2,AA5946,1,0
2026-08-02T08:27:19.920Z,deep_scan,20260802011913_1A-4-7-8-17-28C,30,1A,0,4,M27,AA5646,0,7
2026-08-02T08:27:19.920Z,deep_scan,20260802011913_1A-4-7-8-17-28C,30,1A,0,8,M52,AA5407,0,34
2026-08-02T08:27:19.920Z,deep_scan,20260802011913_1A-4-7-8-17-28C,30,1A,0,14,M253,AA7673,0,14
2026-08-02T08:27:49.908Z,deep_scan,20260802011913_1A-4-7-8-17-28C,30,1A,1,1,M161,AA7418,0,1
2026-08-02T08:27:49.908Z,deep_scan,20260802011913_1A-4-7-8-17-28C,30,1A,1,6,M35/1,AA6701,0,2
2026-08-02T08:27:49.908Z,deep_scan,20260802011913_1A-4-7-8-17-28C,30,1A,1,9,M12,AA7115,0,13
2026-08-02T08:27:49.908Z,deep_scan,20260802011913_1A-4-7-8-17-28C,30,1A,1,10,M21/1,AA7468,0,39
2026-08-02T08:27:49.908Z,deep_scan,20260802011913_1A-4-7-8-17-28C,30,1A,1,11,M120/2,AA5946,1,0
2026-08-02T08:27:49.941Z,deep_scan,20260802011913_1A-4-7-8-17-28C,30,1A,0,4,M27,AA5646,0,24
2026-08-02T08:27:49.941Z,deep_scan,20260802011913_1A-4-7-8-17-28C,30,1A,0,8,M52,AA5407,0,38
2026-08-02T08:27:49.941Z,deep_scan,20260802011913_1A-4-7-8-17-28C,30,1A,0,15,M250,AA7673,1,27
2026-08-02T08:28:19.911Z,deep_scan,20260802011913_1A-4-7-8-17-28C,30,1A,0,1,M108/1,AA7468,1,17
2026-08-02T08:28:19.911Z,deep_scan,20260802011913_1A-4-7-8-17-28C,30,1A,0,5,M29,AA5646,1,5
2026-08-02T08:28:19.911Z,deep_scan,20260802011913_1A-4-7-8-17-28C,30,1A,0,9,M239/1,AA5407,1,17
2026-08-02T08:28:19.911Z,deep_scan,20260802011913_1A-4-7-8-17-28C,30,1A,0,15,M250,AA7673,1,18
2026-08-02T08:28:19.966Z,deep_scan,20260802011913_1A-4-7-8-17-28C,30,1A,1,1,M161,AA7418,0,43
2026-08-02T08:28:19.966Z,deep_scan,20260802011913_1A-4-7-8-17-28C,30,1A,1,6,M35/1,AA6701,0,4
2026-08-02T08:28:19.966Z,deep_scan,20260802011913_1A-4-7-8-17-28C,30,1A,1,10,M21/1,AA7115,1,13
2026-08-02T08:28:19.966Z,deep_scan,20260802011913_1A-4-7-8-17-28C,30,1A,1,11,M120/2,AA5946,1,0
2026-08-02T08:28:49.956Z,deep_scan,20260802011913_1A-4-7-8-17-28C,30,1A,0,1,M108/1,AA7468,0,16
2026-08-02T08:28:49.956Z,deep_scan,20260802011913_1A-4-7-8-17-28C,30,1A,0,5,M29,AA5646,1,10
2026-08-02T08:28:49.956Z,deep_scan,20260802011913_1A-4-7-8-17-28C,30,1A,0,9,M239/1,AA5407,1,32
2026-08-02T08:28:49.956Z,deep_scan,20260802011913_1A-4-7-8-17-28C,30,1A,0,15,M250,AA7673,0,16
2026-08-02T08:28:50.000Z,deep_scan,20260802011913_1A-4-7-8-17-28C,30,1A,1,2,M70,AA7418,1,23
2026-08-02T08:28:50.000Z,deep_scan,20260802011913_1A-4-7-8-17-28C,30,1A,1,7,M28/1,AA6701,1,16
2026-08-02T08:28:50.000Z,deep_scan,20260802011913_1A-4-7-8-17-28C,30,1A,1,10,M21/1,AA7115,1,2
2026-08-02T08:28:50.000Z,deep_scan,20260802011913_1A-4-7-8-17-28C,30,1A,1,11,M120/2,AA5946,1,0
2026-08-02T08:29:19.913Z,deep_scan,20260802011913_1A-4-7-8-17-28C,30,1A,0,1,M108/1,AA7468,0,10
2026-08-02T08:29:19.913Z,deep_scan,20260802011913_1A-4-7-8-17-28C,30,1A,0,5,M29,AA5646,1,10
2026-08-02T08:29:19.913Z,deep_scan,20260802011913_1A-4-7-8-17-28C,30,1A,0,9,M239/1,AA5407,0,31
2026-08-02T08:29:19.913Z,deep_scan,20260802011913_1A-4-7-8-17-28C,30,1A,0,15,M250,AA7673,0,13
2026-08-02T08:29:19.960Z,deep_scan,20260802011913_1A-4-7-8-17-28C,30,1A,1,2,M70,AA7418,1,21
2026-08-02T08:29:19.960Z,deep_scan,20260802011913_1A-4-7-8-17-28C,30,1A,1,7,M28/1,AA6701,0,3
2026-08-02T08:29:19.960Z,deep_scan,20260802011913_1A-4-7-8-17-28C,30,1A,1,10,M21/1,AA7115,1,5
2026-08-02T08:29:19.960Z,deep_scan,20260802011913_1A-4-7-8-17-28C,30,1A,1,11,M120/2,AA5946,1,0
2026-08-02T08:29:49.936Z,deep_scan,20260802011913_1A-4-7-8-17-28C,30,1A,0,1,M108/1,AA7468,0,40
2026-08-02T08:29:49.936Z,deep_scan,20260802011913_1A-4-7-8-17-28C,30,1A,0,5,M29,AA5646,1,10
2026-08-02T08:29:49.936Z,deep_scan,20260802011913_1A-4-7-8-17-28C,30,1A,0,10,M254,AA5407,1,21
2026-08-02T08:29:49.936Z,deep_scan,20260802011913_1A-4-7-8-17-28C,30,1A,0,16,M252,AA7673,1,0
2026-08-02T08:29:49.987Z,deep_scan,20260802011913_1A-4-7-8-17-28C,30,1A,1,2,M70,AA7418,1,21
2026-08-02T08:29:49.987Z,deep_scan,20260802011913_1A-4-7-8-17-28C,30,1A,1,7,M28/1,AA6701,0,14
2026-08-02T08:29:49.987Z,deep_scan,20260802011913_1A-4-7-8-17-28C,30,1A,1,10,M21/1,AA7115,0,16
2026-08-02T08:29:49.987Z,deep_scan,20260802011913_1A-4-7-8-17-28C,30,1A,1,11,M120/2,AA5946,1,0
2026-08-02T08:30:19.938Z,deep_scan,20260802011913_1A-4-7-8-17-28C,30,1A,1,3,M118,AA7418,1,43
2026-08-02T08:30:19.938Z,deep_scan,20260802011913_1A-4-7-8-17-28C,30,1A,1,7,M28/1,AA6701,0,9
2026-08-02T08:30:19.938Z,deep_scan,20260802011913_1A-4-7-8-17-28C,30,1A,1,10,M21/1,AA7115,0,18
2026-08-02T08:30:21.046Z,deep_scan,20260802011913_1A-4-7-8-17-28C,30,1A,0,1,M108/1,AA7468,0,18
2026-08-02T08:30:21.046Z,deep_scan,20260802011913_1A-4-7-8-17-28C,30,1A,0,5,M29,AA5646,0,18
2026-08-02T08:30:21.046Z,deep_scan,20260802011913_1A-4-7-8-17-28C,30,1A,0,10,M254,AA5407,0,29
2026-08-02T08:30:21.046Z,deep_scan,20260802011913_1A-4-7-8-17-28C,30,1A,0,16,M252,AA7673,1,0
2026-08-02T08:30:49.958Z,deep_scan,20260802011913_1A-4-7-8-17-28C,30,1A,1,3,M118,AA7418,1,35
2026-08-02T08:30:49.958Z,deep_scan,20260802011913_1A-4-7-8-17-28C,30,1A,1,7,M28/1,AA6701,0,29
2026-08-02T08:30:49.958Z,deep_scan,20260802011913_1A-4-7-8-17-28C,30,1A,1,10,M21/1,AA7115,0,18
2026-08-02T08:30:49.996Z,deep_scan,20260802011913_1A-4-7-8-17-28C,30,1A,0,1,M108/1,AA7468,0,9
2026-08-02T08:30:49.996Z,deep_scan,20260802011913_1A-4-7-8-17-28C,30,1A,0,6,M36,AA5646,1,4
2026-08-02T08:30:49.996Z,deep_scan,20260802011913_1A-4-7-8-17-28C,30,1A,0,10,M254,AA5407,0,39
2026-08-02T08:30:49.996Z,deep_scan,20260802011913_1A-4-7-8-17-28C,30,1A,0,16,M252,AA7673,1,0
2026-08-02T08:31:19.973Z,deep_scan,20260802011913_1A-4-7-8-17-28C,30,1A,1,3,M118,AA7418,1,7
2026-08-02T08:31:19.973Z,deep_scan,20260802011913_1A-4-7-8-17-28C,30,1A,1,8,M11,AA6701,0,23
2026-08-02T08:31:19.973Z,deep_scan,20260802011913_1A-4-7-8-17-28C,30,1A,1,10,M21/1,AA7115,0,18
2026-08-02T08:31:19.979Z,deep_scan,20260802011913_1A-4-7-8-17-28C,30,1A,0,1,M108/1,AA7468,0,12
2026-08-02T08:31:19.979Z,deep_scan,20260802011913_1A-4-7-8-17-28C,30,1A,0,6,M36,AA5646,1,10
2026-08-02T08:31:19.979Z,deep_scan,20260802011913_1A-4-7-8-17-28C,30,1A,0,11,M241,AA5407,1,20
2026-08-02T08:31:19.979Z,deep_scan,20260802011913_1A-4-7-8-17-28C,30,1A,0,16,M252,AA7673,1,0
2026-08-02T08:31:50.050Z,deep_scan,20260802011913_1A-4-7-8-17-28C,30,1A,1,3,M118,AA7418,0,29
2026-08-02T08:31:50.050Z,deep_scan,20260802011913_1A-4-7-8-17-28C,30,1A,1,9,M12,AA6701,1,7
2026-08-02T08:31:50.050Z,deep_scan,20260802011913_1A-4-7-8-17-28C,30,1A,1,10,M21/1,AA7115,0,42
2026-08-02T08:31:50.115Z,deep_scan,20260802011913_1A-4-7-8-17-28C,30,1A,0,1,M108/1,AA7468,0,27
2026-08-02T08:31:50.115Z,deep_scan,20260802011913_1A-4-7-8-17-28C,30,1A,0,6,M36,AA5646,0,20
2026-08-02T08:31:50.115Z,deep_scan,20260802011913_1A-4-7-8-17-28C,30,1A,0,11,M241,AA5407,0,23
2026-08-02T08:31:50.115Z,deep_scan,20260802011913_1A-4-7-8-17-28C,30,1A,0,16,M252,AA7673,1,0
2026-08-02T08:32:19.989Z,deep_scan,20260802011913_1A-4-7-8-17-28C,30,1A,1,3,M118,AA7418,0,30
2026-08-02T08:32:19.989Z,deep_scan,20260802011913_1A-4-7-8-17-28C,30,1A,1,9,M12,AA6701,0,21
2026-08-02T08:32:19.989Z,deep_scan,20260802011913_1A-4-7-8-17-28C,30,1A,1,10,M21/1,AA7115,0,10
2026-08-02T08:32:19.996Z,deep_scan,20260802011913_1A-4-7-8-17-28C,30,1A,0,1,M108/1,AA7468,0,12
2026-08-02T08:32:19.996Z,deep_scan,20260802011913_1A-4-7-8-17-28C,30,1A,0,7,M48,AA5646,1,17
2026-08-02T08:32:19.996Z,deep_scan,20260802011913_1A-4-7-8-17-28C,30,1A,0,12,M71,AA5407,1,16
2026-08-02T08:32:19.996Z,deep_scan,20260802011913_1A-4-7-8-17-28C,30,1A,0,16,M252,AA7673,1,0
2026-08-02T08:32:50.038Z,deep_scan,20260802011913_1A-4-7-8-17-28C,30,1A,1,3,M118,AA7418,0,8
2026-08-02T08:32:50.038Z,deep_scan,20260802011913_1A-4-7-8-17-28C,30,1A,1,9,M12,AA6701,0,19
2026-08-02T08:32:50.038Z,deep_scan,20260802011913_1A-4-7-8-17-28C,30,1A,1,10,M21/1,AA7115,0,28
2026-08-02T08:32:50.071Z,deep_scan,20260802011913_1A-4-7-8-17-28C,30,1A,0,2,M26/1,AA7468,1,2
2026-08-02T08:32:50.071Z,deep_scan,20260802011913_1A-4-7-8-17-28C,30,1A,0,7,M48,AA5646,1,17
2026-08-02T08:32:50.071Z,deep_scan,20260802011913_1A-4-7-8-17-28C,30,1A,0,13,M156,AA5407,1,8
2026-08-02T08:32:50.071Z,deep_scan,20260802011913_1A-4-7-8-17-28C,30,1A,0,16,M252,AA7673,1,0
2026-08-02T08:33:20.003Z,deep_scan,20260802011913_1A-4-7-8-17-28C,30,1A,1,3,M118,AA7418,0,47
2026-08-02T08:33:20.003Z,deep_scan,20260802011913_1A-4-7-8-17-28C,30,1A,1,10,M21/1,AA7115,0,26
2026-08-02T08:33:20.003Z,deep_scan,20260802011913_1A-4-7-8-17-28C,30,1A,1,10,M21/1,AA6701,1,4
2026-08-02T08:33:20.021Z,deep_scan,20260802011913_1A-4-7-8-17-28C,30,1A,0,0,M120/2,AA5946,1,18
2026-08-02T08:33:20.021Z,deep_scan,20260802011913_1A-4-7-8-17-28C,30,1A,0,2,M26/1,AA7468,1,2
2026-08-02T08:33:20.021Z,deep_scan,20260802011913_1A-4-7-8-17-28C,30,1A,0,7,M48,AA5646,1,8
2026-08-02T08:33:20.021Z,deep_scan,20260802011913_1A-4-7-8-17-28C,30,1A,0,13,M156,AA5407,0,29
2026-08-02T08:33:20.021Z,deep_scan,20260802011913_1A-4-7-8-17-28C,30,1A,0,16,M252,AA7673,1,0
2026-08-02T08:33:50.056Z,deep_scan,20260802011913_1A-4-7-8-17-28C,30,1A,1,3,M118,AA7418,0,35
2026-08-02T08:33:50.056Z,deep_scan,20260802011913_1A-4-7-8-17-28C,30,1A,1,10,M21/1,AA6701,1,3
2026-08-02T08:33:50.056Z,deep_scan,20260802011913_1A-4-7-8-17-28C,30,1A,1,11,M120/2,AA7115,1,0
2026-08-02T08:33:50.110Z,deep_scan,20260802011913_1A-4-7-8-17-28C,30,1A,0,0,M120/2,AA5946,0,18
2026-08-02T08:33:50.110Z,deep_scan,20260802011913_1A-4-7-8-17-28C,30,1A,0,2,M26/1,AA7468,0,24
2026-08-02T08:33:50.110Z,deep_scan,20260802011913_1A-4-7-8-17-28C,30,1A,0,7,M48,AA5646,1,29
2026-08-02T08:33:50.110Z,deep_scan,20260802011913_1A-4-7-8-17-28C,30,1A,0,14,M253,AA5407,1,23
2026-08-02T08:33:50.110Z,deep_scan,20260802011913_1A-4-7-8-17-28C,30,1A,0,16,M252,AA7673,1,0
2026-08-02T08:34:20.008Z,deep_scan,20260802011913_1A-4-7-8-17-28C,30,1A,1,4,M53,AA7418,1,44
2026-08-02T08:34:20.008Z,deep_scan,20260802011913_1A-4-7-8-17-28C,30,1A,1,10,M21/1,AA6701,0,37
2026-08-02T08:34:20.008Z,deep_scan,20260802011913_1A-4-7-8-17-28C,30,1A,1,11,M120/2,AA7115,1,0
2026-08-02T08:34:20.043Z,deep_scan,20260802011913_1A-4-7-8-17-28C,30,1A,0,0,M120/2,AA5946,0,19
2026-08-02T08:34:20.043Z,deep_scan,20260802011913_1A-4-7-8-17-28C,30,1A,0,2,M26/1,AA7468,0,5
2026-08-02T08:34:20.043Z,deep_scan,20260802011913_1A-4-7-8-17-28C,30,1A,0,8,M52,AA5646,1,43
2026-08-02T08:34:20.043Z,deep_scan,20260802011913_1A-4-7-8-17-28C,30,1A,0,14,M253,AA5407,1,4
2026-08-02T08:34:50.019Z,deep_scan,20260802011913_1A-4-7-8-17-28C,30,1A,1,4,M53,AA7418,1,45
2026-08-02T08:34:50.019Z,deep_scan,20260802011913_1A-4-7-8-17-28C,30,1A,1,10,M21/1,AA6701,0,29
2026-08-02T08:34:50.019Z,deep_scan,20260802011913_1A-4-7-8-17-28C,30,1A,1,11,M120/2,AA7115,1,0
2026-08-02T08:34:50.043Z,deep_scan,20260802011913_1A-4-7-8-17-28C,30,1A,0,0,M120/2,AA5946,0,19
2026-08-02T08:34:50.043Z,deep_scan,20260802011913_1A-4-7-8-17-28C,30,1A,0,2,M26/1,AA7468,0,10
2026-08-02T08:34:50.043Z,deep_scan,20260802011913_1A-4-7-8-17-28C,30,1A,0,8,M52,AA5646,1,35
2026-08-02T08:34:50.043Z,deep_scan,20260802011913_1A-4-7-8-17-28C,30,1A,0,14,M253,AA5407,0,12
2026-08-02T08:35:20.040Z,deep_scan,20260802011913_1A-4-7-8-17-28C,30,1A,0,0,M120/2,AA5946,0,19
2026-08-02T08:35:20.040Z,deep_scan,20260802011913_1A-4-7-8-17-28C,30,1A,0,3,M10,AA7468,1,34
2026-08-02T08:35:20.040Z,deep_scan,20260802011913_1A-4-7-8-17-28C,30,1A,0,8,M52,AA5646,0,13
2026-08-02T08:35:20.040Z,deep_scan,20260802011913_1A-4-7-8-17-28C,30,1A,0,15,M250,AA5407,1,30
2026-08-02T08:35:20.075Z,deep_scan,20260802011913_1A-4-7-8-17-28C,30,1A,1,0,M252,AA7673,1,1
2026-08-02T08:35:20.075Z,deep_scan,20260802011913_1A-4-7-8-17-28C,30,1A,1,4,M53,AA7418,0,14
2026-08-02T08:35:20.075Z,deep_scan,20260802011913_1A-4-7-8-17-28C,30,1A,1,10,M21/1,AA6701,0,3
2026-08-02T08:35:20.075Z,deep_scan,20260802011913_1A-4-7-8-17-28C,30,1A,1,11,M120/2,AA7115,1,0
2026-08-02T08:35:50.009Z,deep_scan,20260802011913_1A-4-7-8-17-28C,30,1A,1,0,M252,AA7673,0,28
2026-08-02T08:35:50.009Z,deep_scan,20260802011913_1A-4-7-8-17-28C,30,1A,1,4,M53,AA7418,0,44
2026-08-02T08:35:50.009Z,deep_scan,20260802011913_1A-4-7-8-17-28C,30,1A,1,10,M21/1,AA6701,0,25
2026-08-02T08:35:50.009Z,deep_scan,20260802011913_1A-4-7-8-17-28C,30,1A,1,11,M120/2,AA7115,1,0
2026-08-02T08:35:50.086Z,deep_scan,20260802011913_1A-4-7-8-17-28C,30,1A,0,1,M108/1,AA5946,1,21
2026-08-02T08:35:50.086Z,deep_scan,20260802011913_1A-4-7-8-17-28C,30,1A,0,3,M10,AA7468,1,14
2026-08-02T08:35:50.086Z,deep_scan,20260802011913_1A-4-7-8-17-28C,30,1A,0,8,M52,AA5646,0,38
2026-08-02T08:35:50.086Z,deep_scan,20260802011913_1A-4-7-8-17-28C,30,1A,0,15,M250,AA5407,0,12
2026-08-02T08:36:20.041Z,deep_scan,20260802011913_1A-4-7-8-17-28C,30,1A,1,0,M252,AA7673,0,32
2026-08-02T08:36:20.041Z,deep_scan,20260802011913_1A-4-7-8-17-28C,30,1A,1,4,M53,AA7418,0,11
2026-08-02T08:36:20.041Z,deep_scan,20260802011913_1A-4-7-8-17-28C,30,1A,1,10,M21/1,AA6701,0,25
2026-08-02T08:36:20.041Z,deep_scan,20260802011913_1A-4-7-8-17-28C,30,1A,1,11,M120/2,AA7115,1,0
2026-08-02T08:36:20.045Z,deep_scan,20260802011913_1A-4-7-8-17-28C,30,1A,0,1,M108/1,AA5946,1,21
2026-08-02T08:36:20.045Z,deep_scan,20260802011913_1A-4-7-8-17-28C,30,1A,0,3,M10,AA7468,0,19
2026-08-02T08:36:20.045Z,deep_scan,20260802011913_1A-4-7-8-17-28C,30,1A,0,8,M52,AA5646,0,46
2026-08-02T08:36:20.045Z,deep_scan,20260802011913_1A-4-7-8-17-28C,30,1A,0,15,M250,AA5407,0,32
2026-08-02T08:36:50.043Z,deep_scan,20260802011913_1A-4-7-8-17-28C,30,1A,1,0,M252,AA7673,0,14
2026-08-02T08:36:50.043Z,deep_scan,20260802011913_1A-4-7-8-17-28C,30,1A,1,5,M49,AA7418,1,42
2026-08-02T08:36:50.043Z,deep_scan,20260802011913_1A-4-7-8-17-28C,30,1A,1,10,M21/1,AA6701,0,1
2026-08-02T08:36:50.043Z,deep_scan,20260802011913_1A-4-7-8-17-28C,30,1A,1,11,M120/2,AA7115,1,0
2026-08-02T08:36:50.085Z,deep_scan,20260802011913_1A-4-7-8-17-28C,30,1A,0,1,M108/1,AA5946,0,2
2026-08-02T08:36:50.085Z,deep_scan,20260802011913_1A-4-7-8-17-28C,30,1A,0,3,M10,AA7468,0,25
2026-08-02T08:36:50.085Z,deep_scan,20260802011913_1A-4-7-8-17-28C,30,1A,0,8,M52,AA5646,0,22
2026-08-02T08:36:50.085Z,deep_scan,20260802011913_1A-4-7-8-17-28C,30,1A,0,16,M252,AA5407,1,0
2026-08-02T08:37:20.045Z,deep_scan,20260802011913_1A-4-7-8-17-28C,30,1A,1,0,M252,AA7673,0,14
2026-08-02T08:37:20.045Z,deep_scan,20260802011913_1A-4-7-8-17-28C,30,1A,1,5,M49,AA7418,1,14
2026-08-02T08:37:20.045Z,deep_scan,20260802011913_1A-4-7-8-17-28C,30,1A,1,10,M21/1,AA6701,0,40
2026-08-02T08:37:20.045Z,deep_scan,20260802011913_1A-4-7-8-17-28C,30,1A,1,11,M120/2,AA7115,1,0
2026-08-02T08:37:20.077Z,deep_scan,20260802011913_1A-4-7-8-17-28C,30,1A,0,1,M108/1,AA5946,0,40
2026-08-02T08:37:20.077Z,deep_scan,20260802011913_1A-4-7-8-17-28C,30,1A,0,3,M10,AA7468,0,4
2026-08-02T08:37:20.077Z,deep_scan,20260802011913_1A-4-7-8-17-28C,30,1A,0,8,M52,AA5646,0,37
2026-08-02T08:37:20.077Z,deep_scan,20260802011913_1A-4-7-8-17-28C,30,1A,0,16,M252,AA5407,1,0
2026-08-02T08:37:50.089Z,deep_scan,20260802011913_1A-4-7-8-17-28C,30,1A,0,1,M108/1,AA5946,0,25
2026-08-02T08:37:50.089Z,deep_scan,20260802011913_1A-4-7-8-17-28C,30,1A,0,4,M27,AA7468,1,17
2026-08-02T08:37:50.089Z,deep_scan,20260802011913_1A-4-7-8-17-28C,30,1A,0,9,M239/1,AA5646,1,31
2026-08-02T08:37:50.089Z,deep_scan,20260802011913_1A-4-7-8-17-28C,30,1A,0,16,M252,AA5407,1,0
2026-08-02T08:37:50.095Z,deep_scan,20260802011913_1A-4-7-8-17-28C,30,1A,1,1,M161,AA7673,1,5
2026-08-02T08:37:50.095Z,deep_scan,20260802011913_1A-4-7-8-17-28C,30,1A,1,5,M49,AA7418,0,5
2026-08-02T08:37:50.095Z,deep_scan,20260802011913_1A-4-7-8-17-28C,30,1A,1,11,M120/2,AA7115,1,0
2026-08-02T08:37:50.095Z,deep_scan,20260802011913_1A-4-7-8-17-28C,30,1A,1,11,M120/2,AA6701,1,0
2026-08-02T08:38:20.067Z,deep_scan,20260802011913_1A-4-7-8-17-28C,30,1A,1,1,M161,AA7673,0,22
2026-08-02T08:38:20.067Z,deep_scan,20260802011913_1A-4-7-8-17-28C,30,1A,1,5,M49,AA7418,0,17
2026-08-02T08:38:20.067Z,deep_scan,20260802011913_1A-4-7-8-17-28C,30,1A,1,11,M120/2,AA6701,1,0
2026-08-02T08:38:20.143Z,deep_scan,20260802011913_1A-4-7-8-17-28C,30,1A,0,1,M108/1,AA5946,0,2
2026-08-02T08:38:20.143Z,deep_scan,20260802011913_1A-4-7-8-17-28C,30,1A,0,4,M27,AA7468,1,10
2026-08-02T08:38:20.143Z,deep_scan,20260802011913_1A-4-7-8-17-28C,30,1A,0,9,M239/1,AA5646,0,16
2026-08-02T08:38:20.143Z,deep_scan,20260802011913_1A-4-7-8-17-28C,30,1A,0,16,M252,AA5407,1,0
2026-08-02T08:38:50.128Z,deep_scan,20260802011913_1A-4-7-8-17-28C,30,1A,0,1,M108/1,AA5946,0,23
2026-08-02T08:38:50.128Z,deep_scan,20260802011913_1A-4-7-8-17-28C,30,1A,0,4,M27,AA7468,1,32
2026-08-02T08:38:50.128Z,deep_scan,20260802011913_1A-4-7-8-17-28C,30,1A,0,10,M254,AA5646,1,41
2026-08-02T08:38:50.128Z,deep_scan,20260802011913_1A-4-7-8-17-28C,30,1A,0,16,M252,AA5407,1,0
2026-08-02T08:38:50.175Z,deep_scan,20260802011913_1A-4-7-8-17-28C,30,1A,1,1,M161,AA7673,0,4
2026-08-02T08:38:50.175Z,deep_scan,20260802011913_1A-4-7-8-17-28C,30,1A,1,5,M49,AA7418,0,17
2026-08-02T08:38:50.175Z,deep_scan,20260802011913_1A-4-7-8-17-28C,30,1A,1,11,M120/2,AA6701,1,0
2026-08-02T08:39:20.099Z,deep_scan,20260802011913_1A-4-7-8-17-28C,30,1A,1,2,M70,AA7673,1,14
2026-08-02T08:39:20.099Z,deep_scan,20260802011913_1A-4-7-8-17-28C,30,1A,1,5,M49,AA7418,0,2
2026-08-02T08:39:20.099Z,deep_scan,20260802011913_1A-4-7-8-17-28C,30,1A,1,11,M120/2,AA6701,1,0
2026-08-02T08:39:20.120Z,deep_scan,20260802011913_1A-4-7-8-17-28C,30,1A,0,1,M108/1,AA5946,0,18
2026-08-02T08:39:20.120Z,deep_scan,20260802011913_1A-4-7-8-17-28C,30,1A,0,4,M27,AA7468,0,14
2026-08-02T08:39:20.120Z,deep_scan,20260802011913_1A-4-7-8-17-28C,30,1A,0,10,M254,AA5646,0,10
2026-08-02T08:39:20.120Z,deep_scan,20260802011913_1A-4-7-8-17-28C,30,1A,0,16,M252,AA5407,1,0
2026-08-02T08:39:50.142Z,deep_scan,20260802011913_1A-4-7-8-17-28C,30,1A,0,1,M108/1,AA5946,0,19
2026-08-02T08:39:50.142Z,deep_scan,20260802011913_1A-4-7-8-17-28C,30,1A,0,4,M27,AA7468,0,19
2026-08-02T08:39:50.142Z,deep_scan,20260802011913_1A-4-7-8-17-28C,30,1A,0,10,M254,AA5646,0,22
2026-08-02T08:39:50.142Z,deep_scan,20260802011913_1A-4-7-8-17-28C,30,1A,0,16,M252,AA5407,1,0
2026-08-02T08:39:50.159Z,deep_scan,20260802011913_1A-4-7-8-17-28C,30,1A,1,2,M70,AA7673,0,11
2026-08-02T08:39:50.159Z,deep_scan,20260802011913_1A-4-7-8-17-28C,30,1A,1,6,M35/1,AA7418,1,15
2026-08-02T08:39:50.159Z,deep_scan,20260802011913_1A-4-7-8-17-28C,30,1A,1,11,M120/2,AA6701,1,0
2026-08-02T08:40:20.126Z,deep_scan,20260802011913_1A-4-7-8-17-28C,30,1A,0,1,M108/1,AA5946,0,12
2026-08-02T08:40:20.126Z,deep_scan,20260802011913_1A-4-7-8-17-28C,30,1A,0,4,M27,AA7468,0,4
2026-08-02T08:40:20.126Z,deep_scan,20260802011913_1A-4-7-8-17-28C,30,1A,0,11,M241,AA5646,1,16
2026-08-02T08:40:20.126Z,deep_scan,20260802011913_1A-4-7-8-17-28C,30,1A,0,16,M252,AA5407,1,0
2026-08-02T08:40:20.151Z,deep_scan,20260802011913_1A-4-7-8-17-28C,30,1A,1,3,M118,AA7673,1,35
2026-08-02T08:40:20.151Z,deep_scan,20260802011913_1A-4-7-8-17-28C,30,1A,1,6,M35/1,AA7418,0,26
2026-08-02T08:40:20.151Z,deep_scan,20260802011913_1A-4-7-8-17-28C,30,1A,1,11,M120/2,AA6701,1,0
2026-08-02T08:40:50.173Z,deep_scan,20260802011913_1A-4-7-8-17-28C,30,1A,0,2,M26/1,AA5946,1,8
2026-08-02T08:40:50.173Z,deep_scan,20260802011913_1A-4-7-8-17-28C,30,1A,0,5,M29,AA7468,1,4
2026-08-02T08:40:50.173Z,deep_scan,20260802011913_1A-4-7-8-17-28C,30,1A,0,11,M241,AA5646,1,25
2026-08-02T08:40:50.173Z,deep_scan,20260802011913_1A-4-7-8-17-28C,30,1A,0,16,M252,AA5407,1,0
2026-08-02T08:40:50.205Z,deep_scan,20260802011913_1A-4-7-8-17-28C,30,1A,1,3,M118,AA7673,1,8
2026-08-02T08:40:50.205Z,deep_scan,20260802011913_1A-4-7-8-17-28C,30,1A,1,6,M35/1,AA7418,0,11
2026-08-02T08:40:50.205Z,deep_scan,20260802011913_1A-4-7-8-17-28C,30,1A,1,11,M120/2,AA6701,1,0
2026-08-02T08:41:20.079Z,deep_scan,20260802011913_1A-4-7-8-17-28C,30,1A,1,3,M118,AA7673,0,6
2026-08-02T08:41:20.079Z,deep_scan,20260802011913_1A-4-7-8-17-28C,30,1A,1,6,M35/1,AA7418,0,35
2026-08-02T08:41:20.079Z,deep_scan,20260802011913_1A-4-7-8-17-28C,30,1A,1,11,M120/2,AA6701,1,0
2026-08-02T08:41:20.104Z,deep_scan,20260802011913_1A-4-7-8-17-28C,30,1A,0,2,M26/1,AA5946,1,9
2026-08-02T08:41:20.104Z,deep_scan,20260802011913_1A-4-7-8-17-28C,30,1A,0,5,M29,AA7468,1,4
2026-08-02T08:41:20.104Z,deep_scan,20260802011913_1A-4-7-8-17-28C,30,1A,0,11,M241,AA5646,1,25
2026-08-02T08:41:50.156Z,deep_scan,20260802011913_1A-4-7-8-17-28C,30,1A,0,0,M120/2,AA7115,1,26
2026-08-02T08:41:50.156Z,deep_scan,20260802011913_1A-4-7-8-17-28C,30,1A,0,2,M26/1,AA5946,1,6
2026-08-02T08:41:50.156Z,deep_scan,20260802011913_1A-4-7-8-17-28C,30,1A,0,5,M29,AA7468,1,2
2026-08-02T08:41:50.156Z,deep_scan,20260802011913_1A-4-7-8-17-28C,30,1A,0,11,M241,AA5646,0,16
2026-08-02T08:41:50.200Z,deep_scan,20260802011913_1A-4-7-8-17-28C,30,1A,1,3,M118,AA7673,0,6
2026-08-02T08:41:50.200Z,deep_scan,20260802011913_1A-4-7-8-17-28C,30,1A,1,7,M28/1,AA7418,1,4
2026-08-02T08:42:20.142Z,deep_scan,20260802011913_1A-4-7-8-17-28C,30,1A,0,0,M120/2,AA7115,0,26
2026-08-02T08:42:20.142Z,deep_scan,20260802011913_1A-4-7-8-17-28C,30,1A,0,2,M26/1,AA5946,0,10
2026-08-02T08:42:20.142Z,deep_scan,20260802011913_1A-4-7-8-17-28C,30,1A,0,6,M36,AA7468,1,42
2026-08-02T08:42:20.142Z,deep_scan,20260802011913_1A-4-7-8-17-28C,30,1A,0,12,M71,AA5646,1,5
2026-08-02T08:42:20.214Z,deep_scan,20260802011913_1A-4-7-8-17-28C,30,1A,1,3,M118,AA7673,0,30
2026-08-02T08:42:20.214Z,deep_scan,20260802011913_1A-4-7-8-17-28C,30,1A,1,7,M28/1,AA7418,1,13
2026-08-02T08:42:50.157Z,deep_scan,20260802011913_1A-4-7-8-17-28C,30,1A,1,3,M118,AA7673,0,35
2026-08-02T08:42:50.157Z,deep_scan,20260802011913_1A-4-7-8-17-28C,30,1A,1,7,M28/1,AA7418,0,14
2026-08-02T08:42:50.166Z,deep_scan,20260802011913_1A-4-7-8-17-28C,30,1A,0,0,M120/2,AA7115,0,26
2026-08-02T08:42:50.166Z,deep_scan,20260802011913_1A-4-7-8-17-28C,30,1A,0,2,M26/1,AA5946,0,11
2026-08-02T08:42:50.166Z,deep_scan,20260802011913_1A-4-7-8-17-28C,30,1A,0,6,M36,AA7468,1,42
2026-08-02T08:42:50.166Z,deep_scan,20260802011913_1A-4-7-8-17-28C,30,1A,0,12,M71,AA5646,1,3
2026-08-02T08:43:20.151Z,deep_scan,20260802011913_1A-4-7-8-17-28C,30,1A,1,3,M118,AA7673,0,42
2026-08-02T08:43:20.151Z,deep_scan,20260802011913_1A-4-7-8-17-28C,30,1A,1,7,M28/1,AA7418,0,14
2026-08-02T08:43:20.199Z,deep_scan,20260802011913_1A-4-7-8-17-28C,30,1A,0,0,M120/2,AA7115,0,4
2026-08-02T08:43:20.199Z,deep_scan,20260802011913_1A-4-7-8-17-28C,30,1A,0,2,M26/1,AA5946,0,25
2026-08-02T08:43:20.199Z,deep_scan,20260802011913_1A-4-7-8-17-28C,30,1A,0,6,M36,AA7468,1,2
2026-08-02T08:43:20.199Z,deep_scan,20260802011913_1A-4-7-8-17-28C,30,1A,0,13,M156,AA5646,1,5
2026-08-02T08:43:50.132Z,deep_scan,20260802011913_1A-4-7-8-17-28C,30,1A,1,3,M118,AA7673,0,40
2026-08-02T08:43:50.132Z,deep_scan,20260802011913_1A-4-7-8-17-28C,30,1A,1,7,M28/1,AA7418,0,20
2026-08-02T08:43:50.147Z,deep_scan,20260802011913_1A-4-7-8-17-28C,30,1A,0,1,M108/1,AA7115,1,24
2026-08-02T08:43:50.147Z,deep_scan,20260802011913_1A-4-7-8-17-28C,30,1A,0,3,M10,AA5946,1,19
2026-08-02T08:43:50.147Z,deep_scan,20260802011913_1A-4-7-8-17-28C,30,1A,0,6,M36,AA7468,1,15
2026-08-02T08:43:50.147Z,deep_scan,20260802011913_1A-4-7-8-17-28C,30,1A,0,13,M156,AA5646,1,12
2026-08-02T08:44:20.186Z,deep_scan,20260802011913_1A-4-7-8-17-28C,30,1A,1,3,M118,AA7673,0,36
2026-08-02T08:44:20.186Z,deep_scan,20260802011913_1A-4-7-8-17-28C,30,1A,1,7,M28/1,AA7418,0,20
2026-08-02T08:44:20.251Z,deep_scan,20260802011913_1A-4-7-8-17-28C,30,1A,0,1,M108/1,AA7115,1,24
2026-08-02T08:44:20.251Z,deep_scan,20260802011913_1A-4-7-8-17-28C,30,1A,0,3,M10,AA5946,1,19
2026-08-02T08:44:20.251Z,deep_scan,20260802011913_1A-4-7-8-17-28C,30,1A,0,6,M36,AA7468,0,3
2026-08-02T08:44:20.251Z,deep_scan,20260802011913_1A-4-7-8-17-28C,30,1A,0,13,M156,AA5646,0,24
2026-08-02T08:44:50.156Z,deep_scan,20260802011913_1A-4-7-8-17-28C,30,1A,0,1,M108/1,AA7115,0,10
2026-08-02T08:44:50.156Z,deep_scan,20260802011913_1A-4-7-8-17-28C,30,1A,0,3,M10,AA5946,0,7
2026-08-02T08:44:50.156Z,deep_scan,20260802011913_1A-4-7-8-17-28C,30,1A,0,7,M48,AA7468,1,4
2026-08-02T08:44:50.156Z,deep_scan,20260802011913_1A-4-7-8-17-28C,30,1A,0,14,M253,AA5646,1,29
2026-08-02T08:44:50.186Z,deep_scan,20260802011913_1A-4-7-8-17-28C,30,1A,1,3,M118,AA7673,0,48
2026-08-02T08:44:50.186Z,deep_scan,20260802011913_1A-4-7-8-17-28C,30,1A,1,7,M28/1,AA7418,0,18
2026-08-02T08:45:20.179Z,deep_scan,20260802011913_1A-4-7-8-17-28C,30,1A,0,1,M108/1,AA7115,0,14
2026-08-02T08:45:20.179Z,deep_scan,20260802011913_1A-4-7-8-17-28C,30,1A,0,3,M10,AA5946,0,17
2026-08-02T08:45:20.179Z,deep_scan,20260802011913_1A-4-7-8-17-28C,30,1A,0,7,M48,AA7468,1,13
2026-08-02T08:45:20.179Z,deep_scan,20260802011913_1A-4-7-8-17-28C,30,1A,0,14,M253,AA5646,1,8
2026-08-02T08:45:20.199Z,deep_scan,20260802011913_1A-4-7-8-17-28C,30,1A,1,4,M53,AA7673,1,15
2026-08-02T08:45:20.199Z,deep_scan,20260802011913_1A-4-7-8-17-28C,30,1A,1,7,M28/1,AA7418,0,2
2026-08-02T08:45:50.209Z,deep_scan,20260802011913_1A-4-7-8-17-28C,30,1A,1,4,M53,AA7673,0,44
2026-08-02T08:45:50.209Z,deep_scan,20260802011913_1A-4-7-8-17-28C,30,1A,1,7,M28/1,AA7418,0,2
2026-08-02T08:45:50.218Z,deep_scan,20260802011913_1A-4-7-8-17-28C,30,1A,0,1,M108/1,AA7115,0,35
2026-08-02T08:45:50.218Z,deep_scan,20260802011913_1A-4-7-8-17-28C,30,1A,0,3,M10,AA5946,0,23
2026-08-02T08:45:50.218Z,deep_scan,20260802011913_1A-4-7-8-17-28C,30,1A,0,7,M48,AA7468,0,12
2026-08-02T08:45:50.218Z,deep_scan,20260802011913_1A-4-7-8-17-28C,30,1A,0,14,M253,AA5646,0,28
2026-08-02T08:46:20.264Z,deep_scan,20260802011913_1A-4-7-8-17-28C,30,1A,0,1,M108/1,AA7115,0,33
2026-08-02T08:46:20.264Z,deep_scan,20260802011913_1A-4-7-8-17-28C,30,1A,0,3,M10,AA5946,0,3
2026-08-02T08:46:20.264Z,deep_scan,20260802011913_1A-4-7-8-17-28C,30,1A,0,8,M52,AA7468,1,43
2026-08-02T08:46:20.264Z,deep_scan,20260802011913_1A-4-7-8-17-28C,30,1A,0,15,M250,AA5646,1,6
2026-08-02T08:46:20.269Z,deep_scan,20260802011913_1A-4-7-8-17-28C,30,1A,1,1,M161,AA5407,1,4
2026-08-02T08:46:20.269Z,deep_scan,20260802011913_1A-4-7-8-17-28C,30,1A,1,4,M53,AA7673,0,12
2026-08-02T08:46:20.269Z,deep_scan,20260802011913_1A-4-7-8-17-28C,30,1A,1,8,M11,AA7418,1,24
2026-08-02T08:46:50.186Z,deep_scan,20260802011913_1A-4-7-8-17-28C,30,1A,1,1,M161,AA5407,0,11
2026-08-02T08:46:50.186Z,deep_scan,20260802011913_1A-4-7-8-17-28C,30,1A,1,5,M49,AA7673,1,2
2026-08-02T08:46:50.186Z,deep_scan,20260802011913_1A-4-7-8-17-28C,30,1A,1,9,M12,AA7418,1,28
2026-08-02T08:46:50.200Z,deep_scan,20260802011913_1A-4-7-8-17-28C,30,1A,0,1,M108/1,AA7115,0,6
2026-08-02T08:46:50.200Z,deep_scan,20260802011913_1A-4-7-8-17-28C,30,1A,0,4,M27,AA5946,1,14
2026-08-02T08:46:50.200Z,deep_scan,20260802011913_1A-4-7-8-17-28C,30,1A,0,8,M52,AA7468,1,12
2026-08-02T08:46:50.200Z,deep_scan,20260802011913_1A-4-7-8-17-28C,30,1A,0,15,M250,AA5646,1,5
2026-08-02T08:47:20.220Z,deep_scan,20260802011913_1A-4-7-8-17-28C,30,1A,1,2,M70,AA5407,1,25
2026-08-02T08:47:20.220Z,deep_scan,20260802011913_1A-4-7-8-17-28C,30,1A,1,5,M49,AA7673,1,12
2026-08-02T08:47:20.220Z,deep_scan,20260802011913_1A-4-7-8-17-28C,30,1A,1,9,M12,AA7418,0,10
2026-08-02T08:47:20.234Z,deep_scan,20260802011913_1A-4-7-8-17-28C,30,1A,0,1,M108/1,AA7115,0,16
2026-08-02T08:47:20.234Z,deep_scan,20260802011913_1A-4-7-8-17-28C,30,1A,0,4,M27,AA5946,0,2
2026-08-02T08:47:20.234Z,deep_scan,20260802011913_1A-4-7-8-17-28C,30,1A,0,8,M52,AA7468,0,17
2026-08-02T08:47:20.234Z,deep_scan,20260802011913_1A-4-7-8-17-28C,30,1A,0,15,M250,AA5646,0,19
2026-08-02T08:47:50.166Z,deep_scan,20260802011913_1A-4-7-8-17-28C,30,1A,1,2,M70,AA5407,1,15
2026-08-02T08:47:50.166Z,deep_scan,20260802011913_1A-4-7-8-17-28C,30,1A,1,5,M49,AA7673,1,12
2026-08-02T08:47:50.166Z,deep_scan,20260802011913_1A-4-7-8-17-28C,30,1A,1,10,M21/1,AA7418,1,17
2026-08-02T08:47:50.218Z,deep_scan,20260802011913_1A-4-7-8-17-28C,30,1A,0,2,M26/1,AA7115,1,18
2026-08-02T08:47:50.218Z,deep_scan,20260802011913_1A-4-7-8-17-28C,30,1A,0,4,M27,AA5946,0,13
2026-08-02T08:47:50.218Z,deep_scan,20260802011913_1A-4-7-8-17-28C,30,1A,0,8,M52,AA7468,0,21
2026-08-02T08:47:50.218Z,deep_scan,20260802011913_1A-4-7-8-17-28C,30,1A,0,16,M252,AA5646,1,0
2026-08-02T08:48:20.313Z,deep_scan,20260802011913_1A-4-7-8-17-28C,30,1A,1,3,M118,AA5407,1,32
2026-08-02T08:48:20.313Z,deep_scan,20260802011913_1A-4-7-8-17-28C,30,1A,1,5,M49,AA7673,1,12
2026-08-02T08:48:20.313Z,deep_scan,20260802011913_1A-4-7-8-17-28C,30,1A,1,10,M21/1,AA7418,0,17
2026-08-02T08:48:20.556Z,deep_scan,20260802011913_1A-4-7-8-17-28C,30,1A,0,2,M26/1,AA7115,1,12
2026-08-02T08:48:20.556Z,deep_scan,20260802011913_1A-4-7-8-17-28C,30,1A,0,4,M27,AA5946,0,21
2026-08-02T08:48:20.556Z,deep_scan,20260802011913_1A-4-7-8-17-28C,30,1A,0,8,M52,AA7468,0,47
2026-08-02T08:48:20.556Z,deep_scan,20260802011913_1A-4-7-8-17-28C,30,1A,0,16,M252,AA5646,1,0
2026-08-02T08:48:50.188Z,deep_scan,20260802011913_1A-4-7-8-17-28C,30,1A,0,2,M26/1,AA7115,0,16
2026-08-02T08:48:50.188Z,deep_scan,20260802011913_1A-4-7-8-17-28C,30,1A,0,4,M27,AA5946,0,2
2026-08-02T08:48:50.188Z,deep_scan,20260802011913_1A-4-7-8-17-28C,30,1A,0,8,M52,AA7468,0,7
2026-08-02T08:48:50.188Z,deep_scan,20260802011913_1A-4-7-8-17-28C,30,1A,0,16,M252,AA5646,1,0
2026-08-02T08:48:50.217Z,deep_scan,20260802011913_1A-4-7-8-17-28C,30,1A,1,3,M118,AA5407,1,35
2026-08-02T08:48:50.217Z,deep_scan,20260802011913_1A-4-7-8-17-28C,30,1A,1,5,M49,AA7673,0,28
2026-08-02T08:48:50.217Z,deep_scan,20260802011913_1A-4-7-8-17-28C,30,1A,1,10,M21/1,AA7418,0,2
2026-08-02T08:49:20.248Z,deep_scan,20260802011913_1A-4-7-8-17-28C,30,1A,0,2,M26/1,AA7115,0,21
2026-08-02T08:49:20.248Z,deep_scan,20260802011913_1A-4-7-8-17-28C,30,1A,0,4,M27,AA5946,0,2
2026-08-02T08:49:20.248Z,deep_scan,20260802011913_1A-4-7-8-17-28C,30,1A,0,8,M52,AA7468,0,22
2026-08-02T08:49:20.248Z,deep_scan,20260802011913_1A-4-7-8-17-28C,30,1A,0,16,M252,AA5646,1,0
2026-08-02T08:49:20.256Z,deep_scan,20260802011913_1A-4-7-8-17-28C,30,1A,1,3,M118,AA5407,1,6
2026-08-02T08:49:20.256Z,deep_scan,20260802011913_1A-4-7-8-17-28C,30,1A,1,5,M49,AA7673,0,12
2026-08-02T08:49:20.256Z,deep_scan,20260802011913_1A-4-7-8-17-28C,30,1A,1,10,M21/1,AA7418,0,9
2026-08-02T08:49:50.225Z,deep_scan,20260802011913_1A-4-7-8-17-28C,30,1A,1,3,M118,AA5407,0,6
2026-08-02T08:49:50.225Z,deep_scan,20260802011913_1A-4-7-8-17-28C,30,1A,1,6,M35/1,AA7673,1,19
2026-08-02T08:49:50.225Z,deep_scan,20260802011913_1A-4-7-8-17-28C,30,1A,1,10,M21/1,AA7418,0,7
2026-08-02T08:49:50.232Z,deep_scan,20260802011913_1A-4-7-8-17-28C,30,1A,0,2,M26/1,AA7115,0,21
2026-08-02T08:49:50.232Z,deep_scan,20260802011913_1A-4-7-8-17-28C,30,1A,0,5,M29,AA5946,1,16
2026-08-02T08:49:50.232Z,deep_scan,20260802011913_1A-4-7-8-17-28C,30,1A,0,9,M239/1,AA7468,1,38
2026-08-02T08:49:50.232Z,deep_scan,20260802011913_1A-4-7-8-17-28C,30,1A,0,16,M252,AA5646,1,0
2026-08-02T08:50:20.286Z,deep_scan,20260802011913_1A-4-7-8-17-28C,30,1A,0,2,M26/1,AA7115,0,4
2026-08-02T08:50:20.286Z,deep_scan,20260802011913_1A-4-7-8-17-28C,30,1A,0,5,M29,AA5946,1,5
2026-08-02T08:50:20.286Z,deep_scan,20260802011913_1A-4-7-8-17-28C,30,1A,0,9,M239/1,AA7468,0,5
2026-08-02T08:50:20.286Z,deep_scan,20260802011913_1A-4-7-8-17-28C,30,1A,0,16,M252,AA5646,1,0
2026-08-02T08:50:20.352Z,deep_scan,20260802011913_1A-4-7-8-17-28C,30,1A,1,3,M118,AA5407,0,3
2026-08-02T08:50:20.352Z,deep_scan,20260802011913_1A-4-7-8-17-28C,30,1A,1,6,M35/1,AA7673,1,12
2026-08-02T08:50:20.352Z,deep_scan,20260802011913_1A-4-7-8-17-28C,30,1A,1,10,M21/1,AA7418,0,41
2026-08-02T08:50:50.245Z,deep_scan,20260802011913_1A-4-7-8-17-28C,30,1A,0,0,M120/2,AA6701,1,40
2026-08-02T08:50:50.245Z,deep_scan,20260802011913_1A-4-7-8-17-28C,30,1A,0,2,M26/1,AA7115,0,4
2026-08-02T08:50:50.245Z,deep_scan,20260802011913_1A-4-7-8-17-28C,30,1A,0,5,M29,AA5946,1,5
2026-08-02T08:50:50.245Z,deep_scan,20260802011913_1A-4-7-8-17-28C,30,1A,0,10,M254,AA7468,1,19
2026-08-02T08:50:50.245Z,deep_scan,20260802011913_1A-4-7-8-17-28C,30,1A,0,16,M252,AA5646,1,0
2026-08-02T08:50:50.249Z,deep_scan,20260802011913_1A-4-7-8-17-28C,30,1A,1,3,M118,AA5407,0,43
2026-08-02T08:50:50.249Z,deep_scan,20260802011913_1A-4-7-8-17-28C,30,1A,1,6,M35/1,AA7673,1,12
2026-08-02T08:50:50.249Z,deep_scan,20260802011913_1A-4-7-8-17-28C,30,1A,1,10,M21/1,AA7418,0,41
2026-08-02T08:51:20.240Z,deep_scan,20260802011913_1A-4-7-8-17-28C,30,1A,0,0,M120/2,AA6701,0,40
2026-08-02T08:51:20.240Z,deep_scan,20260802011913_1A-4-7-8-17-28C,30,1A,0,2,M26/1,AA7115,0,2
2026-08-02T08:51:20.240Z,deep_scan,20260802011913_1A-4-7-8-17-28C,30,1A,0,5,M29,AA5946,0,20
2026-08-02T08:51:20.240Z,deep_scan,20260802011913_1A-4-7-8-17-28C,30,1A,0,10,M254,AA7468,0,46
2026-08-02T08:51:20.240Z,deep_scan,20260802011913_1A-4-7-8-17-28C,30,1A,0,16,M252,AA5646,1,0
2026-08-02T08:51:20.256Z,deep_scan,20260802011913_1A-4-7-8-17-28C,30,1A,1,3,M118,AA5407,0,32
2026-08-02T08:51:20.256Z,deep_scan,20260802011913_1A-4-7-8-17-28C,30,1A,1,6,M35/1,AA7673,0,21
2026-08-02T08:51:20.256Z,deep_scan,20260802011913_1A-4-7-8-17-28C,30,1A,1,10,M21/1,AA7418,0,41
2026-08-02T08:51:50.220Z,deep_scan,20260802011913_1A-4-7-8-17-28C,30,1A,0,1,M108/1,AA6701,1,40
2026-08-02T08:51:50.220Z,deep_scan,20260802011913_1A-4-7-8-17-28C,30,1A,0,2,M26/1,AA7115,0,2
2026-08-02T08:51:50.220Z,deep_scan,20260802011913_1A-4-7-8-17-28C,30,1A,0,6,M36,AA5946,1,15
2026-08-02T08:51:50.220Z,deep_scan,20260802011913_1A-4-7-8-17-28C,30,1A,0,10,M254,AA7468,0,5
2026-08-02T08:51:50.220Z,deep_scan,20260802011913_1A-4-7-8-17-28C,30,1A,0,16,M252,AA5646,1,0
2026-08-02T08:51:50.279Z,deep_scan,20260802011913_1A-4-7-8-17-28C,30,1A,1,3,M118,AA5407,0,36
2026-08-02T08:51:50.279Z,deep_scan,20260802011913_1A-4-7-8-17-28C,30,1A,1,6,M35/1,AA7673,0,8
2026-08-02T08:51:50.279Z,deep_scan,20260802011913_1A-4-7-8-17-28C,30,1A,1,10,M21/1,AA7418,0,41
2026-08-02T08:52:20.281Z,deep_scan,20260802011913_1A-4-7-8-17-28C,30,1A,0,1,M108/1,AA6701,1,32
2026-08-02T08:52:20.281Z,deep_scan,20260802011913_1A-4-7-8-17-28C,30,1A,0,2,M26/1,AA7115,0,12
2026-08-02T08:52:20.281Z,deep_scan,20260802011913_1A-4-7-8-17-28C,30,1A,0,6,M36,AA5946,0,5
2026-08-02T08:52:20.281Z,deep_scan,20260802011913_1A-4-7-8-17-28C,30,1A,0,11,M241,AA7468,1,32
2026-08-02T08:52:20.350Z,deep_scan,20260802011913_1A-4-7-8-17-28C,30,1A,1,3,M118,AA5407,0,16
2026-08-02T08:52:20.350Z,deep_scan,20260802011913_1A-4-7-8-17-28C,30,1A,1,6,M35/1,AA7673,0,21
2026-08-02T08:52:20.350Z,deep_scan,20260802011913_1A-4-7-8-17-28C,30,1A,1,10,M21/1,AA7418,0,32
2026-08-02T08:52:50.250Z,deep_scan,20260802011913_1A-4-7-8-17-28C,30,1A,0,1,M108/1,AA6701,0,4
2026-08-02T08:52:50.250Z,deep_scan,20260802011913_1A-4-7-8-17-28C,30,1A,0,2,M26/1,AA7115,0,12
2026-08-02T08:52:50.250Z,deep_scan,20260802011913_1A-4-7-8-17-28C,30,1A,0,7,M48,AA5946,1,5
2026-08-02T08:52:50.250Z,deep_scan,20260802011913_1A-4-7-8-17-28C,30,1A,0,11,M241,AA7468,0,19
2026-08-02T08:52:50.279Z,deep_scan,20260802011913_1A-4-7-8-17-28C,30,1A,1,3,M118,AA5407,0,28
2026-08-02T08:52:50.279Z,deep_scan,20260802011913_1A-4-7-8-17-28C,30,1A,1,7,M28/1,AA7673,1,7
2026-08-02T08:52:50.279Z,deep_scan,20260802011913_1A-4-7-8-17-28C,30,1A,1,10,M21/1,AA7418,0,27
2026-08-02T08:53:20.253Z,deep_scan,20260802011913_1A-4-7-8-17-28C,30,1A,1,3,M118,AA5407,0,49
2026-08-02T08:53:20.253Z,deep_scan,20260802011913_1A-4-7-8-17-28C,30,1A,1,7,M28/1,AA7673,1,4
2026-08-02T08:53:20.253Z,deep_scan,20260802011913_1A-4-7-8-17-28C,30,1A,1,10,M21/1,AA7418,0,35
2026-08-02T08:53:20.301Z,deep_scan,20260802011913_1A-4-7-8-17-28C,30,1A,0,1,M108/1,AA6701,0,1
2026-08-02T08:53:20.301Z,deep_scan,20260802011913_1A-4-7-8-17-28C,30,1A,0,2,M26/1,AA7115,0,12
2026-08-02T08:53:20.301Z,deep_scan,20260802011913_1A-4-7-8-17-28C,30,1A,0,7,M48,AA5946,1,5
2026-08-02T08:53:20.301Z,deep_scan,20260802011913_1A-4-7-8-17-28C,30,1A,0,12,M71,AA7468,0,16
2026-08-02T08:53:50.263Z,deep_scan,20260802011913_1A-4-7-8-17-28C,30,1A,0,1,M108/1,AA6701,0,39
2026-08-02T08:53:50.263Z,deep_scan,20260802011913_1A-4-7-8-17-28C,30,1A,0,3,M10,AA7115,1,15
2026-08-02T08:53:50.263Z,deep_scan,20260802011913_1A-4-7-8-17-28C,30,1A,0,7,M48,AA5946,1,5
2026-08-02T08:53:50.263Z,deep_scan,20260802011913_1A-4-7-8-17-28C,30,1A,0,13,M156,AA7468,0,32
2026-08-02T08:53:50.288Z,deep_scan,20260802011913_1A-4-7-8-17-28C,30,1A,1,0,M252,AA5646,1,19
2026-08-02T08:53:50.288Z,deep_scan,20260802011913_1A-4-7-8-17-28C,30,1A,1,4,M53,AA5407,1,20
2026-08-02T08:53:50.288Z,deep_scan,20260802011913_1A-4-7-8-17-28C,30,1A,1,7,M28/1,AA7673,1,4
2026-08-02T08:53:50.288Z,deep_scan,20260802011913_1A-4-7-8-17-28C,30,1A,1,10,M21/1,AA7418,0,35
2026-08-02T08:54:20.297Z,deep_scan,20260802011913_1A-4-7-8-17-28C,30,1A,0,1,M108/1,AA6701,0,9
2026-08-02T08:54:20.297Z,deep_scan,20260802011913_1A-4-7-8-17-28C,30,1A,0,3,M10,AA7115,0,17
2026-08-02T08:54:20.297Z,deep_scan,20260802011913_1A-4-7-8-17-28C,30,1A,0,7,M48,AA5946,1,16
2026-08-02T08:54:20.297Z,deep_scan,20260802011913_1A-4-7-8-17-28C,30,1A,0,14,M253,AA7468,1,35
2026-08-02T08:54:20.319Z,deep_scan,20260802011913_1A-4-7-8-17-28C,30,1A,1,0,M252,AA5646,1,19
2026-08-02T08:54:20.319Z,deep_scan,20260802011913_1A-4-7-8-17-28C,30,1A,1,4,M53,AA5407,0,35
2026-08-02T08:54:20.319Z,deep_scan,20260802011913_1A-4-7-8-17-28C,30,1A,1,7,M28/1,AA7673,0,22
2026-08-02T08:54:20.319Z,deep_scan,20260802011913_1A-4-7-8-17-28C,30,1A,1,10,M21/1,AA7418,0,35
2026-08-02T08:54:50.290Z,deep_scan,20260802011913_1A-4-7-8-17-28C,30,1A,1,0,M252,AA5646,1,10
2026-08-02T08:54:50.290Z,deep_scan,20260802011913_1A-4-7-8-17-28C,30,1A,1,4,M53,AA5407,0,24
2026-08-02T08:54:50.290Z,deep_scan,20260802011913_1A-4-7-8-17-28C,30,1A,1,7,M28/1,AA7673,0,22
2026-08-02T08:54:50.290Z,deep_scan,20260802011913_1A-4-7-8-17-28C,30,1A,1,10,M21/1,AA7418,0,35
2026-08-02T08:54:50.349Z,deep_scan,20260802011913_1A-4-7-8-17-28C,30,1A,0,1,M108/1,AA6701,0,25
2026-08-02T08:54:50.349Z,deep_scan,20260802011913_1A-4-7-8-17-28C,30,1A,0,3,M10,AA7115,0,11
2026-08-02T08:54:50.349Z,deep_scan,20260802011913_1A-4-7-8-17-28C,30,1A,0,7,M48,AA5946,0,19
2026-08-02T08:54:50.349Z,deep_scan,20260802011913_1A-4-7-8-17-28C,30,1A,0,14,M253,AA7468,0,19
2026-08-02T08:55:20.290Z,deep_scan,20260802011913_1A-4-7-8-17-28C,30,1A,1,0,M252,AA5646,0,48
2026-08-02T08:55:20.290Z,deep_scan,20260802011913_1A-4-7-8-17-28C,30,1A,1,5,M49,AA5407,1,15
2026-08-02T08:55:20.290Z,deep_scan,20260802011913_1A-4-7-8-17-28C,30,1A,1,7,M28/1,AA7673,0,22
2026-08-02T08:55:20.290Z,deep_scan,20260802011913_1A-4-7-8-17-28C,30,1A,1,11,M120/2,AA7418,1,0
2026-08-02T08:55:20.303Z,deep_scan,20260802011913_1A-4-7-8-17-28C,30,1A,0,1,M108/1,AA6701,0,2
2026-08-02T08:55:20.303Z,deep_scan,20260802011913_1A-4-7-8-17-28C,30,1A,0,3,M10,AA7115,0,21
2026-08-02T08:55:20.303Z,deep_scan,20260802011913_1A-4-7-8-17-28C,30,1A,0,7,M48,AA5946,0,43
2026-08-02T08:55:20.303Z,deep_scan,20260802011913_1A-4-7-8-17-28C,30,1A,0,14,M253,AA7468,0,30
2026-08-02T08:55:50.316Z,deep_scan,20260802011913_1A-4-7-8-17-28C,30,1A,0,1,M108/1,AA6701,0,33
2026-08-02T08:55:50.316Z,deep_scan,20260802011913_1A-4-7-8-17-28C,30,1A,0,4,M27,AA7115,1,16
2026-08-02T08:55:50.316Z,deep_scan,20260802011913_1A-4-7-8-17-28C,30,1A,0,8,M52,AA5946,0,8
2026-08-02T08:55:50.316Z,deep_scan,20260802011913_1A-4-7-8-17-28C,30,1A,0,15,M250,AA7468,1,43
2026-08-02T08:55:50.357Z,deep_scan,20260802011913_1A-4-7-8-17-28C,30,1A,1,0,M252,AA5646,0,3
2026-08-02T08:55:50.357Z,deep_scan,20260802011913_1A-4-7-8-17-28C,30,1A,1,5,M49,AA5407,0,24
2026-08-02T08:55:50.357Z,deep_scan,20260802011913_1A-4-7-8-17-28C,30,1A,1,7,M28/1,AA7673,0,3
2026-08-02T08:55:50.357Z,deep_scan,20260802011913_1A-4-7-8-17-28C,30,1A,1,11,M120/2,AA7418,1,0
2026-08-02T08:56:20.321Z,deep_scan,20260802011913_1A-4-7-8-17-28C,30,1A,1,0,M252,AA5646,0,3
2026-08-02T08:56:20.321Z,deep_scan,20260802011913_1A-4-7-8-17-28C,30,1A,1,6,M35/1,AA5407,1,21
2026-08-02T08:56:20.321Z,deep_scan,20260802011913_1A-4-7-8-17-28C,30,1A,1,7,M28/1,AA7673,0,19
2026-08-02T08:56:20.321Z,deep_scan,20260802011913_1A-4-7-8-17-28C,30,1A,1,11,M120/2,AA7418,1,0
2026-08-02T08:56:20.364Z,deep_scan,20260802011913_1A-4-7-8-17-28C,30,1A,0,1,M108/1,AA6701,0,9
2026-08-02T08:56:20.364Z,deep_scan,20260802011913_1A-4-7-8-17-28C,30,1A,0,4,M27,AA7115,0,13
2026-08-02T08:56:20.364Z,deep_scan,20260802011913_1A-4-7-8-17-28C,30,1A,0,8,M52,AA5946,0,22
2026-08-02T08:56:20.364Z,deep_scan,20260802011913_1A-4-7-8-17-28C,30,1A,0,15,M250,AA7468,0,11
2026-08-02T08:56:50.388Z,deep_scan,20260802011913_1A-4-7-8-17-28C,30,1A,0,1,M108/1,AA6701,0,17
2026-08-02T08:56:50.388Z,deep_scan,20260802011913_1A-4-7-8-17-28C,30,1A,0,4,M27,AA7115,0,31
2026-08-02T08:56:50.388Z,deep_scan,20260802011913_1A-4-7-8-17-28C,30,1A,0,8,M52,AA5946,0,33
2026-08-02T08:56:50.388Z,deep_scan,20260802011913_1A-4-7-8-17-28C,30,1A,0,15,M250,AA7468,0,6
2026-08-02T08:56:50.396Z,deep_scan,20260802011913_1A-4-7-8-17-28C,30,1A,1,1,M161,AA5646,1,5
2026-08-02T08:56:50.396Z,deep_scan,20260802011913_1A-4-7-8-17-28C,30,1A,1,6,M35/1,AA5407,0,13
2026-08-02T08:56:50.396Z,deep_scan,20260802011913_1A-4-7-8-17-28C,30,1A,1,7,M28/1,AA7673,0,12
2026-08-02T08:56:50.396Z,deep_scan,20260802011913_1A-4-7-8-17-28C,30,1A,1,11,M120/2,AA7418,1,0
2026-08-02T08:57:20.346Z,deep_scan,20260802011913_1A-4-7-8-17-28C,30,1A,0,2,M26/1,AA6701,1,31
2026-08-02T08:57:20.346Z,deep_scan,20260802011913_1A-4-7-8-17-28C,30,1A,0,5,M29,AA7115,1,14
2026-08-02T08:57:20.346Z,deep_scan,20260802011913_1A-4-7-8-17-28C,30,1A,0,8,M52,AA5946,0,41
2026-08-02T08:57:20.346Z,deep_scan,20260802011913_1A-4-7-8-17-28C,30,1A,0,16,M252,AA7468,1,0
2026-08-02T08:57:20.357Z,deep_scan,20260802011913_1A-4-7-8-17-28C,30,1A,1,1,M161,AA5646,1,5
2026-08-02T08:57:20.357Z,deep_scan,20260802011913_1A-4-7-8-17-28C,30,1A,1,6,M35/1,AA5407,0,13
2026-08-02T08:57:20.357Z,deep_scan,20260802011913_1A-4-7-8-17-28C,30,1A,1,8,M11,AA7673,1,19
2026-08-02T08:57:20.357Z,deep_scan,20260802011913_1A-4-7-8-17-28C,30,1A,1,11,M120/2,AA7418,1,0
2026-08-02T08:57:50.376Z,deep_scan,20260802011913_1A-4-7-8-17-28C,30,1A,1,1,M161,AA5646,1,21
2026-08-02T08:57:50.376Z,deep_scan,20260802011913_1A-4-7-8-17-28C,30,1A,1,6,M35/1,AA5407,0,13
2026-08-02T08:57:50.376Z,deep_scan,20260802011913_1A-4-7-8-17-28C,30,1A,1,8,M11,AA7673,0,20
2026-08-02T08:57:50.376Z,deep_scan,20260802011913_1A-4-7-8-17-28C,30,1A,1,11,M120/2,AA7418,1,0
2026-08-02T08:57:50.402Z,deep_scan,20260802011913_1A-4-7-8-17-28C,30,1A,0,2,M26/1,AA6701,0,10
2026-08-02T08:57:50.402Z,deep_scan,20260802011913_1A-4-7-8-17-28C,30,1A,0,5,M29,AA7115,1,14
2026-08-02T08:57:50.402Z,deep_scan,20260802011913_1A-4-7-8-17-28C,30,1A,0,8,M52,AA5946,0,20
2026-08-02T08:57:50.402Z,deep_scan,20260802011913_1A-4-7-8-17-28C,30,1A,0,16,M252,AA7468,1,0
2026-08-02T08:58:20.327Z,deep_scan,20260802011913_1A-4-7-8-17-28C,30,1A,1,2,M70,AA5646,1,11
2026-08-02T08:58:20.327Z,deep_scan,20260802011913_1A-4-7-8-17-28C,30,1A,1,6,M35/1,AA5407,0,28
2026-08-02T08:58:20.327Z,deep_scan,20260802011913_1A-4-7-8-17-28C,30,1A,1,9,M12,AA7673,1,6
2026-08-02T08:58:20.327Z,deep_scan,20260802011913_1A-4-7-8-17-28C,30,1A,1,11,M120/2,AA7418,1,0
2026-08-02T08:58:20.362Z,deep_scan,20260802011913_1A-4-7-8-17-28C,30,1A,0,2,M26/1,AA6701,0,21
2026-08-02T08:58:20.362Z,deep_scan,20260802011913_1A-4-7-8-17-28C,30,1A,0,5,M29,AA7115,0,5
2026-08-02T08:58:20.362Z,deep_scan,20260802011913_1A-4-7-8-17-28C,30,1A,0,8,M52,AA5946,0,26
2026-08-02T08:58:20.362Z,deep_scan,20260802011913_1A-4-7-8-17-28C,30,1A,0,16,M252,AA7468,1,0
2026-08-02T08:58:50.323Z,deep_scan,20260802011913_1A-4-7-8-17-28C,30,1A,0,2,M26/1,AA6701,0,17
2026-08-02T08:58:50.323Z,deep_scan,20260802011913_1A-4-7-8-17-28C,30,1A,0,6,M36,AA7115,1,26
2026-08-02T08:58:50.323Z,deep_scan,20260802011913_1A-4-7-8-17-28C,30,1A,0,9,M239/1,AA5946,1,28
2026-08-02T08:58:50.323Z,deep_scan,20260802011913_1A-4-7-8-17-28C,30,1A,0,16,M252,AA7468,1,0
2026-08-02T08:58:50.330Z,deep_scan,20260802011913_1A-4-7-8-17-28C,30,1A,1,2,M70,AA5646,0,28
2026-08-02T08:58:50.330Z,deep_scan,20260802011913_1A-4-7-8-17-28C,30,1A,1,6,M35/1,AA5407,0,14
2026-08-02T08:58:50.330Z,deep_scan,20260802011913_1A-4-7-8-17-28C,30,1A,1,9,M12,AA7673,0,13
2026-08-02T08:58:50.330Z,deep_scan,20260802011913_1A-4-7-8-17-28C,30,1A,1,11,M120/2,AA7418,1,0
2026-08-02T08:59:20.319Z,deep_scan,20260802011913_1A-4-7-8-17-28C,30,1A,1,3,M118,AA5646,1,18
2026-08-02T08:59:20.319Z,deep_scan,20260802011913_1A-4-7-8-17-28C,30,1A,1,7,M28/1,AA5407,1,19
2026-08-02T08:59:20.319Z,deep_scan,20260802011913_1A-4-7-8-17-28C,30,1A,1,9,M12,AA7673,0,19
2026-08-02T08:59:20.319Z,deep_scan,20260802011913_1A-4-7-8-17-28C,30,1A,1,11,M120/2,AA7418,1,0
2026-08-02T08:59:20.366Z,deep_scan,20260802011913_1A-4-7-8-17-28C,30,1A,0,2,M26/1,AA6701,0,29
2026-08-02T08:59:20.366Z,deep_scan,20260802011913_1A-4-7-8-17-28C,30,1A,0,6,M36,AA7115,1,6
2026-08-02T08:59:20.366Z,deep_scan,20260802011913_1A-4-7-8-17-28C,30,1A,0,9,M239/1,AA5946,0,21
2026-08-02T08:59:20.366Z,deep_scan,20260802011913_1A-4-7-8-17-28C,30,1A,0,16,M252,AA7468,1,0
2026-08-02T08:59:50.401Z,deep_scan,20260802011913_1A-4-7-8-17-28C,30,1A,0,2,M26/1,AA6701,0,37
2026-08-02T08:59:50.401Z,deep_scan,20260802011913_1A-4-7-8-17-28C,30,1A,0,6,M36,AA7115,0,20
2026-08-02T08:59:50.401Z,deep_scan,20260802011913_1A-4-7-8-17-28C,30,1A,0,10,M254,AA5946,1,40
2026-08-02T08:59:50.401Z,deep_scan,20260802011913_1A-4-7-8-17-28C,30,1A,0,16,M252,AA7468,1,0
2026-08-02T08:59:50.428Z,deep_scan,20260802011913_1A-4-7-8-17-28C,30,1A,1,3,M118,AA5646,1,24
2026-08-02T08:59:50.428Z,deep_scan,20260802011913_1A-4-7-8-17-28C,30,1A,1,7,M28/1,AA5407,1,19
2026-08-02T08:59:50.428Z,deep_scan,20260802011913_1A-4-7-8-17-28C,30,1A,1,9,M12,AA7673,0,19
2026-08-02T09:00:20.454Z,deep_scan,20260802011913_1A-4-7-8-17-28C,30,1A,1,3,M118,AA5646,1,3
2026-08-02T09:00:20.454Z,deep_scan,20260802011913_1A-4-7-8-17-28C,30,1A,1,7,M28/1,AA5407,0,7
2026-08-02T09:00:20.454Z,deep_scan,20260802011913_1A-4-7-8-17-28C,30,1A,1,9,M12,AA7673,0,19
2026-08-02T09:00:20.692Z,deep_scan,20260802011913_1A-4-7-8-17-28C,30,1A,0,2,M26/1,AA6701,0,37
2026-08-02T09:00:20.692Z,deep_scan,20260802011913_1A-4-7-8-17-28C,30,1A,0,6,M36,AA7115,0,4
2026-08-02T09:00:20.692Z,deep_scan,20260802011913_1A-4-7-8-17-28C,30,1A,0,10,M254,AA5946,1,10
2026-08-02T09:00:20.692Z,deep_scan,20260802011913_1A-4-7-8-17-28C,30,1A,0,16,M252,AA7468,1,0
2026-08-02T09:00:50.484Z,deep_scan,20260802011913_1A-4-7-8-17-28C,30,1A,1,3,M118,AA5646,1,13
2026-08-02T09:00:50.484Z,deep_scan,20260802011913_1A-4-7-8-17-28C,30,1A,1,7,M28/1,AA5407,0,19
2026-08-02T09:00:50.484Z,deep_scan,20260802011913_1A-4-7-8-17-28C,30,1A,1,9,M12,AA7673,0,19
2026-08-02T09:00:50.494Z,deep_scan,20260802011913_1A-4-7-8-17-28C,30,1A,0,2,M26/1,AA6701,0,20
2026-08-02T09:00:50.494Z,deep_scan,20260802011913_1A-4-7-8-17-28C,30,1A,0,6,M36,AA7115,0,4
2026-08-02T09:00:50.494Z,deep_scan,20260802011913_1A-4-7-8-17-28C,30,1A,0,10,M254,AA5946,0,10
2026-08-02T09:00:50.494Z,deep_scan,20260802011913_1A-4-7-8-17-28C,30,1A,0,16,M252,AA7468,1,0
2026-08-02T09:01:20.360Z,deep_scan,20260802011913_1A-4-7-8-17-28C,30,1A,0,3,M10,AA6701,1,26
2026-08-02T09:01:20.360Z,deep_scan,20260802011913_1A-4-7-8-17-28C,30,1A,0,7,M48,AA7115,1,1
2026-08-02T09:01:20.360Z,deep_scan,20260802011913_1A-4-7-8-17-28C,30,1A,0,10,M254,AA5946,0,41
2026-08-02T09:01:20.360Z,deep_scan,20260802011913_1A-4-7-8-17-28C,30,1A,0,16,M252,AA7468,1,0
2026-08-02T09:01:20.364Z,deep_scan,20260802011913_1A-4-7-8-17-28C,30,1A,1,3,M118,AA5646,0,21
2026-08-02T09:01:20.364Z,deep_scan,20260802011913_1A-4-7-8-17-28C,30,1A,1,7,M28/1,AA5407,0,29
2026-08-02T09:01:20.364Z,deep_scan,20260802011913_1A-4-7-8-17-28C,30,1A,1,10,M21/1,AA7673,1,24
2026-08-02T09:01:50.369Z,deep_scan,20260802011913_1A-4-7-8-17-28C,30,1A,1,3,M118,AA5646,0,28
2026-08-02T09:01:50.369Z,deep_scan,20260802011913_1A-4-7-8-17-28C,30,1A,1,8,M11,AA5407,1,22
2026-08-02T09:01:50.369Z,deep_scan,20260802011913_1A-4-7-8-17-28C,30,1A,1,10,M21/1,AA7673,0,21
2026-08-02T09:01:50.437Z,deep_scan,20260802011913_1A-4-7-8-17-28C,30,1A,0,3,M10,AA6701,0,4
2026-08-02T09:01:50.437Z,deep_scan,20260802011913_1A-4-7-8-17-28C,30,1A,0,7,M48,AA7115,0,9
2026-08-02T09:01:50.437Z,deep_scan,20260802011913_1A-4-7-8-17-28C,30,1A,0,11,M241,AA5946,1,21
2026-08-02T09:02:20.389Z,deep_scan,20260802011913_1A-4-7-8-17-28C,30,1A,1,0,M252,AA7468,1,35
2026-08-02T09:02:20.389Z,deep_scan,20260802011913_1A-4-7-8-17-28C,30,1A,1,3,M118,AA5646,0,11
2026-08-02T09:02:20.389Z,deep_scan,20260802011913_1A-4-7-8-17-28C,30,1A,1,8,M11,AA5407,0,15
2026-08-02T09:02:20.389Z,deep_scan,20260802011913_1A-4-7-8-17-28C,30,1A,1,10,M21/1,AA7673,0,20
2026-08-02T09:02:20.394Z,deep_scan,20260802011913_1A-4-7-8-17-28C,30,1A,0,3,M10,AA6701,0,21
2026-08-02T09:02:20.394Z,deep_scan,20260802011913_1A-4-7-8-17-28C,30,1A,0,7,M48,AA7115,0,37
2026-08-02T09:02:20.394Z,deep_scan,20260802011913_1A-4-7-8-17-28C,30,1A,0,11,M241,AA5946,0,3
2026-08-02T09:02:50.447Z,deep_scan,20260802011913_1A-4-7-8-17-28C,30,1A,1,0,M252,AA7468,1,35
2026-08-02T09:02:50.447Z,deep_scan,20260802011913_1A-4-7-8-17-28C,30,1A,1,3,M118,AA5646,0,47
2026-08-02T09:02:50.447Z,deep_scan,20260802011913_1A-4-7-8-17-28C,30,1A,1,9,M12,AA5407,1,28
2026-08-02T09:02:50.447Z,deep_scan,20260802011913_1A-4-7-8-17-28C,30,1A,1,10,M21/1,AA7673,0,22
2026-08-02T09:02:50.474Z,deep_scan,20260802011913_1A-4-7-8-17-28C,30,1A,0,4,M27,AA6701,1,23
2026-08-02T09:02:50.474Z,deep_scan,20260802011913_1A-4-7-8-17-28C,30,1A,0,8,M52,AA7115,1,34
2026-08-02T09:02:50.474Z,deep_scan,20260802011913_1A-4-7-8-17-28C,30,1A,0,11,M241,AA5946,0,20
2026-08-02T09:03:20.364Z,deep_scan,20260802011913_1A-4-7-8-17-28C,30,1A,1,0,M252,AA7468,1,35
2026-08-02T09:03:20.364Z,deep_scan,20260802011913_1A-4-7-8-17-28C,30,1A,1,3,M118,AA5646,0,32
2026-08-02T09:03:20.364Z,deep_scan,20260802011913_1A-4-7-8-17-28C,30,1A,1,9,M12,AA5407,0,9
2026-08-02T09:03:20.364Z,deep_scan,20260802011913_1A-4-7-8-17-28C,30,1A,1,10,M21/1,AA7673,0,44
2026-08-02T09:03:20.378Z,deep_scan,20260802011913_1A-4-7-8-17-28C,30,1A,0,4,M27,AA6701,1,8
2026-08-02T09:03:20.378Z,deep_scan,20260802011913_1A-4-7-8-17-28C,30,1A,0,8,M52,AA7115,0,14
2026-08-02T09:03:20.378Z,deep_scan,20260802011913_1A-4-7-8-17-28C,30,1A,0,12,M71,AA5946,1,20
2026-08-02T09:03:50.383Z,deep_scan,20260802011913_1A-4-7-8-17-28C,30,1A,0,4,M27,AA6701,1,11
2026-08-02T09:03:50.383Z,deep_scan,20260802011913_1A-4-7-8-17-28C,30,1A,0,8,M52,AA7115,0,25
2026-08-02T09:03:50.383Z,deep_scan,20260802011913_1A-4-7-8-17-28C,30,1A,0,12,M71,AA5946,0,4
2026-08-02T09:03:50.390Z,deep_scan,20260802011913_1A-4-7-8-17-28C,30,1A,1,0,M252,AA7468,1,11
2026-08-02T09:03:50.390Z,deep_scan,20260802011913_1A-4-7-8-17-28C,30,1A,1,3,M118,AA5646,0,39
2026-08-02T09:03:50.390Z,deep_scan,20260802011913_1A-4-7-8-17-28C,30,1A,1,10,M21/1,AA7673,0,23
2026-08-02T09:03:50.390Z,deep_scan,20260802011913_1A-4-7-8-17-28C,30,1A,1,10,M21/1,AA5407,1,1
2026-08-02T09:04:20.400Z,deep_scan,20260802011913_1A-4-7-8-17-28C,30,1A,0,4,M27,AA6701,0,11
2026-08-02T09:04:20.400Z,deep_scan,20260802011913_1A-4-7-8-17-28C,30,1A,0,8,M52,AA7115,0,46
2026-08-02T09:04:20.400Z,deep_scan,20260802011913_1A-4-7-8-17-28C,30,1A,0,13,M156,AA5946,1,16
2026-08-02T09:04:20.735Z,deep_scan,20260802011913_1A-4-7-8-17-28C,30,1A,1,0,M252,AA7468,0,40
2026-08-02T09:04:20.735Z,deep_scan,20260802011913_1A-4-7-8-17-28C,30,1A,1,4,M53,AA5646,1,24
2026-08-02T09:04:20.735Z,deep_scan,20260802011913_1A-4-7-8-17-28C,30,1A,1,10,M21/1,AA7673,0,12
2026-08-02T09:04:20.735Z,deep_scan,20260802011913_1A-4-7-8-17-28C,30,1A,1,10,M21/1,AA5407,1,5
2026-08-02T09:04:50.415Z,deep_scan,20260802011913_1A-4-7-8-17-28C,30,1A,0,4,M27,AA6701,0,9
2026-08-02T09:04:50.415Z,deep_scan,20260802011913_1A-4-7-8-17-28C,30,1A,0,8,M52,AA7115,0,47
2026-08-02T09:04:50.415Z,deep_scan,20260802011913_1A-4-7-8-17-28C,30,1A,0,13,M156,AA5946,1,3
2026-08-02T09:04:50.439Z,deep_scan,20260802011913_1A-4-7-8-17-28C,30,1A,1,0,M252,AA7468,0,3
2026-08-02T09:04:50.439Z,deep_scan,20260802011913_1A-4-7-8-17-28C,30,1A,1,4,M53,AA5646,1,2
2026-08-02T09:04:50.439Z,deep_scan,20260802011913_1A-4-7-8-17-28C,30,1A,1,10,M21/1,AA7673,0,26
2026-08-02T09:04:50.439Z,deep_scan,20260802011913_1A-4-7-8-17-28C,30,1A,1,10,M21/1,AA5407,1,10
2026-08-02T09:05:20.447Z,deep_scan,20260802011913_1A-4-7-8-17-28C,30,1A,1,1,M161,AA7468,1,9
2026-08-02T09:05:20.447Z,deep_scan,20260802011913_1A-4-7-8-17-28C,30,1A,1,4,M53,AA5646,0,21
2026-08-02T09:05:20.447Z,deep_scan,20260802011913_1A-4-7-8-17-28C,30,1A,1,10,M21/1,AA5407,1,7
2026-08-02T09:05:20.447Z,deep_scan,20260802011913_1A-4-7-8-17-28C,30,1A,1,11,M120/2,AA7673,1,0
2026-08-02T09:05:20.474Z,deep_scan,20260802011913_1A-4-7-8-17-28C,30,1A,0,5,M29,AA6701,1,9
2026-08-02T09:05:20.474Z,deep_scan,20260802011913_1A-4-7-8-17-28C,30,1A,0,8,M52,AA7115,0,9
2026-08-02T09:05:20.474Z,deep_scan,20260802011913_1A-4-7-8-17-28C,30,1A,0,13,M156,AA5946,0,14
2026-08-02T09:05:50.461Z,deep_scan,20260802011913_1A-4-7-8-17-28C,30,1A,0,5,M29,AA6701,0,21
2026-08-02T09:05:50.461Z,deep_scan,20260802011913_1A-4-7-8-17-28C,30,1A,0,8,M52,AA7115,0,32
2026-08-02T09:05:50.461Z,deep_scan,20260802011913_1A-4-7-8-17-28C,30,1A,0,13,M156,AA5946,0,31
2026-08-02T09:05:50.477Z,deep_scan,20260802011913_1A-4-7-8-17-28C,30,1A,1,1,M161,AA7468,1,13
2026-08-02T09:05:50.477Z,deep_scan,20260802011913_1A-4-7-8-17-28C,30,1A,1,4,M53,AA5646,0,33
2026-08-02T09:05:50.477Z,deep_scan,20260802011913_1A-4-7-8-17-28C,30,1A,1,10,M21/1,AA5407,0,16
2026-08-02T09:05:50.477Z,deep_scan,20260802011913_1A-4-7-8-17-28C,30,1A,1,11,M120/2,AA7673,1,0
2026-08-02T09:06:20.488Z,deep_scan,20260802011913_1A-4-7-8-17-28C,30,1A,0,5,M29,AA6701,0,16
2026-08-02T09:06:20.488Z,deep_scan,20260802011913_1A-4-7-8-17-28C,30,1A,0,9,M239/1,AA7115,1,33
2026-08-02T09:06:20.488Z,deep_scan,20260802011913_1A-4-7-8-17-28C,30,1A,0,14,M253,AA5946,1,9
2026-08-02T09:06:20.569Z,deep_scan,20260802011913_1A-4-7-8-17-28C,30,1A,1,2,M70,AA7468,1,18
2026-08-02T09:06:20.569Z,deep_scan,20260802011913_1A-4-7-8-17-28C,30,1A,1,5,M49,AA5646,1,21
2026-08-02T09:06:20.569Z,deep_scan,20260802011913_1A-4-7-8-17-28C,30,1A,1,10,M21/1,AA5407,0,6
2026-08-02T09:06:20.569Z,deep_scan,20260802011913_1A-4-7-8-17-28C,30,1A,1,11,M120/2,AA7673,1,0
2026-08-02T09:06:50.456Z,deep_scan,20260802011913_1A-4-7-8-17-28C,30,1A,1,2,M70,AA7468,1,13
2026-08-02T09:06:50.456Z,deep_scan,20260802011913_1A-4-7-8-17-28C,30,1A,1,5,M49,AA5646,1,10
2026-08-02T09:06:50.456Z,deep_scan,20260802011913_1A-4-7-8-17-28C,30,1A,1,10,M21/1,AA5407,0,6
2026-08-02T09:06:50.456Z,deep_scan,20260802011913_1A-4-7-8-17-28C,30,1A,1,11,M120/2,AA7673,1,0
2026-08-02T09:06:50.482Z,deep_scan,20260802011913_1A-4-7-8-17-28C,30,1A,0,5,M29,AA6701,0,6
2026-08-02T09:06:50.482Z,deep_scan,20260802011913_1A-4-7-8-17-28C,30,1A,0,9,M239/1,AA7115,1,33
2026-08-02T09:06:50.482Z,deep_scan,20260802011913_1A-4-7-8-17-28C,30,1A,0,14,M253,AA5946,1,18
2026-08-02T09:07:20.464Z,deep_scan,20260802011913_1A-4-7-8-17-28C,30,1A,1,2,M70,AA7468,0,19
2026-08-02T09:07:20.464Z,deep_scan,20260802011913_1A-4-7-8-17-28C,30,1A,1,5,M49,AA5646,0,3
2026-08-02T09:07:20.464Z,deep_scan,20260802011913_1A-4-7-8-17-28C,30,1A,1,10,M21/1,AA5407,0,6
2026-08-02T09:07:20.464Z,deep_scan,20260802011913_1A-4-7-8-17-28C,30,1A,1,11,M120/2,AA7673,1,0
2026-08-02T09:07:20.486Z,deep_scan,20260802011913_1A-4-7-8-17-28C,30,1A,0,5,M29,AA6701,0,40
2026-08-02T09:07:20.486Z,deep_scan,20260802011913_1A-4-7-8-17-28C,30,1A,0,9,M239/1,AA7115,0,18
2026-08-02T09:07:20.486Z,deep_scan,20260802011913_1A-4-7-8-17-28C,30,1A,0,14,M253,AA5946,1,18
2026-08-02T09:07:50.434Z,deep_scan,20260802011913_1A-4-7-8-17-28C,30,1A,0,6,M36,AA6701,1,10
2026-08-02T09:07:50.434Z,deep_scan,20260802011913_1A-4-7-8-17-28C,30,1A,0,9,M239/1,AA7115,0,40
2026-08-02T09:07:50.434Z,deep_scan,20260802011913_1A-4-7-8-17-28C,30,1A,0,14,M253,AA5946,0,26
2026-08-02T09:07:50.452Z,deep_scan,20260802011913_1A-4-7-8-17-28C,30,1A,1,3,M118,AA7468,1,29
2026-08-02T09:07:50.452Z,deep_scan,20260802011913_1A-4-7-8-17-28C,30,1A,1,5,M49,AA5646,0,3
2026-08-02T09:07:50.452Z,deep_scan,20260802011913_1A-4-7-8-17-28C,30,1A,1,10,M21/1,AA5407,0,6
2026-08-02T09:07:50.452Z,deep_scan,20260802011913_1A-4-7-8-17-28C,30,1A,1,11,M120/2,AA7673,1,0
2026-08-02T09:08:20.446Z,deep_scan,20260802011913_1A-4-7-8-17-28C,30,1A,0,6,M36,AA6701,0,19
2026-08-02T09:08:20.446Z,deep_scan,20260802011913_1A-4-7-8-17-28C,30,1A,0,10,M254,AA7115,1,5
2026-08-02T09:08:20.446Z,deep_scan,20260802011913_1A-4-7-8-17-28C,30,1A,0,15,M250,AA5946,1,16
2026-08-02T09:08:20.545Z,deep_scan,20260802011913_1A-4-7-8-17-28C,30,1A,1,3,M118,AA7468,1,4
2026-08-02T09:08:20.545Z,deep_scan,20260802011913_1A-4-7-8-17-28C,30,1A,1,5,M49,AA5646,0,21
2026-08-02T09:08:20.545Z,deep_scan,20260802011913_1A-4-7-8-17-28C,30,1A,1,10,M21/1,AA5407,0,32
2026-08-02T09:08:20.545Z,deep_scan,20260802011913_1A-4-7-8-17-28C,30,1A,1,11,M120/2,AA7673,1,0
2026-08-02T09:08:50.437Z,deep_scan,20260802011913_1A-4-7-8-17-28C,30,1A,0,7,M48,AA6701,1,12
2026-08-02T09:08:50.437Z,deep_scan,20260802011913_1A-4-7-8-17-28C,30,1A,0,10,M254,AA7115,0,32
2026-08-02T09:08:50.437Z,deep_scan,20260802011913_1A-4-7-8-17-28C,30,1A,0,15,M250,AA5946,1,8
2026-08-02T09:08:50.469Z,deep_scan,20260802011913_1A-4-7-8-17-28C,30,1A,1,3,M118,AA7468,0,7
2026-08-02T09:08:50.469Z,deep_scan,20260802011913_1A-4-7-8-17-28C,30,1A,1,5,M49,AA5646,0,17
2026-08-02T09:08:50.469Z,deep_scan,20260802011913_1A-4-7-8-17-28C,30,1A,1,10,M21/1,AA5407,0,17
2026-08-02T09:08:50.469Z,deep_scan,20260802011913_1A-4-7-8-17-28C,30,1A,1,11,M120/2,AA7673,1,0
2026-08-02T09:09:20.459Z,deep_scan,20260802011913_1A-4-7-8-17-28C,30,1A,0,7,M48,AA6701,1,2
2026-08-02T09:09:20.459Z,deep_scan,20260802011913_1A-4-7-8-17-28C,30,1A,0,10,M254,AA7115,0,24
2026-08-02T09:09:20.459Z,deep_scan,20260802011913_1A-4-7-8-17-28C,30,1A,0,15,M250,AA5946,0,8
2026-08-02T09:09:20.521Z,deep_scan,20260802011913_1A-4-7-8-17-28C,30,1A,1,3,M118,AA7468,0,13
2026-08-02T09:09:20.521Z,deep_scan,20260802011913_1A-4-7-8-17-28C,30,1A,1,5,M49,AA5646,0,10
2026-08-02T09:09:20.521Z,deep_scan,20260802011913_1A-4-7-8-17-28C,30,1A,1,10,M21/1,AA5407,0,6
2026-08-02T09:09:20.521Z,deep_scan,20260802011913_1A-4-7-8-17-28C,30,1A,1,11,M120/2,AA7673,1,0
2026-08-02T09:09:50.473Z,deep_scan,20260802011913_1A-4-7-8-17-28C,30,1A,0,7,M48,AA6701,0,30
2026-08-02T09:09:50.473Z,deep_scan,20260802011913_1A-4-7-8-17-28C,30,1A,0,11,M241,AA7115,1,12
2026-08-02T09:09:50.473Z,deep_scan,20260802011913_1A-4-7-8-17-28C,30,1A,0,16,M252,AA5946,1,0
2026-08-02T09:09:50.514Z,deep_scan,20260802011913_1A-4-7-8-17-28C,30,1A,1,3,M118,AA7468,0,8
2026-08-02T09:09:50.514Z,deep_scan,20260802011913_1A-4-7-8-17-28C,30,1A,1,6,M35/1,AA5646,1,12
2026-08-02T09:09:50.514Z,deep_scan,20260802011913_1A-4-7-8-17-28C,30,1A,1,10,M21/1,AA5407,0,13
2026-08-02T09:10:20.478Z,deep_scan,20260802011913_1A-4-7-8-17-28C,30,1A,1,3,M118,AA7468,0,44
2026-08-02T09:10:20.478Z,deep_scan,20260802011913_1A-4-7-8-17-28C,30,1A,1,6,M35/1,AA5646,1,12
2026-08-02T09:10:20.478Z,deep_scan,20260802011913_1A-4-7-8-17-28C,30,1A,1,10,M21/1,AA5407,0,13
2026-08-02T09:10:20.516Z,deep_scan,20260802011913_1A-4-7-8-17-28C,30,1A,0,8,M52,AA6701,1,44
2026-08-02T09:10:20.516Z,deep_scan,20260802011913_1A-4-7-8-17-28C,30,1A,0,11,M241,AA7115,0,29
2026-08-02T09:10:20.516Z,deep_scan,20260802011913_1A-4-7-8-17-28C,30,1A,0,16,M252,AA5946,1,0
2026-08-02T09:10:50.524Z,deep_scan,20260802011913_1A-4-7-8-17-28C,30,1A,0,8,M52,AA6701,0,10
2026-08-02T09:10:50.524Z,deep_scan,20260802011913_1A-4-7-8-17-28C,30,1A,0,12,M71,AA7115,0,5
2026-08-02T09:10:50.524Z,deep_scan,20260802011913_1A-4-7-8-17-28C,30,1A,0,16,M252,AA5946,1,0
2026-08-02T09:10:50.534Z,deep_scan,20260802011913_1A-4-7-8-17-28C,30,1A,1,3,M118,AA7468,0,44
2026-08-02T09:10:50.534Z,deep_scan,20260802011913_1A-4-7-8-17-28C,30,1A,1,6,M35/1,AA5646,1,12
2026-08-02T09:10:50.534Z,deep_scan,20260802011913_1A-4-7-8-17-28C,30,1A,1,10,M21/1,AA5407,0,13
2026-08-02T09:11:20.550Z,deep_scan,20260802011913_1A-4-7-8-17-28C,30,1A,0,0,M120/2,AA7673,1,26
2026-08-02T09:11:20.550Z,deep_scan,20260802011913_1A-4-7-8-17-28C,30,1A,0,8,M52,AA6701,0,30
2026-08-02T09:11:20.550Z,deep_scan,20260802011913_1A-4-7-8-17-28C,30,1A,0,13,M156,AA7115,1,8
2026-08-02T09:11:20.550Z,deep_scan,20260802011913_1A-4-7-8-17-28C,30,1A,0,16,M252,AA5946,1,0
2026-08-02T09:11:20.582Z,deep_scan,20260802011913_1A-4-7-8-17-28C,30,1A,1,3,M118,AA7468,0,29
2026-08-02T09:11:20.582Z,deep_scan,20260802011913_1A-4-7-8-17-28C,30,1A,1,6,M35/1,AA5646,1,12
2026-08-02T09:11:20.582Z,deep_scan,20260802011913_1A-4-7-8-17-28C,30,1A,1,10,M21/1,AA5407,0,20
2026-08-02T09:11:50.520Z,deep_scan,20260802011913_1A-4-7-8-17-28C,30,1A,0,0,M120/2,AA7673,0,26
2026-08-02T09:11:50.520Z,deep_scan,20260802011913_1A-4-7-8-17-28C,30,1A,0,8,M52,AA6701,0,40
2026-08-02T09:11:50.520Z,deep_scan,20260802011913_1A-4-7-8-17-28C,30,1A,0,13,M156,AA7115,0,22
2026-08-02T09:11:50.520Z,deep_scan,20260802011913_1A-4-7-8-17-28C,30,1A,0,16,M252,AA5946,1,0
2026-08-02T09:11:50.548Z,deep_scan,20260802011913_1A-4-7-8-17-28C,30,1A,1,3,M118,AA7468,0,42
2026-08-02T09:11:50.548Z,deep_scan,20260802011913_1A-4-7-8-17-28C,30,1A,1,6,M35/1,AA5646,0,17
2026-08-02T09:11:50.548Z,deep_scan,20260802011913_1A-4-7-8-17-28C,30,1A,1,11,M120/2,AA5407,1,0
2026-08-02T09:12:20.586Z,deep_scan,20260802011913_1A-4-7-8-17-28C,30,1A,0,0,M120/2,AA7673,0,26
2026-08-02T09:12:20.586Z,deep_scan,20260802011913_1A-4-7-8-17-28C,30,1A,0,8,M52,AA6701,0,45
2026-08-02T09:12:20.586Z,deep_scan,20260802011913_1A-4-7-8-17-28C,30,1A,0,13,M156,AA7115,0,43
2026-08-02T09:12:20.595Z,deep_scan,20260802011913_1A-4-7-8-17-28C,30,1A,1,0,M252,AA5946,1,1
2026-08-02T09:12:20.595Z,deep_scan,20260802011913_1A-4-7-8-17-28C,30,1A,1,4,M53,AA7468,1,6
2026-08-02T09:12:20.595Z,deep_scan,20260802011913_1A-4-7-8-17-28C,30,1A,1,6,M35/1,AA5646,0,2
2026-08-02T09:12:20.595Z,deep_scan,20260802011913_1A-4-7-8-17-28C,30,1A,1,11,M120/2,AA5407,1,0
2026-08-02T09:12:50.532Z,deep_scan,20260802011913_1A-4-7-8-17-28C,30,1A,0,0,M120/2,AA7673,0,8
2026-08-02T09:12:50.532Z,deep_scan,20260802011913_1A-4-7-8-17-28C,30,1A,0,3,M10,AA7418,1,21
2026-08-02T09:12:50.532Z,deep_scan,20260802011913_1A-4-7-8-17-28C,30,1A,0,8,M52,AA6701,0,8
2026-08-02T09:12:50.532Z,deep_scan,20260802011913_1A-4-7-8-17-28C,30,1A,0,14,M253,AA7115,1,2
2026-08-02T09:12:50.546Z,deep_scan,20260802011913_1A-4-7-8-17-28C,30,1A,1,0,M252,AA5946,1,1
2026-08-02T09:12:50.546Z,deep_scan,20260802011913_1A-4-7-8-17-28C,30,1A,1,4,M53,AA7468,1,33
2026-08-02T09:12:50.546Z,deep_scan,20260802011913_1A-4-7-8-17-28C,30,1A,1,7,M28/1,AA5646,1,16
2026-08-02T09:12:50.546Z,deep_scan,20260802011913_1A-4-7-8-17-28C,30,1A,1,11,M120/2,AA5407,1,0
2026-08-02T09:13:20.582Z,deep_scan,20260802011913_1A-4-7-8-17-28C,30,1A,1,0,M252,AA5946,0,10
2026-08-02T09:13:20.582Z,deep_scan,20260802011913_1A-4-7-8-17-28C,30,1A,1,4,M53,AA7468,0,38
2026-08-02T09:13:20.582Z,deep_scan,20260802011913_1A-4-7-8-17-28C,30,1A,1,7,M28/1,AA5646,1,23
2026-08-02T09:13:20.582Z,deep_scan,20260802011913_1A-4-7-8-17-28C,30,1A,1,11,M120/2,AA5407,1,0
2026-08-02T09:13:20.612Z,deep_scan,20260802011913_1A-4-7-8-17-28C,30,1A,0,0,M120/2,AA7673,0,8
2026-08-02T09:13:20.612Z,deep_scan,20260802011913_1A-4-7-8-17-28C,30,1A,0,3,M10,AA7418,0,19
2026-08-02T09:13:20.612Z,deep_scan,20260802011913_1A-4-7-8-17-28C,30,1A,0,9,M239/1,AA6701,1,28
2026-08-02T09:13:20.612Z,deep_scan,20260802011913_1A-4-7-8-17-28C,30,1A,0,14,M253,AA7115,0,24
2026-08-02T09:13:50.562Z,deep_scan,20260802011913_1A-4-7-8-17-28C,30,1A,1,0,M252,AA5946,0,15
2026-08-02T09:13:50.562Z,deep_scan,20260802011913_1A-4-7-8-17-28C,30,1A,1,5,M49,AA7468,1,37
2026-08-02T09:13:50.562Z,deep_scan,20260802011913_1A-4-7-8-17-28C,30,1A,1,7,M28/1,AA5646,1,23
2026-08-02T09:13:50.562Z,deep_scan,20260802011913_1A-4-7-8-17-28C,30,1A,1,11,M120/2,AA5407,1,0
2026-08-02T09:13:50.605Z,deep_scan,20260802011913_1A-4-7-8-17-28C,30,1A,0,0,M120/2,AA7673,0,8
2026-08-02T09:13:50.605Z,deep_scan,20260802011913_1A-4-7-8-17-28C,30,1A,0,3,M10,AA7418,0,10
2026-08-02T09:13:50.605Z,deep_scan,20260802011913_1A-4-7-8-17-28C,30,1A,0,9,M239/1,AA6701,1,8
2026-08-02T09:13:50.605Z,deep_scan,20260802011913_1A-4-7-8-17-28C,30,1A,0,15,M250,AA7115,1,32
2026-08-02T09:14:20.555Z,deep_scan,20260802011913_1A-4-7-8-17-28C,30,1A,0,1,M108/1,AA7673,1,29
2026-08-02T09:14:20.555Z,deep_scan,20260802011913_1A-4-7-8-17-28C,30,1A,0,3,M10,AA7418,0,10
2026-08-02T09:14:20.555Z,deep_scan,20260802011913_1A-4-7-8-17-28C,30,1A,0,9,M239/1,AA6701,0,21
2026-08-02T09:14:20.555Z,deep_scan,20260802011913_1A-4-7-8-17-28C,30,1A,0,15,M250,AA7115,1,8
2026-08-02T09:14:20.575Z,deep_scan,20260802011913_1A-4-7-8-17-28C,30,1A,1,0,M252,AA5946,0,20
2026-08-02T09:14:20.575Z,deep_scan,20260802011913_1A-4-7-8-17-28C,30,1A,1,5,M49,AA7468,0,36
2026-08-02T09:14:20.575Z,deep_scan,20260802011913_1A-4-7-8-17-28C,30,1A,1,7,M28/1,AA5646,0,11
2026-08-02T09:14:20.575Z,deep_scan,20260802011913_1A-4-7-8-17-28C,30,1A,1,11,M120/2,AA5407,1,0
2026-08-02T09:14:50.571Z,deep_scan,20260802011913_1A-4-7-8-17-28C,30,1A,1,0,M252,AA5946,0,20
2026-08-02T09:14:50.571Z,deep_scan,20260802011913_1A-4-7-8-17-28C,30,1A,1,5,M49,AA7468,0,10
2026-08-02T09:14:50.571Z,deep_scan,20260802011913_1A-4-7-8-17-28C,30,1A,1,7,M28/1,AA5646,0,10
2026-08-02T09:14:50.571Z,deep_scan,20260802011913_1A-4-7-8-17-28C,30,1A,1,11,M120/2,AA5407,1,0
2026-08-02T09:14:50.579Z,deep_scan,20260802011913_1A-4-7-8-17-28C,30,1A,0,1,M108/1,AA7673,1,10
2026-08-02T09:14:50.579Z,deep_scan,20260802011913_1A-4-7-8-17-28C,30,1A,0,3,M10,AA7418,0,10
2026-08-02T09:14:50.579Z,deep_scan,20260802011913_1A-4-7-8-17-28C,30,1A,0,10,M254,AA6701,1,42
2026-08-02T09:14:50.579Z,deep_scan,20260802011913_1A-4-7-8-17-28C,30,1A,0,15,M250,AA7115,0,12
2026-08-02T09:15:20.550Z,deep_scan,20260802011913_1A-4-7-8-17-28C,30,1A,1,0,M252,AA5946,0,9
2026-08-02T09:15:20.550Z,deep_scan,20260802011913_1A-4-7-8-17-28C,30,1A,1,5,M49,AA7468,0,10
2026-08-02T09:15:20.550Z,deep_scan,20260802011913_1A-4-7-8-17-28C,30,1A,1,7,M28/1,AA5646,0,14
2026-08-02T09:15:20.550Z,deep_scan,20260802011913_1A-4-7-8-17-28C,30,1A,1,11,M120/2,AA5407,1,0
2026-08-02T09:15:20.591Z,deep_scan,20260802011913_1A-4-7-8-17-28C,30,1A,0,1,M108/1,AA7673,0,25
2026-08-02T09:15:20.591Z,deep_scan,20260802011913_1A-4-7-8-17-28C,30,1A,0,4,M27,AA7418,1,21
2026-08-02T09:15:20.591Z,deep_scan,20260802011913_1A-4-7-8-17-28C,30,1A,0,10,M254,AA6701,1,10
2026-08-02T09:15:20.591Z,deep_scan,20260802011913_1A-4-7-8-17-28C,30,1A,0,16,M252,AA7115,1,0
2026-08-02T09:15:50.583Z,deep_scan,20260802011913_1A-4-7-8-17-28C,30,1A,0,1,M108/1,AA7673,0,39
2026-08-02T09:15:50.583Z,deep_scan,20260802011913_1A-4-7-8-17-28C,30,1A,0,4,M27,AA7418,1,10
2026-08-02T09:15:50.583Z,deep_scan,20260802011913_1A-4-7-8-17-28C,30,1A,0,10,M254,AA6701,0,30
2026-08-02T09:15:50.583Z,deep_scan,20260802011913_1A-4-7-8-17-28C,30,1A,0,16,M252,AA7115,1,0
2026-08-02T09:15:50.611Z,deep_scan,20260802011913_1A-4-7-8-17-28C,30,1A,1,0,M252,AA5946,0,9
2026-08-02T09:15:50.611Z,deep_scan,20260802011913_1A-4-7-8-17-28C,30,1A,1,5,M49,AA7468,0,10
2026-08-02T09:15:50.611Z,deep_scan,20260802011913_1A-4-7-8-17-28C,30,1A,1,7,M28/1,AA5646,0,11
2026-08-02T09:15:50.611Z,deep_scan,20260802011913_1A-4-7-8-17-28C,30,1A,1,11,M120/2,AA5407,1,0
2026-08-02T09:16:20.595Z,deep_scan,20260802011913_1A-4-7-8-17-28C,30,1A,1,0,M252,AA5946,0,9
2026-08-02T09:16:20.595Z,deep_scan,20260802011913_1A-4-7-8-17-28C,30,1A,1,5,M49,AA7468,0,20
2026-08-02T09:16:20.595Z,deep_scan,20260802011913_1A-4-7-8-17-28C,30,1A,1,8,M11,AA5646,1,15
2026-08-02T09:16:20.603Z,deep_scan,20260802011913_1A-4-7-8-17-28C,30,1A,0,1,M108/1,AA7673,0,21
2026-08-02T09:16:20.603Z,deep_scan,20260802011913_1A-4-7-8-17-28C,30,1A,0,4,M27,AA7418,0,18
2026-08-02T09:16:20.603Z,deep_scan,20260802011913_1A-4-7-8-17-28C,30,1A,0,10,M254,AA6701,0,40
2026-08-02T09:16:20.603Z,deep_scan,20260802011913_1A-4-7-8-17-28C,30,1A,0,16,M252,AA7115,1,0
2026-08-02T09:16:50.654Z,deep_scan,20260802011913_1A-4-7-8-17-28C,30,1A,1,1,M161,AA5946,1,12
2026-08-02T09:16:50.654Z,deep_scan,20260802011913_1A-4-7-8-17-28C,30,1A,1,5,M49,AA7468,0,11
2026-08-02T09:16:50.654Z,deep_scan,20260802011913_1A-4-7-8-17-28C,30,1A,1,8,M11,AA5646,0,12
2026-08-02T09:16:50.664Z,deep_scan,20260802011913_1A-4-7-8-17-28C,30,1A,0,1,M108/1,AA7673,0,26
2026-08-02T09:16:50.664Z,deep_scan,20260802011913_1A-4-7-8-17-28C,30,1A,0,4,M27,AA7418,0,26
2026-08-02T09:16:50.664Z,deep_scan,20260802011913_1A-4-7-8-17-28C,30,1A,0,11,M241,AA6701,1,2
2026-08-02T09:16:50.664Z,deep_scan,20260802011913_1A-4-7-8-17-28C,30,1A,0,16,M252,AA7115,1,0
2026-08-02T09:17:20.590Z,deep_scan,20260802011913_1A-4-7-8-17-28C,30,1A,0,1,M108/1,AA7673,0,2
2026-08-02T09:17:20.590Z,deep_scan,20260802011913_1A-4-7-8-17-28C,30,1A,0,5,M29,AA7418,1,3
2026-08-02T09:17:20.590Z,deep_scan,20260802011913_1A-4-7-8-17-28C,30,1A,0,11,M241,AA6701,1,2
2026-08-02T09:17:20.590Z,deep_scan,20260802011913_1A-4-7-8-17-28C,30,1A,0,16,M252,AA7115,1,0
2026-08-02T09:17:20.618Z,deep_scan,20260802011913_1A-4-7-8-17-28C,30,1A,1,1,M161,AA5946,0,3
2026-08-02T09:17:20.618Z,deep_scan,20260802011913_1A-4-7-8-17-28C,30,1A,1,5,M49,AA7468,0,11
2026-08-02T09:17:20.618Z,deep_scan,20260802011913_1A-4-7-8-17-28C,30,1A,1,9,M12,AA5646,1,4
2026-08-02T09:17:50.636Z,deep_scan,20260802011913_1A-4-7-8-17-28C,30,1A,1,2,M70,AA5946,1,13
2026-08-02T09:17:50.636Z,deep_scan,20260802011913_1A-4-7-8-17-28C,30,1A,1,5,M49,AA7468,0,4
2026-08-02T09:17:50.636Z,deep_scan,20260802011913_1A-4-7-8-17-28C,30,1A,1,9,M12,AA5646,1,15
2026-08-02T09:17:50.676Z,deep_scan,20260802011913_1A-4-7-8-17-28C,30,1A,0,2,M26/1,AA7673,1,7
2026-08-02T09:17:50.676Z,deep_scan,20260802011913_1A-4-7-8-17-28C,30,1A,0,5,M29,AA7418,1,21
2026-08-02T09:17:50.676Z,deep_scan,20260802011913_1A-4-7-8-17-28C,30,1A,0,12,M71,AA6701,1,19
2026-08-02T09:17:50.676Z,deep_scan,20260802011913_1A-4-7-8-17-28C,30,1A,0,16,M252,AA7115,1,0
2026-08-02T09:18:20.640Z,deep_scan,20260802011913_1A-4-7-8-17-28C,30,1A,0,2,M26/1,AA7673,1,7
2026-08-02T09:18:20.640Z,deep_scan,20260802011913_1A-4-7-8-17-28C,30,1A,0,5,M29,AA7418,1,14
2026-08-02T09:18:20.640Z,deep_scan,20260802011913_1A-4-7-8-17-28C,30,1A,0,12,M71,AA6701,0,3
2026-08-02T09:18:20.640Z,deep_scan,20260802011913_1A-4-7-8-17-28C,30,1A,0,16,M252,AA7115,1,0
2026-08-02T09:18:20.671Z,deep_scan,20260802011913_1A-4-7-8-17-28C,30,1A,1,2,M70,AA5946,0,6
2026-08-02T09:18:20.671Z,deep_scan,20260802011913_1A-4-7-8-17-28C,30,1A,1,5,M49,AA7468,0,3
2026-08-02T09:18:20.671Z,deep_scan,20260802011913_1A-4-7-8-17-28C,30,1A,1,9,M12,AA5646,0,5
2026-08-02T09:18:50.667Z,deep_scan,20260802011913_1A-4-7-8-17-28C,30,1A,1,3,M118,AA5946,1,26
2026-08-02T09:18:50.667Z,deep_scan,20260802011913_1A-4-7-8-17-28C,30,1A,1,6,M35/1,AA7468,0,17
2026-08-02T09:18:50.667Z,deep_scan,20260802011913_1A-4-7-8-17-28C,30,1A,1,9,M12,AA5646,0,5
2026-08-02T09:18:50.680Z,deep_scan,20260802011913_1A-4-7-8-17-28C,30,1A,0,2,M26/1,AA7673,1,7
2026-08-02T09:18:50.680Z,deep_scan,20260802011913_1A-4-7-8-17-28C,30,1A,0,5,M29,AA7418,0,21
2026-08-02T09:18:50.680Z,deep_scan,20260802011913_1A-4-7-8-17-28C,30,1A,0,13,M156,AA6701,1,13
2026-08-02T09:18:50.680Z,deep_scan,20260802011913_1A-4-7-8-17-28C,30,1A,0,16,M252,AA7115,1,0
2026-08-02T09:19:20.639Z,deep_scan,20260802011913_1A-4-7-8-17-28C,30,1A,0,2,M26/1,AA7673,0,22
2026-08-02T09:19:20.639Z,deep_scan,20260802011913_1A-4-7-8-17-28C,30,1A,0,6,M36,AA7418,1,23
2026-08-02T09:19:20.639Z,deep_scan,20260802011913_1A-4-7-8-17-28C,30,1A,0,13,M156,AA6701,1,16
2026-08-02T09:19:20.639Z,deep_scan,20260802011913_1A-4-7-8-17-28C,30,1A,0,16,M252,AA7115,1,0
2026-08-02T09:19:20.787Z,deep_scan,20260802011913_1A-4-7-8-17-28C,30,1A,1,3,M118,AA5946,1,27
2026-08-02T09:19:20.787Z,deep_scan,20260802011913_1A-4-7-8-17-28C,30,1A,1,6,M35/1,AA7468,0,5
2026-08-02T09:19:20.787Z,deep_scan,20260802011913_1A-4-7-8-17-28C,30,1A,1,9,M12,AA5646,0,7
2026-08-02T09:19:50.690Z,deep_scan,20260802011913_1A-4-7-8-17-28C,30,1A,1,3,M118,AA5946,1,6
2026-08-02T09:19:50.690Z,deep_scan,20260802011913_1A-4-7-8-17-28C,30,1A,1,6,M35/1,AA7468,0,19
2026-08-02T09:19:50.690Z,deep_scan,20260802011913_1A-4-7-8-17-28C,30,1A,1,10,M21/1,AA5646,1,14
2026-08-02T09:19:50.695Z,deep_scan,20260802011913_1A-4-7-8-17-28C,30,1A,0,2,M26/1,AA7673,0,22
2026-08-02T09:19:50.695Z,deep_scan,20260802011913_1A-4-7-8-17-28C,30,1A,0,6,M36,AA7418,1,1
2026-08-02T09:19:50.695Z,deep_scan,20260802011913_1A-4-7-8-17-28C,30,1A,0,13,M156,AA6701,0,16
2026-08-02T09:20:20.655Z,deep_scan,20260802011913_1A-4-7-8-17-28C,30,1A,1,0,M252,AA7115,1,10
2026-08-02T09:20:20.655Z,deep_scan,20260802011913_1A-4-7-8-17-28C,30,1A,1,3,M118,AA5946,0,6
2026-08-02T09:20:20.655Z,deep_scan,20260802011913_1A-4-7-8-17-28C,30,1A,1,6,M35/1,AA7468,0,30
2026-08-02T09:20:20.655Z,deep_scan,20260802011913_1A-4-7-8-17-28C,30,1A,1,10,M21/1,AA5646,1,2
2026-08-02T09:20:20.698Z,deep_scan,20260802011913_1A-4-7-8-17-28C,30,1A,0,2,M26/1,AA7673,0,24
2026-08-02T09:20:20.698Z,deep_scan,20260802011913_1A-4-7-8-17-28C,30,1A,0,6,M36,AA7418,0,9
2026-08-02T09:20:20.698Z,deep_scan,20260802011913_1A-4-7-8-17-28C,30,1A,0,13,M156,AA6701,0,16
2026-08-02T09:20:50.708Z,deep_scan,20260802011913_1A-4-7-8-17-28C,30,1A,0,2,M26/1,AA7673,0,22
2026-08-02T09:20:50.708Z,deep_scan,20260802011913_1A-4-7-8-17-28C,30,1A,0,7,M48,AA7418,1,9
2026-08-02T09:20:50.708Z,deep_scan,20260802011913_1A-4-7-8-17-28C,30,1A,0,13,M156,AA6701,0,4
2026-08-02T09:20:50.722Z,deep_scan,20260802011913_1A-4-7-8-17-28C,30,1A,1,0,M252,AA7115,0,24
2026-08-02T09:20:50.722Z,deep_scan,20260802011913_1A-4-7-8-17-28C,30,1A,1,3,M118,AA5946,0,11
2026-08-02T09:20:50.722Z,deep_scan,20260802011913_1A-4-7-8-17-28C,30,1A,1,6,M35/1,AA7468,0,3
2026-08-02T09:20:50.722Z,deep_scan,20260802011913_1A-4-7-8-17-28C,30,1A,1,10,M21/1,AA5646,0,14
2026-08-02T09:21:20.624Z,deep_scan,20260802011913_1A-4-7-8-17-28C,30,1A,1,0,M252,AA7115,0,24
2026-08-02T09:21:20.624Z,deep_scan,20260802011913_1A-4-7-8-17-28C,30,1A,1,3,M118,AA5946,0,27
2026-08-02T09:21:20.624Z,deep_scan,20260802011913_1A-4-7-8-17-28C,30,1A,1,7,M28/1,AA7468,0,19
2026-08-02T09:21:20.624Z,deep_scan,20260802011913_1A-4-7-8-17-28C,30,1A,1,10,M21/1,AA5646,0,14
2026-08-02T09:21:20.652Z,deep_scan,20260802011913_1A-4-7-8-17-28C,30,1A,0,2,M26/1,AA7673,0,22
2026-08-02T09:21:20.652Z,deep_scan,20260802011913_1A-4-7-8-17-28C,30,1A,0,7,M48,AA7418,1,21
2026-08-02T09:21:20.652Z,deep_scan,20260802011913_1A-4-7-8-17-28C,30,1A,0,14,M253,AA6701,1,48
2026-08-02T09:21:50.679Z,deep_scan,20260802011913_1A-4-7-8-17-28C,30,1A,0,2,M26/1,AA7673,0,22
2026-08-02T09:21:50.679Z,deep_scan,20260802011913_1A-4-7-8-17-28C,30,1A,0,7,M48,AA7418,0,3
2026-08-02T09:21:50.679Z,deep_scan,20260802011913_1A-4-7-8-17-28C,30,1A,0,14,M253,AA6701,1,45
2026-08-02T09:21:50.739Z,deep_scan,20260802011913_1A-4-7-8-17-28C,30,1A,1,0,M252,AA7115,0,21
2026-08-02T09:21:50.739Z,deep_scan,20260802011913_1A-4-7-8-17-28C,30,1A,1,3,M118,AA5946,0,34
2026-08-02T09:21:50.739Z,deep_scan,20260802011913_1A-4-7-8-17-28C,30,1A,1,7,M28/1,AA7468,0,49
2026-08-02T09:21:50.739Z,deep_scan,20260802011913_1A-4-7-8-17-28C,30,1A,1,10,M21/1,AA5646,0,1
2026-08-02T09:22:20.667Z,deep_scan,20260802011913_1A-4-7-8-17-28C,30,1A,0,0,M120/2,AA5407,1,20
2026-08-02T09:22:20.667Z,deep_scan,20260802011913_1A-4-7-8-17-28C,30,1A,0,3,M10,AA7673,1,2
2026-08-02T09:22:20.667Z,deep_scan,20260802011913_1A-4-7-8-17-28C,30,1A,0,8,M52,AA7418,1,35
2026-08-02T09:22:20.667Z,deep_scan,20260802011913_1A-4-7-8-17-28C,30,1A,0,14,M253,AA6701,0,24
2026-08-02T09:22:20.697Z,deep_scan,20260802011913_1A-4-7-8-17-28C,30,1A,1,0,M252,AA7115,0,16
2026-08-02T09:22:20.697Z,deep_scan,20260802011913_1A-4-7-8-17-28C,30,1A,1,3,M118,AA5946,0,33
2026-08-02T09:22:20.697Z,deep_scan,20260802011913_1A-4-7-8-17-28C,30,1A,1,7,M28/1,AA7468,0,49
2026-08-02T09:22:20.697Z,deep_scan,20260802011913_1A-4-7-8-17-28C,30,1A,1,10,M21/1,AA5646,0,1
2026-08-02T09:22:50.722Z,deep_scan,20260802011913_1A-4-7-8-17-28C,30,1A,0,0,M120/2,AA5407,0,20
2026-08-02T09:22:50.722Z,deep_scan,20260802011913_1A-4-7-8-17-28C,30,1A,0,3,M10,AA7673,1,2
2026-08-02T09:22:50.722Z,deep_scan,20260802011913_1A-4-7-8-17-28C,30,1A,0,8,M52,AA7418,1,1
2026-08-02T09:22:50.722Z,deep_scan,20260802011913_1A-4-7-8-17-28C,30,1A,0,15,M250,AA6701,1,18
2026-08-02T09:22:50.739Z,deep_scan,20260802011913_1A-4-7-8-17-28C,30,1A,1,1,M161,AA7115,1,16
2026-08-02T09:22:50.739Z,deep_scan,20260802011913_1A-4-7-8-17-28C,30,1A,1,3,M118,AA5946,0,43
2026-08-02T09:22:50.739Z,deep_scan,20260802011913_1A-4-7-8-17-28C,30,1A,1,7,M28/1,AA7468,0,30
2026-08-02T09:22:50.739Z,deep_scan,20260802011913_1A-4-7-8-17-28C,30,1A,1,10,M21/1,AA5646,0,1
2026-08-02T09:23:20.676Z,deep_scan,20260802011913_1A-4-7-8-17-28C,30,1A,1,1,M161,AA7115,0,9
2026-08-02T09:23:20.676Z,deep_scan,20260802011913_1A-4-7-8-17-28C,30,1A,1,3,M118,AA5946,0,30
2026-08-02T09:23:20.676Z,deep_scan,20260802011913_1A-4-7-8-17-28C,30,1A,1,7,M28/1,AA7468,0,4
2026-08-02T09:23:20.676Z,deep_scan,20260802011913_1A-4-7-8-17-28C,30,1A,1,10,M21/1,AA5646,0,1
2026-08-02T09:23:20.706Z,deep_scan,20260802011913_1A-4-7-8-17-28C,30,1A,0,0,M120/2,AA5407,0,15
2026-08-02T09:23:20.706Z,deep_scan,20260802011913_1A-4-7-8-17-28C,30,1A,0,3,M10,AA7673,0,18
2026-08-02T09:23:20.706Z,deep_scan,20260802011913_1A-4-7-8-17-28C,30,1A,0,8,M52,AA7418,0,3
2026-08-02T09:23:20.706Z,deep_scan,20260802011913_1A-4-7-8-17-28C,30,1A,0,15,M250,AA6701,0,4
2026-08-02T09:23:50.739Z,deep_scan,20260802011913_1A-4-7-8-17-28C,30,1A,0,0,M120/2,AA5407,0,1
2026-08-02T09:23:50.739Z,deep_scan,20260802011913_1A-4-7-8-17-28C,30,1A,0,3,M10,AA7673,0,22
2026-08-02T09:23:50.739Z,deep_scan,20260802011913_1A-4-7-8-17-28C,30,1A,0,8,M52,AA7418,0,43
2026-08-02T09:23:50.739Z,deep_scan,20260802011913_1A-4-7-8-17-28C,30,1A,0,16,M252,AA6701,1,0
2026-08-02T09:23:50.742Z,deep_scan,20260802011913_1A-4-7-8-17-28C,30,1A,1,2,M70,AA7115,1,4
2026-08-02T09:23:50.742Z,deep_scan,20260802011913_1A-4-7-8-17-28C,30,1A,1,3,M118,AA5946,0,42
2026-08-02T09:23:50.742Z,deep_scan,20260802011913_1A-4-7-8-17-28C,30,1A,1,8,M11,AA7468,0,26
2026-08-02T09:23:50.742Z,deep_scan,20260802011913_1A-4-7-8-17-28C,30,1A,1,10,M21/1,AA5646,0,1
2026-08-02T09:24:20.694Z,deep_scan,20260802011913_1A-4-7-8-17-28C,30,1A,0,1,M108/1,AA5407,0,14
2026-08-02T09:24:20.694Z,deep_scan,20260802011913_1A-4-7-8-17-28C,30,1A,0,3,M10,AA7673,0,15
2026-08-02T09:24:20.694Z,deep_scan,20260802011913_1A-4-7-8-17-28C,30,1A,0,8,M52,AA7418,0,47
2026-08-02T09:24:20.694Z,deep_scan,20260802011913_1A-4-7-8-17-28C,30,1A,0,16,M252,AA6701,1,0
2026-08-02T09:24:20.713Z,deep_scan,20260802011913_1A-4-7-8-17-28C,30,1A,1,2,M70,AA7115,0,22
2026-08-02T09:24:20.713Z,deep_scan,20260802011913_1A-4-7-8-17-28C,30,1A,1,4,M53,AA5946,1,21
2026-08-02T09:24:20.713Z,deep_scan,20260802011913_1A-4-7-8-17-28C,30,1A,1,8,M11,AA7468,0,3
2026-08-02T09:24:20.713Z,deep_scan,20260802011913_1A-4-7-8-17-28C,30,1A,1,10,M21/1,AA5646,0,34
2026-08-02T09:24:50.707Z,deep_scan,20260802011913_1A-4-7-8-17-28C,30,1A,0,1,M108/1,AA5407,0,14
2026-08-02T09:24:50.707Z,deep_scan,20260802011913_1A-4-7-8-17-28C,30,1A,0,3,M10,AA7673,0,15
2026-08-02T09:24:50.707Z,deep_scan,20260802011913_1A-4-7-8-17-28C,30,1A,0,8,M52,AA7418,0,24
2026-08-02T09:24:50.707Z,deep_scan,20260802011913_1A-4-7-8-17-28C,30,1A,0,16,M252,AA6701,1,0
2026-08-02T09:24:50.714Z,deep_scan,20260802011913_1A-4-7-8-17-28C,30,1A,1,3,M118,AA7115,1,16
2026-08-02T09:24:50.714Z,deep_scan,20260802011913_1A-4-7-8-17-28C,30,1A,1,4,M53,AA5946,1,3
2026-08-02T09:24:50.714Z,deep_scan,20260802011913_1A-4-7-8-17-28C,30,1A,1,8,M11,AA7468,0,12
2026-08-02T09:24:50.714Z,deep_scan,20260802011913_1A-4-7-8-17-28C,30,1A,1,10,M21/1,AA5646,0,18
2026-08-02T09:25:20.741Z,deep_scan,20260802011913_1A-4-7-8-17-28C,30,1A,0,1,M108/1,AA5407,0,20
2026-08-02T09:25:20.741Z,deep_scan,20260802011913_1A-4-7-8-17-28C,30,1A,0,4,M27,AA7673,0,12
2026-08-02T09:25:20.741Z,deep_scan,20260802011913_1A-4-7-8-17-28C,30,1A,0,8,M52,AA7418,0,32
2026-08-02T09:25:20.741Z,deep_scan,20260802011913_1A-4-7-8-17-28C,30,1A,0,16,M252,AA6701,1,0
2026-08-02T09:25:20.783Z,deep_scan,20260802011913_1A-4-7-8-17-28C,30,1A,1,3,M118,AA7115,1,3
2026-08-02T09:25:20.783Z,deep_scan,20260802011913_1A-4-7-8-17-28C,30,1A,1,4,M53,AA5946,0,37
2026-08-02T09:25:20.783Z,deep_scan,20260802011913_1A-4-7-8-17-28C,30,1A,1,9,M12,AA7468,1,31
2026-08-02T09:25:20.783Z,deep_scan,20260802011913_1A-4-7-8-17-28C,30,1A,1,10,M21/1,AA5646,0,19
2026-08-02T09:25:50.648Z,deep_scan,20260802011913_1A-4-7-8-17-28C,30,1A,0,1,M108/1,AA5407,0,11
2026-08-02T09:25:50.648Z,deep_scan,20260802011913_1A-4-7-8-17-28C,30,1A,0,4,M27,AA7673,0,21
2026-08-02T09:25:50.648Z,deep_scan,20260802011913_1A-4-7-8-17-28C,30,1A,0,9,M239/1,AA7418,1,36
2026-08-02T09:25:50.648Z,deep_scan,20260802011913_1A-4-7-8-17-28C,30,1A,0,16,M252,AA6701,1,0
2026-08-02T09:25:50.714Z,deep_scan,20260802011913_1A-4-7-8-17-28C,30,1A,1,3,M118,AA7115,1,3
2026-08-02T09:25:50.714Z,deep_scan,20260802011913_1A-4-7-8-17-28C,30,1A,1,4,M53,AA5946,0,24
2026-08-02T09:25:50.714Z,deep_scan,20260802011913_1A-4-7-8-17-28C,30,1A,1,9,M12,AA7468,1,17
2026-08-02T09:25:50.714Z,deep_scan,20260802011913_1A-4-7-8-17-28C,30,1A,1,10,M21/1,AA5646,0,19
2026-08-02T09:26:20.716Z,deep_scan,20260802011913_1A-4-7-8-17-28C,30,1A,1,3,M118,AA7115,0,16
2026-08-02T09:26:20.716Z,deep_scan,20260802011913_1A-4-7-8-17-28C,30,1A,1,5,M49,AA5946,1,16
2026-08-02T09:26:20.716Z,deep_scan,20260802011913_1A-4-7-8-17-28C,30,1A,1,9,M12,AA7468,1,17
2026-08-02T09:26:20.716Z,deep_scan,20260802011913_1A-4-7-8-17-28C,30,1A,1,10,M21/1,AA5646,0,19
2026-08-02T09:26:20.733Z,deep_scan,20260802011913_1A-4-7-8-17-28C,30,1A,0,1,M108/1,AA5407,0,29
2026-08-02T09:26:20.733Z,deep_scan,20260802011913_1A-4-7-8-17-28C,30,1A,0,4,M27,AA7673,0,8
2026-08-02T09:26:20.733Z,deep_scan,20260802011913_1A-4-7-8-17-28C,30,1A,0,9,M239/1,AA7418,0,12
2026-08-02T09:26:20.733Z,deep_scan,20260802011913_1A-4-7-8-17-28C,30,1A,0,16,M252,AA6701,1,0
2026-08-02T09:26:50.731Z,deep_scan,20260802011913_1A-4-7-8-17-28C,30,1A,1,3,M118,AA7115,0,49
2026-08-02T09:26:50.731Z,deep_scan,20260802011913_1A-4-7-8-17-28C,30,1A,1,5,M49,AA5946,1,14
2026-08-02T09:26:50.731Z,deep_scan,20260802011913_1A-4-7-8-17-28C,30,1A,1,9,M12,AA7468,0,10
2026-08-02T09:26:50.731Z,deep_scan,20260802011913_1A-4-7-8-17-28C,30,1A,1,10,M21/1,AA5646,0,19
2026-08-02T09:26:50.744Z,deep_scan,20260802011913_1A-4-7-8-17-28C,30,1A,0,1,M108/1,AA5407,0,21
2026-08-02T09:26:50.744Z,deep_scan,20260802011913_1A-4-7-8-17-28C,30,1A,0,4,M27,AA7673,0,8
2026-08-02T09:26:50.744Z,deep_scan,20260802011913_1A-4-7-8-17-28C,30,1A,0,9,M239/1,AA7418,0,47
2026-08-02T09:26:50.744Z,deep_scan,20260802011913_1A-4-7-8-17-28C,30,1A,0,16,M252,AA6701,1,0
2026-08-02T09:27:20.721Z,deep_scan,20260802011913_1A-4-7-8-17-28C,30,1A,0,1,M108/1,AA5407,0,10
2026-08-02T09:27:20.721Z,deep_scan,20260802011913_1A-4-7-8-17-28C,30,1A,0,5,M29,AA7673,1,19
2026-08-02T09:27:20.721Z,deep_scan,20260802011913_1A-4-7-8-17-28C,30,1A,0,10,M254,AA7418,1,16
2026-08-02T09:27:20.721Z,deep_scan,20260802011913_1A-4-7-8-17-28C,30,1A,0,16,M252,AA6701,1,0
2026-08-02T09:27:20.764Z,deep_scan,20260802011913_1A-4-7-8-17-28C,30,1A,1,3,M118,AA7115,0,20
2026-08-02T09:27:20.764Z,deep_scan,20260802011913_1A-4-7-8-17-28C,30,1A,1,5,M49,AA5946,1,14
2026-08-02T09:27:20.764Z,deep_scan,20260802011913_1A-4-7-8-17-28C,30,1A,1,9,M12,AA7468,0,10
2026-08-02T09:27:20.764Z,deep_scan,20260802011913_1A-4-7-8-17-28C,30,1A,1,10,M21/1,AA5646,0,24
2026-08-02T09:27:50.763Z,deep_scan,20260802011913_1A-4-7-8-17-28C,30,1A,0,1,M108/1,AA5407,0,21
2026-08-02T09:27:50.763Z,deep_scan,20260802011913_1A-4-7-8-17-28C,30,1A,0,5,M29,AA7673,1,19
2026-08-02T09:27:50.763Z,deep_scan,20260802011913_1A-4-7-8-17-28C,30,1A,0,11,M241,AA7418,1,27
2026-08-02T09:27:50.776Z,deep_scan,20260802011913_1A-4-7-8-17-28C,30,1A,1,3,M118,AA7115,0,42
2026-08-02T09:27:50.776Z,deep_scan,20260802011913_1A-4-7-8-17-28C,30,1A,1,5,M49,AA5946,1,14
2026-08-02T09:27:50.776Z,deep_scan,20260802011913_1A-4-7-8-17-28C,30,1A,1,10,M21/1,AA7468,1,10
2026-08-02T09:27:50.776Z,deep_scan,20260802011913_1A-4-7-8-17-28C,30,1A,1,11,M120/2,AA5646,1,0
2026-08-02T09:28:20.756Z,deep_scan,20260802011913_1A-4-7-8-17-28C,30,1A,1,3,M118,AA7115,0,30
2026-08-02T09:28:20.756Z,deep_scan,20260802011913_1A-4-7-8-17-28C,30,1A,1,5,M49,AA5946,0,15
2026-08-02T09:28:20.756Z,deep_scan,20260802011913_1A-4-7-8-17-28C,30,1A,1,10,M21/1,AA7468,0,10
2026-08-02T09:28:20.756Z,deep_scan,20260802011913_1A-4-7-8-17-28C,30,1A,1,11,M120/2,AA5646,1,0
2026-08-02T09:28:20.769Z,deep_scan,20260802011913_1A-4-7-8-17-28C,30,1A,0,2,M26/1,AA5407,1,9
2026-08-02T09:28:20.769Z,deep_scan,20260802011913_1A-4-7-8-17-28C,30,1A,0,5,M29,AA7673,0,24
2026-08-02T09:28:20.769Z,deep_scan,20260802011913_1A-4-7-8-17-28C,30,1A,0,11,M241,AA7418,0,24
2026-08-02T09:28:50.794Z,deep_scan,20260802011913_1A-4-7-8-17-28C,30,1A,1,3,M118,AA7115,0,37
2026-08-02T09:28:50.794Z,deep_scan,20260802011913_1A-4-7-8-17-28C,30,1A,1,5,M49,AA5946,0,15
2026-08-02T09:28:50.794Z,deep_scan,20260802011913_1A-4-7-8-17-28C,30,1A,1,10,M21/1,AA7468,0,5
2026-08-02T09:28:50.794Z,deep_scan,20260802011913_1A-4-7-8-17-28C,30,1A,1,11,M120/2,AA5646,1,0
2026-08-02T09:28:50.804Z,deep_scan,20260802011913_1A-4-7-8-17-28C,30,1A,0,2,M26/1,AA5407,1,9
2026-08-02T09:28:50.804Z,deep_scan,20260802011913_1A-4-7-8-17-28C,30,1A,0,6,M36,AA7673,1,26
2026-08-02T09:28:50.804Z,deep_scan,20260802011913_1A-4-7-8-17-28C,30,1A,0,11,M241,AA7418,0,16
2026-08-02T09:29:20.774Z,deep_scan,20260802011913_1A-4-7-8-17-28C,30,1A,1,4,M53,AA7115,1,30
2026-08-02T09:29:20.774Z,deep_scan,20260802011913_1A-4-7-8-17-28C,30,1A,1,6,M35/1,AA5946,1,4
2026-08-02T09:29:20.774Z,deep_scan,20260802011913_1A-4-7-8-17-28C,30,1A,1,10,M21/1,AA7468,0,8
2026-08-02T09:29:20.774Z,deep_scan,20260802011913_1A-4-7-8-17-28C,30,1A,1,11,M120/2,AA5646,1,0
2026-08-02T09:29:20.950Z,deep_scan,20260802011913_1A-4-7-8-17-28C,30,1A,0,2,M26/1,AA5407,0,11
2026-08-02T09:29:20.950Z,deep_scan,20260802011913_1A-4-7-8-17-28C,30,1A,0,6,M36,AA7673,1,16
2026-08-02T09:29:20.950Z,deep_scan,20260802011913_1A-4-7-8-17-28C,30,1A,0,12,M71,AA7418,1,13
2026-08-02T09:29:50.787Z,deep_scan,20260802011913_1A-4-7-8-17-28C,30,1A,0,2,M26/1,AA5407,0,13
2026-08-02T09:29:50.787Z,deep_scan,20260802011913_1A-4-7-8-17-28C,30,1A,0,6,M36,AA7673,1,4
2026-08-02T09:29:50.787Z,deep_scan,20260802011913_1A-4-7-8-17-28C,30,1A,0,12,M71,AA7418,0,7
2026-08-02T09:29:50.792Z,deep_scan,20260802011913_1A-4-7-8-17-28C,30,1A,1,0,M252,AA6701,1,27
2026-08-02T09:29:50.792Z,deep_scan,20260802011913_1A-4-7-8-17-28C,30,1A,1,4,M53,AA7115,1,5
2026-08-02T09:29:50.792Z,deep_scan,20260802011913_1A-4-7-8-17-28C,30,1A,1,6,M35/1,AA5946,1,4
2026-08-02T09:29:50.792Z,deep_scan,20260802011913_1A-4-7-8-17-28C,30,1A,1,10,M21/1,AA7468,0,1
2026-08-02T09:29:50.792Z,deep_scan,20260802011913_1A-4-7-8-17-28C,30,1A,1,11,M120/2,AA5646,1,0
2026-08-02T09:30:20.840Z,deep_scan,20260802011913_1A-4-7-8-17-28C,30,1A,1,0,M252,AA6701,1,20
2026-08-02T09:30:20.840Z,deep_scan,20260802011913_1A-4-7-8-17-28C,30,1A,1,4,M53,AA7115,0,45
2026-08-02T09:30:20.840Z,deep_scan,20260802011913_1A-4-7-8-17-28C,30,1A,1,6,M35/1,AA5946,0,8
2026-08-02T09:30:20.840Z,deep_scan,20260802011913_1A-4-7-8-17-28C,30,1A,1,10,M21/1,AA7468,0,36
2026-08-02T09:30:20.840Z,deep_scan,20260802011913_1A-4-7-8-17-28C,30,1A,1,11,M120/2,AA5646,1,0
2026-08-02T09:30:20.893Z,deep_scan,20260802011913_1A-4-7-8-17-28C,30,1A,0,2,M26/1,AA5407,0,28
2026-08-02T09:30:20.893Z,deep_scan,20260802011913_1A-4-7-8-17-28C,30,1A,0,6,M36,AA7673,0,22
2026-08-02T09:30:20.893Z,deep_scan,20260802011913_1A-4-7-8-17-28C,30,1A,0,13,M156,AA7418,0,9
2026-08-02T09:30:50.784Z,deep_scan,20260802011913_1A-4-7-8-17-28C,30,1A,1,0,M252,AA6701,0,50
2026-08-02T09:30:50.784Z,deep_scan,20260802011913_1A-4-7-8-17-28C,30,1A,1,5,M49,AA7115,1,16
2026-08-02T09:30:50.784Z,deep_scan,20260802011913_1A-4-7-8-17-28C,30,1A,1,6,M35/1,AA5946,0,17
2026-08-02T09:30:50.784Z,deep_scan,20260802011913_1A-4-7-8-17-28C,30,1A,1,10,M21/1,AA7468,0,36
2026-08-02T09:30:50.817Z,deep_scan,20260802011913_1A-4-7-8-17-28C,30,1A,0,0,M120/2,AA5646,1,24
2026-08-02T09:30:50.817Z,deep_scan,20260802011913_1A-4-7-8-17-28C,30,1A,0,2,M26/1,AA5407,0,2
2026-08-02T09:30:50.817Z,deep_scan,20260802011913_1A-4-7-8-17-28C,30,1A,0,7,M48,AA7673,1,22
2026-08-02T09:30:50.817Z,deep_scan,20260802011913_1A-4-7-8-17-28C,30,1A,0,14,M253,AA7418,1,33
2026-08-02T09:31:20.791Z,deep_scan,20260802011913_1A-4-7-8-17-28C,30,1A,1,1,M161,AA6701,1,5
2026-08-02T09:31:20.791Z,deep_scan,20260802011913_1A-4-7-8-17-28C,30,1A,1,5,M49,AA7115,1,2
2026-08-02T09:31:20.791Z,deep_scan,20260802011913_1A-4-7-8-17-28C,30,1A,1,6,M35/1,AA5946,0,12
2026-08-02T09:31:20.791Z,deep_scan,20260802011913_1A-4-7-8-17-28C,30,1A,1,10,M21/1,AA7468,0,36
2026-08-02T09:31:20.825Z,deep_scan,20260802011913_1A-4-7-8-17-28C,30,1A,0,0,M120/2,AA5646,0,24
2026-08-02T09:31:20.825Z,deep_scan,20260802011913_1A-4-7-8-17-28C,30,1A,0,2,M26/1,AA5407,0,18
2026-08-02T09:31:20.825Z,deep_scan,20260802011913_1A-4-7-8-17-28C,30,1A,0,7,M48,AA7673,1,19
2026-08-02T09:31:20.825Z,deep_scan,20260802011913_1A-4-7-8-17-28C,30,1A,0,14,M253,AA7418,1,10
2026-08-02T09:31:50.839Z,deep_scan,20260802011913_1A-4-7-8-17-28C,30,1A,1,1,M161,AA6701,0,13
2026-08-02T09:31:50.839Z,deep_scan,20260802011913_1A-4-7-8-17-28C,30,1A,1,5,M49,AA7115,1,2
2026-08-02T09:31:50.839Z,deep_scan,20260802011913_1A-4-7-8-17-28C,30,1A,1,7,M28/1,AA5946,1,43
2026-08-02T09:31:50.839Z,deep_scan,20260802011913_1A-4-7-8-17-28C,30,1A,1,10,M21/1,AA7468,0,36
2026-08-02T09:31:50.866Z,deep_scan,20260802011913_1A-4-7-8-17-28C,30,1A,0,1,M108/1,AA5646,1,34
2026-08-02T09:31:50.866Z,deep_scan,20260802011913_1A-4-7-8-17-28C,30,1A,0,3,M10,AA5407,1,18
2026-08-02T09:31:50.866Z,deep_scan,20260802011913_1A-4-7-8-17-28C,30,1A,0,7,M48,AA7673,0,20
2026-08-02T09:31:50.866Z,deep_scan,20260802011913_1A-4-7-8-17-28C,30,1A,0,14,M253,AA7418,0,48
2026-08-02T09:32:20.871Z,deep_scan,20260802011913_1A-4-7-8-17-28C,30,1A,0,1,M108/1,AA5646,1,10
2026-08-02T09:32:20.871Z,deep_scan,20260802011913_1A-4-7-8-17-28C,30,1A,0,3,M10,AA5407,0,22
2026-08-02T09:32:20.871Z,deep_scan,20260802011913_1A-4-7-8-17-28C,30,1A,0,7,M48,AA7673,0,47
2026-08-02T09:32:20.871Z,deep_scan,20260802011913_1A-4-7-8-17-28C,30,1A,0,15,M250,AA7418,1,10
2026-08-02T09:32:20.880Z,deep_scan,20260802011913_1A-4-7-8-17-28C,30,1A,1,1,M161,AA6701,0,24
2026-08-02T09:32:20.880Z,deep_scan,20260802011913_1A-4-7-8-17-28C,30,1A,1,5,M49,AA7115,0,22
2026-08-02T09:32:20.880Z,deep_scan,20260802011913_1A-4-7-8-17-28C,30,1A,1,7,M28/1,AA5946,0,43
2026-08-02T09:32:20.880Z,deep_scan,20260802011913_1A-4-7-8-17-28C,30,1A,1,10,M21/1,AA7468,0,9
2026-08-02T09:32:50.838Z,deep_scan,20260802011913_1A-4-7-8-17-28C,30,1A,1,2,M70,AA6701,1,27
2026-08-02T09:32:50.838Z,deep_scan,20260802011913_1A-4-7-8-17-28C,30,1A,1,6,M35/1,AA7115,1,1
2026-08-02T09:32:50.838Z,deep_scan,20260802011913_1A-4-7-8-17-28C,30,1A,1,7,M28/1,AA5946,0,3
2026-08-02T09:32:50.838Z,deep_scan,20260802011913_1A-4-7-8-17-28C,30,1A,1,10,M21/1,AA7468,0,41
2026-08-02T09:32:50.846Z,deep_scan,20260802011913_1A-4-7-8-17-28C,30,1A,0,1,M108/1,AA5646,0,4
2026-08-02T09:32:50.846Z,deep_scan,20260802011913_1A-4-7-8-17-28C,30,1A,0,3,M10,AA5407,0,3
2026-08-02T09:32:50.846Z,deep_scan,20260802011913_1A-4-7-8-17-28C,30,1A,0,8,M52,AA7673,1,39
2026-08-02T09:32:50.846Z,deep_scan,20260802011913_1A-4-7-8-17-28C,30,1A,0,15,M250,AA7418,0,22
2026-08-02T09:33:20.855Z,deep_scan,20260802011913_1A-4-7-8-17-28C,30,1A,1,2,M70,AA6701,1,23
2026-08-02T09:33:20.855Z,deep_scan,20260802011913_1A-4-7-8-17-28C,30,1A,1,6,M35/1,AA7115,1,1
2026-08-02T09:33:20.855Z,deep_scan,20260802011913_1A-4-7-8-17-28C,30,1A,1,7,M28/1,AA5946,0,17
2026-08-02T09:33:20.855Z,deep_scan,20260802011913_1A-4-7-8-17-28C,30,1A,1,10,M21/1,AA7468,0,7
2026-08-02T09:33:20.869Z,deep_scan,20260802011913_1A-4-7-8-17-28C,30,1A,0,1,M108/1,AA5646,0,34
2026-08-02T09:33:20.869Z,deep_scan,20260802011913_1A-4-7-8-17-28C,30,1A,0,3,M10,AA5407,0,15
2026-08-02T09:33:20.869Z,deep_scan,20260802011913_1A-4-7-8-17-28C,30,1A,0,8,M52,AA7673,0,1
2026-08-02T09:33:20.869Z,deep_scan,20260802011913_1A-4-7-8-17-28C,30,1A,0,15,M250,AA7418,0,2
2026-08-02T09:33:50.844Z,deep_scan,20260802011913_1A-4-7-8-17-28C,30,1A,0,1,M108/1,AA5646,0,6
2026-08-02T09:33:50.844Z,deep_scan,20260802011913_1A-4-7-8-17-28C,30,1A,0,4,M27,AA5407,1,14
2026-08-02T09:33:50.844Z,deep_scan,20260802011913_1A-4-7-8-17-28C,30,1A,0,8,M52,AA7673,0,30
2026-08-02T09:33:50.844Z,deep_scan,20260802011913_1A-4-7-8-17-28C,30,1A,0,15,M250,AA7418,0,15
2026-08-02T09:33:50.851Z,deep_scan,20260802011913_1A-4-7-8-17-28C,30,1A,1,3,M118,AA6701,1,10
2026-08-02T09:33:50.851Z,deep_scan,20260802011913_1A-4-7-8-17-28C,30,1A,1,6,M35/1,AA7115,0,2
2026-08-02T09:33:50.851Z,deep_scan,20260802011913_1A-4-7-8-17-28C,30,1A,1,7,M28/1,AA5946,0,17
2026-08-02T09:33:50.851Z,deep_scan,20260802011913_1A-4-7-8-17-28C,30,1A,1,10,M21/1,AA7468,0,44
2026-08-02T09:34:20.916Z,deep_scan,20260802011913_1A-4-7-8-17-28C,30,1A,0,1,M108/1,AA5646,0,49
2026-08-02T09:34:20.916Z,deep_scan,20260802011913_1A-4-7-8-17-28C,30,1A,0,4,M27,AA5407,1,8
2026-08-02T09:34:20.916Z,deep_scan,20260802011913_1A-4-7-8-17-28C,30,1A,0,8,M52,AA7673,0,46
2026-08-02T09:34:20.916Z,deep_scan,20260802011913_1A-4-7-8-17-28C,30,1A,0,16,M252,AA7418,1,0
2026-08-02T09:34:21.068Z,deep_scan,20260802011913_1A-4-7-8-17-28C,30,1A,1,3,M118,AA6701,1,34
2026-08-02T09:34:21.068Z,deep_scan,20260802011913_1A-4-7-8-17-28C,30,1A,1,6,M35/1,AA7115,0,2
2026-08-02T09:34:21.068Z,deep_scan,20260802011913_1A-4-7-8-17-28C,30,1A,1,7,M28/1,AA5946,0,17
2026-08-02T09:34:21.068Z,deep_scan,20260802011913_1A-4-7-8-17-28C,30,1A,1,10,M21/1,AA7468,0,44
2026-08-02T09:34:50.877Z,deep_scan,20260802011913_1A-4-7-8-17-28C,30,1A,1,3,M118,AA6701,1,5
2026-08-02T09:34:50.877Z,deep_scan,20260802011913_1A-4-7-8-17-28C,30,1A,1,6,M35/1,AA7115,0,6
2026-08-02T09:34:50.877Z,deep_scan,20260802011913_1A-4-7-8-17-28C,30,1A,1,7,M28/1,AA5946,0,18
2026-08-02T09:34:50.877Z,deep_scan,20260802011913_1A-4-7-8-17-28C,30,1A,1,10,M21/1,AA7468,0,44
2026-08-02T09:34:50.894Z,deep_scan,20260802011913_1A-4-7-8-17-28C,30,1A,0,1,M108/1,AA5646,0,2
2026-08-02T09:34:50.894Z,deep_scan,20260802011913_1A-4-7-8-17-28C,30,1A,0,4,M27,AA5407,0,14
2026-08-02T09:34:50.894Z,deep_scan,20260802011913_1A-4-7-8-17-28C,30,1A,0,8,M52,AA7673,0,33
2026-08-02T09:34:50.894Z,deep_scan,20260802011913_1A-4-7-8-17-28C,30,1A,0,16,M252,AA7418,1,0
2026-08-02T09:35:20.896Z,deep_scan,20260802011913_1A-4-7-8-17-28C,30,1A,1,3,M118,AA6701,0,8
2026-08-02T09:35:20.896Z,deep_scan,20260802011913_1A-4-7-8-17-28C,30,1A,1,6,M35/1,AA7115,0,5
2026-08-02T09:35:20.896Z,deep_scan,20260802011913_1A-4-7-8-17-28C,30,1A,1,8,M11,AA5946,1,15
2026-08-02T09:35:20.896Z,deep_scan,20260802011913_1A-4-7-8-17-28C,30,1A,1,10,M21/1,AA7468,0,5
2026-08-02T09:35:20.917Z,deep_scan,20260802011913_1A-4-7-8-17-28C,30,1A,0,1,M108/1,AA5646,0,22
2026-08-02T09:35:20.917Z,deep_scan,20260802011913_1A-4-7-8-17-28C,30,1A,0,4,M27,AA5407,0,16
2026-08-02T09:35:20.917Z,deep_scan,20260802011913_1A-4-7-8-17-28C,30,1A,0,8,M52,AA7673,0,29
2026-08-02T09:35:20.917Z,deep_scan,20260802011913_1A-4-7-8-17-28C,30,1A,0,16,M252,AA7418,1,0
2026-08-02T09:35:50.900Z,deep_scan,20260802011913_1A-4-7-8-17-28C,30,1A,0,2,M26/1,AA5646,1,10
2026-08-02T09:35:50.900Z,deep_scan,20260802011913_1A-4-7-8-17-28C,30,1A,0,4,M27,AA5407,0,16
2026-08-02T09:35:50.900Z,deep_scan,20260802011913_1A-4-7-8-17-28C,30,1A,0,9,M239/1,AA7673,1,38
2026-08-02T09:35:50.900Z,deep_scan,20260802011913_1A-4-7-8-17-28C,30,1A,0,16,M252,AA7418,1,0
2026-08-02T09:35:50.909Z,deep_scan,20260802011913_1A-4-7-8-17-28C,30,1A,1,3,M118,AA6701,0,7
2026-08-02T09:35:50.909Z,deep_scan,20260802011913_1A-4-7-8-17-28C,30,1A,1,7,M28/1,AA7115,1,15
2026-08-02T09:35:50.909Z,deep_scan,20260802011913_1A-4-7-8-17-28C,30,1A,1,8,M11,AA5946,0,15
2026-08-02T09:35:50.909Z,deep_scan,20260802011913_1A-4-7-8-17-28C,30,1A,1,11,M120/2,AA7468,1,0
2026-08-02T09:36:20.945Z,deep_scan,20260802011913_1A-4-7-8-17-28C,30,1A,1,3,M118,AA6701,0,49
2026-08-02T09:36:20.945Z,deep_scan,20260802011913_1A-4-7-8-17-28C,30,1A,1,7,M28/1,AA7115,1,27
2026-08-02T09:36:20.945Z,deep_scan,20260802011913_1A-4-7-8-17-28C,30,1A,1,9,M12,AA5946,1,7
2026-08-02T09:36:20.945Z,deep_scan,20260802011913_1A-4-7-8-17-28C,30,1A,1,11,M120/2,AA7468,1,0
2026-08-02T09:36:20.950Z,deep_scan,20260802011913_1A-4-7-8-17-28C,30,1A,0,2,M26/1,AA5646,1,2
2026-08-02T09:36:20.950Z,deep_scan,20260802011913_1A-4-7-8-17-28C,30,1A,0,5,M29,AA5407,1,15
2026-08-02T09:36:20.950Z,deep_scan,20260802011913_1A-4-7-8-17-28C,30,1A,0,9,M239/1,AA7673,1,32
2026-08-02T09:36:20.950Z,deep_scan,20260802011913_1A-4-7-8-17-28C,30,1A,0,16,M252,AA7418,1,0
2026-08-02T09:36:50.921Z,deep_scan,20260802011913_1A-4-7-8-17-28C,30,1A,1,3,M118,AA6701,0,33
2026-08-02T09:36:50.921Z,deep_scan,20260802011913_1A-4-7-8-17-28C,30,1A,1,7,M28/1,AA7115,1,16
2026-08-02T09:36:50.921Z,deep_scan,20260802011913_1A-4-7-8-17-28C,30,1A,1,9,M12,AA5946,1,11
2026-08-02T09:36:50.921Z,deep_scan,20260802011913_1A-4-7-8-17-28C,30,1A,1,11,M120/2,AA7468,1,0
2026-08-02T09:36:50.966Z,deep_scan,20260802011913_1A-4-7-8-17-28C,30,1A,0,2,M26/1,AA5646,0,14
2026-08-02T09:36:50.966Z,deep_scan,20260802011913_1A-4-7-8-17-28C,30,1A,0,5,M29,AA5407,1,4
2026-08-02T09:36:50.966Z,deep_scan,20260802011913_1A-4-7-8-17-28C,30,1A,0,9,M239/1,AA7673,0,31
2026-08-02T09:36:50.966Z,deep_scan,20260802011913_1A-4-7-8-17-28C,30,1A,0,16,M252,AA7418,1,0
2026-08-02T09:37:20.912Z,deep_scan,20260802011913_1A-4-7-8-17-28C,30,1A,1,3,M118,AA6701,0,41
2026-08-02T09:37:20.912Z,deep_scan,20260802011913_1A-4-7-8-17-28C,30,1A,1,7,M28/1,AA7115,0,7
2026-08-02T09:37:20.912Z,deep_scan,20260802011913_1A-4-7-8-17-28C,30,1A,1,9,M12,AA5946,1,11
2026-08-02T09:37:20.912Z,deep_scan,20260802011913_1A-4-7-8-17-28C,30,1A,1,11,M120/2,AA7468,1,0
2026-08-02T09:37:20.943Z,deep_scan,20260802011913_1A-4-7-8-17-28C,30,1A,0,2,M26/1,AA5646,0,18
2026-08-02T09:37:20.943Z,deep_scan,20260802011913_1A-4-7-8-17-28C,30,1A,0,5,M29,AA5407,1,4
2026-08-02T09:37:20.943Z,deep_scan,20260802011913_1A-4-7-8-17-28C,30,1A,0,10,M254,AA7673,1,19
2026-08-02T09:37:20.943Z,deep_scan,20260802011913_1A-4-7-8-17-28C,30,1A,0,16,M252,AA7418,1,0
2026-08-02T09:37:50.933Z,deep_scan,20260802011913_1A-4-7-8-17-28C,30,1A,1,3,M118,AA6701,0,27
2026-08-02T09:37:50.933Z,deep_scan,20260802011913_1A-4-7-8-17-28C,30,1A,1,7,M28/1,AA7115,0,10
2026-08-02T09:37:50.933Z,deep_scan,20260802011913_1A-4-7-8-17-28C,30,1A,1,9,M12,AA5946,0,11
2026-08-02T09:37:50.933Z,deep_scan,20260802011913_1A-4-7-8-17-28C,30,1A,1,11,M120/2,AA7468,1,0
2026-08-02T09:37:50.960Z,deep_scan,20260802011913_1A-4-7-8-17-28C,30,1A,0,2,M26/1,AA5646,0,22
2026-08-02T09:37:50.960Z,deep_scan,20260802011913_1A-4-7-8-17-28C,30,1A,0,5,M29,AA5407,0,20
2026-08-02T09:37:50.960Z,deep_scan,20260802011913_1A-4-7-8-17-28C,30,1A,0,10,M254,AA7673,1,19
2026-08-02T09:37:50.960Z,deep_scan,20260802011913_1A-4-7-8-17-28C,30,1A,0,16,M252,AA7418,1,0
2026-08-02T09:38:20.997Z,deep_scan,20260802011913_1A-4-7-8-17-28C,30,1A,0,3,M10,AA5646,1,16
2026-08-02T09:38:20.997Z,deep_scan,20260802011913_1A-4-7-8-17-28C,30,1A,0,6,M36,AA5407,1,20
2026-08-02T09:38:20.997Z,deep_scan,20260802011913_1A-4-7-8-17-28C,30,1A,0,10,M254,AA7673,0,8
2026-08-02T09:38:21.021Z,deep_scan,20260802011913_1A-4-7-8-17-28C,30,1A,1,0,M252,AA7418,1,11
2026-08-02T09:38:21.021Z,deep_scan,20260802011913_1A-4-7-8-17-28C,30,1A,1,3,M118,AA6701,0,47
2026-08-02T09:38:21.021Z,deep_scan,20260802011913_1A-4-7-8-17-28C,30,1A,1,7,M28/1,AA7115,0,3
2026-08-02T09:38:21.021Z,deep_scan,20260802011913_1A-4-7-8-17-28C,30,1A,1,9,M12,AA5946,0,9
2026-08-02T09:38:21.021Z,deep_scan,20260802011913_1A-4-7-8-17-28C,30,1A,1,11,M120/2,AA7468,1,0
2026-08-02T09:38:50.943Z,deep_scan,20260802011913_1A-4-7-8-17-28C,30,1A,1,0,M252,AA7418,1,11
2026-08-02T09:38:50.943Z,deep_scan,20260802011913_1A-4-7-8-17-28C,30,1A,1,4,M53,AA6701,1,38
2026-08-02T09:38:50.943Z,deep_scan,20260802011913_1A-4-7-8-17-28C,30,1A,1,7,M28/1,AA7115,0,14
2026-08-02T09:38:50.943Z,deep_scan,20260802011913_1A-4-7-8-17-28C,30,1A,1,9,M12,AA5946,0,3
2026-08-02T09:38:50.943Z,deep_scan,20260802011913_1A-4-7-8-17-28C,30,1A,1,11,M120/2,AA7468,1,0
2026-08-02T09:38:50.958Z,deep_scan,20260802011913_1A-4-7-8-17-28C,30,1A,0,3,M10,AA5646,1,26
2026-08-02T09:38:50.958Z,deep_scan,20260802011913_1A-4-7-8-17-28C,30,1A,0,6,M36,AA5407,0,20
2026-08-02T09:38:50.958Z,deep_scan,20260802011913_1A-4-7-8-17-28C,30,1A,0,10,M254,AA7673,0,29
2026-08-02T09:39:20.930Z,deep_scan,20260802011913_1A-4-7-8-17-28C,30,1A,0,3,M10,AA5646,0,17
2026-08-02T09:39:20.930Z,deep_scan,20260802011913_1A-4-7-8-17-28C,30,1A,0,6,M36,AA5407,0,20
2026-08-02T09:39:20.930Z,deep_scan,20260802011913_1A-4-7-8-17-28C,30,1A,0,11,M241,AA7673,1,20
2026-08-02T09:39:20.942Z,deep_scan,20260802011913_1A-4-7-8-17-28C,30,1A,1,0,M252,AA7418,1,11
2026-08-02T09:39:20.942Z,deep_scan,20260802011913_1A-4-7-8-17-28C,30,1A,1,4,M53,AA6701,1,6
2026-08-02T09:39:20.942Z,deep_scan,20260802011913_1A-4-7-8-17-28C,30,1A,1,7,M28/1,AA7115,0,14
2026-08-02T09:39:20.942Z,deep_scan,20260802011913_1A-4-7-8-17-28C,30,1A,1,9,M12,AA5946,0,3
2026-08-02T09:39:20.942Z,deep_scan,20260802011913_1A-4-7-8-17-28C,30,1A,1,11,M120/2,AA7468,1,0
2026-08-02T09:39:50.939Z,deep_scan,20260802011913_1A-4-7-8-17-28C,30,1A,0,3,M10,AA5646,0,3
2026-08-02T09:39:50.939Z,deep_scan,20260802011913_1A-4-7-8-17-28C,30,1A,0,6,M36,AA5407,0,20
2026-08-02T09:39:50.939Z,deep_scan,20260802011913_1A-4-7-8-17-28C,30,1A,0,11,M241,AA7673,1,16
2026-08-02T09:39:50.970Z,deep_scan,20260802011913_1A-4-7-8-17-28C,30,1A,1,0,M252,AA7418,1,10
2026-08-02T09:39:50.970Z,deep_scan,20260802011913_1A-4-7-8-17-28C,30,1A,1,4,M53,AA6701,0,49
2026-08-02T09:39:50.970Z,deep_scan,20260802011913_1A-4-7-8-17-28C,30,1A,1,8,M11,AA7115,1,12
2026-08-02T09:39:50.970Z,deep_scan,20260802011913_1A-4-7-8-17-28C,30,1A,1,10,M21/1,AA5946,1,3
2026-08-02T09:39:50.970Z,deep_scan,20260802011913_1A-4-7-8-17-28C,30,1A,1,11,M120/2,AA7468,1,0
2026-08-02T09:40:20.938Z,deep_scan,20260802011913_1A-4-7-8-17-28C,30,1A,0,3,M10,AA5646,0,14
2026-08-02T09:40:20.938Z,deep_scan,20260802011913_1A-4-7-8-17-28C,30,1A,0,6,M36,AA5407,0,17
2026-08-02T09:40:20.938Z,deep_scan,20260802011913_1A-4-7-8-17-28C,30,1A,0,11,M241,AA7673,0,13
2026-08-02T09:40:20.950Z,deep_scan,20260802011913_1A-4-7-8-17-28C,30,1A,1,0,M252,AA7418,0,16
2026-08-02T09:40:20.950Z,deep_scan,20260802011913_1A-4-7-8-17-28C,30,1A,1,5,M49,AA6701,1,26
2026-08-02T09:40:20.950Z,deep_scan,20260802011913_1A-4-7-8-17-28C,30,1A,1,9,M12,AA7115,1,12
2026-08-02T09:40:20.950Z,deep_scan,20260802011913_1A-4-7-8-17-28C,30,1A,1,10,M21/1,AA5946,1,5
2026-08-02T09:40:50.972Z,deep_scan,20260802011913_1A-4-7-8-17-28C,30,1A,0,4,M27,AA5646,1,11
2026-08-02T09:40:50.972Z,deep_scan,20260802011913_1A-4-7-8-17-28C,30,1A,0,6,M36,AA5407,0,21
2026-08-02T09:40:50.972Z,deep_scan,20260802011913_1A-4-7-8-17-28C,30,1A,0,12,M71,AA7673,1,16
2026-08-02T09:40:51.006Z,deep_scan,20260802011913_1A-4-7-8-17-28C,30,1A,1,0,M252,AA7418,0,21
2026-08-02T09:40:51.006Z,deep_scan,20260802011913_1A-4-7-8-17-28C,30,1A,1,5,M49,AA6701,1,26
2026-08-02T09:40:51.006Z,deep_scan,20260802011913_1A-4-7-8-17-28C,30,1A,1,9,M12,AA7115,1,1
2026-08-02T09:40:51.006Z,deep_scan,20260802011913_1A-4-7-8-17-28C,30,1A,1,10,M21/1,AA5946,1,9
2026-08-02T09:41:20.943Z,deep_scan,20260802011913_1A-4-7-8-17-28C,30,1A,1,0,M252,AA7418,0,2
2026-08-02T09:41:20.943Z,deep_scan,20260802011913_1A-4-7-8-17-28C,30,1A,1,5,M49,AA6701,1,2
2026-08-02T09:41:20.943Z,deep_scan,20260802011913_1A-4-7-8-17-28C,30,1A,1,9,M12,AA7115,1,9
2026-08-02T09:41:20.943Z,deep_scan,20260802011913_1A-4-7-8-17-28C,30,1A,1,10,M21/1,AA5946,0,5
2026-08-02T09:41:20.962Z,deep_scan,20260802011913_1A-4-7-8-17-28C,30,1A,0,4,M27,AA5646,0,5
2026-08-02T09:41:20.962Z,deep_scan,20260802011913_1A-4-7-8-17-28C,30,1A,0,7,M48,AA5407,1,4
2026-08-02T09:41:20.962Z,deep_scan,20260802011913_1A-4-7-8-17-28C,30,1A,0,12,M71,AA7673,0,10
2026-08-02T09:41:51.020Z,deep_scan,20260802011913_1A-4-7-8-17-28C,30,1A,1,1,M161,AA7418,1,25
2026-08-02T09:41:51.020Z,deep_scan,20260802011913_1A-4-7-8-17-28C,30,1A,1,5,M49,AA6701,1,2
2026-08-02T09:41:51.020Z,deep_scan,20260802011913_1A-4-7-8-17-28C,30,1A,1,9,M12,AA7115,1,9
2026-08-02T09:41:51.020Z,deep_scan,20260802011913_1A-4-7-8-17-28C,30,1A,1,10,M21/1,AA5946,0,5
2026-08-02T09:41:51.029Z,deep_scan,20260802011913_1A-4-7-8-17-28C,30,1A,0,0,M120/2,AA7468,1,9
2026-08-02T09:41:51.029Z,deep_scan,20260802011913_1A-4-7-8-17-28C,30,1A,0,5,M29,AA5646,1,3
2026-08-02T09:41:51.029Z,deep_scan,20260802011913_1A-4-7-8-17-28C,30,1A,0,7,M48,AA5407,1,6
2026-08-02T09:41:51.029Z,deep_scan,20260802011913_1A-4-7-8-17-28C,30,1A,0,13,M156,AA7673,1,24
2026-08-02T09:42:20.992Z,deep_scan,20260802011913_1A-4-7-8-17-28C,30,1A,0,0,M120/2,AA7468,1,9
2026-08-02T09:42:20.992Z,deep_scan,20260802011913_1A-4-7-8-17-28C,30,1A,0,5,M29,AA5646,1,3
2026-08-02T09:42:20.992Z,deep_scan,20260802011913_1A-4-7-8-17-28C,30,1A,0,7,M48,AA5407,0,16
2026-08-02T09:42:20.992Z,deep_scan,20260802011913_1A-4-7-8-17-28C,30,1A,0,13,M156,AA7673,1,10
2026-08-02T09:42:21.017Z,deep_scan,20260802011913_1A-4-7-8-17-28C,30,1A,1,1,M161,AA7418,1,25
2026-08-02T09:42:21.017Z,deep_scan,20260802011913_1A-4-7-8-17-28C,30,1A,1,5,M49,AA6701,0,33
2026-08-02T09:42:21.017Z,deep_scan,20260802011913_1A-4-7-8-17-28C,30,1A,1,9,M12,AA7115,0,23
2026-08-02T09:42:21.017Z,deep_scan,20260802011913_1A-4-7-8-17-28C,30,1A,1,10,M21/1,AA5946,0,5
2026-08-02T09:42:50.982Z,deep_scan,20260802011913_1A-4-7-8-17-28C,30,1A,1,1,M161,AA7418,1,20
2026-08-02T09:42:50.982Z,deep_scan,20260802011913_1A-4-7-8-17-28C,30,1A,1,6,M35/1,AA6701,1,39
2026-08-02T09:42:50.982Z,deep_scan,20260802011913_1A-4-7-8-17-28C,30,1A,1,10,M21/1,AA5946,0,15
2026-08-02T09:42:50.982Z,deep_scan,20260802011913_1A-4-7-8-17-28C,30,1A,1,10,M21/1,AA7115,1,11
2026-08-02T09:42:51.011Z,deep_scan,20260802011913_1A-4-7-8-17-28C,30,1A,0,0,M120/2,AA7468,1,9
2026-08-02T09:42:51.011Z,deep_scan,20260802011913_1A-4-7-8-17-28C,30,1A,0,5,M29,AA5646,1,3
2026-08-02T09:42:51.011Z,deep_scan,20260802011913_1A-4-7-8-17-28C,30,1A,0,7,M48,AA5407,0,31
2026-08-02T09:42:51.011Z,deep_scan,20260802011913_1A-4-7-8-17-28C,30,1A,0,13,M156,AA7673,0,9
2026-08-02T09:43:21.040Z,deep_scan,20260802011913_1A-4-7-8-17-28C,30,1A,1,1,M161,AA7418,1,1
2026-08-02T09:43:21.040Z,deep_scan,20260802011913_1A-4-7-8-17-28C,30,1A,1,6,M35/1,AA6701,1,10
2026-08-02T09:43:21.040Z,deep_scan,20260802011913_1A-4-7-8-17-28C,30,1A,1,10,M21/1,AA5946,0,32
2026-08-02T09:43:21.040Z,deep_scan,20260802011913_1A-4-7-8-17-28C,30,1A,1,10,M21/1,AA7115,1,12
2026-08-02T09:43:21.067Z,deep_scan,20260802011913_1A-4-7-8-17-28C,30,1A,0,0,M120/2,AA7468,0,9
2026-08-02T09:43:21.067Z,deep_scan,20260802011913_1A-4-7-8-17-28C,30,1A,0,5,M29,AA5646,1,15
2026-08-02T09:43:21.067Z,deep_scan,20260802011913_1A-4-7-8-17-28C,30,1A,0,8,M52,AA5407,1,25
2026-08-02T09:43:21.067Z,deep_scan,20260802011913_1A-4-7-8-17-28C,30,1A,0,14,M253,AA7673,1,46
2026-08-02T09:43:51.064Z,deep_scan,20260802011913_1A-4-7-8-17-28C,30,1A,1,2,M70,AA7418,1,25
2026-08-02T09:43:51.064Z,deep_scan,20260802011913_1A-4-7-8-17-28C,30,1A,1,6,M35/1,AA6701,1,10
2026-08-02T09:43:51.064Z,deep_scan,20260802011913_1A-4-7-8-17-28C,30,1A,1,10,M21/1,AA5946,0,9
2026-08-02T09:43:51.064Z,deep_scan,20260802011913_1A-4-7-8-17-28C,30,1A,1,10,M21/1,AA7115,1,18
2026-08-02T09:43:51.098Z,deep_scan,20260802011913_1A-4-7-8-17-28C,30,1A,0,1,M108/1,AA7468,0,35
2026-08-02T09:43:51.098Z,deep_scan,20260802011913_1A-4-7-8-17-28C,30,1A,0,5,M29,AA5646,0,1
2026-08-02T09:43:51.098Z,deep_scan,20260802011913_1A-4-7-8-17-28C,30,1A,0,8,M52,AA5407,1,8
2026-08-02T09:43:51.098Z,deep_scan,20260802011913_1A-4-7-8-17-28C,30,1A,0,14,M253,AA7673,1,5
2026-08-02T09:44:21.054Z,deep_scan,20260802011913_1A-4-7-8-17-28C,30,1A,1,2,M70,AA7418,1,6
2026-08-02T09:44:21.054Z,deep_scan,20260802011913_1A-4-7-8-17-28C,30,1A,1,6,M35/1,AA6701,0,15
2026-08-02T09:44:21.054Z,deep_scan,20260802011913_1A-4-7-8-17-28C,30,1A,1,10,M21/1,AA5946,0,4
2026-08-02T09:44:21.054Z,deep_scan,20260802011913_1A-4-7-8-17-28C,30,1A,1,10,M21/1,AA7115,0,5
2026-08-02T09:44:21.091Z,deep_scan,20260802011913_1A-4-7-8-17-28C,30,1A,0,1,M108/1,AA7468,0,4
2026-08-02T09:44:21.091Z,deep_scan,20260802011913_1A-4-7-8-17-28C,30,1A,0,5,M29,AA5646,0,1
2026-08-02T09:44:21.091Z,deep_scan,20260802011913_1A-4-7-8-17-28C,30,1A,0,8,M52,AA5407,1,14
2026-08-02T09:44:21.091Z,deep_scan,20260802011913_1A-4-7-8-17-28C,30,1A,0,14,M253,AA7673,0,34
2026-08-02T09:44:51.053Z,deep_scan,20260802011913_1A-4-7-8-17-28C,30,1A,1,3,M118,AA7418,1,33
2026-08-02T09:44:51.053Z,deep_scan,20260802011913_1A-4-7-8-17-28C,30,1A,1,6,M35/1,AA6701,0,3
2026-08-02T09:44:51.053Z,deep_scan,20260802011913_1A-4-7-8-17-28C,30,1A,1,10,M21/1,AA5946,0,2
2026-08-02T09:44:51.053Z,deep_scan,20260802011913_1A-4-7-8-17-28C,30,1A,1,10,M21/1,AA7115,0,5
2026-08-02T09:44:51.059Z,deep_scan,20260802011913_1A-4-7-8-17-28C,30,1A,0,1,M108/1,AA7468,0,8
2026-08-02T09:44:51.059Z,deep_scan,20260802011913_1A-4-7-8-17-28C,30,1A,0,6,M36,AA5646,1,19
2026-08-02T09:44:51.059Z,deep_scan,20260802011913_1A-4-7-8-17-28C,30,1A,0,8,M52,AA5407,0,19
2026-08-02T09:44:51.059Z,deep_scan,20260802011913_1A-4-7-8-17-28C,30,1A,0,14,M253,AA7673,0,2
2026-08-02T09:45:21.057Z,deep_scan,20260802011913_1A-4-7-8-17-28C,30,1A,0,1,M108/1,AA7468,0,46
2026-08-02T09:45:21.057Z,deep_scan,20260802011913_1A-4-7-8-17-28C,30,1A,0,6,M36,AA5646,1,9
2026-08-02T09:45:21.057Z,deep_scan,20260802011913_1A-4-7-8-17-28C,30,1A,0,8,M52,AA5407,0,36
2026-08-02T09:45:21.057Z,deep_scan,20260802011913_1A-4-7-8-17-28C,30,1A,0,15,M250,AA7673,1,2
2026-08-02T09:45:21.080Z,deep_scan,20260802011913_1A-4-7-8-17-28C,30,1A,1,3,M118,AA7418,1,2
2026-08-02T09:45:21.080Z,deep_scan,20260802011913_1A-4-7-8-17-28C,30,1A,1,6,M35/1,AA6701,0,14
2026-08-02T09:45:21.080Z,deep_scan,20260802011913_1A-4-7-8-17-28C,30,1A,1,10,M21/1,AA5946,0,21
2026-08-02T09:45:21.080Z,deep_scan,20260802011913_1A-4-7-8-17-28C,30,1A,1,10,M21/1,AA7115,0,5
2026-08-02T09:45:51.075Z,deep_scan,20260802011913_1A-4-7-8-17-28C,30,1A,1,3,M118,AA7418,1,12
2026-08-02T09:45:51.075Z,deep_scan,20260802011913_1A-4-7-8-17-28C,30,1A,1,7,M28/1,AA6701,1,34
2026-08-02T09:45:51.075Z,deep_scan,20260802011913_1A-4-7-8-17-28C,30,1A,1,10,M21/1,AA5946,0,20
2026-08-02T09:45:51.075Z,deep_scan,20260802011913_1A-4-7-8-17-28C,30,1A,1,10,M21/1,AA7115,0,36
2026-08-02T09:45:51.102Z,deep_scan,20260802011913_1A-4-7-8-17-28C,30,1A,0,1,M108/1,AA7468,0,37
2026-08-02T09:45:51.102Z,deep_scan,20260802011913_1A-4-7-8-17-28C,30,1A,0,6,M36,AA5646,1,2
2026-08-02T09:45:51.102Z,deep_scan,20260802011913_1A-4-7-8-17-28C,30,1A,0,8,M52,AA5407,0,32
2026-08-02T09:45:51.102Z,deep_scan,20260802011913_1A-4-7-8-17-28C,30,1A,0,15,M250,AA7673,0,11
2026-08-02T09:46:21.068Z,deep_scan,20260802011913_1A-4-7-8-17-28C,30,1A,0,1,M108/1,AA7468,0,24
2026-08-02T09:46:21.068Z,deep_scan,20260802011913_1A-4-7-8-17-28C,30,1A,0,6,M36,AA5646,1,16
2026-08-02T09:46:21.068Z,deep_scan,20260802011913_1A-4-7-8-17-28C,30,1A,0,8,M52,AA5407,0,31
2026-08-02T09:46:21.068Z,deep_scan,20260802011913_1A-4-7-8-17-28C,30,1A,0,16,M252,AA7673,1,0
2026-08-02T09:46:21.082Z,deep_scan,20260802011913_1A-4-7-8-17-28C,30,1A,1,3,M118,AA7418,1,12
2026-08-02T09:46:21.082Z,deep_scan,20260802011913_1A-4-7-8-17-28C,30,1A,1,7,M28/1,AA6701,0,14
2026-08-02T09:46:21.082Z,deep_scan,20260802011913_1A-4-7-8-17-28C,30,1A,1,10,M21/1,AA7115,0,13
2026-08-02T09:46:21.082Z,deep_scan,20260802011913_1A-4-7-8-17-28C,30,1A,1,11,M120/2,AA5946,1,0
2026-08-02T09:46:51.065Z,deep_scan,20260802011913_1A-4-7-8-17-28C,30,1A,1,3,M118,AA7418,0,7
2026-08-02T09:46:51.065Z,deep_scan,20260802011913_1A-4-7-8-17-28C,30,1A,1,7,M28/1,AA6701,0,30
2026-08-02T09:46:51.065Z,deep_scan,20260802011913_1A-4-7-8-17-28C,30,1A,1,10,M21/1,AA7115,0,12
2026-08-02T09:46:51.065Z,deep_scan,20260802011913_1A-4-7-8-17-28C,30,1A,1,11,M120/2,AA5946,1,0
2026-08-02T09:46:51.126Z,deep_scan,20260802011913_1A-4-7-8-17-28C,30,1A,0,1,M108/1,AA7468,0,6
2026-08-02T09:46:51.126Z,deep_scan,20260802011913_1A-4-7-8-17-28C,30,1A,0,7,M48,AA5646,1,12
2026-08-02T09:46:51.126Z,deep_scan,20260802011913_1A-4-7-8-17-28C,30,1A,0,8,M52,AA5407,0,11
2026-08-02T09:46:51.126Z,deep_scan,20260802011913_1A-4-7-8-17-28C,30,1A,0,16,M252,AA7673,1,0
2026-08-02T09:47:21.096Z,deep_scan,20260802011913_1A-4-7-8-17-28C,30,1A,0,1,M108/1,AA7468,0,2
2026-08-02T09:47:21.096Z,deep_scan,20260802011913_1A-4-7-8-17-28C,30,1A,0,7,M48,AA5646,1,22
2026-08-02T09:47:21.096Z,deep_scan,20260802011913_1A-4-7-8-17-28C,30,1A,0,8,M52,AA5407,0,28
2026-08-02T09:47:21.096Z,deep_scan,20260802011913_1A-4-7-8-17-28C,30,1A,0,16,M252,AA7673,1,0
2026-08-02T09:47:21.109Z,deep_scan,20260802011913_1A-4-7-8-17-28C,30,1A,1,3,M118,AA7418,0,7
2026-08-02T09:47:21.109Z,deep_scan,20260802011913_1A-4-7-8-17-28C,30,1A,1,7,M28/1,AA6701,0,1
2026-08-02T09:47:21.109Z,deep_scan,20260802011913_1A-4-7-8-17-28C,30,1A,1,10,M21/1,AA7115,0,24
2026-08-02T09:47:21.109Z,deep_scan,20260802011913_1A-4-7-8-17-28C,30,1A,1,11,M120/2,AA5946,1,0
2026-08-02T09:47:51.096Z,deep_scan,20260802011913_1A-4-7-8-17-28C,30,1A,1,3,M118,AA7418,0,50
2026-08-02T09:47:51.096Z,deep_scan,20260802011913_1A-4-7-8-17-28C,30,1A,1,7,M28/1,AA6701,0,1
2026-08-02T09:47:51.096Z,deep_scan,20260802011913_1A-4-7-8-17-28C,30,1A,1,10,M21/1,AA7115,0,25
2026-08-02T09:47:51.096Z,deep_scan,20260802011913_1A-4-7-8-17-28C,30,1A,1,11,M120/2,AA5946,1,0
2026-08-02T09:47:51.110Z,deep_scan,20260802011913_1A-4-7-8-17-28C,30,1A,0,1,M108/1,AA7468,0,19
2026-08-02T09:47:51.110Z,deep_scan,20260802011913_1A-4-7-8-17-28C,30,1A,0,7,M48,AA5646,0,24
2026-08-02T09:47:51.110Z,deep_scan,20260802011913_1A-4-7-8-17-28C,30,1A,0,9,M239/1,AA5407,1,22
2026-08-02T09:47:51.110Z,deep_scan,20260802011913_1A-4-7-8-17-28C,30,1A,0,16,M252,AA7673,1,0
2026-08-02T09:48:21.153Z,deep_scan,20260802011913_1A-4-7-8-17-28C,30,1A,0,0,M120/2,AA5946,1,9
2026-08-02T09:48:21.153Z,deep_scan,20260802011913_1A-4-7-8-17-28C,30,1A,0,1,M108/1,AA7468,0,2
2026-08-02T09:48:21.153Z,deep_scan,20260802011913_1A-4-7-8-17-28C,30,1A,0,7,M48,AA5646,0,34
2026-08-02T09:48:21.153Z,deep_scan,20260802011913_1A-4-7-8-17-28C,30,1A,0,9,M239/1,AA5407,0,14
2026-08-02T09:48:21.153Z,deep_scan,20260802011913_1A-4-7-8-17-28C,30,1A,0,16,M252,AA7673,1,0
2026-08-02T09:48:21.161Z,deep_scan,20260802011913_1A-4-7-8-17-28C,30,1A,1,3,M118,AA7418,0,48
2026-08-02T09:48:21.161Z,deep_scan,20260802011913_1A-4-7-8-17-28C,30,1A,1,7,M28/1,AA6701,0,21
2026-08-02T09:48:21.161Z,deep_scan,20260802011913_1A-4-7-8-17-28C,30,1A,1,11,M120/2,AA7115,1,0
2026-08-02T09:48:51.098Z,deep_scan,20260802011913_1A-4-7-8-17-28C,30,1A,1,3,M118,AA7418,0,23
2026-08-02T09:48:51.098Z,deep_scan,20260802011913_1A-4-7-8-17-28C,30,1A,1,7,M28/1,AA6701,0,26
2026-08-02T09:48:51.098Z,deep_scan,20260802011913_1A-4-7-8-17-28C,30,1A,1,11,M120/2,AA7115,1,0
2026-08-02T09:48:51.152Z,deep_scan,20260802011913_1A-4-7-8-17-28C,30,1A,0,0,M120/2,AA5946,0,9
2026-08-02T09:48:51.152Z,deep_scan,20260802011913_1A-4-7-8-17-28C,30,1A,0,2,M26/1,AA7468,1,16
2026-08-02T09:48:51.152Z,deep_scan,20260802011913_1A-4-7-8-17-28C,30,1A,0,8,M52,AA5646,1,3
2026-08-02T09:48:51.152Z,deep_scan,20260802011913_1A-4-7-8-17-28C,30,1A,0,9,M239/1,AA5407,0,26
2026-08-02T09:48:51.152Z,deep_scan,20260802011913_1A-4-7-8-17-28C,30,1A,0,16,M252,AA7673,1,0
2026-08-02T09:49:21.164Z,deep_scan,20260802011913_1A-4-7-8-17-28C,30,1A,1,3,M118,AA7418,0,34
2026-08-02T09:49:21.164Z,deep_scan,20260802011913_1A-4-7-8-17-28C,30,1A,1,8,M11,AA6701,1,21
2026-08-02T09:49:21.164Z,deep_scan,20260802011913_1A-4-7-8-17-28C,30,1A,1,11,M120/2,AA7115,1,0
2026-08-02T09:49:21.214Z,deep_scan,20260802011913_1A-4-7-8-17-28C,30,1A,0,0,M120/2,AA5946,0,18
2026-08-02T09:49:21.214Z,deep_scan,20260802011913_1A-4-7-8-17-28C,30,1A,0,2,M26/1,AA7468,1,4
2026-08-02T09:49:21.214Z,deep_scan,20260802011913_1A-4-7-8-17-28C,30,1A,0,8,M52,AA5646,1,20
2026-08-02T09:49:21.214Z,deep_scan,20260802011913_1A-4-7-8-17-28C,30,1A,0,10,M254,AA5407,1,16
2026-08-02T09:49:21.214Z,deep_scan,20260802011913_1A-4-7-8-17-28C,30,1A,0,16,M252,AA7673,1,0
2026-08-02T09:49:51.103Z,deep_scan,20260802011913_1A-4-7-8-17-28C,30,1A,1,3,M118,AA7418,0,33
2026-08-02T09:49:51.103Z,deep_scan,20260802011913_1A-4-7-8-17-28C,30,1A,1,8,M11,AA6701,1,8
2026-08-02T09:49:51.103Z,deep_scan,20260802011913_1A-4-7-8-17-28C,30,1A,1,11,M120/2,AA7115,1,0
2026-08-02T09:49:51.147Z,deep_scan,20260802011913_1A-4-7-8-17-28C,30,1A,0,0,M120/2,AA5946,0,21
2026-08-02T09:49:51.147Z,deep_scan,20260802011913_1A-4-7-8-17-28C,30,1A,0,2,M26/1,AA7468,0,3
2026-08-02T09:49:51.147Z,deep_scan,20260802011913_1A-4-7-8-17-28C,30,1A,0,8,M52,AA5646,0,19
2026-08-02T09:49:51.147Z,deep_scan,20260802011913_1A-4-7-8-17-28C,30,1A,0,10,M254,AA5407,1,4
2026-08-02T09:49:51.147Z,deep_scan,20260802011913_1A-4-7-8-17-28C,30,1A,0,16,M252,AA7673,1,0
2026-08-02T09:50:21.171Z,deep_scan,20260802011913_1A-4-7-8-17-28C,30,1A,1,3,M118,AA7418,0,38
2026-08-02T09:50:21.171Z,deep_scan,20260802011913_1A-4-7-8-17-28C,30,1A,1,9,M12,AA6701,1,13
2026-08-02T09:50:21.171Z,deep_scan,20260802011913_1A-4-7-8-17-28C,30,1A,1,11,M120/2,AA7115,1,0
2026-08-02T09:50:21.242Z,deep_scan,20260802011913_1A-4-7-8-17-28C,30,1A,0,1,M108/1,AA5946,1,9
2026-08-02T09:50:21.242Z,deep_scan,20260802011913_1A-4-7-8-17-28C,30,1A,0,2,M26/1,AA7468,0,23
2026-08-02T09:50:21.242Z,deep_scan,20260802011913_1A-4-7-8-17-28C,30,1A,0,8,M52,AA5646,0,33
2026-08-02T09:50:21.242Z,deep_scan,20260802011913_1A-4-7-8-17-28C,30,1A,0,10,M254,AA5407,0,17
2026-08-02T09:50:21.242Z,deep_scan,20260802011913_1A-4-7-8-17-28C,30,1A,0,16,M252,AA7673,1,0
2026-08-02T09:50:51.130Z,deep_scan,20260802011913_1A-4-7-8-17-28C,30,1A,1,4,M53,AA7418,1,10
2026-08-02T09:50:51.130Z,deep_scan,20260802011913_1A-4-7-8-17-28C,30,1A,1,9,M12,AA6701,1,14
2026-08-02T09:50:51.130Z,deep_scan,20260802011913_1A-4-7-8-17-28C,30,1A,1,11,M120/2,AA7115,1,0
2026-08-02T09:50:51.201Z,deep_scan,20260802011913_1A-4-7-8-17-28C,30,1A,0,1,M108/1,AA5946,0,13
2026-08-02T09:50:51.201Z,deep_scan,20260802011913_1A-4-7-8-17-28C,30,1A,0,2,M26/1,AA7468,0,17
2026-08-02T09:50:51.201Z,deep_scan,20260802011913_1A-4-7-8-17-28C,30,1A,0,8,M52,AA5646,0,40
2026-08-02T09:50:51.201Z,deep_scan,20260802011913_1A-4-7-8-17-28C,30,1A,0,10,M254,AA5407,0,17
2026-08-02T09:51:21.190Z,deep_scan,20260802011913_1A-4-7-8-17-28C,30,1A,0,1,M108/1,AA5946,0,12
2026-08-02T09:51:21.190Z,deep_scan,20260802011913_1A-4-7-8-17-28C,30,1A,0,2,M26/1,AA7468,0,29
2026-08-02T09:51:21.190Z,deep_scan,20260802011913_1A-4-7-8-17-28C,30,1A,0,8,M52,AA5646,0,32
2026-08-02T09:51:21.190Z,deep_scan,20260802011913_1A-4-7-8-17-28C,30,1A,0,11,M241,AA5407,1,11
2026-08-02T09:51:21.203Z,deep_scan,20260802011913_1A-4-7-8-17-28C,30,1A,1,4,M53,AA7418,1,10
2026-08-02T09:51:21.203Z,deep_scan,20260802011913_1A-4-7-8-17-28C,30,1A,1,10,M21/1,AA6701,1,10
2026-08-02T09:51:21.203Z,deep_scan,20260802011913_1A-4-7-8-17-28C,30,1A,1,11,M120/2,AA7115,1,0
2026-08-02T09:51:51.187Z,deep_scan,20260802011913_1A-4-7-8-17-28C,30,1A,1,4,M53,AA7418,1,10
2026-08-02T09:51:51.187Z,deep_scan,20260802011913_1A-4-7-8-17-28C,30,1A,1,10,M21/1,AA6701,1,10
2026-08-02T09:51:51.187Z,deep_scan,20260802011913_1A-4-7-8-17-28C,30,1A,1,11,M120/2,AA7115,1,0
2026-08-02T09:51:51.191Z,deep_scan,20260802011913_1A-4-7-8-17-28C,30,1A,0,1,M108/1,AA5946,0,34
2026-08-02T09:51:51.191Z,deep_scan,20260802011913_1A-4-7-8-17-28C,30,1A,0,2,M26/1,AA7468,0,28
2026-08-02T09:51:51.191Z,deep_scan,20260802011913_1A-4-7-8-17-28C,30,1A,0,8,M52,AA5646,0,18
2026-08-02T09:51:51.191Z,deep_scan,20260802011913_1A-4-7-8-17-28C,30,1A,0,11,M241,AA5407,1,9
2026-08-02T09:52:21.175Z,deep_scan,20260802011913_1A-4-7-8-17-28C,30,1A,0,1,M108/1,AA5946,0,13
2026-08-02T09:52:21.175Z,deep_scan,20260802011913_1A-4-7-8-17-28C,30,1A,0,2,M26/1,AA7468,0,11
2026-08-02T09:52:21.175Z,deep_scan,20260802011913_1A-4-7-8-17-28C,30,1A,0,8,M52,AA5646,0,28
2026-08-02T09:52:21.175Z,deep_scan,20260802011913_1A-4-7-8-17-28C,30,1A,0,11,M241,AA5407,0,9
2026-08-02T09:52:21.263Z,deep_scan,20260802011913_1A-4-7-8-17-28C,30,1A,1,0,M252,AA7673,1,7
2026-08-02T09:52:21.263Z,deep_scan,20260802011913_1A-4-7-8-17-28C,30,1A,1,4,M53,AA7418,1,8
2026-08-02T09:52:21.263Z,deep_scan,20260802011913_1A-4-7-8-17-28C,30,1A,1,10,M21/1,AA6701,1,10
2026-08-02T09:52:21.263Z,deep_scan,20260802011913_1A-4-7-8-17-28C,30,1A,1,11,M120/2,AA7115,1,0
2026-08-02T09:52:51.233Z,deep_scan,20260802011913_1A-4-7-8-17-28C,30,1A,1,0,M252,AA7673,0,6
2026-08-02T09:52:51.233Z,deep_scan,20260802011913_1A-4-7-8-17-28C,30,1A,1,4,M53,AA7418,1,8
2026-08-02T09:52:51.233Z,deep_scan,20260802011913_1A-4-7-8-17-28C,30,1A,1,10,M21/1,AA6701,0,11
2026-08-02T09:52:51.237Z,deep_scan,20260802011913_1A-4-7-8-17-28C,30,1A,0,1,M108/1,AA5946,0,19
2026-08-02T09:52:51.237Z,deep_scan,20260802011913_1A-4-7-8-17-28C,30,1A,0,2,M26/1,AA7468,0,9
2026-08-02T09:52:51.237Z,deep_scan,20260802011913_1A-4-7-8-17-28C,30,1A,0,9,M239/1,AA5646,1,5
2026-08-02T09:52:51.237Z,deep_scan,20260802011913_1A-4-7-8-17-28C,30,1A,0,12,M71,AA5407,1,17
2026-08-02T09:53:21.280Z,deep_scan,20260802011913_1A-4-7-8-17-28C,30,1A,1,0,M252,AA7673,0,18
2026-08-02T09:53:21.280Z,deep_scan,20260802011913_1A-4-7-8-17-28C,30,1A,1,4,M53,AA7418,1,3
2026-08-02T09:53:21.280Z,deep_scan,20260802011913_1A-4-7-8-17-28C,30,1A,1,10,M21/1,AA6701,0,11
2026-08-02T09:53:21.283Z,deep_scan,20260802011913_1A-4-7-8-17-28C,30,1A,0,1,M108/1,AA5946,0,25
2026-08-02T09:53:21.283Z,deep_scan,20260802011913_1A-4-7-8-17-28C,30,1A,0,3,M10,AA7468,1,5
2026-08-02T09:53:21.283Z,deep_scan,20260802011913_1A-4-7-8-17-28C,30,1A,0,9,M239/1,AA5646,0,4
2026-08-02T09:53:21.283Z,deep_scan,20260802011913_1A-4-7-8-17-28C,30,1A,0,12,M71,AA5407,1,7
2026-08-02T09:53:51.241Z,deep_scan,20260802011913_1A-4-7-8-17-28C,30,1A,1,0,M252,AA7673,0,45
2026-08-02T09:53:51.241Z,deep_scan,20260802011913_1A-4-7-8-17-28C,30,1A,1,4,M53,AA7418,0,42
2026-08-02T09:53:51.241Z,deep_scan,20260802011913_1A-4-7-8-17-28C,30,1A,1,10,M21/1,AA6701,0,25
2026-08-02T09:53:51.244Z,deep_scan,20260802011913_1A-4-7-8-17-28C,30,1A,0,1,M108/1,AA5946,0,6
2026-08-02T09:53:51.244Z,deep_scan,20260802011913_1A-4-7-8-17-28C,30,1A,0,3,M10,AA7468,1,18
2026-08-02T09:53:51.244Z,deep_scan,20260802011913_1A-4-7-8-17-28C,30,1A,0,10,M254,AA5646,1,35
2026-08-02T09:53:51.244Z,deep_scan,20260802011913_1A-4-7-8-17-28C,30,1A,0,12,M71,AA5407,1,2
2026-08-02T09:54:21.209Z,deep_scan,20260802011913_1A-4-7-8-17-28C,30,1A,0,1,M108/1,AA5946,0,32
2026-08-02T09:54:21.209Z,deep_scan,20260802011913_1A-4-7-8-17-28C,30,1A,0,3,M10,AA7468,1,6
2026-08-02T09:54:21.209Z,deep_scan,20260802011913_1A-4-7-8-17-28C,30,1A,0,10,M254,AA5646,0,29
2026-08-02T09:54:21.209Z,deep_scan,20260802011913_1A-4-7-8-17-28C,30,1A,0,12,M71,AA5407,0,10
2026-08-02T09:54:21.243Z,deep_scan,20260802011913_1A-4-7-8-17-28C,30,1A,1,1,M161,AA7673,1,9
2026-08-02T09:54:21.243Z,deep_scan,20260802011913_1A-4-7-8-17-28C,30,1A,1,4,M53,AA7418,0,32
2026-08-02T09:54:21.243Z,deep_scan,20260802011913_1A-4-7-8-17-28C,30,1A,1,10,M21/1,AA6701,0,16
2026-08-02T09:54:51.243Z,deep_scan,20260802011913_1A-4-7-8-17-28C,30,1A,1,1,M161,AA7673,1,8
2026-08-02T09:54:51.243Z,deep_scan,20260802011913_1A-4-7-8-17-28C,30,1A,1,5,M49,AA7418,1,29
2026-08-02T09:54:51.243Z,deep_scan,20260802011913_1A-4-7-8-17-28C,30,1A,1,10,M21/1,AA6701,0,6
2026-08-02T09:54:51.251Z,deep_scan,20260802011913_1A-4-7-8-17-28C,30,1A,0,1,M108/1,AA5946,0,12
2026-08-02T09:54:51.251Z,deep_scan,20260802011913_1A-4-7-8-17-28C,30,1A,0,3,M10,AA7468,0,22
2026-08-02T09:54:51.251Z,deep_scan,20260802011913_1A-4-7-8-17-28C,30,1A,0,11,M241,AA5646,1,27
2026-08-02T09:54:51.251Z,deep_scan,20260802011913_1A-4-7-8-17-28C,30,1A,0,13,M156,AA5407,1,15
2026-08-02T09:55:21.233Z,deep_scan,20260802011913_1A-4-7-8-17-28C,30,1A,0,1,M108/1,AA5946,0,13
2026-08-02T09:55:21.233Z,deep_scan,20260802011913_1A-4-7-8-17-28C,30,1A,0,3,M10,AA7468,0,25
2026-08-02T09:55:21.233Z,deep_scan,20260802011913_1A-4-7-8-17-28C,30,1A,0,11,M241,AA5646,1,20
2026-08-02T09:55:21.233Z,deep_scan,20260802011913_1A-4-7-8-17-28C,30,1A,0,13,M156,AA5407,0,12
2026-08-02T09:55:21.244Z,deep_scan,20260802011913_1A-4-7-8-17-28C,30,1A,1,1,M161,AA7673,0,18
2026-08-02T09:55:21.244Z,deep_scan,20260802011913_1A-4-7-8-17-28C,30,1A,1,5,M49,AA7418,1,12
2026-08-02T09:55:21.244Z,deep_scan,20260802011913_1A-4-7-8-17-28C,30,1A,1,10,M21/1,AA6701,0,3
2026-08-02T09:55:51.239Z,deep_scan,20260802011913_1A-4-7-8-17-28C,30,1A,0,2,M26/1,AA5946,1,7
2026-08-02T09:55:51.239Z,deep_scan,20260802011913_1A-4-7-8-17-28C,30,1A,0,3,M10,AA7468,0,6
2026-08-02T09:55:51.239Z,deep_scan,20260802011913_1A-4-7-8-17-28C,30,1A,0,11,M241,AA5646,1,15
2026-08-02T09:55:51.239Z,deep_scan,20260802011913_1A-4-7-8-17-28C,30,1A,0,13,M156,AA5407,0,12
2026-08-02T09:55:51.279Z,deep_scan,20260802011913_1A-4-7-8-17-28C,30,1A,1,2,M70,AA7673,1,24
2026-08-02T09:55:51.279Z,deep_scan,20260802011913_1A-4-7-8-17-28C,30,1A,1,5,M49,AA7418,1,12
2026-08-02T09:55:51.279Z,deep_scan,20260802011913_1A-4-7-8-17-28C,30,1A,1,11,M120/2,AA6701,1,0
2026-08-02T09:56:21.302Z,deep_scan,20260802011913_1A-4-7-8-17-28C,30,1A,0,2,M26/1,AA5946,1,18
2026-08-02T09:56:21.302Z,deep_scan,20260802011913_1A-4-7-8-17-28C,30,1A,0,4,M27,AA7468,1,19
2026-08-02T09:56:21.302Z,deep_scan,20260802011913_1A-4-7-8-17-28C,30,1A,0,12,M71,AA5646,1,12
2026-08-02T09:56:21.302Z,deep_scan,20260802011913_1A-4-7-8-17-28C,30,1A,0,13,M156,AA5407,0,12
2026-08-02T09:56:21.328Z,deep_scan,20260802011913_1A-4-7-8-17-28C,30,1A,1,2,M70,AA7673,1,16
2026-08-02T09:56:21.328Z,deep_scan,20260802011913_1A-4-7-8-17-28C,30,1A,1,5,M49,AA7418,1,9
2026-08-02T09:56:21.328Z,deep_scan,20260802011913_1A-4-7-8-17-28C,30,1A,1,11,M120/2,AA6701,1,0
2026-08-02T09:56:51.262Z,deep_scan,20260802011913_1A-4-7-8-17-28C,30,1A,0,0,M120/2,AA7115,1,25
2026-08-02T09:56:51.262Z,deep_scan,20260802011913_1A-4-7-8-17-28C,30,1A,0,2,M26/1,AA5946,0,27
2026-08-02T09:56:51.262Z,deep_scan,20260802011913_1A-4-7-8-17-28C,30,1A,0,4,M27,AA7468,0,22
2026-08-02T09:56:51.262Z,deep_scan,20260802011913_1A-4-7-8-17-28C,30,1A,0,12,M71,AA5646,1,12
2026-08-02T09:56:51.262Z,deep_scan,20260802011913_1A-4-7-8-17-28C,30,1A,0,13,M156,AA5407,0,28
2026-08-02T09:56:51.276Z,deep_scan,20260802011913_1A-4-7-8-17-28C,30,1A,1,2,M70,AA7673,0,28
2026-08-02T09:56:51.276Z,deep_scan,20260802011913_1A-4-7-8-17-28C,30,1A,1,5,M49,AA7418,0,13
2026-08-02T09:56:51.276Z,deep_scan,20260802011913_1A-4-7-8-17-28C,30,1A,1,11,M120/2,AA6701,1,0
2026-08-02T09:57:21.247Z,deep_scan,20260802011913_1A-4-7-8-17-28C,30,1A,1,3,M118,AA7673,1,36
2026-08-02T09:57:21.247Z,deep_scan,20260802011913_1A-4-7-8-17-28C,30,1A,1,6,M35/1,AA7418,1,29
2026-08-02T09:57:21.247Z,deep_scan,20260802011913_1A-4-7-8-17-28C,30,1A,1,11,M120/2,AA6701,1,0
2026-08-02T09:57:21.279Z,deep_scan,20260802011913_1A-4-7-8-17-28C,30,1A,0,0,M120/2,AA7115,1,25
2026-08-02T09:57:21.279Z,deep_scan,20260802011913_1A-4-7-8-17-28C,30,1A,0,2,M26/1,AA5946,0,3
2026-08-02T09:57:21.279Z,deep_scan,20260802011913_1A-4-7-8-17-28C,30,1A,0,4,M27,AA7468,0,2
2026-08-02T09:57:21.279Z,deep_scan,20260802011913_1A-4-7-8-17-28C,30,1A,0,12,M71,AA5646,1,2
2026-08-02T09:57:21.279Z,deep_scan,20260802011913_1A-4-7-8-17-28C,30,1A,0,14,M253,AA5407,1,33
2026-08-02T09:57:51.279Z,deep_scan,20260802011913_1A-4-7-8-17-28C,30,1A,0,0,M120/2,AA7115,0,25
2026-08-02T09:57:51.279Z,deep_scan,20260802011913_1A-4-7-8-17-28C,30,1A,0,2,M26/1,AA5946,0,5
2026-08-02T09:57:51.279Z,deep_scan,20260802011913_1A-4-7-8-17-28C,30,1A,0,4,M27,AA7468,0,17
2026-08-02T09:57:51.279Z,deep_scan,20260802011913_1A-4-7-8-17-28C,30,1A,0,12,M71,AA5646,0,8
2026-08-02T09:57:51.279Z,deep_scan,20260802011913_1A-4-7-8-17-28C,30,1A,0,14,M253,AA5407,1,19
2026-08-02T09:57:51.300Z,deep_scan,20260802011913_1A-4-7-8-17-28C,30,1A,1,3,M118,AA7673,1,36
2026-08-02T09:57:51.300Z,deep_scan,20260802011913_1A-4-7-8-17-28C,30,1A,1,6,M35/1,AA7418,1,6
2026-08-02T09:57:51.300Z,deep_scan,20260802011913_1A-4-7-8-17-28C,30,1A,1,11,M120/2,AA6701,1,0
2026-08-02T09:58:21.336Z,deep_scan,20260802011913_1A-4-7-8-17-28C,30,1A,0,0,M120/2,AA7115,0,25
2026-08-02T09:58:21.336Z,deep_scan,20260802011913_1A-4-7-8-17-28C,30,1A,0,2,M26/1,AA5946,0,5
2026-08-02T09:58:21.336Z,deep_scan,20260802011913_1A-4-7-8-17-28C,30,1A,0,5,M29,AA7468,1,47
2026-08-02T09:58:21.336Z,deep_scan,20260802011913_1A-4-7-8-17-28C,30,1A,0,13,M156,AA5646,1,7
2026-08-02T09:58:21.336Z,deep_scan,20260802011913_1A-4-7-8-17-28C,30,1A,0,14,M253,AA5407,0,20
2026-08-02T09:58:21.356Z,deep_scan,20260802011913_1A-4-7-8-17-28C,30,1A,1,3,M118,AA7673,1,36
2026-08-02T09:58:21.356Z,deep_scan,20260802011913_1A-4-7-8-17-28C,30,1A,1,6,M35/1,AA7418,1,1
2026-08-02T09:58:21.356Z,deep_scan,20260802011913_1A-4-7-8-17-28C,30,1A,1,11,M120/2,AA6701,1,0
2026-08-02T09:58:51.293Z,deep_scan,20260802011913_1A-4-7-8-17-28C,30,1A,1,3,M118,AA7673,0,19
2026-08-02T09:58:51.293Z,deep_scan,20260802011913_1A-4-7-8-17-28C,30,1A,1,6,M35/1,AA7418,1,2
2026-08-02T09:58:51.293Z,deep_scan,20260802011913_1A-4-7-8-17-28C,30,1A,1,11,M120/2,AA6701,1,0
2026-08-02T09:58:51.316Z,deep_scan,20260802011913_1A-4-7-8-17-28C,30,1A,0,0,M120/2,AA7115,0,25
2026-08-02T09:58:51.316Z,deep_scan,20260802011913_1A-4-7-8-17-28C,30,1A,0,2,M26/1,AA5946,0,9
2026-08-02T09:58:51.316Z,deep_scan,20260802011913_1A-4-7-8-17-28C,30,1A,0,5,M29,AA7468,1,47
2026-08-02T09:58:51.316Z,deep_scan,20260802011913_1A-4-7-8-17-28C,30,1A,0,13,M156,AA5646,1,7
2026-08-02T09:58:51.316Z,deep_scan,20260802011913_1A-4-7-8-17-28C,30,1A,0,15,M250,AA5407,1,16
2026-08-02T09:59:21.324Z,deep_scan,20260802011913_1A-4-7-8-17-28C,30,1A,0,1,M108/1,AA7115,1,19
2026-08-02T09:59:21.324Z,deep_scan,20260802011913_1A-4-7-8-17-28C,30,1A,0,2,M26/1,AA5946,0,20
2026-08-02T09:59:21.324Z,deep_scan,20260802011913_1A-4-7-8-17-28C,30,1A,0,5,M29,AA7468,1,47
2026-08-02T09:59:21.324Z,deep_scan,20260802011913_1A-4-7-8-17-28C,30,1A,0,13,M156,AA5646,0,24
2026-08-02T09:59:21.324Z,deep_scan,20260802011913_1A-4-7-8-17-28C,30,1A,0,15,M250,AA5407,1,18
2026-08-02T09:59:21.328Z,deep_scan,20260802011913_1A-4-7-8-17-28C,30,1A,1,3,M118,AA7673,0,32
2026-08-02T09:59:21.328Z,deep_scan,20260802011913_1A-4-7-8-17-28C,30,1A,1,6,M35/1,AA7418,1,2
2026-08-02T09:59:21.328Z,deep_scan,20260802011913_1A-4-7-8-17-28C,30,1A,1,11,M120/2,AA6701,1,0
2026-08-02T09:59:51.285Z,deep_scan,20260802011913_1A-4-7-8-17-28C,30,1A,1,3,M118,AA7673,0,41
2026-08-02T09:59:51.285Z,deep_scan,20260802011913_1A-4-7-8-17-28C,30,1A,1,6,M35/1,AA7418,1,2
2026-08-02T09:59:51.285Z,deep_scan,20260802011913_1A-4-7-8-17-28C,30,1A,1,11,M120/2,AA6701,1,0
2026-08-02T09:59:51.344Z,deep_scan,20260802011913_1A-4-7-8-17-28C,30,1A,0,1,M108/1,AA7115,0,2
2026-08-02T09:59:51.344Z,deep_scan,20260802011913_1A-4-7-8-17-28C,30,1A,0,2,M26/1,AA5946,0,20
2026-08-02T09:59:51.344Z,deep_scan,20260802011913_1A-4-7-8-17-28C,30,1A,0,5,M29,AA7468,0,26
2026-08-02T09:59:51.344Z,deep_scan,20260802011913_1A-4-7-8-17-28C,30,1A,0,14,M253,AA5646,1,19
2026-08-02T09:59:51.344Z,deep_scan,20260802011913_1A-4-7-8-17-28C,30,1A,0,15,M250,AA5407,1,6
2026-08-02T10:00:21.330Z,deep_scan,20260802011913_1A-4-7-8-17-28C,30,1A,0,1,M108/1,AA7115,0,40
2026-08-02T10:00:21.330Z,deep_scan,20260802011913_1A-4-7-8-17-28C,30,1A,0,2,M26/1,AA5946,0,27
2026-08-02T10:00:21.330Z,deep_scan,20260802011913_1A-4-7-8-17-28C,30,1A,0,5,M29,AA7468,0,18
2026-08-02T10:00:21.330Z,deep_scan,20260802011913_1A-4-7-8-17-28C,30,1A,0,14,M253,AA5646,0,19
2026-08-02T10:00:21.330Z,deep_scan,20260802011913_1A-4-7-8-17-28C,30,1A,0,15,M250,AA5407,0,10
2026-08-02T10:00:21.359Z,deep_scan,20260802011913_1A-4-7-8-17-28C,30,1A,1,3,M118,AA7673,0,46
2026-08-02T10:00:21.359Z,deep_scan,20260802011913_1A-4-7-8-17-28C,30,1A,1,6,M35/1,AA7418,1,2
2026-08-02T10:00:51.300Z,deep_scan,20260802011913_1A-4-7-8-17-28C,30,1A,0,1,M108/1,AA7115,0,25
2026-08-02T10:00:51.300Z,deep_scan,20260802011913_1A-4-7-8-17-28C,30,1A,0,3,M10,AA5946,1,1
2026-08-02T10:00:51.300Z,deep_scan,20260802011913_1A-4-7-8-17-28C,30,1A,0,5,M29,AA7468,0,26
2026-08-02T10:00:51.300Z,deep_scan,20260802011913_1A-4-7-8-17-28C,30,1A,0,14,M253,AA5646,0,15
2026-08-02T10:00:51.300Z,deep_scan,20260802011913_1A-4-7-8-17-28C,30,1A,0,15,M250,AA5407,0,11
2026-08-02T10:00:51.307Z,deep_scan,20260802011913_1A-4-7-8-17-28C,30,1A,1,3,M118,AA7673,0,38
2026-08-02T10:00:51.307Z,deep_scan,20260802011913_1A-4-7-8-17-28C,30,1A,1,6,M35/1,AA7418,0,8
2026-08-02T10:01:21.337Z,deep_scan,20260802011913_1A-4-7-8-17-28C,30,1A,1,3,M118,AA7673,0,46
2026-08-02T10:01:21.337Z,deep_scan,20260802011913_1A-4-7-8-17-28C,30,1A,1,6,M35/1,AA7418,0,38
2026-08-02T10:01:21.351Z,deep_scan,20260802011913_1A-4-7-8-17-28C,30,1A,0,1,M108/1,AA7115,0,12
2026-08-02T10:01:21.351Z,deep_scan,20260802011913_1A-4-7-8-17-28C,30,1A,0,3,M10,AA5946,0,17
2026-08-02T10:01:21.351Z,deep_scan,20260802011913_1A-4-7-8-17-28C,30,1A,0,6,M36,AA7468,0,41
2026-08-02T10:01:21.351Z,deep_scan,20260802011913_1A-4-7-8-17-28C,30,1A,0,15,M250,AA5646,1,17
2026-08-02T10:01:21.351Z,deep_scan,20260802011913_1A-4-7-8-17-28C,30,1A,0,16,M252,AA5407,1,0
2026-08-02T10:01:51.296Z,deep_scan,20260802011913_1A-4-7-8-17-28C,30,1A,0,1,M108/1,AA7115,0,13
2026-08-02T10:01:51.296Z,deep_scan,20260802011913_1A-4-7-8-17-28C,30,1A,0,3,M10,AA5946,0,12
2026-08-02T10:01:51.296Z,deep_scan,20260802011913_1A-4-7-8-17-28C,30,1A,0,6,M36,AA7468,0,1
2026-08-02T10:01:51.296Z,deep_scan,20260802011913_1A-4-7-8-17-28C,30,1A,0,15,M250,AA5646,0,19
2026-08-02T10:01:51.296Z,deep_scan,20260802011913_1A-4-7-8-17-28C,30,1A,0,16,M252,AA5407,1,0
2026-08-02T10:01:51.321Z,deep_scan,20260802011913_1A-4-7-8-17-28C,30,1A,1,4,M53,AA7673,1,41
2026-08-02T10:01:51.321Z,deep_scan,20260802011913_1A-4-7-8-17-28C,30,1A,1,7,M28/1,AA7418,1,15
2026-08-02T10:02:21.372Z,deep_scan,20260802011913_1A-4-7-8-17-28C,30,1A,1,4,M53,AA7673,1,6
2026-08-02T10:02:21.372Z,deep_scan,20260802011913_1A-4-7-8-17-28C,30,1A,1,7,M28/1,AA7418,1,6
2026-08-02T10:02:21.406Z,deep_scan,20260802011913_1A-4-7-8-17-28C,30,1A,0,2,M26/1,AA7115,1,25
2026-08-02T10:02:21.406Z,deep_scan,20260802011913_1A-4-7-8-17-28C,30,1A,0,3,M10,AA5946,0,9
2026-08-02T10:02:21.406Z,deep_scan,20260802011913_1A-4-7-8-17-28C,30,1A,0,6,M36,AA7468,0,11
2026-08-02T10:02:21.406Z,deep_scan,20260802011913_1A-4-7-8-17-28C,30,1A,0,16,M252,AA5407,1,0
2026-08-02T10:02:21.406Z,deep_scan,20260802011913_1A-4-7-8-17-28C,30,1A,0,16,M252,AA5646,1,0
2026-08-02T10:02:51.339Z,deep_scan,20260802011913_1A-4-7-8-17-28C,30,1A,1,4,M53,AA7673,0,40
2026-08-02T10:02:51.339Z,deep_scan,20260802011913_1A-4-7-8-17-28C,30,1A,1,7,M28/1,AA7418,0,17
2026-08-02T10:02:51.371Z,deep_scan,20260802011913_1A-4-7-8-17-28C,30,1A,0,2,M26/1,AA7115,1,2
2026-08-02T10:02:51.371Z,deep_scan,20260802011913_1A-4-7-8-17-28C,30,1A,0,3,M10,AA5946,0,15
2026-08-02T10:02:51.371Z,deep_scan,20260802011913_1A-4-7-8-17-28C,30,1A,0,7,M48,AA7468,1,1
2026-08-02T10:02:51.371Z,deep_scan,20260802011913_1A-4-7-8-17-28C,30,1A,0,16,M252,AA5407,1,0
2026-08-02T10:02:51.371Z,deep_scan,20260802011913_1A-4-7-8-17-28C,30,1A,0,16,M252,AA5646,1,0
2026-08-02T10:03:21.316Z,deep_scan,20260802011913_1A-4-7-8-17-28C,30,1A,1,0,M252,AA5407,1,12
2026-08-02T10:03:21.316Z,deep_scan,20260802011913_1A-4-7-8-17-28C,30,1A,1,4,M53,AA7673,0,11
2026-08-02T10:03:21.316Z,deep_scan,20260802011913_1A-4-7-8-17-28C,30,1A,1,7,M28/1,AA7418,0,19
2026-08-02T10:03:21.565Z,deep_scan,20260802011913_1A-4-7-8-17-28C,30,1A,0,2,M26/1,AA7115,0,17
2026-08-02T10:03:21.565Z,deep_scan,20260802011913_1A-4-7-8-17-28C,30,1A,0,4,M27,AA5946,1,15
2026-08-02T10:03:21.565Z,deep_scan,20260802011913_1A-4-7-8-17-28C,30,1A,0,7,M48,AA7468,1,14
2026-08-02T10:03:21.565Z,deep_scan,20260802011913_1A-4-7-8-17-28C,30,1A,0,16,M252,AA5646,1,0
2026-08-02T10:03:51.321Z,deep_scan,20260802011913_1A-4-7-8-17-28C,30,1A,0,2,M26/1,AA7115,0,27
2026-08-02T10:03:51.321Z,deep_scan,20260802011913_1A-4-7-8-17-28C,30,1A,0,4,M27,AA5946,0,18
2026-08-02T10:03:51.321Z,deep_scan,20260802011913_1A-4-7-8-17-28C,30,1A,0,7,M48,AA7468,1,8
2026-08-02T10:03:51.321Z,deep_scan,20260802011913_1A-4-7-8-17-28C,30,1A,0,16,M252,AA5646,1,0
2026-08-02T10:03:51.329Z,deep_scan,20260802011913_1A-4-7-8-17-28C,30,1A,1,0,M252,AA5407,1,12
2026-08-02T10:03:51.329Z,deep_scan,20260802011913_1A-4-7-8-17-28C,30,1A,1,4,M53,AA7673,0,2
2026-08-02T10:03:51.329Z,deep_scan,20260802011913_1A-4-7-8-17-28C,30,1A,1,7,M28/1,AA7418,0,19
2026-08-02T10:04:21.378Z,deep_scan,20260802011913_1A-4-7-8-17-28C,30,1A,1,0,M252,AA5407,1,5
2026-08-02T10:04:21.378Z,deep_scan,20260802011913_1A-4-7-8-17-28C,30,1A,1,5,M49,AA7673,1,24
2026-08-02T10:04:21.378Z,deep_scan,20260802011913_1A-4-7-8-17-28C,30,1A,1,7,M28/1,AA7418,0,12
2026-08-02T10:04:21.382Z,deep_scan,20260802011913_1A-4-7-8-17-28C,30,1A,0,2,M26/1,AA7115,0,36
2026-08-02T10:04:21.382Z,deep_scan,20260802011913_1A-4-7-8-17-28C,30,1A,0,4,M27,AA5946,0,4
2026-08-02T10:04:21.382Z,deep_scan,20260802011913_1A-4-7-8-17-28C,30,1A,0,7,M48,AA7468,0,20
2026-08-02T10:04:21.382Z,deep_scan,20260802011913_1A-4-7-8-17-28C,30,1A,0,16,M252,AA5646,1,0
2026-08-02T10:04:51.316Z,deep_scan,20260802011913_1A-4-7-8-17-28C,30,1A,0,2,M26/1,AA7115,0,28
2026-08-02T10:04:51.316Z,deep_scan,20260802011913_1A-4-7-8-17-28C,30,1A,0,4,M27,AA5946,0,18
2026-08-02T10:04:51.316Z,deep_scan,20260802011913_1A-4-7-8-17-28C,30,1A,0,8,M52,AA7468,1,4
2026-08-02T10:04:51.316Z,deep_scan,20260802011913_1A-4-7-8-17-28C,30,1A,0,16,M252,AA5646,1,0
2026-08-02T10:04:51.340Z,deep_scan,20260802011913_1A-4-7-8-17-28C,30,1A,1,0,M252,AA5407,0,24
2026-08-02T10:04:51.340Z,deep_scan,20260802011913_1A-4-7-8-17-28C,30,1A,1,5,M49,AA7673,0,29
2026-08-02T10:04:51.340Z,deep_scan,20260802011913_1A-4-7-8-17-28C,30,1A,1,7,M28/1,AA7418,0,23
2026-08-02T10:05:21.361Z,deep_scan,20260802011913_1A-4-7-8-17-28C,30,1A,0,3,M10,AA7115,1,26
2026-08-02T10:05:21.361Z,deep_scan,20260802011913_1A-4-7-8-17-28C,30,1A,0,4,M27,AA5946,0,6
2026-08-02T10:05:21.361Z,deep_scan,20260802011913_1A-4-7-8-17-28C,30,1A,0,8,M52,AA7468,1,4
2026-08-02T10:05:21.361Z,deep_scan,20260802011913_1A-4-7-8-17-28C,30,1A,0,16,M252,AA5646,1,0
2026-08-02T10:05:21.366Z,deep_scan,20260802011913_1A-4-7-8-17-28C,30,1A,1,0,M252,AA5407,0,28
2026-08-02T10:05:21.366Z,deep_scan,20260802011913_1A-4-7-8-17-28C,30,1A,1,5,M49,AA7673,0,13
2026-08-02T10:05:21.366Z,deep_scan,20260802011913_1A-4-7-8-17-28C,30,1A,1,7,M28/1,AA7418,0,6
2026-08-02T10:05:51.346Z,deep_scan,20260802011913_1A-4-7-8-17-28C,30,1A,0,0,M120/2,AA6701,1,27
2026-08-02T10:05:51.346Z,deep_scan,20260802011913_1A-4-7-8-17-28C,30,1A,0,3,M10,AA7115,1,1
2026-08-02T10:05:51.346Z,deep_scan,20260802011913_1A-4-7-8-17-28C,30,1A,0,4,M27,AA5946,0,6
2026-08-02T10:05:51.346Z,deep_scan,20260802011913_1A-4-7-8-17-28C,30,1A,0,8,M52,AA7468,0,22
2026-08-02T10:05:51.346Z,deep_scan,20260802011913_1A-4-7-8-17-28C,30,1A,0,16,M252,AA5646,1,0
2026-08-02T10:05:51.382Z,deep_scan,20260802011913_1A-4-7-8-17-28C,30,1A,1,0,M252,AA5407,0,11
2026-08-02T10:05:51.382Z,deep_scan,20260802011913_1A-4-7-8-17-28C,30,1A,1,6,M35/1,AA7673,1,3
2026-08-02T10:05:51.382Z,deep_scan,20260802011913_1A-4-7-8-17-28C,30,1A,1,8,M11,AA7418,0,28
2026-08-02T10:06:21.384Z,deep_scan,20260802011913_1A-4-7-8-17-28C,30,1A,1,0,M252,AA5407,0,11
2026-08-02T10:06:21.384Z,deep_scan,20260802011913_1A-4-7-8-17-28C,30,1A,1,6,M35/1,AA7673,0,10
2026-08-02T10:06:21.384Z,deep_scan,20260802011913_1A-4-7-8-17-28C,30,1A,1,9,M12,AA7418,1,7
2026-08-02T10:06:21.408Z,deep_scan,20260802011913_1A-4-7-8-17-28C,30,1A,0,0,M120/2,AA6701,0,27
2026-08-02T10:06:21.408Z,deep_scan,20260802011913_1A-4-7-8-17-28C,30,1A,0,3,M10,AA7115,1,8
2026-08-02T10:06:21.408Z,deep_scan,20260802011913_1A-4-7-8-17-28C,30,1A,0,4,M27,AA5946,0,6
2026-08-02T10:06:21.408Z,deep_scan,20260802011913_1A-4-7-8-17-28C,30,1A,0,8,M52,AA7468,0,29
2026-08-02T10:06:21.408Z,deep_scan,20260802011913_1A-4-7-8-17-28C,30,1A,0,16,M252,AA5646,1,0
2026-08-02T10:06:51.336Z,deep_scan,20260802011913_1A-4-7-8-17-28C,30,1A,0,0,M120/2,AA6701,0,18
2026-08-02T10:06:51.336Z,deep_scan,20260802011913_1A-4-7-8-17-28C,30,1A,0,3,M10,AA7115,0,5
2026-08-02T10:06:51.336Z,deep_scan,20260802011913_1A-4-7-8-17-28C,30,1A,0,5,M29,AA5946,1,19
2026-08-02T10:06:51.336Z,deep_scan,20260802011913_1A-4-7-8-17-28C,30,1A,0,8,M52,AA7468,0,45
2026-08-02T10:06:51.362Z,deep_scan,20260802011913_1A-4-7-8-17-28C,30,1A,1,1,M161,AA5407,1,6
2026-08-02T10:06:51.362Z,deep_scan,20260802011913_1A-4-7-8-17-28C,30,1A,1,6,M35/1,AA7673,0,10
2026-08-02T10:06:51.362Z,deep_scan,20260802011913_1A-4-7-8-17-28C,30,1A,1,9,M12,AA7418,0,28
2026-08-02T10:07:21.359Z,deep_scan,20260802011913_1A-4-7-8-17-28C,30,1A,1,1,M161,AA5407,1,6
2026-08-02T10:07:21.359Z,deep_scan,20260802011913_1A-4-7-8-17-28C,30,1A,1,6,M35/1,AA7673,0,10
2026-08-02T10:07:21.359Z,deep_scan,20260802011913_1A-4-7-8-17-28C,30,1A,1,9,M12,AA7418,0,6
2026-08-02T10:07:21.402Z,deep_scan,20260802011913_1A-4-7-8-17-28C,30,1A,0,1,M108/1,AA6701,1,1
2026-08-02T10:07:21.402Z,deep_scan,20260802011913_1A-4-7-8-17-28C,30,1A,0,3,M10,AA7115,0,9
2026-08-02T10:07:21.402Z,deep_scan,20260802011913_1A-4-7-8-17-28C,30,1A,0,5,M29,AA5946,1,19
2026-08-02T10:07:21.402Z,deep_scan,20260802011913_1A-4-7-8-17-28C,30,1A,0,8,M52,AA7468,0,4
2026-08-02T10:07:51.357Z,deep_scan,20260802011913_1A-4-7-8-17-28C,30,1A,0,1,M108/1,AA6701,0,9
2026-08-02T10:07:51.357Z,deep_scan,20260802011913_1A-4-7-8-17-28C,30,1A,0,4,M27,AA7115,1,9
2026-08-02T10:07:51.357Z,deep_scan,20260802011913_1A-4-7-8-17-28C,30,1A,0,5,M29,AA5946,1,16
2026-08-02T10:07:51.357Z,deep_scan,20260802011913_1A-4-7-8-17-28C,30,1A,0,8,M52,AA7468,0,7
2026-08-02T10:07:51.374Z,deep_scan,20260802011913_1A-4-7-8-17-28C,30,1A,1,1,M161,AA5407,1,14
2026-08-02T10:07:51.374Z,deep_scan,20260802011913_1A-4-7-8-17-28C,30,1A,1,6,M35/1,AA7673,0,20
2026-08-02T10:07:51.374Z,deep_scan,20260802011913_1A-4-7-8-17-28C,30,1A,1,10,M21/1,AA7418,1,24
2026-08-02T10:08:21.407Z,deep_scan,20260802011913_1A-4-7-8-17-28C,30,1A,0,1,M108/1,AA6701,0,29
2026-08-02T10:08:21.407Z,deep_scan,20260802011913_1A-4-7-8-17-28C,30,1A,0,4,M27,AA7115,1,9
2026-08-02T10:08:21.407Z,deep_scan,20260802011913_1A-4-7-8-17-28C,30,1A,0,6,M36,AA5946,1,17
2026-08-02T10:08:21.407Z,deep_scan,20260802011913_1A-4-7-8-17-28C,30,1A,0,9,M239/1,AA7468,1,5
2026-08-02T10:08:21.416Z,deep_scan,20260802011913_1A-4-7-8-17-28C,30,1A,1,1,M161,AA5407,1,11
2026-08-02T10:08:21.416Z,deep_scan,20260802011913_1A-4-7-8-17-28C,30,1A,1,6,M35/1,AA7673,0,26
2026-08-02T10:08:21.416Z,deep_scan,20260802011913_1A-4-7-8-17-28C,30,1A,1,10,M21/1,AA7418,0,20
2026-08-02T10:08:51.395Z,deep_scan,20260802011913_1A-4-7-8-17-28C,30,1A,1,2,M70,AA5407,1,11
2026-08-02T10:08:51.395Z,deep_scan,20260802011913_1A-4-7-8-17-28C,30,1A,1,6,M35/1,AA7673,0,23
2026-08-02T10:08:51.395Z,deep_scan,20260802011913_1A-4-7-8-17-28C,30,1A,1,10,M21/1,AA7418,0,10
2026-08-02T10:08:51.406Z,deep_scan,20260802011913_1A-4-7-8-17-28C,30,1A,0,1,M108/1,AA6701,0,23
2026-08-02T10:08:51.406Z,deep_scan,20260802011913_1A-4-7-8-17-28C,30,1A,0,4,M27,AA7115,0,30
2026-08-02T10:08:51.406Z,deep_scan,20260802011913_1A-4-7-8-17-28C,30,1A,0,6,M36,AA5946,1,7
2026-08-02T10:08:51.406Z,deep_scan,20260802011913_1A-4-7-8-17-28C,30,1A,0,9,M239/1,AA7468,1,1
2026-08-02T10:09:21.399Z,deep_scan,20260802011913_1A-4-7-8-17-28C,30,1A,0,1,M108/1,AA6701,0,36
2026-08-02T10:09:21.399Z,deep_scan,20260802011913_1A-4-7-8-17-28C,30,1A,0,4,M27,AA7115,0,14
2026-08-02T10:09:21.399Z,deep_scan,20260802011913_1A-4-7-8-17-28C,30,1A,0,6,M36,AA5946,1,15
2026-08-02T10:09:21.399Z,deep_scan,20260802011913_1A-4-7-8-17-28C,30,1A,0,9,M239/1,AA7468,1,21
2026-08-02T10:09:21.422Z,deep_scan,20260802011913_1A-4-7-8-17-28C,30,1A,1,2,M70,AA5407,1,12
2026-08-02T10:09:21.422Z,deep_scan,20260802011913_1A-4-7-8-17-28C,30,1A,1,7,M28/1,AA7673,0,43
2026-08-02T10:09:21.422Z,deep_scan,20260802011913_1A-4-7-8-17-28C,30,1A,1,10,M21/1,AA7418,0,35
2026-08-02T10:09:51.435Z,deep_scan,20260802011913_1A-4-7-8-17-28C,30,1A,1,2,M70,AA5407,0,19
2026-08-02T10:09:51.435Z,deep_scan,20260802011913_1A-4-7-8-17-28C,30,1A,1,7,M28/1,AA7673,0,43
2026-08-02T10:09:51.435Z,deep_scan,20260802011913_1A-4-7-8-17-28C,30,1A,1,10,M21/1,AA7418,0,8
2026-08-02T10:09:51.476Z,deep_scan,20260802011913_1A-4-7-8-17-28C,30,1A,0,1,M108/1,AA6701,0,8
2026-08-02T10:09:51.476Z,deep_scan,20260802011913_1A-4-7-8-17-28C,30,1A,0,4,M27,AA7115,0,8
2026-08-02T10:09:51.476Z,deep_scan,20260802011913_1A-4-7-8-17-28C,30,1A,0,7,M48,AA5946,1,18
2026-08-02T10:09:51.476Z,deep_scan,20260802011913_1A-4-7-8-17-28C,30,1A,0,9,M239/1,AA7468,1,21
2026-08-02T10:10:21.469Z,deep_scan,20260802011913_1A-4-7-8-17-28C,30,1A,1,3,M118,AA5407,1,27
2026-08-02T10:10:21.469Z,deep_scan,20260802011913_1A-4-7-8-17-28C,30,1A,1,7,M28/1,AA7673,0,26
2026-08-02T10:10:21.469Z,deep_scan,20260802011913_1A-4-7-8-17-28C,30,1A,1,10,M21/1,AA7418,0,10
2026-08-02T10:10:21.480Z,deep_scan,20260802011913_1A-4-7-8-17-28C,30,1A,0,1,M108/1,AA6701,0,9
2026-08-02T10:10:21.480Z,deep_scan,20260802011913_1A-4-7-8-17-28C,30,1A,0,5,M29,AA7115,1,12
2026-08-02T10:10:21.480Z,deep_scan,20260802011913_1A-4-7-8-17-28C,30,1A,0,7,M48,AA5946,1,18
2026-08-02T10:10:21.480Z,deep_scan,20260802011913_1A-4-7-8-17-28C,30,1A,0,9,M239/1,AA7468,0,31
2026-08-02T10:10:51.461Z,deep_scan,20260802011913_1A-4-7-8-17-28C,30,1A,1,3,M118,AA5407,1,26
2026-08-02T10:10:51.461Z,deep_scan,20260802011913_1A-4-7-8-17-28C,30,1A,1,7,M28/1,AA7673,0,12
2026-08-02T10:10:51.461Z,deep_scan,20260802011913_1A-4-7-8-17-28C,30,1A,1,10,M21/1,AA7418,0,19
2026-08-02T10:10:51.504Z,deep_scan,20260802011913_1A-4-7-8-17-28C,30,1A,0,2,M26/1,AA6701,1,9
2026-08-02T10:10:51.504Z,deep_scan,20260802011913_1A-4-7-8-17-28C,30,1A,0,5,M29,AA7115,1,12
2026-08-02T10:10:51.504Z,deep_scan,20260802011913_1A-4-7-8-17-28C,30,1A,0,7,M48,AA5946,1,1
2026-08-02T10:10:51.504Z,deep_scan,20260802011913_1A-4-7-8-17-28C,30,1A,0,10,M254,AA7468,1,31
2026-08-02T10:11:21.473Z,deep_scan,20260802011913_1A-4-7-8-17-28C,30,1A,0,2,M26/1,AA6701,0,23
2026-08-02T10:11:21.473Z,deep_scan,20260802011913_1A-4-7-8-17-28C,30,1A,0,5,M29,AA7115,1,7
2026-08-02T10:11:21.473Z,deep_scan,20260802011913_1A-4-7-8-17-28C,30,1A,0,7,M48,AA5946,1,12
2026-08-02T10:11:21.473Z,deep_scan,20260802011913_1A-4-7-8-17-28C,30,1A,0,10,M254,AA7468,1,15
2026-08-02T10:11:21.488Z,deep_scan,20260802011913_1A-4-7-8-17-28C,30,1A,1,0,M252,AA5646,1,4
2026-08-02T10:11:21.488Z,deep_scan,20260802011913_1A-4-7-8-17-28C,30,1A,1,3,M118,AA5407,1,26
2026-08-02T10:11:21.488Z,deep_scan,20260802011913_1A-4-7-8-17-28C,30,1A,1,7,M28/1,AA7673,0,11
2026-08-02T10:11:21.488Z,deep_scan,20260802011913_1A-4-7-8-17-28C,30,1A,1,10,M21/1,AA7418,0,25
2026-08-02T10:11:51.452Z,deep_scan,20260802011913_1A-4-7-8-17-28C,30,1A,1,0,M252,AA5646,0,27
2026-08-02T10:11:51.452Z,deep_scan,20260802011913_1A-4-7-8-17-28C,30,1A,1,3,M118,AA5407,0,27
2026-08-02T10:11:51.452Z,deep_scan,20260802011913_1A-4-7-8-17-28C,30,1A,1,7,M28/1,AA7673,0,11
2026-08-02T10:11:51.452Z,deep_scan,20260802011913_1A-4-7-8-17-28C,30,1A,1,11,M120/2,AA7418,1,0
2026-08-02T10:11:51.471Z,deep_scan,20260802011913_1A-4-7-8-17-28C,30,1A,0,2,M26/1,AA6701,0,23
2026-08-02T10:11:51.471Z,deep_scan,20260802011913_1A-4-7-8-17-28C,30,1A,0,5,M29,AA7115,1,9
2026-08-02T10:11:51.471Z,deep_scan,20260802011913_1A-4-7-8-17-28C,30,1A,0,7,M48,AA5946,1,5
2026-08-02T10:11:51.471Z,deep_scan,20260802011913_1A-4-7-8-17-28C,30,1A,0,10,M254,AA7468,0,11
2026-08-02T10:12:21.472Z,deep_scan,20260802011913_1A-4-7-8-17-28C,30,1A,0,2,M26/1,AA6701,0,18
2026-08-02T10:12:21.472Z,deep_scan,20260802011913_1A-4-7-8-17-28C,30,1A,0,5,M29,AA7115,1,13
2026-08-02T10:12:21.472Z,deep_scan,20260802011913_1A-4-7-8-17-28C,30,1A,0,7,M48,AA5946,0,14
2026-08-02T10:12:21.472Z,deep_scan,20260802011913_1A-4-7-8-17-28C,30,1A,0,11,M241,AA7468,1,6
2026-08-02T10:12:21.516Z,deep_scan,20260802011913_1A-4-7-8-17-28C,30,1A,1,0,M252,AA5646,0,39
2026-08-02T10:12:21.516Z,deep_scan,20260802011913_1A-4-7-8-17-28C,30,1A,1,3,M118,AA5407,0,34
2026-08-02T10:12:21.516Z,deep_scan,20260802011913_1A-4-7-8-17-28C,30,1A,1,7,M28/1,AA7673,0,11
2026-08-02T10:12:21.516Z,deep_scan,20260802011913_1A-4-7-8-17-28C,30,1A,1,11,M120/2,AA7418,1,0
2026-08-02T10:12:51.508Z,deep_scan,20260802011913_1A-4-7-8-17-28C,30,1A,0,2,M26/1,AA6701,0,11
2026-08-02T10:12:51.508Z,deep_scan,20260802011913_1A-4-7-8-17-28C,30,1A,0,6,M36,AA7115,1,29
2026-08-02T10:12:51.508Z,deep_scan,20260802011913_1A-4-7-8-17-28C,30,1A,0,8,M52,AA5946,1,25
2026-08-02T10:12:51.508Z,deep_scan,20260802011913_1A-4-7-8-17-28C,30,1A,0,11,M241,AA7468,0,7
2026-08-02T10:12:51.538Z,deep_scan,20260802011913_1A-4-7-8-17-28C,30,1A,1,0,M252,AA5646,0,23
2026-08-02T10:12:51.538Z,deep_scan,20260802011913_1A-4-7-8-17-28C,30,1A,1,3,M118,AA5407,0,31
2026-08-02T10:12:51.538Z,deep_scan,20260802011913_1A-4-7-8-17-28C,30,1A,1,7,M28/1,AA7673,0,16
2026-08-02T10:12:51.538Z,deep_scan,20260802011913_1A-4-7-8-17-28C,30,1A,1,11,M120/2,AA7418,1,0
2026-08-02T10:13:21.448Z,deep_scan,20260802011913_1A-4-7-8-17-28C,30,1A,1,1,M161,AA5646,1,18
2026-08-02T10:13:21.448Z,deep_scan,20260802011913_1A-4-7-8-17-28C,30,1A,1,3,M118,AA5407,0,29
2026-08-02T10:13:21.448Z,deep_scan,20260802011913_1A-4-7-8-17-28C,30,1A,1,7,M28/1,AA7673,0,8
2026-08-02T10:13:21.448Z,deep_scan,20260802011913_1A-4-7-8-17-28C,30,1A,1,11,M120/2,AA7418,1,0
2026-08-02T10:13:21.468Z,deep_scan,20260802011913_1A-4-7-8-17-28C,30,1A,0,2,M26/1,AA6701,0,9
2026-08-02T10:13:21.468Z,deep_scan,20260802011913_1A-4-7-8-17-28C,30,1A,0,6,M36,AA7115,1,14
2026-08-02T10:13:21.468Z,deep_scan,20260802011913_1A-4-7-8-17-28C,30,1A,0,8,M52,AA5946,0,18
2026-08-02T10:13:21.468Z,deep_scan,20260802011913_1A-4-7-8-17-28C,30,1A,0,12,M71,AA7468,0,12
2026-08-02T10:13:51.471Z,deep_scan,20260802011913_1A-4-7-8-17-28C,30,1A,1,1,M161,AA5646,1,18
2026-08-02T10:13:51.471Z,deep_scan,20260802011913_1A-4-7-8-17-28C,30,1A,1,3,M118,AA5407,0,38
2026-08-02T10:13:51.471Z,deep_scan,20260802011913_1A-4-7-8-17-28C,30,1A,1,8,M11,AA7673,1,14
2026-08-02T10:13:51.471Z,deep_scan,20260802011913_1A-4-7-8-17-28C,30,1A,1,11,M120/2,AA7418,1,0
2026-08-02T10:13:51.502Z,deep_scan,20260802011913_1A-4-7-8-17-28C,30,1A,0,2,M26/1,AA6701,0,27
2026-08-02T10:13:51.502Z,deep_scan,20260802011913_1A-4-7-8-17-28C,30,1A,0,6,M36,AA7115,0,15
2026-08-02T10:13:51.502Z,deep_scan,20260802011913_1A-4-7-8-17-28C,30,1A,0,8,M52,AA5946,0,29
2026-08-02T10:13:51.502Z,deep_scan,20260802011913_1A-4-7-8-17-28C,30,1A,0,13,M156,AA7468,1,6
2026-08-02T10:14:21.502Z,deep_scan,20260802011913_1A-4-7-8-17-28C,30,1A,0,2,M26/1,AA6701,0,9
2026-08-02T10:14:21.502Z,deep_scan,20260802011913_1A-4-7-8-17-28C,30,1A,0,7,M48,AA7115,1,15
2026-08-02T10:14:21.502Z,deep_scan,20260802011913_1A-4-7-8-17-28C,30,1A,0,8,M52,AA5946,0,40
2026-08-02T10:14:21.502Z,deep_scan,20260802011913_1A-4-7-8-17-28C,30,1A,0,13,M156,AA7468,1,25
2026-08-02T10:14:21.592Z,deep_scan,20260802011913_1A-4-7-8-17-28C,30,1A,1,1,M161,AA5646,1,18
2026-08-02T10:14:21.592Z,deep_scan,20260802011913_1A-4-7-8-17-28C,30,1A,1,3,M118,AA5407,0,35
2026-08-02T10:14:21.592Z,deep_scan,20260802011913_1A-4-7-8-17-28C,30,1A,1,8,M11,AA7673,0,11
2026-08-02T10:14:21.592Z,deep_scan,20260802011913_1A-4-7-8-17-28C,30,1A,1,11,M120/2,AA7418,1,0
2026-08-02T10:14:51.516Z,deep_scan,20260802011913_1A-4-7-8-17-28C,30,1A,1,1,M161,AA5646,1,17
2026-08-02T10:14:51.516Z,deep_scan,20260802011913_1A-4-7-8-17-28C,30,1A,1,3,M118,AA5407,0,36
2026-08-02T10:14:51.516Z,deep_scan,20260802011913_1A-4-7-8-17-28C,30,1A,1,9,M12,AA7673,1,10
2026-08-02T10:14:51.516Z,deep_scan,20260802011913_1A-4-7-8-17-28C,30,1A,1,11,M120/2,AA7418,1,0
2026-08-02T10:14:51.814Z,deep_scan,20260802011913_1A-4-7-8-17-28C,30,1A,0,3,M10,AA6701,1,6
2026-08-02T10:14:51.814Z,deep_scan,20260802011913_1A-4-7-8-17-28C,30,1A,0,7,M48,AA7115,1,13
2026-08-02T10:14:51.814Z,deep_scan,20260802011913_1A-4-7-8-17-28C,30,1A,0,8,M52,AA5946,0,40
2026-08-02T10:14:51.814Z,deep_scan,20260802011913_1A-4-7-8-17-28C,30,1A,0,13,M156,AA7468,0,24
2026-08-02T10:15:21.575Z,deep_scan,20260802011913_1A-4-7-8-17-28C,30,1A,1,1,M161,AA5646,1,13
2026-08-02T10:15:21.575Z,deep_scan,20260802011913_1A-4-7-8-17-28C,30,1A,1,4,M53,AA5407,1,16
2026-08-02T10:15:21.575Z,deep_scan,20260802011913_1A-4-7-8-17-28C,30,1A,1,9,M12,AA7673,1,12
2026-08-02T10:15:21.575Z,deep_scan,20260802011913_1A-4-7-8-17-28C,30,1A,1,11,M120/2,AA7418,1,0
2026-08-02T10:15:21.582Z,deep_scan,20260802011913_1A-4-7-8-17-28C,30,1A,0,3,M10,AA6701,1,4
2026-08-02T10:15:21.582Z,deep_scan,20260802011913_1A-4-7-8-17-28C,30,1A,0,7,M48,AA7115,1,2
2026-08-02T10:15:21.582Z,deep_scan,20260802011913_1A-4-7-8-17-28C,30,1A,0,8,M52,AA5946,0,15
2026-08-02T10:15:21.582Z,deep_scan,20260802011913_1A-4-7-8-17-28C,30,1A,0,13,M156,AA7468,0,35
2026-08-02T10:15:51.512Z,deep_scan,20260802011913_1A-4-7-8-17-28C,30,1A,1,2,M70,AA5646,1,4
2026-08-02T10:15:51.512Z,deep_scan,20260802011913_1A-4-7-8-17-28C,30,1A,1,4,M53,AA5407,1,10
2026-08-02T10:15:51.512Z,deep_scan,20260802011913_1A-4-7-8-17-28C,30,1A,1,9,M12,AA7673,0,15
2026-08-02T10:15:51.512Z,deep_scan,20260802011913_1A-4-7-8-17-28C,30,1A,1,11,M120/2,AA7418,1,0
2026-08-02T10:15:51.536Z,deep_scan,20260802011913_1A-4-7-8-17-28C,30,1A,0,3,M10,AA6701,0,20
2026-08-02T10:15:51.536Z,deep_scan,20260802011913_1A-4-7-8-17-28C,30,1A,0,7,M48,AA7115,0,18
2026-08-02T10:15:51.536Z,deep_scan,20260802011913_1A-4-7-8-17-28C,30,1A,0,8,M52,AA5946,0,31
2026-08-02T10:15:51.536Z,deep_scan,20260802011913_1A-4-7-8-17-28C,30,1A,0,14,M253,AA7468,1,13
2026-08-02T10:16:21.554Z,deep_scan,20260802011913_1A-4-7-8-17-28C,30,1A,0,3,M10,AA6701,0,13
2026-08-02T10:16:21.554Z,deep_scan,20260802011913_1A-4-7-8-17-28C,30,1A,0,7,M48,AA7115,0,48
2026-08-02T10:16:21.554Z,deep_scan,20260802011913_1A-4-7-8-17-28C,30,1A,0,9,M239/1,AA5946,1,34
2026-08-02T10:16:21.554Z,deep_scan,20260802011913_1A-4-7-8-17-28C,30,1A,0,14,M253,AA7468,0,7
2026-08-02T10:16:21.572Z,deep_scan,20260802011913_1A-4-7-8-17-28C,30,1A,1,2,M70,AA5646,1,10
2026-08-02T10:16:21.572Z,deep_scan,20260802011913_1A-4-7-8-17-28C,30,1A,1,4,M53,AA5407,0,32
2026-08-02T10:16:21.572Z,deep_scan,20260802011913_1A-4-7-8-17-28C,30,1A,1,9,M12,AA7673,0,15
2026-08-02T10:16:51.528Z,deep_scan,20260802011913_1A-4-7-8-17-28C,30,1A,1,2,M70,AA5646,0,13
2026-08-02T10:16:51.528Z,deep_scan,20260802011913_1A-4-7-8-17-28C,30,1A,1,4,M53,AA5407,0,17
2026-08-02T10:16:51.528Z,deep_scan,20260802011913_1A-4-7-8-17-28C,30,1A,1,10,M21/1,AA7673,1,21
2026-08-02T10:16:51.531Z,deep_scan,20260802011913_1A-4-7-8-17-28C,30,1A,0,3,M10,AA6701,0,15
2026-08-02T10:16:51.531Z,deep_scan,20260802011913_1A-4-7-8-17-28C,30,1A,0,8,M52,AA7115,0,24
2026-08-02T10:16:51.531Z,deep_scan,20260802011913_1A-4-7-8-17-28C,30,1A,0,9,M239/1,AA5946,1,12
2026-08-02T10:16:51.531Z,deep_scan,20260802011913_1A-4-7-8-17-28C,30,1A,0,14,M253,AA7468,0,27
2026-08-02T10:17:21.623Z,deep_scan,20260802011913_1A-4-7-8-17-28C,30,1A,1,3,M118,AA5646,1,16
2026-08-02T10:17:21.623Z,deep_scan,20260802011913_1A-4-7-8-17-28C,30,1A,1,5,M49,AA5407,1,4
2026-08-02T10:17:21.623Z,deep_scan,20260802011913_1A-4-7-8-17-28C,30,1A,1,10,M21/1,AA7673,1,3
2026-08-02T10:17:21.772Z,deep_scan,20260802011913_1A-4-7-8-17-28C,30,1A,0,4,M27,AA6701,1,17
2026-08-02T10:17:21.772Z,deep_scan,20260802011913_1A-4-7-8-17-28C,30,1A,0,8,M52,AA7115,0,19
2026-08-02T10:17:21.772Z,deep_scan,20260802011913_1A-4-7-8-17-28C,30,1A,0,9,M239/1,AA5946,0,1
2026-08-02T10:17:21.772Z,deep_scan,20260802011913_1A-4-7-8-17-28C,30,1A,0,15,M250,AA7468,1,15
2026-08-02T10:17:51.578Z,deep_scan,20260802011913_1A-4-7-8-17-28C,30,1A,0,4,M27,AA6701,0,16
2026-08-02T10:17:51.578Z,deep_scan,20260802011913_1A-4-7-8-17-28C,30,1A,0,8,M52,AA7115,0,42
2026-08-02T10:17:51.578Z,deep_scan,20260802011913_1A-4-7-8-17-28C,30,1A,0,10,M254,AA5946,1,41
2026-08-02T10:17:51.578Z,deep_scan,20260802011913_1A-4-7-8-17-28C,30,1A,0,15,M250,AA7468,0,42
2026-08-02T10:17:51.589Z,deep_scan,20260802011913_1A-4-7-8-17-28C,30,1A,1,3,M118,AA5646,1,16
2026-08-02T10:17:51.589Z,deep_scan,20260802011913_1A-4-7-8-17-28C,30,1A,1,5,M49,AA5407,1,4
2026-08-02T10:17:51.589Z,deep_scan,20260802011913_1A-4-7-8-17-28C,30,1A,1,10,M21/1,AA7673,1,8
2026-08-02T10:18:21.608Z,deep_scan,20260802011913_1A-4-7-8-17-28C,30,1A,1,3,M118,AA5646,1,4
2026-08-02T10:18:21.608Z,deep_scan,20260802011913_1A-4-7-8-17-28C,30,1A,1,5,M49,AA5407,0,1
2026-08-02T10:18:21.608Z,deep_scan,20260802011913_1A-4-7-8-17-28C,30,1A,1,10,M21/1,AA7673,1,8
2026-08-02T10:18:21.630Z,deep_scan,20260802011913_1A-4-7-8-17-28C,30,1A,0,0,M120/2,AA7418,1,25
2026-08-02T10:18:21.630Z,deep_scan,20260802011913_1A-4-7-8-17-28C,30,1A,0,4,M27,AA6701,0,3
2026-08-02T10:18:21.630Z,deep_scan,20260802011913_1A-4-7-8-17-28C,30,1A,0,8,M52,AA7115,0,43
2026-08-02T10:18:21.630Z,deep_scan,20260802011913_1A-4-7-8-17-28C,30,1A,0,10,M254,AA5946,1,4
2026-08-02T10:18:21.630Z,deep_scan,20260802011913_1A-4-7-8-17-28C,30,1A,0,15,M250,AA7468,0,6
2026-08-02T10:18:51.531Z,deep_scan,20260802011913_1A-4-7-8-17-28C,30,1A,1,3,M118,AA5646,1,4
2026-08-02T10:18:51.531Z,deep_scan,20260802011913_1A-4-7-8-17-28C,30,1A,1,6,M35/1,AA5407,1,23
2026-08-02T10:18:51.531Z,deep_scan,20260802011913_1A-4-7-8-17-28C,30,1A,1,10,M21/1,AA7673,0,24
2026-08-02T10:18:51.615Z,deep_scan,20260802011913_1A-4-7-8-17-28C,30,1A,0,0,M120/2,AA7418,1,25
2026-08-02T10:18:51.615Z,deep_scan,20260802011913_1A-4-7-8-17-28C,30,1A,0,5,M29,AA6701,1,23
2026-08-02T10:18:51.615Z,deep_scan,20260802011913_1A-4-7-8-17-28C,30,1A,0,8,M52,AA7115,0,19
2026-08-02T10:18:51.615Z,deep_scan,20260802011913_1A-4-7-8-17-28C,30,1A,0,10,M254,AA5946,0,21
2026-08-02T10:18:51.615Z,deep_scan,20260802011913_1A-4-7-8-17-28C,30,1A,0,16,M252,AA7468,1,0
2026-08-02T10:19:21.601Z,deep_scan,20260802011913_1A-4-7-8-17-28C,30,1A,0,0,M120/2,AA7418,0,25
2026-08-02T10:19:21.601Z,deep_scan,20260802011913_1A-4-7-8-17-28C,30,1A,0,5,M29,AA6701,1,9
2026-08-02T10:19:21.601Z,deep_scan,20260802011913_1A-4-7-8-17-28C,30,1A,0,9,M239/1,AA7115,1,33
2026-08-02T10:19:21.601Z,deep_scan,20260802011913_1A-4-7-8-17-28C,30,1A,0,10,M254,AA5946,0,19
2026-08-02T10:19:21.601Z,deep_scan,20260802011913_1A-4-7-8-17-28C,30,1A,0,16,M252,AA7468,1,0
2026-08-02T10:19:21.604Z,deep_scan,20260802011913_1A-4-7-8-17-28C,30,1A,1,3,M118,AA5646,0,3
2026-08-02T10:19:21.604Z,deep_scan,20260802011913_1A-4-7-8-17-28C,30,1A,1,6,M35/1,AA5407,1,18
2026-08-02T10:19:21.604Z,deep_scan,20260802011913_1A-4-7-8-17-28C,30,1A,1,10,M21/1,AA7673,0,12
2026-08-02T10:19:51.547Z,deep_scan,20260802011913_1A-4-7-8-17-28C,30,1A,1,3,M118,AA5646,0,22
2026-08-02T10:19:51.547Z,deep_scan,20260802011913_1A-4-7-8-17-28C,30,1A,1,6,M35/1,AA5407,1,13
2026-08-02T10:19:51.547Z,deep_scan,20260802011913_1A-4-7-8-17-28C,30,1A,1,10,M21/1,AA7673,0,12
2026-08-02T10:19:51.597Z,deep_scan,20260802011913_1A-4-7-8-17-28C,30,1A,0,0,M120/2,AA7418,0,25
2026-08-02T10:19:51.597Z,deep_scan,20260802011913_1A-4-7-8-17-28C,30,1A,0,5,M29,AA6701,1,22
2026-08-02T10:19:51.597Z,deep_scan,20260802011913_1A-4-7-8-17-28C,30,1A,0,9,M239/1,AA7115,1,4
2026-08-02T10:19:51.597Z,deep_scan,20260802011913_1A-4-7-8-17-28C,30,1A,0,11,M241,AA5946,1,23
2026-08-02T10:19:51.597Z,deep_scan,20260802011913_1A-4-7-8-17-28C,30,1A,0,16,M252,AA7468,1,0
2026-08-02T10:20:21.615Z,deep_scan,20260802011913_1A-4-7-8-17-28C,30,1A,0,1,M108/1,AA7418,1,24
2026-08-02T10:20:21.615Z,deep_scan,20260802011913_1A-4-7-8-17-28C,30,1A,0,5,M29,AA6701,0,2
2026-08-02T10:20:21.615Z,deep_scan,20260802011913_1A-4-7-8-17-28C,30,1A,0,9,M239/1,AA7115,0,33
2026-08-02T10:20:21.615Z,deep_scan,20260802011913_1A-4-7-8-17-28C,30,1A,0,11,M241,AA5946,0,9
2026-08-02T10:20:21.615Z,deep_scan,20260802011913_1A-4-7-8-17-28C,30,1A,0,16,M252,AA7468,1,0
2026-08-02T10:20:21.634Z,deep_scan,20260802011913_1A-4-7-8-17-28C,30,1A,1,3,M118,AA5646,0,24
2026-08-02T10:20:21.634Z,deep_scan,20260802011913_1A-4-7-8-17-28C,30,1A,1,6,M35/1,AA5407,1,13
2026-08-02T10:20:21.634Z,deep_scan,20260802011913_1A-4-7-8-17-28C,30,1A,1,10,M21/1,AA7673,0,24
2026-08-02T10:20:51.569Z,deep_scan,20260802011913_1A-4-7-8-17-28C,30,1A,0,1,M108/1,AA7418,1,7
2026-08-02T10:20:51.569Z,deep_scan,20260802011913_1A-4-7-8-17-28C,30,1A,0,5,M29,AA6701,0,2
2026-08-02T10:20:51.569Z,deep_scan,20260802011913_1A-4-7-8-17-28C,30,1A,0,10,M254,AA7115,1,13
2026-08-02T10:20:51.569Z,deep_scan,20260802011913_1A-4-7-8-17-28C,30,1A,0,12,M71,AA5946,0,11
2026-08-02T10:20:51.569Z,deep_scan,20260802011913_1A-4-7-8-17-28C,30,1A,0,16,M252,AA7468,1,0
2026-08-02T10:20:51.605Z,deep_scan,20260802011913_1A-4-7-8-17-28C,30,1A,1,3,M118,AA5646,0,13
2026-08-02T10:20:51.605Z,deep_scan,20260802011913_1A-4-7-8-17-28C,30,1A,1,6,M35/1,AA5407,1,13
2026-08-02T10:20:51.605Z,deep_scan,20260802011913_1A-4-7-8-17-28C,30,1A,1,10,M21/1,AA7673,0,28
2026-08-02T10:21:21.555Z,deep_scan,20260802011913_1A-4-7-8-17-28C,30,1A,1,0,M252,AA7468,1,6
2026-08-02T10:21:21.555Z,deep_scan,20260802011913_1A-4-7-8-17-28C,30,1A,1,3,M118,AA5646,0,34
2026-08-02T10:21:21.555Z,deep_scan,20260802011913_1A-4-7-8-17-28C,30,1A,1,6,M35/1,AA5407,1,13
2026-08-02T10:21:21.555Z,deep_scan,20260802011913_1A-4-7-8-17-28C,30,1A,1,10,M21/1,AA7673,0,27
2026-08-02T10:21:21.608Z,deep_scan,20260802011913_1A-4-7-8-17-28C,30,1A,0,1,M108/1,AA7418,1,15
2026-08-02T10:21:21.608Z,deep_scan,20260802011913_1A-4-7-8-17-28C,30,1A,0,5,M29,AA6701,0,2
2026-08-02T10:21:21.608Z,deep_scan,20260802011913_1A-4-7-8-17-28C,30,1A,0,10,M254,AA7115,1,12
2026-08-02T10:21:21.608Z,deep_scan,20260802011913_1A-4-7-8-17-28C,30,1A,0,12,M71,AA5946,0,3
2026-08-02T10:21:51.568Z,deep_scan,20260802011913_1A-4-7-8-17-28C,30,1A,0,1,M108/1,AA7418,0,7
2026-08-02T10:21:51.568Z,deep_scan,20260802011913_1A-4-7-8-17-28C,30,1A,0,6,M36,AA6701,1,31
2026-08-02T10:21:51.568Z,deep_scan,20260802011913_1A-4-7-8-17-28C,30,1A,0,10,M254,AA7115,0,22
2026-08-02T10:21:51.568Z,deep_scan,20260802011913_1A-4-7-8-17-28C,30,1A,0,12,M71,AA5946,0,16
2026-08-02T10:21:51.591Z,deep_scan,20260802011913_1A-4-7-8-17-28C,30,1A,1,0,M252,AA7468,1,5
2026-08-02T10:21:51.591Z,deep_scan,20260802011913_1A-4-7-8-17-28C,30,1A,1,3,M118,AA5646,0,29
2026-08-02T10:21:51.591Z,deep_scan,20260802011913_1A-4-7-8-17-28C,30,1A,1,6,M35/1,AA5407,0,23
2026-08-02T10:21:51.591Z,deep_scan,20260802011913_1A-4-7-8-17-28C,30,1A,1,10,M21/1,AA7673,0,22
2026-08-02T10:22:21.630Z,deep_scan,20260802011913_1A-4-7-8-17-28C,30,1A,1,0,M252,AA7468,0,33
2026-08-02T10:22:21.630Z,deep_scan,20260802011913_1A-4-7-8-17-28C,30,1A,1,3,M118,AA5646,0,34
2026-08-02T10:22:21.630Z,deep_scan,20260802011913_1A-4-7-8-17-28C,30,1A,1,6,M35/1,AA5407,0,10
2026-08-02T10:22:21.630Z,deep_scan,20260802011913_1A-4-7-8-17-28C,30,1A,1,11,M120/2,AA7673,1,0
2026-08-02T10:22:21.650Z,deep_scan,20260802011913_1A-4-7-8-17-28C,30,1A,0,1,M108/1,AA7418,0,3
2026-08-02T10:22:21.650Z,deep_scan,20260802011913_1A-4-7-8-17-28C,30,1A,0,6,M36,AA6701,1,3
2026-08-02T10:22:21.650Z,deep_scan,20260802011913_1A-4-7-8-17-28C,30,1A,0,11,M241,AA7115,1,32
2026-08-02T10:22:21.650Z,deep_scan,20260802011913_1A-4-7-8-17-28C,30,1A,0,13,M156,AA5946,1,19
2026-08-02T10:22:51.545Z,deep_scan,20260802011913_1A-4-7-8-17-28C,30,1A,0,1,M108/1,AA7418,0,28
2026-08-02T10:22:51.545Z,deep_scan,20260802011913_1A-4-7-8-17-28C,30,1A,0,6,M36,AA6701,1,12
2026-08-02T10:22:51.545Z,deep_scan,20260802011913_1A-4-7-8-17-28C,30,1A,0,11,M241,AA7115,1,13
2026-08-02T10:22:51.545Z,deep_scan,20260802011913_1A-4-7-8-17-28C,30,1A,0,13,M156,AA5946,1,9
2026-08-02T10:22:51.570Z,deep_scan,20260802011913_1A-4-7-8-17-28C,30,1A,1,0,M252,AA7468,0,35
2026-08-02T10:22:51.570Z,deep_scan,20260802011913_1A-4-7-8-17-28C,30,1A,1,3,M118,AA5646,0,33
2026-08-02T10:22:51.570Z,deep_scan,20260802011913_1A-4-7-8-17-28C,30,1A,1,7,M28/1,AA5407,1,18
2026-08-02T10:22:51.570Z,deep_scan,20260802011913_1A-4-7-8-17-28C,30,1A,1,11,M120/2,AA7673,1,0
2026-08-02T10:23:21.622Z,deep_scan,20260802011913_1A-4-7-8-17-28C,30,1A,0,1,M108/1,AA7418,0,33
2026-08-02T10:23:21.622Z,deep_scan,20260802011913_1A-4-7-8-17-28C,30,1A,0,6,M36,AA6701,0,14
2026-08-02T10:23:21.622Z,deep_scan,20260802011913_1A-4-7-8-17-28C,30,1A,0,11,M241,AA7115,0,22
2026-08-02T10:23:21.622Z,deep_scan,20260802011913_1A-4-7-8-17-28C,30,1A,0,13,M156,AA5946,1,9
2026-08-02T10:23:21.646Z,deep_scan,20260802011913_1A-4-7-8-17-28C,30,1A,1,1,M161,AA7468,1,39
2026-08-02T10:23:21.646Z,deep_scan,20260802011913_1A-4-7-8-17-28C,30,1A,1,4,M53,AA5646,1,6
2026-08-02T10:23:21.646Z,deep_scan,20260802011913_1A-4-7-8-17-28C,30,1A,1,7,M28/1,AA5407,1,8
2026-08-02T10:23:21.646Z,deep_scan,20260802011913_1A-4-7-8-17-28C,30,1A,1,11,M120/2,AA7673,1,0
2026-08-02T10:23:51.540Z,deep_scan,20260802011913_1A-4-7-8-17-28C,30,1A,0,1,M108/1,AA7418,0,13
2026-08-02T10:23:51.540Z,deep_scan,20260802011913_1A-4-7-8-17-28C,30,1A,0,6,M36,AA6701,0,14
2026-08-02T10:23:51.540Z,deep_scan,20260802011913_1A-4-7-8-17-28C,30,1A,0,12,M71,AA7115,1,2
2026-08-02T10:23:51.540Z,deep_scan,20260802011913_1A-4-7-8-17-28C,30,1A,0,13,M156,AA5946,1,1
2026-08-02T10:23:51.565Z,deep_scan,20260802011913_1A-4-7-8-17-28C,30,1A,1,1,M161,AA7468,1,39
2026-08-02T10:23:51.565Z,deep_scan,20260802011913_1A-4-7-8-17-28C,30,1A,1,4,M53,AA5646,0,23
2026-08-02T10:23:51.565Z,deep_scan,20260802011913_1A-4-7-8-17-28C,30,1A,1,7,M28/1,AA5407,0,10
2026-08-02T10:23:51.565Z,deep_scan,20260802011913_1A-4-7-8-17-28C,30,1A,1,11,M120/2,AA7673,1,0
2026-08-02T10:24:21.566Z,deep_scan,20260802011913_1A-4-7-8-17-28C,30,1A,0,1,M108/1,AA7418,0,14
2026-08-02T10:24:21.566Z,deep_scan,20260802011913_1A-4-7-8-17-28C,30,1A,0,6,M36,AA6701,0,14
2026-08-02T10:24:21.566Z,deep_scan,20260802011913_1A-4-7-8-17-28C,30,1A,0,12,M71,AA7115,1,16
2026-08-02T10:24:21.566Z,deep_scan,20260802011913_1A-4-7-8-17-28C,30,1A,0,13,M156,AA5946,0,30
2026-08-02T10:24:21.582Z,deep_scan,20260802011913_1A-4-7-8-17-28C,30,1A,1,1,M161,AA7468,0,10
2026-08-02T10:24:21.582Z,deep_scan,20260802011913_1A-4-7-8-17-28C,30,1A,1,4,M53,AA5646,0,31
2026-08-02T10:24:21.582Z,deep_scan,20260802011913_1A-4-7-8-17-28C,30,1A,1,7,M28/1,AA5407,0,16
2026-08-02T10:24:21.582Z,deep_scan,20260802011913_1A-4-7-8-17-28C,30,1A,1,11,M120/2,AA7673,1,0
2026-08-02T10:24:51.542Z,deep_scan,20260802011913_1A-4-7-8-17-28C,30,1A,1,2,M70,AA7468,1,17
2026-08-02T10:24:51.542Z,deep_scan,20260802011913_1A-4-7-8-17-28C,30,1A,1,4,M53,AA5646,0,9
2026-08-02T10:24:51.542Z,deep_scan,20260802011913_1A-4-7-8-17-28C,30,1A,1,7,M28/1,AA5407,0,12
2026-08-02T10:24:51.542Z,deep_scan,20260802011913_1A-4-7-8-17-28C,30,1A,1,11,M120/2,AA7673,1,0
2026-08-02T10:24:51.577Z,deep_scan,20260802011913_1A-4-7-8-17-28C,30,1A,0,1,M108/1,AA7418,0,3
2026-08-02T10:24:51.577Z,deep_scan,20260802011913_1A-4-7-8-17-28C,30,1A,0,7,M48,AA6701,1,14
2026-08-02T10:24:51.577Z,deep_scan,20260802011913_1A-4-7-8-17-28C,30,1A,0,13,M156,AA7115,1,5
2026-08-02T10:24:51.577Z,deep_scan,20260802011913_1A-4-7-8-17-28C,30,1A,0,14,M253,AA5946,1,27
2026-08-02T10:25:21.570Z,deep_scan,20260802011913_1A-4-7-8-17-28C,30,1A,1,2,M70,AA7468,0,5
2026-08-02T10:25:21.570Z,deep_scan,20260802011913_1A-4-7-8-17-28C,30,1A,1,5,M49,AA5646,1,2
2026-08-02T10:25:21.570Z,deep_scan,20260802011913_1A-4-7-8-17-28C,30,1A,1,7,M28/1,AA5407,0,21
2026-08-02T10:25:21.570Z,deep_scan,20260802011913_1A-4-7-8-17-28C,30,1A,1,11,M120/2,AA7673,1,0
2026-08-02T10:25:21.581Z,deep_scan,20260802011913_1A-4-7-8-17-28C,30,1A,0,2,M26/1,AA7418,1,22
2026-08-02T10:25:21.581Z,deep_scan,20260802011913_1A-4-7-8-17-28C,30,1A,0,7,M48,AA6701,1,13
2026-08-02T10:25:21.581Z,deep_scan,20260802011913_1A-4-7-8-17-28C,30,1A,0,13,M156,AA7115,1,5
2026-08-02T10:25:21.581Z,deep_scan,20260802011913_1A-4-7-8-17-28C,30,1A,0,14,M253,AA5946,0,15
2026-08-02T10:25:51.587Z,deep_scan,20260802011913_1A-4-7-8-17-28C,30,1A,0,2,M26/1,AA7418,1,22
2026-08-02T10:25:51.587Z,deep_scan,20260802011913_1A-4-7-8-17-28C,30,1A,0,7,M48,AA6701,1,34
2026-08-02T10:25:51.587Z,deep_scan,20260802011913_1A-4-7-8-17-28C,30,1A,0,13,M156,AA7115,0,4
2026-08-02T10:25:51.587Z,deep_scan,20260802011913_1A-4-7-8-17-28C,30,1A,0,14,M253,AA5946,0,13
2026-08-02T10:25:51.616Z,deep_scan,20260802011913_1A-4-7-8-17-28C,30,1A,1,3,M118,AA7468,1,41
2026-08-02T10:25:51.616Z,deep_scan,20260802011913_1A-4-7-8-17-28C,30,1A,1,5,M49,AA5646,1,8
2026-08-02T10:25:51.616Z,deep_scan,20260802011913_1A-4-7-8-17-28C,30,1A,1,7,M28/1,AA5407,0,9
2026-08-02T10:25:51.616Z,deep_scan,20260802011913_1A-4-7-8-17-28C,30,1A,1,11,M120/2,AA7673,1,0
2026-08-02T10:26:21.574Z,deep_scan,20260802011913_1A-4-7-8-17-28C,30,1A,0,2,M26/1,AA7418,1,22
2026-08-02T10:26:21.574Z,deep_scan,20260802011913_1A-4-7-8-17-28C,30,1A,0,8,M52,AA6701,1,41
2026-08-02T10:26:21.574Z,deep_scan,20260802011913_1A-4-7-8-17-28C,30,1A,0,13,M156,AA7115,0,40
2026-08-02T10:26:21.574Z,deep_scan,20260802011913_1A-4-7-8-17-28C,30,1A,0,15,M250,AA5946,1,10
2026-08-02T10:26:21.617Z,deep_scan,20260802011913_1A-4-7-8-17-28C,30,1A,1,3,M118,AA7468,1,1
2026-08-02T10:26:21.617Z,deep_scan,20260802011913_1A-4-7-8-17-28C,30,1A,1,5,M49,AA5646,1,10
2026-08-02T10:26:21.617Z,deep_scan,20260802011913_1A-4-7-8-17-28C,30,1A,1,8,M11,AA5407,0,12
2026-08-02T10:26:21.617Z,deep_scan,20260802011913_1A-4-7-8-17-28C,30,1A,1,11,M120/2,AA7673,1,0
2026-08-02T10:26:51.554Z,deep_scan,20260802011913_1A-4-7-8-17-28C,30,1A,1,3,M118,AA7468,1,1
2026-08-02T10:26:51.554Z,deep_scan,20260802011913_1A-4-7-8-17-28C,30,1A,1,5,M49,AA5646,0,5
2026-08-02T10:26:51.554Z,deep_scan,20260802011913_1A-4-7-8-17-28C,30,1A,1,9,M12,AA5407,1,29
2026-08-02T10:26:51.597Z,deep_scan,20260802011913_1A-4-7-8-17-28C,30,1A,0,2,M26/1,AA7418,1,3
2026-08-02T10:26:51.597Z,deep_scan,20260802011913_1A-4-7-8-17-28C,30,1A,0,8,M52,AA6701,0,17
2026-08-02T10:26:51.597Z,deep_scan,20260802011913_1A-4-7-8-17-28C,30,1A,0,14,M253,AA7115,1,5
2026-08-02T10:26:51.597Z,deep_scan,20260802011913_1A-4-7-8-17-28C,30,1A,0,15,M250,AA5946,1,5
2026-08-02T10:27:21.546Z,deep_scan,20260802011913_1A-4-7-8-17-28C,30,1A,1,3,M118,AA7468,0,20
2026-08-02T10:27:21.546Z,deep_scan,20260802011913_1A-4-7-8-17-28C,30,1A,1,6,M35/1,AA5646,1,9
2026-08-02T10:27:21.546Z,deep_scan,20260802011913_1A-4-7-8-17-28C,30,1A,1,9,M12,AA5407,1,17
2026-08-02T10:27:21.561Z,deep_scan,20260802011913_1A-4-7-8-17-28C,30,1A,0,2,M26/1,AA7418,0,21
2026-08-02T10:27:21.561Z,deep_scan,20260802011913_1A-4-7-8-17-28C,30,1A,0,8,M52,AA6701,0,5
2026-08-02T10:27:21.561Z,deep_scan,20260802011913_1A-4-7-8-17-28C,30,1A,0,14,M253,AA7115,0,25
2026-08-02T10:27:21.561Z,deep_scan,20260802011913_1A-4-7-8-17-28C,30,1A,0,15,M250,AA5946,0,23
2026-08-02T10:27:51.554Z,deep_scan,20260802011913_1A-4-7-8-17-28C,30,1A,0,2,M26/1,AA7418,0,34
2026-08-02T10:27:51.554Z,deep_scan,20260802011913_1A-4-7-8-17-28C,30,1A,0,8,M52,AA6701,0,28
2026-08-02T10:27:51.554Z,deep_scan,20260802011913_1A-4-7-8-17-28C,30,1A,0,15,M250,AA7115,1,7
2026-08-02T10:27:51.554Z,deep_scan,20260802011913_1A-4-7-8-17-28C,30,1A,0,16,M252,AA5946,1,0
2026-08-02T10:27:51.584Z,deep_scan,20260802011913_1A-4-7-8-17-28C,30,1A,1,3,M118,AA7468,0,3
2026-08-02T10:27:51.584Z,deep_scan,20260802011913_1A-4-7-8-17-28C,30,1A,1,6,M35/1,AA5646,1,3
2026-08-02T10:27:51.584Z,deep_scan,20260802011913_1A-4-7-8-17-28C,30,1A,1,9,M12,AA5407,0,13
2026-08-02T10:28:21.566Z,deep_scan,20260802011913_1A-4-7-8-17-28C,30,1A,1,3,M118,AA7468,0,7
2026-08-02T10:28:21.566Z,deep_scan,20260802011913_1A-4-7-8-17-28C,30,1A,1,6,M35/1,AA5646,1,3
2026-08-02T10:28:21.566Z,deep_scan,20260802011913_1A-4-7-8-17-28C,30,1A,1,10,M21/1,AA5407,1,13
2026-08-02T10:28:21.607Z,deep_scan,20260802011913_1A-4-7-8-17-28C,30,1A,0,2,M26/1,AA7418,0,3
2026-08-02T10:28:21.607Z,deep_scan,20260802011913_1A-4-7-8-17-28C,30,1A,0,8,M52,AA6701,0,43
2026-08-02T10:28:21.607Z,deep_scan,20260802011913_1A-4-7-8-17-28C,30,1A,0,15,M250,AA7115,0,14
2026-08-02T10:28:21.607Z,deep_scan,20260802011913_1A-4-7-8-17-28C,30,1A,0,16,M252,AA5946,1,0
2026-08-02T10:28:51.569Z,deep_scan,20260802011913_1A-4-7-8-17-28C,30,1A,0,2,M26/1,AA7418,0,11
2026-08-02T10:28:51.569Z,deep_scan,20260802011913_1A-4-7-8-17-28C,30,1A,0,8,M52,AA6701,0,44
2026-08-02T10:28:51.569Z,deep_scan,20260802011913_1A-4-7-8-17-28C,30,1A,0,16,M252,AA7115,1,0
2026-08-02T10:28:51.640Z,deep_scan,20260802011913_1A-4-7-8-17-28C,30,1A,1,0,M252,AA5946,1,11
2026-08-02T10:28:51.640Z,deep_scan,20260802011913_1A-4-7-8-17-28C,30,1A,1,3,M118,AA7468,0,18
2026-08-02T10:28:51.640Z,deep_scan,20260802011913_1A-4-7-8-17-28C,30,1A,1,6,M35/1,AA5646,0,17
2026-08-02T10:28:51.640Z,deep_scan,20260802011913_1A-4-7-8-17-28C,30,1A,1,10,M21/1,AA5407,1,13
2026-08-02T10:29:21.595Z,deep_scan,20260802011913_1A-4-7-8-17-28C,30,1A,1,0,M252,AA5946,1,1
2026-08-02T10:29:21.595Z,deep_scan,20260802011913_1A-4-7-8-17-28C,30,1A,1,3,M118,AA7468,0,23
2026-08-02T10:29:21.595Z,deep_scan,20260802011913_1A-4-7-8-17-28C,30,1A,1,6,M35/1,AA5646,0,21
2026-08-02T10:29:21.595Z,deep_scan,20260802011913_1A-4-7-8-17-28C,30,1A,1,10,M21/1,AA5407,0,23
2026-08-02T10:29:21.599Z,deep_scan,20260802011913_1A-4-7-8-17-28C,30,1A,0,3,M10,AA7418,1,33
2026-08-02T10:29:21.599Z,deep_scan,20260802011913_1A-4-7-8-17-28C,30,1A,0,8,M52,AA6701,0,14
2026-08-02T10:29:21.599Z,deep_scan,20260802011913_1A-4-7-8-17-28C,30,1A,0,16,M252,AA7115,1,0
2026-08-02T10:29:51.595Z,deep_scan,20260802011913_1A-4-7-8-17-28C,30,1A,1,0,M252,AA5946,0,42
2026-08-02T10:29:51.595Z,deep_scan,20260802011913_1A-4-7-8-17-28C,30,1A,1,3,M118,AA7468,0,34
2026-08-02T10:29:51.595Z,deep_scan,20260802011913_1A-4-7-8-17-28C,30,1A,1,6,M35/1,AA5646,0,13
2026-08-02T10:29:51.595Z,deep_scan,20260802011913_1A-4-7-8-17-28C,30,1A,1,10,M21/1,AA5407,0,23
2026-08-02T10:29:51.598Z,deep_scan,20260802011913_1A-4-7-8-17-28C,30,1A,0,3,M10,AA7418,1,13
2026-08-02T10:29:51.598Z,deep_scan,20260802011913_1A-4-7-8-17-28C,30,1A,0,8,M52,AA6701,0,2
2026-08-02T10:29:51.598Z,deep_scan,20260802011913_1A-4-7-8-17-28C,30,1A,0,16,M252,AA7115,1,0
2026-08-02T10:30:21.569Z,deep_scan,20260802011913_1A-4-7-8-17-28C,30,1A,1,0,M252,AA5946,0,26
2026-08-02T10:30:21.569Z,deep_scan,20260802011913_1A-4-7-8-17-28C,30,1A,1,3,M118,AA7468,0,47
2026-08-02T10:30:21.569Z,deep_scan,20260802011913_1A-4-7-8-17-28C,30,1A,1,7,M28/1,AA5646,1,17
2026-08-02T10:30:21.569Z,deep_scan,20260802011913_1A-4-7-8-17-28C,30,1A,1,10,M21/1,AA5407,0,7
2026-08-02T10:30:21.586Z,deep_scan,20260802011913_1A-4-7-8-17-28C,30,1A,0,3,M10,AA7418,0,7
2026-08-02T10:30:21.586Z,deep_scan,20260802011913_1A-4-7-8-17-28C,30,1A,0,8,M52,AA6701,0,35
2026-08-02T10:30:21.586Z,deep_scan,20260802011913_1A-4-7-8-17-28C,30,1A,0,16,M252,AA7115,1,0
2026-08-02T10:30:51.598Z,deep_scan,20260802011913_1A-4-7-8-17-28C,30,1A,1,1,M161,AA5946,1,13
2026-08-02T10:30:51.598Z,deep_scan,20260802011913_1A-4-7-8-17-28C,30,1A,1,4,M53,AA7468,1,41
2026-08-02T10:30:51.598Z,deep_scan,20260802011913_1A-4-7-8-17-28C,30,1A,1,7,M28/1,AA5646,1,11
2026-08-02T10:30:51.598Z,deep_scan,20260802011913_1A-4-7-8-17-28C,30,1A,1,10,M21/1,AA5407,0,7
2026-08-02T10:30:51.625Z,deep_scan,20260802011913_1A-4-7-8-17-28C,30,1A,0,3,M10,AA7418,0,1
2026-08-02T10:30:51.625Z,deep_scan,20260802011913_1A-4-7-8-17-28C,30,1A,0,9,M239/1,AA6701,1,15
2026-08-02T10:30:51.625Z,deep_scan,20260802011913_1A-4-7-8-17-28C,30,1A,0,16,M252,AA7115,1,0
2026-08-02T10:31:21.566Z,deep_scan,20260802011913_1A-4-7-8-17-28C,30,1A,1,1,M161,AA5946,1,13
2026-08-02T10:31:21.566Z,deep_scan,20260802011913_1A-4-7-8-17-28C,30,1A,1,4,M53,AA7468,0,3
2026-08-02T10:31:21.566Z,deep_scan,20260802011913_1A-4-7-8-17-28C,30,1A,1,7,M28/1,AA5646,1,11
2026-08-02T10:31:21.566Z,deep_scan,20260802011913_1A-4-7-8-17-28C,30,1A,1,10,M21/1,AA5407,0,45
2026-08-02T10:31:21.597Z,deep_scan,20260802011913_1A-4-7-8-17-28C,30,1A,0,3,M10,AA7418,0,11
2026-08-02T10:31:21.597Z,deep_scan,20260802011913_1A-4-7-8-17-28C,30,1A,0,9,M239/1,AA6701,0,1
2026-08-02T10:31:21.597Z,deep_scan,20260802011913_1A-4-7-8-17-28C,30,1A,0,16,M252,AA7115,1,0
2026-08-02T10:31:51.583Z,deep_scan,20260802011913_1A-4-7-8-17-28C,30,1A,0,4,M27,AA7418,1,34
2026-08-02T10:31:51.583Z,deep_scan,20260802011913_1A-4-7-8-17-28C,30,1A,0,10,M254,AA6701,1,46
2026-08-02T10:31:51.583Z,deep_scan,20260802011913_1A-4-7-8-17-28C,30,1A,0,16,M252,AA7115,1,0
2026-08-02T10:31:51.606Z,deep_scan,20260802011913_1A-4-7-8-17-28C,30,1A,1,1,M161,AA5946,1,16
2026-08-02T10:31:51.606Z,deep_scan,20260802011913_1A-4-7-8-17-28C,30,1A,1,4,M53,AA7468,0,19
2026-08-02T10:31:51.606Z,deep_scan,20260802011913_1A-4-7-8-17-28C,30,1A,1,7,M28/1,AA5646,0,9
2026-08-02T10:31:51.606Z,deep_scan,20260802011913_1A-4-7-8-17-28C,30,1A,1,10,M21/1,AA5407,0,10
2026-08-02T10:32:21.564Z,deep_scan,20260802011913_1A-4-7-8-17-28C,30,1A,0,4,M27,AA7418,0,19
2026-08-02T10:32:21.564Z,deep_scan,20260802011913_1A-4-7-8-17-28C,30,1A,0,10,M254,AA6701,1,6
2026-08-02T10:32:21.564Z,deep_scan,20260802011913_1A-4-7-8-17-28C,30,1A,0,16,M252,AA7115,1,0
2026-08-02T10:32:21.590Z,deep_scan,20260802011913_1A-4-7-8-17-28C,30,1A,1,1,M161,AA5946,0,15
2026-08-02T10:32:21.590Z,deep_scan,20260802011913_1A-4-7-8-17-28C,30,1A,1,5,M49,AA7468,0,7
2026-08-02T10:32:21.590Z,deep_scan,20260802011913_1A-4-7-8-17-28C,30,1A,1,7,M28/1,AA5646,0,17
2026-08-02T10:32:21.590Z,deep_scan,20260802011913_1A-4-7-8-17-28C,30,1A,1,10,M21/1,AA5407,0,25
2026-08-02T10:32:51.566Z,deep_scan,20260802011913_1A-4-7-8-17-28C,30,1A,1,2,M70,AA5946,1,4
2026-08-02T10:32:51.566Z,deep_scan,20260802011913_1A-4-7-8-17-28C,30,1A,1,5,M49,AA7468,0,21
2026-08-02T10:32:51.566Z,deep_scan,20260802011913_1A-4-7-8-17-28C,30,1A,1,7,M28/1,AA5646,0,10
2026-08-02T10:32:51.566Z,deep_scan,20260802011913_1A-4-7-8-17-28C,30,1A,1,10,M21/1,AA5407,0,14
2026-08-02T10:32:51.574Z,deep_scan,20260802011913_1A-4-7-8-17-28C,30,1A,0,5,M29,AA7418,1,13
2026-08-02T10:32:51.574Z,deep_scan,20260802011913_1A-4-7-8-17-28C,30,1A,0,10,M254,AA6701,0,26
2026-08-02T10:32:51.574Z,deep_scan,20260802011913_1A-4-7-8-17-28C,30,1A,0,16,M252,AA7115,1,0
2026-08-02T10:33:21.545Z,deep_scan,20260802011913_1A-4-7-8-17-28C,30,1A,0,5,M29,AA7418,1,13
2026-08-02T10:33:21.545Z,deep_scan,20260802011913_1A-4-7-8-17-28C,30,1A,0,10,M254,AA6701,0,50
2026-08-02T10:33:21.581Z,deep_scan,20260802011913_1A-4-7-8-17-28C,30,1A,1,2,M70,AA5946,1,17
2026-08-02T10:33:21.581Z,deep_scan,20260802011913_1A-4-7-8-17-28C,30,1A,1,5,M49,AA7468,0,31
2026-08-02T10:33:21.581Z,deep_scan,20260802011913_1A-4-7-8-17-28C,30,1A,1,7,M28/1,AA5646,0,10
2026-08-02T10:33:21.581Z,deep_scan,20260802011913_1A-4-7-8-17-28C,30,1A,1,10,M21/1,AA5407,0,24
2026-08-02T10:33:51.551Z,deep_scan,20260802011913_1A-4-7-8-17-28C,30,1A,1,3,M118,AA5946,1,18
2026-08-02T10:33:51.551Z,deep_scan,20260802011913_1A-4-7-8-17-28C,30,1A,1,5,M49,AA7468,0,31
2026-08-02T10:33:51.551Z,deep_scan,20260802011913_1A-4-7-8-17-28C,30,1A,1,7,M28/1,AA5646,0,2
2026-08-02T10:33:51.551Z,deep_scan,20260802011913_1A-4-7-8-17-28C,30,1A,1,11,M120/2,AA5407,1,0
2026-08-02T10:33:51.646Z,deep_scan,20260802011913_1A-4-7-8-17-28C,30,1A,0,6,M36,AA7418,1,45
2026-08-02T10:33:51.646Z,deep_scan,20260802011913_1A-4-7-8-17-28C,30,1A,0,11,M241,AA6701,1,6
2026-08-02T10:34:21.563Z,deep_scan,20260802011913_1A-4-7-8-17-28C,30,1A,0,6,M36,AA7418,1,12
2026-08-02T10:34:21.563Z,deep_scan,20260802011913_1A-4-7-8-17-28C,30,1A,0,11,M241,AA6701,1,6
2026-08-02T10:34:21.578Z,deep_scan,20260802011913_1A-4-7-8-17-28C,30,1A,1,3,M118,AA5946,1,6
2026-08-02T10:34:21.578Z,deep_scan,20260802011913_1A-4-7-8-17-28C,30,1A,1,5,M49,AA7468,0,18
2026-08-02T10:34:21.578Z,deep_scan,20260802011913_1A-4-7-8-17-28C,30,1A,1,7,M28/1,AA5646,0,2
2026-08-02T10:34:21.578Z,deep_scan,20260802011913_1A-4-7-8-17-28C,30,1A,1,11,M120/2,AA5407,1,0
2026-08-02T10:34:51.604Z,deep_scan,20260802011913_1A-4-7-8-17-28C,30,1A,1,0,M252,AA7115,1,14
2026-08-02T10:34:51.604Z,deep_scan,20260802011913_1A-4-7-8-17-28C,30,1A,1,3,M118,AA5946,1,6
2026-08-02T10:34:51.604Z,deep_scan,20260802011913_1A-4-7-8-17-28C,30,1A,1,6,M35/1,AA7468,0,24
2026-08-02T10:34:51.604Z,deep_scan,20260802011913_1A-4-7-8-17-28C,30,1A,1,7,M28/1,AA5646,0,3
2026-08-02T10:34:51.604Z,deep_scan,20260802011913_1A-4-7-8-17-28C,30,1A,1,11,M120/2,AA5407,1,0
2026-08-02T10:34:51.618Z,deep_scan,20260802011913_1A-4-7-8-17-28C,30,1A,0,6,M36,AA7418,1,12
2026-08-02T10:34:51.618Z,deep_scan,20260802011913_1A-4-7-8-17-28C,30,1A,0,12,M71,AA6701,1,22
2026-08-02T10:35:21.558Z,deep_scan,20260802011913_1A-4-7-8-17-28C,30,1A,0,6,M36,AA7418,1,12
2026-08-02T10:35:21.558Z,deep_scan,20260802011913_1A-4-7-8-17-28C,30,1A,0,13,M156,AA6701,1,4
2026-08-02T10:35:21.591Z,deep_scan,20260802011913_1A-4-7-8-17-28C,30,1A,1,0,M252,AA7115,1,2
2026-08-02T10:35:21.591Z,deep_scan,20260802011913_1A-4-7-8-17-28C,30,1A,1,3,M118,AA5946,1,6
2026-08-02T10:35:21.591Z,deep_scan,20260802011913_1A-4-7-8-17-28C,30,1A,1,6,M35/1,AA7468,0,2
2026-08-02T10:35:21.591Z,deep_scan,20260802011913_1A-4-7-8-17-28C,30,1A,1,7,M28/1,AA5646,0,6
2026-08-02T10:35:21.591Z,deep_scan,20260802011913_1A-4-7-8-17-28C,30,1A,1,11,M120/2,AA5407,1,0
2026-08-02T10:35:51.569Z,deep_scan,20260802011913_1A-4-7-8-17-28C,30,1A,1,0,M252,AA7115,0,17
2026-08-02T10:35:51.569Z,deep_scan,20260802011913_1A-4-7-8-17-28C,30,1A,1,3,M118,AA5946,1,9
2026-08-02T10:35:51.569Z,deep_scan,20260802011913_1A-4-7-8-17-28C,30,1A,1,6,M35/1,AA7468,0,1
2026-08-02T10:35:51.569Z,deep_scan,20260802011913_1A-4-7-8-17-28C,30,1A,1,8,M11,AA5646,1,3
2026-08-02T10:35:51.569Z,deep_scan,20260802011913_1A-4-7-8-17-28C,30,1A,1,11,M120/2,AA5407,1,0
2026-08-02T10:35:51.601Z,deep_scan,20260802011913_1A-4-7-8-17-28C,30,1A,0,6,M36,AA7418,1,8
2026-08-02T10:35:51.601Z,deep_scan,20260802011913_1A-4-7-8-17-28C,30,1A,0,13,M156,AA6701,1,5
2026-08-02T10:36:21.554Z,deep_scan,20260802011913_1A-4-7-8-17-28C,30,1A,0,6,M36,AA7418,0,36
2026-08-02T10:36:21.554Z,deep_scan,20260802011913_1A-4-7-8-17-28C,30,1A,0,13,M156,AA6701,0,22
2026-08-02T10:36:21.590Z,deep_scan,20260802011913_1A-4-7-8-17-28C,30,1A,1,0,M252,AA7115,0,25
2026-08-02T10:36:21.590Z,deep_scan,20260802011913_1A-4-7-8-17-28C,30,1A,1,3,M118,AA5946,0,9
2026-08-02T10:36:21.590Z,deep_scan,20260802011913_1A-4-7-8-17-28C,30,1A,1,6,M35/1,AA7468,0,14
2026-08-02T10:36:21.590Z,deep_scan,20260802011913_1A-4-7-8-17-28C,30,1A,1,8,M11,AA5646,0,5
2026-08-02T10:36:21.590Z,deep_scan,20260802011913_1A-4-7-8-17-28C,30,1A,1,11,M120/2,AA5407,1,0
2026-08-02T10:36:51.596Z,deep_scan,20260802011913_1A-4-7-8-17-28C,30,1A,1,1,M161,AA7115,1,12
2026-08-02T10:36:51.596Z,deep_scan,20260802011913_1A-4-7-8-17-28C,30,1A,1,3,M118,AA5946,0,9
2026-08-02T10:36:51.596Z,deep_scan,20260802011913_1A-4-7-8-17-28C,30,1A,1,6,M35/1,AA7468,0,16
2026-08-02T10:36:51.596Z,deep_scan,20260802011913_1A-4-7-8-17-28C,30,1A,1,9,M12,AA5646,1,12
2026-08-02T10:36:51.596Z,deep_scan,20260802011913_1A-4-7-8-17-28C,30,1A,1,11,M120/2,AA5407,1,0
2026-08-02T10:36:51.968Z,deep_scan,20260802011913_1A-4-7-8-17-28C,30,1A,0,7,M48,AA7418,1,18
2026-08-02T10:36:51.968Z,deep_scan,20260802011913_1A-4-7-8-17-28C,30,1A,0,14,M253,AA6701,1,36
2026-08-02T10:37:21.595Z,deep_scan,20260802011913_1A-4-7-8-17-28C,30,1A,1,1,M161,AA7115,1,16
2026-08-02T10:37:21.595Z,deep_scan,20260802011913_1A-4-7-8-17-28C,30,1A,1,3,M118,AA5946,0,4
2026-08-02T10:37:21.595Z,deep_scan,20260802011913_1A-4-7-8-17-28C,30,1A,1,6,M35/1,AA7468,0,16
2026-08-02T10:37:21.595Z,deep_scan,20260802011913_1A-4-7-8-17-28C,30,1A,1,9,M12,AA5646,1,6
2026-08-02T10:37:21.595Z,deep_scan,20260802011913_1A-4-7-8-17-28C,30,1A,1,11,M120/2,AA5407,1,0
2026-08-02T10:37:21.607Z,deep_scan,20260802011913_1A-4-7-8-17-28C,30,1A,0,7,M48,AA7418,1,33
2026-08-02T10:37:21.607Z,deep_scan,20260802011913_1A-4-7-8-17-28C,30,1A,0,14,M253,AA6701,0,17
2026-08-02T10:37:51.601Z,deep_scan,20260802011913_1A-4-7-8-17-28C,30,1A,0,7,M48,AA7418,1,10
2026-08-02T10:37:51.601Z,deep_scan,20260802011913_1A-4-7-8-17-28C,30,1A,0,15,M250,AA6701,1,16
2026-08-02T10:37:51.637Z,deep_scan,20260802011913_1A-4-7-8-17-28C,30,1A,1,1,M161,AA7115,1,16
2026-08-02T10:37:51.637Z,deep_scan,20260802011913_1A-4-7-8-17-28C,30,1A,1,3,M118,AA5946,0,18
2026-08-02T10:37:51.637Z,deep_scan,20260802011913_1A-4-7-8-17-28C,30,1A,1,6,M35/1,AA7468,0,16
2026-08-02T10:37:51.637Z,deep_scan,20260802011913_1A-4-7-8-17-28C,30,1A,1,9,M12,AA5646,1,6
2026-08-02T10:38:21.700Z,deep_scan,20260802011913_1A-4-7-8-17-28C,30,1A,1,1,M161,AA7115,1,25
2026-08-02T10:38:21.700Z,deep_scan,20260802011913_1A-4-7-8-17-28C,30,1A,1,3,M118,AA5946,0,31
2026-08-02T10:38:21.700Z,deep_scan,20260802011913_1A-4-7-8-17-28C,30,1A,1,6,M35/1,AA7468,0,19
2026-08-02T10:38:21.700Z,deep_scan,20260802011913_1A-4-7-8-17-28C,30,1A,1,9,M12,AA5646,1,6
2026-08-02T10:38:21.745Z,deep_scan,20260802011913_1A-4-7-8-17-28C,30,1A,0,7,M48,AA7418,0,10
2026-08-02T10:38:21.745Z,deep_scan,20260802011913_1A-4-7-8-17-28C,30,1A,0,15,M250,AA6701,0,17
2026-08-02T10:38:51.613Z,deep_scan,20260802011913_1A-4-7-8-17-28C,30,1A,1,1,M161,AA7115,0,14
2026-08-02T10:38:51.613Z,deep_scan,20260802011913_1A-4-7-8-17-28C,30,1A,1,3,M118,AA5946,0,35
2026-08-02T10:38:51.613Z,deep_scan,20260802011913_1A-4-7-8-17-28C,30,1A,1,6,M35/1,AA7468,0,10
2026-08-02T10:38:51.613Z,deep_scan,20260802011913_1A-4-7-8-17-28C,30,1A,1,9,M12,AA5646,0,12
2026-08-02T10:38:51.678Z,deep_scan,20260802011913_1A-4-7-8-17-28C,30,1A,0,7,M48,AA7418,0,45
2026-08-02T10:38:51.678Z,deep_scan,20260802011913_1A-4-7-8-17-28C,30,1A,0,16,M252,AA6701,1,0
2026-08-02T10:39:21.636Z,deep_scan,20260802011913_1A-4-7-8-17-28C,30,1A,0,0,M120/2,AA5407,1,24
2026-08-02T10:39:21.636Z,deep_scan,20260802011913_1A-4-7-8-17-28C,30,1A,0,8,M52,AA7418,1,26
2026-08-02T10:39:21.636Z,deep_scan,20260802011913_1A-4-7-8-17-28C,30,1A,0,16,M252,AA6701,1,0
2026-08-02T10:39:21.666Z,deep_scan,20260802011913_1A-4-7-8-17-28C,30,1A,1,2,M70,AA7115,1,15
2026-08-02T10:39:21.666Z,deep_scan,20260802011913_1A-4-7-8-17-28C,30,1A,1,3,M118,AA5946,0,35
2026-08-02T10:39:21.666Z,deep_scan,20260802011913_1A-4-7-8-17-28C,30,1A,1,6,M35/1,AA7468,0,38
2026-08-02T10:39:21.666Z,deep_scan,20260802011913_1A-4-7-8-17-28C,30,1A,1,10,M21/1,AA5646,1,2
2026-08-02T10:39:51.663Z,deep_scan,20260802011913_1A-4-7-8-17-28C,30,1A,0,0,M120/2,AA5407,0,24
2026-08-02T10:39:51.663Z,deep_scan,20260802011913_1A-4-7-8-17-28C,30,1A,0,8,M52,AA7418,0,13
2026-08-02T10:39:51.663Z,deep_scan,20260802011913_1A-4-7-8-17-28C,30,1A,0,16,M252,AA6701,1,0
2026-08-02T10:39:51.673Z,deep_scan,20260802011913_1A-4-7-8-17-28C,30,1A,1,2,M70,AA7115,1,1
2026-08-02T10:39:51.673Z,deep_scan,20260802011913_1A-4-7-8-17-28C,30,1A,1,3,M118,AA5946,0,31
2026-08-02T10:39:51.673Z,deep_scan,20260802011913_1A-4-7-8-17-28C,30,1A,1,6,M35/1,AA7468,0,38
2026-08-02T10:39:51.673Z,deep_scan,20260802011913_1A-4-7-8-17-28C,30,1A,1,10,M21/1,AA5646,1,2
2026-08-02T10:40:21.721Z,deep_scan,20260802011913_1A-4-7-8-17-28C,30,1A,0,0,M120/2,AA5407,0,19
2026-08-02T10:40:21.721Z,deep_scan,20260802011913_1A-4-7-8-17-28C,30,1A,0,8,M52,AA7418,0,27
2026-08-02T10:40:21.721Z,deep_scan,20260802011913_1A-4-7-8-17-28C,30,1A,0,16,M252,AA6701,1,0
2026-08-02T10:40:21.725Z,deep_scan,20260802011913_1A-4-7-8-17-28C,30,1A,1,3,M118,AA5946,0,40
2026-08-02T10:40:21.725Z,deep_scan,20260802011913_1A-4-7-8-17-28C,30,1A,1,3,M118,AA7115,1,31
2026-08-02T10:40:21.725Z,deep_scan,20260802011913_1A-4-7-8-17-28C,30,1A,1,7,M28/1,AA7468,1,3
2026-08-02T10:40:21.725Z,deep_scan,20260802011913_1A-4-7-8-17-28C,30,1A,1,10,M21/1,AA5646,1,2
2026-08-02T10:40:51.642Z,deep_scan,20260802011913_1A-4-7-8-17-28C,30,1A,1,3,M118,AA7115,1,4
2026-08-02T10:40:51.642Z,deep_scan,20260802011913_1A-4-7-8-17-28C,30,1A,1,4,M53,AA5946,1,19
2026-08-02T10:40:51.642Z,deep_scan,20260802011913_1A-4-7-8-17-28C,30,1A,1,7,M28/1,AA7468,0,29
2026-08-02T10:40:51.642Z,deep_scan,20260802011913_1A-4-7-8-17-28C,30,1A,1,10,M21/1,AA5646,1,15
2026-08-02T10:40:51.676Z,deep_scan,20260802011913_1A-4-7-8-17-28C,30,1A,0,0,M120/2,AA5407,0,11
2026-08-02T10:40:51.676Z,deep_scan,20260802011913_1A-4-7-8-17-28C,30,1A,0,8,M52,AA7418,0,46
2026-08-02T10:40:51.676Z,deep_scan,20260802011913_1A-4-7-8-17-28C,30,1A,0,16,M252,AA6701,1,0
2026-08-02T10:41:21.665Z,deep_scan,20260802011913_1A-4-7-8-17-28C,30,1A,0,0,M120/2,AA5407,0,11
2026-08-02T10:41:21.665Z,deep_scan,20260802011913_1A-4-7-8-17-28C,30,1A,0,8,M52,AA7418,0,28
2026-08-02T10:41:21.665Z,deep_scan,20260802011913_1A-4-7-8-17-28C,30,1A,0,16,M252,AA6701,1,0
2026-08-02T10:41:21.682Z,deep_scan,20260802011913_1A-4-7-8-17-28C,30,1A,1,3,M118,AA7115,1,8
2026-08-02T10:41:21.682Z,deep_scan,20260802011913_1A-4-7-8-17-28C,30,1A,1,4,M53,AA5946,0,22
2026-08-02T10:41:21.682Z,deep_scan,20260802011913_1A-4-7-8-17-28C,30,1A,1,7,M28/1,AA7468,0,29
2026-08-02T10:41:21.682Z,deep_scan,20260802011913_1A-4-7-8-17-28C,30,1A,1,10,M21/1,AA5646,1,16
2026-08-02T10:41:51.635Z,deep_scan,20260802011913_1A-4-7-8-17-28C,30,1A,1,3,M118,AA7115,0,8
2026-08-02T10:41:51.635Z,deep_scan,20260802011913_1A-4-7-8-17-28C,30,1A,1,4,M53,AA5946,0,39
2026-08-02T10:41:51.635Z,deep_scan,20260802011913_1A-4-7-8-17-28C,30,1A,1,7,M28/1,AA7468,0,29
2026-08-02T10:41:51.635Z,deep_scan,20260802011913_1A-4-7-8-17-28C,30,1A,1,10,M21/1,AA5646,0,18
2026-08-02T10:41:51.680Z,deep_scan,20260802011913_1A-4-7-8-17-28C,30,1A,0,1,M108/1,AA5407,1,21
2026-08-02T10:41:51.680Z,deep_scan,20260802011913_1A-4-7-8-17-28C,30,1A,0,8,M52,AA7418,0,34
2026-08-02T10:41:51.680Z,deep_scan,20260802011913_1A-4-7-8-17-28C,30,1A,0,16,M252,AA6701,1,0
2026-08-02T10:42:21.681Z,deep_scan,20260802011913_1A-4-7-8-17-28C,30,1A,1,0,M252,AA6701,1,15
2026-08-02T10:42:21.681Z,deep_scan,20260802011913_1A-4-7-8-17-28C,30,1A,1,3,M118,AA7115,0,17
2026-08-02T10:42:21.681Z,deep_scan,20260802011913_1A-4-7-8-17-28C,30,1A,1,4,M53,AA5946,0,7
2026-08-02T10:42:21.681Z,deep_scan,20260802011913_1A-4-7-8-17-28C,30,1A,1,7,M28/1,AA7468,0,5
2026-08-02T10:42:21.681Z,deep_scan,20260802011913_1A-4-7-8-17-28C,30,1A,1,10,M21/1,AA5646,0,2
2026-08-02T10:42:21.707Z,deep_scan,20260802011913_1A-4-7-8-17-28C,30,1A,0,1,M108/1,AA5407,1,3
2026-08-02T10:42:21.707Z,deep_scan,20260802011913_1A-4-7-8-17-28C,30,1A,0,9,M239/1,AA7418,1,24
2026-08-02T10:42:51.680Z,deep_scan,20260802011913_1A-4-7-8-17-28C,30,1A,1,0,M252,AA6701,0,22
2026-08-02T10:42:51.680Z,deep_scan,20260802011913_1A-4-7-8-17-28C,30,1A,1,3,M118,AA7115,0,19
2026-08-02T10:42:51.680Z,deep_scan,20260802011913_1A-4-7-8-17-28C,30,1A,1,5,M49,AA5946,0,21
2026-08-02T10:42:51.680Z,deep_scan,20260802011913_1A-4-7-8-17-28C,30,1A,1,7,M28/1,AA7468,0,5
2026-08-02T10:42:51.680Z,deep_scan,20260802011913_1A-4-7-8-17-28C,30,1A,1,10,M21/1,AA5646,0,2
2026-08-02T10:42:51.690Z,deep_scan,20260802011913_1A-4-7-8-17-28C,30,1A,0,1,M108/1,AA5407,0,20
2026-08-02T10:42:51.690Z,deep_scan,20260802011913_1A-4-7-8-17-28C,30,1A,0,9,M239/1,AA7418,1,36
2026-08-02T10:43:21.682Z,deep_scan,20260802011913_1A-4-7-8-17-28C,30,1A,1,0,M252,AA6701,0,33
2026-08-02T10:43:21.682Z,deep_scan,20260802011913_1A-4-7-8-17-28C,30,1A,1,3,M118,AA7115,0,48
2026-08-02T10:43:21.682Z,deep_scan,20260802011913_1A-4-7-8-17-28C,30,1A,1,5,M49,AA5946,0,3
2026-08-02T10:43:21.682Z,deep_scan,20260802011913_1A-4-7-8-17-28C,30,1A,1,7,M28/1,AA7468,0,17
2026-08-02T10:43:21.682Z,deep_scan,20260802011913_1A-4-7-8-17-28C,30,1A,1,10,M21/1,AA5646,0,2
2026-08-02T10:43:21.723Z,deep_scan,20260802011913_1A-4-7-8-17-28C,30,1A,0,1,M108/1,AA5407,0,7
2026-08-02T10:43:21.723Z,deep_scan,20260802011913_1A-4-7-8-17-28C,30,1A,0,9,M239/1,AA7418,0,36
2026-08-02T10:43:51.686Z,deep_scan,20260802011913_1A-4-7-8-17-28C,30,1A,1,0,M252,AA6701,0,6
2026-08-02T10:43:51.686Z,deep_scan,20260802011913_1A-4-7-8-17-28C,30,1A,1,3,M118,AA7115,0,22
2026-08-02T10:43:51.686Z,deep_scan,20260802011913_1A-4-7-8-17-28C,30,1A,1,5,M49,AA5946,0,3
2026-08-02T10:43:51.686Z,deep_scan,20260802011913_1A-4-7-8-17-28C,30,1A,1,7,M28/1,AA7468,0,8
2026-08-02T10:43:51.686Z,deep_scan,20260802011913_1A-4-7-8-17-28C,30,1A,1,10,M21/1,AA5646,0,2
2026-08-02T10:43:51.694Z,deep_scan,20260802011913_1A-4-7-8-17-28C,30,1A,0,1,M108/1,AA5407,0,36
2026-08-02T10:43:51.694Z,deep_scan,20260802011913_1A-4-7-8-17-28C,30,1A,0,10,M254,AA7418,1,15
2026-08-02T10:44:21.726Z,deep_scan,20260802011913_1A-4-7-8-17-28C,30,1A,0,1,M108/1,AA5407,0,38
2026-08-02T10:44:21.726Z,deep_scan,20260802011913_1A-4-7-8-17-28C,30,1A,0,10,M254,AA7418,1,19
2026-08-02T10:44:21.745Z,deep_scan,20260802011913_1A-4-7-8-17-28C,30,1A,1,1,M161,AA6701,1,15
2026-08-02T10:44:21.745Z,deep_scan,20260802011913_1A-4-7-8-17-28C,30,1A,1,3,M118,AA7115,0,46
2026-08-02T10:44:21.745Z,deep_scan,20260802011913_1A-4-7-8-17-28C,30,1A,1,5,M49,AA5946,0,17
2026-08-02T10:44:21.745Z,deep_scan,20260802011913_1A-4-7-8-17-28C,30,1A,1,8,M11,AA7468,0,15
2026-08-02T10:44:21.745Z,deep_scan,20260802011913_1A-4-7-8-17-28C,30,1A,1,10,M21/1,AA5646,0,33
2026-08-02T10:44:51.726Z,deep_scan,20260802011913_1A-4-7-8-17-28C,30,1A,0,1,M108/1,AA5407,0,16
2026-08-02T10:44:51.726Z,deep_scan,20260802011913_1A-4-7-8-17-28C,30,1A,0,10,M254,AA7418,0,26
2026-08-02T10:44:51.898Z,deep_scan,20260802011913_1A-4-7-8-17-28C,30,1A,1,1,M161,AA6701,1,3
2026-08-02T10:44:51.898Z,deep_scan,20260802011913_1A-4-7-8-17-28C,30,1A,1,3,M118,AA7115,0,32
2026-08-02T10:44:51.898Z,deep_scan,20260802011913_1A-4-7-8-17-28C,30,1A,1,6,M35/1,AA5946,1,21
2026-08-02T10:44:51.898Z,deep_scan,20260802011913_1A-4-7-8-17-28C,30,1A,1,8,M11,AA7468,0,9
2026-08-02T10:44:51.898Z,deep_scan,20260802011913_1A-4-7-8-17-28C,30,1A,1,10,M21/1,AA5646,0,13
2026-08-02T10:45:21.608Z,deep_scan,20260802011913_1A-4-7-8-17-28C,30,1A,1,1,M161,AA6701,1,3
2026-08-02T10:45:21.608Z,deep_scan,20260802011913_1A-4-7-8-17-28C,30,1A,1,3,M118,AA7115,0,46
2026-08-02T10:45:21.608Z,deep_scan,20260802011913_1A-4-7-8-17-28C,30,1A,1,6,M35/1,AA5946,1,10
2026-08-02T10:45:21.608Z,deep_scan,20260802011913_1A-4-7-8-17-28C,30,1A,1,9,M12,AA7468,1,27
2026-08-02T10:45:21.608Z,deep_scan,20260802011913_1A-4-7-8-17-28C,30,1A,1,10,M21/1,AA5646,0,18
2026-08-02T10:45:21.736Z,deep_scan,20260802011913_1A-4-7-8-17-28C,30,1A,0,1,M108/1,AA5407,0,15
2026-08-02T10:45:21.736Z,deep_scan,20260802011913_1A-4-7-8-17-28C,30,1A,0,11,M241,AA7418,1,17
2026-08-02T10:45:51.727Z,deep_scan,20260802011913_1A-4-7-8-17-28C,30,1A,0,1,M108/1,AA5407,0,12
2026-08-02T10:45:51.727Z,deep_scan,20260802011913_1A-4-7-8-17-28C,30,1A,0,11,M241,AA7418,1,7
2026-08-02T10:45:51.735Z,deep_scan,20260802011913_1A-4-7-8-17-28C,30,1A,1,1,M161,AA6701,1,17
2026-08-02T10:45:51.735Z,deep_scan,20260802011913_1A-4-7-8-17-28C,30,1A,1,4,M53,AA7115,1,3
2026-08-02T10:45:51.735Z,deep_scan,20260802011913_1A-4-7-8-17-28C,30,1A,1,6,M35/1,AA5946,1,3
2026-08-02T10:45:51.735Z,deep_scan,20260802011913_1A-4-7-8-17-28C,30,1A,1,9,M12,AA7468,0,28
2026-08-02T10:45:51.735Z,deep_scan,20260802011913_1A-4-7-8-17-28C,30,1A,1,10,M21/1,AA5646,0,5
2026-08-02T10:46:21.769Z,deep_scan,20260802011913_1A-4-7-8-17-28C,30,1A,1,2,M70,AA6701,1,14
2026-08-02T10:46:21.769Z,deep_scan,20260802011913_1A-4-7-8-17-28C,30,1A,1,4,M53,AA7115,0,45
2026-08-02T10:46:21.769Z,deep_scan,20260802011913_1A-4-7-8-17-28C,30,1A,1,6,M35/1,AA5946,1,3
2026-08-02T10:46:21.769Z,deep_scan,20260802011913_1A-4-7-8-17-28C,30,1A,1,9,M12,AA7468,0,4
2026-08-02T10:46:21.769Z,deep_scan,20260802011913_1A-4-7-8-17-28C,30,1A,1,10,M21/1,AA5646,0,5
2026-08-02T10:46:21.812Z,deep_scan,20260802011913_1A-4-7-8-17-28C,30,1A,0,2,M26/1,AA5407,1,20
2026-08-02T10:46:21.812Z,deep_scan,20260802011913_1A-4-7-8-17-28C,30,1A,0,11,M241,AA7418,1,2
2026-08-02T10:46:51.716Z,deep_scan,20260802011913_1A-4-7-8-17-28C,30,1A,1,2,M70,AA6701,1,6
2026-08-02T10:46:51.716Z,deep_scan,20260802011913_1A-4-7-8-17-28C,30,1A,1,4,M53,AA7115,0,10
2026-08-02T10:46:51.716Z,deep_scan,20260802011913_1A-4-7-8-17-28C,30,1A,1,6,M35/1,AA5946,1,3
2026-08-02T10:46:51.716Z,deep_scan,20260802011913_1A-4-7-8-17-28C,30,1A,1,9,M12,AA7468,0,13
2026-08-02T10:46:51.716Z,deep_scan,20260802011913_1A-4-7-8-17-28C,30,1A,1,10,M21/1,AA5646,0,12
2026-08-02T10:46:51.743Z,deep_scan,20260802011913_1A-4-7-8-17-28C,30,1A,0,2,M26/1,AA5407,1,21
2026-08-02T10:46:51.743Z,deep_scan,20260802011913_1A-4-7-8-17-28C,30,1A,0,12,M71,AA7418,1,20
2026-08-02T10:47:21.761Z,deep_scan,20260802011913_1A-4-7-8-17-28C,30,1A,1,3,M118,AA6701,1,34
2026-08-02T10:47:21.761Z,deep_scan,20260802011913_1A-4-7-8-17-28C,30,1A,1,5,M49,AA7115,1,14
2026-08-02T10:47:21.761Z,deep_scan,20260802011913_1A-4-7-8-17-28C,30,1A,1,6,M35/1,AA5946,0,29
2026-08-02T10:47:21.761Z,deep_scan,20260802011913_1A-4-7-8-17-28C,30,1A,1,9,M12,AA7468,0,5
2026-08-02T10:47:21.761Z,deep_scan,20260802011913_1A-4-7-8-17-28C,30,1A,1,10,M21/1,AA5646,0,12
2026-08-02T10:47:21.794Z,deep_scan,20260802011913_1A-4-7-8-17-28C,30,1A,0,2,M26/1,AA5407,1,21
2026-08-02T10:47:21.794Z,deep_scan,20260802011913_1A-4-7-8-17-28C,30,1A,0,12,M71,AA7418,1,9
2026-08-02T10:47:51.740Z,deep_scan,20260802011913_1A-4-7-8-17-28C,30,1A,0,2,M26/1,AA5407,0,8
2026-08-02T10:47:51.740Z,deep_scan,20260802011913_1A-4-7-8-17-28C,30,1A,0,13,M156,AA7418,1,11
2026-08-02T10:47:52.140Z,deep_scan,20260802011913_1A-4-7-8-17-28C,30,1A,1,3,M118,AA6701,1,3
2026-08-02T10:47:52.140Z,deep_scan,20260802011913_1A-4-7-8-17-28C,30,1A,1,5,M49,AA7115,1,7
2026-08-02T10:47:52.140Z,deep_scan,20260802011913_1A-4-7-8-17-28C,30,1A,1,6,M35/1,AA5946,0,19
2026-08-02T10:47:52.140Z,deep_scan,20260802011913_1A-4-7-8-17-28C,30,1A,1,10,M21/1,AA7468,0,40
2026-08-02T10:47:52.140Z,deep_scan,20260802011913_1A-4-7-8-17-28C,30,1A,1,11,M120/2,AA5646,1,0
2026-08-02T10:48:21.787Z,deep_scan,20260802011913_1A-4-7-8-17-28C,30,1A,1,3,M118,AA6701,0,3
2026-08-02T10:48:21.787Z,deep_scan,20260802011913_1A-4-7-8-17-28C,30,1A,1,5,M49,AA7115,0,28
2026-08-02T10:48:21.787Z,deep_scan,20260802011913_1A-4-7-8-17-28C,30,1A,1,7,M28/1,AA5946,1,15
2026-08-02T10:48:21.787Z,deep_scan,20260802011913_1A-4-7-8-17-28C,30,1A,1,10,M21/1,AA7468,0,6
2026-08-02T10:48:21.787Z,deep_scan,20260802011913_1A-4-7-8-17-28C,30,1A,1,11,M120/2,AA5646,1,0
2026-08-02T10:48:21.825Z,deep_scan,20260802011913_1A-4-7-8-17-28C,30,1A,0,2,M26/1,AA5407,0,4
2026-08-02T10:48:21.825Z,deep_scan,20260802011913_1A-4-7-8-17-28C,30,1A,0,13,M156,AA7418,1,11
2026-08-02T10:48:51.807Z,deep_scan,20260802011913_1A-4-7-8-17-28C,30,1A,1,3,M118,AA6701,0,3
2026-08-02T10:48:51.807Z,deep_scan,20260802011913_1A-4-7-8-17-28C,30,1A,1,6,M35/1,AA7115,1,10
2026-08-02T10:48:51.807Z,deep_scan,20260802011913_1A-4-7-8-17-28C,30,1A,1,7,M28/1,AA5946,1,13
2026-08-02T10:48:51.807Z,deep_scan,20260802011913_1A-4-7-8-17-28C,30,1A,1,10,M21/1,AA7468,0,10
2026-08-02T10:48:51.807Z,deep_scan,20260802011913_1A-4-7-8-17-28C,30,1A,1,11,M120/2,AA5646,1,0
2026-08-02T10:48:51.821Z,deep_scan,20260802011913_1A-4-7-8-17-28C,30,1A,0,2,M26/1,AA5407,0,7
2026-08-02T10:48:51.821Z,deep_scan,20260802011913_1A-4-7-8-17-28C,30,1A,0,13,M156,AA7418,1,13
2026-08-02T10:49:21.771Z,deep_scan,20260802011913_1A-4-7-8-17-28C,30,1A,0,2,M26/1,AA5407,0,20
2026-08-02T10:49:21.771Z,deep_scan,20260802011913_1A-4-7-8-17-28C,30,1A,0,13,M156,AA7418,1,13
2026-08-02T10:49:21.783Z,deep_scan,20260802011913_1A-4-7-8-17-28C,30,1A,1,3,M118,AA6701,0,2
2026-08-02T10:49:21.783Z,deep_scan,20260802011913_1A-4-7-8-17-28C,30,1A,1,6,M35/1,AA7115,1,10
2026-08-02T10:49:21.783Z,deep_scan,20260802011913_1A-4-7-8-17-28C,30,1A,1,7,M28/1,AA5946,1,2
2026-08-02T10:49:21.783Z,deep_scan,20260802011913_1A-4-7-8-17-28C,30,1A,1,10,M21/1,AA7468,0,34
2026-08-02T10:49:21.783Z,deep_scan,20260802011913_1A-4-7-8-17-28C,30,1A,1,11,M120/2,AA5646,1,0
2026-08-02T10:49:51.826Z,deep_scan,20260802011913_1A-4-7-8-17-28C,30,1A,1,3,M118,AA6701,0,47
2026-08-02T10:49:51.826Z,deep_scan,20260802011913_1A-4-7-8-17-28C,30,1A,1,6,M35/1,AA7115,0,16
2026-08-02T10:49:51.826Z,deep_scan,20260802011913_1A-4-7-8-17-28C,30,1A,1,7,M28/1,AA5946,1,21
2026-08-02T10:49:51.826Z,deep_scan,20260802011913_1A-4-7-8-17-28C,30,1A,1,10,M21/1,AA7468,0,17
2026-08-02T10:49:51.826Z,deep_scan,20260802011913_1A-4-7-8-17-28C,30,1A,1,11,M120/2,AA5646,1,0
2026-08-02T10:49:51.842Z,deep_scan,20260802011913_1A-4-7-8-17-28C,30,1A,0,2,M26/1,AA5407,0,1
2026-08-02T10:49:51.842Z,deep_scan,20260802011913_1A-4-7-8-17-28C,30,1A,0,13,M156,AA7418,1,13
2026-08-02T10:50:21.801Z,deep_scan,20260802011913_1A-4-7-8-17-28C,30,1A,1,3,M118,AA6701,0,12
2026-08-02T10:50:21.801Z,deep_scan,20260802011913_1A-4-7-8-17-28C,30,1A,1,6,M35/1,AA7115,0,7
2026-08-02T10:50:21.801Z,deep_scan,20260802011913_1A-4-7-8-17-28C,30,1A,1,7,M28/1,AA5946,0,4
2026-08-02T10:50:21.801Z,deep_scan,20260802011913_1A-4-7-8-17-28C,30,1A,1,10,M21/1,AA7468,0,5
2026-08-02T10:50:21.801Z,deep_scan,20260802011913_1A-4-7-8-17-28C,30,1A,1,11,M120/2,AA5646,1,0
2026-08-02T10:50:21.846Z,deep_scan,20260802011913_1A-4-7-8-17-28C,30,1A,0,3,M10,AA5407,1,10
2026-08-02T10:50:21.846Z,deep_scan,20260802011913_1A-4-7-8-17-28C,30,1A,0,13,M156,AA7418,0,14
2026-08-02T10:50:51.829Z,deep_scan,20260802011913_1A-4-7-8-17-28C,30,1A,1,3,M118,AA6701,0,46
2026-08-02T10:50:51.829Z,deep_scan,20260802011913_1A-4-7-8-17-28C,30,1A,1,7,M28/1,AA5946,0,22
2026-08-02T10:50:51.829Z,deep_scan,20260802011913_1A-4-7-8-17-28C,30,1A,1,7,M28/1,AA7115,1,3
2026-08-02T10:50:51.829Z,deep_scan,20260802011913_1A-4-7-8-17-28C,30,1A,1,10,M21/1,AA7468,0,23
2026-08-02T10:50:51.829Z,deep_scan,20260802011913_1A-4-7-8-17-28C,30,1A,1,11,M120/2,AA5646,1,0
2026-08-02T10:50:51.874Z,deep_scan,20260802011913_1A-4-7-8-17-28C,30,1A,0,3,M10,AA5407,1,24
2026-08-02T10:50:51.874Z,deep_scan,20260802011913_1A-4-7-8-17-28C,30,1A,0,13,M156,AA7418,0,4
2026-08-02T10:51:21.795Z,deep_scan,20260802011913_1A-4-7-8-17-28C,30,1A,0,3,M10,AA5407,1,24
2026-08-02T10:51:21.795Z,deep_scan,20260802011913_1A-4-7-8-17-28C,30,1A,0,14,M253,AA7418,1,15
2026-08-02T10:51:21.802Z,deep_scan,20260802011913_1A-4-7-8-17-28C,30,1A,1,3,M118,AA6701,0,38
2026-08-02T10:51:21.802Z,deep_scan,20260802011913_1A-4-7-8-17-28C,30,1A,1,7,M28/1,AA5946,0,6
2026-08-02T10:51:21.802Z,deep_scan,20260802011913_1A-4-7-8-17-28C,30,1A,1,7,M28/1,AA7115,1,4
2026-08-02T10:51:21.802Z,deep_scan,20260802011913_1A-4-7-8-17-28C,30,1A,1,10,M21/1,AA7468,0,45
2026-08-02T10:51:21.802Z,deep_scan,20260802011913_1A-4-7-8-17-28C,30,1A,1,11,M120/2,AA5646,1,0
2026-08-02T10:51:51.857Z,deep_scan,20260802011913_1A-4-7-8-17-28C,30,1A,1,3,M118,AA6701,0,45
2026-08-02T10:51:51.857Z,deep_scan,20260802011913_1A-4-7-8-17-28C,30,1A,1,7,M28/1,AA7115,0,19
2026-08-02T10:51:51.857Z,deep_scan,20260802011913_1A-4-7-8-17-28C,30,1A,1,8,M11,AA5946,1,17
2026-08-02T10:51:51.857Z,deep_scan,20260802011913_1A-4-7-8-17-28C,30,1A,1,10,M21/1,AA7468,0,45
2026-08-02T10:51:51.857Z,deep_scan,20260802011913_1A-4-7-8-17-28C,30,1A,1,11,M120/2,AA5646,1,0
2026-08-02T10:51:51.878Z,deep_scan,20260802011913_1A-4-7-8-17-28C,30,1A,0,3,M10,AA5407,0,12
2026-08-02T10:51:51.878Z,deep_scan,20260802011913_1A-4-7-8-17-28C,30,1A,0,14,M253,AA7418,0,29
2026-08-02T10:52:21.849Z,deep_scan,20260802011913_1A-4-7-8-17-28C,30,1A,0,3,M10,AA5407,0,10
2026-08-02T10:52:21.849Z,deep_scan,20260802011913_1A-4-7-8-17-28C,30,1A,0,15,M250,AA7418,1,1
2026-08-02T10:52:21.860Z,deep_scan,20260802011913_1A-4-7-8-17-28C,30,1A,1,4,M53,AA6701,1,28
2026-08-02T10:52:21.860Z,deep_scan,20260802011913_1A-4-7-8-17-28C,30,1A,1,7,M28/1,AA7115,0,41
2026-08-02T10:52:21.860Z,deep_scan,20260802011913_1A-4-7-8-17-28C,30,1A,1,8,M11,AA5946,0,10
2026-08-02T10:52:21.860Z,deep_scan,20260802011913_1A-4-7-8-17-28C,30,1A,1,10,M21/1,AA7468,0,45
2026-08-02T10:52:51.756Z,deep_scan,20260802011913_1A-4-7-8-17-28C,30,1A,1,4,M53,AA6701,0,45
2026-08-02T10:52:51.756Z,deep_scan,20260802011913_1A-4-7-8-17-28C,30,1A,1,7,M28/1,AA7115,0,28
2026-08-02T10:52:51.756Z,deep_scan,20260802011913_1A-4-7-8-17-28C,30,1A,1,9,M12,AA5946,1,4
2026-08-02T10:52:51.756Z,deep_scan,20260802011913_1A-4-7-8-17-28C,30,1A,1,10,M21/1,AA7468,0,3
2026-08-02T10:52:51.897Z,deep_scan,20260802011913_1A-4-7-8-17-28C,30,1A,0,3,M10,AA5407,0,16
2026-08-02T10:52:51.897Z,deep_scan,20260802011913_1A-4-7-8-17-28C,30,1A,0,15,M250,AA7418,1,42
2026-08-02T10:53:21.859Z,deep_scan,20260802011913_1A-4-7-8-17-28C,30,1A,0,4,M27,AA5407,1,12
2026-08-02T10:53:21.859Z,deep_scan,20260802011913_1A-4-7-8-17-28C,30,1A,0,15,M250,AA7418,0,7
2026-08-02T10:53:21.893Z,deep_scan,20260802011913_1A-4-7-8-17-28C,30,1A,1,4,M53,AA6701,0,15
2026-08-02T10:53:21.893Z,deep_scan,20260802011913_1A-4-7-8-17-28C,30,1A,1,8,M11,AA7115,1,28
2026-08-02T10:53:21.893Z,deep_scan,20260802011913_1A-4-7-8-17-28C,30,1A,1,9,M12,AA5946,1,22
2026-08-02T10:53:21.893Z,deep_scan,20260802011913_1A-4-7-8-17-28C,30,1A,1,11,M120/2,AA7468,1,0
2026-08-02T10:53:51.983Z,deep_scan,20260802011913_1A-4-7-8-17-28C,30,1A,1,5,M49,AA6701,1,11
2026-08-02T10:53:51.983Z,deep_scan,20260802011913_1A-4-7-8-17-28C,30,1A,1,8,M11,AA7115,1,19
2026-08-02T10:53:51.983Z,deep_scan,20260802011913_1A-4-7-8-17-28C,30,1A,1,10,M21/1,AA5946,1,19
2026-08-02T10:53:51.983Z,deep_scan,20260802011913_1A-4-7-8-17-28C,30,1A,1,11,M120/2,AA7468,1,0
2026-08-02T10:53:51.988Z,deep_scan,20260802011913_1A-4-7-8-17-28C,30,1A,0,4,M27,AA5407,1,13
2026-08-02T10:53:51.988Z,deep_scan,20260802011913_1A-4-7-8-17-28C,30,1A,0,16,M252,AA7418,1,0
2026-08-02T10:54:21.891Z,deep_scan,20260802011913_1A-4-7-8-17-28C,30,1A,1,5,M49,AA6701,0,13
2026-08-02T10:54:21.891Z,deep_scan,20260802011913_1A-4-7-8-17-28C,30,1A,1,9,M12,AA7115,1,29
2026-08-02T10:54:21.891Z,deep_scan,20260802011913_1A-4-7-8-17-28C,30,1A,1,10,M21/1,AA5946,1,19
2026-08-02T10:54:21.891Z,deep_scan,20260802011913_1A-4-7-8-17-28C,30,1A,1,11,M120/2,AA7468,1,0
2026-08-02T10:54:21.900Z,deep_scan,20260802011913_1A-4-7-8-17-28C,30,1A,0,4,M27,AA5407,0,19
2026-08-02T10:54:21.900Z,deep_scan,20260802011913_1A-4-7-8-17-28C,30,1A,0,16,M252,AA7418,1,0
2026-08-02T10:54:51.898Z,deep_scan,20260802011913_1A-4-7-8-17-28C,30,1A,0,4,M27,AA5407,0,17
2026-08-02T10:54:51.898Z,deep_scan,20260802011913_1A-4-7-8-17-28C,30,1A,0,16,M252,AA7418,1,0
2026-08-02T10:54:51.932Z,deep_scan,20260802011913_1A-4-7-8-17-28C,30,1A,1,5,M49,AA6701,0,7
2026-08-02T10:54:51.932Z,deep_scan,20260802011913_1A-4-7-8-17-28C,30,1A,1,9,M12,AA7115,0,21
2026-08-02T10:54:51.932Z,deep_scan,20260802011913_1A-4-7-8-17-28C,30,1A,1,10,M21/1,AA5946,0,31
2026-08-02T10:54:51.932Z,deep_scan,20260802011913_1A-4-7-8-17-28C,30,1A,1,11,M120/2,AA7468,1,0
2026-08-02T10:55:21.864Z,deep_scan,20260802011913_1A-4-7-8-17-28C,30,1A,1,6,M35/1,AA6701,1,2
2026-08-02T10:55:21.864Z,deep_scan,20260802011913_1A-4-7-8-17-28C,30,1A,1,9,M12,AA7115,0,21
2026-08-02T10:55:21.864Z,deep_scan,20260802011913_1A-4-7-8-17-28C,30,1A,1,10,M21/1,AA5946,0,37
2026-08-02T10:55:21.864Z,deep_scan,20260802011913_1A-4-7-8-17-28C,30,1A,1,11,M120/2,AA7468,1,0
2026-08-02T10:55:21.873Z,deep_scan,20260802011913_1A-4-7-8-17-28C,30,1A,0,4,M27,AA5407,0,17
2026-08-02T10:55:21.873Z,deep_scan,20260802011913_1A-4-7-8-17-28C,30,1A,0,16,M252,AA7418,1,0
2026-08-02T10:55:51.882Z,deep_scan,20260802011913_1A-4-7-8-17-28C,30,1A,0,5,M29,AA5407,1,12
2026-08-02T10:55:51.882Z,deep_scan,20260802011913_1A-4-7-8-17-28C,30,1A,0,16,M252,AA7418,1,0
2026-08-02T10:55:51.943Z,deep_scan,20260802011913_1A-4-7-8-17-28C,30,1A,1,6,M35/1,AA6701,1,2
2026-08-02T10:55:51.943Z,deep_scan,20260802011913_1A-4-7-8-17-28C,30,1A,1,10,M21/1,AA5946,0,5
2026-08-02T10:55:51.943Z,deep_scan,20260802011913_1A-4-7-8-17-28C,30,1A,1,10,M21/1,AA7115,1,21
2026-08-02T10:55:51.943Z,deep_scan,20260802011913_1A-4-7-8-17-28C,30,1A,1,11,M120/2,AA7468,1,0
2026-08-02T10:56:21.881Z,deep_scan,20260802011913_1A-4-7-8-17-28C,30,1A,1,6,M35/1,AA6701,1,2
2026-08-02T10:56:21.881Z,deep_scan,20260802011913_1A-4-7-8-17-28C,30,1A,1,10,M21/1,AA5946,0,14
2026-08-02T10:56:21.881Z,deep_scan,20260802011913_1A-4-7-8-17-28C,30,1A,1,10,M21/1,AA7115,1,8
2026-08-02T10:56:21.881Z,deep_scan,20260802011913_1A-4-7-8-17-28C,30,1A,1,11,M120/2,AA7468,1,0
2026-08-02T10:56:21.890Z,deep_scan,20260802011913_1A-4-7-8-17-28C,30,1A,0,5,M29,AA5407,1,12
2026-08-02T10:56:21.890Z,deep_scan,20260802011913_1A-4-7-8-17-28C,30,1A,0,16,M252,AA7418,1,0
2026-08-02T10:56:51.927Z,deep_scan,20260802011913_1A-4-7-8-17-28C,30,1A,0,5,M29,AA5407,0,12
2026-08-02T10:56:51.927Z,deep_scan,20260802011913_1A-4-7-8-17-28C,30,1A,0,16,M252,AA7418,1,0
2026-08-02T10:56:51.950Z,deep_scan,20260802011913_1A-4-7-8-17-28C,30,1A,1,6,M35/1,AA6701,0,13
2026-08-02T10:56:51.950Z,deep_scan,20260802011913_1A-4-7-8-17-28C,30,1A,1,10,M21/1,AA5946,0,20
2026-08-02T10:56:51.950Z,deep_scan,20260802011913_1A-4-7-8-17-28C,30,1A,1,10,M21/1,AA7115,1,3
2026-08-02T10:56:51.950Z,deep_scan,20260802011913_1A-4-7-8-17-28C,30,1A,1,11,M120/2,AA7468,1,0
2026-08-02T10:57:21.975Z,deep_scan,20260802011913_1A-4-7-8-17-28C,30,1A,0,6,M36,AA5407,1,26
2026-08-02T10:57:21.975Z,deep_scan,20260802011913_1A-4-7-8-17-28C,30,1A,0,16,M252,AA7418,1,0
2026-08-02T10:57:21.985Z,deep_scan,20260802011913_1A-4-7-8-17-28C,30,1A,1,6,M35/1,AA6701,0,17
2026-08-02T10:57:21.985Z,deep_scan,20260802011913_1A-4-7-8-17-28C,30,1A,1,10,M21/1,AA5946,0,23
2026-08-02T10:57:21.985Z,deep_scan,20260802011913_1A-4-7-8-17-28C,30,1A,1,10,M21/1,AA7115,0,9
2026-08-02T10:57:21.985Z,deep_scan,20260802011913_1A-4-7-8-17-28C,30,1A,1,11,M120/2,AA7468,1,0
2026-08-02T10:57:51.942Z,deep_scan,20260802011913_1A-4-7-8-17-28C,30,1A,1,6,M35/1,AA6701,0,13
2026-08-02T10:57:51.942Z,deep_scan,20260802011913_1A-4-7-8-17-28C,30,1A,1,10,M21/1,AA7115,0,33
2026-08-02T10:57:51.942Z,deep_scan,20260802011913_1A-4-7-8-17-28C,30,1A,1,11,M120/2,AA5946,1,0
2026-08-02T10:57:52.021Z,deep_scan,20260802011913_1A-4-7-8-17-28C,30,1A,0,6,M36,AA5407,1,3
2026-08-02T10:57:52.021Z,deep_scan,20260802011913_1A-4-7-8-17-28C,30,1A,0,16,M252,AA7418,1,0
2026-08-02T10:58:21.940Z,deep_scan,20260802011913_1A-4-7-8-17-28C,30,1A,1,0,M252,AA7418,1,26
2026-08-02T10:58:21.940Z,deep_scan,20260802011913_1A-4-7-8-17-28C,30,1A,1,7,M28/1,AA6701,1,13
2026-08-02T10:58:21.940Z,deep_scan,20260802011913_1A-4-7-8-17-28C,30,1A,1,10,M21/1,AA7115,0,21
2026-08-02T10:58:21.940Z,deep_scan,20260802011913_1A-4-7-8-17-28C,30,1A,1,11,M120/2,AA5946,1,0
2026-08-02T10:58:21.959Z,deep_scan,20260802011913_1A-4-7-8-17-28C,30,1A,0,6,M36,AA5407,0,15
2026-08-02T10:58:52.009Z,deep_scan,20260802011913_1A-4-7-8-17-28C,30,1A,0,6,M36,AA5407,0,3
2026-08-02T10:58:52.037Z,deep_scan,20260802011913_1A-4-7-8-17-28C,30,1A,1,0,M252,AA7418,1,26
2026-08-02T10:58:52.037Z,deep_scan,20260802011913_1A-4-7-8-17-28C,30,1A,1,7,M28/1,AA6701,1,13
2026-08-02T10:58:52.037Z,deep_scan,20260802011913_1A-4-7-8-17-28C,30,1A,1,10,M21/1,AA7115,0,7
2026-08-02T10:58:52.037Z,deep_scan,20260802011913_1A-4-7-8-17-28C,30,1A,1,11,M120/2,AA5946,1,0
2026-08-02T10:59:21.928Z,deep_scan,20260802011913_1A-4-7-8-17-28C,30,1A,1,0,M252,AA7418,0,12
2026-08-02T10:59:21.928Z,deep_scan,20260802011913_1A-4-7-8-17-28C,30,1A,1,7,M28/1,AA6701,1,15
2026-08-02T10:59:21.928Z,deep_scan,20260802011913_1A-4-7-8-17-28C,30,1A,1,10,M21/1,AA7115,0,28
2026-08-02T10:59:21.928Z,deep_scan,20260802011913_1A-4-7-8-17-28C,30,1A,1,11,M120/2,AA5946,1,0
2026-08-02T10:59:21.997Z,deep_scan,20260802011913_1A-4-7-8-17-28C,30,1A,0,0,M120/2,AA7673,1,29
2026-08-02T10:59:21.997Z,deep_scan,20260802011913_1A-4-7-8-17-28C,30,1A,0,7,M48,AA5407,1,6
2026-08-02T10:59:51.993Z,deep_scan,20260802011913_1A-4-7-8-17-28C,30,1A,1,0,M252,AA7418,0,24
2026-08-02T10:59:51.993Z,deep_scan,20260802011913_1A-4-7-8-17-28C,30,1A,1,7,M28/1,AA6701,0,19
2026-08-02T10:59:51.993Z,deep_scan,20260802011913_1A-4-7-8-17-28C,30,1A,1,10,M21/1,AA7115,0,28
2026-08-02T10:59:51.993Z,deep_scan,20260802011913_1A-4-7-8-17-28C,30,1A,1,11,M120/2,AA5946,1,0
2026-08-02T10:59:52.004Z,deep_scan,20260802011913_1A-4-7-8-17-28C,30,1A,0,0,M120/2,AA7673,1,29
2026-08-02T10:59:52.004Z,deep_scan,20260802011913_1A-4-7-8-17-28C,30,1A,0,7,M48,AA5407,0,22
2026-08-02T11:00:22.021Z,deep_scan,20260802011913_1A-4-7-8-17-28C,30,1A,0,0,M120/2,AA7673,0,29
2026-08-02T11:00:22.021Z,deep_scan,20260802011913_1A-4-7-8-17-28C,30,1A,0,7,M48,AA5407,0,39
2026-08-02T11:00:22.026Z,deep_scan,20260802011913_1A-4-7-8-17-28C,30,1A,1,1,M161,AA7418,1,27
2026-08-02T11:00:22.026Z,deep_scan,20260802011913_1A-4-7-8-17-28C,30,1A,1,7,M28/1,AA6701,0,2
2026-08-02T11:00:22.026Z,deep_scan,20260802011913_1A-4-7-8-17-28C,30,1A,1,10,M21/1,AA7115,0,28
2026-08-02T11:00:22.026Z,deep_scan,20260802011913_1A-4-7-8-17-28C,30,1A,1,11,M120/2,AA5946,1,0
2026-08-02T11:00:51.973Z,deep_scan,20260802011913_1A-4-7-8-17-28C,30,1A,1,1,M161,AA7418,0,36
2026-08-02T11:00:51.973Z,deep_scan,20260802011913_1A-4-7-8-17-28C,30,1A,1,7,M28/1,AA6701,0,22
2026-08-02T11:00:51.973Z,deep_scan,20260802011913_1A-4-7-8-17-28C,30,1A,1,10,M21/1,AA7115,0,20
2026-08-02T11:00:51.973Z,deep_scan,20260802011913_1A-4-7-8-17-28C,30,1A,1,11,M120/2,AA5946,1,0
2026-08-02T11:00:51.976Z,deep_scan,20260802011913_1A-4-7-8-17-28C,30,1A,0,0,M120/2,AA7673,0,2
2026-08-02T11:00:51.976Z,deep_scan,20260802011913_1A-4-7-8-17-28C,30,1A,0,8,M52,AA5407,1,33
2026-08-02T11:01:21.986Z,deep_scan,20260802011913_1A-4-7-8-17-28C,30,1A,0,0,M120/2,AA7673,0,2
2026-08-02T11:01:21.986Z,deep_scan,20260802011913_1A-4-7-8-17-28C,30,1A,0,8,M52,AA5407,1,5
2026-08-02T11:01:22.016Z,deep_scan,20260802011913_1A-4-7-8-17-28C,30,1A,1,2,M70,AA7418,1,23
2026-08-02T11:01:22.016Z,deep_scan,20260802011913_1A-4-7-8-17-28C,30,1A,1,7,M28/1,AA6701,0,23
2026-08-02T11:01:22.016Z,deep_scan,20260802011913_1A-4-7-8-17-28C,30,1A,1,11,M120/2,AA5946,1,0
2026-08-02T11:01:22.016Z,deep_scan,20260802011913_1A-4-7-8-17-28C,30,1A,1,11,M120/2,AA7115,1,0
2026-08-02T11:01:51.995Z,deep_scan,20260802011913_1A-4-7-8-17-28C,30,1A,1,2,M70,AA7418,0,22
2026-08-02T11:01:51.995Z,deep_scan,20260802011913_1A-4-7-8-17-28C,30,1A,1,8,M11,AA6701,1,29
2026-08-02T11:01:51.995Z,deep_scan,20260802011913_1A-4-7-8-17-28C,30,1A,1,11,M120/2,AA5946,1,0
2026-08-02T11:01:51.995Z,deep_scan,20260802011913_1A-4-7-8-17-28C,30,1A,1,11,M120/2,AA7115,1,0
2026-08-02T11:01:52.016Z,deep_scan,20260802011913_1A-4-7-8-17-28C,30,1A,0,0,M120/2,AA7673,0,4
2026-08-02T11:01:52.016Z,deep_scan,20260802011913_1A-4-7-8-17-28C,30,1A,0,8,M52,AA5407,1,9
2026-08-02T11:02:22.046Z,deep_scan,20260802011913_1A-4-7-8-17-28C,30,1A,1,2,M70,AA7418,0,15
2026-08-02T11:02:22.046Z,deep_scan,20260802011913_1A-4-7-8-17-28C,30,1A,1,8,M11,AA6701,1,24
2026-08-02T11:02:22.046Z,deep_scan,20260802011913_1A-4-7-8-17-28C,30,1A,1,11,M120/2,AA7115,1,0
2026-08-02T11:02:22.079Z,deep_scan,20260802011913_1A-4-7-8-17-28C,30,1A,0,1,M108/1,AA7673,0,3
2026-08-02T11:02:22.079Z,deep_scan,20260802011913_1A-4-7-8-17-28C,30,1A,0,8,M52,AA5407,0,9
2026-08-02T11:02:52.045Z,deep_scan,20260802011913_1A-4-7-8-17-28C,30,1A,1,2,M70,AA7418,0,26
2026-08-02T11:02:52.045Z,deep_scan,20260802011913_1A-4-7-8-17-28C,30,1A,1,9,M12,AA6701,1,19
2026-08-02T11:02:52.045Z,deep_scan,20260802011913_1A-4-7-8-17-28C,30,1A,1,11,M120/2,AA7115,1,0
2026-08-02T11:02:52.065Z,deep_scan,20260802011913_1A-4-7-8-17-28C,30,1A,0,1,M108/1,AA7673,0,25
2026-08-02T11:02:52.065Z,deep_scan,20260802011913_1A-4-7-8-17-28C,30,1A,0,8,M52,AA5407,0,9
2026-08-02T11:03:22.019Z,deep_scan,20260802011913_1A-4-7-8-17-28C,30,1A,0,1,M108/1,AA7673,0,25
2026-08-02T11:03:22.019Z,deep_scan,20260802011913_1A-4-7-8-17-28C,30,1A,0,8,M52,AA5407,0,9
2026-08-02T11:03:22.054Z,deep_scan,20260802011913_1A-4-7-8-17-28C,30,1A,1,3,M118,AA7418,1,12
2026-08-02T11:03:22.054Z,deep_scan,20260802011913_1A-4-7-8-17-28C,30,1A,1,9,M12,AA6701,0,7
2026-08-02T11:03:22.054Z,deep_scan,20260802011913_1A-4-7-8-17-28C,30,1A,1,11,M120/2,AA7115,1,0
2026-08-02T11:03:52.061Z,deep_scan,20260802011913_1A-4-7-8-17-28C,30,1A,1,3,M118,AA7418,1,2
2026-08-02T11:03:52.061Z,deep_scan,20260802011913_1A-4-7-8-17-28C,30,1A,1,9,M12,AA6701,0,7
2026-08-02T11:03:52.061Z,deep_scan,20260802011913_1A-4-7-8-17-28C,30,1A,1,11,M120/2,AA7115,1,0
2026-08-02T11:03:52.076Z,deep_scan,20260802011913_1A-4-7-8-17-28C,30,1A,0,1,M108/1,AA7673,0,14
2026-08-02T11:03:52.076Z,deep_scan,20260802011913_1A-4-7-8-17-28C,30,1A,0,8,M52,AA5407,0,9
2026-08-02T11:04:22.038Z,deep_scan,20260802011913_1A-4-7-8-17-28C,30,1A,0,1,M108/1,AA7673,0,18
2026-08-02T11:04:22.038Z,deep_scan,20260802011913_1A-4-7-8-17-28C,30,1A,0,8,M52,AA5407,0,9
2026-08-02T11:04:22.074Z,deep_scan,20260802011913_1A-4-7-8-17-28C,30,1A,1,3,M118,AA7418,0,2
2026-08-02T11:04:22.074Z,deep_scan,20260802011913_1A-4-7-8-17-28C,30,1A,1,9,M12,AA6701,0,7
2026-08-02T11:04:22.074Z,deep_scan,20260802011913_1A-4-7-8-17-28C,30,1A,1,11,M120/2,AA7115,1,0
2026-08-02T11:04:52.102Z,deep_scan,20260802011913_1A-4-7-8-17-28C,30,1A,1,3,M118,AA7418,0,14
2026-08-02T11:04:52.102Z,deep_scan,20260802011913_1A-4-7-8-17-28C,30,1A,1,10,M21/1,AA6701,1,25
2026-08-02T11:04:52.102Z,deep_scan,20260802011913_1A-4-7-8-17-28C,30,1A,1,11,M120/2,AA7115,1,0
2026-08-02T11:04:52.113Z,deep_scan,20260802011913_1A-4-7-8-17-28C,30,1A,0,1,M108/1,AA7673,0,21
2026-08-02T11:04:52.113Z,deep_scan,20260802011913_1A-4-7-8-17-28C,30,1A,0,8,M52,AA5407,0,9
2026-08-02T11:05:22.074Z,deep_scan,20260802011913_1A-4-7-8-17-28C,30,1A,0,1,M108/1,AA7673,0,13
2026-08-02T11:05:22.074Z,deep_scan,20260802011913_1A-4-7-8-17-28C,30,1A,0,8,M52,AA5407,0,9
2026-08-02T11:05:22.095Z,deep_scan,20260802011913_1A-4-7-8-17-28C,30,1A,1,3,M118,AA7418,0,26
2026-08-02T11:05:22.095Z,deep_scan,20260802011913_1A-4-7-8-17-28C,30,1A,1,10,M21/1,AA6701,1,10
2026-08-02T11:05:22.095Z,deep_scan,20260802011913_1A-4-7-8-17-28C,30,1A,1,11,M120/2,AA7115,1,0
2026-08-02T11:05:52.061Z,deep_scan,20260802011913_1A-4-7-8-17-28C,30,1A,0,2,M26/1,AA7673,1,11
2026-08-02T11:05:52.061Z,deep_scan,20260802011913_1A-4-7-8-17-28C,30,1A,0,8,M52,AA5407,0,9
2026-08-02T11:05:52.069Z,deep_scan,20260802011913_1A-4-7-8-17-28C,30,1A,1,3,M118,AA7418,0,41
2026-08-02T11:05:52.069Z,deep_scan,20260802011913_1A-4-7-8-17-28C,30,1A,1,10,M21/1,AA6701,1,14
2026-08-02T11:06:22.099Z,deep_scan,20260802011913_1A-4-7-8-17-28C,30,1A,0,2,M26/1,AA7673,1,17
2026-08-02T11:06:22.099Z,deep_scan,20260802011913_1A-4-7-8-17-28C,30,1A,0,8,M52,AA5407,0,9
2026-08-02T11:06:22.121Z,deep_scan,20260802011913_1A-4-7-8-17-28C,30,1A,1,3,M118,AA7418,0,27
2026-08-02T11:06:22.121Z,deep_scan,20260802011913_1A-4-7-8-17-28C,30,1A,1,10,M21/1,AA6701,1,14
2026-08-02T11:06:52.077Z,deep_scan,20260802011913_1A-4-7-8-17-28C,30,1A,1,3,M118,AA7418,0,41
2026-08-02T11:06:52.077Z,deep_scan,20260802011913_1A-4-7-8-17-28C,30,1A,1,10,M21/1,AA6701,0,9
2026-08-02T11:06:52.106Z,deep_scan,20260802011913_1A-4-7-8-17-28C,30,1A,0,2,M26/1,AA7673,1,17
2026-08-02T11:06:52.106Z,deep_scan,20260802011913_1A-4-7-8-17-28C,30,1A,0,8,M52,AA5407,0,9
2026-08-02T11:07:22.077Z,deep_scan,20260802011913_1A-4-7-8-17-28C,30,1A,0,2,M26/1,AA7673,0,4
2026-08-02T11:07:22.077Z,deep_scan,20260802011913_1A-4-7-8-17-28C,30,1A,0,8,M52,AA5407,0,9
2026-08-02T11:07:22.082Z,deep_scan,20260802011913_1A-4-7-8-17-28C,30,1A,1,3,M118,AA7418,0,29
2026-08-02T11:07:22.082Z,deep_scan,20260802011913_1A-4-7-8-17-28C,30,1A,1,10,M21/1,AA6701,0,9
2026-08-02T11:07:52.082Z,deep_scan,20260802011913_1A-4-7-8-17-28C,30,1A,0,2,M26/1,AA7673,0,22
2026-08-02T11:07:52.082Z,deep_scan,20260802011913_1A-4-7-8-17-28C,30,1A,0,8,M52,AA5407,0,9
2026-08-02T11:07:52.113Z,deep_scan,20260802011913_1A-4-7-8-17-28C,30,1A,1,3,M118,AA7418,0,46
2026-08-02T11:07:52.113Z,deep_scan,20260802011913_1A-4-7-8-17-28C,30,1A,1,10,M21/1,AA6701,0,9
2026-08-02T11:08:22.093Z,deep_scan,20260802011913_1A-4-7-8-17-28C,30,1A,0,2,M26/1,AA7673,0,4
2026-08-02T11:08:22.093Z,deep_scan,20260802011913_1A-4-7-8-17-28C,30,1A,0,8,M52,AA5407,0,9
2026-08-02T11:08:22.136Z,deep_scan,20260802011913_1A-4-7-8-17-28C,30,1A,1,3,M118,AA7418,0,43
2026-08-02T11:08:22.136Z,deep_scan,20260802011913_1A-4-7-8-17-28C,30,1A,1,10,M21/1,AA6701,0,46
2026-08-02T11:08:52.094Z,deep_scan,20260802011913_1A-4-7-8-17-28C,30,1A,0,2,M26/1,AA7673,0,22
2026-08-02T11:08:52.094Z,deep_scan,20260802011913_1A-4-7-8-17-28C,30,1A,0,8,M52,AA5407,0,9
2026-08-02T11:08:52.125Z,deep_scan,20260802011913_1A-4-7-8-17-28C,30,1A,1,4,M53,AA7418,1,12
2026-08-02T11:08:52.125Z,deep_scan,20260802011913_1A-4-7-8-17-28C,30,1A,1,10,M21/1,AA6701,0,27
2026-08-02T11:09:22.086Z,deep_scan,20260802011913_1A-4-7-8-17-28C,30,1A,1,4,M53,AA7418,0,44
2026-08-02T11:09:22.086Z,deep_scan,20260802011913_1A-4-7-8-17-28C,30,1A,1,10,M21/1,AA6701,0,21
2026-08-02T11:09:22.100Z,deep_scan,20260802011913_1A-4-7-8-17-28C,30,1A,0,3,M10,AA7673,1,28
2026-08-02T11:09:22.100Z,deep_scan,20260802011913_1A-4-7-8-17-28C,30,1A,0,8,M52,AA5407,0,9
2026-08-02T11:09:52.162Z,deep_scan,20260802011913_1A-4-7-8-17-28C,30,1A,1,4,M53,AA7418,0,24
2026-08-02T11:09:52.162Z,deep_scan,20260802011913_1A-4-7-8-17-28C,30,1A,1,10,M21/1,AA6701,0,21
2026-08-02T11:09:52.179Z,deep_scan,20260802011913_1A-4-7-8-17-28C,30,1A,0,0,M120/2,AA7115,1,20
2026-08-02T11:09:52.179Z,deep_scan,20260802011913_1A-4-7-8-17-28C,30,1A,0,3,M10,AA7673,0,16
2026-08-02T11:09:52.179Z,deep_scan,20260802011913_1A-4-7-8-17-28C,30,1A,0,8,M52,AA5407,0,9
2026-08-02T11:10:22.117Z,deep_scan,20260802011913_1A-4-7-8-17-28C,30,1A,1,5,M49,AA7418,1,47
2026-08-02T11:10:22.117Z,deep_scan,20260802011913_1A-4-7-8-17-28C,30,1A,1,10,M21/1,AA6701,0,21
2026-08-02T11:10:22.157Z,deep_scan,20260802011913_1A-4-7-8-17-28C,30,1A,0,0,M120/2,AA7115,0,20
2026-08-02T11:10:22.157Z,deep_scan,20260802011913_1A-4-7-8-17-28C,30,1A,0,3,M10,AA7673,0,28
2026-08-02T11:10:22.157Z,deep_scan,20260802011913_1A-4-7-8-17-28C,30,1A,0,8,M52,AA5407,0,9
2026-08-02T11:10:52.120Z,deep_scan,20260802011913_1A-4-7-8-17-28C,30,1A,1,5,M49,AA7418,0,44
2026-08-02T11:10:52.120Z,deep_scan,20260802011913_1A-4-7-8-17-28C,30,1A,1,10,M21/1,AA6701,0,19
2026-08-02T11:10:52.146Z,deep_scan,20260802011913_1A-4-7-8-17-28C,30,1A,0,0,M120/2,AA7115,0,20
2026-08-02T11:10:52.146Z,deep_scan,20260802011913_1A-4-7-8-17-28C,30,1A,0,3,M10,AA7673,0,21
2026-08-02T11:10:52.146Z,deep_scan,20260802011913_1A-4-7-8-17-28C,30,1A,0,8,M52,AA5407,0,9
2026-08-02T11:11:22.113Z,deep_scan,20260802011913_1A-4-7-8-17-28C,30,1A,0,0,M120/2,AA7115,0,10
2026-08-02T11:11:22.113Z,deep_scan,20260802011913_1A-4-7-8-17-28C,30,1A,0,3,M10,AA7673,0,4
2026-08-02T11:11:22.113Z,deep_scan,20260802011913_1A-4-7-8-17-28C,30,1A,0,8,M52,AA5407,0,9
2026-08-02T11:11:22.150Z,deep_scan,20260802011913_1A-4-7-8-17-28C,30,1A,1,6,M35/1,AA7418,1,20
2026-08-02T11:11:22.150Z,deep_scan,20260802011913_1A-4-7-8-17-28C,30,1A,1,11,M120/2,AA6701,1,0
2026-08-02T11:11:52.206Z,deep_scan,20260802011913_1A-4-7-8-17-28C,30,1A,1,6,M35/1,AA7418,0,9
2026-08-02T11:11:52.206Z,deep_scan,20260802011913_1A-4-7-8-17-28C,30,1A,1,11,M120/2,AA6701,1,0
2026-08-02T11:11:52.231Z,deep_scan,20260802011913_1A-4-7-8-17-28C,30,1A,0,1,M108/1,AA7115,1,7
2026-08-02T11:11:52.231Z,deep_scan,20260802011913_1A-4-7-8-17-28C,30,1A,0,3,M10,AA7673,0,4
2026-08-02T11:11:52.231Z,deep_scan,20260802011913_1A-4-7-8-17-28C,30,1A,0,8,M52,AA5407,0,9
2026-08-02T11:12:22.158Z,deep_scan,20260802011913_1A-4-7-8-17-28C,30,1A,0,1,M108/1,AA7115,0,14
2026-08-02T11:12:22.158Z,deep_scan,20260802011913_1A-4-7-8-17-28C,30,1A,0,4,M27,AA7673,1,12
2026-08-02T11:12:22.158Z,deep_scan,20260802011913_1A-4-7-8-17-28C,30,1A,0,8,M52,AA5407,0,9
2026-08-02T11:12:22.188Z,deep_scan,20260802011913_1A-4-7-8-17-28C,30,1A,1,6,M35/1,AA7418,0,9
2026-08-02T11:12:22.188Z,deep_scan,20260802011913_1A-4-7-8-17-28C,30,1A,1,11,M120/2,AA6701,1,0
2026-08-02T11:12:52.136Z,deep_scan,20260802011913_1A-4-7-8-17-28C,30,1A,1,6,M35/1,AA7418,0,13
2026-08-02T11:12:52.136Z,deep_scan,20260802011913_1A-4-7-8-17-28C,30,1A,1,11,M120/2,AA6701,1,0
2026-08-02T11:12:52.181Z,deep_scan,20260802011913_1A-4-7-8-17-28C,30,1A,0,1,M108/1,AA7115,0,20
2026-08-02T11:12:52.181Z,deep_scan,20260802011913_1A-4-7-8-17-28C,30,1A,0,4,M27,AA7673,1,12
2026-08-02T11:12:52.181Z,deep_scan,20260802011913_1A-4-7-8-17-28C,30,1A,0,8,M52,AA5407,0,9
2026-08-02T11:13:22.159Z,deep_scan,20260802011913_1A-4-7-8-17-28C,30,1A,0,1,M108/1,AA7115,0,22
2026-08-02T11:13:22.159Z,deep_scan,20260802011913_1A-4-7-8-17-28C,30,1A,0,4,M27,AA7673,0,23
2026-08-02T11:13:22.159Z,deep_scan,20260802011913_1A-4-7-8-17-28C,30,1A,0,8,M52,AA5407,0,9
2026-08-02T11:13:22.166Z,deep_scan,20260802011913_1A-4-7-8-17-28C,30,1A,1,6,M35/1,AA7418,0,19
2026-08-02T11:13:22.166Z,deep_scan,20260802011913_1A-4-7-8-17-28C,30,1A,1,11,M120/2,AA6701,1,0
2026-08-02T11:13:52.149Z,deep_scan,20260802011913_1A-4-7-8-17-28C,30,1A,1,6,M35/1,AA7418,0,11
2026-08-02T11:13:52.149Z,deep_scan,20260802011913_1A-4-7-8-17-28C,30,1A,1,11,M120/2,AA6701,1,0
2026-08-02T11:13:52.176Z,deep_scan,20260802011913_1A-4-7-8-17-28C,30,1A,0,1,M108/1,AA7115,0,30
2026-08-02T11:13:52.176Z,deep_scan,20260802011913_1A-4-7-8-17-28C,30,1A,0,4,M27,AA7673,0,10
2026-08-02T11:13:52.176Z,deep_scan,20260802011913_1A-4-7-8-17-28C,30,1A,0,8,M52,AA5407,0,9
2026-08-02T11:14:22.204Z,deep_scan,20260802011913_1A-4-7-8-17-28C,30,1A,0,1,M108/1,AA7115,0,26
2026-08-02T11:14:22.204Z,deep_scan,20260802011913_1A-4-7-8-17-28C,30,1A,0,5,M29,AA7673,1,24
2026-08-02T11:14:22.204Z,deep_scan,20260802011913_1A-4-7-8-17-28C,30,1A,0,8,M52,AA5407,0,9
2026-08-02T11:14:22.232Z,deep_scan,20260802011913_1A-4-7-8-17-28C,30,1A,1,0,M252,AA5646,1,16
2026-08-02T11:14:22.232Z,deep_scan,20260802011913_1A-4-7-8-17-28C,30,1A,1,7,M28/1,AA7418,1,40
2026-08-02T11:14:22.232Z,deep_scan,20260802011913_1A-4-7-8-17-28C,30,1A,1,11,M120/2,AA6701,1,0
2026-08-02T11:14:52.170Z,deep_scan,20260802011913_1A-4-7-8-17-28C,30,1A,1,0,M252,AA5646,1,3
2026-08-02T11:14:52.170Z,deep_scan,20260802011913_1A-4-7-8-17-28C,30,1A,1,7,M28/1,AA7418,1,40
2026-08-02T11:14:52.170Z,deep_scan,20260802011913_1A-4-7-8-17-28C,30,1A,1,11,M120/2,AA6701,1,0
2026-08-02T11:14:52.178Z,deep_scan,20260802011913_1A-4-7-8-17-28C,30,1A,0,1,M108/1,AA7115,0,23
2026-08-02T11:14:52.178Z,deep_scan,20260802011913_1A-4-7-8-17-28C,30,1A,0,5,M29,AA7673,1,24
2026-08-02T11:14:52.178Z,deep_scan,20260802011913_1A-4-7-8-17-28C,30,1A,0,8,M52,AA5407,0,9
2026-08-02T11:15:22.197Z,deep_scan,20260802011913_1A-4-7-8-17-28C,30,1A,1,0,M252,AA5646,0,21
2026-08-02T11:15:22.197Z,deep_scan,20260802011913_1A-4-7-8-17-28C,30,1A,1,7,M28/1,AA7418,1,8
2026-08-02T11:15:22.197Z,deep_scan,20260802011913_1A-4-7-8-17-28C,30,1A,1,11,M120/2,AA6701,1,0
2026-08-02T11:15:22.231Z,deep_scan,20260802011913_1A-4-7-8-17-28C,30,1A,0,1,M108/1,AA7115,0,17
2026-08-02T11:15:22.231Z,deep_scan,20260802011913_1A-4-7-8-17-28C,30,1A,0,5,M29,AA7673,1,24
2026-08-02T11:15:22.231Z,deep_scan,20260802011913_1A-4-7-8-17-28C,30,1A,0,8,M52,AA5407,0,9
2026-08-02T11:15:52.167Z,deep_scan,20260802011913_1A-4-7-8-17-28C,30,1A,0,1,M108/1,AA7115,0,18
2026-08-02T11:15:52.167Z,deep_scan,20260802011913_1A-4-7-8-17-28C,30,1A,0,5,M29,AA7673,1,9
2026-08-02T11:15:52.167Z,deep_scan,20260802011913_1A-4-7-8-17-28C,30,1A,0,8,M52,AA5407,0,9
2026-08-02T11:15:52.223Z,deep_scan,20260802011913_1A-4-7-8-17-28C,30,1A,1,0,M252,AA5646,0,31
2026-08-02T11:15:52.223Z,deep_scan,20260802011913_1A-4-7-8-17-28C,30,1A,1,7,M28/1,AA7418,0,23
2026-08-02T11:16:22.165Z,deep_scan,20260802011913_1A-4-7-8-17-28C,30,1A,1,0,M252,AA5646,0,8
2026-08-02T11:16:22.165Z,deep_scan,20260802011913_1A-4-7-8-17-28C,30,1A,1,7,M28/1,AA7418,0,4
2026-08-02T11:16:22.224Z,deep_scan,20260802011913_1A-4-7-8-17-28C,30,1A,0,2,M26/1,AA7115,1,6
2026-08-02T11:16:22.224Z,deep_scan,20260802011913_1A-4-7-8-17-28C,30,1A,0,5,M29,AA7673,0,11
2026-08-02T11:16:22.224Z,deep_scan,20260802011913_1A-4-7-8-17-28C,30,1A,0,8,M52,AA5407,0,9
2026-08-02T11:16:52.179Z,deep_scan,20260802011913_1A-4-7-8-17-28C,30,1A,1,1,M161,AA5646,1,4
2026-08-02T11:16:52.179Z,deep_scan,20260802011913_1A-4-7-8-17-28C,30,1A,1,7,M28/1,AA7418,0,9
2026-08-02T11:16:52.211Z,deep_scan,20260802011913_1A-4-7-8-17-28C,30,1A,0,2,M26/1,AA7115,1,6
2026-08-02T11:16:52.211Z,deep_scan,20260802011913_1A-4-7-8-17-28C,30,1A,0,5,M29,AA7673,0,11
2026-08-02T11:16:52.211Z,deep_scan,20260802011913_1A-4-7-8-17-28C,30,1A,0,8,M52,AA5407,0,9
2026-08-02T11:17:22.240Z,deep_scan,20260802011913_1A-4-7-8-17-28C,30,1A,1,1,M161,AA5646,1,4
2026-08-02T11:17:22.240Z,deep_scan,20260802011913_1A-4-7-8-17-28C,30,1A,1,7,M28/1,AA7418,0,21
2026-08-02T11:17:22.256Z,deep_scan,20260802011913_1A-4-7-8-17-28C,30,1A,0,2,M26/1,AA7115,0,11
2026-08-02T11:17:22.256Z,deep_scan,20260802011913_1A-4-7-8-17-28C,30,1A,0,5,M29,AA7673,0,11
2026-08-02T11:17:22.256Z,deep_scan,20260802011913_1A-4-7-8-17-28C,30,1A,0,8,M52,AA5407,0,9
2026-08-02T11:17:52.219Z,deep_scan,20260802011913_1A-4-7-8-17-28C,30,1A,1,1,M161,AA5646,1,27
2026-08-02T11:17:52.219Z,deep_scan,20260802011913_1A-4-7-8-17-28C,30,1A,1,8,M11,AA7418,1,15
2026-08-02T11:17:52.232Z,deep_scan,20260802011913_1A-4-7-8-17-28C,30,1A,0,2,M26/1,AA7115,0,23
2026-08-02T11:17:52.232Z,deep_scan,20260802011913_1A-4-7-8-17-28C,30,1A,0,6,M36,AA7673,1,33
2026-08-02T11:17:52.232Z,deep_scan,20260802011913_1A-4-7-8-17-28C,30,1A,0,8,M52,AA5407,0,9
2026-08-02T11:18:22.251Z,deep_scan,20260802011913_1A-4-7-8-17-28C,30,1A,1,1,M161,AA5646,0,17
2026-08-02T11:18:22.251Z,deep_scan,20260802011913_1A-4-7-8-17-28C,30,1A,1,8,M11,AA7418,0,5
2026-08-02T11:18:22.301Z,deep_scan,20260802011913_1A-4-7-8-17-28C,30,1A,0,2,M26/1,AA7115,0,28
2026-08-02T11:18:22.301Z,deep_scan,20260802011913_1A-4-7-8-17-28C,30,1A,0,6,M36,AA7673,1,7
2026-08-02T11:18:22.301Z,deep_scan,20260802011913_1A-4-7-8-17-28C,30,1A,0,8,M52,AA5407,0,9
2026-08-02T11:18:52.184Z,deep_scan,20260802011913_1A-4-7-8-17-28C,30,1A,0,2,M26/1,AA7115,0,7
2026-08-02T11:18:52.184Z,deep_scan,20260802011913_1A-4-7-8-17-28C,30,1A,0,6,M36,AA7673,0,18
2026-08-02T11:18:52.184Z,deep_scan,20260802011913_1A-4-7-8-17-28C,30,1A,0,8,M52,AA5407,0,9
2026-08-02T11:18:52.217Z,deep_scan,20260802011913_1A-4-7-8-17-28C,30,1A,1,2,M70,AA5646,1,30
2026-08-02T11:18:52.217Z,deep_scan,20260802011913_1A-4-7-8-17-28C,30,1A,1,9,M12,AA7418,1,31
2026-08-02T11:19:22.207Z,deep_scan,20260802011913_1A-4-7-8-17-28C,30,1A,0,2,M26/1,AA7115,0,25
2026-08-02T11:19:22.207Z,deep_scan,20260802011913_1A-4-7-8-17-28C,30,1A,0,7,M48,AA7673,1,2
2026-08-02T11:19:22.207Z,deep_scan,20260802011913_1A-4-7-8-17-28C,30,1A,0,8,M52,AA5407,0,9
2026-08-02T11:19:22.231Z,deep_scan,20260802011913_1A-4-7-8-17-28C,30,1A,1,3,M118,AA5646,1,15
2026-08-02T11:19:22.231Z,deep_scan,20260802011913_1A-4-7-8-17-28C,30,1A,1,9,M12,AA7418,1,6
2026-08-02T11:19:52.270Z,deep_scan,20260802011913_1A-4-7-8-17-28C,30,1A,1,3,M118,AA5646,1,4
2026-08-02T11:19:52.270Z,deep_scan,20260802011913_1A-4-7-8-17-28C,30,1A,1,9,M12,AA7418,0,36
2026-08-02T11:19:52.302Z,deep_scan,20260802011913_1A-4-7-8-17-28C,30,1A,0,3,M10,AA7115,1,11
2026-08-02T11:19:52.302Z,deep_scan,20260802011913_1A-4-7-8-17-28C,30,1A,0,7,M48,AA7673,1,29
2026-08-02T11:19:52.302Z,deep_scan,20260802011913_1A-4-7-8-17-28C,30,1A,0,8,M52,AA5407,0,9
2026-08-02T11:20:22.207Z,deep_scan,20260802011913_1A-4-7-8-17-28C,30,1A,1,3,M118,AA5646,1,17
2026-08-02T11:20:22.207Z,deep_scan,20260802011913_1A-4-7-8-17-28C,30,1A,1,10,M21/1,AA7418,1,36
2026-08-02T11:20:22.251Z,deep_scan,20260802011913_1A-4-7-8-17-28C,30,1A,0,3,M10,AA7115,0,12
2026-08-02T11:20:22.251Z,deep_scan,20260802011913_1A-4-7-8-17-28C,30,1A,0,7,M48,AA7673,0,41
2026-08-02T11:20:22.251Z,deep_scan,20260802011913_1A-4-7-8-17-28C,30,1A,0,8,M52,AA5407,0,18
2026-08-02T11:20:52.236Z,deep_scan,20260802011913_1A-4-7-8-17-28C,30,1A,0,3,M10,AA7115,0,7
2026-08-02T11:20:52.236Z,deep_scan,20260802011913_1A-4-7-8-17-28C,30,1A,0,7,M48,AA7673,0,4
2026-08-02T11:20:52.236Z,deep_scan,20260802011913_1A-4-7-8-17-28C,30,1A,0,8,M52,AA5407,0,34
2026-08-02T11:20:52.270Z,deep_scan,20260802011913_1A-4-7-8-17-28C,30,1A,1,3,M118,AA5646,0,4
2026-08-02T11:20:52.270Z,deep_scan,20260802011913_1A-4-7-8-17-28C,30,1A,1,10,M21/1,AA7418,0,36
2026-08-02T11:21:22.298Z,deep_scan,20260802011913_1A-4-7-8-17-28C,30,1A,1,3,M118,AA5646,0,49
2026-08-02T11:21:22.298Z,deep_scan,20260802011913_1A-4-7-8-17-28C,30,1A,1,10,M21/1,AA7418,0,24
2026-08-02T11:21:22.301Z,deep_scan,20260802011913_1A-4-7-8-17-28C,30,1A,0,3,M10,AA7115,0,14
2026-08-02T11:21:22.301Z,deep_scan,20260802011913_1A-4-7-8-17-28C,30,1A,0,7,M48,AA7673,0,1
2026-08-02T11:21:22.301Z,deep_scan,20260802011913_1A-4-7-8-17-28C,30,1A,0,8,M52,AA5407,0,33
2026-08-02T11:21:52.266Z,deep_scan,20260802011913_1A-4-7-8-17-28C,30,1A,0,4,M27,AA7115,1,14
2026-08-02T11:21:52.266Z,deep_scan,20260802011913_1A-4-7-8-17-28C,30,1A,0,7,M48,AA7673,0,3
2026-08-02T11:21:52.266Z,deep_scan,20260802011913_1A-4-7-8-17-28C,30,1A,0,8,M52,AA5407,0,31
2026-08-02T11:21:52.306Z,deep_scan,20260802011913_1A-4-7-8-17-28C,30,1A,1,3,M118,AA5646,0,32
2026-08-02T11:21:52.306Z,deep_scan,20260802011913_1A-4-7-8-17-28C,30,1A,1,10,M21/1,AA7418,0,49
2026-08-02T11:22:22.316Z,deep_scan,20260802011913_1A-4-7-8-17-28C,30,1A,0,4,M27,AA7115,1,7
2026-08-02T11:22:22.316Z,deep_scan,20260802011913_1A-4-7-8-17-28C,30,1A,0,7,M48,AA7673,0,12
2026-08-02T11:22:22.316Z,deep_scan,20260802011913_1A-4-7-8-17-28C,30,1A,0,8,M52,AA5407,0,13
2026-08-02T11:22:22.322Z,deep_scan,20260802011913_1A-4-7-8-17-28C,30,1A,1,3,M118,AA5646,0,39
2026-08-02T11:22:22.322Z,deep_scan,20260802011913_1A-4-7-8-17-28C,30,1A,1,10,M21/1,AA7418,0,41
2026-08-02T11:22:52.280Z,deep_scan,20260802011913_1A-4-7-8-17-28C,30,1A,0,4,M27,AA7115,0,14
2026-08-02T11:22:52.280Z,deep_scan,20260802011913_1A-4-7-8-17-28C,30,1A,0,7,M48,AA7673,0,9
2026-08-02T11:22:52.280Z,deep_scan,20260802011913_1A-4-7-8-17-28C,30,1A,0,8,M52,AA5407,0,21
2026-08-02T11:22:52.286Z,deep_scan,20260802011913_1A-4-7-8-17-28C,30,1A,1,3,M118,AA5646,0,35
2026-08-02T11:22:52.286Z,deep_scan,20260802011913_1A-4-7-8-17-28C,30,1A,1,10,M21/1,AA7418,0,22
2026-08-02T11:23:22.317Z,deep_scan,20260802011913_1A-4-7-8-17-28C,30,1A,1,3,M118,AA5646,0,41
2026-08-02T11:23:22.317Z,deep_scan,20260802011913_1A-4-7-8-17-28C,30,1A,1,10,M21/1,AA7418,0,22
2026-08-02T11:23:22.338Z,deep_scan,20260802011913_1A-4-7-8-17-28C,30,1A,0,5,M29,AA7115,1,9
2026-08-02T11:23:22.338Z,deep_scan,20260802011913_1A-4-7-8-17-28C,30,1A,0,8,M52,AA7673,1,11
2026-08-02T11:23:22.338Z,deep_scan,20260802011913_1A-4-7-8-17-28C,30,1A,0,9,M239/1,AA5407,1,28
2026-08-02T11:23:52.288Z,deep_scan,20260802011913_1A-4-7-8-17-28C,30,1A,1,3,M118,AA5646,0,39
2026-08-02T11:23:52.288Z,deep_scan,20260802011913_1A-4-7-8-17-28C,30,1A,1,10,M21/1,AA7418,0,22
2026-08-02T11:23:52.308Z,deep_scan,20260802011913_1A-4-7-8-17-28C,30,1A,0,5,M29,AA7115,0,11
2026-08-02T11:23:52.308Z,deep_scan,20260802011913_1A-4-7-8-17-28C,30,1A,0,8,M52,AA7673,1,2
2026-08-02T11:23:52.308Z,deep_scan,20260802011913_1A-4-7-8-17-28C,30,1A,0,9,M239/1,AA5407,1,16
