timestamp,source,scan_id,poll_interval_sec,route,direction,station_index,staCode,busPlate,status,speed
2026-08-02T01:19:14.094Z,deep_scan,20260802011913_1A-4-7-8-17-28C,30,28C,0,3,M71,AB4326,0,9
2026-08-02T01:19:14.094Z,deep_scan,20260802011913_1A-4-7-8-17-28C,30,28C,0,13,M92,AB4355,1,22
2026-08-02T01:19:14.094Z,deep_scan,20260802011913_1A-4-7-8-17-28C,30,28C,0,19,M244,AB5657,1,1
2026-08-02T01:19:14.094Z,deep_scan,20260802011913_1A-4-7-8-17-28C,30,28C,0,23,M98,AB6214,1,2
2026-08-02T01:19:14.094Z,deep_scan,20260802011913_1A-4-7-8-17-28C,30,28C,0,33,M70,AB4262,1,11
2026-08-02T01:19:14.094Z,deep_scan,20260802011913_1A-4-7-8-17-28C,30,28C,0,34,M118,AB5457,0,10
2026-08-02T01:19:44.097Z,deep_scan,20260802011913_1A-4-7-8-17-28C,30,28C,0,4,M155,AB4326,1,17
2026-08-02T01:19:44.097Z,deep_scan,20260802011913_1A-4-7-8-17-28C,30,28C,0,13,M92,AB4355,0,11
2026-08-02T01:19:44.097Z,deep_scan,20260802011913_1A-4-7-8-17-28C,30,28C,0,19,M244,AB5657,1,12
2026-08-02T01:19:44.097Z,deep_scan,20260802011913_1A-4-7-8-17-28C,30,28C,0,23,M98,AB6214,1,22
2026-08-02T01:19:44.097Z,deep_scan,20260802011913_1A-4-7-8-17-28C,30,28C,0,33,M70,AB4262,0,13
2026-08-02T01:19:44.097Z,deep_scan,20260802011913_1A-4-7-8-17-28C,30,28C,0,35,M62/3,AB5457,1,0
2026-08-02T01:20:14.082Z,deep_scan,20260802011913_1A-4-7-8-17-28C,30,28C,0,4,M155,AB4326,0,16
2026-08-02T01:20:14.082Z,deep_scan,20260802011913_1A-4-7-8-17-28C,30,28C,0,13,M92,AB4355,0,28
2026-08-02T01:20:14.082Z,deep_scan,20260802011913_1A-4-7-8-17-28C,30,28C,0,19,M244,AB5657,0,7
2026-08-02T01:20:14.082Z,deep_scan,20260802011913_1A-4-7-8-17-28C,30,28C,0,23,M98,AB6214,1,12
2026-08-02T01:20:14.082Z,deep_scan,20260802011913_1A-4-7-8-17-28C,30,28C,0,33,M70,AB4262,0,13
2026-08-02T01:20:14.082Z,deep_scan,20260802011913_1A-4-7-8-17-28C,30,28C,0,35,M62/3,AB5457,1,0
2026-08-02T01:20:44.133Z,deep_scan,20260802011913_1A-4-7-8-17-28C,30,28C,0,5,M157,AB4326,1,24
2026-08-02T01:20:44.133Z,deep_scan,20260802011913_1A-4-7-8-17-28C,30,28C,0,13,M92,AB4355,0,40
2026-08-02T01:20:44.133Z,deep_scan,20260802011913_1A-4-7-8-17-28C,30,28C,0,19,M244,AB5657,0,8
2026-08-02T01:20:44.133Z,deep_scan,20260802011913_1A-4-7-8-17-28C,30,28C,0,23,M98,AB6214,0,23
2026-08-02T01:20:44.133Z,deep_scan,20260802011913_1A-4-7-8-17-28C,30,28C,0,34,M118,AB4262,0,24
2026-08-02T01:20:44.133Z,deep_scan,20260802011913_1A-4-7-8-17-28C,30,28C,0,35,M62/3,AB5457,1,0
2026-08-02T01:21:14.165Z,deep_scan,20260802011913_1A-4-7-8-17-28C,30,28C,0,5,M157,AB4326,1,2
2026-08-02T01:21:14.165Z,deep_scan,20260802011913_1A-4-7-8-17-28C,30,28C,0,13,M92,AB4355,0,40
2026-08-02T01:21:14.165Z,deep_scan,20260802011913_1A-4-7-8-17-28C,30,28C,0,20,M216,AB5657,1,30
2026-08-02T01:21:14.165Z,deep_scan,20260802011913_1A-4-7-8-17-28C,30,28C,0,24,M88,AB6214,1,2
2026-08-02T01:21:14.165Z,deep_scan,20260802011913_1A-4-7-8-17-28C,30,28C,0,35,M62/3,AB5457,1,0
2026-08-02T01:21:14.165Z,deep_scan,20260802011913_1A-4-7-8-17-28C,30,28C,0,35,M62/3,AB4262,1,0
2026-08-02T01:21:44.169Z,deep_scan,20260802011913_1A-4-7-8-17-28C,30,28C,0,5,M157,AB4326,0,11
2026-08-02T01:21:44.169Z,deep_scan,20260802011913_1A-4-7-8-17-28C,30,28C,0,13,M92,AB4355,0,40
2026-08-02T01:21:44.169Z,deep_scan,20260802011913_1A-4-7-8-17-28C,30,28C,0,20,M216,AB5657,1,1
2026-08-02T01:21:44.169Z,deep_scan,20260802011913_1A-4-7-8-17-28C,30,28C,0,24,M88,AB6214,1,2
2026-08-02T01:21:44.169Z,deep_scan,20260802011913_1A-4-7-8-17-28C,30,28C,0,35,M62/3,AB5457,1,0
2026-08-02T01:21:44.169Z,deep_scan,20260802011913_1A-4-7-8-17-28C,30,28C,0,35,M62/3,AB4262,1,0
2026-08-02T01:22:14.142Z,deep_scan,20260802011913_1A-4-7-8-17-28C,30,28C,0,6,M163,AB4326,1,9
2026-08-02T01:22:14.142Z,deep_scan,20260802011913_1A-4-7-8-17-28C,30,28C,0,14,M104,AB4355,0,29
2026-08-02T01:22:14.142Z,deep_scan,20260802011913_1A-4-7-8-17-28C,30,28C,0,20,M216,AB5657,0,28
2026-08-02T01:22:14.142Z,deep_scan,20260802011913_1A-4-7-8-17-28C,30,28C,0,24,M88,AB6214,1,2
2026-08-02T01:22:14.142Z,deep_scan,20260802011913_1A-4-7-8-17-28C,30,28C,0,35,M62/3,AB5457,1,0
2026-08-02T01:22:14.142Z,deep_scan,20260802011913_1A-4-7-8-17-28C,30,28C,0,35,M62/3,AB4262,1,0
2026-08-02T01:22:44.151Z,deep_scan,20260802011913_1A-4-7-8-17-28C,30,28C,0,6,M163,AB4326,0,14
2026-08-02T01:22:44.151Z,deep_scan,20260802011913_1A-4-7-8-17-28C,30,28C,0,15,M43,AB4355,0,22
2026-08-02T01:22:44.151Z,deep_scan,20260802011913_1A-4-7-8-17-28C,30,28C,0,20,M216,AB5657,0,46
2026-08-02T01:22:44.151Z,deep_scan,20260802011913_1A-4-7-8-17-28C,30,28C,0,24,M88,AB6214,0,2
2026-08-02T01:22:44.151Z,deep_scan,20260802011913_1A-4-7-8-17-28C,30,28C,0,35,M62/3,AB5457,1,0
2026-08-02T01:22:44.151Z,deep_scan,20260802011913_1A-4-7-8-17-28C,30,28C,0,35,M62/3,AB4262,1,0
2026-08-02T01:23:14.043Z,deep_scan,20260802011913_1A-4-7-8-17-28C,30,28C,0,7,M164,AB4326,1,25
2026-08-02T01:23:14.043Z,deep_scan,20260802011913_1A-4-7-8-17-28C,30,28C,0,16,M40,AB4355,1,28
2026-08-02T01:23:14.043Z,deep_scan,20260802011913_1A-4-7-8-17-28C,30,28C,0,20,M216,AB5657,0,11
2026-08-02T01:23:14.043Z,deep_scan,20260802011913_1A-4-7-8-17-28C,30,28C,0,24,M88,AB6214,0,31
2026-08-02T01:23:14.043Z,deep_scan,20260802011913_1A-4-7-8-17-28C,30,28C,0,35,M62/3,AB5457,1,0
2026-08-02T01:23:14.043Z,deep_scan,20260802011913_1A-4-7-8-17-28C,30,28C,0,35,M62/3,AB4262,1,0
2026-08-02T01:23:44.159Z,deep_scan,20260802011913_1A-4-7-8-17-28C,30,28C,0,7,M164,AB4326,0,35
2026-08-02T01:23:44.159Z,deep_scan,20260802011913_1A-4-7-8-17-28C,30,28C,0,16,M40,AB4355,0,37
2026-08-02T01:23:44.159Z,deep_scan,20260802011913_1A-4-7-8-17-28C,30,28C,0,20,M216,AB5657,0,11
2026-08-02T01:23:44.159Z,deep_scan,20260802011913_1A-4-7-8-17-28C,30,28C,0,24,M88,AB6214,0,20
2026-08-02T01:23:44.159Z,deep_scan,20260802011913_1A-4-7-8-17-28C,30,28C,0,35,M62/3,AB5457,1,0
2026-08-02T01:23:44.159Z,deep_scan,20260802011913_1A-4-7-8-17-28C,30,28C,0,35,M62/3,AB4262,1,0
2026-08-02T01:24:14.136Z,deep_scan,20260802011913_1A-4-7-8-17-28C,30,28C,0,8,M151,AB4326,1,18
2026-08-02T01:24:14.136Z,deep_scan,20260802011913_1A-4-7-8-17-28C,30,28C,0,17,M28/2,AB4355,1,22
2026-08-02T01:24:14.136Z,deep_scan,20260802011913_1A-4-7-8-17-28C,30,28C,0,21,M225,AB5657,1,3
2026-08-02T01:24:14.136Z,deep_scan,20260802011913_1A-4-7-8-17-28C,30,28C,0,25,M72,AB6214,1,12
2026-08-02T01:24:14.136Z,deep_scan,20260802011913_1A-4-7-8-17-28C,30,28C,0,35,M62/3,AB4262,1,0
2026-08-02T01:24:44.225Z,deep_scan,20260802011913_1A-4-7-8-17-28C,30,28C,0,8,M151,AB4326,0,16
2026-08-02T01:24:44.225Z,deep_scan,20260802011913_1A-4-7-8-17-28C,30,28C,0,17,M28/2,AB4355,0,22
2026-08-02T01:24:44.225Z,deep_scan,20260802011913_1A-4-7-8-17-28C,30,28C,0,21,M225,AB5657,1,3
2026-08-02T01:24:44.225Z,deep_scan,20260802011913_1A-4-7-8-17-28C,30,28C,0,25,M72,AB6214,1,23
2026-08-02T01:24:44.225Z,deep_scan,20260802011913_1A-4-7-8-17-28C,30,28C,0,35,M62/3,AB4262,1,0
2026-08-02T01:25:14.178Z,deep_scan,20260802011913_1A-4-7-8-17-28C,30,28C,0,9,M150,AB4326,1,15
2026-08-02T01:25:14.178Z,deep_scan,20260802011913_1A-4-7-8-17-28C,30,28C,0,17,M28/2,AB4355,0,23
2026-08-02T01:25:14.178Z,deep_scan,20260802011913_1A-4-7-8-17-28C,30,28C,0,21,M225,AB5657,1,2
2026-08-02T01:25:14.178Z,deep_scan,20260802011913_1A-4-7-8-17-28C,30,28C,0,26,M149,AB6214,1,26
2026-08-02T01:25:14.178Z,deep_scan,20260802011913_1A-4-7-8-17-28C,30,28C,0,35,M62/3,AB4262,1,0
2026-08-02T01:25:44.231Z,deep_scan,20260802011913_1A-4-7-8-17-28C,30,28C,0,9,M150,AB4326,1,13
2026-08-02T01:25:44.231Z,deep_scan,20260802011913_1A-4-7-8-17-28C,30,28C,0,17,M28/2,AB4355,0,10
2026-08-02T01:25:44.231Z,deep_scan,20260802011913_1A-4-7-8-17-28C,30,28C,0,21,M225,AB5657,0,31
2026-08-02T01:25:44.231Z,deep_scan,20260802011913_1A-4-7-8-17-28C,30,28C,0,26,M149,AB6214,0,21
2026-08-02T01:26:14.197Z,deep_scan,20260802011913_1A-4-7-8-17-28C,30,28C,0,9,M150,AB4326,0,12
2026-08-02T01:26:14.197Z,deep_scan,20260802011913_1A-4-7-8-17-28C,30,28C,0,17,M28/2,AB4355,0,10
2026-08-02T01:26:14.197Z,deep_scan,20260802011913_1A-4-7-8-17-28C,30,28C,0,21,M225,AB5657,0,31
2026-08-02T01:26:14.197Z,deep_scan,20260802011913_1A-4-7-8-17-28C,30,28C,0,26,M149,AB6214,0,26
2026-08-02T01:26:44.246Z,deep_scan,20260802011913_1A-4-7-8-17-28C,30,28C,0,10,M148,AB4326,1,18
2026-08-02T01:26:44.246Z,deep_scan,20260802011913_1A-4-7-8-17-28C,30,28C,0,18,M227,AB4355,1,29
2026-08-02T01:26:44.246Z,deep_scan,20260802011913_1A-4-7-8-17-28C,30,28C,0,21,M225,AB5657,0,48
2026-08-02T01:26:44.246Z,deep_scan,20260802011913_1A-4-7-8-17-28C,30,28C,0,27,M145/2,AB6214,1,14
2026-08-02T01:27:14.190Z,deep_scan,20260802011913_1A-4-7-8-17-28C,30,28C,0,10,M148,AB4326,1,6
2026-08-02T01:27:14.190Z,deep_scan,20260802011913_1A-4-7-8-17-28C,30,28C,0,18,M227,AB4355,0,33
2026-08-02T01:27:14.190Z,deep_scan,20260802011913_1A-4-7-8-17-28C,30,28C,0,22,M16/2,AB5657,1,3
2026-08-02T01:27:14.190Z,deep_scan,20260802011913_1A-4-7-8-17-28C,30,28C,0,27,M145/2,AB6214,0,16
2026-08-02T01:27:44.207Z,deep_scan,20260802011913_1A-4-7-8-17-28C,30,28C,0,10,M148,AB4326,0,15
2026-08-02T01:27:44.207Z,deep_scan,20260802011913_1A-4-7-8-17-28C,30,28C,0,19,M244,AB4355,1,15
2026-08-02T01:27:44.207Z,deep_scan,20260802011913_1A-4-7-8-17-28C,30,28C,0,22,M16/2,AB5657,0,38
2026-08-02T01:27:44.207Z,deep_scan,20260802011913_1A-4-7-8-17-28C,30,28C,0,28,M165,AB6214,0,5
2026-08-02T01:28:14.230Z,deep_scan,20260802011913_1A-4-7-8-17-28C,30,28C,0,10,M148,AB4326,0,8
2026-08-02T01:28:14.230Z,deep_scan,20260802011913_1A-4-7-8-17-28C,30,28C,0,19,M244,AB4355,1,4
2026-08-02T01:28:14.230Z,deep_scan,20260802011913_1A-4-7-8-17-28C,30,28C,0,23,M98,AB5657,1,4
2026-08-02T01:28:14.230Z,deep_scan,20260802011913_1A-4-7-8-17-28C,30,28C,0,29,M163,AB6214,1,20
2026-08-02T01:28:44.284Z,deep_scan,20260802011913_1A-4-7-8-17-28C,30,28C,0,10,M148,AB4326,0,23
2026-08-02T01:28:44.284Z,deep_scan,20260802011913_1A-4-7-8-17-28C,30,28C,0,19,M244,AB4355,0,13
2026-08-02T01:28:44.284Z,deep_scan,20260802011913_1A-4-7-8-17-28C,30,28C,0,23,M98,AB5657,1,4
2026-08-02T01:28:44.284Z,deep_scan,20260802011913_1A-4-7-8-17-28C,30,28C,0,29,M163,AB6214,0,20
2026-08-02T01:29:14.219Z,deep_scan,20260802011913_1A-4-7-8-17-28C,30,28C,0,0,M62/3,AB5457,1,3
2026-08-02T01:29:14.219Z,deep_scan,20260802011913_1A-4-7-8-17-28C,30,28C,0,10,M148,AB4326,0,19
2026-08-02T01:29:14.219Z,deep_scan,20260802011913_1A-4-7-8-17-28C,30,28C,0,19,M244,AB4355,0,5
2026-08-02T01:29:14.219Z,deep_scan,20260802011913_1A-4-7-8-17-28C,30,28C,0,23,M98,AB5657,0,18
2026-08-02T01:29:14.219Z,deep_scan,20260802011913_1A-4-7-8-17-28C,30,28C,0,29,M163,AB6214,0,16
2026-08-02T01:29:44.238Z,deep_scan,20260802011913_1A-4-7-8-17-28C,30,28C,0,0,M62/3,AB5457,1,3
2026-08-02T01:29:44.238Z,deep_scan,20260802011913_1A-4-7-8-17-28C,30,28C,0,10,M148,AB4326,0,4
2026-08-02T01:29:44.238Z,deep_scan,20260802011913_1A-4-7-8-17-28C,30,28C,0,19,M244,AB4355,0,5
2026-08-02T01:29:44.238Z,deep_scan,20260802011913_1A-4-7-8-17-28C,30,28C,0,23,M98,AB5657,0,6
2026-08-02T01:29:44.238Z,deep_scan,20260802011913_1A-4-7-8-17-28C,30,28C,0,30,M160/2,AB6214,1,22
2026-08-02T01:30:14.204Z,deep_scan,20260802011913_1A-4-7-8-17-28C,30,28C,0,0,M62/3,AB5457,1,3
2026-08-02T01:30:14.204Z,deep_scan,20260802011913_1A-4-7-8-17-28C,30,28C,0,11,M76/1,AB4326,1,24
2026-08-02T01:30:14.204Z,deep_scan,20260802011913_1A-4-7-8-17-28C,30,28C,0,20,M216,AB4355,1,33
2026-08-02T01:30:14.204Z,deep_scan,20260802011913_1A-4-7-8-17-28C,30,28C,0,23,M98,AB5657,0,6
2026-08-02T01:30:14.204Z,deep_scan,20260802011913_1A-4-7-8-17-28C,30,28C,0,30,M160/2,AB6214,0,10
2026-08-02T01:30:44.321Z,deep_scan,20260802011913_1A-4-7-8-17-28C,30,28C,0,0,M62/3,AB5457,0,15
2026-08-02T01:30:44.321Z,deep_scan,20260802011913_1A-4-7-8-17-28C,30,28C,0,11,M76/1,AB4326,0,20
2026-08-02T01:30:44.321Z,deep_scan,20260802011913_1A-4-7-8-17-28C,30,28C,0,20,M216,AB4355,1,7
2026-08-02T01:30:44.321Z,deep_scan,20260802011913_1A-4-7-8-17-28C,30,28C,0,24,M88,AB5657,1,16
2026-08-02T01:30:44.321Z,deep_scan,20260802011913_1A-4-7-8-17-28C,30,28C,0,31,M158/1,AB6214,1,18
2026-08-02T01:31:14.297Z,deep_scan,20260802011913_1A-4-7-8-17-28C,30,28C,0,1,M117,AB5457,1,47
2026-08-02T01:31:14.297Z,deep_scan,20260802011913_1A-4-7-8-17-28C,30,28C,0,11,M76/1,AB4326,0,20
2026-08-02T01:31:14.297Z,deep_scan,20260802011913_1A-4-7-8-17-28C,30,28C,0,20,M216,AB4355,0,6
2026-08-02T01:31:14.297Z,deep_scan,20260802011913_1A-4-7-8-17-28C,30,28C,0,24,M88,AB5657,0,10
2026-08-02T01:31:14.297Z,deep_scan,20260802011913_1A-4-7-8-17-28C,30,28C,0,31,M158/1,AB6214,0,16
2026-08-02T01:31:44.263Z,deep_scan,20260802011913_1A-4-7-8-17-28C,30,28C,0,1,M117,AB5457,1,30
2026-08-02T01:31:44.263Z,deep_scan,20260802011913_1A-4-7-8-17-28C,30,28C,0,11,M76/1,AB4326,0,23
2026-08-02T01:31:44.263Z,deep_scan,20260802011913_1A-4-7-8-17-28C,30,28C,0,20,M216,AB4355,0,43
2026-08-02T01:31:44.263Z,deep_scan,20260802011913_1A-4-7-8-17-28C,30,28C,0,24,M88,AB5657,0,10
2026-08-02T01:31:44.263Z,deep_scan,20260802011913_1A-4-7-8-17-28C,30,28C,0,32,M161,AB6214,1,12
2026-08-02T01:32:14.229Z,deep_scan,20260802011913_1A-4-7-8-17-28C,30,28C,0,1,M117,AB5457,0,32
2026-08-02T01:32:14.229Z,deep_scan,20260802011913_1A-4-7-8-17-28C,30,28C,0,12,M84/1,AB4326,1,5
2026-08-02T01:32:14.229Z,deep_scan,20260802011913_1A-4-7-8-17-28C,30,28C,0,20,M216,AB4355,0,23
2026-08-02T01:32:14.229Z,deep_scan,20260802011913_1A-4-7-8-17-28C,30,28C,0,24,M88,AB5657,0,10
2026-08-02T01:32:14.229Z,deep_scan,20260802011913_1A-4-7-8-17-28C,30,28C,0,32,M161,AB6214,1,14
2026-08-02T01:32:44.315Z,deep_scan,20260802011913_1A-4-7-8-17-28C,30,28C,0,2,M241,AB5457,1,6
2026-08-02T01:32:44.315Z,deep_scan,20260802011913_1A-4-7-8-17-28C,30,28C,0,12,M84/1,AB4326,1,8
2026-08-02T01:32:44.315Z,deep_scan,20260802011913_1A-4-7-8-17-28C,30,28C,0,20,M216,AB4355,0,23
2026-08-02T01:32:44.315Z,deep_scan,20260802011913_1A-4-7-8-17-28C,30,28C,0,24,M88,AB5657,0,2
2026-08-02T01:32:44.315Z,deep_scan,20260802011913_1A-4-7-8-17-28C,30,28C,0,33,M70,AB6214,1,16
2026-08-02T01:33:14.268Z,deep_scan,20260802011913_1A-4-7-8-17-28C,30,28C,0,3,M71,AB5457,1,28
2026-08-02T01:33:14.268Z,deep_scan,20260802011913_1A-4-7-8-17-28C,30,28C,0,12,M84/1,AB4326,0,24
2026-08-02T01:33:14.268Z,deep_scan,20260802011913_1A-4-7-8-17-28C,30,28C,0,21,M225,AB4355,1,20
2026-08-02T01:33:14.268Z,deep_scan,20260802011913_1A-4-7-8-17-28C,30,28C,0,24,M88,AB5657,0,22
2026-08-02T01:33:14.268Z,deep_scan,20260802011913_1A-4-7-8-17-28C,30,28C,0,33,M70,AB6214,0,14
2026-08-02T01:33:44.305Z,deep_scan,20260802011913_1A-4-7-8-17-28C,30,28C,0,3,M71,AB5457,1,4
2026-08-02T01:33:44.305Z,deep_scan,20260802011913_1A-4-7-8-17-28C,30,28C,0,12,M84/1,AB4326,0,4
2026-08-02T01:33:44.305Z,deep_scan,20260802011913_1A-4-7-8-17-28C,30,28C,0,21,M225,AB4355,1,17
2026-08-02T01:33:44.305Z,deep_scan,20260802011913_1A-4-7-8-17-28C,30,28C,0,25,M72,AB5657,0,23
2026-08-02T01:33:44.305Z,deep_scan,20260802011913_1A-4-7-8-17-28C,30,28C,0,34,M118,AB6214,1,29
2026-08-02T01:34:14.293Z,deep_scan,20260802011913_1A-4-7-8-17-28C,30,28C,0,4,M155,AB5457,1,29
2026-08-02T01:34:14.293Z,deep_scan,20260802011913_1A-4-7-8-17-28C,30,28C,0,12,M84/1,AB4326,0,4
2026-08-02T01:34:14.293Z,deep_scan,20260802011913_1A-4-7-8-17-28C,30,28C,0,21,M225,AB4355,0,20
2026-08-02T01:34:14.293Z,deep_scan,20260802011913_1A-4-7-8-17-28C,30,28C,0,26,M149,AB5657,0,31
2026-08-02T01:34:14.293Z,deep_scan,20260802011913_1A-4-7-8-17-28C,30,28C,0,34,M118,AB6214,1,22
2026-08-02T01:34:44.323Z,deep_scan,20260802011913_1A-4-7-8-17-28C,30,28C,0,4,M155,AB5457,1,6
2026-08-02T01:34:44.323Z,deep_scan,20260802011913_1A-4-7-8-17-28C,30,28C,0,13,M92,AB4326,1,24
2026-08-02T01:34:44.323Z,deep_scan,20260802011913_1A-4-7-8-17-28C,30,28C,0,21,M225,AB4355,0,20
2026-08-02T01:34:44.323Z,deep_scan,20260802011913_1A-4-7-8-17-28C,30,28C,0,27,M145/2,AB5657,1,19
2026-08-02T01:34:44.323Z,deep_scan,20260802011913_1A-4-7-8-17-28C,30,28C,0,34,M118,AB6214,1,22
2026-08-02T01:35:14.306Z,deep_scan,20260802011913_1A-4-7-8-17-28C,30,28C,0,4,M155,AB5457,0,22
2026-08-02T01:35:14.306Z,deep_scan,20260802011913_1A-4-7-8-17-28C,30,28C,0,13,M92,AB4326,0,15
2026-08-02T01:35:14.306Z,deep_scan,20260802011913_1A-4-7-8-17-28C,30,28C,0,21,M225,AB4355,0,33
2026-08-02T01:35:14.306Z,deep_scan,20260802011913_1A-4-7-8-17-28C,30,28C,0,27,M145/2,AB5657,0,6
2026-08-02T01:35:14.306Z,deep_scan,20260802011913_1A-4-7-8-17-28C,30,28C,0,34,M118,AB6214,0,3
2026-08-02T01:35:44.335Z,deep_scan,20260802011913_1A-4-7-8-17-28C,30,28C,0,5,M157,AB5457,1,35
2026-08-02T01:35:44.335Z,deep_scan,20260802011913_1A-4-7-8-17-28C,30,28C,0,13,M92,AB4326,0,22
2026-08-02T01:35:44.335Z,deep_scan,20260802011913_1A-4-7-8-17-28C,30,28C,0,21,M225,AB4355,0,30
2026-08-02T01:35:44.335Z,deep_scan,20260802011913_1A-4-7-8-17-28C,30,28C,0,28,M165,AB5657,0,28
2026-08-02T01:35:44.335Z,deep_scan,20260802011913_1A-4-7-8-17-28C,30,28C,0,35,M62/3,AB6214,1,0
2026-08-02T01:36:14.326Z,deep_scan,20260802011913_1A-4-7-8-17-28C,30,28C,0,5,M157,AB5457,1,7
2026-08-02T01:36:14.326Z,deep_scan,20260802011913_1A-4-7-8-17-28C,30,28C,0,14,M104,AB4326,1,14
2026-08-02T01:36:14.326Z,deep_scan,20260802011913_1A-4-7-8-17-28C,30,28C,0,21,M225,AB4355,0,41
2026-08-02T01:36:14.326Z,deep_scan,20260802011913_1A-4-7-8-17-28C,30,28C,0,29,M163,AB5657,1,32
2026-08-02T01:36:14.326Z,deep_scan,20260802011913_1A-4-7-8-17-28C,30,28C,0,35,M62/3,AB6214,1,0
2026-08-02T01:36:44.379Z,deep_scan,20260802011913_1A-4-7-8-17-28C,30,28C,0,5,M157,AB5457,1,8
2026-08-02T01:36:44.379Z,deep_scan,20260802011913_1A-4-7-8-17-28C,30,28C,0,14,M104,AB4326,1,1
2026-08-02T01:36:44.379Z,deep_scan,20260802011913_1A-4-7-8-17-28C,30,28C,0,21,M225,AB4355,0,3
2026-08-02T01:36:44.379Z,deep_scan,20260802011913_1A-4-7-8-17-28C,30,28C,0,29,M163,AB5657,0,27
2026-08-02T01:36:44.379Z,deep_scan,20260802011913_1A-4-7-8-17-28C,30,28C,0,35,M62/3,AB6214,1,0
2026-08-02T01:37:14.334Z,deep_scan,20260802011913_1A-4-7-8-17-28C,30,28C,0,6,M163,AB5457,1,37
2026-08-02T01:37:14.334Z,deep_scan,20260802011913_1A-4-7-8-17-28C,30,28C,0,14,M104,AB4326,0,26
2026-08-02T01:37:14.334Z,deep_scan,20260802011913_1A-4-7-8-17-28C,30,28C,0,22,M16/2,AB4355,1,2
2026-08-02T01:37:14.334Z,deep_scan,20260802011913_1A-4-7-8-17-28C,30,28C,0,30,M160/2,AB5657,1,30
2026-08-02T01:37:14.334Z,deep_scan,20260802011913_1A-4-7-8-17-28C,30,28C,0,35,M62/3,AB6214,1,0
2026-08-02T01:37:44.362Z,deep_scan,20260802011913_1A-4-7-8-17-28C,30,28C,0,6,M163,AB5457,1,10
2026-08-02T01:37:44.362Z,deep_scan,20260802011913_1A-4-7-8-17-28C,30,28C,0,15,M43,AB4326,1,15
2026-08-02T01:37:44.362Z,deep_scan,20260802011913_1A-4-7-8-17-28C,30,28C,0,22,M16/2,AB4355,1,2
2026-08-02T01:37:44.362Z,deep_scan,20260802011913_1A-4-7-8-17-28C,30,28C,0,31,M158/1,AB5657,1,8
2026-08-02T01:37:44.362Z,deep_scan,20260802011913_1A-4-7-8-17-28C,30,28C,0,35,M62/3,AB6214,1,0
2026-08-02T01:38:14.304Z,deep_scan,20260802011913_1A-4-7-8-17-28C,30,28C,0,7,M164,AB5457,1,29
2026-08-02T01:38:14.304Z,deep_scan,20260802011913_1A-4-7-8-17-28C,30,28C,0,15,M43,AB4326,0,17
2026-08-02T01:38:14.304Z,deep_scan,20260802011913_1A-4-7-8-17-28C,30,28C,0,22,M16/2,AB4355,1,2
2026-08-02T01:38:14.304Z,deep_scan,20260802011913_1A-4-7-8-17-28C,30,28C,0,31,M158/1,AB5657,0,7
2026-08-02T01:38:14.304Z,deep_scan,20260802011913_1A-4-7-8-17-28C,30,28C,0,35,M62/3,AB6214,1,0
2026-08-02T01:38:44.354Z,deep_scan,20260802011913_1A-4-7-8-17-28C,30,28C,0,7,M164,AB5457,0,34
2026-08-02T01:38:44.354Z,deep_scan,20260802011913_1A-4-7-8-17-28C,30,28C,0,16,M40,AB4326,1,6
2026-08-02T01:38:44.354Z,deep_scan,20260802011913_1A-4-7-8-17-28C,30,28C,0,22,M16/2,AB4355,1,2
2026-08-02T01:38:44.354Z,deep_scan,20260802011913_1A-4-7-8-17-28C,30,28C,0,32,M161,AB5657,1,5
2026-08-02T01:38:44.354Z,deep_scan,20260802011913_1A-4-7-8-17-28C,30,28C,0,35,M62/3,AB6214,1,0
2026-08-02T01:39:14.348Z,deep_scan,20260802011913_1A-4-7-8-17-28C,30,28C,0,8,M151,AB5457,1,2
2026-08-02T01:39:14.348Z,deep_scan,20260802011913_1A-4-7-8-17-28C,30,28C,0,16,M40,AB4326,0,27
2026-08-02T01:39:14.348Z,deep_scan,20260802011913_1A-4-7-8-17-28C,30,28C,0,22,M16/2,AB4355,1,6
2026-08-02T01:39:14.348Z,deep_scan,20260802011913_1A-4-7-8-17-28C,30,28C,0,32,M161,AB5657,0,13
2026-08-02T01:39:14.348Z,deep_scan,20260802011913_1A-4-7-8-17-28C,30,28C,0,35,M62/3,AB6214,1,0
2026-08-02T01:39:44.357Z,deep_scan,20260802011913_1A-4-7-8-17-28C,30,28C,0,8,M151,AB5457,1,11
2026-08-02T01:39:44.357Z,deep_scan,20260802011913_1A-4-7-8-17-28C,30,28C,0,16,M40,AB4326,0,3
2026-08-02T01:39:44.357Z,deep_scan,20260802011913_1A-4-7-8-17-28C,30,28C,0,22,M16/2,AB4355,1,6
2026-08-02T01:39:44.357Z,deep_scan,20260802011913_1A-4-7-8-17-28C,30,28C,0,33,M70,AB5657,1,8
2026-08-02T01:39:44.357Z,deep_scan,20260802011913_1A-4-7-8-17-28C,30,28C,0,35,M62/3,AB6214,1,0
2026-08-02T01:40:14.360Z,deep_scan,20260802011913_1A-4-7-8-17-28C,30,28C,0,8,M151,AB5457,0,24
2026-08-02T01:40:14.360Z,deep_scan,20260802011913_1A-4-7-8-17-28C,30,28C,0,17,M28/2,AB4326,1,37
2026-08-02T01:40:14.360Z,deep_scan,20260802011913_1A-4-7-8-17-28C,30,28C,0,22,M16/2,AB4355,0,6
2026-08-02T01:40:14.360Z,deep_scan,20260802011913_1A-4-7-8-17-28C,30,28C,0,33,M70,AB5657,0,31
2026-08-02T01:40:44.392Z,deep_scan,20260802011913_1A-4-7-8-17-28C,30,28C,0,9,M150,AB5457,1,8
2026-08-02T01:40:44.392Z,deep_scan,20260802011913_1A-4-7-8-17-28C,30,28C,0,17,M28/2,AB4326,0,26
2026-08-02T01:40:44.392Z,deep_scan,20260802011913_1A-4-7-8-17-28C,30,28C,0,22,M16/2,AB4355,0,25
2026-08-02T01:40:44.392Z,deep_scan,20260802011913_1A-4-7-8-17-28C,30,28C,0,34,M118,AB5657,0,22
2026-08-02T01:41:14.412Z,deep_scan,20260802011913_1A-4-7-8-17-28C,30,28C,0,9,M150,AB5457,1,8
2026-08-02T01:41:14.412Z,deep_scan,20260802011913_1A-4-7-8-17-28C,30,28C,0,17,M28/2,AB4326,0,6
2026-08-02T01:41:14.412Z,deep_scan,20260802011913_1A-4-7-8-17-28C,30,28C,0,23,M98,AB4355,1,16
2026-08-02T01:41:14.412Z,deep_scan,20260802011913_1A-4-7-8-17-28C,30,28C,0,35,M62/3,AB5657,1,0
2026-08-02T01:41:44.371Z,deep_scan,20260802011913_1A-4-7-8-17-28C,30,28C,0,9,M150,AB5457,0,12
2026-08-02T01:41:44.371Z,deep_scan,20260802011913_1A-4-7-8-17-28C,30,28C,0,18,M227,AB4326,1,34
2026-08-02T01:41:44.371Z,deep_scan,20260802011913_1A-4-7-8-17-28C,30,28C,0,23,M98,AB4355,1,13
2026-08-02T01:41:44.371Z,deep_scan,20260802011913_1A-4-7-8-17-28C,30,28C,0,35,M62/3,AB5657,1,0
2026-08-02T01:42:14.416Z,deep_scan,20260802011913_1A-4-7-8-17-28C,30,28C,0,10,M148,AB5457,1,14
2026-08-02T01:42:14.416Z,deep_scan,20260802011913_1A-4-7-8-17-28C,30,28C,0,18,M227,AB4326,1,20
2026-08-02T01:42:14.416Z,deep_scan,20260802011913_1A-4-7-8-17-28C,30,28C,0,23,M98,AB4355,0,9
2026-08-02T01:42:14.416Z,deep_scan,20260802011913_1A-4-7-8-17-28C,30,28C,0,35,M62/3,AB5657,1,0
2026-08-02T01:42:44.415Z,deep_scan,20260802011913_1A-4-7-8-17-28C,30,28C,0,0,M62/3,AB4262,1,12
2026-08-02T01:42:44.415Z,deep_scan,20260802011913_1A-4-7-8-17-28C,30,28C,0,10,M148,AB5457,1,14
2026-08-02T01:42:44.415Z,deep_scan,20260802011913_1A-4-7-8-17-28C,30,28C,0,18,M227,AB4326,1,1
2026-08-02T01:42:44.415Z,deep_scan,20260802011913_1A-4-7-8-17-28C,30,28C,0,23,M98,AB4355,0,9
2026-08-02T01:42:44.415Z,deep_scan,20260802011913_1A-4-7-8-17-28C,30,28C,0,35,M62/3,AB5657,1,0
2026-08-02T01:43:14.452Z,deep_scan,20260802011913_1A-4-7-8-17-28C,30,28C,0,0,M62/3,AB4262,1,12
2026-08-02T01:43:14.452Z,deep_scan,20260802011913_1A-4-7-8-17-28C,30,28C,0,10,M148,AB5457,1,13
2026-08-02T01:43:14.452Z,deep_scan,20260802011913_1A-4-7-8-17-28C,30,28C,0,18,M227,AB4326,0,25
2026-08-02T01:43:14.452Z,deep_scan,20260802011913_1A-4-7-8-17-28C,30,28C,0,24,M88,AB4355,1,12
2026-08-02T01:43:14.452Z,deep_scan,20260802011913_1A-4-7-8-17-28C,30,28C,0,35,M62/3,AB5657,1,0
2026-08-02T01:43:44.430Z,deep_scan,20260802011913_1A-4-7-8-17-28C,30,28C,0,0,M62/3,AB4262,1,17
2026-08-02T01:43:44.430Z,deep_scan,20260802011913_1A-4-7-8-17-28C,30,28C,0,10,M148,AB5457,0,26
2026-08-02T01:43:44.430Z,deep_scan,20260802011913_1A-4-7-8-17-28C,30,28C,0,18,M227,AB4326,0,23
2026-08-02T01:43:44.430Z,deep_scan,20260802011913_1A-4-7-8-17-28C,30,28C,0,24,M88,AB4355,1,12
2026-08-02T01:43:44.430Z,deep_scan,20260802011913_1A-4-7-8-17-28C,30,28C,0,35,M62/3,AB5657,1,0
2026-08-02T01:44:14.446Z,deep_scan,20260802011913_1A-4-7-8-17-28C,30,28C,0,0,M62/3,AB4262,0,37
2026-08-02T01:44:14.446Z,deep_scan,20260802011913_1A-4-7-8-17-28C,30,28C,0,10,M148,AB5457,0,35
2026-08-02T01:44:14.446Z,deep_scan,20260802011913_1A-4-7-8-17-28C,30,28C,0,19,M244,AB4326,1,7
2026-08-02T01:44:14.446Z,deep_scan,20260802011913_1A-4-7-8-17-28C,30,28C,0,24,M88,AB4355,1,9
2026-08-02T01:44:14.446Z,deep_scan,20260802011913_1A-4-7-8-17-28C,30,28C,0,35,M62/3,AB5657,1,0
2026-08-02T01:44:44.463Z,deep_scan,20260802011913_1A-4-7-8-17-28C,30,28C,0,1,M117,AB4262,1,36
2026-08-02T01:44:44.463Z,deep_scan,20260802011913_1A-4-7-8-17-28C,30,28C,0,10,M148,AB5457,0,24
2026-08-02T01:44:44.463Z,deep_scan,20260802011913_1A-4-7-8-17-28C,30,28C,0,19,M244,AB4326,1,4
2026-08-02T01:44:44.463Z,deep_scan,20260802011913_1A-4-7-8-17-28C,30,28C,0,24,M88,AB4355,1,9
2026-08-02T01:44:44.463Z,deep_scan,20260802011913_1A-4-7-8-17-28C,30,28C,0,35,M62/3,AB5657,1,0
2026-08-02T01:45:14.457Z,deep_scan,20260802011913_1A-4-7-8-17-28C,30,28C,0,1,M117,AB4262,0,3
2026-08-02T01:45:14.457Z,deep_scan,20260802011913_1A-4-7-8-17-28C,30,28C,0,11,M76/1,AB5457,1,23
2026-08-02T01:45:14.457Z,deep_scan,20260802011913_1A-4-7-8-17-28C,30,28C,0,19,M244,AB4326,0,23
2026-08-02T01:45:14.457Z,deep_scan,20260802011913_1A-4-7-8-17-28C,30,28C,0,24,M88,AB4355,0,14
2026-08-02T01:45:14.457Z,deep_scan,20260802011913_1A-4-7-8-17-28C,30,28C,0,35,M62/3,AB5657,1,0
2026-08-02T01:45:44.475Z,deep_scan,20260802011913_1A-4-7-8-17-28C,30,28C,0,2,M241,AB4262,1,21
2026-08-02T01:45:44.475Z,deep_scan,20260802011913_1A-4-7-8-17-28C,30,28C,0,11,M76/1,AB5457,1,34
2026-08-02T01:45:44.475Z,deep_scan,20260802011913_1A-4-7-8-17-28C,30,28C,0,19,M244,AB4326,0,18
2026-08-02T01:45:44.475Z,deep_scan,20260802011913_1A-4-7-8-17-28C,30,28C,0,24,M88,AB4355,0,14
2026-08-02T01:46:14.472Z,deep_scan,20260802011913_1A-4-7-8-17-28C,30,28C,0,3,M71,AB4262,1,24
2026-08-02T01:46:14.472Z,deep_scan,20260802011913_1A-4-7-8-17-28C,30,28C,0,11,M76/1,AB5457,0,3
2026-08-02T01:46:14.472Z,deep_scan,20260802011913_1A-4-7-8-17-28C,30,28C,0,19,M244,AB4326,0,18
2026-08-02T01:46:14.472Z,deep_scan,20260802011913_1A-4-7-8-17-28C,30,28C,0,24,M88,AB4355,0,36
2026-08-02T01:46:44.493Z,deep_scan,20260802011913_1A-4-7-8-17-28C,30,28C,0,3,M71,AB4262,1,2
2026-08-02T01:46:44.493Z,deep_scan,20260802011913_1A-4-7-8-17-28C,30,28C,0,11,M76/1,AB5457,0,3
2026-08-02T01:46:44.493Z,deep_scan,20260802011913_1A-4-7-8-17-28C,30,28C,0,20,M216,AB4326,1,26
2026-08-02T01:46:44.493Z,deep_scan,20260802011913_1A-4-7-8-17-28C,30,28C,0,25,M72,AB4355,1,14
2026-08-02T01:47:14.474Z,deep_scan,20260802011913_1A-4-7-8-17-28C,30,28C,0,4,M155,AB4262,1,32
2026-08-02T01:47:14.474Z,deep_scan,20260802011913_1A-4-7-8-17-28C,30,28C,0,12,M84/1,AB5457,1,34
2026-08-02T01:47:14.474Z,deep_scan,20260802011913_1A-4-7-8-17-28C,30,28C,0,20,M216,AB4326,1,35
2026-08-02T01:47:14.474Z,deep_scan,20260802011913_1A-4-7-8-17-28C,30,28C,0,25,M72,AB4355,1,5
2026-08-02T01:47:44.475Z,deep_scan,20260802011913_1A-4-7-8-17-28C,30,28C,0,4,M155,AB4262,0,2
2026-08-02T01:47:44.475Z,deep_scan,20260802011913_1A-4-7-8-17-28C,30,28C,0,12,M84/1,AB5457,1,6
2026-08-02T01:47:44.475Z,deep_scan,20260802011913_1A-4-7-8-17-28C,30,28C,0,20,M216,AB4326,0,24
2026-08-02T01:47:44.475Z,deep_scan,20260802011913_1A-4-7-8-17-28C,30,28C,0,26,M149,AB4355,0,35
2026-08-02T01:48:14.483Z,deep_scan,20260802011913_1A-4-7-8-17-28C,30,28C,0,4,M155,AB4262,0,28
2026-08-02T01:48:14.483Z,deep_scan,20260802011913_1A-4-7-8-17-28C,30,28C,0,12,M84/1,AB5457,0,6
2026-08-02T01:48:14.483Z,deep_scan,20260802011913_1A-4-7-8-17-28C,30,28C,0,20,M216,AB4326,0,42
2026-08-02T01:48:14.483Z,deep_scan,20260802011913_1A-4-7-8-17-28C,30,28C,0,26,M149,AB4355,0,14
2026-08-02T01:48:44.463Z,deep_scan,20260802011913_1A-4-7-8-17-28C,30,28C,0,6,M163,AB4262,1,32
2026-08-02T01:48:44.463Z,deep_scan,20260802011913_1A-4-7-8-17-28C,30,28C,0,12,M84/1,AB5457,0,23
2026-08-02T01:48:44.463Z,deep_scan,20260802011913_1A-4-7-8-17-28C,30,28C,0,20,M216,AB4326,0,33
2026-08-02T01:48:44.463Z,deep_scan,20260802011913_1A-4-7-8-17-28C,30,28C,0,27,M145/2,AB4355,1,4
2026-08-02T01:49:14.562Z,deep_scan,20260802011913_1A-4-7-8-17-28C,30,28C,0,6,M163,AB4262,1,24
2026-08-02T01:49:14.562Z,deep_scan,20260802011913_1A-4-7-8-17-28C,30,28C,0,12,M84/1,AB5457,0,23
2026-08-02T01:49:14.562Z,deep_scan,20260802011913_1A-4-7-8-17-28C,30,28C,0,20,M216,AB4326,0,3
2026-08-02T01:49:14.562Z,deep_scan,20260802011913_1A-4-7-8-17-28C,30,28C,0,27,M145/2,AB4355,1,15
2026-08-02T01:49:44.516Z,deep_scan,20260802011913_1A-4-7-8-17-28C,30,28C,0,6,M163,AB4262,0,4
2026-08-02T01:49:44.516Z,deep_scan,20260802011913_1A-4-7-8-17-28C,30,28C,0,12,M84/1,AB5457,0,23
2026-08-02T01:49:44.516Z,deep_scan,20260802011913_1A-4-7-8-17-28C,30,28C,0,20,M216,AB4326,0,9
2026-08-02T01:49:44.516Z,deep_scan,20260802011913_1A-4-7-8-17-28C,30,28C,0,28,M165,AB4355,1,20
2026-08-02T01:50:14.546Z,deep_scan,20260802011913_1A-4-7-8-17-28C,30,28C,0,7,M164,AB4262,1,10
2026-08-02T01:50:14.546Z,deep_scan,20260802011913_1A-4-7-8-17-28C,30,28C,0,13,M92,AB5457,1,25
2026-08-02T01:50:14.546Z,deep_scan,20260802011913_1A-4-7-8-17-28C,30,28C,0,21,M225,AB4326,1,18
2026-08-02T01:50:14.546Z,deep_scan,20260802011913_1A-4-7-8-17-28C,30,28C,0,28,M165,AB4355,0,11
2026-08-02T01:50:44.561Z,deep_scan,20260802011913_1A-4-7-8-17-28C,30,28C,0,7,M164,AB4262,0,44
2026-08-02T01:50:44.561Z,deep_scan,20260802011913_1A-4-7-8-17-28C,30,28C,0,13,M92,AB5457,0,13
2026-08-02T01:50:44.561Z,deep_scan,20260802011913_1A-4-7-8-17-28C,30,28C,0,21,M225,AB4326,1,18
2026-08-02T01:50:44.561Z,deep_scan,20260802011913_1A-4-7-8-17-28C,30,28C,0,29,M163,AB4355,1,14
2026-08-02T01:51:14.549Z,deep_scan,20260802011913_1A-4-7-8-17-28C,30,28C,0,8,M151,AB4262,0,2
2026-08-02T01:51:14.549Z,deep_scan,20260802011913_1A-4-7-8-17-28C,30,28C,0,13,M92,AB5457,0,13
2026-08-02T01:51:14.549Z,deep_scan,20260802011913_1A-4-7-8-17-28C,30,28C,0,21,M225,AB4326,0,5
2026-08-02T01:51:14.549Z,deep_scan,20260802011913_1A-4-7-8-17-28C,30,28C,0,29,M163,AB4355,0,20
2026-08-02T01:51:44.555Z,deep_scan,20260802011913_1A-4-7-8-17-28C,30,28C,0,9,M150,AB4262,1,21
2026-08-02T01:51:44.555Z,deep_scan,20260802011913_1A-4-7-8-17-28C,30,28C,0,14,M104,AB5457,1,8
2026-08-02T01:51:44.555Z,deep_scan,20260802011913_1A-4-7-8-17-28C,30,28C,0,21,M225,AB4326,0,37
2026-08-02T01:51:44.555Z,deep_scan,20260802011913_1A-4-7-8-17-28C,30,28C,0,30,M160/2,AB4355,1,27
2026-08-02T01:52:14.584Z,deep_scan,20260802011913_1A-4-7-8-17-28C,30,28C,0,9,M150,AB4262,1,10
2026-08-02T01:52:14.584Z,deep_scan,20260802011913_1A-4-7-8-17-28C,30,28C,0,14,M104,AB5457,1,9
2026-08-02T01:52:14.584Z,deep_scan,20260802011913_1A-4-7-8-17-28C,30,28C,0,21,M225,AB4326,0,19
2026-08-02T01:52:14.584Z,deep_scan,20260802011913_1A-4-7-8-17-28C,30,28C,0,30,M160/2,AB4355,1,25
2026-08-02T01:52:44.570Z,deep_scan,20260802011913_1A-4-7-8-17-28C,30,28C,0,9,M150,AB4262,0,16
2026-08-02T01:52:44.570Z,deep_scan,20260802011913_1A-4-7-8-17-28C,30,28C,0,14,M104,AB5457,0,34
2026-08-02T01:52:44.570Z,deep_scan,20260802011913_1A-4-7-8-17-28C,30,28C,0,21,M225,AB4326,0,32
2026-08-02T01:52:44.570Z,deep_scan,20260802011913_1A-4-7-8-17-28C,30,28C,0,31,M158/1,AB4355,1,28
2026-08-02T01:53:14.621Z,deep_scan,20260802011913_1A-4-7-8-17-28C,30,28C,0,10,M148,AB4262,0,13
2026-08-02T01:53:14.621Z,deep_scan,20260802011913_1A-4-7-8-17-28C,30,28C,0,15,M43,AB5457,1,14
2026-08-02T01:53:14.621Z,deep_scan,20260802011913_1A-4-7-8-17-28C,30,28C,0,22,M16/2,AB4326,1,12
2026-08-02T01:53:14.621Z,deep_scan,20260802011913_1A-4-7-8-17-28C,30,28C,0,31,M158/1,AB4355,0,12
2026-08-02T01:53:44.585Z,deep_scan,20260802011913_1A-4-7-8-17-28C,30,28C,0,10,M148,AB4262,0,24
2026-08-02T01:53:44.585Z,deep_scan,20260802011913_1A-4-7-8-17-28C,30,28C,0,15,M43,AB5457,0,11
2026-08-02T01:53:44.585Z,deep_scan,20260802011913_1A-4-7-8-17-28C,30,28C,0,22,M16/2,AB4326,1,2
2026-08-02T01:53:44.585Z,deep_scan,20260802011913_1A-4-7-8-17-28C,30,28C,0,31,M158/1,AB4355,0,12
2026-08-02T01:54:14.610Z,deep_scan,20260802011913_1A-4-7-8-17-28C,30,28C,0,10,M148,AB4262,0,33
2026-08-02T01:54:14.610Z,deep_scan,20260802011913_1A-4-7-8-17-28C,30,28C,0,16,M40,AB5457,1,4
2026-08-02T01:54:14.610Z,deep_scan,20260802011913_1A-4-7-8-17-28C,30,28C,0,22,M16/2,AB4326,1,7
2026-08-02T01:54:14.610Z,deep_scan,20260802011913_1A-4-7-8-17-28C,30,28C,0,31,M158/1,AB4355,0,12
2026-08-02T01:54:44.592Z,deep_scan,20260802011913_1A-4-7-8-17-28C,30,28C,0,10,M148,AB4262,0,36
2026-08-02T01:54:44.592Z,deep_scan,20260802011913_1A-4-7-8-17-28C,30,28C,0,16,M40,AB5457,0,17
2026-08-02T01:54:44.592Z,deep_scan,20260802011913_1A-4-7-8-17-28C,30,28C,0,22,M16/2,AB4326,1,7
2026-08-02T01:54:44.592Z,deep_scan,20260802011913_1A-4-7-8-17-28C,30,28C,0,32,M161,AB4355,1,26
2026-08-02T01:55:14.643Z,deep_scan,20260802011913_1A-4-7-8-17-28C,30,28C,0,11,M76/1,AB4262,1,25
2026-08-02T01:55:14.643Z,deep_scan,20260802011913_1A-4-7-8-17-28C,30,28C,0,16,M40,AB5457,0,17
2026-08-02T01:55:14.643Z,deep_scan,20260802011913_1A-4-7-8-17-28C,30,28C,0,22,M16/2,AB4326,0,7
2026-08-02T01:55:14.643Z,deep_scan,20260802011913_1A-4-7-8-17-28C,30,28C,0,32,M161,AB4355,0,4
2026-08-02T01:55:44.638Z,deep_scan,20260802011913_1A-4-7-8-17-28C,30,28C,0,11,M76/1,AB4262,0,9
2026-08-02T01:55:44.638Z,deep_scan,20260802011913_1A-4-7-8-17-28C,30,28C,0,16,M40,AB5457,0,17
2026-08-02T01:55:44.638Z,deep_scan,20260802011913_1A-4-7-8-17-28C,30,28C,0,23,M98,AB4326,1,27
2026-08-02T01:55:44.638Z,deep_scan,20260802011913_1A-4-7-8-17-28C,30,28C,0,33,M70,AB4355,1,19
2026-08-02T01:56:14.668Z,deep_scan,20260802011913_1A-4-7-8-17-28C,30,28C,0,11,M76/1,AB4262,0,9
2026-08-02T01:56:14.668Z,deep_scan,20260802011913_1A-4-7-8-17-28C,30,28C,0,16,M40,AB5457,0,30
2026-08-02T01:56:14.668Z,deep_scan,20260802011913_1A-4-7-8-17-28C,30,28C,0,23,M98,AB4326,1,3
2026-08-02T01:56:14.668Z,deep_scan,20260802011913_1A-4-7-8-17-28C,30,28C,0,33,M70,AB4355,0,39
2026-08-02T01:56:44.626Z,deep_scan,20260802011913_1A-4-7-8-17-28C,30,28C,0,12,M84/1,AB4262,1,27
2026-08-02T01:56:44.626Z,deep_scan,20260802011913_1A-4-7-8-17-28C,30,28C,0,17,M28/2,AB5457,1,10
2026-08-02T01:56:44.626Z,deep_scan,20260802011913_1A-4-7-8-17-28C,30,28C,0,23,M98,AB4326,0,3
2026-08-02T01:56:44.626Z,deep_scan,20260802011913_1A-4-7-8-17-28C,30,28C,0,34,M118,AB4355,0,14
2026-08-02T01:57:14.649Z,deep_scan,20260802011913_1A-4-7-8-17-28C,30,28C,0,12,M84/1,AB4262,1,6
2026-08-02T01:57:14.649Z,deep_scan,20260802011913_1A-4-7-8-17-28C,30,28C,0,17,M28/2,AB5457,1,20
2026-08-02T01:57:14.649Z,deep_scan,20260802011913_1A-4-7-8-17-28C,30,28C,0,23,M98,AB4326,0,20
2026-08-02T01:57:14.649Z,deep_scan,20260802011913_1A-4-7-8-17-28C,30,28C,0,35,M62/3,AB4355,1,0
2026-08-02T01:57:44.627Z,deep_scan,20260802011913_1A-4-7-8-17-28C,30,28C,0,0,M62/3,AB5657,1,15
2026-08-02T01:57:44.627Z,deep_scan,20260802011913_1A-4-7-8-17-28C,30,28C,0,12,M84/1,AB4262,0,17
2026-08-02T01:57:44.627Z,deep_scan,20260802011913_1A-4-7-8-17-28C,30,28C,0,17,M28/2,AB5457,0,14
2026-08-02T01:57:44.627Z,deep_scan,20260802011913_1A-4-7-8-17-28C,30,28C,0,23,M98,AB4326,0,20
2026-08-02T01:57:44.627Z,deep_scan,20260802011913_1A-4-7-8-17-28C,30,28C,0,35,M62/3,AB4355,1,0
2026-08-02T01:58:14.675Z,deep_scan,20260802011913_1A-4-7-8-17-28C,30,28C,0,0,M62/3,AB5657,1,15
2026-08-02T01:58:14.675Z,deep_scan,20260802011913_1A-4-7-8-17-28C,30,28C,0,12,M84/1,AB4262,0,13
2026-08-02T01:58:14.675Z,deep_scan,20260802011913_1A-4-7-8-17-28C,30,28C,0,17,M28/2,AB5457,0,17
2026-08-02T01:58:14.675Z,deep_scan,20260802011913_1A-4-7-8-17-28C,30,28C,0,23,M98,AB4326,0,20
2026-08-02T01:58:14.675Z,deep_scan,20260802011913_1A-4-7-8-17-28C,30,28C,0,35,M62/3,AB4355,1,0
2026-08-02T01:58:44.736Z,deep_scan,20260802011913_1A-4-7-8-17-28C,30,28C,0,0,M62/3,AB5657,0,33
2026-08-02T01:58:44.736Z,deep_scan,20260802011913_1A-4-7-8-17-28C,30,28C,0,13,M92,AB4262,1,4
2026-08-02T01:58:44.736Z,deep_scan,20260802011913_1A-4-7-8-17-28C,30,28C,0,17,M28/2,AB5457,0,7
2026-08-02T01:58:44.736Z,deep_scan,20260802011913_1A-4-7-8-17-28C,30,28C,0,24,M88,AB4326,1,17
2026-08-02T01:58:44.736Z,deep_scan,20260802011913_1A-4-7-8-17-28C,30,28C,0,35,M62/3,AB4355,1,0
2026-08-02T01:59:14.611Z,deep_scan,20260802011913_1A-4-7-8-17-28C,30,28C,0,0,M62/3,AB5657,0,34
2026-08-02T01:59:14.611Z,deep_scan,20260802011913_1A-4-7-8-17-28C,30,28C,0,13,M92,AB4262,0,5
2026-08-02T01:59:14.611Z,deep_scan,20260802011913_1A-4-7-8-17-28C,30,28C,0,17,M28/2,AB5457,0,7
2026-08-02T01:59:14.611Z,deep_scan,20260802011913_1A-4-7-8-17-28C,30,28C,0,24,M88,AB4326,0,5
2026-08-02T01:59:14.611Z,deep_scan,20260802011913_1A-4-7-8-17-28C,30,28C,0,35,M62/3,AB4355,1,0
2026-08-02T01:59:44.619Z,deep_scan,20260802011913_1A-4-7-8-17-28C,30,28C,0,0,M62/3,AB5657,0,8
2026-08-02T01:59:44.619Z,deep_scan,20260802011913_1A-4-7-8-17-28C,30,28C,0,13,M92,AB4262,0,12
2026-08-02T01:59:44.619Z,deep_scan,20260802011913_1A-4-7-8-17-28C,30,28C,0,18,M227,AB5457,1,15
2026-08-02T01:59:44.619Z,deep_scan,20260802011913_1A-4-7-8-17-28C,30,28C,0,24,M88,AB4326,0,21
2026-08-02T01:59:44.619Z,deep_scan,20260802011913_1A-4-7-8-17-28C,30,28C,0,35,M62/3,AB4355,1,0
2026-08-02T02:00:14.704Z,deep_scan,20260802011913_1A-4-7-8-17-28C,30,28C,0,1,M117,AB5657,0,14
2026-08-02T02:00:14.704Z,deep_scan,20260802011913_1A-4-7-8-17-28C,30,28C,0,14,M104,AB4262,1,30
2026-08-02T02:00:14.704Z,deep_scan,20260802011913_1A-4-7-8-17-28C,30,28C,0,18,M227,AB5457,0,15
2026-08-02T02:00:14.704Z,deep_scan,20260802011913_1A-4-7-8-17-28C,30,28C,0,24,M88,AB4326,0,24
2026-08-02T02:00:14.704Z,deep_scan,20260802011913_1A-4-7-8-17-28C,30,28C,0,35,M62/3,AB4355,1,0
2026-08-02T02:00:44.697Z,deep_scan,20260802011913_1A-4-7-8-17-28C,30,28C,0,2,M241,AB5657,1,2
2026-08-02T02:00:44.697Z,deep_scan,20260802011913_1A-4-7-8-17-28C,30,28C,0,14,M104,AB4262,1,12
2026-08-02T02:00:44.697Z,deep_scan,20260802011913_1A-4-7-8-17-28C,30,28C,0,19,M244,AB5457,1,23
2026-08-02T02:00:44.697Z,deep_scan,20260802011913_1A-4-7-8-17-28C,30,28C,0,25,M72,AB4326,1,15
2026-08-02T02:00:44.697Z,deep_scan,20260802011913_1A-4-7-8-17-28C,30,28C,0,35,M62/3,AB4355,1,0
2026-08-02T02:01:14.721Z,deep_scan,20260802011913_1A-4-7-8-17-28C,30,28C,0,2,M241,AB5657,1,2
2026-08-02T02:01:14.721Z,deep_scan,20260802011913_1A-4-7-8-17-28C,30,28C,0,14,M104,AB4262,1,17
2026-08-02T02:01:14.721Z,deep_scan,20260802011913_1A-4-7-8-17-28C,30,28C,0,19,M244,AB5457,1,6
2026-08-02T02:01:14.721Z,deep_scan,20260802011913_1A-4-7-8-17-28C,30,28C,0,25,M72,AB4326,1,8
2026-08-02T02:01:14.721Z,deep_scan,20260802011913_1A-4-7-8-17-28C,30,28C,0,35,M62/3,AB4355,1,0
2026-08-02T02:01:44.706Z,deep_scan,20260802011913_1A-4-7-8-17-28C,30,28C,0,3,M71,AB5657,1,31
2026-08-02T02:01:44.706Z,deep_scan,20260802011913_1A-4-7-8-17-28C,30,28C,0,15,M43,AB4262,1,32
2026-08-02T02:01:44.706Z,deep_scan,20260802011913_1A-4-7-8-17-28C,30,28C,0,19,M244,AB5457,0,19
2026-08-02T02:01:44.706Z,deep_scan,20260802011913_1A-4-7-8-17-28C,30,28C,0,26,M149,AB4326,1,27
2026-08-02T02:02:14.725Z,deep_scan,20260802011913_1A-4-7-8-17-28C,30,28C,0,4,M155,AB5657,1,33
2026-08-02T02:02:14.725Z,deep_scan,20260802011913_1A-4-7-8-17-28C,30,28C,0,15,M43,AB4262,1,18
2026-08-02T02:02:14.725Z,deep_scan,20260802011913_1A-4-7-8-17-28C,30,28C,0,19,M244,AB5457,0,3
2026-08-02T02:02:14.725Z,deep_scan,20260802011913_1A-4-7-8-17-28C,30,28C,0,26,M149,AB4326,0,15
2026-08-02T02:02:44.675Z,deep_scan,20260802011913_1A-4-7-8-17-28C,30,28C,0,4,M155,AB5657,1,10
2026-08-02T02:02:44.675Z,deep_scan,20260802011913_1A-4-7-8-17-28C,30,28C,0,15,M43,AB4262,0,8
2026-08-02T02:02:44.675Z,deep_scan,20260802011913_1A-4-7-8-17-28C,30,28C,0,19,M244,AB5457,0,3
2026-08-02T02:02:44.675Z,deep_scan,20260802011913_1A-4-7-8-17-28C,30,28C,0,26,M149,AB4326,0,22
2026-08-02T02:03:14.694Z,deep_scan,20260802011913_1A-4-7-8-17-28C,30,28C,0,4,M155,AB5657,0,33
2026-08-02T02:03:14.694Z,deep_scan,20260802011913_1A-4-7-8-17-28C,30,28C,0,16,M40,AB4262,1,9
2026-08-02T02:03:14.694Z,deep_scan,20260802011913_1A-4-7-8-17-28C,30,28C,0,20,M216,AB5457,1,30
2026-08-02T02:03:14.694Z,deep_scan,20260802011913_1A-4-7-8-17-28C,30,28C,0,27,M145/2,AB4326,1,13
2026-08-02T02:03:44.751Z,deep_scan,20260802011913_1A-4-7-8-17-28C,30,28C,0,5,M157,AB5657,1,29
2026-08-02T02:03:44.751Z,deep_scan,20260802011913_1A-4-7-8-17-28C,30,28C,0,16,M40,AB4262,0,34
2026-08-02T02:03:44.751Z,deep_scan,20260802011913_1A-4-7-8-17-28C,30,28C,0,20,M216,AB5457,1,36
2026-08-02T02:03:44.751Z,deep_scan,20260802011913_1A-4-7-8-17-28C,30,28C,0,27,M145/2,AB4326,1,13
2026-08-02T02:04:14.711Z,deep_scan,20260802011913_1A-4-7-8-17-28C,30,28C,0,5,M157,AB5657,1,7
2026-08-02T02:04:14.711Z,deep_scan,20260802011913_1A-4-7-8-17-28C,30,28C,0,16,M40,AB4262,0,34
2026-08-02T02:04:14.711Z,deep_scan,20260802011913_1A-4-7-8-17-28C,30,28C,0,20,M216,AB5457,0,17
2026-08-02T02:04:14.711Z,deep_scan,20260802011913_1A-4-7-8-17-28C,30,28C,0,28,M165,AB4326,1,25
2026-08-02T02:04:44.706Z,deep_scan,20260802011913_1A-4-7-8-17-28C,30,28C,0,5,M157,AB5657,0,18
2026-08-02T02:04:44.706Z,deep_scan,20260802011913_1A-4-7-8-17-28C,30,28C,0,16,M40,AB4262,0,34
2026-08-02T02:04:44.706Z,deep_scan,20260802011913_1A-4-7-8-17-28C,30,28C,0,20,M216,AB5457,0,50
2026-08-02T02:04:44.706Z,deep_scan,20260802011913_1A-4-7-8-17-28C,30,28C,0,28,M165,AB4326,0,2
2026-08-02T02:05:14.766Z,deep_scan,20260802011913_1A-4-7-8-17-28C,30,28C,0,6,M163,AB5657,1,18
2026-08-02T02:05:14.766Z,deep_scan,20260802011913_1A-4-7-8-17-28C,30,28C,0,16,M40,AB4262,0,34
2026-08-02T02:05:14.766Z,deep_scan,20260802011913_1A-4-7-8-17-28C,30,28C,0,20,M216,AB5457,0,32
2026-08-02T02:05:14.766Z,deep_scan,20260802011913_1A-4-7-8-17-28C,30,28C,0,29,M163,AB4326,1,2
2026-08-02T02:05:44.737Z,deep_scan,20260802011913_1A-4-7-8-17-28C,30,28C,0,7,M164,AB5657,1,28
2026-08-02T02:05:44.737Z,deep_scan,20260802011913_1A-4-7-8-17-28C,30,28C,0,17,M28/2,AB4262,1,31
2026-08-02T02:05:44.737Z,deep_scan,20260802011913_1A-4-7-8-17-28C,30,28C,0,20,M216,AB5457,0,18
2026-08-02T02:05:44.737Z,deep_scan,20260802011913_1A-4-7-8-17-28C,30,28C,0,29,M163,AB4326,0,17
2026-08-02T02:06:14.719Z,deep_scan,20260802011913_1A-4-7-8-17-28C,30,28C,0,8,M151,AB5657,1,46
2026-08-02T02:06:14.719Z,deep_scan,20260802011913_1A-4-7-8-17-28C,30,28C,0,17,M28/2,AB4262,0,11
2026-08-02T02:06:14.719Z,deep_scan,20260802011913_1A-4-7-8-17-28C,30,28C,0,21,M225,AB5457,1,12
2026-08-02T02:06:14.719Z,deep_scan,20260802011913_1A-4-7-8-17-28C,30,28C,0,29,M163,AB4326,0,10
2026-08-02T02:06:44.802Z,deep_scan,20260802011913_1A-4-7-8-17-28C,30,28C,0,8,M151,AB5657,1,10
2026-08-02T02:06:44.802Z,deep_scan,20260802011913_1A-4-7-8-17-28C,30,28C,0,17,M28/2,AB4262,0,19
2026-08-02T02:06:44.802Z,deep_scan,20260802011913_1A-4-7-8-17-28C,30,28C,0,21,M225,AB5457,1,11
2026-08-02T02:06:44.802Z,deep_scan,20260802011913_1A-4-7-8-17-28C,30,28C,0,29,M163,AB4326,0,1
2026-08-02T02:07:14.750Z,deep_scan,20260802011913_1A-4-7-8-17-28C,30,28C,0,9,M150,AB5657,1,22
2026-08-02T02:07:14.750Z,deep_scan,20260802011913_1A-4-7-8-17-28C,30,28C,0,17,M28/2,AB4262,0,13
2026-08-02T02:07:14.750Z,deep_scan,20260802011913_1A-4-7-8-17-28C,30,28C,0,21,M225,AB5457,0,12
2026-08-02T02:07:14.750Z,deep_scan,20260802011913_1A-4-7-8-17-28C,30,28C,0,30,M160/2,AB4326,1,10
2026-08-02T02:07:44.747Z,deep_scan,20260802011913_1A-4-7-8-17-28C,30,28C,0,9,M150,AB5657,1,7
2026-08-02T02:07:44.747Z,deep_scan,20260802011913_1A-4-7-8-17-28C,30,28C,0,17,M28/2,AB4262,0,26
2026-08-02T02:07:44.747Z,deep_scan,20260802011913_1A-4-7-8-17-28C,30,28C,0,21,M225,AB5457,0,36
2026-08-02T02:07:44.747Z,deep_scan,20260802011913_1A-4-7-8-17-28C,30,28C,0,31,M158/1,AB4326,1,13
2026-08-02T02:08:14.799Z,deep_scan,20260802011913_1A-4-7-8-17-28C,30,28C,0,9,M150,AB5657,0,13
2026-08-02T02:08:14.799Z,deep_scan,20260802011913_1A-4-7-8-17-28C,30,28C,0,17,M28/2,AB4262,0,26
2026-08-02T02:08:14.799Z,deep_scan,20260802011913_1A-4-7-8-17-28C,30,28C,0,21,M225,AB5457,0,21
2026-08-02T02:08:14.799Z,deep_scan,20260802011913_1A-4-7-8-17-28C,30,28C,0,31,M158/1,AB4326,0,7
2026-08-02T02:08:44.710Z,deep_scan,20260802011913_1A-4-7-8-17-28C,30,28C,0,9,M150,AB5657,0,13
2026-08-02T02:08:44.710Z,deep_scan,20260802011913_1A-4-7-8-17-28C,30,28C,0,18,M227,AB4262,1,2
2026-08-02T02:08:44.710Z,deep_scan,20260802011913_1A-4-7-8-17-28C,30,28C,0,21,M225,AB5457,0,21
2026-08-02T02:08:44.710Z,deep_scan,20260802011913_1A-4-7-8-17-28C,30,28C,0,31,M158/1,AB4326,0,7
2026-08-02T02:09:14.705Z,deep_scan,20260802011913_1A-4-7-8-17-28C,30,28C,0,10,M148,AB5657,0,13
2026-08-02T02:09:14.705Z,deep_scan,20260802011913_1A-4-7-8-17-28C,30,28C,0,18,M227,AB4262,0,14
2026-08-02T02:09:14.705Z,deep_scan,20260802011913_1A-4-7-8-17-28C,30,28C,0,21,M225,AB5457,0,24
2026-08-02T02:09:14.705Z,deep_scan,20260802011913_1A-4-7-8-17-28C,30,28C,0,31,M158/1,AB4326,0,13
2026-08-02T02:09:44.735Z,deep_scan,20260802011913_1A-4-7-8-17-28C,30,28C,0,10,M148,AB5657,0,21
2026-08-02T02:09:44.735Z,deep_scan,20260802011913_1A-4-7-8-17-28C,30,28C,0,18,M227,AB4262,0,4
2026-08-02T02:09:44.735Z,deep_scan,20260802011913_1A-4-7-8-17-28C,30,28C,0,21,M225,AB5457,0,45
2026-08-02T02:09:44.735Z,deep_scan,20260802011913_1A-4-7-8-17-28C,30,28C,0,31,M158/1,AB4326,0,13
2026-08-02T02:10:14.700Z,deep_scan,20260802011913_1A-4-7-8-17-28C,30,28C,0,10,M148,AB5657,0,9
2026-08-02T02:10:14.700Z,deep_scan,20260802011913_1A-4-7-8-17-28C,30,28C,0,19,M244,AB4262,1,15
2026-08-02T02:10:14.700Z,deep_scan,20260802011913_1A-4-7-8-17-28C,30,28C,0,22,M16/2,AB5457,1,9
2026-08-02T02:10:14.700Z,deep_scan,20260802011913_1A-4-7-8-17-28C,30,28C,0,31,M158/1,AB4326,0,13
2026-08-02T02:10:44.698Z,deep_scan,20260802011913_1A-4-7-8-17-28C,30,28C,0,10,M148,AB5657,0,10
2026-08-02T02:10:44.698Z,deep_scan,20260802011913_1A-4-7-8-17-28C,30,28C,0,19,M244,AB4262,1,15
2026-08-02T02:10:44.698Z,deep_scan,20260802011913_1A-4-7-8-17-28C,30,28C,0,22,M16/2,AB5457,0,38
2026-08-02T02:10:44.698Z,deep_scan,20260802011913_1A-4-7-8-17-28C,30,28C,0,32,M161,AB4326,1,24
2026-08-02T02:11:14.741Z,deep_scan,20260802011913_1A-4-7-8-17-28C,30,28C,0,0,M62/3,AB4355,1,8
2026-08-02T02:11:14.741Z,deep_scan,20260802011913_1A-4-7-8-17-28C,30,28C,0,10,M148,AB5657,0,28
2026-08-02T02:11:14.741Z,deep_scan,20260802011913_1A-4-7-8-17-28C,30,28C,0,19,M244,AB4262,1,13
2026-08-02T02:11:14.741Z,deep_scan,20260802011913_1A-4-7-8-17-28C,30,28C,0,22,M16/2,AB5457,0,3
2026-08-02T02:11:14.741Z,deep_scan,20260802011913_1A-4-7-8-17-28C,30,28C,0,32,M161,AB4326,0,22
2026-08-02T02:11:44.655Z,deep_scan,20260802011913_1A-4-7-8-17-28C,30,28C,0,0,M62/3,AB4355,1,8
2026-08-02T02:11:44.655Z,deep_scan,20260802011913_1A-4-7-8-17-28C,30,28C,0,10,M148,AB5657,0,4
2026-08-02T02:11:44.655Z,deep_scan,20260802011913_1A-4-7-8-17-28C,30,28C,0,19,M244,AB4262,1,13
2026-08-02T02:11:44.655Z,deep_scan,20260802011913_1A-4-7-8-17-28C,30,28C,0,22,M16/2,AB5457,0,14
2026-08-02T02:11:44.655Z,deep_scan,20260802011913_1A-4-7-8-17-28C,30,28C,0,33,M70,AB4326,1,13
2026-08-02T02:12:14.763Z,deep_scan,20260802011913_1A-4-7-8-17-28C,30,28C,0,0,M62/3,AB4355,1,8
2026-08-02T02:12:14.763Z,deep_scan,20260802011913_1A-4-7-8-17-28C,30,28C,0,11,M76/1,AB5657,1,23
2026-08-02T02:12:14.763Z,deep_scan,20260802011913_1A-4-7-8-17-28C,30,28C,0,19,M244,AB4262,0,3
2026-08-02T02:12:14.763Z,deep_scan,20260802011913_1A-4-7-8-17-28C,30,28C,0,22,M16/2,AB5457,0,26
2026-08-02T02:12:14.763Z,deep_scan,20260802011913_1A-4-7-8-17-28C,30,28C,0,34,M118,AB4326,1,31
2026-08-02T02:12:44.771Z,deep_scan,20260802011913_1A-4-7-8-17-28C,30,28C,0,0,M62/3,AB4355,0,37
2026-08-02T02:12:44.771Z,deep_scan,20260802011913_1A-4-7-8-17-28C,30,28C,0,11,M76/1,AB5657,0,10
2026-08-02T02:12:44.771Z,deep_scan,20260802011913_1A-4-7-8-17-28C,30,28C,0,19,M244,AB4262,0,32
2026-08-02T02:12:44.771Z,deep_scan,20260802011913_1A-4-7-8-17-28C,30,28C,0,23,M98,AB5457,1,19
2026-08-02T02:12:44.771Z,deep_scan,20260802011913_1A-4-7-8-17-28C,30,28C,0,34,M118,AB4326,1,4
2026-08-02T02:13:14.757Z,deep_scan,20260802011913_1A-4-7-8-17-28C,30,28C,0,0,M62/3,AB4355,0,29
2026-08-02T02:13:14.757Z,deep_scan,20260802011913_1A-4-7-8-17-28C,30,28C,0,11,M76/1,AB5657,0,10
2026-08-02T02:13:14.757Z,deep_scan,20260802011913_1A-4-7-8-17-28C,30,28C,0,20,M216,AB4262,1,31
2026-08-02T02:13:14.757Z,deep_scan,20260802011913_1A-4-7-8-17-28C,30,28C,0,23,M98,AB5457,1,9
2026-08-02T02:13:14.757Z,deep_scan,20260802011913_1A-4-7-8-17-28C,30,28C,0,34,M118,AB4326,1,3
2026-08-02T02:13:44.782Z,deep_scan,20260802011913_1A-4-7-8-17-28C,30,28C,0,1,M117,AB4355,0,33
2026-08-02T02:13:44.782Z,deep_scan,20260802011913_1A-4-7-8-17-28C,30,28C,0,11,M76/1,AB5657,0,10
2026-08-02T02:13:44.782Z,deep_scan,20260802011913_1A-4-7-8-17-28C,30,28C,0,20,M216,AB4262,1,23
2026-08-02T02:13:44.782Z,deep_scan,20260802011913_1A-4-7-8-17-28C,30,28C,0,23,M98,AB5457,1,17
2026-08-02T02:13:44.782Z,deep_scan,20260802011913_1A-4-7-8-17-28C,30,28C,0,34,M118,AB4326,1,3
2026-08-02T02:14:14.766Z,deep_scan,20260802011913_1A-4-7-8-17-28C,30,28C,0,2,M241,AB4355,1,15
2026-08-02T02:14:14.766Z,deep_scan,20260802011913_1A-4-7-8-17-28C,30,28C,0,12,M84/1,AB5657,0,11
2026-08-02T02:14:14.766Z,deep_scan,20260802011913_1A-4-7-8-17-28C,30,28C,0,20,M216,AB4262,0,40
2026-08-02T02:14:14.766Z,deep_scan,20260802011913_1A-4-7-8-17-28C,30,28C,0,23,M98,AB5457,0,23
2026-08-02T02:14:14.766Z,deep_scan,20260802011913_1A-4-7-8-17-28C,30,28C,0,34,M118,AB4326,0,23
2026-08-02T02:14:44.810Z,deep_scan,20260802011913_1A-4-7-8-17-28C,30,28C,0,3,M71,AB4355,1,34
2026-08-02T02:14:44.810Z,deep_scan,20260802011913_1A-4-7-8-17-28C,30,28C,0,12,M84/1,AB5657,0,24
2026-08-02T02:14:44.810Z,deep_scan,20260802011913_1A-4-7-8-17-28C,30,28C,0,20,M216,AB4262,0,35
2026-08-02T02:14:44.810Z,deep_scan,20260802011913_1A-4-7-8-17-28C,30,28C,0,24,M88,AB5457,1,20
2026-08-02T02:14:44.810Z,deep_scan,20260802011913_1A-4-7-8-17-28C,30,28C,0,35,M62/3,AB4326,1,0
2026-08-02T02:15:14.802Z,deep_scan,20260802011913_1A-4-7-8-17-28C,30,28C,0,3,M71,AB4355,1,34
2026-08-02T02:15:14.802Z,deep_scan,20260802011913_1A-4-7-8-17-28C,30,28C,0,12,M84/1,AB5657,0,22
2026-08-02T02:15:14.802Z,deep_scan,20260802011913_1A-4-7-8-17-28C,30,28C,0,20,M216,AB4262,0,9
2026-08-02T02:15:14.802Z,deep_scan,20260802011913_1A-4-7-8-17-28C,30,28C,0,24,M88,AB5457,0,20
2026-08-02T02:15:14.802Z,deep_scan,20260802011913_1A-4-7-8-17-28C,30,28C,0,35,M62/3,AB4326,1,0
2026-08-02T02:15:44.783Z,deep_scan,20260802011913_1A-4-7-8-17-28C,30,28C,0,4,M155,AB4355,1,37
2026-08-02T02:15:44.783Z,deep_scan,20260802011913_1A-4-7-8-17-28C,30,28C,0,12,M84/1,AB5657,0,22
2026-08-02T02:15:44.783Z,deep_scan,20260802011913_1A-4-7-8-17-28C,30,28C,0,20,M216,AB4262,0,9
2026-08-02T02:15:44.783Z,deep_scan,20260802011913_1A-4-7-8-17-28C,30,28C,0,24,M88,AB5457,0,20
2026-08-02T02:15:44.783Z,deep_scan,20260802011913_1A-4-7-8-17-28C,30,28C,0,35,M62/3,AB4326,1,0
2026-08-02T02:16:14.869Z,deep_scan,20260802011913_1A-4-7-8-17-28C,30,28C,0,4,M155,AB4355,0,32
2026-08-02T02:16:14.869Z,deep_scan,20260802011913_1A-4-7-8-17-28C,30,28C,0,13,M92,AB5657,1,27
2026-08-02T02:16:14.869Z,deep_scan,20260802011913_1A-4-7-8-17-28C,30,28C,0,21,M225,AB4262,1,25
2026-08-02T02:16:14.869Z,deep_scan,20260802011913_1A-4-7-8-17-28C,30,28C,0,24,M88,AB5457,0,15
2026-08-02T02:16:14.869Z,deep_scan,20260802011913_1A-4-7-8-17-28C,30,28C,0,35,M62/3,AB4326,1,0
2026-08-02T02:16:44.818Z,deep_scan,20260802011913_1A-4-7-8-17-28C,30,28C,0,5,M157,AB4355,1,21
2026-08-02T02:16:44.818Z,deep_scan,20260802011913_1A-4-7-8-17-28C,30,28C,0,13,M92,AB5657,1,21
2026-08-02T02:16:44.818Z,deep_scan,20260802011913_1A-4-7-8-17-28C,30,28C,0,21,M225,AB4262,1,25
2026-08-02T02:16:44.818Z,deep_scan,20260802011913_1A-4-7-8-17-28C,30,28C,0,24,M88,AB5457,0,15
2026-08-02T02:16:44.818Z,deep_scan,20260802011913_1A-4-7-8-17-28C,30,28C,0,35,M62/3,AB4326,1,0
2026-08-02T02:17:14.874Z,deep_scan,20260802011913_1A-4-7-8-17-28C,30,28C,0,5,M157,AB4355,0,43
2026-08-02T02:17:14.874Z,deep_scan,20260802011913_1A-4-7-8-17-28C,30,28C,0,13,M92,AB5657,0,12
2026-08-02T02:17:14.874Z,deep_scan,20260802011913_1A-4-7-8-17-28C,30,28C,0,21,M225,AB4262,1,25
2026-08-02T02:17:14.874Z,deep_scan,20260802011913_1A-4-7-8-17-28C,30,28C,0,24,M88,AB5457,0,3
2026-08-02T02:17:14.874Z,deep_scan,20260802011913_1A-4-7-8-17-28C,30,28C,0,35,M62/3,AB4326,1,0
2026-08-02T02:17:44.848Z,deep_scan,20260802011913_1A-4-7-8-17-28C,30,28C,0,6,M163,AB4355,1,16
2026-08-02T02:17:44.848Z,deep_scan,20260802011913_1A-4-7-8-17-28C,30,28C,0,14,M104,AB5657,1,13
2026-08-02T02:17:44.848Z,deep_scan,20260802011913_1A-4-7-8-17-28C,30,28C,0,21,M225,AB4262,1,8
2026-08-02T02:17:44.848Z,deep_scan,20260802011913_1A-4-7-8-17-28C,30,28C,0,24,M88,AB5457,0,3
2026-08-02T02:17:44.848Z,deep_scan,20260802011913_1A-4-7-8-17-28C,30,28C,0,35,M62/3,AB4326,1,0
2026-08-02T02:18:14.819Z,deep_scan,20260802011913_1A-4-7-8-17-28C,30,28C,0,7,M164,AB4355,0,43
2026-08-02T02:18:14.819Z,deep_scan,20260802011913_1A-4-7-8-17-28C,30,28C,0,14,M104,AB5657,1,29
2026-08-02T02:18:14.819Z,deep_scan,20260802011913_1A-4-7-8-17-28C,30,28C,0,21,M225,AB4262,0,23
2026-08-02T02:18:14.819Z,deep_scan,20260802011913_1A-4-7-8-17-28C,30,28C,0,24,M88,AB5457,0,19
2026-08-02T02:18:14.819Z,deep_scan,20260802011913_1A-4-7-8-17-28C,30,28C,0,35,M62/3,AB4326,1,0
2026-08-02T02:18:44.851Z,deep_scan,20260802011913_1A-4-7-8-17-28C,30,28C,0,8,M151,AB4355,1,25
2026-08-02T02:18:44.851Z,deep_scan,20260802011913_1A-4-7-8-17-28C,30,28C,0,14,M104,AB5657,0,15
2026-08-02T02:18:44.851Z,deep_scan,20260802011913_1A-4-7-8-17-28C,30,28C,0,21,M225,AB4262,0,21
2026-08-02T02:18:44.851Z,deep_scan,20260802011913_1A-4-7-8-17-28C,30,28C,0,24,M88,AB5457,0,36
2026-08-02T02:19:14.931Z,deep_scan,20260802011913_1A-4-7-8-17-28C,30,28C,0,8,M151,AB4355,1,5
2026-08-02T02:19:14.931Z,deep_scan,20260802011913_1A-4-7-8-17-28C,30,28C,0,15,M43,AB5657,1,19
2026-08-02T02:19:14.931Z,deep_scan,20260802011913_1A-4-7-8-17-28C,30,28C,0,21,M225,AB4262,0,47
2026-08-02T02:19:14.931Z,deep_scan,20260802011913_1A-4-7-8-17-28C,30,28C,0,25,M72,AB5457,1,10
2026-08-02T02:19:44.838Z,deep_scan,20260802011913_1A-4-7-8-17-28C,30,28C,0,9,M150,AB4355,1,14
2026-08-02T02:19:44.838Z,deep_scan,20260802011913_1A-4-7-8-17-28C,30,28C,0,15,M43,AB5657,0,26
2026-08-02T02:19:44.838Z,deep_scan,20260802011913_1A-4-7-8-17-28C,30,28C,0,21,M225,AB4262,0,32
2026-08-02T02:19:44.838Z,deep_scan,20260802011913_1A-4-7-8-17-28C,30,28C,0,25,M72,AB5457,0,28
2026-08-02T02:20:14.881Z,deep_scan,20260802011913_1A-4-7-8-17-28C,30,28C,0,9,M150,AB4355,1,8
2026-08-02T02:20:14.881Z,deep_scan,20260802011913_1A-4-7-8-17-28C,30,28C,0,16,M40,AB5657,0,25
2026-08-02T02:20:14.881Z,deep_scan,20260802011913_1A-4-7-8-17-28C,30,28C,0,22,M16/2,AB4262,1,24
2026-08-02T02:20:14.881Z,deep_scan,20260802011913_1A-4-7-8-17-28C,30,28C,0,26,M149,AB5457,1,23
2026-08-02T02:20:44.877Z,deep_scan,20260802011913_1A-4-7-8-17-28C,30,28C,0,9,M150,AB4355,0,15
2026-08-02T02:20:44.877Z,deep_scan,20260802011913_1A-4-7-8-17-28C,30,28C,0,16,M40,AB5657,0,11
2026-08-02T02:20:44.877Z,deep_scan,20260802011913_1A-4-7-8-17-28C,30,28C,0,22,M16/2,AB4262,1,7
2026-08-02T02:20:44.877Z,deep_scan,20260802011913_1A-4-7-8-17-28C,30,28C,0,26,M149,AB5457,0,29
2026-08-02T02:21:14.908Z,deep_scan,20260802011913_1A-4-7-8-17-28C,30,28C,0,10,M148,AB4355,1,27
2026-08-02T02:21:14.908Z,deep_scan,20260802011913_1A-4-7-8-17-28C,30,28C,0,16,M40,AB5657,0,11
2026-08-02T02:21:14.908Z,deep_scan,20260802011913_1A-4-7-8-17-28C,30,28C,0,22,M16/2,AB4262,0,9
2026-08-02T02:21:14.908Z,deep_scan,20260802011913_1A-4-7-8-17-28C,30,28C,0,26,M149,AB5457,0,19
2026-08-02T02:21:44.893Z,deep_scan,20260802011913_1A-4-7-8-17-28C,30,28C,0,10,M148,AB4355,1,21
2026-08-02T02:21:44.893Z,deep_scan,20260802011913_1A-4-7-8-17-28C,30,28C,0,16,M40,AB5657,0,11
2026-08-02T02:21:44.893Z,deep_scan,20260802011913_1A-4-7-8-17-28C,30,28C,0,22,M16/2,AB4262,0,15
2026-08-02T02:21:44.893Z,deep_scan,20260802011913_1A-4-7-8-17-28C,30,28C,0,27,M145/2,AB5457,1,6
2026-08-02T02:22:14.962Z,deep_scan,20260802011913_1A-4-7-8-17-28C,30,28C,0,10,M148,AB4355,0,31
2026-08-02T02:22:14.962Z,deep_scan,20260802011913_1A-4-7-8-17-28C,30,28C,0,17,M28/2,AB5657,1,4
2026-08-02T02:22:14.962Z,deep_scan,20260802011913_1A-4-7-8-17-28C,30,28C,0,22,M16/2,AB4262,0,15
2026-08-02T02:22:14.962Z,deep_scan,20260802011913_1A-4-7-8-17-28C,30,28C,0,27,M145/2,AB5457,0,24
2026-08-02T02:22:44.889Z,deep_scan,20260802011913_1A-4-7-8-17-28C,30,28C,0,10,M148,AB4355,0,45
2026-08-02T02:22:44.889Z,deep_scan,20260802011913_1A-4-7-8-17-28C,30,28C,0,17,M28/2,AB5657,0,24
2026-08-02T02:22:44.889Z,deep_scan,20260802011913_1A-4-7-8-17-28C,30,28C,0,23,M98,AB4262,1,30
2026-08-02T02:22:44.889Z,deep_scan,20260802011913_1A-4-7-8-17-28C,30,28C,0,28,M165,AB5457,1,22
2026-08-02T02:23:14.916Z,deep_scan,20260802011913_1A-4-7-8-17-28C,30,28C,0,10,M148,AB4355,0,16
2026-08-02T02:23:14.916Z,deep_scan,20260802011913_1A-4-7-8-17-28C,30,28C,0,17,M28/2,AB5657,0,5
2026-08-02T02:23:14.916Z,deep_scan,20260802011913_1A-4-7-8-17-28C,30,28C,0,23,M98,AB4262,1,30
2026-08-02T02:23:14.916Z,deep_scan,20260802011913_1A-4-7-8-17-28C,30,28C,0,28,M165,AB5457,0,20
2026-08-02T02:23:44.908Z,deep_scan,20260802011913_1A-4-7-8-17-28C,30,28C,0,10,M148,AB4355,0,22
2026-08-02T02:23:44.908Z,deep_scan,20260802011913_1A-4-7-8-17-28C,30,28C,0,17,M28/2,AB5657,0,19
2026-08-02T02:23:44.908Z,deep_scan,20260802011913_1A-4-7-8-17-28C,30,28C,0,23,M98,AB4262,1,27
2026-08-02T02:23:44.908Z,deep_scan,20260802011913_1A-4-7-8-17-28C,30,28C,0,29,M163,AB5457,1,6
2026-08-02T02:24:15.029Z,deep_scan,20260802011913_1A-4-7-8-17-28C,30,28C,0,10,M148,AB4355,0,17
2026-08-02T02:24:15.029Z,deep_scan,20260802011913_1A-4-7-8-17-28C,30,28C,0,18,M227,AB5657,1,5
2026-08-02T02:24:15.029Z,deep_scan,20260802011913_1A-4-7-8-17-28C,30,28C,0,23,M98,AB4262,1,6
2026-08-02T02:24:15.029Z,deep_scan,20260802011913_1A-4-7-8-17-28C,30,28C,0,29,M163,AB5457,1,13
2026-08-02T02:24:44.928Z,deep_scan,20260802011913_1A-4-7-8-17-28C,30,28C,0,10,M148,AB4355,0,17
2026-08-02T02:24:44.928Z,deep_scan,20260802011913_1A-4-7-8-17-28C,30,28C,0,18,M227,AB5657,1,2
2026-08-02T02:24:44.928Z,deep_scan,20260802011913_1A-4-7-8-17-28C,30,28C,0,23,M98,AB4262,0,7
2026-08-02T02:24:44.928Z,deep_scan,20260802011913_1A-4-7-8-17-28C,30,28C,0,29,M163,AB5457,0,19
2026-08-02T02:25:15.002Z,deep_scan,20260802011913_1A-4-7-8-17-28C,30,28C,0,10,M148,AB4355,0,17
2026-08-02T02:25:15.002Z,deep_scan,20260802011913_1A-4-7-8-17-28C,30,28C,0,18,M227,AB5657,1,2
2026-08-02T02:25:15.002Z,deep_scan,20260802011913_1A-4-7-8-17-28C,30,28C,0,23,M98,AB4262,0,19
2026-08-02T02:25:15.002Z,deep_scan,20260802011913_1A-4-7-8-17-28C,30,28C,0,30,M160/2,AB5457,1,26
2026-08-02T02:25:44.952Z,deep_scan,20260802011913_1A-4-7-8-17-28C,30,28C,0,11,M76/1,AB4355,1,26
2026-08-02T02:25:44.952Z,deep_scan,20260802011913_1A-4-7-8-17-28C,30,28C,0,18,M227,AB5657,0,7
2026-08-02T02:25:44.952Z,deep_scan,20260802011913_1A-4-7-8-17-28C,30,28C,0,23,M98,AB4262,0,19
2026-08-02T02:25:44.952Z,deep_scan,20260802011913_1A-4-7-8-17-28C,30,28C,0,31,M158/1,AB5457,1,34
2026-08-02T02:26:14.992Z,deep_scan,20260802011913_1A-4-7-8-17-28C,30,28C,0,11,M76/1,AB4355,0,31
2026-08-02T02:26:14.992Z,deep_scan,20260802011913_1A-4-7-8-17-28C,30,28C,0,19,M244,AB5657,1,1
2026-08-02T02:26:14.992Z,deep_scan,20260802011913_1A-4-7-8-17-28C,30,28C,0,24,M88,AB4262,1,15
2026-08-02T02:26:14.992Z,deep_scan,20260802011913_1A-4-7-8-17-28C,30,28C,0,31,M158/1,AB5457,1,2
2026-08-02T02:26:44.954Z,deep_scan,20260802011913_1A-4-7-8-17-28C,30,28C,0,11,M76/1,AB4355,0,31
2026-08-02T02:26:44.954Z,deep_scan,20260802011913_1A-4-7-8-17-28C,30,28C,0,19,M244,AB5657,1,2
2026-08-02T02:26:44.954Z,deep_scan,20260802011913_1A-4-7-8-17-28C,30,28C,0,24,M88,AB4262,1,12
2026-08-02T02:26:44.954Z,deep_scan,20260802011913_1A-4-7-8-17-28C,30,28C,0,31,M158/1,AB5457,0,33
2026-08-02T02:27:14.996Z,deep_scan,20260802011913_1A-4-7-8-17-28C,30,28C,0,12,M84/1,AB4355,1,24
2026-08-02T02:27:14.996Z,deep_scan,20260802011913_1A-4-7-8-17-28C,30,28C,0,19,M244,AB5657,0,9
2026-08-02T02:27:14.996Z,deep_scan,20260802011913_1A-4-7-8-17-28C,30,28C,0,24,M88,AB4262,0,14
2026-08-02T02:27:14.996Z,deep_scan,20260802011913_1A-4-7-8-17-28C,30,28C,0,32,M161,AB5457,1,33
2026-08-02T02:27:44.941Z,deep_scan,20260802011913_1A-4-7-8-17-28C,30,28C,0,12,M84/1,AB4355,1,26
2026-08-02T02:27:44.941Z,deep_scan,20260802011913_1A-4-7-8-17-28C,30,28C,0,19,M244,AB5657,0,16
2026-08-02T02:27:44.941Z,deep_scan,20260802011913_1A-4-7-8-17-28C,30,28C,0,24,M88,AB4262,0,14
2026-08-02T02:27:44.941Z,deep_scan,20260802011913_1A-4-7-8-17-28C,30,28C,0,32,M161,AB5457,0,33
2026-08-02T02:28:14.913Z,deep_scan,20260802011913_1A-4-7-8-17-28C,30,28C,0,0,M62/3,AB6214,1,3
2026-08-02T02:28:14.913Z,deep_scan,20260802011913_1A-4-7-8-17-28C,30,28C,0,12,M84/1,AB4355,0,41
2026-08-02T02:28:14.913Z,deep_scan,20260802011913_1A-4-7-8-17-28C,30,28C,0,19,M244,AB5657,0,4
2026-08-02T02:28:14.913Z,deep_scan,20260802011913_1A-4-7-8-17-28C,30,28C,0,24,M88,AB4262,0,31
2026-08-02T02:28:14.913Z,deep_scan,20260802011913_1A-4-7-8-17-28C,30,28C,0,32,M161,AB5457,0,30
2026-08-02T02:28:44.941Z,deep_scan,20260802011913_1A-4-7-8-17-28C,30,28C,0,0,M62/3,AB6214,1,13
2026-08-02T02:28:44.941Z,deep_scan,20260802011913_1A-4-7-8-17-28C,30,28C,0,13,M92,AB4355,1,25
2026-08-02T02:28:44.941Z,deep_scan,20260802011913_1A-4-7-8-17-28C,30,28C,0,19,M244,AB5657,0,18
2026-08-02T02:28:44.941Z,deep_scan,20260802011913_1A-4-7-8-17-28C,30,28C,0,24,M88,AB4262,0,20
2026-08-02T02:28:44.941Z,deep_scan,20260802011913_1A-4-7-8-17-28C,30,28C,0,32,M161,AB5457,0,21
2026-08-02T02:29:15.002Z,deep_scan,20260802011913_1A-4-7-8-17-28C,30,28C,0,0,M62/3,AB6214,0,38
2026-08-02T02:29:15.002Z,deep_scan,20260802011913_1A-4-7-8-17-28C,30,28C,0,13,M92,AB4355,0,28
2026-08-02T02:29:15.002Z,deep_scan,20260802011913_1A-4-7-8-17-28C,30,28C,0,20,M216,AB5657,1,10
2026-08-02T02:29:15.002Z,deep_scan,20260802011913_1A-4-7-8-17-28C,30,28C,0,25,M72,AB4262,1,30
2026-08-02T02:29:15.002Z,deep_scan,20260802011913_1A-4-7-8-17-28C,30,28C,0,33,M70,AB5457,1,8
2026-08-02T02:29:45.014Z,deep_scan,20260802011913_1A-4-7-8-17-28C,30,28C,0,1,M117,AB6214,1,34
2026-08-02T02:29:45.014Z,deep_scan,20260802011913_1A-4-7-8-17-28C,30,28C,0,13,M92,AB4355,0,5
2026-08-02T02:29:45.014Z,deep_scan,20260802011913_1A-4-7-8-17-28C,30,28C,0,20,M216,AB5657,1,4
2026-08-02T02:29:45.014Z,deep_scan,20260802011913_1A-4-7-8-17-28C,30,28C,0,26,M149,AB4262,1,25
2026-08-02T02:29:45.014Z,deep_scan,20260802011913_1A-4-7-8-17-28C,30,28C,0,33,M70,AB5457,1,3
2026-08-02T02:30:14.990Z,deep_scan,20260802011913_1A-4-7-8-17-28C,30,28C,0,2,M241,AB6214,1,23
2026-08-02T02:30:14.990Z,deep_scan,20260802011913_1A-4-7-8-17-28C,30,28C,0,14,M104,AB4355,1,5
2026-08-02T02:30:14.990Z,deep_scan,20260802011913_1A-4-7-8-17-28C,30,28C,0,20,M216,AB5657,1,5
2026-08-02T02:30:14.990Z,deep_scan,20260802011913_1A-4-7-8-17-28C,30,28C,0,26,M149,AB4262,0,21
2026-08-02T02:30:14.990Z,deep_scan,20260802011913_1A-4-7-8-17-28C,30,28C,0,33,M70,AB5457,0,33
2026-08-02T02:30:45.014Z,deep_scan,20260802011913_1A-4-7-8-17-28C,30,28C,0,2,M241,AB6214,0,36
2026-08-02T02:30:45.014Z,deep_scan,20260802011913_1A-4-7-8-17-28C,30,28C,0,14,M104,AB4355,1,16
2026-08-02T02:30:45.014Z,deep_scan,20260802011913_1A-4-7-8-17-28C,30,28C,0,20,M216,AB5657,0,1
2026-08-02T02:30:45.014Z,deep_scan,20260802011913_1A-4-7-8-17-28C,30,28C,0,26,M149,AB4262,0,9
2026-08-02T02:30:45.014Z,deep_scan,20260802011913_1A-4-7-8-17-28C,30,28C,0,34,M118,AB5457,1,9
2026-08-02T02:31:14.986Z,deep_scan,20260802011913_1A-4-7-8-17-28C,30,28C,0,3,M71,AB6214,0,22
2026-08-02T02:31:14.986Z,deep_scan,20260802011913_1A-4-7-8-17-28C,30,28C,0,14,M104,AB4355,0,21
2026-08-02T02:31:14.986Z,deep_scan,20260802011913_1A-4-7-8-17-28C,30,28C,0,20,M216,AB5657,0,46
2026-08-02T02:31:14.986Z,deep_scan,20260802011913_1A-4-7-8-17-28C,30,28C,0,27,M145/2,AB4262,1,3
2026-08-02T02:31:14.986Z,deep_scan,20260802011913_1A-4-7-8-17-28C,30,28C,0,34,M118,AB5457,1,14
2026-08-02T02:31:45.060Z,deep_scan,20260802011913_1A-4-7-8-17-28C,30,28C,0,4,M155,AB6214,1,26
2026-08-02T02:31:45.060Z,deep_scan,20260802011913_1A-4-7-8-17-28C,30,28C,0,15,M43,AB4355,0,30
2026-08-02T02:31:45.060Z,deep_scan,20260802011913_1A-4-7-8-17-28C,30,28C,0,20,M216,AB5657,0,26
2026-08-02T02:31:45.060Z,deep_scan,20260802011913_1A-4-7-8-17-28C,30,28C,0,27,M145/2,AB4262,1,11
2026-08-02T02:31:45.060Z,deep_scan,20260802011913_1A-4-7-8-17-28C,30,28C,0,35,M62/3,AB5457,1,0
2026-08-02T02:32:14.974Z,deep_scan,20260802011913_1A-4-7-8-17-28C,30,28C,0,4,M155,AB6214,0,29
2026-08-02T02:32:14.974Z,deep_scan,20260802011913_1A-4-7-8-17-28C,30,28C,0,16,M40,AB4355,1,14
2026-08-02T02:32:14.974Z,deep_scan,20260802011913_1A-4-7-8-17-28C,30,28C,0,20,M216,AB5657,0,3
2026-08-02T02:32:14.974Z,deep_scan,20260802011913_1A-4-7-8-17-28C,30,28C,0,27,M145/2,AB4262,1,25
2026-08-02T02:32:14.974Z,deep_scan,20260802011913_1A-4-7-8-17-28C,30,28C,0,35,M62/3,AB5457,1,0
2026-08-02T02:32:45.070Z,deep_scan,20260802011913_1A-4-7-8-17-28C,30,28C,0,5,M157,AB6214,1,1
2026-08-02T02:32:45.070Z,deep_scan,20260802011913_1A-4-7-8-17-28C,30,28C,0,16,M40,AB4355,0,17
2026-08-02T02:32:45.070Z,deep_scan,20260802011913_1A-4-7-8-17-28C,30,28C,0,20,M216,AB5657,0,3
2026-08-02T02:32:45.070Z,deep_scan,20260802011913_1A-4-7-8-17-28C,30,28C,0,28,M165,AB4262,1,25
2026-08-02T02:32:45.070Z,deep_scan,20260802011913_1A-4-7-8-17-28C,30,28C,0,35,M62/3,AB5457,1,0
2026-08-02T02:33:15.025Z,deep_scan,20260802011913_1A-4-7-8-17-28C,30,28C,0,5,M157,AB6214,0,30
2026-08-02T02:33:15.025Z,deep_scan,20260802011913_1A-4-7-8-17-28C,30,28C,0,16,M40,AB4355,0,17
2026-08-02T02:33:15.025Z,deep_scan,20260802011913_1A-4-7-8-17-28C,30,28C,0,21,M225,AB5657,1,29
2026-08-02T02:33:15.025Z,deep_scan,20260802011913_1A-4-7-8-17-28C,30,28C,0,28,M165,AB4262,0,24
2026-08-02T02:33:15.025Z,deep_scan,20260802011913_1A-4-7-8-17-28C,30,28C,0,35,M62/3,AB5457,1,0
2026-08-02T02:33:45.061Z,deep_scan,20260802011913_1A-4-7-8-17-28C,30,28C,0,6,M163,AB6214,1,14
2026-08-02T02:33:45.061Z,deep_scan,20260802011913_1A-4-7-8-17-28C,30,28C,0,17,M28/2,AB4355,1,5
2026-08-02T02:33:45.061Z,deep_scan,20260802011913_1A-4-7-8-17-28C,30,28C,0,21,M225,AB5657,1,3
2026-08-02T02:33:45.061Z,deep_scan,20260802011913_1A-4-7-8-17-28C,30,28C,0,29,M163,AB4262,1,27
2026-08-02T02:33:45.061Z,deep_scan,20260802011913_1A-4-7-8-17-28C,30,28C,0,35,M62/3,AB5457,1,0
2026-08-02T02:34:15.026Z,deep_scan,20260802011913_1A-4-7-8-17-28C,30,28C,0,6,M163,AB6214,0,7
2026-08-02T02:34:15.026Z,deep_scan,20260802011913_1A-4-7-8-17-28C,30,28C,0,17,M28/2,AB4355,1,29
2026-08-02T02:34:15.026Z,deep_scan,20260802011913_1A-4-7-8-17-28C,30,28C,0,21,M225,AB5657,1,12
2026-08-02T02:34:15.026Z,deep_scan,20260802011913_1A-4-7-8-17-28C,30,28C,0,29,M163,AB4262,0,18
2026-08-02T02:34:15.026Z,deep_scan,20260802011913_1A-4-7-8-17-28C,30,28C,0,35,M62/3,AB5457,1,0
2026-08-02T02:34:45.064Z,deep_scan,20260802011913_1A-4-7-8-17-28C,30,28C,0,7,M164,AB6214,0,23
2026-08-02T02:34:45.064Z,deep_scan,20260802011913_1A-4-7-8-17-28C,30,28C,0,17,M28/2,AB4355,0,29
2026-08-02T02:34:45.064Z,deep_scan,20260802011913_1A-4-7-8-17-28C,30,28C,0,21,M225,AB5657,0,10
2026-08-02T02:34:45.064Z,deep_scan,20260802011913_1A-4-7-8-17-28C,30,28C,0,29,M163,AB4262,0,10
2026-08-02T02:34:45.064Z,deep_scan,20260802011913_1A-4-7-8-17-28C,30,28C,0,35,M62/3,AB5457,1,0
2026-08-02T02:35:15.044Z,deep_scan,20260802011913_1A-4-7-8-17-28C,30,28C,0,8,M151,AB6214,1,46
2026-08-02T02:35:15.044Z,deep_scan,20260802011913_1A-4-7-8-17-28C,30,28C,0,17,M28/2,AB4355,0,22
2026-08-02T02:35:15.044Z,deep_scan,20260802011913_1A-4-7-8-17-28C,30,28C,0,21,M225,AB5657,0,2
2026-08-02T02:35:15.044Z,deep_scan,20260802011913_1A-4-7-8-17-28C,30,28C,0,30,M160/2,AB4262,1,15
2026-08-02T02:35:15.044Z,deep_scan,20260802011913_1A-4-7-8-17-28C,30,28C,0,35,M62/3,AB5457,1,0
2026-08-02T02:35:45.028Z,deep_scan,20260802011913_1A-4-7-8-17-28C,30,28C,0,8,M151,AB6214,1,5
2026-08-02T02:35:45.028Z,deep_scan,20260802011913_1A-4-7-8-17-28C,30,28C,0,17,M28/2,AB4355,0,5
2026-08-02T02:35:45.028Z,deep_scan,20260802011913_1A-4-7-8-17-28C,30,28C,0,21,M225,AB5657,0,2
2026-08-02T02:35:45.028Z,deep_scan,20260802011913_1A-4-7-8-17-28C,30,28C,0,30,M160/2,AB4262,1,6
2026-08-02T02:35:45.028Z,deep_scan,20260802011913_1A-4-7-8-17-28C,30,28C,0,35,M62/3,AB5457,1,0
2026-08-02T02:36:15.049Z,deep_scan,20260802011913_1A-4-7-8-17-28C,30,28C,0,8,M151,AB6214,1,5
2026-08-02T02:36:15.049Z,deep_scan,20260802011913_1A-4-7-8-17-28C,30,28C,0,18,M227,AB4355,1,20
2026-08-02T02:36:15.049Z,deep_scan,20260802011913_1A-4-7-8-17-28C,30,28C,0,21,M225,AB5657,0,30
2026-08-02T02:36:15.049Z,deep_scan,20260802011913_1A-4-7-8-17-28C,30,28C,0,30,M160/2,AB4262,0,2
2026-08-02T02:36:45.051Z,deep_scan,20260802011913_1A-4-7-8-17-28C,30,28C,0,8,M151,AB6214,0,24
2026-08-02T02:36:45.051Z,deep_scan,20260802011913_1A-4-7-8-17-28C,30,28C,0,18,M227,AB4355,0,32
2026-08-02T02:36:45.051Z,deep_scan,20260802011913_1A-4-7-8-17-28C,30,28C,0,21,M225,AB5657,0,27
2026-08-02T02:36:45.051Z,deep_scan,20260802011913_1A-4-7-8-17-28C,30,28C,0,31,M158/1,AB4262,1,10
2026-08-02T02:37:15.072Z,deep_scan,20260802011913_1A-4-7-8-17-28C,30,28C,0,9,M150,AB6214,1,23
2026-08-02T02:37:15.072Z,deep_scan,20260802011913_1A-4-7-8-17-28C,30,28C,0,18,M227,AB4355,0,19
2026-08-02T02:37:15.072Z,deep_scan,20260802011913_1A-4-7-8-17-28C,30,28C,0,21,M225,AB5657,0,22
2026-08-02T02:37:15.072Z,deep_scan,20260802011913_1A-4-7-8-17-28C,30,28C,0,31,M158/1,AB4262,0,6
2026-08-02T02:37:45.080Z,deep_scan,20260802011913_1A-4-7-8-17-28C,30,28C,0,9,M150,AB6214,0,14
2026-08-02T02:37:45.080Z,deep_scan,20260802011913_1A-4-7-8-17-28C,30,28C,0,19,M244,AB4355,1,15
2026-08-02T02:37:45.080Z,deep_scan,20260802011913_1A-4-7-8-17-28C,30,28C,0,22,M16/2,AB5657,0,8
2026-08-02T02:37:45.080Z,deep_scan,20260802011913_1A-4-7-8-17-28C,30,28C,0,31,M158/1,AB4262,0,6
2026-08-02T02:38:15.109Z,deep_scan,20260802011913_1A-4-7-8-17-28C,30,28C,0,10,M148,AB6214,1,16
2026-08-02T02:38:15.109Z,deep_scan,20260802011913_1A-4-7-8-17-28C,30,28C,0,19,M244,AB4355,1,10
2026-08-02T02:38:15.109Z,deep_scan,20260802011913_1A-4-7-8-17-28C,30,28C,0,22,M16/2,AB5657,0,13
2026-08-02T02:38:15.109Z,deep_scan,20260802011913_1A-4-7-8-17-28C,30,28C,0,31,M158/1,AB4262,0,6
2026-08-02T02:38:45.098Z,deep_scan,20260802011913_1A-4-7-8-17-28C,30,28C,0,10,M148,AB6214,1,13
2026-08-02T02:38:45.098Z,deep_scan,20260802011913_1A-4-7-8-17-28C,30,28C,0,19,M244,AB4355,0,22
2026-08-02T02:38:45.098Z,deep_scan,20260802011913_1A-4-7-8-17-28C,30,28C,0,22,M16/2,AB5657,0,13
2026-08-02T02:38:45.098Z,deep_scan,20260802011913_1A-4-7-8-17-28C,30,28C,0,31,M158/1,AB4262,0,6
2026-08-02T02:39:15.128Z,deep_scan,20260802011913_1A-4-7-8-17-28C,30,28C,0,10,M148,AB6214,0,31
2026-08-02T02:39:15.128Z,deep_scan,20260802011913_1A-4-7-8-17-28C,30,28C,0,19,M244,AB4355,0,18
2026-08-02T02:39:15.128Z,deep_scan,20260802011913_1A-4-7-8-17-28C,30,28C,0,22,M16/2,AB5657,0,9
2026-08-02T02:39:15.128Z,deep_scan,20260802011913_1A-4-7-8-17-28C,30,28C,0,32,M161,AB4262,1,1
2026-08-02T02:39:45.093Z,deep_scan,20260802011913_1A-4-7-8-17-28C,30,28C,0,10,M148,AB6214,0,32
2026-08-02T02:39:45.093Z,deep_scan,20260802011913_1A-4-7-8-17-28C,30,28C,0,19,M244,AB4355,0,11
2026-08-02T02:39:45.093Z,deep_scan,20260802011913_1A-4-7-8-17-28C,30,28C,0,22,M16/2,AB5657,0,9
2026-08-02T02:39:45.093Z,deep_scan,20260802011913_1A-4-7-8-17-28C,30,28C,0,32,M161,AB4262,1,7
2026-08-02T02:40:15.155Z,deep_scan,20260802011913_1A-4-7-8-17-28C,30,28C,0,10,M148,AB6214,0,9
2026-08-02T02:40:15.155Z,deep_scan,20260802011913_1A-4-7-8-17-28C,30,28C,0,20,M216,AB4355,1,35
2026-08-02T02:40:15.155Z,deep_scan,20260802011913_1A-4-7-8-17-28C,30,28C,0,22,M16/2,AB5657,0,9
2026-08-02T02:40:15.155Z,deep_scan,20260802011913_1A-4-7-8-17-28C,30,28C,0,32,M161,AB4262,0,27
2026-08-02T02:40:45.087Z,deep_scan,20260802011913_1A-4-7-8-17-28C,30,28C,0,10,M148,AB6214,0,9
2026-08-02T02:40:45.087Z,deep_scan,20260802011913_1A-4-7-8-17-28C,30,28C,0,20,M216,AB4355,1,7
2026-08-02T02:40:45.087Z,deep_scan,20260802011913_1A-4-7-8-17-28C,30,28C,0,22,M16/2,AB5657,0,25
2026-08-02T02:40:45.087Z,deep_scan,20260802011913_1A-4-7-8-17-28C,30,28C,0,33,M70,AB4262,1,25
2026-08-02T02:41:15.162Z,deep_scan,20260802011913_1A-4-7-8-17-28C,30,28C,0,10,M148,AB6214,0,23
2026-08-02T02:41:15.162Z,deep_scan,20260802011913_1A-4-7-8-17-28C,30,28C,0,20,M216,AB4355,0,25
2026-08-02T02:41:15.162Z,deep_scan,20260802011913_1A-4-7-8-17-28C,30,28C,0,23,M98,AB5657,1,3
2026-08-02T02:41:15.162Z,deep_scan,20260802011913_1A-4-7-8-17-28C,30,28C,0,34,M118,AB4262,1,31
2026-08-02T02:41:45.130Z,deep_scan,20260802011913_1A-4-7-8-17-28C,30,28C,0,10,M148,AB6214,0,1
2026-08-02T02:41:45.130Z,deep_scan,20260802011913_1A-4-7-8-17-28C,30,28C,0,20,M216,AB4355,0,3
2026-08-02T02:41:45.130Z,deep_scan,20260802011913_1A-4-7-8-17-28C,30,28C,0,23,M98,AB5657,1,3
2026-08-02T02:41:45.130Z,deep_scan,20260802011913_1A-4-7-8-17-28C,30,28C,0,34,M118,AB4262,1,22
2026-08-02T02:42:15.151Z,deep_scan,20260802011913_1A-4-7-8-17-28C,30,28C,0,10,M148,AB6214,0,1
2026-08-02T02:42:15.151Z,deep_scan,20260802011913_1A-4-7-8-17-28C,30,28C,0,20,M216,AB4355,0,44
2026-08-02T02:42:15.151Z,deep_scan,20260802011913_1A-4-7-8-17-28C,30,28C,0,23,M98,AB5657,0,19
2026-08-02T02:42:15.151Z,deep_scan,20260802011913_1A-4-7-8-17-28C,30,28C,0,34,M118,AB4262,0,23
2026-08-02T02:42:45.147Z,deep_scan,20260802011913_1A-4-7-8-17-28C,30,28C,0,0,M62/3,AB5457,1,5
2026-08-02T02:42:45.147Z,deep_scan,20260802011913_1A-4-7-8-17-28C,30,28C,0,11,M76/1,AB6214,1,34
2026-08-02T02:42:45.147Z,deep_scan,20260802011913_1A-4-7-8-17-28C,30,28C,0,20,M216,AB4355,0,24
2026-08-02T02:42:45.147Z,deep_scan,20260802011913_1A-4-7-8-17-28C,30,28C,0,23,M98,AB5657,0,19
2026-08-02T02:42:45.147Z,deep_scan,20260802011913_1A-4-7-8-17-28C,30,28C,0,35,M62/3,AB4262,1,0
2026-08-02T02:43:15.169Z,deep_scan,20260802011913_1A-4-7-8-17-28C,30,28C,0,0,M62/3,AB5457,1,17
2026-08-02T02:43:15.169Z,deep_scan,20260802011913_1A-4-7-8-17-28C,30,28C,0,11,M76/1,AB6214,0,40
2026-08-02T02:43:15.169Z,deep_scan,20260802011913_1A-4-7-8-17-28C,30,28C,0,20,M216,AB4355,0,2
2026-08-02T02:43:15.169Z,deep_scan,20260802011913_1A-4-7-8-17-28C,30,28C,0,23,M98,AB5657,0,19
2026-08-02T02:43:15.169Z,deep_scan,20260802011913_1A-4-7-8-17-28C,30,28C,0,35,M62/3,AB4262,1,0
2026-08-02T02:43:45.143Z,deep_scan,20260802011913_1A-4-7-8-17-28C,30,28C,0,0,M62/3,AB5457,0,21
2026-08-02T02:43:45.143Z,deep_scan,20260802011913_1A-4-7-8-17-28C,30,28C,0,12,M84/1,AB6214,1,9
2026-08-02T02:43:45.143Z,deep_scan,20260802011913_1A-4-7-8-17-28C,30,28C,0,21,M225,AB4355,1,21
2026-08-02T02:43:45.143Z,deep_scan,20260802011913_1A-4-7-8-17-28C,30,28C,0,24,M88,AB5657,1,14
2026-08-02T02:43:45.143Z,deep_scan,20260802011913_1A-4-7-8-17-28C,30,28C,0,35,M62/3,AB4262,1,0
2026-08-02T02:44:15.030Z,deep_scan,20260802011913_1A-4-7-8-17-28C,30,28C,0,1,M117,AB5457,1,39
2026-08-02T02:44:15.030Z,deep_scan,20260802011913_1A-4-7-8-17-28C,30,28C,0,12,M84/1,AB6214,0,34
2026-08-02T02:44:15.030Z,deep_scan,20260802011913_1A-4-7-8-17-28C,30,28C,0,21,M225,AB4355,0,7
2026-08-02T02:44:15.030Z,deep_scan,20260802011913_1A-4-7-8-17-28C,30,28C,0,24,M88,AB5657,1,2
2026-08-02T02:44:15.030Z,deep_scan,20260802011913_1A-4-7-8-17-28C,30,28C,0,35,M62/3,AB4262,1,0
2026-08-02T02:44:45.192Z,deep_scan,20260802011913_1A-4-7-8-17-28C,30,28C,0,1,M117,AB5457,0,24
2026-08-02T02:44:45.192Z,deep_scan,20260802011913_1A-4-7-8-17-28C,30,28C,0,12,M84/1,AB6214,0,25
2026-08-02T02:44:45.192Z,deep_scan,20260802011913_1A-4-7-8-17-28C,30,28C,0,21,M225,AB4355,0,11
2026-08-02T02:44:45.192Z,deep_scan,20260802011913_1A-4-7-8-17-28C,30,28C,0,24,M88,AB5657,1,2
2026-08-02T02:44:45.192Z,deep_scan,20260802011913_1A-4-7-8-17-28C,30,28C,0,35,M62/3,AB4262,1,0
2026-08-02T02:45:15.202Z,deep_scan,20260802011913_1A-4-7-8-17-28C,30,28C,0,2,M241,AB5457,1,16
2026-08-02T02:45:15.202Z,deep_scan,20260802011913_1A-4-7-8-17-28C,30,28C,0,12,M84/1,AB6214,0,25
2026-08-02T02:45:15.202Z,deep_scan,20260802011913_1A-4-7-8-17-28C,30,28C,0,21,M225,AB4355,0,11
2026-08-02T02:45:15.202Z,deep_scan,20260802011913_1A-4-7-8-17-28C,30,28C,0,24,M88,AB5657,1,1
2026-08-02T02:45:15.202Z,deep_scan,20260802011913_1A-4-7-8-17-28C,30,28C,0,35,M62/3,AB4262,1,0
2026-08-02T02:45:45.220Z,deep_scan,20260802011913_1A-4-7-8-17-28C,30,28C,0,3,M71,AB5457,1,32
2026-08-02T02:45:45.220Z,deep_scan,20260802011913_1A-4-7-8-17-28C,30,28C,0,13,M92,AB6214,1,20
2026-08-02T02:45:45.220Z,deep_scan,20260802011913_1A-4-7-8-17-28C,30,28C,0,21,M225,AB4355,0,3
2026-08-02T02:45:45.220Z,deep_scan,20260802011913_1A-4-7-8-17-28C,30,28C,0,24,M88,AB5657,0,27
2026-08-02T02:45:45.220Z,deep_scan,20260802011913_1A-4-7-8-17-28C,30,28C,0,35,M62/3,AB4262,1,0
2026-08-02T02:46:15.160Z,deep_scan,20260802011913_1A-4-7-8-17-28C,30,28C,0,3,M71,AB5457,0,3
2026-08-02T02:46:15.160Z,deep_scan,20260802011913_1A-4-7-8-17-28C,30,28C,0,13,M92,AB6214,0,16
2026-08-02T02:46:15.160Z,deep_scan,20260802011913_1A-4-7-8-17-28C,30,28C,0,21,M225,AB4355,0,21
2026-08-02T02:46:15.160Z,deep_scan,20260802011913_1A-4-7-8-17-28C,30,28C,0,24,M88,AB5657,0,5
2026-08-02T02:46:15.160Z,deep_scan,20260802011913_1A-4-7-8-17-28C,30,28C,0,35,M62/3,AB4262,1,0
2026-08-02T02:46:45.179Z,deep_scan,20260802011913_1A-4-7-8-17-28C,30,28C,0,4,M155,AB5457,1,15
2026-08-02T02:46:45.179Z,deep_scan,20260802011913_1A-4-7-8-17-28C,30,28C,0,13,M92,AB6214,0,18
2026-08-02T02:46:45.179Z,deep_scan,20260802011913_1A-4-7-8-17-28C,30,28C,0,21,M225,AB4355,0,42
2026-08-02T02:46:45.179Z,deep_scan,20260802011913_1A-4-7-8-17-28C,30,28C,0,24,M88,AB5657,0,5
2026-08-02T02:46:45.179Z,deep_scan,20260802011913_1A-4-7-8-17-28C,30,28C,0,35,M62/3,AB4262,1,0
2026-08-02T02:47:15.182Z,deep_scan,20260802011913_1A-4-7-8-17-28C,30,28C,0,4,M155,AB5457,1,11
2026-08-02T02:47:15.182Z,deep_scan,20260802011913_1A-4-7-8-17-28C,30,28C,0,14,M104,AB6214,1,21
2026-08-02T02:47:15.182Z,deep_scan,20260802011913_1A-4-7-8-17-28C,30,28C,0,21,M225,AB4355,0,3
2026-08-02T02:47:15.182Z,deep_scan,20260802011913_1A-4-7-8-17-28C,30,28C,0,24,M88,AB5657,0,5
2026-08-02T02:47:45.251Z,deep_scan,20260802011913_1A-4-7-8-17-28C,30,28C,0,4,M155,AB5457,0,31
2026-08-02T02:47:45.251Z,deep_scan,20260802011913_1A-4-7-8-17-28C,30,28C,0,14,M104,AB6214,1,17
2026-08-02T02:47:45.251Z,deep_scan,20260802011913_1A-4-7-8-17-28C,30,28C,0,22,M16/2,AB4355,1,12
2026-08-02T02:47:45.251Z,deep_scan,20260802011913_1A-4-7-8-17-28C,30,28C,0,25,M72,AB5657,1,3
2026-08-02T02:48:15.164Z,deep_scan,20260802011913_1A-4-7-8-17-28C,30,28C,0,5,M157,AB5457,1,25
2026-08-02T02:48:15.164Z,deep_scan,20260802011913_1A-4-7-8-17-28C,30,28C,0,14,M104,AB6214,0,37
2026-08-02T02:48:15.164Z,deep_scan,20260802011913_1A-4-7-8-17-28C,30,28C,0,22,M16/2,AB4355,1,12
2026-08-02T02:48:15.164Z,deep_scan,20260802011913_1A-4-7-8-17-28C,30,28C,0,26,M149,AB5657,1,40
2026-08-02T02:48:45.279Z,deep_scan,20260802011913_1A-4-7-8-17-28C,30,28C,0,6,M163,AB5457,1,49
2026-08-02T02:48:45.279Z,deep_scan,20260802011913_1A-4-7-8-17-28C,30,28C,0,15,M43,AB6214,1,10
2026-08-02T02:48:45.279Z,deep_scan,20260802011913_1A-4-7-8-17-28C,30,28C,0,22,M16/2,AB4355,1,12
2026-08-02T02:48:45.279Z,deep_scan,20260802011913_1A-4-7-8-17-28C,30,28C,0,26,M149,AB5657,1,30
2026-08-02T02:49:15.216Z,deep_scan,20260802011913_1A-4-7-8-17-28C,30,28C,0,6,M163,AB5457,1,13
2026-08-02T02:49:15.216Z,deep_scan,20260802011913_1A-4-7-8-17-28C,30,28C,0,15,M43,AB6214,0,17
2026-08-02T02:49:15.216Z,deep_scan,20260802011913_1A-4-7-8-17-28C,30,28C,0,22,M16/2,AB4355,0,23
2026-08-02T02:49:15.216Z,deep_scan,20260802011913_1A-4-7-8-17-28C,30,28C,0,26,M149,AB5657,0,1
2026-08-02T02:49:45.220Z,deep_scan,20260802011913_1A-4-7-8-17-28C,30,28C,0,7,M164,AB5457,1,9
2026-08-02T02:49:45.220Z,deep_scan,20260802011913_1A-4-7-8-17-28C,30,28C,0,16,M40,AB6214,1,30
2026-08-02T02:49:45.220Z,deep_scan,20260802011913_1A-4-7-8-17-28C,30,28C,0,22,M16/2,AB4355,0,29
2026-08-02T02:49:45.220Z,deep_scan,20260802011913_1A-4-7-8-17-28C,30,28C,0,27,M145/2,AB5657,1,26
2026-08-02T02:50:15.268Z,deep_scan,20260802011913_1A-4-7-8-17-28C,30,28C,0,7,M164,AB5457,0,47
2026-08-02T02:50:15.268Z,deep_scan,20260802011913_1A-4-7-8-17-28C,30,28C,0,16,M40,AB6214,0,21
2026-08-02T02:50:15.268Z,deep_scan,20260802011913_1A-4-7-8-17-28C,30,28C,0,22,M16/2,AB4355,0,29
2026-08-02T02:50:15.268Z,deep_scan,20260802011913_1A-4-7-8-17-28C,30,28C,0,27,M145/2,AB5657,0,10
2026-08-02T02:50:45.264Z,deep_scan,20260802011913_1A-4-7-8-17-28C,30,28C,0,8,M151,AB5457,1,8
2026-08-02T02:50:45.264Z,deep_scan,20260802011913_1A-4-7-8-17-28C,30,28C,0,16,M40,AB6214,0,21
2026-08-02T02:50:45.264Z,deep_scan,20260802011913_1A-4-7-8-17-28C,30,28C,0,22,M16/2,AB4355,0,19
2026-08-02T02:50:45.264Z,deep_scan,20260802011913_1A-4-7-8-17-28C,30,28C,0,28,M165,AB5657,1,28
2026-08-02T02:51:15.332Z,deep_scan,20260802011913_1A-4-7-8-17-28C,30,28C,0,8,M151,AB5457,0,9
2026-08-02T02:51:15.332Z,deep_scan,20260802011913_1A-4-7-8-17-28C,30,28C,0,16,M40,AB6214,0,8
2026-08-02T02:51:15.332Z,deep_scan,20260802011913_1A-4-7-8-17-28C,30,28C,0,23,M98,AB4355,1,21
2026-08-02T02:51:15.332Z,deep_scan,20260802011913_1A-4-7-8-17-28C,30,28C,0,29,M163,AB5657,1,35
2026-08-02T02:51:45.264Z,deep_scan,20260802011913_1A-4-7-8-17-28C,30,28C,0,9,M150,AB5457,1,12
2026-08-02T02:51:45.264Z,deep_scan,20260802011913_1A-4-7-8-17-28C,30,28C,0,17,M28/2,AB6214,1,26
2026-08-02T02:51:45.264Z,deep_scan,20260802011913_1A-4-7-8-17-28C,30,28C,0,23,M98,AB4355,1,21
2026-08-02T02:51:45.264Z,deep_scan,20260802011913_1A-4-7-8-17-28C,30,28C,0,29,M163,AB5657,0,29
2026-08-02T02:52:15.384Z,deep_scan,20260802011913_1A-4-7-8-17-28C,30,28C,0,9,M150,AB5457,1,15
2026-08-02T02:52:15.384Z,deep_scan,20260802011913_1A-4-7-8-17-28C,30,28C,0,17,M28/2,AB6214,0,24
2026-08-02T02:52:15.384Z,deep_scan,20260802011913_1A-4-7-8-17-28C,30,28C,0,23,M98,AB4355,0,29
2026-08-02T02:52:15.384Z,deep_scan,20260802011913_1A-4-7-8-17-28C,30,28C,0,29,M163,AB5657,0,4
2026-08-02T02:52:45.250Z,deep_scan,20260802011913_1A-4-7-8-17-28C,30,28C,0,9,M150,AB5457,0,16
2026-08-02T02:52:45.250Z,deep_scan,20260802011913_1A-4-7-8-17-28C,30,28C,0,17,M28/2,AB6214,0,8
2026-08-02T02:52:45.250Z,deep_scan,20260802011913_1A-4-7-8-17-28C,30,28C,0,24,M88,AB4355,1,17
2026-08-02T02:52:45.250Z,deep_scan,20260802011913_1A-4-7-8-17-28C,30,28C,0,30,M160/2,AB5657,1,5
2026-08-02T02:53:15.333Z,deep_scan,20260802011913_1A-4-7-8-17-28C,30,28C,0,10,M148,AB5457,1,18
2026-08-02T02:53:15.333Z,deep_scan,20260802011913_1A-4-7-8-17-28C,30,28C,0,18,M227,AB6214,1,10
2026-08-02T02:53:15.333Z,deep_scan,20260802011913_1A-4-7-8-17-28C,30,28C,0,24,M88,AB4355,0,17
2026-08-02T02:53:15.333Z,deep_scan,20260802011913_1A-4-7-8-17-28C,30,28C,0,30,M160/2,AB5657,1,3
2026-08-02T02:53:45.255Z,deep_scan,20260802011913_1A-4-7-8-17-28C,30,28C,0,10,M148,AB5457,1,15
2026-08-02T02:53:45.255Z,deep_scan,20260802011913_1A-4-7-8-17-28C,30,28C,0,18,M227,AB6214,1,1
2026-08-02T02:53:45.255Z,deep_scan,20260802011913_1A-4-7-8-17-28C,30,28C,0,24,M88,AB4355,0,25
2026-08-02T02:53:45.255Z,deep_scan,20260802011913_1A-4-7-8-17-28C,30,28C,0,31,M158/1,AB5657,1,23
2026-08-02T02:54:15.270Z,deep_scan,20260802011913_1A-4-7-8-17-28C,30,28C,0,10,M148,AB5457,0,33
2026-08-02T02:54:15.270Z,deep_scan,20260802011913_1A-4-7-8-17-28C,30,28C,0,18,M227,AB6214,0,1
2026-08-02T02:54:15.270Z,deep_scan,20260802011913_1A-4-7-8-17-28C,30,28C,0,24,M88,AB4355,0,2
2026-08-02T02:54:15.270Z,deep_scan,20260802011913_1A-4-7-8-17-28C,30,28C,0,31,M158/1,AB5657,1,6
2026-08-02T02:54:45.284Z,deep_scan,20260802011913_1A-4-7-8-17-28C,30,28C,0,10,M148,AB5457,0,13
2026-08-02T02:54:45.284Z,deep_scan,20260802011913_1A-4-7-8-17-28C,30,28C,0,18,M227,AB6214,0,25
2026-08-02T02:54:45.284Z,deep_scan,20260802011913_1A-4-7-8-17-28C,30,28C,0,24,M88,AB4355,0,19
2026-08-02T02:54:45.284Z,deep_scan,20260802011913_1A-4-7-8-17-28C,30,28C,0,31,M158/1,AB5657,0,5
2026-08-02T02:55:15.302Z,deep_scan,20260802011913_1A-4-7-8-17-28C,30,28C,0,10,M148,AB5457,0,6
2026-08-02T02:55:15.302Z,deep_scan,20260802011913_1A-4-7-8-17-28C,30,28C,0,19,M244,AB6214,1,21
2026-08-02T02:55:15.302Z,deep_scan,20260802011913_1A-4-7-8-17-28C,30,28C,0,24,M88,AB4355,0,36
2026-08-02T02:55:15.302Z,deep_scan,20260802011913_1A-4-7-8-17-28C,30,28C,0,31,M158/1,AB5657,0,1
2026-08-02T02:55:45.273Z,deep_scan,20260802011913_1A-4-7-8-17-28C,30,28C,0,10,M148,AB5457,0,6
2026-08-02T02:55:45.273Z,deep_scan,20260802011913_1A-4-7-8-17-28C,30,28C,0,19,M244,AB6214,1,21
2026-08-02T02:55:45.273Z,deep_scan,20260802011913_1A-4-7-8-17-28C,30,28C,0,25,M72,AB4355,1,20
2026-08-02T02:55:45.273Z,deep_scan,20260802011913_1A-4-7-8-17-28C,30,28C,0,32,M161,AB5657,1,25
2026-08-02T02:56:15.399Z,deep_scan,20260802011913_1A-4-7-8-17-28C,30,28C,0,10,M148,AB5457,0,6
2026-08-02T02:56:15.399Z,deep_scan,20260802011913_1A-4-7-8-17-28C,30,28C,0,19,M244,AB6214,1,25
2026-08-02T02:56:15.399Z,deep_scan,20260802011913_1A-4-7-8-17-28C,30,28C,0,26,M149,AB4355,1,21
2026-08-02T02:56:15.399Z,deep_scan,20260802011913_1A-4-7-8-17-28C,30,28C,0,32,M161,AB5657,1,18
2026-08-02T02:56:45.272Z,deep_scan,20260802011913_1A-4-7-8-17-28C,30,28C,0,10,M148,AB5457,0,20
2026-08-02T02:56:45.272Z,deep_scan,20260802011913_1A-4-7-8-17-28C,30,28C,0,19,M244,AB6214,0,24
2026-08-02T02:56:45.272Z,deep_scan,20260802011913_1A-4-7-8-17-28C,30,28C,0,26,M149,AB4355,0,18
2026-08-02T02:56:45.272Z,deep_scan,20260802011913_1A-4-7-8-17-28C,30,28C,0,32,M161,AB5657,0,16
2026-08-02T02:57:15.305Z,deep_scan,20260802011913_1A-4-7-8-17-28C,30,28C,0,10,M148,AB5457,0,26
2026-08-02T02:57:15.305Z,deep_scan,20260802011913_1A-4-7-8-17-28C,30,28C,0,20,M216,AB6214,1,8
2026-08-02T02:57:15.305Z,deep_scan,20260802011913_1A-4-7-8-17-28C,30,28C,0,26,M149,AB4355,0,18
2026-08-02T02:57:15.305Z,deep_scan,20260802011913_1A-4-7-8-17-28C,30,28C,0,33,M70,AB5657,1,32
2026-08-02T02:57:45.279Z,deep_scan,20260802011913_1A-4-7-8-17-28C,30,28C,0,0,M62/3,AB4326,1,5
2026-08-02T02:57:45.279Z,deep_scan,20260802011913_1A-4-7-8-17-28C,30,28C,0,11,M76/1,AB5457,1,1
2026-08-02T02:57:45.279Z,deep_scan,20260802011913_1A-4-7-8-17-28C,30,28C,0,20,M216,AB6214,1,8
2026-08-02T02:57:45.279Z,deep_scan,20260802011913_1A-4-7-8-17-28C,30,28C,0,27,M145/2,AB4355,1,18
2026-08-02T02:57:45.279Z,deep_scan,20260802011913_1A-4-7-8-17-28C,30,28C,0,34,M118,AB5657,1,3
2026-08-02T02:58:15.324Z,deep_scan,20260802011913_1A-4-7-8-17-28C,30,28C,0,0,M62/3,AB4326,1,5
2026-08-02T02:58:15.324Z,deep_scan,20260802011913_1A-4-7-8-17-28C,30,28C,0,11,M76/1,AB5457,0,26
2026-08-02T02:58:15.324Z,deep_scan,20260802011913_1A-4-7-8-17-28C,30,28C,0,20,M216,AB6214,0,21
2026-08-02T02:58:15.324Z,deep_scan,20260802011913_1A-4-7-8-17-28C,30,28C,0,27,M145/2,AB4355,0,24
2026-08-02T02:58:15.324Z,deep_scan,20260802011913_1A-4-7-8-17-28C,30,28C,0,34,M118,AB5657,0,19
2026-08-02T02:58:45.294Z,deep_scan,20260802011913_1A-4-7-8-17-28C,30,28C,0,0,M62/3,AB4326,1,2
2026-08-02T02:58:45.294Z,deep_scan,20260802011913_1A-4-7-8-17-28C,30,28C,0,12,M84/1,AB5457,1,22
2026-08-02T02:58:45.294Z,deep_scan,20260802011913_1A-4-7-8-17-28C,30,28C,0,20,M216,AB6214,0,21
2026-08-02T02:58:45.294Z,deep_scan,20260802011913_1A-4-7-8-17-28C,30,28C,0,28,M165,AB4355,0,29
2026-08-02T02:58:45.294Z,deep_scan,20260802011913_1A-4-7-8-17-28C,30,28C,0,35,M62/3,AB5657,1,0
2026-08-02T02:59:15.346Z,deep_scan,20260802011913_1A-4-7-8-17-28C,30,28C,0,0,M62/3,AB4326,0,24
2026-08-02T02:59:15.346Z,deep_scan,20260802011913_1A-4-7-8-17-28C,30,28C,0,12,M84/1,AB5457,1,7
2026-08-02T02:59:15.346Z,deep_scan,20260802011913_1A-4-7-8-17-28C,30,28C,0,20,M216,AB6214,0,21
2026-08-02T02:59:15.346Z,deep_scan,20260802011913_1A-4-7-8-17-28C,30,28C,0,29,M163,AB4355,1,35
2026-08-02T02:59:15.346Z,deep_scan,20260802011913_1A-4-7-8-17-28C,30,28C,0,35,M62/3,AB5657,1,0
2026-08-02T02:59:45.292Z,deep_scan,20260802011913_1A-4-7-8-17-28C,30,28C,0,0,M62/3,AB4326,0,39
2026-08-02T02:59:45.292Z,deep_scan,20260802011913_1A-4-7-8-17-28C,30,28C,0,12,M84/1,AB5457,0,20
2026-08-02T02:59:45.292Z,deep_scan,20260802011913_1A-4-7-8-17-28C,30,28C,0,20,M216,AB6214,0,21
2026-08-02T02:59:45.292Z,deep_scan,20260802011913_1A-4-7-8-17-28C,30,28C,0,29,M163,AB4355,0,22
2026-08-02T02:59:45.292Z,deep_scan,20260802011913_1A-4-7-8-17-28C,30,28C,0,35,M62/3,AB5657,1,0
2026-08-02T03:00:15.385Z,deep_scan,20260802011913_1A-4-7-8-17-28C,30,28C,0,1,M117,AB4326,1,14
2026-08-02T03:00:15.385Z,deep_scan,20260802011913_1A-4-7-8-17-28C,30,28C,0,12,M84/1,AB5457,0,20
2026-08-02T03:00:15.385Z,deep_scan,20260802011913_1A-4-7-8-17-28C,30,28C,0,20,M216,AB6214,0,9
2026-08-02T03:00:15.385Z,deep_scan,20260802011913_1A-4-7-8-17-28C,30,28C,0,30,M160/2,AB4355,1,29
2026-08-02T03:00:15.385Z,deep_scan,20260802011913_1A-4-7-8-17-28C,30,28C,0,35,M62/3,AB5657,1,0
2026-08-02T03:00:45.326Z,deep_scan,20260802011913_1A-4-7-8-17-28C,30,28C,0,1,M117,AB4326,0,18
2026-08-02T03:00:45.326Z,deep_scan,20260802011913_1A-4-7-8-17-28C,30,28C,0,12,M84/1,AB5457,0,20
2026-08-02T03:00:45.326Z,deep_scan,20260802011913_1A-4-7-8-17-28C,30,28C,0,20,M216,AB6214,0,9
2026-08-02T03:00:45.326Z,deep_scan,20260802011913_1A-4-7-8-17-28C,30,28C,0,30,M160/2,AB4355,0,8
2026-08-02T03:00:45.326Z,deep_scan,20260802011913_1A-4-7-8-17-28C,30,28C,0,35,M62/3,AB5657,1,0
2026-08-02T03:01:15.443Z,deep_scan,20260802011913_1A-4-7-8-17-28C,30,28C,0,1,M117,AB4326,0,1
2026-08-02T03:01:15.443Z,deep_scan,20260802011913_1A-4-7-8-17-28C,30,28C,0,13,M92,AB5457,1,26
2026-08-02T03:01:15.443Z,deep_scan,20260802011913_1A-4-7-8-17-28C,30,28C,0,20,M216,AB6214,0,30
2026-08-02T03:01:15.443Z,deep_scan,20260802011913_1A-4-7-8-17-28C,30,28C,0,31,M158/1,AB4355,1,11
2026-08-02T03:01:15.443Z,deep_scan,20260802011913_1A-4-7-8-17-28C,30,28C,0,35,M62/3,AB5657,1,0
2026-08-02T03:01:45.300Z,deep_scan,20260802011913_1A-4-7-8-17-28C,30,28C,0,2,M241,AB4326,1,8
2026-08-02T03:01:45.300Z,deep_scan,20260802011913_1A-4-7-8-17-28C,30,28C,0,13,M92,AB5457,0,23
2026-08-02T03:01:45.300Z,deep_scan,20260802011913_1A-4-7-8-17-28C,30,28C,0,20,M216,AB6214,0,24
2026-08-02T03:01:45.300Z,deep_scan,20260802011913_1A-4-7-8-17-28C,30,28C,0,31,M158/1,AB4355,0,8
2026-08-02T03:01:45.300Z,deep_scan,20260802011913_1A-4-7-8-17-28C,30,28C,0,35,M62/3,AB5657,1,0
2026-08-02T03:02:15.360Z,deep_scan,20260802011913_1A-4-7-8-17-28C,30,28C,0,2,M241,AB4326,1,16
2026-08-02T03:02:15.360Z,deep_scan,20260802011913_1A-4-7-8-17-28C,30,28C,0,13,M92,AB5457,0,21
2026-08-02T03:02:15.360Z,deep_scan,20260802011913_1A-4-7-8-17-28C,30,28C,0,20,M216,AB6214,0,9
2026-08-02T03:02:15.360Z,deep_scan,20260802011913_1A-4-7-8-17-28C,30,28C,0,32,M161,AB4355,1,29
2026-08-02T03:02:15.360Z,deep_scan,20260802011913_1A-4-7-8-17-28C,30,28C,0,35,M62/3,AB5657,1,0
2026-08-02T03:02:45.309Z,deep_scan,20260802011913_1A-4-7-8-17-28C,30,28C,0,3,M71,AB4326,1,14
2026-08-02T03:02:45.309Z,deep_scan,20260802011913_1A-4-7-8-17-28C,30,28C,0,14,M104,AB5457,1,32
2026-08-02T03:02:45.309Z,deep_scan,20260802011913_1A-4-7-8-17-28C,30,28C,0,20,M216,AB6214,0,19
2026-08-02T03:02:45.309Z,deep_scan,20260802011913_1A-4-7-8-17-28C,30,28C,0,32,M161,AB4355,0,21
2026-08-02T03:02:45.309Z,deep_scan,20260802011913_1A-4-7-8-17-28C,30,28C,0,35,M62/3,AB5657,1,0
2026-08-02T03:03:15.387Z,deep_scan,20260802011913_1A-4-7-8-17-28C,30,28C,0,3,M71,AB4326,0,20
2026-08-02T03:03:15.387Z,deep_scan,20260802011913_1A-4-7-8-17-28C,30,28C,0,14,M104,AB5457,1,6
2026-08-02T03:03:15.387Z,deep_scan,20260802011913_1A-4-7-8-17-28C,30,28C,0,21,M225,AB6214,1,20
2026-08-02T03:03:15.387Z,deep_scan,20260802011913_1A-4-7-8-17-28C,30,28C,0,33,M70,AB4355,0,40
2026-08-02T03:03:45.352Z,deep_scan,20260802011913_1A-4-7-8-17-28C,30,28C,0,3,M71,AB4326,0,2
2026-08-02T03:03:45.352Z,deep_scan,20260802011913_1A-4-7-8-17-28C,30,28C,0,14,M104,AB5457,1,6
2026-08-02T03:03:45.352Z,deep_scan,20260802011913_1A-4-7-8-17-28C,30,28C,0,21,M225,AB6214,1,20
2026-08-02T03:03:45.352Z,deep_scan,20260802011913_1A-4-7-8-17-28C,30,28C,0,34,M118,AB4355,1,17
2026-08-02T03:04:15.380Z,deep_scan,20260802011913_1A-4-7-8-17-28C,30,28C,0,4,M155,AB4326,1,6
2026-08-02T03:04:15.380Z,deep_scan,20260802011913_1A-4-7-8-17-28C,30,28C,0,15,M43,AB5457,1,26
2026-08-02T03:04:15.380Z,deep_scan,20260802011913_1A-4-7-8-17-28C,30,28C,0,21,M225,AB6214,1,11
2026-08-02T03:04:15.380Z,deep_scan,20260802011913_1A-4-7-8-17-28C,30,28C,0,34,M118,AB4355,0,17
2026-08-02T03:04:45.369Z,deep_scan,20260802011913_1A-4-7-8-17-28C,30,28C,0,4,M155,AB4326,0,35
2026-08-02T03:04:45.369Z,deep_scan,20260802011913_1A-4-7-8-17-28C,30,28C,0,15,M43,AB5457,0,7
2026-08-02T03:04:45.369Z,deep_scan,20260802011913_1A-4-7-8-17-28C,30,28C,0,21,M225,AB6214,0,11
2026-08-02T03:04:45.369Z,deep_scan,20260802011913_1A-4-7-8-17-28C,30,28C,0,34,M118,AB4355,0,21
2026-08-02T03:05:15.340Z,deep_scan,20260802011913_1A-4-7-8-17-28C,30,28C,0,5,M157,AB4326,1,31
2026-08-02T03:05:15.340Z,deep_scan,20260802011913_1A-4-7-8-17-28C,30,28C,0,15,M43,AB5457,0,27
2026-08-02T03:05:15.340Z,deep_scan,20260802011913_1A-4-7-8-17-28C,30,28C,0,21,M225,AB6214,0,30
2026-08-02T03:05:15.340Z,deep_scan,20260802011913_1A-4-7-8-17-28C,30,28C,0,35,M62/3,AB4355,1,0
2026-08-02T03:05:45.427Z,deep_scan,20260802011913_1A-4-7-8-17-28C,30,28C,0,5,M157,AB4326,0,26
2026-08-02T03:05:45.427Z,deep_scan,20260802011913_1A-4-7-8-17-28C,30,28C,0,16,M40,AB5457,0,22
2026-08-02T03:05:45.427Z,deep_scan,20260802011913_1A-4-7-8-17-28C,30,28C,0,21,M225,AB6214,0,24
2026-08-02T03:05:45.427Z,deep_scan,20260802011913_1A-4-7-8-17-28C,30,28C,0,35,M62/3,AB4355,1,0
2026-08-02T03:06:15.331Z,deep_scan,20260802011913_1A-4-7-8-17-28C,30,28C,0,6,M163,AB4326,1,7
2026-08-02T03:06:15.331Z,deep_scan,20260802011913_1A-4-7-8-17-28C,30,28C,0,16,M40,AB5457,0,18
2026-08-02T03:06:15.331Z,deep_scan,20260802011913_1A-4-7-8-17-28C,30,28C,0,21,M225,AB6214,0,37
2026-08-02T03:06:15.331Z,deep_scan,20260802011913_1A-4-7-8-17-28C,30,28C,0,35,M62/3,AB4355,1,0
2026-08-02T03:06:45.330Z,deep_scan,20260802011913_1A-4-7-8-17-28C,30,28C,0,6,M163,AB4326,0,12
2026-08-02T03:06:45.330Z,deep_scan,20260802011913_1A-4-7-8-17-28C,30,28C,0,17,M28/2,AB5457,1,16
2026-08-02T03:06:45.330Z,deep_scan,20260802011913_1A-4-7-8-17-28C,30,28C,0,21,M225,AB6214,0,29
2026-08-02T03:06:45.330Z,deep_scan,20260802011913_1A-4-7-8-17-28C,30,28C,0,35,M62/3,AB4355,1,0
2026-08-02T03:07:15.405Z,deep_scan,20260802011913_1A-4-7-8-17-28C,30,28C,0,7,M164,AB4326,0,28
2026-08-02T03:07:15.405Z,deep_scan,20260802011913_1A-4-7-8-17-28C,30,28C,0,17,M28/2,AB5457,0,9
2026-08-02T03:07:15.405Z,deep_scan,20260802011913_1A-4-7-8-17-28C,30,28C,0,22,M16/2,AB6214,1,23
2026-08-02T03:07:15.405Z,deep_scan,20260802011913_1A-4-7-8-17-28C,30,28C,0,35,M62/3,AB4355,1,0
2026-08-02T03:07:45.466Z,deep_scan,20260802011913_1A-4-7-8-17-28C,30,28C,0,8,M151,AB4326,1,9
2026-08-02T03:07:45.466Z,deep_scan,20260802011913_1A-4-7-8-17-28C,30,28C,0,17,M28/2,AB5457,0,19
2026-08-02T03:07:45.466Z,deep_scan,20260802011913_1A-4-7-8-17-28C,30,28C,0,22,M16/2,AB6214,1,5
2026-08-02T03:07:45.466Z,deep_scan,20260802011913_1A-4-7-8-17-28C,30,28C,0,35,M62/3,AB4355,1,0
2026-08-02T03:08:15.408Z,deep_scan,20260802011913_1A-4-7-8-17-28C,30,28C,0,8,M151,AB4326,0,21
2026-08-02T03:08:15.408Z,deep_scan,20260802011913_1A-4-7-8-17-28C,30,28C,0,17,M28/2,AB5457,0,25
2026-08-02T03:08:15.408Z,deep_scan,20260802011913_1A-4-7-8-17-28C,30,28C,0,22,M16/2,AB6214,1,2
2026-08-02T03:08:15.408Z,deep_scan,20260802011913_1A-4-7-8-17-28C,30,28C,0,35,M62/3,AB4355,1,0
2026-08-02T03:08:45.392Z,deep_scan,20260802011913_1A-4-7-8-17-28C,30,28C,0,9,M150,AB4326,1,21
2026-08-02T03:08:45.392Z,deep_scan,20260802011913_1A-4-7-8-17-28C,30,28C,0,17,M28/2,AB5457,0,9
2026-08-02T03:08:45.392Z,deep_scan,20260802011913_1A-4-7-8-17-28C,30,28C,0,22,M16/2,AB6214,0,27
2026-08-02T03:08:45.392Z,deep_scan,20260802011913_1A-4-7-8-17-28C,30,28C,0,35,M62/3,AB4355,1,0
2026-08-02T03:09:15.419Z,deep_scan,20260802011913_1A-4-7-8-17-28C,30,28C,0,9,M150,AB4326,1,14
2026-08-02T03:09:15.419Z,deep_scan,20260802011913_1A-4-7-8-17-28C,30,28C,0,18,M227,AB5457,1,29
2026-08-02T03:09:15.419Z,deep_scan,20260802011913_1A-4-7-8-17-28C,30,28C,0,22,M16/2,AB6214,0,24
2026-08-02T03:09:15.419Z,deep_scan,20260802011913_1A-4-7-8-17-28C,30,28C,0,35,M62/3,AB4355,1,0
2026-08-02T03:09:45.387Z,deep_scan,20260802011913_1A-4-7-8-17-28C,30,28C,0,9,M150,AB4326,0,7
2026-08-02T03:09:45.387Z,deep_scan,20260802011913_1A-4-7-8-17-28C,30,28C,0,18,M227,AB5457,0,35
2026-08-02T03:09:45.387Z,deep_scan,20260802011913_1A-4-7-8-17-28C,30,28C,0,22,M16/2,AB6214,0,16
2026-08-02T03:10:15.500Z,deep_scan,20260802011913_1A-4-7-8-17-28C,30,28C,0,9,M150,AB4326,0,16
2026-08-02T03:10:15.500Z,deep_scan,20260802011913_1A-4-7-8-17-28C,30,28C,0,19,M244,AB5457,1,23
2026-08-02T03:10:15.500Z,deep_scan,20260802011913_1A-4-7-8-17-28C,30,28C,0,23,M98,AB6214,1,14
2026-08-02T03:10:45.418Z,deep_scan,20260802011913_1A-4-7-8-17-28C,30,28C,0,10,M148,AB4326,1,6
2026-08-02T03:10:45.418Z,deep_scan,20260802011913_1A-4-7-8-17-28C,30,28C,0,19,M244,AB5457,1,23
2026-08-02T03:10:45.418Z,deep_scan,20260802011913_1A-4-7-8-17-28C,30,28C,0,23,M98,AB6214,1,3
2026-08-02T03:11:15.448Z,deep_scan,20260802011913_1A-4-7-8-17-28C,30,28C,0,10,M148,AB4326,0,32
2026-08-02T03:11:15.448Z,deep_scan,20260802011913_1A-4-7-8-17-28C,30,28C,0,19,M244,AB5457,1,23
2026-08-02T03:11:15.448Z,deep_scan,20260802011913_1A-4-7-8-17-28C,30,28C,0,23,M98,AB6214,1,27
2026-08-02T03:11:45.383Z,deep_scan,20260802011913_1A-4-7-8-17-28C,30,28C,0,10,M148,AB4326,0,18
2026-08-02T03:11:45.383Z,deep_scan,20260802011913_1A-4-7-8-17-28C,30,28C,0,19,M244,AB5457,0,23
2026-08-02T03:11:45.383Z,deep_scan,20260802011913_1A-4-7-8-17-28C,30,28C,0,23,M98,AB6214,0,1
2026-08-02T03:12:15.490Z,deep_scan,20260802011913_1A-4-7-8-17-28C,30,28C,0,10,M148,AB4326,0,4
2026-08-02T03:12:15.490Z,deep_scan,20260802011913_1A-4-7-8-17-28C,30,28C,0,19,M244,AB5457,0,22
2026-08-02T03:12:15.490Z,deep_scan,20260802011913_1A-4-7-8-17-28C,30,28C,0,24,M88,AB6214,1,29
2026-08-02T03:12:45.406Z,deep_scan,20260802011913_1A-4-7-8-17-28C,30,28C,0,0,M62/3,AB5657,1,4
2026-08-02T03:12:45.406Z,deep_scan,20260802011913_1A-4-7-8-17-28C,30,28C,0,10,M148,AB4326,0,4
2026-08-02T03:12:45.406Z,deep_scan,20260802011913_1A-4-7-8-17-28C,30,28C,0,19,M244,AB5457,0,7
2026-08-02T03:12:45.406Z,deep_scan,20260802011913_1A-4-7-8-17-28C,30,28C,0,24,M88,AB6214,0,29
2026-08-02T03:13:15.502Z,deep_scan,20260802011913_1A-4-7-8-17-28C,30,28C,0,0,M62/3,AB5657,0,29
2026-08-02T03:13:15.502Z,deep_scan,20260802011913_1A-4-7-8-17-28C,30,28C,0,10,M148,AB4326,0,24
2026-08-02T03:13:15.502Z,deep_scan,20260802011913_1A-4-7-8-17-28C,30,28C,0,19,M244,AB5457,0,33
2026-08-02T03:13:15.502Z,deep_scan,20260802011913_1A-4-7-8-17-28C,30,28C,0,24,M88,AB6214,0,14
2026-08-02T03:13:45.423Z,deep_scan,20260802011913_1A-4-7-8-17-28C,30,28C,0,0,M62/3,AB5657,0,44
2026-08-02T03:13:45.423Z,deep_scan,20260802011913_1A-4-7-8-17-28C,30,28C,0,11,M76/1,AB4326,1,17
2026-08-02T03:13:45.423Z,deep_scan,20260802011913_1A-4-7-8-17-28C,30,28C,0,20,M216,AB5457,1,18
2026-08-02T03:13:45.423Z,deep_scan,20260802011913_1A-4-7-8-17-28C,30,28C,0,24,M88,AB6214,0,16
2026-08-02T03:14:15.484Z,deep_scan,20260802011913_1A-4-7-8-17-28C,30,28C,0,1,M117,AB5657,0,18
2026-08-02T03:14:15.484Z,deep_scan,20260802011913_1A-4-7-8-17-28C,30,28C,0,11,M76/1,AB4326,1,2
2026-08-02T03:14:15.484Z,deep_scan,20260802011913_1A-4-7-8-17-28C,30,28C,0,20,M216,AB5457,1,18
2026-08-02T03:14:15.484Z,deep_scan,20260802011913_1A-4-7-8-17-28C,30,28C,0,24,M88,AB6214,0,24
2026-08-02T03:14:45.477Z,deep_scan,20260802011913_1A-4-7-8-17-28C,30,28C,0,2,M241,AB5657,1,27
2026-08-02T03:14:45.477Z,deep_scan,20260802011913_1A-4-7-8-17-28C,30,28C,0,11,M76/1,AB4326,1,19
2026-08-02T03:14:45.477Z,deep_scan,20260802011913_1A-4-7-8-17-28C,30,28C,0,20,M216,AB5457,0,24
2026-08-02T03:14:45.477Z,deep_scan,20260802011913_1A-4-7-8-17-28C,30,28C,0,24,M88,AB6214,0,6
2026-08-02T03:15:15.510Z,deep_scan,20260802011913_1A-4-7-8-17-28C,30,28C,0,2,M241,AB5657,0,28
2026-08-02T03:15:15.510Z,deep_scan,20260802011913_1A-4-7-8-17-28C,30,28C,0,11,M76/1,AB4326,0,2
2026-08-02T03:15:15.510Z,deep_scan,20260802011913_1A-4-7-8-17-28C,30,28C,0,20,M216,AB5457,0,7
2026-08-02T03:15:15.510Z,deep_scan,20260802011913_1A-4-7-8-17-28C,30,28C,0,24,M88,AB6214,0,6
2026-08-02T03:15:45.466Z,deep_scan,20260802011913_1A-4-7-8-17-28C,30,28C,0,3,M71,AB5657,1,10
2026-08-02T03:15:45.466Z,deep_scan,20260802011913_1A-4-7-8-17-28C,30,28C,0,12,M84/1,AB4326,1,22
2026-08-02T03:15:45.466Z,deep_scan,20260802011913_1A-4-7-8-17-28C,30,28C,0,20,M216,AB5457,0,42
2026-08-02T03:15:45.466Z,deep_scan,20260802011913_1A-4-7-8-17-28C,30,28C,0,24,M88,AB6214,0,6
2026-08-02T03:16:15.465Z,deep_scan,20260802011913_1A-4-7-8-17-28C,30,28C,0,4,M155,AB5657,1,18
2026-08-02T03:16:15.465Z,deep_scan,20260802011913_1A-4-7-8-17-28C,30,28C,0,12,M84/1,AB4326,1,1
2026-08-02T03:16:15.465Z,deep_scan,20260802011913_1A-4-7-8-17-28C,30,28C,0,20,M216,AB5457,0,29
2026-08-02T03:16:15.465Z,deep_scan,20260802011913_1A-4-7-8-17-28C,30,28C,0,24,M88,AB6214,0,8
2026-08-02T03:16:45.533Z,deep_scan,20260802011913_1A-4-7-8-17-28C,30,28C,0,4,M155,AB5657,0,16
2026-08-02T03:16:45.533Z,deep_scan,20260802011913_1A-4-7-8-17-28C,30,28C,0,12,M84/1,AB4326,1,1
2026-08-02T03:16:45.533Z,deep_scan,20260802011913_1A-4-7-8-17-28C,30,28C,0,20,M216,AB5457,0,29
2026-08-02T03:16:45.533Z,deep_scan,20260802011913_1A-4-7-8-17-28C,30,28C,0,25,M72,AB6214,1,33
2026-08-02T03:17:15.499Z,deep_scan,20260802011913_1A-4-7-8-17-28C,30,28C,0,5,M157,AB5657,1,35
2026-08-02T03:17:15.499Z,deep_scan,20260802011913_1A-4-7-8-17-28C,30,28C,0,12,M84/1,AB4326,0,12
2026-08-02T03:17:15.499Z,deep_scan,20260802011913_1A-4-7-8-17-28C,30,28C,0,21,M225,AB5457,1,1
2026-08-02T03:17:15.499Z,deep_scan,20260802011913_1A-4-7-8-17-28C,30,28C,0,25,M72,AB6214,0,13
2026-08-02T03:17:45.510Z,deep_scan,20260802011913_1A-4-7-8-17-28C,30,28C,0,5,M157,AB5657,0,2
2026-08-02T03:17:45.510Z,deep_scan,20260802011913_1A-4-7-8-17-28C,30,28C,0,12,M84/1,AB4326,0,2
2026-08-02T03:17:45.510Z,deep_scan,20260802011913_1A-4-7-8-17-28C,30,28C,0,21,M225,AB5457,1,1
2026-08-02T03:17:45.510Z,deep_scan,20260802011913_1A-4-7-8-17-28C,30,28C,0,26,M149,AB6214,1,26
2026-08-02T03:18:15.498Z,deep_scan,20260802011913_1A-4-7-8-17-28C,30,28C,0,6,M163,AB5657,1,9
2026-08-02T03:18:15.498Z,deep_scan,20260802011913_1A-4-7-8-17-28C,30,28C,0,12,M84/1,AB4326,0,15
2026-08-02T03:18:15.498Z,deep_scan,20260802011913_1A-4-7-8-17-28C,30,28C,0,21,M225,AB5457,1,1
2026-08-02T03:18:15.498Z,deep_scan,20260802011913_1A-4-7-8-17-28C,30,28C,0,26,M149,AB6214,0,8
2026-08-02T03:18:45.514Z,deep_scan,20260802011913_1A-4-7-8-17-28C,30,28C,0,6,M163,AB5657,0,12
2026-08-02T03:18:45.514Z,deep_scan,20260802011913_1A-4-7-8-17-28C,30,28C,0,13,M92,AB4326,1,29
2026-08-02T03:18:45.514Z,deep_scan,20260802011913_1A-4-7-8-17-28C,30,28C,0,21,M225,AB5457,1,1
2026-08-02T03:18:45.514Z,deep_scan,20260802011913_1A-4-7-8-17-28C,30,28C,0,26,M149,AB6214,0,26
2026-08-02T03:19:15.498Z,deep_scan,20260802011913_1A-4-7-8-17-28C,30,28C,0,7,M164,AB5657,0,37
2026-08-02T03:19:15.498Z,deep_scan,20260802011913_1A-4-7-8-17-28C,30,28C,0,13,M92,AB4326,0,9
2026-08-02T03:19:15.498Z,deep_scan,20260802011913_1A-4-7-8-17-28C,30,28C,0,21,M225,AB5457,1,11
2026-08-02T03:19:15.498Z,deep_scan,20260802011913_1A-4-7-8-17-28C,30,28C,0,27,M145/2,AB6214,1,13
2026-08-02T03:19:45.524Z,deep_scan,20260802011913_1A-4-7-8-17-28C,30,28C,0,8,M151,AB5657,1,16
2026-08-02T03:19:45.524Z,deep_scan,20260802011913_1A-4-7-8-17-28C,30,28C,0,13,M92,AB4326,0,13
2026-08-02T03:19:45.524Z,deep_scan,20260802011913_1A-4-7-8-17-28C,30,28C,0,21,M225,AB5457,1,3
2026-08-02T03:19:45.524Z,deep_scan,20260802011913_1A-4-7-8-17-28C,30,28C,0,27,M145/2,AB6214,1,2
2026-08-02T03:20:15.572Z,deep_scan,20260802011913_1A-4-7-8-17-28C,30,28C,0,8,M151,AB5657,0,49
2026-08-02T03:20:15.572Z,deep_scan,20260802011913_1A-4-7-8-17-28C,30,28C,0,13,M92,AB4326,0,11
2026-08-02T03:20:15.572Z,deep_scan,20260802011913_1A-4-7-8-17-28C,30,28C,0,21,M225,AB5457,0,3
2026-08-02T03:20:15.572Z,deep_scan,20260802011913_1A-4-7-8-17-28C,30,28C,0,27,M145/2,AB6214,1,4
2026-08-02T03:20:45.543Z,deep_scan,20260802011913_1A-4-7-8-17-28C,30,28C,0,8,M151,AB5657,0,2
2026-08-02T03:20:45.543Z,deep_scan,20260802011913_1A-4-7-8-17-28C,30,28C,0,13,M92,AB4326,0,11
2026-08-02T03:20:45.543Z,deep_scan,20260802011913_1A-4-7-8-17-28C,30,28C,0,21,M225,AB5457,0,13
2026-08-02T03:20:45.543Z,deep_scan,20260802011913_1A-4-7-8-17-28C,30,28C,0,28,M165,AB6214,1,20
2026-08-02T03:21:15.557Z,deep_scan,20260802011913_1A-4-7-8-17-28C,30,28C,0,8,M151,AB5657,0,2
2026-08-02T03:21:15.557Z,deep_scan,20260802011913_1A-4-7-8-17-28C,30,28C,0,13,M92,AB4326,0,20
2026-08-02T03:21:15.557Z,deep_scan,20260802011913_1A-4-7-8-17-28C,30,28C,0,21,M225,AB5457,0,32
2026-08-02T03:21:15.557Z,deep_scan,20260802011913_1A-4-7-8-17-28C,30,28C,0,28,M165,AB6214,1,23
2026-08-02T03:21:45.539Z,deep_scan,20260802011913_1A-4-7-8-17-28C,30,28C,0,8,M151,AB5657,0,1
2026-08-02T03:21:45.539Z,deep_scan,20260802011913_1A-4-7-8-17-28C,30,28C,0,14,M104,AB4326,1,25
2026-08-02T03:21:45.539Z,deep_scan,20260802011913_1A-4-7-8-17-28C,30,28C,0,21,M225,AB5457,0,17
2026-08-02T03:21:45.539Z,deep_scan,20260802011913_1A-4-7-8-17-28C,30,28C,0,29,M163,AB6214,1,2
2026-08-02T03:22:15.579Z,deep_scan,20260802011913_1A-4-7-8-17-28C,30,28C,0,8,M151,AB5657,0,2
2026-08-02T03:22:15.579Z,deep_scan,20260802011913_1A-4-7-8-17-28C,30,28C,0,14,M104,AB4326,1,17
2026-08-02T03:22:15.579Z,deep_scan,20260802011913_1A-4-7-8-17-28C,30,28C,0,21,M225,AB5457,0,39
2026-08-02T03:22:15.579Z,deep_scan,20260802011913_1A-4-7-8-17-28C,30,28C,0,29,M163,AB6214,1,22
2026-08-02T03:22:45.539Z,deep_scan,20260802011913_1A-4-7-8-17-28C,30,28C,0,8,M151,AB5657,0,32
2026-08-02T03:22:45.539Z,deep_scan,20260802011913_1A-4-7-8-17-28C,30,28C,0,14,M104,AB4326,1,17
2026-08-02T03:22:45.539Z,deep_scan,20260802011913_1A-4-7-8-17-28C,30,28C,0,22,M16/2,AB5457,1,30
2026-08-02T03:22:45.539Z,deep_scan,20260802011913_1A-4-7-8-17-28C,30,28C,0,29,M163,AB6214,0,16
2026-08-02T03:23:15.676Z,deep_scan,20260802011913_1A-4-7-8-17-28C,30,28C,0,9,M150,AB5657,1,17
2026-08-02T03:23:15.676Z,deep_scan,20260802011913_1A-4-7-8-17-28C,30,28C,0,15,M43,AB4326,1,19
2026-08-02T03:23:15.676Z,deep_scan,20260802011913_1A-4-7-8-17-28C,30,28C,0,22,M16/2,AB5457,1,5
2026-08-02T03:23:15.676Z,deep_scan,20260802011913_1A-4-7-8-17-28C,30,28C,0,30,M160/2,AB6214,1,22
2026-08-02T03:23:45.563Z,deep_scan,20260802011913_1A-4-7-8-17-28C,30,28C,0,9,M150,AB5657,1,9
2026-08-02T03:23:45.563Z,deep_scan,20260802011913_1A-4-7-8-17-28C,30,28C,0,15,M43,AB4326,0,15
2026-08-02T03:23:45.563Z,deep_scan,20260802011913_1A-4-7-8-17-28C,30,28C,0,22,M16/2,AB5457,1,10
2026-08-02T03:23:45.563Z,deep_scan,20260802011913_1A-4-7-8-17-28C,30,28C,0,30,M160/2,AB6214,0,4
2026-08-02T03:24:15.597Z,deep_scan,20260802011913_1A-4-7-8-17-28C,30,28C,0,9,M150,AB5657,0,13
2026-08-02T03:24:15.597Z,deep_scan,20260802011913_1A-4-7-8-17-28C,30,28C,0,16,M40,AB4326,1,25
2026-08-02T03:24:15.597Z,deep_scan,20260802011913_1A-4-7-8-17-28C,30,28C,0,22,M16/2,AB5457,1,10
2026-08-02T03:24:15.597Z,deep_scan,20260802011913_1A-4-7-8-17-28C,30,28C,0,31,M158/1,AB6214,1,34
2026-08-02T03:24:45.582Z,deep_scan,20260802011913_1A-4-7-8-17-28C,30,28C,0,10,M148,AB5657,1,17
2026-08-02T03:24:45.582Z,deep_scan,20260802011913_1A-4-7-8-17-28C,30,28C,0,16,M40,AB4326,0,28
2026-08-02T03:24:45.582Z,deep_scan,20260802011913_1A-4-7-8-17-28C,30,28C,0,22,M16/2,AB5457,1,10
2026-08-02T03:24:45.582Z,deep_scan,20260802011913_1A-4-7-8-17-28C,30,28C,0,31,M158/1,AB6214,0,15
2026-08-02T03:25:15.573Z,deep_scan,20260802011913_1A-4-7-8-17-28C,30,28C,0,10,M148,AB5657,1,17
2026-08-02T03:25:15.573Z,deep_scan,20260802011913_1A-4-7-8-17-28C,30,28C,0,17,M28/2,AB4326,1,26
2026-08-02T03:25:15.573Z,deep_scan,20260802011913_1A-4-7-8-17-28C,30,28C,0,22,M16/2,AB5457,1,9
2026-08-02T03:25:15.573Z,deep_scan,20260802011913_1A-4-7-8-17-28C,30,28C,0,31,M158/1,AB6214,0,15
2026-08-02T03:25:45.622Z,deep_scan,20260802011913_1A-4-7-8-17-28C,30,28C,0,10,M148,AB5657,0,7
2026-08-02T03:25:45.622Z,deep_scan,20260802011913_1A-4-7-8-17-28C,30,28C,0,17,M28/2,AB4326,1,3
2026-08-02T03:25:45.622Z,deep_scan,20260802011913_1A-4-7-8-17-28C,30,28C,0,22,M16/2,AB5457,0,12
2026-08-02T03:25:45.622Z,deep_scan,20260802011913_1A-4-7-8-17-28C,30,28C,0,31,M158/1,AB6214,0,15
2026-08-02T03:26:15.657Z,deep_scan,20260802011913_1A-4-7-8-17-28C,30,28C,0,10,M148,AB5657,0,30
2026-08-02T03:26:15.657Z,deep_scan,20260802011913_1A-4-7-8-17-28C,30,28C,0,17,M28/2,AB4326,0,16
2026-08-02T03:26:15.657Z,deep_scan,20260802011913_1A-4-7-8-17-28C,30,28C,0,22,M16/2,AB5457,0,7
2026-08-02T03:26:15.657Z,deep_scan,20260802011913_1A-4-7-8-17-28C,30,28C,0,31,M158/1,AB6214,0,15
2026-08-02T03:26:45.586Z,deep_scan,20260802011913_1A-4-7-8-17-28C,30,28C,0,10,M148,AB5657,0,24
2026-08-02T03:26:45.586Z,deep_scan,20260802011913_1A-4-7-8-17-28C,30,28C,0,17,M28/2,AB4326,0,4
2026-08-02T03:26:45.586Z,deep_scan,20260802011913_1A-4-7-8-17-28C,30,28C,0,22,M16/2,AB5457,0,7
2026-08-02T03:26:45.586Z,deep_scan,20260802011913_1A-4-7-8-17-28C,30,28C,0,31,M158/1,AB6214,0,15
2026-08-02T03:27:15.640Z,deep_scan,20260802011913_1A-4-7-8-17-28C,30,28C,0,10,M148,AB5657,0,24
2026-08-02T03:27:15.640Z,deep_scan,20260802011913_1A-4-7-8-17-28C,30,28C,0,17,M28/2,AB4326,0,4
2026-08-02T03:27:15.640Z,deep_scan,20260802011913_1A-4-7-8-17-28C,30,28C,0,22,M16/2,AB5457,0,7
2026-08-02T03:27:15.640Z,deep_scan,20260802011913_1A-4-7-8-17-28C,30,28C,0,32,M161,AB6214,1,6
2026-08-02T03:27:45.641Z,deep_scan,20260802011913_1A-4-7-8-17-28C,30,28C,0,10,M148,AB5657,0,16
2026-08-02T03:27:45.641Z,deep_scan,20260802011913_1A-4-7-8-17-28C,30,28C,0,18,M227,AB4326,1,3
2026-08-02T03:27:45.641Z,deep_scan,20260802011913_1A-4-7-8-17-28C,30,28C,0,23,M98,AB5457,1,18
2026-08-02T03:27:45.641Z,deep_scan,20260802011913_1A-4-7-8-17-28C,30,28C,0,32,M161,AB6214,1,6
2026-08-02T03:28:15.684Z,deep_scan,20260802011913_1A-4-7-8-17-28C,30,28C,0,0,M62/3,AB4262,0,21
2026-08-02T03:28:15.684Z,deep_scan,20260802011913_1A-4-7-8-17-28C,30,28C,0,10,M148,AB5657,0,11
2026-08-02T03:28:15.684Z,deep_scan,20260802011913_1A-4-7-8-17-28C,30,28C,0,18,M227,AB4326,0,29
2026-08-02T03:28:15.684Z,deep_scan,20260802011913_1A-4-7-8-17-28C,30,28C,0,23,M98,AB5457,1,17
2026-08-02T03:28:15.684Z,deep_scan,20260802011913_1A-4-7-8-17-28C,30,28C,0,32,M161,AB6214,0,6
2026-08-02T03:28:45.646Z,deep_scan,20260802011913_1A-4-7-8-17-28C,30,28C,0,0,M62/3,AB4262,0,27
2026-08-02T03:28:45.646Z,deep_scan,20260802011913_1A-4-7-8-17-28C,30,28C,0,10,M148,AB5657,0,23
2026-08-02T03:28:45.646Z,deep_scan,20260802011913_1A-4-7-8-17-28C,30,28C,0,19,M244,AB4326,1,12
2026-08-02T03:28:45.646Z,deep_scan,20260802011913_1A-4-7-8-17-28C,30,28C,0,23,M98,AB5457,1,5
2026-08-02T03:28:45.646Z,deep_scan,20260802011913_1A-4-7-8-17-28C,30,28C,0,33,M70,AB6214,1,2
2026-08-02T03:29:15.683Z,deep_scan,20260802011913_1A-4-7-8-17-28C,30,28C,0,1,M117,AB4262,0,21
2026-08-02T03:29:15.683Z,deep_scan,20260802011913_1A-4-7-8-17-28C,30,28C,0,11,M76/1,AB5657,1,15
2026-08-02T03:29:15.683Z,deep_scan,20260802011913_1A-4-7-8-17-28C,30,28C,0,19,M244,AB4326,1,2
2026-08-02T03:29:15.683Z,deep_scan,20260802011913_1A-4-7-8-17-28C,30,28C,0,23,M98,AB5457,0,11
2026-08-02T03:29:15.683Z,deep_scan,20260802011913_1A-4-7-8-17-28C,30,28C,0,33,M70,AB6214,0,35
2026-08-02T03:29:45.756Z,deep_scan,20260802011913_1A-4-7-8-17-28C,30,28C,0,2,M241,AB4262,1,9
2026-08-02T03:29:45.756Z,deep_scan,20260802011913_1A-4-7-8-17-28C,30,28C,0,11,M76/1,AB5657,1,16
2026-08-02T03:29:45.756Z,deep_scan,20260802011913_1A-4-7-8-17-28C,30,28C,0,19,M244,AB4326,1,3
2026-08-02T03:29:45.756Z,deep_scan,20260802011913_1A-4-7-8-17-28C,30,28C,0,24,M88,AB5457,1,12
2026-08-02T03:29:45.756Z,deep_scan,20260802011913_1A-4-7-8-17-28C,30,28C,0,34,M118,AB6214,1,15
2026-08-02T03:30:15.657Z,deep_scan,20260802011913_1A-4-7-8-17-28C,30,28C,0,2,M241,AB4262,0,36
2026-08-02T03:30:15.657Z,deep_scan,20260802011913_1A-4-7-8-17-28C,30,28C,0,11,M76/1,AB5657,0,16
2026-08-02T03:30:15.657Z,deep_scan,20260802011913_1A-4-7-8-17-28C,30,28C,0,19,M244,AB4326,0,10
2026-08-02T03:30:15.657Z,deep_scan,20260802011913_1A-4-7-8-17-28C,30,28C,0,24,M88,AB5457,0,24
2026-08-02T03:30:15.657Z,deep_scan,20260802011913_1A-4-7-8-17-28C,30,28C,0,34,M118,AB6214,0,14
2026-08-02T03:30:45.741Z,deep_scan,20260802011913_1A-4-7-8-17-28C,30,28C,0,3,M71,AB4262,1,18
2026-08-02T03:30:45.741Z,deep_scan,20260802011913_1A-4-7-8-17-28C,30,28C,0,11,M76/1,AB5657,0,19
2026-08-02T03:30:45.741Z,deep_scan,20260802011913_1A-4-7-8-17-28C,30,28C,0,19,M244,AB4326,0,10
2026-08-02T03:30:45.741Z,deep_scan,20260802011913_1A-4-7-8-17-28C,30,28C,0,24,M88,AB5457,0,10
2026-08-02T03:30:45.741Z,deep_scan,20260802011913_1A-4-7-8-17-28C,30,28C,0,34,M118,AB6214,0,3
2026-08-02T03:31:15.690Z,deep_scan,20260802011913_1A-4-7-8-17-28C,30,28C,0,3,M71,AB4262,0,25
2026-08-02T03:31:15.690Z,deep_scan,20260802011913_1A-4-7-8-17-28C,30,28C,0,12,M84/1,AB5657,1,18
2026-08-02T03:31:15.690Z,deep_scan,20260802011913_1A-4-7-8-17-28C,30,28C,0,19,M244,AB4326,0,20
2026-08-02T03:31:15.690Z,deep_scan,20260802011913_1A-4-7-8-17-28C,30,28C,0,24,M88,AB5457,0,10
2026-08-02T03:31:15.690Z,deep_scan,20260802011913_1A-4-7-8-17-28C,30,28C,0,35,M62/3,AB6214,1,0
2026-08-02T03:31:45.689Z,deep_scan,20260802011913_1A-4-7-8-17-28C,30,28C,0,4,M155,AB4262,1,2
2026-08-02T03:31:45.689Z,deep_scan,20260802011913_1A-4-7-8-17-28C,30,28C,0,12,M84/1,AB5657,1,12
2026-08-02T03:31:45.689Z,deep_scan,20260802011913_1A-4-7-8-17-28C,30,28C,0,20,M216,AB4326,1,4
2026-08-02T03:31:45.689Z,deep_scan,20260802011913_1A-4-7-8-17-28C,30,28C,0,24,M88,AB5457,0,6
2026-08-02T03:31:45.689Z,deep_scan,20260802011913_1A-4-7-8-17-28C,30,28C,0,35,M62/3,AB6214,1,0
2026-08-02T03:32:15.682Z,deep_scan,20260802011913_1A-4-7-8-17-28C,30,28C,0,4,M155,AB4262,1,2
2026-08-02T03:32:15.682Z,deep_scan,20260802011913_1A-4-7-8-17-28C,30,28C,0,12,M84/1,AB5657,0,12
2026-08-02T03:32:15.682Z,deep_scan,20260802011913_1A-4-7-8-17-28C,30,28C,0,20,M216,AB4326,0,20
2026-08-02T03:32:15.682Z,deep_scan,20260802011913_1A-4-7-8-17-28C,30,28C,0,24,M88,AB5457,0,6
2026-08-02T03:32:15.682Z,deep_scan,20260802011913_1A-4-7-8-17-28C,30,28C,0,35,M62/3,AB6214,1,0
2026-08-02T03:32:45.698Z,deep_scan,20260802011913_1A-4-7-8-17-28C,30,28C,0,4,M155,AB4262,1,1
2026-08-02T03:32:45.698Z,deep_scan,20260802011913_1A-4-7-8-17-28C,30,28C,0,13,M92,AB5657,1,20
2026-08-02T03:32:45.698Z,deep_scan,20260802011913_1A-4-7-8-17-28C,30,28C,0,20,M216,AB4326,0,31
2026-08-02T03:32:45.698Z,deep_scan,20260802011913_1A-4-7-8-17-28C,30,28C,0,24,M88,AB5457,0,10
2026-08-02T03:32:45.698Z,deep_scan,20260802011913_1A-4-7-8-17-28C,30,28C,0,35,M62/3,AB6214,1,0
2026-08-02T03:33:15.746Z,deep_scan,20260802011913_1A-4-7-8-17-28C,30,28C,0,4,M155,AB4262,0,26
2026-08-02T03:33:15.746Z,deep_scan,20260802011913_1A-4-7-8-17-28C,30,28C,0,13,M92,AB5657,0,8
2026-08-02T03:33:15.746Z,deep_scan,20260802011913_1A-4-7-8-17-28C,30,28C,0,20,M216,AB4326,0,32
2026-08-02T03:33:15.746Z,deep_scan,20260802011913_1A-4-7-8-17-28C,30,28C,0,24,M88,AB5457,0,10
2026-08-02T03:33:15.746Z,deep_scan,20260802011913_1A-4-7-8-17-28C,30,28C,0,35,M62/3,AB6214,1,0
2026-08-02T03:33:45.737Z,deep_scan,20260802011913_1A-4-7-8-17-28C,30,28C,0,5,M157,AB4262,1,25
2026-08-02T03:33:45.737Z,deep_scan,20260802011913_1A-4-7-8-17-28C,30,28C,0,13,M92,AB5657,0,19
2026-08-02T03:33:45.737Z,deep_scan,20260802011913_1A-4-7-8-17-28C,30,28C,0,20,M216,AB4326,0,4
2026-08-02T03:33:45.737Z,deep_scan,20260802011913_1A-4-7-8-17-28C,30,28C,0,24,M88,AB5457,0,23
2026-08-02T03:33:45.737Z,deep_scan,20260802011913_1A-4-7-8-17-28C,30,28C,0,35,M62/3,AB6214,1,0
2026-08-02T03:34:15.715Z,deep_scan,20260802011913_1A-4-7-8-17-28C,30,28C,0,5,M157,AB4262,0,32
2026-08-02T03:34:15.715Z,deep_scan,20260802011913_1A-4-7-8-17-28C,30,28C,0,13,M92,AB5657,0,19
2026-08-02T03:34:15.715Z,deep_scan,20260802011913_1A-4-7-8-17-28C,30,28C,0,21,M225,AB4326,1,19
2026-08-02T03:34:15.715Z,deep_scan,20260802011913_1A-4-7-8-17-28C,30,28C,0,25,M72,AB5457,1,31
2026-08-02T03:34:15.715Z,deep_scan,20260802011913_1A-4-7-8-17-28C,30,28C,0,35,M62/3,AB6214,1,0
2026-08-02T03:34:45.746Z,deep_scan,20260802011913_1A-4-7-8-17-28C,30,28C,0,6,M163,AB4262,1,13
2026-08-02T03:34:45.746Z,deep_scan,20260802011913_1A-4-7-8-17-28C,30,28C,0,13,M92,AB5657,0,19
2026-08-02T03:34:45.746Z,deep_scan,20260802011913_1A-4-7-8-17-28C,30,28C,0,21,M225,AB4326,1,2
2026-08-02T03:34:45.746Z,deep_scan,20260802011913_1A-4-7-8-17-28C,30,28C,0,26,M149,AB5457,1,3
2026-08-02T03:34:45.746Z,deep_scan,20260802011913_1A-4-7-8-17-28C,30,28C,0,35,M62/3,AB6214,1,0
2026-08-02T03:35:15.691Z,deep_scan,20260802011913_1A-4-7-8-17-28C,30,28C,0,6,M163,AB4262,1,23
2026-08-02T03:35:15.691Z,deep_scan,20260802011913_1A-4-7-8-17-28C,30,28C,0,14,M104,AB5657,1,36
2026-08-02T03:35:15.691Z,deep_scan,20260802011913_1A-4-7-8-17-28C,30,28C,0,21,M225,AB4326,1,18
2026-08-02T03:35:15.691Z,deep_scan,20260802011913_1A-4-7-8-17-28C,30,28C,0,26,M149,AB5457,1,32
2026-08-02T03:35:15.691Z,deep_scan,20260802011913_1A-4-7-8-17-28C,30,28C,0,35,M62/3,AB6214,1,0
2026-08-02T03:35:45.764Z,deep_scan,20260802011913_1A-4-7-8-17-28C,30,28C,0,7,M164,AB4262,1,41
2026-08-02T03:35:45.764Z,deep_scan,20260802011913_1A-4-7-8-17-28C,30,28C,0,14,M104,AB5657,0,39
2026-08-02T03:35:45.764Z,deep_scan,20260802011913_1A-4-7-8-17-28C,30,28C,0,21,M225,AB4326,0,18
2026-08-02T03:35:45.764Z,deep_scan,20260802011913_1A-4-7-8-17-28C,30,28C,0,26,M149,AB5457,0,17
2026-08-02T03:36:15.817Z,deep_scan,20260802011913_1A-4-7-8-17-28C,30,28C,0,8,M151,AB4262,0,36
2026-08-02T03:36:15.817Z,deep_scan,20260802011913_1A-4-7-8-17-28C,30,28C,0,14,M104,AB5657,0,39
2026-08-02T03:36:15.817Z,deep_scan,20260802011913_1A-4-7-8-17-28C,30,28C,0,21,M225,AB4326,0,32
2026-08-02T03:36:15.817Z,deep_scan,20260802011913_1A-4-7-8-17-28C,30,28C,0,27,M145/2,AB5457,1,17
2026-08-02T03:36:45.773Z,deep_scan,20260802011913_1A-4-7-8-17-28C,30,28C,0,8,M151,AB4262,0,34
2026-08-02T03:36:45.773Z,deep_scan,20260802011913_1A-4-7-8-17-28C,30,28C,0,15,M43,AB5657,1,24
2026-08-02T03:36:45.773Z,deep_scan,20260802011913_1A-4-7-8-17-28C,30,28C,0,21,M225,AB4326,0,32
2026-08-02T03:36:45.773Z,deep_scan,20260802011913_1A-4-7-8-17-28C,30,28C,0,27,M145/2,AB5457,1,10
2026-08-02T03:37:15.761Z,deep_scan,20260802011913_1A-4-7-8-17-28C,30,28C,0,8,M151,AB4262,0,38
2026-08-02T03:37:15.761Z,deep_scan,20260802011913_1A-4-7-8-17-28C,30,28C,0,15,M43,AB5657,0,18
2026-08-02T03:37:15.761Z,deep_scan,20260802011913_1A-4-7-8-17-28C,30,28C,0,21,M225,AB4326,0,28
2026-08-02T03:37:15.761Z,deep_scan,20260802011913_1A-4-7-8-17-28C,30,28C,0,27,M145/2,AB5457,0,18
2026-08-02T03:37:45.733Z,deep_scan,20260802011913_1A-4-7-8-17-28C,30,28C,0,9,M150,AB4262,1,6
2026-08-02T03:37:45.733Z,deep_scan,20260802011913_1A-4-7-8-17-28C,30,28C,0,16,M40,AB5657,1,38
2026-08-02T03:37:45.733Z,deep_scan,20260802011913_1A-4-7-8-17-28C,30,28C,0,21,M225,AB4326,0,41
2026-08-02T03:37:45.733Z,deep_scan,20260802011913_1A-4-7-8-17-28C,30,28C,0,28,M165,AB5457,0,18
2026-08-02T03:38:15.764Z,deep_scan,20260802011913_1A-4-7-8-17-28C,30,28C,0,9,M150,AB4262,0,17
2026-08-02T03:38:15.764Z,deep_scan,20260802011913_1A-4-7-8-17-28C,30,28C,0,16,M40,AB5657,0,29
2026-08-02T03:38:15.764Z,deep_scan,20260802011913_1A-4-7-8-17-28C,30,28C,0,21,M225,AB4326,0,1
2026-08-02T03:38:15.764Z,deep_scan,20260802011913_1A-4-7-8-17-28C,30,28C,0,28,M165,AB5457,0,37
2026-08-02T03:38:45.791Z,deep_scan,20260802011913_1A-4-7-8-17-28C,30,28C,0,9,M150,AB4262,0,22
2026-08-02T03:38:45.791Z,deep_scan,20260802011913_1A-4-7-8-17-28C,30,28C,0,16,M40,AB5657,0,3
2026-08-02T03:38:45.791Z,deep_scan,20260802011913_1A-4-7-8-17-28C,30,28C,0,21,M225,AB4326,0,1
2026-08-02T03:38:45.791Z,deep_scan,20260802011913_1A-4-7-8-17-28C,30,28C,0,29,M163,AB5457,1,20
2026-08-02T03:39:15.837Z,deep_scan,20260802011913_1A-4-7-8-17-28C,30,28C,0,10,M148,AB4262,1,11
2026-08-02T03:39:15.837Z,deep_scan,20260802011913_1A-4-7-8-17-28C,30,28C,0,17,M28/2,AB5657,1,33
2026-08-02T03:39:15.837Z,deep_scan,20260802011913_1A-4-7-8-17-28C,30,28C,0,22,M16/2,AB4326,1,12
2026-08-02T03:39:15.837Z,deep_scan,20260802011913_1A-4-7-8-17-28C,30,28C,0,29,M163,AB5457,1,20
2026-08-02T03:39:45.762Z,deep_scan,20260802011913_1A-4-7-8-17-28C,30,28C,0,10,M148,AB4262,1,16
2026-08-02T03:39:45.762Z,deep_scan,20260802011913_1A-4-7-8-17-28C,30,28C,0,17,M28/2,AB5657,1,29
2026-08-02T03:39:45.762Z,deep_scan,20260802011913_1A-4-7-8-17-28C,30,28C,0,22,M16/2,AB4326,1,12
2026-08-02T03:39:45.762Z,deep_scan,20260802011913_1A-4-7-8-17-28C,30,28C,0,29,M163,AB5457,0,27
2026-08-02T03:40:15.892Z,deep_scan,20260802011913_1A-4-7-8-17-28C,30,28C,0,10,M148,AB4262,0,21
2026-08-02T03:40:15.892Z,deep_scan,20260802011913_1A-4-7-8-17-28C,30,28C,0,17,M28/2,AB5657,0,2
2026-08-02T03:40:15.892Z,deep_scan,20260802011913_1A-4-7-8-17-28C,30,28C,0,22,M16/2,AB4326,1,12
2026-08-02T03:40:15.892Z,deep_scan,20260802011913_1A-4-7-8-17-28C,30,28C,0,29,M163,AB5457,0,16
2026-08-02T03:40:45.761Z,deep_scan,20260802011913_1A-4-7-8-17-28C,30,28C,0,10,M148,AB4262,0,30
2026-08-02T03:40:45.761Z,deep_scan,20260802011913_1A-4-7-8-17-28C,30,28C,0,17,M28/2,AB5657,0,18
2026-08-02T03:40:45.761Z,deep_scan,20260802011913_1A-4-7-8-17-28C,30,28C,0,22,M16/2,AB4326,0,29
2026-08-02T03:40:45.761Z,deep_scan,20260802011913_1A-4-7-8-17-28C,30,28C,0,30,M160/2,AB5457,1,11
2026-08-02T03:41:15.799Z,deep_scan,20260802011913_1A-4-7-8-17-28C,30,28C,0,10,M148,AB4262,0,28
2026-08-02T03:41:15.799Z,deep_scan,20260802011913_1A-4-7-8-17-28C,30,28C,0,17,M28/2,AB5657,0,7
2026-08-02T03:41:15.799Z,deep_scan,20260802011913_1A-4-7-8-17-28C,30,28C,0,22,M16/2,AB4326,0,2
2026-08-02T03:41:15.799Z,deep_scan,20260802011913_1A-4-7-8-17-28C,30,28C,0,30,M160/2,AB5457,1,15
2026-08-02T03:41:45.799Z,deep_scan,20260802011913_1A-4-7-8-17-28C,30,28C,0,0,M62/3,AB6214,1,20
2026-08-02T03:41:45.799Z,deep_scan,20260802011913_1A-4-7-8-17-28C,30,28C,0,10,M148,AB4262,0,16
2026-08-02T03:41:45.799Z,deep_scan,20260802011913_1A-4-7-8-17-28C,30,28C,0,17,M28/2,AB5657,0,7
2026-08-02T03:41:45.799Z,deep_scan,20260802011913_1A-4-7-8-17-28C,30,28C,0,22,M16/2,AB4326,0,2
2026-08-02T03:41:45.799Z,deep_scan,20260802011913_1A-4-7-8-17-28C,30,28C,0,30,M160/2,AB5457,0,15
2026-08-02T03:42:15.864Z,deep_scan,20260802011913_1A-4-7-8-17-28C,30,28C,0,0,M62/3,AB6214,1,20
2026-08-02T03:42:15.864Z,deep_scan,20260802011913_1A-4-7-8-17-28C,30,28C,0,10,M148,AB4262,0,29
2026-08-02T03:42:15.864Z,deep_scan,20260802011913_1A-4-7-8-17-28C,30,28C,0,18,M227,AB5657,1,31
2026-08-02T03:42:15.864Z,deep_scan,20260802011913_1A-4-7-8-17-28C,30,28C,0,22,M16/2,AB4326,0,17
2026-08-02T03:42:15.864Z,deep_scan,20260802011913_1A-4-7-8-17-28C,30,28C,0,31,M158/1,AB5457,1,5
2026-08-02T03:42:45.778Z,deep_scan,20260802011913_1A-4-7-8-17-28C,30,28C,0,0,M62/3,AB6214,1,15
2026-08-02T03:42:45.778Z,deep_scan,20260802011913_1A-4-7-8-17-28C,30,28C,0,11,M76/1,AB4262,1,18
2026-08-02T03:42:45.778Z,deep_scan,20260802011913_1A-4-7-8-17-28C,30,28C,0,18,M227,AB5657,0,4
2026-08-02T03:42:45.778Z,deep_scan,20260802011913_1A-4-7-8-17-28C,30,28C,0,23,M98,AB4326,1,4
2026-08-02T03:42:45.778Z,deep_scan,20260802011913_1A-4-7-8-17-28C,30,28C,0,31,M158/1,AB5457,1,5
2026-08-02T03:43:15.730Z,deep_scan,20260802011913_1A-4-7-8-17-28C,30,28C,0,0,M62/3,AB6214,0,38
2026-08-02T03:43:15.730Z,deep_scan,20260802011913_1A-4-7-8-17-28C,30,28C,0,11,M76/1,AB4262,1,10
2026-08-02T03:43:15.730Z,deep_scan,20260802011913_1A-4-7-8-17-28C,30,28C,0,18,M227,AB5657,0,3
2026-08-02T03:43:15.730Z,deep_scan,20260802011913_1A-4-7-8-17-28C,30,28C,0,23,M98,AB4326,1,17
2026-08-02T03:43:15.730Z,deep_scan,20260802011913_1A-4-7-8-17-28C,30,28C,0,31,M158/1,AB5457,0,12
2026-08-02T03:43:45.805Z,deep_scan,20260802011913_1A-4-7-8-17-28C,30,28C,0,1,M117,AB6214,1,35
2026-08-02T03:43:45.805Z,deep_scan,20260802011913_1A-4-7-8-17-28C,30,28C,0,11,M76/1,AB4262,0,10
2026-08-02T03:43:45.805Z,deep_scan,20260802011913_1A-4-7-8-17-28C,30,28C,0,19,M244,AB5657,1,1
2026-08-02T03:43:45.805Z,deep_scan,20260802011913_1A-4-7-8-17-28C,30,28C,0,23,M98,AB4326,0,21
2026-08-02T03:43:45.805Z,deep_scan,20260802011913_1A-4-7-8-17-28C,30,28C,0,31,M158/1,AB5457,0,12
2026-08-02T03:44:15.915Z,deep_scan,20260802011913_1A-4-7-8-17-28C,30,28C,0,1,M117,AB6214,1,8
2026-08-02T03:44:15.915Z,deep_scan,20260802011913_1A-4-7-8-17-28C,30,28C,0,12,M84/1,AB4262,1,16
2026-08-02T03:44:15.915Z,deep_scan,20260802011913_1A-4-7-8-17-28C,30,28C,0,19,M244,AB5657,1,2
2026-08-02T03:44:15.915Z,deep_scan,20260802011913_1A-4-7-8-17-28C,30,28C,0,24,M88,AB4326,1,20
2026-08-02T03:44:15.915Z,deep_scan,20260802011913_1A-4-7-8-17-28C,30,28C,0,32,M161,AB5457,1,24
2026-08-02T03:44:45.846Z,deep_scan,20260802011913_1A-4-7-8-17-28C,30,28C,0,1,M117,AB6214,0,31
2026-08-02T03:44:45.846Z,deep_scan,20260802011913_1A-4-7-8-17-28C,30,28C,0,12,M84/1,AB4262,1,16
2026-08-02T03:44:45.846Z,deep_scan,20260802011913_1A-4-7-8-17-28C,30,28C,0,19,M244,AB5657,0,2
2026-08-02T03:44:45.846Z,deep_scan,20260802011913_1A-4-7-8-17-28C,30,28C,0,24,M88,AB4326,1,8
2026-08-02T03:44:45.846Z,deep_scan,20260802011913_1A-4-7-8-17-28C,30,28C,0,32,M161,AB5457,1,14
2026-08-02T03:45:15.880Z,deep_scan,20260802011913_1A-4-7-8-17-28C,30,28C,0,2,M241,AB6214,1,5
2026-08-02T03:45:15.880Z,deep_scan,20260802011913_1A-4-7-8-17-28C,30,28C,0,12,M84/1,AB4262,1,6
2026-08-02T03:45:15.880Z,deep_scan,20260802011913_1A-4-7-8-17-28C,30,28C,0,19,M244,AB5657,0,6
2026-08-02T03:45:15.880Z,deep_scan,20260802011913_1A-4-7-8-17-28C,30,28C,0,24,M88,AB4326,1,8
2026-08-02T03:45:15.880Z,deep_scan,20260802011913_1A-4-7-8-17-28C,30,28C,0,33,M70,AB5457,1,18
2026-08-02T03:45:45.846Z,deep_scan,20260802011913_1A-4-7-8-17-28C,30,28C,0,2,M241,AB6214,0,12
2026-08-02T03:45:45.846Z,deep_scan,20260802011913_1A-4-7-8-17-28C,30,28C,0,12,M84/1,AB4262,0,6
2026-08-02T03:45:45.846Z,deep_scan,20260802011913_1A-4-7-8-17-28C,30,28C,0,19,M244,AB5657,0,6
2026-08-02T03:45:45.846Z,deep_scan,20260802011913_1A-4-7-8-17-28C,30,28C,0,24,M88,AB4326,1,8
2026-08-02T03:45:45.846Z,deep_scan,20260802011913_1A-4-7-8-17-28C,30,28C,0,33,M70,AB5457,0,16
2026-08-02T03:46:15.848Z,deep_scan,20260802011913_1A-4-7-8-17-28C,30,28C,0,3,M71,AB6214,1,23
2026-08-02T03:46:15.848Z,deep_scan,20260802011913_1A-4-7-8-17-28C,30,28C,0,12,M84/1,AB4262,0,20
2026-08-02T03:46:15.848Z,deep_scan,20260802011913_1A-4-7-8-17-28C,30,28C,0,20,M216,AB5657,1,14
2026-08-02T03:46:15.848Z,deep_scan,20260802011913_1A-4-7-8-17-28C,30,28C,0,24,M88,AB4326,0,10
2026-08-02T03:46:15.848Z,deep_scan,20260802011913_1A-4-7-8-17-28C,30,28C,0,34,M118,AB5457,1,22
2026-08-02T03:46:45.869Z,deep_scan,20260802011913_1A-4-7-8-17-28C,30,28C,0,3,M71,AB6214,0,21
2026-08-02T03:46:45.869Z,deep_scan,20260802011913_1A-4-7-8-17-28C,30,28C,0,13,M92,AB4262,1,3
2026-08-02T03:46:45.869Z,deep_scan,20260802011913_1A-4-7-8-17-28C,30,28C,0,20,M216,AB5657,1,9
2026-08-02T03:46:45.869Z,deep_scan,20260802011913_1A-4-7-8-17-28C,30,28C,0,24,M88,AB4326,0,6
2026-08-02T03:46:45.869Z,deep_scan,20260802011913_1A-4-7-8-17-28C,30,28C,0,34,M118,AB5457,1,13
2026-08-02T03:47:15.961Z,deep_scan,20260802011913_1A-4-7-8-17-28C,30,28C,0,4,M155,AB6214,1,14
2026-08-02T03:47:15.961Z,deep_scan,20260802011913_1A-4-7-8-17-28C,30,28C,0,13,M92,AB4262,0,20
2026-08-02T03:47:15.961Z,deep_scan,20260802011913_1A-4-7-8-17-28C,30,28C,0,20,M216,AB5657,1,9
2026-08-02T03:47:15.961Z,deep_scan,20260802011913_1A-4-7-8-17-28C,30,28C,0,24,M88,AB4326,0,19
2026-08-02T03:47:15.961Z,deep_scan,20260802011913_1A-4-7-8-17-28C,30,28C,0,34,M118,AB5457,1,13
2026-08-02T03:47:45.883Z,deep_scan,20260802011913_1A-4-7-8-17-28C,30,28C,0,4,M155,AB6214,0,35
2026-08-02T03:47:45.883Z,deep_scan,20260802011913_1A-4-7-8-17-28C,30,28C,0,14,M104,AB4262,1,15
2026-08-02T03:47:45.883Z,deep_scan,20260802011913_1A-4-7-8-17-28C,30,28C,0,20,M216,AB5657,0,16
2026-08-02T03:47:45.883Z,deep_scan,20260802011913_1A-4-7-8-17-28C,30,28C,0,24,M88,AB4326,0,6
2026-08-02T03:47:45.883Z,deep_scan,20260802011913_1A-4-7-8-17-28C,30,28C,0,34,M118,AB5457,0,33
2026-08-02T03:48:15.968Z,deep_scan,20260802011913_1A-4-7-8-17-28C,30,28C,0,4,M155,AB6214,0,21
2026-08-02T03:48:15.968Z,deep_scan,20260802011913_1A-4-7-8-17-28C,30,28C,0,14,M104,AB4262,1,15
2026-08-02T03:48:15.968Z,deep_scan,20260802011913_1A-4-7-8-17-28C,30,28C,0,20,M216,AB5657,0,42
2026-08-02T03:48:15.968Z,deep_scan,20260802011913_1A-4-7-8-17-28C,30,28C,0,25,M72,AB4326,1,27
2026-08-02T03:48:15.968Z,deep_scan,20260802011913_1A-4-7-8-17-28C,30,28C,0,35,M62/3,AB5457,1,0
2026-08-02T03:48:45.909Z,deep_scan,20260802011913_1A-4-7-8-17-28C,30,28C,0,5,M157,AB6214,1,37
2026-08-02T03:48:45.909Z,deep_scan,20260802011913_1A-4-7-8-17-28C,30,28C,0,14,M104,AB4262,1,15
2026-08-02T03:48:45.909Z,deep_scan,20260802011913_1A-4-7-8-17-28C,30,28C,0,20,M216,AB5657,0,39
2026-08-02T03:48:45.909Z,deep_scan,20260802011913_1A-4-7-8-17-28C,30,28C,0,25,M72,AB4326,0,30
2026-08-02T03:48:45.909Z,deep_scan,20260802011913_1A-4-7-8-17-28C,30,28C,0,35,M62/3,AB5457,1,0
2026-08-02T03:49:15.962Z,deep_scan,20260802011913_1A-4-7-8-17-28C,30,28C,0,5,M157,AB6214,0,28
2026-08-02T03:49:15.962Z,deep_scan,20260802011913_1A-4-7-8-17-28C,30,28C,0,14,M104,AB4262,0,37
2026-08-02T03:49:15.962Z,deep_scan,20260802011913_1A-4-7-8-17-28C,30,28C,0,20,M216,AB5657,0,12
2026-08-02T03:49:15.962Z,deep_scan,20260802011913_1A-4-7-8-17-28C,30,28C,0,26,M149,AB4326,0,10
2026-08-02T03:49:15.962Z,deep_scan,20260802011913_1A-4-7-8-17-28C,30,28C,0,35,M62/3,AB5457,1,0
2026-08-02T03:49:45.947Z,deep_scan,20260802011913_1A-4-7-8-17-28C,30,28C,0,6,M163,AB6214,1,23
2026-08-02T03:49:45.947Z,deep_scan,20260802011913_1A-4-7-8-17-28C,30,28C,0,15,M43,AB4262,1,17
2026-08-02T03:49:45.947Z,deep_scan,20260802011913_1A-4-7-8-17-28C,30,28C,0,21,M225,AB5657,1,15
2026-08-02T03:49:45.947Z,deep_scan,20260802011913_1A-4-7-8-17-28C,30,28C,0,26,M149,AB4326,0,23
2026-08-02T03:49:45.947Z,deep_scan,20260802011913_1A-4-7-8-17-28C,30,28C,0,35,M62/3,AB5457,1,0
2026-08-02T03:50:15.984Z,deep_scan,20260802011913_1A-4-7-8-17-28C,30,28C,0,6,M163,AB6214,1,23
2026-08-02T03:50:15.984Z,deep_scan,20260802011913_1A-4-7-8-17-28C,30,28C,0,15,M43,AB4262,0,13
2026-08-02T03:50:15.984Z,deep_scan,20260802011913_1A-4-7-8-17-28C,30,28C,0,21,M225,AB5657,1,2
2026-08-02T03:50:15.984Z,deep_scan,20260802011913_1A-4-7-8-17-28C,30,28C,0,27,M145/2,AB4326,1,2
2026-08-02T03:50:15.984Z,deep_scan,20260802011913_1A-4-7-8-17-28C,30,28C,0,35,M62/3,AB5457,1,0
2026-08-02T03:50:45.933Z,deep_scan,20260802011913_1A-4-7-8-17-28C,30,28C,0,7,M164,AB6214,1,7
2026-08-02T03:50:45.933Z,deep_scan,20260802011913_1A-4-7-8-17-28C,30,28C,0,16,M40,AB4262,1,9
2026-08-02T03:50:45.933Z,deep_scan,20260802011913_1A-4-7-8-17-28C,30,28C,0,21,M225,AB5657,0,8
2026-08-02T03:50:45.933Z,deep_scan,20260802011913_1A-4-7-8-17-28C,30,28C,0,27,M145/2,AB4326,0,11
2026-08-02T03:50:45.933Z,deep_scan,20260802011913_1A-4-7-8-17-28C,30,28C,0,35,M62/3,AB5457,1,0
2026-08-02T03:51:15.985Z,deep_scan,20260802011913_1A-4-7-8-17-28C,30,28C,0,7,M164,AB6214,1,11
2026-08-02T03:51:15.985Z,deep_scan,20260802011913_1A-4-7-8-17-28C,30,28C,0,16,M40,AB4262,1,11
2026-08-02T03:51:15.985Z,deep_scan,20260802011913_1A-4-7-8-17-28C,30,28C,0,21,M225,AB5657,0,24
2026-08-02T03:51:15.985Z,deep_scan,20260802011913_1A-4-7-8-17-28C,30,28C,0,28,M165,AB4326,1,27
2026-08-02T03:51:15.985Z,deep_scan,20260802011913_1A-4-7-8-17-28C,30,28C,0,35,M62/3,AB5457,1,0
2026-08-02T03:51:45.950Z,deep_scan,20260802011913_1A-4-7-8-17-28C,30,28C,0,8,M151,AB6214,1,33
2026-08-02T03:51:45.950Z,deep_scan,20260802011913_1A-4-7-8-17-28C,30,28C,0,16,M40,AB4262,0,24
2026-08-02T03:51:45.950Z,deep_scan,20260802011913_1A-4-7-8-17-28C,30,28C,0,21,M225,AB5657,0,5
2026-08-02T03:51:45.950Z,deep_scan,20260802011913_1A-4-7-8-17-28C,30,28C,0,28,M165,AB4326,0,26
2026-08-02T03:51:45.950Z,deep_scan,20260802011913_1A-4-7-8-17-28C,30,28C,0,35,M62/3,AB5457,1,0
2026-08-02T03:52:15.912Z,deep_scan,20260802011913_1A-4-7-8-17-28C,30,28C,0,8,M151,AB6214,1,12
2026-08-02T03:52:15.912Z,deep_scan,20260802011913_1A-4-7-8-17-28C,30,28C,0,16,M40,AB4262,0,24
2026-08-02T03:52:15.912Z,deep_scan,20260802011913_1A-4-7-8-17-28C,30,28C,0,21,M225,AB5657,0,17
2026-08-02T03:52:15.912Z,deep_scan,20260802011913_1A-4-7-8-17-28C,30,28C,0,29,M163,AB4326,1,27
2026-08-02T03:52:15.912Z,deep_scan,20260802011913_1A-4-7-8-17-28C,30,28C,0,35,M62/3,AB5457,1,0
2026-08-02T03:52:45.967Z,deep_scan,20260802011913_1A-4-7-8-17-28C,30,28C,0,8,M151,AB6214,1,9
2026-08-02T03:52:45.967Z,deep_scan,20260802011913_1A-4-7-8-17-28C,30,28C,0,16,M40,AB4262,0,24
2026-08-02T03:52:45.967Z,deep_scan,20260802011913_1A-4-7-8-17-28C,30,28C,0,22,M16/2,AB5657,1,44
2026-08-02T03:52:45.967Z,deep_scan,20260802011913_1A-4-7-8-17-28C,30,28C,0,29,M163,AB4326,0,25
2026-08-02T03:53:15.932Z,deep_scan,20260802011913_1A-4-7-8-17-28C,30,28C,0,9,M150,AB6214,1,12
2026-08-02T03:53:15.932Z,deep_scan,20260802011913_1A-4-7-8-17-28C,30,28C,0,17,M28/2,AB4262,1,3
2026-08-02T03:53:15.932Z,deep_scan,20260802011913_1A-4-7-8-17-28C,30,28C,0,22,M16/2,AB5657,1,3
2026-08-02T03:53:15.932Z,deep_scan,20260802011913_1A-4-7-8-17-28C,30,28C,0,29,M163,AB4326,0,25
2026-08-02T03:53:45.957Z,deep_scan,20260802011913_1A-4-7-8-17-28C,30,28C,0,9,M150,AB6214,1,14
2026-08-02T03:53:45.957Z,deep_scan,20260802011913_1A-4-7-8-17-28C,30,28C,0,17,M28/2,AB4262,1,1
2026-08-02T03:53:45.957Z,deep_scan,20260802011913_1A-4-7-8-17-28C,30,28C,0,22,M16/2,AB5657,0,2
2026-08-02T03:53:45.957Z,deep_scan,20260802011913_1A-4-7-8-17-28C,30,28C,0,29,M163,AB4326,0,18
2026-08-02T03:54:15.968Z,deep_scan,20260802011913_1A-4-7-8-17-28C,30,28C,0,9,M150,AB6214,0,14
2026-08-02T03:54:15.968Z,deep_scan,20260802011913_1A-4-7-8-17-28C,30,28C,0,17,M28/2,AB4262,0,1
2026-08-02T03:54:15.968Z,deep_scan,20260802011913_1A-4-7-8-17-28C,30,28C,0,22,M16/2,AB5657,0,2
2026-08-02T03:54:15.968Z,deep_scan,20260802011913_1A-4-7-8-17-28C,30,28C,0,30,M160/2,AB4326,1,19
2026-08-02T03:54:45.926Z,deep_scan,20260802011913_1A-4-7-8-17-28C,30,28C,0,10,M148,AB6214,1,15
2026-08-02T03:54:45.926Z,deep_scan,20260802011913_1A-4-7-8-17-28C,30,28C,0,17,M28/2,AB4262,0,26
2026-08-02T03:54:45.926Z,deep_scan,20260802011913_1A-4-7-8-17-28C,30,28C,0,22,M16/2,AB5657,0,22
2026-08-02T03:54:45.926Z,deep_scan,20260802011913_1A-4-7-8-17-28C,30,28C,0,30,M160/2,AB4326,1,19
2026-08-02T03:55:15.960Z,deep_scan,20260802011913_1A-4-7-8-17-28C,30,28C,0,10,M148,AB6214,1,20
2026-08-02T03:55:15.960Z,deep_scan,20260802011913_1A-4-7-8-17-28C,30,28C,0,18,M227,AB4262,1,28
2026-08-02T03:55:15.960Z,deep_scan,20260802011913_1A-4-7-8-17-28C,30,28C,0,22,M16/2,AB5657,0,11
2026-08-02T03:55:15.960Z,deep_scan,20260802011913_1A-4-7-8-17-28C,30,28C,0,30,M160/2,AB4326,0,11
2026-08-02T03:55:46.000Z,deep_scan,20260802011913_1A-4-7-8-17-28C,30,28C,0,10,M148,AB6214,0,3
2026-08-02T03:55:46.000Z,deep_scan,20260802011913_1A-4-7-8-17-28C,30,28C,0,18,M227,AB4262,0,33
2026-08-02T03:55:46.000Z,deep_scan,20260802011913_1A-4-7-8-17-28C,30,28C,0,23,M98,AB5657,1,2
2026-08-02T03:55:46.000Z,deep_scan,20260802011913_1A-4-7-8-17-28C,30,28C,0,31,M158/1,AB4326,1,13
2026-08-02T03:56:16.026Z,deep_scan,20260802011913_1A-4-7-8-17-28C,30,28C,0,0,M62/3,AB4355,1,2
2026-08-02T03:56:16.026Z,deep_scan,20260802011913_1A-4-7-8-17-28C,30,28C,0,10,M148,AB6214,0,11
2026-08-02T03:56:16.026Z,deep_scan,20260802011913_1A-4-7-8-17-28C,30,28C,0,19,M244,AB4262,1,4
2026-08-02T03:56:16.026Z,deep_scan,20260802011913_1A-4-7-8-17-28C,30,28C,0,23,M98,AB5657,1,2
2026-08-02T03:56:16.026Z,deep_scan,20260802011913_1A-4-7-8-17-28C,30,28C,0,31,M158/1,AB4326,1,8
2026-08-02T03:56:46.029Z,deep_scan,20260802011913_1A-4-7-8-17-28C,30,28C,0,0,M62/3,AB4355,1,2
2026-08-02T03:56:46.029Z,deep_scan,20260802011913_1A-4-7-8-17-28C,30,28C,0,10,M148,AB6214,0,29
2026-08-02T03:56:46.029Z,deep_scan,20260802011913_1A-4-7-8-17-28C,30,28C,0,19,M244,AB4262,1,4
2026-08-02T03:56:46.029Z,deep_scan,20260802011913_1A-4-7-8-17-28C,30,28C,0,23,M98,AB5657,1,23
2026-08-02T03:56:46.029Z,deep_scan,20260802011913_1A-4-7-8-17-28C,30,28C,0,31,M158/1,AB4326,0,35
2026-08-02T03:57:16.023Z,deep_scan,20260802011913_1A-4-7-8-17-28C,30,28C,0,0,M62/3,AB4355,1,2
2026-08-02T03:57:16.023Z,deep_scan,20260802011913_1A-4-7-8-17-28C,30,28C,0,10,M148,AB6214,0,26
2026-08-02T03:57:16.023Z,deep_scan,20260802011913_1A-4-7-8-17-28C,30,28C,0,19,M244,AB4262,0,21
2026-08-02T03:57:16.023Z,deep_scan,20260802011913_1A-4-7-8-17-28C,30,28C,0,23,M98,AB5657,0,7
2026-08-02T03:57:16.023Z,deep_scan,20260802011913_1A-4-7-8-17-28C,30,28C,0,32,M161,AB4326,1,20
2026-08-02T03:57:46.066Z,deep_scan,20260802011913_1A-4-7-8-17-28C,30,28C,0,0,M62/3,AB4355,1,5
2026-08-02T03:57:46.066Z,deep_scan,20260802011913_1A-4-7-8-17-28C,30,28C,0,11,M76/1,AB6214,1,29
2026-08-02T03:57:46.066Z,deep_scan,20260802011913_1A-4-7-8-17-28C,30,28C,0,19,M244,AB4262,0,14
2026-08-02T03:57:46.066Z,deep_scan,20260802011913_1A-4-7-8-17-28C,30,28C,0,23,M98,AB5657,0,7
2026-08-02T03:57:46.066Z,deep_scan,20260802011913_1A-4-7-8-17-28C,30,28C,0,32,M161,AB4326,0,2
2026-08-02T03:58:16.029Z,deep_scan,20260802011913_1A-4-7-8-17-28C,30,28C,0,0,M62/3,AB4355,0,6
2026-08-02T03:58:16.029Z,deep_scan,20260802011913_1A-4-7-8-17-28C,30,28C,0,11,M76/1,AB6214,0,29
2026-08-02T03:58:16.029Z,deep_scan,20260802011913_1A-4-7-8-17-28C,30,28C,0,19,M244,AB4262,0,14
2026-08-02T03:58:16.029Z,deep_scan,20260802011913_1A-4-7-8-17-28C,30,28C,0,24,M88,AB5657,1,13
2026-08-02T03:58:16.029Z,deep_scan,20260802011913_1A-4-7-8-17-28C,30,28C,0,33,M70,AB4326,1,1
2026-08-02T03:58:46.054Z,deep_scan,20260802011913_1A-4-7-8-17-28C,30,28C,0,0,M62/3,AB4355,0,31
2026-08-02T03:58:46.054Z,deep_scan,20260802011913_1A-4-7-8-17-28C,30,28C,0,11,M76/1,AB6214,0,36
2026-08-02T03:58:46.054Z,deep_scan,20260802011913_1A-4-7-8-17-28C,30,28C,0,19,M244,AB4262,0,28
2026-08-02T03:58:46.054Z,deep_scan,20260802011913_1A-4-7-8-17-28C,30,28C,0,24,M88,AB5657,1,7
2026-08-02T03:58:46.054Z,deep_scan,20260802011913_1A-4-7-8-17-28C,30,28C,0,34,M118,AB4326,1,27
2026-08-02T03:59:16.021Z,deep_scan,20260802011913_1A-4-7-8-17-28C,30,28C,0,0,M62/3,AB4355,0,6
2026-08-02T03:59:16.021Z,deep_scan,20260802011913_1A-4-7-8-17-28C,30,28C,0,11,M76/1,AB6214,0,4
2026-08-02T03:59:16.021Z,deep_scan,20260802011913_1A-4-7-8-17-28C,30,28C,0,20,M216,AB4262,1,38
2026-08-02T03:59:16.021Z,deep_scan,20260802011913_1A-4-7-8-17-28C,30,28C,0,24,M88,AB5657,1,7
2026-08-02T03:59:16.021Z,deep_scan,20260802011913_1A-4-7-8-17-28C,30,28C,0,34,M118,AB4326,1,5
2026-08-02T03:59:46.111Z,deep_scan,20260802011913_1A-4-7-8-17-28C,30,28C,0,1,M117,AB4355,0,28
2026-08-02T03:59:46.111Z,deep_scan,20260802011913_1A-4-7-8-17-28C,30,28C,0,12,M84/1,AB6214,1,1
2026-08-02T03:59:46.111Z,deep_scan,20260802011913_1A-4-7-8-17-28C,30,28C,0,20,M216,AB4262,0,40
2026-08-02T03:59:46.111Z,deep_scan,20260802011913_1A-4-7-8-17-28C,30,28C,0,24,M88,AB5657,1,9
2026-08-02T03:59:46.111Z,deep_scan,20260802011913_1A-4-7-8-17-28C,30,28C,0,34,M118,AB4326,0,21
2026-08-02T04:00:16.082Z,deep_scan,20260802011913_1A-4-7-8-17-28C,30,28C,0,2,M241,AB4355,1,21
2026-08-02T04:00:16.082Z,deep_scan,20260802011913_1A-4-7-8-17-28C,30,28C,0,12,M84/1,AB6214,0,21
2026-08-02T04:00:16.082Z,deep_scan,20260802011913_1A-4-7-8-17-28C,30,28C,0,20,M216,AB4262,0,22
2026-08-02T04:00:16.082Z,deep_scan,20260802011913_1A-4-7-8-17-28C,30,28C,0,24,M88,AB5657,0,14
2026-08-02T04:00:16.082Z,deep_scan,20260802011913_1A-4-7-8-17-28C,30,28C,0,35,M62/3,AB4326,1,0
2026-08-02T04:00:46.055Z,deep_scan,20260802011913_1A-4-7-8-17-28C,30,28C,0,2,M241,AB4355,0,20
2026-08-02T04:00:46.055Z,deep_scan,20260802011913_1A-4-7-8-17-28C,30,28C,0,12,M84/1,AB6214,0,8
2026-08-02T04:00:46.055Z,deep_scan,20260802011913_1A-4-7-8-17-28C,30,28C,0,20,M216,AB4262,0,21
2026-08-02T04:00:46.055Z,deep_scan,20260802011913_1A-4-7-8-17-28C,30,28C,0,24,M88,AB5657,0,22
2026-08-02T04:00:46.055Z,deep_scan,20260802011913_1A-4-7-8-17-28C,30,28C,0,35,M62/3,AB4326,1,0
2026-08-02T04:01:16.082Z,deep_scan,20260802011913_1A-4-7-8-17-28C,30,28C,0,3,M71,AB4355,1,11
2026-08-02T04:01:16.082Z,deep_scan,20260802011913_1A-4-7-8-17-28C,30,28C,0,12,M84/1,AB6214,0,8
2026-08-02T04:01:16.082Z,deep_scan,20260802011913_1A-4-7-8-17-28C,30,28C,0,20,M216,AB4262,0,21
2026-08-02T04:01:16.082Z,deep_scan,20260802011913_1A-4-7-8-17-28C,30,28C,0,24,M88,AB5657,0,22
2026-08-02T04:01:16.082Z,deep_scan,20260802011913_1A-4-7-8-17-28C,30,28C,0,35,M62/3,AB4326,1,0
2026-08-02T04:01:46.099Z,deep_scan,20260802011913_1A-4-7-8-17-28C,30,28C,0,3,M71,AB4355,1,5
2026-08-02T04:01:46.099Z,deep_scan,20260802011913_1A-4-7-8-17-28C,30,28C,0,13,M92,AB6214,1,8
2026-08-02T04:01:46.099Z,deep_scan,20260802011913_1A-4-7-8-17-28C,30,28C,0,21,M225,AB4262,1,18
2026-08-02T04:01:46.099Z,deep_scan,20260802011913_1A-4-7-8-17-28C,30,28C,0,25,M72,AB5657,1,18
2026-08-02T04:01:46.099Z,deep_scan,20260802011913_1A-4-7-8-17-28C,30,28C,0,35,M62/3,AB4326,1,0
2026-08-02T04:02:16.103Z,deep_scan,20260802011913_1A-4-7-8-17-28C,30,28C,0,3,M71,AB4355,0,2
2026-08-02T04:02:16.103Z,deep_scan,20260802011913_1A-4-7-8-17-28C,30,28C,0,13,M92,AB6214,1,26
2026-08-02T04:02:16.103Z,deep_scan,20260802011913_1A-4-7-8-17-28C,30,28C,0,21,M225,AB4262,1,2
2026-08-02T04:02:16.103Z,deep_scan,20260802011913_1A-4-7-8-17-28C,30,28C,0,26,M149,AB5657,1,33
2026-08-02T04:02:16.103Z,deep_scan,20260802011913_1A-4-7-8-17-28C,30,28C,0,35,M62/3,AB4326,1,0
2026-08-02T04:02:46.120Z,deep_scan,20260802011913_1A-4-7-8-17-28C,30,28C,0,4,M155,AB4355,1,10
2026-08-02T04:02:46.120Z,deep_scan,20260802011913_1A-4-7-8-17-28C,30,28C,0,13,M92,AB6214,0,24
2026-08-02T04:02:46.120Z,deep_scan,20260802011913_1A-4-7-8-17-28C,30,28C,0,21,M225,AB4262,0,29
2026-08-02T04:02:46.120Z,deep_scan,20260802011913_1A-4-7-8-17-28C,30,28C,0,26,M149,AB5657,0,31
2026-08-02T04:02:46.120Z,deep_scan,20260802011913_1A-4-7-8-17-28C,30,28C,0,35,M62/3,AB4326,1,0
2026-08-02T04:03:16.067Z,deep_scan,20260802011913_1A-4-7-8-17-28C,30,28C,0,4,M155,AB4355,0,17
2026-08-02T04:03:16.067Z,deep_scan,20260802011913_1A-4-7-8-17-28C,30,28C,0,14,M104,AB6214,1,31
2026-08-02T04:03:16.067Z,deep_scan,20260802011913_1A-4-7-8-17-28C,30,28C,0,21,M225,AB4262,0,7
2026-08-02T04:03:16.067Z,deep_scan,20260802011913_1A-4-7-8-17-28C,30,28C,0,26,M149,AB5657,0,9
2026-08-02T04:03:16.067Z,deep_scan,20260802011913_1A-4-7-8-17-28C,30,28C,0,35,M62/3,AB4326,1,0
2026-08-02T04:03:46.151Z,deep_scan,20260802011913_1A-4-7-8-17-28C,30,28C,0,4,M155,AB4355,0,34
2026-08-02T04:03:46.151Z,deep_scan,20260802011913_1A-4-7-8-17-28C,30,28C,0,14,M104,AB6214,0,31
2026-08-02T04:03:46.151Z,deep_scan,20260802011913_1A-4-7-8-17-28C,30,28C,0,21,M225,AB4262,0,7
2026-08-02T04:03:46.151Z,deep_scan,20260802011913_1A-4-7-8-17-28C,30,28C,0,27,M145/2,AB5657,1,2
2026-08-02T04:03:46.151Z,deep_scan,20260802011913_1A-4-7-8-17-28C,30,28C,0,35,M62/3,AB4326,1,0
2026-08-02T04:04:16.103Z,deep_scan,20260802011913_1A-4-7-8-17-28C,30,28C,0,4,M155,AB4355,0,15
2026-08-02T04:04:16.103Z,deep_scan,20260802011913_1A-4-7-8-17-28C,30,28C,0,14,M104,AB6214,0,6
2026-08-02T04:04:16.103Z,deep_scan,20260802011913_1A-4-7-8-17-28C,30,28C,0,21,M225,AB4262,0,21
2026-08-02T04:04:16.103Z,deep_scan,20260802011913_1A-4-7-8-17-28C,30,28C,0,27,M145/2,AB5657,1,2
2026-08-02T04:04:16.103Z,deep_scan,20260802011913_1A-4-7-8-17-28C,30,28C,0,35,M62/3,AB4326,1,0
2026-08-02T04:04:46.147Z,deep_scan,20260802011913_1A-4-7-8-17-28C,30,28C,0,5,M157,AB4355,1,30
2026-08-02T04:04:46.147Z,deep_scan,20260802011913_1A-4-7-8-17-28C,30,28C,0,15,M43,AB6214,1,22
2026-08-02T04:04:46.147Z,deep_scan,20260802011913_1A-4-7-8-17-28C,30,28C,0,21,M225,AB4262,0,39
2026-08-02T04:04:46.147Z,deep_scan,20260802011913_1A-4-7-8-17-28C,30,28C,0,27,M145/2,AB5657,0,13
2026-08-02T04:05:16.121Z,deep_scan,20260802011913_1A-4-7-8-17-28C,30,28C,0,5,M157,AB4355,0,23
2026-08-02T04:05:16.121Z,deep_scan,20260802011913_1A-4-7-8-17-28C,30,28C,0,15,M43,AB6214,0,17
2026-08-02T04:05:16.121Z,deep_scan,20260802011913_1A-4-7-8-17-28C,30,28C,0,21,M225,AB4262,0,9
2026-08-02T04:05:16.121Z,deep_scan,20260802011913_1A-4-7-8-17-28C,30,28C,0,28,M165,AB5657,0,27
2026-08-02T04:05:46.135Z,deep_scan,20260802011913_1A-4-7-8-17-28C,30,28C,0,5,M157,AB4355,0,23
2026-08-02T04:05:46.135Z,deep_scan,20260802011913_1A-4-7-8-17-28C,30,28C,0,16,M40,AB6214,1,30
2026-08-02T04:05:46.135Z,deep_scan,20260802011913_1A-4-7-8-17-28C,30,28C,0,21,M225,AB4262,0,21
2026-08-02T04:05:46.135Z,deep_scan,20260802011913_1A-4-7-8-17-28C,30,28C,0,28,M165,AB5657,0,2
2026-08-02T04:06:16.183Z,deep_scan,20260802011913_1A-4-7-8-17-28C,30,28C,0,6,M163,AB4355,1,16
2026-08-02T04:06:16.183Z,deep_scan,20260802011913_1A-4-7-8-17-28C,30,28C,0,16,M40,AB6214,0,4
2026-08-02T04:06:16.183Z,deep_scan,20260802011913_1A-4-7-8-17-28C,30,28C,0,21,M225,AB4262,0,21
2026-08-02T04:06:16.183Z,deep_scan,20260802011913_1A-4-7-8-17-28C,30,28C,0,29,M163,AB5657,1,12
2026-08-02T04:06:46.209Z,deep_scan,20260802011913_1A-4-7-8-17-28C,30,28C,0,7,M164,AB4355,0,31
2026-08-02T04:06:46.209Z,deep_scan,20260802011913_1A-4-7-8-17-28C,30,28C,0,16,M40,AB6214,0,4
2026-08-02T04:06:46.209Z,deep_scan,20260802011913_1A-4-7-8-17-28C,30,28C,0,21,M225,AB4262,0,21
2026-08-02T04:06:46.209Z,deep_scan,20260802011913_1A-4-7-8-17-28C,30,28C,0,29,M163,AB5657,0,25
2026-08-02T04:07:16.160Z,deep_scan,20260802011913_1A-4-7-8-17-28C,30,28C,0,8,M151,AB4355,1,45
2026-08-02T04:07:16.160Z,deep_scan,20260802011913_1A-4-7-8-17-28C,30,28C,0,17,M28/2,AB6214,1,30
2026-08-02T04:07:16.160Z,deep_scan,20260802011913_1A-4-7-8-17-28C,30,28C,0,22,M16/2,AB4262,1,11
2026-08-02T04:07:16.160Z,deep_scan,20260802011913_1A-4-7-8-17-28C,30,28C,0,29,M163,AB5657,0,16
2026-08-02T04:07:46.140Z,deep_scan,20260802011913_1A-4-7-8-17-28C,30,28C,0,8,M151,AB4355,0,20
2026-08-02T04:07:46.140Z,deep_scan,20260802011913_1A-4-7-8-17-28C,30,28C,0,17,M28/2,AB6214,0,4
2026-08-02T04:07:46.140Z,deep_scan,20260802011913_1A-4-7-8-17-28C,30,28C,0,22,M16/2,AB4262,1,11
2026-08-02T04:07:46.140Z,deep_scan,20260802011913_1A-4-7-8-17-28C,30,28C,0,30,M160/2,AB5657,1,16
2026-08-02T04:08:16.157Z,deep_scan,20260802011913_1A-4-7-8-17-28C,30,28C,0,9,M150,AB4355,1,29
2026-08-02T04:08:16.157Z,deep_scan,20260802011913_1A-4-7-8-17-28C,30,28C,0,17,M28/2,AB6214,0,17
2026-08-02T04:08:16.157Z,deep_scan,20260802011913_1A-4-7-8-17-28C,30,28C,0,22,M16/2,AB4262,1,3
2026-08-02T04:08:16.157Z,deep_scan,20260802011913_1A-4-7-8-17-28C,30,28C,0,30,M160/2,AB5657,1,16
2026-08-02T04:08:46.164Z,deep_scan,20260802011913_1A-4-7-8-17-28C,30,28C,0,9,M150,AB4355,1,20
2026-08-02T04:08:46.164Z,deep_scan,20260802011913_1A-4-7-8-17-28C,30,28C,0,17,M28/2,AB6214,0,4
2026-08-02T04:08:46.164Z,deep_scan,20260802011913_1A-4-7-8-17-28C,30,28C,0,22,M16/2,AB4262,1,11
2026-08-02T04:08:46.164Z,deep_scan,20260802011913_1A-4-7-8-17-28C,30,28C,0,31,M158/1,AB5657,1,2
2026-08-02T04:09:16.139Z,deep_scan,20260802011913_1A-4-7-8-17-28C,30,28C,0,9,M150,AB4355,0,22
2026-08-02T04:09:16.139Z,deep_scan,20260802011913_1A-4-7-8-17-28C,30,28C,0,17,M28/2,AB6214,0,17
2026-08-02T04:09:16.139Z,deep_scan,20260802011913_1A-4-7-8-17-28C,30,28C,0,22,M16/2,AB4262,1,2
2026-08-02T04:09:16.139Z,deep_scan,20260802011913_1A-4-7-8-17-28C,30,28C,0,31,M158/1,AB5657,1,23
2026-08-02T04:09:46.194Z,deep_scan,20260802011913_1A-4-7-8-17-28C,30,28C,0,10,M148,AB4355,1,19
2026-08-02T04:09:46.194Z,deep_scan,20260802011913_1A-4-7-8-17-28C,30,28C,0,18,M227,AB6214,1,25
2026-08-02T04:09:46.194Z,deep_scan,20260802011913_1A-4-7-8-17-28C,30,28C,0,22,M16/2,AB4262,1,2
2026-08-02T04:09:46.194Z,deep_scan,20260802011913_1A-4-7-8-17-28C,30,28C,0,31,M158/1,AB5657,1,3
2026-08-02T04:10:16.210Z,deep_scan,20260802011913_1A-4-7-8-17-28C,30,28C,0,10,M148,AB4355,1,13
2026-08-02T04:10:16.210Z,deep_scan,20260802011913_1A-4-7-8-17-28C,30,28C,0,18,M227,AB6214,0,14
2026-08-02T04:10:16.210Z,deep_scan,20260802011913_1A-4-7-8-17-28C,30,28C,0,22,M16/2,AB4262,1,2
2026-08-02T04:10:16.210Z,deep_scan,20260802011913_1A-4-7-8-17-28C,30,28C,0,31,M158/1,AB5657,0,3
2026-08-02T04:10:46.200Z,deep_scan,20260802011913_1A-4-7-8-17-28C,30,28C,0,10,M148,AB4355,0,19
2026-08-02T04:10:46.200Z,deep_scan,20260802011913_1A-4-7-8-17-28C,30,28C,0,19,M244,AB6214,1,7
2026-08-02T04:10:46.200Z,deep_scan,20260802011913_1A-4-7-8-17-28C,30,28C,0,22,M16/2,AB4262,0,22
2026-08-02T04:10:46.200Z,deep_scan,20260802011913_1A-4-7-8-17-28C,30,28C,0,32,M161,AB5657,1,4
2026-08-02T04:11:16.237Z,deep_scan,20260802011913_1A-4-7-8-17-28C,30,28C,0,0,M62/3,AB4326,1,18
2026-08-02T04:11:16.237Z,deep_scan,20260802011913_1A-4-7-8-17-28C,30,28C,0,10,M148,AB4355,0,19
2026-08-02T04:11:16.237Z,deep_scan,20260802011913_1A-4-7-8-17-28C,30,28C,0,19,M244,AB6214,1,16
2026-08-02T04:11:16.237Z,deep_scan,20260802011913_1A-4-7-8-17-28C,30,28C,0,23,M98,AB4262,1,8
2026-08-02T04:11:16.237Z,deep_scan,20260802011913_1A-4-7-8-17-28C,30,28C,0,32,M161,AB5657,1,16
2026-08-02T04:11:46.216Z,deep_scan,20260802011913_1A-4-7-8-17-28C,30,28C,0,0,M62/3,AB4326,1,18
2026-08-02T04:11:46.216Z,deep_scan,20260802011913_1A-4-7-8-17-28C,30,28C,0,10,M148,AB4355,0,22
2026-08-02T04:11:46.216Z,deep_scan,20260802011913_1A-4-7-8-17-28C,30,28C,0,19,M244,AB6214,0,22
2026-08-02T04:11:46.216Z,deep_scan,20260802011913_1A-4-7-8-17-28C,30,28C,0,23,M98,AB4262,1,8
2026-08-02T04:11:46.216Z,deep_scan,20260802011913_1A-4-7-8-17-28C,30,28C,0,33,M70,AB5657,1,14
2026-08-02T04:12:16.191Z,deep_scan,20260802011913_1A-4-7-8-17-28C,30,28C,0,0,M62/3,AB4326,1,18
2026-08-02T04:12:16.191Z,deep_scan,20260802011913_1A-4-7-8-17-28C,30,28C,0,10,M148,AB4355,0,21
2026-08-02T04:12:16.191Z,deep_scan,20260802011913_1A-4-7-8-17-28C,30,28C,0,20,M216,AB6214,1,27
2026-08-02T04:12:16.191Z,deep_scan,20260802011913_1A-4-7-8-17-28C,30,28C,0,23,M98,AB4262,1,21
2026-08-02T04:12:16.191Z,deep_scan,20260802011913_1A-4-7-8-17-28C,30,28C,0,33,M70,AB5657,1,3
2026-08-02T04:12:46.187Z,deep_scan,20260802011913_1A-4-7-8-17-28C,30,28C,0,0,M62/3,AB4326,0,8
2026-08-02T04:12:46.187Z,deep_scan,20260802011913_1A-4-7-8-17-28C,30,28C,0,11,M76/1,AB4355,1,21
2026-08-02T04:12:46.187Z,deep_scan,20260802011913_1A-4-7-8-17-28C,30,28C,0,20,M216,AB6214,1,39
2026-08-02T04:12:46.187Z,deep_scan,20260802011913_1A-4-7-8-17-28C,30,28C,0,23,M98,AB4262,1,23
2026-08-02T04:12:46.187Z,deep_scan,20260802011913_1A-4-7-8-17-28C,30,28C,0,33,M70,AB5657,0,16
2026-08-02T04:13:16.215Z,deep_scan,20260802011913_1A-4-7-8-17-28C,30,28C,0,0,M62/3,AB4326,0,39
2026-08-02T04:13:16.215Z,deep_scan,20260802011913_1A-4-7-8-17-28C,30,28C,0,11,M76/1,AB4355,0,41
2026-08-02T04:13:16.215Z,deep_scan,20260802011913_1A-4-7-8-17-28C,30,28C,0,20,M216,AB6214,0,14
2026-08-02T04:13:16.215Z,deep_scan,20260802011913_1A-4-7-8-17-28C,30,28C,0,23,M98,AB4262,1,4
2026-08-02T04:13:16.215Z,deep_scan,20260802011913_1A-4-7-8-17-28C,30,28C,0,33,M70,AB5657,0,23
2026-08-02T04:13:46.256Z,deep_scan,20260802011913_1A-4-7-8-17-28C,30,28C,0,0,M62/3,AB4326,0,3
2026-08-02T04:13:46.256Z,deep_scan,20260802011913_1A-4-7-8-17-28C,30,28C,0,12,M84/1,AB4355,1,16
2026-08-02T04:13:46.256Z,deep_scan,20260802011913_1A-4-7-8-17-28C,30,28C,0,20,M216,AB6214,0,47
2026-08-02T04:13:46.256Z,deep_scan,20260802011913_1A-4-7-8-17-28C,30,28C,0,23,M98,AB4262,0,17
2026-08-02T04:13:46.256Z,deep_scan,20260802011913_1A-4-7-8-17-28C,30,28C,0,34,M118,AB5657,1,1
2026-08-02T04:14:16.212Z,deep_scan,20260802011913_1A-4-7-8-17-28C,30,28C,0,1,M117,AB4326,1,24
2026-08-02T04:14:16.212Z,deep_scan,20260802011913_1A-4-7-8-17-28C,30,28C,0,12,M84/1,AB4355,0,10
2026-08-02T04:14:16.212Z,deep_scan,20260802011913_1A-4-7-8-17-28C,30,28C,0,20,M216,AB6214,0,11
2026-08-02T04:14:16.212Z,deep_scan,20260802011913_1A-4-7-8-17-28C,30,28C,0,23,M98,AB4262,0,17
2026-08-02T04:14:16.212Z,deep_scan,20260802011913_1A-4-7-8-17-28C,30,28C,0,34,M118,AB5657,0,25
2026-08-02T04:14:46.279Z,deep_scan,20260802011913_1A-4-7-8-17-28C,30,28C,0,1,M117,AB4326,0,34
2026-08-02T04:14:46.279Z,deep_scan,20260802011913_1A-4-7-8-17-28C,30,28C,0,12,M84/1,AB4355,0,15
2026-08-02T04:14:46.279Z,deep_scan,20260802011913_1A-4-7-8-17-28C,30,28C,0,20,M216,AB6214,0,11
2026-08-02T04:14:46.279Z,deep_scan,20260802011913_1A-4-7-8-17-28C,30,28C,0,23,M98,AB4262,0,17
2026-08-02T04:14:46.279Z,deep_scan,20260802011913_1A-4-7-8-17-28C,30,28C,0,35,M62/3,AB5657,1,0
2026-08-02T04:15:16.261Z,deep_scan,20260802011913_1A-4-7-8-17-28C,30,28C,0,1,M117,AB4326,0,3
2026-08-02T04:15:16.261Z,deep_scan,20260802011913_1A-4-7-8-17-28C,30,28C,0,12,M84/1,AB4355,0,4
2026-08-02T04:15:16.261Z,deep_scan,20260802011913_1A-4-7-8-17-28C,30,28C,0,20,M216,AB6214,0,11
2026-08-02T04:15:16.261Z,deep_scan,20260802011913_1A-4-7-8-17-28C,30,28C,0,23,M98,AB4262,0,17
2026-08-02T04:15:16.261Z,deep_scan,20260802011913_1A-4-7-8-17-28C,30,28C,0,35,M62/3,AB5657,1,0
2026-08-02T04:15:46.312Z,deep_scan,20260802011913_1A-4-7-8-17-28C,30,28C,0,2,M241,AB4326,1,7
2026-08-02T04:15:46.312Z,deep_scan,20260802011913_1A-4-7-8-17-28C,30,28C,0,13,M92,AB4355,1,19
2026-08-02T04:15:46.312Z,deep_scan,20260802011913_1A-4-7-8-17-28C,30,28C,0,20,M216,AB6214,0,4
2026-08-02T04:15:46.312Z,deep_scan,20260802011913_1A-4-7-8-17-28C,30,28C,0,24,M88,AB4262,1,16
2026-08-02T04:15:46.312Z,deep_scan,20260802011913_1A-4-7-8-17-28C,30,28C,0,35,M62/3,AB5657,1,0
2026-08-02T04:16:16.261Z,deep_scan,20260802011913_1A-4-7-8-17-28C,30,28C,0,2,M241,AB4326,1,7
2026-08-02T04:16:16.261Z,deep_scan,20260802011913_1A-4-7-8-17-28C,30,28C,0,13,M92,AB4355,1,4
2026-08-02T04:16:16.261Z,deep_scan,20260802011913_1A-4-7-8-17-28C,30,28C,0,21,M225,AB6214,1,2
2026-08-02T04:16:16.261Z,deep_scan,20260802011913_1A-4-7-8-17-28C,30,28C,0,24,M88,AB4262,1,16
2026-08-02T04:16:16.261Z,deep_scan,20260802011913_1A-4-7-8-17-28C,30,28C,0,35,M62/3,AB5657,1,0
2026-08-02T04:16:46.293Z,deep_scan,20260802011913_1A-4-7-8-17-28C,30,28C,0,2,M241,AB4326,0,24
2026-08-02T04:16:46.293Z,deep_scan,20260802011913_1A-4-7-8-17-28C,30,28C,0,13,M92,AB4355,1,4
2026-08-02T04:16:46.293Z,deep_scan,20260802011913_1A-4-7-8-17-28C,30,28C,0,21,M225,AB6214,1,2
2026-08-02T04:16:46.293Z,deep_scan,20260802011913_1A-4-7-8-17-28C,30,28C,0,24,M88,AB4262,0,2
2026-08-02T04:16:46.293Z,deep_scan,20260802011913_1A-4-7-8-17-28C,30,28C,0,35,M62/3,AB5657,1,0
2026-08-02T04:17:16.240Z,deep_scan,20260802011913_1A-4-7-8-17-28C,30,28C,0,3,M71,AB4326,1,2
2026-08-02T04:17:16.240Z,deep_scan,20260802011913_1A-4-7-8-17-28C,30,28C,0,13,M92,AB4355,1,4
2026-08-02T04:17:16.240Z,deep_scan,20260802011913_1A-4-7-8-17-28C,30,28C,0,21,M225,AB6214,1,2
2026-08-02T04:17:16.240Z,deep_scan,20260802011913_1A-4-7-8-17-28C,30,28C,0,24,M88,AB4262,0,2
2026-08-02T04:17:16.240Z,deep_scan,20260802011913_1A-4-7-8-17-28C,30,28C,0,35,M62/3,AB5657,1,0
2026-08-02T04:17:46.271Z,deep_scan,20260802011913_1A-4-7-8-17-28C,30,28C,0,3,M71,AB4326,1,2
2026-08-02T04:17:46.271Z,deep_scan,20260802011913_1A-4-7-8-17-28C,30,28C,0,13,M92,AB4355,0,17
2026-08-02T04:17:46.271Z,deep_scan,20260802011913_1A-4-7-8-17-28C,30,28C,0,21,M225,AB6214,1,11
2026-08-02T04:17:46.271Z,deep_scan,20260802011913_1A-4-7-8-17-28C,30,28C,0,24,M88,AB4262,0,1
2026-08-02T04:17:46.271Z,deep_scan,20260802011913_1A-4-7-8-17-28C,30,28C,0,35,M62/3,AB5657,1,0
2026-08-02T04:18:16.281Z,deep_scan,20260802011913_1A-4-7-8-17-28C,30,28C,0,3,M71,AB4326,0,8
2026-08-02T04:18:16.281Z,deep_scan,20260802011913_1A-4-7-8-17-28C,30,28C,0,13,M92,AB4355,0,36
2026-08-02T04:18:16.281Z,deep_scan,20260802011913_1A-4-7-8-17-28C,30,28C,0,21,M225,AB6214,1,2
2026-08-02T04:18:16.281Z,deep_scan,20260802011913_1A-4-7-8-17-28C,30,28C,0,24,M88,AB4262,0,10
2026-08-02T04:18:16.281Z,deep_scan,20260802011913_1A-4-7-8-17-28C,30,28C,0,35,M62/3,AB5657,1,0
2026-08-02T04:18:46.324Z,deep_scan,20260802011913_1A-4-7-8-17-28C,30,28C,0,4,M155,AB4326,1,21
2026-08-02T04:18:46.324Z,deep_scan,20260802011913_1A-4-7-8-17-28C,30,28C,0,14,M104,AB4355,1,19
2026-08-02T04:18:46.324Z,deep_scan,20260802011913_1A-4-7-8-17-28C,30,28C,0,21,M225,AB6214,0,28
2026-08-02T04:18:46.324Z,deep_scan,20260802011913_1A-4-7-8-17-28C,30,28C,0,24,M88,AB4262,0,17
2026-08-02T04:18:46.324Z,deep_scan,20260802011913_1A-4-7-8-17-28C,30,28C,0,35,M62/3,AB5657,1,0
2026-08-02T04:19:16.328Z,deep_scan,20260802011913_1A-4-7-8-17-28C,30,28C,0,4,M155,AB4326,0,23
2026-08-02T04:19:16.328Z,deep_scan,20260802011913_1A-4-7-8-17-28C,30,28C,0,14,M104,AB4355,1,20
2026-08-02T04:19:16.328Z,deep_scan,20260802011913_1A-4-7-8-17-28C,30,28C,0,21,M225,AB6214,0,30
2026-08-02T04:19:16.328Z,deep_scan,20260802011913_1A-4-7-8-17-28C,30,28C,0,25,M72,AB4262,1,27
2026-08-02T04:19:46.365Z,deep_scan,20260802011913_1A-4-7-8-17-28C,30,28C,0,4,M155,AB4326,0,7
2026-08-02T04:19:46.365Z,deep_scan,20260802011913_1A-4-7-8-17-28C,30,28C,0,14,M104,AB4355,1,20
2026-08-02T04:19:46.365Z,deep_scan,20260802011913_1A-4-7-8-17-28C,30,28C,0,21,M225,AB6214,0,44
2026-08-02T04:19:46.365Z,deep_scan,20260802011913_1A-4-7-8-17-28C,30,28C,0,26,M149,AB4262,1,26
2026-08-02T04:20:16.333Z,deep_scan,20260802011913_1A-4-7-8-17-28C,30,28C,0,5,M157,AB4326,1,1
2026-08-02T04:20:16.333Z,deep_scan,20260802011913_1A-4-7-8-17-28C,30,28C,0,14,M104,AB4355,0,27
2026-08-02T04:20:16.333Z,deep_scan,20260802011913_1A-4-7-8-17-28C,30,28C,0,22,M16/2,AB6214,1,16
2026-08-02T04:20:16.333Z,deep_scan,20260802011913_1A-4-7-8-17-28C,30,28C,0,26,M149,AB4262,1,5
2026-08-02T04:20:46.395Z,deep_scan,20260802011913_1A-4-7-8-17-28C,30,28C,0,5,M157,AB4326,0,31
2026-08-02T04:20:46.395Z,deep_scan,20260802011913_1A-4-7-8-17-28C,30,28C,0,15,M43,AB4355,1,14
2026-08-02T04:20:46.395Z,deep_scan,20260802011913_1A-4-7-8-17-28C,30,28C,0,22,M16/2,AB6214,1,16
2026-08-02T04:20:46.395Z,deep_scan,20260802011913_1A-4-7-8-17-28C,30,28C,0,26,M149,AB4262,0,8
2026-08-02T04:21:16.336Z,deep_scan,20260802011913_1A-4-7-8-17-28C,30,28C,0,6,M163,AB4326,1,2
2026-08-02T04:21:16.336Z,deep_scan,20260802011913_1A-4-7-8-17-28C,30,28C,0,15,M43,AB4355,0,14
2026-08-02T04:21:16.336Z,deep_scan,20260802011913_1A-4-7-8-17-28C,30,28C,0,22,M16/2,AB6214,1,16
2026-08-02T04:21:16.336Z,deep_scan,20260802011913_1A-4-7-8-17-28C,30,28C,0,26,M149,AB4262,0,17
2026-08-02T04:21:46.335Z,deep_scan,20260802011913_1A-4-7-8-17-28C,30,28C,0,6,M163,AB4326,1,3
2026-08-02T04:21:46.335Z,deep_scan,20260802011913_1A-4-7-8-17-28C,30,28C,0,16,M40,AB4355,1,27
2026-08-02T04:21:46.335Z,deep_scan,20260802011913_1A-4-7-8-17-28C,30,28C,0,22,M16/2,AB6214,0,16
2026-08-02T04:21:46.335Z,deep_scan,20260802011913_1A-4-7-8-17-28C,30,28C,0,26,M149,AB4262,0,14
2026-08-02T04:22:16.332Z,deep_scan,20260802011913_1A-4-7-8-17-28C,30,28C,0,6,M163,AB4326,1,5
2026-08-02T04:22:16.332Z,deep_scan,20260802011913_1A-4-7-8-17-28C,30,28C,0,16,M40,AB4355,1,27
2026-08-02T04:22:16.332Z,deep_scan,20260802011913_1A-4-7-8-17-28C,30,28C,0,23,M98,AB6214,1,27
2026-08-02T04:22:16.332Z,deep_scan,20260802011913_1A-4-7-8-17-28C,30,28C,0,27,M145/2,AB4262,1,23
2026-08-02T04:22:46.367Z,deep_scan,20260802011913_1A-4-7-8-17-28C,30,28C,0,7,M164,AB4326,0,29
2026-08-02T04:22:46.367Z,deep_scan,20260802011913_1A-4-7-8-17-28C,30,28C,0,16,M40,AB4355,0,25
2026-08-02T04:22:46.367Z,deep_scan,20260802011913_1A-4-7-8-17-28C,30,28C,0,23,M98,AB6214,0,27
2026-08-02T04:22:46.367Z,deep_scan,20260802011913_1A-4-7-8-17-28C,30,28C,0,27,M145/2,AB4262,0,23
2026-08-02T04:23:16.341Z,deep_scan,20260802011913_1A-4-7-8-17-28C,30,28C,0,7,M164,AB4326,0,37
2026-08-02T04:23:16.341Z,deep_scan,20260802011913_1A-4-7-8-17-28C,30,28C,0,16,M40,AB4355,0,24
2026-08-02T04:23:16.341Z,deep_scan,20260802011913_1A-4-7-8-17-28C,30,28C,0,23,M98,AB6214,0,26
2026-08-02T04:23:16.341Z,deep_scan,20260802011913_1A-4-7-8-17-28C,30,28C,0,28,M165,AB4262,0,22
2026-08-02T04:23:46.397Z,deep_scan,20260802011913_1A-4-7-8-17-28C,30,28C,0,8,M151,AB4326,1,17
2026-08-02T04:23:46.397Z,deep_scan,20260802011913_1A-4-7-8-17-28C,30,28C,0,17,M28/2,AB4355,1,35
2026-08-02T04:23:46.397Z,deep_scan,20260802011913_1A-4-7-8-17-28C,30,28C,0,23,M98,AB6214,0,29
2026-08-02T04:23:46.397Z,deep_scan,20260802011913_1A-4-7-8-17-28C,30,28C,0,28,M165,AB4262,0,29
2026-08-02T04:24:16.381Z,deep_scan,20260802011913_1A-4-7-8-17-28C,30,28C,0,8,M151,AB4326,0,17
2026-08-02T04:24:16.381Z,deep_scan,20260802011913_1A-4-7-8-17-28C,30,28C,0,17,M28/2,AB4355,1,15
2026-08-02T04:24:16.381Z,deep_scan,20260802011913_1A-4-7-8-17-28C,30,28C,0,23,M98,AB6214,0,22
2026-08-02T04:24:16.381Z,deep_scan,20260802011913_1A-4-7-8-17-28C,30,28C,0,29,M163,AB4262,1,1
2026-08-02T04:24:46.429Z,deep_scan,20260802011913_1A-4-7-8-17-28C,30,28C,0,9,M150,AB4326,1,7
2026-08-02T04:24:46.429Z,deep_scan,20260802011913_1A-4-7-8-17-28C,30,28C,0,17,M28/2,AB4355,0,13
2026-08-02T04:24:46.429Z,deep_scan,20260802011913_1A-4-7-8-17-28C,30,28C,0,23,M98,AB6214,0,26
2026-08-02T04:24:46.429Z,deep_scan,20260802011913_1A-4-7-8-17-28C,30,28C,0,29,M163,AB4262,1,28
2026-08-02T04:25:16.403Z,deep_scan,20260802011913_1A-4-7-8-17-28C,30,28C,0,9,M150,AB4326,1,11
2026-08-02T04:25:16.403Z,deep_scan,20260802011913_1A-4-7-8-17-28C,30,28C,0,17,M28/2,AB4355,0,23
2026-08-02T04:25:16.403Z,deep_scan,20260802011913_1A-4-7-8-17-28C,30,28C,0,23,M98,AB6214,0,26
2026-08-02T04:25:16.403Z,deep_scan,20260802011913_1A-4-7-8-17-28C,30,28C,0,29,M163,AB4262,1,1
2026-08-02T04:25:46.447Z,deep_scan,20260802011913_1A-4-7-8-17-28C,30,28C,0,9,M150,AB4326,0,12
2026-08-02T04:25:46.447Z,deep_scan,20260802011913_1A-4-7-8-17-28C,30,28C,0,17,M28/2,AB4355,0,23
2026-08-02T04:25:46.447Z,deep_scan,20260802011913_1A-4-7-8-17-28C,30,28C,0,24,M88,AB6214,1,31
2026-08-02T04:25:46.447Z,deep_scan,20260802011913_1A-4-7-8-17-28C,30,28C,0,29,M163,AB4262,1,32
2026-08-02T04:26:16.418Z,deep_scan,20260802011913_1A-4-7-8-17-28C,30,28C,0,9,M150,AB4326,0,6
2026-08-02T04:26:16.418Z,deep_scan,20260802011913_1A-4-7-8-17-28C,30,28C,0,18,M227,AB4355,1,22
2026-08-02T04:26:16.418Z,deep_scan,20260802011913_1A-4-7-8-17-28C,30,28C,0,24,M88,AB6214,1,16
2026-08-02T04:26:16.418Z,deep_scan,20260802011913_1A-4-7-8-17-28C,30,28C,0,30,M160/2,AB4262,1,24
2026-08-02T04:26:46.489Z,deep_scan,20260802011913_1A-4-7-8-17-28C,30,28C,0,0,M62/3,AB5457,1,2
2026-08-02T04:26:46.489Z,deep_scan,20260802011913_1A-4-7-8-17-28C,30,28C,0,9,M150,AB4326,0,17
2026-08-02T04:26:46.489Z,deep_scan,20260802011913_1A-4-7-8-17-28C,30,28C,0,18,M227,AB4355,1,13
2026-08-02T04:26:46.489Z,deep_scan,20260802011913_1A-4-7-8-17-28C,30,28C,0,24,M88,AB6214,1,16
2026-08-02T04:26:46.489Z,deep_scan,20260802011913_1A-4-7-8-17-28C,30,28C,0,31,M158/1,AB4262,1,9
2026-08-02T04:27:16.429Z,deep_scan,20260802011913_1A-4-7-8-17-28C,30,28C,0,0,M62/3,AB5457,1,10
2026-08-02T04:27:16.429Z,deep_scan,20260802011913_1A-4-7-8-17-28C,30,28C,0,10,M148,AB4326,1,17
2026-08-02T04:27:16.429Z,deep_scan,20260802011913_1A-4-7-8-17-28C,30,28C,0,18,M227,AB4355,1,13
2026-08-02T04:27:16.429Z,deep_scan,20260802011913_1A-4-7-8-17-28C,30,28C,0,24,M88,AB6214,0,16
2026-08-02T04:27:16.429Z,deep_scan,20260802011913_1A-4-7-8-17-28C,30,28C,0,31,M158/1,AB4262,0,19
2026-08-02T04:27:46.384Z,deep_scan,20260802011913_1A-4-7-8-17-28C,30,28C,0,0,M62/3,AB5457,0,22
2026-08-02T04:27:46.384Z,deep_scan,20260802011913_1A-4-7-8-17-28C,30,28C,0,10,M148,AB4326,1,17
2026-08-02T04:27:46.384Z,deep_scan,20260802011913_1A-4-7-8-17-28C,30,28C,0,18,M227,AB4355,1,13
2026-08-02T04:27:46.384Z,deep_scan,20260802011913_1A-4-7-8-17-28C,30,28C,0,24,M88,AB6214,0,16
2026-08-02T04:27:46.384Z,deep_scan,20260802011913_1A-4-7-8-17-28C,30,28C,0,31,M158/1,AB4262,0,6
2026-08-02T04:28:16.433Z,deep_scan,20260802011913_1A-4-7-8-17-28C,30,28C,0,0,M62/3,AB5457,0,20
2026-08-02T04:28:16.433Z,deep_scan,20260802011913_1A-4-7-8-17-28C,30,28C,0,10,M148,AB4326,0,10
2026-08-02T04:28:16.433Z,deep_scan,20260802011913_1A-4-7-8-17-28C,30,28C,0,18,M227,AB4355,0,13
2026-08-02T04:28:16.433Z,deep_scan,20260802011913_1A-4-7-8-17-28C,30,28C,0,24,M88,AB6214,0,26
2026-08-02T04:28:16.433Z,deep_scan,20260802011913_1A-4-7-8-17-28C,30,28C,0,31,M158/1,AB4262,0,6
2026-08-02T04:28:46.457Z,deep_scan,20260802011913_1A-4-7-8-17-28C,30,28C,0,1,M117,AB5457,1,20
2026-08-02T04:28:46.457Z,deep_scan,20260802011913_1A-4-7-8-17-28C,30,28C,0,10,M148,AB4326,0,5
2026-08-02T04:28:46.457Z,deep_scan,20260802011913_1A-4-7-8-17-28C,30,28C,0,18,M227,AB4355,0,5
2026-08-02T04:28:46.457Z,deep_scan,20260802011913_1A-4-7-8-17-28C,30,28C,0,24,M88,AB6214,0,26
2026-08-02T04:28:46.457Z,deep_scan,20260802011913_1A-4-7-8-17-28C,30,28C,0,31,M158/1,AB4262,0,6
2026-08-02T04:29:16.438Z,deep_scan,20260802011913_1A-4-7-8-17-28C,30,28C,0,1,M117,AB5457,1,11
2026-08-02T04:29:16.438Z,deep_scan,20260802011913_1A-4-7-8-17-28C,30,28C,0,10,M148,AB4326,0,30
2026-08-02T04:29:16.438Z,deep_scan,20260802011913_1A-4-7-8-17-28C,30,28C,0,18,M227,AB4355,0,16
2026-08-02T04:29:16.438Z,deep_scan,20260802011913_1A-4-7-8-17-28C,30,28C,0,24,M88,AB6214,0,25
2026-08-02T04:29:16.438Z,deep_scan,20260802011913_1A-4-7-8-17-28C,30,28C,0,32,M161,AB4262,1,6
2026-08-02T04:29:46.421Z,deep_scan,20260802011913_1A-4-7-8-17-28C,30,28C,0,1,M117,AB5457,0,20
2026-08-02T04:29:46.421Z,deep_scan,20260802011913_1A-4-7-8-17-28C,30,28C,0,10,M148,AB4326,0,9
2026-08-02T04:29:46.421Z,deep_scan,20260802011913_1A-4-7-8-17-28C,30,28C,0,19,M244,AB4355,1,21
2026-08-02T04:29:46.421Z,deep_scan,20260802011913_1A-4-7-8-17-28C,30,28C,0,25,M72,AB6214,1,34
2026-08-02T04:29:46.421Z,deep_scan,20260802011913_1A-4-7-8-17-28C,30,28C,0,32,M161,AB4262,1,20
2026-08-02T04:30:16.464Z,deep_scan,20260802011913_1A-4-7-8-17-28C,30,28C,0,2,M241,AB5457,1,8
2026-08-02T04:30:16.464Z,deep_scan,20260802011913_1A-4-7-8-17-28C,30,28C,0,11,M76/1,AB4326,1,23
2026-08-02T04:30:16.464Z,deep_scan,20260802011913_1A-4-7-8-17-28C,30,28C,0,19,M244,AB4355,0,5
2026-08-02T04:30:16.464Z,deep_scan,20260802011913_1A-4-7-8-17-28C,30,28C,0,25,M72,AB6214,1,24
2026-08-02T04:30:16.464Z,deep_scan,20260802011913_1A-4-7-8-17-28C,30,28C,0,32,M161,AB4262,0,6
2026-08-02T04:30:46.462Z,deep_scan,20260802011913_1A-4-7-8-17-28C,30,28C,0,2,M241,AB5457,0,11
2026-08-02T04:30:46.462Z,deep_scan,20260802011913_1A-4-7-8-17-28C,30,28C,0,11,M76/1,AB4326,0,11
2026-08-02T04:30:46.462Z,deep_scan,20260802011913_1A-4-7-8-17-28C,30,28C,0,19,M244,AB4355,0,23
2026-08-02T04:30:46.462Z,deep_scan,20260802011913_1A-4-7-8-17-28C,30,28C,0,26,M149,AB6214,1,26
2026-08-02T04:30:46.462Z,deep_scan,20260802011913_1A-4-7-8-17-28C,30,28C,0,33,M70,AB4262,1,26
2026-08-02T04:31:16.500Z,deep_scan,20260802011913_1A-4-7-8-17-28C,30,28C,0,3,M71,AB5457,1,9
2026-08-02T04:31:16.500Z,deep_scan,20260802011913_1A-4-7-8-17-28C,30,28C,0,11,M76/1,AB4326,0,11
2026-08-02T04:31:16.500Z,deep_scan,20260802011913_1A-4-7-8-17-28C,30,28C,0,19,M244,AB4355,0,23
2026-08-02T04:31:16.500Z,deep_scan,20260802011913_1A-4-7-8-17-28C,30,28C,0,26,M149,AB6214,0,11
2026-08-02T04:31:16.500Z,deep_scan,20260802011913_1A-4-7-8-17-28C,30,28C,0,33,M70,AB4262,0,7
2026-08-02T04:31:46.471Z,deep_scan,20260802011913_1A-4-7-8-17-28C,30,28C,0,3,M71,AB5457,1,5
2026-08-02T04:31:46.471Z,deep_scan,20260802011913_1A-4-7-8-17-28C,30,28C,0,11,M76/1,AB4326,0,16
2026-08-02T04:31:46.471Z,deep_scan,20260802011913_1A-4-7-8-17-28C,30,28C,0,19,M244,AB4355,0,28
2026-08-02T04:31:46.471Z,deep_scan,20260802011913_1A-4-7-8-17-28C,30,28C,0,26,M149,AB6214,0,28
2026-08-02T04:31:46.471Z,deep_scan,20260802011913_1A-4-7-8-17-28C,30,28C,0,34,M118,AB4262,1,15
2026-08-02T04:32:16.526Z,deep_scan,20260802011913_1A-4-7-8-17-28C,30,28C,0,3,M71,AB5457,0,27
2026-08-02T04:32:16.526Z,deep_scan,20260802011913_1A-4-7-8-17-28C,30,28C,0,12,M84/1,AB4326,1,17
2026-08-02T04:32:16.526Z,deep_scan,20260802011913_1A-4-7-8-17-28C,30,28C,0,20,M216,AB4355,1,10
2026-08-02T04:32:16.526Z,deep_scan,20260802011913_1A-4-7-8-17-28C,30,28C,0,27,M145/2,AB6214,1,14
2026-08-02T04:32:16.526Z,deep_scan,20260802011913_1A-4-7-8-17-28C,30,28C,0,34,M118,AB4262,1,6
2026-08-02T04:32:46.458Z,deep_scan,20260802011913_1A-4-7-8-17-28C,30,28C,0,4,M155,AB5457,1,19
2026-08-02T04:32:46.458Z,deep_scan,20260802011913_1A-4-7-8-17-28C,30,28C,0,12,M84/1,AB4326,1,5
2026-08-02T04:32:46.458Z,deep_scan,20260802011913_1A-4-7-8-17-28C,30,28C,0,20,M216,AB4355,1,10
2026-08-02T04:32:46.458Z,deep_scan,20260802011913_1A-4-7-8-17-28C,30,28C,0,27,M145/2,AB6214,0,14
2026-08-02T04:32:46.458Z,deep_scan,20260802011913_1A-4-7-8-17-28C,30,28C,0,34,M118,AB4262,0,6
2026-08-02T04:33:16.498Z,deep_scan,20260802011913_1A-4-7-8-17-28C,30,28C,0,4,M155,AB5457,0,20
2026-08-02T04:33:16.498Z,deep_scan,20260802011913_1A-4-7-8-17-28C,30,28C,0,12,M84/1,AB4326,0,10
2026-08-02T04:33:16.498Z,deep_scan,20260802011913_1A-4-7-8-17-28C,30,28C,0,20,M216,AB4355,0,26
2026-08-02T04:33:16.498Z,deep_scan,20260802011913_1A-4-7-8-17-28C,30,28C,0,28,M165,AB6214,1,25
2026-08-02T04:33:16.498Z,deep_scan,20260802011913_1A-4-7-8-17-28C,30,28C,0,35,M62/3,AB4262,1,0
2026-08-02T04:33:46.479Z,deep_scan,20260802011913_1A-4-7-8-17-28C,30,28C,0,5,M157,AB5457,1,19
2026-08-02T04:33:46.479Z,deep_scan,20260802011913_1A-4-7-8-17-28C,30,28C,0,12,M84/1,AB4326,0,11
2026-08-02T04:33:46.479Z,deep_scan,20260802011913_1A-4-7-8-17-28C,30,28C,0,20,M216,AB4355,0,46
2026-08-02T04:33:46.479Z,deep_scan,20260802011913_1A-4-7-8-17-28C,30,28C,0,29,M163,AB6214,1,30
2026-08-02T04:33:46.479Z,deep_scan,20260802011913_1A-4-7-8-17-28C,30,28C,0,35,M62/3,AB4262,1,0
2026-08-02T04:34:16.497Z,deep_scan,20260802011913_1A-4-7-8-17-28C,30,28C,0,5,M157,AB5457,1,26
2026-08-02T04:34:16.497Z,deep_scan,20260802011913_1A-4-7-8-17-28C,30,28C,0,12,M84/1,AB4326,0,11
2026-08-02T04:34:16.497Z,deep_scan,20260802011913_1A-4-7-8-17-28C,30,28C,0,20,M216,AB4355,0,9
2026-08-02T04:34:16.497Z,deep_scan,20260802011913_1A-4-7-8-17-28C,30,28C,0,29,M163,AB6214,1,2
2026-08-02T04:34:16.497Z,deep_scan,20260802011913_1A-4-7-8-17-28C,30,28C,0,35,M62/3,AB4262,1,0
2026-08-02T04:34:46.483Z,deep_scan,20260802011913_1A-4-7-8-17-28C,30,28C,0,6,M163,AB5457,1,31
2026-08-02T04:34:46.483Z,deep_scan,20260802011913_1A-4-7-8-17-28C,30,28C,0,12,M84/1,AB4326,0,11
2026-08-02T04:34:46.483Z,deep_scan,20260802011913_1A-4-7-8-17-28C,30,28C,0,21,M225,AB4355,1,24
2026-08-02T04:34:46.483Z,deep_scan,20260802011913_1A-4-7-8-17-28C,30,28C,0,29,M163,AB6214,0,31
2026-08-02T04:34:46.483Z,deep_scan,20260802011913_1A-4-7-8-17-28C,30,28C,0,35,M62/3,AB4262,1,0
2026-08-02T04:35:16.596Z,deep_scan,20260802011913_1A-4-7-8-17-28C,30,28C,0,6,M163,AB5457,1,8
2026-08-02T04:35:16.596Z,deep_scan,20260802011913_1A-4-7-8-17-28C,30,28C,0,13,M92,AB4326,1,1
2026-08-02T04:35:16.596Z,deep_scan,20260802011913_1A-4-7-8-17-28C,30,28C,0,21,M225,AB4355,1,12
2026-08-02T04:35:16.596Z,deep_scan,20260802011913_1A-4-7-8-17-28C,30,28C,0,30,M160/2,AB6214,1,23
2026-08-02T04:35:16.596Z,deep_scan,20260802011913_1A-4-7-8-17-28C,30,28C,0,35,M62/3,AB4262,1,0
2026-08-02T04:35:46.564Z,deep_scan,20260802011913_1A-4-7-8-17-28C,30,28C,0,7,M164,AB5457,1,8
2026-08-02T04:35:46.564Z,deep_scan,20260802011913_1A-4-7-8-17-28C,30,28C,0,13,M92,AB4326,0,9
2026-08-02T04:35:46.564Z,deep_scan,20260802011913_1A-4-7-8-17-28C,30,28C,0,21,M225,AB4355,1,12
2026-08-02T04:35:46.564Z,deep_scan,20260802011913_1A-4-7-8-17-28C,30,28C,0,30,M160/2,AB6214,1,13
2026-08-02T04:35:46.564Z,deep_scan,20260802011913_1A-4-7-8-17-28C,30,28C,0,35,M62/3,AB4262,1,0
2026-08-02T04:36:16.572Z,deep_scan,20260802011913_1A-4-7-8-17-28C,30,28C,0,7,M164,AB5457,1,23
2026-08-02T04:36:16.572Z,deep_scan,20260802011913_1A-4-7-8-17-28C,30,28C,0,13,M92,AB4326,0,14
2026-08-02T04:36:16.572Z,deep_scan,20260802011913_1A-4-7-8-17-28C,30,28C,0,21,M225,AB4355,1,12
2026-08-02T04:36:16.572Z,deep_scan,20260802011913_1A-4-7-8-17-28C,30,28C,0,31,M158/1,AB6214,1,21
2026-08-02T04:36:16.572Z,deep_scan,20260802011913_1A-4-7-8-17-28C,30,28C,0,35,M62/3,AB4262,1,0
2026-08-02T04:36:46.525Z,deep_scan,20260802011913_1A-4-7-8-17-28C,30,28C,0,7,M164,AB5457,0,39
2026-08-02T04:36:46.525Z,deep_scan,20260802011913_1A-4-7-8-17-28C,30,28C,0,13,M92,AB4326,0,14
2026-08-02T04:36:46.525Z,deep_scan,20260802011913_1A-4-7-8-17-28C,30,28C,0,21,M225,AB4355,1,6
2026-08-02T04:36:46.525Z,deep_scan,20260802011913_1A-4-7-8-17-28C,30,28C,0,31,M158/1,AB6214,1,20
2026-08-02T04:36:46.525Z,deep_scan,20260802011913_1A-4-7-8-17-28C,30,28C,0,35,M62/3,AB4262,1,0
2026-08-02T04:37:16.524Z,deep_scan,20260802011913_1A-4-7-8-17-28C,30,28C,0,8,M151,AB5457,1,15
2026-08-02T04:37:16.524Z,deep_scan,20260802011913_1A-4-7-8-17-28C,30,28C,0,13,M92,AB4326,0,27
2026-08-02T04:37:16.524Z,deep_scan,20260802011913_1A-4-7-8-17-28C,30,28C,0,21,M225,AB4355,0,6
2026-08-02T04:37:16.524Z,deep_scan,20260802011913_1A-4-7-8-17-28C,30,28C,0,31,M158/1,AB6214,0,27
2026-08-02T04:37:16.524Z,deep_scan,20260802011913_1A-4-7-8-17-28C,30,28C,0,35,M62/3,AB4262,1,0
2026-08-02T04:37:46.571Z,deep_scan,20260802011913_1A-4-7-8-17-28C,30,28C,0,8,M151,AB5457,0,32
2026-08-02T04:37:46.571Z,deep_scan,20260802011913_1A-4-7-8-17-28C,30,28C,0,13,M92,AB4326,0,7
2026-08-02T04:37:46.571Z,deep_scan,20260802011913_1A-4-7-8-17-28C,30,28C,0,21,M225,AB4355,0,29
2026-08-02T04:37:46.571Z,deep_scan,20260802011913_1A-4-7-8-17-28C,30,28C,0,31,M158/1,AB6214,0,27
2026-08-02T04:38:16.612Z,deep_scan,20260802011913_1A-4-7-8-17-28C,30,28C,0,9,M150,AB5457,1,7
2026-08-02T04:38:16.612Z,deep_scan,20260802011913_1A-4-7-8-17-28C,30,28C,0,13,M92,AB4326,0,7
2026-08-02T04:38:16.612Z,deep_scan,20260802011913_1A-4-7-8-17-28C,30,28C,0,21,M225,AB4355,0,17
2026-08-02T04:38:16.612Z,deep_scan,20260802011913_1A-4-7-8-17-28C,30,28C,0,31,M158/1,AB6214,0,27
2026-08-02T04:38:46.583Z,deep_scan,20260802011913_1A-4-7-8-17-28C,30,28C,0,9,M150,AB5457,1,2
2026-08-02T04:38:46.583Z,deep_scan,20260802011913_1A-4-7-8-17-28C,30,28C,0,14,M104,AB4326,1,17
2026-08-02T04:38:46.583Z,deep_scan,20260802011913_1A-4-7-8-17-28C,30,28C,0,21,M225,AB4355,0,38
2026-08-02T04:38:46.583Z,deep_scan,20260802011913_1A-4-7-8-17-28C,30,28C,0,31,M158/1,AB6214,0,27
2026-08-02T04:39:16.608Z,deep_scan,20260802011913_1A-4-7-8-17-28C,30,28C,0,9,M150,AB5457,0,14
2026-08-02T04:39:16.608Z,deep_scan,20260802011913_1A-4-7-8-17-28C,30,28C,0,14,M104,AB4326,1,6
2026-08-02T04:39:16.608Z,deep_scan,20260802011913_1A-4-7-8-17-28C,30,28C,0,21,M225,AB4355,0,11
2026-08-02T04:39:16.608Z,deep_scan,20260802011913_1A-4-7-8-17-28C,30,28C,0,32,M161,AB6214,1,26
2026-08-02T04:39:46.624Z,deep_scan,20260802011913_1A-4-7-8-17-28C,30,28C,0,10,M148,AB5457,1,28
2026-08-02T04:39:46.624Z,deep_scan,20260802011913_1A-4-7-8-17-28C,30,28C,0,14,M104,AB4326,1,2
2026-08-02T04:39:46.624Z,deep_scan,20260802011913_1A-4-7-8-17-28C,30,28C,0,22,M16/2,AB4355,1,12
2026-08-02T04:39:46.624Z,deep_scan,20260802011913_1A-4-7-8-17-28C,30,28C,0,32,M161,AB6214,0,17
2026-08-02T04:40:16.608Z,deep_scan,20260802011913_1A-4-7-8-17-28C,30,28C,0,10,M148,AB5457,1,16
2026-08-02T04:40:16.608Z,deep_scan,20260802011913_1A-4-7-8-17-28C,30,28C,0,14,M104,AB4326,0,23
2026-08-02T04:40:16.608Z,deep_scan,20260802011913_1A-4-7-8-17-28C,30,28C,0,22,M16/2,AB4355,1,11
2026-08-02T04:40:16.608Z,deep_scan,20260802011913_1A-4-7-8-17-28C,30,28C,0,33,M70,AB6214,1,29
2026-08-02T04:40:46.688Z,deep_scan,20260802011913_1A-4-7-8-17-28C,30,28C,0,10,M148,AB5457,0,12
2026-08-02T04:40:46.688Z,deep_scan,20260802011913_1A-4-7-8-17-28C,30,28C,0,15,M43,AB4326,1,6
2026-08-02T04:40:46.688Z,deep_scan,20260802011913_1A-4-7-8-17-28C,30,28C,0,22,M16/2,AB4355,0,14
2026-08-02T04:40:46.688Z,deep_scan,20260802011913_1A-4-7-8-17-28C,30,28C,0,33,M70,AB6214,0,29
2026-08-02T04:41:16.576Z,deep_scan,20260802011913_1A-4-7-8-17-28C,30,28C,0,10,M148,AB5457,0,13
2026-08-02T04:41:16.576Z,deep_scan,20260802011913_1A-4-7-8-17-28C,30,28C,0,15,M43,AB4326,0,14
2026-08-02T04:41:16.576Z,deep_scan,20260802011913_1A-4-7-8-17-28C,30,28C,0,22,M16/2,AB4355,0,7
2026-08-02T04:41:16.576Z,deep_scan,20260802011913_1A-4-7-8-17-28C,30,28C,0,34,M118,AB6214,1,1
2026-08-02T04:41:46.645Z,deep_scan,20260802011913_1A-4-7-8-17-28C,30,28C,0,10,M148,AB5457,0,18
2026-08-02T04:41:46.645Z,deep_scan,20260802011913_1A-4-7-8-17-28C,30,28C,0,16,M40,AB4326,1,2
2026-08-02T04:41:46.645Z,deep_scan,20260802011913_1A-4-7-8-17-28C,30,28C,0,22,M16/2,AB4355,0,7
2026-08-02T04:41:46.645Z,deep_scan,20260802011913_1A-4-7-8-17-28C,30,28C,0,34,M118,AB6214,0,11
2026-08-02T04:42:16.620Z,deep_scan,20260802011913_1A-4-7-8-17-28C,30,28C,0,0,M62/3,AB4262,1,6
2026-08-02T04:42:16.620Z,deep_scan,20260802011913_1A-4-7-8-17-28C,30,28C,0,10,M148,AB5457,0,7
2026-08-02T04:42:16.620Z,deep_scan,20260802011913_1A-4-7-8-17-28C,30,28C,0,17,M28/2,AB4326,1,33
2026-08-02T04:42:16.620Z,deep_scan,20260802011913_1A-4-7-8-17-28C,30,28C,0,22,M16/2,AB4355,0,14
2026-08-02T04:42:16.620Z,deep_scan,20260802011913_1A-4-7-8-17-28C,30,28C,0,34,M118,AB6214,0,29
2026-08-02T04:42:46.629Z,deep_scan,20260802011913_1A-4-7-8-17-28C,30,28C,0,0,M62/3,AB4262,1,6
2026-08-02T04:42:46.629Z,deep_scan,20260802011913_1A-4-7-8-17-28C,30,28C,0,10,M148,AB5457,0,20
2026-08-02T04:42:46.629Z,deep_scan,20260802011913_1A-4-7-8-17-28C,30,28C,0,17,M28/2,AB4326,1,1
2026-08-02T04:42:46.629Z,deep_scan,20260802011913_1A-4-7-8-17-28C,30,28C,0,23,M98,AB4355,1,25
2026-08-02T04:42:46.629Z,deep_scan,20260802011913_1A-4-7-8-17-28C,30,28C,0,35,M62/3,AB6214,1,0
2026-08-02T04:43:16.621Z,deep_scan,20260802011913_1A-4-7-8-17-28C,30,28C,0,0,M62/3,AB4262,0,27
2026-08-02T04:43:16.621Z,deep_scan,20260802011913_1A-4-7-8-17-28C,30,28C,0,10,M148,AB5457,0,8
2026-08-02T04:43:16.621Z,deep_scan,20260802011913_1A-4-7-8-17-28C,30,28C,0,17,M28/2,AB4326,1,5
2026-08-02T04:43:16.621Z,deep_scan,20260802011913_1A-4-7-8-17-28C,30,28C,0,23,M98,AB4355,1,25
2026-08-02T04:43:16.621Z,deep_scan,20260802011913_1A-4-7-8-17-28C,30,28C,0,35,M62/3,AB6214,1,0
2026-08-02T04:43:46.631Z,deep_scan,20260802011913_1A-4-7-8-17-28C,30,28C,0,0,M62/3,AB4262,0,31
2026-08-02T04:43:46.631Z,deep_scan,20260802011913_1A-4-7-8-17-28C,30,28C,0,11,M76/1,AB5457,1,17
2026-08-02T04:43:46.631Z,deep_scan,20260802011913_1A-4-7-8-17-28C,30,28C,0,17,M28/2,AB4326,0,19
2026-08-02T04:43:46.631Z,deep_scan,20260802011913_1A-4-7-8-17-28C,30,28C,0,23,M98,AB4355,0,15
2026-08-02T04:43:46.631Z,deep_scan,20260802011913_1A-4-7-8-17-28C,30,28C,0,35,M62/3,AB6214,1,0
2026-08-02T04:44:16.647Z,deep_scan,20260802011913_1A-4-7-8-17-28C,30,28C,0,0,M62/3,AB4262,0,9
2026-08-02T04:44:16.647Z,deep_scan,20260802011913_1A-4-7-8-17-28C,30,28C,0,11,M76/1,AB5457,1,12
2026-08-02T04:44:16.647Z,deep_scan,20260802011913_1A-4-7-8-17-28C,30,28C,0,17,M28/2,AB4326,0,6
2026-08-02T04:44:16.647Z,deep_scan,20260802011913_1A-4-7-8-17-28C,30,28C,0,23,M98,AB4355,0,10
2026-08-02T04:44:16.647Z,deep_scan,20260802011913_1A-4-7-8-17-28C,30,28C,0,35,M62/3,AB6214,1,0
2026-08-02T04:44:46.723Z,deep_scan,20260802011913_1A-4-7-8-17-28C,30,28C,0,0,M62/3,AB4262,0,9
2026-08-02T04:44:46.723Z,deep_scan,20260802011913_1A-4-7-8-17-28C,30,28C,0,11,M76/1,AB5457,1,12
2026-08-02T04:44:46.723Z,deep_scan,20260802011913_1A-4-7-8-17-28C,30,28C,0,18,M227,AB4326,1,21
2026-08-02T04:44:46.723Z,deep_scan,20260802011913_1A-4-7-8-17-28C,30,28C,0,23,M98,AB4355,0,10
2026-08-02T04:44:46.723Z,deep_scan,20260802011913_1A-4-7-8-17-28C,30,28C,0,35,M62/3,AB6214,1,0
2026-08-02T04:45:17.679Z,deep_scan,20260802011913_1A-4-7-8-17-28C,30,28C,0,0,M62/3,AB4262,0,9
2026-08-02T04:45:17.679Z,deep_scan,20260802011913_1A-4-7-8-17-28C,30,28C,0,11,M76/1,AB5457,0,5
2026-08-02T04:45:17.679Z,deep_scan,20260802011913_1A-4-7-8-17-28C,30,28C,0,18,M227,AB4326,0,25
2026-08-02T04:45:17.679Z,deep_scan,20260802011913_1A-4-7-8-17-28C,30,28C,0,24,M88,AB4355,1,16
2026-08-02T04:45:17.679Z,deep_scan,20260802011913_1A-4-7-8-17-28C,30,28C,0,35,M62/3,AB6214,1,0
2026-08-02T04:45:46.713Z,deep_scan,20260802011913_1A-4-7-8-17-28C,30,28C,0,0,M62/3,AB4262,0,9
2026-08-02T04:45:46.713Z,deep_scan,20260802011913_1A-4-7-8-17-28C,30,28C,0,12,M84/1,AB5457,1,21
2026-08-02T04:45:46.713Z,deep_scan,20260802011913_1A-4-7-8-17-28C,30,28C,0,19,M244,AB4326,1,23
2026-08-02T04:45:46.713Z,deep_scan,20260802011913_1A-4-7-8-17-28C,30,28C,0,24,M88,AB4355,1,16
2026-08-02T04:45:46.713Z,deep_scan,20260802011913_1A-4-7-8-17-28C,30,28C,0,35,M62/3,AB6214,1,0
2026-08-02T04:46:16.732Z,deep_scan,20260802011913_1A-4-7-8-17-28C,30,28C,0,1,M117,AB4262,1,9
2026-08-02T04:46:16.732Z,deep_scan,20260802011913_1A-4-7-8-17-28C,30,28C,0,12,M84/1,AB5457,1,21
2026-08-02T04:46:16.732Z,deep_scan,20260802011913_1A-4-7-8-17-28C,30,28C,0,19,M244,AB4326,1,2
2026-08-02T04:46:16.732Z,deep_scan,20260802011913_1A-4-7-8-17-28C,30,28C,0,24,M88,AB4355,0,1
2026-08-02T04:46:16.732Z,deep_scan,20260802011913_1A-4-7-8-17-28C,30,28C,0,35,M62/3,AB6214,1,0
2026-08-02T04:46:46.742Z,deep_scan,20260802011913_1A-4-7-8-17-28C,30,28C,0,1,M117,AB4262,1,9
2026-08-02T04:46:46.742Z,deep_scan,20260802011913_1A-4-7-8-17-28C,30,28C,0,12,M84/1,AB5457,0,1
2026-08-02T04:46:46.742Z,deep_scan,20260802011913_1A-4-7-8-17-28C,30,28C,0,19,M244,AB4326,0,2
2026-08-02T04:46:46.742Z,deep_scan,20260802011913_1A-4-7-8-17-28C,30,28C,0,24,M88,AB4355,0,1
2026-08-02T04:47:16.667Z,deep_scan,20260802011913_1A-4-7-8-17-28C,30,28C,0,1,M117,AB4262,0,9
2026-08-02T04:47:16.667Z,deep_scan,20260802011913_1A-4-7-8-17-28C,30,28C,0,12,M84/1,AB5457,0,7
2026-08-02T04:47:16.667Z,deep_scan,20260802011913_1A-4-7-8-17-28C,30,28C,0,19,M244,AB4326,0,1
2026-08-02T04:47:16.667Z,deep_scan,20260802011913_1A-4-7-8-17-28C,30,28C,0,24,M88,AB4355,0,29
2026-08-02T04:47:46.731Z,deep_scan,20260802011913_1A-4-7-8-17-28C,30,28C,0,1,M117,AB4262,0,9
2026-08-02T04:47:46.731Z,deep_scan,20260802011913_1A-4-7-8-17-28C,30,28C,0,12,M84/1,AB5457,0,8
2026-08-02T04:47:46.731Z,deep_scan,20260802011913_1A-4-7-8-17-28C,30,28C,0,19,M244,AB4326,0,1
2026-08-02T04:47:46.731Z,deep_scan,20260802011913_1A-4-7-8-17-28C,30,28C,0,24,M88,AB4355,0,29
2026-08-02T04:48:16.693Z,deep_scan,20260802011913_1A-4-7-8-17-28C,30,28C,0,1,M117,AB4262,0,9
2026-08-02T04:48:16.693Z,deep_scan,20260802011913_1A-4-7-8-17-28C,30,28C,0,12,M84/1,AB5457,0,8
2026-08-02T04:48:16.693Z,deep_scan,20260802011913_1A-4-7-8-17-28C,30,28C,0,20,M216,AB4326,1,26
2026-08-02T04:48:16.693Z,deep_scan,20260802011913_1A-4-7-8-17-28C,30,28C,0,24,M88,AB4355,0,38
2026-08-02T04:48:46.753Z,deep_scan,20260802011913_1A-4-7-8-17-28C,30,28C,0,1,M117,AB4262,0,9
2026-08-02T04:48:46.753Z,deep_scan,20260802011913_1A-4-7-8-17-28C,30,28C,0,13,M92,AB5457,1,1
2026-08-02T04:48:46.753Z,deep_scan,20260802011913_1A-4-7-8-17-28C,30,28C,0,20,M216,AB4326,1,27
2026-08-02T04:48:46.753Z,deep_scan,20260802011913_1A-4-7-8-17-28C,30,28C,0,25,M72,AB4355,1,20
2026-08-02T04:49:16.742Z,deep_scan,20260802011913_1A-4-7-8-17-28C,30,28C,0,1,M117,AB4262,0,9
2026-08-02T04:49:16.742Z,deep_scan,20260802011913_1A-4-7-8-17-28C,30,28C,0,13,M92,AB5457,1,19
2026-08-02T04:49:16.742Z,deep_scan,20260802011913_1A-4-7-8-17-28C,30,28C,0,20,M216,AB4326,0,19
2026-08-02T04:49:16.742Z,deep_scan,20260802011913_1A-4-7-8-17-28C,30,28C,0,25,M72,AB4355,1,28
2026-08-02T04:49:46.782Z,deep_scan,20260802011913_1A-4-7-8-17-28C,30,28C,0,1,M117,AB4262,0,9
2026-08-02T04:49:46.782Z,deep_scan,20260802011913_1A-4-7-8-17-28C,30,28C,0,13,M92,AB5457,0,40
2026-08-02T04:49:46.782Z,deep_scan,20260802011913_1A-4-7-8-17-28C,30,28C,0,20,M216,AB4326,0,7
2026-08-02T04:49:46.782Z,deep_scan,20260802011913_1A-4-7-8-17-28C,30,28C,0,26,M149,AB4355,1,36
2026-08-02T04:50:16.754Z,deep_scan,20260802011913_1A-4-7-8-17-28C,30,28C,0,1,M117,AB4262,0,9
2026-08-02T04:50:16.754Z,deep_scan,20260802011913_1A-4-7-8-17-28C,30,28C,0,13,M92,AB5457,0,16
2026-08-02T04:50:16.754Z,deep_scan,20260802011913_1A-4-7-8-17-28C,30,28C,0,20,M216,AB4326,0,36
2026-08-02T04:50:16.754Z,deep_scan,20260802011913_1A-4-7-8-17-28C,30,28C,0,26,M149,AB4355,0,21
2026-08-02T04:50:46.785Z,deep_scan,20260802011913_1A-4-7-8-17-28C,30,28C,0,1,M117,AB4262,0,9
2026-08-02T04:50:46.785Z,deep_scan,20260802011913_1A-4-7-8-17-28C,30,28C,0,13,M92,AB5457,0,18
2026-08-02T04:50:46.785Z,deep_scan,20260802011913_1A-4-7-8-17-28C,30,28C,0,20,M216,AB4326,0,7
2026-08-02T04:50:46.785Z,deep_scan,20260802011913_1A-4-7-8-17-28C,30,28C,0,26,M149,AB4355,0,27
2026-08-02T04:51:16.780Z,deep_scan,20260802011913_1A-4-7-8-17-28C,30,28C,0,1,M117,AB4262,0,9
2026-08-02T04:51:16.780Z,deep_scan,20260802011913_1A-4-7-8-17-28C,30,28C,0,14,M104,AB5457,1,18
2026-08-02T04:51:16.780Z,deep_scan,20260802011913_1A-4-7-8-17-28C,30,28C,0,20,M216,AB4326,0,1
2026-08-02T04:51:16.780Z,deep_scan,20260802011913_1A-4-7-8-17-28C,30,28C,0,27,M145/2,AB4355,1,12
2026-08-02T04:51:46.766Z,deep_scan,20260802011913_1A-4-7-8-17-28C,30,28C,0,1,M117,AB4262,0,9
2026-08-02T04:51:46.766Z,deep_scan,20260802011913_1A-4-7-8-17-28C,30,28C,0,14,M104,AB5457,0,21
2026-08-02T04:51:46.766Z,deep_scan,20260802011913_1A-4-7-8-17-28C,30,28C,0,20,M216,AB4326,0,15
2026-08-02T04:51:46.766Z,deep_scan,20260802011913_1A-4-7-8-17-28C,30,28C,0,27,M145/2,AB4355,1,12
2026-08-02T04:52:16.760Z,deep_scan,20260802011913_1A-4-7-8-17-28C,30,28C,0,1,M117,AB4262,0,9
2026-08-02T04:52:16.760Z,deep_scan,20260802011913_1A-4-7-8-17-28C,30,28C,0,14,M104,AB5457,0,10
2026-08-02T04:52:16.760Z,deep_scan,20260802011913_1A-4-7-8-17-28C,30,28C,0,20,M216,AB4326,0,15
2026-08-02T04:52:16.760Z,deep_scan,20260802011913_1A-4-7-8-17-28C,30,28C,0,27,M145/2,AB4355,1,12
2026-08-02T04:52:46.825Z,deep_scan,20260802011913_1A-4-7-8-17-28C,30,28C,0,1,M117,AB4262,0,9
2026-08-02T04:52:46.825Z,deep_scan,20260802011913_1A-4-7-8-17-28C,30,28C,0,15,M43,AB5457,1,10
2026-08-02T04:52:46.825Z,deep_scan,20260802011913_1A-4-7-8-17-28C,30,28C,0,20,M216,AB4326,0,14
2026-08-02T04:52:46.825Z,deep_scan,20260802011913_1A-4-7-8-17-28C,30,28C,0,27,M145/2,AB4355,0,29
2026-08-02T04:53:16.799Z,deep_scan,20260802011913_1A-4-7-8-17-28C,30,28C,0,1,M117,AB4262,0,9
2026-08-02T04:53:16.799Z,deep_scan,20260802011913_1A-4-7-8-17-28C,30,28C,0,15,M43,AB5457,0,6
2026-08-02T04:53:16.799Z,deep_scan,20260802011913_1A-4-7-8-17-28C,30,28C,0,20,M216,AB4326,0,14
2026-08-02T04:53:16.799Z,deep_scan,20260802011913_1A-4-7-8-17-28C,30,28C,0,28,M165,AB4355,1,16
2026-08-02T04:53:46.843Z,deep_scan,20260802011913_1A-4-7-8-17-28C,30,28C,0,1,M117,AB4262,0,9
2026-08-02T04:53:46.843Z,deep_scan,20260802011913_1A-4-7-8-17-28C,30,28C,0,16,M40,AB5457,1,27
2026-08-02T04:53:46.843Z,deep_scan,20260802011913_1A-4-7-8-17-28C,30,28C,0,21,M225,AB4326,1,18
2026-08-02T04:53:46.843Z,deep_scan,20260802011913_1A-4-7-8-17-28C,30,28C,0,28,M165,AB4355,0,3
2026-08-02T04:54:16.763Z,deep_scan,20260802011913_1A-4-7-8-17-28C,30,28C,0,1,M117,AB4262,0,9
2026-08-02T04:54:16.763Z,deep_scan,20260802011913_1A-4-7-8-17-28C,30,28C,0,16,M40,AB5457,1,2
2026-08-02T04:54:16.763Z,deep_scan,20260802011913_1A-4-7-8-17-28C,30,28C,0,21,M225,AB4326,1,18
2026-08-02T04:54:16.763Z,deep_scan,20260802011913_1A-4-7-8-17-28C,30,28C,0,29,M163,AB4355,1,24
2026-08-02T04:54:46.820Z,deep_scan,20260802011913_1A-4-7-8-17-28C,30,28C,0,1,M117,AB4262,0,8
2026-08-02T04:54:46.820Z,deep_scan,20260802011913_1A-4-7-8-17-28C,30,28C,0,16,M40,AB5457,0,14
2026-08-02T04:54:46.820Z,deep_scan,20260802011913_1A-4-7-8-17-28C,30,28C,0,21,M225,AB4326,1,2
2026-08-02T04:54:46.820Z,deep_scan,20260802011913_1A-4-7-8-17-28C,30,28C,0,29,M163,AB4355,1,10
2026-08-02T04:55:16.840Z,deep_scan,20260802011913_1A-4-7-8-17-28C,30,28C,0,1,M117,AB4262,0,8
2026-08-02T04:55:16.840Z,deep_scan,20260802011913_1A-4-7-8-17-28C,30,28C,0,16,M40,AB5457,0,14
2026-08-02T04:55:16.840Z,deep_scan,20260802011913_1A-4-7-8-17-28C,30,28C,0,21,M225,AB4326,0,24
2026-08-02T04:55:16.840Z,deep_scan,20260802011913_1A-4-7-8-17-28C,30,28C,0,29,M163,AB4355,0,35
2026-08-02T04:55:46.805Z,deep_scan,20260802011913_1A-4-7-8-17-28C,30,28C,0,1,M117,AB4262,0,8
2026-08-02T04:55:46.805Z,deep_scan,20260802011913_1A-4-7-8-17-28C,30,28C,0,16,M40,AB5457,0,14
2026-08-02T04:55:46.805Z,deep_scan,20260802011913_1A-4-7-8-17-28C,30,28C,0,21,M225,AB4326,0,34
2026-08-02T04:55:46.805Z,deep_scan,20260802011913_1A-4-7-8-17-28C,30,28C,0,29,M163,AB4355,0,7
2026-08-02T04:56:16.897Z,deep_scan,20260802011913_1A-4-7-8-17-28C,30,28C,0,0,M62/3,AB6214,1,16
2026-08-02T04:56:16.897Z,deep_scan,20260802011913_1A-4-7-8-17-28C,30,28C,0,1,M117,AB4262,0,12
2026-08-02T04:56:16.897Z,deep_scan,20260802011913_1A-4-7-8-17-28C,30,28C,0,17,M28/2,AB5457,1,39
2026-08-02T04:56:16.897Z,deep_scan,20260802011913_1A-4-7-8-17-28C,30,28C,0,21,M225,AB4326,0,7
2026-08-02T04:56:16.897Z,deep_scan,20260802011913_1A-4-7-8-17-28C,30,28C,0,30,M160/2,AB4355,1,23
2026-08-02T04:56:46.848Z,deep_scan,20260802011913_1A-4-7-8-17-28C,30,28C,0,0,M62/3,AB6214,0,23
2026-08-02T04:56:46.848Z,deep_scan,20260802011913_1A-4-7-8-17-28C,30,28C,0,2,M241,AB4262,1,10
2026-08-02T04:56:46.848Z,deep_scan,20260802011913_1A-4-7-8-17-28C,30,28C,0,17,M28/2,AB5457,1,24
2026-08-02T04:56:46.848Z,deep_scan,20260802011913_1A-4-7-8-17-28C,30,28C,0,21,M225,AB4326,0,7
2026-08-02T04:56:46.848Z,deep_scan,20260802011913_1A-4-7-8-17-28C,30,28C,0,30,M160/2,AB4355,1,16
2026-08-02T04:57:16.889Z,deep_scan,20260802011913_1A-4-7-8-17-28C,30,28C,0,0,M62/3,AB6214,0,40
2026-08-02T04:57:16.889Z,deep_scan,20260802011913_1A-4-7-8-17-28C,30,28C,0,2,M241,AB4262,1,10
2026-08-02T04:57:16.889Z,deep_scan,20260802011913_1A-4-7-8-17-28C,30,28C,0,17,M28/2,AB5457,0,14
2026-08-02T04:57:16.889Z,deep_scan,20260802011913_1A-4-7-8-17-28C,30,28C,0,21,M225,AB4326,0,28
2026-08-02T04:57:16.889Z,deep_scan,20260802011913_1A-4-7-8-17-28C,30,28C,0,30,M160/2,AB4355,0,21
2026-08-02T04:57:46.835Z,deep_scan,20260802011913_1A-4-7-8-17-28C,30,28C,0,1,M117,AB6214,1,4
2026-08-02T04:57:46.835Z,deep_scan,20260802011913_1A-4-7-8-17-28C,30,28C,0,2,M241,AB4262,1,10
2026-08-02T04:57:46.835Z,deep_scan,20260802011913_1A-4-7-8-17-28C,30,28C,0,17,M28/2,AB5457,0,7
2026-08-02T04:57:46.835Z,deep_scan,20260802011913_1A-4-7-8-17-28C,30,28C,0,21,M225,AB4326,0,37
2026-08-02T04:57:46.835Z,deep_scan,20260802011913_1A-4-7-8-17-28C,30,28C,0,31,M158/1,AB4355,1,17
2026-08-02T04:58:16.878Z,deep_scan,20260802011913_1A-4-7-8-17-28C,30,28C,0,1,M117,AB6214,0,14
2026-08-02T04:58:16.878Z,deep_scan,20260802011913_1A-4-7-8-17-28C,30,28C,0,2,M241,AB4262,1,10
2026-08-02T04:58:16.878Z,deep_scan,20260802011913_1A-4-7-8-17-28C,30,28C,0,17,M28/2,AB5457,0,15
2026-08-02T04:58:16.878Z,deep_scan,20260802011913_1A-4-7-8-17-28C,30,28C,0,22,M16/2,AB4326,1,36
2026-08-02T04:58:16.878Z,deep_scan,20260802011913_1A-4-7-8-17-28C,30,28C,0,31,M158/1,AB4355,0,12
2026-08-02T04:58:46.838Z,deep_scan,20260802011913_1A-4-7-8-17-28C,30,28C,0,1,M117,AB6214,0,32
2026-08-02T04:58:46.838Z,deep_scan,20260802011913_1A-4-7-8-17-28C,30,28C,0,2,M241,AB4262,1,10
2026-08-02T04:58:46.838Z,deep_scan,20260802011913_1A-4-7-8-17-28C,30,28C,0,17,M28/2,AB5457,0,15
2026-08-02T04:58:46.838Z,deep_scan,20260802011913_1A-4-7-8-17-28C,30,28C,0,22,M16/2,AB4326,1,7
2026-08-02T04:58:46.838Z,deep_scan,20260802011913_1A-4-7-8-17-28C,30,28C,0,31,M158/1,AB4355,0,13
2026-08-02T04:59:16.904Z,deep_scan,20260802011913_1A-4-7-8-17-28C,30,28C,0,2,M241,AB4262,1,10
2026-08-02T04:59:16.904Z,deep_scan,20260802011913_1A-4-7-8-17-28C,30,28C,0,2,M241,AB6214,1,11
2026-08-02T04:59:16.904Z,deep_scan,20260802011913_1A-4-7-8-17-28C,30,28C,0,18,M227,AB5457,1,15
2026-08-02T04:59:16.904Z,deep_scan,20260802011913_1A-4-7-8-17-28C,30,28C,0,22,M16/2,AB4326,1,7
2026-08-02T04:59:16.904Z,deep_scan,20260802011913_1A-4-7-8-17-28C,30,28C,0,31,M158/1,AB4355,0,13
2026-08-02T04:59:46.879Z,deep_scan,20260802011913_1A-4-7-8-17-28C,30,28C,0,2,M241,AB4262,1,10
2026-08-02T04:59:46.879Z,deep_scan,20260802011913_1A-4-7-8-17-28C,30,28C,0,2,M241,AB6214,0,20
2026-08-02T04:59:46.879Z,deep_scan,20260802011913_1A-4-7-8-17-28C,30,28C,0,18,M227,AB5457,0,11
2026-08-02T04:59:46.879Z,deep_scan,20260802011913_1A-4-7-8-17-28C,30,28C,0,22,M16/2,AB4326,1,7
2026-08-02T04:59:46.879Z,deep_scan,20260802011913_1A-4-7-8-17-28C,30,28C,0,31,M158/1,AB4355,0,13
2026-08-02T05:00:16.944Z,deep_scan,20260802011913_1A-4-7-8-17-28C,30,28C,0,2,M241,AB4262,1,10
2026-08-02T05:00:16.944Z,deep_scan,20260802011913_1A-4-7-8-17-28C,30,28C,0,3,M71,AB6214,1,25
2026-08-02T05:00:16.944Z,deep_scan,20260802011913_1A-4-7-8-17-28C,30,28C,0,18,M227,AB5457,0,21
2026-08-02T05:00:16.944Z,deep_scan,20260802011913_1A-4-7-8-17-28C,30,28C,0,22,M16/2,AB4326,1,14
2026-08-02T05:00:16.944Z,deep_scan,20260802011913_1A-4-7-8-17-28C,30,28C,0,31,M158/1,AB4355,0,13
2026-08-02T05:00:46.931Z,deep_scan,20260802011913_1A-4-7-8-17-28C,30,28C,0,2,M241,AB4262,1,10
2026-08-02T05:00:46.931Z,deep_scan,20260802011913_1A-4-7-8-17-28C,30,28C,0,3,M71,AB6214,0,16
2026-08-02T05:00:46.931Z,deep_scan,20260802011913_1A-4-7-8-17-28C,30,28C,0,19,M244,AB5457,1,10
2026-08-02T05:00:46.931Z,deep_scan,20260802011913_1A-4-7-8-17-28C,30,28C,0,22,M16/2,AB4326,1,5
2026-08-02T05:00:46.931Z,deep_scan,20260802011913_1A-4-7-8-17-28C,30,28C,0,32,M161,AB4355,1,18
2026-08-02T05:01:16.933Z,deep_scan,20260802011913_1A-4-7-8-17-28C,30,28C,0,2,M241,AB4262,1,10
2026-08-02T05:01:16.933Z,deep_scan,20260802011913_1A-4-7-8-17-28C,30,28C,0,4,M155,AB6214,1,12
2026-08-02T05:01:16.933Z,deep_scan,20260802011913_1A-4-7-8-17-28C,30,28C,0,19,M244,AB5457,1,10
2026-08-02T05:01:16.933Z,deep_scan,20260802011913_1A-4-7-8-17-28C,30,28C,0,22,M16/2,AB4326,1,5
2026-08-02T05:01:16.933Z,deep_scan,20260802011913_1A-4-7-8-17-28C,30,28C,0,32,M161,AB4355,0,5
2026-08-02T05:01:46.899Z,deep_scan,20260802011913_1A-4-7-8-17-28C,30,28C,0,2,M241,AB4262,1,10
2026-08-02T05:01:46.899Z,deep_scan,20260802011913_1A-4-7-8-17-28C,30,28C,0,4,M155,AB6214,0,34
2026-08-02T05:01:46.899Z,deep_scan,20260802011913_1A-4-7-8-17-28C,30,28C,0,19,M244,AB5457,1,11
2026-08-02T05:01:46.899Z,deep_scan,20260802011913_1A-4-7-8-17-28C,30,28C,0,22,M16/2,AB4326,1,30
2026-08-02T05:01:46.899Z,deep_scan,20260802011913_1A-4-7-8-17-28C,30,28C,0,32,M161,AB4355,0,27
2026-08-02T05:02:16.946Z,deep_scan,20260802011913_1A-4-7-8-17-28C,30,28C,0,2,M241,AB4262,1,10
2026-08-02T05:02:16.946Z,deep_scan,20260802011913_1A-4-7-8-17-28C,30,28C,0,5,M157,AB6214,1,33
2026-08-02T05:02:16.946Z,deep_scan,20260802011913_1A-4-7-8-17-28C,30,28C,0,19,M244,AB5457,1,1
2026-08-02T05:02:16.946Z,deep_scan,20260802011913_1A-4-7-8-17-28C,30,28C,0,22,M16/2,AB4326,0,25
2026-08-02T05:02:16.946Z,deep_scan,20260802011913_1A-4-7-8-17-28C,30,28C,0,33,M70,AB4355,0,24
2026-08-02T05:02:46.950Z,deep_scan,20260802011913_1A-4-7-8-17-28C,30,28C,0,2,M241,AB4262,1,10
2026-08-02T05:02:46.950Z,deep_scan,20260802011913_1A-4-7-8-17-28C,30,28C,0,5,M157,AB6214,0,21
2026-08-02T05:02:46.950Z,deep_scan,20260802011913_1A-4-7-8-17-28C,30,28C,0,19,M244,AB5457,1,1
2026-08-02T05:02:46.950Z,deep_scan,20260802011913_1A-4-7-8-17-28C,30,28C,0,23,M98,AB4326,1,6
2026-08-02T05:02:46.950Z,deep_scan,20260802011913_1A-4-7-8-17-28C,30,28C,0,34,M118,AB4355,1,14
2026-08-02T05:03:17.008Z,deep_scan,20260802011913_1A-4-7-8-17-28C,30,28C,0,2,M241,AB4262,1,10
2026-08-02T05:03:17.008Z,deep_scan,20260802011913_1A-4-7-8-17-28C,30,28C,0,6,M163,AB6214,1,9
2026-08-02T05:03:17.008Z,deep_scan,20260802011913_1A-4-7-8-17-28C,30,28C,0,19,M244,AB5457,0,14
2026-08-02T05:03:17.008Z,deep_scan,20260802011913_1A-4-7-8-17-28C,30,28C,0,23,M98,AB4326,1,6
2026-08-02T05:03:17.008Z,deep_scan,20260802011913_1A-4-7-8-17-28C,30,28C,0,34,M118,AB4355,1,28
2026-08-02T05:03:46.960Z,deep_scan,20260802011913_1A-4-7-8-17-28C,30,28C,0,2,M241,AB4262,1,10
2026-08-02T05:03:46.960Z,deep_scan,20260802011913_1A-4-7-8-17-28C,30,28C,0,6,M163,AB6214,1,24
2026-08-02T05:03:46.960Z,deep_scan,20260802011913_1A-4-7-8-17-28C,30,28C,0,19,M244,AB5457,0,18
2026-08-02T05:03:46.960Z,deep_scan,20260802011913_1A-4-7-8-17-28C,30,28C,0,23,M98,AB4326,1,3
2026-08-02T05:03:46.960Z,deep_scan,20260802011913_1A-4-7-8-17-28C,30,28C,0,34,M118,AB4355,0,1
2026-08-02T05:04:16.971Z,deep_scan,20260802011913_1A-4-7-8-17-28C,30,28C,0,2,M241,AB4262,1,10
2026-08-02T05:04:16.971Z,deep_scan,20260802011913_1A-4-7-8-17-28C,30,28C,0,7,M164,AB6214,0,14
2026-08-02T05:04:16.971Z,deep_scan,20260802011913_1A-4-7-8-17-28C,30,28C,0,20,M216,AB5457,1,34
2026-08-02T05:04:16.971Z,deep_scan,20260802011913_1A-4-7-8-17-28C,30,28C,0,23,M98,AB4326,1,27
2026-08-02T05:04:16.971Z,deep_scan,20260802011913_1A-4-7-8-17-28C,30,28C,0,35,M62/3,AB4355,1,0
2026-08-02T05:04:46.956Z,deep_scan,20260802011913_1A-4-7-8-17-28C,30,28C,0,2,M241,AB4262,1,10
2026-08-02T05:04:46.956Z,deep_scan,20260802011913_1A-4-7-8-17-28C,30,28C,0,8,M151,AB6214,1,42
2026-08-02T05:04:46.956Z,deep_scan,20260802011913_1A-4-7-8-17-28C,30,28C,0,20,M216,AB5457,0,12
2026-08-02T05:04:46.956Z,deep_scan,20260802011913_1A-4-7-8-17-28C,30,28C,0,23,M98,AB4326,0,13
2026-08-02T05:04:46.956Z,deep_scan,20260802011913_1A-4-7-8-17-28C,30,28C,0,35,M62/3,AB4355,1,0
2026-08-02T05:05:17.014Z,deep_scan,20260802011913_1A-4-7-8-17-28C,30,28C,0,2,M241,AB4262,1,10
2026-08-02T05:05:17.014Z,deep_scan,20260802011913_1A-4-7-8-17-28C,30,28C,0,8,M151,AB6214,1,8
2026-08-02T05:05:17.014Z,deep_scan,20260802011913_1A-4-7-8-17-28C,30,28C,0,20,M216,AB5457,0,41
2026-08-02T05:05:17.014Z,deep_scan,20260802011913_1A-4-7-8-17-28C,30,28C,0,23,M98,AB4326,0,9
2026-08-02T05:05:17.014Z,deep_scan,20260802011913_1A-4-7-8-17-28C,30,28C,0,35,M62/3,AB4355,1,0
2026-08-02T05:05:46.991Z,deep_scan,20260802011913_1A-4-7-8-17-28C,30,28C,0,2,M241,AB4262,1,10
2026-08-02T05:05:46.991Z,deep_scan,20260802011913_1A-4-7-8-17-28C,30,28C,0,8,M151,AB6214,0,35
2026-08-02T05:05:46.991Z,deep_scan,20260802011913_1A-4-7-8-17-28C,30,28C,0,20,M216,AB5457,0,4
2026-08-02T05:05:46.991Z,deep_scan,20260802011913_1A-4-7-8-17-28C,30,28C,0,23,M98,AB4326,0,2
2026-08-02T05:05:46.991Z,deep_scan,20260802011913_1A-4-7-8-17-28C,30,28C,0,35,M62/3,AB4355,1,0
2026-08-02T05:06:16.961Z,deep_scan,20260802011913_1A-4-7-8-17-28C,30,28C,0,2,M241,AB4262,1,10
2026-08-02T05:06:16.961Z,deep_scan,20260802011913_1A-4-7-8-17-28C,30,28C,0,9,M150,AB6214,1,13
2026-08-02T05:06:16.961Z,deep_scan,20260802011913_1A-4-7-8-17-28C,30,28C,0,21,M225,AB5457,1,17
2026-08-02T05:06:16.961Z,deep_scan,20260802011913_1A-4-7-8-17-28C,30,28C,0,24,M88,AB4326,1,19
2026-08-02T05:06:16.961Z,deep_scan,20260802011913_1A-4-7-8-17-28C,30,28C,0,35,M62/3,AB4355,1,0
2026-08-02T05:06:47.002Z,deep_scan,20260802011913_1A-4-7-8-17-28C,30,28C,0,2,M241,AB4262,1,10
2026-08-02T05:06:47.002Z,deep_scan,20260802011913_1A-4-7-8-17-28C,30,28C,0,9,M150,AB6214,0,25
2026-08-02T05:06:47.002Z,deep_scan,20260802011913_1A-4-7-8-17-28C,30,28C,0,21,M225,AB5457,1,17
2026-08-02T05:06:47.002Z,deep_scan,20260802011913_1A-4-7-8-17-28C,30,28C,0,24,M88,AB4326,1,19
2026-08-02T05:06:47.002Z,deep_scan,20260802011913_1A-4-7-8-17-28C,30,28C,0,35,M62/3,AB4355,1,0
2026-08-02T05:07:17.042Z,deep_scan,20260802011913_1A-4-7-8-17-28C,30,28C,0,2,M241,AB4262,1,10
2026-08-02T05:07:17.042Z,deep_scan,20260802011913_1A-4-7-8-17-28C,30,28C,0,10,M148,AB6214,1,21
2026-08-02T05:07:17.042Z,deep_scan,20260802011913_1A-4-7-8-17-28C,30,28C,0,21,M225,AB5457,1,12
2026-08-02T05:07:17.042Z,deep_scan,20260802011913_1A-4-7-8-17-28C,30,28C,0,24,M88,AB4326,0,19
2026-08-02T05:07:17.042Z,deep_scan,20260802011913_1A-4-7-8-17-28C,30,28C,0,35,M62/3,AB4355,1,0
2026-08-02T05:07:47.021Z,deep_scan,20260802011913_1A-4-7-8-17-28C,30,28C,0,2,M241,AB4262,1,10
2026-08-02T05:07:47.021Z,deep_scan,20260802011913_1A-4-7-8-17-28C,30,28C,0,10,M148,AB6214,1,17
2026-08-02T05:07:47.021Z,deep_scan,20260802011913_1A-4-7-8-17-28C,30,28C,0,21,M225,AB5457,1,12
2026-08-02T05:07:47.021Z,deep_scan,20260802011913_1A-4-7-8-17-28C,30,28C,0,24,M88,AB4326,0,21
2026-08-02T05:07:47.021Z,deep_scan,20260802011913_1A-4-7-8-17-28C,30,28C,0,35,M62/3,AB4355,1,0
2026-08-02T05:08:16.974Z,deep_scan,20260802011913_1A-4-7-8-17-28C,30,28C,0,2,M241,AB4262,1,0
2026-08-02T05:08:16.974Z,deep_scan,20260802011913_1A-4-7-8-17-28C,30,28C,0,10,M148,AB6214,0,28
2026-08-02T05:08:16.974Z,deep_scan,20260802011913_1A-4-7-8-17-28C,30,28C,0,21,M225,AB5457,0,20
2026-08-02T05:08:16.974Z,deep_scan,20260802011913_1A-4-7-8-17-28C,30,28C,0,24,M88,AB4326,0,37
2026-08-02T05:08:16.974Z,deep_scan,20260802011913_1A-4-7-8-17-28C,30,28C,0,35,M62/3,AB4355,1,0
2026-08-02T05:08:47.009Z,deep_scan,20260802011913_1A-4-7-8-17-28C,30,28C,0,2,M241,AB4262,1,0
2026-08-02T05:08:47.009Z,deep_scan,20260802011913_1A-4-7-8-17-28C,30,28C,0,10,M148,AB6214,0,33
2026-08-02T05:08:47.009Z,deep_scan,20260802011913_1A-4-7-8-17-28C,30,28C,0,21,M225,AB5457,0,31
2026-08-02T05:08:47.009Z,deep_scan,20260802011913_1A-4-7-8-17-28C,30,28C,0,24,M88,AB4326,0,15
2026-08-02T05:09:17.089Z,deep_scan,20260802011913_1A-4-7-8-17-28C,30,28C,0,2,M241,AB4262,1,0
2026-08-02T05:09:17.089Z,deep_scan,20260802011913_1A-4-7-8-17-28C,30,28C,0,10,M148,AB6214,0,23
2026-08-02T05:09:17.089Z,deep_scan,20260802011913_1A-4-7-8-17-28C,30,28C,0,21,M225,AB5457,0,31
2026-08-02T05:09:17.089Z,deep_scan,20260802011913_1A-4-7-8-17-28C,30,28C,0,25,M72,AB4326,1,22
2026-08-02T05:09:47.059Z,deep_scan,20260802011913_1A-4-7-8-17-28C,30,28C,0,2,M241,AB4262,1,0
2026-08-02T05:09:47.059Z,deep_scan,20260802011913_1A-4-7-8-17-28C,30,28C,0,10,M148,AB6214,0,10
2026-08-02T05:09:47.059Z,deep_scan,20260802011913_1A-4-7-8-17-28C,30,28C,0,21,M225,AB5457,0,31
2026-08-02T05:09:47.059Z,deep_scan,20260802011913_1A-4-7-8-17-28C,30,28C,0,25,M72,AB4326,0,29
2026-08-02T05:10:17.092Z,deep_scan,20260802011913_1A-4-7-8-17-28C,30,28C,0,2,M241,AB4262,1,0
2026-08-02T05:10:17.092Z,deep_scan,20260802011913_1A-4-7-8-17-28C,30,28C,0,11,M76/1,AB6214,1,22
2026-08-02T05:10:17.092Z,deep_scan,20260802011913_1A-4-7-8-17-28C,30,28C,0,21,M225,AB5457,0,21
2026-08-02T05:10:17.092Z,deep_scan,20260802011913_1A-4-7-8-17-28C,30,28C,0,26,M149,AB4326,1,4
2026-08-02T05:10:47.049Z,deep_scan,20260802011913_1A-4-7-8-17-28C,30,28C,0,2,M241,AB4262,1,0
2026-08-02T05:10:47.049Z,deep_scan,20260802011913_1A-4-7-8-17-28C,30,28C,0,11,M76/1,AB6214,1,16
2026-08-02T05:10:47.049Z,deep_scan,20260802011913_1A-4-7-8-17-28C,30,28C,0,21,M225,AB5457,0,43
2026-08-02T05:10:47.049Z,deep_scan,20260802011913_1A-4-7-8-17-28C,30,28C,0,26,M149,AB4326,0,24
2026-08-02T05:11:17.051Z,deep_scan,20260802011913_1A-4-7-8-17-28C,30,28C,0,2,M241,AB4262,1,0
2026-08-02T05:11:17.051Z,deep_scan,20260802011913_1A-4-7-8-17-28C,30,28C,0,11,M76/1,AB6214,0,27
2026-08-02T05:11:17.051Z,deep_scan,20260802011913_1A-4-7-8-17-28C,30,28C,0,22,M16/2,AB5457,1,8
2026-08-02T05:11:17.051Z,deep_scan,20260802011913_1A-4-7-8-17-28C,30,28C,0,26,M149,AB4326,0,3
2026-08-02T05:11:47.079Z,deep_scan,20260802011913_1A-4-7-8-17-28C,30,28C,0,2,M241,AB4262,1,0
2026-08-02T05:11:47.079Z,deep_scan,20260802011913_1A-4-7-8-17-28C,30,28C,0,2,M241,AB5767,1,4
2026-08-02T05:11:47.079Z,deep_scan,20260802011913_1A-4-7-8-17-28C,30,28C,0,12,M84/1,AB6214,1,3
2026-08-02T05:11:47.079Z,deep_scan,20260802011913_1A-4-7-8-17-28C,30,28C,0,22,M16/2,AB5457,1,8
2026-08-02T05:11:47.079Z,deep_scan,20260802011913_1A-4-7-8-17-28C,30,28C,0,27,M145/2,AB4326,1,14
2026-08-02T05:12:17.127Z,deep_scan,20260802011913_1A-4-7-8-17-28C,30,28C,0,0,M62/3,AB4355,1,17
2026-08-02T05:12:17.127Z,deep_scan,20260802011913_1A-4-7-8-17-28C,30,28C,0,2,M241,AB4262,1,0
2026-08-02T05:12:17.127Z,deep_scan,20260802011913_1A-4-7-8-17-28C,30,28C,0,2,M241,AB5767,0,14
2026-08-02T05:12:17.127Z,deep_scan,20260802011913_1A-4-7-8-17-28C,30,28C,0,12,M84/1,AB6214,1,6
2026-08-02T05:12:17.127Z,deep_scan,20260802011913_1A-4-7-8-17-28C,30,28C,0,22,M16/2,AB5457,1,8
2026-08-02T05:12:17.127Z,deep_scan,20260802011913_1A-4-7-8-17-28C,30,28C,0,27,M145/2,AB4326,1,14
2026-08-02T05:12:47.091Z,deep_scan,20260802011913_1A-4-7-8-17-28C,30,28C,0,0,M62/3,AB4355,1,17
2026-08-02T05:12:47.091Z,deep_scan,20260802011913_1A-4-7-8-17-28C,30,28C,0,2,M241,AB4262,1,0
2026-08-02T05:12:47.091Z,deep_scan,20260802011913_1A-4-7-8-17-28C,30,28C,0,3,M71,AB5767,1,14
2026-08-02T05:12:47.091Z,deep_scan,20260802011913_1A-4-7-8-17-28C,30,28C,0,12,M84/1,AB6214,0,6
2026-08-02T05:12:47.091Z,deep_scan,20260802011913_1A-4-7-8-17-28C,30,28C,0,22,M16/2,AB5457,0,1
2026-08-02T05:12:47.091Z,deep_scan,20260802011913_1A-4-7-8-17-28C,30,28C,0,27,M145/2,AB4326,0,14
2026-08-02T05:13:18.123Z,deep_scan,20260802011913_1A-4-7-8-17-28C,30,28C,0,0,M62/3,AB4355,1,5
2026-08-02T05:13:18.123Z,deep_scan,20260802011913_1A-4-7-8-17-28C,30,28C,0,2,M241,AB4262,1,0
2026-08-02T05:13:18.123Z,deep_scan,20260802011913_1A-4-7-8-17-28C,30,28C,0,3,M71,AB5767,1,14
2026-08-02T05:13:18.123Z,deep_scan,20260802011913_1A-4-7-8-17-28C,30,28C,0,12,M84/1,AB6214,0,2
2026-08-02T05:13:18.123Z,deep_scan,20260802011913_1A-4-7-8-17-28C,30,28C,0,22,M16/2,AB5457,0,16
2026-08-02T05:13:18.123Z,deep_scan,20260802011913_1A-4-7-8-17-28C,30,28C,0,28,M165,AB4326,1,24
2026-08-02T05:13:47.100Z,deep_scan,20260802011913_1A-4-7-8-17-28C,30,28C,0,0,M62/3,AB4355,1,14
2026-08-02T05:13:47.100Z,deep_scan,20260802011913_1A-4-7-8-17-28C,30,28C,0,2,M241,AB4262,1,0
2026-08-02T05:13:47.100Z,deep_scan,20260802011913_1A-4-7-8-17-28C,30,28C,0,3,M71,AB5767,1,18
2026-08-02T05:13:47.100Z,deep_scan,20260802011913_1A-4-7-8-17-28C,30,28C,0,12,M84/1,AB6214,0,23
2026-08-02T05:13:47.100Z,deep_scan,20260802011913_1A-4-7-8-17-28C,30,28C,0,22,M16/2,AB5457,0,19
2026-08-02T05:13:47.100Z,deep_scan,20260802011913_1A-4-7-8-17-28C,30,28C,0,28,M165,AB4326,0,26
2026-08-02T05:14:17.108Z,deep_scan,20260802011913_1A-4-7-8-17-28C,30,28C,0,0,M62/3,AB4355,0,27
2026-08-02T05:14:17.108Z,deep_scan,20260802011913_1A-4-7-8-17-28C,30,28C,0,2,M241,AB4262,1,0
2026-08-02T05:14:17.108Z,deep_scan,20260802011913_1A-4-7-8-17-28C,30,28C,0,4,M155,AB5767,1,28
2026-08-02T05:14:17.108Z,deep_scan,20260802011913_1A-4-7-8-17-28C,30,28C,0,12,M84/1,AB6214,0,23
2026-08-02T05:14:17.108Z,deep_scan,20260802011913_1A-4-7-8-17-28C,30,28C,0,23,M98,AB5457,1,6
2026-08-02T05:14:17.108Z,deep_scan,20260802011913_1A-4-7-8-17-28C,30,28C,0,29,M163,AB4326,1,18
2026-08-02T05:14:47.151Z,deep_scan,20260802011913_1A-4-7-8-17-28C,30,28C,0,1,M117,AB4355,1,47
2026-08-02T05:14:47.151Z,deep_scan,20260802011913_1A-4-7-8-17-28C,30,28C,0,2,M241,AB4262,1,0
2026-08-02T05:14:47.151Z,deep_scan,20260802011913_1A-4-7-8-17-28C,30,28C,0,4,M155,AB5767,1,28
2026-08-02T05:14:47.151Z,deep_scan,20260802011913_1A-4-7-8-17-28C,30,28C,0,13,M92,AB6214,1,24
2026-08-02T05:14:47.151Z,deep_scan,20260802011913_1A-4-7-8-17-28C,30,28C,0,23,M98,AB5457,1,25
2026-08-02T05:14:47.151Z,deep_scan,20260802011913_1A-4-7-8-17-28C,30,28C,0,29,M163,AB4326,1,18
2026-08-02T05:15:17.169Z,deep_scan,20260802011913_1A-4-7-8-17-28C,30,28C,0,1,M117,AB4355,0,32
2026-08-02T05:15:17.169Z,deep_scan,20260802011913_1A-4-7-8-17-28C,30,28C,0,2,M241,AB4262,1,0
2026-08-02T05:15:17.169Z,deep_scan,20260802011913_1A-4-7-8-17-28C,30,28C,0,4,M155,AB5767,0,29
2026-08-02T05:15:17.169Z,deep_scan,20260802011913_1A-4-7-8-17-28C,30,28C,0,13,M92,AB6214,0,3
2026-08-02T05:15:17.169Z,deep_scan,20260802011913_1A-4-7-8-17-28C,30,28C,0,23,M98,AB5457,1,25
2026-08-02T05:15:17.169Z,deep_scan,20260802011913_1A-4-7-8-17-28C,30,28C,0,29,M163,AB4326,0,4
2026-08-02T05:15:47.115Z,deep_scan,20260802011913_1A-4-7-8-17-28C,30,28C,0,2,M241,AB4262,1,0
2026-08-02T05:15:47.115Z,deep_scan,20260802011913_1A-4-7-8-17-28C,30,28C,0,2,M241,AB4355,1,26
2026-08-02T05:15:47.115Z,deep_scan,20260802011913_1A-4-7-8-17-28C,30,28C,0,5,M157,AB5767,1,21
2026-08-02T05:15:47.115Z,deep_scan,20260802011913_1A-4-7-8-17-28C,30,28C,0,13,M92,AB6214,0,23
2026-08-02T05:15:47.115Z,deep_scan,20260802011913_1A-4-7-8-17-28C,30,28C,0,23,M98,AB5457,0,3
2026-08-02T05:15:47.115Z,deep_scan,20260802011913_1A-4-7-8-17-28C,30,28C,0,29,M163,AB4326,0,4
2026-08-02T05:16:17.149Z,deep_scan,20260802011913_1A-4-7-8-17-28C,30,28C,0,2,M241,AB4262,1,0
2026-08-02T05:16:17.149Z,deep_scan,20260802011913_1A-4-7-8-17-28C,30,28C,0,2,M241,AB4355,1,15
2026-08-02T05:16:17.149Z,deep_scan,20260802011913_1A-4-7-8-17-28C,30,28C,0,5,M157,AB5767,0,35
2026-08-02T05:16:17.149Z,deep_scan,20260802011913_1A-4-7-8-17-28C,30,28C,0,13,M92,AB6214,0,8
2026-08-02T05:16:17.149Z,deep_scan,20260802011913_1A-4-7-8-17-28C,30,28C,0,24,M88,AB5457,1,22
2026-08-02T05:16:17.149Z,deep_scan,20260802011913_1A-4-7-8-17-28C,30,28C,0,29,M163,AB4326,0,1
2026-08-02T05:16:47.190Z,deep_scan,20260802011913_1A-4-7-8-17-28C,30,28C,0,2,M241,AB4262,1,0
2026-08-02T05:16:47.190Z,deep_scan,20260802011913_1A-4-7-8-17-28C,30,28C,0,2,M241,AB4355,0,11
2026-08-02T05:16:47.190Z,deep_scan,20260802011913_1A-4-7-8-17-28C,30,28C,0,6,M163,AB5767,1,18
2026-08-02T05:16:47.190Z,deep_scan,20260802011913_1A-4-7-8-17-28C,30,28C,0,13,M92,AB6214,0,15
2026-08-02T05:16:47.190Z,deep_scan,20260802011913_1A-4-7-8-17-28C,30,28C,0,24,M88,AB5457,1,17
2026-08-02T05:16:47.190Z,deep_scan,20260802011913_1A-4-7-8-17-28C,30,28C,0,30,M160/2,AB4326,1,10
2026-08-02T05:17:17.140Z,deep_scan,20260802011913_1A-4-7-8-17-28C,30,28C,0,2,M241,AB4262,1,0
2026-08-02T05:17:17.140Z,deep_scan,20260802011913_1A-4-7-8-17-28C,30,28C,0,3,M71,AB4355,1,9
2026-08-02T05:17:17.140Z,deep_scan,20260802011913_1A-4-7-8-17-28C,30,28C,0,6,M163,AB5767,1,8
2026-08-02T05:17:17.140Z,deep_scan,20260802011913_1A-4-7-8-17-28C,30,28C,0,14,M104,AB6214,1,21
2026-08-02T05:17:17.140Z,deep_scan,20260802011913_1A-4-7-8-17-28C,30,28C,0,24,M88,AB5457,1,17
2026-08-02T05:17:17.140Z,deep_scan,20260802011913_1A-4-7-8-17-28C,30,28C,0,30,M160/2,AB4326,1,7
2026-08-02T05:17:47.187Z,deep_scan,20260802011913_1A-4-7-8-17-28C,30,28C,0,2,M241,AB4262,1,0
2026-08-02T05:17:47.187Z,deep_scan,20260802011913_1A-4-7-8-17-28C,30,28C,0,3,M71,AB4355,0,7
2026-08-02T05:17:47.187Z,deep_scan,20260802011913_1A-4-7-8-17-28C,30,28C,0,6,M163,AB5767,0,11
2026-08-02T05:17:47.187Z,deep_scan,20260802011913_1A-4-7-8-17-28C,30,28C,0,14,M104,AB6214,1,16
2026-08-02T05:17:47.187Z,deep_scan,20260802011913_1A-4-7-8-17-28C,30,28C,0,24,M88,AB5457,1,4
2026-08-02T05:17:47.187Z,deep_scan,20260802011913_1A-4-7-8-17-28C,30,28C,0,30,M160/2,AB4326,0,23
2026-08-02T05:18:17.164Z,deep_scan,20260802011913_1A-4-7-8-17-28C,30,28C,0,2,M241,AB4262,1,0
2026-08-02T05:18:17.164Z,deep_scan,20260802011913_1A-4-7-8-17-28C,30,28C,0,4,M155,AB4355,1,6
2026-08-02T05:18:17.164Z,deep_scan,20260802011913_1A-4-7-8-17-28C,30,28C,0,7,M164,AB5767,1,3
2026-08-02T05:18:17.164Z,deep_scan,20260802011913_1A-4-7-8-17-28C,30,28C,0,14,M104,AB6214,0,24
2026-08-02T05:18:17.164Z,deep_scan,20260802011913_1A-4-7-8-17-28C,30,28C,0,24,M88,AB5457,0,17
2026-08-02T05:18:17.164Z,deep_scan,20260802011913_1A-4-7-8-17-28C,30,28C,0,31,M158/1,AB4326,1,3
2026-08-02T05:18:47.225Z,deep_scan,20260802011913_1A-4-7-8-17-28C,30,28C,0,2,M241,AB4262,1,0
2026-08-02T05:18:47.225Z,deep_scan,20260802011913_1A-4-7-8-17-28C,30,28C,0,4,M155,AB4355,1,7
2026-08-02T05:18:47.225Z,deep_scan,20260802011913_1A-4-7-8-17-28C,30,28C,0,7,M164,AB5767,0,32
2026-08-02T05:18:47.225Z,deep_scan,20260802011913_1A-4-7-8-17-28C,30,28C,0,15,M43,AB6214,1,16
2026-08-02T05:18:47.225Z,deep_scan,20260802011913_1A-4-7-8-17-28C,30,28C,0,24,M88,AB5457,0,15
2026-08-02T05:18:47.225Z,deep_scan,20260802011913_1A-4-7-8-17-28C,30,28C,0,31,M158/1,AB4326,1,3
2026-08-02T05:19:17.164Z,deep_scan,20260802011913_1A-4-7-8-17-28C,30,28C,0,2,M241,AB4262,1,0
2026-08-02T05:19:17.164Z,deep_scan,20260802011913_1A-4-7-8-17-28C,30,28C,0,4,M155,AB4355,0,16
2026-08-02T05:19:17.164Z,deep_scan,20260802011913_1A-4-7-8-17-28C,30,28C,0,8,M151,AB5767,0,11
2026-08-02T05:19:17.164Z,deep_scan,20260802011913_1A-4-7-8-17-28C,30,28C,0,15,M43,AB6214,1,12
2026-08-02T05:19:17.164Z,deep_scan,20260802011913_1A-4-7-8-17-28C,30,28C,0,24,M88,AB5457,0,22
2026-08-02T05:19:17.164Z,deep_scan,20260802011913_1A-4-7-8-17-28C,30,28C,0,31,M158/1,AB4326,0,4
2026-08-02T05:19:47.239Z,deep_scan,20260802011913_1A-4-7-8-17-28C,30,28C,0,5,M157,AB4355,1,37
2026-08-02T05:19:47.239Z,deep_scan,20260802011913_1A-4-7-8-17-28C,30,28C,0,8,M151,AB5767,0,23
2026-08-02T05:19:47.239Z,deep_scan,20260802011913_1A-4-7-8-17-28C,30,28C,0,15,M43,AB6214,0,30
2026-08-02T05:19:47.239Z,deep_scan,20260802011913_1A-4-7-8-17-28C,30,28C,0,25,M72,AB5457,1,32
2026-08-02T05:19:47.239Z,deep_scan,20260802011913_1A-4-7-8-17-28C,30,28C,0,32,M161,AB4326,1,3
2026-08-02T05:20:17.207Z,deep_scan,20260802011913_1A-4-7-8-17-28C,30,28C,0,5,M157,AB4355,1,37
2026-08-02T05:20:17.207Z,deep_scan,20260802011913_1A-4-7-8-17-28C,30,28C,0,8,M151,AB5767,0,5
2026-08-02T05:20:17.207Z,deep_scan,20260802011913_1A-4-7-8-17-28C,30,28C,0,16,M40,AB6214,1,16
2026-08-02T05:20:17.207Z,deep_scan,20260802011913_1A-4-7-8-17-28C,30,28C,0,25,M72,AB5457,0,16
2026-08-02T05:20:17.207Z,deep_scan,20260802011913_1A-4-7-8-17-28C,30,28C,0,32,M161,AB4326,1,8
2026-08-02T05:20:47.242Z,deep_scan,20260802011913_1A-4-7-8-17-28C,30,28C,0,6,M163,AB4355,1,38
2026-08-02T05:20:47.242Z,deep_scan,20260802011913_1A-4-7-8-17-28C,30,28C,0,9,M150,AB5767,1,15
2026-08-02T05:20:47.242Z,deep_scan,20260802011913_1A-4-7-8-17-28C,30,28C,0,16,M40,AB6214,0,34
2026-08-02T05:20:47.242Z,deep_scan,20260802011913_1A-4-7-8-17-28C,30,28C,0,26,M149,AB5457,0,27
2026-08-02T05:20:47.242Z,deep_scan,20260802011913_1A-4-7-8-17-28C,30,28C,0,33,M70,AB4326,1,12
2026-08-02T05:21:17.174Z,deep_scan,20260802011913_1A-4-7-8-17-28C,30,28C,0,6,M163,AB4355,1,3
2026-08-02T05:21:17.174Z,deep_scan,20260802011913_1A-4-7-8-17-28C,30,28C,0,9,M150,AB5767,1,7
2026-08-02T05:21:17.174Z,deep_scan,20260802011913_1A-4-7-8-17-28C,30,28C,0,16,M40,AB6214,0,34
2026-08-02T05:21:17.174Z,deep_scan,20260802011913_1A-4-7-8-17-28C,30,28C,0,26,M149,AB5457,0,23
2026-08-02T05:21:17.174Z,deep_scan,20260802011913_1A-4-7-8-17-28C,30,28C,0,33,M70,AB4326,0,10
2026-08-02T05:21:47.223Z,deep_scan,20260802011913_1A-4-7-8-17-28C,30,28C,0,6,M163,AB4355,0,2
2026-08-02T05:21:47.223Z,deep_scan,20260802011913_1A-4-7-8-17-28C,30,28C,0,9,M150,AB5767,0,21
2026-08-02T05:21:47.223Z,deep_scan,20260802011913_1A-4-7-8-17-28C,30,28C,0,17,M28/2,AB6214,1,25
2026-08-02T05:21:47.223Z,deep_scan,20260802011913_1A-4-7-8-17-28C,30,28C,0,26,M149,AB5457,0,12
2026-08-02T05:21:47.223Z,deep_scan,20260802011913_1A-4-7-8-17-28C,30,28C,0,34,M118,AB4326,1,28
2026-08-02T05:22:17.228Z,deep_scan,20260802011913_1A-4-7-8-17-28C,30,28C,0,7,M164,AB4355,0,30
2026-08-02T05:22:17.228Z,deep_scan,20260802011913_1A-4-7-8-17-28C,30,28C,0,10,M148,AB5767,1,8
2026-08-02T05:22:17.228Z,deep_scan,20260802011913_1A-4-7-8-17-28C,30,28C,0,17,M28/2,AB6214,0,28
2026-08-02T05:22:17.228Z,deep_scan,20260802011913_1A-4-7-8-17-28C,30,28C,0,27,M145/2,AB5457,1,25
2026-08-02T05:22:17.228Z,deep_scan,20260802011913_1A-4-7-8-17-28C,30,28C,0,34,M118,AB4326,0,4
2026-08-02T05:22:47.238Z,deep_scan,20260802011913_1A-4-7-8-17-28C,30,28C,0,8,M151,AB4355,1,19
2026-08-02T05:22:47.238Z,deep_scan,20260802011913_1A-4-7-8-17-28C,30,28C,0,10,M148,AB5767,1,10
2026-08-02T05:22:47.238Z,deep_scan,20260802011913_1A-4-7-8-17-28C,30,28C,0,17,M28/2,AB6214,0,18
2026-08-02T05:22:47.238Z,deep_scan,20260802011913_1A-4-7-8-17-28C,30,28C,0,27,M145/2,AB5457,1,8
2026-08-02T05:22:47.238Z,deep_scan,20260802011913_1A-4-7-8-17-28C,30,28C,0,35,M62/3,AB4326,1,0
2026-08-02T05:23:17.203Z,deep_scan,20260802011913_1A-4-7-8-17-28C,30,28C,0,8,M151,AB4355,0,19
2026-08-02T05:23:17.203Z,deep_scan,20260802011913_1A-4-7-8-17-28C,30,28C,0,10,M148,AB5767,0,7
2026-08-02T05:23:17.203Z,deep_scan,20260802011913_1A-4-7-8-17-28C,30,28C,0,17,M28/2,AB6214,0,20
2026-08-02T05:23:17.203Z,deep_scan,20260802011913_1A-4-7-8-17-28C,30,28C,0,28,M165,AB5457,1,24
2026-08-02T05:23:17.203Z,deep_scan,20260802011913_1A-4-7-8-17-28C,30,28C,0,35,M62/3,AB4326,1,0
2026-08-02T05:23:47.288Z,deep_scan,20260802011913_1A-4-7-8-17-28C,30,28C,0,9,M150,AB4355,1,12
2026-08-02T05:23:47.288Z,deep_scan,20260802011913_1A-4-7-8-17-28C,30,28C,0,10,M148,AB5767,0,34
2026-08-02T05:23:47.288Z,deep_scan,20260802011913_1A-4-7-8-17-28C,30,28C,0,17,M28/2,AB6214,0,4
2026-08-02T05:23:47.288Z,deep_scan,20260802011913_1A-4-7-8-17-28C,30,28C,0,28,M165,AB5457,0,21
2026-08-02T05:23:47.288Z,deep_scan,20260802011913_1A-4-7-8-17-28C,30,28C,0,35,M62/3,AB4326,1,0
2026-08-02T05:24:17.235Z,deep_scan,20260802011913_1A-4-7-8-17-28C,30,28C,0,9,M150,AB4355,0,17
2026-08-02T05:24:17.235Z,deep_scan,20260802011913_1A-4-7-8-17-28C,30,28C,0,10,M148,AB5767,0,9
2026-08-02T05:24:17.235Z,deep_scan,20260802011913_1A-4-7-8-17-28C,30,28C,0,18,M227,AB6214,1,19
2026-08-02T05:24:17.235Z,deep_scan,20260802011913_1A-4-7-8-17-28C,30,28C,0,29,M163,AB5457,1,30
2026-08-02T05:24:17.235Z,deep_scan,20260802011913_1A-4-7-8-17-28C,30,28C,0,35,M62/3,AB4326,1,0
2026-08-02T05:24:47.301Z,deep_scan,20260802011913_1A-4-7-8-17-28C,30,28C,0,10,M148,AB5767,0,17
2026-08-02T05:24:47.301Z,deep_scan,20260802011913_1A-4-7-8-17-28C,30,28C,0,10,M148,AB4355,1,24
2026-08-02T05:24:47.301Z,deep_scan,20260802011913_1A-4-7-8-17-28C,30,28C,0,18,M227,AB6214,1,10
2026-08-02T05:24:47.301Z,deep_scan,20260802011913_1A-4-7-8-17-28C,30,28C,0,29,M163,AB5457,1,18
2026-08-02T05:24:47.301Z,deep_scan,20260802011913_1A-4-7-8-17-28C,30,28C,0,35,M62/3,AB4326,1,0
2026-08-02T05:25:17.264Z,deep_scan,20260802011913_1A-4-7-8-17-28C,30,28C,0,10,M148,AB4355,0,10
2026-08-02T05:25:17.264Z,deep_scan,20260802011913_1A-4-7-8-17-28C,30,28C,0,11,M76/1,AB5767,1,2
2026-08-02T05:25:17.264Z,deep_scan,20260802011913_1A-4-7-8-17-28C,30,28C,0,18,M227,AB6214,1,10
2026-08-02T05:25:17.264Z,deep_scan,20260802011913_1A-4-7-8-17-28C,30,28C,0,29,M163,AB5457,0,6
2026-08-02T05:25:17.264Z,deep_scan,20260802011913_1A-4-7-8-17-28C,30,28C,0,35,M62/3,AB4326,1,0
2026-08-02T05:25:47.289Z,deep_scan,20260802011913_1A-4-7-8-17-28C,30,28C,0,10,M148,AB4355,0,31
2026-08-02T05:25:47.289Z,deep_scan,20260802011913_1A-4-7-8-17-28C,30,28C,0,11,M76/1,AB5767,1,2
2026-08-02T05:25:47.289Z,deep_scan,20260802011913_1A-4-7-8-17-28C,30,28C,0,18,M227,AB6214,0,10
2026-08-02T05:25:47.289Z,deep_scan,20260802011913_1A-4-7-8-17-28C,30,28C,0,30,M160/2,AB5457,1,6
2026-08-02T05:25:47.289Z,deep_scan,20260802011913_1A-4-7-8-17-28C,30,28C,0,35,M62/3,AB4326,1,0
2026-08-02T05:26:17.283Z,deep_scan,20260802011913_1A-4-7-8-17-28C,30,28C,0,10,M148,AB4355,0,38
2026-08-02T05:26:17.283Z,deep_scan,20260802011913_1A-4-7-8-17-28C,30,28C,0,11,M76/1,AB5767,1,10
2026-08-02T05:26:17.283Z,deep_scan,20260802011913_1A-4-7-8-17-28C,30,28C,0,19,M244,AB6214,1,19
2026-08-02T05:26:17.283Z,deep_scan,20260802011913_1A-4-7-8-17-28C,30,28C,0,30,M160/2,AB5457,1,6
2026-08-02T05:26:17.283Z,deep_scan,20260802011913_1A-4-7-8-17-28C,30,28C,0,35,M62/3,AB4326,1,0
2026-08-02T05:26:47.343Z,deep_scan,20260802011913_1A-4-7-8-17-28C,30,28C,0,10,M148,AB4355,0,19
2026-08-02T05:26:47.343Z,deep_scan,20260802011913_1A-4-7-8-17-28C,30,28C,0,11,M76/1,AB5767,0,35
2026-08-02T05:26:47.343Z,deep_scan,20260802011913_1A-4-7-8-17-28C,30,28C,0,19,M244,AB6214,1,17
2026-08-02T05:26:47.343Z,deep_scan,20260802011913_1A-4-7-8-17-28C,30,28C,0,30,M160/2,AB5457,1,17
2026-08-02T05:26:47.343Z,deep_scan,20260802011913_1A-4-7-8-17-28C,30,28C,0,35,M62/3,AB4326,1,0
2026-08-02T05:27:17.327Z,deep_scan,20260802011913_1A-4-7-8-17-28C,30,28C,0,11,M76/1,AB5767,0,35
2026-08-02T05:27:17.327Z,deep_scan,20260802011913_1A-4-7-8-17-28C,30,28C,0,11,M76/1,AB4355,1,15
2026-08-02T05:27:17.327Z,deep_scan,20260802011913_1A-4-7-8-17-28C,30,28C,0,19,M244,AB6214,1,17
2026-08-02T05:27:17.327Z,deep_scan,20260802011913_1A-4-7-8-17-28C,30,28C,0,30,M160/2,AB5457,0,16
2026-08-02T05:27:47.352Z,deep_scan,20260802011913_1A-4-7-8-17-28C,30,28C,0,11,M76/1,AB4355,1,2
2026-08-02T05:27:47.352Z,deep_scan,20260802011913_1A-4-7-8-17-28C,30,28C,0,12,M84/1,AB5767,1,22
2026-08-02T05:27:47.352Z,deep_scan,20260802011913_1A-4-7-8-17-28C,30,28C,0,19,M244,AB6214,0,15
2026-08-02T05:27:47.352Z,deep_scan,20260802011913_1A-4-7-8-17-28C,30,28C,0,31,M158/1,AB5457,1,3
2026-08-02T05:28:17.325Z,deep_scan,20260802011913_1A-4-7-8-17-28C,30,28C,0,12,M84/1,AB5767,1,3
2026-08-02T05:28:17.325Z,deep_scan,20260802011913_1A-4-7-8-17-28C,30,28C,0,12,M84/1,AB4355,1,17
2026-08-02T05:28:17.325Z,deep_scan,20260802011913_1A-4-7-8-17-28C,30,28C,0,19,M244,AB6214,0,8
2026-08-02T05:28:17.325Z,deep_scan,20260802011913_1A-4-7-8-17-28C,30,28C,0,31,M158/1,AB5457,0,18
2026-08-02T05:28:47.292Z,deep_scan,20260802011913_1A-4-7-8-17-28C,30,28C,0,12,M84/1,AB4355,1,17
2026-08-02T05:28:47.292Z,deep_scan,20260802011913_1A-4-7-8-17-28C,30,28C,0,12,M84/1,AB5767,0,26
2026-08-02T05:28:47.292Z,deep_scan,20260802011913_1A-4-7-8-17-28C,30,28C,0,20,M216,AB6214,1,32
2026-08-02T05:28:47.292Z,deep_scan,20260802011913_1A-4-7-8-17-28C,30,28C,0,31,M158/1,AB5457,0,18
2026-08-02T05:29:17.311Z,deep_scan,20260802011913_1A-4-7-8-17-28C,30,28C,0,12,M84/1,AB4355,1,21
2026-08-02T05:29:17.311Z,deep_scan,20260802011913_1A-4-7-8-17-28C,30,28C,0,12,M84/1,AB5767,0,3
2026-08-02T05:29:17.311Z,deep_scan,20260802011913_1A-4-7-8-17-28C,30,28C,0,20,M216,AB6214,1,35
2026-08-02T05:29:17.311Z,deep_scan,20260802011913_1A-4-7-8-17-28C,30,28C,0,32,M161,AB5457,1,24
2026-08-02T05:29:47.406Z,deep_scan,20260802011913_1A-4-7-8-17-28C,30,28C,0,12,M84/1,AB5767,0,3
2026-08-02T05:29:47.406Z,deep_scan,20260802011913_1A-4-7-8-17-28C,30,28C,0,12,M84/1,AB4355,0,21
2026-08-02T05:29:47.406Z,deep_scan,20260802011913_1A-4-7-8-17-28C,30,28C,0,20,M216,AB6214,0,35
2026-08-02T05:29:47.406Z,deep_scan,20260802011913_1A-4-7-8-17-28C,30,28C,0,32,M161,AB5457,0,2
2026-08-02T05:30:17.357Z,deep_scan,20260802011913_1A-4-7-8-17-28C,30,28C,0,12,M84/1,AB4355,0,20
2026-08-02T05:30:17.357Z,deep_scan,20260802011913_1A-4-7-8-17-28C,30,28C,0,13,M92,AB5767,1,15
2026-08-02T05:30:17.357Z,deep_scan,20260802011913_1A-4-7-8-17-28C,30,28C,0,20,M216,AB6214,0,31
2026-08-02T05:30:17.357Z,deep_scan,20260802011913_1A-4-7-8-17-28C,30,28C,0,33,M70,AB5457,1,14
2026-08-02T05:30:47.346Z,deep_scan,20260802011913_1A-4-7-8-17-28C,30,28C,0,0,M62/3,AB4326,1,18
2026-08-02T05:30:47.346Z,deep_scan,20260802011913_1A-4-7-8-17-28C,30,28C,0,12,M84/1,AB4355,0,21
2026-08-02T05:30:47.346Z,deep_scan,20260802011913_1A-4-7-8-17-28C,30,28C,0,13,M92,AB5767,0,2
2026-08-02T05:30:47.346Z,deep_scan,20260802011913_1A-4-7-8-17-28C,30,28C,0,20,M216,AB6214,0,34
2026-08-02T05:30:47.346Z,deep_scan,20260802011913_1A-4-7-8-17-28C,30,28C,0,33,M70,AB5457,0,28
2026-08-02T05:31:17.319Z,deep_scan,20260802011913_1A-4-7-8-17-28C,30,28C,0,0,M62/3,AB4326,0,22
2026-08-02T05:31:17.319Z,deep_scan,20260802011913_1A-4-7-8-17-28C,30,28C,0,12,M84/1,AB4355,0,21
2026-08-02T05:31:17.319Z,deep_scan,20260802011913_1A-4-7-8-17-28C,30,28C,0,13,M92,AB5767,0,29
2026-08-02T05:31:17.319Z,deep_scan,20260802011913_1A-4-7-8-17-28C,30,28C,0,20,M216,AB6214,0,26
2026-08-02T05:31:17.319Z,deep_scan,20260802011913_1A-4-7-8-17-28C,30,28C,0,34,M118,AB5457,1,29
2026-08-02T05:31:47.403Z,deep_scan,20260802011913_1A-4-7-8-17-28C,30,28C,0,0,M62/3,AB4326,0,29
2026-08-02T05:31:47.403Z,deep_scan,20260802011913_1A-4-7-8-17-28C,30,28C,0,13,M92,AB5767,0,29
2026-08-02T05:31:47.403Z,deep_scan,20260802011913_1A-4-7-8-17-28C,30,28C,0,13,M92,AB4355,1,21
2026-08-02T05:31:47.403Z,deep_scan,20260802011913_1A-4-7-8-17-28C,30,28C,0,20,M216,AB6214,0,12
2026-08-02T05:31:47.403Z,deep_scan,20260802011913_1A-4-7-8-17-28C,30,28C,0,34,M118,AB5457,1,2
2026-08-02T05:32:17.366Z,deep_scan,20260802011913_1A-4-7-8-17-28C,30,28C,0,1,M117,AB4326,1,20
2026-08-02T05:32:17.366Z,deep_scan,20260802011913_1A-4-7-8-17-28C,30,28C,0,13,M92,AB5767,0,29
2026-08-02T05:32:17.366Z,deep_scan,20260802011913_1A-4-7-8-17-28C,30,28C,0,13,M92,AB4355,1,22
2026-08-02T05:32:17.366Z,deep_scan,20260802011913_1A-4-7-8-17-28C,30,28C,0,21,M225,AB6214,1,12
2026-08-02T05:32:17.366Z,deep_scan,20260802011913_1A-4-7-8-17-28C,30,28C,0,34,M118,AB5457,1,2
2026-08-02T05:32:47.425Z,deep_scan,20260802011913_1A-4-7-8-17-28C,30,28C,0,1,M117,AB4326,0,23
2026-08-02T05:32:47.425Z,deep_scan,20260802011913_1A-4-7-8-17-28C,30,28C,0,13,M92,AB5767,0,21
2026-08-02T05:32:47.425Z,deep_scan,20260802011913_1A-4-7-8-17-28C,30,28C,0,13,M92,AB4355,1,22
2026-08-02T05:32:47.425Z,deep_scan,20260802011913_1A-4-7-8-17-28C,30,28C,0,21,M225,AB6214,1,20
2026-08-02T05:32:47.425Z,deep_scan,20260802011913_1A-4-7-8-17-28C,30,28C,0,34,M118,AB5457,1,2
2026-08-02T05:33:17.396Z,deep_scan,20260802011913_1A-4-7-8-17-28C,30,28C,0,1,M117,AB4326,0,7
2026-08-02T05:33:17.396Z,deep_scan,20260802011913_1A-4-7-8-17-28C,30,28C,0,13,M92,AB4355,1,22
2026-08-02T05:33:17.396Z,deep_scan,20260802011913_1A-4-7-8-17-28C,30,28C,0,14,M104,AB5767,1,3
2026-08-02T05:33:17.396Z,deep_scan,20260802011913_1A-4-7-8-17-28C,30,28C,0,21,M225,AB6214,1,20
2026-08-02T05:33:17.396Z,deep_scan,20260802011913_1A-4-7-8-17-28C,30,28C,0,34,M118,AB5457,0,2
2026-08-02T05:33:47.435Z,deep_scan,20260802011913_1A-4-7-8-17-28C,30,28C,0,1,M117,AB4326,0,7
2026-08-02T05:33:47.435Z,deep_scan,20260802011913_1A-4-7-8-17-28C,30,28C,0,13,M92,AB4355,1,4
2026-08-02T05:33:47.435Z,deep_scan,20260802011913_1A-4-7-8-17-28C,30,28C,0,14,M104,AB5767,0,19
2026-08-02T05:33:47.435Z,deep_scan,20260802011913_1A-4-7-8-17-28C,30,28C,0,21,M225,AB6214,1,20
2026-08-02T05:33:47.435Z,deep_scan,20260802011913_1A-4-7-8-17-28C,30,28C,0,34,M118,AB5457,0,24
2026-08-02T05:34:17.394Z,deep_scan,20260802011913_1A-4-7-8-17-28C,30,28C,0,2,M241,AB4326,1,12
2026-08-02T05:34:17.394Z,deep_scan,20260802011913_1A-4-7-8-17-28C,30,28C,0,13,M92,AB4355,1,4
2026-08-02T05:34:17.394Z,deep_scan,20260802011913_1A-4-7-8-17-28C,30,28C,0,14,M104,AB5767,0,6
2026-08-02T05:34:17.394Z,deep_scan,20260802011913_1A-4-7-8-17-28C,30,28C,0,21,M225,AB6214,1,20
2026-08-02T05:34:17.394Z,deep_scan,20260802011913_1A-4-7-8-17-28C,30,28C,0,35,M62/3,AB5457,1,0
2026-08-02T05:34:47.458Z,deep_scan,20260802011913_1A-4-7-8-17-28C,30,28C,0,2,M241,AB4326,1,1
2026-08-02T05:34:47.458Z,deep_scan,20260802011913_1A-4-7-8-17-28C,30,28C,0,13,M92,AB4355,0,23
2026-08-02T05:34:47.458Z,deep_scan,20260802011913_1A-4-7-8-17-28C,30,28C,0,15,M43,AB5767,0,17
2026-08-02T05:34:47.458Z,deep_scan,20260802011913_1A-4-7-8-17-28C,30,28C,0,21,M225,AB6214,0,4
2026-08-02T05:34:47.458Z,deep_scan,20260802011913_1A-4-7-8-17-28C,30,28C,0,35,M62/3,AB5457,1,0
2026-08-02T05:35:17.454Z,deep_scan,20260802011913_1A-4-7-8-17-28C,30,28C,0,3,M71,AB4326,1,25
2026-08-02T05:35:17.454Z,deep_scan,20260802011913_1A-4-7-8-17-28C,30,28C,0,13,M92,AB4355,0,23
2026-08-02T05:35:17.454Z,deep_scan,20260802011913_1A-4-7-8-17-28C,30,28C,0,16,M40,AB5767,1,24
2026-08-02T05:35:17.454Z,deep_scan,20260802011913_1A-4-7-8-17-28C,30,28C,0,21,M225,AB6214,0,18
2026-08-02T05:35:17.454Z,deep_scan,20260802011913_1A-4-7-8-17-28C,30,28C,0,35,M62/3,AB5457,1,0
2026-08-02T05:35:47.490Z,deep_scan,20260802011913_1A-4-7-8-17-28C,30,28C,0,3,M71,AB4326,1,4
2026-08-02T05:35:47.490Z,deep_scan,20260802011913_1A-4-7-8-17-28C,30,28C,0,13,M92,AB4355,0,23
2026-08-02T05:35:47.490Z,deep_scan,20260802011913_1A-4-7-8-17-28C,30,28C,0,16,M40,AB5767,0,20
2026-08-02T05:35:47.490Z,deep_scan,20260802011913_1A-4-7-8-17-28C,30,28C,0,21,M225,AB6214,0,36
2026-08-02T05:35:47.490Z,deep_scan,20260802011913_1A-4-7-8-17-28C,30,28C,0,35,M62/3,AB5457,1,0
2026-08-02T05:36:17.441Z,deep_scan,20260802011913_1A-4-7-8-17-28C,30,28C,0,3,M71,AB4326,0,15
2026-08-02T05:36:17.441Z,deep_scan,20260802011913_1A-4-7-8-17-28C,30,28C,0,13,M92,AB4355,0,23
2026-08-02T05:36:17.441Z,deep_scan,20260802011913_1A-4-7-8-17-28C,30,28C,0,16,M40,AB5767,0,13
2026-08-02T05:36:17.441Z,deep_scan,20260802011913_1A-4-7-8-17-28C,30,28C,0,21,M225,AB6214,0,28
2026-08-02T05:36:17.441Z,deep_scan,20260802011913_1A-4-7-8-17-28C,30,28C,0,35,M62/3,AB5457,1,0
2026-08-02T05:36:47.426Z,deep_scan,20260802011913_1A-4-7-8-17-28C,30,28C,0,4,M155,AB4326,1,2
2026-08-02T05:36:47.426Z,deep_scan,20260802011913_1A-4-7-8-17-28C,30,28C,0,14,M104,AB4355,1,36
2026-08-02T05:36:47.426Z,deep_scan,20260802011913_1A-4-7-8-17-28C,30,28C,0,16,M40,AB5767,0,1
2026-08-02T05:36:47.426Z,deep_scan,20260802011913_1A-4-7-8-17-28C,30,28C,0,22,M16/2,AB6214,1,42
2026-08-02T05:36:47.426Z,deep_scan,20260802011913_1A-4-7-8-17-28C,30,28C,0,35,M62/3,AB5457,1,0
2026-08-02T05:37:17.422Z,deep_scan,20260802011913_1A-4-7-8-17-28C,30,28C,0,4,M155,AB4326,0,31
2026-08-02T05:37:17.422Z,deep_scan,20260802011913_1A-4-7-8-17-28C,30,28C,0,14,M104,AB4355,1,3
2026-08-02T05:37:17.422Z,deep_scan,20260802011913_1A-4-7-8-17-28C,30,28C,0,16,M40,AB5767,0,1
2026-08-02T05:37:17.422Z,deep_scan,20260802011913_1A-4-7-8-17-28C,30,28C,0,22,M16/2,AB6214,1,5
2026-08-02T05:37:17.422Z,deep_scan,20260802011913_1A-4-7-8-17-28C,30,28C,0,35,M62/3,AB5457,1,0
2026-08-02T05:37:47.498Z,deep_scan,20260802011913_1A-4-7-8-17-28C,30,28C,0,5,M157,AB4326,1,5
2026-08-02T05:37:47.498Z,deep_scan,20260802011913_1A-4-7-8-17-28C,30,28C,0,14,M104,AB4355,0,34
2026-08-02T05:37:47.498Z,deep_scan,20260802011913_1A-4-7-8-17-28C,30,28C,0,16,M40,AB5767,0,39
2026-08-02T05:37:47.498Z,deep_scan,20260802011913_1A-4-7-8-17-28C,30,28C,0,22,M16/2,AB6214,1,5
2026-08-02T05:37:47.498Z,deep_scan,20260802011913_1A-4-7-8-17-28C,30,28C,0,35,M62/3,AB5457,1,0
2026-08-02T05:38:17.453Z,deep_scan,20260802011913_1A-4-7-8-17-28C,30,28C,0,5,M157,AB4326,1,5
2026-08-02T05:38:17.453Z,deep_scan,20260802011913_1A-4-7-8-17-28C,30,28C,0,14,M104,AB4355,0,3
2026-08-02T05:38:17.453Z,deep_scan,20260802011913_1A-4-7-8-17-28C,30,28C,0,16,M40,AB5767,0,19
2026-08-02T05:38:17.453Z,deep_scan,20260802011913_1A-4-7-8-17-28C,30,28C,0,22,M16/2,AB6214,1,5
2026-08-02T05:38:47.524Z,deep_scan,20260802011913_1A-4-7-8-17-28C,30,28C,0,5,M157,AB4326,1,9
2026-08-02T05:38:47.524Z,deep_scan,20260802011913_1A-4-7-8-17-28C,30,28C,0,15,M43,AB4355,1,16
2026-08-02T05:38:47.524Z,deep_scan,20260802011913_1A-4-7-8-17-28C,30,28C,0,17,M28/2,AB5767,0,7
2026-08-02T05:38:47.524Z,deep_scan,20260802011913_1A-4-7-8-17-28C,30,28C,0,22,M16/2,AB6214,1,5
2026-08-02T05:39:17.490Z,deep_scan,20260802011913_1A-4-7-8-17-28C,30,28C,0,5,M157,AB4326,0,35
2026-08-02T05:39:17.490Z,deep_scan,20260802011913_1A-4-7-8-17-28C,30,28C,0,15,M43,AB4355,0,27
2026-08-02T05:39:17.490Z,deep_scan,20260802011913_1A-4-7-8-17-28C,30,28C,0,17,M28/2,AB5767,0,20
2026-08-02T05:39:17.490Z,deep_scan,20260802011913_1A-4-7-8-17-28C,30,28C,0,22,M16/2,AB6214,1,4
2026-08-02T05:39:47.546Z,deep_scan,20260802011913_1A-4-7-8-17-28C,30,28C,0,6,M163,AB4326,1,1
2026-08-02T05:39:47.546Z,deep_scan,20260802011913_1A-4-7-8-17-28C,30,28C,0,16,M40,AB4355,0,21
2026-08-02T05:39:47.546Z,deep_scan,20260802011913_1A-4-7-8-17-28C,30,28C,0,17,M28/2,AB5767,0,20
2026-08-02T05:39:47.546Z,deep_scan,20260802011913_1A-4-7-8-17-28C,30,28C,0,22,M16/2,AB6214,1,4
2026-08-02T05:40:17.524Z,deep_scan,20260802011913_1A-4-7-8-17-28C,30,28C,0,6,M163,AB4326,1,3
2026-08-02T05:40:17.524Z,deep_scan,20260802011913_1A-4-7-8-17-28C,30,28C,0,17,M28/2,AB4355,1,39
2026-08-02T05:40:17.524Z,deep_scan,20260802011913_1A-4-7-8-17-28C,30,28C,0,18,M227,AB5767,1,21
2026-08-02T05:40:17.524Z,deep_scan,20260802011913_1A-4-7-8-17-28C,30,28C,0,22,M16/2,AB6214,1,4
2026-08-02T05:40:47.527Z,deep_scan,20260802011913_1A-4-7-8-17-28C,30,28C,0,6,M163,AB4326,1,3
2026-08-02T05:40:47.527Z,deep_scan,20260802011913_1A-4-7-8-17-28C,30,28C,0,17,M28/2,AB4355,0,13
2026-08-02T05:40:47.527Z,deep_scan,20260802011913_1A-4-7-8-17-28C,30,28C,0,18,M227,AB5767,1,13
2026-08-02T05:40:47.527Z,deep_scan,20260802011913_1A-4-7-8-17-28C,30,28C,0,22,M16/2,AB6214,0,23
2026-08-02T05:41:17.549Z,deep_scan,20260802011913_1A-4-7-8-17-28C,30,28C,0,6,M163,AB4326,0,5
2026-08-02T05:41:17.549Z,deep_scan,20260802011913_1A-4-7-8-17-28C,30,28C,0,17,M28/2,AB4355,0,13
2026-08-02T05:41:17.549Z,deep_scan,20260802011913_1A-4-7-8-17-28C,30,28C,0,18,M227,AB5767,1,13
2026-08-02T05:41:17.549Z,deep_scan,20260802011913_1A-4-7-8-17-28C,30,28C,0,23,M98,AB6214,1,13
2026-08-02T05:41:47.497Z,deep_scan,20260802011913_1A-4-7-8-17-28C,30,28C,0,7,M164,AB4326,1,22
2026-08-02T05:41:47.497Z,deep_scan,20260802011913_1A-4-7-8-17-28C,30,28C,0,17,M28/2,AB4355,0,20
2026-08-02T05:41:47.497Z,deep_scan,20260802011913_1A-4-7-8-17-28C,30,28C,0,18,M227,AB5767,0,16
2026-08-02T05:41:47.497Z,deep_scan,20260802011913_1A-4-7-8-17-28C,30,28C,0,23,M98,AB6214,1,19
2026-08-02T05:42:17.576Z,deep_scan,20260802011913_1A-4-7-8-17-28C,30,28C,0,7,M164,AB4326,0,22
2026-08-02T05:42:17.576Z,deep_scan,20260802011913_1A-4-7-8-17-28C,30,28C,0,17,M28/2,AB4355,0,20
2026-08-02T05:42:17.576Z,deep_scan,20260802011913_1A-4-7-8-17-28C,30,28C,0,18,M227,AB5767,0,8
2026-08-02T05:42:17.576Z,deep_scan,20260802011913_1A-4-7-8-17-28C,30,28C,0,23,M98,AB6214,1,2
2026-08-02T05:42:47.486Z,deep_scan,20260802011913_1A-4-7-8-17-28C,30,28C,0,8,M151,AB4326,1,36
2026-08-02T05:42:47.486Z,deep_scan,20260802011913_1A-4-7-8-17-28C,30,28C,0,18,M227,AB4355,1,16
2026-08-02T05:42:47.486Z,deep_scan,20260802011913_1A-4-7-8-17-28C,30,28C,0,19,M244,AB5767,1,5
2026-08-02T05:42:47.486Z,deep_scan,20260802011913_1A-4-7-8-17-28C,30,28C,0,23,M98,AB6214,1,27
2026-08-02T05:43:17.636Z,deep_scan,20260802011913_1A-4-7-8-17-28C,30,28C,0,8,M151,AB4326,1,14
2026-08-02T05:43:17.636Z,deep_scan,20260802011913_1A-4-7-8-17-28C,30,28C,0,18,M227,AB4355,1,10
2026-08-02T05:43:17.636Z,deep_scan,20260802011913_1A-4-7-8-17-28C,30,28C,0,19,M244,AB5767,1,21
2026-08-02T05:43:17.636Z,deep_scan,20260802011913_1A-4-7-8-17-28C,30,28C,0,23,M98,AB6214,1,27
2026-08-02T05:43:47.589Z,deep_scan,20260802011913_1A-4-7-8-17-28C,30,28C,0,8,M151,AB4326,1,7
2026-08-02T05:43:47.589Z,deep_scan,20260802011913_1A-4-7-8-17-28C,30,28C,0,18,M227,AB4355,1,16
2026-08-02T05:43:47.589Z,deep_scan,20260802011913_1A-4-7-8-17-28C,30,28C,0,19,M244,AB5767,0,12
2026-08-02T05:43:47.589Z,deep_scan,20260802011913_1A-4-7-8-17-28C,30,28C,0,23,M98,AB6214,0,21
2026-08-02T05:44:17.621Z,deep_scan,20260802011913_1A-4-7-8-17-28C,30,28C,0,9,M150,AB4326,1,28
2026-08-02T05:44:17.621Z,deep_scan,20260802011913_1A-4-7-8-17-28C,30,28C,0,18,M227,AB4355,0,18
2026-08-02T05:44:17.621Z,deep_scan,20260802011913_1A-4-7-8-17-28C,30,28C,0,19,M244,AB5767,0,2
2026-08-02T05:44:17.621Z,deep_scan,20260802011913_1A-4-7-8-17-28C,30,28C,0,23,M98,AB6214,0,27
2026-08-02T05:44:47.548Z,deep_scan,20260802011913_1A-4-7-8-17-28C,30,28C,0,0,M62/3,AB5457,1,19
2026-08-02T05:44:47.548Z,deep_scan,20260802011913_1A-4-7-8-17-28C,30,28C,0,9,M150,AB4326,1,21
2026-08-02T05:44:47.548Z,deep_scan,20260802011913_1A-4-7-8-17-28C,30,28C,0,18,M227,AB4355,0,18
2026-08-02T05:44:47.548Z,deep_scan,20260802011913_1A-4-7-8-17-28C,30,28C,0,19,M244,AB5767,0,35
2026-08-02T05:44:47.548Z,deep_scan,20260802011913_1A-4-7-8-17-28C,30,28C,0,24,M88,AB6214,1,27
2026-08-02T05:45:17.650Z,deep_scan,20260802011913_1A-4-7-8-17-28C,30,28C,0,0,M62/3,AB5457,1,19
2026-08-02T05:45:17.650Z,deep_scan,20260802011913_1A-4-7-8-17-28C,30,28C,0,9,M150,AB4326,1,21
2026-08-02T05:45:17.650Z,deep_scan,20260802011913_1A-4-7-8-17-28C,30,28C,0,19,M244,AB4355,1,17
2026-08-02T05:45:17.650Z,deep_scan,20260802011913_1A-4-7-8-17-28C,30,28C,0,20,M216,AB5767,1,39
2026-08-02T05:45:17.650Z,deep_scan,20260802011913_1A-4-7-8-17-28C,30,28C,0,24,M88,AB6214,0,27
2026-08-02T05:45:47.629Z,deep_scan,20260802011913_1A-4-7-8-17-28C,30,28C,0,0,M62/3,AB5457,1,19
2026-08-02T05:45:47.629Z,deep_scan,20260802011913_1A-4-7-8-17-28C,30,28C,0,9,M150,AB4326,0,16
2026-08-02T05:45:47.629Z,deep_scan,20260802011913_1A-4-7-8-17-28C,30,28C,0,19,M244,AB4355,1,17
2026-08-02T05:45:47.629Z,deep_scan,20260802011913_1A-4-7-8-17-28C,30,28C,0,20,M216,AB5767,0,21
2026-08-02T05:45:47.629Z,deep_scan,20260802011913_1A-4-7-8-17-28C,30,28C,0,24,M88,AB6214,0,4
2026-08-02T05:46:17.566Z,deep_scan,20260802011913_1A-4-7-8-17-28C,30,28C,0,0,M62/3,AB5457,1,6
2026-08-02T05:46:17.566Z,deep_scan,20260802011913_1A-4-7-8-17-28C,30,28C,0,10,M148,AB4326,1,14
2026-08-02T05:46:17.566Z,deep_scan,20260802011913_1A-4-7-8-17-28C,30,28C,0,19,M244,AB4355,0,27
2026-08-02T05:46:17.566Z,deep_scan,20260802011913_1A-4-7-8-17-28C,30,28C,0,20,M216,AB5767,0,39
2026-08-02T05:46:17.566Z,deep_scan,20260802011913_1A-4-7-8-17-28C,30,28C,0,24,M88,AB6214,0,4
2026-08-02T05:46:47.630Z,deep_scan,20260802011913_1A-4-7-8-17-28C,30,28C,0,0,M62/3,AB5457,0,22
2026-08-02T05:46:47.630Z,deep_scan,20260802011913_1A-4-7-8-17-28C,30,28C,0,10,M148,AB4326,1,10
2026-08-02T05:46:47.630Z,deep_scan,20260802011913_1A-4-7-8-17-28C,30,28C,0,19,M244,AB4355,0,27
2026-08-02T05:46:47.630Z,deep_scan,20260802011913_1A-4-7-8-17-28C,30,28C,0,20,M216,AB5767,0,2
2026-08-02T05:46:47.630Z,deep_scan,20260802011913_1A-4-7-8-17-28C,30,28C,0,24,M88,AB6214,0,4
2026-08-02T05:47:17.630Z,deep_scan,20260802011913_1A-4-7-8-17-28C,30,28C,0,0,M62/3,AB5457,0,32
2026-08-02T05:47:17.630Z,deep_scan,20260802011913_1A-4-7-8-17-28C,30,28C,0,10,M148,AB4326,0,24
2026-08-02T05:47:17.630Z,deep_scan,20260802011913_1A-4-7-8-17-28C,30,28C,0,19,M244,AB4355,0,25
2026-08-02T05:47:17.630Z,deep_scan,20260802011913_1A-4-7-8-17-28C,30,28C,0,20,M216,AB5767,0,2
2026-08-02T05:47:17.630Z,deep_scan,20260802011913_1A-4-7-8-17-28C,30,28C,0,24,M88,AB6214,0,4
2026-08-02T05:47:47.612Z,deep_scan,20260802011913_1A-4-7-8-17-28C,30,28C,0,1,M117,AB5457,1,16
2026-08-02T05:47:47.612Z,deep_scan,20260802011913_1A-4-7-8-17-28C,30,28C,0,10,M148,AB4326,0,22
2026-08-02T05:47:47.612Z,deep_scan,20260802011913_1A-4-7-8-17-28C,30,28C,0,20,M216,AB5767,0,15
2026-08-02T05:47:47.612Z,deep_scan,20260802011913_1A-4-7-8-17-28C,30,28C,0,20,M216,AB4355,1,19
2026-08-02T05:47:47.612Z,deep_scan,20260802011913_1A-4-7-8-17-28C,30,28C,0,24,M88,AB6214,0,27
2026-08-02T05:48:17.582Z,deep_scan,20260802011913_1A-4-7-8-17-28C,30,28C,0,1,M117,AB5457,1,16
2026-08-02T05:48:17.582Z,deep_scan,20260802011913_1A-4-7-8-17-28C,30,28C,0,10,M148,AB4326,0,21
2026-08-02T05:48:17.582Z,deep_scan,20260802011913_1A-4-7-8-17-28C,30,28C,0,20,M216,AB4355,0,43
2026-08-02T05:48:17.582Z,deep_scan,20260802011913_1A-4-7-8-17-28C,30,28C,0,21,M225,AB5767,1,1
2026-08-02T05:48:17.582Z,deep_scan,20260802011913_1A-4-7-8-17-28C,30,28C,0,24,M88,AB6214,0,17
2026-08-02T05:48:47.667Z,deep_scan,20260802011913_1A-4-7-8-17-28C,30,28C,0,1,M117,AB5457,0,2
2026-08-02T05:48:47.667Z,deep_scan,20260802011913_1A-4-7-8-17-28C,30,28C,0,10,M148,AB4326,0,25
2026-08-02T05:48:47.667Z,deep_scan,20260802011913_1A-4-7-8-17-28C,30,28C,0,20,M216,AB4355,0,42
2026-08-02T05:48:47.667Z,deep_scan,20260802011913_1A-4-7-8-17-28C,30,28C,0,21,M225,AB5767,1,1
2026-08-02T05:48:47.667Z,deep_scan,20260802011913_1A-4-7-8-17-28C,30,28C,0,24,M88,AB6214,0,17
2026-08-02T05:49:17.580Z,deep_scan,20260802011913_1A-4-7-8-17-28C,30,28C,0,2,M241,AB5457,1,17
2026-08-02T05:49:17.580Z,deep_scan,20260802011913_1A-4-7-8-17-28C,30,28C,0,10,M148,AB4326,0,6
2026-08-02T05:49:17.580Z,deep_scan,20260802011913_1A-4-7-8-17-28C,30,28C,0,20,M216,AB4355,0,25
2026-08-02T05:49:17.580Z,deep_scan,20260802011913_1A-4-7-8-17-28C,30,28C,0,21,M225,AB5767,1,4
2026-08-02T05:49:17.580Z,deep_scan,20260802011913_1A-4-7-8-17-28C,30,28C,0,25,M72,AB6214,1,36
2026-08-02T05:49:47.626Z,deep_scan,20260802011913_1A-4-7-8-17-28C,30,28C,0,2,M241,AB5457,1,7
2026-08-02T05:49:47.626Z,deep_scan,20260802011913_1A-4-7-8-17-28C,30,28C,0,11,M76/1,AB4326,1,29
2026-08-02T05:49:47.626Z,deep_scan,20260802011913_1A-4-7-8-17-28C,30,28C,0,21,M225,AB4355,1,19
2026-08-02T05:49:47.626Z,deep_scan,20260802011913_1A-4-7-8-17-28C,30,28C,0,21,M225,AB5767,0,19
2026-08-02T05:49:47.626Z,deep_scan,20260802011913_1A-4-7-8-17-28C,30,28C,0,26,M149,AB6214,1,2
2026-08-02T05:50:17.688Z,deep_scan,20260802011913_1A-4-7-8-17-28C,30,28C,0,2,M241,AB5457,1,2
2026-08-02T05:50:17.688Z,deep_scan,20260802011913_1A-4-7-8-17-28C,30,28C,0,11,M76/1,AB4326,1,4
2026-08-02T05:50:17.688Z,deep_scan,20260802011913_1A-4-7-8-17-28C,30,28C,0,21,M225,AB4355,1,8
2026-08-02T05:50:17.688Z,deep_scan,20260802011913_1A-4-7-8-17-28C,30,28C,0,21,M225,AB5767,0,2
2026-08-02T05:50:17.688Z,deep_scan,20260802011913_1A-4-7-8-17-28C,30,28C,0,26,M149,AB6214,0,24
2026-08-02T05:50:47.655Z,deep_scan,20260802011913_1A-4-7-8-17-28C,30,28C,0,2,M241,AB5457,1,2
2026-08-02T05:50:47.655Z,deep_scan,20260802011913_1A-4-7-8-17-28C,30,28C,0,11,M76/1,AB4326,1,1
2026-08-02T05:50:47.655Z,deep_scan,20260802011913_1A-4-7-8-17-28C,30,28C,0,21,M225,AB4355,1,8
2026-08-02T05:50:47.655Z,deep_scan,20260802011913_1A-4-7-8-17-28C,30,28C,0,21,M225,AB5767,0,2
2026-08-02T05:50:47.655Z,deep_scan,20260802011913_1A-4-7-8-17-28C,30,28C,0,26,M149,AB6214,0,10
2026-08-02T05:51:17.671Z,deep_scan,20260802011913_1A-4-7-8-17-28C,30,28C,0,3,M71,AB5457,1,3
2026-08-02T05:51:17.671Z,deep_scan,20260802011913_1A-4-7-8-17-28C,30,28C,0,11,M76/1,AB4326,0,8
2026-08-02T05:51:17.671Z,deep_scan,20260802011913_1A-4-7-8-17-28C,30,28C,0,21,M225,AB5767,0,13
2026-08-02T05:51:17.671Z,deep_scan,20260802011913_1A-4-7-8-17-28C,30,28C,0,21,M225,AB4355,0,31
2026-08-02T05:51:17.671Z,deep_scan,20260802011913_1A-4-7-8-17-28C,30,28C,0,26,M149,AB6214,0,19
2026-08-02T05:51:47.671Z,deep_scan,20260802011913_1A-4-7-8-17-28C,30,28C,0,3,M71,AB5457,1,6
2026-08-02T05:51:47.671Z,deep_scan,20260802011913_1A-4-7-8-17-28C,30,28C,0,12,M84/1,AB4326,1,5
2026-08-02T05:51:47.671Z,deep_scan,20260802011913_1A-4-7-8-17-28C,30,28C,0,21,M225,AB5767,0,21
2026-08-02T05:51:47.671Z,deep_scan,20260802011913_1A-4-7-8-17-28C,30,28C,0,21,M225,AB4355,0,32
2026-08-02T05:51:47.671Z,deep_scan,20260802011913_1A-4-7-8-17-28C,30,28C,0,26,M149,AB6214,0,19
2026-08-02T05:52:17.695Z,deep_scan,20260802011913_1A-4-7-8-17-28C,30,28C,0,3,M71,AB5457,0,21
2026-08-02T05:52:17.695Z,deep_scan,20260802011913_1A-4-7-8-17-28C,30,28C,0,12,M84/1,AB4326,1,11
2026-08-02T05:52:17.695Z,deep_scan,20260802011913_1A-4-7-8-17-28C,30,28C,0,21,M225,AB5767,0,41
2026-08-02T05:52:17.695Z,deep_scan,20260802011913_1A-4-7-8-17-28C,30,28C,0,21,M225,AB4355,0,21
2026-08-02T05:52:17.695Z,deep_scan,20260802011913_1A-4-7-8-17-28C,30,28C,0,27,M145/2,AB6214,1,3
2026-08-02T05:52:47.763Z,deep_scan,20260802011913_1A-4-7-8-17-28C,30,28C,0,4,M155,AB5457,1,12
2026-08-02T05:52:47.763Z,deep_scan,20260802011913_1A-4-7-8-17-28C,30,28C,0,12,M84/1,AB4326,0,11
2026-08-02T05:52:47.763Z,deep_scan,20260802011913_1A-4-7-8-17-28C,30,28C,0,21,M225,AB5767,0,25
2026-08-02T05:52:47.763Z,deep_scan,20260802011913_1A-4-7-8-17-28C,30,28C,0,21,M225,AB4355,0,45
2026-08-02T05:52:47.763Z,deep_scan,20260802011913_1A-4-7-8-17-28C,30,28C,0,27,M145/2,AB6214,1,3
2026-08-02T05:53:17.694Z,deep_scan,20260802011913_1A-4-7-8-17-28C,30,28C,0,4,M155,AB5457,1,10
2026-08-02T05:53:17.694Z,deep_scan,20260802011913_1A-4-7-8-17-28C,30,28C,0,12,M84/1,AB4326,0,6
2026-08-02T05:53:17.694Z,deep_scan,20260802011913_1A-4-7-8-17-28C,30,28C,0,22,M16/2,AB4355,1,6
2026-08-02T05:53:17.694Z,deep_scan,20260802011913_1A-4-7-8-17-28C,30,28C,0,22,M16/2,AB5767,1,1
2026-08-02T05:53:17.694Z,deep_scan,20260802011913_1A-4-7-8-17-28C,30,28C,0,27,M145/2,AB6214,0,27
2026-08-02T05:53:47.742Z,deep_scan,20260802011913_1A-4-7-8-17-28C,30,28C,0,4,M155,AB5457,1,8
2026-08-02T05:53:47.742Z,deep_scan,20260802011913_1A-4-7-8-17-28C,30,28C,0,12,M84/1,AB4326,0,8
2026-08-02T05:53:47.742Z,deep_scan,20260802011913_1A-4-7-8-17-28C,30,28C,0,22,M16/2,AB4355,1,6
2026-08-02T05:53:47.742Z,deep_scan,20260802011913_1A-4-7-8-17-28C,30,28C,0,22,M16/2,AB5767,0,5
2026-08-02T05:53:47.742Z,deep_scan,20260802011913_1A-4-7-8-17-28C,30,28C,0,28,M165,AB6214,0,26
2026-08-02T05:54:17.714Z,deep_scan,20260802011913_1A-4-7-8-17-28C,30,28C,0,4,M155,AB5457,0,25
2026-08-02T05:54:17.714Z,deep_scan,20260802011913_1A-4-7-8-17-28C,30,28C,0,12,M84/1,AB4326,0,16
2026-08-02T05:54:17.714Z,deep_scan,20260802011913_1A-4-7-8-17-28C,30,28C,0,22,M16/2,AB4355,1,6
2026-08-02T05:54:17.714Z,deep_scan,20260802011913_1A-4-7-8-17-28C,30,28C,0,22,M16/2,AB5767,0,2
2026-08-02T05:54:17.714Z,deep_scan,20260802011913_1A-4-7-8-17-28C,30,28C,0,28,M165,AB6214,0,29
2026-08-02T05:54:47.731Z,deep_scan,20260802011913_1A-4-7-8-17-28C,30,28C,0,5,M157,AB5457,1,34
2026-08-02T05:54:47.731Z,deep_scan,20260802011913_1A-4-7-8-17-28C,30,28C,0,13,M92,AB4326,1,21
2026-08-02T05:54:47.731Z,deep_scan,20260802011913_1A-4-7-8-17-28C,30,28C,0,22,M16/2,AB4355,1,6
2026-08-02T05:54:47.731Z,deep_scan,20260802011913_1A-4-7-8-17-28C,30,28C,0,22,M16/2,AB5767,0,1
2026-08-02T05:54:47.731Z,deep_scan,20260802011913_1A-4-7-8-17-28C,30,28C,0,29,M163,AB6214,1,22
2026-08-02T05:55:17.720Z,deep_scan,20260802011913_1A-4-7-8-17-28C,30,28C,0,5,M157,AB5457,1,34
2026-08-02T05:55:17.720Z,deep_scan,20260802011913_1A-4-7-8-17-28C,30,28C,0,13,M92,AB4326,0,2
2026-08-02T05:55:17.720Z,deep_scan,20260802011913_1A-4-7-8-17-28C,30,28C,0,22,M16/2,AB4355,1,6
2026-08-02T05:55:17.720Z,deep_scan,20260802011913_1A-4-7-8-17-28C,30,28C,0,22,M16/2,AB5767,0,1
2026-08-02T05:55:17.720Z,deep_scan,20260802011913_1A-4-7-8-17-28C,30,28C,0,29,M163,AB6214,1,14
2026-08-02T05:55:47.803Z,deep_scan,20260802011913_1A-4-7-8-17-28C,30,28C,0,5,M157,AB5457,1,34
2026-08-02T05:55:47.803Z,deep_scan,20260802011913_1A-4-7-8-17-28C,30,28C,0,13,M92,AB4326,0,20
2026-08-02T05:55:47.803Z,deep_scan,20260802011913_1A-4-7-8-17-28C,30,28C,0,22,M16/2,AB5767,0,26
2026-08-02T05:55:47.803Z,deep_scan,20260802011913_1A-4-7-8-17-28C,30,28C,0,22,M16/2,AB4355,0,35
2026-08-02T05:55:47.803Z,deep_scan,20260802011913_1A-4-7-8-17-28C,30,28C,0,29,M163,AB6214,0,24
2026-08-02T05:56:17.749Z,deep_scan,20260802011913_1A-4-7-8-17-28C,30,28C,0,5,M157,AB5457,1,34
2026-08-02T05:56:17.749Z,deep_scan,20260802011913_1A-4-7-8-17-28C,30,28C,0,14,M104,AB4326,1,2
2026-08-02T05:56:17.749Z,deep_scan,20260802011913_1A-4-7-8-17-28C,30,28C,0,22,M16/2,AB5767,0,3
2026-08-02T05:56:17.749Z,deep_scan,20260802011913_1A-4-7-8-17-28C,30,28C,0,23,M98,AB4355,1,23
2026-08-02T05:56:17.749Z,deep_scan,20260802011913_1A-4-7-8-17-28C,30,28C,0,30,M160/2,AB6214,1,22
2026-08-02T05:56:47.830Z,deep_scan,20260802011913_1A-4-7-8-17-28C,30,28C,0,5,M157,AB5457,1,34
2026-08-02T05:56:47.830Z,deep_scan,20260802011913_1A-4-7-8-17-28C,30,28C,0,14,M104,AB4326,1,11
2026-08-02T05:56:47.830Z,deep_scan,20260802011913_1A-4-7-8-17-28C,30,28C,0,23,M98,AB4355,0,23
2026-08-02T05:56:47.830Z,deep_scan,20260802011913_1A-4-7-8-17-28C,30,28C,0,23,M98,AB5767,1,2
2026-08-02T05:56:47.830Z,deep_scan,20260802011913_1A-4-7-8-17-28C,30,28C,0,30,M160/2,AB6214,0,15
2026-08-02T05:57:17.767Z,deep_scan,20260802011913_1A-4-7-8-17-28C,30,28C,0,5,M157,AB5457,1,11
2026-08-02T05:57:17.767Z,deep_scan,20260802011913_1A-4-7-8-17-28C,30,28C,0,14,M104,AB4326,0,30
2026-08-02T05:57:17.767Z,deep_scan,20260802011913_1A-4-7-8-17-28C,30,28C,0,23,M98,AB4355,0,5
2026-08-02T05:57:17.767Z,deep_scan,20260802011913_1A-4-7-8-17-28C,30,28C,0,23,M98,AB5767,1,4
2026-08-02T05:57:17.767Z,deep_scan,20260802011913_1A-4-7-8-17-28C,30,28C,0,31,M158/1,AB6214,1,28
2026-08-02T05:57:47.812Z,deep_scan,20260802011913_1A-4-7-8-17-28C,30,28C,0,5,M157,AB5457,0,38
2026-08-02T05:57:47.812Z,deep_scan,20260802011913_1A-4-7-8-17-28C,30,28C,0,15,M43,AB4326,1,13
2026-08-02T05:57:47.812Z,deep_scan,20260802011913_1A-4-7-8-17-28C,30,28C,0,23,M98,AB4355,0,22
2026-08-02T05:57:47.812Z,deep_scan,20260802011913_1A-4-7-8-17-28C,30,28C,0,23,M98,AB5767,1,19
2026-08-02T05:57:47.812Z,deep_scan,20260802011913_1A-4-7-8-17-28C,30,28C,0,31,M158/1,AB6214,0,22
2026-08-02T05:58:17.746Z,deep_scan,20260802011913_1A-4-7-8-17-28C,30,28C,0,6,M163,AB5457,1,30
2026-08-02T05:58:17.746Z,deep_scan,20260802011913_1A-4-7-8-17-28C,30,28C,0,15,M43,AB4326,0,23
2026-08-02T05:58:17.746Z,deep_scan,20260802011913_1A-4-7-8-17-28C,30,28C,0,23,M98,AB4355,0,20
2026-08-02T05:58:17.746Z,deep_scan,20260802011913_1A-4-7-8-17-28C,30,28C,0,24,M88,AB5767,1,7
2026-08-02T05:58:17.746Z,deep_scan,20260802011913_1A-4-7-8-17-28C,30,28C,0,32,M161,AB6214,1,3
2026-08-02T05:58:47.791Z,deep_scan,20260802011913_1A-4-7-8-17-28C,30,28C,0,6,M163,AB5457,1,15
2026-08-02T05:58:47.791Z,deep_scan,20260802011913_1A-4-7-8-17-28C,30,28C,0,16,M40,AB4326,1,26
2026-08-02T05:58:47.791Z,deep_scan,20260802011913_1A-4-7-8-17-28C,30,28C,0,24,M88,AB5767,1,7
2026-08-02T05:58:47.791Z,deep_scan,20260802011913_1A-4-7-8-17-28C,30,28C,0,24,M88,AB4355,1,20
2026-08-02T05:58:47.791Z,deep_scan,20260802011913_1A-4-7-8-17-28C,30,28C,0,32,M161,AB6214,1,3
2026-08-02T05:59:17.776Z,deep_scan,20260802011913_1A-4-7-8-17-28C,30,28C,0,6,M163,AB5457,0,10
2026-08-02T05:59:17.776Z,deep_scan,20260802011913_1A-4-7-8-17-28C,30,28C,0,16,M40,AB4326,1,4
2026-08-02T05:59:17.776Z,deep_scan,20260802011913_1A-4-7-8-17-28C,30,28C,0,24,M88,AB5767,1,26
2026-08-02T05:59:17.776Z,deep_scan,20260802011913_1A-4-7-8-17-28C,30,28C,0,24,M88,AB4355,0,18
2026-08-02T05:59:17.776Z,deep_scan,20260802011913_1A-4-7-8-17-28C,30,28C,0,32,M161,AB6214,0,3
2026-08-02T05:59:47.970Z,deep_scan,20260802011913_1A-4-7-8-17-28C,30,28C,0,7,M164,AB5457,0,16
2026-08-02T05:59:47.970Z,deep_scan,20260802011913_1A-4-7-8-17-28C,30,28C,0,16,M40,AB4326,0,17
2026-08-02T05:59:47.970Z,deep_scan,20260802011913_1A-4-7-8-17-28C,30,28C,0,24,M88,AB5767,1,1
2026-08-02T05:59:47.970Z,deep_scan,20260802011913_1A-4-7-8-17-28C,30,28C,0,24,M88,AB4355,0,20
2026-08-02T05:59:47.970Z,deep_scan,20260802011913_1A-4-7-8-17-28C,30,28C,0,32,M161,AB6214,0,34
2026-08-02T06:00:17.867Z,deep_scan,20260802011913_1A-4-7-8-17-28C,30,28C,0,8,M151,AB5457,1,45
2026-08-02T06:00:17.867Z,deep_scan,20260802011913_1A-4-7-8-17-28C,30,28C,0,16,M40,AB4326,0,7
2026-08-02T06:00:17.867Z,deep_scan,20260802011913_1A-4-7-8-17-28C,30,28C,0,24,M88,AB4355,0,40
2026-08-02T06:00:17.867Z,deep_scan,20260802011913_1A-4-7-8-17-28C,30,28C,0,24,M88,AB5767,0,25
2026-08-02T06:00:17.867Z,deep_scan,20260802011913_1A-4-7-8-17-28C,30,28C,0,32,M161,AB6214,0,5
2026-08-02T06:00:47.829Z,deep_scan,20260802011913_1A-4-7-8-17-28C,30,28C,0,8,M151,AB5457,1,15
2026-08-02T06:00:47.829Z,deep_scan,20260802011913_1A-4-7-8-17-28C,30,28C,0,16,M40,AB4326,0,7
2026-08-02T06:00:47.829Z,deep_scan,20260802011913_1A-4-7-8-17-28C,30,28C,0,24,M88,AB4355,0,21
2026-08-02T06:00:47.829Z,deep_scan,20260802011913_1A-4-7-8-17-28C,30,28C,0,24,M88,AB5767,0,19
2026-08-02T06:00:47.829Z,deep_scan,20260802011913_1A-4-7-8-17-28C,30,28C,0,33,M70,AB6214,1,20
2026-08-02T06:01:17.824Z,deep_scan,20260802011913_1A-4-7-8-17-28C,30,28C,0,8,M151,AB5457,1,15
2026-08-02T06:01:17.824Z,deep_scan,20260802011913_1A-4-7-8-17-28C,30,28C,0,17,M28/2,AB4326,1,6
2026-08-02T06:01:17.824Z,deep_scan,20260802011913_1A-4-7-8-17-28C,30,28C,0,24,M88,AB4355,0,6
2026-08-02T06:01:17.824Z,deep_scan,20260802011913_1A-4-7-8-17-28C,30,28C,0,25,M72,AB5767,1,34
2026-08-02T06:01:17.824Z,deep_scan,20260802011913_1A-4-7-8-17-28C,30,28C,0,34,M118,AB6214,1,35
2026-08-02T06:01:47.824Z,deep_scan,20260802011913_1A-4-7-8-17-28C,30,28C,0,8,M151,AB5457,1,15
2026-08-02T06:01:47.824Z,deep_scan,20260802011913_1A-4-7-8-17-28C,30,28C,0,17,M28/2,AB4326,0,24
2026-08-02T06:01:47.824Z,deep_scan,20260802011913_1A-4-7-8-17-28C,30,28C,0,26,M149,AB5767,1,21
2026-08-02T06:01:47.824Z,deep_scan,20260802011913_1A-4-7-8-17-28C,30,28C,0,26,M149,AB4355,1,21
2026-08-02T06:01:47.824Z,deep_scan,20260802011913_1A-4-7-8-17-28C,30,28C,0,34,M118,AB6214,0,27
2026-08-02T06:02:17.890Z,deep_scan,20260802011913_1A-4-7-8-17-28C,30,28C,0,8,M151,AB5457,0,28
2026-08-02T06:02:17.890Z,deep_scan,20260802011913_1A-4-7-8-17-28C,30,28C,0,17,M28/2,AB4326,0,24
2026-08-02T06:02:17.890Z,deep_scan,20260802011913_1A-4-7-8-17-28C,30,28C,0,26,M149,AB5767,1,21
2026-08-02T06:02:17.890Z,deep_scan,20260802011913_1A-4-7-8-17-28C,30,28C,0,26,M149,AB4355,1,14
2026-08-02T06:02:17.890Z,deep_scan,20260802011913_1A-4-7-8-17-28C,30,28C,0,35,M62/3,AB6214,1,0
2026-08-02T06:02:47.893Z,deep_scan,20260802011913_1A-4-7-8-17-28C,30,28C,0,9,M150,AB5457,1,14
2026-08-02T06:02:47.893Z,deep_scan,20260802011913_1A-4-7-8-17-28C,30,28C,0,17,M28/2,AB4326,0,21
2026-08-02T06:02:47.893Z,deep_scan,20260802011913_1A-4-7-8-17-28C,30,28C,0,26,M149,AB4355,1,14
2026-08-02T06:02:47.893Z,deep_scan,20260802011913_1A-4-7-8-17-28C,30,28C,0,26,M149,AB5767,0,28
2026-08-02T06:02:47.893Z,deep_scan,20260802011913_1A-4-7-8-17-28C,30,28C,0,35,M62/3,AB6214,1,0
2026-08-02T06:03:17.907Z,deep_scan,20260802011913_1A-4-7-8-17-28C,30,28C,0,9,M150,AB5457,1,4
2026-08-02T06:03:17.907Z,deep_scan,20260802011913_1A-4-7-8-17-28C,30,28C,0,17,M28/2,AB4326,0,14
2026-08-02T06:03:17.907Z,deep_scan,20260802011913_1A-4-7-8-17-28C,30,28C,0,26,M149,AB5767,0,17
2026-08-02T06:03:17.907Z,deep_scan,20260802011913_1A-4-7-8-17-28C,30,28C,0,26,M149,AB4355,0,27
2026-08-02T06:03:17.907Z,deep_scan,20260802011913_1A-4-7-8-17-28C,30,28C,0,35,M62/3,AB6214,1,0
2026-08-02T06:03:47.873Z,deep_scan,20260802011913_1A-4-7-8-17-28C,30,28C,0,9,M150,AB5457,0,12
2026-08-02T06:03:47.873Z,deep_scan,20260802011913_1A-4-7-8-17-28C,30,28C,0,18,M227,AB4326,1,16
2026-08-02T06:03:47.873Z,deep_scan,20260802011913_1A-4-7-8-17-28C,30,28C,0,27,M145/2,AB5767,1,12
2026-08-02T06:03:47.873Z,deep_scan,20260802011913_1A-4-7-8-17-28C,30,28C,0,27,M145/2,AB4355,1,17
2026-08-02T06:03:47.873Z,deep_scan,20260802011913_1A-4-7-8-17-28C,30,28C,0,35,M62/3,AB6214,1,0
2026-08-02T06:04:17.888Z,deep_scan,20260802011913_1A-4-7-8-17-28C,30,28C,0,10,M148,AB5457,1,21
2026-08-02T06:04:17.888Z,deep_scan,20260802011913_1A-4-7-8-17-28C,30,28C,0,18,M227,AB4326,0,7
2026-08-02T06:04:17.888Z,deep_scan,20260802011913_1A-4-7-8-17-28C,30,28C,0,27,M145/2,AB5767,1,1
2026-08-02T06:04:17.888Z,deep_scan,20260802011913_1A-4-7-8-17-28C,30,28C,0,27,M145/2,AB4355,1,10
2026-08-02T06:04:17.888Z,deep_scan,20260802011913_1A-4-7-8-17-28C,30,28C,0,35,M62/3,AB6214,1,0
2026-08-02T06:04:47.864Z,deep_scan,20260802011913_1A-4-7-8-17-28C,30,28C,0,10,M148,AB5457,1,20
2026-08-02T06:04:47.864Z,deep_scan,20260802011913_1A-4-7-8-17-28C,30,28C,0,18,M227,AB4326,0,7
2026-08-02T06:04:47.864Z,deep_scan,20260802011913_1A-4-7-8-17-28C,30,28C,0,27,M145/2,AB5767,0,25
2026-08-02T06:04:47.864Z,deep_scan,20260802011913_1A-4-7-8-17-28C,30,28C,0,27,M145/2,AB4355,0,14
2026-08-02T06:04:47.864Z,deep_scan,20260802011913_1A-4-7-8-17-28C,30,28C,0,35,M62/3,AB6214,1,0
2026-08-02T06:05:17.921Z,deep_scan,20260802011913_1A-4-7-8-17-28C,30,28C,0,10,M148,AB5457,0,15
2026-08-02T06:05:17.921Z,deep_scan,20260802011913_1A-4-7-8-17-28C,30,28C,0,18,M227,AB4326,0,7
2026-08-02T06:05:17.921Z,deep_scan,20260802011913_1A-4-7-8-17-28C,30,28C,0,28,M165,AB5767,0,25
2026-08-02T06:05:17.921Z,deep_scan,20260802011913_1A-4-7-8-17-28C,30,28C,0,28,M165,AB4355,0,14
2026-08-02T06:05:17.921Z,deep_scan,20260802011913_1A-4-7-8-17-28C,30,28C,0,35,M62/3,AB6214,1,0
2026-08-02T06:05:47.903Z,deep_scan,20260802011913_1A-4-7-8-17-28C,30,28C,0,10,M148,AB5457,0,36
2026-08-02T06:05:47.903Z,deep_scan,20260802011913_1A-4-7-8-17-28C,30,28C,0,18,M227,AB4326,0,7
2026-08-02T06:05:47.903Z,deep_scan,20260802011913_1A-4-7-8-17-28C,30,28C,0,28,M165,AB5767,0,32
2026-08-02T06:05:47.903Z,deep_scan,20260802011913_1A-4-7-8-17-28C,30,28C,0,28,M165,AB4355,0,12
2026-08-02T06:05:47.903Z,deep_scan,20260802011913_1A-4-7-8-17-28C,30,28C,0,35,M62/3,AB6214,1,0
2026-08-02T06:06:17.926Z,deep_scan,20260802011913_1A-4-7-8-17-28C,30,28C,0,0,M62/3,AB6214,1,8
2026-08-02T06:06:17.926Z,deep_scan,20260802011913_1A-4-7-8-17-28C,30,28C,0,10,M148,AB5457,0,25
2026-08-02T06:06:17.926Z,deep_scan,20260802011913_1A-4-7-8-17-28C,30,28C,0,18,M227,AB4326,0,17
2026-08-02T06:06:17.926Z,deep_scan,20260802011913_1A-4-7-8-17-28C,30,28C,0,29,M163,AB5767,0,25
2026-08-02T06:06:17.926Z,deep_scan,20260802011913_1A-4-7-8-17-28C,30,28C,0,29,M163,AB4355,1,6
2026-08-02T06:06:47.923Z,deep_scan,20260802011913_1A-4-7-8-17-28C,30,28C,0,0,M62/3,AB6214,0,29
2026-08-02T06:06:47.923Z,deep_scan,20260802011913_1A-4-7-8-17-28C,30,28C,0,10,M148,AB5457,0,22
2026-08-02T06:06:47.923Z,deep_scan,20260802011913_1A-4-7-8-17-28C,30,28C,0,19,M244,AB4326,1,12
2026-08-02T06:06:47.923Z,deep_scan,20260802011913_1A-4-7-8-17-28C,30,28C,0,29,M163,AB5767,0,3
2026-08-02T06:06:47.923Z,deep_scan,20260802011913_1A-4-7-8-17-28C,30,28C,0,29,M163,AB4355,0,10
2026-08-02T06:07:17.897Z,deep_scan,20260802011913_1A-4-7-8-17-28C,30,28C,0,0,M62/3,AB6214,0,28
2026-08-02T06:07:17.897Z,deep_scan,20260802011913_1A-4-7-8-17-28C,30,28C,0,10,M148,AB5457,0,6
2026-08-02T06:07:17.897Z,deep_scan,20260802011913_1A-4-7-8-17-28C,30,28C,0,19,M244,AB4326,1,24
2026-08-02T06:07:17.897Z,deep_scan,20260802011913_1A-4-7-8-17-28C,30,28C,0,29,M163,AB5767,0,1
2026-08-02T06:07:17.897Z,deep_scan,20260802011913_1A-4-7-8-17-28C,30,28C,0,29,M163,AB4355,0,10
2026-08-02T06:07:47.956Z,deep_scan,20260802011913_1A-4-7-8-17-28C,30,28C,0,1,M117,AB6214,1,41
2026-08-02T06:07:47.956Z,deep_scan,20260802011913_1A-4-7-8-17-28C,30,28C,0,10,M148,AB5457,0,6
2026-08-02T06:07:47.956Z,deep_scan,20260802011913_1A-4-7-8-17-28C,30,28C,0,19,M244,AB4326,0,21
2026-08-02T06:07:47.956Z,deep_scan,20260802011913_1A-4-7-8-17-28C,30,28C,0,29,M163,AB5767,0,11
2026-08-02T06:07:47.956Z,deep_scan,20260802011913_1A-4-7-8-17-28C,30,28C,0,29,M163,AB4355,0,37
2026-08-02T06:08:17.925Z,deep_scan,20260802011913_1A-4-7-8-17-28C,30,28C,0,1,M117,AB6214,1,25
2026-08-02T06:08:17.925Z,deep_scan,20260802011913_1A-4-7-8-17-28C,30,28C,0,10,M148,AB5457,0,6
2026-08-02T06:08:17.925Z,deep_scan,20260802011913_1A-4-7-8-17-28C,30,28C,0,19,M244,AB4326,0,33
2026-08-02T06:08:17.925Z,deep_scan,20260802011913_1A-4-7-8-17-28C,30,28C,0,30,M160/2,AB5767,1,17
2026-08-02T06:08:17.925Z,deep_scan,20260802011913_1A-4-7-8-17-28C,30,28C,0,30,M160/2,AB4355,1,16
2026-08-02T06:08:47.907Z,deep_scan,20260802011913_1A-4-7-8-17-28C,30,28C,0,1,M117,AB6214,0,14
2026-08-02T06:08:47.907Z,deep_scan,20260802011913_1A-4-7-8-17-28C,30,28C,0,11,M76/1,AB5457,1,10
2026-08-02T06:08:47.907Z,deep_scan,20260802011913_1A-4-7-8-17-28C,30,28C,0,20,M216,AB4326,1,8
2026-08-02T06:08:47.907Z,deep_scan,20260802011913_1A-4-7-8-17-28C,30,28C,0,30,M160/2,AB4355,0,20
2026-08-02T06:08:47.907Z,deep_scan,20260802011913_1A-4-7-8-17-28C,30,28C,0,31,M158/1,AB5767,1,34
2026-08-02T06:09:17.965Z,deep_scan,20260802011913_1A-4-7-8-17-28C,30,28C,0,2,M241,AB6214,0,36
2026-08-02T06:09:17.965Z,deep_scan,20260802011913_1A-4-7-8-17-28C,30,28C,0,11,M76/1,AB5457,1,16
2026-08-02T06:09:17.965Z,deep_scan,20260802011913_1A-4-7-8-17-28C,30,28C,0,20,M216,AB4326,0,25
2026-08-02T06:09:17.965Z,deep_scan,20260802011913_1A-4-7-8-17-28C,30,28C,0,31,M158/1,AB5767,1,19
2026-08-02T06:09:17.965Z,deep_scan,20260802011913_1A-4-7-8-17-28C,30,28C,0,31,M158/1,AB4355,1,9
2026-08-02T06:09:47.956Z,deep_scan,20260802011913_1A-4-7-8-17-28C,30,28C,0,3,M71,AB6214,1,29
2026-08-02T06:09:47.956Z,deep_scan,20260802011913_1A-4-7-8-17-28C,30,28C,0,11,M76/1,AB5457,0,17
2026-08-02T06:09:47.956Z,deep_scan,20260802011913_1A-4-7-8-17-28C,30,28C,0,20,M216,AB4326,0,39
2026-08-02T06:09:47.956Z,deep_scan,20260802011913_1A-4-7-8-17-28C,30,28C,0,31,M158/1,AB4355,0,17
2026-08-02T06:09:47.956Z,deep_scan,20260802011913_1A-4-7-8-17-28C,30,28C,0,32,M161,AB5767,1,7
2026-08-02T06:10:17.922Z,deep_scan,20260802011913_1A-4-7-8-17-28C,30,28C,0,3,M71,AB6214,0,17
2026-08-02T06:10:17.922Z,deep_scan,20260802011913_1A-4-7-8-17-28C,30,28C,0,12,M84/1,AB5457,1,5
2026-08-02T06:10:17.922Z,deep_scan,20260802011913_1A-4-7-8-17-28C,30,28C,0,20,M216,AB4326,0,5
2026-08-02T06:10:17.922Z,deep_scan,20260802011913_1A-4-7-8-17-28C,30,28C,0,31,M158/1,AB4355,0,17
2026-08-02T06:10:17.922Z,deep_scan,20260802011913_1A-4-7-8-17-28C,30,28C,0,32,M161,AB5767,0,7
2026-08-02T06:10:47.978Z,deep_scan,20260802011913_1A-4-7-8-17-28C,30,28C,0,4,M155,AB6214,1,5
2026-08-02T06:10:47.978Z,deep_scan,20260802011913_1A-4-7-8-17-28C,30,28C,0,12,M84/1,AB5457,1,3
2026-08-02T06:10:47.978Z,deep_scan,20260802011913_1A-4-7-8-17-28C,30,28C,0,20,M216,AB4326,0,1
2026-08-02T06:10:47.978Z,deep_scan,20260802011913_1A-4-7-8-17-28C,30,28C,0,31,M158/1,AB4355,0,17
2026-08-02T06:10:47.978Z,deep_scan,20260802011913_1A-4-7-8-17-28C,30,28C,0,32,M161,AB5767,0,7
2026-08-02T06:11:18.011Z,deep_scan,20260802011913_1A-4-7-8-17-28C,30,28C,0,4,M155,AB6214,0,29
2026-08-02T06:11:18.011Z,deep_scan,20260802011913_1A-4-7-8-17-28C,30,28C,0,12,M84/1,AB5457,0,3
2026-08-02T06:11:18.011Z,deep_scan,20260802011913_1A-4-7-8-17-28C,30,28C,0,20,M216,AB4326,0,1
2026-08-02T06:11:18.011Z,deep_scan,20260802011913_1A-4-7-8-17-28C,30,28C,0,31,M158/1,AB4355,0,17
2026-08-02T06:11:18.011Z,deep_scan,20260802011913_1A-4-7-8-17-28C,30,28C,0,32,M161,AB5767,0,7
2026-08-02T06:11:47.878Z,deep_scan,20260802011913_1A-4-7-8-17-28C,30,28C,0,4,M155,AB6214,0,38
2026-08-02T06:11:47.878Z,deep_scan,20260802011913_1A-4-7-8-17-28C,30,28C,0,12,M84/1,AB5457,0,19
2026-08-02T06:11:47.878Z,deep_scan,20260802011913_1A-4-7-8-17-28C,30,28C,0,21,M225,AB4326,1,17
2026-08-02T06:11:47.878Z,deep_scan,20260802011913_1A-4-7-8-17-28C,30,28C,0,32,M161,AB5767,0,38
2026-08-02T06:11:47.878Z,deep_scan,20260802011913_1A-4-7-8-17-28C,30,28C,0,32,M161,AB4355,1,34
2026-08-02T06:12:18.017Z,deep_scan,20260802011913_1A-4-7-8-17-28C,30,28C,0,5,M157,AB6214,1,14
2026-08-02T06:12:18.017Z,deep_scan,20260802011913_1A-4-7-8-17-28C,30,28C,0,12,M84/1,AB5457,0,10
2026-08-02T06:12:18.017Z,deep_scan,20260802011913_1A-4-7-8-17-28C,30,28C,0,21,M225,AB4326,1,6
2026-08-02T06:12:18.017Z,deep_scan,20260802011913_1A-4-7-8-17-28C,30,28C,0,32,M161,AB5767,0,25
2026-08-02T06:12:18.017Z,deep_scan,20260802011913_1A-4-7-8-17-28C,30,28C,0,32,M161,AB4355,0,8
2026-08-02T06:12:47.990Z,deep_scan,20260802011913_1A-4-7-8-17-28C,30,28C,0,6,M163,AB6214,1,10
2026-08-02T06:12:47.990Z,deep_scan,20260802011913_1A-4-7-8-17-28C,30,28C,0,12,M84/1,AB5457,0,3
2026-08-02T06:12:47.990Z,deep_scan,20260802011913_1A-4-7-8-17-28C,30,28C,0,21,M225,AB4326,1,1
2026-08-02T06:12:47.990Z,deep_scan,20260802011913_1A-4-7-8-17-28C,30,28C,0,33,M70,AB5767,1,3
2026-08-02T06:12:47.990Z,deep_scan,20260802011913_1A-4-7-8-17-28C,30,28C,0,33,M70,AB4355,1,19
2026-08-02T06:13:17.945Z,deep_scan,20260802011913_1A-4-7-8-17-28C,30,28C,0,6,M163,AB6214,1,10
2026-08-02T06:13:17.945Z,deep_scan,20260802011913_1A-4-7-8-17-28C,30,28C,0,12,M84/1,AB5457,0,3
2026-08-02T06:13:17.945Z,deep_scan,20260802011913_1A-4-7-8-17-28C,30,28C,0,21,M225,AB4326,0,1
2026-08-02T06:13:17.945Z,deep_scan,20260802011913_1A-4-7-8-17-28C,30,28C,0,33,M70,AB5767,0,24
2026-08-02T06:13:17.945Z,deep_scan,20260802011913_1A-4-7-8-17-28C,30,28C,0,33,M70,AB4355,0,17
2026-08-02T06:13:48.042Z,deep_scan,20260802011913_1A-4-7-8-17-28C,30,28C,0,7,M164,AB6214,1,20
2026-08-02T06:13:48.042Z,deep_scan,20260802011913_1A-4-7-8-17-28C,30,28C,0,13,M92,AB5457,1,20
2026-08-02T06:13:48.042Z,deep_scan,20260802011913_1A-4-7-8-17-28C,30,28C,0,21,M225,AB4326,0,16
2026-08-02T06:13:48.042Z,deep_scan,20260802011913_1A-4-7-8-17-28C,30,28C,0,34,M118,AB5767,1,34
2026-08-02T06:13:48.042Z,deep_scan,20260802011913_1A-4-7-8-17-28C,30,28C,0,34,M118,AB4355,1,31
2026-08-02T06:14:17.982Z,deep_scan,20260802011913_1A-4-7-8-17-28C,30,28C,0,7,M164,AB6214,0,27
2026-08-02T06:14:17.982Z,deep_scan,20260802011913_1A-4-7-8-17-28C,30,28C,0,13,M92,AB5457,1,1
2026-08-02T06:14:17.982Z,deep_scan,20260802011913_1A-4-7-8-17-28C,30,28C,0,21,M225,AB4326,0,11
2026-08-02T06:14:17.982Z,deep_scan,20260802011913_1A-4-7-8-17-28C,30,28C,0,34,M118,AB5767,1,2
2026-08-02T06:14:17.982Z,deep_scan,20260802011913_1A-4-7-8-17-28C,30,28C,0,34,M118,AB4355,1,2
2026-08-02T06:14:48.004Z,deep_scan,20260802011913_1A-4-7-8-17-28C,30,28C,0,8,M151,AB6214,1,24
2026-08-02T06:14:48.004Z,deep_scan,20260802011913_1A-4-7-8-17-28C,30,28C,0,13,M92,AB5457,0,18
2026-08-02T06:14:48.004Z,deep_scan,20260802011913_1A-4-7-8-17-28C,30,28C,0,21,M225,AB4326,0,9
2026-08-02T06:14:48.004Z,deep_scan,20260802011913_1A-4-7-8-17-28C,30,28C,0,34,M118,AB4355,0,2
2026-08-02T06:14:48.004Z,deep_scan,20260802011913_1A-4-7-8-17-28C,30,28C,0,34,M118,AB5767,0,2
2026-08-02T06:15:18.053Z,deep_scan,20260802011913_1A-4-7-8-17-28C,30,28C,0,8,M151,AB6214,1,4
2026-08-02T06:15:18.053Z,deep_scan,20260802011913_1A-4-7-8-17-28C,30,28C,0,14,M104,AB5457,1,5
2026-08-02T06:15:18.053Z,deep_scan,20260802011913_1A-4-7-8-17-28C,30,28C,0,21,M225,AB4326,0,9
2026-08-02T06:15:18.053Z,deep_scan,20260802011913_1A-4-7-8-17-28C,30,28C,0,35,M62/3,AB5767,1,0
2026-08-02T06:15:18.053Z,deep_scan,20260802011913_1A-4-7-8-17-28C,30,28C,0,35,M62/3,AB4355,1,0
2026-08-02T06:15:48.036Z,deep_scan,20260802011913_1A-4-7-8-17-28C,30,28C,0,8,M151,AB6214,0,30
2026-08-02T06:15:48.036Z,deep_scan,20260802011913_1A-4-7-8-17-28C,30,28C,0,14,M104,AB5457,1,10
2026-08-02T06:15:48.036Z,deep_scan,20260802011913_1A-4-7-8-17-28C,30,28C,0,21,M225,AB4326,0,26
2026-08-02T06:15:48.036Z,deep_scan,20260802011913_1A-4-7-8-17-28C,30,28C,0,35,M62/3,AB5767,1,0
2026-08-02T06:15:48.036Z,deep_scan,20260802011913_1A-4-7-8-17-28C,30,28C,0,35,M62/3,AB4355,1,0
2026-08-02T06:16:18.022Z,deep_scan,20260802011913_1A-4-7-8-17-28C,30,28C,0,9,M150,AB6214,1,22
2026-08-02T06:16:18.022Z,deep_scan,20260802011913_1A-4-7-8-17-28C,30,28C,0,14,M104,AB5457,1,10
2026-08-02T06:16:18.022Z,deep_scan,20260802011913_1A-4-7-8-17-28C,30,28C,0,21,M225,AB4326,0,19
2026-08-02T06:16:18.022Z,deep_scan,20260802011913_1A-4-7-8-17-28C,30,28C,0,35,M62/3,AB5767,1,0
2026-08-02T06:16:18.022Z,deep_scan,20260802011913_1A-4-7-8-17-28C,30,28C,0,35,M62/3,AB4355,1,0
2026-08-02T06:16:48.056Z,deep_scan,20260802011913_1A-4-7-8-17-28C,30,28C,0,9,M150,AB6214,0,12
2026-08-02T06:16:48.056Z,deep_scan,20260802011913_1A-4-7-8-17-28C,30,28C,0,15,M43,AB5457,1,15
2026-08-02T06:16:48.056Z,deep_scan,20260802011913_1A-4-7-8-17-28C,30,28C,0,21,M225,AB4326,0,14
2026-08-02T06:16:48.056Z,deep_scan,20260802011913_1A-4-7-8-17-28C,30,28C,0,35,M62/3,AB5767,1,0
2026-08-02T06:16:48.056Z,deep_scan,20260802011913_1A-4-7-8-17-28C,30,28C,0,35,M62/3,AB4355,1,0
2026-08-02T06:17:18.067Z,deep_scan,20260802011913_1A-4-7-8-17-28C,30,28C,0,10,M148,AB6214,1,20
2026-08-02T06:17:18.067Z,deep_scan,20260802011913_1A-4-7-8-17-28C,30,28C,0,15,M43,AB5457,1,19
2026-08-02T06:17:18.067Z,deep_scan,20260802011913_1A-4-7-8-17-28C,30,28C,0,21,M225,AB4326,0,14
2026-08-02T06:17:18.067Z,deep_scan,20260802011913_1A-4-7-8-17-28C,30,28C,0,35,M62/3,AB5767,1,0
2026-08-02T06:17:18.067Z,deep_scan,20260802011913_1A-4-7-8-17-28C,30,28C,0,35,M62/3,AB4355,1,0
2026-08-02T06:17:48.072Z,deep_scan,20260802011913_1A-4-7-8-17-28C,30,28C,0,10,M148,AB6214,1,20
2026-08-02T06:17:48.072Z,deep_scan,20260802011913_1A-4-7-8-17-28C,30,28C,0,15,M43,AB5457,0,9
2026-08-02T06:17:48.072Z,deep_scan,20260802011913_1A-4-7-8-17-28C,30,28C,0,22,M16/2,AB4326,0,22
2026-08-02T06:17:48.072Z,deep_scan,20260802011913_1A-4-7-8-17-28C,30,28C,0,35,M62/3,AB5767,1,0
2026-08-02T06:17:48.072Z,deep_scan,20260802011913_1A-4-7-8-17-28C,30,28C,0,35,M62/3,AB4355,1,0
2026-08-02T06:18:17.921Z,deep_scan,20260802011913_1A-4-7-8-17-28C,30,28C,0,10,M148,AB6214,0,6
2026-08-02T06:18:17.921Z,deep_scan,20260802011913_1A-4-7-8-17-28C,30,28C,0,16,M40,AB5457,1,29
2026-08-02T06:18:17.921Z,deep_scan,20260802011913_1A-4-7-8-17-28C,30,28C,0,22,M16/2,AB4326,0,2
2026-08-02T06:18:17.921Z,deep_scan,20260802011913_1A-4-7-8-17-28C,30,28C,0,35,M62/3,AB5767,1,0
2026-08-02T06:18:17.921Z,deep_scan,20260802011913_1A-4-7-8-17-28C,30,28C,0,35,M62/3,AB4355,1,0
2026-08-02T06:18:48.095Z,deep_scan,20260802011913_1A-4-7-8-17-28C,30,28C,0,10,M148,AB6214,0,31
2026-08-02T06:18:48.095Z,deep_scan,20260802011913_1A-4-7-8-17-28C,30,28C,0,16,M40,AB5457,0,20
2026-08-02T06:18:48.095Z,deep_scan,20260802011913_1A-4-7-8-17-28C,30,28C,0,22,M16/2,AB4326,0,2
2026-08-02T06:18:48.095Z,deep_scan,20260802011913_1A-4-7-8-17-28C,30,28C,0,35,M62/3,AB5767,1,0
2026-08-02T06:18:48.095Z,deep_scan,20260802011913_1A-4-7-8-17-28C,30,28C,0,35,M62/3,AB4355,1,0
2026-08-02T06:19:18.027Z,deep_scan,20260802011913_1A-4-7-8-17-28C,30,28C,0,10,M148,AB6214,0,31
2026-08-02T06:19:18.027Z,deep_scan,20260802011913_1A-4-7-8-17-28C,30,28C,0,16,M40,AB5457,0,20
2026-08-02T06:19:18.027Z,deep_scan,20260802011913_1A-4-7-8-17-28C,30,28C,0,22,M16/2,AB4326,0,7
2026-08-02T06:19:18.027Z,deep_scan,20260802011913_1A-4-7-8-17-28C,30,28C,0,35,M62/3,AB5767,1,0
2026-08-02T06:19:18.027Z,deep_scan,20260802011913_1A-4-7-8-17-28C,30,28C,0,35,M62/3,AB4355,1,0
2026-08-02T06:19:48.079Z,deep_scan,20260802011913_1A-4-7-8-17-28C,30,28C,0,10,M148,AB6214,0,18
2026-08-02T06:19:48.079Z,deep_scan,20260802011913_1A-4-7-8-17-28C,30,28C,0,16,M40,AB5457,0,9
2026-08-02T06:19:48.079Z,deep_scan,20260802011913_1A-4-7-8-17-28C,30,28C,0,22,M16/2,AB4326,0,11
2026-08-02T06:20:18.137Z,deep_scan,20260802011913_1A-4-7-8-17-28C,30,28C,0,10,M148,AB6214,0,27
2026-08-02T06:20:18.137Z,deep_scan,20260802011913_1A-4-7-8-17-28C,30,28C,0,17,M28/2,AB5457,1,23
2026-08-02T06:20:18.137Z,deep_scan,20260802011913_1A-4-7-8-17-28C,30,28C,0,22,M16/2,AB4326,0,11
2026-08-02T06:20:48.107Z,deep_scan,20260802011913_1A-4-7-8-17-28C,30,28C,0,10,M148,AB6214,0,21
2026-08-02T06:20:48.107Z,deep_scan,20260802011913_1A-4-7-8-17-28C,30,28C,0,17,M28/2,AB5457,1,9
2026-08-02T06:20:48.107Z,deep_scan,20260802011913_1A-4-7-8-17-28C,30,28C,0,22,M16/2,AB4326,0,3
2026-08-02T06:21:18.150Z,deep_scan,20260802011913_1A-4-7-8-17-28C,30,28C,0,11,M76/1,AB6214,1,13
2026-08-02T06:21:18.150Z,deep_scan,20260802011913_1A-4-7-8-17-28C,30,28C,0,17,M28/2,AB5457,0,16
2026-08-02T06:21:18.150Z,deep_scan,20260802011913_1A-4-7-8-17-28C,30,28C,0,22,M16/2,AB4326,0,3
2026-08-02T06:21:48.067Z,deep_scan,20260802011913_1A-4-7-8-17-28C,30,28C,0,11,M76/1,AB6214,1,7
2026-08-02T06:21:48.067Z,deep_scan,20260802011913_1A-4-7-8-17-28C,30,28C,0,17,M28/2,AB5457,0,4
2026-08-02T06:21:48.067Z,deep_scan,20260802011913_1A-4-7-8-17-28C,30,28C,0,22,M16/2,AB4326,0,15
2026-08-02T06:22:18.086Z,deep_scan,20260802011913_1A-4-7-8-17-28C,30,28C,0,11,M76/1,AB6214,0,16
2026-08-02T06:22:18.086Z,deep_scan,20260802011913_1A-4-7-8-17-28C,30,28C,0,18,M227,AB5457,1,22
2026-08-02T06:22:18.086Z,deep_scan,20260802011913_1A-4-7-8-17-28C,30,28C,0,23,M98,AB4326,1,11
2026-08-02T06:22:48.149Z,deep_scan,20260802011913_1A-4-7-8-17-28C,30,28C,0,12,M84/1,AB6214,1,7
2026-08-02T06:22:48.149Z,deep_scan,20260802011913_1A-4-7-8-17-28C,30,28C,0,18,M227,AB5457,1,8
2026-08-02T06:22:48.149Z,deep_scan,20260802011913_1A-4-7-8-17-28C,30,28C,0,23,M98,AB4326,1,5
2026-08-02T06:23:18.115Z,deep_scan,20260802011913_1A-4-7-8-17-28C,30,28C,0,12,M84/1,AB6214,1,12
2026-08-02T06:23:18.115Z,deep_scan,20260802011913_1A-4-7-8-17-28C,30,28C,0,18,M227,AB5457,1,3
2026-08-02T06:23:18.115Z,deep_scan,20260802011913_1A-4-7-8-17-28C,30,28C,0,23,M98,AB4326,1,6
2026-08-02T06:23:48.138Z,deep_scan,20260802011913_1A-4-7-8-17-28C,30,28C,0,12,M84/1,AB6214,1,3
2026-08-02T06:23:48.138Z,deep_scan,20260802011913_1A-4-7-8-17-28C,30,28C,0,18,M227,AB5457,0,14
2026-08-02T06:23:48.138Z,deep_scan,20260802011913_1A-4-7-8-17-28C,30,28C,0,23,M98,AB4326,0,11
2026-08-02T06:24:18.099Z,deep_scan,20260802011913_1A-4-7-8-17-28C,30,28C,0,0,M62/3,AB4355,1,8
2026-08-02T06:24:18.099Z,deep_scan,20260802011913_1A-4-7-8-17-28C,30,28C,0,12,M84/1,AB6214,0,13
2026-08-02T06:24:18.099Z,deep_scan,20260802011913_1A-4-7-8-17-28C,30,28C,0,18,M227,AB5457,0,25
2026-08-02T06:24:18.099Z,deep_scan,20260802011913_1A-4-7-8-17-28C,30,28C,0,23,M98,AB4326,0,3
2026-08-02T06:24:48.108Z,deep_scan,20260802011913_1A-4-7-8-17-28C,30,28C,0,0,M62/3,AB4355,0,22
2026-08-02T06:24:48.108Z,deep_scan,20260802011913_1A-4-7-8-17-28C,30,28C,0,12,M84/1,AB6214,0,24
2026-08-02T06:24:48.108Z,deep_scan,20260802011913_1A-4-7-8-17-28C,30,28C,0,19,M244,AB5457,1,15
2026-08-02T06:24:48.108Z,deep_scan,20260802011913_1A-4-7-8-17-28C,30,28C,0,23,M98,AB4326,0,3
2026-08-02T06:25:18.217Z,deep_scan,20260802011913_1A-4-7-8-17-28C,30,28C,0,0,M62/3,AB4355,0,34
2026-08-02T06:25:18.217Z,deep_scan,20260802011913_1A-4-7-8-17-28C,30,28C,0,12,M84/1,AB6214,0,24
2026-08-02T06:25:18.217Z,deep_scan,20260802011913_1A-4-7-8-17-28C,30,28C,0,19,M244,AB5457,1,18
2026-08-02T06:25:18.217Z,deep_scan,20260802011913_1A-4-7-8-17-28C,30,28C,0,23,M98,AB4326,0,3
2026-08-02T06:25:48.179Z,deep_scan,20260802011913_1A-4-7-8-17-28C,30,28C,0,1,M117,AB4355,1,26
2026-08-02T06:25:48.179Z,deep_scan,20260802011913_1A-4-7-8-17-28C,30,28C,0,13,M92,AB6214,1,24
2026-08-02T06:25:48.179Z,deep_scan,20260802011913_1A-4-7-8-17-28C,30,28C,0,19,M244,AB5457,0,11
2026-08-02T06:25:48.179Z,deep_scan,20260802011913_1A-4-7-8-17-28C,30,28C,0,24,M88,AB4326,1,14
2026-08-02T06:26:18.139Z,deep_scan,20260802011913_1A-4-7-8-17-28C,30,28C,0,1,M117,AB4355,0,11
2026-08-02T06:26:18.139Z,deep_scan,20260802011913_1A-4-7-8-17-28C,30,28C,0,13,M92,AB6214,1,9
2026-08-02T06:26:18.139Z,deep_scan,20260802011913_1A-4-7-8-17-28C,30,28C,0,19,M244,AB5457,0,20
2026-08-02T06:26:18.139Z,deep_scan,20260802011913_1A-4-7-8-17-28C,30,28C,0,24,M88,AB4326,1,6
2026-08-02T06:26:48.215Z,deep_scan,20260802011913_1A-4-7-8-17-28C,30,28C,0,2,M241,AB4355,1,4
2026-08-02T06:26:48.215Z,deep_scan,20260802011913_1A-4-7-8-17-28C,30,28C,0,13,M92,AB6214,0,16
2026-08-02T06:26:48.215Z,deep_scan,20260802011913_1A-4-7-8-17-28C,30,28C,0,19,M244,AB5457,0,19
2026-08-02T06:26:48.215Z,deep_scan,20260802011913_1A-4-7-8-17-28C,30,28C,0,24,M88,AB4326,1,3
2026-08-02T06:27:18.162Z,deep_scan,20260802011913_1A-4-7-8-17-28C,30,28C,0,3,M71,AB4355,1,30
2026-08-02T06:27:18.162Z,deep_scan,20260802011913_1A-4-7-8-17-28C,30,28C,0,13,M92,AB6214,0,16
2026-08-02T06:27:18.162Z,deep_scan,20260802011913_1A-4-7-8-17-28C,30,28C,0,20,M216,AB5457,1,19
2026-08-02T06:27:18.162Z,deep_scan,20260802011913_1A-4-7-8-17-28C,30,28C,0,24,M88,AB4326,0,6
2026-08-02T06:27:48.246Z,deep_scan,20260802011913_1A-4-7-8-17-28C,30,28C,0,3,M71,AB4355,0,23
2026-08-02T06:27:48.246Z,deep_scan,20260802011913_1A-4-7-8-17-28C,30,28C,0,13,M92,AB6214,0,16
2026-08-02T06:27:48.246Z,deep_scan,20260802011913_1A-4-7-8-17-28C,30,28C,0,20,M216,AB5457,1,19
2026-08-02T06:27:48.246Z,deep_scan,20260802011913_1A-4-7-8-17-28C,30,28C,0,24,M88,AB4326,0,27
2026-08-02T06:28:18.153Z,deep_scan,20260802011913_1A-4-7-8-17-28C,30,28C,0,4,M155,AB4355,1,11
2026-08-02T06:28:18.153Z,deep_scan,20260802011913_1A-4-7-8-17-28C,30,28C,0,13,M92,AB6214,0,30
2026-08-02T06:28:18.153Z,deep_scan,20260802011913_1A-4-7-8-17-28C,30,28C,0,20,M216,AB5457,0,16
2026-08-02T06:28:18.153Z,deep_scan,20260802011913_1A-4-7-8-17-28C,30,28C,0,25,M72,AB4326,1,18
2026-08-02T06:28:48.227Z,deep_scan,20260802011913_1A-4-7-8-17-28C,30,28C,0,4,M155,AB4355,0,27
2026-08-02T06:28:48.227Z,deep_scan,20260802011913_1A-4-7-8-17-28C,30,28C,0,14,M104,AB6214,1,31
2026-08-02T06:28:48.227Z,deep_scan,20260802011913_1A-4-7-8-17-28C,30,28C,0,20,M216,AB5457,0,32
2026-08-02T06:28:48.227Z,deep_scan,20260802011913_1A-4-7-8-17-28C,30,28C,0,26,M149,AB4326,1,17
2026-08-02T06:29:18.173Z,deep_scan,20260802011913_1A-4-7-8-17-28C,30,28C,0,5,M157,AB4355,1,9
2026-08-02T06:29:18.173Z,deep_scan,20260802011913_1A-4-7-8-17-28C,30,28C,0,14,M104,AB6214,1,4
2026-08-02T06:29:18.173Z,deep_scan,20260802011913_1A-4-7-8-17-28C,30,28C,0,20,M216,AB5457,0,10
2026-08-02T06:29:18.173Z,deep_scan,20260802011913_1A-4-7-8-17-28C,30,28C,0,26,M149,AB4326,1,26
2026-08-02T06:29:48.290Z,deep_scan,20260802011913_1A-4-7-8-17-28C,30,28C,0,5,M157,AB4355,1,9
2026-08-02T06:29:48.290Z,deep_scan,20260802011913_1A-4-7-8-17-28C,30,28C,0,14,M104,AB6214,1,16
2026-08-02T06:29:48.290Z,deep_scan,20260802011913_1A-4-7-8-17-28C,30,28C,0,20,M216,AB5457,0,23
2026-08-02T06:29:48.290Z,deep_scan,20260802011913_1A-4-7-8-17-28C,30,28C,0,26,M149,AB4326,0,22
2026-08-02T06:30:18.199Z,deep_scan,20260802011913_1A-4-7-8-17-28C,30,28C,0,5,M157,AB4355,1,9
2026-08-02T06:30:18.199Z,deep_scan,20260802011913_1A-4-7-8-17-28C,30,28C,0,14,M104,AB6214,0,23
2026-08-02T06:30:18.199Z,deep_scan,20260802011913_1A-4-7-8-17-28C,30,28C,0,20,M216,AB5457,0,5
2026-08-02T06:30:18.199Z,deep_scan,20260802011913_1A-4-7-8-17-28C,30,28C,0,26,M149,AB4326,0,14
2026-08-02T06:30:48.277Z,deep_scan,20260802011913_1A-4-7-8-17-28C,30,28C,0,5,M157,AB4355,0,5
2026-08-02T06:30:48.277Z,deep_scan,20260802011913_1A-4-7-8-17-28C,30,28C,0,15,M43,AB6214,1,16
2026-08-02T06:30:48.277Z,deep_scan,20260802011913_1A-4-7-8-17-28C,30,28C,0,20,M216,AB5457,0,9
2026-08-02T06:30:48.277Z,deep_scan,20260802011913_1A-4-7-8-17-28C,30,28C,0,26,M149,AB4326,0,14
2026-08-02T06:31:18.248Z,deep_scan,20260802011913_1A-4-7-8-17-28C,30,28C,0,6,M163,AB4355,1,24
2026-08-02T06:31:18.248Z,deep_scan,20260802011913_1A-4-7-8-17-28C,30,28C,0,15,M43,AB6214,0,31
2026-08-02T06:31:18.248Z,deep_scan,20260802011913_1A-4-7-8-17-28C,30,28C,0,21,M225,AB5457,1,16
2026-08-02T06:31:18.248Z,deep_scan,20260802011913_1A-4-7-8-17-28C,30,28C,0,26,M149,AB4326,0,1
2026-08-02T06:31:48.258Z,deep_scan,20260802011913_1A-4-7-8-17-28C,30,28C,0,6,M163,AB4355,1,10
2026-08-02T06:31:48.258Z,deep_scan,20260802011913_1A-4-7-8-17-28C,30,28C,0,16,M40,AB6214,1,8
2026-08-02T06:31:48.258Z,deep_scan,20260802011913_1A-4-7-8-17-28C,30,28C,0,21,M225,AB5457,1,8
2026-08-02T06:31:48.258Z,deep_scan,20260802011913_1A-4-7-8-17-28C,30,28C,0,21,M225,AB5767,1,10
2026-08-02T06:31:48.258Z,deep_scan,20260802011913_1A-4-7-8-17-28C,30,28C,0,27,M145/2,AB4326,1,14
2026-08-02T06:32:18.264Z,deep_scan,20260802011913_1A-4-7-8-17-28C,30,28C,0,7,M164,AB4355,1,21
2026-08-02T06:32:18.264Z,deep_scan,20260802011913_1A-4-7-8-17-28C,30,28C,0,16,M40,AB6214,0,26
2026-08-02T06:32:18.264Z,deep_scan,20260802011913_1A-4-7-8-17-28C,30,28C,0,21,M225,AB5457,1,8
2026-08-02T06:32:18.264Z,deep_scan,20260802011913_1A-4-7-8-17-28C,30,28C,0,21,M225,AB5767,1,10
2026-08-02T06:32:18.264Z,deep_scan,20260802011913_1A-4-7-8-17-28C,30,28C,0,27,M145/2,AB4326,1,7
2026-08-02T06:32:48.269Z,deep_scan,20260802011913_1A-4-7-8-17-28C,30,28C,0,7,M164,AB4355,0,3
2026-08-02T06:32:48.269Z,deep_scan,20260802011913_1A-4-7-8-17-28C,30,28C,0,16,M40,AB6214,0,23
2026-08-02T06:32:48.269Z,deep_scan,20260802011913_1A-4-7-8-17-28C,30,28C,0,21,M225,AB5767,1,10
2026-08-02T06:32:48.269Z,deep_scan,20260802011913_1A-4-7-8-17-28C,30,28C,0,21,M225,AB5457,0,8
2026-08-02T06:32:48.269Z,deep_scan,20260802011913_1A-4-7-8-17-28C,30,28C,0,27,M145/2,AB4326,1,7
2026-08-02T06:33:18.266Z,deep_scan,20260802011913_1A-4-7-8-17-28C,30,28C,0,7,M164,AB4355,0,29
2026-08-02T06:33:18.266Z,deep_scan,20260802011913_1A-4-7-8-17-28C,30,28C,0,16,M40,AB6214,0,23
2026-08-02T06:33:18.266Z,deep_scan,20260802011913_1A-4-7-8-17-28C,30,28C,0,21,M225,AB5457,0,36
2026-08-02T06:33:18.266Z,deep_scan,20260802011913_1A-4-7-8-17-28C,30,28C,0,21,M225,AB5767,0,15
2026-08-02T06:33:18.266Z,deep_scan,20260802011913_1A-4-7-8-17-28C,30,28C,0,27,M145/2,AB4326,0,18
2026-08-02T06:33:48.245Z,deep_scan,20260802011913_1A-4-7-8-17-28C,30,28C,0,8,M151,AB4355,1,17
2026-08-02T06:33:48.245Z,deep_scan,20260802011913_1A-4-7-8-17-28C,30,28C,0,16,M40,AB6214,0,23
2026-08-02T06:33:48.245Z,deep_scan,20260802011913_1A-4-7-8-17-28C,30,28C,0,21,M225,AB5457,0,24
2026-08-02T06:33:48.245Z,deep_scan,20260802011913_1A-4-7-8-17-28C,30,28C,0,21,M225,AB5767,0,23
2026-08-02T06:33:48.245Z,deep_scan,20260802011913_1A-4-7-8-17-28C,30,28C,0,28,M165,AB4326,1,25
2026-08-02T06:34:18.324Z,deep_scan,20260802011913_1A-4-7-8-17-28C,30,28C,0,8,M151,AB4355,1,17
2026-08-02T06:34:18.324Z,deep_scan,20260802011913_1A-4-7-8-17-28C,30,28C,0,17,M28/2,AB6214,1,21
2026-08-02T06:34:18.324Z,deep_scan,20260802011913_1A-4-7-8-17-28C,30,28C,0,21,M225,AB5457,0,48
2026-08-02T06:34:18.324Z,deep_scan,20260802011913_1A-4-7-8-17-28C,30,28C,0,21,M225,AB5767,0,23
2026-08-02T06:34:18.324Z,deep_scan,20260802011913_1A-4-7-8-17-28C,30,28C,0,28,M165,AB4326,0,4
2026-08-02T06:34:48.245Z,deep_scan,20260802011913_1A-4-7-8-17-28C,30,28C,0,8,M151,AB4355,0,40
2026-08-02T06:34:48.245Z,deep_scan,20260802011913_1A-4-7-8-17-28C,30,28C,0,17,M28/2,AB6214,0,12
2026-08-02T06:34:48.245Z,deep_scan,20260802011913_1A-4-7-8-17-28C,30,28C,0,21,M225,AB5767,0,30
2026-08-02T06:34:48.245Z,deep_scan,20260802011913_1A-4-7-8-17-28C,30,28C,0,22,M16/2,AB5457,1,24
2026-08-02T06:34:48.245Z,deep_scan,20260802011913_1A-4-7-8-17-28C,30,28C,0,29,M163,AB4326,1,19
2026-08-02T06:35:18.306Z,deep_scan,20260802011913_1A-4-7-8-17-28C,30,28C,0,9,M150,AB4355,1,17
2026-08-02T06:35:18.306Z,deep_scan,20260802011913_1A-4-7-8-17-28C,30,28C,0,17,M28/2,AB6214,0,13
2026-08-02T06:35:18.306Z,deep_scan,20260802011913_1A-4-7-8-17-28C,30,28C,0,21,M225,AB5767,0,32
2026-08-02T06:35:18.306Z,deep_scan,20260802011913_1A-4-7-8-17-28C,30,28C,0,22,M16/2,AB5457,0,4
2026-08-02T06:35:18.306Z,deep_scan,20260802011913_1A-4-7-8-17-28C,30,28C,0,29,M163,AB4326,1,1
2026-08-02T06:35:48.297Z,deep_scan,20260802011913_1A-4-7-8-17-28C,30,28C,0,9,M150,AB4355,1,17
2026-08-02T06:35:48.297Z,deep_scan,20260802011913_1A-4-7-8-17-28C,30,28C,0,17,M28/2,AB6214,0,3
2026-08-02T06:35:48.297Z,deep_scan,20260802011913_1A-4-7-8-17-28C,30,28C,0,21,M225,AB5767,0,27
2026-08-02T06:35:48.297Z,deep_scan,20260802011913_1A-4-7-8-17-28C,30,28C,0,22,M16/2,AB5457,0,4
2026-08-02T06:35:48.297Z,deep_scan,20260802011913_1A-4-7-8-17-28C,30,28C,0,29,M163,AB4326,1,13
2026-08-02T06:36:18.320Z,deep_scan,20260802011913_1A-4-7-8-17-28C,30,28C,0,9,M150,AB4355,0,6
2026-08-02T06:36:18.320Z,deep_scan,20260802011913_1A-4-7-8-17-28C,30,28C,0,17,M28/2,AB6214,0,3
2026-08-02T06:36:18.320Z,deep_scan,20260802011913_1A-4-7-8-17-28C,30,28C,0,21,M225,AB5767,0,2
2026-08-02T06:36:18.320Z,deep_scan,20260802011913_1A-4-7-8-17-28C,30,28C,0,22,M16/2,AB5457,0,4
2026-08-02T06:36:18.320Z,deep_scan,20260802011913_1A-4-7-8-17-28C,30,28C,0,29,M163,AB4326,1,6
2026-08-02T06:36:48.347Z,deep_scan,20260802011913_1A-4-7-8-17-28C,30,28C,0,10,M148,AB4355,1,13
2026-08-02T06:36:48.347Z,deep_scan,20260802011913_1A-4-7-8-17-28C,30,28C,0,18,M227,AB6214,1,2
2026-08-02T06:36:48.347Z,deep_scan,20260802011913_1A-4-7-8-17-28C,30,28C,0,21,M225,AB5767,0,10
2026-08-02T06:36:48.347Z,deep_scan,20260802011913_1A-4-7-8-17-28C,30,28C,0,22,M16/2,AB5457,0,10
2026-08-02T06:36:48.347Z,deep_scan,20260802011913_1A-4-7-8-17-28C,30,28C,0,29,M163,AB4326,0,15
2026-08-02T06:37:18.351Z,deep_scan,20260802011913_1A-4-7-8-17-28C,30,28C,0,10,M148,AB4355,1,13
2026-08-02T06:37:18.351Z,deep_scan,20260802011913_1A-4-7-8-17-28C,30,28C,0,18,M227,AB6214,1,1
2026-08-02T06:37:18.351Z,deep_scan,20260802011913_1A-4-7-8-17-28C,30,28C,0,22,M16/2,AB5457,0,10
2026-08-02T06:37:18.351Z,deep_scan,20260802011913_1A-4-7-8-17-28C,30,28C,0,22,M16/2,AB5767,1,2
2026-08-02T06:37:18.351Z,deep_scan,20260802011913_1A-4-7-8-17-28C,30,28C,0,29,M163,AB4326,0,16
2026-08-02T06:37:48.335Z,deep_scan,20260802011913_1A-4-7-8-17-28C,30,28C,0,10,M148,AB4355,1,13
2026-08-02T06:37:48.335Z,deep_scan,20260802011913_1A-4-7-8-17-28C,30,28C,0,18,M227,AB6214,1,1
2026-08-02T06:37:48.335Z,deep_scan,20260802011913_1A-4-7-8-17-28C,30,28C,0,22,M16/2,AB5457,0,6
2026-08-02T06:37:48.335Z,deep_scan,20260802011913_1A-4-7-8-17-28C,30,28C,0,22,M16/2,AB5767,1,2
2026-08-02T06:37:48.335Z,deep_scan,20260802011913_1A-4-7-8-17-28C,30,28C,0,29,M163,AB4326,0,16
2026-08-02T06:38:18.319Z,deep_scan,20260802011913_1A-4-7-8-17-28C,30,28C,0,10,M148,AB4355,1,13
2026-08-02T06:38:18.319Z,deep_scan,20260802011913_1A-4-7-8-17-28C,30,28C,0,18,M227,AB6214,0,20
2026-08-02T06:38:18.319Z,deep_scan,20260802011913_1A-4-7-8-17-28C,30,28C,0,22,M16/2,AB5457,0,6
2026-08-02T06:38:18.319Z,deep_scan,20260802011913_1A-4-7-8-17-28C,30,28C,0,22,M16/2,AB5767,1,2
2026-08-02T06:38:18.319Z,deep_scan,20260802011913_1A-4-7-8-17-28C,30,28C,0,29,M163,AB4326,0,6
2026-08-02T06:38:48.335Z,deep_scan,20260802011913_1A-4-7-8-17-28C,30,28C,0,10,M148,AB4355,0,8
2026-08-02T06:38:48.335Z,deep_scan,20260802011913_1A-4-7-8-17-28C,30,28C,0,18,M227,AB6214,0,1
2026-08-02T06:38:48.335Z,deep_scan,20260802011913_1A-4-7-8-17-28C,30,28C,0,22,M16/2,AB5457,0,31
2026-08-02T06:38:48.335Z,deep_scan,20260802011913_1A-4-7-8-17-28C,30,28C,0,22,M16/2,AB5767,0,14
2026-08-02T06:38:48.335Z,deep_scan,20260802011913_1A-4-7-8-17-28C,30,28C,0,30,M160/2,AB4326,1,6
2026-08-02T06:39:18.293Z,deep_scan,20260802011913_1A-4-7-8-17-28C,30,28C,0,10,M148,AB4355,0,29
2026-08-02T06:39:18.293Z,deep_scan,20260802011913_1A-4-7-8-17-28C,30,28C,0,19,M244,AB6214,1,18
2026-08-02T06:39:18.293Z,deep_scan,20260802011913_1A-4-7-8-17-28C,30,28C,0,22,M16/2,AB5457,0,8
2026-08-02T06:39:18.293Z,deep_scan,20260802011913_1A-4-7-8-17-28C,30,28C,0,22,M16/2,AB5767,0,32
2026-08-02T06:39:18.293Z,deep_scan,20260802011913_1A-4-7-8-17-28C,30,28C,0,30,M160/2,AB4326,1,1
2026-08-02T06:39:48.325Z,deep_scan,20260802011913_1A-4-7-8-17-28C,30,28C,0,10,M148,AB4355,0,20
2026-08-02T06:39:48.325Z,deep_scan,20260802011913_1A-4-7-8-17-28C,30,28C,0,19,M244,AB6214,0,5
2026-08-02T06:39:48.325Z,deep_scan,20260802011913_1A-4-7-8-17-28C,30,28C,0,22,M16/2,AB5767,0,24
2026-08-02T06:39:48.325Z,deep_scan,20260802011913_1A-4-7-8-17-28C,30,28C,0,23,M98,AB5457,1,12
2026-08-02T06:39:48.325Z,deep_scan,20260802011913_1A-4-7-8-17-28C,30,28C,0,30,M160/2,AB4326,0,23
2026-08-02T06:40:18.402Z,deep_scan,20260802011913_1A-4-7-8-17-28C,30,28C,0,10,M148,AB4355,0,20
2026-08-02T06:40:18.402Z,deep_scan,20260802011913_1A-4-7-8-17-28C,30,28C,0,19,M244,AB6214,0,25
2026-08-02T06:40:18.402Z,deep_scan,20260802011913_1A-4-7-8-17-28C,30,28C,0,23,M98,AB5457,1,19
2026-08-02T06:40:18.402Z,deep_scan,20260802011913_1A-4-7-8-17-28C,30,28C,0,23,M98,AB5767,1,8
2026-08-02T06:40:18.402Z,deep_scan,20260802011913_1A-4-7-8-17-28C,30,28C,0,31,M158/1,AB4326,1,3
2026-08-02T06:40:48.403Z,deep_scan,20260802011913_1A-4-7-8-17-28C,30,28C,0,10,M148,AB4355,0,20
2026-08-02T06:40:48.403Z,deep_scan,20260802011913_1A-4-7-8-17-28C,30,28C,0,19,M244,AB6214,0,11
2026-08-02T06:40:48.403Z,deep_scan,20260802011913_1A-4-7-8-17-28C,30,28C,0,23,M98,AB5767,1,8
2026-08-02T06:40:48.403Z,deep_scan,20260802011913_1A-4-7-8-17-28C,30,28C,0,23,M98,AB5457,0,23
2026-08-02T06:40:48.403Z,deep_scan,20260802011913_1A-4-7-8-17-28C,30,28C,0,31,M158/1,AB4326,0,18
2026-08-02T06:41:18.379Z,deep_scan,20260802011913_1A-4-7-8-17-28C,30,28C,0,10,M148,AB4355,0,26
2026-08-02T06:41:18.379Z,deep_scan,20260802011913_1A-4-7-8-17-28C,30,28C,0,20,M216,AB6214,1,41
2026-08-02T06:41:18.379Z,deep_scan,20260802011913_1A-4-7-8-17-28C,30,28C,0,23,M98,AB5767,1,8
2026-08-02T06:41:18.379Z,deep_scan,20260802011913_1A-4-7-8-17-28C,30,28C,0,24,M88,AB5457,1,25
2026-08-02T06:41:18.379Z,deep_scan,20260802011913_1A-4-7-8-17-28C,30,28C,0,31,M158/1,AB4326,0,3
2026-08-02T06:41:48.433Z,deep_scan,20260802011913_1A-4-7-8-17-28C,30,28C,0,11,M76/1,AB4355,1,31
2026-08-02T06:41:48.433Z,deep_scan,20260802011913_1A-4-7-8-17-28C,30,28C,0,20,M216,AB6214,0,37
2026-08-02T06:41:48.433Z,deep_scan,20260802011913_1A-4-7-8-17-28C,30,28C,0,23,M98,AB5767,1,8
2026-08-02T06:41:48.433Z,deep_scan,20260802011913_1A-4-7-8-17-28C,30,28C,0,24,M88,AB5457,1,2
2026-08-02T06:41:48.433Z,deep_scan,20260802011913_1A-4-7-8-17-28C,30,28C,0,32,M161,AB4326,1,3
2026-08-02T06:42:18.347Z,deep_scan,20260802011913_1A-4-7-8-17-28C,30,28C,0,11,M76/1,AB4355,1,31
2026-08-02T06:42:18.347Z,deep_scan,20260802011913_1A-4-7-8-17-28C,30,28C,0,20,M216,AB6214,0,46
2026-08-02T06:42:18.347Z,deep_scan,20260802011913_1A-4-7-8-17-28C,30,28C,0,23,M98,AB5767,1,2
2026-08-02T06:42:18.347Z,deep_scan,20260802011913_1A-4-7-8-17-28C,30,28C,0,24,M88,AB5457,1,1
2026-08-02T06:42:18.347Z,deep_scan,20260802011913_1A-4-7-8-17-28C,30,28C,0,32,M161,AB4326,0,3
2026-08-02T06:42:48.397Z,deep_scan,20260802011913_1A-4-7-8-17-28C,30,28C,0,11,M76/1,AB4355,1,31
2026-08-02T06:42:48.397Z,deep_scan,20260802011913_1A-4-7-8-17-28C,30,28C,0,20,M216,AB6214,0,20
2026-08-02T06:42:48.397Z,deep_scan,20260802011913_1A-4-7-8-17-28C,30,28C,0,23,M98,AB5767,0,25
2026-08-02T06:42:48.397Z,deep_scan,20260802011913_1A-4-7-8-17-28C,30,28C,0,24,M88,AB5457,1,1
2026-08-02T06:42:48.397Z,deep_scan,20260802011913_1A-4-7-8-17-28C,30,28C,0,32,M161,AB4326,0,28
2026-08-02T06:43:18.406Z,deep_scan,20260802011913_1A-4-7-8-17-28C,30,28C,0,11,M76/1,AB4355,0,17
2026-08-02T06:43:18.406Z,deep_scan,20260802011913_1A-4-7-8-17-28C,30,28C,0,21,M225,AB6214,1,22
2026-08-02T06:43:18.406Z,deep_scan,20260802011913_1A-4-7-8-17-28C,30,28C,0,23,M98,AB5767,0,18
2026-08-02T06:43:18.406Z,deep_scan,20260802011913_1A-4-7-8-17-28C,30,28C,0,24,M88,AB5457,0,9
2026-08-02T06:43:18.406Z,deep_scan,20260802011913_1A-4-7-8-17-28C,30,28C,0,33,M70,AB4326,1,21
2026-08-02T06:43:48.404Z,deep_scan,20260802011913_1A-4-7-8-17-28C,30,28C,0,12,M84/1,AB4355,1,14
2026-08-02T06:43:48.404Z,deep_scan,20260802011913_1A-4-7-8-17-28C,30,28C,0,21,M225,AB6214,1,9
2026-08-02T06:43:48.404Z,deep_scan,20260802011913_1A-4-7-8-17-28C,30,28C,0,23,M98,AB5767,0,18
2026-08-02T06:43:48.404Z,deep_scan,20260802011913_1A-4-7-8-17-28C,30,28C,0,24,M88,AB5457,0,9
2026-08-02T06:43:48.404Z,deep_scan,20260802011913_1A-4-7-8-17-28C,30,28C,0,33,M70,AB4326,1,22
2026-08-02T06:44:18.387Z,deep_scan,20260802011913_1A-4-7-8-17-28C,30,28C,0,12,M84/1,AB4355,1,2
2026-08-02T06:44:18.387Z,deep_scan,20260802011913_1A-4-7-8-17-28C,30,28C,0,21,M225,AB6214,0,23
2026-08-02T06:44:18.387Z,deep_scan,20260802011913_1A-4-7-8-17-28C,30,28C,0,24,M88,AB5457,0,22
2026-08-02T06:44:18.387Z,deep_scan,20260802011913_1A-4-7-8-17-28C,30,28C,0,24,M88,AB5767,1,18
2026-08-02T06:44:18.387Z,deep_scan,20260802011913_1A-4-7-8-17-28C,30,28C,0,34,M118,AB4326,1,23
2026-08-02T06:44:48.460Z,deep_scan,20260802011913_1A-4-7-8-17-28C,30,28C,0,12,M84/1,AB4355,0,22
2026-08-02T06:44:48.460Z,deep_scan,20260802011913_1A-4-7-8-17-28C,30,28C,0,21,M225,AB6214,0,20
2026-08-02T06:44:48.460Z,deep_scan,20260802011913_1A-4-7-8-17-28C,30,28C,0,24,M88,AB5767,1,21
2026-08-02T06:44:48.460Z,deep_scan,20260802011913_1A-4-7-8-17-28C,30,28C,0,25,M72,AB5457,1,12
2026-08-02T06:44:48.460Z,deep_scan,20260802011913_1A-4-7-8-17-28C,30,28C,0,34,M118,AB4326,1,4
2026-08-02T06:45:18.419Z,deep_scan,20260802011913_1A-4-7-8-17-28C,30,28C,0,12,M84/1,AB4355,0,3
2026-08-02T06:45:18.419Z,deep_scan,20260802011913_1A-4-7-8-17-28C,30,28C,0,21,M225,AB6214,0,34
2026-08-02T06:45:18.419Z,deep_scan,20260802011913_1A-4-7-8-17-28C,30,28C,0,24,M88,AB5767,1,17
2026-08-02T06:45:18.419Z,deep_scan,20260802011913_1A-4-7-8-17-28C,30,28C,0,25,M72,AB5457,1,21
2026-08-02T06:45:18.419Z,deep_scan,20260802011913_1A-4-7-8-17-28C,30,28C,0,34,M118,AB4326,0,4
2026-08-02T06:45:48.445Z,deep_scan,20260802011913_1A-4-7-8-17-28C,30,28C,0,12,M84/1,AB4355,0,5
2026-08-02T06:45:48.445Z,deep_scan,20260802011913_1A-4-7-8-17-28C,30,28C,0,21,M225,AB6214,0,2
2026-08-02T06:45:48.445Z,deep_scan,20260802011913_1A-4-7-8-17-28C,30,28C,0,24,M88,AB5767,1,17
2026-08-02T06:45:48.445Z,deep_scan,20260802011913_1A-4-7-8-17-28C,30,28C,0,26,M149,AB5457,1,22
2026-08-02T06:45:48.445Z,deep_scan,20260802011913_1A-4-7-8-17-28C,30,28C,0,34,M118,AB4326,0,23
2026-08-02T06:46:18.482Z,deep_scan,20260802011913_1A-4-7-8-17-28C,30,28C,0,12,M84/1,AB4355,0,5
2026-08-02T06:46:18.482Z,deep_scan,20260802011913_1A-4-7-8-17-28C,30,28C,0,21,M225,AB6214,0,2
2026-08-02T06:46:18.482Z,deep_scan,20260802011913_1A-4-7-8-17-28C,30,28C,0,24,M88,AB5767,1,17
2026-08-02T06:46:18.482Z,deep_scan,20260802011913_1A-4-7-8-17-28C,30,28C,0,26,M149,AB5457,0,26
2026-08-02T06:46:18.482Z,deep_scan,20260802011913_1A-4-7-8-17-28C,30,28C,0,35,M62/3,AB4326,1,0
2026-08-02T06:46:48.501Z,deep_scan,20260802011913_1A-4-7-8-17-28C,30,28C,0,13,M92,AB4355,1,18
2026-08-02T06:46:48.501Z,deep_scan,20260802011913_1A-4-7-8-17-28C,30,28C,0,22,M16/2,AB6214,1,4
2026-08-02T06:46:48.501Z,deep_scan,20260802011913_1A-4-7-8-17-28C,30,28C,0,24,M88,AB5767,0,27
2026-08-02T06:46:48.501Z,deep_scan,20260802011913_1A-4-7-8-17-28C,30,28C,0,27,M145/2,AB5457,1,22
2026-08-02T06:46:48.501Z,deep_scan,20260802011913_1A-4-7-8-17-28C,30,28C,0,35,M62/3,AB4326,1,0
2026-08-02T06:47:18.473Z,deep_scan,20260802011913_1A-4-7-8-17-28C,30,28C,0,13,M92,AB4355,0,7
2026-08-02T06:47:18.473Z,deep_scan,20260802011913_1A-4-7-8-17-28C,30,28C,0,22,M16/2,AB6214,1,6
2026-08-02T06:47:18.473Z,deep_scan,20260802011913_1A-4-7-8-17-28C,30,28C,0,24,M88,AB5767,0,1
2026-08-02T06:47:18.473Z,deep_scan,20260802011913_1A-4-7-8-17-28C,30,28C,0,27,M145/2,AB5457,1,6
2026-08-02T06:47:18.473Z,deep_scan,20260802011913_1A-4-7-8-17-28C,30,28C,0,35,M62/3,AB4326,1,0
2026-08-02T06:47:48.486Z,deep_scan,20260802011913_1A-4-7-8-17-28C,30,28C,0,13,M92,AB4355,0,29
2026-08-02T06:47:48.486Z,deep_scan,20260802011913_1A-4-7-8-17-28C,30,28C,0,22,M16/2,AB6214,1,4
2026-08-02T06:47:48.486Z,deep_scan,20260802011913_1A-4-7-8-17-28C,30,28C,0,24,M88,AB5767,0,1
2026-08-02T06:47:48.486Z,deep_scan,20260802011913_1A-4-7-8-17-28C,30,28C,0,27,M145/2,AB5457,1,9
2026-08-02T06:47:48.486Z,deep_scan,20260802011913_1A-4-7-8-17-28C,30,28C,0,35,M62/3,AB4326,1,0
2026-08-02T06:48:18.485Z,deep_scan,20260802011913_1A-4-7-8-17-28C,30,28C,0,14,M104,AB4355,1,9
2026-08-02T06:48:18.485Z,deep_scan,20260802011913_1A-4-7-8-17-28C,30,28C,0,22,M16/2,AB6214,1,4
2026-08-02T06:48:18.485Z,deep_scan,20260802011913_1A-4-7-8-17-28C,30,28C,0,24,M88,AB5767,0,7
2026-08-02T06:48:18.485Z,deep_scan,20260802011913_1A-4-7-8-17-28C,30,28C,0,28,M165,AB5457,1,20
2026-08-02T06:48:18.485Z,deep_scan,20260802011913_1A-4-7-8-17-28C,30,28C,0,35,M62/3,AB4326,1,0
2026-08-02T06:48:48.549Z,deep_scan,20260802011913_1A-4-7-8-17-28C,30,28C,0,14,M104,AB4355,1,13
2026-08-02T06:48:48.549Z,deep_scan,20260802011913_1A-4-7-8-17-28C,30,28C,0,22,M16/2,AB6214,1,4
2026-08-02T06:48:48.549Z,deep_scan,20260802011913_1A-4-7-8-17-28C,30,28C,0,24,M88,AB5767,0,19
2026-08-02T06:48:48.549Z,deep_scan,20260802011913_1A-4-7-8-17-28C,30,28C,0,28,M165,AB5457,0,3
2026-08-02T06:48:48.549Z,deep_scan,20260802011913_1A-4-7-8-17-28C,30,28C,0,35,M62/3,AB4326,1,0
2026-08-02T06:49:18.485Z,deep_scan,20260802011913_1A-4-7-8-17-28C,30,28C,0,14,M104,AB4355,0,37
2026-08-02T06:49:18.485Z,deep_scan,20260802011913_1A-4-7-8-17-28C,30,28C,0,22,M16/2,AB6214,0,27
2026-08-02T06:49:18.485Z,deep_scan,20260802011913_1A-4-7-8-17-28C,30,28C,0,25,M72,AB5767,1,30
2026-08-02T06:49:18.485Z,deep_scan,20260802011913_1A-4-7-8-17-28C,30,28C,0,29,M163,AB5457,1,24
2026-08-02T06:49:18.485Z,deep_scan,20260802011913_1A-4-7-8-17-28C,30,28C,0,35,M62/3,AB4326,1,0
2026-08-02T06:49:48.469Z,deep_scan,20260802011913_1A-4-7-8-17-28C,30,28C,0,15,M43,AB4355,1,17
2026-08-02T06:49:48.469Z,deep_scan,20260802011913_1A-4-7-8-17-28C,30,28C,0,22,M16/2,AB6214,0,16
2026-08-02T06:49:48.469Z,deep_scan,20260802011913_1A-4-7-8-17-28C,30,28C,0,26,M149,AB5767,1,33
2026-08-02T06:49:48.469Z,deep_scan,20260802011913_1A-4-7-8-17-28C,30,28C,0,29,M163,AB5457,1,4
2026-08-02T06:49:48.469Z,deep_scan,20260802011913_1A-4-7-8-17-28C,30,28C,0,35,M62/3,AB4326,1,0
2026-08-02T06:50:18.516Z,deep_scan,20260802011913_1A-4-7-8-17-28C,30,28C,0,15,M43,AB4355,0,7
2026-08-02T06:50:18.516Z,deep_scan,20260802011913_1A-4-7-8-17-28C,30,28C,0,23,M98,AB6214,1,22
2026-08-02T06:50:18.516Z,deep_scan,20260802011913_1A-4-7-8-17-28C,30,28C,0,26,M149,AB5767,0,23
2026-08-02T06:50:18.516Z,deep_scan,20260802011913_1A-4-7-8-17-28C,30,28C,0,29,M163,AB5457,0,27
2026-08-02T06:50:18.516Z,deep_scan,20260802011913_1A-4-7-8-17-28C,30,28C,0,35,M62/3,AB4326,1,0
2026-08-02T06:50:48.523Z,deep_scan,20260802011913_1A-4-7-8-17-28C,30,28C,0,16,M40,AB4355,1,34
2026-08-02T06:50:48.523Z,deep_scan,20260802011913_1A-4-7-8-17-28C,30,28C,0,23,M98,AB6214,1,11
2026-08-02T06:50:48.523Z,deep_scan,20260802011913_1A-4-7-8-17-28C,30,28C,0,26,M149,AB5767,0,7
2026-08-02T06:50:48.523Z,deep_scan,20260802011913_1A-4-7-8-17-28C,30,28C,0,30,M160/2,AB5457,1,28
2026-08-02T06:51:18.525Z,deep_scan,20260802011913_1A-4-7-8-17-28C,30,28C,0,16,M40,AB4355,0,27
2026-08-02T06:51:18.525Z,deep_scan,20260802011913_1A-4-7-8-17-28C,30,28C,0,23,M98,AB6214,0,29
2026-08-02T06:51:18.525Z,deep_scan,20260802011913_1A-4-7-8-17-28C,30,28C,0,27,M145/2,AB5767,1,10
2026-08-02T06:51:18.525Z,deep_scan,20260802011913_1A-4-7-8-17-28C,30,28C,0,30,M160/2,AB5457,1,5
2026-08-02T06:51:48.562Z,deep_scan,20260802011913_1A-4-7-8-17-28C,30,28C,0,16,M40,AB4355,0,20
2026-08-02T06:51:48.562Z,deep_scan,20260802011913_1A-4-7-8-17-28C,30,28C,0,23,M98,AB6214,0,24
2026-08-02T06:51:48.562Z,deep_scan,20260802011913_1A-4-7-8-17-28C,30,28C,0,27,M145/2,AB5767,0,24
2026-08-02T06:51:48.562Z,deep_scan,20260802011913_1A-4-7-8-17-28C,30,28C,0,31,M158/1,AB5457,1,28
2026-08-02T06:52:18.513Z,deep_scan,20260802011913_1A-4-7-8-17-28C,30,28C,0,16,M40,AB4355,0,20
2026-08-02T06:52:18.513Z,deep_scan,20260802011913_1A-4-7-8-17-28C,30,28C,0,23,M98,AB6214,0,24
2026-08-02T06:52:18.513Z,deep_scan,20260802011913_1A-4-7-8-17-28C,30,28C,0,28,M165,AB5767,1,5
2026-08-02T06:52:18.513Z,deep_scan,20260802011913_1A-4-7-8-17-28C,30,28C,0,31,M158/1,AB5457,0,18
2026-08-02T06:52:48.550Z,deep_scan,20260802011913_1A-4-7-8-17-28C,30,28C,0,17,M28/2,AB4355,1,23
2026-08-02T06:52:48.550Z,deep_scan,20260802011913_1A-4-7-8-17-28C,30,28C,0,23,M98,AB6214,0,24
2026-08-02T06:52:48.550Z,deep_scan,20260802011913_1A-4-7-8-17-28C,30,28C,0,28,M165,AB5767,0,18
2026-08-02T06:52:48.550Z,deep_scan,20260802011913_1A-4-7-8-17-28C,30,28C,0,31,M158/1,AB5457,0,23
2026-08-02T06:53:18.566Z,deep_scan,20260802011913_1A-4-7-8-17-28C,30,28C,0,17,M28/2,AB4355,0,15
2026-08-02T06:53:18.566Z,deep_scan,20260802011913_1A-4-7-8-17-28C,30,28C,0,24,M88,AB6214,1,28
2026-08-02T06:53:18.566Z,deep_scan,20260802011913_1A-4-7-8-17-28C,30,28C,0,29,M163,AB5767,1,12
2026-08-02T06:53:18.566Z,deep_scan,20260802011913_1A-4-7-8-17-28C,30,28C,0,32,M161,AB5457,1,23
2026-08-02T06:53:48.625Z,deep_scan,20260802011913_1A-4-7-8-17-28C,30,28C,0,0,M62/3,AB4326,1,5
2026-08-02T06:53:48.625Z,deep_scan,20260802011913_1A-4-7-8-17-28C,30,28C,0,17,M28/2,AB4355,0,21
2026-08-02T06:53:48.625Z,deep_scan,20260802011913_1A-4-7-8-17-28C,30,28C,0,24,M88,AB6214,1,17
2026-08-02T06:53:48.625Z,deep_scan,20260802011913_1A-4-7-8-17-28C,30,28C,0,29,M163,AB5767,1,7
2026-08-02T06:53:48.625Z,deep_scan,20260802011913_1A-4-7-8-17-28C,30,28C,0,32,M161,AB5457,1,23
2026-08-02T06:54:18.600Z,deep_scan,20260802011913_1A-4-7-8-17-28C,30,28C,0,0,M62/3,AB4326,0,21
2026-08-02T06:54:18.600Z,deep_scan,20260802011913_1A-4-7-8-17-28C,30,28C,0,17,M28/2,AB4355,0,23
2026-08-02T06:54:18.600Z,deep_scan,20260802011913_1A-4-7-8-17-28C,30,28C,0,24,M88,AB6214,1,5
2026-08-02T06:54:18.600Z,deep_scan,20260802011913_1A-4-7-8-17-28C,30,28C,0,29,M163,AB5767,0,28
2026-08-02T06:54:18.600Z,deep_scan,20260802011913_1A-4-7-8-17-28C,30,28C,0,32,M161,AB5457,0,29
2026-08-02T06:54:48.604Z,deep_scan,20260802011913_1A-4-7-8-17-28C,30,28C,0,0,M62/3,AB4326,0,46
2026-08-02T06:54:48.604Z,deep_scan,20260802011913_1A-4-7-8-17-28C,30,28C,0,17,M28/2,AB4355,0,15
2026-08-02T06:54:48.604Z,deep_scan,20260802011913_1A-4-7-8-17-28C,30,28C,0,24,M88,AB6214,1,5
2026-08-02T06:54:48.604Z,deep_scan,20260802011913_1A-4-7-8-17-28C,30,28C,0,30,M160/2,AB5767,1,13
2026-08-02T06:54:48.604Z,deep_scan,20260802011913_1A-4-7-8-17-28C,30,28C,0,32,M161,AB5457,0,2
2026-08-02T06:55:18.605Z,deep_scan,20260802011913_1A-4-7-8-17-28C,30,28C,0,1,M117,AB4326,0,19
2026-08-02T06:55:18.605Z,deep_scan,20260802011913_1A-4-7-8-17-28C,30,28C,0,18,M227,AB4355,1,27
2026-08-02T06:55:18.605Z,deep_scan,20260802011913_1A-4-7-8-17-28C,30,28C,0,24,M88,AB6214,0,28
2026-08-02T06:55:18.605Z,deep_scan,20260802011913_1A-4-7-8-17-28C,30,28C,0,30,M160/2,AB5767,0,3
2026-08-02T06:55:18.605Z,deep_scan,20260802011913_1A-4-7-8-17-28C,30,28C,0,33,M70,AB5457,1,22
2026-08-02T06:55:48.644Z,deep_scan,20260802011913_1A-4-7-8-17-28C,30,28C,0,1,M117,AB4326,0,10
2026-08-02T06:55:48.644Z,deep_scan,20260802011913_1A-4-7-8-17-28C,30,28C,0,18,M227,AB4355,0,26
2026-08-02T06:55:48.644Z,deep_scan,20260802011913_1A-4-7-8-17-28C,30,28C,0,24,M88,AB6214,0,19
2026-08-02T06:55:48.644Z,deep_scan,20260802011913_1A-4-7-8-17-28C,30,28C,0,31,M158/1,AB5767,1,6
2026-08-02T06:55:48.644Z,deep_scan,20260802011913_1A-4-7-8-17-28C,30,28C,0,33,M70,AB5457,1,12
2026-08-02T06:56:18.615Z,deep_scan,20260802011913_1A-4-7-8-17-28C,30,28C,0,2,M241,AB4326,1,15
2026-08-02T06:56:18.615Z,deep_scan,20260802011913_1A-4-7-8-17-28C,30,28C,0,19,M244,AB4355,1,8
2026-08-02T06:56:18.615Z,deep_scan,20260802011913_1A-4-7-8-17-28C,30,28C,0,24,M88,AB6214,0,5
2026-08-02T06:56:18.615Z,deep_scan,20260802011913_1A-4-7-8-17-28C,30,28C,0,31,M158/1,AB5767,0,14
2026-08-02T06:56:18.615Z,deep_scan,20260802011913_1A-4-7-8-17-28C,30,28C,0,33,M70,AB5457,0,12
2026-08-02T06:56:48.697Z,deep_scan,20260802011913_1A-4-7-8-17-28C,30,28C,0,2,M241,AB4326,1,8
2026-08-02T06:56:48.697Z,deep_scan,20260802011913_1A-4-7-8-17-28C,30,28C,0,19,M244,AB4355,1,8
2026-08-02T06:56:48.697Z,deep_scan,20260802011913_1A-4-7-8-17-28C,30,28C,0,24,M88,AB6214,0,15
2026-08-02T06:56:48.697Z,deep_scan,20260802011913_1A-4-7-8-17-28C,30,28C,0,31,M158/1,AB5767,0,21
2026-08-02T06:56:48.697Z,deep_scan,20260802011913_1A-4-7-8-17-28C,30,28C,0,34,M118,AB5457,1,23
2026-08-02T06:57:18.544Z,deep_scan,20260802011913_1A-4-7-8-17-28C,30,28C,0,2,M241,AB4326,0,3
2026-08-02T06:57:18.544Z,deep_scan,20260802011913_1A-4-7-8-17-28C,30,28C,0,19,M244,AB4355,1,15
2026-08-02T06:57:18.544Z,deep_scan,20260802011913_1A-4-7-8-17-28C,30,28C,0,25,M72,AB6214,1,25
2026-08-02T06:57:18.544Z,deep_scan,20260802011913_1A-4-7-8-17-28C,30,28C,0,32,M161,AB5767,1,2
2026-08-02T06:57:18.544Z,deep_scan,20260802011913_1A-4-7-8-17-28C,30,28C,0,34,M118,AB5457,1,13
2026-08-02T06:57:48.649Z,deep_scan,20260802011913_1A-4-7-8-17-28C,30,28C,0,3,M71,AB4326,1,11
2026-08-02T06:57:48.649Z,deep_scan,20260802011913_1A-4-7-8-17-28C,30,28C,0,19,M244,AB4355,0,23
2026-08-02T06:57:48.649Z,deep_scan,20260802011913_1A-4-7-8-17-28C,30,28C,0,26,M149,AB6214,1,32
2026-08-02T06:57:48.649Z,deep_scan,20260802011913_1A-4-7-8-17-28C,30,28C,0,32,M161,AB5767,0,24
2026-08-02T06:57:48.649Z,deep_scan,20260802011913_1A-4-7-8-17-28C,30,28C,0,34,M118,AB5457,0,25
2026-08-02T06:58:18.627Z,deep_scan,20260802011913_1A-4-7-8-17-28C,30,28C,0,3,M71,AB4326,0,22
2026-08-02T06:58:18.627Z,deep_scan,20260802011913_1A-4-7-8-17-28C,30,28C,0,19,M244,AB4355,0,28
2026-08-02T06:58:18.627Z,deep_scan,20260802011913_1A-4-7-8-17-28C,30,28C,0,26,M149,AB6214,1,31
2026-08-02T06:58:18.627Z,deep_scan,20260802011913_1A-4-7-8-17-28C,30,28C,0,33,M70,AB5767,1,12
2026-08-02T06:58:18.627Z,deep_scan,20260802011913_1A-4-7-8-17-28C,30,28C,0,35,M62/3,AB5457,1,0
2026-08-02T06:58:48.696Z,deep_scan,20260802011913_1A-4-7-8-17-28C,30,28C,0,4,M155,AB4326,1,4
2026-08-02T06:58:48.696Z,deep_scan,20260802011913_1A-4-7-8-17-28C,30,28C,0,19,M244,AB4355,0,28
2026-08-02T06:58:48.696Z,deep_scan,20260802011913_1A-4-7-8-17-28C,30,28C,0,26,M149,AB6214,0,19
2026-08-02T06:58:48.696Z,deep_scan,20260802011913_1A-4-7-8-17-28C,30,28C,0,33,M70,AB5767,0,3
2026-08-02T06:58:48.696Z,deep_scan,20260802011913_1A-4-7-8-17-28C,30,28C,0,35,M62/3,AB5457,1,0
2026-08-02T06:59:18.644Z,deep_scan,20260802011913_1A-4-7-8-17-28C,30,28C,0,4,M155,AB4326,0,33
2026-08-02T06:59:18.644Z,deep_scan,20260802011913_1A-4-7-8-17-28C,30,28C,0,19,M244,AB4355,0,29
2026-08-02T06:59:18.644Z,deep_scan,20260802011913_1A-4-7-8-17-28C,30,28C,0,26,M149,AB6214,0,2
2026-08-02T06:59:18.644Z,deep_scan,20260802011913_1A-4-7-8-17-28C,30,28C,0,34,M118,AB5767,1,25
2026-08-02T06:59:18.644Z,deep_scan,20260802011913_1A-4-7-8-17-28C,30,28C,0,35,M62/3,AB5457,1,0
2026-08-02T06:59:48.607Z,deep_scan,20260802011913_1A-4-7-8-17-28C,30,28C,0,5,M157,AB4326,1,3
2026-08-02T06:59:48.607Z,deep_scan,20260802011913_1A-4-7-8-17-28C,30,28C,0,20,M216,AB4355,1,20
2026-08-02T06:59:48.607Z,deep_scan,20260802011913_1A-4-7-8-17-28C,30,28C,0,27,M145/2,AB6214,1,18
2026-08-02T06:59:48.607Z,deep_scan,20260802011913_1A-4-7-8-17-28C,30,28C,0,34,M118,AB5767,1,6
2026-08-02T06:59:48.607Z,deep_scan,20260802011913_1A-4-7-8-17-28C,30,28C,0,35,M62/3,AB5457,1,0
2026-08-02T07:00:18.651Z,deep_scan,20260802011913_1A-4-7-8-17-28C,30,28C,0,5,M157,AB4326,1,3
2026-08-02T07:00:18.651Z,deep_scan,20260802011913_1A-4-7-8-17-28C,30,28C,0,20,M216,AB4355,0,28
2026-08-02T07:00:18.651Z,deep_scan,20260802011913_1A-4-7-8-17-28C,30,28C,0,27,M145/2,AB6214,0,13
2026-08-02T07:00:18.651Z,deep_scan,20260802011913_1A-4-7-8-17-28C,30,28C,0,34,M118,AB5767,0,1
2026-08-02T07:00:18.651Z,deep_scan,20260802011913_1A-4-7-8-17-28C,30,28C,0,35,M62/3,AB5457,1,0
2026-08-02T07:00:48.720Z,deep_scan,20260802011913_1A-4-7-8-17-28C,30,28C,0,5,M157,AB4326,1,16
2026-08-02T07:00:48.720Z,deep_scan,20260802011913_1A-4-7-8-17-28C,30,28C,0,20,M216,AB4355,0,24
2026-08-02T07:00:48.720Z,deep_scan,20260802011913_1A-4-7-8-17-28C,30,28C,0,27,M145/2,AB6214,0,7
2026-08-02T07:00:48.720Z,deep_scan,20260802011913_1A-4-7-8-17-28C,30,28C,0,35,M62/3,AB5457,1,0
2026-08-02T07:00:48.720Z,deep_scan,20260802011913_1A-4-7-8-17-28C,30,28C,0,35,M62/3,AB5767,1,0
2026-08-02T07:01:18.709Z,deep_scan,20260802011913_1A-4-7-8-17-28C,30,28C,0,5,M157,AB4326,0,34
2026-08-02T07:01:18.709Z,deep_scan,20260802011913_1A-4-7-8-17-28C,30,28C,0,20,M216,AB4355,0,19
2026-08-02T07:01:18.709Z,deep_scan,20260802011913_1A-4-7-8-17-28C,30,28C,0,27,M145/2,AB6214,0,7
2026-08-02T07:01:18.709Z,deep_scan,20260802011913_1A-4-7-8-17-28C,30,28C,0,35,M62/3,AB5457,1,0
2026-08-02T07:01:18.709Z,deep_scan,20260802011913_1A-4-7-8-17-28C,30,28C,0,35,M62/3,AB5767,1,0
2026-08-02T07:01:48.708Z,deep_scan,20260802011913_1A-4-7-8-17-28C,30,28C,0,5,M157,AB4326,0,10
2026-08-02T07:01:48.708Z,deep_scan,20260802011913_1A-4-7-8-17-28C,30,28C,0,20,M216,AB4355,0,19
2026-08-02T07:01:48.708Z,deep_scan,20260802011913_1A-4-7-8-17-28C,30,28C,0,27,M145/2,AB6214,0,7
2026-08-02T07:01:48.708Z,deep_scan,20260802011913_1A-4-7-8-17-28C,30,28C,0,35,M62/3,AB5457,1,0
2026-08-02T07:01:48.708Z,deep_scan,20260802011913_1A-4-7-8-17-28C,30,28C,0,35,M62/3,AB5767,1,0
2026-08-02T07:02:18.702Z,deep_scan,20260802011913_1A-4-7-8-17-28C,30,28C,0,6,M163,AB4326,1,15
2026-08-02T07:02:18.702Z,deep_scan,20260802011913_1A-4-7-8-17-28C,30,28C,0,21,M225,AB4355,1,16
2026-08-02T07:02:18.702Z,deep_scan,20260802011913_1A-4-7-8-17-28C,30,28C,0,28,M165,AB6214,1,21
2026-08-02T07:02:18.702Z,deep_scan,20260802011913_1A-4-7-8-17-28C,30,28C,0,35,M62/3,AB5457,1,0
2026-08-02T07:02:18.702Z,deep_scan,20260802011913_1A-4-7-8-17-28C,30,28C,0,35,M62/3,AB5767,1,0
2026-08-02T07:02:48.723Z,deep_scan,20260802011913_1A-4-7-8-17-28C,30,28C,0,6,M163,AB4326,1,15
2026-08-02T07:02:48.723Z,deep_scan,20260802011913_1A-4-7-8-17-28C,30,28C,0,21,M225,AB4355,1,16
2026-08-02T07:02:48.723Z,deep_scan,20260802011913_1A-4-7-8-17-28C,30,28C,0,28,M165,AB6214,0,26
2026-08-02T07:02:48.723Z,deep_scan,20260802011913_1A-4-7-8-17-28C,30,28C,0,35,M62/3,AB5767,1,0
2026-08-02T07:03:18.712Z,deep_scan,20260802011913_1A-4-7-8-17-28C,30,28C,0,6,M163,AB4326,1,15
2026-08-02T07:03:18.712Z,deep_scan,20260802011913_1A-4-7-8-17-28C,30,28C,0,21,M225,AB4355,0,21
2026-08-02T07:03:18.712Z,deep_scan,20260802011913_1A-4-7-8-17-28C,30,28C,0,29,M163,AB6214,1,17
2026-08-02T07:03:18.712Z,deep_scan,20260802011913_1A-4-7-8-17-28C,30,28C,0,35,M62/3,AB5767,1,0
2026-08-02T07:03:48.767Z,deep_scan,20260802011913_1A-4-7-8-17-28C,30,28C,0,0,M62/3,AB5457,1,18
2026-08-02T07:03:48.767Z,deep_scan,20260802011913_1A-4-7-8-17-28C,30,28C,0,6,M163,AB4326,1,15
2026-08-02T07:03:48.767Z,deep_scan,20260802011913_1A-4-7-8-17-28C,30,28C,0,21,M225,AB4355,0,21
2026-08-02T07:03:48.767Z,deep_scan,20260802011913_1A-4-7-8-17-28C,30,28C,0,29,M163,AB6214,1,17
2026-08-02T07:03:48.767Z,deep_scan,20260802011913_1A-4-7-8-17-28C,30,28C,0,35,M62/3,AB5767,1,0
2026-08-02T07:04:18.687Z,deep_scan,20260802011913_1A-4-7-8-17-28C,30,28C,0,0,M62/3,AB5457,1,8
2026-08-02T07:04:18.687Z,deep_scan,20260802011913_1A-4-7-8-17-28C,30,28C,0,6,M163,AB4326,1,7
2026-08-02T07:04:18.687Z,deep_scan,20260802011913_1A-4-7-8-17-28C,30,28C,0,21,M225,AB4355,0,37
2026-08-02T07:04:18.687Z,deep_scan,20260802011913_1A-4-7-8-17-28C,30,28C,0,29,M163,AB6214,1,9
2026-08-02T07:04:18.687Z,deep_scan,20260802011913_1A-4-7-8-17-28C,30,28C,0,35,M62/3,AB5767,1,0
2026-08-02T07:04:48.762Z,deep_scan,20260802011913_1A-4-7-8-17-28C,30,28C,0,0,M62/3,AB5457,0,18
2026-08-02T07:04:48.762Z,deep_scan,20260802011913_1A-4-7-8-17-28C,30,28C,0,7,M164,AB4326,1,12
2026-08-02T07:04:48.762Z,deep_scan,20260802011913_1A-4-7-8-17-28C,30,28C,0,22,M16/2,AB4355,1,32
2026-08-02T07:04:48.762Z,deep_scan,20260802011913_1A-4-7-8-17-28C,30,28C,0,29,M163,AB6214,1,9
2026-08-02T07:04:48.762Z,deep_scan,20260802011913_1A-4-7-8-17-28C,30,28C,0,35,M62/3,AB5767,1,0
2026-08-02T07:05:18.690Z,deep_scan,20260802011913_1A-4-7-8-17-28C,30,28C,0,0,M62/3,AB5457,0,29
2026-08-02T07:05:18.690Z,deep_scan,20260802011913_1A-4-7-8-17-28C,30,28C,0,7,M164,AB4326,1,30
2026-08-02T07:05:18.690Z,deep_scan,20260802011913_1A-4-7-8-17-28C,30,28C,0,22,M16/2,AB4355,1,2
2026-08-02T07:05:18.690Z,deep_scan,20260802011913_1A-4-7-8-17-28C,30,28C,0,29,M163,AB6214,0,33
2026-08-02T07:05:48.686Z,deep_scan,20260802011913_1A-4-7-8-17-28C,30,28C,0,1,M117,AB5457,1,19
2026-08-02T07:05:48.686Z,deep_scan,20260802011913_1A-4-7-8-17-28C,30,28C,0,8,M151,AB4326,1,16
2026-08-02T07:05:48.686Z,deep_scan,20260802011913_1A-4-7-8-17-28C,30,28C,0,22,M16/2,AB4355,1,2
2026-08-02T07:05:48.686Z,deep_scan,20260802011913_1A-4-7-8-17-28C,30,28C,0,29,M163,AB6214,0,23
2026-08-02T07:06:18.742Z,deep_scan,20260802011913_1A-4-7-8-17-28C,30,28C,0,1,M117,AB5457,0,25
2026-08-02T07:06:18.742Z,deep_scan,20260802011913_1A-4-7-8-17-28C,30,28C,0,8,M151,AB4326,1,14
2026-08-02T07:06:18.742Z,deep_scan,20260802011913_1A-4-7-8-17-28C,30,28C,0,22,M16/2,AB4355,0,36
2026-08-02T07:06:18.742Z,deep_scan,20260802011913_1A-4-7-8-17-28C,30,28C,0,30,M160/2,AB6214,1,14
2026-08-02T07:06:48.725Z,deep_scan,20260802011913_1A-4-7-8-17-28C,30,28C,0,2,M241,AB5457,1,22
2026-08-02T07:06:48.725Z,deep_scan,20260802011913_1A-4-7-8-17-28C,30,28C,0,8,M151,AB4326,1,14
2026-08-02T07:06:48.725Z,deep_scan,20260802011913_1A-4-7-8-17-28C,30,28C,0,23,M98,AB4355,1,13
2026-08-02T07:06:48.725Z,deep_scan,20260802011913_1A-4-7-8-17-28C,30,28C,0,31,M158/1,AB6214,1,2
2026-08-02T07:07:18.753Z,deep_scan,20260802011913_1A-4-7-8-17-28C,30,28C,0,2,M241,AB5457,1,7
2026-08-02T07:07:18.753Z,deep_scan,20260802011913_1A-4-7-8-17-28C,30,28C,0,8,M151,AB4326,0,7
2026-08-02T07:07:18.753Z,deep_scan,20260802011913_1A-4-7-8-17-28C,30,28C,0,23,M98,AB4355,1,20
2026-08-02T07:07:18.753Z,deep_scan,20260802011913_1A-4-7-8-17-28C,30,28C,0,31,M158/1,AB6214,0,7
2026-08-02T07:07:48.730Z,deep_scan,20260802011913_1A-4-7-8-17-28C,30,28C,0,3,M71,AB5457,1,30
2026-08-02T07:07:48.730Z,deep_scan,20260802011913_1A-4-7-8-17-28C,30,28C,0,9,M150,AB4326,1,25
2026-08-02T07:07:48.730Z,deep_scan,20260802011913_1A-4-7-8-17-28C,30,28C,0,23,M98,AB4355,1,11
2026-08-02T07:07:48.730Z,deep_scan,20260802011913_1A-4-7-8-17-28C,30,28C,0,31,M158/1,AB6214,0,11
2026-08-02T07:08:18.790Z,deep_scan,20260802011913_1A-4-7-8-17-28C,30,28C,0,3,M71,AB5457,1,17
2026-08-02T07:08:18.790Z,deep_scan,20260802011913_1A-4-7-8-17-28C,30,28C,0,9,M150,AB4326,1,6
2026-08-02T07:08:18.790Z,deep_scan,20260802011913_1A-4-7-8-17-28C,30,28C,0,23,M98,AB4355,0,15
2026-08-02T07:08:18.790Z,deep_scan,20260802011913_1A-4-7-8-17-28C,30,28C,0,31,M158/1,AB6214,0,11
2026-08-02T07:08:48.776Z,deep_scan,20260802011913_1A-4-7-8-17-28C,30,28C,0,3,M71,AB5457,0,5
2026-08-02T07:08:48.776Z,deep_scan,20260802011913_1A-4-7-8-17-28C,30,28C,0,9,M150,AB4326,1,6
2026-08-02T07:08:48.776Z,deep_scan,20260802011913_1A-4-7-8-17-28C,30,28C,0,23,M98,AB4355,0,15
2026-08-02T07:08:48.776Z,deep_scan,20260802011913_1A-4-7-8-17-28C,30,28C,0,31,M158/1,AB6214,0,27
2026-08-02T07:09:18.834Z,deep_scan,20260802011913_1A-4-7-8-17-28C,30,28C,0,0,M62/3,AB5767,1,2
2026-08-02T07:09:18.834Z,deep_scan,20260802011913_1A-4-7-8-17-28C,30,28C,0,4,M155,AB5457,1,18
2026-08-02T07:09:18.834Z,deep_scan,20260802011913_1A-4-7-8-17-28C,30,28C,0,9,M150,AB4326,0,16
2026-08-02T07:09:18.834Z,deep_scan,20260802011913_1A-4-7-8-17-28C,30,28C,0,24,M88,AB4355,1,15
2026-08-02T07:09:18.834Z,deep_scan,20260802011913_1A-4-7-8-17-28C,30,28C,0,32,M161,AB6214,1,5
2026-08-02T07:09:48.820Z,deep_scan,20260802011913_1A-4-7-8-17-28C,30,28C,0,0,M62/3,AB5767,1,3
2026-08-02T07:09:48.820Z,deep_scan,20260802011913_1A-4-7-8-17-28C,30,28C,0,4,M155,AB5457,1,15
2026-08-02T07:09:48.820Z,deep_scan,20260802011913_1A-4-7-8-17-28C,30,28C,0,10,M148,AB4326,1,19
2026-08-02T07:09:48.820Z,deep_scan,20260802011913_1A-4-7-8-17-28C,30,28C,0,24,M88,AB4355,1,15
2026-08-02T07:09:48.820Z,deep_scan,20260802011913_1A-4-7-8-17-28C,30,28C,0,32,M161,AB6214,0,14
2026-08-02T07:10:18.835Z,deep_scan,20260802011913_1A-4-7-8-17-28C,30,28C,0,0,M62/3,AB5767,0,14
2026-08-02T07:10:18.835Z,deep_scan,20260802011913_1A-4-7-8-17-28C,30,28C,0,4,M155,AB5457,0,29
2026-08-02T07:10:18.835Z,deep_scan,20260802011913_1A-4-7-8-17-28C,30,28C,0,10,M148,AB4326,0,16
2026-08-02T07:10:18.835Z,deep_scan,20260802011913_1A-4-7-8-17-28C,30,28C,0,24,M88,AB4355,0,22
2026-08-02T07:10:18.835Z,deep_scan,20260802011913_1A-4-7-8-17-28C,30,28C,0,33,M70,AB6214,1,23
2026-08-02T07:10:48.795Z,deep_scan,20260802011913_1A-4-7-8-17-28C,30,28C,0,0,M62/3,AB5767,0,48
2026-08-02T07:10:48.795Z,deep_scan,20260802011913_1A-4-7-8-17-28C,30,28C,0,5,M157,AB5457,1,18
2026-08-02T07:10:48.795Z,deep_scan,20260802011913_1A-4-7-8-17-28C,30,28C,0,10,M148,AB4326,0,16
2026-08-02T07:10:48.795Z,deep_scan,20260802011913_1A-4-7-8-17-28C,30,28C,0,24,M88,AB4355,0,23
2026-08-02T07:10:48.795Z,deep_scan,20260802011913_1A-4-7-8-17-28C,30,28C,0,33,M70,AB6214,0,24
2026-08-02T07:11:18.870Z,deep_scan,20260802011913_1A-4-7-8-17-28C,30,28C,0,1,M117,AB5767,1,23
2026-08-02T07:11:18.870Z,deep_scan,20260802011913_1A-4-7-8-17-28C,30,28C,0,5,M157,AB5457,1,8
2026-08-02T07:11:18.870Z,deep_scan,20260802011913_1A-4-7-8-17-28C,30,28C,0,10,M148,AB4326,0,16
2026-08-02T07:11:18.870Z,deep_scan,20260802011913_1A-4-7-8-17-28C,30,28C,0,24,M88,AB4355,0,32
2026-08-02T07:11:18.870Z,deep_scan,20260802011913_1A-4-7-8-17-28C,30,28C,0,34,M118,AB6214,1,24
2026-08-02T07:11:48.838Z,deep_scan,20260802011913_1A-4-7-8-17-28C,30,28C,0,1,M117,AB5767,0,26
2026-08-02T07:11:48.838Z,deep_scan,20260802011913_1A-4-7-8-17-28C,30,28C,0,6,M163,AB5457,1,8
2026-08-02T07:11:48.838Z,deep_scan,20260802011913_1A-4-7-8-17-28C,30,28C,0,10,M148,AB4326,0,5
2026-08-02T07:11:48.838Z,deep_scan,20260802011913_1A-4-7-8-17-28C,30,28C,0,24,M88,AB4355,0,15
2026-08-02T07:11:48.838Z,deep_scan,20260802011913_1A-4-7-8-17-28C,30,28C,0,34,M118,AB6214,1,13
2026-08-02T07:12:18.818Z,deep_scan,20260802011913_1A-4-7-8-17-28C,30,28C,0,2,M241,AB5767,1,3
2026-08-02T07:12:18.818Z,deep_scan,20260802011913_1A-4-7-8-17-28C,30,28C,0,6,M163,AB5457,1,16
2026-08-02T07:12:18.818Z,deep_scan,20260802011913_1A-4-7-8-17-28C,30,28C,0,10,M148,AB4326,0,6
2026-08-02T07:12:18.818Z,deep_scan,20260802011913_1A-4-7-8-17-28C,30,28C,0,25,M72,AB4355,1,28
2026-08-02T07:12:18.818Z,deep_scan,20260802011913_1A-4-7-8-17-28C,30,28C,0,34,M118,AB6214,0,3
2026-08-02T07:12:48.842Z,deep_scan,20260802011913_1A-4-7-8-17-28C,30,28C,0,2,M241,AB5767,1,10
2026-08-02T07:12:48.842Z,deep_scan,20260802011913_1A-4-7-8-17-28C,30,28C,0,7,M164,AB5457,1,20
2026-08-02T07:12:48.842Z,deep_scan,20260802011913_1A-4-7-8-17-28C,30,28C,0,10,M148,AB4326,0,32
2026-08-02T07:12:48.842Z,deep_scan,20260802011913_1A-4-7-8-17-28C,30,28C,0,26,M149,AB4355,1,15
2026-08-02T07:12:48.842Z,deep_scan,20260802011913_1A-4-7-8-17-28C,30,28C,0,35,M62/3,AB6214,1,0
2026-08-02T07:13:18.836Z,deep_scan,20260802011913_1A-4-7-8-17-28C,30,28C,0,2,M241,AB5767,1,7
2026-08-02T07:13:18.836Z,deep_scan,20260802011913_1A-4-7-8-17-28C,30,28C,0,7,M164,AB5457,0,29
2026-08-02T07:13:18.836Z,deep_scan,20260802011913_1A-4-7-8-17-28C,30,28C,0,10,M148,AB4326,0,7
2026-08-02T07:13:18.836Z,deep_scan,20260802011913_1A-4-7-8-17-28C,30,28C,0,26,M149,AB4355,1,10
2026-08-02T07:13:18.836Z,deep_scan,20260802011913_1A-4-7-8-17-28C,30,28C,0,35,M62/3,AB6214,1,0
2026-08-02T07:13:48.858Z,deep_scan,20260802011913_1A-4-7-8-17-28C,30,28C,0,3,M71,AB5767,1,10
2026-08-02T07:13:48.858Z,deep_scan,20260802011913_1A-4-7-8-17-28C,30,28C,0,8,M151,AB5457,1,28
2026-08-02T07:13:48.858Z,deep_scan,20260802011913_1A-4-7-8-17-28C,30,28C,0,10,M148,AB4326,0,2
2026-08-02T07:13:48.858Z,deep_scan,20260802011913_1A-4-7-8-17-28C,30,28C,0,26,M149,AB4355,0,14
2026-08-02T07:13:48.858Z,deep_scan,20260802011913_1A-4-7-8-17-28C,30,28C,0,35,M62/3,AB6214,1,0
2026-08-02T07:14:18.900Z,deep_scan,20260802011913_1A-4-7-8-17-28C,30,28C,0,3,M71,AB5767,1,16
2026-08-02T07:14:18.900Z,deep_scan,20260802011913_1A-4-7-8-17-28C,30,28C,0,8,M151,AB5457,1,13
2026-08-02T07:14:18.900Z,deep_scan,20260802011913_1A-4-7-8-17-28C,30,28C,0,10,M148,AB4326,0,31
2026-08-02T07:14:18.900Z,deep_scan,20260802011913_1A-4-7-8-17-28C,30,28C,0,26,M149,AB4355,0,22
2026-08-02T07:14:18.900Z,deep_scan,20260802011913_1A-4-7-8-17-28C,30,28C,0,35,M62/3,AB6214,1,0
2026-08-02T07:14:48.885Z,deep_scan,20260802011913_1A-4-7-8-17-28C,30,28C,0,4,M155,AB5767,1,21
2026-08-02T07:14:48.885Z,deep_scan,20260802011913_1A-4-7-8-17-28C,30,28C,0,8,M151,AB5457,0,29
2026-08-02T07:14:48.885Z,deep_scan,20260802011913_1A-4-7-8-17-28C,30,28C,0,10,M148,AB4326,0,5
2026-08-02T07:14:48.885Z,deep_scan,20260802011913_1A-4-7-8-17-28C,30,28C,0,27,M145/2,AB4355,1,16
2026-08-02T07:14:48.885Z,deep_scan,20260802011913_1A-4-7-8-17-28C,30,28C,0,35,M62/3,AB6214,1,0
2026-08-02T07:15:18.923Z,deep_scan,20260802011913_1A-4-7-8-17-28C,30,28C,0,4,M155,AB5767,0,34
2026-08-02T07:15:18.923Z,deep_scan,20260802011913_1A-4-7-8-17-28C,30,28C,0,9,M150,AB5457,1,6
2026-08-02T07:15:18.923Z,deep_scan,20260802011913_1A-4-7-8-17-28C,30,28C,0,11,M76/1,AB4326,1,11
2026-08-02T07:15:18.923Z,deep_scan,20260802011913_1A-4-7-8-17-28C,30,28C,0,27,M145/2,AB4355,1,14
2026-08-02T07:15:18.923Z,deep_scan,20260802011913_1A-4-7-8-17-28C,30,28C,0,35,M62/3,AB6214,1,0
2026-08-02T07:15:48.896Z,deep_scan,20260802011913_1A-4-7-8-17-28C,30,28C,0,5,M157,AB5767,1,21
2026-08-02T07:15:48.896Z,deep_scan,20260802011913_1A-4-7-8-17-28C,30,28C,0,9,M150,AB5457,1,10
2026-08-02T07:15:48.896Z,deep_scan,20260802011913_1A-4-7-8-17-28C,30,28C,0,11,M76/1,AB4326,1,11
2026-08-02T07:15:48.896Z,deep_scan,20260802011913_1A-4-7-8-17-28C,30,28C,0,27,M145/2,AB4355,0,16
2026-08-02T07:15:48.896Z,deep_scan,20260802011913_1A-4-7-8-17-28C,30,28C,0,35,M62/3,AB6214,1,0
2026-08-02T07:16:18.914Z,deep_scan,20260802011913_1A-4-7-8-17-28C,30,28C,0,5,M157,AB5767,0,34
2026-08-02T07:16:18.914Z,deep_scan,20260802011913_1A-4-7-8-17-28C,30,28C,0,9,M150,AB5457,0,7
2026-08-02T07:16:18.914Z,deep_scan,20260802011913_1A-4-7-8-17-28C,30,28C,0,11,M76/1,AB4326,1,11
2026-08-02T07:16:18.914Z,deep_scan,20260802011913_1A-4-7-8-17-28C,30,28C,0,28,M165,AB4355,1,22
2026-08-02T07:16:18.914Z,deep_scan,20260802011913_1A-4-7-8-17-28C,30,28C,0,35,M62/3,AB6214,1,0
2026-08-02T07:16:48.904Z,deep_scan,20260802011913_1A-4-7-8-17-28C,30,28C,0,6,M163,AB5767,1,3
2026-08-02T07:16:48.904Z,deep_scan,20260802011913_1A-4-7-8-17-28C,30,28C,0,10,M148,AB5457,1,5
2026-08-02T07:16:48.904Z,deep_scan,20260802011913_1A-4-7-8-17-28C,30,28C,0,11,M76/1,AB4326,0,29
2026-08-02T07:16:48.904Z,deep_scan,20260802011913_1A-4-7-8-17-28C,30,28C,0,28,M165,AB4355,1,19
2026-08-02T07:16:48.904Z,deep_scan,20260802011913_1A-4-7-8-17-28C,30,28C,0,35,M62/3,AB6214,1,0
2026-08-02T07:17:18.899Z,deep_scan,20260802011913_1A-4-7-8-17-28C,30,28C,0,7,M164,AB5767,1,25
2026-08-02T07:17:18.899Z,deep_scan,20260802011913_1A-4-7-8-17-28C,30,28C,0,10,M148,AB5457,1,6
2026-08-02T07:17:18.899Z,deep_scan,20260802011913_1A-4-7-8-17-28C,30,28C,0,12,M84/1,AB4326,1,20
2026-08-02T07:17:18.899Z,deep_scan,20260802011913_1A-4-7-8-17-28C,30,28C,0,28,M165,AB4355,0,9
2026-08-02T07:17:48.903Z,deep_scan,20260802011913_1A-4-7-8-17-28C,30,28C,0,0,M62/3,AB6214,1,13
2026-08-02T07:17:48.903Z,deep_scan,20260802011913_1A-4-7-8-17-28C,30,28C,0,8,M151,AB5767,1,15
2026-08-02T07:17:48.903Z,deep_scan,20260802011913_1A-4-7-8-17-28C,30,28C,0,10,M148,AB5457,1,10
2026-08-02T07:17:48.903Z,deep_scan,20260802011913_1A-4-7-8-17-28C,30,28C,0,12,M84/1,AB4326,1,15
2026-08-02T07:17:48.903Z,deep_scan,20260802011913_1A-4-7-8-17-28C,30,28C,0,29,M163,AB4355,1,23
2026-08-02T07:18:18.923Z,deep_scan,20260802011913_1A-4-7-8-17-28C,30,28C,0,0,M62/3,AB6214,1,13
2026-08-02T07:18:18.923Z,deep_scan,20260802011913_1A-4-7-8-17-28C,30,28C,0,8,M151,AB5767,0,11
2026-08-02T07:18:18.923Z,deep_scan,20260802011913_1A-4-7-8-17-28C,30,28C,0,10,M148,AB5457,0,22
2026-08-02T07:18:18.923Z,deep_scan,20260802011913_1A-4-7-8-17-28C,30,28C,0,12,M84/1,AB4326,0,11
2026-08-02T07:18:18.923Z,deep_scan,20260802011913_1A-4-7-8-17-28C,30,28C,0,29,M163,AB4355,1,23
2026-08-02T07:18:48.980Z,deep_scan,20260802011913_1A-4-7-8-17-28C,30,28C,0,0,M62/3,AB6214,1,13
2026-08-02T07:18:48.980Z,deep_scan,20260802011913_1A-4-7-8-17-28C,30,28C,0,9,M150,AB5767,1,30
2026-08-02T07:18:48.980Z,deep_scan,20260802011913_1A-4-7-8-17-28C,30,28C,0,10,M148,AB5457,0,49
2026-08-02T07:18:48.980Z,deep_scan,20260802011913_1A-4-7-8-17-28C,30,28C,0,12,M84/1,AB4326,0,13
2026-08-02T07:18:48.980Z,deep_scan,20260802011913_1A-4-7-8-17-28C,30,28C,0,29,M163,AB4355,0,16
2026-08-02T07:19:18.936Z,deep_scan,20260802011913_1A-4-7-8-17-28C,30,28C,0,0,M62/3,AB6214,1,13
2026-08-02T07:19:18.936Z,deep_scan,20260802011913_1A-4-7-8-17-28C,30,28C,0,9,M150,AB5767,1,4
2026-08-02T07:19:18.936Z,deep_scan,20260802011913_1A-4-7-8-17-28C,30,28C,0,10,M148,AB5457,0,24
2026-08-02T07:19:18.936Z,deep_scan,20260802011913_1A-4-7-8-17-28C,30,28C,0,12,M84/1,AB4326,0,13
2026-08-02T07:19:18.936Z,deep_scan,20260802011913_1A-4-7-8-17-28C,30,28C,0,30,M160/2,AB4355,1,23
2026-08-02T07:19:48.972Z,deep_scan,20260802011913_1A-4-7-8-17-28C,30,28C,0,0,M62/3,AB6214,1,13
2026-08-02T07:19:48.972Z,deep_scan,20260802011913_1A-4-7-8-17-28C,30,28C,0,9,M150,AB5767,0,11
2026-08-02T07:19:48.972Z,deep_scan,20260802011913_1A-4-7-8-17-28C,30,28C,0,10,M148,AB5457,0,24
2026-08-02T07:19:48.972Z,deep_scan,20260802011913_1A-4-7-8-17-28C,30,28C,0,13,M92,AB4326,1,22
2026-08-02T07:19:48.972Z,deep_scan,20260802011913_1A-4-7-8-17-28C,30,28C,0,30,M160/2,AB4355,0,18
2026-08-02T07:20:18.955Z,deep_scan,20260802011913_1A-4-7-8-17-28C,30,28C,0,0,M62/3,AB6214,1,1
2026-08-02T07:20:18.955Z,deep_scan,20260802011913_1A-4-7-8-17-28C,30,28C,0,9,M150,AB5767,0,18
2026-08-02T07:20:18.955Z,deep_scan,20260802011913_1A-4-7-8-17-28C,30,28C,0,10,M148,AB5457,0,27
2026-08-02T07:20:18.955Z,deep_scan,20260802011913_1A-4-7-8-17-28C,30,28C,0,13,M92,AB4326,1,7
2026-08-02T07:20:18.955Z,deep_scan,20260802011913_1A-4-7-8-17-28C,30,28C,0,31,M158/1,AB4355,1,18
2026-08-02T07:20:49.020Z,deep_scan,20260802011913_1A-4-7-8-17-28C,30,28C,0,0,M62/3,AB6214,1,4
2026-08-02T07:20:49.020Z,deep_scan,20260802011913_1A-4-7-8-17-28C,30,28C,0,9,M150,AB5767,0,6
2026-08-02T07:20:49.020Z,deep_scan,20260802011913_1A-4-7-8-17-28C,30,28C,0,10,M148,AB5457,0,12
2026-08-02T07:20:49.020Z,deep_scan,20260802011913_1A-4-7-8-17-28C,30,28C,0,13,M92,AB4326,0,17
2026-08-02T07:20:49.020Z,deep_scan,20260802011913_1A-4-7-8-17-28C,30,28C,0,31,M158/1,AB4355,0,9
2026-08-02T07:21:18.980Z,deep_scan,20260802011913_1A-4-7-8-17-28C,30,28C,0,0,M62/3,AB6214,1,8
2026-08-02T07:21:18.980Z,deep_scan,20260802011913_1A-4-7-8-17-28C,30,28C,0,10,M148,AB5767,1,12
2026-08-02T07:21:18.980Z,deep_scan,20260802011913_1A-4-7-8-17-28C,30,28C,0,11,M76/1,AB5457,1,31
2026-08-02T07:21:18.980Z,deep_scan,20260802011913_1A-4-7-8-17-28C,30,28C,0,13,M92,AB4326,0,17
2026-08-02T07:21:18.980Z,deep_scan,20260802011913_1A-4-7-8-17-28C,30,28C,0,31,M158/1,AB4355,0,17
2026-08-02T07:21:49.056Z,deep_scan,20260802011913_1A-4-7-8-17-28C,30,28C,0,0,M62/3,AB6214,0,25
2026-08-02T07:21:49.056Z,deep_scan,20260802011913_1A-4-7-8-17-28C,30,28C,0,10,M148,AB5767,0,22
2026-08-02T07:21:49.056Z,deep_scan,20260802011913_1A-4-7-8-17-28C,30,28C,0,11,M76/1,AB5457,1,7
2026-08-02T07:21:49.056Z,deep_scan,20260802011913_1A-4-7-8-17-28C,30,28C,0,13,M92,AB4326,0,17
2026-08-02T07:21:49.056Z,deep_scan,20260802011913_1A-4-7-8-17-28C,30,28C,0,31,M158/1,AB4355,0,17
2026-08-02T07:22:18.975Z,deep_scan,20260802011913_1A-4-7-8-17-28C,30,28C,0,0,M62/3,AB6214,0,22
2026-08-02T07:22:18.975Z,deep_scan,20260802011913_1A-4-7-8-17-28C,30,28C,0,10,M148,AB5767,0,29
2026-08-02T07:22:18.975Z,deep_scan,20260802011913_1A-4-7-8-17-28C,30,28C,0,11,M76/1,AB5457,0,3
2026-08-02T07:22:18.975Z,deep_scan,20260802011913_1A-4-7-8-17-28C,30,28C,0,13,M92,AB4326,0,25
2026-08-02T07:22:18.975Z,deep_scan,20260802011913_1A-4-7-8-17-28C,30,28C,0,31,M158/1,AB4355,0,28
2026-08-02T07:22:48.983Z,deep_scan,20260802011913_1A-4-7-8-17-28C,30,28C,0,1,M117,AB6214,1,33
2026-08-02T07:22:48.983Z,deep_scan,20260802011913_1A-4-7-8-17-28C,30,28C,0,10,M148,AB5767,0,30
2026-08-02T07:22:48.983Z,deep_scan,20260802011913_1A-4-7-8-17-28C,30,28C,0,12,M84/1,AB5457,1,3
2026-08-02T07:22:48.983Z,deep_scan,20260802011913_1A-4-7-8-17-28C,30,28C,0,14,M104,AB4326,1,16
2026-08-02T07:22:48.983Z,deep_scan,20260802011913_1A-4-7-8-17-28C,30,28C,0,32,M161,AB4355,1,6
2026-08-02T07:23:19.002Z,deep_scan,20260802011913_1A-4-7-8-17-28C,30,28C,0,1,M117,AB6214,0,32
2026-08-02T07:23:19.002Z,deep_scan,20260802011913_1A-4-7-8-17-28C,30,28C,0,10,M148,AB5767,0,9
2026-08-02T07:23:19.002Z,deep_scan,20260802011913_1A-4-7-8-17-28C,30,28C,0,12,M84/1,AB5457,1,15
2026-08-02T07:23:19.002Z,deep_scan,20260802011913_1A-4-7-8-17-28C,30,28C,0,14,M104,AB4326,1,17
2026-08-02T07:23:19.002Z,deep_scan,20260802011913_1A-4-7-8-17-28C,30,28C,0,32,M161,AB4355,0,5
2026-08-02T07:23:49.008Z,deep_scan,20260802011913_1A-4-7-8-17-28C,30,28C,0,1,M117,AB6214,0,5
2026-08-02T07:23:49.008Z,deep_scan,20260802011913_1A-4-7-8-17-28C,30,28C,0,11,M76/1,AB5767,1,30
2026-08-02T07:23:49.008Z,deep_scan,20260802011913_1A-4-7-8-17-28C,30,28C,0,12,M84/1,AB5457,1,14
2026-08-02T07:23:49.008Z,deep_scan,20260802011913_1A-4-7-8-17-28C,30,28C,0,14,M104,AB4326,1,17
2026-08-02T07:23:49.008Z,deep_scan,20260802011913_1A-4-7-8-17-28C,30,28C,0,33,M70,AB4355,1,23
2026-08-02T07:24:19.059Z,deep_scan,20260802011913_1A-4-7-8-17-28C,30,28C,0,2,M241,AB6214,1,10
2026-08-02T07:24:19.059Z,deep_scan,20260802011913_1A-4-7-8-17-28C,30,28C,0,11,M76/1,AB5767,1,3
2026-08-02T07:24:19.059Z,deep_scan,20260802011913_1A-4-7-8-17-28C,30,28C,0,12,M84/1,AB5457,0,14
2026-08-02T07:24:19.059Z,deep_scan,20260802011913_1A-4-7-8-17-28C,30,28C,0,14,M104,AB4326,0,30
2026-08-02T07:24:19.059Z,deep_scan,20260802011913_1A-4-7-8-17-28C,30,28C,0,33,M70,AB4355,1,2
2026-08-02T07:24:48.994Z,deep_scan,20260802011913_1A-4-7-8-17-28C,30,28C,0,2,M241,AB6214,0,22
2026-08-02T07:24:48.994Z,deep_scan,20260802011913_1A-4-7-8-17-28C,30,28C,0,12,M84/1,AB5457,0,4
2026-08-02T07:24:48.994Z,deep_scan,20260802011913_1A-4-7-8-17-28C,30,28C,0,12,M84/1,AB5767,1,17
2026-08-02T07:24:48.994Z,deep_scan,20260802011913_1A-4-7-8-17-28C,30,28C,0,14,M104,AB4326,0,30
2026-08-02T07:24:48.994Z,deep_scan,20260802011913_1A-4-7-8-17-28C,30,28C,0,33,M70,AB4355,0,18
2026-08-02T07:25:19.018Z,deep_scan,20260802011913_1A-4-7-8-17-28C,30,28C,0,3,M71,AB6214,1,13
2026-08-02T07:25:19.018Z,deep_scan,20260802011913_1A-4-7-8-17-28C,30,28C,0,12,M84/1,AB5457,0,12
2026-08-02T07:25:19.018Z,deep_scan,20260802011913_1A-4-7-8-17-28C,30,28C,0,12,M84/1,AB5767,1,3
2026-08-02T07:25:19.018Z,deep_scan,20260802011913_1A-4-7-8-17-28C,30,28C,0,14,M104,AB4326,0,23
2026-08-02T07:25:19.018Z,deep_scan,20260802011913_1A-4-7-8-17-28C,30,28C,0,33,M70,AB4355,0,10
2026-08-02T07:25:49.036Z,deep_scan,20260802011913_1A-4-7-8-17-28C,30,28C,0,3,M71,AB6214,1,21
2026-08-02T07:25:49.036Z,deep_scan,20260802011913_1A-4-7-8-17-28C,30,28C,0,12,M84/1,AB5457,0,12
2026-08-02T07:25:49.036Z,deep_scan,20260802011913_1A-4-7-8-17-28C,30,28C,0,12,M84/1,AB5767,1,11
2026-08-02T07:25:49.036Z,deep_scan,20260802011913_1A-4-7-8-17-28C,30,28C,0,15,M43,AB4326,1,12
2026-08-02T07:25:49.036Z,deep_scan,20260802011913_1A-4-7-8-17-28C,30,28C,0,34,M118,AB4355,1,6
2026-08-02T07:26:19.106Z,deep_scan,20260802011913_1A-4-7-8-17-28C,30,28C,0,4,M155,AB6214,1,10
2026-08-02T07:26:19.106Z,deep_scan,20260802011913_1A-4-7-8-17-28C,30,28C,0,12,M84/1,AB5767,1,11
2026-08-02T07:26:19.106Z,deep_scan,20260802011913_1A-4-7-8-17-28C,30,28C,0,13,M92,AB5457,1,14
2026-08-02T07:26:19.106Z,deep_scan,20260802011913_1A-4-7-8-17-28C,30,28C,0,15,M43,AB4326,0,12
2026-08-02T07:26:19.106Z,deep_scan,20260802011913_1A-4-7-8-17-28C,30,28C,0,34,M118,AB4355,1,5
2026-08-02T07:26:49.083Z,deep_scan,20260802011913_1A-4-7-8-17-28C,30,28C,0,4,M155,AB6214,1,12
2026-08-02T07:26:49.083Z,deep_scan,20260802011913_1A-4-7-8-17-28C,30,28C,0,12,M84/1,AB5767,0,5
2026-08-02T07:26:49.083Z,deep_scan,20260802011913_1A-4-7-8-17-28C,30,28C,0,13,M92,AB5457,1,24
2026-08-02T07:26:49.083Z,deep_scan,20260802011913_1A-4-7-8-17-28C,30,28C,0,16,M40,AB4326,1,21
2026-08-02T07:26:49.083Z,deep_scan,20260802011913_1A-4-7-8-17-28C,30,28C,0,34,M118,AB4355,1,5
2026-08-02T07:27:19.082Z,deep_scan,20260802011913_1A-4-7-8-17-28C,30,28C,0,4,M155,AB6214,0,24
2026-08-02T07:27:19.082Z,deep_scan,20260802011913_1A-4-7-8-17-28C,30,28C,0,12,M84/1,AB5767,0,13
2026-08-02T07:27:19.082Z,deep_scan,20260802011913_1A-4-7-8-17-28C,30,28C,0,13,M92,AB5457,0,31
2026-08-02T07:27:19.082Z,deep_scan,20260802011913_1A-4-7-8-17-28C,30,28C,0,16,M40,AB4326,1,21
2026-08-02T07:27:19.082Z,deep_scan,20260802011913_1A-4-7-8-17-28C,30,28C,0,34,M118,AB4355,1,4
2026-08-02T07:27:49.035Z,deep_scan,20260802011913_1A-4-7-8-17-28C,30,28C,0,4,M155,AB6214,0,17
2026-08-02T07:27:49.035Z,deep_scan,20260802011913_1A-4-7-8-17-28C,30,28C,0,12,M84/1,AB5767,0,2
2026-08-02T07:27:49.035Z,deep_scan,20260802011913_1A-4-7-8-17-28C,30,28C,0,14,M104,AB5457,1,32
2026-08-02T07:27:49.035Z,deep_scan,20260802011913_1A-4-7-8-17-28C,30,28C,0,16,M40,AB4326,0,21
2026-08-02T07:27:49.035Z,deep_scan,20260802011913_1A-4-7-8-17-28C,30,28C,0,34,M118,AB4355,0,4
2026-08-02T07:28:19.131Z,deep_scan,20260802011913_1A-4-7-8-17-28C,30,28C,0,5,M157,AB6214,1,9
2026-08-02T07:28:19.131Z,deep_scan,20260802011913_1A-4-7-8-17-28C,30,28C,0,13,M92,AB5767,1,15
2026-08-02T07:28:19.131Z,deep_scan,20260802011913_1A-4-7-8-17-28C,30,28C,0,14,M104,AB5457,1,32
2026-08-02T07:28:19.131Z,deep_scan,20260802011913_1A-4-7-8-17-28C,30,28C,0,16,M40,AB4326,0,21
2026-08-02T07:28:19.131Z,deep_scan,20260802011913_1A-4-7-8-17-28C,30,28C,0,34,M118,AB4355,0,4
2026-08-02T07:28:49.067Z,deep_scan,20260802011913_1A-4-7-8-17-28C,30,28C,0,5,M157,AB6214,1,21
2026-08-02T07:28:49.067Z,deep_scan,20260802011913_1A-4-7-8-17-28C,30,28C,0,13,M92,AB5767,0,3
2026-08-02T07:28:49.067Z,deep_scan,20260802011913_1A-4-7-8-17-28C,30,28C,0,14,M104,AB5457,1,3
2026-08-02T07:28:49.067Z,deep_scan,20260802011913_1A-4-7-8-17-28C,30,28C,0,16,M40,AB4326,0,21
2026-08-02T07:28:49.067Z,deep_scan,20260802011913_1A-4-7-8-17-28C,30,28C,0,35,M62/3,AB4355,1,0
2026-08-02T07:29:19.135Z,deep_scan,20260802011913_1A-4-7-8-17-28C,30,28C,0,6,M163,AB6214,1,7
2026-08-02T07:29:19.135Z,deep_scan,20260802011913_1A-4-7-8-17-28C,30,28C,0,13,M92,AB5767,0,23
2026-08-02T07:29:19.135Z,deep_scan,20260802011913_1A-4-7-8-17-28C,30,28C,0,15,M43,AB5457,1,20
2026-08-02T07:29:19.135Z,deep_scan,20260802011913_1A-4-7-8-17-28C,30,28C,0,16,M40,AB4326,0,21
2026-08-02T07:29:19.135Z,deep_scan,20260802011913_1A-4-7-8-17-28C,30,28C,0,35,M62/3,AB4355,1,0
2026-08-02T07:29:49.130Z,deep_scan,20260802011913_1A-4-7-8-17-28C,30,28C,0,6,M163,AB6214,1,15
2026-08-02T07:29:49.130Z,deep_scan,20260802011913_1A-4-7-8-17-28C,30,28C,0,14,M104,AB5767,1,1
2026-08-02T07:29:49.130Z,deep_scan,20260802011913_1A-4-7-8-17-28C,30,28C,0,15,M43,AB5457,1,1
2026-08-02T07:29:49.130Z,deep_scan,20260802011913_1A-4-7-8-17-28C,30,28C,0,17,M28/2,AB4326,1,31
2026-08-02T07:29:49.130Z,deep_scan,20260802011913_1A-4-7-8-17-28C,30,28C,0,35,M62/3,AB4355,1,0
2026-08-02T07:30:19.100Z,deep_scan,20260802011913_1A-4-7-8-17-28C,30,28C,0,6,M163,AB6214,1,3
2026-08-02T07:30:19.100Z,deep_scan,20260802011913_1A-4-7-8-17-28C,30,28C,0,14,M104,AB5767,1,12
2026-08-02T07:30:19.100Z,deep_scan,20260802011913_1A-4-7-8-17-28C,30,28C,0,15,M43,AB5457,0,33
2026-08-02T07:30:19.100Z,deep_scan,20260802011913_1A-4-7-8-17-28C,30,28C,0,17,M28/2,AB4326,1,21
2026-08-02T07:30:19.100Z,deep_scan,20260802011913_1A-4-7-8-17-28C,30,28C,0,35,M62/3,AB4355,1,0
2026-08-02T07:30:49.132Z,deep_scan,20260802011913_1A-4-7-8-17-28C,30,28C,0,7,M164,AB6214,1,25
2026-08-02T07:30:49.132Z,deep_scan,20260802011913_1A-4-7-8-17-28C,30,28C,0,14,M104,AB5767,0,29
2026-08-02T07:30:49.132Z,deep_scan,20260802011913_1A-4-7-8-17-28C,30,28C,0,16,M40,AB5457,1,34
2026-08-02T07:30:49.132Z,deep_scan,20260802011913_1A-4-7-8-17-28C,30,28C,0,17,M28/2,AB4326,0,21
2026-08-02T07:30:49.132Z,deep_scan,20260802011913_1A-4-7-8-17-28C,30,28C,0,35,M62/3,AB4355,1,0
2026-08-02T07:31:19.094Z,deep_scan,20260802011913_1A-4-7-8-17-28C,30,28C,0,7,M164,AB6214,0,23
2026-08-02T07:31:19.094Z,deep_scan,20260802011913_1A-4-7-8-17-28C,30,28C,0,15,M43,AB5767,0,16
2026-08-02T07:31:19.094Z,deep_scan,20260802011913_1A-4-7-8-17-28C,30,28C,0,16,M40,AB5457,0,29
2026-08-02T07:31:19.094Z,deep_scan,20260802011913_1A-4-7-8-17-28C,30,28C,0,17,M28/2,AB4326,0,4
2026-08-02T07:31:19.094Z,deep_scan,20260802011913_1A-4-7-8-17-28C,30,28C,0,35,M62/3,AB4355,1,0
2026-08-02T07:31:49.178Z,deep_scan,20260802011913_1A-4-7-8-17-28C,30,28C,0,0,M62/3,AB5657,1,2
2026-08-02T07:31:49.178Z,deep_scan,20260802011913_1A-4-7-8-17-28C,30,28C,0,8,M151,AB6214,1,36
2026-08-02T07:31:49.178Z,deep_scan,20260802011913_1A-4-7-8-17-28C,30,28C,0,15,M43,AB5767,0,25
2026-08-02T07:31:49.178Z,deep_scan,20260802011913_1A-4-7-8-17-28C,30,28C,0,16,M40,AB5457,0,29
2026-08-02T07:31:49.178Z,deep_scan,20260802011913_1A-4-7-8-17-28C,30,28C,0,17,M28/2,AB4326,0,4
2026-08-02T07:31:49.178Z,deep_scan,20260802011913_1A-4-7-8-17-28C,30,28C,0,35,M62/3,AB4355,1,0
2026-08-02T07:32:19.129Z,deep_scan,20260802011913_1A-4-7-8-17-28C,30,28C,0,0,M62/3,AB5657,1,2
2026-08-02T07:32:19.129Z,deep_scan,20260802011913_1A-4-7-8-17-28C,30,28C,0,8,M151,AB6214,1,12
2026-08-02T07:32:19.129Z,deep_scan,20260802011913_1A-4-7-8-17-28C,30,28C,0,16,M40,AB5767,0,10
2026-08-02T07:32:19.129Z,deep_scan,20260802011913_1A-4-7-8-17-28C,30,28C,0,17,M28/2,AB4326,0,26
2026-08-02T07:32:19.129Z,deep_scan,20260802011913_1A-4-7-8-17-28C,30,28C,0,17,M28/2,AB5457,1,30
2026-08-02T07:32:19.129Z,deep_scan,20260802011913_1A-4-7-8-17-28C,30,28C,0,35,M62/3,AB4355,1,0
2026-08-02T07:32:49.137Z,deep_scan,20260802011913_1A-4-7-8-17-28C,30,28C,0,0,M62/3,AB5657,1,2
2026-08-02T07:32:49.137Z,deep_scan,20260802011913_1A-4-7-8-17-28C,30,28C,0,8,M151,AB6214,1,6
2026-08-02T07:32:49.137Z,deep_scan,20260802011913_1A-4-7-8-17-28C,30,28C,0,16,M40,AB5767,0,5
2026-08-02T07:32:49.137Z,deep_scan,20260802011913_1A-4-7-8-17-28C,30,28C,0,17,M28/2,AB5457,0,26
2026-08-02T07:32:49.137Z,deep_scan,20260802011913_1A-4-7-8-17-28C,30,28C,0,18,M227,AB4326,1,19
2026-08-02T07:32:49.137Z,deep_scan,20260802011913_1A-4-7-8-17-28C,30,28C,0,35,M62/3,AB4355,1,0
2026-08-02T07:33:19.151Z,deep_scan,20260802011913_1A-4-7-8-17-28C,30,28C,0,0,M62/3,AB5657,1,17
2026-08-02T07:33:19.151Z,deep_scan,20260802011913_1A-4-7-8-17-28C,30,28C,0,9,M150,AB6214,1,19
2026-08-02T07:33:19.151Z,deep_scan,20260802011913_1A-4-7-8-17-28C,30,28C,0,16,M40,AB5767,0,2
2026-08-02T07:33:19.151Z,deep_scan,20260802011913_1A-4-7-8-17-28C,30,28C,0,17,M28/2,AB5457,0,17
2026-08-02T07:33:19.151Z,deep_scan,20260802011913_1A-4-7-8-17-28C,30,28C,0,18,M227,AB4326,1,6
2026-08-02T07:33:49.153Z,deep_scan,20260802011913_1A-4-7-8-17-28C,30,28C,0,0,M62/3,AB5657,0,22
2026-08-02T07:33:49.153Z,deep_scan,20260802011913_1A-4-7-8-17-28C,30,28C,0,9,M150,AB6214,1,11
2026-08-02T07:33:49.153Z,deep_scan,20260802011913_1A-4-7-8-17-28C,30,28C,0,16,M40,AB5767,0,2
2026-08-02T07:33:49.153Z,deep_scan,20260802011913_1A-4-7-8-17-28C,30,28C,0,17,M28/2,AB5457,0,7
2026-08-02T07:33:49.153Z,deep_scan,20260802011913_1A-4-7-8-17-28C,30,28C,0,18,M227,AB4326,1,14
2026-08-02T07:34:19.155Z,deep_scan,20260802011913_1A-4-7-8-17-28C,30,28C,0,1,M117,AB5657,1,29
2026-08-02T07:34:19.155Z,deep_scan,20260802011913_1A-4-7-8-17-28C,30,28C,0,9,M150,AB6214,1,12
2026-08-02T07:34:19.155Z,deep_scan,20260802011913_1A-4-7-8-17-28C,30,28C,0,16,M40,AB5767,0,1
2026-08-02T07:34:19.155Z,deep_scan,20260802011913_1A-4-7-8-17-28C,30,28C,0,17,M28/2,AB5457,0,7
2026-08-02T07:34:19.155Z,deep_scan,20260802011913_1A-4-7-8-17-28C,30,28C,0,18,M227,AB4326,0,25
2026-08-02T07:34:49.196Z,deep_scan,20260802011913_1A-4-7-8-17-28C,30,28C,0,1,M117,AB5657,1,12
2026-08-02T07:34:49.196Z,deep_scan,20260802011913_1A-4-7-8-17-28C,30,28C,0,9,M150,AB6214,0,6
2026-08-02T07:34:49.196Z,deep_scan,20260802011913_1A-4-7-8-17-28C,30,28C,0,17,M28/2,AB5767,1,8
2026-08-02T07:34:49.196Z,deep_scan,20260802011913_1A-4-7-8-17-28C,30,28C,0,18,M227,AB4326,0,7
2026-08-02T07:34:49.196Z,deep_scan,20260802011913_1A-4-7-8-17-28C,30,28C,0,18,M227,AB5457,1,9
2026-08-02T07:35:19.151Z,deep_scan,20260802011913_1A-4-7-8-17-28C,30,28C,0,1,M117,AB5657,0,19
2026-08-02T07:35:19.151Z,deep_scan,20260802011913_1A-4-7-8-17-28C,30,28C,0,10,M148,AB6214,1,8
2026-08-02T07:35:19.151Z,deep_scan,20260802011913_1A-4-7-8-17-28C,30,28C,0,17,M28/2,AB5767,1,6
2026-08-02T07:35:19.151Z,deep_scan,20260802011913_1A-4-7-8-17-28C,30,28C,0,18,M227,AB5457,1,9
2026-08-02T07:35:19.151Z,deep_scan,20260802011913_1A-4-7-8-17-28C,30,28C,0,19,M244,AB4326,1,9
2026-08-02T07:35:49.208Z,deep_scan,20260802011913_1A-4-7-8-17-28C,30,28C,0,2,M241,AB5657,0,15
2026-08-02T07:35:49.208Z,deep_scan,20260802011913_1A-4-7-8-17-28C,30,28C,0,10,M148,AB6214,1,5
2026-08-02T07:35:49.208Z,deep_scan,20260802011913_1A-4-7-8-17-28C,30,28C,0,17,M28/2,AB5767,0,2
2026-08-02T07:35:49.208Z,deep_scan,20260802011913_1A-4-7-8-17-28C,30,28C,0,18,M227,AB5457,0,26
2026-08-02T07:35:49.208Z,deep_scan,20260802011913_1A-4-7-8-17-28C,30,28C,0,19,M244,AB4326,1,9
2026-08-02T07:36:19.252Z,deep_scan,20260802011913_1A-4-7-8-17-28C,30,28C,0,3,M71,AB5657,1,13
2026-08-02T07:36:19.252Z,deep_scan,20260802011913_1A-4-7-8-17-28C,30,28C,0,10,M148,AB6214,0,2
2026-08-02T07:36:19.252Z,deep_scan,20260802011913_1A-4-7-8-17-28C,30,28C,0,17,M28/2,AB5767,0,2
2026-08-02T07:36:19.252Z,deep_scan,20260802011913_1A-4-7-8-17-28C,30,28C,0,18,M227,AB5457,0,14
2026-08-02T07:36:19.252Z,deep_scan,20260802011913_1A-4-7-8-17-28C,30,28C,0,19,M244,AB4326,1,5
2026-08-02T07:36:49.166Z,deep_scan,20260802011913_1A-4-7-8-17-28C,30,28C,0,3,M71,AB5657,0,18
2026-08-02T07:36:49.166Z,deep_scan,20260802011913_1A-4-7-8-17-28C,30,28C,0,10,M148,AB6214,0,8
2026-08-02T07:36:49.166Z,deep_scan,20260802011913_1A-4-7-8-17-28C,30,28C,0,17,M28/2,AB5767,0,24
2026-08-02T07:36:49.166Z,deep_scan,20260802011913_1A-4-7-8-17-28C,30,28C,0,18,M227,AB5457,0,14
2026-08-02T07:36:49.166Z,deep_scan,20260802011913_1A-4-7-8-17-28C,30,28C,0,19,M244,AB4326,1,2
2026-08-02T07:37:19.259Z,deep_scan,20260802011913_1A-4-7-8-17-28C,30,28C,0,4,M155,AB5657,1,11
2026-08-02T07:37:19.259Z,deep_scan,20260802011913_1A-4-7-8-17-28C,30,28C,0,10,M148,AB6214,0,20
2026-08-02T07:37:19.259Z,deep_scan,20260802011913_1A-4-7-8-17-28C,30,28C,0,18,M227,AB5767,1,4
2026-08-02T07:37:19.259Z,deep_scan,20260802011913_1A-4-7-8-17-28C,30,28C,0,19,M244,AB4326,1,2
2026-08-02T07:37:19.259Z,deep_scan,20260802011913_1A-4-7-8-17-28C,30,28C,0,19,M244,AB5457,1,16
2026-08-02T07:37:49.232Z,deep_scan,20260802011913_1A-4-7-8-17-28C,30,28C,0,4,M155,AB5657,0,7
2026-08-02T07:37:49.232Z,deep_scan,20260802011913_1A-4-7-8-17-28C,30,28C,0,10,M148,AB6214,0,24
2026-08-02T07:37:49.232Z,deep_scan,20260802011913_1A-4-7-8-17-28C,30,28C,0,18,M227,AB5767,0,22
2026-08-02T07:37:49.232Z,deep_scan,20260802011913_1A-4-7-8-17-28C,30,28C,0,19,M244,AB5457,0,25
2026-08-02T07:37:49.232Z,deep_scan,20260802011913_1A-4-7-8-17-28C,30,28C,0,19,M244,AB4326,0,26
2026-08-02T07:38:19.265Z,deep_scan,20260802011913_1A-4-7-8-17-28C,30,28C,0,5,M157,AB5657,1,34
2026-08-02T07:38:19.265Z,deep_scan,20260802011913_1A-4-7-8-17-28C,30,28C,0,11,M76/1,AB6214,1,24
2026-08-02T07:38:19.265Z,deep_scan,20260802011913_1A-4-7-8-17-28C,30,28C,0,18,M227,AB5767,0,14
2026-08-02T07:38:19.265Z,deep_scan,20260802011913_1A-4-7-8-17-28C,30,28C,0,19,M244,AB5457,0,3
2026-08-02T07:38:19.265Z,deep_scan,20260802011913_1A-4-7-8-17-28C,30,28C,0,19,M244,AB4326,0,4
2026-08-02T07:38:49.293Z,deep_scan,20260802011913_1A-4-7-8-17-28C,30,28C,0,5,M157,AB5657,1,19
2026-08-02T07:38:49.293Z,deep_scan,20260802011913_1A-4-7-8-17-28C,30,28C,0,11,M76/1,AB6214,1,12
2026-08-02T07:38:49.293Z,deep_scan,20260802011913_1A-4-7-8-17-28C,30,28C,0,18,M227,AB5767,0,3
2026-08-02T07:38:49.293Z,deep_scan,20260802011913_1A-4-7-8-17-28C,30,28C,0,19,M244,AB5457,0,3
2026-08-02T07:38:49.293Z,deep_scan,20260802011913_1A-4-7-8-17-28C,30,28C,0,19,M244,AB4326,0,4
2026-08-02T07:39:19.257Z,deep_scan,20260802011913_1A-4-7-8-17-28C,30,28C,0,6,M163,AB5657,1,20
2026-08-02T07:39:19.257Z,deep_scan,20260802011913_1A-4-7-8-17-28C,30,28C,0,11,M76/1,AB6214,0,28
2026-08-02T07:39:19.257Z,deep_scan,20260802011913_1A-4-7-8-17-28C,30,28C,0,18,M227,AB5767,0,9
2026-08-02T07:39:19.257Z,deep_scan,20260802011913_1A-4-7-8-17-28C,30,28C,0,19,M244,AB4326,0,43
2026-08-02T07:39:19.257Z,deep_scan,20260802011913_1A-4-7-8-17-28C,30,28C,0,20,M216,AB5457,1,10
2026-08-02T07:39:49.279Z,deep_scan,20260802011913_1A-4-7-8-17-28C,30,28C,0,6,M163,AB5657,1,8
2026-08-02T07:39:49.279Z,deep_scan,20260802011913_1A-4-7-8-17-28C,30,28C,0,12,M84/1,AB6214,1,20
2026-08-02T07:39:49.279Z,deep_scan,20260802011913_1A-4-7-8-17-28C,30,28C,0,19,M244,AB4326,0,1
2026-08-02T07:39:49.279Z,deep_scan,20260802011913_1A-4-7-8-17-28C,30,28C,0,19,M244,AB5767,1,9
2026-08-02T07:39:49.279Z,deep_scan,20260802011913_1A-4-7-8-17-28C,30,28C,0,20,M216,AB5457,0,22
2026-08-02T07:40:19.287Z,deep_scan,20260802011913_1A-4-7-8-17-28C,30,28C,0,7,M164,AB5657,1,4
2026-08-02T07:40:19.287Z,deep_scan,20260802011913_1A-4-7-8-17-28C,30,28C,0,12,M84/1,AB6214,1,11
2026-08-02T07:40:19.287Z,deep_scan,20260802011913_1A-4-7-8-17-28C,30,28C,0,19,M244,AB5767,0,9
2026-08-02T07:40:19.287Z,deep_scan,20260802011913_1A-4-7-8-17-28C,30,28C,0,20,M216,AB5457,0,49
2026-08-02T07:40:19.287Z,deep_scan,20260802011913_1A-4-7-8-17-28C,30,28C,0,20,M216,AB4326,0,28
2026-08-02T07:40:49.285Z,deep_scan,20260802011913_1A-4-7-8-17-28C,30,28C,0,7,M164,AB5657,1,12
2026-08-02T07:40:49.285Z,deep_scan,20260802011913_1A-4-7-8-17-28C,30,28C,0,12,M84/1,AB6214,0,9
2026-08-02T07:40:49.285Z,deep_scan,20260802011913_1A-4-7-8-17-28C,30,28C,0,19,M244,AB5767,0,9
2026-08-02T07:40:49.285Z,deep_scan,20260802011913_1A-4-7-8-17-28C,30,28C,0,20,M216,AB5457,0,4
2026-08-02T07:40:49.285Z,deep_scan,20260802011913_1A-4-7-8-17-28C,30,28C,0,20,M216,AB4326,0,40
2026-08-02T07:41:19.314Z,deep_scan,20260802011913_1A-4-7-8-17-28C,30,28C,0,7,M164,AB5657,1,12
2026-08-02T07:41:19.314Z,deep_scan,20260802011913_1A-4-7-8-17-28C,30,28C,0,12,M84/1,AB6214,0,24
2026-08-02T07:41:19.314Z,deep_scan,20260802011913_1A-4-7-8-17-28C,30,28C,0,19,M244,AB5767,0,3
2026-08-02T07:41:19.314Z,deep_scan,20260802011913_1A-4-7-8-17-28C,30,28C,0,20,M216,AB5457,0,4
2026-08-02T07:41:19.314Z,deep_scan,20260802011913_1A-4-7-8-17-28C,30,28C,0,20,M216,AB4326,0,18
2026-08-02T07:41:49.270Z,deep_scan,20260802011913_1A-4-7-8-17-28C,30,28C,0,7,M164,AB5657,0,31
2026-08-02T07:41:49.270Z,deep_scan,20260802011913_1A-4-7-8-17-28C,30,28C,0,12,M84/1,AB6214,0,24
2026-08-02T07:41:49.270Z,deep_scan,20260802011913_1A-4-7-8-17-28C,30,28C,0,19,M244,AB5767,0,3
2026-08-02T07:41:49.270Z,deep_scan,20260802011913_1A-4-7-8-17-28C,30,28C,0,20,M216,AB4326,0,7
2026-08-02T07:41:49.270Z,deep_scan,20260802011913_1A-4-7-8-17-28C,30,28C,0,21,M225,AB5457,1,22
2026-08-02T07:42:19.462Z,deep_scan,20260802011913_1A-4-7-8-17-28C,30,28C,0,8,M151,AB5657,1,17
2026-08-02T07:42:19.462Z,deep_scan,20260802011913_1A-4-7-8-17-28C,30,28C,0,12,M84/1,AB6214,0,24
2026-08-02T07:42:19.462Z,deep_scan,20260802011913_1A-4-7-8-17-28C,30,28C,0,19,M244,AB5767,0,30
2026-08-02T07:42:19.462Z,deep_scan,20260802011913_1A-4-7-8-17-28C,30,28C,0,21,M225,AB5457,1,20
2026-08-02T07:42:19.462Z,deep_scan,20260802011913_1A-4-7-8-17-28C,30,28C,0,21,M225,AB4326,1,20
2026-08-02T07:42:50.316Z,deep_scan,20260802011913_1A-4-7-8-17-28C,30,28C,0,8,M151,AB5657,0,19
2026-08-02T07:42:50.316Z,deep_scan,20260802011913_1A-4-7-8-17-28C,30,28C,0,13,M92,AB6214,1,17
2026-08-02T07:42:50.316Z,deep_scan,20260802011913_1A-4-7-8-17-28C,30,28C,0,20,M216,AB5767,1,4
2026-08-02T07:42:50.316Z,deep_scan,20260802011913_1A-4-7-8-17-28C,30,28C,0,21,M225,AB5457,1,2
2026-08-02T07:42:50.316Z,deep_scan,20260802011913_1A-4-7-8-17-28C,30,28C,0,21,M225,AB4326,1,13
2026-08-02T07:43:19.302Z,deep_scan,20260802011913_1A-4-7-8-17-28C,30,28C,0,0,M62/3,AB4355,1,15
2026-08-02T07:43:19.302Z,deep_scan,20260802011913_1A-4-7-8-17-28C,30,28C,0,9,M150,AB5657,1,14
2026-08-02T07:43:19.302Z,deep_scan,20260802011913_1A-4-7-8-17-28C,30,28C,0,13,M92,AB6214,1,4
2026-08-02T07:43:19.302Z,deep_scan,20260802011913_1A-4-7-8-17-28C,30,28C,0,20,M216,AB5767,0,18
2026-08-02T07:43:19.302Z,deep_scan,20260802011913_1A-4-7-8-17-28C,30,28C,0,21,M225,AB4326,0,9
2026-08-02T07:43:19.302Z,deep_scan,20260802011913_1A-4-7-8-17-28C,30,28C,0,21,M225,AB5457,0,19
2026-08-02T07:43:49.251Z,deep_scan,20260802011913_1A-4-7-8-17-28C,30,28C,0,0,M62/3,AB4355,1,15
2026-08-02T07:43:49.251Z,deep_scan,20260802011913_1A-4-7-8-17-28C,30,28C,0,9,M150,AB5657,1,14
2026-08-02T07:43:49.251Z,deep_scan,20260802011913_1A-4-7-8-17-28C,30,28C,0,13,M92,AB6214,0,10
2026-08-02T07:43:49.251Z,deep_scan,20260802011913_1A-4-7-8-17-28C,30,28C,0,20,M216,AB5767,0,46
2026-08-02T07:43:49.251Z,deep_scan,20260802011913_1A-4-7-8-17-28C,30,28C,0,21,M225,AB4326,0,32
2026-08-02T07:43:49.251Z,deep_scan,20260802011913_1A-4-7-8-17-28C,30,28C,0,21,M225,AB5457,0,26
2026-08-02T07:44:19.353Z,deep_scan,20260802011913_1A-4-7-8-17-28C,30,28C,0,0,M62/3,AB4355,1,11
2026-08-02T07:44:19.353Z,deep_scan,20260802011913_1A-4-7-8-17-28C,30,28C,0,9,M150,AB5657,0,27
2026-08-02T07:44:19.353Z,deep_scan,20260802011913_1A-4-7-8-17-28C,30,28C,0,13,M92,AB6214,0,21
2026-08-02T07:44:19.353Z,deep_scan,20260802011913_1A-4-7-8-17-28C,30,28C,0,20,M216,AB5767,0,13
2026-08-02T07:44:19.353Z,deep_scan,20260802011913_1A-4-7-8-17-28C,30,28C,0,21,M225,AB4326,0,11
2026-08-02T07:44:19.353Z,deep_scan,20260802011913_1A-4-7-8-17-28C,30,28C,0,21,M225,AB5457,0,45
2026-08-02T07:44:49.268Z,deep_scan,20260802011913_1A-4-7-8-17-28C,30,28C,0,0,M62/3,AB4355,0,23
2026-08-02T07:44:49.268Z,deep_scan,20260802011913_1A-4-7-8-17-28C,30,28C,0,10,M148,AB5657,1,8
2026-08-02T07:44:49.268Z,deep_scan,20260802011913_1A-4-7-8-17-28C,30,28C,0,13,M92,AB6214,0,26
2026-08-02T07:44:49.268Z,deep_scan,20260802011913_1A-4-7-8-17-28C,30,28C,0,20,M216,AB5767,0,1
2026-08-02T07:44:49.268Z,deep_scan,20260802011913_1A-4-7-8-17-28C,30,28C,0,21,M225,AB4326,0,11
2026-08-02T07:44:49.268Z,deep_scan,20260802011913_1A-4-7-8-17-28C,30,28C,0,22,M16/2,AB5457,1,18
2026-08-02T07:45:19.373Z,deep_scan,20260802011913_1A-4-7-8-17-28C,30,28C,0,0,M62/3,AB4355,0,43
2026-08-02T07:45:19.373Z,deep_scan,20260802011913_1A-4-7-8-17-28C,30,28C,0,10,M148,AB5657,1,3
2026-08-02T07:45:19.373Z,deep_scan,20260802011913_1A-4-7-8-17-28C,30,28C,0,14,M104,AB6214,1,11
2026-08-02T07:45:19.373Z,deep_scan,20260802011913_1A-4-7-8-17-28C,30,28C,0,21,M225,AB4326,0,27
2026-08-02T07:45:19.373Z,deep_scan,20260802011913_1A-4-7-8-17-28C,30,28C,0,21,M225,AB5767,1,7
2026-08-02T07:45:19.373Z,deep_scan,20260802011913_1A-4-7-8-17-28C,30,28C,0,22,M16/2,AB5457,1,10
2026-08-02T07:45:49.328Z,deep_scan,20260802011913_1A-4-7-8-17-28C,30,28C,0,1,M117,AB4355,0,24
2026-08-02T07:45:49.328Z,deep_scan,20260802011913_1A-4-7-8-17-28C,30,28C,0,10,M148,AB5657,0,3
2026-08-02T07:45:49.328Z,deep_scan,20260802011913_1A-4-7-8-17-28C,30,28C,0,14,M104,AB6214,0,27
2026-08-02T07:45:49.328Z,deep_scan,20260802011913_1A-4-7-8-17-28C,30,28C,0,21,M225,AB4326,0,39
2026-08-02T07:45:49.328Z,deep_scan,20260802011913_1A-4-7-8-17-28C,30,28C,0,21,M225,AB5767,1,6
2026-08-02T07:45:49.328Z,deep_scan,20260802011913_1A-4-7-8-17-28C,30,28C,0,22,M16/2,AB5457,1,10
2026-08-02T07:46:19.319Z,deep_scan,20260802011913_1A-4-7-8-17-28C,30,28C,0,1,M117,AB4355,0,29
2026-08-02T07:46:19.319Z,deep_scan,20260802011913_1A-4-7-8-17-28C,30,28C,0,10,M148,AB5657,0,11
2026-08-02T07:46:19.319Z,deep_scan,20260802011913_1A-4-7-8-17-28C,30,28C,0,14,M104,AB6214,0,22
2026-08-02T07:46:19.319Z,deep_scan,20260802011913_1A-4-7-8-17-28C,30,28C,0,21,M225,AB5767,1,6
2026-08-02T07:46:19.319Z,deep_scan,20260802011913_1A-4-7-8-17-28C,30,28C,0,22,M16/2,AB5457,1,10
2026-08-02T07:46:19.319Z,deep_scan,20260802011913_1A-4-7-8-17-28C,30,28C,0,22,M16/2,AB4326,1,16
2026-08-02T07:46:49.335Z,deep_scan,20260802011913_1A-4-7-8-17-28C,30,28C,0,2,M241,AB4355,1,27
2026-08-02T07:46:49.335Z,deep_scan,20260802011913_1A-4-7-8-17-28C,30,28C,0,10,M148,AB5657,0,27
2026-08-02T07:46:49.335Z,deep_scan,20260802011913_1A-4-7-8-17-28C,30,28C,0,14,M104,AB6214,0,13
2026-08-02T07:46:49.335Z,deep_scan,20260802011913_1A-4-7-8-17-28C,30,28C,0,21,M225,AB5767,0,17
2026-08-02T07:46:49.335Z,deep_scan,20260802011913_1A-4-7-8-17-28C,30,28C,0,22,M16/2,AB5457,1,8
2026-08-02T07:46:49.335Z,deep_scan,20260802011913_1A-4-7-8-17-28C,30,28C,0,22,M16/2,AB4326,1,16
2026-08-02T07:47:19.337Z,deep_scan,20260802011913_1A-4-7-8-17-28C,30,28C,0,2,M241,AB4355,0,18
2026-08-02T07:47:19.337Z,deep_scan,20260802011913_1A-4-7-8-17-28C,30,28C,0,10,M148,AB5657,0,13
2026-08-02T07:47:19.337Z,deep_scan,20260802011913_1A-4-7-8-17-28C,30,28C,0,15,M43,AB6214,1,16
2026-08-02T07:47:19.337Z,deep_scan,20260802011913_1A-4-7-8-17-28C,30,28C,0,21,M225,AB5767,0,14
2026-08-02T07:47:19.337Z,deep_scan,20260802011913_1A-4-7-8-17-28C,30,28C,0,22,M16/2,AB4326,1,13
2026-08-02T07:47:19.337Z,deep_scan,20260802011913_1A-4-7-8-17-28C,30,28C,0,23,M98,AB5457,1,18
2026-08-02T07:47:49.305Z,deep_scan,20260802011913_1A-4-7-8-17-28C,30,28C,0,3,M71,AB4355,1,11
2026-08-02T07:47:49.305Z,deep_scan,20260802011913_1A-4-7-8-17-28C,30,28C,0,10,M148,AB5657,0,7
2026-08-02T07:47:49.305Z,deep_scan,20260802011913_1A-4-7-8-17-28C,30,28C,0,15,M43,AB6214,0,23
2026-08-02T07:47:49.305Z,deep_scan,20260802011913_1A-4-7-8-17-28C,30,28C,0,21,M225,AB5767,0,14
2026-08-02T07:47:49.305Z,deep_scan,20260802011913_1A-4-7-8-17-28C,30,28C,0,22,M16/2,AB4326,1,13
2026-08-02T07:47:49.305Z,deep_scan,20260802011913_1A-4-7-8-17-28C,30,28C,0,23,M98,AB5457,1,6
2026-08-02T07:48:19.316Z,deep_scan,20260802011913_1A-4-7-8-17-28C,30,28C,0,3,M71,AB4355,0,25
2026-08-02T07:48:19.316Z,deep_scan,20260802011913_1A-4-7-8-17-28C,30,28C,0,10,M148,AB5657,0,2
2026-08-02T07:48:19.316Z,deep_scan,20260802011913_1A-4-7-8-17-28C,30,28C,0,16,M40,AB6214,1,27
2026-08-02T07:48:19.316Z,deep_scan,20260802011913_1A-4-7-8-17-28C,30,28C,0,21,M225,AB5767,0,31
2026-08-02T07:48:19.316Z,deep_scan,20260802011913_1A-4-7-8-17-28C,30,28C,0,22,M16/2,AB4326,1,13
2026-08-02T07:48:19.316Z,deep_scan,20260802011913_1A-4-7-8-17-28C,30,28C,0,23,M98,AB5457,1,25
2026-08-02T07:48:49.293Z,deep_scan,20260802011913_1A-4-7-8-17-28C,30,28C,0,4,M155,AB4355,1,20
2026-08-02T07:48:49.293Z,deep_scan,20260802011913_1A-4-7-8-17-28C,30,28C,0,11,M76/1,AB5657,1,6
2026-08-02T07:48:49.293Z,deep_scan,20260802011913_1A-4-7-8-17-28C,30,28C,0,16,M40,AB6214,1,16
2026-08-02T07:48:49.293Z,deep_scan,20260802011913_1A-4-7-8-17-28C,30,28C,0,21,M225,AB5767,0,50
2026-08-02T07:48:49.293Z,deep_scan,20260802011913_1A-4-7-8-17-28C,30,28C,0,22,M16/2,AB4326,1,13
2026-08-02T07:48:49.293Z,deep_scan,20260802011913_1A-4-7-8-17-28C,30,28C,0,23,M98,AB5457,0,15
2026-08-02T07:49:19.373Z,deep_scan,20260802011913_1A-4-7-8-17-28C,30,28C,0,4,M155,AB4355,1,11
2026-08-02T07:49:19.373Z,deep_scan,20260802011913_1A-4-7-8-17-28C,30,28C,0,11,M76/1,AB5657,1,6
2026-08-02T07:49:19.373Z,deep_scan,20260802011913_1A-4-7-8-17-28C,30,28C,0,16,M40,AB6214,0,2
2026-08-02T07:49:19.373Z,deep_scan,20260802011913_1A-4-7-8-17-28C,30,28C,0,21,M225,AB5767,0,5
2026-08-02T07:49:19.373Z,deep_scan,20260802011913_1A-4-7-8-17-28C,30,28C,0,22,M16/2,AB4326,0,24
2026-08-02T07:49:19.373Z,deep_scan,20260802011913_1A-4-7-8-17-28C,30,28C,0,23,M98,AB5457,0,6
2026-08-02T07:49:49.286Z,deep_scan,20260802011913_1A-4-7-8-17-28C,30,28C,0,4,M155,AB4355,0,24
2026-08-02T07:49:49.286Z,deep_scan,20260802011913_1A-4-7-8-17-28C,30,28C,0,11,M76/1,AB5657,0,22
2026-08-02T07:49:49.286Z,deep_scan,20260802011913_1A-4-7-8-17-28C,30,28C,0,16,M40,AB6214,0,2
2026-08-02T07:49:49.286Z,deep_scan,20260802011913_1A-4-7-8-17-28C,30,28C,0,21,M225,AB5767,0,10
2026-08-02T07:49:49.286Z,deep_scan,20260802011913_1A-4-7-8-17-28C,30,28C,0,22,M16/2,AB4326,0,25
2026-08-02T07:49:49.286Z,deep_scan,20260802011913_1A-4-7-8-17-28C,30,28C,0,23,M98,AB5457,0,6
2026-08-02T07:50:19.328Z,deep_scan,20260802011913_1A-4-7-8-17-28C,30,28C,0,4,M155,AB4355,0,33
2026-08-02T07:50:19.328Z,deep_scan,20260802011913_1A-4-7-8-17-28C,30,28C,0,12,M84/1,AB5657,1,2
2026-08-02T07:50:19.328Z,deep_scan,20260802011913_1A-4-7-8-17-28C,30,28C,0,16,M40,AB6214,0,2
2026-08-02T07:50:19.328Z,deep_scan,20260802011913_1A-4-7-8-17-28C,30,28C,0,21,M225,AB5767,0,5
2026-08-02T07:50:19.328Z,deep_scan,20260802011913_1A-4-7-8-17-28C,30,28C,0,22,M16/2,AB4326,0,25
2026-08-02T07:50:19.328Z,deep_scan,20260802011913_1A-4-7-8-17-28C,30,28C,0,23,M98,AB5457,0,6
2026-08-02T07:50:49.303Z,deep_scan,20260802011913_1A-4-7-8-17-28C,30,28C,0,5,M157,AB4355,1,22
2026-08-02T07:50:49.303Z,deep_scan,20260802011913_1A-4-7-8-17-28C,30,28C,0,12,M84/1,AB5657,0,10
2026-08-02T07:50:49.303Z,deep_scan,20260802011913_1A-4-7-8-17-28C,30,28C,0,16,M40,AB6214,0,28
2026-08-02T07:50:49.303Z,deep_scan,20260802011913_1A-4-7-8-17-28C,30,28C,0,21,M225,AB5767,0,3
2026-08-02T07:50:49.303Z,deep_scan,20260802011913_1A-4-7-8-17-28C,30,28C,0,23,M98,AB4326,1,11
2026-08-02T07:50:49.303Z,deep_scan,20260802011913_1A-4-7-8-17-28C,30,28C,0,24,M88,AB5457,1,24
2026-08-02T07:51:19.354Z,deep_scan,20260802011913_1A-4-7-8-17-28C,30,28C,0,5,M157,AB4355,0,37
2026-08-02T07:51:19.354Z,deep_scan,20260802011913_1A-4-7-8-17-28C,30,28C,0,12,M84/1,AB5657,0,14
2026-08-02T07:51:19.354Z,deep_scan,20260802011913_1A-4-7-8-17-28C,30,28C,0,17,M28/2,AB6214,1,7
2026-08-02T07:51:19.354Z,deep_scan,20260802011913_1A-4-7-8-17-28C,30,28C,0,22,M16/2,AB5767,1,14
2026-08-02T07:51:19.354Z,deep_scan,20260802011913_1A-4-7-8-17-28C,30,28C,0,23,M98,AB4326,1,11
2026-08-02T07:51:19.354Z,deep_scan,20260802011913_1A-4-7-8-17-28C,30,28C,0,24,M88,AB5457,0,28
2026-08-02T07:51:49.340Z,deep_scan,20260802011913_1A-4-7-8-17-28C,30,28C,0,6,M163,AB4355,1,10
2026-08-02T07:51:49.340Z,deep_scan,20260802011913_1A-4-7-8-17-28C,30,28C,0,12,M84/1,AB5657,0,14
2026-08-02T07:51:49.340Z,deep_scan,20260802011913_1A-4-7-8-17-28C,30,28C,0,17,M28/2,AB6214,1,7
2026-08-02T07:51:49.340Z,deep_scan,20260802011913_1A-4-7-8-17-28C,30,28C,0,22,M16/2,AB5767,1,14
2026-08-02T07:51:49.340Z,deep_scan,20260802011913_1A-4-7-8-17-28C,30,28C,0,23,M98,AB4326,1,11
2026-08-02T07:51:49.340Z,deep_scan,20260802011913_1A-4-7-8-17-28C,30,28C,0,24,M88,AB5457,0,15
2026-08-02T07:52:19.404Z,deep_scan,20260802011913_1A-4-7-8-17-28C,30,28C,0,6,M163,AB4355,1,3
2026-08-02T07:52:19.404Z,deep_scan,20260802011913_1A-4-7-8-17-28C,30,28C,0,12,M84/1,AB5657,0,14
2026-08-02T07:52:19.404Z,deep_scan,20260802011913_1A-4-7-8-17-28C,30,28C,0,17,M28/2,AB6214,0,14
2026-08-02T07:52:19.404Z,deep_scan,20260802011913_1A-4-7-8-17-28C,30,28C,0,22,M16/2,AB5767,1,14
2026-08-02T07:52:19.404Z,deep_scan,20260802011913_1A-4-7-8-17-28C,30,28C,0,23,M98,AB4326,1,15
2026-08-02T07:52:19.404Z,deep_scan,20260802011913_1A-4-7-8-17-28C,30,28C,0,24,M88,AB5457,0,15
2026-08-02T07:52:49.304Z,deep_scan,20260802011913_1A-4-7-8-17-28C,30,28C,0,6,M163,AB4355,1,3
2026-08-02T07:52:49.304Z,deep_scan,20260802011913_1A-4-7-8-17-28C,30,28C,0,13,M92,AB5657,1,23
2026-08-02T07:52:49.304Z,deep_scan,20260802011913_1A-4-7-8-17-28C,30,28C,0,17,M28/2,AB6214,0,6
2026-08-02T07:52:49.304Z,deep_scan,20260802011913_1A-4-7-8-17-28C,30,28C,0,22,M16/2,AB5767,1,14
2026-08-02T07:52:49.304Z,deep_scan,20260802011913_1A-4-7-8-17-28C,30,28C,0,23,M98,AB4326,1,2
2026-08-02T07:52:49.304Z,deep_scan,20260802011913_1A-4-7-8-17-28C,30,28C,0,24,M88,AB5457,0,23
2026-08-02T07:53:19.356Z,deep_scan,20260802011913_1A-4-7-8-17-28C,30,28C,0,6,M163,AB4355,0,7
2026-08-02T07:53:19.356Z,deep_scan,20260802011913_1A-4-7-8-17-28C,30,28C,0,13,M92,AB5657,1,10
2026-08-02T07:53:19.356Z,deep_scan,20260802011913_1A-4-7-8-17-28C,30,28C,0,17,M28/2,AB6214,0,21
2026-08-02T07:53:19.356Z,deep_scan,20260802011913_1A-4-7-8-17-28C,30,28C,0,22,M16/2,AB5767,1,14
2026-08-02T07:53:19.356Z,deep_scan,20260802011913_1A-4-7-8-17-28C,30,28C,0,23,M98,AB4326,0,4
2026-08-02T07:53:19.356Z,deep_scan,20260802011913_1A-4-7-8-17-28C,30,28C,0,25,M72,AB5457,1,3
2026-08-02T07:53:49.348Z,deep_scan,20260802011913_1A-4-7-8-17-28C,30,28C,0,7,M164,AB4355,0,26
2026-08-02T07:53:49.348Z,deep_scan,20260802011913_1A-4-7-8-17-28C,30,28C,0,13,M92,AB5657,0,3
2026-08-02T07:53:49.348Z,deep_scan,20260802011913_1A-4-7-8-17-28C,30,28C,0,18,M227,AB6214,1,4
2026-08-02T07:53:49.348Z,deep_scan,20260802011913_1A-4-7-8-17-28C,30,28C,0,22,M16/2,AB5767,0,18
2026-08-02T07:53:49.348Z,deep_scan,20260802011913_1A-4-7-8-17-28C,30,28C,0,23,M98,AB4326,0,2
2026-08-02T07:53:49.348Z,deep_scan,20260802011913_1A-4-7-8-17-28C,30,28C,0,25,M72,AB5457,1,23
2026-08-02T07:54:19.398Z,deep_scan,20260802011913_1A-4-7-8-17-28C,30,28C,0,8,M151,AB4355,1,35
2026-08-02T07:54:19.398Z,deep_scan,20260802011913_1A-4-7-8-17-28C,30,28C,0,13,M92,AB5657,0,18
2026-08-02T07:54:19.398Z,deep_scan,20260802011913_1A-4-7-8-17-28C,30,28C,0,18,M227,AB6214,0,37
2026-08-02T07:54:19.398Z,deep_scan,20260802011913_1A-4-7-8-17-28C,30,28C,0,23,M98,AB4326,0,2
2026-08-02T07:54:19.398Z,deep_scan,20260802011913_1A-4-7-8-17-28C,30,28C,0,23,M98,AB5767,1,10
2026-08-02T07:54:19.398Z,deep_scan,20260802011913_1A-4-7-8-17-28C,30,28C,0,26,M149,AB5457,1,18
2026-08-02T07:54:49.413Z,deep_scan,20260802011913_1A-4-7-8-17-28C,30,28C,0,8,M151,AB4355,1,17
2026-08-02T07:54:49.413Z,deep_scan,20260802011913_1A-4-7-8-17-28C,30,28C,0,14,M104,AB5657,1,23
2026-08-02T07:54:49.413Z,deep_scan,20260802011913_1A-4-7-8-17-28C,30,28C,0,19,M244,AB6214,1,23
2026-08-02T07:54:49.413Z,deep_scan,20260802011913_1A-4-7-8-17-28C,30,28C,0,23,M98,AB5767,1,1
2026-08-02T07:54:49.413Z,deep_scan,20260802011913_1A-4-7-8-17-28C,30,28C,0,24,M88,AB4326,1,2
2026-08-02T07:54:49.413Z,deep_scan,20260802011913_1A-4-7-8-17-28C,30,28C,0,26,M149,AB5457,0,20
2026-08-02T07:55:19.395Z,deep_scan,20260802011913_1A-4-7-8-17-28C,30,28C,0,8,M151,AB4355,0,40
2026-08-02T07:55:19.395Z,deep_scan,20260802011913_1A-4-7-8-17-28C,30,28C,0,15,M43,AB5657,1,37
2026-08-02T07:55:19.395Z,deep_scan,20260802011913_1A-4-7-8-17-28C,30,28C,0,19,M244,AB6214,1,3
2026-08-02T07:55:19.395Z,deep_scan,20260802011913_1A-4-7-8-17-28C,30,28C,0,23,M98,AB5767,0,17
2026-08-02T07:55:19.395Z,deep_scan,20260802011913_1A-4-7-8-17-28C,30,28C,0,24,M88,AB4326,1,14
2026-08-02T07:55:19.395Z,deep_scan,20260802011913_1A-4-7-8-17-28C,30,28C,0,26,M149,AB5457,0,19
2026-08-02T07:55:49.434Z,deep_scan,20260802011913_1A-4-7-8-17-28C,30,28C,0,9,M150,AB4355,1,9
2026-08-02T07:55:49.434Z,deep_scan,20260802011913_1A-4-7-8-17-28C,30,28C,0,15,M43,AB5657,0,27
2026-08-02T07:55:49.434Z,deep_scan,20260802011913_1A-4-7-8-17-28C,30,28C,0,19,M244,AB6214,0,16
2026-08-02T07:55:49.434Z,deep_scan,20260802011913_1A-4-7-8-17-28C,30,28C,0,23,M98,AB5767,0,17
2026-08-02T07:55:49.434Z,deep_scan,20260802011913_1A-4-7-8-17-28C,30,28C,0,24,M88,AB4326,1,11
2026-08-02T07:55:49.434Z,deep_scan,20260802011913_1A-4-7-8-17-28C,30,28C,0,27,M145/2,AB5457,1,19
2026-08-02T07:56:19.405Z,deep_scan,20260802011913_1A-4-7-8-17-28C,30,28C,0,9,M150,AB4355,1,16
2026-08-02T07:56:19.405Z,deep_scan,20260802011913_1A-4-7-8-17-28C,30,28C,0,16,M40,AB5657,1,30
2026-08-02T07:56:19.405Z,deep_scan,20260802011913_1A-4-7-8-17-28C,30,28C,0,19,M244,AB6214,0,30
2026-08-02T07:56:19.405Z,deep_scan,20260802011913_1A-4-7-8-17-28C,30,28C,0,23,M98,AB5767,0,19
2026-08-02T07:56:19.405Z,deep_scan,20260802011913_1A-4-7-8-17-28C,30,28C,0,24,M88,AB4326,1,11
2026-08-02T07:56:19.405Z,deep_scan,20260802011913_1A-4-7-8-17-28C,30,28C,0,27,M145/2,AB5457,0,31
2026-08-02T07:56:49.413Z,deep_scan,20260802011913_1A-4-7-8-17-28C,30,28C,0,9,M150,AB4355,0,11
2026-08-02T07:56:49.413Z,deep_scan,20260802011913_1A-4-7-8-17-28C,30,28C,0,16,M40,AB5657,0,19
2026-08-02T07:56:49.413Z,deep_scan,20260802011913_1A-4-7-8-17-28C,30,28C,0,20,M216,AB6214,1,24
2026-08-02T07:56:49.413Z,deep_scan,20260802011913_1A-4-7-8-17-28C,30,28C,0,24,M88,AB5767,1,6
2026-08-02T07:56:49.413Z,deep_scan,20260802011913_1A-4-7-8-17-28C,30,28C,0,24,M88,AB4326,0,19
2026-08-02T07:56:49.413Z,deep_scan,20260802011913_1A-4-7-8-17-28C,30,28C,0,28,M165,AB5457,0,23
2026-08-02T07:57:19.410Z,deep_scan,20260802011913_1A-4-7-8-17-28C,30,28C,0,10,M148,AB4355,1,19
2026-08-02T07:57:19.410Z,deep_scan,20260802011913_1A-4-7-8-17-28C,30,28C,0,16,M40,AB5657,0,7
2026-08-02T07:57:19.410Z,deep_scan,20260802011913_1A-4-7-8-17-28C,30,28C,0,20,M216,AB6214,0,19
2026-08-02T07:57:19.410Z,deep_scan,20260802011913_1A-4-7-8-17-28C,30,28C,0,24,M88,AB4326,0,10
2026-08-02T07:57:19.410Z,deep_scan,20260802011913_1A-4-7-8-17-28C,30,28C,0,24,M88,AB5767,0,28
2026-08-02T07:57:19.410Z,deep_scan,20260802011913_1A-4-7-8-17-28C,30,28C,0,29,M163,AB5457,1,23
2026-08-02T07:57:49.464Z,deep_scan,20260802011913_1A-4-7-8-17-28C,30,28C,0,10,M148,AB4355,1,7
2026-08-02T07:57:49.464Z,deep_scan,20260802011913_1A-4-7-8-17-28C,30,28C,0,16,M40,AB5657,0,13
2026-08-02T07:57:49.464Z,deep_scan,20260802011913_1A-4-7-8-17-28C,30,28C,0,20,M216,AB6214,0,31
2026-08-02T07:57:49.464Z,deep_scan,20260802011913_1A-4-7-8-17-28C,30,28C,0,24,M88,AB5767,0,21
2026-08-02T07:57:49.464Z,deep_scan,20260802011913_1A-4-7-8-17-28C,30,28C,0,25,M72,AB4326,1,16
2026-08-02T07:57:49.464Z,deep_scan,20260802011913_1A-4-7-8-17-28C,30,28C,0,29,M163,AB5457,0,26
2026-08-02T07:58:19.471Z,deep_scan,20260802011913_1A-4-7-8-17-28C,30,28C,0,10,M148,AB4355,0,11
2026-08-02T07:58:19.471Z,deep_scan,20260802011913_1A-4-7-8-17-28C,30,28C,0,17,M28/2,AB5657,1,5
2026-08-02T07:58:19.471Z,deep_scan,20260802011913_1A-4-7-8-17-28C,30,28C,0,20,M216,AB6214,0,10
2026-08-02T07:58:19.471Z,deep_scan,20260802011913_1A-4-7-8-17-28C,30,28C,0,25,M72,AB5767,1,27
2026-08-02T07:58:19.471Z,deep_scan,20260802011913_1A-4-7-8-17-28C,30,28C,0,25,M72,AB4326,0,12
2026-08-02T07:58:19.471Z,deep_scan,20260802011913_1A-4-7-8-17-28C,30,28C,0,30,M160/2,AB5457,1,6
2026-08-02T07:58:49.422Z,deep_scan,20260802011913_1A-4-7-8-17-28C,30,28C,0,10,M148,AB4355,0,4
2026-08-02T07:58:49.422Z,deep_scan,20260802011913_1A-4-7-8-17-28C,30,28C,0,17,M28/2,AB5657,1,2
2026-08-02T07:58:49.422Z,deep_scan,20260802011913_1A-4-7-8-17-28C,30,28C,0,20,M216,AB6214,0,10
2026-08-02T07:58:49.422Z,deep_scan,20260802011913_1A-4-7-8-17-28C,30,28C,0,25,M72,AB5767,0,16
2026-08-02T07:58:49.422Z,deep_scan,20260802011913_1A-4-7-8-17-28C,30,28C,0,26,M149,AB4326,1,1
2026-08-02T07:58:49.422Z,deep_scan,20260802011913_1A-4-7-8-17-28C,30,28C,0,30,M160/2,AB5457,1,14
2026-08-02T07:59:19.415Z,deep_scan,20260802011913_1A-4-7-8-17-28C,30,28C,0,10,M148,AB4355,0,33
2026-08-02T07:59:19.415Z,deep_scan,20260802011913_1A-4-7-8-17-28C,30,28C,0,17,M28/2,AB5657,0,13
2026-08-02T07:59:19.415Z,deep_scan,20260802011913_1A-4-7-8-17-28C,30,28C,0,21,M225,AB6214,1,19
2026-08-02T07:59:19.415Z,deep_scan,20260802011913_1A-4-7-8-17-28C,30,28C,0,26,M149,AB5767,1,21
2026-08-02T07:59:19.415Z,deep_scan,20260802011913_1A-4-7-8-17-28C,30,28C,0,26,M149,AB4326,0,6
2026-08-02T07:59:19.415Z,deep_scan,20260802011913_1A-4-7-8-17-28C,30,28C,0,30,M160/2,AB5457,1,2
2026-08-02T07:59:49.526Z,deep_scan,20260802011913_1A-4-7-8-17-28C,30,28C,0,10,M148,AB4355,0,18
2026-08-02T07:59:49.526Z,deep_scan,20260802011913_1A-4-7-8-17-28C,30,28C,0,17,M28/2,AB5657,0,5
2026-08-02T07:59:49.526Z,deep_scan,20260802011913_1A-4-7-8-17-28C,30,28C,0,21,M225,AB6214,1,4
2026-08-02T07:59:49.526Z,deep_scan,20260802011913_1A-4-7-8-17-28C,30,28C,0,26,M149,AB4326,0,26
2026-08-02T07:59:49.526Z,deep_scan,20260802011913_1A-4-7-8-17-28C,30,28C,0,26,M149,AB5767,0,29
2026-08-02T07:59:49.526Z,deep_scan,20260802011913_1A-4-7-8-17-28C,30,28C,0,30,M160/2,AB5457,1,2
2026-08-02T08:00:19.510Z,deep_scan,20260802011913_1A-4-7-8-17-28C,30,28C,0,11,M76/1,AB4355,1,18
2026-08-02T08:00:19.510Z,deep_scan,20260802011913_1A-4-7-8-17-28C,30,28C,0,18,M227,AB5657,1,20
2026-08-02T08:00:19.510Z,deep_scan,20260802011913_1A-4-7-8-17-28C,30,28C,0,21,M225,AB6214,1,6
2026-08-02T08:00:19.510Z,deep_scan,20260802011913_1A-4-7-8-17-28C,30,28C,0,26,M149,AB4326,0,10
2026-08-02T08:00:19.510Z,deep_scan,20260802011913_1A-4-7-8-17-28C,30,28C,0,26,M149,AB5767,0,5
2026-08-02T08:00:19.510Z,deep_scan,20260802011913_1A-4-7-8-17-28C,30,28C,0,31,M158/1,AB5457,1,27
2026-08-02T08:00:49.498Z,deep_scan,20260802011913_1A-4-7-8-17-28C,30,28C,0,11,M76/1,AB4355,1,18
2026-08-02T08:00:49.498Z,deep_scan,20260802011913_1A-4-7-8-17-28C,30,28C,0,18,M227,AB5657,1,10
2026-08-02T08:00:49.498Z,deep_scan,20260802011913_1A-4-7-8-17-28C,30,28C,0,21,M225,AB6214,0,9
2026-08-02T08:00:49.498Z,deep_scan,20260802011913_1A-4-7-8-17-28C,30,28C,0,27,M145/2,AB4326,1,16
2026-08-02T08:00:49.498Z,deep_scan,20260802011913_1A-4-7-8-17-28C,30,28C,0,27,M145/2,AB5767,1,4
2026-08-02T08:00:49.498Z,deep_scan,20260802011913_1A-4-7-8-17-28C,30,28C,0,31,M158/1,AB5457,1,9
2026-08-02T08:01:19.487Z,deep_scan,20260802011913_1A-4-7-8-17-28C,30,28C,0,11,M76/1,AB4355,1,20
2026-08-02T08:01:19.487Z,deep_scan,20260802011913_1A-4-7-8-17-28C,30,28C,0,18,M227,AB5657,1,8
2026-08-02T08:01:19.487Z,deep_scan,20260802011913_1A-4-7-8-17-28C,30,28C,0,21,M225,AB6214,0,32
2026-08-02T08:01:19.487Z,deep_scan,20260802011913_1A-4-7-8-17-28C,30,28C,0,27,M145/2,AB4326,1,10
2026-08-02T08:01:19.487Z,deep_scan,20260802011913_1A-4-7-8-17-28C,30,28C,0,27,M145/2,AB5767,1,2
2026-08-02T08:01:19.487Z,deep_scan,20260802011913_1A-4-7-8-17-28C,30,28C,0,31,M158/1,AB5457,0,31
2026-08-02T08:01:49.562Z,deep_scan,20260802011913_1A-4-7-8-17-28C,30,28C,0,11,M76/1,AB4355,0,28
2026-08-02T08:01:49.562Z,deep_scan,20260802011913_1A-4-7-8-17-28C,30,28C,0,18,M227,AB5657,0,26
2026-08-02T08:01:49.562Z,deep_scan,20260802011913_1A-4-7-8-17-28C,30,28C,0,21,M225,AB6214,0,32
2026-08-02T08:01:49.562Z,deep_scan,20260802011913_1A-4-7-8-17-28C,30,28C,0,27,M145/2,AB5767,0,23
2026-08-02T08:01:49.562Z,deep_scan,20260802011913_1A-4-7-8-17-28C,30,28C,0,28,M165,AB4326,1,24
2026-08-02T08:01:49.562Z,deep_scan,20260802011913_1A-4-7-8-17-28C,30,28C,0,32,M161,AB5457,1,31
2026-08-02T08:02:19.495Z,deep_scan,20260802011913_1A-4-7-8-17-28C,30,28C,0,12,M84/1,AB4355,1,23
2026-08-02T08:02:19.495Z,deep_scan,20260802011913_1A-4-7-8-17-28C,30,28C,0,18,M227,AB5657,0,19
2026-08-02T08:02:19.495Z,deep_scan,20260802011913_1A-4-7-8-17-28C,30,28C,0,21,M225,AB6214,0,32
2026-08-02T08:02:19.495Z,deep_scan,20260802011913_1A-4-7-8-17-28C,30,28C,0,28,M165,AB4326,0,4
2026-08-02T08:02:19.495Z,deep_scan,20260802011913_1A-4-7-8-17-28C,30,28C,0,28,M165,AB5767,0,20
2026-08-02T08:02:19.495Z,deep_scan,20260802011913_1A-4-7-8-17-28C,30,28C,0,32,M161,AB5457,1,21
2026-08-02T08:02:49.552Z,deep_scan,20260802011913_1A-4-7-8-17-28C,30,28C,0,12,M84/1,AB4355,1,13
2026-08-02T08:02:49.552Z,deep_scan,20260802011913_1A-4-7-8-17-28C,30,28C,0,19,M244,AB5657,1,3
2026-08-02T08:02:49.552Z,deep_scan,20260802011913_1A-4-7-8-17-28C,30,28C,0,21,M225,AB6214,0,26
2026-08-02T08:02:49.552Z,deep_scan,20260802011913_1A-4-7-8-17-28C,30,28C,0,28,M165,AB4326,0,26
2026-08-02T08:02:49.552Z,deep_scan,20260802011913_1A-4-7-8-17-28C,30,28C,0,28,M165,AB5767,0,7
2026-08-02T08:02:49.552Z,deep_scan,20260802011913_1A-4-7-8-17-28C,30,28C,0,33,M70,AB5457,1,24
2026-08-02T08:03:19.575Z,deep_scan,20260802011913_1A-4-7-8-17-28C,30,28C,0,12,M84/1,AB4355,0,22
2026-08-02T08:03:19.575Z,deep_scan,20260802011913_1A-4-7-8-17-28C,30,28C,0,19,M244,AB5657,1,17
2026-08-02T08:03:19.575Z,deep_scan,20260802011913_1A-4-7-8-17-28C,30,28C,0,21,M225,AB6214,0,45
2026-08-02T08:03:19.575Z,deep_scan,20260802011913_1A-4-7-8-17-28C,30,28C,0,29,M163,AB4326,1,22
2026-08-02T08:03:19.575Z,deep_scan,20260802011913_1A-4-7-8-17-28C,30,28C,0,29,M163,AB5767,1,24
2026-08-02T08:03:19.575Z,deep_scan,20260802011913_1A-4-7-8-17-28C,30,28C,0,33,M70,AB5457,0,4
2026-08-02T08:03:49.572Z,deep_scan,20260802011913_1A-4-7-8-17-28C,30,28C,0,12,M84/1,AB4355,0,22
2026-08-02T08:03:49.572Z,deep_scan,20260802011913_1A-4-7-8-17-28C,30,28C,0,19,M244,AB5657,0,6
2026-08-02T08:03:49.572Z,deep_scan,20260802011913_1A-4-7-8-17-28C,30,28C,0,21,M225,AB6214,0,25
2026-08-02T08:03:49.572Z,deep_scan,20260802011913_1A-4-7-8-17-28C,30,28C,0,29,M163,AB5767,1,5
2026-08-02T08:03:49.572Z,deep_scan,20260802011913_1A-4-7-8-17-28C,30,28C,0,29,M163,AB4326,0,22
2026-08-02T08:03:49.572Z,deep_scan,20260802011913_1A-4-7-8-17-28C,30,28C,0,34,M118,AB5457,1,2
2026-08-02T08:04:19.548Z,deep_scan,20260802011913_1A-4-7-8-17-28C,30,28C,0,12,M84/1,AB4355,0,20
2026-08-02T08:04:19.548Z,deep_scan,20260802011913_1A-4-7-8-17-28C,30,28C,0,19,M244,AB5657,0,4
2026-08-02T08:04:19.548Z,deep_scan,20260802011913_1A-4-7-8-17-28C,30,28C,0,22,M16/2,AB6214,1,23
2026-08-02T08:04:19.548Z,deep_scan,20260802011913_1A-4-7-8-17-28C,30,28C,0,29,M163,AB4326,0,2
2026-08-02T08:04:19.548Z,deep_scan,20260802011913_1A-4-7-8-17-28C,30,28C,0,29,M163,AB5767,0,12
2026-08-02T08:04:19.548Z,deep_scan,20260802011913_1A-4-7-8-17-28C,30,28C,0,34,M118,AB5457,1,12
2026-08-02T08:04:49.617Z,deep_scan,20260802011913_1A-4-7-8-17-28C,30,28C,0,13,M92,AB4355,1,23
2026-08-02T08:04:49.617Z,deep_scan,20260802011913_1A-4-7-8-17-28C,30,28C,0,19,M244,AB5657,0,21
2026-08-02T08:04:49.617Z,deep_scan,20260802011913_1A-4-7-8-17-28C,30,28C,0,22,M16/2,AB6214,1,5
2026-08-02T08:04:49.617Z,deep_scan,20260802011913_1A-4-7-8-17-28C,30,28C,0,29,M163,AB4326,0,5
2026-08-02T08:04:49.617Z,deep_scan,20260802011913_1A-4-7-8-17-28C,30,28C,0,29,M163,AB5767,0,24
2026-08-02T08:04:49.617Z,deep_scan,20260802011913_1A-4-7-8-17-28C,30,28C,0,35,M62/3,AB5457,1,0
2026-08-02T08:05:19.602Z,deep_scan,20260802011913_1A-4-7-8-17-28C,30,28C,0,13,M92,AB4355,1,10
2026-08-02T08:05:19.602Z,deep_scan,20260802011913_1A-4-7-8-17-28C,30,28C,0,20,M216,AB5657,1,3
2026-08-02T08:05:19.602Z,deep_scan,20260802011913_1A-4-7-8-17-28C,30,28C,0,22,M16/2,AB6214,1,5
2026-08-02T08:05:19.602Z,deep_scan,20260802011913_1A-4-7-8-17-28C,30,28C,0,29,M163,AB4326,0,5
2026-08-02T08:05:19.602Z,deep_scan,20260802011913_1A-4-7-8-17-28C,30,28C,0,29,M163,AB5767,0,9
2026-08-02T08:05:19.602Z,deep_scan,20260802011913_1A-4-7-8-17-28C,30,28C,0,35,M62/3,AB5457,1,0
2026-08-02T08:05:49.550Z,deep_scan,20260802011913_1A-4-7-8-17-28C,30,28C,0,13,M92,AB4355,0,4
2026-08-02T08:05:49.550Z,deep_scan,20260802011913_1A-4-7-8-17-28C,30,28C,0,20,M216,AB5657,1,31
2026-08-02T08:05:49.550Z,deep_scan,20260802011913_1A-4-7-8-17-28C,30,28C,0,22,M16/2,AB6214,1,5
2026-08-02T08:05:49.550Z,deep_scan,20260802011913_1A-4-7-8-17-28C,30,28C,0,29,M163,AB5767,0,2
2026-08-02T08:05:49.550Z,deep_scan,20260802011913_1A-4-7-8-17-28C,30,28C,0,30,M160/2,AB4326,1,17
2026-08-02T08:05:49.550Z,deep_scan,20260802011913_1A-4-7-8-17-28C,30,28C,0,35,M62/3,AB5457,1,0
2026-08-02T08:06:19.598Z,deep_scan,20260802011913_1A-4-7-8-17-28C,30,28C,0,13,M92,AB4355,0,3
2026-08-02T08:06:19.598Z,deep_scan,20260802011913_1A-4-7-8-17-28C,30,28C,0,20,M216,AB5657,0,37
2026-08-02T08:06:19.598Z,deep_scan,20260802011913_1A-4-7-8-17-28C,30,28C,0,22,M16/2,AB6214,0,26
2026-08-02T08:06:19.598Z,deep_scan,20260802011913_1A-4-7-8-17-28C,30,28C,0,30,M160/2,AB4326,1,17
2026-08-02T08:06:19.598Z,deep_scan,20260802011913_1A-4-7-8-17-28C,30,28C,0,30,M160/2,AB5767,1,4
2026-08-02T08:06:19.598Z,deep_scan,20260802011913_1A-4-7-8-17-28C,30,28C,0,35,M62/3,AB5457,1,0
2026-08-02T08:06:49.578Z,deep_scan,20260802011913_1A-4-7-8-17-28C,30,28C,0,13,M92,AB4355,0,27
2026-08-02T08:06:49.578Z,deep_scan,20260802011913_1A-4-7-8-17-28C,30,28C,0,20,M216,AB5657,0,18
2026-08-02T08:06:49.578Z,deep_scan,20260802011913_1A-4-7-8-17-28C,30,28C,0,22,M16/2,AB6214,0,15
2026-08-02T08:06:49.578Z,deep_scan,20260802011913_1A-4-7-8-17-28C,30,28C,0,30,M160/2,AB4326,1,22
2026-08-02T08:06:49.578Z,deep_scan,20260802011913_1A-4-7-8-17-28C,30,28C,0,30,M160/2,AB5767,1,4
2026-08-02T08:06:49.578Z,deep_scan,20260802011913_1A-4-7-8-17-28C,30,28C,0,35,M62/3,AB5457,1,0
2026-08-02T08:07:19.575Z,deep_scan,20260802011913_1A-4-7-8-17-28C,30,28C,0,14,M104,AB4355,1,11
2026-08-02T08:07:19.575Z,deep_scan,20260802011913_1A-4-7-8-17-28C,30,28C,0,20,M216,AB5657,0,12
2026-08-02T08:07:19.575Z,deep_scan,20260802011913_1A-4-7-8-17-28C,30,28C,0,23,M98,AB6214,1,20
2026-08-02T08:07:19.575Z,deep_scan,20260802011913_1A-4-7-8-17-28C,30,28C,0,30,M160/2,AB5767,0,17
2026-08-02T08:07:19.575Z,deep_scan,20260802011913_1A-4-7-8-17-28C,30,28C,0,31,M158/1,AB4326,1,9
2026-08-02T08:07:19.575Z,deep_scan,20260802011913_1A-4-7-8-17-28C,30,28C,0,35,M62/3,AB5457,1,0
2026-08-02T08:07:49.556Z,deep_scan,20260802011913_1A-4-7-8-17-28C,30,28C,0,14,M104,AB4355,1,11
2026-08-02T08:07:49.556Z,deep_scan,20260802011913_1A-4-7-8-17-28C,30,28C,0,21,M225,AB5657,1,24
2026-08-02T08:07:49.556Z,deep_scan,20260802011913_1A-4-7-8-17-28C,30,28C,0,23,M98,AB6214,1,20
2026-08-02T08:07:49.556Z,deep_scan,20260802011913_1A-4-7-8-17-28C,30,28C,0,31,M158/1,AB4326,1,9
2026-08-02T08:07:49.556Z,deep_scan,20260802011913_1A-4-7-8-17-28C,30,28C,0,31,M158/1,AB5767,1,4
2026-08-02T08:07:49.556Z,deep_scan,20260802011913_1A-4-7-8-17-28C,30,28C,0,35,M62/3,AB5457,1,0
2026-08-02T08:08:19.718Z,deep_scan,20260802011913_1A-4-7-8-17-28C,30,28C,0,14,M104,AB4355,0,26
2026-08-02T08:08:19.718Z,deep_scan,20260802011913_1A-4-7-8-17-28C,30,28C,0,21,M225,AB5657,1,1
2026-08-02T08:08:19.718Z,deep_scan,20260802011913_1A-4-7-8-17-28C,30,28C,0,23,M98,AB6214,0,3
2026-08-02T08:08:19.718Z,deep_scan,20260802011913_1A-4-7-8-17-28C,30,28C,0,31,M158/1,AB5767,1,4
2026-08-02T08:08:19.718Z,deep_scan,20260802011913_1A-4-7-8-17-28C,30,28C,0,31,M158/1,AB4326,0,2
2026-08-02T08:08:19.718Z,deep_scan,20260802011913_1A-4-7-8-17-28C,30,28C,0,35,M62/3,AB5457,1,0
2026-08-02T08:08:49.614Z,deep_scan,20260802011913_1A-4-7-8-17-28C,30,28C,0,15,M43,AB4355,1,10
2026-08-02T08:08:49.614Z,deep_scan,20260802011913_1A-4-7-8-17-28C,30,28C,0,21,M225,AB5657,0,15
2026-08-02T08:08:49.614Z,deep_scan,20260802011913_1A-4-7-8-17-28C,30,28C,0,23,M98,AB6214,0,21
2026-08-02T08:08:49.614Z,deep_scan,20260802011913_1A-4-7-8-17-28C,30,28C,0,32,M161,AB5767,1,23
2026-08-02T08:08:49.614Z,deep_scan,20260802011913_1A-4-7-8-17-28C,30,28C,0,32,M161,AB4326,1,13
2026-08-02T08:08:49.614Z,deep_scan,20260802011913_1A-4-7-8-17-28C,30,28C,0,35,M62/3,AB5457,1,0
2026-08-02T08:09:19.675Z,deep_scan,20260802011913_1A-4-7-8-17-28C,30,28C,0,0,M62/3,AB5457,1,15
2026-08-02T08:09:19.675Z,deep_scan,20260802011913_1A-4-7-8-17-28C,30,28C,0,15,M43,AB4355,1,4
2026-08-02T08:09:19.675Z,deep_scan,20260802011913_1A-4-7-8-17-28C,30,28C,0,21,M225,AB5657,0,24
2026-08-02T08:09:19.675Z,deep_scan,20260802011913_1A-4-7-8-17-28C,30,28C,0,24,M88,AB6214,1,4
2026-08-02T08:09:19.675Z,deep_scan,20260802011913_1A-4-7-8-17-28C,30,28C,0,32,M161,AB5767,1,23
2026-08-02T08:09:19.675Z,deep_scan,20260802011913_1A-4-7-8-17-28C,30,28C,0,32,M161,AB4326,1,1
2026-08-02T08:09:49.656Z,deep_scan,20260802011913_1A-4-7-8-17-28C,30,28C,0,0,M62/3,AB5457,0,19
2026-08-02T08:09:49.656Z,deep_scan,20260802011913_1A-4-7-8-17-28C,30,28C,0,15,M43,AB4355,0,29
2026-08-02T08:09:49.656Z,deep_scan,20260802011913_1A-4-7-8-17-28C,30,28C,0,21,M225,AB5657,0,4
2026-08-02T08:09:49.656Z,deep_scan,20260802011913_1A-4-7-8-17-28C,30,28C,0,24,M88,AB6214,0,4
2026-08-02T08:09:49.656Z,deep_scan,20260802011913_1A-4-7-8-17-28C,30,28C,0,32,M161,AB5767,1,23
2026-08-02T08:09:49.656Z,deep_scan,20260802011913_1A-4-7-8-17-28C,30,28C,0,32,M161,AB4326,0,15
2026-08-02T08:10:19.602Z,deep_scan,20260802011913_1A-4-7-8-17-28C,30,28C,0,0,M62/3,AB5457,0,40
2026-08-02T08:10:19.602Z,deep_scan,20260802011913_1A-4-7-8-17-28C,30,28C,0,16,M40,AB4355,1,12
2026-08-02T08:10:19.602Z,deep_scan,20260802011913_1A-4-7-8-17-28C,30,28C,0,21,M225,AB5657,0,4
2026-08-02T08:10:19.602Z,deep_scan,20260802011913_1A-4-7-8-17-28C,30,28C,0,24,M88,AB6214,0,20
2026-08-02T08:10:19.602Z,deep_scan,20260802011913_1A-4-7-8-17-28C,30,28C,0,32,M161,AB5767,1,19
2026-08-02T08:10:19.602Z,deep_scan,20260802011913_1A-4-7-8-17-28C,30,28C,0,33,M70,AB4326,1,9
2026-08-02T08:10:49.682Z,deep_scan,20260802011913_1A-4-7-8-17-28C,30,28C,0,1,M117,AB5457,1,10
2026-08-02T08:10:49.682Z,deep_scan,20260802011913_1A-4-7-8-17-28C,30,28C,0,16,M40,AB4355,0,2
2026-08-02T08:10:49.682Z,deep_scan,20260802011913_1A-4-7-8-17-28C,30,28C,0,21,M225,AB5657,0,17
2026-08-02T08:10:49.682Z,deep_scan,20260802011913_1A-4-7-8-17-28C,30,28C,0,24,M88,AB6214,0,8
2026-08-02T08:10:49.682Z,deep_scan,20260802011913_1A-4-7-8-17-28C,30,28C,0,32,M161,AB5767,0,22
2026-08-02T08:10:49.682Z,deep_scan,20260802011913_1A-4-7-8-17-28C,30,28C,0,33,M70,AB4326,0,23
2026-08-02T08:11:19.658Z,deep_scan,20260802011913_1A-4-7-8-17-28C,30,28C,0,1,M117,AB5457,0,25
2026-08-02T08:11:19.658Z,deep_scan,20260802011913_1A-4-7-8-17-28C,30,28C,0,16,M40,AB4355,0,14
2026-08-02T08:11:19.658Z,deep_scan,20260802011913_1A-4-7-8-17-28C,30,28C,0,21,M225,AB5657,0,30
2026-08-02T08:11:19.658Z,deep_scan,20260802011913_1A-4-7-8-17-28C,30,28C,0,24,M88,AB6214,0,13
2026-08-02T08:11:19.658Z,deep_scan,20260802011913_1A-4-7-8-17-28C,30,28C,0,33,M70,AB5767,1,21
2026-08-02T08:11:19.658Z,deep_scan,20260802011913_1A-4-7-8-17-28C,30,28C,0,34,M118,AB4326,1,21
2026-08-02T08:11:49.720Z,deep_scan,20260802011913_1A-4-7-8-17-28C,30,28C,0,2,M241,AB5457,1,21
2026-08-02T08:11:49.720Z,deep_scan,20260802011913_1A-4-7-8-17-28C,30,28C,0,16,M40,AB4355,0,28
2026-08-02T08:11:49.720Z,deep_scan,20260802011913_1A-4-7-8-17-28C,30,28C,0,21,M225,AB5657,0,10
2026-08-02T08:11:49.720Z,deep_scan,20260802011913_1A-4-7-8-17-28C,30,28C,0,24,M88,AB6214,0,1
2026-08-02T08:11:49.720Z,deep_scan,20260802011913_1A-4-7-8-17-28C,30,28C,0,33,M70,AB5767,0,25
2026-08-02T08:11:49.720Z,deep_scan,20260802011913_1A-4-7-8-17-28C,30,28C,0,34,M118,AB4326,1,21
2026-08-02T08:12:19.679Z,deep_scan,20260802011913_1A-4-7-8-17-28C,30,28C,0,3,M71,AB5457,1,24
2026-08-02T08:12:19.679Z,deep_scan,20260802011913_1A-4-7-8-17-28C,30,28C,0,17,M28/2,AB4355,1,21
2026-08-02T08:12:19.679Z,deep_scan,20260802011913_1A-4-7-8-17-28C,30,28C,0,22,M16/2,AB5657,1,11
2026-08-02T08:12:19.679Z,deep_scan,20260802011913_1A-4-7-8-17-28C,30,28C,0,24,M88,AB6214,0,1
2026-08-02T08:12:19.679Z,deep_scan,20260802011913_1A-4-7-8-17-28C,30,28C,0,34,M118,AB4326,0,21
2026-08-02T08:12:19.679Z,deep_scan,20260802011913_1A-4-7-8-17-28C,30,28C,0,34,M118,AB5767,1,26
2026-08-02T08:12:49.646Z,deep_scan,20260802011913_1A-4-7-8-17-28C,30,28C,0,3,M71,AB5457,0,12
2026-08-02T08:12:49.646Z,deep_scan,20260802011913_1A-4-7-8-17-28C,30,28C,0,17,M28/2,AB4355,0,21
2026-08-02T08:12:49.646Z,deep_scan,20260802011913_1A-4-7-8-17-28C,30,28C,0,22,M16/2,AB5657,1,11
2026-08-02T08:12:49.646Z,deep_scan,20260802011913_1A-4-7-8-17-28C,30,28C,0,24,M88,AB6214,0,1
2026-08-02T08:12:49.646Z,deep_scan,20260802011913_1A-4-7-8-17-28C,30,28C,0,34,M118,AB4326,0,23
2026-08-02T08:12:49.646Z,deep_scan,20260802011913_1A-4-7-8-17-28C,30,28C,0,34,M118,AB5767,0,18
2026-08-02T08:13:19.739Z,deep_scan,20260802011913_1A-4-7-8-17-28C,30,28C,0,4,M155,AB5457,1,10
2026-08-02T08:13:19.739Z,deep_scan,20260802011913_1A-4-7-8-17-28C,30,28C,0,17,M28/2,AB4355,0,17
2026-08-02T08:13:19.739Z,deep_scan,20260802011913_1A-4-7-8-17-28C,30,28C,0,22,M16/2,AB5657,1,6
2026-08-02T08:13:19.739Z,deep_scan,20260802011913_1A-4-7-8-17-28C,30,28C,0,24,M88,AB6214,0,17
2026-08-02T08:13:19.739Z,deep_scan,20260802011913_1A-4-7-8-17-28C,30,28C,0,35,M62/3,AB4326,1,0
2026-08-02T08:13:19.739Z,deep_scan,20260802011913_1A-4-7-8-17-28C,30,28C,0,35,M62/3,AB5767,1,0
2026-08-02T08:13:49.696Z,deep_scan,20260802011913_1A-4-7-8-17-28C,30,28C,0,4,M155,AB5457,0,22
2026-08-02T08:13:49.696Z,deep_scan,20260802011913_1A-4-7-8-17-28C,30,28C,0,17,M28/2,AB4355,0,20
2026-08-02T08:13:49.696Z,deep_scan,20260802011913_1A-4-7-8-17-28C,30,28C,0,22,M16/2,AB5657,1,8
2026-08-02T08:13:49.696Z,deep_scan,20260802011913_1A-4-7-8-17-28C,30,28C,0,24,M88,AB6214,0,23
2026-08-02T08:13:49.696Z,deep_scan,20260802011913_1A-4-7-8-17-28C,30,28C,0,35,M62/3,AB4326,1,0
2026-08-02T08:13:49.696Z,deep_scan,20260802011913_1A-4-7-8-17-28C,30,28C,0,35,M62/3,AB5767,1,0
2026-08-02T08:14:19.733Z,deep_scan,20260802011913_1A-4-7-8-17-28C,30,28C,0,5,M157,AB5457,1,42
2026-08-02T08:14:19.733Z,deep_scan,20260802011913_1A-4-7-8-17-28C,30,28C,0,18,M227,AB4355,1,23
2026-08-02T08:14:19.733Z,deep_scan,20260802011913_1A-4-7-8-17-28C,30,28C,0,22,M16/2,AB5657,1,8
2026-08-02T08:14:19.733Z,deep_scan,20260802011913_1A-4-7-8-17-28C,30,28C,0,25,M72,AB6214,1,11
2026-08-02T08:14:19.733Z,deep_scan,20260802011913_1A-4-7-8-17-28C,30,28C,0,35,M62/3,AB4326,1,0
2026-08-02T08:14:19.733Z,deep_scan,20260802011913_1A-4-7-8-17-28C,30,28C,0,35,M62/3,AB5767,1,0
2026-08-02T08:14:49.672Z,deep_scan,20260802011913_1A-4-7-8-17-28C,30,28C,0,5,M157,AB5457,1,22
2026-08-02T08:14:49.672Z,deep_scan,20260802011913_1A-4-7-8-17-28C,30,28C,0,18,M227,AB4355,1,23
2026-08-02T08:14:49.672Z,deep_scan,20260802011913_1A-4-7-8-17-28C,30,28C,0,22,M16/2,AB5657,0,38
2026-08-02T08:14:49.672Z,deep_scan,20260802011913_1A-4-7-8-17-28C,30,28C,0,25,M72,AB6214,0,15
2026-08-02T08:14:49.672Z,deep_scan,20260802011913_1A-4-7-8-17-28C,30,28C,0,35,M62/3,AB4326,1,0
2026-08-02T08:14:49.672Z,deep_scan,20260802011913_1A-4-7-8-17-28C,30,28C,0,35,M62/3,AB5767,1,0
2026-08-02T08:15:19.781Z,deep_scan,20260802011913_1A-4-7-8-17-28C,30,28C,0,6,M163,AB5457,1,7
2026-08-02T08:15:19.781Z,deep_scan,20260802011913_1A-4-7-8-17-28C,30,28C,0,18,M227,AB4355,1,4
2026-08-02T08:15:19.781Z,deep_scan,20260802011913_1A-4-7-8-17-28C,30,28C,0,23,M98,AB5657,1,12
2026-08-02T08:15:19.781Z,deep_scan,20260802011913_1A-4-7-8-17-28C,30,28C,0,26,M149,AB6214,1,9
2026-08-02T08:15:19.781Z,deep_scan,20260802011913_1A-4-7-8-17-28C,30,28C,0,35,M62/3,AB4326,1,0
2026-08-02T08:15:19.781Z,deep_scan,20260802011913_1A-4-7-8-17-28C,30,28C,0,35,M62/3,AB5767,1,0
2026-08-02T08:15:49.704Z,deep_scan,20260802011913_1A-4-7-8-17-28C,30,28C,0,6,M163,AB5457,1,18
2026-08-02T08:15:49.704Z,deep_scan,20260802011913_1A-4-7-8-17-28C,30,28C,0,18,M227,AB4355,0,24
2026-08-02T08:15:49.704Z,deep_scan,20260802011913_1A-4-7-8-17-28C,30,28C,0,23,M98,AB5657,1,11
2026-08-02T08:15:49.704Z,deep_scan,20260802011913_1A-4-7-8-17-28C,30,28C,0,26,M149,AB6214,0,25
2026-08-02T08:15:49.704Z,deep_scan,20260802011913_1A-4-7-8-17-28C,30,28C,0,35,M62/3,AB4326,1,0
2026-08-02T08:15:49.704Z,deep_scan,20260802011913_1A-4-7-8-17-28C,30,28C,0,35,M62/3,AB5767,1,0
2026-08-02T08:16:19.771Z,deep_scan,20260802011913_1A-4-7-8-17-28C,30,28C,0,6,M163,AB5457,0,9
2026-08-02T08:16:19.771Z,deep_scan,20260802011913_1A-4-7-8-17-28C,30,28C,0,18,M227,AB4355,0,14
2026-08-02T08:16:19.771Z,deep_scan,20260802011913_1A-4-7-8-17-28C,30,28C,0,23,M98,AB5657,1,16
2026-08-02T08:16:19.771Z,deep_scan,20260802011913_1A-4-7-8-17-28C,30,28C,0,26,M149,AB6214,0,19
2026-08-02T08:16:19.771Z,deep_scan,20260802011913_1A-4-7-8-17-28C,30,28C,0,35,M62/3,AB4326,1,0
2026-08-02T08:16:19.771Z,deep_scan,20260802011913_1A-4-7-8-17-28C,30,28C,0,35,M62/3,AB5767,1,0
2026-08-02T08:16:49.756Z,deep_scan,20260802011913_1A-4-7-8-17-28C,30,28C,0,7,M164,AB5457,0,45
2026-08-02T08:16:49.756Z,deep_scan,20260802011913_1A-4-7-8-17-28C,30,28C,0,18,M227,AB4355,0,14
2026-08-02T08:16:49.756Z,deep_scan,20260802011913_1A-4-7-8-17-28C,30,28C,0,23,M98,AB5657,0,2
2026-08-02T08:16:49.756Z,deep_scan,20260802011913_1A-4-7-8-17-28C,30,28C,0,27,M145/2,AB6214,1,18
2026-08-02T08:16:49.756Z,deep_scan,20260802011913_1A-4-7-8-17-28C,30,28C,0,35,M62/3,AB4326,1,0
2026-08-02T08:16:49.756Z,deep_scan,20260802011913_1A-4-7-8-17-28C,30,28C,0,35,M62/3,AB5767,1,0
2026-08-02T08:17:19.760Z,deep_scan,20260802011913_1A-4-7-8-17-28C,30,28C,0,8,M151,AB5457,1,10
2026-08-02T08:17:19.760Z,deep_scan,20260802011913_1A-4-7-8-17-28C,30,28C,0,19,M244,AB4355,1,17
2026-08-02T08:17:19.760Z,deep_scan,20260802011913_1A-4-7-8-17-28C,30,28C,0,23,M98,AB5657,0,1
2026-08-02T08:17:19.760Z,deep_scan,20260802011913_1A-4-7-8-17-28C,30,28C,0,27,M145/2,AB6214,1,18
2026-08-02T08:17:19.760Z,deep_scan,20260802011913_1A-4-7-8-17-28C,30,28C,0,35,M62/3,AB4326,1,0
2026-08-02T08:17:19.760Z,deep_scan,20260802011913_1A-4-7-8-17-28C,30,28C,0,35,M62/3,AB5767,1,0
2026-08-02T08:17:49.734Z,deep_scan,20260802011913_1A-4-7-8-17-28C,30,28C,0,8,M151,AB5457,1,5
2026-08-02T08:17:49.734Z,deep_scan,20260802011913_1A-4-7-8-17-28C,30,28C,0,19,M244,AB4355,1,4
2026-08-02T08:17:49.734Z,deep_scan,20260802011913_1A-4-7-8-17-28C,30,28C,0,23,M98,AB5657,0,1
2026-08-02T08:17:49.734Z,deep_scan,20260802011913_1A-4-7-8-17-28C,30,28C,0,28,M165,AB6214,1,25
2026-08-02T08:18:19.742Z,deep_scan,20260802011913_1A-4-7-8-17-28C,30,28C,0,0,M62/3,AB5767,1,4
2026-08-02T08:18:19.742Z,deep_scan,20260802011913_1A-4-7-8-17-28C,30,28C,0,8,M151,AB5457,1,5
2026-08-02T08:18:19.742Z,deep_scan,20260802011913_1A-4-7-8-17-28C,30,28C,0,19,M244,AB4355,0,20
2026-08-02T08:18:19.742Z,deep_scan,20260802011913_1A-4-7-8-17-28C,30,28C,0,23,M98,AB5657,0,1
2026-08-02T08:18:19.742Z,deep_scan,20260802011913_1A-4-7-8-17-28C,30,28C,0,28,M165,AB6214,0,24
2026-08-02T08:18:49.848Z,deep_scan,20260802011913_1A-4-7-8-17-28C,30,28C,0,0,M62/3,AB5767,1,4
2026-08-02T08:18:49.848Z,deep_scan,20260802011913_1A-4-7-8-17-28C,30,28C,0,8,M151,AB5457,1,4
2026-08-02T08:18:49.848Z,deep_scan,20260802011913_1A-4-7-8-17-28C,30,28C,0,19,M244,AB4355,0,21
2026-08-02T08:18:49.848Z,deep_scan,20260802011913_1A-4-7-8-17-28C,30,28C,0,24,M88,AB5657,1,1
2026-08-02T08:18:49.848Z,deep_scan,20260802011913_1A-4-7-8-17-28C,30,28C,0,29,M163,AB6214,1,15
2026-08-02T08:19:19.776Z,deep_scan,20260802011913_1A-4-7-8-17-28C,30,28C,0,0,M62/3,AB5767,1,4
2026-08-02T08:19:19.776Z,deep_scan,20260802011913_1A-4-7-8-17-28C,30,28C,0,8,M151,AB5457,0,25
2026-08-02T08:19:19.776Z,deep_scan,20260802011913_1A-4-7-8-17-28C,30,28C,0,20,M216,AB4355,1,33
2026-08-02T08:19:19.776Z,deep_scan,20260802011913_1A-4-7-8-17-28C,30,28C,0,24,M88,AB5657,0,15
2026-08-02T08:19:19.776Z,deep_scan,20260802011913_1A-4-7-8-17-28C,30,28C,0,29,M163,AB6214,0,22
2026-08-02T08:19:49.782Z,deep_scan,20260802011913_1A-4-7-8-17-28C,30,28C,0,0,M62/3,AB5767,1,4
2026-08-02T08:19:49.782Z,deep_scan,20260802011913_1A-4-7-8-17-28C,30,28C,0,9,M150,AB5457,1,16
2026-08-02T08:19:49.782Z,deep_scan,20260802011913_1A-4-7-8-17-28C,30,28C,0,20,M216,AB4355,1,3
2026-08-02T08:19:49.782Z,deep_scan,20260802011913_1A-4-7-8-17-28C,30,28C,0,24,M88,AB5657,0,7
2026-08-02T08:19:49.782Z,deep_scan,20260802011913_1A-4-7-8-17-28C,30,28C,0,29,M163,AB6214,0,9
2026-08-02T08:20:19.800Z,deep_scan,20260802011913_1A-4-7-8-17-28C,30,28C,0,0,M62/3,AB5767,1,4
2026-08-02T08:20:19.800Z,deep_scan,20260802011913_1A-4-7-8-17-28C,30,28C,0,9,M150,AB5457,0,16
2026-08-02T08:20:19.800Z,deep_scan,20260802011913_1A-4-7-8-17-28C,30,28C,0,20,M216,AB4355,0,26
2026-08-02T08:20:19.800Z,deep_scan,20260802011913_1A-4-7-8-17-28C,30,28C,0,24,M88,AB5657,0,17
2026-08-02T08:20:19.800Z,deep_scan,20260802011913_1A-4-7-8-17-28C,30,28C,0,30,M160/2,AB6214,1,20
2026-08-02T08:20:49.800Z,deep_scan,20260802011913_1A-4-7-8-17-28C,30,28C,0,0,M62/3,AB5767,1,4
2026-08-02T08:20:49.800Z,deep_scan,20260802011913_1A-4-7-8-17-28C,30,28C,0,10,M148,AB5457,1,29
2026-08-02T08:20:49.800Z,deep_scan,20260802011913_1A-4-7-8-17-28C,30,28C,0,20,M216,AB4355,0,7
2026-08-02T08:20:49.800Z,deep_scan,20260802011913_1A-4-7-8-17-28C,30,28C,0,25,M72,AB5657,1,4
2026-08-02T08:20:49.800Z,deep_scan,20260802011913_1A-4-7-8-17-28C,30,28C,0,30,M160/2,AB6214,1,14
2026-08-02T08:21:19.838Z,deep_scan,20260802011913_1A-4-7-8-17-28C,30,28C,0,0,M62/3,AB5767,1,4
2026-08-02T08:21:19.838Z,deep_scan,20260802011913_1A-4-7-8-17-28C,30,28C,0,10,M148,AB5457,1,20
2026-08-02T08:21:19.838Z,deep_scan,20260802011913_1A-4-7-8-17-28C,30,28C,0,20,M216,AB4355,0,38
2026-08-02T08:21:19.838Z,deep_scan,20260802011913_1A-4-7-8-17-28C,30,28C,0,25,M72,AB5657,0,22
2026-08-02T08:21:19.838Z,deep_scan,20260802011913_1A-4-7-8-17-28C,30,28C,0,30,M160/2,AB6214,0,15
2026-08-02T08:21:49.841Z,deep_scan,20260802011913_1A-4-7-8-17-28C,30,28C,0,0,M62/3,AB5767,1,4
2026-08-02T08:21:49.841Z,deep_scan,20260802011913_1A-4-7-8-17-28C,30,28C,0,10,M148,AB5457,0,36
2026-08-02T08:21:49.841Z,deep_scan,20260802011913_1A-4-7-8-17-28C,30,28C,0,20,M216,AB4355,0,26
2026-08-02T08:21:49.841Z,deep_scan,20260802011913_1A-4-7-8-17-28C,30,28C,0,26,M149,AB5657,1,26
2026-08-02T08:21:49.841Z,deep_scan,20260802011913_1A-4-7-8-17-28C,30,28C,0,31,M158/1,AB6214,1,16
2026-08-02T08:22:19.787Z,deep_scan,20260802011913_1A-4-7-8-17-28C,30,28C,0,0,M62/3,AB5767,1,4
2026-08-02T08:22:19.787Z,deep_scan,20260802011913_1A-4-7-8-17-28C,30,28C,0,10,M148,AB5457,0,22
2026-08-02T08:22:19.787Z,deep_scan,20260802011913_1A-4-7-8-17-28C,30,28C,0,21,M225,AB4355,1,16
2026-08-02T08:22:19.787Z,deep_scan,20260802011913_1A-4-7-8-17-28C,30,28C,0,26,M149,AB5657,0,25
2026-08-02T08:22:19.787Z,deep_scan,20260802011913_1A-4-7-8-17-28C,30,28C,0,31,M158/1,AB6214,0,12
2026-08-02T08:22:49.864Z,deep_scan,20260802011913_1A-4-7-8-17-28C,30,28C,0,0,M62/3,AB5767,1,4
2026-08-02T08:22:49.864Z,deep_scan,20260802011913_1A-4-7-8-17-28C,30,28C,0,10,M148,AB5457,0,24
2026-08-02T08:22:49.864Z,deep_scan,20260802011913_1A-4-7-8-17-28C,30,28C,0,21,M225,AB4355,1,2
2026-08-02T08:22:49.864Z,deep_scan,20260802011913_1A-4-7-8-17-28C,30,28C,0,27,M145/2,AB5657,1,19
2026-08-02T08:22:49.864Z,deep_scan,20260802011913_1A-4-7-8-17-28C,30,28C,0,31,M158/1,AB6214,0,12
2026-08-02T08:23:19.867Z,deep_scan,20260802011913_1A-4-7-8-17-28C,30,28C,0,0,M62/3,AB5767,1,7
2026-08-02T08:23:19.867Z,deep_scan,20260802011913_1A-4-7-8-17-28C,30,28C,0,10,M148,AB5457,0,20
2026-08-02T08:23:19.867Z,deep_scan,20260802011913_1A-4-7-8-17-28C,30,28C,0,21,M225,AB4355,0,18
2026-08-02T08:23:19.867Z,deep_scan,20260802011913_1A-4-7-8-17-28C,30,28C,0,27,M145/2,AB5657,0,19
2026-08-02T08:23:19.867Z,deep_scan,20260802011913_1A-4-7-8-17-28C,30,28C,0,31,M158/1,AB6214,0,26
2026-08-02T08:23:49.874Z,deep_scan,20260802011913_1A-4-7-8-17-28C,30,28C,0,0,M62/3,AB5767,0,21
2026-08-02T08:23:49.874Z,deep_scan,20260802011913_1A-4-7-8-17-28C,30,28C,0,11,M76/1,AB5457,1,31
2026-08-02T08:23:49.874Z,deep_scan,20260802011913_1A-4-7-8-17-28C,30,28C,0,21,M225,AB4355,0,37
2026-08-02T08:23:49.874Z,deep_scan,20260802011913_1A-4-7-8-17-28C,30,28C,0,28,M165,AB5657,1,8
2026-08-02T08:23:49.874Z,deep_scan,20260802011913_1A-4-7-8-17-28C,30,28C,0,32,M161,AB6214,1,26
2026-08-02T08:24:19.908Z,deep_scan,20260802011913_1A-4-7-8-17-28C,30,28C,0,0,M62/3,AB5767,0,36
2026-08-02T08:24:19.908Z,deep_scan,20260802011913_1A-4-7-8-17-28C,30,28C,0,11,M76/1,AB5457,1,10
2026-08-02T08:24:19.908Z,deep_scan,20260802011913_1A-4-7-8-17-28C,30,28C,0,21,M225,AB4355,0,30
2026-08-02T08:24:19.908Z,deep_scan,20260802011913_1A-4-7-8-17-28C,30,28C,0,28,M165,AB5657,0,21
2026-08-02T08:24:19.908Z,deep_scan,20260802011913_1A-4-7-8-17-28C,30,28C,0,32,M161,AB6214,1,26
2026-08-02T08:24:49.897Z,deep_scan,20260802011913_1A-4-7-8-17-28C,30,28C,0,1,M117,AB5767,0,32
2026-08-02T08:24:49.897Z,deep_scan,20260802011913_1A-4-7-8-17-28C,30,28C,0,11,M76/1,AB5457,1,5
2026-08-02T08:24:49.897Z,deep_scan,20260802011913_1A-4-7-8-17-28C,30,28C,0,21,M225,AB4355,0,39
2026-08-02T08:24:49.897Z,deep_scan,20260802011913_1A-4-7-8-17-28C,30,28C,0,29,M163,AB5657,1,27
2026-08-02T08:24:49.897Z,deep_scan,20260802011913_1A-4-7-8-17-28C,30,28C,0,32,M161,AB6214,1,26
2026-08-02T08:25:19.862Z,deep_scan,20260802011913_1A-4-7-8-17-28C,30,28C,0,2,M241,AB5767,1,33
2026-08-02T08:25:19.862Z,deep_scan,20260802011913_1A-4-7-8-17-28C,30,28C,0,12,M84/1,AB5457,1,21
2026-08-02T08:25:19.862Z,deep_scan,20260802011913_1A-4-7-8-17-28C,30,28C,0,22,M16/2,AB4355,1,8
2026-08-02T08:25:19.862Z,deep_scan,20260802011913_1A-4-7-8-17-28C,30,28C,0,29,M163,AB5657,1,27
2026-08-02T08:25:19.862Z,deep_scan,20260802011913_1A-4-7-8-17-28C,30,28C,0,32,M161,AB6214,1,26
2026-08-02T08:25:49.934Z,deep_scan,20260802011913_1A-4-7-8-17-28C,30,28C,0,2,M241,AB5767,1,3
2026-08-02T08:25:49.934Z,deep_scan,20260802011913_1A-4-7-8-17-28C,30,28C,0,12,M84/1,AB5457,1,21
2026-08-02T08:25:49.934Z,deep_scan,20260802011913_1A-4-7-8-17-28C,30,28C,0,22,M16/2,AB4355,1,9
2026-08-02T08:25:49.934Z,deep_scan,20260802011913_1A-4-7-8-17-28C,30,28C,0,29,M163,AB5657,0,24
2026-08-02T08:25:49.934Z,deep_scan,20260802011913_1A-4-7-8-17-28C,30,28C,0,32,M161,AB6214,1,10
2026-08-02T08:26:19.904Z,deep_scan,20260802011913_1A-4-7-8-17-28C,30,28C,0,3,M71,AB5767,1,6
2026-08-02T08:26:19.904Z,deep_scan,20260802011913_1A-4-7-8-17-28C,30,28C,0,12,M84/1,AB5457,1,21
2026-08-02T08:26:19.904Z,deep_scan,20260802011913_1A-4-7-8-17-28C,30,28C,0,22,M16/2,AB4355,1,4
2026-08-02T08:26:19.904Z,deep_scan,20260802011913_1A-4-7-8-17-28C,30,28C,0,30,M160/2,AB5657,1,8
2026-08-02T08:26:19.904Z,deep_scan,20260802011913_1A-4-7-8-17-28C,30,28C,0,32,M161,AB6214,1,21
2026-08-02T08:26:49.956Z,deep_scan,20260802011913_1A-4-7-8-17-28C,30,28C,0,3,M71,AB5767,1,1
2026-08-02T08:26:49.956Z,deep_scan,20260802011913_1A-4-7-8-17-28C,30,28C,0,12,M84/1,AB5457,0,20
2026-08-02T08:26:49.956Z,deep_scan,20260802011913_1A-4-7-8-17-28C,30,28C,0,22,M16/2,AB4355,1,4
2026-08-02T08:26:49.956Z,deep_scan,20260802011913_1A-4-7-8-17-28C,30,28C,0,31,M158/1,AB5657,1,3
2026-08-02T08:26:49.956Z,deep_scan,20260802011913_1A-4-7-8-17-28C,30,28C,0,33,M70,AB6214,1,18
2026-08-02T08:27:19.906Z,deep_scan,20260802011913_1A-4-7-8-17-28C,30,28C,0,3,M71,AB5767,0,17
2026-08-02T08:27:19.906Z,deep_scan,20260802011913_1A-4-7-8-17-28C,30,28C,0,12,M84/1,AB5457,0,24
2026-08-02T08:27:19.906Z,deep_scan,20260802011913_1A-4-7-8-17-28C,30,28C,0,22,M16/2,AB4355,1,4
2026-08-02T08:27:19.906Z,deep_scan,20260802011913_1A-4-7-8-17-28C,30,28C,0,31,M158/1,AB5657,0,6
2026-08-02T08:27:19.906Z,deep_scan,20260802011913_1A-4-7-8-17-28C,30,28C,0,33,M70,AB6214,0,37
2026-08-02T08:27:49.995Z,deep_scan,20260802011913_1A-4-7-8-17-28C,30,28C,0,4,M155,AB5767,1,10
2026-08-02T08:27:49.995Z,deep_scan,20260802011913_1A-4-7-8-17-28C,30,28C,0,12,M84/1,AB5457,0,24
2026-08-02T08:27:49.995Z,deep_scan,20260802011913_1A-4-7-8-17-28C,30,28C,0,22,M16/2,AB4355,0,28
2026-08-02T08:27:49.995Z,deep_scan,20260802011913_1A-4-7-8-17-28C,30,28C,0,31,M158/1,AB5657,0,6
2026-08-02T08:27:49.995Z,deep_scan,20260802011913_1A-4-7-8-17-28C,30,28C,0,34,M118,AB6214,1,29
2026-08-02T08:28:19.937Z,deep_scan,20260802011913_1A-4-7-8-17-28C,30,28C,0,4,M155,AB5767,0,20
2026-08-02T08:28:19.937Z,deep_scan,20260802011913_1A-4-7-8-17-28C,30,28C,0,12,M84/1,AB5457,0,24
2026-08-02T08:28:19.937Z,deep_scan,20260802011913_1A-4-7-8-17-28C,30,28C,0,16,M40,AB4326,0,29
2026-08-02T08:28:19.937Z,deep_scan,20260802011913_1A-4-7-8-17-28C,30,28C,0,22,M16/2,AB4355,0,21
2026-08-02T08:28:19.937Z,deep_scan,20260802011913_1A-4-7-8-17-28C,30,28C,0,32,M161,AB5657,1,28
2026-08-02T08:28:19.937Z,deep_scan,20260802011913_1A-4-7-8-17-28C,30,28C,0,34,M118,AB6214,1,29
2026-08-02T08:28:50.009Z,deep_scan,20260802011913_1A-4-7-8-17-28C,30,28C,0,5,M157,AB5767,1,34
2026-08-02T08:28:50.009Z,deep_scan,20260802011913_1A-4-7-8-17-28C,30,28C,0,13,M92,AB5457,1,22
2026-08-02T08:28:50.009Z,deep_scan,20260802011913_1A-4-7-8-17-28C,30,28C,0,16,M40,AB4326,0,17
2026-08-02T08:28:50.009Z,deep_scan,20260802011913_1A-4-7-8-17-28C,30,28C,0,23,M98,AB4355,1,21
2026-08-02T08:28:50.009Z,deep_scan,20260802011913_1A-4-7-8-17-28C,30,28C,0,32,M161,AB5657,0,21
2026-08-02T08:28:50.009Z,deep_scan,20260802011913_1A-4-7-8-17-28C,30,28C,0,34,M118,AB6214,0,21
2026-08-02T08:29:19.929Z,deep_scan,20260802011913_1A-4-7-8-17-28C,30,28C,0,5,M157,AB5767,1,17
2026-08-02T08:29:19.929Z,deep_scan,20260802011913_1A-4-7-8-17-28C,30,28C,0,13,M92,AB5457,0,10
2026-08-02T08:29:19.929Z,deep_scan,20260802011913_1A-4-7-8-17-28C,30,28C,0,16,M40,AB4326,0,17
2026-08-02T08:29:19.929Z,deep_scan,20260802011913_1A-4-7-8-17-28C,30,28C,0,23,M98,AB4355,1,4
2026-08-02T08:29:19.929Z,deep_scan,20260802011913_1A-4-7-8-17-28C,30,28C,0,33,M70,AB5657,1,5
2026-08-02T08:29:19.929Z,deep_scan,20260802011913_1A-4-7-8-17-28C,30,28C,0,35,M62/3,AB6214,1,0
2026-08-02T08:29:49.964Z,deep_scan,20260802011913_1A-4-7-8-17-28C,30,28C,0,5,M157,AB5767,0,31
2026-08-02T08:29:49.964Z,deep_scan,20260802011913_1A-4-7-8-17-28C,30,28C,0,13,M92,AB5457,0,11
2026-08-02T08:29:49.964Z,deep_scan,20260802011913_1A-4-7-8-17-28C,30,28C,0,16,M40,AB4326,0,17
2026-08-02T08:29:49.964Z,deep_scan,20260802011913_1A-4-7-8-17-28C,30,28C,0,23,M98,AB4355,1,4
2026-08-02T08:29:49.964Z,deep_scan,20260802011913_1A-4-7-8-17-28C,30,28C,0,33,M70,AB5657,1,5
2026-08-02T08:29:49.964Z,deep_scan,20260802011913_1A-4-7-8-17-28C,30,28C,0,35,M62/3,AB6214,1,0
2026-08-02T08:30:19.969Z,deep_scan,20260802011913_1A-4-7-8-17-28C,30,28C,0,6,M163,AB5767,1,7
2026-08-02T08:30:19.969Z,deep_scan,20260802011913_1A-4-7-8-17-28C,30,28C,0,13,M92,AB5457,0,25
2026-08-02T08:30:19.969Z,deep_scan,20260802011913_1A-4-7-8-17-28C,30,28C,0,16,M40,AB4326,0,17
2026-08-02T08:30:19.969Z,deep_scan,20260802011913_1A-4-7-8-17-28C,30,28C,0,23,M98,AB4355,1,4
2026-08-02T08:30:19.969Z,deep_scan,20260802011913_1A-4-7-8-17-28C,30,28C,0,33,M70,AB5657,0,21
2026-08-02T08:30:19.969Z,deep_scan,20260802011913_1A-4-7-8-17-28C,30,28C,0,35,M62/3,AB6214,1,0
2026-08-02T08:30:49.965Z,deep_scan,20260802011913_1A-4-7-8-17-28C,30,28C,0,6,M163,AB5767,1,10
2026-08-02T08:30:49.965Z,deep_scan,20260802011913_1A-4-7-8-17-28C,30,28C,0,14,M104,AB5457,1,31
2026-08-02T08:30:49.965Z,deep_scan,20260802011913_1A-4-7-8-17-28C,30,28C,0,17,M28/2,AB4326,1,7
2026-08-02T08:30:49.965Z,deep_scan,20260802011913_1A-4-7-8-17-28C,30,28C,0,23,M98,AB4355,0,13
2026-08-02T08:30:49.965Z,deep_scan,20260802011913_1A-4-7-8-17-28C,30,28C,0,34,M118,AB5657,1,22
2026-08-02T08:30:49.965Z,deep_scan,20260802011913_1A-4-7-8-17-28C,30,28C,0,35,M62/3,AB6214,1,0
2026-08-02T08:31:19.955Z,deep_scan,20260802011913_1A-4-7-8-17-28C,30,28C,0,7,M164,AB5767,0,36
2026-08-02T08:31:19.955Z,deep_scan,20260802011913_1A-4-7-8-17-28C,30,28C,0,14,M104,AB5457,1,31
2026-08-02T08:31:19.955Z,deep_scan,20260802011913_1A-4-7-8-17-28C,30,28C,0,17,M28/2,AB4326,1,5
2026-08-02T08:31:19.955Z,deep_scan,20260802011913_1A-4-7-8-17-28C,30,28C,0,23,M98,AB4355,0,11
2026-08-02T08:31:19.955Z,deep_scan,20260802011913_1A-4-7-8-17-28C,30,28C,0,34,M118,AB5657,0,17
2026-08-02T08:31:19.955Z,deep_scan,20260802011913_1A-4-7-8-17-28C,30,28C,0,35,M62/3,AB6214,1,0
2026-08-02T08:31:50.099Z,deep_scan,20260802011913_1A-4-7-8-17-28C,30,28C,0,8,M151,AB5767,1,33
2026-08-02T08:31:50.099Z,deep_scan,20260802011913_1A-4-7-8-17-28C,30,28C,0,14,M104,AB5457,0,19
2026-08-02T08:31:50.099Z,deep_scan,20260802011913_1A-4-7-8-17-28C,30,28C,0,17,M28/2,AB4326,0,18
2026-08-02T08:31:50.099Z,deep_scan,20260802011913_1A-4-7-8-17-28C,30,28C,0,23,M98,AB4355,0,11
2026-08-02T08:31:50.099Z,deep_scan,20260802011913_1A-4-7-8-17-28C,30,28C,0,35,M62/3,AB6214,1,0
2026-08-02T08:31:50.099Z,deep_scan,20260802011913_1A-4-7-8-17-28C,30,28C,0,35,M62/3,AB5657,1,0
2026-08-02T08:32:19.984Z,deep_scan,20260802011913_1A-4-7-8-17-28C,30,28C,0,8,M151,AB5767,0,24
2026-08-02T08:32:19.984Z,deep_scan,20260802011913_1A-4-7-8-17-28C,30,28C,0,14,M104,AB5457,0,19
2026-08-02T08:32:19.984Z,deep_scan,20260802011913_1A-4-7-8-17-28C,30,28C,0,17,M28/2,AB4326,0,5
2026-08-02T08:32:19.984Z,deep_scan,20260802011913_1A-4-7-8-17-28C,30,28C,0,23,M98,AB4355,0,11
2026-08-02T08:32:19.984Z,deep_scan,20260802011913_1A-4-7-8-17-28C,30,28C,0,35,M62/3,AB6214,1,0
2026-08-02T08:32:19.984Z,deep_scan,20260802011913_1A-4-7-8-17-28C,30,28C,0,35,M62/3,AB5657,1,0
2026-08-02T08:32:50.044Z,deep_scan,20260802011913_1A-4-7-8-17-28C,30,28C,0,8,M151,AB5767,0,13
2026-08-02T08:32:50.044Z,deep_scan,20260802011913_1A-4-7-8-17-28C,30,28C,0,15,M43,AB5457,1,18
2026-08-02T08:32:50.044Z,deep_scan,20260802011913_1A-4-7-8-17-28C,30,28C,0,17,M28/2,AB4326,0,15
2026-08-02T08:32:50.044Z,deep_scan,20260802011913_1A-4-7-8-17-28C,30,28C,0,24,M88,AB4355,1,19
2026-08-02T08:32:50.044Z,deep_scan,20260802011913_1A-4-7-8-17-28C,30,28C,0,35,M62/3,AB6214,1,0
2026-08-02T08:32:50.044Z,deep_scan,20260802011913_1A-4-7-8-17-28C,30,28C,0,35,M62/3,AB5657,1,0
2026-08-02T08:33:20.035Z,deep_scan,20260802011913_1A-4-7-8-17-28C,30,28C,0,9,M150,AB5767,1,10
2026-08-02T08:33:20.035Z,deep_scan,20260802011913_1A-4-7-8-17-28C,30,28C,0,15,M43,AB5457,0,31
2026-08-02T08:33:20.035Z,deep_scan,20260802011913_1A-4-7-8-17-28C,30,28C,0,18,M227,AB4326,1,7
2026-08-02T08:33:20.035Z,deep_scan,20260802011913_1A-4-7-8-17-28C,30,28C,0,24,M88,AB4355,1,6
2026-08-02T08:33:20.035Z,deep_scan,20260802011913_1A-4-7-8-17-28C,30,28C,0,35,M62/3,AB6214,1,0
2026-08-02T08:33:20.035Z,deep_scan,20260802011913_1A-4-7-8-17-28C,30,28C,0,35,M62/3,AB5657,1,0
2026-08-02T08:33:50.099Z,deep_scan,20260802011913_1A-4-7-8-17-28C,30,28C,0,9,M150,AB5767,1,9
2026-08-02T08:33:50.099Z,deep_scan,20260802011913_1A-4-7-8-17-28C,30,28C,0,16,M40,AB5457,1,29
2026-08-02T08:33:50.099Z,deep_scan,20260802011913_1A-4-7-8-17-28C,30,28C,0,18,M227,AB4326,1,17
2026-08-02T08:33:50.099Z,deep_scan,20260802011913_1A-4-7-8-17-28C,30,28C,0,24,M88,AB4355,1,12
2026-08-02T08:33:50.099Z,deep_scan,20260802011913_1A-4-7-8-17-28C,30,28C,0,35,M62/3,AB5657,1,0
2026-08-02T08:34:20.038Z,deep_scan,20260802011913_1A-4-7-8-17-28C,30,28C,0,0,M62/3,AB6214,1,11
2026-08-02T08:34:20.038Z,deep_scan,20260802011913_1A-4-7-8-17-28C,30,28C,0,9,M150,AB5767,0,15
2026-08-02T08:34:20.038Z,deep_scan,20260802011913_1A-4-7-8-17-28C,30,28C,0,16,M40,AB5457,0,27
2026-08-02T08:34:20.038Z,deep_scan,20260802011913_1A-4-7-8-17-28C,30,28C,0,18,M227,AB4326,0,18
2026-08-02T08:34:20.038Z,deep_scan,20260802011913_1A-4-7-8-17-28C,30,28C,0,24,M88,AB4355,1,2
2026-08-02T08:34:20.038Z,deep_scan,20260802011913_1A-4-7-8-17-28C,30,28C,0,35,M62/3,AB5657,1,0
2026-08-02T08:34:50.061Z,deep_scan,20260802011913_1A-4-7-8-17-28C,30,28C,0,0,M62/3,AB6214,1,11
2026-08-02T08:34:50.061Z,deep_scan,20260802011913_1A-4-7-8-17-28C,30,28C,0,10,M148,AB5767,1,14
2026-08-02T08:34:50.061Z,deep_scan,20260802011913_1A-4-7-8-17-28C,30,28C,0,16,M40,AB5457,0,2
2026-08-02T08:34:50.061Z,deep_scan,20260802011913_1A-4-7-8-17-28C,30,28C,0,18,M227,AB4326,0,2
2026-08-02T08:34:50.061Z,deep_scan,20260802011913_1A-4-7-8-17-28C,30,28C,0,24,M88,AB4355,0,31
2026-08-02T08:34:50.061Z,deep_scan,20260802011913_1A-4-7-8-17-28C,30,28C,0,35,M62/3,AB5657,1,0
2026-08-02T08:35:20.103Z,deep_scan,20260802011913_1A-4-7-8-17-28C,30,28C,0,0,M62/3,AB6214,1,11
2026-08-02T08:35:20.103Z,deep_scan,20260802011913_1A-4-7-8-17-28C,30,28C,0,10,M148,AB5767,1,1
2026-08-02T08:35:20.103Z,deep_scan,20260802011913_1A-4-7-8-17-28C,30,28C,0,17,M28/2,AB5457,1,32
2026-08-02T08:35:20.103Z,deep_scan,20260802011913_1A-4-7-8-17-28C,30,28C,0,19,M244,AB4326,1,13
2026-08-02T08:35:20.103Z,deep_scan,20260802011913_1A-4-7-8-17-28C,30,28C,0,24,M88,AB4355,0,4
2026-08-02T08:35:20.103Z,deep_scan,20260802011913_1A-4-7-8-17-28C,30,28C,0,35,M62/3,AB5657,1,0
2026-08-02T08:35:50.102Z,deep_scan,20260802011913_1A-4-7-8-17-28C,30,28C,0,0,M62/3,AB6214,1,11
2026-08-02T08:35:50.102Z,deep_scan,20260802011913_1A-4-7-8-17-28C,30,28C,0,10,M148,AB5767,0,26
2026-08-02T08:35:50.102Z,deep_scan,20260802011913_1A-4-7-8-17-28C,30,28C,0,17,M28/2,AB5457,0,24
2026-08-02T08:35:50.102Z,deep_scan,20260802011913_1A-4-7-8-17-28C,30,28C,0,19,M244,AB4326,1,7
2026-08-02T08:35:50.102Z,deep_scan,20260802011913_1A-4-7-8-17-28C,30,28C,0,24,M88,AB4355,0,4
2026-08-02T08:35:50.102Z,deep_scan,20260802011913_1A-4-7-8-17-28C,30,28C,0,35,M62/3,AB5657,1,0
2026-08-02T08:36:20.090Z,deep_scan,20260802011913_1A-4-7-8-17-28C,30,28C,0,0,M62/3,AB6214,1,13
2026-08-02T08:36:20.090Z,deep_scan,20260802011913_1A-4-7-8-17-28C,30,28C,0,10,M148,AB5767,0,41
2026-08-02T08:36:20.090Z,deep_scan,20260802011913_1A-4-7-8-17-28C,30,28C,0,17,M28/2,AB5457,0,15
2026-08-02T08:36:20.090Z,deep_scan,20260802011913_1A-4-7-8-17-28C,30,28C,0,19,M244,AB4326,0,17
2026-08-02T08:36:20.090Z,deep_scan,20260802011913_1A-4-7-8-17-28C,30,28C,0,24,M88,AB4355,0,25
2026-08-02T08:36:50.034Z,deep_scan,20260802011913_1A-4-7-8-17-28C,30,28C,0,0,M62/3,AB6214,0,16
2026-08-02T08:36:50.034Z,deep_scan,20260802011913_1A-4-7-8-17-28C,30,28C,0,10,M148,AB5767,0,3
2026-08-02T08:36:50.034Z,deep_scan,20260802011913_1A-4-7-8-17-28C,30,28C,0,17,M28/2,AB5457,0,17
2026-08-02T08:36:50.034Z,deep_scan,20260802011913_1A-4-7-8-17-28C,30,28C,0,19,M244,AB4326,0,8
2026-08-02T08:36:50.034Z,deep_scan,20260802011913_1A-4-7-8-17-28C,30,28C,0,24,M88,AB4355,0,15
2026-08-02T08:37:20.033Z,deep_scan,20260802011913_1A-4-7-8-17-28C,30,28C,0,0,M62/3,AB6214,0,38
2026-08-02T08:37:20.033Z,deep_scan,20260802011913_1A-4-7-8-17-28C,30,28C,0,10,M148,AB5767,0,18
2026-08-02T08:37:20.033Z,deep_scan,20260802011913_1A-4-7-8-17-28C,30,28C,0,17,M28/2,AB5457,0,17
2026-08-02T08:37:20.033Z,deep_scan,20260802011913_1A-4-7-8-17-28C,30,28C,0,19,M244,AB4326,0,13
2026-08-02T08:37:20.033Z,deep_scan,20260802011913_1A-4-7-8-17-28C,30,28C,0,24,M88,AB4355,0,3
2026-08-02T08:37:50.129Z,deep_scan,20260802011913_1A-4-7-8-17-28C,30,28C,0,1,M117,AB6214,1,9
2026-08-02T08:37:50.129Z,deep_scan,20260802011913_1A-4-7-8-17-28C,30,28C,0,10,M148,AB5767,0,18
2026-08-02T08:37:50.129Z,deep_scan,20260802011913_1A-4-7-8-17-28C,30,28C,0,18,M227,AB5457,1,24
2026-08-02T08:37:50.129Z,deep_scan,20260802011913_1A-4-7-8-17-28C,30,28C,0,19,M244,AB4326,0,32
2026-08-02T08:37:50.129Z,deep_scan,20260802011913_1A-4-7-8-17-28C,30,28C,0,25,M72,AB4355,1,17
2026-08-02T08:38:20.114Z,deep_scan,20260802011913_1A-4-7-8-17-28C,30,28C,0,1,M117,AB6214,0,23
2026-08-02T08:38:20.114Z,deep_scan,20260802011913_1A-4-7-8-17-28C,30,28C,0,10,M148,AB5767,0,15
2026-08-02T08:38:20.114Z,deep_scan,20260802011913_1A-4-7-8-17-28C,30,28C,0,18,M227,AB5457,0,40
2026-08-02T08:38:20.114Z,deep_scan,20260802011913_1A-4-7-8-17-28C,30,28C,0,20,M216,AB4326,1,17
2026-08-02T08:38:20.114Z,deep_scan,20260802011913_1A-4-7-8-17-28C,30,28C,0,26,M149,AB4355,1,30
2026-08-02T08:38:50.135Z,deep_scan,20260802011913_1A-4-7-8-17-28C,30,28C,0,2,M241,AB6214,1,24
2026-08-02T08:38:50.135Z,deep_scan,20260802011913_1A-4-7-8-17-28C,30,28C,0,11,M76/1,AB5767,1,23
2026-08-02T08:38:50.135Z,deep_scan,20260802011913_1A-4-7-8-17-28C,30,28C,0,19,M244,AB5457,1,2
2026-08-02T08:38:50.135Z,deep_scan,20260802011913_1A-4-7-8-17-28C,30,28C,0,20,M216,AB4326,1,2
2026-08-02T08:38:50.135Z,deep_scan,20260802011913_1A-4-7-8-17-28C,30,28C,0,26,M149,AB4355,0,19
2026-08-02T08:39:20.063Z,deep_scan,20260802011913_1A-4-7-8-17-28C,30,28C,0,2,M241,AB6214,0,29
2026-08-02T08:39:20.063Z,deep_scan,20260802011913_1A-4-7-8-17-28C,30,28C,0,11,M76/1,AB5767,1,9
2026-08-02T08:39:20.063Z,deep_scan,20260802011913_1A-4-7-8-17-28C,30,28C,0,19,M244,AB5457,1,4
2026-08-02T08:39:20.063Z,deep_scan,20260802011913_1A-4-7-8-17-28C,30,28C,0,20,M216,AB4326,1,8
2026-08-02T08:39:20.063Z,deep_scan,20260802011913_1A-4-7-8-17-28C,30,28C,0,26,M149,AB4355,0,30
2026-08-02T08:39:50.164Z,deep_scan,20260802011913_1A-4-7-8-17-28C,30,28C,0,3,M71,AB6214,1,7
2026-08-02T08:39:50.164Z,deep_scan,20260802011913_1A-4-7-8-17-28C,30,28C,0,12,M84/1,AB5767,1,20
2026-08-02T08:39:50.164Z,deep_scan,20260802011913_1A-4-7-8-17-28C,30,28C,0,19,M244,AB5457,0,12
2026-08-02T08:39:50.164Z,deep_scan,20260802011913_1A-4-7-8-17-28C,30,28C,0,20,M216,AB4326,0,8
2026-08-02T08:39:50.164Z,deep_scan,20260802011913_1A-4-7-8-17-28C,30,28C,0,27,M145/2,AB4355,1,4
2026-08-02T08:40:20.167Z,deep_scan,20260802011913_1A-4-7-8-17-28C,30,28C,0,3,M71,AB6214,0,16
2026-08-02T08:40:20.167Z,deep_scan,20260802011913_1A-4-7-8-17-28C,30,28C,0,12,M84/1,AB5767,1,4
2026-08-02T08:40:20.167Z,deep_scan,20260802011913_1A-4-7-8-17-28C,30,28C,0,19,M244,AB5457,0,20
2026-08-02T08:40:20.167Z,deep_scan,20260802011913_1A-4-7-8-17-28C,30,28C,0,20,M216,AB4326,0,40
2026-08-02T08:40:20.167Z,deep_scan,20260802011913_1A-4-7-8-17-28C,30,28C,0,27,M145/2,AB4355,1,4
2026-08-02T08:40:50.117Z,deep_scan,20260802011913_1A-4-7-8-17-28C,30,28C,0,4,M155,AB6214,1,6
2026-08-02T08:40:50.117Z,deep_scan,20260802011913_1A-4-7-8-17-28C,30,28C,0,12,M84/1,AB5767,0,13
2026-08-02T08:40:50.117Z,deep_scan,20260802011913_1A-4-7-8-17-28C,30,28C,0,20,M216,AB4326,0,21
2026-08-02T08:40:50.117Z,deep_scan,20260802011913_1A-4-7-8-17-28C,30,28C,0,20,M216,AB5457,1,39
2026-08-02T08:40:50.117Z,deep_scan,20260802011913_1A-4-7-8-17-28C,30,28C,0,28,M165,AB4355,1,26
2026-08-02T08:41:20.132Z,deep_scan,20260802011913_1A-4-7-8-17-28C,30,28C,0,4,M155,AB6214,0,31
2026-08-02T08:41:20.132Z,deep_scan,20260802011913_1A-4-7-8-17-28C,30,28C,0,12,M84/1,AB5767,0,19
2026-08-02T08:41:20.132Z,deep_scan,20260802011913_1A-4-7-8-17-28C,30,28C,0,20,M216,AB5457,0,17
2026-08-02T08:41:20.132Z,deep_scan,20260802011913_1A-4-7-8-17-28C,30,28C,0,21,M225,AB4326,1,3
2026-08-02T08:41:20.132Z,deep_scan,20260802011913_1A-4-7-8-17-28C,30,28C,0,28,M165,AB4355,0,11
2026-08-02T08:41:50.145Z,deep_scan,20260802011913_1A-4-7-8-17-28C,30,28C,0,5,M157,AB6214,1,7
2026-08-02T08:41:50.145Z,deep_scan,20260802011913_1A-4-7-8-17-28C,30,28C,0,12,M84/1,AB5767,0,19
2026-08-02T08:41:50.145Z,deep_scan,20260802011913_1A-4-7-8-17-28C,30,28C,0,20,M216,AB5457,0,47
2026-08-02T08:41:50.145Z,deep_scan,20260802011913_1A-4-7-8-17-28C,30,28C,0,21,M225,AB4326,1,3
2026-08-02T08:41:50.145Z,deep_scan,20260802011913_1A-4-7-8-17-28C,30,28C,0,29,M163,AB4355,1,22
2026-08-02T08:42:20.114Z,deep_scan,20260802011913_1A-4-7-8-17-28C,30,28C,0,5,M157,AB6214,1,2
2026-08-02T08:42:20.114Z,deep_scan,20260802011913_1A-4-7-8-17-28C,30,28C,0,12,M84/1,AB5767,0,19
2026-08-02T08:42:20.114Z,deep_scan,20260802011913_1A-4-7-8-17-28C,30,28C,0,20,M216,AB5457,0,25
2026-08-02T08:42:20.114Z,deep_scan,20260802011913_1A-4-7-8-17-28C,30,28C,0,21,M225,AB4326,1,2
2026-08-02T08:42:20.114Z,deep_scan,20260802011913_1A-4-7-8-17-28C,30,28C,0,29,M163,AB4355,0,11
2026-08-02T08:42:50.172Z,deep_scan,20260802011913_1A-4-7-8-17-28C,30,28C,0,5,M157,AB6214,1,10
2026-08-02T08:42:50.172Z,deep_scan,20260802011913_1A-4-7-8-17-28C,30,28C,0,13,M92,AB5767,1,15
2026-08-02T08:42:50.172Z,deep_scan,20260802011913_1A-4-7-8-17-28C,30,28C,0,20,M216,AB5457,0,14
2026-08-02T08:42:50.172Z,deep_scan,20260802011913_1A-4-7-8-17-28C,30,28C,0,21,M225,AB4326,0,31
2026-08-02T08:42:50.172Z,deep_scan,20260802011913_1A-4-7-8-17-28C,30,28C,0,29,M163,AB4355,0,20
2026-08-02T08:43:20.188Z,deep_scan,20260802011913_1A-4-7-8-17-28C,30,28C,0,5,M157,AB6214,0,34
2026-08-02T08:43:20.188Z,deep_scan,20260802011913_1A-4-7-8-17-28C,30,28C,0,13,M92,AB5767,0,18
2026-08-02T08:43:20.188Z,deep_scan,20260802011913_1A-4-7-8-17-28C,30,28C,0,21,M225,AB4326,0,28
2026-08-02T08:43:20.188Z,deep_scan,20260802011913_1A-4-7-8-17-28C,30,28C,0,21,M225,AB5457,1,8
2026-08-02T08:43:20.188Z,deep_scan,20260802011913_1A-4-7-8-17-28C,30,28C,0,29,M163,AB4355,0,3
2026-08-02T08:43:50.168Z,deep_scan,20260802011913_1A-4-7-8-17-28C,30,28C,0,6,M163,AB6214,1,2
2026-08-02T08:43:50.168Z,deep_scan,20260802011913_1A-4-7-8-17-28C,30,28C,0,13,M92,AB5767,0,2
2026-08-02T08:43:50.168Z,deep_scan,20260802011913_1A-4-7-8-17-28C,30,28C,0,21,M225,AB4326,0,28
2026-08-02T08:43:50.168Z,deep_scan,20260802011913_1A-4-7-8-17-28C,30,28C,0,21,M225,AB5457,1,1
2026-08-02T08:43:50.168Z,deep_scan,20260802011913_1A-4-7-8-17-28C,30,28C,0,30,M160/2,AB4355,1,12
2026-08-02T08:44:20.191Z,deep_scan,20260802011913_1A-4-7-8-17-28C,30,28C,0,6,M163,AB6214,1,12
2026-08-02T08:44:20.191Z,deep_scan,20260802011913_1A-4-7-8-17-28C,30,28C,0,13,M92,AB5767,0,17
2026-08-02T08:44:20.191Z,deep_scan,20260802011913_1A-4-7-8-17-28C,30,28C,0,21,M225,AB4326,0,21
2026-08-02T08:44:20.191Z,deep_scan,20260802011913_1A-4-7-8-17-28C,30,28C,0,21,M225,AB5457,0,21
2026-08-02T08:44:20.191Z,deep_scan,20260802011913_1A-4-7-8-17-28C,30,28C,0,30,M160/2,AB4355,1,12
2026-08-02T08:44:50.166Z,deep_scan,20260802011913_1A-4-7-8-17-28C,30,28C,0,7,M164,AB6214,1,20
2026-08-02T08:44:50.166Z,deep_scan,20260802011913_1A-4-7-8-17-28C,30,28C,0,13,M92,AB5767,0,17
2026-08-02T08:44:50.166Z,deep_scan,20260802011913_1A-4-7-8-17-28C,30,28C,0,21,M225,AB4326,0,22
2026-08-02T08:44:50.166Z,deep_scan,20260802011913_1A-4-7-8-17-28C,30,28C,0,21,M225,AB5457,0,45
2026-08-02T08:44:50.166Z,deep_scan,20260802011913_1A-4-7-8-17-28C,30,28C,0,31,M158/1,AB4355,1,30
2026-08-02T08:45:20.210Z,deep_scan,20260802011913_1A-4-7-8-17-28C,30,28C,0,7,M164,AB6214,0,35
2026-08-02T08:45:20.210Z,deep_scan,20260802011913_1A-4-7-8-17-28C,30,28C,0,14,M104,AB5767,1,7
2026-08-02T08:45:20.210Z,deep_scan,20260802011913_1A-4-7-8-17-28C,30,28C,0,21,M225,AB5457,0,45
2026-08-02T08:45:20.210Z,deep_scan,20260802011913_1A-4-7-8-17-28C,30,28C,0,22,M16/2,AB4326,1,29
2026-08-02T08:45:20.210Z,deep_scan,20260802011913_1A-4-7-8-17-28C,30,28C,0,31,M158/1,AB4355,0,10
2026-08-02T08:45:50.251Z,deep_scan,20260802011913_1A-4-7-8-17-28C,30,28C,0,8,M151,AB6214,1,1
2026-08-02T08:45:50.251Z,deep_scan,20260802011913_1A-4-7-8-17-28C,30,28C,0,14,M104,AB5767,1,13
2026-08-02T08:45:50.251Z,deep_scan,20260802011913_1A-4-7-8-17-28C,30,28C,0,21,M225,AB5457,0,31
2026-08-02T08:45:50.251Z,deep_scan,20260802011913_1A-4-7-8-17-28C,30,28C,0,22,M16/2,AB4326,1,9
2026-08-02T08:45:50.251Z,deep_scan,20260802011913_1A-4-7-8-17-28C,30,28C,0,31,M158/1,AB4355,0,10
2026-08-02T08:46:20.288Z,deep_scan,20260802011913_1A-4-7-8-17-28C,30,28C,0,8,M151,AB6214,1,9
2026-08-02T08:46:20.288Z,deep_scan,20260802011913_1A-4-7-8-17-28C,30,28C,0,14,M104,AB5767,0,16
2026-08-02T08:46:20.288Z,deep_scan,20260802011913_1A-4-7-8-17-28C,30,28C,0,21,M225,AB5457,0,22
2026-08-02T08:46:20.288Z,deep_scan,20260802011913_1A-4-7-8-17-28C,30,28C,0,22,M16/2,AB4326,1,9
2026-08-02T08:46:20.288Z,deep_scan,20260802011913_1A-4-7-8-17-28C,30,28C,0,32,M161,AB4355,1,21
2026-08-02T08:46:50.234Z,deep_scan,20260802011913_1A-4-7-8-17-28C,30,28C,0,9,M150,AB6214,1,13
2026-08-02T08:46:50.234Z,deep_scan,20260802011913_1A-4-7-8-17-28C,30,28C,0,14,M104,AB5767,0,26
2026-08-02T08:46:50.234Z,deep_scan,20260802011913_1A-4-7-8-17-28C,30,28C,0,21,M225,AB5457,0,28
2026-08-02T08:46:50.234Z,deep_scan,20260802011913_1A-4-7-8-17-28C,30,28C,0,22,M16/2,AB4326,1,9
2026-08-02T08:46:50.234Z,deep_scan,20260802011913_1A-4-7-8-17-28C,30,28C,0,32,M161,AB4355,1,7
2026-08-02T08:47:20.246Z,deep_scan,20260802011913_1A-4-7-8-17-28C,30,28C,0,9,M150,AB6214,1,9
2026-08-02T08:47:20.246Z,deep_scan,20260802011913_1A-4-7-8-17-28C,30,28C,0,15,M43,AB5767,1,2
2026-08-02T08:47:20.246Z,deep_scan,20260802011913_1A-4-7-8-17-28C,30,28C,0,22,M16/2,AB4326,0,30
2026-08-02T08:47:20.246Z,deep_scan,20260802011913_1A-4-7-8-17-28C,30,28C,0,22,M16/2,AB5457,1,32
2026-08-02T08:47:20.246Z,deep_scan,20260802011913_1A-4-7-8-17-28C,30,28C,0,32,M161,AB4355,0,14
2026-08-02T08:47:50.206Z,deep_scan,20260802011913_1A-4-7-8-17-28C,30,28C,0,9,M150,AB6214,1,11
2026-08-02T08:47:50.206Z,deep_scan,20260802011913_1A-4-7-8-17-28C,30,28C,0,15,M43,AB5767,0,31
2026-08-02T08:47:50.206Z,deep_scan,20260802011913_1A-4-7-8-17-28C,30,28C,0,22,M16/2,AB5457,1,32
2026-08-02T08:47:50.206Z,deep_scan,20260802011913_1A-4-7-8-17-28C,30,28C,0,23,M98,AB4326,1,21
2026-08-02T08:47:50.206Z,deep_scan,20260802011913_1A-4-7-8-17-28C,30,28C,0,33,M70,AB4355,1,14
2026-08-02T08:48:20.504Z,deep_scan,20260802011913_1A-4-7-8-17-28C,30,28C,0,9,M150,AB6214,0,12
2026-08-02T08:48:20.504Z,deep_scan,20260802011913_1A-4-7-8-17-28C,30,28C,0,16,M40,AB5767,1,2
2026-08-02T08:48:20.504Z,deep_scan,20260802011913_1A-4-7-8-17-28C,30,28C,0,22,M16/2,AB5457,1,32
2026-08-02T08:48:20.504Z,deep_scan,20260802011913_1A-4-7-8-17-28C,30,28C,0,23,M98,AB4326,0,20
2026-08-02T08:48:20.504Z,deep_scan,20260802011913_1A-4-7-8-17-28C,30,28C,0,33,M70,AB4355,1,13
2026-08-02T08:48:50.208Z,deep_scan,20260802011913_1A-4-7-8-17-28C,30,28C,0,10,M148,AB6214,1,4
2026-08-02T08:48:50.208Z,deep_scan,20260802011913_1A-4-7-8-17-28C,30,28C,0,16,M40,AB5767,0,27
2026-08-02T08:48:50.208Z,deep_scan,20260802011913_1A-4-7-8-17-28C,30,28C,0,22,M16/2,AB5457,1,32
2026-08-02T08:48:50.208Z,deep_scan,20260802011913_1A-4-7-8-17-28C,30,28C,0,24,M88,AB4326,1,14
2026-08-02T08:48:50.208Z,deep_scan,20260802011913_1A-4-7-8-17-28C,30,28C,0,33,M70,AB4355,0,10
2026-08-02T08:49:20.239Z,deep_scan,20260802011913_1A-4-7-8-17-28C,30,28C,0,10,M148,AB6214,1,4
2026-08-02T08:49:20.239Z,deep_scan,20260802011913_1A-4-7-8-17-28C,30,28C,0,17,M28/2,AB5767,1,32
2026-08-02T08:49:20.239Z,deep_scan,20260802011913_1A-4-7-8-17-28C,30,28C,0,22,M16/2,AB5457,0,28
2026-08-02T08:49:20.239Z,deep_scan,20260802011913_1A-4-7-8-17-28C,30,28C,0,24,M88,AB4326,1,5
2026-08-02T08:49:20.239Z,deep_scan,20260802011913_1A-4-7-8-17-28C,30,28C,0,34,M118,AB4355,1,23
2026-08-02T08:49:50.237Z,deep_scan,20260802011913_1A-4-7-8-17-28C,30,28C,0,0,M62/3,AB5657,1,1
2026-08-02T08:49:50.237Z,deep_scan,20260802011913_1A-4-7-8-17-28C,30,28C,0,10,M148,AB6214,1,4
2026-08-02T08:49:50.237Z,deep_scan,20260802011913_1A-4-7-8-17-28C,30,28C,0,17,M28/2,AB5767,0,10
2026-08-02T08:49:50.237Z,deep_scan,20260802011913_1A-4-7-8-17-28C,30,28C,0,23,M98,AB5457,1,9
2026-08-02T08:49:50.237Z,deep_scan,20260802011913_1A-4-7-8-17-28C,30,28C,0,24,M88,AB4326,1,5
2026-08-02T08:49:50.237Z,deep_scan,20260802011913_1A-4-7-8-17-28C,30,28C,0,34,M118,AB4355,1,23
2026-08-02T08:50:20.297Z,deep_scan,20260802011913_1A-4-7-8-17-28C,30,28C,0,0,M62/3,AB5657,1,1
2026-08-02T08:50:20.297Z,deep_scan,20260802011913_1A-4-7-8-17-28C,30,28C,0,10,M148,AB6214,1,4
2026-08-02T08:50:20.297Z,deep_scan,20260802011913_1A-4-7-8-17-28C,30,28C,0,17,M28/2,AB5767,0,10
2026-08-02T08:50:20.297Z,deep_scan,20260802011913_1A-4-7-8-17-28C,30,28C,0,23,M98,AB5457,1,26
2026-08-02T08:50:20.297Z,deep_scan,20260802011913_1A-4-7-8-17-28C,30,28C,0,24,M88,AB4326,1,5
2026-08-02T08:50:20.297Z,deep_scan,20260802011913_1A-4-7-8-17-28C,30,28C,0,34,M118,AB4355,1,11
2026-08-02T08:50:50.273Z,deep_scan,20260802011913_1A-4-7-8-17-28C,30,28C,0,0,M62/3,AB5657,0,19
2026-08-02T08:50:50.273Z,deep_scan,20260802011913_1A-4-7-8-17-28C,30,28C,0,10,M148,AB6214,0,15
2026-08-02T08:50:50.273Z,deep_scan,20260802011913_1A-4-7-8-17-28C,30,28C,0,17,M28/2,AB5767,0,3
2026-08-02T08:50:50.273Z,deep_scan,20260802011913_1A-4-7-8-17-28C,30,28C,0,23,M98,AB5457,1,26
2026-08-02T08:50:50.273Z,deep_scan,20260802011913_1A-4-7-8-17-28C,30,28C,0,24,M88,AB4326,0,11
2026-08-02T08:50:50.273Z,deep_scan,20260802011913_1A-4-7-8-17-28C,30,28C,0,34,M118,AB4355,0,11
2026-08-02T08:51:20.285Z,deep_scan,20260802011913_1A-4-7-8-17-28C,30,28C,0,0,M62/3,AB5657,0,29
2026-08-02T08:51:20.285Z,deep_scan,20260802011913_1A-4-7-8-17-28C,30,28C,0,10,M148,AB6214,0,7
2026-08-02T08:51:20.285Z,deep_scan,20260802011913_1A-4-7-8-17-28C,30,28C,0,17,M28/2,AB5767,0,9
2026-08-02T08:51:20.285Z,deep_scan,20260802011913_1A-4-7-8-17-28C,30,28C,0,23,M98,AB5457,0,12
2026-08-02T08:51:20.285Z,deep_scan,20260802011913_1A-4-7-8-17-28C,30,28C,0,24,M88,AB4326,0,24
2026-08-02T08:51:20.285Z,deep_scan,20260802011913_1A-4-7-8-17-28C,30,28C,0,34,M118,AB4355,0,8
2026-08-02T08:51:50.256Z,deep_scan,20260802011913_1A-4-7-8-17-28C,30,28C,0,1,M117,AB5657,1,36
2026-08-02T08:51:50.256Z,deep_scan,20260802011913_1A-4-7-8-17-28C,30,28C,0,10,M148,AB6214,0,27
2026-08-02T08:51:50.256Z,deep_scan,20260802011913_1A-4-7-8-17-28C,30,28C,0,18,M227,AB5767,1,20
2026-08-02T08:51:50.256Z,deep_scan,20260802011913_1A-4-7-8-17-28C,30,28C,0,23,M98,AB5457,0,14
2026-08-02T08:51:50.256Z,deep_scan,20260802011913_1A-4-7-8-17-28C,30,28C,0,25,M72,AB4326,1,17
2026-08-02T08:51:50.256Z,deep_scan,20260802011913_1A-4-7-8-17-28C,30,28C,0,35,M62/3,AB4355,1,0
2026-08-02T08:52:20.286Z,deep_scan,20260802011913_1A-4-7-8-17-28C,30,28C,0,1,M117,AB5657,1,16
2026-08-02T08:52:20.286Z,deep_scan,20260802011913_1A-4-7-8-17-28C,30,28C,0,10,M148,AB6214,0,19
2026-08-02T08:52:20.286Z,deep_scan,20260802011913_1A-4-7-8-17-28C,30,28C,0,18,M227,AB5767,1,3
2026-08-02T08:52:20.286Z,deep_scan,20260802011913_1A-4-7-8-17-28C,30,28C,0,23,M98,AB5457,0,14
2026-08-02T08:52:20.286Z,deep_scan,20260802011913_1A-4-7-8-17-28C,30,28C,0,25,M72,AB4326,1,2
2026-08-02T08:52:20.286Z,deep_scan,20260802011913_1A-4-7-8-17-28C,30,28C,0,35,M62/3,AB4355,1,0
2026-08-02T08:52:50.264Z,deep_scan,20260802011913_1A-4-7-8-17-28C,30,28C,0,1,M117,AB5657,0,30
2026-08-02T08:52:50.264Z,deep_scan,20260802011913_1A-4-7-8-17-28C,30,28C,0,10,M148,AB6214,0,7
2026-08-02T08:52:50.264Z,deep_scan,20260802011913_1A-4-7-8-17-28C,30,28C,0,18,M227,AB5767,1,15
2026-08-02T08:52:50.264Z,deep_scan,20260802011913_1A-4-7-8-17-28C,30,28C,0,24,M88,AB5457,1,3
2026-08-02T08:52:50.264Z,deep_scan,20260802011913_1A-4-7-8-17-28C,30,28C,0,26,M149,AB4326,1,35
2026-08-02T08:52:50.264Z,deep_scan,20260802011913_1A-4-7-8-17-28C,30,28C,0,35,M62/3,AB4355,1,0
2026-08-02T08:53:20.308Z,deep_scan,20260802011913_1A-4-7-8-17-28C,30,28C,0,2,M241,AB5657,1,19
2026-08-02T08:53:20.308Z,deep_scan,20260802011913_1A-4-7-8-17-28C,30,28C,0,11,M76/1,AB6214,1,25
2026-08-02T08:53:20.308Z,deep_scan,20260802011913_1A-4-7-8-17-28C,30,28C,0,18,M227,AB5767,1,15
2026-08-02T08:53:20.308Z,deep_scan,20260802011913_1A-4-7-8-17-28C,30,28C,0,24,M88,AB5457,0,7
2026-08-02T08:53:20.308Z,deep_scan,20260802011913_1A-4-7-8-17-28C,30,28C,0,26,M149,AB4326,1,14
2026-08-02T08:53:20.308Z,deep_scan,20260802011913_1A-4-7-8-17-28C,30,28C,0,35,M62/3,AB4355,1,0
2026-08-02T08:53:50.318Z,deep_scan,20260802011913_1A-4-7-8-17-28C,30,28C,0,2,M241,AB5657,1,19
2026-08-02T08:53:50.318Z,deep_scan,20260802011913_1A-4-7-8-17-28C,30,28C,0,11,M76/1,AB6214,1,15
2026-08-02T08:53:50.318Z,deep_scan,20260802011913_1A-4-7-8-17-28C,30,28C,0,18,M227,AB5767,0,24
2026-08-02T08:53:50.318Z,deep_scan,20260802011913_1A-4-7-8-17-28C,30,28C,0,24,M88,AB5457,0,39
2026-08-02T08:53:50.318Z,deep_scan,20260802011913_1A-4-7-8-17-28C,30,28C,0,26,M149,AB4326,0,23
2026-08-02T08:53:50.318Z,deep_scan,20260802011913_1A-4-7-8-17-28C,30,28C,0,35,M62/3,AB4355,1,0
2026-08-02T08:54:20.336Z,deep_scan,20260802011913_1A-4-7-8-17-28C,30,28C,0,2,M241,AB5657,1,19
2026-08-02T08:54:20.336Z,deep_scan,20260802011913_1A-4-7-8-17-28C,30,28C,0,11,M76/1,AB6214,1,15
2026-08-02T08:54:20.336Z,deep_scan,20260802011913_1A-4-7-8-17-28C,30,28C,0,18,M227,AB5767,0,14
2026-08-02T08:54:20.336Z,deep_scan,20260802011913_1A-4-7-8-17-28C,30,28C,0,24,M88,AB5457,0,39
2026-08-02T08:54:20.336Z,deep_scan,20260802011913_1A-4-7-8-17-28C,30,28C,0,27,M145/2,AB4326,1,3
2026-08-02T08:54:20.336Z,deep_scan,20260802011913_1A-4-7-8-17-28C,30,28C,0,35,M62/3,AB4355,1,0
2026-08-02T08:54:50.361Z,deep_scan,20260802011913_1A-4-7-8-17-28C,30,28C,0,2,M241,AB5657,0,18
2026-08-02T08:54:50.361Z,deep_scan,20260802011913_1A-4-7-8-17-28C,30,28C,0,11,M76/1,AB6214,1,10
2026-08-02T08:54:50.361Z,deep_scan,20260802011913_1A-4-7-8-17-28C,30,28C,0,19,M244,AB5767,1,5
2026-08-02T08:54:50.361Z,deep_scan,20260802011913_1A-4-7-8-17-28C,30,28C,0,24,M88,AB5457,0,39
2026-08-02T08:54:50.361Z,deep_scan,20260802011913_1A-4-7-8-17-28C,30,28C,0,27,M145/2,AB4326,1,9
2026-08-02T08:54:50.361Z,deep_scan,20260802011913_1A-4-7-8-17-28C,30,28C,0,35,M62/3,AB4355,1,0
2026-08-02T08:55:20.318Z,deep_scan,20260802011913_1A-4-7-8-17-28C,30,28C,0,3,M71,AB5657,1,15
2026-08-02T08:55:20.318Z,deep_scan,20260802011913_1A-4-7-8-17-28C,30,28C,0,11,M76/1,AB6214,0,9
2026-08-02T08:55:20.318Z,deep_scan,20260802011913_1A-4-7-8-17-28C,30,28C,0,19,M244,AB5767,1,6
2026-08-02T08:55:20.318Z,deep_scan,20260802011913_1A-4-7-8-17-28C,30,28C,0,24,M88,AB5457,0,11
2026-08-02T08:55:20.318Z,deep_scan,20260802011913_1A-4-7-8-17-28C,30,28C,0,27,M145/2,AB4326,1,2
2026-08-02T08:55:20.318Z,deep_scan,20260802011913_1A-4-7-8-17-28C,30,28C,0,35,M62/3,AB4355,1,0
2026-08-02T08:55:50.388Z,deep_scan,20260802011913_1A-4-7-8-17-28C,30,28C,0,3,M71,AB5657,0,13
2026-08-02T08:55:50.388Z,deep_scan,20260802011913_1A-4-7-8-17-28C,30,28C,0,11,M76/1,AB6214,0,9
2026-08-02T08:55:50.388Z,deep_scan,20260802011913_1A-4-7-8-17-28C,30,28C,0,19,M244,AB5767,0,10
2026-08-02T08:55:50.388Z,deep_scan,20260802011913_1A-4-7-8-17-28C,30,28C,0,25,M72,AB5457,1,20
2026-08-02T08:55:50.388Z,deep_scan,20260802011913_1A-4-7-8-17-28C,30,28C,0,27,M145/2,AB4326,1,11
2026-08-02T08:55:50.388Z,deep_scan,20260802011913_1A-4-7-8-17-28C,30,28C,0,35,M62/3,AB4355,1,0
2026-08-02T08:56:20.372Z,deep_scan,20260802011913_1A-4-7-8-17-28C,30,28C,0,4,M155,AB5657,1,16
2026-08-02T08:56:20.372Z,deep_scan,20260802011913_1A-4-7-8-17-28C,30,28C,0,11,M76/1,AB6214,0,16
2026-08-02T08:56:20.372Z,deep_scan,20260802011913_1A-4-7-8-17-28C,30,28C,0,19,M244,AB5767,0,9
2026-08-02T08:56:20.372Z,deep_scan,20260802011913_1A-4-7-8-17-28C,30,28C,0,25,M72,AB5457,1,30
2026-08-02T08:56:20.372Z,deep_scan,20260802011913_1A-4-7-8-17-28C,30,28C,0,28,M165,AB4326,1,21
2026-08-02T08:56:50.365Z,deep_scan,20260802011913_1A-4-7-8-17-28C,30,28C,0,4,M155,AB5657,1,5
2026-08-02T08:56:50.365Z,deep_scan,20260802011913_1A-4-7-8-17-28C,30,28C,0,12,M84/1,AB6214,1,3
2026-08-02T08:56:50.365Z,deep_scan,20260802011913_1A-4-7-8-17-28C,30,28C,0,20,M216,AB5767,1,27
2026-08-02T08:56:50.365Z,deep_scan,20260802011913_1A-4-7-8-17-28C,30,28C,0,26,M149,AB5457,1,28
2026-08-02T08:56:50.365Z,deep_scan,20260802011913_1A-4-7-8-17-28C,30,28C,0,28,M165,AB4326,0,18
2026-08-02T08:57:20.353Z,deep_scan,20260802011913_1A-4-7-8-17-28C,30,28C,0,4,M155,AB5657,0,24
2026-08-02T08:57:20.353Z,deep_scan,20260802011913_1A-4-7-8-17-28C,30,28C,0,12,M84/1,AB6214,1,2
2026-08-02T08:57:20.353Z,deep_scan,20260802011913_1A-4-7-8-17-28C,30,28C,0,20,M216,AB5767,1,7
2026-08-02T08:57:20.353Z,deep_scan,20260802011913_1A-4-7-8-17-28C,30,28C,0,26,M149,AB5457,0,7
2026-08-02T08:57:20.353Z,deep_scan,20260802011913_1A-4-7-8-17-28C,30,28C,0,29,M163,AB4326,1,25
2026-08-02T08:57:50.406Z,deep_scan,20260802011913_1A-4-7-8-17-28C,30,28C,0,5,M157,AB5657,1,4
2026-08-02T08:57:50.406Z,deep_scan,20260802011913_1A-4-7-8-17-28C,30,28C,0,12,M84/1,AB6214,1,2
2026-08-02T08:57:50.406Z,deep_scan,20260802011913_1A-4-7-8-17-28C,30,28C,0,20,M216,AB5767,0,32
2026-08-02T08:57:50.406Z,deep_scan,20260802011913_1A-4-7-8-17-28C,30,28C,0,26,M149,AB5457,0,29
2026-08-02T08:57:50.406Z,deep_scan,20260802011913_1A-4-7-8-17-28C,30,28C,0,29,M163,AB4326,0,20
2026-08-02T08:58:20.375Z,deep_scan,20260802011913_1A-4-7-8-17-28C,30,28C,0,0,M62/3,AB4355,1,6
2026-08-02T08:58:20.375Z,deep_scan,20260802011913_1A-4-7-8-17-28C,30,28C,0,6,M163,AB5657,1,21
2026-08-02T08:58:20.375Z,deep_scan,20260802011913_1A-4-7-8-17-28C,30,28C,0,12,M84/1,AB6214,1,2
2026-08-02T08:58:20.375Z,deep_scan,20260802011913_1A-4-7-8-17-28C,30,28C,0,20,M216,AB5767,0,26
2026-08-02T08:58:20.375Z,deep_scan,20260802011913_1A-4-7-8-17-28C,30,28C,0,27,M145/2,AB5457,1,18
2026-08-02T08:58:20.375Z,deep_scan,20260802011913_1A-4-7-8-17-28C,30,28C,0,29,M163,AB4326,0,2
2026-08-02T08:58:50.367Z,deep_scan,20260802011913_1A-4-7-8-17-28C,30,28C,0,0,M62/3,AB4355,1,6
2026-08-02T08:58:50.367Z,deep_scan,20260802011913_1A-4-7-8-17-28C,30,28C,0,6,M163,AB5657,1,11
2026-08-02T08:58:50.367Z,deep_scan,20260802011913_1A-4-7-8-17-28C,30,28C,0,12,M84/1,AB6214,1,10
2026-08-02T08:58:50.367Z,deep_scan,20260802011913_1A-4-7-8-17-28C,30,28C,0,20,M216,AB5767,0,14
2026-08-02T08:58:50.367Z,deep_scan,20260802011913_1A-4-7-8-17-28C,30,28C,0,27,M145/2,AB5457,1,8
2026-08-02T08:58:50.367Z,deep_scan,20260802011913_1A-4-7-8-17-28C,30,28C,0,30,M160/2,AB4326,1,24
2026-08-02T08:59:20.362Z,deep_scan,20260802011913_1A-4-7-8-17-28C,30,28C,0,0,M62/3,AB4355,1,6
2026-08-02T08:59:20.362Z,deep_scan,20260802011913_1A-4-7-8-17-28C,30,28C,0,6,M163,AB5657,1,18
2026-08-02T08:59:20.362Z,deep_scan,20260802011913_1A-4-7-8-17-28C,30,28C,0,12,M84/1,AB6214,0,12
2026-08-02T08:59:20.362Z,deep_scan,20260802011913_1A-4-7-8-17-28C,30,28C,0,20,M216,AB5767,0,14
2026-08-02T08:59:20.362Z,deep_scan,20260802011913_1A-4-7-8-17-28C,30,28C,0,27,M145/2,AB5457,1,8
2026-08-02T08:59:20.362Z,deep_scan,20260802011913_1A-4-7-8-17-28C,30,28C,0,30,M160/2,AB4326,1,2
2026-08-02T08:59:50.423Z,deep_scan,20260802011913_1A-4-7-8-17-28C,30,28C,0,0,M62/3,AB4355,1,6
2026-08-02T08:59:50.423Z,deep_scan,20260802011913_1A-4-7-8-17-28C,30,28C,0,7,M164,AB5657,0,24
2026-08-02T08:59:50.423Z,deep_scan,20260802011913_1A-4-7-8-17-28C,30,28C,0,12,M84/1,AB6214,0,8
2026-08-02T08:59:50.423Z,deep_scan,20260802011913_1A-4-7-8-17-28C,30,28C,0,21,M225,AB5767,1,21
2026-08-02T08:59:50.423Z,deep_scan,20260802011913_1A-4-7-8-17-28C,30,28C,0,28,M165,AB5457,1,27
2026-08-02T08:59:50.423Z,deep_scan,20260802011913_1A-4-7-8-17-28C,30,28C,0,31,M158/1,AB4326,1,13
2026-08-02T09:00:20.475Z,deep_scan,20260802011913_1A-4-7-8-17-28C,30,28C,0,0,M62/3,AB4355,1,6
2026-08-02T09:00:20.475Z,deep_scan,20260802011913_1A-4-7-8-17-28C,30,28C,0,7,M164,AB5657,0,37
2026-08-02T09:00:20.475Z,deep_scan,20260802011913_1A-4-7-8-17-28C,30,28C,0,12,M84/1,AB6214,0,9
2026-08-02T09:00:20.475Z,deep_scan,20260802011913_1A-4-7-8-17-28C,30,28C,0,21,M225,AB5767,1,3
2026-08-02T09:00:20.475Z,deep_scan,20260802011913_1A-4-7-8-17-28C,30,28C,0,28,M165,AB5457,0,17
2026-08-02T09:00:20.475Z,deep_scan,20260802011913_1A-4-7-8-17-28C,30,28C,0,31,M158/1,AB4326,1,16
2026-08-02T09:00:50.548Z,deep_scan,20260802011913_1A-4-7-8-17-28C,30,28C,0,0,M62/3,AB4355,1,6
2026-08-02T09:00:50.548Z,deep_scan,20260802011913_1A-4-7-8-17-28C,30,28C,0,8,M151,AB5657,0,22
2026-08-02T09:00:50.548Z,deep_scan,20260802011913_1A-4-7-8-17-28C,30,28C,0,12,M84/1,AB6214,0,19
2026-08-02T09:00:50.548Z,deep_scan,20260802011913_1A-4-7-8-17-28C,30,28C,0,21,M225,AB5767,1,10
2026-08-02T09:00:50.548Z,deep_scan,20260802011913_1A-4-7-8-17-28C,30,28C,0,29,M163,AB5457,1,20
2026-08-02T09:00:50.548Z,deep_scan,20260802011913_1A-4-7-8-17-28C,30,28C,0,31,M158/1,AB4326,0,15
2026-08-02T09:01:20.387Z,deep_scan,20260802011913_1A-4-7-8-17-28C,30,28C,0,0,M62/3,AB4355,1,6
2026-08-02T09:01:20.387Z,deep_scan,20260802011913_1A-4-7-8-17-28C,30,28C,0,8,M151,AB5657,0,13
2026-08-02T09:01:20.387Z,deep_scan,20260802011913_1A-4-7-8-17-28C,30,28C,0,13,M92,AB6214,1,23
2026-08-02T09:01:20.387Z,deep_scan,20260802011913_1A-4-7-8-17-28C,30,28C,0,21,M225,AB5767,1,10
2026-08-02T09:01:20.387Z,deep_scan,20260802011913_1A-4-7-8-17-28C,30,28C,0,29,M163,AB5457,1,15
2026-08-02T09:01:20.387Z,deep_scan,20260802011913_1A-4-7-8-17-28C,30,28C,0,31,M158/1,AB4326,0,15
2026-08-02T09:01:50.441Z,deep_scan,20260802011913_1A-4-7-8-17-28C,30,28C,0,0,M62/3,AB4355,0,28
2026-08-02T09:01:50.441Z,deep_scan,20260802011913_1A-4-7-8-17-28C,30,28C,0,9,M150,AB5657,1,10
2026-08-02T09:01:50.441Z,deep_scan,20260802011913_1A-4-7-8-17-28C,30,28C,0,13,M92,AB6214,0,18
2026-08-02T09:01:50.441Z,deep_scan,20260802011913_1A-4-7-8-17-28C,30,28C,0,21,M225,AB5767,0,16
2026-08-02T09:01:50.441Z,deep_scan,20260802011913_1A-4-7-8-17-28C,30,28C,0,29,M163,AB5457,0,16
2026-08-02T09:01:50.441Z,deep_scan,20260802011913_1A-4-7-8-17-28C,30,28C,0,32,M161,AB4326,1,21
2026-08-02T09:02:20.431Z,deep_scan,20260802011913_1A-4-7-8-17-28C,30,28C,0,0,M62/3,AB4355,0,34
2026-08-02T09:02:20.431Z,deep_scan,20260802011913_1A-4-7-8-17-28C,30,28C,0,9,M150,AB5657,1,16
2026-08-02T09:02:20.431Z,deep_scan,20260802011913_1A-4-7-8-17-28C,30,28C,0,13,M92,AB6214,0,8
2026-08-02T09:02:20.431Z,deep_scan,20260802011913_1A-4-7-8-17-28C,30,28C,0,21,M225,AB5767,0,24
2026-08-02T09:02:20.431Z,deep_scan,20260802011913_1A-4-7-8-17-28C,30,28C,0,29,M163,AB5457,0,8
2026-08-02T09:02:20.431Z,deep_scan,20260802011913_1A-4-7-8-17-28C,30,28C,0,32,M161,AB4326,1,10
2026-08-02T09:02:50.478Z,deep_scan,20260802011913_1A-4-7-8-17-28C,30,28C,0,0,M62/3,AB4355,0,5
2026-08-02T09:02:50.478Z,deep_scan,20260802011913_1A-4-7-8-17-28C,30,28C,0,9,M150,AB5657,0,10
2026-08-02T09:02:50.478Z,deep_scan,20260802011913_1A-4-7-8-17-28C,30,28C,0,13,M92,AB6214,0,22
2026-08-02T09:02:50.478Z,deep_scan,20260802011913_1A-4-7-8-17-28C,30,28C,0,21,M225,AB5767,0,35
2026-08-02T09:02:50.478Z,deep_scan,20260802011913_1A-4-7-8-17-28C,30,28C,0,30,M160/2,AB5457,1,11
2026-08-02T09:02:50.478Z,deep_scan,20260802011913_1A-4-7-8-17-28C,30,28C,0,33,M70,AB4326,1,22
2026-08-02T09:03:20.415Z,deep_scan,20260802011913_1A-4-7-8-17-28C,30,28C,0,1,M117,AB4355,0,27
2026-08-02T09:03:20.415Z,deep_scan,20260802011913_1A-4-7-8-17-28C,30,28C,0,10,M148,AB5657,1,5
2026-08-02T09:03:20.415Z,deep_scan,20260802011913_1A-4-7-8-17-28C,30,28C,0,14,M104,AB6214,1,8
2026-08-02T09:03:20.415Z,deep_scan,20260802011913_1A-4-7-8-17-28C,30,28C,0,22,M16/2,AB5767,1,28
2026-08-02T09:03:20.415Z,deep_scan,20260802011913_1A-4-7-8-17-28C,30,28C,0,30,M160/2,AB5457,0,5
2026-08-02T09:03:20.415Z,deep_scan,20260802011913_1A-4-7-8-17-28C,30,28C,0,33,M70,AB4326,0,25
2026-08-02T09:03:50.469Z,deep_scan,20260802011913_1A-4-7-8-17-28C,30,28C,0,2,M241,AB4355,1,15
2026-08-02T09:03:50.469Z,deep_scan,20260802011913_1A-4-7-8-17-28C,30,28C,0,10,M148,AB5657,1,13
2026-08-02T09:03:50.469Z,deep_scan,20260802011913_1A-4-7-8-17-28C,30,28C,0,14,M104,AB6214,1,6
2026-08-02T09:03:50.469Z,deep_scan,20260802011913_1A-4-7-8-17-28C,30,28C,0,22,M16/2,AB5767,1,3
2026-08-02T09:03:50.469Z,deep_scan,20260802011913_1A-4-7-8-17-28C,30,28C,0,31,M158/1,AB5457,1,16
2026-08-02T09:03:50.469Z,deep_scan,20260802011913_1A-4-7-8-17-28C,30,28C,0,33,M70,AB4326,0,24
2026-08-02T09:04:20.383Z,deep_scan,20260802011913_1A-4-7-8-17-28C,30,28C,0,2,M241,AB4355,1,13
2026-08-02T09:04:20.383Z,deep_scan,20260802011913_1A-4-7-8-17-28C,30,28C,0,10,M148,AB5657,1,13
2026-08-02T09:04:20.383Z,deep_scan,20260802011913_1A-4-7-8-17-28C,30,28C,0,14,M104,AB6214,1,6
2026-08-02T09:04:20.383Z,deep_scan,20260802011913_1A-4-7-8-17-28C,30,28C,0,22,M16/2,AB5767,0,26
2026-08-02T09:04:20.383Z,deep_scan,20260802011913_1A-4-7-8-17-28C,30,28C,0,31,M158/1,AB5457,1,6
2026-08-02T09:04:20.383Z,deep_scan,20260802011913_1A-4-7-8-17-28C,30,28C,0,34,M118,AB4326,1,8
2026-08-02T09:04:50.463Z,deep_scan,20260802011913_1A-4-7-8-17-28C,30,28C,0,2,M241,AB4355,0,20
2026-08-02T09:04:50.463Z,deep_scan,20260802011913_1A-4-7-8-17-28C,30,28C,0,10,M148,AB5657,0,18
2026-08-02T09:04:50.463Z,deep_scan,20260802011913_1A-4-7-8-17-28C,30,28C,0,14,M104,AB6214,0,31
2026-08-02T09:04:50.463Z,deep_scan,20260802011913_1A-4-7-8-17-28C,30,28C,0,23,M98,AB5767,1,18
2026-08-02T09:04:50.463Z,deep_scan,20260802011913_1A-4-7-8-17-28C,30,28C,0,31,M158/1,AB5457,0,21
2026-08-02T09:04:50.463Z,deep_scan,20260802011913_1A-4-7-8-17-28C,30,28C,0,34,M118,AB4326,0,24
2026-08-02T09:05:20.462Z,deep_scan,20260802011913_1A-4-7-8-17-28C,30,28C,0,3,M71,AB4355,1,15
2026-08-02T09:05:20.462Z,deep_scan,20260802011913_1A-4-7-8-17-28C,30,28C,0,10,M148,AB5657,0,21
2026-08-02T09:05:20.462Z,deep_scan,20260802011913_1A-4-7-8-17-28C,30,28C,0,15,M43,AB6214,1,6
2026-08-02T09:05:20.462Z,deep_scan,20260802011913_1A-4-7-8-17-28C,30,28C,0,23,M98,AB5767,1,20
2026-08-02T09:05:20.462Z,deep_scan,20260802011913_1A-4-7-8-17-28C,30,28C,0,31,M158/1,AB5457,0,17
2026-08-02T09:05:20.462Z,deep_scan,20260802011913_1A-4-7-8-17-28C,30,28C,0,34,M118,AB4326,0,13
2026-08-02T09:05:50.487Z,deep_scan,20260802011913_1A-4-7-8-17-28C,30,28C,0,3,M71,AB4355,0,10
2026-08-02T09:05:50.487Z,deep_scan,20260802011913_1A-4-7-8-17-28C,30,28C,0,10,M148,AB5657,0,32
2026-08-02T09:05:50.487Z,deep_scan,20260802011913_1A-4-7-8-17-28C,30,28C,0,15,M43,AB6214,1,11
2026-08-02T09:05:50.487Z,deep_scan,20260802011913_1A-4-7-8-17-28C,30,28C,0,23,M98,AB5767,0,26
2026-08-02T09:05:50.487Z,deep_scan,20260802011913_1A-4-7-8-17-28C,30,28C,0,32,M161,AB5457,1,12
2026-08-02T09:05:50.487Z,deep_scan,20260802011913_1A-4-7-8-17-28C,30,28C,0,35,M62/3,AB4326,1,0
2026-08-02T09:06:20.556Z,deep_scan,20260802011913_1A-4-7-8-17-28C,30,28C,0,4,M155,AB4355,1,37
2026-08-02T09:06:20.556Z,deep_scan,20260802011913_1A-4-7-8-17-28C,30,28C,0,10,M148,AB5657,0,29
2026-08-02T09:06:20.556Z,deep_scan,20260802011913_1A-4-7-8-17-28C,30,28C,0,15,M43,AB6214,0,18
2026-08-02T09:06:20.556Z,deep_scan,20260802011913_1A-4-7-8-17-28C,30,28C,0,24,M88,AB5767,1,2
2026-08-02T09:06:20.556Z,deep_scan,20260802011913_1A-4-7-8-17-28C,30,28C,0,32,M161,AB5457,0,15
2026-08-02T09:06:20.556Z,deep_scan,20260802011913_1A-4-7-8-17-28C,30,28C,0,35,M62/3,AB4326,1,0
2026-08-02T09:06:50.472Z,deep_scan,20260802011913_1A-4-7-8-17-28C,30,28C,0,4,M155,AB4355,1,14
2026-08-02T09:06:50.472Z,deep_scan,20260802011913_1A-4-7-8-17-28C,30,28C,0,10,M148,AB5657,0,2
2026-08-02T09:06:50.472Z,deep_scan,20260802011913_1A-4-7-8-17-28C,30,28C,0,16,M40,AB6214,1,18
2026-08-02T09:06:50.472Z,deep_scan,20260802011913_1A-4-7-8-17-28C,30,28C,0,24,M88,AB5767,1,11
2026-08-02T09:06:50.472Z,deep_scan,20260802011913_1A-4-7-8-17-28C,30,28C,0,33,M70,AB5457,1,3
2026-08-02T09:06:50.472Z,deep_scan,20260802011913_1A-4-7-8-17-28C,30,28C,0,35,M62/3,AB4326,1,0
2026-08-02T09:07:20.470Z,deep_scan,20260802011913_1A-4-7-8-17-28C,30,28C,0,4,M155,AB4355,0,35
2026-08-02T09:07:20.470Z,deep_scan,20260802011913_1A-4-7-8-17-28C,30,28C,0,11,M76/1,AB5657,1,1
2026-08-02T09:07:20.470Z,deep_scan,20260802011913_1A-4-7-8-17-28C,30,28C,0,16,M40,AB6214,0,17
2026-08-02T09:07:20.470Z,deep_scan,20260802011913_1A-4-7-8-17-28C,30,28C,0,24,M88,AB5767,1,2
2026-08-02T09:07:20.470Z,deep_scan,20260802011913_1A-4-7-8-17-28C,30,28C,0,33,M70,AB5457,1,3
2026-08-02T09:07:20.470Z,deep_scan,20260802011913_1A-4-7-8-17-28C,30,28C,0,35,M62/3,AB4326,1,0
2026-08-02T09:07:50.488Z,deep_scan,20260802011913_1A-4-7-8-17-28C,30,28C,0,5,M157,AB4355,1,5
2026-08-02T09:07:50.488Z,deep_scan,20260802011913_1A-4-7-8-17-28C,30,28C,0,11,M76/1,AB5657,0,34
2026-08-02T09:07:50.488Z,deep_scan,20260802011913_1A-4-7-8-17-28C,30,28C,0,17,M28/2,AB6214,1,28
2026-08-02T09:07:50.488Z,deep_scan,20260802011913_1A-4-7-8-17-28C,30,28C,0,24,M88,AB5767,1,7
2026-08-02T09:07:50.488Z,deep_scan,20260802011913_1A-4-7-8-17-28C,30,28C,0,33,M70,AB5457,0,39
2026-08-02T09:07:50.488Z,deep_scan,20260802011913_1A-4-7-8-17-28C,30,28C,0,35,M62/3,AB4326,1,0
2026-08-02T09:08:20.553Z,deep_scan,20260802011913_1A-4-7-8-17-28C,30,28C,0,5,M157,AB4355,1,5
2026-08-02T09:08:20.553Z,deep_scan,20260802011913_1A-4-7-8-17-28C,30,28C,0,12,M84/1,AB5657,0,3
2026-08-02T09:08:20.553Z,deep_scan,20260802011913_1A-4-7-8-17-28C,30,28C,0,17,M28/2,AB6214,0,17
2026-08-02T09:08:20.553Z,deep_scan,20260802011913_1A-4-7-8-17-28C,30,28C,0,24,M88,AB5767,1,7
2026-08-02T09:08:20.553Z,deep_scan,20260802011913_1A-4-7-8-17-28C,30,28C,0,34,M118,AB5457,1,19
2026-08-02T09:08:20.553Z,deep_scan,20260802011913_1A-4-7-8-17-28C,30,28C,0,35,M62/3,AB4326,1,0
2026-08-02T09:08:50.454Z,deep_scan,20260802011913_1A-4-7-8-17-28C,30,28C,0,5,M157,AB4355,1,5
2026-08-02T09:08:50.454Z,deep_scan,20260802011913_1A-4-7-8-17-28C,30,28C,0,12,M84/1,AB5657,0,3
2026-08-02T09:08:50.454Z,deep_scan,20260802011913_1A-4-7-8-17-28C,30,28C,0,17,M28/2,AB6214,0,17
2026-08-02T09:08:50.454Z,deep_scan,20260802011913_1A-4-7-8-17-28C,30,28C,0,24,M88,AB5767,0,22
2026-08-02T09:08:50.454Z,deep_scan,20260802011913_1A-4-7-8-17-28C,30,28C,0,34,M118,AB5457,0,9
2026-08-02T09:08:50.454Z,deep_scan,20260802011913_1A-4-7-8-17-28C,30,28C,0,35,M62/3,AB4326,1,0
2026-08-02T09:09:20.547Z,deep_scan,20260802011913_1A-4-7-8-17-28C,30,28C,0,5,M157,AB4355,0,5
2026-08-02T09:09:20.547Z,deep_scan,20260802011913_1A-4-7-8-17-28C,30,28C,0,12,M84/1,AB5657,0,1
2026-08-02T09:09:20.547Z,deep_scan,20260802011913_1A-4-7-8-17-28C,30,28C,0,17,M28/2,AB6214,0,21
2026-08-02T09:09:20.547Z,deep_scan,20260802011913_1A-4-7-8-17-28C,30,28C,0,24,M88,AB5767,0,8
2026-08-02T09:09:20.547Z,deep_scan,20260802011913_1A-4-7-8-17-28C,30,28C,0,35,M62/3,AB4326,1,0
2026-08-02T09:09:20.547Z,deep_scan,20260802011913_1A-4-7-8-17-28C,30,28C,0,35,M62/3,AB5457,1,0
2026-08-02T09:09:50.519Z,deep_scan,20260802011913_1A-4-7-8-17-28C,30,28C,0,6,M163,AB4355,1,5
2026-08-02T09:09:50.519Z,deep_scan,20260802011913_1A-4-7-8-17-28C,30,28C,0,12,M84/1,AB5657,0,1
2026-08-02T09:09:50.519Z,deep_scan,20260802011913_1A-4-7-8-17-28C,30,28C,0,17,M28/2,AB6214,0,3
2026-08-02T09:09:50.519Z,deep_scan,20260802011913_1A-4-7-8-17-28C,30,28C,0,24,M88,AB5767,0,8
2026-08-02T09:09:50.519Z,deep_scan,20260802011913_1A-4-7-8-17-28C,30,28C,0,35,M62/3,AB5457,1,0
2026-08-02T09:10:20.553Z,deep_scan,20260802011913_1A-4-7-8-17-28C,30,28C,0,6,M163,AB4355,1,7
2026-08-02T09:10:20.553Z,deep_scan,20260802011913_1A-4-7-8-17-28C,30,28C,0,12,M84/1,AB5657,0,1
2026-08-02T09:10:20.553Z,deep_scan,20260802011913_1A-4-7-8-17-28C,30,28C,0,17,M28/2,AB6214,0,3
2026-08-02T09:10:20.553Z,deep_scan,20260802011913_1A-4-7-8-17-28C,30,28C,0,24,M88,AB5767,0,23
2026-08-02T09:10:20.553Z,deep_scan,20260802011913_1A-4-7-8-17-28C,30,28C,0,35,M62/3,AB5457,1,0
2026-08-02T09:10:50.493Z,deep_scan,20260802011913_1A-4-7-8-17-28C,30,28C,0,6,M163,AB4355,1,7
2026-08-02T09:10:50.493Z,deep_scan,20260802011913_1A-4-7-8-17-28C,30,28C,0,12,M84/1,AB5657,0,14
2026-08-02T09:10:50.493Z,deep_scan,20260802011913_1A-4-7-8-17-28C,30,28C,0,18,M227,AB6214,1,3
2026-08-02T09:10:50.493Z,deep_scan,20260802011913_1A-4-7-8-17-28C,30,28C,0,25,M72,AB5767,1,13
2026-08-02T09:10:50.493Z,deep_scan,20260802011913_1A-4-7-8-17-28C,30,28C,0,35,M62/3,AB5457,1,0
2026-08-02T09:11:20.588Z,deep_scan,20260802011913_1A-4-7-8-17-28C,30,28C,0,7,M164,AB4355,1,23
2026-08-02T09:11:20.588Z,deep_scan,20260802011913_1A-4-7-8-17-28C,30,28C,0,13,M92,AB5657,1,30
2026-08-02T09:11:20.588Z,deep_scan,20260802011913_1A-4-7-8-17-28C,30,28C,0,18,M227,AB6214,0,31
2026-08-02T09:11:20.588Z,deep_scan,20260802011913_1A-4-7-8-17-28C,30,28C,0,26,M149,AB5767,1,24
2026-08-02T09:11:20.588Z,deep_scan,20260802011913_1A-4-7-8-17-28C,30,28C,0,35,M62/3,AB5457,1,0
2026-08-02T09:11:50.535Z,deep_scan,20260802011913_1A-4-7-8-17-28C,30,28C,0,7,M164,AB4355,0,26
2026-08-02T09:11:50.535Z,deep_scan,20260802011913_1A-4-7-8-17-28C,30,28C,0,13,M92,AB5657,1,3
2026-08-02T09:11:50.535Z,deep_scan,20260802011913_1A-4-7-8-17-28C,30,28C,0,19,M244,AB6214,1,8
2026-08-02T09:11:50.535Z,deep_scan,20260802011913_1A-4-7-8-17-28C,30,28C,0,26,M149,AB5767,1,13
2026-08-02T09:11:50.535Z,deep_scan,20260802011913_1A-4-7-8-17-28C,30,28C,0,35,M62/3,AB5457,1,0
2026-08-02T09:12:20.543Z,deep_scan,20260802011913_1A-4-7-8-17-28C,30,28C,0,7,M164,AB4355,0,35
2026-08-02T09:12:20.543Z,deep_scan,20260802011913_1A-4-7-8-17-28C,30,28C,0,13,M92,AB5657,1,3
2026-08-02T09:12:20.543Z,deep_scan,20260802011913_1A-4-7-8-17-28C,30,28C,0,19,M244,AB6214,1,1
2026-08-02T09:12:20.543Z,deep_scan,20260802011913_1A-4-7-8-17-28C,30,28C,0,26,M149,AB5767,0,22
2026-08-02T09:12:20.543Z,deep_scan,20260802011913_1A-4-7-8-17-28C,30,28C,0,35,M62/3,AB5457,1,0
2026-08-02T09:12:50.527Z,deep_scan,20260802011913_1A-4-7-8-17-28C,30,28C,0,8,M151,AB4355,1,17
2026-08-02T09:12:50.527Z,deep_scan,20260802011913_1A-4-7-8-17-28C,30,28C,0,13,M92,AB5657,0,5
2026-08-02T09:12:50.527Z,deep_scan,20260802011913_1A-4-7-8-17-28C,30,28C,0,19,M244,AB6214,1,1
2026-08-02T09:12:50.527Z,deep_scan,20260802011913_1A-4-7-8-17-28C,30,28C,0,26,M149,AB5767,0,3
2026-08-02T09:12:50.527Z,deep_scan,20260802011913_1A-4-7-8-17-28C,30,28C,0,35,M62/3,AB5457,1,0
2026-08-02T09:13:20.586Z,deep_scan,20260802011913_1A-4-7-8-17-28C,30,28C,0,8,M151,AB4355,0,32
2026-08-02T09:13:20.586Z,deep_scan,20260802011913_1A-4-7-8-17-28C,30,28C,0,13,M92,AB5657,0,5
2026-08-02T09:13:20.586Z,deep_scan,20260802011913_1A-4-7-8-17-28C,30,28C,0,19,M244,AB6214,0,10
2026-08-02T09:13:20.586Z,deep_scan,20260802011913_1A-4-7-8-17-28C,30,28C,0,27,M145/2,AB5767,1,3
2026-08-02T09:13:20.586Z,deep_scan,20260802011913_1A-4-7-8-17-28C,30,28C,0,35,M62/3,AB5457,1,0
2026-08-02T09:13:50.590Z,deep_scan,20260802011913_1A-4-7-8-17-28C,30,28C,0,9,M150,AB4355,1,13
2026-08-02T09:13:50.590Z,deep_scan,20260802011913_1A-4-7-8-17-28C,30,28C,0,13,M92,AB5657,0,5
2026-08-02T09:13:50.590Z,deep_scan,20260802011913_1A-4-7-8-17-28C,30,28C,0,19,M244,AB6214,0,14
2026-08-02T09:13:50.590Z,deep_scan,20260802011913_1A-4-7-8-17-28C,30,28C,0,27,M145/2,AB5767,1,13
2026-08-02T09:14:20.600Z,deep_scan,20260802011913_1A-4-7-8-17-28C,30,28C,0,9,M150,AB4355,1,14
2026-08-02T09:14:20.600Z,deep_scan,20260802011913_1A-4-7-8-17-28C,30,28C,0,13,M92,AB5657,0,26
2026-08-02T09:14:20.600Z,deep_scan,20260802011913_1A-4-7-8-17-28C,30,28C,0,20,M216,AB6214,1,27
2026-08-02T09:14:20.600Z,deep_scan,20260802011913_1A-4-7-8-17-28C,30,28C,0,28,M165,AB5767,1,25
2026-08-02T09:14:50.574Z,deep_scan,20260802011913_1A-4-7-8-17-28C,30,28C,0,0,M62/3,AB4326,1,6
2026-08-02T09:14:50.574Z,deep_scan,20260802011913_1A-4-7-8-17-28C,30,28C,0,9,M150,AB4355,0,4
2026-08-02T09:14:50.574Z,deep_scan,20260802011913_1A-4-7-8-17-28C,30,28C,0,14,M104,AB5657,1,20
2026-08-02T09:14:50.574Z,deep_scan,20260802011913_1A-4-7-8-17-28C,30,28C,0,20,M216,AB6214,1,7
2026-08-02T09:14:50.574Z,deep_scan,20260802011913_1A-4-7-8-17-28C,30,28C,0,28,M165,AB5767,0,25
2026-08-02T09:15:20.578Z,deep_scan,20260802011913_1A-4-7-8-17-28C,30,28C,0,0,M62/3,AB4326,1,12
2026-08-02T09:15:20.578Z,deep_scan,20260802011913_1A-4-7-8-17-28C,30,28C,0,10,M148,AB4355,1,23
2026-08-02T09:15:20.578Z,deep_scan,20260802011913_1A-4-7-8-17-28C,30,28C,0,14,M104,AB5657,1,15
2026-08-02T09:15:20.578Z,deep_scan,20260802011913_1A-4-7-8-17-28C,30,28C,0,20,M216,AB6214,1,4
2026-08-02T09:15:20.578Z,deep_scan,20260802011913_1A-4-7-8-17-28C,30,28C,0,29,M163,AB5767,1,2
2026-08-02T09:15:50.621Z,deep_scan,20260802011913_1A-4-7-8-17-28C,30,28C,0,0,M62/3,AB4326,0,27
2026-08-02T09:15:50.621Z,deep_scan,20260802011913_1A-4-7-8-17-28C,30,28C,0,10,M148,AB4355,1,12
2026-08-02T09:15:50.621Z,deep_scan,20260802011913_1A-4-7-8-17-28C,30,28C,0,14,M104,AB5657,1,13
2026-08-02T09:15:50.621Z,deep_scan,20260802011913_1A-4-7-8-17-28C,30,28C,0,20,M216,AB6214,0,13
2026-08-02T09:15:50.621Z,deep_scan,20260802011913_1A-4-7-8-17-28C,30,28C,0,29,M163,AB5767,0,22
2026-08-02T09:16:20.624Z,deep_scan,20260802011913_1A-4-7-8-17-28C,30,28C,0,0,M62/3,AB4326,0,38
2026-08-02T09:16:20.624Z,deep_scan,20260802011913_1A-4-7-8-17-28C,30,28C,0,10,M148,AB4355,0,14
2026-08-02T09:16:20.624Z,deep_scan,20260802011913_1A-4-7-8-17-28C,30,28C,0,14,M104,AB5657,0,26
2026-08-02T09:16:20.624Z,deep_scan,20260802011913_1A-4-7-8-17-28C,30,28C,0,20,M216,AB6214,0,13
2026-08-02T09:16:20.624Z,deep_scan,20260802011913_1A-4-7-8-17-28C,30,28C,0,29,M163,AB5767,0,11
2026-08-02T09:16:50.670Z,deep_scan,20260802011913_1A-4-7-8-17-28C,30,28C,0,1,M117,AB4326,0,41
2026-08-02T09:16:50.670Z,deep_scan,20260802011913_1A-4-7-8-17-28C,30,28C,0,10,M148,AB4355,0,15
2026-08-02T09:16:50.670Z,deep_scan,20260802011913_1A-4-7-8-17-28C,30,28C,0,15,M43,AB5657,1,29
2026-08-02T09:16:50.670Z,deep_scan,20260802011913_1A-4-7-8-17-28C,30,28C,0,20,M216,AB6214,0,8
2026-08-02T09:16:50.670Z,deep_scan,20260802011913_1A-4-7-8-17-28C,30,28C,0,30,M160/2,AB5767,1,2
2026-08-02T09:17:20.637Z,deep_scan,20260802011913_1A-4-7-8-17-28C,30,28C,0,2,M241,AB4326,1,7
2026-08-02T09:17:20.637Z,deep_scan,20260802011913_1A-4-7-8-17-28C,30,28C,0,10,M148,AB4355,0,25
2026-08-02T09:17:20.637Z,deep_scan,20260802011913_1A-4-7-8-17-28C,30,28C,0,15,M43,AB5657,0,24
2026-08-02T09:17:20.637Z,deep_scan,20260802011913_1A-4-7-8-17-28C,30,28C,0,20,M216,AB6214,0,2
2026-08-02T09:17:20.637Z,deep_scan,20260802011913_1A-4-7-8-17-28C,30,28C,0,30,M160/2,AB5767,1,2
2026-08-02T09:17:50.664Z,deep_scan,20260802011913_1A-4-7-8-17-28C,30,28C,0,2,M241,AB4326,1,16
2026-08-02T09:17:50.664Z,deep_scan,20260802011913_1A-4-7-8-17-28C,30,28C,0,10,M148,AB4355,0,15
2026-08-02T09:17:50.664Z,deep_scan,20260802011913_1A-4-7-8-17-28C,30,28C,0,16,M40,AB5657,1,24
2026-08-02T09:17:50.664Z,deep_scan,20260802011913_1A-4-7-8-17-28C,30,28C,0,20,M216,AB6214,0,37
2026-08-02T09:17:50.664Z,deep_scan,20260802011913_1A-4-7-8-17-28C,30,28C,0,30,M160/2,AB5767,1,1
2026-08-02T09:18:20.693Z,deep_scan,20260802011913_1A-4-7-8-17-28C,30,28C,0,2,M241,AB4326,0,26
2026-08-02T09:18:20.693Z,deep_scan,20260802011913_1A-4-7-8-17-28C,30,28C,0,11,M76/1,AB4355,1,22
2026-08-02T09:18:20.693Z,deep_scan,20260802011913_1A-4-7-8-17-28C,30,28C,0,16,M40,AB5657,1,10
2026-08-02T09:18:20.693Z,deep_scan,20260802011913_1A-4-7-8-17-28C,30,28C,0,20,M216,AB6214,0,14
2026-08-02T09:18:20.693Z,deep_scan,20260802011913_1A-4-7-8-17-28C,30,28C,0,30,M160/2,AB5767,0,16
2026-08-02T09:18:50.670Z,deep_scan,20260802011913_1A-4-7-8-17-28C,30,28C,0,3,M71,AB4326,0,7
2026-08-02T09:18:50.670Z,deep_scan,20260802011913_1A-4-7-8-17-28C,30,28C,0,11,M76/1,AB4355,1,12
2026-08-02T09:18:50.670Z,deep_scan,20260802011913_1A-4-7-8-17-28C,30,28C,0,16,M40,AB5657,0,8
2026-08-02T09:18:50.670Z,deep_scan,20260802011913_1A-4-7-8-17-28C,30,28C,0,20,M216,AB6214,0,18
2026-08-02T09:18:50.670Z,deep_scan,20260802011913_1A-4-7-8-17-28C,30,28C,0,31,M158/1,AB5767,1,1
2026-08-02T09:19:20.619Z,deep_scan,20260802011913_1A-4-7-8-17-28C,30,28C,0,3,M71,AB4326,0,15
2026-08-02T09:19:20.619Z,deep_scan,20260802011913_1A-4-7-8-17-28C,30,28C,0,11,M76/1,AB4355,1,11
2026-08-02T09:19:20.619Z,deep_scan,20260802011913_1A-4-7-8-17-28C,30,28C,0,17,M28/2,AB5657,1,20
2026-08-02T09:19:20.619Z,deep_scan,20260802011913_1A-4-7-8-17-28C,30,28C,0,21,M225,AB6214,1,16
2026-08-02T09:19:20.619Z,deep_scan,20260802011913_1A-4-7-8-17-28C,30,28C,0,31,M158/1,AB5767,0,15
2026-08-02T09:19:50.680Z,deep_scan,20260802011913_1A-4-7-8-17-28C,30,28C,0,3,M71,AB4326,0,5
2026-08-02T09:19:50.680Z,deep_scan,20260802011913_1A-4-7-8-17-28C,30,28C,0,11,M76/1,AB4355,0,5
2026-08-02T09:19:50.680Z,deep_scan,20260802011913_1A-4-7-8-17-28C,30,28C,0,17,M28/2,AB5657,1,10
2026-08-02T09:19:50.680Z,deep_scan,20260802011913_1A-4-7-8-17-28C,30,28C,0,21,M225,AB6214,1,16
2026-08-02T09:19:50.680Z,deep_scan,20260802011913_1A-4-7-8-17-28C,30,28C,0,32,M161,AB5767,1,3
2026-08-02T09:20:20.680Z,deep_scan,20260802011913_1A-4-7-8-17-28C,30,28C,0,4,M155,AB4326,1,3
2026-08-02T09:20:20.680Z,deep_scan,20260802011913_1A-4-7-8-17-28C,30,28C,0,12,M84/1,AB4355,1,16
2026-08-02T09:20:20.680Z,deep_scan,20260802011913_1A-4-7-8-17-28C,30,28C,0,17,M28/2,AB5657,1,9
2026-08-02T09:20:20.680Z,deep_scan,20260802011913_1A-4-7-8-17-28C,30,28C,0,21,M225,AB6214,1,6
2026-08-02T09:20:20.680Z,deep_scan,20260802011913_1A-4-7-8-17-28C,30,28C,0,32,M161,AB5767,0,3
2026-08-02T09:20:50.672Z,deep_scan,20260802011913_1A-4-7-8-17-28C,30,28C,0,4,M155,AB4326,1,3
2026-08-02T09:20:50.672Z,deep_scan,20260802011913_1A-4-7-8-17-28C,30,28C,0,12,M84/1,AB4355,1,3
2026-08-02T09:20:50.672Z,deep_scan,20260802011913_1A-4-7-8-17-28C,30,28C,0,17,M28/2,AB5657,0,16
2026-08-02T09:20:50.672Z,deep_scan,20260802011913_1A-4-7-8-17-28C,30,28C,0,21,M225,AB6214,0,21
2026-08-02T09:20:50.672Z,deep_scan,20260802011913_1A-4-7-8-17-28C,30,28C,0,32,M161,AB5767,0,18
2026-08-02T09:21:20.647Z,deep_scan,20260802011913_1A-4-7-8-17-28C,30,28C,0,4,M155,AB4326,0,25
2026-08-02T09:21:20.647Z,deep_scan,20260802011913_1A-4-7-8-17-28C,30,28C,0,12,M84/1,AB4355,0,18
2026-08-02T09:21:20.647Z,deep_scan,20260802011913_1A-4-7-8-17-28C,30,28C,0,17,M28/2,AB5657,0,15
2026-08-02T09:21:20.647Z,deep_scan,20260802011913_1A-4-7-8-17-28C,30,28C,0,21,M225,AB6214,0,34
2026-08-02T09:21:20.647Z,deep_scan,20260802011913_1A-4-7-8-17-28C,30,28C,0,32,M161,AB5767,0,12
2026-08-02T09:21:50.727Z,deep_scan,20260802011913_1A-4-7-8-17-28C,30,28C,0,5,M157,AB4326,1,5
2026-08-02T09:21:50.727Z,deep_scan,20260802011913_1A-4-7-8-17-28C,30,28C,0,12,M84/1,AB4355,0,8
2026-08-02T09:21:50.727Z,deep_scan,20260802011913_1A-4-7-8-17-28C,30,28C,0,17,M28/2,AB5657,0,5
2026-08-02T09:21:50.727Z,deep_scan,20260802011913_1A-4-7-8-17-28C,30,28C,0,21,M225,AB6214,0,18
2026-08-02T09:21:50.727Z,deep_scan,20260802011913_1A-4-7-8-17-28C,30,28C,0,33,M70,AB5767,1,21
2026-08-02T09:22:20.685Z,deep_scan,20260802011913_1A-4-7-8-17-28C,30,28C,0,5,M157,AB4326,1,5
2026-08-02T09:22:20.685Z,deep_scan,20260802011913_1A-4-7-8-17-28C,30,28C,0,12,M84/1,AB4355,0,3
2026-08-02T09:22:20.685Z,deep_scan,20260802011913_1A-4-7-8-17-28C,30,28C,0,17,M28/2,AB5657,0,5
2026-08-02T09:22:20.685Z,deep_scan,20260802011913_1A-4-7-8-17-28C,30,28C,0,21,M225,AB6214,0,42
2026-08-02T09:22:20.685Z,deep_scan,20260802011913_1A-4-7-8-17-28C,30,28C,0,34,M118,AB5767,1,30
2026-08-02T09:22:50.743Z,deep_scan,20260802011913_1A-4-7-8-17-28C,30,28C,0,5,M157,AB4326,0,5
2026-08-02T09:22:50.743Z,deep_scan,20260802011913_1A-4-7-8-17-28C,30,28C,0,12,M84/1,AB4355,0,4
2026-08-02T09:22:50.743Z,deep_scan,20260802011913_1A-4-7-8-17-28C,30,28C,0,18,M227,AB5657,1,2
2026-08-02T09:22:50.743Z,deep_scan,20260802011913_1A-4-7-8-17-28C,30,28C,0,22,M16/2,AB6214,1,28
2026-08-02T09:22:50.743Z,deep_scan,20260802011913_1A-4-7-8-17-28C,30,28C,0,34,M118,AB5767,1,28
2026-08-02T09:23:20.696Z,deep_scan,20260802011913_1A-4-7-8-17-28C,30,28C,0,5,M157,AB4326,0,5
2026-08-02T09:23:20.696Z,deep_scan,20260802011913_1A-4-7-8-17-28C,30,28C,0,13,M92,AB4355,1,8
2026-08-02T09:23:20.696Z,deep_scan,20260802011913_1A-4-7-8-17-28C,30,28C,0,18,M227,AB5657,1,2
2026-08-02T09:23:20.696Z,deep_scan,20260802011913_1A-4-7-8-17-28C,30,28C,0,22,M16/2,AB6214,1,4
2026-08-02T09:23:20.696Z,deep_scan,20260802011913_1A-4-7-8-17-28C,30,28C,0,34,M118,AB5767,0,8
2026-08-02T09:23:50.701Z,deep_scan,20260802011913_1A-4-7-8-17-28C,30,28C,0,5,M157,AB4326,0,8
2026-08-02T09:23:50.701Z,deep_scan,20260802011913_1A-4-7-8-17-28C,30,28C,0,13,M92,AB4355,1,12
2026-08-02T09:23:50.701Z,deep_scan,20260802011913_1A-4-7-8-17-28C,30,28C,0,18,M227,AB5657,1,9
2026-08-02T09:23:50.701Z,deep_scan,20260802011913_1A-4-7-8-17-28C,30,28C,0,22,M16/2,AB6214,1,4
2026-08-02T09:23:50.701Z,deep_scan,20260802011913_1A-4-7-8-17-28C,30,28C,0,35,M62/3,AB5767,1,0
2026-08-02T09:24:20.721Z,deep_scan,20260802011913_1A-4-7-8-17-28C,30,28C,0,5,M157,AB4326,0,8
2026-08-02T09:24:20.721Z,deep_scan,20260802011913_1A-4-7-8-17-28C,30,28C,0,13,M92,AB4355,0,3
2026-08-02T09:24:20.721Z,deep_scan,20260802011913_1A-4-7-8-17-28C,30,28C,0,18,M227,AB5657,0,15
2026-08-02T09:24:20.721Z,deep_scan,20260802011913_1A-4-7-8-17-28C,30,28C,0,22,M16/2,AB6214,1,9
2026-08-02T09:24:20.721Z,deep_scan,20260802011913_1A-4-7-8-17-28C,30,28C,0,35,M62/3,AB5767,1,0
2026-08-02T09:24:50.722Z,deep_scan,20260802011913_1A-4-7-8-17-28C,30,28C,0,5,M157,AB4326,0,25
2026-08-02T09:24:50.722Z,deep_scan,20260802011913_1A-4-7-8-17-28C,30,28C,0,13,M92,AB4355,0,15
2026-08-02T09:24:50.722Z,deep_scan,20260802011913_1A-4-7-8-17-28C,30,28C,0,18,M227,AB5657,0,15
2026-08-02T09:24:50.722Z,deep_scan,20260802011913_1A-4-7-8-17-28C,30,28C,0,22,M16/2,AB6214,1,9
2026-08-02T09:24:50.722Z,deep_scan,20260802011913_1A-4-7-8-17-28C,30,28C,0,35,M62/3,AB5767,1,0
2026-08-02T09:25:20.718Z,deep_scan,20260802011913_1A-4-7-8-17-28C,30,28C,0,6,M163,AB4326,1,17
2026-08-02T09:25:20.718Z,deep_scan,20260802011913_1A-4-7-8-17-28C,30,28C,0,13,M92,AB4355,0,7
2026-08-02T09:25:20.718Z,deep_scan,20260802011913_1A-4-7-8-17-28C,30,28C,0,19,M244,AB5657,1,17
2026-08-02T09:25:20.718Z,deep_scan,20260802011913_1A-4-7-8-17-28C,30,28C,0,22,M16/2,AB6214,1,9
2026-08-02T09:25:20.718Z,deep_scan,20260802011913_1A-4-7-8-17-28C,30,28C,0,35,M62/3,AB5767,1,0
2026-08-02T09:25:50.730Z,deep_scan,20260802011913_1A-4-7-8-17-28C,30,28C,0,0,M62/3,AB5457,1,18
2026-08-02T09:25:50.730Z,deep_scan,20260802011913_1A-4-7-8-17-28C,30,28C,0,6,M163,AB4326,1,11
2026-08-02T09:25:50.730Z,deep_scan,20260802011913_1A-4-7-8-17-28C,30,28C,0,13,M92,AB4355,0,7
2026-08-02T09:25:50.730Z,deep_scan,20260802011913_1A-4-7-8-17-28C,30,28C,0,19,M244,AB5657,1,1
2026-08-02T09:25:50.730Z,deep_scan,20260802011913_1A-4-7-8-17-28C,30,28C,0,23,M98,AB6214,1,15
2026-08-02T09:25:50.730Z,deep_scan,20260802011913_1A-4-7-8-17-28C,30,28C,0,35,M62/3,AB5767,1,0
2026-08-02T09:26:20.791Z,deep_scan,20260802011913_1A-4-7-8-17-28C,30,28C,0,0,M62/3,AB5457,1,13
2026-08-02T09:26:20.791Z,deep_scan,20260802011913_1A-4-7-8-17-28C,30,28C,0,7,M164,AB4326,0,29
2026-08-02T09:26:20.791Z,deep_scan,20260802011913_1A-4-7-8-17-28C,30,28C,0,13,M92,AB4355,0,7
2026-08-02T09:26:20.791Z,deep_scan,20260802011913_1A-4-7-8-17-28C,30,28C,0,19,M244,AB5657,1,1
2026-08-02T09:26:20.791Z,deep_scan,20260802011913_1A-4-7-8-17-28C,30,28C,0,23,M98,AB6214,1,30
2026-08-02T09:26:20.791Z,deep_scan,20260802011913_1A-4-7-8-17-28C,30,28C,0,35,M62/3,AB5767,1,0
2026-08-02T09:26:50.751Z,deep_scan,20260802011913_1A-4-7-8-17-28C,30,28C,0,0,M62/3,AB5457,0,31
2026-08-02T09:26:50.751Z,deep_scan,20260802011913_1A-4-7-8-17-28C,30,28C,0,8,M151,AB4326,1,40
2026-08-02T09:26:50.751Z,deep_scan,20260802011913_1A-4-7-8-17-28C,30,28C,0,14,M104,AB4355,1,34
2026-08-02T09:26:50.751Z,deep_scan,20260802011913_1A-4-7-8-17-28C,30,28C,0,19,M244,AB5657,1,1
2026-08-02T09:26:50.751Z,deep_scan,20260802011913_1A-4-7-8-17-28C,30,28C,0,23,M98,AB6214,1,6
2026-08-02T09:26:50.751Z,deep_scan,20260802011913_1A-4-7-8-17-28C,30,28C,0,35,M62/3,AB5767,1,0
2026-08-02T09:27:20.757Z,deep_scan,20260802011913_1A-4-7-8-17-28C,30,28C,0,0,M62/3,AB5457,0,28
2026-08-02T09:27:20.757Z,deep_scan,20260802011913_1A-4-7-8-17-28C,30,28C,0,8,M151,AB4326,1,18
2026-08-02T09:27:20.757Z,deep_scan,20260802011913_1A-4-7-8-17-28C,30,28C,0,14,M104,AB4355,1,34
2026-08-02T09:27:20.757Z,deep_scan,20260802011913_1A-4-7-8-17-28C,30,28C,0,19,M244,AB5657,1,5
2026-08-02T09:27:20.757Z,deep_scan,20260802011913_1A-4-7-8-17-28C,30,28C,0,23,M98,AB6214,0,24
2026-08-02T09:27:20.757Z,deep_scan,20260802011913_1A-4-7-8-17-28C,30,28C,0,35,M62/3,AB5767,1,0
2026-08-02T09:27:50.791Z,deep_scan,20260802011913_1A-4-7-8-17-28C,30,28C,0,1,M117,AB5457,0,25
2026-08-02T09:27:50.791Z,deep_scan,20260802011913_1A-4-7-8-17-28C,30,28C,0,8,M151,AB4326,0,14
2026-08-02T09:27:50.791Z,deep_scan,20260802011913_1A-4-7-8-17-28C,30,28C,0,14,M104,AB4355,1,13
2026-08-02T09:27:50.791Z,deep_scan,20260802011913_1A-4-7-8-17-28C,30,28C,0,19,M244,AB5657,1,5
2026-08-02T09:27:50.791Z,deep_scan,20260802011913_1A-4-7-8-17-28C,30,28C,0,23,M98,AB6214,0,17
2026-08-02T09:27:50.791Z,deep_scan,20260802011913_1A-4-7-8-17-28C,30,28C,0,35,M62/3,AB5767,1,0
2026-08-02T09:28:20.819Z,deep_scan,20260802011913_1A-4-7-8-17-28C,30,28C,0,2,M241,AB5457,1,19
2026-08-02T09:28:20.819Z,deep_scan,20260802011913_1A-4-7-8-17-28C,30,28C,0,9,M150,AB4326,1,2
2026-08-02T09:28:20.819Z,deep_scan,20260802011913_1A-4-7-8-17-28C,30,28C,0,14,M104,AB4355,0,28
2026-08-02T09:28:20.819Z,deep_scan,20260802011913_1A-4-7-8-17-28C,30,28C,0,19,M244,AB5657,0,7
2026-08-02T09:28:20.819Z,deep_scan,20260802011913_1A-4-7-8-17-28C,30,28C,0,23,M98,AB6214,0,17
2026-08-02T09:28:50.830Z,deep_scan,20260802011913_1A-4-7-8-17-28C,30,28C,0,3,M71,AB5457,1,30
2026-08-02T09:28:50.830Z,deep_scan,20260802011913_1A-4-7-8-17-28C,30,28C,0,9,M150,AB4326,1,11
2026-08-02T09:28:50.830Z,deep_scan,20260802011913_1A-4-7-8-17-28C,30,28C,0,14,M104,AB4355,0,27
2026-08-02T09:28:50.830Z,deep_scan,20260802011913_1A-4-7-8-17-28C,30,28C,0,19,M244,AB5657,0,24
2026-08-02T09:28:50.830Z,deep_scan,20260802011913_1A-4-7-8-17-28C,30,28C,0,24,M88,AB6214,1,6
2026-08-02T09:29:20.796Z,deep_scan,20260802011913_1A-4-7-8-17-28C,30,28C,0,3,M71,AB5457,0,14
2026-08-02T09:29:20.796Z,deep_scan,20260802011913_1A-4-7-8-17-28C,30,28C,0,9,M150,AB4326,0,10
2026-08-02T09:29:20.796Z,deep_scan,20260802011913_1A-4-7-8-17-28C,30,28C,0,15,M43,AB4355,1,9
2026-08-02T09:29:20.796Z,deep_scan,20260802011913_1A-4-7-8-17-28C,30,28C,0,19,M244,AB5657,0,4
2026-08-02T09:29:20.796Z,deep_scan,20260802011913_1A-4-7-8-17-28C,30,28C,0,24,M88,AB6214,1,14
2026-08-02T09:29:50.774Z,deep_scan,20260802011913_1A-4-7-8-17-28C,30,28C,0,4,M155,AB5457,1,10
2026-08-02T09:29:50.774Z,deep_scan,20260802011913_1A-4-7-8-17-28C,30,28C,0,9,M150,AB4326,0,17
2026-08-02T09:29:50.774Z,deep_scan,20260802011913_1A-4-7-8-17-28C,30,28C,0,15,M43,AB4355,0,22
2026-08-02T09:29:50.774Z,deep_scan,20260802011913_1A-4-7-8-17-28C,30,28C,0,19,M244,AB5657,0,4
2026-08-02T09:29:50.774Z,deep_scan,20260802011913_1A-4-7-8-17-28C,30,28C,0,24,M88,AB6214,1,13
2026-08-02T09:30:20.873Z,deep_scan,20260802011913_1A-4-7-8-17-28C,30,28C,0,4,M155,AB5457,0,37
2026-08-02T09:30:20.873Z,deep_scan,20260802011913_1A-4-7-8-17-28C,30,28C,0,10,M148,AB4326,1,13
2026-08-02T09:30:20.873Z,deep_scan,20260802011913_1A-4-7-8-17-28C,30,28C,0,15,M43,AB4355,0,6
2026-08-02T09:30:20.873Z,deep_scan,20260802011913_1A-4-7-8-17-28C,30,28C,0,20,M216,AB5657,1,5
2026-08-02T09:30:20.873Z,deep_scan,20260802011913_1A-4-7-8-17-28C,30,28C,0,24,M88,AB6214,0,13
2026-08-02T09:30:50.841Z,deep_scan,20260802011913_1A-4-7-8-17-28C,30,28C,0,5,M157,AB5457,1,28
2026-08-02T09:30:50.841Z,deep_scan,20260802011913_1A-4-7-8-17-28C,30,28C,0,10,M148,AB4326,1,4
2026-08-02T09:30:50.841Z,deep_scan,20260802011913_1A-4-7-8-17-28C,30,28C,0,16,M40,AB4355,1,16
2026-08-02T09:30:50.841Z,deep_scan,20260802011913_1A-4-7-8-17-28C,30,28C,0,20,M216,AB5657,1,2
2026-08-02T09:30:50.841Z,deep_scan,20260802011913_1A-4-7-8-17-28C,30,28C,0,24,M88,AB6214,0,29
2026-08-02T09:31:20.818Z,deep_scan,20260802011913_1A-4-7-8-17-28C,30,28C,0,5,M157,AB5457,1,23
2026-08-02T09:31:20.818Z,deep_scan,20260802011913_1A-4-7-8-17-28C,30,28C,0,10,M148,AB4326,0,5
2026-08-02T09:31:20.818Z,deep_scan,20260802011913_1A-4-7-8-17-28C,30,28C,0,16,M40,AB4355,0,25
2026-08-02T09:31:20.818Z,deep_scan,20260802011913_1A-4-7-8-17-28C,30,28C,0,20,M216,AB5657,1,2
2026-08-02T09:31:20.818Z,deep_scan,20260802011913_1A-4-7-8-17-28C,30,28C,0,24,M88,AB6214,0,6
2026-08-02T09:31:50.875Z,deep_scan,20260802011913_1A-4-7-8-17-28C,30,28C,0,6,M163,AB5457,1,16
2026-08-02T09:31:50.875Z,deep_scan,20260802011913_1A-4-7-8-17-28C,30,28C,0,10,M148,AB4326,0,37
2026-08-02T09:31:50.875Z,deep_scan,20260802011913_1A-4-7-8-17-28C,30,28C,0,16,M40,AB4355,0,22
2026-08-02T09:31:50.875Z,deep_scan,20260802011913_1A-4-7-8-17-28C,30,28C,0,20,M216,AB5657,0,12
2026-08-02T09:31:50.875Z,deep_scan,20260802011913_1A-4-7-8-17-28C,30,28C,0,24,M88,AB6214,0,6
2026-08-02T09:32:20.882Z,deep_scan,20260802011913_1A-4-7-8-17-28C,30,28C,0,6,M163,AB5457,0,20
2026-08-02T09:32:20.882Z,deep_scan,20260802011913_1A-4-7-8-17-28C,30,28C,0,10,M148,AB4326,0,23
2026-08-02T09:32:20.882Z,deep_scan,20260802011913_1A-4-7-8-17-28C,30,28C,0,16,M40,AB4355,0,22
2026-08-02T09:32:20.882Z,deep_scan,20260802011913_1A-4-7-8-17-28C,30,28C,0,20,M216,AB5657,0,35
2026-08-02T09:32:20.882Z,deep_scan,20260802011913_1A-4-7-8-17-28C,30,28C,0,24,M88,AB6214,0,22
2026-08-02T09:32:50.826Z,deep_scan,20260802011913_1A-4-7-8-17-28C,30,28C,0,7,M164,AB5457,0,50
2026-08-02T09:32:50.826Z,deep_scan,20260802011913_1A-4-7-8-17-28C,30,28C,0,10,M148,AB4326,0,30
2026-08-02T09:32:50.826Z,deep_scan,20260802011913_1A-4-7-8-17-28C,30,28C,0,16,M40,AB4355,0,13
2026-08-02T09:32:50.826Z,deep_scan,20260802011913_1A-4-7-8-17-28C,30,28C,0,20,M216,AB5657,0,4
2026-08-02T09:32:50.826Z,deep_scan,20260802011913_1A-4-7-8-17-28C,30,28C,0,25,M72,AB6214,1,2
2026-08-02T09:33:20.864Z,deep_scan,20260802011913_1A-4-7-8-17-28C,30,28C,0,8,M151,AB5457,1,18
2026-08-02T09:33:20.864Z,deep_scan,20260802011913_1A-4-7-8-17-28C,30,28C,0,11,M76/1,AB4326,1,12
2026-08-02T09:33:20.864Z,deep_scan,20260802011913_1A-4-7-8-17-28C,30,28C,0,17,M28/2,AB4355,1,6
2026-08-02T09:33:20.864Z,deep_scan,20260802011913_1A-4-7-8-17-28C,30,28C,0,20,M216,AB5657,0,22
2026-08-02T09:33:20.864Z,deep_scan,20260802011913_1A-4-7-8-17-28C,30,28C,0,25,M72,AB6214,1,14
2026-08-02T09:33:50.867Z,deep_scan,20260802011913_1A-4-7-8-17-28C,30,28C,0,8,M151,AB5457,0,28
2026-08-02T09:33:50.867Z,deep_scan,20260802011913_1A-4-7-8-17-28C,30,28C,0,11,M76/1,AB4326,1,8
2026-08-02T09:33:50.867Z,deep_scan,20260802011913_1A-4-7-8-17-28C,30,28C,0,17,M28/2,AB4355,0,4
2026-08-02T09:33:50.867Z,deep_scan,20260802011913_1A-4-7-8-17-28C,30,28C,0,21,M225,AB5657,1,22
2026-08-02T09:33:50.867Z,deep_scan,20260802011913_1A-4-7-8-17-28C,30,28C,0,25,M72,AB6214,1,14
2026-08-02T09:34:20.928Z,deep_scan,20260802011913_1A-4-7-8-17-28C,30,28C,0,9,M150,AB5457,1,10
2026-08-02T09:34:20.928Z,deep_scan,20260802011913_1A-4-7-8-17-28C,30,28C,0,11,M76/1,AB4326,0,8
2026-08-02T09:34:20.928Z,deep_scan,20260802011913_1A-4-7-8-17-28C,30,28C,0,17,M28/2,AB4355,0,4
2026-08-02T09:34:20.928Z,deep_scan,20260802011913_1A-4-7-8-17-28C,30,28C,0,21,M225,AB5657,1,10
2026-08-02T09:34:20.928Z,deep_scan,20260802011913_1A-4-7-8-17-28C,30,28C,0,26,M149,AB6214,1,26
2026-08-02T09:34:50.881Z,deep_scan,20260802011913_1A-4-7-8-17-28C,30,28C,0,9,M150,AB5457,1,9
2026-08-02T09:34:50.881Z,deep_scan,20260802011913_1A-4-7-8-17-28C,30,28C,0,11,M76/1,AB4326,0,25
2026-08-02T09:34:50.881Z,deep_scan,20260802011913_1A-4-7-8-17-28C,30,28C,0,17,M28/2,AB4355,0,18
2026-08-02T09:34:50.881Z,deep_scan,20260802011913_1A-4-7-8-17-28C,30,28C,0,21,M225,AB5657,0,14
2026-08-02T09:34:50.881Z,deep_scan,20260802011913_1A-4-7-8-17-28C,30,28C,0,26,M149,AB6214,0,12
2026-08-02T09:35:20.926Z,deep_scan,20260802011913_1A-4-7-8-17-28C,30,28C,0,9,M150,AB5457,0,9
2026-08-02T09:35:20.926Z,deep_scan,20260802011913_1A-4-7-8-17-28C,30,28C,0,12,M84/1,AB4326,1,7
2026-08-02T09:35:20.926Z,deep_scan,20260802011913_1A-4-7-8-17-28C,30,28C,0,17,M28/2,AB4355,0,16
2026-08-02T09:35:20.926Z,deep_scan,20260802011913_1A-4-7-8-17-28C,30,28C,0,21,M225,AB5657,0,25
2026-08-02T09:35:20.926Z,deep_scan,20260802011913_1A-4-7-8-17-28C,30,28C,0,26,M149,AB6214,0,21
2026-08-02T09:35:50.988Z,deep_scan,20260802011913_1A-4-7-8-17-28C,30,28C,0,9,M150,AB5457,0,28
2026-08-02T09:35:50.988Z,deep_scan,20260802011913_1A-4-7-8-17-28C,30,28C,0,12,M84/1,AB4326,0,3
2026-08-02T09:35:50.988Z,deep_scan,20260802011913_1A-4-7-8-17-28C,30,28C,0,17,M28/2,AB4355,0,16
2026-08-02T09:35:50.988Z,deep_scan,20260802011913_1A-4-7-8-17-28C,30,28C,0,21,M225,AB5657,0,3
2026-08-02T09:35:50.988Z,deep_scan,20260802011913_1A-4-7-8-17-28C,30,28C,0,27,M145/2,AB6214,1,18
2026-08-02T09:36:20.936Z,deep_scan,20260802011913_1A-4-7-8-17-28C,30,28C,0,10,M148,AB5457,1,18
2026-08-02T09:36:20.936Z,deep_scan,20260802011913_1A-4-7-8-17-28C,30,28C,0,12,M84/1,AB4326,0,3
2026-08-02T09:36:20.936Z,deep_scan,20260802011913_1A-4-7-8-17-28C,30,28C,0,17,M28/2,AB4355,0,9
2026-08-02T09:36:20.936Z,deep_scan,20260802011913_1A-4-7-8-17-28C,30,28C,0,21,M225,AB5657,0,3
2026-08-02T09:36:20.936Z,deep_scan,20260802011913_1A-4-7-8-17-28C,30,28C,0,27,M145/2,AB6214,1,6
2026-08-02T09:36:50.962Z,deep_scan,20260802011913_1A-4-7-8-17-28C,30,28C,0,10,M148,AB5457,0,9
2026-08-02T09:36:50.962Z,deep_scan,20260802011913_1A-4-7-8-17-28C,30,28C,0,12,M84/1,AB4326,0,18
2026-08-02T09:36:50.962Z,deep_scan,20260802011913_1A-4-7-8-17-28C,30,28C,0,18,M227,AB4355,1,6
2026-08-02T09:36:50.962Z,deep_scan,20260802011913_1A-4-7-8-17-28C,30,28C,0,21,M225,AB5657,0,21
2026-08-02T09:36:50.962Z,deep_scan,20260802011913_1A-4-7-8-17-28C,30,28C,0,27,M145/2,AB6214,1,6
2026-08-02T09:37:20.947Z,deep_scan,20260802011913_1A-4-7-8-17-28C,30,28C,0,10,M148,AB5457,0,20
2026-08-02T09:37:20.947Z,deep_scan,20260802011913_1A-4-7-8-17-28C,30,28C,0,13,M92,AB4326,1,11
2026-08-02T09:37:20.947Z,deep_scan,20260802011913_1A-4-7-8-17-28C,30,28C,0,18,M227,AB4355,1,3
2026-08-02T09:37:20.947Z,deep_scan,20260802011913_1A-4-7-8-17-28C,30,28C,0,21,M225,AB5657,0,31
2026-08-02T09:37:20.947Z,deep_scan,20260802011913_1A-4-7-8-17-28C,30,28C,0,27,M145/2,AB6214,1,6
2026-08-02T09:37:50.928Z,deep_scan,20260802011913_1A-4-7-8-17-28C,30,28C,0,10,M148,AB5457,0,17
2026-08-02T09:37:50.928Z,deep_scan,20260802011913_1A-4-7-8-17-28C,30,28C,0,13,M92,AB4326,0,2
2026-08-02T09:37:50.928Z,deep_scan,20260802011913_1A-4-7-8-17-28C,30,28C,0,18,M227,AB4355,0,33
2026-08-02T09:37:50.928Z,deep_scan,20260802011913_1A-4-7-8-17-28C,30,28C,0,22,M16/2,AB5657,1,28
2026-08-02T09:37:50.928Z,deep_scan,20260802011913_1A-4-7-8-17-28C,30,28C,0,27,M145/2,AB6214,0,15
2026-08-02T09:38:21.010Z,deep_scan,20260802011913_1A-4-7-8-17-28C,30,28C,0,0,M62/3,AB5767,1,3
2026-08-02T09:38:21.010Z,deep_scan,20260802011913_1A-4-7-8-17-28C,30,28C,0,10,M148,AB5457,0,11
2026-08-02T09:38:21.010Z,deep_scan,20260802011913_1A-4-7-8-17-28C,30,28C,0,13,M92,AB4326,0,26
2026-08-02T09:38:21.010Z,deep_scan,20260802011913_1A-4-7-8-17-28C,30,28C,0,19,M244,AB4355,1,21
2026-08-02T09:38:21.010Z,deep_scan,20260802011913_1A-4-7-8-17-28C,30,28C,0,22,M16/2,AB5657,1,12
2026-08-02T09:38:21.010Z,deep_scan,20260802011913_1A-4-7-8-17-28C,30,28C,0,28,M165,AB6214,1,24
2026-08-02T09:38:50.923Z,deep_scan,20260802011913_1A-4-7-8-17-28C,30,28C,0,0,M62/3,AB5767,1,3
2026-08-02T09:38:50.923Z,deep_scan,20260802011913_1A-4-7-8-17-28C,30,28C,0,11,M76/1,AB5457,1,16
2026-08-02T09:38:50.923Z,deep_scan,20260802011913_1A-4-7-8-17-28C,30,28C,0,14,M104,AB4326,1,31
2026-08-02T09:38:50.923Z,deep_scan,20260802011913_1A-4-7-8-17-28C,30,28C,0,19,M244,AB4355,1,15
2026-08-02T09:38:50.923Z,deep_scan,20260802011913_1A-4-7-8-17-28C,30,28C,0,22,M16/2,AB5657,1,5
2026-08-02T09:38:50.923Z,deep_scan,20260802011913_1A-4-7-8-17-28C,30,28C,0,28,M165,AB6214,0,5
2026-08-02T09:39:20.934Z,deep_scan,20260802011913_1A-4-7-8-17-28C,30,28C,0,0,M62/3,AB5767,1,3
2026-08-02T09:39:20.934Z,deep_scan,20260802011913_1A-4-7-8-17-28C,30,28C,0,11,M76/1,AB5457,0,16
2026-08-02T09:39:20.934Z,deep_scan,20260802011913_1A-4-7-8-17-28C,30,28C,0,14,M104,AB4326,1,6
2026-08-02T09:39:20.934Z,deep_scan,20260802011913_1A-4-7-8-17-28C,30,28C,0,19,M244,AB4355,1,5
2026-08-02T09:39:20.934Z,deep_scan,20260802011913_1A-4-7-8-17-28C,30,28C,0,22,M16/2,AB5657,1,5
2026-08-02T09:39:20.934Z,deep_scan,20260802011913_1A-4-7-8-17-28C,30,28C,0,29,M163,AB6214,1,2
2026-08-02T09:39:50.952Z,deep_scan,20260802011913_1A-4-7-8-17-28C,30,28C,0,0,M62/3,AB5767,1,3
2026-08-02T09:39:50.952Z,deep_scan,20260802011913_1A-4-7-8-17-28C,30,28C,0,11,M76/1,AB5457,0,16
2026-08-02T09:39:50.952Z,deep_scan,20260802011913_1A-4-7-8-17-28C,30,28C,0,14,M104,AB4326,1,19
2026-08-02T09:39:50.952Z,deep_scan,20260802011913_1A-4-7-8-17-28C,30,28C,0,19,M244,AB4355,1,5
2026-08-02T09:39:50.952Z,deep_scan,20260802011913_1A-4-7-8-17-28C,30,28C,0,22,M16/2,AB5657,1,5
2026-08-02T09:39:50.952Z,deep_scan,20260802011913_1A-4-7-8-17-28C,30,28C,0,29,M163,AB6214,1,2
2026-08-02T09:40:20.961Z,deep_scan,20260802011913_1A-4-7-8-17-28C,30,28C,0,0,M62/3,AB5767,1,3
2026-08-02T09:40:20.961Z,deep_scan,20260802011913_1A-4-7-8-17-28C,30,28C,0,11,M76/1,AB5457,0,23
2026-08-02T09:40:20.961Z,deep_scan,20260802011913_1A-4-7-8-17-28C,30,28C,0,14,M104,AB4326,0,3
2026-08-02T09:40:20.961Z,deep_scan,20260802011913_1A-4-7-8-17-28C,30,28C,0,19,M244,AB4355,0,14
2026-08-02T09:40:20.961Z,deep_scan,20260802011913_1A-4-7-8-17-28C,30,28C,0,22,M16/2,AB5657,0,30
2026-08-02T09:40:20.961Z,deep_scan,20260802011913_1A-4-7-8-17-28C,30,28C,0,29,M163,AB6214,0,18
2026-08-02T09:40:50.993Z,deep_scan,20260802011913_1A-4-7-8-17-28C,30,28C,0,0,M62/3,AB5767,1,9
2026-08-02T09:40:50.993Z,deep_scan,20260802011913_1A-4-7-8-17-28C,30,28C,0,12,M84/1,AB5457,1,17
2026-08-02T09:40:50.993Z,deep_scan,20260802011913_1A-4-7-8-17-28C,30,28C,0,14,M104,AB4326,0,23
2026-08-02T09:40:50.993Z,deep_scan,20260802011913_1A-4-7-8-17-28C,30,28C,0,19,M244,AB4355,0,18
2026-08-02T09:40:50.993Z,deep_scan,20260802011913_1A-4-7-8-17-28C,30,28C,0,23,M98,AB5657,1,20
2026-08-02T09:40:50.993Z,deep_scan,20260802011913_1A-4-7-8-17-28C,30,28C,0,30,M160/2,AB6214,1,6
2026-08-02T09:41:20.990Z,deep_scan,20260802011913_1A-4-7-8-17-28C,30,28C,0,0,M62/3,AB5767,0,11
2026-08-02T09:41:20.990Z,deep_scan,20260802011913_1A-4-7-8-17-28C,30,28C,0,12,M84/1,AB5457,1,17
2026-08-02T09:41:20.990Z,deep_scan,20260802011913_1A-4-7-8-17-28C,30,28C,0,15,M43,AB4326,1,16
2026-08-02T09:41:20.990Z,deep_scan,20260802011913_1A-4-7-8-17-28C,30,28C,0,20,M216,AB4355,1,7
2026-08-02T09:41:20.990Z,deep_scan,20260802011913_1A-4-7-8-17-28C,30,28C,0,23,M98,AB5657,1,8
2026-08-02T09:41:20.990Z,deep_scan,20260802011913_1A-4-7-8-17-28C,30,28C,0,30,M160/2,AB6214,1,6
2026-08-02T09:41:51.062Z,deep_scan,20260802011913_1A-4-7-8-17-28C,30,28C,0,1,M117,AB5767,1,26
2026-08-02T09:41:51.062Z,deep_scan,20260802011913_1A-4-7-8-17-28C,30,28C,0,12,M84/1,AB5457,1,8
2026-08-02T09:41:51.062Z,deep_scan,20260802011913_1A-4-7-8-17-28C,30,28C,0,15,M43,AB4326,1,11
2026-08-02T09:41:51.062Z,deep_scan,20260802011913_1A-4-7-8-17-28C,30,28C,0,20,M216,AB4355,1,10
2026-08-02T09:41:51.062Z,deep_scan,20260802011913_1A-4-7-8-17-28C,30,28C,0,23,M98,AB5657,1,7
2026-08-02T09:41:51.062Z,deep_scan,20260802011913_1A-4-7-8-17-28C,30,28C,0,30,M160/2,AB6214,0,12
2026-08-02T09:42:21.022Z,deep_scan,20260802011913_1A-4-7-8-17-28C,30,28C,0,1,M117,AB5767,0,24
2026-08-02T09:42:21.022Z,deep_scan,20260802011913_1A-4-7-8-17-28C,30,28C,0,12,M84/1,AB5457,1,8
2026-08-02T09:42:21.022Z,deep_scan,20260802011913_1A-4-7-8-17-28C,30,28C,0,15,M43,AB4326,0,2
2026-08-02T09:42:21.022Z,deep_scan,20260802011913_1A-4-7-8-17-28C,30,28C,0,20,M216,AB4355,0,3
2026-08-02T09:42:21.022Z,deep_scan,20260802011913_1A-4-7-8-17-28C,30,28C,0,23,M98,AB5657,0,3
2026-08-02T09:42:21.022Z,deep_scan,20260802011913_1A-4-7-8-17-28C,30,28C,0,31,M158/1,AB6214,1,17
2026-08-02T09:42:51.036Z,deep_scan,20260802011913_1A-4-7-8-17-28C,30,28C,0,2,M241,AB5767,1,21
2026-08-02T09:42:51.036Z,deep_scan,20260802011913_1A-4-7-8-17-28C,30,28C,0,12,M84/1,AB5457,0,17
2026-08-02T09:42:51.036Z,deep_scan,20260802011913_1A-4-7-8-17-28C,30,28C,0,16,M40,AB4326,1,20
2026-08-02T09:42:51.036Z,deep_scan,20260802011913_1A-4-7-8-17-28C,30,28C,0,20,M216,AB4355,0,14
2026-08-02T09:42:51.036Z,deep_scan,20260802011913_1A-4-7-8-17-28C,30,28C,0,23,M98,AB5657,0,29
2026-08-02T09:42:51.036Z,deep_scan,20260802011913_1A-4-7-8-17-28C,30,28C,0,32,M161,AB6214,1,18
2026-08-02T09:43:21.023Z,deep_scan,20260802011913_1A-4-7-8-17-28C,30,28C,0,3,M71,AB5767,1,23
2026-08-02T09:43:21.023Z,deep_scan,20260802011913_1A-4-7-8-17-28C,30,28C,0,13,M92,AB5457,1,19
2026-08-02T09:43:21.023Z,deep_scan,20260802011913_1A-4-7-8-17-28C,30,28C,0,16,M40,AB4326,1,5
2026-08-02T09:43:21.023Z,deep_scan,20260802011913_1A-4-7-8-17-28C,30,28C,0,20,M216,AB4355,0,48
2026-08-02T09:43:21.023Z,deep_scan,20260802011913_1A-4-7-8-17-28C,30,28C,0,24,M88,AB5657,1,29
2026-08-02T09:43:21.023Z,deep_scan,20260802011913_1A-4-7-8-17-28C,30,28C,0,32,M161,AB6214,1,25
2026-08-02T09:43:51.082Z,deep_scan,20260802011913_1A-4-7-8-17-28C,30,28C,0,3,M71,AB5767,1,11
2026-08-02T09:43:51.082Z,deep_scan,20260802011913_1A-4-7-8-17-28C,30,28C,0,13,M92,AB5457,1,19
2026-08-02T09:43:51.082Z,deep_scan,20260802011913_1A-4-7-8-17-28C,30,28C,0,16,M40,AB4326,0,12
2026-08-02T09:43:51.082Z,deep_scan,20260802011913_1A-4-7-8-17-28C,30,28C,0,20,M216,AB4355,0,5
2026-08-02T09:43:51.082Z,deep_scan,20260802011913_1A-4-7-8-17-28C,30,28C,0,24,M88,AB5657,1,29
2026-08-02T09:43:51.082Z,deep_scan,20260802011913_1A-4-7-8-17-28C,30,28C,0,32,M161,AB6214,1,25
2026-08-02T09:44:21.070Z,deep_scan,20260802011913_1A-4-7-8-17-28C,30,28C,0,3,M71,AB5767,0,23
2026-08-02T09:44:21.070Z,deep_scan,20260802011913_1A-4-7-8-17-28C,30,28C,0,13,M92,AB5457,0,17
2026-08-02T09:44:21.070Z,deep_scan,20260802011913_1A-4-7-8-17-28C,30,28C,0,16,M40,AB4326,0,12
2026-08-02T09:44:21.070Z,deep_scan,20260802011913_1A-4-7-8-17-28C,30,28C,0,20,M216,AB4355,0,5
2026-08-02T09:44:21.070Z,deep_scan,20260802011913_1A-4-7-8-17-28C,30,28C,0,24,M88,AB5657,1,19
2026-08-02T09:44:21.070Z,deep_scan,20260802011913_1A-4-7-8-17-28C,30,28C,0,32,M161,AB6214,1,25
2026-08-02T09:44:50.948Z,deep_scan,20260802011913_1A-4-7-8-17-28C,30,28C,0,4,M155,AB5767,1,12
2026-08-02T09:44:50.948Z,deep_scan,20260802011913_1A-4-7-8-17-28C,30,28C,0,13,M92,AB5457,0,18
2026-08-02T09:44:50.948Z,deep_scan,20260802011913_1A-4-7-8-17-28C,30,28C,0,17,M28/2,AB4326,1,33
2026-08-02T09:44:50.948Z,deep_scan,20260802011913_1A-4-7-8-17-28C,30,28C,0,21,M225,AB4355,1,13
2026-08-02T09:44:50.948Z,deep_scan,20260802011913_1A-4-7-8-17-28C,30,28C,0,24,M88,AB5657,1,11
2026-08-02T09:44:50.948Z,deep_scan,20260802011913_1A-4-7-8-17-28C,30,28C,0,32,M161,AB6214,1,28
2026-08-02T09:45:21.102Z,deep_scan,20260802011913_1A-4-7-8-17-28C,30,28C,0,4,M155,AB5767,1,16
2026-08-02T09:45:21.102Z,deep_scan,20260802011913_1A-4-7-8-17-28C,30,28C,0,13,M92,AB5457,0,5
2026-08-02T09:45:21.102Z,deep_scan,20260802011913_1A-4-7-8-17-28C,30,28C,0,17,M28/2,AB4326,1,22
2026-08-02T09:45:21.102Z,deep_scan,20260802011913_1A-4-7-8-17-28C,30,28C,0,21,M225,AB4355,1,10
2026-08-02T09:45:21.102Z,deep_scan,20260802011913_1A-4-7-8-17-28C,30,28C,0,24,M88,AB5657,0,11
2026-08-02T09:45:21.102Z,deep_scan,20260802011913_1A-4-7-8-17-28C,30,28C,0,32,M161,AB6214,1,8
2026-08-02T09:45:51.097Z,deep_scan,20260802011913_1A-4-7-8-17-28C,30,28C,0,5,M157,AB5767,1,25
2026-08-02T09:45:51.097Z,deep_scan,20260802011913_1A-4-7-8-17-28C,30,28C,0,14,M104,AB5457,1,5
2026-08-02T09:45:51.097Z,deep_scan,20260802011913_1A-4-7-8-17-28C,30,28C,0,17,M28/2,AB4326,1,2
2026-08-02T09:45:51.097Z,deep_scan,20260802011913_1A-4-7-8-17-28C,30,28C,0,21,M225,AB4355,1,10
2026-08-02T09:45:51.097Z,deep_scan,20260802011913_1A-4-7-8-17-28C,30,28C,0,24,M88,AB5657,0,7
2026-08-02T09:45:51.097Z,deep_scan,20260802011913_1A-4-7-8-17-28C,30,28C,0,32,M161,AB6214,0,1
2026-08-02T09:46:21.074Z,deep_scan,20260802011913_1A-4-7-8-17-28C,30,28C,0,5,M157,AB5767,1,1
2026-08-02T09:46:21.074Z,deep_scan,20260802011913_1A-4-7-8-17-28C,30,28C,0,14,M104,AB5457,1,16
2026-08-02T09:46:21.074Z,deep_scan,20260802011913_1A-4-7-8-17-28C,30,28C,0,17,M28/2,AB4326,0,7
2026-08-02T09:46:21.074Z,deep_scan,20260802011913_1A-4-7-8-17-28C,30,28C,0,21,M225,AB4355,0,2
2026-08-02T09:46:21.074Z,deep_scan,20260802011913_1A-4-7-8-17-28C,30,28C,0,24,M88,AB5657,0,7
2026-08-02T09:46:21.074Z,deep_scan,20260802011913_1A-4-7-8-17-28C,30,28C,0,33,M70,AB6214,1,14
2026-08-02T09:46:51.142Z,deep_scan,20260802011913_1A-4-7-8-17-28C,30,28C,0,5,M157,AB5767,0,21
2026-08-02T09:46:51.142Z,deep_scan,20260802011913_1A-4-7-8-17-28C,30,28C,0,14,M104,AB5457,0,27
2026-08-02T09:46:51.142Z,deep_scan,20260802011913_1A-4-7-8-17-28C,30,28C,0,17,M28/2,AB4326,0,10
2026-08-02T09:46:51.142Z,deep_scan,20260802011913_1A-4-7-8-17-28C,30,28C,0,21,M225,AB4355,0,16
2026-08-02T09:46:51.142Z,deep_scan,20260802011913_1A-4-7-8-17-28C,30,28C,0,24,M88,AB5657,0,11
2026-08-02T09:46:51.142Z,deep_scan,20260802011913_1A-4-7-8-17-28C,30,28C,0,34,M118,AB6214,1,27
2026-08-02T09:47:21.085Z,deep_scan,20260802011913_1A-4-7-8-17-28C,30,28C,0,6,M163,AB5767,1,24
2026-08-02T09:47:21.085Z,deep_scan,20260802011913_1A-4-7-8-17-28C,30,28C,0,15,M43,AB5457,1,13
2026-08-02T09:47:21.085Z,deep_scan,20260802011913_1A-4-7-8-17-28C,30,28C,0,17,M28/2,AB4326,0,11
2026-08-02T09:47:21.085Z,deep_scan,20260802011913_1A-4-7-8-17-28C,30,28C,0,21,M225,AB4355,0,22
2026-08-02T09:47:21.085Z,deep_scan,20260802011913_1A-4-7-8-17-28C,30,28C,0,24,M88,AB5657,0,9
2026-08-02T09:47:21.085Z,deep_scan,20260802011913_1A-4-7-8-17-28C,30,28C,0,34,M118,AB6214,1,10
2026-08-02T09:47:51.125Z,deep_scan,20260802011913_1A-4-7-8-17-28C,30,28C,0,6,M163,AB5767,1,8
2026-08-02T09:47:51.125Z,deep_scan,20260802011913_1A-4-7-8-17-28C,30,28C,0,15,M43,AB5457,0,24
2026-08-02T09:47:51.125Z,deep_scan,20260802011913_1A-4-7-8-17-28C,30,28C,0,17,M28/2,AB4326,0,11
2026-08-02T09:47:51.125Z,deep_scan,20260802011913_1A-4-7-8-17-28C,30,28C,0,21,M225,AB4355,0,27
2026-08-02T09:47:51.125Z,deep_scan,20260802011913_1A-4-7-8-17-28C,30,28C,0,25,M72,AB5657,1,20
2026-08-02T09:47:51.125Z,deep_scan,20260802011913_1A-4-7-8-17-28C,30,28C,0,34,M118,AB6214,1,8
2026-08-02T09:48:21.134Z,deep_scan,20260802011913_1A-4-7-8-17-28C,30,28C,0,6,M163,AB5767,1,9
2026-08-02T09:48:21.134Z,deep_scan,20260802011913_1A-4-7-8-17-28C,30,28C,0,16,M40,AB5457,1,7
2026-08-02T09:48:21.134Z,deep_scan,20260802011913_1A-4-7-8-17-28C,30,28C,0,18,M227,AB4326,1,22
2026-08-02T09:48:21.134Z,deep_scan,20260802011913_1A-4-7-8-17-28C,30,28C,0,21,M225,AB4355,0,35
2026-08-02T09:48:21.134Z,deep_scan,20260802011913_1A-4-7-8-17-28C,30,28C,0,25,M72,AB5657,1,10
2026-08-02T09:48:21.134Z,deep_scan,20260802011913_1A-4-7-8-17-28C,30,28C,0,34,M118,AB6214,0,10
2026-08-02T09:48:51.143Z,deep_scan,20260802011913_1A-4-7-8-17-28C,30,28C,0,7,M164,AB5767,1,7
2026-08-02T09:48:51.143Z,deep_scan,20260802011913_1A-4-7-8-17-28C,30,28C,0,16,M40,AB5457,0,15
2026-08-02T09:48:51.143Z,deep_scan,20260802011913_1A-4-7-8-17-28C,30,28C,0,18,M227,AB4326,1,22
2026-08-02T09:48:51.143Z,deep_scan,20260802011913_1A-4-7-8-17-28C,30,28C,0,22,M16/2,AB4355,1,24
2026-08-02T09:48:51.143Z,deep_scan,20260802011913_1A-4-7-8-17-28C,30,28C,0,26,M149,AB5657,1,30
2026-08-02T09:48:51.143Z,deep_scan,20260802011913_1A-4-7-8-17-28C,30,28C,0,35,M62/3,AB6214,1,0
2026-08-02T09:49:21.155Z,deep_scan,20260802011913_1A-4-7-8-17-28C,30,28C,0,7,M164,AB5767,0,33
2026-08-02T09:49:21.155Z,deep_scan,20260802011913_1A-4-7-8-17-28C,30,28C,0,16,M40,AB5457,0,19
2026-08-02T09:49:21.155Z,deep_scan,20260802011913_1A-4-7-8-17-28C,30,28C,0,18,M227,AB4326,1,10
2026-08-02T09:49:21.155Z,deep_scan,20260802011913_1A-4-7-8-17-28C,30,28C,0,22,M16/2,AB4355,1,7
2026-08-02T09:49:21.155Z,deep_scan,20260802011913_1A-4-7-8-17-28C,30,28C,0,26,M149,AB5657,1,13
2026-08-02T09:49:21.155Z,deep_scan,20260802011913_1A-4-7-8-17-28C,30,28C,0,35,M62/3,AB6214,1,0
2026-08-02T09:49:51.135Z,deep_scan,20260802011913_1A-4-7-8-17-28C,30,28C,0,8,M151,AB5767,0,20
2026-08-02T09:49:51.135Z,deep_scan,20260802011913_1A-4-7-8-17-28C,30,28C,0,17,M28/2,AB5457,0,34
2026-08-02T09:49:51.135Z,deep_scan,20260802011913_1A-4-7-8-17-28C,30,28C,0,18,M227,AB4326,0,22
2026-08-02T09:49:51.135Z,deep_scan,20260802011913_1A-4-7-8-17-28C,30,28C,0,22,M16/2,AB4355,1,2
2026-08-02T09:49:51.135Z,deep_scan,20260802011913_1A-4-7-8-17-28C,30,28C,0,26,M149,AB5657,0,21
2026-08-02T09:49:51.135Z,deep_scan,20260802011913_1A-4-7-8-17-28C,30,28C,0,35,M62/3,AB6214,1,0
2026-08-02T09:50:21.232Z,deep_scan,20260802011913_1A-4-7-8-17-28C,30,28C,0,8,M151,AB5767,0,8
2026-08-02T09:50:21.232Z,deep_scan,20260802011913_1A-4-7-8-17-28C,30,28C,0,17,M28/2,AB5457,0,24
2026-08-02T09:50:21.232Z,deep_scan,20260802011913_1A-4-7-8-17-28C,30,28C,0,18,M227,AB4326,0,13
2026-08-02T09:50:21.232Z,deep_scan,20260802011913_1A-4-7-8-17-28C,30,28C,0,22,M16/2,AB4355,1,2
2026-08-02T09:50:21.232Z,deep_scan,20260802011913_1A-4-7-8-17-28C,30,28C,0,27,M145/2,AB5657,1,10
2026-08-02T09:50:21.232Z,deep_scan,20260802011913_1A-4-7-8-17-28C,30,28C,0,35,M62/3,AB6214,1,0
2026-08-02T09:50:51.183Z,deep_scan,20260802011913_1A-4-7-8-17-28C,30,28C,0,8,M151,AB5767,0,24
2026-08-02T09:50:51.183Z,deep_scan,20260802011913_1A-4-7-8-17-28C,30,28C,0,18,M227,AB5457,1,13
2026-08-02T09:50:51.183Z,deep_scan,20260802011913_1A-4-7-8-17-28C,30,28C,0,19,M244,AB4326,1,4
2026-08-02T09:50:51.183Z,deep_scan,20260802011913_1A-4-7-8-17-28C,30,28C,0,22,M16/2,AB4355,1,2
2026-08-02T09:50:51.183Z,deep_scan,20260802011913_1A-4-7-8-17-28C,30,28C,0,27,M145/2,AB5657,1,2
2026-08-02T09:50:51.183Z,deep_scan,20260802011913_1A-4-7-8-17-28C,30,28C,0,35,M62/3,AB6214,1,0
2026-08-02T09:51:21.208Z,deep_scan,20260802011913_1A-4-7-8-17-28C,30,28C,0,9,M150,AB5767,1,13
2026-08-02T09:51:21.208Z,deep_scan,20260802011913_1A-4-7-8-17-28C,30,28C,0,18,M227,AB5457,1,3
2026-08-02T09:51:21.208Z,deep_scan,20260802011913_1A-4-7-8-17-28C,30,28C,0,19,M244,AB4326,1,3
2026-08-02T09:51:21.208Z,deep_scan,20260802011913_1A-4-7-8-17-28C,30,28C,0,22,M16/2,AB4355,0,33
2026-08-02T09:51:21.208Z,deep_scan,20260802011913_1A-4-7-8-17-28C,30,28C,0,27,M145/2,AB5657,0,19
2026-08-02T09:51:21.208Z,deep_scan,20260802011913_1A-4-7-8-17-28C,30,28C,0,35,M62/3,AB6214,1,0
2026-08-02T09:51:51.164Z,deep_scan,20260802011913_1A-4-7-8-17-28C,30,28C,0,9,M150,AB5767,1,18
2026-08-02T09:51:51.164Z,deep_scan,20260802011913_1A-4-7-8-17-28C,30,28C,0,18,M227,AB5457,0,20
2026-08-02T09:51:51.164Z,deep_scan,20260802011913_1A-4-7-8-17-28C,30,28C,0,19,M244,AB4326,1,3
2026-08-02T09:51:51.164Z,deep_scan,20260802011913_1A-4-7-8-17-28C,30,28C,0,23,M98,AB4355,1,38
2026-08-02T09:51:51.164Z,deep_scan,20260802011913_1A-4-7-8-17-28C,30,28C,0,28,M165,AB5657,0,16
2026-08-02T09:51:51.164Z,deep_scan,20260802011913_1A-4-7-8-17-28C,30,28C,0,35,M62/3,AB6214,1,0
2026-08-02T09:52:21.256Z,deep_scan,20260802011913_1A-4-7-8-17-28C,30,28C,0,9,M150,AB5767,0,17
2026-08-02T09:52:21.256Z,deep_scan,20260802011913_1A-4-7-8-17-28C,30,28C,0,19,M244,AB4326,0,14
2026-08-02T09:52:21.256Z,deep_scan,20260802011913_1A-4-7-8-17-28C,30,28C,0,19,M244,AB5457,1,1
2026-08-02T09:52:21.256Z,deep_scan,20260802011913_1A-4-7-8-17-28C,30,28C,0,23,M98,AB4355,0,27
2026-08-02T09:52:21.256Z,deep_scan,20260802011913_1A-4-7-8-17-28C,30,28C,0,29,M163,AB5657,1,30
2026-08-02T09:52:21.256Z,deep_scan,20260802011913_1A-4-7-8-17-28C,30,28C,0,35,M62/3,AB6214,1,0
2026-08-02T09:52:51.204Z,deep_scan,20260802011913_1A-4-7-8-17-28C,30,28C,0,10,M148,AB5767,1,8
2026-08-02T09:52:51.204Z,deep_scan,20260802011913_1A-4-7-8-17-28C,30,28C,0,19,M244,AB4326,0,29
2026-08-02T09:52:51.204Z,deep_scan,20260802011913_1A-4-7-8-17-28C,30,28C,0,19,M244,AB5457,1,20
2026-08-02T09:52:51.204Z,deep_scan,20260802011913_1A-4-7-8-17-28C,30,28C,0,23,M98,AB4355,0,18
2026-08-02T09:52:51.204Z,deep_scan,20260802011913_1A-4-7-8-17-28C,30,28C,0,29,M163,AB5657,0,4
2026-08-02T09:52:51.204Z,deep_scan,20260802011913_1A-4-7-8-17-28C,30,28C,0,35,M62/3,AB6214,1,0
2026-08-02T09:53:21.260Z,deep_scan,20260802011913_1A-4-7-8-17-28C,30,28C,0,10,M148,AB5767,1,5
2026-08-02T09:53:21.260Z,deep_scan,20260802011913_1A-4-7-8-17-28C,30,28C,0,19,M244,AB4326,0,8
2026-08-02T09:53:21.260Z,deep_scan,20260802011913_1A-4-7-8-17-28C,30,28C,0,19,M244,AB5457,1,20
2026-08-02T09:53:21.260Z,deep_scan,20260802011913_1A-4-7-8-17-28C,30,28C,0,23,M98,AB4355,0,2
2026-08-02T09:53:21.260Z,deep_scan,20260802011913_1A-4-7-8-17-28C,30,28C,0,30,M160/2,AB5657,1,23
2026-08-02T09:53:51.218Z,deep_scan,20260802011913_1A-4-7-8-17-28C,30,28C,0,0,M62/3,AB6214,1,14
2026-08-02T09:53:51.218Z,deep_scan,20260802011913_1A-4-7-8-17-28C,30,28C,0,10,M148,AB5767,0,10
2026-08-02T09:53:51.218Z,deep_scan,20260802011913_1A-4-7-8-17-28C,30,28C,0,19,M244,AB4326,0,10
2026-08-02T09:53:51.218Z,deep_scan,20260802011913_1A-4-7-8-17-28C,30,28C,0,19,M244,AB5457,0,17
2026-08-02T09:53:51.218Z,deep_scan,20260802011913_1A-4-7-8-17-28C,30,28C,0,23,M98,AB4355,0,2
2026-08-02T09:53:51.218Z,deep_scan,20260802011913_1A-4-7-8-17-28C,30,28C,0,30,M160/2,AB5657,1,1
2026-08-02T09:54:21.261Z,deep_scan,20260802011913_1A-4-7-8-17-28C,30,28C,0,0,M62/3,AB6214,0,9
2026-08-02T09:54:21.261Z,deep_scan,20260802011913_1A-4-7-8-17-28C,30,28C,0,10,M148,AB5767,0,25
2026-08-02T09:54:21.261Z,deep_scan,20260802011913_1A-4-7-8-17-28C,30,28C,0,19,M244,AB5457,0,17
2026-08-02T09:54:21.261Z,deep_scan,20260802011913_1A-4-7-8-17-28C,30,28C,0,20,M216,AB4326,1,15
2026-08-02T09:54:21.261Z,deep_scan,20260802011913_1A-4-7-8-17-28C,30,28C,0,23,M98,AB4355,0,3
2026-08-02T09:54:21.261Z,deep_scan,20260802011913_1A-4-7-8-17-28C,30,28C,0,30,M160/2,AB5657,1,12
2026-08-02T09:54:51.216Z,deep_scan,20260802011913_1A-4-7-8-17-28C,30,28C,0,0,M62/3,AB6214,0,17
2026-08-02T09:54:51.216Z,deep_scan,20260802011913_1A-4-7-8-17-28C,30,28C,0,10,M148,AB5767,0,22
2026-08-02T09:54:51.216Z,deep_scan,20260802011913_1A-4-7-8-17-28C,30,28C,0,20,M216,AB4326,0,7
2026-08-02T09:54:51.216Z,deep_scan,20260802011913_1A-4-7-8-17-28C,30,28C,0,20,M216,AB5457,1,31
2026-08-02T09:54:51.216Z,deep_scan,20260802011913_1A-4-7-8-17-28C,30,28C,0,24,M88,AB4355,1,5
2026-08-02T09:54:51.216Z,deep_scan,20260802011913_1A-4-7-8-17-28C,30,28C,0,31,M158/1,AB5657,1,19
2026-08-02T09:55:21.249Z,deep_scan,20260802011913_1A-4-7-8-17-28C,30,28C,0,0,M62/3,AB6214,0,36
2026-08-02T09:55:21.249Z,deep_scan,20260802011913_1A-4-7-8-17-28C,30,28C,0,10,M148,AB5767,0,13
2026-08-02T09:55:21.249Z,deep_scan,20260802011913_1A-4-7-8-17-28C,30,28C,0,20,M216,AB4326,0,1
2026-08-02T09:55:21.249Z,deep_scan,20260802011913_1A-4-7-8-17-28C,30,28C,0,20,M216,AB5457,0,11
2026-08-02T09:55:21.249Z,deep_scan,20260802011913_1A-4-7-8-17-28C,30,28C,0,24,M88,AB4355,0,25
2026-08-02T09:55:21.249Z,deep_scan,20260802011913_1A-4-7-8-17-28C,30,28C,0,31,M158/1,AB5657,1,21
2026-08-02T09:55:51.256Z,deep_scan,20260802011913_1A-4-7-8-17-28C,30,28C,0,1,M117,AB6214,1,4
2026-08-02T09:55:51.256Z,deep_scan,20260802011913_1A-4-7-8-17-28C,30,28C,0,11,M76/1,AB5767,1,13
2026-08-02T09:55:51.256Z,deep_scan,20260802011913_1A-4-7-8-17-28C,30,28C,0,20,M216,AB4326,0,4
2026-08-02T09:55:51.256Z,deep_scan,20260802011913_1A-4-7-8-17-28C,30,28C,0,20,M216,AB5457,0,4
2026-08-02T09:55:51.256Z,deep_scan,20260802011913_1A-4-7-8-17-28C,30,28C,0,24,M88,AB4355,0,16
2026-08-02T09:55:51.256Z,deep_scan,20260802011913_1A-4-7-8-17-28C,30,28C,0,31,M158/1,AB5657,1,5
2026-08-02T09:56:21.263Z,deep_scan,20260802011913_1A-4-7-8-17-28C,30,28C,0,1,M117,AB6214,0,30
2026-08-02T09:56:21.263Z,deep_scan,20260802011913_1A-4-7-8-17-28C,30,28C,0,11,M76/1,AB5767,1,14
2026-08-02T09:56:21.263Z,deep_scan,20260802011913_1A-4-7-8-17-28C,30,28C,0,20,M216,AB4326,0,47
2026-08-02T09:56:21.263Z,deep_scan,20260802011913_1A-4-7-8-17-28C,30,28C,0,20,M216,AB5457,0,19
2026-08-02T09:56:21.263Z,deep_scan,20260802011913_1A-4-7-8-17-28C,30,28C,0,24,M88,AB4355,0,22
2026-08-02T09:56:21.263Z,deep_scan,20260802011913_1A-4-7-8-17-28C,30,28C,0,31,M158/1,AB5657,1,6
2026-08-02T09:56:51.293Z,deep_scan,20260802011913_1A-4-7-8-17-28C,30,28C,0,2,M241,AB6214,1,22
2026-08-02T09:56:51.293Z,deep_scan,20260802011913_1A-4-7-8-17-28C,30,28C,0,11,M76/1,AB5767,1,15
2026-08-02T09:56:51.293Z,deep_scan,20260802011913_1A-4-7-8-17-28C,30,28C,0,20,M216,AB4326,0,36
2026-08-02T09:56:51.293Z,deep_scan,20260802011913_1A-4-7-8-17-28C,30,28C,0,20,M216,AB5457,0,27
2026-08-02T09:56:51.293Z,deep_scan,20260802011913_1A-4-7-8-17-28C,30,28C,0,25,M72,AB4355,1,7
2026-08-02T09:56:51.293Z,deep_scan,20260802011913_1A-4-7-8-17-28C,30,28C,0,32,M161,AB5657,1,27
2026-08-02T09:57:21.299Z,deep_scan,20260802011913_1A-4-7-8-17-28C,30,28C,0,2,M241,AB6214,1,5
2026-08-02T09:57:21.299Z,deep_scan,20260802011913_1A-4-7-8-17-28C,30,28C,0,12,M84/1,AB5767,1,14
2026-08-02T09:57:21.299Z,deep_scan,20260802011913_1A-4-7-8-17-28C,30,28C,0,20,M216,AB4326,0,36
2026-08-02T09:57:21.299Z,deep_scan,20260802011913_1A-4-7-8-17-28C,30,28C,0,20,M216,AB5457,0,3
2026-08-02T09:57:21.299Z,deep_scan,20260802011913_1A-4-7-8-17-28C,30,28C,0,25,M72,AB4355,1,17
2026-08-02T09:57:21.299Z,deep_scan,20260802011913_1A-4-7-8-17-28C,30,28C,0,32,M161,AB5657,1,7
2026-08-02T09:57:51.284Z,deep_scan,20260802011913_1A-4-7-8-17-28C,30,28C,0,3,M71,AB6214,1,15
2026-08-02T09:57:51.284Z,deep_scan,20260802011913_1A-4-7-8-17-28C,30,28C,0,12,M84/1,AB5767,1,12
2026-08-02T09:57:51.284Z,deep_scan,20260802011913_1A-4-7-8-17-28C,30,28C,0,20,M216,AB4326,0,6
2026-08-02T09:57:51.284Z,deep_scan,20260802011913_1A-4-7-8-17-28C,30,28C,0,20,M216,AB5457,0,7
2026-08-02T09:57:51.284Z,deep_scan,20260802011913_1A-4-7-8-17-28C,30,28C,0,26,M149,AB4355,1,34
2026-08-02T09:57:51.284Z,deep_scan,20260802011913_1A-4-7-8-17-28C,30,28C,0,32,M161,AB5657,1,7
2026-08-02T09:58:21.344Z,deep_scan,20260802011913_1A-4-7-8-17-28C,30,28C,0,3,M71,AB6214,1,8
2026-08-02T09:58:21.344Z,deep_scan,20260802011913_1A-4-7-8-17-28C,30,28C,0,12,M84/1,AB5767,1,12
2026-08-02T09:58:21.344Z,deep_scan,20260802011913_1A-4-7-8-17-28C,30,28C,0,21,M225,AB4326,1,11
2026-08-02T09:58:21.344Z,deep_scan,20260802011913_1A-4-7-8-17-28C,30,28C,0,21,M225,AB5457,1,10
2026-08-02T09:58:21.344Z,deep_scan,20260802011913_1A-4-7-8-17-28C,30,28C,0,26,M149,AB4355,0,21
2026-08-02T09:58:21.344Z,deep_scan,20260802011913_1A-4-7-8-17-28C,30,28C,0,32,M161,AB5657,1,2
2026-08-02T09:58:51.281Z,deep_scan,20260802011913_1A-4-7-8-17-28C,30,28C,0,3,M71,AB6214,0,7
2026-08-02T09:58:51.281Z,deep_scan,20260802011913_1A-4-7-8-17-28C,30,28C,0,12,M84/1,AB5767,0,16
2026-08-02T09:58:51.281Z,deep_scan,20260802011913_1A-4-7-8-17-28C,30,28C,0,21,M225,AB4326,1,11
2026-08-02T09:58:51.281Z,deep_scan,20260802011913_1A-4-7-8-17-28C,30,28C,0,21,M225,AB5457,0,9
2026-08-02T09:58:51.281Z,deep_scan,20260802011913_1A-4-7-8-17-28C,30,28C,0,27,M145/2,AB4355,1,20
2026-08-02T09:58:51.281Z,deep_scan,20260802011913_1A-4-7-8-17-28C,30,28C,0,32,M161,AB5657,0,5
2026-08-02T09:59:21.307Z,deep_scan,20260802011913_1A-4-7-8-17-28C,30,28C,0,4,M155,AB6214,1,20
2026-08-02T09:59:21.307Z,deep_scan,20260802011913_1A-4-7-8-17-28C,30,28C,0,12,M84/1,AB5767,0,9
2026-08-02T09:59:21.307Z,deep_scan,20260802011913_1A-4-7-8-17-28C,30,28C,0,21,M225,AB5457,0,20
2026-08-02T09:59:21.307Z,deep_scan,20260802011913_1A-4-7-8-17-28C,30,28C,0,21,M225,AB4326,0,45
2026-08-02T09:59:21.307Z,deep_scan,20260802011913_1A-4-7-8-17-28C,30,28C,0,27,M145/2,AB4355,1,2
2026-08-02T09:59:21.307Z,deep_scan,20260802011913_1A-4-7-8-17-28C,30,28C,0,33,M70,AB5657,1,9
2026-08-02T09:59:51.351Z,deep_scan,20260802011913_1A-4-7-8-17-28C,30,28C,0,4,M155,AB6214,1,13
2026-08-02T09:59:51.351Z,deep_scan,20260802011913_1A-4-7-8-17-28C,30,28C,0,12,M84/1,AB5767,0,5
2026-08-02T09:59:51.351Z,deep_scan,20260802011913_1A-4-7-8-17-28C,30,28C,0,21,M225,AB5457,0,9
2026-08-02T09:59:51.351Z,deep_scan,20260802011913_1A-4-7-8-17-28C,30,28C,0,21,M225,AB4326,0,33
2026-08-02T09:59:51.351Z,deep_scan,20260802011913_1A-4-7-8-17-28C,30,28C,0,27,M145/2,AB4355,0,9
2026-08-02T09:59:51.351Z,deep_scan,20260802011913_1A-4-7-8-17-28C,30,28C,0,33,M70,AB5657,1,2
2026-08-02T10:00:21.372Z,deep_scan,20260802011913_1A-4-7-8-17-28C,30,28C,0,4,M155,AB6214,0,25
2026-08-02T10:00:21.372Z,deep_scan,20260802011913_1A-4-7-8-17-28C,30,28C,0,12,M84/1,AB5767,0,5
2026-08-02T10:00:21.372Z,deep_scan,20260802011913_1A-4-7-8-17-28C,30,28C,0,21,M225,AB5457,0,32
2026-08-02T10:00:21.372Z,deep_scan,20260802011913_1A-4-7-8-17-28C,30,28C,0,21,M225,AB4326,0,33
2026-08-02T10:00:21.372Z,deep_scan,20260802011913_1A-4-7-8-17-28C,30,28C,0,28,M165,AB4355,1,21
2026-08-02T10:00:21.372Z,deep_scan,20260802011913_1A-4-7-8-17-28C,30,28C,0,33,M70,AB5657,0,20
2026-08-02T10:00:51.348Z,deep_scan,20260802011913_1A-4-7-8-17-28C,30,28C,0,5,M157,AB6214,1,31
2026-08-02T10:00:51.348Z,deep_scan,20260802011913_1A-4-7-8-17-28C,30,28C,0,13,M92,AB5767,1,17
2026-08-02T10:00:51.348Z,deep_scan,20260802011913_1A-4-7-8-17-28C,30,28C,0,21,M225,AB5457,0,24
2026-08-02T10:00:51.348Z,deep_scan,20260802011913_1A-4-7-8-17-28C,30,28C,0,21,M225,AB4326,0,33
2026-08-02T10:00:51.348Z,deep_scan,20260802011913_1A-4-7-8-17-28C,30,28C,0,28,M165,AB4355,0,9
2026-08-02T10:00:51.348Z,deep_scan,20260802011913_1A-4-7-8-17-28C,30,28C,0,34,M118,AB5657,1,23
2026-08-02T10:01:21.259Z,deep_scan,20260802011913_1A-4-7-8-17-28C,30,28C,0,5,M157,AB6214,0,10
2026-08-02T10:01:21.259Z,deep_scan,20260802011913_1A-4-7-8-17-28C,30,28C,0,13,M92,AB5767,0,15
2026-08-02T10:01:21.259Z,deep_scan,20260802011913_1A-4-7-8-17-28C,30,28C,0,21,M225,AB5457,0,5
2026-08-02T10:01:21.259Z,deep_scan,20260802011913_1A-4-7-8-17-28C,30,28C,0,21,M225,AB4326,0,18
2026-08-02T10:01:21.259Z,deep_scan,20260802011913_1A-4-7-8-17-28C,30,28C,0,29,M163,AB4355,1,19
2026-08-02T10:01:21.259Z,deep_scan,20260802011913_1A-4-7-8-17-28C,30,28C,0,34,M118,AB5657,1,23
2026-08-02T10:01:51.325Z,deep_scan,20260802011913_1A-4-7-8-17-28C,30,28C,0,6,M163,AB6214,1,12
2026-08-02T10:01:51.325Z,deep_scan,20260802011913_1A-4-7-8-17-28C,30,28C,0,13,M92,AB5767,0,15
2026-08-02T10:01:51.325Z,deep_scan,20260802011913_1A-4-7-8-17-28C,30,28C,0,21,M225,AB4326,0,25
2026-08-02T10:01:51.325Z,deep_scan,20260802011913_1A-4-7-8-17-28C,30,28C,0,22,M16/2,AB5457,1,10
2026-08-02T10:01:51.325Z,deep_scan,20260802011913_1A-4-7-8-17-28C,30,28C,0,29,M163,AB4355,0,8
2026-08-02T10:01:51.325Z,deep_scan,20260802011913_1A-4-7-8-17-28C,30,28C,0,34,M118,AB5657,1,1
2026-08-02T10:02:21.410Z,deep_scan,20260802011913_1A-4-7-8-17-28C,30,28C,0,6,M163,AB6214,1,3
2026-08-02T10:02:21.410Z,deep_scan,20260802011913_1A-4-7-8-17-28C,30,28C,0,13,M92,AB5767,0,20
2026-08-02T10:02:21.410Z,deep_scan,20260802011913_1A-4-7-8-17-28C,30,28C,0,21,M225,AB4326,0,2
2026-08-02T10:02:21.410Z,deep_scan,20260802011913_1A-4-7-8-17-28C,30,28C,0,22,M16/2,AB5457,0,37
2026-08-02T10:02:21.410Z,deep_scan,20260802011913_1A-4-7-8-17-28C,30,28C,0,29,M163,AB4355,0,34
2026-08-02T10:02:21.410Z,deep_scan,20260802011913_1A-4-7-8-17-28C,30,28C,0,34,M118,AB5657,0,23
2026-08-02T10:02:51.357Z,deep_scan,20260802011913_1A-4-7-8-17-28C,30,28C,0,7,M164,AB6214,1,29
2026-08-02T10:02:51.357Z,deep_scan,20260802011913_1A-4-7-8-17-28C,30,28C,0,14,M104,AB5767,1,15
2026-08-02T10:02:51.357Z,deep_scan,20260802011913_1A-4-7-8-17-28C,30,28C,0,22,M16/2,AB5457,0,7
2026-08-02T10:02:51.357Z,deep_scan,20260802011913_1A-4-7-8-17-28C,30,28C,0,22,M16/2,AB4326,1,6
2026-08-02T10:02:51.357Z,deep_scan,20260802011913_1A-4-7-8-17-28C,30,28C,0,30,M160/2,AB4355,1,13
2026-08-02T10:02:51.357Z,deep_scan,20260802011913_1A-4-7-8-17-28C,30,28C,0,35,M62/3,AB5657,1,0
2026-08-02T10:03:21.395Z,deep_scan,20260802011913_1A-4-7-8-17-28C,30,28C,0,7,M164,AB6214,1,29
2026-08-02T10:03:21.395Z,deep_scan,20260802011913_1A-4-7-8-17-28C,30,28C,0,14,M104,AB5767,1,2
2026-08-02T10:03:21.395Z,deep_scan,20260802011913_1A-4-7-8-17-28C,30,28C,0,22,M16/2,AB5457,0,7
2026-08-02T10:03:21.395Z,deep_scan,20260802011913_1A-4-7-8-17-28C,30,28C,0,22,M16/2,AB4326,1,6
2026-08-02T10:03:21.395Z,deep_scan,20260802011913_1A-4-7-8-17-28C,30,28C,0,30,M160/2,AB4355,1,5
2026-08-02T10:03:21.395Z,deep_scan,20260802011913_1A-4-7-8-17-28C,30,28C,0,35,M62/3,AB5657,1,0
2026-08-02T10:03:51.362Z,deep_scan,20260802011913_1A-4-7-8-17-28C,30,28C,0,7,M164,AB6214,0,29
2026-08-02T10:03:51.362Z,deep_scan,20260802011913_1A-4-7-8-17-28C,30,28C,0,14,M104,AB5767,1,17
2026-08-02T10:03:51.362Z,deep_scan,20260802011913_1A-4-7-8-17-28C,30,28C,0,22,M16/2,AB5457,0,7
2026-08-02T10:03:51.362Z,deep_scan,20260802011913_1A-4-7-8-17-28C,30,28C,0,22,M16/2,AB4326,1,6
2026-08-02T10:03:51.362Z,deep_scan,20260802011913_1A-4-7-8-17-28C,30,28C,0,31,M158/1,AB4355,1,24
2026-08-02T10:03:51.362Z,deep_scan,20260802011913_1A-4-7-8-17-28C,30,28C,0,35,M62/3,AB5657,1,0
2026-08-02T10:04:21.454Z,deep_scan,20260802011913_1A-4-7-8-17-28C,30,28C,0,8,M151,AB6214,1,21
2026-08-02T10:04:21.454Z,deep_scan,20260802011913_1A-4-7-8-17-28C,30,28C,0,14,M104,AB5767,0,1
2026-08-02T10:04:21.454Z,deep_scan,20260802011913_1A-4-7-8-17-28C,30,28C,0,22,M16/2,AB4326,1,16
2026-08-02T10:04:21.454Z,deep_scan,20260802011913_1A-4-7-8-17-28C,30,28C,0,23,M98,AB5457,1,13
2026-08-02T10:04:21.454Z,deep_scan,20260802011913_1A-4-7-8-17-28C,30,28C,0,31,M158/1,AB4355,0,26
2026-08-02T10:04:21.454Z,deep_scan,20260802011913_1A-4-7-8-17-28C,30,28C,0,35,M62/3,AB5657,1,0
2026-08-02T10:04:51.346Z,deep_scan,20260802011913_1A-4-7-8-17-28C,30,28C,0,8,M151,AB6214,0,5
2026-08-02T10:04:51.346Z,deep_scan,20260802011913_1A-4-7-8-17-28C,30,28C,0,15,M43,AB5767,1,19
2026-08-02T10:04:51.346Z,deep_scan,20260802011913_1A-4-7-8-17-28C,30,28C,0,23,M98,AB5457,1,2
2026-08-02T10:04:51.346Z,deep_scan,20260802011913_1A-4-7-8-17-28C,30,28C,0,23,M98,AB4326,1,16
2026-08-02T10:04:51.346Z,deep_scan,20260802011913_1A-4-7-8-17-28C,30,28C,0,31,M158/1,AB4355,0,8
2026-08-02T10:04:51.346Z,deep_scan,20260802011913_1A-4-7-8-17-28C,30,28C,0,35,M62/3,AB5657,1,0
2026-08-02T10:05:21.377Z,deep_scan,20260802011913_1A-4-7-8-17-28C,30,28C,0,9,M150,AB6214,1,24
2026-08-02T10:05:21.377Z,deep_scan,20260802011913_1A-4-7-8-17-28C,30,28C,0,15,M43,AB5767,1,2
2026-08-02T10:05:21.377Z,deep_scan,20260802011913_1A-4-7-8-17-28C,30,28C,0,23,M98,AB4326,1,16
2026-08-02T10:05:21.377Z,deep_scan,20260802011913_1A-4-7-8-17-28C,30,28C,0,23,M98,AB5457,0,30
2026-08-02T10:05:21.377Z,deep_scan,20260802011913_1A-4-7-8-17-28C,30,28C,0,31,M158/1,AB4355,0,8
2026-08-02T10:05:21.377Z,deep_scan,20260802011913_1A-4-7-8-17-28C,30,28C,0,35,M62/3,AB5657,1,0
2026-08-02T10:05:51.386Z,deep_scan,20260802011913_1A-4-7-8-17-28C,30,28C,0,9,M150,AB6214,1,14
2026-08-02T10:05:51.386Z,deep_scan,20260802011913_1A-4-7-8-17-28C,30,28C,0,15,M43,AB5767,0,19
2026-08-02T10:05:51.386Z,deep_scan,20260802011913_1A-4-7-8-17-28C,30,28C,0,23,M98,AB4326,1,16
2026-08-02T10:05:51.386Z,deep_scan,20260802011913_1A-4-7-8-17-28C,30,28C,0,24,M88,AB5457,1,22
2026-08-02T10:05:51.386Z,deep_scan,20260802011913_1A-4-7-8-17-28C,30,28C,0,32,M161,AB4355,1,7
2026-08-02T10:05:51.386Z,deep_scan,20260802011913_1A-4-7-8-17-28C,30,28C,0,35,M62/3,AB5657,1,0
2026-08-02T10:06:21.351Z,deep_scan,20260802011913_1A-4-7-8-17-28C,30,28C,0,9,M150,AB6214,1,6
2026-08-02T10:06:21.351Z,deep_scan,20260802011913_1A-4-7-8-17-28C,30,28C,0,16,M40,AB5767,1,2
2026-08-02T10:06:21.351Z,deep_scan,20260802011913_1A-4-7-8-17-28C,30,28C,0,23,M98,AB4326,1,4
2026-08-02T10:06:21.351Z,deep_scan,20260802011913_1A-4-7-8-17-28C,30,28C,0,24,M88,AB5457,1,22
2026-08-02T10:06:21.351Z,deep_scan,20260802011913_1A-4-7-8-17-28C,30,28C,0,33,M70,AB4355,1,27
2026-08-02T10:06:21.351Z,deep_scan,20260802011913_1A-4-7-8-17-28C,30,28C,0,35,M62/3,AB5657,1,0
2026-08-02T10:06:51.353Z,deep_scan,20260802011913_1A-4-7-8-17-28C,30,28C,0,9,M150,AB6214,0,6
2026-08-02T10:06:51.353Z,deep_scan,20260802011913_1A-4-7-8-17-28C,30,28C,0,16,M40,AB5767,1,3
2026-08-02T10:06:51.353Z,deep_scan,20260802011913_1A-4-7-8-17-28C,30,28C,0,23,M98,AB4326,1,26
2026-08-02T10:06:51.353Z,deep_scan,20260802011913_1A-4-7-8-17-28C,30,28C,0,24,M88,AB5457,1,18
2026-08-02T10:06:51.353Z,deep_scan,20260802011913_1A-4-7-8-17-28C,30,28C,0,33,M70,AB4355,0,1
2026-08-02T10:06:51.353Z,deep_scan,20260802011913_1A-4-7-8-17-28C,30,28C,0,35,M62/3,AB5657,1,0
2026-08-02T10:07:21.417Z,deep_scan,20260802011913_1A-4-7-8-17-28C,30,28C,0,0,M62/3,AB5657,1,2
2026-08-02T10:07:21.417Z,deep_scan,20260802011913_1A-4-7-8-17-28C,30,28C,0,10,M148,AB6214,1,17
2026-08-02T10:07:21.417Z,deep_scan,20260802011913_1A-4-7-8-17-28C,30,28C,0,16,M40,AB5767,0,18
2026-08-02T10:07:21.417Z,deep_scan,20260802011913_1A-4-7-8-17-28C,30,28C,0,23,M98,AB4326,0,18
2026-08-02T10:07:21.417Z,deep_scan,20260802011913_1A-4-7-8-17-28C,30,28C,0,24,M88,AB5457,0,23
2026-08-02T10:07:21.417Z,deep_scan,20260802011913_1A-4-7-8-17-28C,30,28C,0,33,M70,AB4355,0,40
2026-08-02T10:07:51.365Z,deep_scan,20260802011913_1A-4-7-8-17-28C,30,28C,0,0,M62/3,AB5657,1,2
2026-08-02T10:07:51.365Z,deep_scan,20260802011913_1A-4-7-8-17-28C,30,28C,0,10,M148,AB6214,1,5
2026-08-02T10:07:51.365Z,deep_scan,20260802011913_1A-4-7-8-17-28C,30,28C,0,16,M40,AB5767,0,22
2026-08-02T10:07:51.365Z,deep_scan,20260802011913_1A-4-7-8-17-28C,30,28C,0,23,M98,AB4326,0,1
2026-08-02T10:07:51.365Z,deep_scan,20260802011913_1A-4-7-8-17-28C,30,28C,0,24,M88,AB5457,0,23
2026-08-02T10:07:51.365Z,deep_scan,20260802011913_1A-4-7-8-17-28C,30,28C,0,34,M118,AB4355,1,10
2026-08-02T10:08:21.381Z,deep_scan,20260802011913_1A-4-7-8-17-28C,30,28C,0,0,M62/3,AB5657,1,2
2026-08-02T10:08:21.381Z,deep_scan,20260802011913_1A-4-7-8-17-28C,30,28C,0,10,M148,AB6214,1,5
2026-08-02T10:08:21.381Z,deep_scan,20260802011913_1A-4-7-8-17-28C,30,28C,0,17,M28/2,AB5767,1,15
2026-08-02T10:08:21.381Z,deep_scan,20260802011913_1A-4-7-8-17-28C,30,28C,0,23,M98,AB4326,0,1
2026-08-02T10:08:21.381Z,deep_scan,20260802011913_1A-4-7-8-17-28C,30,28C,0,24,M88,AB5457,0,23
2026-08-02T10:08:21.381Z,deep_scan,20260802011913_1A-4-7-8-17-28C,30,28C,0,34,M118,AB4355,1,5
2026-08-02T10:08:51.384Z,deep_scan,20260802011913_1A-4-7-8-17-28C,30,28C,0,0,M62/3,AB5657,0,12
2026-08-02T10:08:51.384Z,deep_scan,20260802011913_1A-4-7-8-17-28C,30,28C,0,10,M148,AB6214,1,3
2026-08-02T10:08:51.384Z,deep_scan,20260802011913_1A-4-7-8-17-28C,30,28C,0,17,M28/2,AB5767,1,21
2026-08-02T10:08:51.384Z,deep_scan,20260802011913_1A-4-7-8-17-28C,30,28C,0,24,M88,AB5457,0,38
2026-08-02T10:08:51.384Z,deep_scan,20260802011913_1A-4-7-8-17-28C,30,28C,0,24,M88,AB4326,0,19
2026-08-02T10:08:51.384Z,deep_scan,20260802011913_1A-4-7-8-17-28C,30,28C,0,34,M118,AB4355,0,5
2026-08-02T10:09:21.394Z,deep_scan,20260802011913_1A-4-7-8-17-28C,30,28C,0,0,M62/3,AB5657,0,29
2026-08-02T10:09:21.394Z,deep_scan,20260802011913_1A-4-7-8-17-28C,30,28C,0,10,M148,AB6214,0,16
2026-08-02T10:09:21.394Z,deep_scan,20260802011913_1A-4-7-8-17-28C,30,28C,0,17,M28/2,AB5767,0,21
2026-08-02T10:09:21.394Z,deep_scan,20260802011913_1A-4-7-8-17-28C,30,28C,0,24,M88,AB4326,0,21
2026-08-02T10:09:21.394Z,deep_scan,20260802011913_1A-4-7-8-17-28C,30,28C,0,25,M72,AB5457,1,15
2026-08-02T10:09:21.394Z,deep_scan,20260802011913_1A-4-7-8-17-28C,30,28C,0,34,M118,AB4355,0,35
2026-08-02T10:09:51.482Z,deep_scan,20260802011913_1A-4-7-8-17-28C,30,28C,0,1,M117,AB5657,1,26
2026-08-02T10:09:51.482Z,deep_scan,20260802011913_1A-4-7-8-17-28C,30,28C,0,10,M148,AB6214,0,22
2026-08-02T10:09:51.482Z,deep_scan,20260802011913_1A-4-7-8-17-28C,30,28C,0,17,M28/2,AB5767,0,7
2026-08-02T10:09:51.482Z,deep_scan,20260802011913_1A-4-7-8-17-28C,30,28C,0,24,M88,AB4326,0,21
2026-08-02T10:09:51.482Z,deep_scan,20260802011913_1A-4-7-8-17-28C,30,28C,0,25,M72,AB5457,1,20
2026-08-02T10:09:51.482Z,deep_scan,20260802011913_1A-4-7-8-17-28C,30,28C,0,35,M62/3,AB4355,1,0
2026-08-02T10:10:21.473Z,deep_scan,20260802011913_1A-4-7-8-17-28C,30,28C,0,1,M117,AB5657,1,5
2026-08-02T10:10:21.473Z,deep_scan,20260802011913_1A-4-7-8-17-28C,30,28C,0,10,M148,AB6214,0,16
2026-08-02T10:10:21.473Z,deep_scan,20260802011913_1A-4-7-8-17-28C,30,28C,0,17,M28/2,AB5767,0,7
2026-08-02T10:10:21.473Z,deep_scan,20260802011913_1A-4-7-8-17-28C,30,28C,0,24,M88,AB4326,0,21
2026-08-02T10:10:21.473Z,deep_scan,20260802011913_1A-4-7-8-17-28C,30,28C,0,26,M149,AB5457,1,28
2026-08-02T10:10:21.473Z,deep_scan,20260802011913_1A-4-7-8-17-28C,30,28C,0,35,M62/3,AB4355,1,0
2026-08-02T10:10:51.481Z,deep_scan,20260802011913_1A-4-7-8-17-28C,30,28C,0,1,M117,AB5657,0,17
2026-08-02T10:10:51.481Z,deep_scan,20260802011913_1A-4-7-8-17-28C,30,28C,0,10,M148,AB6214,0,21
2026-08-02T10:10:51.481Z,deep_scan,20260802011913_1A-4-7-8-17-28C,30,28C,0,18,M227,AB5767,1,4
2026-08-02T10:10:51.481Z,deep_scan,20260802011913_1A-4-7-8-17-28C,30,28C,0,24,M88,AB4326,0,32
2026-08-02T10:10:51.481Z,deep_scan,20260802011913_1A-4-7-8-17-28C,30,28C,0,26,M149,AB5457,0,36
2026-08-02T10:10:51.481Z,deep_scan,20260802011913_1A-4-7-8-17-28C,30,28C,0,35,M62/3,AB4355,1,0
2026-08-02T10:11:21.470Z,deep_scan,20260802011913_1A-4-7-8-17-28C,30,28C,0,2,M241,AB5657,1,15
2026-08-02T10:11:21.470Z,deep_scan,20260802011913_1A-4-7-8-17-28C,30,28C,0,11,M76/1,AB6214,1,26
2026-08-02T10:11:21.470Z,deep_scan,20260802011913_1A-4-7-8-17-28C,30,28C,0,18,M227,AB5767,0,30
2026-08-02T10:11:21.470Z,deep_scan,20260802011913_1A-4-7-8-17-28C,30,28C,0,25,M72,AB4326,1,15
2026-08-02T10:11:21.470Z,deep_scan,20260802011913_1A-4-7-8-17-28C,30,28C,0,26,M149,AB5457,0,14
2026-08-02T10:11:21.470Z,deep_scan,20260802011913_1A-4-7-8-17-28C,30,28C,0,35,M62/3,AB4355,1,0
2026-08-02T10:11:51.494Z,deep_scan,20260802011913_1A-4-7-8-17-28C,30,28C,0,2,M241,AB5657,0,23
2026-08-02T10:11:51.494Z,deep_scan,20260802011913_1A-4-7-8-17-28C,30,28C,0,11,M76/1,AB6214,1,22
2026-08-02T10:11:51.494Z,deep_scan,20260802011913_1A-4-7-8-17-28C,30,28C,0,19,M244,AB5767,1,2
2026-08-02T10:11:51.494Z,deep_scan,20260802011913_1A-4-7-8-17-28C,30,28C,0,26,M149,AB4326,1,34
2026-08-02T10:11:51.494Z,deep_scan,20260802011913_1A-4-7-8-17-28C,30,28C,0,27,M145/2,AB5457,1,6
2026-08-02T10:11:51.494Z,deep_scan,20260802011913_1A-4-7-8-17-28C,30,28C,0,35,M62/3,AB4355,1,0
2026-08-02T10:12:21.530Z,deep_scan,20260802011913_1A-4-7-8-17-28C,30,28C,0,3,M71,AB5657,1,23
2026-08-02T10:12:21.530Z,deep_scan,20260802011913_1A-4-7-8-17-28C,30,28C,0,11,M76/1,AB6214,0,24
2026-08-02T10:12:21.530Z,deep_scan,20260802011913_1A-4-7-8-17-28C,30,28C,0,19,M244,AB5767,1,7
2026-08-02T10:12:21.530Z,deep_scan,20260802011913_1A-4-7-8-17-28C,30,28C,0,26,M149,AB4326,0,10
2026-08-02T10:12:21.530Z,deep_scan,20260802011913_1A-4-7-8-17-28C,30,28C,0,27,M145/2,AB5457,0,10
2026-08-02T10:12:21.530Z,deep_scan,20260802011913_1A-4-7-8-17-28C,30,28C,0,35,M62/3,AB4355,1,0
2026-08-02T10:12:51.752Z,deep_scan,20260802011913_1A-4-7-8-17-28C,30,28C,0,3,M71,AB5657,1,16
2026-08-02T10:12:51.752Z,deep_scan,20260802011913_1A-4-7-8-17-28C,30,28C,0,11,M76/1,AB6214,0,24
2026-08-02T10:12:51.752Z,deep_scan,20260802011913_1A-4-7-8-17-28C,30,28C,0,19,M244,AB5767,1,7
2026-08-02T10:12:51.752Z,deep_scan,20260802011913_1A-4-7-8-17-28C,30,28C,0,26,M149,AB4326,0,2
2026-08-02T10:12:51.752Z,deep_scan,20260802011913_1A-4-7-8-17-28C,30,28C,0,28,M165,AB5457,1,8
2026-08-02T10:12:51.752Z,deep_scan,20260802011913_1A-4-7-8-17-28C,30,28C,0,35,M62/3,AB4355,1,0
2026-08-02T10:13:21.479Z,deep_scan,20260802011913_1A-4-7-8-17-28C,30,28C,0,3,M71,AB5657,0,9
2026-08-02T10:13:21.479Z,deep_scan,20260802011913_1A-4-7-8-17-28C,30,28C,0,12,M84/1,AB6214,1,21
2026-08-02T10:13:21.479Z,deep_scan,20260802011913_1A-4-7-8-17-28C,30,28C,0,19,M244,AB5767,0,4
2026-08-02T10:13:21.479Z,deep_scan,20260802011913_1A-4-7-8-17-28C,30,28C,0,27,M145/2,AB4326,1,22
2026-08-02T10:13:21.479Z,deep_scan,20260802011913_1A-4-7-8-17-28C,30,28C,0,28,M165,AB5457,1,6
2026-08-02T10:13:21.479Z,deep_scan,20260802011913_1A-4-7-8-17-28C,30,28C,0,35,M62/3,AB4355,1,0
2026-08-02T10:13:51.499Z,deep_scan,20260802011913_1A-4-7-8-17-28C,30,28C,0,4,M155,AB5657,1,12
2026-08-02T10:13:51.499Z,deep_scan,20260802011913_1A-4-7-8-17-28C,30,28C,0,12,M84/1,AB6214,1,6
2026-08-02T10:13:51.499Z,deep_scan,20260802011913_1A-4-7-8-17-28C,30,28C,0,19,M244,AB5767,0,4
2026-08-02T10:13:51.499Z,deep_scan,20260802011913_1A-4-7-8-17-28C,30,28C,0,27,M145/2,AB4326,1,10
2026-08-02T10:13:51.499Z,deep_scan,20260802011913_1A-4-7-8-17-28C,30,28C,0,28,M165,AB5457,0,2
2026-08-02T10:13:51.499Z,deep_scan,20260802011913_1A-4-7-8-17-28C,30,28C,0,35,M62/3,AB4355,1,0
2026-08-02T10:14:21.786Z,deep_scan,20260802011913_1A-4-7-8-17-28C,30,28C,0,4,M155,AB5657,0,26
2026-08-02T10:14:21.786Z,deep_scan,20260802011913_1A-4-7-8-17-28C,30,28C,0,12,M84/1,AB6214,1,9
2026-08-02T10:14:21.786Z,deep_scan,20260802011913_1A-4-7-8-17-28C,30,28C,0,19,M244,AB5767,0,21
2026-08-02T10:14:21.786Z,deep_scan,20260802011913_1A-4-7-8-17-28C,30,28C,0,27,M145/2,AB4326,0,4
2026-08-02T10:14:21.786Z,deep_scan,20260802011913_1A-4-7-8-17-28C,30,28C,0,29,M163,AB5457,1,20
2026-08-02T10:14:51.495Z,deep_scan,20260802011913_1A-4-7-8-17-28C,30,28C,0,5,M157,AB5657,1,21
2026-08-02T10:14:51.495Z,deep_scan,20260802011913_1A-4-7-8-17-28C,30,28C,0,12,M84/1,AB6214,0,15
2026-08-02T10:14:51.495Z,deep_scan,20260802011913_1A-4-7-8-17-28C,30,28C,0,20,M216,AB5767,1,23
2026-08-02T10:14:51.495Z,deep_scan,20260802011913_1A-4-7-8-17-28C,30,28C,0,28,M165,AB4326,1,26
2026-08-02T10:14:51.495Z,deep_scan,20260802011913_1A-4-7-8-17-28C,30,28C,0,29,M163,AB5457,0,6
2026-08-02T10:15:21.600Z,deep_scan,20260802011913_1A-4-7-8-17-28C,30,28C,0,5,M157,AB5657,1,1
2026-08-02T10:15:21.600Z,deep_scan,20260802011913_1A-4-7-8-17-28C,30,28C,0,12,M84/1,AB6214,0,14
2026-08-02T10:15:21.600Z,deep_scan,20260802011913_1A-4-7-8-17-28C,30,28C,0,20,M216,AB5767,1,1
2026-08-02T10:15:21.600Z,deep_scan,20260802011913_1A-4-7-8-17-28C,30,28C,0,28,M165,AB4326,0,25
2026-08-02T10:15:21.600Z,deep_scan,20260802011913_1A-4-7-8-17-28C,30,28C,0,29,M163,AB5457,0,26
2026-08-02T10:15:51.552Z,deep_scan,20260802011913_1A-4-7-8-17-28C,30,28C,0,5,M157,AB5657,0,22
2026-08-02T10:15:51.552Z,deep_scan,20260802011913_1A-4-7-8-17-28C,30,28C,0,12,M84/1,AB6214,0,10
2026-08-02T10:15:51.552Z,deep_scan,20260802011913_1A-4-7-8-17-28C,30,28C,0,20,M216,AB5767,1,1
2026-08-02T10:15:51.552Z,deep_scan,20260802011913_1A-4-7-8-17-28C,30,28C,0,29,M163,AB4326,1,9
2026-08-02T10:15:51.552Z,deep_scan,20260802011913_1A-4-7-8-17-28C,30,28C,0,30,M160/2,AB5457,1,22
2026-08-02T10:16:21.578Z,deep_scan,20260802011913_1A-4-7-8-17-28C,30,28C,0,6,M163,AB5657,1,19
2026-08-02T10:16:21.578Z,deep_scan,20260802011913_1A-4-7-8-17-28C,30,28C,0,12,M84/1,AB6214,0,10
2026-08-02T10:16:21.578Z,deep_scan,20260802011913_1A-4-7-8-17-28C,30,28C,0,20,M216,AB5767,1,1
2026-08-02T10:16:21.578Z,deep_scan,20260802011913_1A-4-7-8-17-28C,30,28C,0,29,M163,AB4326,0,17
2026-08-02T10:16:21.578Z,deep_scan,20260802011913_1A-4-7-8-17-28C,30,28C,0,30,M160/2,AB5457,1,11
2026-08-02T10:16:51.446Z,deep_scan,20260802011913_1A-4-7-8-17-28C,30,28C,0,6,M163,AB5657,1,2
2026-08-02T10:16:51.446Z,deep_scan,20260802011913_1A-4-7-8-17-28C,30,28C,0,13,M92,AB6214,1,20
2026-08-02T10:16:51.446Z,deep_scan,20260802011913_1A-4-7-8-17-28C,30,28C,0,20,M216,AB5767,1,3
2026-08-02T10:16:51.446Z,deep_scan,20260802011913_1A-4-7-8-17-28C,30,28C,0,30,M160/2,AB5457,1,13
2026-08-02T10:16:51.446Z,deep_scan,20260802011913_1A-4-7-8-17-28C,30,28C,0,30,M160/2,AB4326,1,28
2026-08-02T10:17:21.584Z,deep_scan,20260802011913_1A-4-7-8-17-28C,30,28C,0,7,M164,AB5657,0,26
2026-08-02T10:17:21.584Z,deep_scan,20260802011913_1A-4-7-8-17-28C,30,28C,0,13,M92,AB6214,1,16
2026-08-02T10:17:21.584Z,deep_scan,20260802011913_1A-4-7-8-17-28C,30,28C,0,20,M216,AB5767,1,6
2026-08-02T10:17:21.584Z,deep_scan,20260802011913_1A-4-7-8-17-28C,30,28C,0,30,M160/2,AB4326,0,19
2026-08-02T10:17:21.584Z,deep_scan,20260802011913_1A-4-7-8-17-28C,30,28C,0,31,M158/1,AB5457,1,17
2026-08-02T10:17:51.574Z,deep_scan,20260802011913_1A-4-7-8-17-28C,30,28C,0,7,M164,AB5657,0,31
2026-08-02T10:17:51.574Z,deep_scan,20260802011913_1A-4-7-8-17-28C,30,28C,0,13,M92,AB6214,0,19
2026-08-02T10:17:51.574Z,deep_scan,20260802011913_1A-4-7-8-17-28C,30,28C,0,20,M216,AB5767,0,3
2026-08-02T10:17:51.574Z,deep_scan,20260802011913_1A-4-7-8-17-28C,30,28C,0,31,M158/1,AB5457,1,7
2026-08-02T10:17:51.574Z,deep_scan,20260802011913_1A-4-7-8-17-28C,30,28C,0,31,M158/1,AB4326,1,1
2026-08-02T10:18:21.634Z,deep_scan,20260802011913_1A-4-7-8-17-28C,30,28C,0,8,M151,AB5657,0,29
2026-08-02T10:18:21.634Z,deep_scan,20260802011913_1A-4-7-8-17-28C,30,28C,0,13,M92,AB6214,0,22
2026-08-02T10:18:21.634Z,deep_scan,20260802011913_1A-4-7-8-17-28C,30,28C,0,20,M216,AB5767,0,3
2026-08-02T10:18:21.634Z,deep_scan,20260802011913_1A-4-7-8-17-28C,30,28C,0,31,M158/1,AB5457,1,3
2026-08-02T10:18:21.634Z,deep_scan,20260802011913_1A-4-7-8-17-28C,30,28C,0,31,M158/1,AB4326,1,6
2026-08-02T10:18:51.621Z,deep_scan,20260802011913_1A-4-7-8-17-28C,30,28C,0,8,M151,AB5657,0,4
2026-08-02T10:18:51.621Z,deep_scan,20260802011913_1A-4-7-8-17-28C,30,28C,0,14,M104,AB6214,1,29
2026-08-02T10:18:51.621Z,deep_scan,20260802011913_1A-4-7-8-17-28C,30,28C,0,20,M216,AB5767,0,4
2026-08-02T10:18:51.621Z,deep_scan,20260802011913_1A-4-7-8-17-28C,30,28C,0,31,M158/1,AB5457,1,3
2026-08-02T10:18:51.621Z,deep_scan,20260802011913_1A-4-7-8-17-28C,30,28C,0,31,M158/1,AB4326,1,7
2026-08-02T10:19:21.618Z,deep_scan,20260802011913_1A-4-7-8-17-28C,30,28C,0,9,M150,AB5657,1,11
2026-08-02T10:19:21.618Z,deep_scan,20260802011913_1A-4-7-8-17-28C,30,28C,0,14,M104,AB6214,1,3
2026-08-02T10:19:21.618Z,deep_scan,20260802011913_1A-4-7-8-17-28C,30,28C,0,20,M216,AB5767,0,5
2026-08-02T10:19:21.618Z,deep_scan,20260802011913_1A-4-7-8-17-28C,30,28C,0,31,M158/1,AB5457,0,12
2026-08-02T10:19:21.618Z,deep_scan,20260802011913_1A-4-7-8-17-28C,30,28C,0,31,M158/1,AB4326,0,6
2026-08-02T10:19:51.590Z,deep_scan,20260802011913_1A-4-7-8-17-28C,30,28C,0,9,M150,AB5657,1,5
2026-08-02T10:19:51.590Z,deep_scan,20260802011913_1A-4-7-8-17-28C,30,28C,0,14,M104,AB6214,1,13
2026-08-02T10:19:51.590Z,deep_scan,20260802011913_1A-4-7-8-17-28C,30,28C,0,20,M216,AB5767,0,3
2026-08-02T10:19:51.590Z,deep_scan,20260802011913_1A-4-7-8-17-28C,30,28C,0,31,M158/1,AB4326,0,26
2026-08-02T10:19:51.590Z,deep_scan,20260802011913_1A-4-7-8-17-28C,30,28C,0,32,M161,AB5457,1,26
2026-08-02T10:20:21.629Z,deep_scan,20260802011913_1A-4-7-8-17-28C,30,28C,0,9,M150,AB5657,0,16
2026-08-02T10:20:21.629Z,deep_scan,20260802011913_1A-4-7-8-17-28C,30,28C,0,14,M104,AB6214,0,26
2026-08-02T10:20:21.629Z,deep_scan,20260802011913_1A-4-7-8-17-28C,30,28C,0,20,M216,AB5767,0,33
2026-08-02T10:20:21.629Z,deep_scan,20260802011913_1A-4-7-8-17-28C,30,28C,0,32,M161,AB5457,1,7
2026-08-02T10:20:21.629Z,deep_scan,20260802011913_1A-4-7-8-17-28C,30,28C,0,32,M161,AB4326,1,6
2026-08-02T10:20:51.596Z,deep_scan,20260802011913_1A-4-7-8-17-28C,30,28C,0,10,M148,AB5657,1,28
2026-08-02T10:20:51.596Z,deep_scan,20260802011913_1A-4-7-8-17-28C,30,28C,0,14,M104,AB6214,0,3
2026-08-02T10:20:51.596Z,deep_scan,20260802011913_1A-4-7-8-17-28C,30,28C,0,20,M216,AB5767,0,5
2026-08-02T10:20:51.596Z,deep_scan,20260802011913_1A-4-7-8-17-28C,30,28C,0,32,M161,AB5457,1,4
2026-08-02T10:20:51.596Z,deep_scan,20260802011913_1A-4-7-8-17-28C,30,28C,0,32,M161,AB4326,1,6
2026-08-02T10:21:21.636Z,deep_scan,20260802011913_1A-4-7-8-17-28C,30,28C,0,10,M148,AB5657,0,13
2026-08-02T10:21:21.636Z,deep_scan,20260802011913_1A-4-7-8-17-28C,30,28C,0,15,M43,AB6214,1,8
2026-08-02T10:21:21.636Z,deep_scan,20260802011913_1A-4-7-8-17-28C,30,28C,0,20,M216,AB5767,0,2
2026-08-02T10:21:21.636Z,deep_scan,20260802011913_1A-4-7-8-17-28C,30,28C,0,32,M161,AB5457,0,24
2026-08-02T10:21:21.636Z,deep_scan,20260802011913_1A-4-7-8-17-28C,30,28C,0,32,M161,AB4326,0,15
2026-08-02T10:21:51.617Z,deep_scan,20260802011913_1A-4-7-8-17-28C,30,28C,0,10,M148,AB5657,0,10
2026-08-02T10:21:51.617Z,deep_scan,20260802011913_1A-4-7-8-17-28C,30,28C,0,15,M43,AB6214,0,21
2026-08-02T10:21:51.617Z,deep_scan,20260802011913_1A-4-7-8-17-28C,30,28C,0,20,M216,AB5767,0,10
2026-08-02T10:21:51.617Z,deep_scan,20260802011913_1A-4-7-8-17-28C,30,28C,0,32,M161,AB4326,0,4
2026-08-02T10:21:51.617Z,deep_scan,20260802011913_1A-4-7-8-17-28C,30,28C,0,33,M70,AB5457,1,8
2026-08-02T10:22:21.675Z,deep_scan,20260802011913_1A-4-7-8-17-28C,30,28C,0,10,M148,AB5657,0,19
2026-08-02T10:22:21.675Z,deep_scan,20260802011913_1A-4-7-8-17-28C,30,28C,0,15,M43,AB6214,0,30
2026-08-02T10:22:21.675Z,deep_scan,20260802011913_1A-4-7-8-17-28C,30,28C,0,21,M225,AB5767,1,16
2026-08-02T10:22:21.675Z,deep_scan,20260802011913_1A-4-7-8-17-28C,30,28C,0,32,M161,AB4326,0,12
2026-08-02T10:22:21.675Z,deep_scan,20260802011913_1A-4-7-8-17-28C,30,28C,0,33,M70,AB5457,0,35
2026-08-02T10:22:51.542Z,deep_scan,20260802011913_1A-4-7-8-17-28C,30,28C,0,10,M148,AB5657,0,25
2026-08-02T10:22:51.542Z,deep_scan,20260802011913_1A-4-7-8-17-28C,30,28C,0,16,M40,AB6214,1,28
2026-08-02T10:22:51.542Z,deep_scan,20260802011913_1A-4-7-8-17-28C,30,28C,0,21,M225,AB5767,1,9
2026-08-02T10:22:51.542Z,deep_scan,20260802011913_1A-4-7-8-17-28C,30,28C,0,33,M70,AB4326,0,22
2026-08-02T10:22:51.542Z,deep_scan,20260802011913_1A-4-7-8-17-28C,30,28C,0,34,M118,AB5457,1,23
2026-08-02T10:23:21.655Z,deep_scan,20260802011913_1A-4-7-8-17-28C,30,28C,0,10,M148,AB5657,0,13
2026-08-02T10:23:21.655Z,deep_scan,20260802011913_1A-4-7-8-17-28C,30,28C,0,16,M40,AB6214,1,11
2026-08-02T10:23:21.655Z,deep_scan,20260802011913_1A-4-7-8-17-28C,30,28C,0,21,M225,AB5767,0,5
2026-08-02T10:23:21.655Z,deep_scan,20260802011913_1A-4-7-8-17-28C,30,28C,0,34,M118,AB5457,1,6
2026-08-02T10:23:21.655Z,deep_scan,20260802011913_1A-4-7-8-17-28C,30,28C,0,34,M118,AB4326,1,19
2026-08-02T10:23:51.593Z,deep_scan,20260802011913_1A-4-7-8-17-28C,30,28C,0,10,M148,AB5657,0,13
2026-08-02T10:23:51.593Z,deep_scan,20260802011913_1A-4-7-8-17-28C,30,28C,0,16,M40,AB6214,0,19
2026-08-02T10:23:51.593Z,deep_scan,20260802011913_1A-4-7-8-17-28C,30,28C,0,21,M225,AB5767,0,35
2026-08-02T10:23:51.593Z,deep_scan,20260802011913_1A-4-7-8-17-28C,30,28C,0,34,M118,AB5457,1,12
2026-08-02T10:23:51.593Z,deep_scan,20260802011913_1A-4-7-8-17-28C,30,28C,0,34,M118,AB4326,1,10
2026-08-02T10:24:21.596Z,deep_scan,20260802011913_1A-4-7-8-17-28C,30,28C,0,11,M76/1,AB5657,1,17
2026-08-02T10:24:21.596Z,deep_scan,20260802011913_1A-4-7-8-17-28C,30,28C,0,16,M40,AB6214,0,27
2026-08-02T10:24:21.596Z,deep_scan,20260802011913_1A-4-7-8-17-28C,30,28C,0,21,M225,AB5767,0,1
2026-08-02T10:24:21.596Z,deep_scan,20260802011913_1A-4-7-8-17-28C,30,28C,0,34,M118,AB5457,1,12
2026-08-02T10:24:21.596Z,deep_scan,20260802011913_1A-4-7-8-17-28C,30,28C,0,34,M118,AB4326,1,10
2026-08-02T10:24:51.587Z,deep_scan,20260802011913_1A-4-7-8-17-28C,30,28C,0,11,M76/1,AB5657,1,10
2026-08-02T10:24:51.587Z,deep_scan,20260802011913_1A-4-7-8-17-28C,30,28C,0,17,M28/2,AB6214,1,9
2026-08-02T10:24:51.587Z,deep_scan,20260802011913_1A-4-7-8-17-28C,30,28C,0,21,M225,AB5767,0,1
2026-08-02T10:24:51.587Z,deep_scan,20260802011913_1A-4-7-8-17-28C,30,28C,0,34,M118,AB5457,1,12
2026-08-02T10:24:51.587Z,deep_scan,20260802011913_1A-4-7-8-17-28C,30,28C,0,34,M118,AB4326,1,9
2026-08-02T10:25:21.596Z,deep_scan,20260802011913_1A-4-7-8-17-28C,30,28C,0,11,M76/1,AB5657,1,1
2026-08-02T10:25:21.596Z,deep_scan,20260802011913_1A-4-7-8-17-28C,30,28C,0,17,M28/2,AB6214,0,9
2026-08-02T10:25:21.596Z,deep_scan,20260802011913_1A-4-7-8-17-28C,30,28C,0,21,M225,AB5767,0,18
2026-08-02T10:25:21.596Z,deep_scan,20260802011913_1A-4-7-8-17-28C,30,28C,0,34,M118,AB4326,0,26
2026-08-02T10:25:21.596Z,deep_scan,20260802011913_1A-4-7-8-17-28C,30,28C,0,35,M62/3,AB5457,1,0
2026-08-02T10:25:51.608Z,deep_scan,20260802011913_1A-4-7-8-17-28C,30,28C,0,11,M76/1,AB5657,1,9
2026-08-02T10:25:51.608Z,deep_scan,20260802011913_1A-4-7-8-17-28C,30,28C,0,17,M28/2,AB6214,0,9
2026-08-02T10:25:51.608Z,deep_scan,20260802011913_1A-4-7-8-17-28C,30,28C,0,21,M225,AB5767,0,40
2026-08-02T10:25:51.608Z,deep_scan,20260802011913_1A-4-7-8-17-28C,30,28C,0,34,M118,AB4326,0,15
2026-08-02T10:25:51.608Z,deep_scan,20260802011913_1A-4-7-8-17-28C,30,28C,0,35,M62/3,AB5457,1,0
2026-08-02T10:26:21.648Z,deep_scan,20260802011913_1A-4-7-8-17-28C,30,28C,0,12,M84/1,AB5657,1,15
2026-08-02T10:26:21.648Z,deep_scan,20260802011913_1A-4-7-8-17-28C,30,28C,0,17,M28/2,AB6214,0,24
2026-08-02T10:26:21.648Z,deep_scan,20260802011913_1A-4-7-8-17-28C,30,28C,0,22,M16/2,AB5767,1,26
2026-08-02T10:26:21.648Z,deep_scan,20260802011913_1A-4-7-8-17-28C,30,28C,0,34,M118,AB4326,0,15
2026-08-02T10:26:21.648Z,deep_scan,20260802011913_1A-4-7-8-17-28C,30,28C,0,35,M62/3,AB5457,1,0
2026-08-02T10:26:51.622Z,deep_scan,20260802011913_1A-4-7-8-17-28C,30,28C,0,12,M84/1,AB5657,1,16
2026-08-02T10:26:51.622Z,deep_scan,20260802011913_1A-4-7-8-17-28C,30,28C,0,18,M227,AB6214,1,6
2026-08-02T10:26:51.622Z,deep_scan,20260802011913_1A-4-7-8-17-28C,30,28C,0,22,M16/2,AB5767,1,2
2026-08-02T10:26:51.622Z,deep_scan,20260802011913_1A-4-7-8-17-28C,30,28C,0,35,M62/3,AB5457,1,0
2026-08-02T10:26:51.622Z,deep_scan,20260802011913_1A-4-7-8-17-28C,30,28C,0,35,M62/3,AB4326,1,0
2026-08-02T10:27:21.571Z,deep_scan,20260802011913_1A-4-7-8-17-28C,30,28C,0,12,M84/1,AB5657,1,16
2026-08-02T10:27:21.571Z,deep_scan,20260802011913_1A-4-7-8-17-28C,30,28C,0,18,M227,AB6214,1,6
2026-08-02T10:27:21.571Z,deep_scan,20260802011913_1A-4-7-8-17-28C,30,28C,0,22,M16/2,AB5767,1,2
2026-08-02T10:27:21.571Z,deep_scan,20260802011913_1A-4-7-8-17-28C,30,28C,0,35,M62/3,AB5457,1,0
2026-08-02T10:27:21.571Z,deep_scan,20260802011913_1A-4-7-8-17-28C,30,28C,0,35,M62/3,AB4326,1,0
2026-08-02T10:27:51.576Z,deep_scan,20260802011913_1A-4-7-8-17-28C,30,28C,0,12,M84/1,AB5657,0,4
2026-08-02T10:27:51.576Z,deep_scan,20260802011913_1A-4-7-8-17-28C,30,28C,0,18,M227,AB6214,0,38
2026-08-02T10:27:51.576Z,deep_scan,20260802011913_1A-4-7-8-17-28C,30,28C,0,22,M16/2,AB5767,1,2
2026-08-02T10:27:51.576Z,deep_scan,20260802011913_1A-4-7-8-17-28C,30,28C,0,35,M62/3,AB5457,1,0
2026-08-02T10:27:51.576Z,deep_scan,20260802011913_1A-4-7-8-17-28C,30,28C,0,35,M62/3,AB4326,1,0
2026-08-02T10:28:21.632Z,deep_scan,20260802011913_1A-4-7-8-17-28C,30,28C,0,12,M84/1,AB5657,0,4
2026-08-02T10:28:21.632Z,deep_scan,20260802011913_1A-4-7-8-17-28C,30,28C,0,19,M244,AB6214,1,22
2026-08-02T10:28:21.632Z,deep_scan,20260802011913_1A-4-7-8-17-28C,30,28C,0,23,M98,AB5767,1,12
2026-08-02T10:28:21.632Z,deep_scan,20260802011913_1A-4-7-8-17-28C,30,28C,0,35,M62/3,AB5457,1,0
2026-08-02T10:28:21.632Z,deep_scan,20260802011913_1A-4-7-8-17-28C,30,28C,0,35,M62/3,AB4326,1,0
2026-08-02T10:28:51.628Z,deep_scan,20260802011913_1A-4-7-8-17-28C,30,28C,0,12,M84/1,AB5657,0,10
2026-08-02T10:28:51.628Z,deep_scan,20260802011913_1A-4-7-8-17-28C,30,28C,0,19,M244,AB6214,1,5
2026-08-02T10:28:51.628Z,deep_scan,20260802011913_1A-4-7-8-17-28C,30,28C,0,23,M98,AB5767,1,6
2026-08-02T10:28:51.628Z,deep_scan,20260802011913_1A-4-7-8-17-28C,30,28C,0,35,M62/3,AB5457,1,0
2026-08-02T10:28:51.628Z,deep_scan,20260802011913_1A-4-7-8-17-28C,30,28C,0,35,M62/3,AB4326,1,0
2026-08-02T10:29:21.572Z,deep_scan,20260802011913_1A-4-7-8-17-28C,30,28C,0,13,M92,AB5657,1,9
2026-08-02T10:29:21.572Z,deep_scan,20260802011913_1A-4-7-8-17-28C,30,28C,0,19,M244,AB6214,1,5
2026-08-02T10:29:21.572Z,deep_scan,20260802011913_1A-4-7-8-17-28C,30,28C,0,23,M98,AB5767,1,6
2026-08-02T10:29:21.572Z,deep_scan,20260802011913_1A-4-7-8-17-28C,30,28C,0,35,M62/3,AB5457,1,0
2026-08-02T10:29:21.572Z,deep_scan,20260802011913_1A-4-7-8-17-28C,30,28C,0,35,M62/3,AB4326,1,0
2026-08-02T10:29:51.547Z,deep_scan,20260802011913_1A-4-7-8-17-28C,30,28C,0,13,M92,AB5657,0,9
2026-08-02T10:29:51.547Z,deep_scan,20260802011913_1A-4-7-8-17-28C,30,28C,0,19,M244,AB6214,0,22
2026-08-02T10:29:51.547Z,deep_scan,20260802011913_1A-4-7-8-17-28C,30,28C,0,23,M98,AB5767,1,15
2026-08-02T10:29:51.547Z,deep_scan,20260802011913_1A-4-7-8-17-28C,30,28C,0,35,M62/3,AB4326,1,0
2026-08-02T10:30:21.563Z,deep_scan,20260802011913_1A-4-7-8-17-28C,30,28C,0,13,M92,AB5657,0,3
2026-08-02T10:30:21.563Z,deep_scan,20260802011913_1A-4-7-8-17-28C,30,28C,0,19,M244,AB6214,0,22
2026-08-02T10:30:21.563Z,deep_scan,20260802011913_1A-4-7-8-17-28C,30,28C,0,23,M98,AB5767,1,22
2026-08-02T10:30:21.563Z,deep_scan,20260802011913_1A-4-7-8-17-28C,30,28C,0,35,M62/3,AB4326,1,0
2026-08-02T10:30:51.645Z,deep_scan,20260802011913_1A-4-7-8-17-28C,30,28C,0,13,M92,AB5657,0,21
2026-08-02T10:30:51.645Z,deep_scan,20260802011913_1A-4-7-8-17-28C,30,28C,0,19,M244,AB6214,0,5
2026-08-02T10:30:51.645Z,deep_scan,20260802011913_1A-4-7-8-17-28C,30,28C,0,23,M98,AB5767,0,12
2026-08-02T10:30:51.645Z,deep_scan,20260802011913_1A-4-7-8-17-28C,30,28C,0,35,M62/3,AB4326,1,0
2026-08-02T10:31:21.579Z,deep_scan,20260802011913_1A-4-7-8-17-28C,30,28C,0,14,M104,AB5657,1,5
2026-08-02T10:31:21.579Z,deep_scan,20260802011913_1A-4-7-8-17-28C,30,28C,0,20,M216,AB6214,1,12
2026-08-02T10:31:21.579Z,deep_scan,20260802011913_1A-4-7-8-17-28C,30,28C,0,23,M98,AB5767,0,1
2026-08-02T10:31:51.610Z,deep_scan,20260802011913_1A-4-7-8-17-28C,30,28C,0,14,M104,AB5657,1,10
2026-08-02T10:31:51.610Z,deep_scan,20260802011913_1A-4-7-8-17-28C,30,28C,0,20,M216,AB6214,1,6
2026-08-02T10:31:51.610Z,deep_scan,20260802011913_1A-4-7-8-17-28C,30,28C,0,23,M98,AB5767,0,1
2026-08-02T10:32:21.610Z,deep_scan,20260802011913_1A-4-7-8-17-28C,30,28C,0,8,M151,AB4355,1,9
2026-08-02T10:32:21.610Z,deep_scan,20260802011913_1A-4-7-8-17-28C,30,28C,0,14,M104,AB5657,1,4
2026-08-02T10:32:21.610Z,deep_scan,20260802011913_1A-4-7-8-17-28C,30,28C,0,20,M216,AB6214,1,6
2026-08-02T10:32:21.610Z,deep_scan,20260802011913_1A-4-7-8-17-28C,30,28C,0,24,M88,AB5767,1,18
2026-08-02T10:32:51.578Z,deep_scan,20260802011913_1A-4-7-8-17-28C,30,28C,0,8,M151,AB4355,0,13
2026-08-02T10:32:51.578Z,deep_scan,20260802011913_1A-4-7-8-17-28C,30,28C,0,14,M104,AB5657,0,29
2026-08-02T10:32:51.578Z,deep_scan,20260802011913_1A-4-7-8-17-28C,30,28C,0,20,M216,AB6214,0,3
2026-08-02T10:32:51.578Z,deep_scan,20260802011913_1A-4-7-8-17-28C,30,28C,0,24,M88,AB5767,1,15
2026-08-02T10:33:21.604Z,deep_scan,20260802011913_1A-4-7-8-17-28C,30,28C,0,9,M150,AB4355,1,14
2026-08-02T10:33:21.604Z,deep_scan,20260802011913_1A-4-7-8-17-28C,30,28C,0,15,M43,AB5657,0,29
2026-08-02T10:33:21.604Z,deep_scan,20260802011913_1A-4-7-8-17-28C,30,28C,0,20,M216,AB6214,0,3
2026-08-02T10:33:21.604Z,deep_scan,20260802011913_1A-4-7-8-17-28C,30,28C,0,24,M88,AB5767,1,18
2026-08-02T10:33:51.639Z,deep_scan,20260802011913_1A-4-7-8-17-28C,30,28C,0,9,M150,AB4355,1,18
2026-08-02T10:33:51.639Z,deep_scan,20260802011913_1A-4-7-8-17-28C,30,28C,0,15,M43,AB5657,0,25
2026-08-02T10:33:51.639Z,deep_scan,20260802011913_1A-4-7-8-17-28C,30,28C,0,20,M216,AB6214,0,33
2026-08-02T10:33:51.639Z,deep_scan,20260802011913_1A-4-7-8-17-28C,30,28C,0,24,M88,AB5767,1,2
2026-08-02T10:34:21.552Z,deep_scan,20260802011913_1A-4-7-8-17-28C,30,28C,0,9,M150,AB4355,1,18
2026-08-02T10:34:21.552Z,deep_scan,20260802011913_1A-4-7-8-17-28C,30,28C,0,16,M40,AB5657,1,7
2026-08-02T10:34:21.552Z,deep_scan,20260802011913_1A-4-7-8-17-28C,30,28C,0,20,M216,AB6214,0,32
2026-08-02T10:34:21.552Z,deep_scan,20260802011913_1A-4-7-8-17-28C,30,28C,0,24,M88,AB5767,1,7
2026-08-02T10:34:51.624Z,deep_scan,20260802011913_1A-4-7-8-17-28C,30,28C,0,9,M150,AB4355,0,10
2026-08-02T10:34:51.624Z,deep_scan,20260802011913_1A-4-7-8-17-28C,30,28C,0,16,M40,AB5657,0,2
2026-08-02T10:34:51.624Z,deep_scan,20260802011913_1A-4-7-8-17-28C,30,28C,0,20,M216,AB6214,0,2
2026-08-02T10:34:51.624Z,deep_scan,20260802011913_1A-4-7-8-17-28C,30,28C,0,24,M88,AB5767,0,20
2026-08-02T10:35:21.524Z,deep_scan,20260802011913_1A-4-7-8-17-28C,30,28C,0,9,M150,AB4355,0,19
2026-08-02T10:35:21.524Z,deep_scan,20260802011913_1A-4-7-8-17-28C,30,28C,0,16,M40,AB5657,0,2
2026-08-02T10:35:21.524Z,deep_scan,20260802011913_1A-4-7-8-17-28C,30,28C,0,21,M225,AB6214,1,20
2026-08-02T10:35:21.524Z,deep_scan,20260802011913_1A-4-7-8-17-28C,30,28C,0,24,M88,AB5767,0,3
2026-08-02T10:35:51.483Z,deep_scan,20260802011913_1A-4-7-8-17-28C,30,28C,0,10,M148,AB4355,1,14
2026-08-02T10:35:51.483Z,deep_scan,20260802011913_1A-4-7-8-17-28C,30,28C,0,16,M40,AB5657,0,30
2026-08-02T10:35:51.483Z,deep_scan,20260802011913_1A-4-7-8-17-28C,30,28C,0,21,M225,AB6214,1,3
2026-08-02T10:35:51.483Z,deep_scan,20260802011913_1A-4-7-8-17-28C,30,28C,0,24,M88,AB5767,0,3
2026-08-02T10:36:21.601Z,deep_scan,20260802011913_1A-4-7-8-17-28C,30,28C,0,10,M148,AB4355,1,15
2026-08-02T10:36:21.601Z,deep_scan,20260802011913_1A-4-7-8-17-28C,30,28C,0,17,M28/2,AB5657,1,6
2026-08-02T10:36:21.601Z,deep_scan,20260802011913_1A-4-7-8-17-28C,30,28C,0,21,M225,AB6214,1,2
2026-08-02T10:36:21.601Z,deep_scan,20260802011913_1A-4-7-8-17-28C,30,28C,0,24,M88,AB5767,0,32
2026-08-02T10:36:51.644Z,deep_scan,20260802011913_1A-4-7-8-17-28C,30,28C,0,0,M62/3,AB4326,1,4
2026-08-02T10:36:51.644Z,deep_scan,20260802011913_1A-4-7-8-17-28C,30,28C,0,10,M148,AB4355,0,6
2026-08-02T10:36:51.644Z,deep_scan,20260802011913_1A-4-7-8-17-28C,30,28C,0,17,M28/2,AB5657,1,20
2026-08-02T10:36:51.644Z,deep_scan,20260802011913_1A-4-7-8-17-28C,30,28C,0,21,M225,AB6214,0,2
2026-08-02T10:36:51.644Z,deep_scan,20260802011913_1A-4-7-8-17-28C,30,28C,0,25,M72,AB5767,1,15
2026-08-02T10:37:21.612Z,deep_scan,20260802011913_1A-4-7-8-17-28C,30,28C,0,0,M62/3,AB4326,1,11
2026-08-02T10:37:21.612Z,deep_scan,20260802011913_1A-4-7-8-17-28C,30,28C,0,10,M148,AB4355,0,16
2026-08-02T10:37:21.612Z,deep_scan,20260802011913_1A-4-7-8-17-28C,30,28C,0,17,M28/2,AB5657,0,2
2026-08-02T10:37:21.612Z,deep_scan,20260802011913_1A-4-7-8-17-28C,30,28C,0,21,M225,AB6214,0,19
2026-08-02T10:37:21.612Z,deep_scan,20260802011913_1A-4-7-8-17-28C,30,28C,0,25,M72,AB5767,1,24
2026-08-02T10:37:51.627Z,deep_scan,20260802011913_1A-4-7-8-17-28C,30,28C,0,0,M62/3,AB4326,0,20
2026-08-02T10:37:51.627Z,deep_scan,20260802011913_1A-4-7-8-17-28C,30,28C,0,10,M148,AB4355,0,15
2026-08-02T10:37:51.627Z,deep_scan,20260802011913_1A-4-7-8-17-28C,30,28C,0,17,M28/2,AB5657,0,13
2026-08-02T10:37:51.627Z,deep_scan,20260802011913_1A-4-7-8-17-28C,30,28C,0,21,M225,AB6214,0,30
2026-08-02T10:37:51.627Z,deep_scan,20260802011913_1A-4-7-8-17-28C,30,28C,0,26,M149,AB5767,1,26
2026-08-02T10:38:21.751Z,deep_scan,20260802011913_1A-4-7-8-17-28C,30,28C,0,0,M62/3,AB4326,0,34
2026-08-02T10:38:21.751Z,deep_scan,20260802011913_1A-4-7-8-17-28C,30,28C,0,10,M148,AB4355,0,21
2026-08-02T10:38:21.751Z,deep_scan,20260802011913_1A-4-7-8-17-28C,30,28C,0,17,M28/2,AB5657,0,9
2026-08-02T10:38:21.751Z,deep_scan,20260802011913_1A-4-7-8-17-28C,30,28C,0,21,M225,AB6214,0,28
2026-08-02T10:38:21.751Z,deep_scan,20260802011913_1A-4-7-8-17-28C,30,28C,0,26,M149,AB5767,0,10
2026-08-02T10:38:51.666Z,deep_scan,20260802011913_1A-4-7-8-17-28C,30,28C,0,1,M117,AB4326,0,33
2026-08-02T10:38:51.666Z,deep_scan,20260802011913_1A-4-7-8-17-28C,30,28C,0,10,M148,AB4355,0,17
2026-08-02T10:38:51.666Z,deep_scan,20260802011913_1A-4-7-8-17-28C,30,28C,0,18,M227,AB5657,1,12
2026-08-02T10:38:51.666Z,deep_scan,20260802011913_1A-4-7-8-17-28C,30,28C,0,21,M225,AB6214,0,36
2026-08-02T10:38:51.666Z,deep_scan,20260802011913_1A-4-7-8-17-28C,30,28C,0,26,M149,AB5767,0,3
2026-08-02T10:39:21.673Z,deep_scan,20260802011913_1A-4-7-8-17-28C,30,28C,0,2,M241,AB4326,1,14
2026-08-02T10:39:21.673Z,deep_scan,20260802011913_1A-4-7-8-17-28C,30,28C,0,11,M76/1,AB4355,1,4
2026-08-02T10:39:21.673Z,deep_scan,20260802011913_1A-4-7-8-17-28C,30,28C,0,18,M227,AB5657,0,27
2026-08-02T10:39:21.673Z,deep_scan,20260802011913_1A-4-7-8-17-28C,30,28C,0,22,M16/2,AB6214,1,32
2026-08-02T10:39:21.673Z,deep_scan,20260802011913_1A-4-7-8-17-28C,30,28C,0,26,M149,AB5767,0,14
2026-08-02T10:39:51.653Z,deep_scan,20260802011913_1A-4-7-8-17-28C,30,28C,0,2,M241,AB4326,1,16
2026-08-02T10:39:51.653Z,deep_scan,20260802011913_1A-4-7-8-17-28C,30,28C,0,11,M76/1,AB4355,1,5
2026-08-02T10:39:51.653Z,deep_scan,20260802011913_1A-4-7-8-17-28C,30,28C,0,19,M244,AB5657,1,14
2026-08-02T10:39:51.653Z,deep_scan,20260802011913_1A-4-7-8-17-28C,30,28C,0,22,M16/2,AB6214,1,32
2026-08-02T10:39:51.653Z,deep_scan,20260802011913_1A-4-7-8-17-28C,30,28C,0,27,M145/2,AB5767,1,15
2026-08-02T10:40:21.737Z,deep_scan,20260802011913_1A-4-7-8-17-28C,30,28C,0,2,M241,AB4326,0,15
2026-08-02T10:40:21.737Z,deep_scan,20260802011913_1A-4-7-8-17-28C,30,28C,0,11,M76/1,AB4355,1,5
2026-08-02T10:40:21.737Z,deep_scan,20260802011913_1A-4-7-8-17-28C,30,28C,0,19,M244,AB5657,1,23
2026-08-02T10:40:21.737Z,deep_scan,20260802011913_1A-4-7-8-17-28C,30,28C,0,22,M16/2,AB6214,1,32
2026-08-02T10:40:21.737Z,deep_scan,20260802011913_1A-4-7-8-17-28C,30,28C,0,27,M145/2,AB5767,1,2
2026-08-02T10:40:51.660Z,deep_scan,20260802011913_1A-4-7-8-17-28C,30,28C,0,3,M71,AB4326,1,6
2026-08-02T10:40:51.660Z,deep_scan,20260802011913_1A-4-7-8-17-28C,30,28C,0,11,M76/1,AB4355,0,21
2026-08-02T10:40:51.660Z,deep_scan,20260802011913_1A-4-7-8-17-28C,30,28C,0,19,M244,AB5657,1,5
2026-08-02T10:40:51.660Z,deep_scan,20260802011913_1A-4-7-8-17-28C,30,28C,0,22,M16/2,AB6214,0,27
2026-08-02T10:40:51.660Z,deep_scan,20260802011913_1A-4-7-8-17-28C,30,28C,0,27,M145/2,AB5767,0,14
2026-08-02T10:41:21.652Z,deep_scan,20260802011913_1A-4-7-8-17-28C,30,28C,0,3,M71,AB4326,1,6
2026-08-02T10:41:21.652Z,deep_scan,20260802011913_1A-4-7-8-17-28C,30,28C,0,12,M84/1,AB4355,1,10
2026-08-02T10:41:21.652Z,deep_scan,20260802011913_1A-4-7-8-17-28C,30,28C,0,19,M244,AB5657,1,5
2026-08-02T10:41:21.652Z,deep_scan,20260802011913_1A-4-7-8-17-28C,30,28C,0,23,M98,AB6214,1,11
2026-08-02T10:41:21.652Z,deep_scan,20260802011913_1A-4-7-8-17-28C,30,28C,0,28,M165,AB5767,1,7
2026-08-02T10:41:51.676Z,deep_scan,20260802011913_1A-4-7-8-17-28C,30,28C,0,3,M71,AB4326,0,9
2026-08-02T10:41:51.676Z,deep_scan,20260802011913_1A-4-7-8-17-28C,30,28C,0,12,M84/1,AB4355,1,11
2026-08-02T10:41:51.676Z,deep_scan,20260802011913_1A-4-7-8-17-28C,30,28C,0,19,M244,AB5657,0,6
2026-08-02T10:41:51.676Z,deep_scan,20260802011913_1A-4-7-8-17-28C,30,28C,0,23,M98,AB6214,1,11
2026-08-02T10:41:51.676Z,deep_scan,20260802011913_1A-4-7-8-17-28C,30,28C,0,28,M165,AB5767,0,3
2026-08-02T10:42:21.691Z,deep_scan,20260802011913_1A-4-7-8-17-28C,30,28C,0,4,M155,AB4326,1,8
2026-08-02T10:42:21.691Z,deep_scan,20260802011913_1A-4-7-8-17-28C,30,28C,0,12,M84/1,AB4355,1,11
2026-08-02T10:42:21.691Z,deep_scan,20260802011913_1A-4-7-8-17-28C,30,28C,0,19,M244,AB5657,0,29
2026-08-02T10:42:21.691Z,deep_scan,20260802011913_1A-4-7-8-17-28C,30,28C,0,23,M98,AB6214,1,11
2026-08-02T10:42:21.691Z,deep_scan,20260802011913_1A-4-7-8-17-28C,30,28C,0,28,M165,AB5767,0,33
2026-08-02T10:42:51.695Z,deep_scan,20260802011913_1A-4-7-8-17-28C,30,28C,0,4,M155,AB4326,0,20
2026-08-02T10:42:51.695Z,deep_scan,20260802011913_1A-4-7-8-17-28C,30,28C,0,12,M84/1,AB4355,1,4
2026-08-02T10:42:51.695Z,deep_scan,20260802011913_1A-4-7-8-17-28C,30,28C,0,20,M216,AB5657,1,6
2026-08-02T10:42:51.695Z,deep_scan,20260802011913_1A-4-7-8-17-28C,30,28C,0,23,M98,AB6214,1,17
2026-08-02T10:42:51.695Z,deep_scan,20260802011913_1A-4-7-8-17-28C,30,28C,0,29,M163,AB5767,1,6
2026-08-02T10:43:21.728Z,deep_scan,20260802011913_1A-4-7-8-17-28C,30,28C,0,5,M157,AB4326,1,33
2026-08-02T10:43:21.728Z,deep_scan,20260802011913_1A-4-7-8-17-28C,30,28C,0,12,M84/1,AB4355,0,13
2026-08-02T10:43:21.728Z,deep_scan,20260802011913_1A-4-7-8-17-28C,30,28C,0,20,M216,AB5657,0,19
2026-08-02T10:43:21.728Z,deep_scan,20260802011913_1A-4-7-8-17-28C,30,28C,0,23,M98,AB6214,1,27
2026-08-02T10:43:21.728Z,deep_scan,20260802011913_1A-4-7-8-17-28C,30,28C,0,29,M163,AB5767,0,11
2026-08-02T10:43:51.674Z,deep_scan,20260802011913_1A-4-7-8-17-28C,30,28C,0,5,M157,AB4326,1,11
2026-08-02T10:43:51.674Z,deep_scan,20260802011913_1A-4-7-8-17-28C,30,28C,0,12,M84/1,AB4355,0,7
2026-08-02T10:43:51.674Z,deep_scan,20260802011913_1A-4-7-8-17-28C,30,28C,0,20,M216,AB5657,0,37
2026-08-02T10:43:51.674Z,deep_scan,20260802011913_1A-4-7-8-17-28C,30,28C,0,23,M98,AB6214,0,9
2026-08-02T10:43:51.674Z,deep_scan,20260802011913_1A-4-7-8-17-28C,30,28C,0,29,M163,AB5767,0,19
2026-08-02T10:44:21.752Z,deep_scan,20260802011913_1A-4-7-8-17-28C,30,28C,0,5,M157,AB4326,1,11
2026-08-02T10:44:21.752Z,deep_scan,20260802011913_1A-4-7-8-17-28C,30,28C,0,12,M84/1,AB4355,0,10
2026-08-02T10:44:21.752Z,deep_scan,20260802011913_1A-4-7-8-17-28C,30,28C,0,20,M216,AB5657,0,14
2026-08-02T10:44:21.752Z,deep_scan,20260802011913_1A-4-7-8-17-28C,30,28C,0,23,M98,AB6214,0,6
2026-08-02T10:44:21.752Z,deep_scan,20260802011913_1A-4-7-8-17-28C,30,28C,0,30,M160/2,AB5767,1,2
2026-08-02T10:44:51.748Z,deep_scan,20260802011913_1A-4-7-8-17-28C,30,28C,0,5,M157,AB4326,1,13
2026-08-02T10:44:51.748Z,deep_scan,20260802011913_1A-4-7-8-17-28C,30,28C,0,13,M92,AB4355,1,19
2026-08-02T10:44:51.748Z,deep_scan,20260802011913_1A-4-7-8-17-28C,30,28C,0,20,M216,AB5657,0,11
2026-08-02T10:44:51.748Z,deep_scan,20260802011913_1A-4-7-8-17-28C,30,28C,0,24,M88,AB6214,1,23
2026-08-02T10:44:51.748Z,deep_scan,20260802011913_1A-4-7-8-17-28C,30,28C,0,31,M158/1,AB5767,1,18
2026-08-02T10:45:21.731Z,deep_scan,20260802011913_1A-4-7-8-17-28C,30,28C,0,5,M157,AB4326,0,26
2026-08-02T10:45:21.731Z,deep_scan,20260802011913_1A-4-7-8-17-28C,30,28C,0,13,M92,AB4355,1,21
2026-08-02T10:45:21.731Z,deep_scan,20260802011913_1A-4-7-8-17-28C,30,28C,0,21,M225,AB5657,1,28
2026-08-02T10:45:21.731Z,deep_scan,20260802011913_1A-4-7-8-17-28C,30,28C,0,24,M88,AB6214,0,22
2026-08-02T10:45:21.731Z,deep_scan,20260802011913_1A-4-7-8-17-28C,30,28C,0,31,M158/1,AB5767,1,6
2026-08-02T10:45:51.772Z,deep_scan,20260802011913_1A-4-7-8-17-28C,30,28C,0,6,M163,AB4326,1,15
2026-08-02T10:45:51.772Z,deep_scan,20260802011913_1A-4-7-8-17-28C,30,28C,0,13,M92,AB4355,0,12
2026-08-02T10:45:51.772Z,deep_scan,20260802011913_1A-4-7-8-17-28C,30,28C,0,21,M225,AB5657,1,2
2026-08-02T10:45:51.772Z,deep_scan,20260802011913_1A-4-7-8-17-28C,30,28C,0,24,M88,AB6214,0,17
2026-08-02T10:45:51.772Z,deep_scan,20260802011913_1A-4-7-8-17-28C,30,28C,0,31,M158/1,AB5767,1,5
2026-08-02T10:46:21.808Z,deep_scan,20260802011913_1A-4-7-8-17-28C,30,28C,0,6,M163,AB4326,1,1
2026-08-02T10:46:21.808Z,deep_scan,20260802011913_1A-4-7-8-17-28C,30,28C,0,13,M92,AB4355,0,21
2026-08-02T10:46:21.808Z,deep_scan,20260802011913_1A-4-7-8-17-28C,30,28C,0,21,M225,AB5657,0,18
2026-08-02T10:46:21.808Z,deep_scan,20260802011913_1A-4-7-8-17-28C,30,28C,0,24,M88,AB6214,0,17
2026-08-02T10:46:21.808Z,deep_scan,20260802011913_1A-4-7-8-17-28C,30,28C,0,31,M158/1,AB5767,1,3
2026-08-02T10:46:51.731Z,deep_scan,20260802011913_1A-4-7-8-17-28C,30,28C,0,7,M164,AB4326,1,30
2026-08-02T10:46:51.731Z,deep_scan,20260802011913_1A-4-7-8-17-28C,30,28C,0,14,M104,AB4355,1,30
2026-08-02T10:46:51.731Z,deep_scan,20260802011913_1A-4-7-8-17-28C,30,28C,0,21,M225,AB5657,0,10
2026-08-02T10:46:51.731Z,deep_scan,20260802011913_1A-4-7-8-17-28C,30,28C,0,24,M88,AB6214,0,17
2026-08-02T10:46:51.731Z,deep_scan,20260802011913_1A-4-7-8-17-28C,30,28C,0,31,M158/1,AB5767,0,26
2026-08-02T10:47:21.800Z,deep_scan,20260802011913_1A-4-7-8-17-28C,30,28C,0,7,M164,AB4326,0,2
2026-08-02T10:47:21.800Z,deep_scan,20260802011913_1A-4-7-8-17-28C,30,28C,0,14,M104,AB4355,1,1
2026-08-02T10:47:21.800Z,deep_scan,20260802011913_1A-4-7-8-17-28C,30,28C,0,21,M225,AB5657,0,10
2026-08-02T10:47:21.800Z,deep_scan,20260802011913_1A-4-7-8-17-28C,30,28C,0,24,M88,AB6214,0,34
2026-08-02T10:47:21.800Z,deep_scan,20260802011913_1A-4-7-8-17-28C,30,28C,0,31,M158/1,AB5767,0,26
2026-08-02T10:47:51.766Z,deep_scan,20260802011913_1A-4-7-8-17-28C,30,28C,0,8,M151,AB4326,1,39
2026-08-02T10:47:51.766Z,deep_scan,20260802011913_1A-4-7-8-17-28C,30,28C,0,14,M104,AB4355,1,15
2026-08-02T10:47:51.766Z,deep_scan,20260802011913_1A-4-7-8-17-28C,30,28C,0,21,M225,AB5657,0,23
2026-08-02T10:47:51.766Z,deep_scan,20260802011913_1A-4-7-8-17-28C,30,28C,0,25,M72,AB6214,1,11
2026-08-02T10:47:51.766Z,deep_scan,20260802011913_1A-4-7-8-17-28C,30,28C,0,31,M158/1,AB5767,0,26
2026-08-02T10:48:21.832Z,deep_scan,20260802011913_1A-4-7-8-17-28C,30,28C,0,8,M151,AB4326,1,12
2026-08-02T10:48:21.832Z,deep_scan,20260802011913_1A-4-7-8-17-28C,30,28C,0,14,M104,AB4355,1,15
2026-08-02T10:48:21.832Z,deep_scan,20260802011913_1A-4-7-8-17-28C,30,28C,0,21,M225,AB5657,0,47
2026-08-02T10:48:21.832Z,deep_scan,20260802011913_1A-4-7-8-17-28C,30,28C,0,25,M72,AB6214,0,29
2026-08-02T10:48:21.832Z,deep_scan,20260802011913_1A-4-7-8-17-28C,30,28C,0,32,M161,AB5767,1,12
2026-08-02T10:48:51.832Z,deep_scan,20260802011913_1A-4-7-8-17-28C,30,28C,0,8,M151,AB4326,0,1
2026-08-02T10:48:51.832Z,deep_scan,20260802011913_1A-4-7-8-17-28C,30,28C,0,14,M104,AB4355,0,24
2026-08-02T10:48:51.832Z,deep_scan,20260802011913_1A-4-7-8-17-28C,30,28C,0,22,M16/2,AB5657,1,12
2026-08-02T10:48:51.832Z,deep_scan,20260802011913_1A-4-7-8-17-28C,30,28C,0,26,M149,AB6214,1,17
2026-08-02T10:48:51.832Z,deep_scan,20260802011913_1A-4-7-8-17-28C,30,28C,0,32,M161,AB5767,0,22
2026-08-02T10:49:21.831Z,deep_scan,20260802011913_1A-4-7-8-17-28C,30,28C,0,9,M150,AB4326,1,14
2026-08-02T10:49:21.831Z,deep_scan,20260802011913_1A-4-7-8-17-28C,30,28C,0,15,M43,AB4355,1,10
2026-08-02T10:49:21.831Z,deep_scan,20260802011913_1A-4-7-8-17-28C,30,28C,0,22,M16/2,AB5657,1,11
2026-08-02T10:49:21.831Z,deep_scan,20260802011913_1A-4-7-8-17-28C,30,28C,0,26,M149,AB6214,0,23
2026-08-02T10:49:21.831Z,deep_scan,20260802011913_1A-4-7-8-17-28C,30,28C,0,33,M70,AB5767,1,21
2026-08-02T10:49:51.835Z,deep_scan,20260802011913_1A-4-7-8-17-28C,30,28C,0,9,M150,AB4326,1,6
2026-08-02T10:49:51.835Z,deep_scan,20260802011913_1A-4-7-8-17-28C,30,28C,0,15,M43,AB4355,1,10
2026-08-02T10:49:51.835Z,deep_scan,20260802011913_1A-4-7-8-17-28C,30,28C,0,22,M16/2,AB5657,0,11
2026-08-02T10:49:51.835Z,deep_scan,20260802011913_1A-4-7-8-17-28C,30,28C,0,27,M145/2,AB6214,1,21
2026-08-02T10:49:51.835Z,deep_scan,20260802011913_1A-4-7-8-17-28C,30,28C,0,33,M70,AB5767,0,30
2026-08-02T10:50:21.837Z,deep_scan,20260802011913_1A-4-7-8-17-28C,30,28C,0,9,M150,AB4326,0,14
2026-08-02T10:50:21.837Z,deep_scan,20260802011913_1A-4-7-8-17-28C,30,28C,0,15,M43,AB4355,0,30
2026-08-02T10:50:21.837Z,deep_scan,20260802011913_1A-4-7-8-17-28C,30,28C,0,22,M16/2,AB5657,0,1
2026-08-02T10:50:21.837Z,deep_scan,20260802011913_1A-4-7-8-17-28C,30,28C,0,27,M145/2,AB6214,1,2
2026-08-02T10:50:21.837Z,deep_scan,20260802011913_1A-4-7-8-17-28C,30,28C,0,34,M118,AB5767,1,14
2026-08-02T10:50:51.870Z,deep_scan,20260802011913_1A-4-7-8-17-28C,30,28C,0,9,M150,AB4326,0,4
2026-08-02T10:50:51.870Z,deep_scan,20260802011913_1A-4-7-8-17-28C,30,28C,0,16,M40,AB4355,1,15
2026-08-02T10:50:51.870Z,deep_scan,20260802011913_1A-4-7-8-17-28C,30,28C,0,22,M16/2,AB5657,0,21
2026-08-02T10:50:51.870Z,deep_scan,20260802011913_1A-4-7-8-17-28C,30,28C,0,27,M145/2,AB6214,0,22
2026-08-02T10:50:51.870Z,deep_scan,20260802011913_1A-4-7-8-17-28C,30,28C,0,34,M118,AB5767,1,6
2026-08-02T10:51:21.808Z,deep_scan,20260802011913_1A-4-7-8-17-28C,30,28C,0,10,M148,AB4326,1,14
2026-08-02T10:51:21.808Z,deep_scan,20260802011913_1A-4-7-8-17-28C,30,28C,0,16,M40,AB4355,1,15
2026-08-02T10:51:21.808Z,deep_scan,20260802011913_1A-4-7-8-17-28C,30,28C,0,23,M98,AB5657,1,5
2026-08-02T10:51:21.808Z,deep_scan,20260802011913_1A-4-7-8-17-28C,30,28C,0,28,M165,AB6214,0,16
2026-08-02T10:51:21.808Z,deep_scan,20260802011913_1A-4-7-8-17-28C,30,28C,0,34,M118,AB5767,0,6
2026-08-02T10:51:51.821Z,deep_scan,20260802011913_1A-4-7-8-17-28C,30,28C,0,10,M148,AB4326,1,14
2026-08-02T10:51:51.821Z,deep_scan,20260802011913_1A-4-7-8-17-28C,30,28C,0,16,M40,AB4355,1,13
2026-08-02T10:51:51.821Z,deep_scan,20260802011913_1A-4-7-8-17-28C,30,28C,0,23,M98,AB5657,0,11
2026-08-02T10:51:51.821Z,deep_scan,20260802011913_1A-4-7-8-17-28C,30,28C,0,29,M163,AB6214,1,19
2026-08-02T10:51:51.821Z,deep_scan,20260802011913_1A-4-7-8-17-28C,30,28C,0,34,M118,AB5767,0,9
2026-08-02T10:52:21.894Z,deep_scan,20260802011913_1A-4-7-8-17-28C,30,28C,0,10,M148,AB4326,0,25
2026-08-02T10:52:21.894Z,deep_scan,20260802011913_1A-4-7-8-17-28C,30,28C,0,16,M40,AB4355,0,37
2026-08-02T10:52:21.894Z,deep_scan,20260802011913_1A-4-7-8-17-28C,30,28C,0,24,M88,AB5657,1,22
2026-08-02T10:52:21.894Z,deep_scan,20260802011913_1A-4-7-8-17-28C,30,28C,0,29,M163,AB6214,1,5
2026-08-02T10:52:21.894Z,deep_scan,20260802011913_1A-4-7-8-17-28C,30,28C,0,35,M62/3,AB5767,1,0
2026-08-02T10:52:51.862Z,deep_scan,20260802011913_1A-4-7-8-17-28C,30,28C,0,10,M148,AB4326,0,49
2026-08-02T10:52:51.862Z,deep_scan,20260802011913_1A-4-7-8-17-28C,30,28C,0,17,M28/2,AB4355,1,15
2026-08-02T10:52:51.862Z,deep_scan,20260802011913_1A-4-7-8-17-28C,30,28C,0,24,M88,AB5657,1,2
2026-08-02T10:52:51.862Z,deep_scan,20260802011913_1A-4-7-8-17-28C,30,28C,0,29,M163,AB6214,0,27
2026-08-02T10:52:51.862Z,deep_scan,20260802011913_1A-4-7-8-17-28C,30,28C,0,35,M62/3,AB5767,1,0
2026-08-02T10:53:21.865Z,deep_scan,20260802011913_1A-4-7-8-17-28C,30,28C,0,10,M148,AB4326,0,26
2026-08-02T10:53:21.865Z,deep_scan,20260802011913_1A-4-7-8-17-28C,30,28C,0,17,M28/2,AB4355,1,15
2026-08-02T10:53:21.865Z,deep_scan,20260802011913_1A-4-7-8-17-28C,30,28C,0,24,M88,AB5657,0,21
2026-08-02T10:53:21.865Z,deep_scan,20260802011913_1A-4-7-8-17-28C,30,28C,0,30,M160/2,AB6214,1,2
2026-08-02T10:53:21.865Z,deep_scan,20260802011913_1A-4-7-8-17-28C,30,28C,0,35,M62/3,AB5767,1,0
2026-08-02T10:53:51.959Z,deep_scan,20260802011913_1A-4-7-8-17-28C,30,28C,0,11,M76/1,AB4326,1,24
2026-08-02T10:53:51.959Z,deep_scan,20260802011913_1A-4-7-8-17-28C,30,28C,0,17,M28/2,AB4355,0,12
2026-08-02T10:53:51.959Z,deep_scan,20260802011913_1A-4-7-8-17-28C,30,28C,0,24,M88,AB5657,0,9
2026-08-02T10:53:51.959Z,deep_scan,20260802011913_1A-4-7-8-17-28C,30,28C,0,30,M160/2,AB6214,1,5
2026-08-02T10:53:51.959Z,deep_scan,20260802011913_1A-4-7-8-17-28C,30,28C,0,35,M62/3,AB5767,1,0
2026-08-02T10:54:21.851Z,deep_scan,20260802011913_1A-4-7-8-17-28C,30,28C,0,11,M76/1,AB4326,1,2
2026-08-02T10:54:21.851Z,deep_scan,20260802011913_1A-4-7-8-17-28C,30,28C,0,17,M28/2,AB4355,0,26
2026-08-02T10:54:21.851Z,deep_scan,20260802011913_1A-4-7-8-17-28C,30,28C,0,24,M88,AB5657,0,9
2026-08-02T10:54:21.851Z,deep_scan,20260802011913_1A-4-7-8-17-28C,30,28C,0,30,M160/2,AB6214,1,7
2026-08-02T10:54:21.851Z,deep_scan,20260802011913_1A-4-7-8-17-28C,30,28C,0,35,M62/3,AB5767,1,0
2026-08-02T10:54:51.972Z,deep_scan,20260802011913_1A-4-7-8-17-28C,30,28C,0,11,M76/1,AB4326,0,13
2026-08-02T10:54:51.972Z,deep_scan,20260802011913_1A-4-7-8-17-28C,30,28C,0,18,M227,AB4355,1,3
2026-08-02T10:54:51.972Z,deep_scan,20260802011913_1A-4-7-8-17-28C,30,28C,0,24,M88,AB5657,0,14
2026-08-02T10:54:51.972Z,deep_scan,20260802011913_1A-4-7-8-17-28C,30,28C,0,31,M158/1,AB6214,1,26
2026-08-02T10:54:51.972Z,deep_scan,20260802011913_1A-4-7-8-17-28C,30,28C,0,35,M62/3,AB5767,1,0
2026-08-02T10:55:21.888Z,deep_scan,20260802011913_1A-4-7-8-17-28C,30,28C,0,12,M84/1,AB4326,1,24
2026-08-02T10:55:21.888Z,deep_scan,20260802011913_1A-4-7-8-17-28C,30,28C,0,18,M227,AB4355,1,2
2026-08-02T10:55:21.888Z,deep_scan,20260802011913_1A-4-7-8-17-28C,30,28C,0,24,M88,AB5657,0,10
2026-08-02T10:55:21.888Z,deep_scan,20260802011913_1A-4-7-8-17-28C,30,28C,0,31,M158/1,AB6214,1,22
2026-08-02T10:55:21.888Z,deep_scan,20260802011913_1A-4-7-8-17-28C,30,28C,0,35,M62/3,AB5767,1,0
2026-08-02T10:55:51.934Z,deep_scan,20260802011913_1A-4-7-8-17-28C,30,28C,0,12,M84/1,AB4326,1,5
2026-08-02T10:55:51.934Z,deep_scan,20260802011913_1A-4-7-8-17-28C,30,28C,0,18,M227,AB4355,0,34
2026-08-02T10:55:51.934Z,deep_scan,20260802011913_1A-4-7-8-17-28C,30,28C,0,24,M88,AB5657,0,10
2026-08-02T10:55:51.934Z,deep_scan,20260802011913_1A-4-7-8-17-28C,30,28C,0,31,M158/1,AB6214,1,14
2026-08-02T10:55:51.934Z,deep_scan,20260802011913_1A-4-7-8-17-28C,30,28C,0,35,M62/3,AB5767,1,0
2026-08-02T10:56:21.921Z,deep_scan,20260802011913_1A-4-7-8-17-28C,30,28C,0,12,M84/1,AB4326,1,10
2026-08-02T10:56:21.921Z,deep_scan,20260802011913_1A-4-7-8-17-28C,30,28C,0,18,M227,AB4355,0,14
2026-08-02T10:56:21.921Z,deep_scan,20260802011913_1A-4-7-8-17-28C,30,28C,0,24,M88,AB5657,0,20
2026-08-02T10:56:21.921Z,deep_scan,20260802011913_1A-4-7-8-17-28C,30,28C,0,32,M161,AB6214,1,27
2026-08-02T10:56:21.921Z,deep_scan,20260802011913_1A-4-7-8-17-28C,30,28C,0,35,M62/3,AB5767,1,0
2026-08-02T10:56:51.967Z,deep_scan,20260802011913_1A-4-7-8-17-28C,30,28C,0,12,M84/1,AB4326,1,19
2026-08-02T10:56:51.967Z,deep_scan,20260802011913_1A-4-7-8-17-28C,30,28C,0,19,M244,AB4355,1,20
2026-08-02T10:56:51.967Z,deep_scan,20260802011913_1A-4-7-8-17-28C,30,28C,0,24,M88,AB5657,0,18
2026-08-02T10:56:51.967Z,deep_scan,20260802011913_1A-4-7-8-17-28C,30,28C,0,32,M161,AB6214,1,17
2026-08-02T10:57:21.999Z,deep_scan,20260802011913_1A-4-7-8-17-28C,30,28C,0,12,M84/1,AB4326,0,1
2026-08-02T10:57:21.999Z,deep_scan,20260802011913_1A-4-7-8-17-28C,30,28C,0,19,M244,AB4355,1,7
2026-08-02T10:57:21.999Z,deep_scan,20260802011913_1A-4-7-8-17-28C,30,28C,0,25,M72,AB5657,1,11
2026-08-02T10:57:21.999Z,deep_scan,20260802011913_1A-4-7-8-17-28C,30,28C,0,32,M161,AB6214,1,10
2026-08-02T10:57:52.026Z,deep_scan,20260802011913_1A-4-7-8-17-28C,30,28C,0,12,M84/1,AB4326,0,4
2026-08-02T10:57:52.026Z,deep_scan,20260802011913_1A-4-7-8-17-28C,30,28C,0,19,M244,AB4355,1,4
2026-08-02T10:57:52.026Z,deep_scan,20260802011913_1A-4-7-8-17-28C,30,28C,0,26,M149,AB5657,1,24
2026-08-02T10:57:52.026Z,deep_scan,20260802011913_1A-4-7-8-17-28C,30,28C,0,33,M70,AB6214,1,22
2026-08-02T10:58:21.963Z,deep_scan,20260802011913_1A-4-7-8-17-28C,30,28C,0,12,M84/1,AB4326,0,4
2026-08-02T10:58:21.963Z,deep_scan,20260802011913_1A-4-7-8-17-28C,30,28C,0,19,M244,AB4355,0,11
2026-08-02T10:58:21.963Z,deep_scan,20260802011913_1A-4-7-8-17-28C,30,28C,0,26,M149,AB5657,1,24
2026-08-02T10:58:21.963Z,deep_scan,20260802011913_1A-4-7-8-17-28C,30,28C,0,33,M70,AB6214,1,17
2026-08-02T10:58:52.051Z,deep_scan,20260802011913_1A-4-7-8-17-28C,30,28C,0,13,M92,AB4326,1,28
2026-08-02T10:58:52.051Z,deep_scan,20260802011913_1A-4-7-8-17-28C,30,28C,0,19,M244,AB4355,0,25
2026-08-02T10:58:52.051Z,deep_scan,20260802011913_1A-4-7-8-17-28C,30,28C,0,26,M149,AB5657,0,13
2026-08-02T10:58:52.051Z,deep_scan,20260802011913_1A-4-7-8-17-28C,30,28C,0,34,M118,AB6214,1,27
2026-08-02T10:59:21.947Z,deep_scan,20260802011913_1A-4-7-8-17-28C,30,28C,0,0,M62/3,AB5767,1,10
2026-08-02T10:59:21.947Z,deep_scan,20260802011913_1A-4-7-8-17-28C,30,28C,0,13,M92,AB4326,1,3
2026-08-02T10:59:21.947Z,deep_scan,20260802011913_1A-4-7-8-17-28C,30,28C,0,20,M216,AB4355,1,25
2026-08-02T10:59:21.947Z,deep_scan,20260802011913_1A-4-7-8-17-28C,30,28C,0,27,M145/2,AB5657,1,10
2026-08-02T10:59:21.947Z,deep_scan,20260802011913_1A-4-7-8-17-28C,30,28C,0,34,M118,AB6214,1,29
2026-08-02T10:59:51.968Z,deep_scan,20260802011913_1A-4-7-8-17-28C,30,28C,0,0,M62/3,AB5767,0,28
2026-08-02T10:59:51.968Z,deep_scan,20260802011913_1A-4-7-8-17-28C,30,28C,0,13,M92,AB4326,1,3
2026-08-02T10:59:51.968Z,deep_scan,20260802011913_1A-4-7-8-17-28C,30,28C,0,20,M216,AB4355,0,9
2026-08-02T10:59:51.968Z,deep_scan,20260802011913_1A-4-7-8-17-28C,30,28C,0,27,M145/2,AB5657,1,18
2026-08-02T10:59:51.968Z,deep_scan,20260802011913_1A-4-7-8-17-28C,30,28C,0,34,M118,AB6214,1,19
2026-08-02T11:00:22.057Z,deep_scan,20260802011913_1A-4-7-8-17-28C,30,28C,0,1,M117,AB5767,1,14
2026-08-02T11:00:22.057Z,deep_scan,20260802011913_1A-4-7-8-17-28C,30,28C,0,13,M92,AB4326,0,31
2026-08-02T11:00:22.057Z,deep_scan,20260802011913_1A-4-7-8-17-28C,30,28C,0,20,M216,AB4355,0,15
2026-08-02T11:00:22.057Z,deep_scan,20260802011913_1A-4-7-8-17-28C,30,28C,0,28,M165,AB5657,1,29
2026-08-02T11:00:22.057Z,deep_scan,20260802011913_1A-4-7-8-17-28C,30,28C,0,34,M118,AB6214,0,29
2026-08-02T11:00:52.006Z,deep_scan,20260802011913_1A-4-7-8-17-28C,30,28C,0,1,M117,AB5767,1,14
2026-08-02T11:00:52.006Z,deep_scan,20260802011913_1A-4-7-8-17-28C,30,28C,0,14,M104,AB4326,1,17
2026-08-02T11:00:52.006Z,deep_scan,20260802011913_1A-4-7-8-17-28C,30,28C,0,20,M216,AB4355,0,22
2026-08-02T11:00:52.006Z,deep_scan,20260802011913_1A-4-7-8-17-28C,30,28C,0,28,M165,AB5657,1,3
2026-08-02T11:00:52.006Z,deep_scan,20260802011913_1A-4-7-8-17-28C,30,28C,0,35,M62/3,AB6214,1,0
2026-08-02T11:01:21.976Z,deep_scan,20260802011913_1A-4-7-8-17-28C,30,28C,0,1,M117,AB5767,0,33
2026-08-02T11:01:21.976Z,deep_scan,20260802011913_1A-4-7-8-17-28C,30,28C,0,14,M104,AB4326,1,9
2026-08-02T11:01:21.976Z,deep_scan,20260802011913_1A-4-7-8-17-28C,30,28C,0,20,M216,AB4355,0,25
2026-08-02T11:01:21.976Z,deep_scan,20260802011913_1A-4-7-8-17-28C,30,28C,0,28,M165,AB5657,0,31
2026-08-02T11:01:21.976Z,deep_scan,20260802011913_1A-4-7-8-17-28C,30,28C,0,35,M62/3,AB6214,1,0
2026-08-02T11:01:52.001Z,deep_scan,20260802011913_1A-4-7-8-17-28C,30,28C,0,2,M241,AB5767,1,2
2026-08-02T11:01:52.001Z,deep_scan,20260802011913_1A-4-7-8-17-28C,30,28C,0,14,M104,AB4326,1,18
2026-08-02T11:01:52.001Z,deep_scan,20260802011913_1A-4-7-8-17-28C,30,28C,0,21,M225,AB4355,1,9
2026-08-02T11:01:52.001Z,deep_scan,20260802011913_1A-4-7-8-17-28C,30,28C,0,29,M163,AB5657,1,18
2026-08-02T11:01:52.001Z,deep_scan,20260802011913_1A-4-7-8-17-28C,30,28C,0,35,M62/3,AB6214,1,0
2026-08-02T11:02:22.090Z,deep_scan,20260802011913_1A-4-7-8-17-28C,30,28C,0,2,M241,AB5767,0,35
2026-08-02T11:02:22.090Z,deep_scan,20260802011913_1A-4-7-8-17-28C,30,28C,0,14,M104,AB4326,0,25
2026-08-02T11:02:22.090Z,deep_scan,20260802011913_1A-4-7-8-17-28C,30,28C,0,21,M225,AB4355,1,2
2026-08-02T11:02:22.090Z,deep_scan,20260802011913_1A-4-7-8-17-28C,30,28C,0,29,M163,AB5657,0,26
2026-08-02T11:02:22.090Z,deep_scan,20260802011913_1A-4-7-8-17-28C,30,28C,0,35,M62/3,AB6214,1,0
2026-08-02T11:02:52.074Z,deep_scan,20260802011913_1A-4-7-8-17-28C,30,28C,0,3,M71,AB5767,1,23
2026-08-02T11:02:52.074Z,deep_scan,20260802011913_1A-4-7-8-17-28C,30,28C,0,15,M43,AB4326,1,24
2026-08-02T11:02:52.074Z,deep_scan,20260802011913_1A-4-7-8-17-28C,30,28C,0,21,M225,AB4355,1,2
2026-08-02T11:02:52.074Z,deep_scan,20260802011913_1A-4-7-8-17-28C,30,28C,0,29,M163,AB5657,0,18
2026-08-02T11:02:52.074Z,deep_scan,20260802011913_1A-4-7-8-17-28C,30,28C,0,35,M62/3,AB6214,1,0
2026-08-02T11:03:22.043Z,deep_scan,20260802011913_1A-4-7-8-17-28C,30,28C,0,3,M71,AB5767,0,30
2026-08-02T11:03:22.043Z,deep_scan,20260802011913_1A-4-7-8-17-28C,30,28C,0,15,M43,AB4326,0,2
2026-08-02T11:03:22.043Z,deep_scan,20260802011913_1A-4-7-8-17-28C,30,28C,0,21,M225,AB4355,1,2
2026-08-02T11:03:22.043Z,deep_scan,20260802011913_1A-4-7-8-17-28C,30,28C,0,30,M160/2,AB5657,1,21
2026-08-02T11:03:22.043Z,deep_scan,20260802011913_1A-4-7-8-17-28C,30,28C,0,35,M62/3,AB6214,1,0
2026-08-02T11:03:52.098Z,deep_scan,20260802011913_1A-4-7-8-17-28C,30,28C,0,4,M155,AB5767,1,7
2026-08-02T11:03:52.098Z,deep_scan,20260802011913_1A-4-7-8-17-28C,30,28C,0,16,M40,AB4326,1,27
2026-08-02T11:03:52.098Z,deep_scan,20260802011913_1A-4-7-8-17-28C,30,28C,0,21,M225,AB4355,0,10
2026-08-02T11:03:52.098Z,deep_scan,20260802011913_1A-4-7-8-17-28C,30,28C,0,30,M160/2,AB5657,0,21
2026-08-02T11:03:52.098Z,deep_scan,20260802011913_1A-4-7-8-17-28C,30,28C,0,35,M62/3,AB6214,1,0
2026-08-02T11:04:22.081Z,deep_scan,20260802011913_1A-4-7-8-17-28C,30,28C,0,4,M155,AB5767,1,7
2026-08-02T11:04:22.081Z,deep_scan,20260802011913_1A-4-7-8-17-28C,30,28C,0,16,M40,AB4326,0,11
2026-08-02T11:04:22.081Z,deep_scan,20260802011913_1A-4-7-8-17-28C,30,28C,0,21,M225,AB4355,0,10
2026-08-02T11:04:22.081Z,deep_scan,20260802011913_1A-4-7-8-17-28C,30,28C,0,31,M158/1,AB5657,1,2
2026-08-02T11:04:22.081Z,deep_scan,20260802011913_1A-4-7-8-17-28C,30,28C,0,35,M62/3,AB6214,1,0
2026-08-02T11:04:52.053Z,deep_scan,20260802011913_1A-4-7-8-17-28C,30,28C,0,4,M155,AB5767,0,24
2026-08-02T11:04:52.053Z,deep_scan,20260802011913_1A-4-7-8-17-28C,30,28C,0,16,M40,AB4326,0,11
2026-08-02T11:04:52.053Z,deep_scan,20260802011913_1A-4-7-8-17-28C,30,28C,0,21,M225,AB4355,0,20
2026-08-02T11:04:52.053Z,deep_scan,20260802011913_1A-4-7-8-17-28C,30,28C,0,31,M158/1,AB5657,0,6
2026-08-02T11:05:22.057Z,deep_scan,20260802011913_1A-4-7-8-17-28C,30,28C,0,5,M157,AB5767,1,18
2026-08-02T11:05:22.057Z,deep_scan,20260802011913_1A-4-7-8-17-28C,30,28C,0,16,M40,AB4326,0,11
2026-08-02T11:05:22.057Z,deep_scan,20260802011913_1A-4-7-8-17-28C,30,28C,0,21,M225,AB4355,0,29
2026-08-02T11:05:22.057Z,deep_scan,20260802011913_1A-4-7-8-17-28C,30,28C,0,32,M161,AB5657,1,5
2026-08-02T11:05:52.080Z,deep_scan,20260802011913_1A-4-7-8-17-28C,30,28C,0,5,M157,AB5767,0,34
2026-08-02T11:05:52.080Z,deep_scan,20260802011913_1A-4-7-8-17-28C,30,28C,0,16,M40,AB4326,0,11
2026-08-02T11:05:52.080Z,deep_scan,20260802011913_1A-4-7-8-17-28C,30,28C,0,21,M225,AB4355,0,34
2026-08-02T11:05:52.080Z,deep_scan,20260802011913_1A-4-7-8-17-28C,30,28C,0,32,M161,AB5657,0,5
2026-08-02T11:06:22.144Z,deep_scan,20260802011913_1A-4-7-8-17-28C,30,28C,0,6,M163,AB5767,1,20
2026-08-02T11:06:22.144Z,deep_scan,20260802011913_1A-4-7-8-17-28C,30,28C,0,17,M28/2,AB4326,1,34
2026-08-02T11:06:22.144Z,deep_scan,20260802011913_1A-4-7-8-17-28C,30,28C,0,21,M225,AB4355,0,6
2026-08-02T11:06:22.144Z,deep_scan,20260802011913_1A-4-7-8-17-28C,30,28C,0,32,M161,AB5657,0,3
2026-08-02T11:06:52.096Z,deep_scan,20260802011913_1A-4-7-8-17-28C,30,28C,0,6,M163,AB5767,1,8
2026-08-02T11:06:52.096Z,deep_scan,20260802011913_1A-4-7-8-17-28C,30,28C,0,17,M28/2,AB4326,1,7
2026-08-02T11:06:52.096Z,deep_scan,20260802011913_1A-4-7-8-17-28C,30,28C,0,22,M16/2,AB4355,1,25
2026-08-02T11:06:52.096Z,deep_scan,20260802011913_1A-4-7-8-17-28C,30,28C,0,32,M161,AB5657,0,3
2026-08-02T11:07:22.093Z,deep_scan,20260802011913_1A-4-7-8-17-28C,30,28C,0,7,M164,AB5767,1,10
2026-08-02T11:07:22.093Z,deep_scan,20260802011913_1A-4-7-8-17-28C,30,28C,0,17,M28/2,AB4326,0,8
2026-08-02T11:07:22.093Z,deep_scan,20260802011913_1A-4-7-8-17-28C,30,28C,0,22,M16/2,AB4355,1,1
2026-08-02T11:07:22.093Z,deep_scan,20260802011913_1A-4-7-8-17-28C,30,28C,0,33,M70,AB5657,1,17
2026-08-02T11:07:52.138Z,deep_scan,20260802011913_1A-4-7-8-17-28C,30,28C,0,7,M164,AB5767,0,24
2026-08-02T11:07:52.138Z,deep_scan,20260802011913_1A-4-7-8-17-28C,30,28C,0,17,M28/2,AB4326,0,8
2026-08-02T11:07:52.138Z,deep_scan,20260802011913_1A-4-7-8-17-28C,30,28C,0,22,M16/2,AB4355,1,4
2026-08-02T11:07:52.138Z,deep_scan,20260802011913_1A-4-7-8-17-28C,30,28C,0,33,M70,AB5657,1,19
2026-08-02T11:08:22.132Z,deep_scan,20260802011913_1A-4-7-8-17-28C,30,28C,0,0,M62/3,AB5457,1,3
2026-08-02T11:08:22.132Z,deep_scan,20260802011913_1A-4-7-8-17-28C,30,28C,0,8,M151,AB5767,1,11
2026-08-02T11:08:22.132Z,deep_scan,20260802011913_1A-4-7-8-17-28C,30,28C,0,17,M28/2,AB4326,0,9
2026-08-02T11:08:22.132Z,deep_scan,20260802011913_1A-4-7-8-17-28C,30,28C,0,22,M16/2,AB4355,1,4
2026-08-02T11:08:22.132Z,deep_scan,20260802011913_1A-4-7-8-17-28C,30,28C,0,34,M118,AB5657,1,35
2026-08-02T11:08:52.103Z,deep_scan,20260802011913_1A-4-7-8-17-28C,30,28C,0,0,M62/3,AB5457,0,20
2026-08-02T11:08:52.103Z,deep_scan,20260802011913_1A-4-7-8-17-28C,30,28C,0,8,M151,AB5767,0,6
2026-08-02T11:08:52.103Z,deep_scan,20260802011913_1A-4-7-8-17-28C,30,28C,0,18,M227,AB4326,1,29
2026-08-02T11:08:52.103Z,deep_scan,20260802011913_1A-4-7-8-17-28C,30,28C,0,22,M16/2,AB4355,0,25
2026-08-02T11:08:52.103Z,deep_scan,20260802011913_1A-4-7-8-17-28C,30,28C,0,34,M118,AB5657,0,9
2026-08-02T11:09:22.124Z,deep_scan,20260802011913_1A-4-7-8-17-28C,30,28C,0,0,M62/3,AB5457,0,26
2026-08-02T11:09:22.124Z,deep_scan,20260802011913_1A-4-7-8-17-28C,30,28C,0,9,M150,AB5767,1,24
2026-08-02T11:09:22.124Z,deep_scan,20260802011913_1A-4-7-8-17-28C,30,28C,0,18,M227,AB4326,1,5
2026-08-02T11:09:22.124Z,deep_scan,20260802011913_1A-4-7-8-17-28C,30,28C,0,23,M98,AB4355,1,16
2026-08-02T11:09:22.124Z,deep_scan,20260802011913_1A-4-7-8-17-28C,30,28C,0,35,M62/3,AB5657,1,0
2026-08-02T11:09:52.175Z,deep_scan,20260802011913_1A-4-7-8-17-28C,30,28C,0,1,M117,AB5457,1,19
2026-08-02T11:09:52.175Z,deep_scan,20260802011913_1A-4-7-8-17-28C,30,28C,0,9,M150,AB5767,1,1
2026-08-02T11:09:52.175Z,deep_scan,20260802011913_1A-4-7-8-17-28C,30,28C,0,18,M227,AB4326,0,24
2026-08-02T11:09:52.175Z,deep_scan,20260802011913_1A-4-7-8-17-28C,30,28C,0,23,M98,AB4355,1,16
2026-08-02T11:09:52.175Z,deep_scan,20260802011913_1A-4-7-8-17-28C,30,28C,0,35,M62/3,AB5657,1,0
2026-08-02T11:10:22.167Z,deep_scan,20260802011913_1A-4-7-8-17-28C,30,28C,0,1,M117,AB5457,0,25
2026-08-02T11:10:22.167Z,deep_scan,20260802011913_1A-4-7-8-17-28C,30,28C,0,9,M150,AB5767,0,12
2026-08-02T11:10:22.167Z,deep_scan,20260802011913_1A-4-7-8-17-28C,30,28C,0,19,M244,AB4326,1,23
2026-08-02T11:10:22.167Z,deep_scan,20260802011913_1A-4-7-8-17-28C,30,28C,0,23,M98,AB4355,1,14
2026-08-02T11:10:22.167Z,deep_scan,20260802011913_1A-4-7-8-17-28C,30,28C,0,35,M62/3,AB5657,1,0
2026-08-02T11:10:52.142Z,deep_scan,20260802011913_1A-4-7-8-17-28C,30,28C,0,2,M241,AB5457,1,21
2026-08-02T11:10:52.142Z,deep_scan,20260802011913_1A-4-7-8-17-28C,30,28C,0,10,M148,AB5767,1,20
2026-08-02T11:10:52.142Z,deep_scan,20260802011913_1A-4-7-8-17-28C,30,28C,0,19,M244,AB4326,1,6
2026-08-02T11:10:52.142Z,deep_scan,20260802011913_1A-4-7-8-17-28C,30,28C,0,23,M98,AB4355,1,19
2026-08-02T11:10:52.142Z,deep_scan,20260802011913_1A-4-7-8-17-28C,30,28C,0,35,M62/3,AB5657,1,0
2026-08-02T11:11:22.138Z,deep_scan,20260802011913_1A-4-7-8-17-28C,30,28C,0,3,M71,AB5457,1,24
2026-08-02T11:11:22.138Z,deep_scan,20260802011913_1A-4-7-8-17-28C,30,28C,0,10,M148,AB5767,0,5
2026-08-02T11:11:22.138Z,deep_scan,20260802011913_1A-4-7-8-17-28C,30,28C,0,19,M244,AB4326,1,6
2026-08-02T11:11:22.138Z,deep_scan,20260802011913_1A-4-7-8-17-28C,30,28C,0,23,M98,AB4355,1,3
2026-08-02T11:11:22.138Z,deep_scan,20260802011913_1A-4-7-8-17-28C,30,28C,0,35,M62/3,AB5657,1,0
2026-08-02T11:11:52.212Z,deep_scan,20260802011913_1A-4-7-8-17-28C,30,28C,0,4,M155,AB5457,1,28
2026-08-02T11:11:52.212Z,deep_scan,20260802011913_1A-4-7-8-17-28C,30,28C,0,10,M148,AB5767,0,20
2026-08-02T11:11:52.212Z,deep_scan,20260802011913_1A-4-7-8-17-28C,30,28C,0,19,M244,AB4326,0,24
2026-08-02T11:11:52.212Z,deep_scan,20260802011913_1A-4-7-8-17-28C,30,28C,0,23,M98,AB4355,0,5
2026-08-02T11:11:52.212Z,deep_scan,20260802011913_1A-4-7-8-17-28C,30,28C,0,35,M62/3,AB5657,1,0
2026-08-02T11:12:22.174Z,deep_scan,20260802011913_1A-4-7-8-17-28C,30,28C,0,4,M155,AB5457,1,13
2026-08-02T11:12:22.174Z,deep_scan,20260802011913_1A-4-7-8-17-28C,30,28C,0,10,M148,AB5767,0,27
2026-08-02T11:12:22.174Z,deep_scan,20260802011913_1A-4-7-8-17-28C,30,28C,0,19,M244,AB4326,0,25
2026-08-02T11:12:22.174Z,deep_scan,20260802011913_1A-4-7-8-17-28C,30,28C,0,23,M98,AB4355,0,14
2026-08-02T11:12:22.174Z,deep_scan,20260802011913_1A-4-7-8-17-28C,30,28C,0,35,M62/3,AB5657,1,0
2026-08-02T11:12:52.188Z,deep_scan,20260802011913_1A-4-7-8-17-28C,30,28C,0,4,M155,AB5457,0,2
2026-08-02T11:12:52.188Z,deep_scan,20260802011913_1A-4-7-8-17-28C,30,28C,0,10,M148,AB5767,0,28
2026-08-02T11:12:52.188Z,deep_scan,20260802011913_1A-4-7-8-17-28C,30,28C,0,20,M216,AB4326,1,7
2026-08-02T11:12:52.188Z,deep_scan,20260802011913_1A-4-7-8-17-28C,30,28C,0,24,M88,AB4355,1,17
2026-08-02T11:12:52.188Z,deep_scan,20260802011913_1A-4-7-8-17-28C,30,28C,0,35,M62/3,AB5657,1,0
2026-08-02T11:13:22.156Z,deep_scan,20260802011913_1A-4-7-8-17-28C,30,28C,0,5,M157,AB5457,1,43
2026-08-02T11:13:22.156Z,deep_scan,20260802011913_1A-4-7-8-17-28C,30,28C,0,10,M148,AB5767,0,20
2026-08-02T11:13:22.156Z,deep_scan,20260802011913_1A-4-7-8-17-28C,30,28C,0,20,M216,AB4326,1,7
2026-08-02T11:13:22.156Z,deep_scan,20260802011913_1A-4-7-8-17-28C,30,28C,0,24,M88,AB4355,1,10
2026-08-02T11:13:22.156Z,deep_scan,20260802011913_1A-4-7-8-17-28C,30,28C,0,35,M62/3,AB5657,1,0
2026-08-02T11:13:52.185Z,deep_scan,20260802011913_1A-4-7-8-17-28C,30,28C,0,5,M157,AB5457,1,11
2026-08-02T11:13:52.185Z,deep_scan,20260802011913_1A-4-7-8-17-28C,30,28C,0,11,M76/1,AB5767,1,28
2026-08-02T11:13:52.185Z,deep_scan,20260802011913_1A-4-7-8-17-28C,30,28C,0,20,M216,AB4326,1,7
2026-08-02T11:13:52.185Z,deep_scan,20260802011913_1A-4-7-8-17-28C,30,28C,0,24,M88,AB4355,1,10
2026-08-02T11:14:22.227Z,deep_scan,20260802011913_1A-4-7-8-17-28C,30,28C,0,6,M163,AB5457,1,19
2026-08-02T11:14:22.227Z,deep_scan,20260802011913_1A-4-7-8-17-28C,30,28C,0,11,M76/1,AB5767,0,15
2026-08-02T11:14:22.227Z,deep_scan,20260802011913_1A-4-7-8-17-28C,30,28C,0,20,M216,AB4326,0,3
2026-08-02T11:14:22.227Z,deep_scan,20260802011913_1A-4-7-8-17-28C,30,28C,0,24,M88,AB4355,1,10
2026-08-02T11:14:52.194Z,deep_scan,20260802011913_1A-4-7-8-17-28C,30,28C,0,6,M163,AB5457,1,11
2026-08-02T11:14:52.194Z,deep_scan,20260802011913_1A-4-7-8-17-28C,30,28C,0,11,M76/1,AB5767,0,4
2026-08-02T11:14:52.194Z,deep_scan,20260802011913_1A-4-7-8-17-28C,30,28C,0,20,M216,AB4326,0,11
2026-08-02T11:14:52.194Z,deep_scan,20260802011913_1A-4-7-8-17-28C,30,28C,0,24,M88,AB4355,0,41
2026-08-02T11:15:22.226Z,deep_scan,20260802011913_1A-4-7-8-17-28C,30,28C,0,6,M163,AB5457,0,8
2026-08-02T11:15:22.226Z,deep_scan,20260802011913_1A-4-7-8-17-28C,30,28C,0,11,M76/1,AB5767,0,4
2026-08-02T11:15:22.226Z,deep_scan,20260802011913_1A-4-7-8-17-28C,30,28C,0,20,M216,AB4326,0,4
2026-08-02T11:15:22.226Z,deep_scan,20260802011913_1A-4-7-8-17-28C,30,28C,0,24,M88,AB4355,0,18
2026-08-02T11:15:52.185Z,deep_scan,20260802011913_1A-4-7-8-17-28C,30,28C,0,7,M164,AB5457,1,9
2026-08-02T11:15:52.185Z,deep_scan,20260802011913_1A-4-7-8-17-28C,30,28C,0,12,M84/1,AB5767,0,4
2026-08-02T11:15:52.185Z,deep_scan,20260802011913_1A-4-7-8-17-28C,30,28C,0,20,M216,AB4326,0,10
2026-08-02T11:15:52.185Z,deep_scan,20260802011913_1A-4-7-8-17-28C,30,28C,0,25,M72,AB4355,1,15
2026-08-02T11:16:22.244Z,deep_scan,20260802011913_1A-4-7-8-17-28C,30,28C,0,7,M164,AB5457,0,19
2026-08-02T11:16:22.244Z,deep_scan,20260802011913_1A-4-7-8-17-28C,30,28C,0,12,M84/1,AB5767,0,4
2026-08-02T11:16:22.244Z,deep_scan,20260802011913_1A-4-7-8-17-28C,30,28C,0,20,M216,AB4326,0,10
2026-08-02T11:16:22.244Z,deep_scan,20260802011913_1A-4-7-8-17-28C,30,28C,0,26,M149,AB4355,1,29
2026-08-02T11:16:52.219Z,deep_scan,20260802011913_1A-4-7-8-17-28C,30,28C,0,8,M151,AB5457,1,20
2026-08-02T11:16:52.219Z,deep_scan,20260802011913_1A-4-7-8-17-28C,30,28C,0,12,M84/1,AB5767,0,24
2026-08-02T11:16:52.219Z,deep_scan,20260802011913_1A-4-7-8-17-28C,30,28C,0,20,M216,AB4326,0,10
2026-08-02T11:16:52.219Z,deep_scan,20260802011913_1A-4-7-8-17-28C,30,28C,0,26,M149,AB4355,0,27
2026-08-02T11:17:22.191Z,deep_scan,20260802011913_1A-4-7-8-17-28C,30,28C,0,8,M151,AB5457,1,1
2026-08-02T11:17:22.191Z,deep_scan,20260802011913_1A-4-7-8-17-28C,30,28C,0,13,M92,AB5767,1,6
2026-08-02T11:17:22.191Z,deep_scan,20260802011913_1A-4-7-8-17-28C,30,28C,0,20,M216,AB4326,0,26
2026-08-02T11:17:22.191Z,deep_scan,20260802011913_1A-4-7-8-17-28C,30,28C,0,26,M149,AB4355,0,2
2026-08-02T11:17:52.215Z,deep_scan,20260802011913_1A-4-7-8-17-28C,30,28C,0,8,M151,AB5457,0,27
2026-08-02T11:17:52.215Z,deep_scan,20260802011913_1A-4-7-8-17-28C,30,28C,0,13,M92,AB5767,0,10
2026-08-02T11:17:52.215Z,deep_scan,20260802011913_1A-4-7-8-17-28C,30,28C,0,20,M216,AB4326,0,24
2026-08-02T11:17:52.215Z,deep_scan,20260802011913_1A-4-7-8-17-28C,30,28C,0,27,M145/2,AB4355,1,24
2026-08-02T11:18:22.255Z,deep_scan,20260802011913_1A-4-7-8-17-28C,30,28C,0,9,M150,AB5457,1,9
2026-08-02T11:18:22.255Z,deep_scan,20260802011913_1A-4-7-8-17-28C,30,28C,0,13,M92,AB5767,0,31
2026-08-02T11:18:22.255Z,deep_scan,20260802011913_1A-4-7-8-17-28C,30,28C,0,20,M216,AB4326,0,3
2026-08-02T11:18:22.255Z,deep_scan,20260802011913_1A-4-7-8-17-28C,30,28C,0,27,M145/2,AB4355,1,8
2026-08-02T11:18:52.203Z,deep_scan,20260802011913_1A-4-7-8-17-28C,30,28C,0,9,M150,AB5457,1,11
2026-08-02T11:18:52.203Z,deep_scan,20260802011913_1A-4-7-8-17-28C,30,28C,0,13,M92,AB5767,0,20
2026-08-02T11:18:52.203Z,deep_scan,20260802011913_1A-4-7-8-17-28C,30,28C,0,20,M216,AB4326,0,12
2026-08-02T11:18:52.203Z,deep_scan,20260802011913_1A-4-7-8-17-28C,30,28C,0,27,M145/2,AB4355,0,21
2026-08-02T11:19:22.258Z,deep_scan,20260802011913_1A-4-7-8-17-28C,30,28C,0,9,M150,AB5457,0,10
2026-08-02T11:19:22.258Z,deep_scan,20260802011913_1A-4-7-8-17-28C,30,28C,0,14,M104,AB5767,1,1
2026-08-02T11:19:22.258Z,deep_scan,20260802011913_1A-4-7-8-17-28C,30,28C,0,21,M225,AB4326,1,2
2026-08-02T11:19:22.258Z,deep_scan,20260802011913_1A-4-7-8-17-28C,30,28C,0,28,M165,AB4355,0,24
2026-08-02T11:19:52.267Z,deep_scan,20260802011913_1A-4-7-8-17-28C,30,28C,0,10,M148,AB5457,1,18
2026-08-02T11:19:52.267Z,deep_scan,20260802011913_1A-4-7-8-17-28C,30,28C,0,14,M104,AB5767,1,13
2026-08-02T11:19:52.267Z,deep_scan,20260802011913_1A-4-7-8-17-28C,30,28C,0,21,M225,AB4326,1,2
2026-08-02T11:19:52.267Z,deep_scan,20260802011913_1A-4-7-8-17-28C,30,28C,0,28,M165,AB4355,0,30
2026-08-02T11:20:22.247Z,deep_scan,20260802011913_1A-4-7-8-17-28C,30,28C,0,10,M148,AB5457,1,18
2026-08-02T11:20:22.247Z,deep_scan,20260802011913_1A-4-7-8-17-28C,30,28C,0,14,M104,AB5767,0,7
2026-08-02T11:20:22.247Z,deep_scan,20260802011913_1A-4-7-8-17-28C,30,28C,0,21,M225,AB4326,1,8
2026-08-02T11:20:22.247Z,deep_scan,20260802011913_1A-4-7-8-17-28C,30,28C,0,29,M163,AB4355,1,5
2026-08-02T11:20:52.257Z,deep_scan,20260802011913_1A-4-7-8-17-28C,30,28C,0,10,M148,AB5457,1,3
2026-08-02T11:20:52.257Z,deep_scan,20260802011913_1A-4-7-8-17-28C,30,28C,0,14,M104,AB5767,0,19
2026-08-02T11:20:52.257Z,deep_scan,20260802011913_1A-4-7-8-17-28C,30,28C,0,21,M225,AB4326,0,19
2026-08-02T11:20:52.257Z,deep_scan,20260802011913_1A-4-7-8-17-28C,30,28C,0,29,M163,AB4355,0,16
2026-08-02T11:21:22.290Z,deep_scan,20260802011913_1A-4-7-8-17-28C,30,28C,0,10,M148,AB5457,0,19
2026-08-02T11:21:22.290Z,deep_scan,20260802011913_1A-4-7-8-17-28C,30,28C,0,15,M43,AB5767,1,4
2026-08-02T11:21:22.290Z,deep_scan,20260802011913_1A-4-7-8-17-28C,30,28C,0,21,M225,AB4326,0,35
2026-08-02T11:21:22.290Z,deep_scan,20260802011913_1A-4-7-8-17-28C,30,28C,0,30,M160/2,AB4355,1,23
2026-08-02T11:21:52.301Z,deep_scan,20260802011913_1A-4-7-8-17-28C,30,28C,0,10,M148,AB5457,0,37
2026-08-02T11:21:52.301Z,deep_scan,20260802011913_1A-4-7-8-17-28C,30,28C,0,15,M43,AB5767,0,30
2026-08-02T11:21:52.301Z,deep_scan,20260802011913_1A-4-7-8-17-28C,30,28C,0,21,M225,AB4326,0,16
2026-08-02T11:21:52.301Z,deep_scan,20260802011913_1A-4-7-8-17-28C,30,28C,0,30,M160/2,AB4355,1,6
2026-08-02T11:22:22.295Z,deep_scan,20260802011913_1A-4-7-8-17-28C,30,28C,0,10,M148,AB5457,0,21
2026-08-02T11:22:22.295Z,deep_scan,20260802011913_1A-4-7-8-17-28C,30,28C,0,16,M40,AB5767,0,9
2026-08-02T11:22:22.295Z,deep_scan,20260802011913_1A-4-7-8-17-28C,30,28C,0,21,M225,AB4326,0,42
2026-08-02T11:22:22.295Z,deep_scan,20260802011913_1A-4-7-8-17-28C,30,28C,0,31,M158/1,AB4355,1,26
2026-08-02T11:22:52.312Z,deep_scan,20260802011913_1A-4-7-8-17-28C,30,28C,0,0,M62/3,AB5657,1,1
2026-08-02T11:22:52.312Z,deep_scan,20260802011913_1A-4-7-8-17-28C,30,28C,0,11,M76/1,AB5457,1,29
2026-08-02T11:22:52.312Z,deep_scan,20260802011913_1A-4-7-8-17-28C,30,28C,0,17,M28/2,AB5767,1,24
2026-08-02T11:22:52.312Z,deep_scan,20260802011913_1A-4-7-8-17-28C,30,28C,0,21,M225,AB4326,0,11
2026-08-02T11:22:52.312Z,deep_scan,20260802011913_1A-4-7-8-17-28C,30,28C,0,31,M158/1,AB4355,1,5
2026-08-02T11:23:22.363Z,deep_scan,20260802011913_1A-4-7-8-17-28C,30,28C,0,0,M62/3,AB5657,1,15
2026-08-02T11:23:22.363Z,deep_scan,20260802011913_1A-4-7-8-17-28C,30,28C,0,11,M76/1,AB5457,0,1
2026-08-02T11:23:22.363Z,deep_scan,20260802011913_1A-4-7-8-17-28C,30,28C,0,17,M28/2,AB5767,0,22
2026-08-02T11:23:22.363Z,deep_scan,20260802011913_1A-4-7-8-17-28C,30,28C,0,22,M16/2,AB4326,1,2
2026-08-02T11:23:22.363Z,deep_scan,20260802011913_1A-4-7-8-17-28C,30,28C,0,31,M158/1,AB4355,0,19
2026-08-02T11:23:52.295Z,deep_scan,20260802011913_1A-4-7-8-17-28C,30,28C,0,0,M62/3,AB5657,0,17
2026-08-02T11:23:52.295Z,deep_scan,20260802011913_1A-4-7-8-17-28C,30,28C,0,12,M84/1,AB5457,1,5
2026-08-02T11:23:52.295Z,deep_scan,20260802011913_1A-4-7-8-17-28C,30,28C,0,17,M28/2,AB5767,0,3
2026-08-02T11:23:52.295Z,deep_scan,20260802011913_1A-4-7-8-17-28C,30,28C,0,22,M16/2,AB4326,1,9
2026-08-02T11:23:52.295Z,deep_scan,20260802011913_1A-4-7-8-17-28C,30,28C,0,32,M161,AB4355,1,24
